/*******************************************************************************
 * Size: 72 px
 * Bpp: 4
 * Opts: --font C:\Users\Administrator\Downloads\AIWatch\assets\fonts\noto-sans-sc-v40-chinese-simplified-700.ttf --format lvgl --lv-include lvgl.h --bpp 4 --size 72 --range 0x25,0x2B,0x2D,0x2E,0x30-0x3A,0x43,0xB0,0x2014,0x2018-0x2019,0x201C-0x201D,0x3001,0x3002,0xFF01-0xFF5E --symbols 0123456789:月周日 -o C:\Users\Administrator\Downloads\AIWatch\assets\fonts\lvgl\font_time_display_72.c
 ******************************************************************************/

#ifdef LV_LVGL_H_INCLUDE_SIMPLE
#include "lvgl.h"
#else
#include "lvgl.h"
#endif

#ifndef FONT_TIME_DISPLAY_72
#define FONT_TIME_DISPLAY_72 1
#endif

#if FONT_TIME_DISPLAY_72

/*-----------------
 *    BITMAPS
 *----------------*/

/*Store the image of the glyphs*/
static LV_ATTRIBUTE_LARGE_CONST const uint8_t glyph_bitmap[] = {
    /* U+0025 "%" */
    0x0, 0xfe, 0x59, 0xce, 0xe6, 0xdc, 0x18, 0x7,
    0xff, 0x34, 0xfb, 0xff, 0x70, 0x80, 0x7f, 0xf2,
    0x9f, 0xa9, 0x8c, 0x44, 0x48, 0xf9, 0x84, 0x0,
    0xff, 0xe5, 0xc0, 0x80, 0x66, 0x10, 0xf, 0xfe,
    0x41, 0x6c, 0x8, 0x7, 0xf1, 0xdc, 0x80, 0x7f,
    0xf2, 0x51, 0x0, 0x18, 0x60, 0x3, 0xff, 0x90,
    0x7a, 0x40, 0x1f, 0xfc, 0x16, 0xb0, 0xf, 0xfe,
    0x44, 0x0, 0x74, 0x80, 0x7f, 0xf2, 0xb, 0x40,
    0x3f, 0xf8, 0x89, 0x40, 0x1f, 0xfc, 0x65, 0x30,
    0xc, 0x2e, 0x1, 0xff, 0xc8, 0xe1, 0x0, 0xff,
    0xe2, 0xaa, 0x80, 0x3f, 0xf8, 0xb0, 0x1, 0xd0,
    0x1, 0xff, 0xc8, 0x63, 0x0, 0xfa, 0x3b, 0xf1,
    0x0, 0x3e, 0xb0, 0xf, 0xfe, 0x23, 0x10, 0x6,
    0x26, 0x0, 0xff, 0xe4, 0x58, 0x7, 0xd8, 0xe2,
    0x7, 0x6c, 0x1, 0xe1, 0x70, 0xf, 0xfe, 0x1c,
    0x0, 0x74, 0x0, 0x7f, 0xf2, 0x10, 0x80, 0x3d,
    0x46, 0x1, 0xd2, 0x40, 0x1e, 0x90, 0xf, 0xfe,
    0x13, 0x88, 0x6, 0x25, 0x0, 0xff, 0xe4, 0x70,
    0x7, 0x89, 0x40, 0x3e, 0x80, 0xf, 0xa, 0x0,
    0x7f, 0xf0, 0x64, 0x3, 0xa4, 0x3, 0xff, 0x92,
    0xa0, 0x1e, 0xa0, 0xf, 0xca, 0x1, 0xf6, 0x0,
    0x7f, 0xf0, 0x20, 0x40, 0x31, 0xa0, 0x7, 0xff,
    0x20, 0x80, 0x3e, 0x40, 0xf, 0xe4, 0x0, 0xf2,
    0x0, 0x7f, 0xc2, 0xe0, 0x1d, 0xe0, 0x1f, 0xfc,
    0x97, 0x0, 0xf8, 0xc0, 0x3f, 0x8c, 0x3, 0xc6,
    0x1, 0xff, 0x48, 0x7, 0x21, 0x80, 0x7f, 0xf2,
    0x48, 0x3, 0xc2, 0x1, 0xfe, 0xe0, 0xf, 0x84,
    0x3, 0xf8, 0x5c, 0x3, 0xa0, 0x3, 0xff, 0x95,
    0xc0, 0x1e, 0x20, 0xf, 0xf1, 0x0, 0x7c, 0x40,
    0x1f, 0xd0, 0x1, 0xca, 0x60, 0x1f, 0xfc, 0xa3,
    0x0, 0xff, 0xe2, 0xb8, 0x7, 0xff, 0x10, 0x98,
    0x3, 0xa0, 0x3, 0xff, 0x96, 0x20, 0x1e, 0x70,
    0xf, 0xfe, 0x33, 0x80, 0x7e, 0x80, 0xe, 0x62,
    0x0, 0xff, 0xe5, 0x88, 0x7, 0xff, 0x54, 0xd4,
    0x3, 0xa0, 0x3, 0xff, 0xa6, 0xe0, 0x1f, 0xfc,
    0x67, 0x0, 0xfa, 0x0, 0x39, 0xc4, 0x3, 0xff,
    0x98, 0x60, 0x1e, 0x10, 0xf, 0xf3, 0x80, 0x7c,
    0x20, 0x1e, 0x44, 0x0, 0x74, 0x80, 0x7f, 0xf3,
    0x78, 0x3, 0xc6, 0x1, 0xfe, 0x20, 0xf, 0x88,
    0x3, 0xd0, 0x1, 0xd0, 0x20, 0x1f, 0xfc, 0xd2,
    0x0, 0xf0, 0x80, 0x7f, 0xb8, 0x3, 0xc2, 0x1,
    0xe5, 0x30, 0xc, 0x2e, 0x1, 0xf1, 0x3d, 0xf7,
    0xfb, 0xae, 0x8, 0x3, 0xf9, 0xc0, 0x3e, 0x40,
    0xf, 0xe3, 0x0, 0xf2, 0x80, 0x7a, 0x0, 0x3a,
    0x40, 0x3c, 0x55, 0xb0, 0x82, 0x0, 0x14, 0x7d,
    0xb2, 0x0, 0xf8, 0x84, 0x3, 0xd8, 0x1, 0xfc,
    0x80, 0x1e, 0xc0, 0xe, 0x52, 0x0, 0xc2, 0xe0,
    0x1c, 0xba, 0xa0, 0x1f, 0xe4, 0xd5, 0x0, 0xf9,
    0xc0, 0x3c, 0xc0, 0x1f, 0x98, 0x3, 0xe4, 0x0,
    0xe8, 0x0, 0xe8, 0x0, 0xe6, 0xa0, 0xf, 0xfe,
    0x15, 0x38, 0x7, 0xb4, 0x3, 0xc2, 0xc0, 0x1f,
    0x58, 0x7, 0x88, 0xc0, 0x33, 0x10, 0x6, 0x26,
    0x0, 0xc9, 0x20, 0x1f, 0xfc, 0x48, 0x50, 0xe,
    0x42, 0x0, 0xf4, 0x98, 0x7, 0x51, 0x0, 0x7a,
    0xc0, 0x3a, 0x0, 0x3a, 0x0, 0x30, 0xd0, 0x7,
    0xff, 0x1a, 0x88, 0x3, 0xa0, 0x3, 0xec, 0x71,
    0x3, 0xb5, 0x0, 0xf0, 0xb0, 0x6, 0x71, 0x0,
    0xc6, 0xa0, 0x1a, 0x4, 0x3, 0xc5, 0x5d, 0xf6,
    0x40, 0x1f, 0x40, 0x7, 0x2a, 0x0, 0x7d, 0x1d,
    0xf8, 0x80, 0x1f, 0x50, 0x6, 0x18, 0x0, 0xe8,
    0x0, 0xc4, 0xc0, 0x1e, 0x2c, 0x51, 0x4, 0xd3,
    0x0, 0xf2, 0x98, 0x7, 0x50, 0x80, 0x7f, 0xf1,
    0x59, 0x0, 0x34, 0x80, 0x71, 0xa0, 0x6, 0xa0,
    0xf, 0xbc, 0x40, 0x3b, 0x40, 0x3e, 0xa0, 0xe,
    0x1c, 0x10, 0xf, 0xfe, 0x1a, 0xc8, 0x6, 0x17,
    0x0, 0xef, 0x0, 0xe6, 0x0, 0xf3, 0x10, 0x7,
    0x85, 0xc0, 0x3c, 0xc0, 0x1e, 0x2c, 0x20, 0xf,
    0xfe, 0xb, 0xd0, 0x7, 0x40, 0x7, 0x21, 0x80,
    0x63, 0x10, 0xf, 0x68, 0x7, 0xeb, 0x0, 0xf9,
    0x0, 0x3c, 0x5b, 0x2, 0x1, 0xfc, 0x79, 0x0,
    0x1c, 0x4c, 0x1, 0xd2, 0x1, 0xca, 0x1, 0xf2,
    0x0, 0x7e, 0x31, 0x0, 0xf6, 0x0, 0x7e, 0x7e,
    0xa6, 0x32, 0x12, 0x47, 0xcc, 0x18, 0x7, 0xa0,
    0x3, 0x94, 0x80, 0x3b, 0xc0, 0x3c, 0x40, 0x1f,
    0xe2, 0x0, 0xf1, 0x0, 0x7f, 0x96, 0x73, 0x7b,
    0x6e, 0xc, 0x3, 0xe3, 0x50, 0xe, 0x80, 0xf,
    0x10, 0x7, 0x98, 0x3, 0xfc, 0xc0, 0x1e, 0x70,
    0xf, 0xfe, 0x74, 0x0, 0x73, 0x10, 0x7, 0x98,
    0x3, 0xc4, 0x1, 0xfe, 0x20, 0xf, 0x18, 0x7,
    0xff, 0x34, 0xd0, 0x3, 0xa0, 0x3, 0xe3, 0x0,
    0xff, 0xe6, 0x8, 0x7, 0xff, 0x37, 0xc0, 0x39,
    0xc4, 0x3, 0xff, 0x84, 0x20, 0x1f, 0xef, 0x0,
    0xff, 0xe9, 0xa1, 0x80, 0x74, 0x80, 0x7f, 0xfb,
    0xa4, 0x3, 0xa0, 0x40, 0x3f, 0xf8, 0x62, 0x1,
    0xfe, 0xf0, 0xf, 0xfe, 0x92, 0x90, 0x6, 0x17,
    0x0, 0xfe, 0x30, 0xf, 0x18, 0x7, 0xff, 0x14,
    0x40, 0x3f, 0xf9, 0x70, 0x1, 0xd0, 0x1, 0xfe,
    0x60, 0xf, 0x8, 0x7, 0xf8, 0x80, 0x3c, 0x40,
    0x1f, 0xfc, 0xa6, 0x20, 0xc, 0x2c, 0x1, 0xfe,
    0x20, 0xf, 0x30, 0x7, 0xf9, 0x80, 0x3c, 0xc0,
    0x1f, 0xfc, 0xa8, 0x0, 0xe8, 0x0, 0xff, 0xbc,
    0x3, 0xc4, 0x20, 0x1f, 0xc6, 0x1, 0xed, 0x0,
    0xff, 0xe4, 0xb8, 0x80, 0x62, 0x60, 0xf, 0xf9,
    0x0, 0x3e, 0x50, 0xf, 0xc6, 0x1, 0xf2, 0x0,
    0x7f, 0xf2, 0x6, 0x40, 0x3a, 0x0, 0x3f, 0xf8,
    0x4, 0x40, 0xf, 0x70, 0x7, 0xea, 0x0, 0xf0,
    0x98, 0x7, 0xff, 0x22, 0x44, 0x3, 0x1a, 0x80,
    0x7f, 0xf0, 0x68, 0x3, 0xca, 0x60, 0x1e, 0x26,
    0x0, 0xf3, 0x0, 0x7f, 0xf2, 0x5, 0xc0, 0x3a,
    0x0, 0x3f, 0xf8, 0x4c, 0x1, 0xf7, 0x8, 0x6,
    0x1f, 0x0, 0xfa, 0x80, 0x3f, 0xf9, 0x10, 0x1,
    0xc6, 0x80, 0x1f, 0xfc, 0x21, 0x60, 0xf, 0x17,
    0xa8, 0x82, 0xe1, 0x0, 0x79, 0x88, 0x3, 0xff,
    0x8e, 0x4c, 0x1, 0xde, 0x1, 0xff, 0xc4, 0x81,
    0x0, 0xf0, 0xd7, 0x7d, 0x10, 0x7, 0x86, 0x0,
    0x3f, 0xf9, 0x10, 0x1, 0xc8, 0x60, 0x1f, 0xfc,
    0x41, 0xa0, 0xf, 0xfe, 0x35, 0x88, 0x7, 0xff,
    0x1c, 0x94, 0x3, 0xa4, 0x3, 0xff, 0x8c, 0x92,
    0x1, 0xff, 0xc4, 0x95, 0x0, 0xff, 0xe4, 0x48,
    0x7, 0x29, 0x0, 0x7f, 0xf1, 0xda, 0x80, 0x3f,
    0xf8, 0x54, 0xc0, 0x1f, 0xfc, 0x83, 0x40, 0xe,
    0x80, 0xf, 0xfe, 0x4a, 0xf2, 0x80, 0x7f, 0x93,
    0x54, 0x3, 0xff, 0x93, 0xe0, 0x1c, 0xc4, 0x1,
    0xff, 0xca, 0x1a, 0xd8, 0x41, 0x0, 0xa, 0x3e,
    0xd9, 0x0, 0x7c,

    /* U+002B "+" */
    0x0, 0xff, 0xe1, 0xce, 0xef, 0xc2, 0x1, 0xff,
    0xd1, 0x22, 0xfc, 0x60, 0x1f, 0xff, 0xf0, 0xf,
    0xff, 0xf8, 0x7, 0xff, 0xfc, 0x3, 0xff, 0xfe,
    0x1, 0xff, 0xff, 0x0, 0xff, 0xff, 0x80, 0x7f,
    0xfb, 0x86, 0x23, 0xff, 0x84, 0xc0, 0x1f, 0x5c,
    0x47, 0xff, 0x5, 0x49, 0xdf, 0xff, 0x84, 0x40,
    0x1f, 0x33, 0xbf, 0xff, 0x7, 0xc0, 0x3f, 0xff,
    0xe0, 0x1f, 0xff, 0xf0, 0xf, 0xff, 0xf8, 0x4,
    0x7f, 0xff, 0xfc, 0x24, 0x0, 0xfb, 0x7f, 0xff,
    0xf8, 0x34, 0x1, 0xff, 0xff, 0x0, 0xff, 0xff,
    0x80, 0x7f, 0xff, 0xc0, 0x3f, 0xff, 0xe0, 0x1f,
    0xff, 0xf0, 0xf, 0xff, 0xf8, 0x7, 0xff, 0xfc,
    0x3, 0xe0,

    /* U+002D "-" */
    0x49, 0x9f, 0xfe, 0x38, 0x9b, 0x37, 0xff, 0x1c,
    0x80, 0x3f, 0xff, 0xe0, 0x1f, 0xfe, 0x70,

    /* U+002E "." */
    0x0, 0xcb, 0x37, 0x4e, 0x40, 0x1e, 0x3e, 0xa6,
    0x45, 0x8d, 0x80, 0xc, 0x98, 0x20, 0x1e, 0x79,
    0x0, 0xa8, 0x3, 0xf9, 0x94, 0x18, 0x40, 0x3f,
    0xd0, 0x1a, 0x1, 0xff, 0x10, 0xb0, 0x7, 0xff,
    0x0, 0x80, 0x3f, 0xf8, 0x42, 0x1, 0xff, 0xc0,
    0x1b, 0x0, 0xff, 0x84, 0x98, 0x3, 0xfe, 0x90,
    0x19, 0x0, 0xfe, 0x37, 0x0, 0x34, 0x0, 0x7c,
    0x7a, 0x1, 0x9f, 0x58, 0x80, 0x52, 0x70, 0x40,
    0x0,

    /* U+0030 "0" */
    0x0, 0xff, 0xe0, 0xac, 0x66, 0xff, 0xbb, 0x69,
    0x88, 0x3, 0xff, 0x96, 0x31, 0xd4, 0xe6, 0x40,
    0x1, 0x25, 0x9d, 0xc5, 0x0, 0xff, 0xe4, 0x3f,
    0x38, 0x80, 0x7f, 0xc7, 0x56, 0x40, 0x1f, 0xfc,
    0x5b, 0x80, 0xf, 0xfe, 0x22, 0x6a, 0x0, 0x7f,
    0xf0, 0x87, 0x50, 0x3, 0xff, 0x8f, 0x6a, 0x1,
    0xff, 0xc1, 0xd2, 0x0, 0xff, 0xe4, 0xd2, 0x0,
    0x7f, 0xd2, 0x60, 0x1f, 0xfc, 0xba, 0x20, 0xf,
    0xe4, 0x60, 0xf, 0xfe, 0x60, 0xc8, 0x7, 0xf4,
    0x80, 0x7f, 0x8a, 0x77, 0xb1, 0xc0, 0x3f, 0xc8,
    0xa0, 0x1f, 0x31, 0x0, 0x7f, 0x3e, 0xb1, 0x9,
    0xc6, 0x90, 0x7, 0xf4, 0x0, 0x7d, 0x60, 0x1f,
    0xcf, 0x0, 0x1e, 0x2c, 0x10, 0xf, 0xc4, 0xa0,
    0x1c, 0xa4, 0x1, 0xf8, 0xa0, 0x3, 0xf0, 0xd8,
    0x7, 0xf4, 0x80, 0x77, 0x0, 0x7f, 0x40, 0x7,
    0xf9, 0x48, 0x3, 0xf1, 0x90, 0x6, 0x40, 0xf,
    0xc2, 0xa0, 0x1f, 0xf5, 0x80, 0x7f, 0x28, 0x4,
    0x80, 0x1f, 0xce, 0x1, 0xff, 0xc0, 0x70, 0xf,
    0xeb, 0x0, 0xb4, 0x3, 0xfb, 0x40, 0x3f, 0xf8,
    0x2, 0x40, 0x1f, 0x8c, 0x40, 0xa, 0x1, 0xfc,
    0xa0, 0x1f, 0xfc, 0x14, 0x0, 0xfe, 0x50, 0x1,
    0x80, 0x7e, 0x21, 0x0, 0xff, 0xe0, 0xf8, 0x7,
    0xf1, 0x81, 0x0, 0x7f, 0x30, 0x7, 0xff, 0x8,
    0x80, 0x3f, 0xb4, 0x1c, 0x3, 0xf8, 0x80, 0x3f,
    0xf8, 0x4c, 0x1, 0xfc, 0xc0, 0x40, 0x1f, 0xdc,
    0x1, 0xff, 0xc2, 0x20, 0xf, 0xe2, 0xf, 0x0,
    0xfe, 0x10, 0xf, 0xfe, 0x60, 0x81, 0x0, 0x7f,
    0x18, 0x7, 0xff, 0xc, 0x40, 0x3f, 0x88, 0x40,
    0x3f, 0x84, 0x3, 0xff, 0x86, 0x60, 0x1f, 0xc2,
    0x1, 0xfe, 0x70, 0xf, 0xfe, 0x73, 0x80, 0x7f,
    0xf3, 0x44, 0x3, 0xf9, 0xc0, 0x3f, 0xc2, 0x1,
    0xff, 0xce, 0x10, 0xf, 0xfe, 0xc0, 0x80, 0x7f,
    0x8, 0x7, 0xff, 0xc9, 0xdc, 0x1, 0xff, 0xcd,
    0x10, 0xf, 0xf0, 0x80, 0x7f, 0x38, 0x7, 0xff,
    0xc, 0xc0, 0x3f, 0x84, 0xc0, 0x3f, 0x84, 0x3,
    0xff, 0x86, 0x20, 0x1f, 0xc7, 0xc0, 0x1f, 0xc6,
    0x1, 0xff, 0xcd, 0x11, 0x0, 0x7f, 0x70, 0x7,
    0xff, 0x8, 0x40, 0x3f, 0x88, 0x8, 0x3, 0xf8,
    0x80, 0x3f, 0xf8, 0x44, 0x1, 0xfc, 0x20, 0xa0,
    0x1f, 0xcc, 0x1, 0xff, 0xc2, 0x60, 0xf, 0xe5,
    0x1, 0x10, 0x7, 0xe3, 0x0, 0xff, 0xe1, 0x68,
    0x7, 0xf7, 0x80, 0x14, 0x3, 0xf8, 0x80, 0x3f,
    0xf8, 0x26, 0x1, 0xfc, 0xa0, 0xc, 0x0, 0xfe,
    0x40, 0xf, 0xfe, 0xa, 0x80, 0x7f, 0x18, 0x1,
    0x0, 0x3f, 0xb4, 0x3, 0xff, 0x80, 0x62, 0x1,
    0xf9, 0x40, 0x23, 0x10, 0xf, 0xc8, 0x20, 0x1f,
    0xf5, 0x0, 0x7f, 0x78, 0x6, 0x70, 0xf, 0xe9,
    0x0, 0xff, 0x9c, 0x3, 0xf9, 0x0, 0x35, 0x80,
    0x7f, 0x38, 0x80, 0x7f, 0x38, 0x80, 0x7e, 0x51,
    0x0, 0xc4, 0x80, 0x1f, 0xd4, 0x1, 0xf8, 0xe0,
    0x3, 0xfa, 0x40, 0x3d, 0xe0, 0x1f, 0xc9, 0x62,
    0x1, 0xc9, 0xa0, 0x1f, 0xc6, 0x60, 0xf, 0x22,
    0x0, 0x3f, 0x93, 0xe1, 0xd, 0xae, 0xc2, 0x1,
    0xfd, 0xe0, 0x1f, 0xa4, 0x3, 0xfc, 0x2f, 0x79,
    0x28, 0x1, 0xfe, 0x53, 0x0, 0xfc, 0x50, 0x1,
    0xff, 0xcc, 0x2b, 0x0, 0xff, 0x3a, 0x80, 0x7f,
    0xf2, 0xf8, 0x40, 0x3f, 0xea, 0x40, 0xf, 0xfe,
    0x4d, 0x98, 0x7, 0xff, 0x6, 0xd4, 0x3, 0xff,
    0x8c, 0x38, 0x80, 0x1f, 0xfc, 0x3a, 0xa0, 0x80,
    0x7f, 0xf0, 0xd3, 0xcc, 0x3, 0xff, 0x8a, 0xbe,
    0xe2, 0x1, 0xff, 0x25, 0xd8, 0x40, 0x3f, 0xf8,
    0xe3, 0x1d, 0x6e, 0x62, 0x0, 0x12, 0x59, 0xdb,
    0x40, 0xf, 0xf8,

    /* U+0031 "1" */
    0x0, 0xff, 0xe0, 0x95, 0x7f, 0xfe, 0x0, 0xff,
    0xe4, 0x8c, 0x6a, 0x80, 0x7f, 0xf3, 0xd2, 0xb9,
    0xc0, 0x3f, 0xf9, 0xa4, 0xd5, 0xd6, 0xa0, 0x1f,
    0xfc, 0xc2, 0xbe, 0xd9, 0x51, 0x0, 0xff, 0xe7,
    0x32, 0x8, 0x7, 0xff, 0xfc, 0x3, 0xff, 0xfe,
    0x1, 0xff, 0xe1, 0x4f, 0xff, 0xe6, 0x0, 0xff,
    0xff, 0x80, 0x7f, 0xff, 0xc0, 0x3f, 0xff, 0xe0,
    0x1f, 0xff, 0xf0, 0xf, 0xff, 0xf8, 0x7, 0xff,
    0xfc, 0x3, 0xff, 0xfe, 0x1, 0xff, 0xff, 0x0,
    0xff, 0xff, 0x80, 0x7f, 0xff, 0xc0, 0x3f, 0xff,
    0xe0, 0x1f, 0xff, 0xf0, 0xf, 0xff, 0xf8, 0x7,
    0xff, 0xfc, 0x3, 0xff, 0x9f, 0x33, 0xff, 0x20,
    0x7, 0xfa, 0x67, 0xfa, 0x5, 0x9b, 0xfe, 0x20,
    0xf, 0xf3, 0x37, 0xf3, 0x80, 0x7f, 0xff, 0xc0,
    0x3f, 0xff, 0xe0, 0x1f, 0xff, 0xf0, 0xf, 0x0,

    /* U+0032 "2" */
    0x0, 0xff, 0x8d, 0xeb, 0x3b, 0xfe, 0xec, 0x96,
    0x10, 0xf, 0xfe, 0x48, 0xc7, 0x64, 0x29, 0x88,
    0x4, 0x26, 0xd3, 0xd8, 0xa0, 0x1f, 0xfc, 0x51,
    0x9e, 0x71, 0x0, 0xff, 0xe0, 0x9d, 0x69, 0x80,
    0x7f, 0xf0, 0x93, 0xd8, 0x3, 0xff, 0x8c, 0x58,
    0xe0, 0x1f, 0xfc, 0x9, 0xb1, 0x0, 0xff, 0xe4,
    0xc5, 0x0, 0x7f, 0xad, 0x80, 0x3f, 0xf9, 0x8b,
    0x20, 0x1f, 0xe, 0xa0, 0x7, 0xff, 0x39, 0x94,
    0x3, 0x87, 0x8, 0x3, 0xff, 0xa1, 0x62, 0x1,
    0x8c, 0xc0, 0x1f, 0xf2, 0xc5, 0x5c, 0xb9, 0x0,
    0x7f, 0xc3, 0x20, 0x18, 0xbc, 0x80, 0x3f, 0x3f,
    0x53, 0xaa, 0x34, 0x6d, 0x0, 0x7f, 0xce, 0x20,
    0x18, 0x70, 0x80, 0x38, 0xb2, 0x4, 0x3, 0xe5,
    0xd1, 0x0, 0xff, 0x20, 0x7, 0xe, 0x10, 0x4,
    0x98, 0x60, 0x1f, 0xe2, 0xb0, 0xf, 0xf7, 0x80,
    0x78, 0x70, 0xc1, 0x6c, 0x40, 0x3f, 0xf8, 0xa,
    0x80, 0x1f, 0xc8, 0x1, 0xf0, 0xe4, 0x50, 0x7,
    0xff, 0xf, 0x40, 0x3f, 0x84, 0x40, 0x1f, 0x9c,
    0x3, 0xff, 0x88, 0xe0, 0x1f, 0xe3, 0x0, 0xff,
    0xe6, 0x88, 0x7, 0xf8, 0x40, 0x3f, 0xf9, 0xc2,
    0x1, 0xfc, 0xe0, 0x1f, 0xfd, 0x87, 0x0, 0xff,
    0xe7, 0x8, 0x7, 0xf0, 0x80, 0x7f, 0xf3, 0x48,
    0x3, 0xfc, 0x40, 0x1f, 0xfc, 0xd4, 0x0, 0xfe,
    0x30, 0xf, 0xfe, 0x76, 0x80, 0x7f, 0x28, 0x7,
    0xff, 0x34, 0x50, 0x3, 0xfb, 0x40, 0x3f, 0xf9,
    0xb2, 0x1, 0xfe, 0x40, 0xf, 0xfe, 0x60, 0xb8,
    0x7, 0xf3, 0x0, 0x7f, 0xf3, 0x64, 0x3, 0xfd,
    0x60, 0x1f, 0xfc, 0xc2, 0x70, 0xf, 0xe5, 0x20,
    0xf, 0xfe, 0x64, 0x80, 0x7f, 0xa0, 0x3, 0xff,
    0x98, 0xc8, 0x1, 0xfc, 0xc4, 0x1, 0xff, 0xcb,
    0x29, 0x0, 0xff, 0x40, 0x7, 0xff, 0x33, 0xc0,
    0x3f, 0xd2, 0x20, 0x1f, 0xfc, 0xba, 0x20, 0xf,
    0xe3, 0x60, 0xf, 0xfe, 0x5b, 0xa8, 0x7, 0xfb,
    0x80, 0x3f, 0xf9, 0x69, 0x0, 0x1f, 0xe9, 0x20,
    0xf, 0xfe, 0x51, 0xd8, 0x7, 0xf9, 0x58, 0x3,
    0xff, 0x94, 0x5a, 0x1, 0xfe, 0x2a, 0x0, 0xff,
    0xe5, 0xe, 0x8, 0x7, 0xf0, 0xf8, 0x7, 0xff,
    0x28, 0x70, 0x40, 0x3f, 0xda, 0x40, 0x1f, 0xfc,
    0x91, 0xc2, 0x0, 0xff, 0x51, 0x80, 0x7f, 0xf2,
    0x47, 0x8, 0x3, 0xfd, 0xa, 0x1, 0xff, 0xc9,
    0x1c, 0x20, 0xf, 0xf3, 0x38, 0x7, 0xff, 0x24,
    0x70, 0x80, 0x3f, 0xcb, 0x20, 0x1f, 0xfc, 0x92,
    0xc2, 0x0, 0xff, 0x2d, 0x0, 0x7f, 0xf2, 0x4b,
    0x8, 0x3, 0xfc, 0x94, 0x1, 0xff, 0xc9, 0x3c,
    0x10, 0xf, 0xf2, 0x58, 0x7, 0xff, 0x25, 0x30,
    0x40, 0x3f, 0xc3, 0xcf, 0x15, 0x79, 0xbb, 0xff,
    0xc1, 0xb0, 0x2, 0xd8, 0x7, 0xff, 0x0, 0x6a,
    0x1d, 0x50, 0xc8, 0xbf, 0xf8, 0x2c, 0xf, 0x40,
    0x1f, 0xfd, 0x79, 0x0, 0xff, 0xff, 0x80, 0x7f,
    0xff, 0xc0, 0x3f, 0xff, 0x40,

    /* U+0033 "3" */
    0x0, 0xff, 0xe0, 0x13, 0xd6, 0x77, 0xfd, 0xdb,
    0x50, 0x80, 0x1f, 0xfc, 0xa1, 0x7d, 0xd4, 0x29,
    0x88, 0x4, 0x24, 0xaf, 0x7f, 0x6a, 0x1, 0xff,
    0xc5, 0x19, 0xe8, 0x20, 0xf, 0xfe, 0x12, 0x56,
    0xa8, 0x7, 0xff, 0x9, 0xf9, 0x80, 0x3f, 0xf8,
    0xe5, 0x54, 0x0, 0xff, 0x8b, 0x20, 0x3, 0xff,
    0x96, 0xb8, 0x20, 0x1f, 0x9b, 0x4c, 0x3, 0xff,
    0x9a, 0x7a, 0x1, 0xf2, 0x48, 0x7, 0xff, 0x40,
    0xe4, 0x3, 0xc8, 0xa0, 0x1f, 0xfd, 0x16, 0x20,
    0xf, 0x51, 0x80, 0x7f, 0x13, 0xcd, 0xd4, 0xb0,
    0x80, 0x7f, 0xf0, 0x20, 0x3, 0xed, 0x10, 0xf,
    0x2e, 0x6c, 0x32, 0x2b, 0x4f, 0x38, 0x7, 0xfc,
    0xa0, 0x1f, 0xe, 0x0, 0x62, 0xba, 0x30, 0xf,
    0xd1, 0x20, 0x1f, 0xf2, 0x0, 0x7c, 0x56, 0x0,
    0x5d, 0x40, 0xf, 0xf9, 0x90, 0x3, 0xfc, 0x60,
    0x1f, 0x92, 0x21, 0x40, 0x1f, 0xfc, 0x2f, 0x0,
    0xff, 0x70, 0x7, 0xf3, 0xb8, 0x3, 0xff, 0x86,
    0xa0, 0x1f, 0xe3, 0x0, 0xff, 0xe7, 0x8, 0x7,
    0xf8, 0x40, 0x3f, 0xfb, 0x24, 0x1, 0xff, 0xce,
    0x10, 0xf, 0xf7, 0x0, 0x7f, 0xf3, 0x9c, 0x3,
    0xfc, 0x60, 0x1f, 0xfc, 0xea, 0x0, 0xff, 0x20,
    0x7, 0xff, 0x35, 0xcc, 0x3, 0xf9, 0x80, 0x3f,
    0xf9, 0xaf, 0x0, 0x1f, 0xc3, 0x0, 0x1f, 0xfc,
    0xb5, 0xc8, 0x0, 0xff, 0x58, 0x80, 0x7f, 0xf1,
    0x44, 0x91, 0xab, 0xa8, 0xc0, 0x3f, 0xce, 0xa0,
    0x1f, 0xfc, 0x4d, 0xfe, 0xdb, 0x95, 0x10, 0xf,
    0xfa, 0x20, 0x1, 0xff, 0xd6, 0x2b, 0x70, 0xf,
    0xfe, 0xa8, 0xc6, 0xa0, 0x7, 0xff, 0x5b, 0x5c,
    0x3, 0xff, 0xb1, 0x9a, 0xe0, 0x1f, 0xfd, 0x82,
    0x8e, 0x50, 0xf, 0xfe, 0xc0, 0xd5, 0x0, 0x3f,
    0xf8, 0xb4, 0xcc, 0x53, 0x20, 0xf, 0xfe, 0x12,
    0xe0, 0x7, 0xff, 0x11, 0xe6, 0x55, 0x9b, 0xfb,
    0x28, 0x1, 0xff, 0x1d, 0x80, 0x7f, 0xf2, 0x89,
    0xaf, 0x54, 0x3, 0xfc, 0x8c, 0x1, 0xff, 0xcc,
    0x2a, 0x90, 0xf, 0xf4, 0x88, 0x7, 0xff, 0x35,
    0xa0, 0x3, 0xfc, 0xc0, 0x1f, 0xfc, 0xe7, 0x10,
    0xf, 0xea, 0x0, 0xff, 0xe7, 0xb0, 0x7, 0xf1,
    0x8, 0x7, 0xff, 0x3b, 0x40, 0x3f, 0xca, 0x1,
    0xff, 0xce, 0x60, 0xf, 0xf1, 0x0, 0x7f, 0xfd,
    0x18, 0x3, 0xff, 0x89, 0xe, 0x1, 0xff, 0xc7,
    0xc0, 0xf, 0xf1, 0x80, 0x64, 0x78, 0xa0, 0xf,
    0xfe, 0x28, 0xb0, 0x7, 0xf9, 0xc0, 0x21, 0xa0,
    0x2, 0xea, 0x0, 0x7f, 0xf0, 0xe8, 0x3, 0xfe,
    0x20, 0xb, 0x44, 0x2, 0x2b, 0xa1, 0x0, 0xff,
    0x86, 0xd0, 0x3, 0xfc, 0xa0, 0x14, 0x18, 0x7,
    0x97, 0xa4, 0xc0, 0x3e, 0x27, 0xf4, 0x0, 0xff,
    0xb8, 0x0, 0x8e, 0x1, 0xfc, 0xd9, 0xf9, 0x53,
    0x57, 0xba, 0x81, 0x0, 0xff, 0x8d, 0x0, 0x14,
    0x1, 0xff, 0xc1, 0x35, 0x65, 0x42, 0x0, 0xff,
    0xe1, 0x70, 0x5, 0x40, 0x1f, 0xfd, 0x49, 0x20,
    0x9, 0x2c, 0x40, 0x3f, 0xfa, 0x2e, 0xc0, 0x1c,
    0x98, 0x60, 0x1f, 0xfc, 0xf9, 0x80, 0xf, 0x8b,
    0x1c, 0x3, 0xff, 0x98, 0x58, 0xc0, 0x1f, 0xe8,
    0xe6, 0x0, 0xff, 0xe4, 0xc, 0x69, 0x80, 0x7f,
    0xf0, 0x6, 0x7a, 0xc, 0x3, 0xff, 0x86, 0x95,
    0xce, 0x1, 0xff, 0xc4, 0x17, 0xce, 0xa7, 0x42,
    0x20, 0x80, 0x4, 0x91, 0xef, 0xad, 0x40, 0x3f,
    0xc0,

    /* U+0034 "4" */
    0x0, 0xff, 0xe4, 0x77, 0xff, 0xff, 0x0, 0x80,
    0x3f, 0xf9, 0xb0, 0x20, 0x1f, 0xfd, 0x92, 0x70,
    0xf, 0xfe, 0xd7, 0x0, 0x7f, 0xf6, 0x98, 0xc0,
    0x3f, 0xfb, 0x23, 0x20, 0x1f, 0xfd, 0xab, 0x0,
    0xff, 0xed, 0x22, 0x80, 0x7f, 0xf6, 0xa4, 0x3,
    0xff, 0xb5, 0x4, 0x1, 0xf2, 0x80, 0x7f, 0xf4,
    0x49, 0xc0, 0x3e, 0x3f, 0x0, 0xff, 0xe8, 0xf0,
    0x7, 0xe9, 0x30, 0xf, 0xfe, 0x83, 0x18, 0x7,
    0xc4, 0xa2, 0x1, 0xff, 0xcf, 0x18, 0x0, 0xfd,
    0x1, 0xe0, 0x1f, 0xfc, 0xfb, 0x10, 0xf, 0x89,
    0x40, 0x40, 0x3f, 0xf9, 0xc8, 0xa0, 0x1f, 0xa0,
    0x3, 0xff, 0xa3, 0x20, 0x1f, 0x89, 0x40, 0x6,
    0x1, 0xff, 0xcd, 0x82, 0x0, 0xfd, 0x0, 0x10,
    0x80, 0x7f, 0xf3, 0x9, 0xc0, 0x3f, 0x22, 0x80,
    0x7f, 0xf4, 0x38, 0x3, 0xfa, 0x40, 0x3f, 0xfa,
    0xc, 0x60, 0x1f, 0xa0, 0x80, 0x3f, 0xf9, 0xe3,
    0x0, 0x1f, 0x89, 0xc0, 0x3f, 0xfa, 0x16, 0x20,
    0x1f, 0xb8, 0x3, 0xff, 0xa0, 0x8a, 0x1, 0xf9,
    0x8c, 0x3, 0xff, 0xa1, 0x20, 0x1f, 0x86, 0x40,
    0x3f, 0xfa, 0x10, 0x40, 0x1f, 0xa8, 0x3, 0xff,
    0xa0, 0x4e, 0x1, 0xf9, 0x50, 0x3, 0xff, 0xa1,
    0xc0, 0x1f, 0x86, 0xc0, 0x3f, 0xfa, 0xc, 0x60,
    0x1f, 0xa0, 0x40, 0x3f, 0xf9, 0xe3, 0x0, 0x1f,
    0x8d, 0x80, 0x3f, 0xfa, 0x16, 0x20, 0x1f, 0xb8,
    0x3, 0xff, 0xa0, 0x8a, 0x1, 0xfd, 0xbf, 0xff,
    0xf2, 0x0, 0x7f, 0x6f, 0xff, 0x39, 0x80, 0x7f,
    0xff, 0xc0, 0x3f, 0xff, 0xe0, 0x1f, 0xff, 0xf0,
    0xf, 0xff, 0x53, 0xff, 0xff, 0xf2, 0x90, 0x3,
    0xfb, 0x7f, 0xf9, 0xc0, 0x3f, 0xff, 0xe0, 0x1f,
    0xff, 0xf0, 0xf, 0xff, 0xf8, 0x7, 0xff, 0xfc,
    0x3, 0xff, 0xfe, 0x1, 0xff, 0xff, 0x0, 0xff,
    0xf4, 0xf3, 0xbf, 0xf1, 0x80, 0x78,

    /* U+0035 "5" */
    0x0, 0xf3, 0xff, 0xff, 0xf4, 0x4, 0x3, 0xf7,
    0x80, 0x7f, 0xf6, 0x44, 0x3, 0xff, 0xb2, 0x60,
    0x1f, 0xfd, 0x91, 0x0, 0xff, 0xff, 0xb8, 0x7,
    0xff, 0x64, 0x40, 0x3f, 0xfb, 0x26, 0x1, 0xfc,
    0x45, 0xff, 0xc7, 0x0, 0xfe, 0x10, 0xf, 0xcb,
    0xbb, 0xff, 0xc7, 0x10, 0xf, 0xfe, 0x29, 0x0,
    0x7f, 0xf3, 0xc4, 0x3, 0xfb, 0xc0, 0x3f, 0xf9,
    0xe6, 0x1, 0xfc, 0x40, 0x1f, 0xfc, 0xf1, 0x0,
    0xfe, 0x10, 0xf, 0xfe, 0x7b, 0x80, 0x7f, 0x38,
    0x7, 0xff, 0x64, 0x80, 0x3f, 0xf9, 0xe2, 0x1,
    0xfc, 0x20, 0x1f, 0xfc, 0xf3, 0x0, 0xfc, 0x20,
    0x1f, 0xfd, 0x1, 0x0, 0xfc, 0x60, 0x11, 0x2b,
    0x31, 0x50, 0x40, 0x3f, 0xf8, 0xde, 0x1, 0xf8,
    0x56, 0xff, 0x6a, 0x65, 0x57, 0xdc, 0xa5, 0x0,
    0xff, 0xe1, 0x88, 0x7, 0xe3, 0xa4, 0x0, 0xfc,
    0x2b, 0x5f, 0x2, 0x1, 0xff, 0xc0, 0x30, 0xf,
    0xfe, 0x5b, 0xfa, 0x80, 0x7f, 0xc2, 0x1, 0xff,
    0xcc, 0x1a, 0x80, 0xf, 0xf3, 0x80, 0x7f, 0xf3,
    0x9e, 0x0, 0x3f, 0x84, 0x3, 0xff, 0x9e, 0xea,
    0x1, 0xf8, 0x40, 0x3f, 0xfa, 0x14, 0x20, 0x1f,
    0x63, 0x80, 0x78, 0xa3, 0x3b, 0xfd, 0xb4, 0xa0,
    0x1f, 0xfc, 0x18, 0x0, 0xfd, 0x1a, 0x60, 0x3,
    0xbd, 0x73, 0x10, 0x1, 0x2d, 0x6a, 0x0, 0x7f,
    0xcc, 0x20, 0x1f, 0x8b, 0x22, 0x71, 0x0, 0x3f,
    0x8a, 0xd8, 0x3, 0xfe, 0x60, 0xf, 0xf3, 0xb0,
    0x7, 0xff, 0x6, 0x4c, 0x3, 0xfd, 0x60, 0x1f,
    0xfc, 0xee, 0x0, 0xff, 0x18, 0x7, 0xff, 0x38,
    0x90, 0x3, 0xfc, 0x60, 0x1f, 0xfc, 0xec, 0x0,
    0xff, 0x30, 0x7, 0xff, 0x39, 0x0, 0x3f, 0xc6,
    0x1, 0xff, 0xce, 0x10, 0xf, 0xf0, 0x80, 0x7f,
    0xf3, 0x8c, 0x3, 0xff, 0xfe, 0x40, 0x1f, 0xe1,
    0x0, 0xff, 0xe7, 0x28, 0x7, 0xf8, 0x80, 0x3f,
    0xf9, 0xd8, 0x1, 0xfe, 0x50, 0xe, 0x84, 0x0,
    0xff, 0xe3, 0xa, 0x80, 0x7f, 0x8, 0x80, 0x32,
    0x3d, 0xb0, 0x7, 0xff, 0x16, 0xc0, 0x3f, 0xce,
    0x1, 0x86, 0x80, 0x13, 0x40, 0x1f, 0xfc, 0x36,
    0x50, 0xf, 0xf6, 0x80, 0x6a, 0x10, 0x9, 0x79,
    0x80, 0x3f, 0xf8, 0xf, 0x20, 0x1f, 0xe2, 0x40,
    0x9, 0xd0, 0x3, 0x86, 0x79, 0xc8, 0x3, 0xe5,
    0xc8, 0x0, 0xff, 0xac, 0x2, 0x38, 0x0, 0xfc,
    0x31, 0xbd, 0x75, 0x35, 0x9f, 0x46, 0x1, 0xff,
    0x13, 0x0, 0x5c, 0x1, 0xff, 0xc0, 0x14, 0x56,
    0x53, 0x0, 0xff, 0xe1, 0x78, 0x6, 0x80, 0xf,
    0xfe, 0x9d, 0x10, 0x6, 0x5c, 0x10, 0xf, 0xfe,
    0x84, 0x28, 0x7, 0x8f, 0xd4, 0x3, 0xff, 0x9d,
    0x2e, 0x1, 0xf8, 0x6a, 0x82, 0x1, 0xff, 0xca,
    0x1b, 0x60, 0xf, 0xf9, 0x7a, 0x4, 0x3, 0xff,
    0x8e, 0xfc, 0x80, 0x1f, 0xfc, 0x27, 0xeb, 0x50,
    0xf, 0xfe, 0x10, 0xbf, 0x40, 0x7, 0xff, 0x19,
    0x2b, 0xf2, 0x14, 0xc8, 0x40, 0x2, 0x4b, 0x19,
    0xd0, 0x20, 0x1f, 0xe0,

    /* U+0036 "6" */
    0x0, 0xff, 0xe1, 0x8b, 0x4e, 0x77, 0xfd, 0xd9,
    0x2c, 0x20, 0x1f, 0xfc, 0xa5, 0xbe, 0x96, 0x31,
    0x0, 0x84, 0xda, 0x7a, 0xd4, 0x3, 0xff, 0x8c,
    0x9b, 0x48, 0x1, 0xff, 0xc1, 0x4a, 0xd4, 0x0,
    0xff, 0xe1, 0xd5, 0x90, 0x7, 0xff, 0x14, 0xae,
    0x80, 0x3f, 0xf8, 0x3, 0xaa, 0x1, 0xff, 0xc9,
    0x5d, 0x20, 0xf, 0xe1, 0xf2, 0x0, 0xff, 0xe5,
    0x96, 0x18, 0x7, 0xc3, 0x82, 0x1, 0xff, 0xcd,
    0x10, 0xf, 0xd4, 0x40, 0x1f, 0xfc, 0xea, 0x30,
    0xf, 0x3a, 0x0, 0x7f, 0xf0, 0x11, 0xe2, 0xc,
    0x40, 0x1f, 0xa5, 0x40, 0x3c, 0x30, 0x1, 0xfe,
    0x18, 0xeb, 0x87, 0x74, 0xee, 0x94, 0x3, 0x9d,
    0x80, 0x3e, 0xb0, 0xf, 0xf2, 0x7b, 0x88, 0x7,
    0x8a, 0xb0, 0x80, 0xb, 0x0, 0x1f, 0x12, 0x80,
    0x7f, 0x25, 0x88, 0x7, 0xf8, 0xf4, 0xd2, 0x80,
    0x3f, 0x58, 0x7, 0xf1, 0x58, 0x7, 0xff, 0xb,
    0x2c, 0x3, 0xf9, 0x80, 0x3f, 0xa4, 0x3, 0xff,
    0x9a, 0xa0, 0x1f, 0xc8, 0x80, 0xf, 0xfe, 0x6f,
    0x0, 0x7f, 0x40, 0x7, 0xff, 0x39, 0x0, 0x3f,
    0x11, 0x80, 0x7f, 0xf3, 0x50, 0x3, 0xf9, 0x40,
    0x3f, 0xf9, 0xc6, 0x1, 0xfd, 0x60, 0x1f, 0xfc,
    0xed, 0x0, 0xfe, 0x30, 0xf, 0xfe, 0x73, 0x80,
    0x7e, 0x20, 0xf, 0xc8, 0xac, 0xa8, 0x20, 0x1f,
    0xfc, 0x12, 0x0, 0xfc, 0xe0, 0x1c, 0xd9, 0xf7,
    0x53, 0x57, 0xdc, 0xa4, 0x0, 0xfe, 0x10, 0xf,
    0xe2, 0x0, 0x9b, 0xa4, 0xc0, 0x3e, 0x15, 0xbd,
    0x50, 0xf, 0x88, 0x3, 0xfb, 0xc0, 0x72, 0x44,
    0x3, 0xff, 0x80, 0x55, 0x62, 0x1, 0xce, 0x1,
    0xfc, 0x47, 0xe6, 0x1, 0xff, 0xc4, 0x4c, 0x20,
    0xc, 0x20, 0x1f, 0xc5, 0x82, 0x1, 0xff, 0xc6,
    0x2f, 0x10, 0xf, 0xfe, 0xc, 0x0, 0x7f, 0xf2,
    0x4a, 0xc0, 0x23, 0x0, 0xff, 0xea, 0x2a, 0x0,
    0x7f, 0xf1, 0x45, 0xf3, 0xfd, 0xd4, 0x80, 0x1f,
    0xf4, 0x0, 0xc, 0x3, 0xff, 0x83, 0x3d, 0x6,
    0x0, 0x15, 0xbb, 0x8, 0x7, 0xf1, 0x98, 0x3,
    0xff, 0x82, 0x3a, 0xc0, 0x1f, 0x93, 0x40, 0x3f,
    0xd6, 0x2, 0x1, 0xfe, 0x1c, 0x20, 0xf, 0xf1,
    0xc0, 0x7, 0xf2, 0x83, 0x80, 0x7f, 0xa8, 0x80,
    0x3f, 0xf8, 0xe, 0x1, 0xfc, 0x40, 0x20, 0x1f,
    0xc4, 0x80, 0x1f, 0xfc, 0x25, 0x0, 0xfe, 0x22,
    0x0, 0x7f, 0x20, 0x7, 0xff, 0xf, 0x0, 0x3f,
    0x9c, 0x4, 0x3, 0xf1, 0x0, 0x7f, 0xf0, 0xc8,
    0x3, 0xfe, 0x50, 0xf, 0xca, 0x1, 0xff, 0xc3,
    0x70, 0xf, 0xe3, 0x3, 0x0, 0xfc, 0x22, 0x0,
    0xff, 0xe7, 0x68, 0x7, 0xf2, 0x0, 0x7f, 0xf3,
    0x90, 0x3, 0xfb, 0x0, 0x3f, 0xf8, 0x4c, 0x1,
    0xfc, 0x60, 0x26, 0x1, 0xf9, 0xc0, 0x3f, 0xf8,
    0x5a, 0x1, 0xfc, 0xc0, 0xa, 0x0, 0xfc, 0x2a,
    0x1, 0xff, 0xc1, 0x40, 0xf, 0xe3, 0x0, 0x38,
    0x7, 0xf4, 0x0, 0x7f, 0xf0, 0x8, 0xc0, 0x3f,
    0x10, 0x4, 0x2a, 0x1, 0xf8, 0x98, 0x3, 0xfe,
    0x80, 0xf, 0xe5, 0x0, 0xd2, 0x1, 0xfd, 0x26,
    0x1, 0xfc, 0xaa, 0x0, 0xfe, 0xa0, 0xc, 0x6a,
    0x1, 0xfd, 0xa8, 0x1, 0xf2, 0x50, 0x7, 0xf2,
    0x10, 0x7, 0x40, 0x7, 0xf0, 0xdd, 0x20, 0x4,
    0x75, 0x60, 0x1f, 0xef, 0x0, 0xf1, 0x48, 0x7,
    0xf9, 0x6f, 0xfe, 0xc5, 0x0, 0xff, 0x2a, 0x0,
    0x7c, 0xc8, 0x1, 0xff, 0xcd, 0x1b, 0x0, 0xfe,
    0xb3, 0x0, 0xff, 0xe6, 0x60, 0x80, 0x7f, 0xb4,
    0xc0, 0x3f, 0xf9, 0x23, 0x84, 0x1, 0xff, 0xe,
    0x30, 0x7, 0xff, 0x1c, 0xb0, 0xc0, 0x3f, 0xf8,
    0x53, 0x64, 0x1, 0xff, 0xc4, 0x7d, 0x20, 0xf,
    0xfe, 0x22, 0x6c, 0x98, 0x7, 0xff, 0x1, 0xba,
    0x0, 0x3f, 0xf9, 0xd, 0x9b, 0xa, 0x42, 0x0,
    0x13, 0x6a, 0xf9, 0x10, 0xf, 0xe0,

    /* U+0037 "7" */
    0x5d, 0xdf, 0xfe, 0xb8, 0x19, 0x17, 0xff, 0x5c,
    0x3, 0xff, 0xfe, 0x1, 0xff, 0xff, 0x0, 0xff,
    0xfd, 0xd8, 0x7, 0xff, 0x5d, 0xd0, 0x1b, 0xff,
    0xff, 0x96, 0x60, 0x1f, 0x92, 0x0, 0x3f, 0xf9,
    0xae, 0x60, 0x1f, 0xd, 0x0, 0x7f, 0xf3, 0x4e,
    0x0, 0x3f, 0x50, 0x80, 0x7f, 0xf3, 0x78, 0x3,
    0xf3, 0xa0, 0x7, 0xff, 0x35, 0xc8, 0x3, 0xe2,
    0x80, 0xf, 0xfe, 0x69, 0x40, 0x7, 0xee, 0x0,
    0xff, 0xe7, 0x48, 0x7, 0xe5, 0x30, 0xf, 0xfe,
    0x6a, 0xa0, 0x7, 0xeb, 0x0, 0xff, 0xe7, 0x40,
    0x7, 0xe8, 0x10, 0xf, 0xfe, 0x6b, 0x10, 0x7,
    0xc2, 0xe0, 0x1f, 0xfc, 0xe8, 0x0, 0xfd, 0x0,
    0x1f, 0xfc, 0xe6, 0x10, 0xf, 0x85, 0x80, 0x3f,
    0xf9, 0xd6, 0x1, 0xfa, 0x40, 0x3f, 0xf9, 0xca,
    0x40, 0x1f, 0x98, 0x3, 0xff, 0x9d, 0x20, 0x1f,
    0x94, 0x40, 0x3f, 0xf9, 0xa6, 0x60, 0xf, 0xdc,
    0x1, 0xff, 0xce, 0xa0, 0xf, 0xc2, 0x80, 0x1f,
    0xfc, 0xe7, 0x0, 0xfc, 0xe0, 0x1f, 0xfc, 0xe4,
    0x10, 0xf, 0xda, 0x1, 0xff, 0xce, 0xe0, 0xf,
    0xe5, 0x0, 0xff, 0xe7, 0x28, 0x7, 0xe2, 0x10,
    0xf, 0xfe, 0x69, 0x80, 0x7f, 0x20, 0x7, 0xff,
    0x3a, 0xc0, 0x3f, 0xb0, 0x3, 0xff, 0x9c, 0x80,
    0x1f, 0xce, 0x1, 0xff, 0xce, 0x30, 0xf, 0xc2,
    0x40, 0x1f, 0xfc, 0xd4, 0x0, 0xfe, 0x20, 0xf,
    0xfe, 0x71, 0x80, 0x7f, 0x30, 0x7, 0xff, 0x3b,
    0x40, 0x3f, 0xb4, 0x3, 0xff, 0x9c, 0xe0, 0x1f,
    0xc4, 0x1, 0xff, 0xce, 0x20, 0xf, 0xe7, 0x0,
    0xff, 0xe6, 0x98, 0x7, 0xf8, 0x80, 0x3f, 0xf9,
    0xaa, 0x1, 0xff, 0xd8, 0xe0, 0xf, 0xe2, 0x0,
    0xff, 0xe7, 0x10, 0x7, 0xf3, 0x0, 0x7f, 0xf3,
    0x98, 0x3, 0xf8, 0x40, 0x3f, 0xf9, 0xc4, 0x1,
    0xfc, 0x60, 0x1f, 0xfc, 0xe1, 0x0, 0xfe, 0xe0,
    0xf, 0xfe, 0x69, 0x0, 0x7f, 0x84, 0x3, 0xff,
    0x9a, 0x20, 0x1f, 0xe3, 0x0, 0xff, 0xe6, 0xb8,
    0x7, 0xf8, 0x40, 0x3f, 0xf9, 0xa4, 0x1, 0xfe,
    0x70, 0xf, 0xfe, 0x68, 0x80, 0x7f, 0x84, 0x3,
    0xff, 0x9b, 0xe0, 0x1f, 0xe3, 0x0, 0xff, 0xe6,
    0x88, 0x7, 0xff, 0x38,

    /* U+0038 "8" */
    0x0, 0xff, 0xe0, 0xb, 0x4e, 0x77, 0xfd, 0xd9,
    0x4c, 0x20, 0x1f, 0xfc, 0xa5, 0xce, 0x96, 0x31,
    0x0, 0x84, 0xd6, 0x7b, 0x14, 0x3, 0xff, 0x8c,
    0x9b, 0x46, 0x1, 0xff, 0xc1, 0x3a, 0xc2, 0x0,
    0xff, 0xe1, 0xc5, 0x90, 0x7, 0xff, 0x14, 0xf5,
    0x40, 0x3f, 0xf8, 0x34, 0xe0, 0x1f, 0xfc, 0x9a,
    0x60, 0xf, 0xfa, 0x54, 0x3, 0xff, 0x97, 0x28,
    0x1, 0xfc, 0xac, 0x1, 0xff, 0xcd, 0xa1, 0x0,
    0xfd, 0x60, 0x1f, 0xe1, 0x69, 0x94, 0x28, 0x7,
    0xf8, 0x64, 0x3, 0xe7, 0x10, 0xf, 0xe8, 0xe9,
    0x66, 0x3d, 0x73, 0x0, 0x7f, 0x38, 0x7, 0xd4,
    0x1, 0xfd, 0x4e, 0x1, 0xe1, 0x98, 0x0, 0xfe,
    0x50, 0xe, 0x12, 0x0, 0xfc, 0xaa, 0x0, 0xfe,
    0x74, 0x0, 0xfd, 0x80, 0x1c, 0xa0, 0x1f, 0xd2,
    0x1, 0xff, 0x40, 0x7, 0xe5, 0x0, 0xe3, 0x0,
    0xfe, 0x30, 0xf, 0xf8, 0xc4, 0x3, 0xe2, 0x0,
    0xef, 0x0, 0xfc, 0x40, 0x1f, 0xfc, 0x12, 0x0,
    0xf8, 0x40, 0x3f, 0xfa, 0xc, 0x1, 0xff, 0xc1,
    0xf0, 0xf, 0xc4, 0x1, 0xff, 0xc1, 0x10, 0xf,
    0x84, 0x3, 0x88, 0x3, 0xf8, 0xc0, 0x3f, 0xf8,
    0xe, 0x1, 0xf1, 0x0, 0x72, 0x0, 0x7f, 0x40,
    0x7, 0xff, 0x0, 0xc0, 0x3e, 0xb0, 0xe, 0x12,
    0x0, 0xfc, 0x8c, 0x1, 0xfe, 0x50, 0xf, 0xca,
    0x1, 0xea, 0x0, 0xfe, 0x95, 0x0, 0xfe, 0xf0,
    0xf, 0x8c, 0x80, 0x3c, 0xe2, 0x1, 0xfd, 0x52,
    0x1, 0xf1, 0x28, 0x7, 0xd0, 0x1, 0xfa, 0x0,
    0x3f, 0xcd, 0xaa, 0x1, 0xdc, 0x1, 0xf2, 0xa0,
    0x7, 0xe6, 0x50, 0xf, 0xf1, 0x56, 0xa8, 0x2,
    0xc, 0x3, 0xc3, 0x60, 0x1f, 0xea, 0x20, 0xf,
    0xf8, 0xab, 0xa5, 0xc0, 0x3e, 0xd1, 0x0, 0xff,
    0xb0, 0x80, 0x3f, 0xf8, 0x2, 0xc0, 0x1f, 0x59,
    0x80, 0x7f, 0xf0, 0x7, 0xc, 0x3, 0xff, 0x8c,
    0x38, 0x80, 0x1f, 0xfc, 0x21, 0xc5, 0x0, 0xff,
    0xe2, 0xd9, 0x80, 0x7f, 0xf1, 0x19, 0x0, 0x3f,
    0xf8, 0xb5, 0x22, 0x1, 0xff, 0xc1, 0x1c, 0x91,
    0x0, 0xff, 0xe3, 0x37, 0x98, 0x7, 0xfc, 0x7e,
    0x60, 0x1e, 0x10, 0xf, 0xfe, 0x10, 0xe2, 0x80,
    0x7f, 0x26, 0x8, 0x7, 0x97, 0xad, 0x0, 0x3f,
    0xf8, 0x54, 0x80, 0x1f, 0x1d, 0x80, 0x7c, 0x94,
    0x9, 0x7a, 0xc0, 0x1f, 0xfc, 0x1b, 0x20, 0xe,
    0x1d, 0x0, 0xf8, 0x68, 0x3, 0x14, 0xf3, 0x0,
    0x7f, 0xf0, 0x3c, 0x3, 0xa0, 0x40, 0x3e, 0xa1,
    0x0, 0xf0, 0xce, 0x10, 0x7, 0xf8, 0x98, 0x2,
    0x36, 0x0, 0xf9, 0x10, 0x1, 0xfc, 0x7a, 0xa0,
    0x1f, 0xe8, 0x0, 0xa4, 0x3, 0xf7, 0x80, 0x7f,
    0xf0, 0x29, 0x80, 0x3f, 0x85, 0x40, 0xa, 0x1,
    0xf9, 0x0, 0x3f, 0xf8, 0x32, 0x40, 0x1f, 0xde,
    0x8, 0x1, 0xf9, 0x0, 0x3f, 0xf8, 0x70, 0x1,
    0xfc, 0xe0, 0x60, 0x1f, 0x88, 0x3, 0xff, 0x86,
    0xa0, 0x1f, 0xc4, 0x1e, 0x1, 0xf8, 0x40, 0x3f,
    0xf8, 0x84, 0x1, 0xfc, 0x22, 0x0, 0xfc, 0x20,
    0x1f, 0xfc, 0x46, 0x0, 0xfe, 0x30, 0xf, 0xe2,
    0x0, 0xff, 0xe2, 0x38, 0x7, 0xf1, 0xf0, 0x7,
    0xe4, 0x10, 0xf, 0xfe, 0x19, 0x80, 0x7f, 0x9,
    0x80, 0x7f, 0x48, 0x7, 0xff, 0x9, 0x40, 0x3f,
    0x88, 0x14, 0x3, 0xf9, 0xd4, 0x3, 0xff, 0x83,
    0x0, 0x1f, 0xc8, 0x2, 0x80, 0x1f, 0xd4, 0xa0,
    0x1f, 0xf5, 0x90, 0x7, 0xf5, 0x0, 0x3c, 0x3,
    0xfd, 0x56, 0x60, 0x1f, 0x26, 0xa0, 0x7, 0xf1,
    0x98, 0x0, 0x88, 0x0, 0xff, 0x26, 0x6c, 0xc3,
    0xc5, 0x75, 0x90, 0x7, 0xfb, 0xc0, 0x35, 0x8,
    0x7, 0xfc, 0x4c, 0xf0, 0xea, 0x20, 0x1f, 0xf3,
    0x98, 0x6, 0x1d, 0x0, 0xff, 0xe8, 0x2c, 0x0,
    0x78, 0xf0, 0x40, 0x3f, 0xf9, 0xab, 0x40, 0x1f,
    0x8f, 0xd0, 0x3, 0xff, 0x97, 0x34, 0x1, 0xfe,
    0x1b, 0x92, 0x0, 0xff, 0xe3, 0xae, 0xb0, 0x7,
    0xff, 0x5, 0xb6, 0x90, 0x3, 0xff, 0x84, 0x2d,
    0xb4, 0x40, 0x1f, 0xfc, 0x45, 0xbe, 0xa7, 0x42,
    0x10, 0x8, 0x4d, 0x63, 0x3a, 0x48, 0x3, 0xf8,

    /* U+0039 "9" */
    0x0, 0xff, 0xe0, 0x13, 0x4e, 0x6f, 0x73, 0x6a,
    0xc, 0x3, 0xff, 0x98, 0xb9, 0xb2, 0xc6, 0x42,
    0x22, 0x57, 0xce, 0x81, 0x0, 0xff, 0xe3, 0xa6,
    0xd1, 0x80, 0x7f, 0xc2, 0xfd, 0x0, 0x1f, 0xfc,
    0x59, 0xb2, 0x0, 0xff, 0xe2, 0x3e, 0x90, 0x7,
    0xff, 0xa, 0xd8, 0x3, 0xff, 0x8e, 0x5a, 0x80,
    0x1f, 0xfc, 0xb, 0x40, 0xf, 0xfe, 0x55, 0xa0,
    0x7, 0xfa, 0x50, 0x3, 0xff, 0x99, 0x64, 0x1,
    0xf9, 0x18, 0x3, 0xff, 0x9d, 0xe0, 0x1f, 0xa4,
    0x3, 0xfc, 0x33, 0xbf, 0xec, 0x70, 0xf, 0xf1,
    0x48, 0x7, 0x98, 0x80, 0x3f, 0x97, 0x98, 0x80,
    0x7, 0x1c, 0x80, 0x1f, 0xcc, 0x40, 0x1d, 0x60,
    0x1f, 0xcb, 0x40, 0x1f, 0xd, 0xa0, 0x7, 0xf4,
    0x0, 0x62, 0x20, 0x7, 0xe1, 0xb0, 0xf, 0xf5,
    0x8, 0x7, 0xe5, 0x20, 0x9, 0x40, 0x3f, 0xa4,
    0x40, 0x3f, 0xc3, 0x60, 0x1f, 0xd4, 0x1, 0x60,
    0x7, 0xf2, 0x80, 0x7f, 0xf0, 0x14, 0x80, 0x3f,
    0x30, 0x4, 0xc0, 0x1f, 0x84, 0x80, 0x3f, 0xf8,
    0x34, 0x1, 0xf8, 0x50, 0x0, 0x40, 0x1f, 0x94,
    0x3, 0xff, 0x84, 0xa0, 0x1f, 0xd8, 0x1, 0xff,
    0x8, 0x7, 0xff, 0x8, 0x88, 0x1, 0xf9, 0x0,
    0x40, 0x3f, 0x8c, 0x3, 0xff, 0x86, 0x80, 0x1f,
    0x8c, 0x3, 0xff, 0x9f, 0xe0, 0x1f, 0xc4, 0x20,
    0x1f, 0xc6, 0x1, 0xff, 0xc3, 0x20, 0xf, 0xe7,
    0x0, 0xff, 0x38, 0x7, 0xff, 0xd, 0x80, 0x3f,
    0x88, 0x8, 0x3, 0xf1, 0x0, 0x7f, 0xf0, 0xd8,
    0x3, 0xfb, 0x81, 0x80, 0x3f, 0x94, 0x3, 0xff,
    0x85, 0x20, 0x1f, 0xc6, 0x18, 0x1, 0xfd, 0x0,
    0x1f, 0xfc, 0x1b, 0x20, 0xf, 0xe1, 0x4, 0x0,
    0xfe, 0x27, 0x0, 0xff, 0xa9, 0x0, 0x3f, 0xce,
    0x6, 0x40, 0x1f, 0xd0, 0xe0, 0x1f, 0x8f, 0x54,
    0x3, 0xff, 0x85, 0x60, 0x1f, 0xe8, 0xd7, 0x31,
    0x2, 0x6b, 0xc2, 0x0, 0xff, 0xe1, 0xb0, 0x80,
    0x7f, 0x8a, 0x33, 0xbf, 0x65, 0x0, 0x3f, 0xf8,
    0xd4, 0x1, 0xff, 0xd4, 0x70, 0x9, 0x1c, 0x3,
    0xff, 0x93, 0x2, 0x1, 0xff, 0xc1, 0x86, 0x0,
    0xff, 0xe3, 0xcb, 0x88, 0x7, 0xe1, 0x0, 0xe9,
    0x80, 0xf, 0xfe, 0x20, 0xdb, 0x8, 0x7, 0xf1,
    0x80, 0x79, 0xf0, 0xc0, 0x3f, 0xf8, 0x2d, 0xe8,
    0x4, 0x1, 0xfd, 0xc0, 0x1f, 0x1e, 0x61, 0x84,
    0x3, 0xe1, 0x6d, 0x91, 0x0, 0x30, 0x7, 0xf1,
    0x0, 0x7f, 0x1c, 0xf6, 0xdc, 0xc4, 0x2b, 0x3a,
    0x48, 0x3, 0x10, 0x7, 0xf3, 0x0, 0x7f, 0xf0,
    0x9, 0x19, 0xdc, 0xa6, 0x1, 0xf6, 0x80, 0x7f,
    0x18, 0x7, 0xff, 0x39, 0x0, 0x3f, 0x10, 0x7,
    0xff, 0x38, 0xc4, 0x3, 0xf2, 0x0, 0x7f, 0xf3,
    0xac, 0x3, 0xfb, 0x0, 0x3f, 0xf9, 0xcc, 0x1,
    0xfc, 0x80, 0x1f, 0xfc, 0xd5, 0x10, 0xf, 0xc8,
    0x20, 0x1f, 0xfc, 0xd8, 0x0, 0xfe, 0xe0, 0xf,
    0xe1, 0x0, 0xff, 0xe1, 0xc1, 0x0, 0x7e, 0x15,
    0x0, 0xfc, 0xdc, 0xa0, 0x1f, 0xfc, 0x15, 0x70,
    0xf, 0xe9, 0x0, 0xfc, 0x92, 0x15, 0x22, 0x1,
    0xfe, 0x7a, 0x0, 0xfe, 0x16, 0x0, 0xf8, 0xec,
    0x2, 0x6f, 0x71, 0x0, 0xf2, 0xe4, 0x0, 0x7f,
    0xa0, 0x40, 0x3c, 0x5a, 0x1, 0xc3, 0x1d, 0xb5,
    0x32, 0xbf, 0xa3, 0x0, 0xff, 0x1b, 0x0, 0x78,
    0x7c, 0x40, 0x3f, 0x12, 0xb3, 0x10, 0x3, 0xff,
    0x80, 0x3a, 0x1, 0xf6, 0x90, 0x7, 0xff, 0x3a,
    0x84, 0x3, 0xe6, 0x0, 0xff, 0xe7, 0x52, 0x0,
    0x7e, 0xa7, 0x0, 0xff, 0xe6, 0x5a, 0x80, 0x7f,
    0xa2, 0xc4, 0x3, 0xff, 0x90, 0x5a, 0x80, 0x1f,
    0xfc, 0x4, 0xe7, 0x0, 0xff, 0xe3, 0x3e, 0x90,
    0x7, 0xff, 0xe, 0x39, 0xc4, 0x3, 0xff, 0x80,
    0x2f, 0xd0, 0x1, 0xff, 0xc6, 0x18, 0xec, 0x85,
    0x21, 0x0, 0x89, 0x1f, 0x3a, 0x4, 0x3, 0xff,
    0x80,

    /* U+003A ":" */
    0x0, 0xc9, 0x13, 0x26, 0x10, 0xf, 0x1e, 0xdb,
    0xb3, 0x27, 0x9c, 0x3, 0x1e, 0x10, 0x7, 0xa2,
    0x0, 0x16, 0x80, 0x7f, 0x3a, 0x3, 0x8, 0x7,
    0xfa, 0x3, 0x40, 0x3f, 0xe3, 0x16, 0x0, 0xff,
    0xe0, 0x10, 0x7, 0xff, 0x5, 0xc4, 0x3, 0xff,
    0x80, 0xc8, 0x1, 0xff, 0x9, 0x48, 0x7, 0xfd,
    0x20, 0x30, 0x1, 0xfc, 0x6e, 0x0, 0x78, 0x0,
    0xf8, 0xf4, 0x3, 0x3e, 0xb0, 0x80, 0x9c, 0xe0,
    0x80, 0x71, 0x4f, 0x7f, 0x63, 0x0, 0x7f, 0xff,
    0xc0, 0x3f, 0xff, 0xe0, 0x1f, 0xfc, 0xe5, 0x9b,
    0xa7, 0x20, 0xf, 0x1f, 0x53, 0x22, 0xc6, 0xc0,
    0x6, 0x4c, 0x10, 0xf, 0x3c, 0x80, 0x54, 0x1,
    0xfc, 0xca, 0xc, 0x20, 0x1f, 0xe8, 0xd, 0x0,
    0xff, 0x88, 0x58, 0x3, 0xff, 0x80, 0x40, 0x1f,
    0xfc, 0x21, 0x0, 0xff, 0xe0, 0xd, 0x80, 0x7f,
    0xc2, 0x4c, 0x1, 0xff, 0x48, 0xc, 0x80, 0x7f,
    0x1b, 0x80, 0x1a, 0x0, 0x3e, 0x3d, 0x0, 0xcf,
    0xac, 0x40, 0x29, 0x38, 0x20, 0x0,

    /* U+0043 "C" */
    0x0, 0xff, 0xe3, 0x9b, 0xd6, 0x77, 0xfd, 0xd9,
    0x4e, 0x60, 0x1f, 0xfc, 0xf4, 0x9f, 0xc8, 0x53,
    0x10, 0x8, 0x4d, 0x63, 0x39, 0xc4, 0x3, 0xff,
    0x94, 0xbb, 0x6c, 0x1, 0xff, 0xc2, 0x18, 0xe8,
    0x0, 0xff, 0xe3, 0x9e, 0x51, 0x0, 0x7f, 0xf1,
    0xdf, 0x94, 0x3, 0xff, 0x89, 0x18, 0x60, 0x1f,
    0xfc, 0xa1, 0xaa, 0x0, 0x7f, 0xf0, 0x47, 0x1c,
    0x3, 0xff, 0x9c, 0xba, 0x20, 0x1f, 0xe1, 0xc3,
    0x0, 0xff, 0xe8, 0x16, 0x8, 0x7, 0xe1, 0xc2,
    0x0, 0xff, 0xe9, 0x30, 0x80, 0x7e, 0xd2, 0x0,
    0xff, 0xe9, 0x15, 0x80, 0x7e, 0xa3, 0x0, 0xff,
    0xe0, 0x93, 0xde, 0xf7, 0x32, 0x98, 0x40, 0x3e,
    0x1f, 0x0, 0xfc, 0xaa, 0x0, 0xff, 0xe0, 0x1e,
    0x6c, 0x21, 0x8, 0x8d, 0x67, 0xa4, 0x3, 0xda,
    0x40, 0x1f, 0xac, 0x3, 0xff, 0x81, 0x38, 0x60,
    0x1f, 0xe6, 0xe5, 0x0, 0xa4, 0xc0, 0x3f, 0x40,
    0x80, 0x7f, 0x87, 0x18, 0x3, 0xff, 0x82, 0x35,
    0x0, 0xcc, 0x0, 0xfc, 0x2e, 0x1, 0xff, 0x69,
    0x80, 0x7f, 0xf1, 0x1e, 0xe4, 0x3, 0xfa, 0x40,
    0x3f, 0xe9, 0x30, 0xf, 0xfe, 0x32, 0x0, 0x7f,
    0x98, 0x3, 0xfc, 0x8c, 0x1, 0xff, 0xd1, 0x51,
    0x0, 0xff, 0x48, 0x7, 0xff, 0x4b, 0xc0, 0x3f,
    0xca, 0x40, 0x1f, 0xfd, 0x25, 0x0, 0xff, 0x70,
    0x7, 0xff, 0x48, 0xc0, 0x3f, 0xc2, 0x80, 0x1f,
    0xfd, 0x25, 0x0, 0xff, 0x20, 0x7, 0xff, 0x4f,
    0xc0, 0x3f, 0xd8, 0x1, 0xff, 0xd3, 0x20, 0xf,
    0xf2, 0x80, 0x7f, 0xf4, 0xd8, 0x3, 0xfc, 0x40,
    0x1f, 0xfd, 0x32, 0x0, 0xff, 0x8, 0x7, 0xff,
    0x74, 0x40, 0x3f, 0xfa, 0x62, 0x1, 0xfe, 0x30,
    0xf, 0xff, 0xf8, 0x7, 0xff, 0x78, 0x40, 0x3f,
    0xc6, 0x1, 0xff, 0xde, 0x10, 0xf, 0xfe, 0xa0,
    0x80, 0x7f, 0x84, 0x3, 0xff, 0xa6, 0x40, 0x1f,
    0xe2, 0x0, 0xff, 0xe9, 0xb0, 0x7, 0xf9, 0x40,
    0x3f, 0xfa, 0x64, 0x1, 0xfe, 0xc0, 0xf, 0xfe,
    0x9e, 0x0, 0x7f, 0x90, 0x3, 0xff, 0xa6, 0xa0,
    0x1f, 0xe1, 0x30, 0xf, 0xfe, 0x90, 0x98, 0x7,
    0xfa, 0x80, 0x3f, 0xfa, 0x76, 0x1, 0xfe, 0x61,
    0x0, 0xff, 0xe9, 0x28, 0x7, 0xfd, 0x60, 0x1f,
    0xfd, 0x22, 0x40, 0xf, 0xf2, 0xa0, 0x7, 0xff,
    0x20, 0x80, 0x3f, 0xbc, 0x3, 0xfe, 0xa2, 0x0,
    0xff, 0xe3, 0x2e, 0xa8, 0x7, 0xe4, 0x30, 0xf,
    0xf0, 0xf9, 0x0, 0x7f, 0xf1, 0x1e, 0x82, 0x8c,
    0x3, 0xf4, 0x0, 0x7f, 0xc5, 0x88, 0x1, 0xff,
    0xc1, 0x1b, 0x80, 0xb, 0x48, 0x3, 0xe4, 0x50,
    0xf, 0xf8, 0x6e, 0x88, 0x3, 0xfc, 0xfc, 0x80,
    0x18, 0x7c, 0x40, 0x3e, 0xb1, 0x0, 0xff, 0xe0,
    0x2e, 0xe4, 0x29, 0x91, 0x11, 0xab, 0xe0, 0x3,
    0xe2, 0xd0, 0xf, 0x87, 0x40, 0x3f, 0xf8, 0x46,
    0xf5, 0x9b, 0xab, 0x95, 0x0, 0xff, 0x1d, 0x0,
    0x7c, 0x74, 0x1, 0xff, 0xd5, 0x41, 0x0, 0xf9,
    0x64, 0x3, 0xff, 0xa6, 0x38, 0x20, 0x1f, 0x9a,
    0x80, 0x3f, 0xfa, 0x25, 0x84, 0x1, 0xfe, 0x5c,
    0x20, 0xf, 0xfe, 0x71, 0xe1, 0x0, 0x7f, 0xf0,
    0xf, 0x5c, 0x3, 0xff, 0x99, 0x18, 0x20, 0x1f,
    0xfc, 0x38, 0xd5, 0x0, 0xff, 0xe4, 0x2f, 0x38,
    0x7, 0xff, 0x18, 0xab, 0x60, 0x80, 0x3f, 0xf8,
    0x42, 0xfb, 0x42, 0x1, 0xff, 0xc9, 0x27, 0xdd,
    0x53, 0x21, 0x8, 0x4, 0x26, 0xd3, 0xbd, 0x4,
    0x1, 0xf8,

    /* U+00B0 "°" */
    0x0, 0xf8, 0xe7, 0x3b, 0xfd, 0xb4, 0xa0, 0x1f,
    0xfc, 0x3, 0xcc, 0x31, 0x88, 0x0, 0x96, 0xb9,
    0x40, 0x3f, 0xa3, 0xc, 0x3, 0xf8, 0x6a, 0x80,
    0x1f, 0x53, 0x80, 0x7f, 0xf0, 0x57, 0x0, 0x3a,
    0x14, 0x3, 0xff, 0x86, 0x74, 0x1, 0x1b, 0x80,
    0x79, 0xab, 0x2d, 0xc4, 0x3, 0x95, 0x40, 0xf,
    0x0, 0xe2, 0xd9, 0x53, 0x48, 0xf3, 0x0, 0xe8,
    0x2, 0x30, 0xe, 0xf2, 0x0, 0xe1, 0xc2, 0x0,
    0xc4, 0x8a, 0x1, 0xce, 0x40, 0x1f, 0xa0, 0x3,
    0xb3, 0x40, 0x3a, 0x80, 0x3f, 0x94, 0x3, 0x91,
    0x80, 0x38, 0x80, 0x3f, 0xc4, 0x1, 0x84, 0x40,
    0x1f, 0xfc, 0x41, 0x0, 0xc6, 0x20, 0x1f, 0xfc,
    0x41, 0x0, 0xc6, 0xc0, 0x1c, 0x40, 0x1f, 0xe2,
    0x0, 0xc3, 0xa0, 0x1d, 0x40, 0x1f, 0xca, 0x1,
    0xc8, 0xa0, 0x1c, 0xe4, 0x1, 0xfa, 0x0, 0x3b,
    0x8, 0xc0, 0x3b, 0xc4, 0x3, 0xd6, 0x40, 0x18,
    0x90, 0x3c, 0x3, 0x8b, 0xa1, 0x8, 0xdf, 0x90,
    0x3, 0xa0, 0x0, 0x6e, 0x1, 0xe7, 0xbd, 0xc8,
    0x10, 0xe, 0x55, 0x0, 0x50, 0xa0, 0x1f, 0xfc,
    0x33, 0xa0, 0xe, 0xa6, 0x0, 0xff, 0xe0, 0xae,
    0x0, 0x7d, 0x36, 0x60, 0x1f, 0xc3, 0x54, 0x0,
    0xfe, 0x4c, 0xb6, 0x31, 0x0, 0x12, 0xd7, 0x28,
    0x7, 0x0,

    /* U+2014 "—" */
    0x5b, 0xbf, 0xff, 0x6c, 0x92, 0x27, 0xff, 0xb8,
    0x3, 0xff, 0xfe, 0x1, 0xff, 0xff, 0x0, 0xff,
    0xff, 0x80, 0x7f, 0xfe, 0x80,

    /* U+2018 "‘" */
    0x0, 0xff, 0xe4, 0x8d, 0x58, 0x7, 0xf3, 0x72,
    0xa2, 0x0, 0x3e, 0xa9, 0x0, 0xa4, 0x3, 0xd8,
    0xa0, 0x18, 0x90, 0x3, 0x59, 0x80, 0x63, 0xc4,
    0x0, 0xa5, 0x0, 0x33, 0x61, 0x80, 0x46, 0xc0,
    0x19, 0xa4, 0x3, 0xb8, 0x3, 0x24, 0x80, 0x72,
    0x90, 0x6, 0xa0, 0xf, 0x48, 0x6, 0x71, 0x0,
    0xe1, 0x30, 0xd, 0x40, 0x1e, 0x50, 0xe, 0x77,
    0x30, 0x80, 0x44, 0x1, 0xd5, 0x13, 0xcc, 0x0,
    0xe0, 0xf, 0xe9, 0x60, 0xf, 0xfe, 0x4, 0x7,
    0x80, 0x7f, 0x85, 0xc, 0x3, 0xfe, 0x24, 0x0,
    0xff, 0x8c, 0x1c, 0x3, 0xfc, 0x81, 0x4, 0x1,
    0xf9, 0x84, 0x1, 0xe4, 0x1, 0xe3, 0x90, 0x8,
    0xb6, 0x8, 0x0, 0x73, 0x80, 0x0,

    /* U+2019 "’" */
    0x0, 0xc8, 0xee, 0x50, 0xf, 0x93, 0xae, 0x21,
    0x5e, 0xc0, 0x19, 0x2c, 0x40, 0x3a, 0x60, 0x2,
    0x90, 0xf, 0xce, 0x80, 0x64, 0x1, 0xfd, 0x0,
    0xa0, 0x1f, 0xe3, 0x23, 0x0, 0xff, 0x91, 0xc0,
    0x3f, 0xe1, 0x24, 0x0, 0xff, 0x78, 0x50, 0x80,
    0x7f, 0x78, 0xf, 0xb0, 0x81, 0x0, 0x71, 0x0,
    0x6, 0x7b, 0xf4, 0x3, 0x98, 0x3, 0xc8, 0x1,
    0x84, 0xc0, 0x3d, 0xe0, 0x19, 0xc0, 0x3c, 0xa8,
    0x1, 0xac, 0x3, 0x8a, 0x80, 0x33, 0x10, 0x6,
    0x2c, 0x0, 0xc3, 0x20, 0x19, 0x34, 0x40, 0x35,
    0x0, 0x43, 0x56, 0x1, 0xd4, 0x80, 0x11, 0xa8,
    0x7, 0x4a, 0x80, 0x62, 0x60, 0x8, 0x71, 0x80,
    0x3d, 0x0, 0x6, 0xf3, 0x0, 0xf8, 0x6b, 0x64,
    0x40, 0x3e,

    /* U+201C "“" */
    0x0, 0xff, 0xec, 0xc, 0xe8, 0x7, 0xff, 0x0,
    0xf1, 0xc0, 0x3f, 0x9b, 0x98, 0x94, 0x3, 0xfd,
    0x58, 0x70, 0x20, 0x1f, 0x4c, 0x80, 0x2b, 0x0,
    0xfc, 0x5a, 0xa0, 0x14, 0x0, 0x7b, 0x18, 0x3,
    0xa, 0x0, 0x78, 0xb0, 0x80, 0x33, 0x80, 0x75,
    0x98, 0x6, 0x3c, 0x40, 0xe, 0x2c, 0x10, 0xc,
    0xde, 0x1, 0xa1, 0x0, 0x32, 0xe1, 0x80, 0x7b,
    0xc4, 0x3, 0x4c, 0x84, 0x2, 0x37, 0x0, 0xcb,
    0x40, 0x1f, 0x41, 0x0, 0x6b, 0x60, 0xe, 0xf0,
    0xc, 0x74, 0x1, 0xf1, 0x38, 0x6, 0x84, 0x0,
    0xe4, 0x30, 0xd, 0xc0, 0x1f, 0xa0, 0x3, 0x1b,
    0x80, 0x7b, 0x80, 0x33, 0x10, 0x7, 0xc2, 0xa0,
    0x1b, 0xc0, 0x3e, 0x50, 0xd, 0x40, 0x1f, 0x90,
    0x3, 0x11, 0x80, 0x78, 0x80, 0x39, 0x9d, 0x84,
    0x3, 0xb0, 0x3, 0x33, 0x1d, 0x40, 0x33, 0x80,
    0x75, 0x44, 0xf4, 0x0, 0x62, 0x0, 0xc9, 0x31,
    0x5c, 0x60, 0x3, 0x0, 0xfe, 0x77, 0x0, 0x4e,
    0x1, 0xf8, 0x70, 0x80, 0x3f, 0xf8, 0x10, 0x20,
    0x1f, 0xfc, 0x18, 0x3, 0x0, 0xff, 0x90, 0x0,
    0xe0, 0x1f, 0xe5, 0x7, 0x0, 0xff, 0x88, 0x0,
    0x40, 0x1f, 0xf0, 0x90, 0x80, 0x7f, 0x84, 0x1,
    0xa0, 0x1f, 0xf0, 0x84, 0x80, 0x7f, 0x94, 0x0,
    0x84, 0x1, 0xfc, 0x60, 0x7, 0x30, 0xf, 0xc8,
    0x60, 0x17, 0x0, 0x7f, 0x48, 0x5, 0xa6, 0x1,
    0xe2, 0xa0, 0xc, 0x76, 0x1, 0xf3, 0xa8, 0x4,
    0x39, 0x6, 0x0, 0x38, 0xd1, 0x0, 0xe4, 0xd6,
    0x10, 0x14, 0xb8, 0x0, 0x0,

    /* U+201D "”" */
    0x0, 0xc6, 0xce, 0xc2, 0x1, 0xfe, 0x47, 0x72,
    0x0, 0x7c, 0x39, 0x89, 0x89, 0xe9, 0x0, 0xf9,
    0x7a, 0xe2, 0x17, 0xca, 0x1, 0x87, 0xcc, 0x3,
    0x9b, 0x0, 0x39, 0x68, 0x40, 0x30, 0xd3, 0x0,
    0x50, 0x20, 0x1f, 0x1c, 0x0, 0x6b, 0x0, 0xfd,
    0x24, 0x0, 0x60, 0xf, 0xe7, 0x10, 0x2, 0x88,
    0x7, 0xf4, 0x80, 0x80, 0x7f, 0xcc, 0x0, 0x20,
    0xf, 0xf2, 0x8, 0x7, 0xff, 0x3, 0x40, 0x3f,
    0xf8, 0x4a, 0x24, 0x1, 0xfe, 0x60, 0x2, 0x0,
    0x7f, 0xc4, 0x14, 0x1, 0xff, 0xc1, 0x33, 0x0,
    0x7f, 0xf0, 0x1d, 0x0, 0x3f, 0xf8, 0x3c, 0x20,
    0x1f, 0xc6, 0x0, 0xb8, 0x20, 0x11, 0x0, 0x66,
    0x0, 0x8b, 0xd8, 0x40, 0x80, 0x38, 0x40, 0x27,
    0xdf, 0xe5, 0x0, 0xda, 0x1, 0x86, 0x7b, 0xf0,
    0x3, 0x94, 0x3, 0xe4, 0x0, 0xc8, 0x1, 0xf9,
    0xc0, 0x31, 0x8, 0x7, 0x9c, 0x3, 0x11, 0x80,
    0x7e, 0xb0, 0xd, 0x40, 0x1e, 0x18, 0x0, 0xd6,
    0x1, 0xf9, 0xc8, 0x3, 0x30, 0x7, 0xb4, 0x3,
    0x13, 0x0, 0x7c, 0x70, 0x1, 0x9c, 0x40, 0x3a,
    0xcc, 0x3, 0x70, 0x7, 0xc7, 0xa0, 0x18, 0xa0,
    0x3, 0x16, 0xa0, 0x6, 0x73, 0x0, 0xf2, 0xe0,
    0x80, 0x6e, 0x0, 0xcf, 0xa4, 0x1, 0x96, 0x0,
    0x38, 0x6a, 0x80, 0x1d, 0x46, 0x1, 0xa8, 0x3,
    0x96, 0x80, 0x3c, 0x4a, 0x1, 0xd2, 0xa0, 0x1d,
    0x0, 0x1a, 0x68, 0x3, 0xe3, 0x50, 0x8, 0x71,
    0x80, 0x3c, 0xa6, 0x7, 0x8c, 0x1, 0xfd, 0x0,
    0x6, 0xf3, 0x0, 0xfd, 0xd7, 0x86, 0x1, 0xfe,
    0x2a, 0xd9, 0x10, 0xf, 0x80,

    /* U+3001 "、" */
    0x0, 0xfc, 0x60, 0x1f, 0xfc, 0xba, 0xc7, 0x0,
    0xff, 0xe4, 0xe, 0x28, 0x44, 0x80, 0x7f, 0xf1,
    0x8b, 0xc, 0x2, 0x6b, 0x0, 0xff, 0xe2, 0x1e,
    0x10, 0x7, 0x26, 0x0, 0x7f, 0xf0, 0x97, 0x4,
    0x3, 0xe3, 0xc1, 0x0, 0xff, 0x9e, 0x80, 0x3f,
    0xc7, 0xa2, 0x1, 0xfe, 0xe0, 0xf, 0xfe, 0x1,
    0xe8, 0x80, 0x7f, 0x4b, 0x80, 0x7f, 0xf0, 0xf,
    0x40, 0x3f, 0xd1, 0x20, 0x1f, 0xfc, 0x3, 0xc0,
    0xf, 0xf3, 0x50, 0x7, 0xff, 0x0, 0xf0, 0x3,
    0xfc, 0xb4, 0x1, 0xff, 0xc0, 0x3c, 0x0, 0xff,
    0x2d, 0x0, 0x7f, 0xf0, 0xe, 0xc0, 0x3f, 0xcb,
    0x40, 0x1f, 0xfc, 0x4, 0x90, 0xf, 0xf2, 0xd0,
    0x7, 0xff, 0x1, 0xa0, 0x3, 0xfc, 0xb4, 0x1,
    0xff, 0xc0, 0x75, 0x0, 0xff, 0x2c, 0x80, 0x7f,
    0xf0, 0x24, 0x3, 0xfe, 0x69, 0x0, 0xff, 0x2e,
    0x0, 0x7f, 0xf0, 0x1a, 0x0, 0x3f, 0x3d, 0x0,
    0x7f, 0xf0, 0x9d, 0x80, 0x3d, 0x30, 0x1, 0xff,
    0xc4, 0x95, 0x0, 0xd6, 0xc0, 0x1f, 0xfc, 0x6a,
    0x20, 0x1d, 0x40, 0xf, 0xfe, 0x46, 0x27, 0x90,
    0x7, 0x80,

    /* U+3002 "。" */
    0x0, 0xfc, 0xb3, 0x9b, 0xab, 0x84, 0x0, 0xff,
    0xe0, 0x8c, 0x7d, 0x31, 0x91, 0x11, 0xef, 0x54,
    0x3, 0xfc, 0x7e, 0xe0, 0x1f, 0xc5, 0x56, 0x20,
    0x1f, 0x2e, 0x8, 0x7, 0xff, 0x1, 0x30, 0x40,
    0x38, 0xe8, 0x3, 0xff, 0x86, 0x5a, 0x1, 0xda,
    0x1, 0xe2, 0x79, 0x93, 0x8, 0x7, 0x1c, 0x0,
    0x50, 0x20, 0x18, 0x6b, 0x61, 0x99, 0x3c, 0xe0,
    0x1c, 0xe4, 0x0, 0x70, 0xe, 0xc5, 0x0, 0xf4,
    0x48, 0x7, 0x58, 0x28, 0x7, 0x51, 0x0, 0x7e,
    0x65, 0x0, 0xcc, 0x1a, 0x1, 0x89, 0x40, 0x3f,
    0xd2, 0x1, 0xc6, 0x60, 0xc, 0x80, 0x1f, 0xf1,
    0x88, 0x6, 0x60, 0xe, 0xe0, 0xf, 0xfe, 0x1,
    0x0, 0x63, 0x0, 0xef, 0x0, 0xff, 0xe0, 0x8,
    0x6, 0x32, 0x0, 0xc6, 0x1, 0xff, 0xc0, 0x20,
    0xc, 0x3e, 0x1, 0x90, 0x40, 0x3f, 0xcc, 0x1,
    0xca, 0x80, 0x1d, 0x40, 0x1f, 0xc3, 0x0, 0x18,
    0xc4, 0x90, 0x3, 0x24, 0x80, 0x7c, 0x38, 0x20,
    0x1a, 0x40, 0x10, 0x1, 0xcd, 0x8a, 0x1, 0xb,
    0xf9, 0x0, 0x62, 0x50, 0x1, 0xb0, 0x7, 0x1d,
    0x7f, 0x75, 0x2, 0x1, 0xdc, 0x1, 0xa5, 0x0,
    0x3e, 0x11, 0x0, 0x7d, 0x46, 0x1, 0xd6, 0xa0,
    0x1f, 0xfc, 0x2a, 0x50, 0xf, 0xaa, 0x40, 0x3f,
    0xe2, 0xc5, 0x0, 0xfe, 0x6e, 0x82, 0x0, 0xf2,
    0x56, 0x98, 0x7, 0xfc, 0x2f, 0xbd, 0x97, 0x6c,
    0xfb, 0x50, 0xf, 0x80,

    /* U+5468 "周" */
    0x0, 0xf8, 0x7f, 0xff, 0xfd, 0x74, 0x1, 0xff,
    0xf3, 0x10, 0xf, 0xff, 0xf8, 0x7, 0xff, 0xfc,
    0x3, 0xff, 0xfe, 0x1, 0xff, 0xff, 0x0, 0xff,
    0xff, 0x80, 0x7f, 0xf3, 0x5f, 0xff, 0xff, 0xb4,
    0x1, 0xff, 0xdc, 0xbc, 0xcf, 0x8c, 0x3, 0xff,
    0x86, 0x20, 0x1f, 0xfd, 0xb5, 0x33, 0xf9, 0xc0,
    0x3f, 0xff, 0xe0, 0x1f, 0xff, 0xf0, 0xf, 0xff,
    0xf8, 0x7, 0xfd, 0x5f, 0xff, 0xe1, 0x0, 0xfa,
    0xff, 0xff, 0xd2, 0x1, 0xff, 0xd5, 0x10, 0xf,
    0xff, 0xf8, 0x7, 0xff, 0xfc, 0x3, 0xff, 0xfe,
    0x1, 0xff, 0xff, 0x0, 0xff, 0xe3, 0xeb, 0x37,
    0xf8, 0x3, 0xf0, 0xb3, 0x7f, 0xb0, 0x3, 0xff,
    0xaa, 0xd3, 0x3f, 0xe1, 0x0, 0xfa, 0xa6, 0x7f,
    0xca, 0x1, 0xff, 0xff, 0x0, 0xff, 0xff, 0x80,
    0x7f, 0xfe, 0xfc, 0xa, 0xef, 0xff, 0x80, 0x20,
    0x1f, 0x5d, 0xff, 0xf0, 0x40, 0x3f, 0xfa, 0x42,
    0x89, 0xff, 0xc0, 0x0, 0xfe, 0x44, 0xff, 0xe0,
    0x0, 0x7f, 0xff, 0xc0, 0x3f, 0xff, 0x86, 0x1,
    0xf8, 0x40, 0x3f, 0xff, 0xe0, 0x1f, 0xfd, 0xf1,
    0x0, 0xfc, 0x60, 0x1f, 0xfe, 0xa7, 0x0, 0xfc,
    0x20, 0x7b, 0xbf, 0xfd, 0x50, 0xf, 0xfe, 0x83,
    0x80, 0x8, 0xbf, 0xfa, 0xa0, 0x1f, 0xfc, 0x71,
    0x0, 0xfc, 0x20, 0x1f, 0xfe, 0xa3, 0x0, 0xfc,
    0x60, 0x1f, 0xfe, 0xae, 0x0, 0xfc, 0x20, 0x1a,
    0x3f, 0xff, 0xf9, 0xe2, 0x1, 0xff, 0xc9, 0x10,
    0xf, 0x84, 0x3, 0xff, 0xd6, 0x60, 0x1f, 0x18,
    0x7, 0xff, 0xad, 0x80, 0x3e, 0x60, 0xf, 0xff,
    0x59, 0x0, 0x7c, 0x40, 0x1f, 0xfe, 0xa1, 0x10,
    0x7, 0xdc, 0x1, 0xff, 0xea, 0x20, 0xf, 0xc4,
    0x1, 0xff, 0xc1, 0x26, 0x6f, 0xf8, 0x3, 0xff,
    0xa2, 0xa0, 0x1f, 0x9c, 0x3, 0xff, 0x83, 0xd3,
    0x3f, 0xf0, 0x80, 0x7f, 0xf4, 0x3c, 0x3, 0xf1,
    0x0, 0x7f, 0xfa, 0x94, 0x3, 0xe2, 0x0, 0xff,
    0xf5, 0x98, 0x7, 0xce, 0x1, 0xff, 0xea, 0x40,
    0xf, 0xd8, 0x1, 0xff, 0xea, 0xc0, 0xf, 0xca,
    0x1, 0xff, 0xea, 0x50, 0xf, 0xc6, 0x1, 0xff,
    0xc2, 0xe9, 0x9f, 0xf8, 0x40, 0x3f, 0xf9, 0xc4,
    0x40, 0xf, 0x90, 0x3, 0xff, 0x86, 0x4c, 0xdf,
    0xf0, 0x7, 0xff, 0x3d, 0x40, 0x3f, 0x68, 0x7,
    0xff, 0xaa, 0x80, 0x3f, 0x38, 0x7, 0xff, 0xa5,
    0x8, 0x3, 0xe3, 0x10, 0xf, 0xff, 0x4f, 0x80,
    0x7e, 0xb0, 0xf, 0xfe, 0xf0, 0x80, 0x7f, 0x8d,
    0x0, 0x3f, 0x28, 0x7, 0xff, 0x75, 0x0, 0x3f,
    0x8, 0x3, 0xc0, 0x3f, 0x19, 0x0, 0x7f, 0xf1,
    0x33, 0xff, 0xff, 0x84, 0x60, 0x1b, 0xfb, 0xaf,
    0xb0, 0xf, 0xc6, 0xa, 0x60, 0x1f, 0xa4, 0x3,
    0xff, 0xa9, 0x20, 0x18, 0x47, 0x0, 0x7f, 0xb8,
    0x6c, 0x3, 0xf0, 0xa8, 0x7, 0xff, 0x51, 0x44,
    0x3, 0xff, 0x8a, 0x64, 0x1, 0xfd, 0x0, 0x1f,
    0xef, 0x11, 0xf8, 0x3, 0xff, 0x88, 0xe0, 0x1f,
    0xfc, 0x41, 0x43, 0xe6, 0x0, 0xf1, 0x30, 0x7,
    0xf9, 0xfb, 0xbe, 0x30, 0xf, 0xfe, 0x1d, 0x0,
    0x7f, 0xf1, 0x2c, 0x2, 0x9b, 0x10, 0xd, 0x20,
    0x1f, 0xfd, 0x73, 0x10, 0xf, 0xfe, 0x14, 0x28,
    0x6, 0x4f, 0x40, 0x2, 0x20, 0x3, 0xff, 0xb0,
    0xa0, 0x1f, 0xfc, 0x4, 0xc7, 0x0, 0xf0, 0xdb,
    0x8d, 0x0, 0x7f, 0xf6, 0x4c, 0x3, 0x8, 0x88,
    0xd5, 0xeb, 0xac, 0xc0, 0x3f, 0xa3, 0xc4, 0x3,
    0xff, 0xb3, 0x1f, 0xfb, 0xb9, 0xb9, 0x50, 0xa2,
    0x1, 0xc0,

    /* U+65E5 "日" */
    0xbc, 0xcf, 0xff, 0x2a, 0x29, 0x9f, 0xff, 0x94,
    0x40, 0x3f, 0xff, 0xe0, 0x1f, 0xff, 0xf0, 0xf,
    0xff, 0xf8, 0x7, 0xff, 0xfc, 0x3, 0xff, 0xed,
    0xff, 0xff, 0xd4, 0x0, 0xff, 0xff, 0x80, 0x7f,
    0xff, 0xc0, 0x3f, 0xff, 0xe0, 0x1f, 0xff, 0xf0,
    0xf, 0xff, 0xf8, 0x7, 0xff, 0xfc, 0x3, 0xff,
    0xfe, 0x1, 0xff, 0xff, 0x0, 0xff, 0xff, 0x80,
    0x7f, 0xfb, 0xa2, 0x3f, 0xfa, 0x80, 0x1f, 0xfc,
    0x77, 0x7f, 0xfe, 0xa0, 0x7, 0xff, 0xfc, 0x3,
    0xff, 0xfe, 0x1, 0xff, 0xff, 0x0, 0xff, 0xff,
    0x80, 0x7f, 0xff, 0xc3, 0xff, 0xff, 0xa8, 0x1,
    0xff, 0xff, 0x0, 0xff, 0xff, 0x80, 0x7f, 0xff,
    0xc0, 0x3f, 0xff, 0xe0, 0x1f, 0xff, 0xf0, 0xf,
    0xff, 0xf8, 0x7, 0xff, 0xfc, 0x3, 0xff, 0xfe,
    0x1, 0xff, 0xff, 0x0, 0xff, 0xff, 0x80, 0x7f,
    0xf5, 0xb3, 0x3f, 0xfa, 0x80, 0x1f, 0xfc, 0x73,
    0x3f, 0xfe, 0xa0, 0x7, 0xff, 0xfc, 0x3, 0xff,
    0xfe, 0x1, 0xff, 0xff, 0x0, 0xff, 0xff, 0x80,
    0x7f, 0xff, 0xc3, 0xff, 0xff, 0xa8, 0x1, 0xff,
    0xff, 0x0, 0xff, 0xff, 0x80, 0x7f, 0xf0, 0x51,
    0x3f, 0x28, 0x7, 0xff, 0x51, 0xd9, 0xbf, 0x80,

    /* U+6708 "月" */
    0x0, 0xff, 0xe0, 0x5f, 0xff, 0xff, 0x89, 0x0,
    0x3f, 0xf8, 0xe, 0x1, 0xff, 0xff, 0x0, 0xff,
    0xff, 0x80, 0x7f, 0xff, 0xc0, 0x3f, 0xff, 0xe0,
    0x1f, 0xff, 0xf0, 0xf, 0xff, 0x4a, 0xc4, 0x7f,
    0xf4, 0x0, 0x3f, 0xfa, 0x70, 0xef, 0xff, 0xd0,
    0x10, 0xf, 0xff, 0xf8, 0x7, 0xff, 0xfc, 0x3,
    0xff, 0xfe, 0x1, 0xff, 0xff, 0x0, 0xff, 0xff,
    0x80, 0x7f, 0xff, 0xd5, 0x7f, 0xfa, 0x22, 0x1,
    0xff, 0xd2, 0x8a, 0xaf, 0xfe, 0x80, 0x7, 0xff,
    0xfc, 0x3, 0xff, 0xfe, 0x1, 0xff, 0xff, 0x0,
    0xff, 0xff, 0x80, 0x7f, 0xff, 0xc0, 0x3f, 0xf8,
    0xa2, 0x3f, 0xfd, 0x0, 0xf, 0xfe, 0x9f, 0x77,
    0xff, 0x44, 0x40, 0x3f, 0xf9, 0x22, 0x1, 0xff,
    0xf8, 0x10, 0xf, 0xff, 0x31, 0x80, 0x7f, 0xfb,
    0xc4, 0x3, 0xe1, 0x0, 0xff, 0xf7, 0x98, 0x7,
    0xff, 0x98, 0x40, 0x3f, 0x30, 0x7, 0xff, 0x98,
    0xc0, 0x3f, 0x8, 0x7, 0xff, 0x99, 0x80, 0x3f,
    0x2b, 0xbf, 0xff, 0x44, 0x40, 0x3f, 0xf9, 0x4,
    0x1, 0xfd, 0x11, 0xff, 0xd1, 0x0, 0xff, 0xe4,
    0xf0, 0x7, 0xff, 0xbc, 0xc0, 0x3f, 0xfd, 0xea,
    0x1, 0xff, 0xee, 0x11, 0x0, 0x7f, 0xfb, 0x90,
    0x3, 0xff, 0xdf, 0xa0, 0x1f, 0xfe, 0xf5, 0x0,
    0xff, 0xf7, 0x11, 0x0, 0x3f, 0x7f, 0xff, 0xf4,
    0xc4, 0x3, 0xff, 0x8c, 0xa0, 0x1f, 0x8c, 0x3,
    0xff, 0xcd, 0x40, 0x1f, 0x90, 0x3, 0xff, 0xca,
    0x64, 0x1, 0xfa, 0xc0, 0x3f, 0xfc, 0xb2, 0x1,
    0xf8, 0x4c, 0x3, 0xff, 0xc8, 0x4a, 0x1, 0xf9,
    0xc0, 0x3f, 0xfc, 0xb0, 0x1, 0xfd, 0x40, 0x1f,
    0xfe, 0x43, 0x50, 0xf, 0xc4, 0x60, 0x1f, 0xfe,
    0x4e, 0x0, 0xfe, 0xb0, 0xf, 0xff, 0x23, 0x90,
    0x7, 0xe1, 0x60, 0xf, 0xff, 0x1a, 0x40, 0x7,
    0xf4, 0x80, 0x7f, 0xf5, 0x84, 0x3, 0xff, 0x80,
    0x34, 0x1, 0xfc, 0x2e, 0x1, 0xff, 0xd5, 0x30,
    0xf, 0xe7, 0x0, 0xe, 0x8, 0x7, 0xf4, 0x0,
    0x7f, 0xf2, 0x23, 0x31, 0x76, 0xaa, 0xfd, 0x78,
    0x1, 0xfc, 0x20, 0x3a, 0x40, 0x1f, 0xc6, 0xc0,
    0x1f, 0xfc, 0x8a, 0x33, 0x22, 0x15, 0x7f, 0x20,
    0x7, 0xf8, 0x87, 0xc, 0x3, 0xfd, 0xe0, 0x1f,
    0xfc, 0x92, 0x50, 0xf, 0xfe, 0x49, 0x2, 0x98,
    0x7, 0xfa, 0xc, 0x3, 0xff, 0x95, 0x20, 0x1f,
    0xfc, 0x94, 0x4, 0xf3, 0x0, 0xfc, 0x8e, 0x1,
    0xff, 0xcb, 0x32, 0x0, 0xff, 0xe4, 0x58, 0x0,
    0x71, 0x0, 0x3c, 0x54, 0x1, 0xff, 0xcd, 0xa0,
    0xf, 0xfe, 0x3c, 0x10, 0x6, 0xb5, 0x0, 0xc3,
    0x82, 0x1, 0xff, 0xcd, 0x60, 0xf, 0xfe, 0x34,
    0x38, 0x7, 0xa9, 0x40, 0x3, 0x82, 0x1, 0xff,
    0xce, 0x14, 0x0, 0xff, 0xe1, 0xb6, 0xb8, 0x7,
    0xea, 0x42, 0xc2, 0x0, 0xff, 0xe8, 0x60, 0x7,
    0xf8, 0x91, 0xef, 0xe4, 0x80, 0x3f, 0xd5, 0x84,
    0x1, 0xff, 0xd1, 0x6c, 0xcb, 0x76, 0xef, 0xfb,
    0x6e, 0x10, 0x3, 0xe0,

    /* U+FF01 "！" */
    0xd, 0xff, 0xff, 0x80, 0x3f, 0xf8, 0x82, 0x1,
    0xff, 0xcf, 0x70, 0xf, 0xf0, 0x80, 0x7f, 0xf1,
    0x4, 0x3, 0xfc, 0x60, 0x1f, 0xfc, 0x43, 0x0,
    0xff, 0x8, 0x0, 0x40, 0x3f, 0xf9, 0x8e, 0x0,
    0xf0, 0xf, 0xf0, 0x80, 0x4, 0x3, 0xfc, 0x60,
    0x2, 0x0, 0xff, 0x8, 0x1, 0xc0, 0x3f, 0xdc,
    0x0, 0x10, 0xf, 0xf1, 0x80, 0xc, 0x3, 0xfc,
    0x20, 0x1, 0x0, 0xff, 0x38, 0x4, 0x20, 0x1f,
    0xc4, 0x1, 0x18, 0x7, 0xf0, 0x80, 0x42, 0x1,
    0xff, 0xc1, 0x60, 0xf, 0xc2, 0x1, 0x8c, 0x3,
    0xf1, 0x0, 0x61, 0x0, 0xfc, 0xe0, 0x1b, 0xc0,
    0x3f, 0x8, 0x6, 0x20, 0xf, 0xc4, 0x1, 0x84,
    0x3, 0xf7, 0x80, 0x67, 0x0, 0xfc, 0x20, 0x18,
    0x40, 0x3f, 0x18, 0x6, 0x20, 0xf, 0xcc, 0x1,
    0xff, 0xc1, 0x10, 0xe, 0x10, 0xf, 0x8c, 0x3,
    0x88, 0x3, 0xe1, 0x0, 0xe7, 0x0, 0xf0, 0x80,
    0x78, 0x40, 0x3c, 0x60, 0x1e, 0x99, 0xfa, 0x0,
    0x3c, 0x6c, 0xde, 0x50, 0xf, 0xff, 0xf8, 0xc,
    0xf7, 0xfd, 0x44, 0x1, 0xc7, 0xec, 0x20, 0x12,
    0xeb, 0x0, 0x45, 0x82, 0x1, 0xf4, 0xa0, 0x2,
    0x0, 0x3f, 0xd2, 0x0, 0x50, 0xf, 0xf1, 0x19,
    0x0, 0x7f, 0xf0, 0x14, 0x40, 0x3f, 0xf8, 0x24,
    0x1, 0xff, 0xc0, 0x31, 0x20, 0xf, 0xf9, 0x2,
    0xc0, 0x3f, 0xca, 0x20, 0xc8, 0x1, 0xf8, 0xac,
    0x2, 0xb6, 0x0, 0xf2, 0x60, 0x80, 0x69, 0xd8,
    0x66, 0x46, 0x58, 0x80, 0x0,

    /* U+FF02 "＂" */
    0x89, 0x9f, 0xf0, 0x80, 0x7d, 0x33, 0xff, 0x33,
    0x7f, 0xc0, 0x1f, 0x99, 0xbf, 0xe0, 0xf, 0xfe,
    0x91, 0x80, 0x7f, 0x84, 0x3, 0xff, 0x8a, 0x20,
    0x1f, 0xfc, 0x71, 0x0, 0xff, 0x8, 0x7, 0xff,
    0x40, 0xc0, 0x3f, 0xc2, 0x1, 0xf8, 0xc0, 0x3f,
    0xce, 0x1, 0xff, 0xd0, 0x10, 0xf, 0xf1, 0x80,
    0x7e, 0x10, 0xf, 0xfe, 0xdb, 0x88, 0x7, 0xf0,
    0x80, 0x7e, 0x70, 0xf, 0xf1, 0x0, 0x7f, 0x30,
    0x7, 0xe2, 0x0, 0xfe, 0x2e, 0x0, 0xfe, 0x20,
    0xf, 0xdc, 0x1, 0xfd, 0xc4, 0x1, 0xfd, 0xa0,
    0x1f, 0x88, 0x3, 0xf8, 0xd4, 0x3, 0xf9, 0x80,
    0x3f, 0x38, 0x7, 0xf3, 0x8, 0x7, 0xf1, 0x0,
    0x7e, 0x20, 0xf, 0xe2, 0x2, 0x0, 0xfc, 0x20,
    0x1f, 0xc2, 0x1, 0xf0, 0x80, 0x18, 0x3, 0xe2,
    0x0, 0xff, 0x10, 0x7, 0xc4, 0x0, 0x30, 0xf,
    0x9c, 0x3, 0xfc, 0xa0, 0x1f, 0x28, 0x3, 0x80,
    0x3e, 0x20, 0xf, 0xf7, 0x0, 0x7d, 0xc0, 0x2,
    0x0, 0xfb, 0x80, 0x3f, 0xc4, 0x1, 0xf1, 0x0,
    0x18, 0x3, 0xe2, 0x0, 0xff, 0x30, 0x7, 0xcc,
    0x0, 0x20, 0xf, 0x94, 0x3, 0xfc, 0x40, 0x1f,
    0x18, 0x4, 0x40, 0x1e, 0x10, 0xf, 0xf0, 0x88,
    0x3, 0x84, 0x3, 0x30, 0x7, 0x10, 0x7, 0xff,
    0x0, 0x80, 0x38, 0x80, 0x31, 0x0, 0x73, 0x0,
    0x7f, 0xf0, 0x18, 0x3, 0x98, 0x3, 0x78, 0x7,
    0x18, 0x7, 0xff, 0x0, 0x80, 0x3b, 0x40, 0x33,
    0x6e, 0xf4, 0x80, 0x7f, 0xf0, 0x23, 0x77, 0x9c,
    0x0,

    /* U+FF03 "＃" */
    0x0, 0xff, 0xe1, 0x8c, 0xcf, 0x80, 0x3f, 0xf8,
    0x11, 0x33, 0xc4, 0x1, 0xff, 0xcc, 0x56, 0x6e,
    0x70, 0xf, 0xfe, 0x3, 0xb3, 0x70, 0x80, 0x7f,
    0xf3, 0x8, 0x3, 0x88, 0x3, 0xfe, 0x10, 0xf,
    0x10, 0x7, 0xff, 0x33, 0x80, 0x39, 0x80, 0x3f,
    0xe2, 0x0, 0xf0, 0x80, 0x7f, 0xf3, 0x8, 0x3,
    0x88, 0x3, 0xfe, 0x60, 0xe, 0x20, 0xf, 0xfe,
    0x6b, 0x0, 0x77, 0x0, 0x7f, 0xc4, 0x1, 0xcc,
    0x1, 0xff, 0xcd, 0x20, 0xe, 0x20, 0xf, 0xfb,
    0x40, 0x38, 0x80, 0x3f, 0xf9, 0xa2, 0x1, 0xcc,
    0x1, 0xff, 0x30, 0x7, 0x70, 0x7, 0xff, 0x30,
    0x80, 0x3c, 0x40, 0x1f, 0xf1, 0x0, 0x71, 0x0,
    0x7f, 0xf3, 0x18, 0x3, 0x84, 0x3, 0xff, 0x80,
    0x20, 0x1c, 0xc0, 0x1f, 0xfc, 0xc3, 0x0, 0xe2,
    0x0, 0xff, 0x88, 0x3, 0xc4, 0x1, 0xff, 0xcc,
    0xe0, 0xe, 0x70, 0xf, 0xf9, 0x80, 0x3c, 0x20,
    0x1f, 0xfc, 0xc2, 0x0, 0xe2, 0x0, 0xff, 0x88,
    0x3, 0x88, 0x3, 0xff, 0x83, 0x57, 0x7f, 0xf2,
    0x80, 0x72, 0x5d, 0xff, 0xf0, 0x0, 0x38, 0xee,
    0xff, 0xd4, 0x0, 0x54, 0x4f, 0xf8, 0x40, 0x38,
    0x91, 0x3f, 0xe2, 0x0, 0xe1, 0x44, 0xff, 0x28,
    0x7, 0xff, 0xfc, 0x3, 0xff, 0xfe, 0x1, 0xff,
    0xff, 0x0, 0xff, 0xe7, 0xee, 0xff, 0xc8, 0x1,
    0xcb, 0xbb, 0xff, 0x38, 0x7, 0xe, 0xef, 0xff,
    0x0, 0x0, 0x45, 0xff, 0x38, 0x7, 0x11, 0x7f,
    0xf0, 0x0, 0x3c, 0x45, 0xff, 0xc1, 0x0, 0xff,
    0xe0, 0x90, 0x7, 0x70, 0x7, 0xfc, 0x40, 0x1c,
    0xe0, 0x1f, 0xfc, 0xd1, 0x0, 0xe2, 0x0, 0xff,
    0x98, 0x3, 0x88, 0x3, 0xff, 0x98, 0x20, 0x1e,
    0x60, 0xf, 0xf8, 0x80, 0x3b, 0x80, 0x3f, 0xf9,
    0x84, 0x1, 0xe2, 0x0, 0xff, 0x84, 0x3, 0x88,
    0x3, 0xff, 0x98, 0xc0, 0x1c, 0x20, 0x1f, 0xf0,
    0x80, 0x79, 0x80, 0x3f, 0xf9, 0x84, 0x1, 0xc4,
    0x1, 0xff, 0x10, 0x7, 0x88, 0x3, 0xff, 0x99,
    0xc0, 0x1c, 0xc0, 0x1f, 0xf3, 0x0, 0x78, 0x40,
    0x3f, 0xf9, 0x84, 0x1, 0xc4, 0x1, 0xff, 0x10,
    0x7, 0x8, 0x7, 0xff, 0x35, 0x80, 0x3b, 0x80,
    0x3f, 0xee, 0x0, 0xe2, 0x0, 0xff, 0xe6, 0x90,
    0x7, 0x10, 0x7, 0xfc, 0x40, 0x1c, 0xc0, 0x1f,
    0xfc, 0xc1, 0x0, 0xf3, 0x0, 0x7f, 0xcc, 0x1,
    0xc4, 0x1, 0xff, 0xc1, 0xad, 0xdf, 0xf6, 0x0,
    0x7b, 0xf7, 0x7f, 0xe2, 0x0, 0xe6, 0xdd, 0xff,
    0x80, 0xe, 0x45, 0xff, 0x0, 0x78, 0x8b, 0xff,
    0x80, 0x1, 0xe1, 0x22, 0xff, 0x80, 0x3f, 0xff,
    0xe0, 0x1f, 0xff, 0xf0, 0xf, 0xff, 0x40, 0x80,
    0x7f, 0xf9, 0x73, 0xff, 0xfc, 0x1, 0xeb, 0xff,
    0xff, 0x94, 0x3, 0x9b, 0xff, 0xff, 0x80, 0x1,
    0xff, 0xc0, 0x20, 0xf, 0x30, 0x7, 0xfc, 0xc0,
    0x1d, 0xc0, 0x1f, 0xfc, 0xc6, 0x0, 0xf1, 0x0,
    0x7f, 0xc4, 0x1, 0xc4, 0x1, 0xff, 0xcc, 0x20,
    0xe, 0x10, 0xf, 0xfe, 0x0, 0x80, 0x73, 0x0,
    0x7f, 0xf3, 0x38, 0x3, 0x88, 0x3, 0xfe, 0x30,
    0xf, 0x10, 0x7, 0xff, 0x30, 0x80, 0x39, 0x80,
    0x3f, 0xe6, 0x0, 0xf0, 0x80, 0x7f, 0xf3, 0x18,
    0x3, 0x88, 0x3, 0xfe, 0x20, 0xe, 0x20, 0xf,
    0xfe, 0x69, 0x0, 0x77, 0x80, 0x7f, 0xdc, 0x1,
    0xcc, 0x1, 0xff, 0xcd, 0x10, 0xe, 0x20, 0xf,
    0xf8, 0x80, 0x38, 0x80, 0x3f, 0xf9, 0x84, 0x1,
    0xe6, 0x0, 0xff, 0x98, 0x3, 0xb8, 0x3, 0xff,
    0x98, 0xc0, 0x1e, 0x20, 0xf, 0xf8, 0x80, 0x38,
    0x80, 0x3f, 0xf9, 0x84, 0x1, 0xe1, 0x0, 0xff,
    0x8, 0x7, 0x98, 0x3, 0xff, 0x99, 0xc0, 0x1c,
    0x40, 0x1f, 0xf1, 0x0, 0x78, 0x80, 0x3f, 0xf9,
    0x84, 0x1, 0xcc, 0x1, 0xff, 0x30, 0x7, 0x84,
    0x3, 0xff, 0x99, 0x8c, 0xdd, 0xc0, 0x1f, 0xf3,
    0x37, 0x9c, 0x3, 0xff, 0x88,

    /* U+FF04 "＄" */
    0x0, 0xff, 0xe2, 0x97, 0xff, 0xb8, 0x3, 0xff,
    0xfe, 0x1, 0xff, 0xff, 0x0, 0xff, 0xff, 0x80,
    0x7f, 0xff, 0xc0, 0x3f, 0xfd, 0xc6, 0xf5, 0x80,
    0x1e, 0x1a, 0x74, 0x10, 0xf, 0xfe, 0x5a, 0x57,
    0xe4, 0x28, 0x80, 0x7c, 0xb1, 0x7d, 0x8c, 0x20,
    0x1f, 0xfc, 0x64, 0xcb, 0x50, 0xf, 0xfe, 0x21,
    0xcf, 0x48, 0x80, 0x7f, 0xf0, 0x86, 0xac, 0xc0,
    0x3f, 0xf9, 0x2d, 0xd2, 0x20, 0x1f, 0xf1, 0x7a,
    0x80, 0x7f, 0xf3, 0x5b, 0xd0, 0x3, 0xf8, 0xb0,
    0x40, 0x3f, 0xf9, 0xe3, 0x72, 0x1, 0xfb, 0xc4,
    0x3, 0xff, 0xa4, 0xd8, 0x20, 0x1d, 0x44, 0x1,
    0xff, 0xd4, 0x3f, 0x10, 0x8, 0xd4, 0x3, 0xff,
    0x82, 0x4a, 0xcc, 0x54, 0x20, 0xf, 0xfe, 0x13,
    0x8, 0x5, 0x20, 0x1f, 0xf1, 0xd7, 0xed, 0x4c,
    0xaa, 0xf7, 0xa9, 0x40, 0x3f, 0xcb, 0x0, 0x19,
    0x40, 0x3f, 0xd3, 0x8a, 0x1, 0xf8, 0x56, 0xb9,
    0xc4, 0x3, 0xc7, 0x40, 0x19, 0x0, 0x3f, 0xd2,
    0xc0, 0x1f, 0xfc, 0x11, 0x8e, 0x60, 0xc, 0x3a,
    0x1, 0xd8, 0x1, 0xfc, 0x4c, 0x1, 0xff, 0xc5,
    0x9c, 0x20, 0x6, 0x88, 0x7, 0x10, 0x7, 0xf2,
    0x80, 0x7f, 0xf1, 0xcf, 0x56, 0x8c, 0x3, 0xc2,
    0x1, 0xfd, 0xc0, 0x1f, 0xfc, 0x9a, 0x50, 0xf,
    0x9c, 0x3, 0xf8, 0x40, 0x3f, 0xfa, 0x4e, 0x1,
    0xfd, 0x60, 0x1f, 0xfd, 0x22, 0x0, 0xfe, 0x38,
    0x0, 0xff, 0xe8, 0xf8, 0x7, 0xf9, 0xe8, 0x40,
    0x3f, 0xf9, 0xe8, 0x1, 0xff, 0x2f, 0xb8, 0x80,
    0x7f, 0xf3, 0x48, 0xc0, 0x3f, 0xe1, 0x8e, 0xa4,
    0x0, 0xff, 0xe6, 0x40, 0x7, 0xff, 0x9, 0x6f,
    0xa0, 0xc0, 0x3f, 0xf9, 0x28, 0xa0, 0x1f, 0xfc,
    0x31, 0x7c, 0xd8, 0x30, 0xf, 0xfe, 0x3d, 0x18,
    0x7, 0xff, 0x14, 0x9f, 0x35, 0xc4, 0x3, 0xff,
    0x8b, 0xa6, 0x1, 0xff, 0xc7, 0x28, 0xeb, 0x30,
    0xf, 0xfe, 0x18, 0xe2, 0x80, 0x7f, 0xf2, 0x53,
    0x30, 0x80, 0x1f, 0xfc, 0x3a, 0xa0, 0x80, 0x7f,
    0xf2, 0x4e, 0xec, 0x40, 0x1f, 0xfc, 0x25, 0xe7,
    0x0, 0xff, 0xe5, 0x26, 0xb0, 0x7, 0xff, 0xe,
    0x3e, 0x4, 0x3, 0xff, 0x93, 0x32, 0x0, 0xff,
    0xe2, 0x3f, 0x52, 0x0, 0x7f, 0xf2, 0x1a, 0x80,
    0x3f, 0xf8, 0xab, 0x7b, 0x4, 0x1, 0xff, 0xc6,
    0x57, 0x0, 0xff, 0xe3, 0x13, 0xee, 0xa0, 0x80,
    0x3f, 0xf8, 0x90, 0x40, 0x1f, 0xfc, 0x82, 0x7d,
    0xd3, 0x8, 0x7, 0xff, 0xa, 0x0, 0x3f, 0xf9,
    0x65, 0x3d, 0x44, 0x1, 0xff, 0xc0, 0x51, 0x0,
    0xff, 0xe6, 0xae, 0xc8, 0x7, 0xff, 0x1, 0x0,
    0x3f, 0xf9, 0xed, 0xa4, 0x1, 0xfe, 0xd0, 0xf,
    0xfe, 0x81, 0x78, 0x7, 0xf8, 0x80, 0x3f, 0xfa,
    0x24, 0xa0, 0x1f, 0xc2, 0x1, 0xff, 0xd2, 0xc0,
    0xf, 0xfe, 0x10, 0x80, 0x7f, 0xf5, 0xc4, 0x3,
    0x66, 0x4, 0x3, 0xff, 0x97, 0xe0, 0x1f, 0xc6,
    0x1, 0x41, 0x1f, 0xa8, 0x7, 0xff, 0x29, 0xc0,
    0x3f, 0xb0, 0x0, 0x6e, 0x0, 0x1a, 0xb2, 0x0,
    0xff, 0xe3, 0xc8, 0x80, 0x7f, 0x38, 0x3, 0x80,
    0x39, 0x36, 0x8c, 0x3, 0xff, 0x89, 0x2c, 0x1,
    0xfc, 0x64, 0x10, 0x40, 0x1f, 0x2e, 0x6c, 0x20,
    0x7, 0xf8, 0x9f, 0x98, 0x3, 0xfd, 0x40, 0x6e,
    0x1, 0xfe, 0x27, 0xbf, 0xdb, 0xa9, 0x9a, 0xb3,
    0xb6, 0x4, 0x3, 0xfc, 0x4c, 0x1e, 0x1, 0xff,
    0xc3, 0x24, 0x56, 0x69, 0x4c, 0x40, 0x3f, 0xf8,
    0x32, 0x0, 0xe2, 0x0, 0xff, 0xeb, 0xc2, 0x0,
    0xb, 0x10, 0x3, 0xff, 0xaa, 0xee, 0x0, 0xc3,
    0x72, 0x20, 0x1f, 0xfd, 0x28, 0x80, 0x7, 0xcd,
    0xce, 0x1, 0xff, 0xcf, 0x2c, 0x70, 0xf, 0xf4,
    0x7c, 0x98, 0x7, 0xff, 0x28, 0x67, 0x4c, 0x3,
    0xff, 0x82, 0xd9, 0xb0, 0x80, 0x1f, 0xfc, 0x55,
    0xbe, 0x60, 0xf, 0xfe, 0x29, 0x3d, 0xfd, 0xcb,
    0x18, 0x7, 0xe6, 0x9c, 0xfa, 0x40, 0xf, 0xfe,
    0x5a, 0x34, 0xe6, 0x80, 0x78, 0x65, 0x8c, 0x3,
    0xff, 0xfe, 0x1, 0xff, 0xff, 0x0, 0xff, 0xff,
    0x80, 0x7f, 0xff, 0xc0, 0x3f, 0xfb, 0xa0,

    /* U+FF05 "％" */
    0x0, 0xff, 0xf0, 0x88, 0xf0, 0x7, 0xff, 0x35,
    0xaf, 0xbf, 0xee, 0xb7, 0x10, 0xf, 0xfe, 0x6e,
    0xf7, 0x73, 0x80, 0x7f, 0xf2, 0x9f, 0xe5, 0x4,
    0x2, 0x14, 0x8e, 0x91, 0x0, 0xff, 0xe5, 0x31,
    0x0, 0x61, 0x70, 0xf, 0xfe, 0x41, 0x6c, 0x0,
    0x7f, 0xcd, 0xe6, 0x1, 0xff, 0xc9, 0x80, 0xe,
    0x80, 0xf, 0xfe, 0x41, 0x61, 0x0, 0x7f, 0xf0,
    0x47, 0xc, 0x3, 0xff, 0x8e, 0xe2, 0x1, 0x89,
    0x80, 0x3f, 0xf9, 0x1e, 0x20, 0x1f, 0xfc, 0x4d,
    0x10, 0xf, 0xfe, 0x34, 0x80, 0x74, 0x0, 0x7f,
    0xf2, 0x28, 0x80, 0x3f, 0x8, 0x7, 0xe1, 0xa0,
    0xf, 0xfe, 0x2c, 0x8, 0x6, 0x25, 0x0, 0xff,
    0xe3, 0x9a, 0x80, 0x7c, 0xfd, 0xcf, 0x90, 0xf,
    0x91, 0x40, 0x3f, 0xf8, 0x62, 0xe0, 0x1d, 0x20,
    0x1f, 0xfc, 0x88, 0x0, 0xfa, 0xa0, 0x40, 0xd,
    0x80, 0x1f, 0x40, 0x7, 0xff, 0xe, 0x40, 0x38,
    0xd0, 0x3, 0xff, 0x8e, 0x28, 0x1, 0xe6, 0x50,
    0xe, 0x39, 0x0, 0xf1, 0x18, 0x7, 0xff, 0x4,
    0x5c, 0x3, 0xa0, 0x3, 0xff, 0x90, 0xc0, 0x1f,
    0x40, 0x7, 0xcc, 0x20, 0x1e, 0xa0, 0xf, 0xfe,
    0xc, 0x0, 0x72, 0x20, 0x3, 0xff, 0x91, 0x80,
    0x1e, 0x41, 0x0, 0xfc, 0xe0, 0x1e, 0x40, 0xf,
    0xfe, 0x1, 0x30, 0x7, 0x40, 0x7, 0xff, 0x25,
    0x0, 0x3d, 0x80, 0x1f, 0xda, 0x1, 0xe2, 0x10,
    0xf, 0xfa, 0x0, 0x39, 0x4c, 0x3, 0xff, 0x90,
    0x40, 0x1f, 0x10, 0x7, 0xf3, 0x0, 0x7c, 0xa0,
    0x1f, 0xe3, 0x50, 0xe, 0x80, 0xf, 0xfe, 0x4b,
    0x0, 0x7c, 0xe0, 0x1f, 0xc4, 0x1, 0xf1, 0x0,
    0x7f, 0xa0, 0x3, 0x98, 0x80, 0x3f, 0xf9, 0x24,
    0x1, 0xf1, 0x80, 0x7f, 0x84, 0x3, 0xc2, 0x1,
    0xfc, 0x68, 0x1, 0xd0, 0x1, 0xff, 0xd2, 0x10,
    0xf, 0xfe, 0x2f, 0x80, 0x7f, 0x78, 0x7, 0x38,
    0x80, 0x7f, 0xf2, 0x84, 0x3, 0xff, 0x8c, 0x60,
    0x1e, 0x10, 0xf, 0xc8, 0x60, 0x1d, 0x20, 0x1f,
    0xfe, 0xe9, 0x0, 0xe8, 0x10, 0xf, 0xfe, 0x58,
    0x80, 0x7c, 0x20, 0x1f, 0xe3, 0x0, 0xf0, 0x80,
    0x7c, 0xa4, 0x1, 0x85, 0xc0, 0x3f, 0xf9, 0x86,
    0x1, 0xff, 0xc6, 0x10, 0xf, 0x78, 0x7, 0xd0,
    0x1, 0xd2, 0x1, 0xff, 0xcd, 0x60, 0xf, 0x88,
    0x3, 0xff, 0x8a, 0x40, 0x1e, 0x62, 0x0, 0xc2,
    0xe0, 0x1f, 0xfc, 0xd2, 0x0, 0xf9, 0x80, 0x3f,
    0x8c, 0x3, 0xe6, 0x0, 0xf4, 0x0, 0x74, 0x0,
    0x7f, 0x12, 0xbc, 0x3a, 0x90, 0x7, 0xf8, 0x44,
    0x1, 0xec, 0x0, 0xfe, 0x50, 0xf, 0x8c, 0x3,
    0x9c, 0x40, 0x31, 0x30, 0x7, 0x85, 0xf7, 0x55,
    0xf, 0x15, 0xbd, 0x2, 0x1, 0xf9, 0x0, 0x3c,
    0x80, 0x1f, 0xd8, 0x1, 0xe3, 0x0, 0xf4, 0x80,
    0x74, 0x0, 0x79, 0x7e, 0x8, 0x3, 0xe1, 0x7f,
    0x60, 0xf, 0xbc, 0x3, 0xc4, 0x80, 0x1f, 0xa,
    0x80, 0x7a, 0xc0, 0x3a, 0x4, 0x3, 0x1a, 0x80,
    0x74, 0xd0, 0x80, 0x7f, 0xc3, 0x32, 0x0, 0xf2,
    0x80, 0x7d, 0x0, 0x1f, 0x58, 0x7, 0xcc, 0x1,
    0x85, 0xc0, 0x3a, 0x0, 0x3a, 0x58, 0x3, 0xff,
    0x86, 0xd2, 0x1, 0xe7, 0x0, 0xf1, 0xd0, 0x7,
    0x3a, 0x80, 0x79, 0x44, 0x3, 0x48, 0x7, 0x22,
    0x0, 0x32, 0xb0, 0x7, 0xff, 0x15, 0x94, 0x3,
    0xa4, 0x3, 0xe5, 0xc5, 0x35, 0xb8, 0x0, 0xfa,
    0x0, 0x30, 0xb8, 0x7, 0x40, 0x6, 0x1a, 0x0,
    0xfc, 0x8c, 0xa0, 0x1f, 0xa8, 0x40, 0x30, 0xc8,
    0x7, 0xc7, 0x59, 0x48, 0x1, 0xf3, 0x90, 0x6,
    0x80, 0xe, 0x43, 0x0, 0xd0, 0x1, 0xf1, 0xf5,
    0xcd, 0x71, 0x80, 0x7d, 0x20, 0x1c, 0xc8, 0x1,
    0xff, 0xc5, 0x38, 0x0, 0xc4, 0xc0, 0x1d, 0x20,
    0x18, 0x58, 0x3, 0xc5, 0x82, 0x1, 0xe, 0x10,
    0x7, 0x9c, 0x3, 0xd6, 0x60, 0x1f, 0xfc, 0x32,
    0xd0, 0xe, 0x80, 0xe, 0x52, 0x0, 0xce, 0x1,
    0xf7, 0x0, 0x7d, 0x20, 0x1f, 0x30, 0x7, 0xb1,
    0x80, 0x3f, 0xf8, 0x29, 0x82, 0x1, 0x8d, 0x40,
    0x3a, 0x0, 0x3b, 0x40, 0x3c, 0x66, 0x0, 0xf9,
    0x8, 0x3, 0xda, 0x1, 0xf4, 0xd9, 0x80, 0x7f,
    0x15, 0x58, 0x80, 0x74, 0x0, 0x73, 0x10, 0x7,
    0x20, 0x7, 0xac, 0x3, 0xf9, 0x40, 0x3c, 0xa0,
    0x1f, 0x93, 0x36, 0x14, 0xc8, 0xd1, 0xf3, 0x54,
    0x3, 0xc6, 0x80, 0x1d, 0x0, 0x1c, 0x60, 0x1f,
    0x18, 0x7, 0xf6, 0x0, 0x78, 0x48, 0x3, 0xf8,
    0x9e, 0xb3, 0x72, 0xe0, 0xc0, 0x3f, 0x78, 0x7,
    0x38, 0x80, 0x73, 0x0, 0x7c, 0xc0, 0x1f, 0xcc,
    0x1, 0xf3, 0x0, 0x7f, 0xf3, 0x50, 0xc0, 0x30,
    0xc8, 0x7, 0x88, 0x3, 0xe2, 0x0, 0xfe, 0x20,
    0xf, 0x88, 0x3, 0xff, 0x9b, 0x20, 0x1d, 0x22,
    0x1, 0xef, 0x0, 0xff, 0xe6, 0x88, 0x7, 0xff,
    0x31, 0x48, 0x3, 0xb, 0x80, 0x7c, 0x20, 0x1e,
    0x10, 0xf, 0xfe, 0x37, 0x80, 0x7f, 0xf3, 0x20,
    0x3, 0xa0, 0x3, 0xff, 0xdc, 0xc4, 0x1, 0x89,
    0x80, 0x3f, 0x8, 0x7, 0xff, 0x37, 0xc0, 0x3f,
    0xf9, 0x70, 0x1, 0xd0, 0x1, 0xff, 0xc4, 0x10,
    0xf, 0xfe, 0xeb, 0x88, 0x6, 0x25, 0x0, 0xfe,
    0xe0, 0xf, 0x84, 0x3, 0xf8, 0x40, 0x3e, 0x20,
    0xf, 0xfe, 0x54, 0x80, 0x74, 0x80, 0x7f, 0x88,
    0x3, 0xe2, 0x0, 0xfe, 0x20, 0xf, 0x98, 0x3,
    0xff, 0x93, 0x2, 0x1, 0x8d, 0x0, 0x3f, 0xca,
    0x1, 0xf3, 0x0, 0x7f, 0x28, 0x7, 0xc4, 0x1,
    0xff, 0xc8, 0x17, 0x0, 0xef, 0x0, 0xff, 0x84,
    0x80, 0x3d, 0xe0, 0x1f, 0xd8, 0x1, 0xe2, 0x10,
    0xf, 0xfe, 0x44, 0x0, 0x72, 0x18, 0x7, 0xff,
    0x1, 0x0, 0x3c, 0x80, 0x1f, 0x85, 0x40, 0x3c,
    0xa0, 0x1f, 0xfc, 0x81, 0x60, 0xe, 0x80, 0xf,
    0xfe, 0xd, 0x0, 0x78, 0x5c, 0x3, 0xe9, 0x0,
    0xfa, 0xc0, 0x3f, 0xf9, 0x10, 0x1, 0xca, 0x60,
    0x1f, 0xfc, 0x13, 0x20, 0xf, 0x41, 0x80, 0x71,
    0xb8, 0x7, 0x8c, 0xc0, 0x1f, 0xfc, 0x72, 0x60,
    0xe, 0x80, 0xf, 0xfe, 0x1c, 0x0, 0x7d, 0x8c,
    0x1, 0x36, 0x0, 0x7d, 0x0, 0x1f, 0xfc, 0x88,
    0x0, 0xe6, 0x20, 0xf, 0xfe, 0x1a, 0xa0, 0x7,
    0xd3, 0xfb, 0xf2, 0x1, 0xf2, 0x20, 0x3, 0xff,
    0x8e, 0x6a, 0x1, 0xd0, 0x1, 0xff, 0xc5, 0xa1,
    0x0, 0xfc, 0x40, 0x1f, 0x86, 0x80, 0x3f, 0xf9,
    0x10, 0x1, 0xce, 0x20, 0x1f, 0xfc, 0x51, 0xd0,
    0xf, 0xfe, 0x2e, 0x88, 0x7, 0xff, 0x1d, 0x10,
    0x1, 0xd2, 0x1, 0xff, 0xc7, 0x3c, 0x20, 0xf,
    0xfe, 0x8, 0xe1, 0x80, 0x7f, 0xf2, 0x20, 0x3,
    0xa0, 0x40, 0x3f, 0xf9, 0x7, 0x8c, 0x1, 0xff,
    0x37, 0x98, 0x7, 0xff, 0x21, 0xc, 0x3, 0xb,
    0x80, 0x7f, 0xf2, 0x86, 0x7a, 0xc, 0x3, 0x8e,
    0x3a, 0x44, 0x3, 0xff, 0x92, 0xbb, 0xbd, 0xe0,
    0x1f, 0xfc, 0xd1, 0x7c, 0xfe, 0xde, 0xfc, 0x71,
    0x0, 0xfc,

    /* U+FF06 "＆" */
    0x0, 0xff, 0xe3, 0x89, 0x8, 0x7, 0xff, 0x7d,
    0x6b, 0x7f, 0xb7, 0xbf, 0xad, 0xc8, 0x3, 0xff,
    0xb0, 0xfd, 0x4a, 0x40, 0x1c, 0x29, 0x1b, 0x66,
    0x1, 0xff, 0xd4, 0x3d, 0x81, 0x0, 0xff, 0xe0,
    0x26, 0x40, 0x7, 0xff, 0x49, 0x70, 0x80, 0x3f,
    0xf8, 0x8f, 0x40, 0x1f, 0xfd, 0x4, 0xa0, 0xf,
    0xfe, 0x3a, 0xc8, 0x7, 0xff, 0x38, 0x68, 0x3,
    0xff, 0x92, 0xc8, 0x1, 0xff, 0xcd, 0xb1, 0x0,
    0xff, 0x10, 0x80, 0x7f, 0xa0, 0x3, 0xff, 0x98,
    0x4a, 0x1, 0xf8, 0xef, 0xf7, 0xb8, 0xe0, 0x1f,
    0x8c, 0x80, 0x3f, 0xf9, 0x74, 0x1, 0xf9, 0x31,
    0x0, 0x21, 0x89, 0x0, 0xfc, 0xa0, 0x1f, 0xfc,
    0xb5, 0x0, 0xfd, 0x40, 0x1f, 0x32, 0x0, 0x7d,
    0xa0, 0x1f, 0xfc, 0xb2, 0x0, 0xf9, 0x84, 0x3,
    0xf6, 0x80, 0x7c, 0xc0, 0x1f, 0xfc, 0xa2, 0x0,
    0xfd, 0x80, 0x1f, 0xca, 0x1, 0xf0, 0x80, 0x7f,
    0xf2, 0x84, 0x3, 0xf0, 0x80, 0x7f, 0xf1, 0x44,
    0x3, 0xff, 0x94, 0xe0, 0x1f, 0x9c, 0x3, 0xf9,
    0x80, 0x3e, 0x70, 0xf, 0xfe, 0x53, 0x80, 0x7e,
    0x60, 0xf, 0xef, 0x0, 0xf8, 0x80, 0x3f, 0xf9,
    0x42, 0x1, 0xfb, 0x0, 0x3f, 0x12, 0x80, 0x7d,
    0x80, 0x1f, 0xfc, 0xa2, 0x0, 0xfc, 0xe0, 0x1f,
    0xb8, 0x3, 0xf2, 0x80, 0x7f, 0xf2, 0xd0, 0x3,
    0xe1, 0x50, 0xf, 0x59, 0x80, 0x7c, 0xe0, 0x1f,
    0xfc, 0xcc, 0x0, 0xfd, 0x0, 0x1d, 0x68, 0x1,
    0xf0, 0xc8, 0x7, 0xff, 0x31, 0x80, 0x3f, 0x13,
    0x80, 0xf, 0x50, 0x3, 0xf5, 0x8, 0x7, 0xff,
    0x30, 0x54, 0x3, 0xf4, 0x1c, 0x61, 0x0, 0x7e,
    0x84, 0x0, 0xff, 0xe7, 0x48, 0x7, 0xf6, 0x38,
    0x7, 0xf3, 0x38, 0x7, 0xff, 0x3c, 0xd4, 0x3,
    0xff, 0x8c, 0xf2, 0x1, 0xff, 0xd1, 0x80, 0xf,
    0xfe, 0x2d, 0x40, 0x7, 0xff, 0x48, 0xa0, 0x3,
    0xff, 0x84, 0x7a, 0xa0, 0x1f, 0xe5, 0x99, 0xfc,
    0xe0, 0x1f, 0xfc, 0x4, 0x0, 0xff, 0xe0, 0xbe,
    0x10, 0x7, 0xfd, 0x2c, 0xdf, 0xb8, 0x3, 0xfe,
    0x8c, 0x0, 0xff, 0xe0, 0x2c, 0x0, 0x7f, 0xf0,
    0x4c, 0x3, 0xf6, 0x0, 0x7f, 0x16, 0x38, 0x7,
    0xff, 0x5, 0x60, 0x3, 0xff, 0x80, 0x40, 0x1f,
    0xc8, 0x1, 0xf9, 0x34, 0xc0, 0x3f, 0xf8, 0x6f,
    0x20, 0x1f, 0xf3, 0x80, 0x7e, 0x21, 0x0, 0xf9,
    0x6c, 0x3, 0xff, 0x8c, 0xd6, 0x1, 0xfe, 0xf0,
    0xf, 0xca, 0x1, 0xf2, 0xd0, 0x7, 0xff, 0x21,
    0x34, 0x40, 0x3f, 0x28, 0x7, 0xeb, 0x0, 0xf1,
    0xd0, 0x7, 0xfa, 0x50, 0x3, 0xfc, 0x5e, 0x60,
    0x1e, 0x50, 0xf, 0xc4, 0x60, 0x1c, 0x3a, 0x1,
    0xfc, 0x58, 0xd6, 0x80, 0x1f, 0xe1, 0xc5, 0x0,
    0xee, 0x0, 0xfd, 0x40, 0x1e, 0xb1, 0x0, 0xfc,
    0x3e, 0x60, 0xb, 0x30, 0xf, 0xfa, 0xa0, 0x2,
    0x34, 0x0, 0xfc, 0xc0, 0x1c, 0x6a, 0x1, 0xf8,
    0x70, 0x80, 0x36, 0x18, 0x7, 0xfc, 0xf6, 0x0,
    0x80, 0xf, 0xca, 0x20, 0x1d, 0x20, 0x1f, 0xd4,
    0x40, 0x1e, 0xc4, 0x0, 0xff, 0x93, 0x59, 0x0,
    0x3f, 0x48, 0x7, 0x94, 0x3, 0xf2, 0x20, 0x3,
    0xf5, 0xb0, 0x7, 0xfc, 0x52, 0x1, 0xf9, 0xc,
    0x3, 0x88, 0x3, 0xfb, 0x80, 0x3f, 0xd2, 0xe0,
    0x1f, 0xfc, 0x88, 0x0, 0xf3, 0x0, 0x7f, 0x38,
    0x7, 0xfd, 0x10, 0x0, 0xff, 0xe3, 0x21, 0x80,
    0x78, 0x40, 0x3f, 0x88, 0x3, 0xff, 0x80, 0xf4,
    0x1, 0xff, 0xc5, 0x90, 0xf, 0x8c, 0x3, 0xf8,
    0x40, 0x3f, 0xf8, 0x2b, 0x82, 0x1, 0xff, 0xc2,
    0x72, 0x0, 0xf8, 0xc0, 0x3f, 0x94, 0x3, 0xff,
    0x84, 0x7e, 0x40, 0x1f, 0xfc, 0x13, 0x10, 0xf,
    0x98, 0x3, 0xfb, 0x40, 0x3f, 0xf8, 0x63, 0xa6,
    0x1, 0xff, 0xc0, 0x4f, 0x40, 0xf, 0x18, 0x7,
    0xf3, 0x18, 0x7, 0xff, 0xc, 0x84, 0x3, 0xff,
    0x82, 0x37, 0x20, 0x1e, 0x30, 0xf, 0xed, 0x40,
    0xf, 0xfe, 0xa, 0xe9, 0x0, 0x7f, 0xf0, 0xdb,
    0x90, 0x3, 0x50, 0x7, 0xf0, 0xdd, 0x10, 0x7,
    0xf1, 0xdd, 0x0, 0x7f, 0xf1, 0x86, 0xec, 0x40,
    0x6, 0x10, 0xf, 0xf2, 0xee, 0xa1, 0x90, 0xcc,
    0xb1, 0xb8, 0x80, 0x1f, 0xfc, 0x94, 0xd7, 0x0,
    0x48, 0x7, 0xff, 0x0, 0x9e, 0x6f, 0x31, 0x4e,
    0x40, 0x1f, 0xfc, 0xd2, 0x0, 0x39, 0x80, 0x7f,
    0xf4, 0xc4, 0x3, 0xff, 0x80, 0x6a, 0x1, 0x68,
    0x80, 0x7f, 0xf4, 0x6, 0xfa, 0x80, 0x3f, 0xef,
    0x0, 0xc3, 0xe4, 0x1, 0xff, 0xce, 0x3c, 0x40,
    0x5d, 0x30, 0xf, 0xca, 0x60, 0x1c, 0x3a, 0xa0,
    0x1f, 0xfc, 0xc7, 0xc2, 0x0, 0x8b, 0x24, 0x3,
    0xeb, 0x0, 0xfd, 0x56, 0x60, 0x1f, 0xfc, 0x85,
    0xd8, 0x0, 0xf9, 0xb9, 0x40, 0x33, 0x88, 0x7,
    0xf2, 0x66, 0x18, 0x40, 0x3f, 0xf8, 0x44, 0xfb,
    0x44, 0x1, 0xfc, 0x35, 0x84, 0x3, 0x0, 0x1f,
    0xfc, 0x3, 0x9e, 0xd9, 0x75, 0x33, 0x11, 0xd,
    0x16, 0x2b, 0x75, 0x4, 0x1, 0xff, 0xc1, 0x3d,
    0x8b, 0x0, 0xc0,

    /* U+FF07 "＇" */
    0x29, 0x9f, 0xf3, 0x37, 0xff, 0x3, 0x40, 0x3f,
    0xf8, 0xe, 0x1, 0xfe, 0x10, 0xf, 0xfe, 0x0,
    0x80, 0x7f, 0x8c, 0x3, 0xff, 0x80, 0x60, 0x1f,
    0xe1, 0x0, 0xff, 0xe5, 0xf8, 0x80, 0x7f, 0xf0,
    0x4, 0x3, 0xf8, 0x80, 0x80, 0x3f, 0x98, 0x18,
    0x3, 0xf8, 0x83, 0x40, 0x3f, 0x8, 0x80, 0x80,
    0x3f, 0x10, 0x1, 0x80, 0x3f, 0x30, 0x0, 0x80,
    0x3f, 0x10, 0x0, 0x44, 0x1, 0xf6, 0x80, 0x44,
    0x1, 0xf3, 0x0, 0x4c, 0x1, 0xf1, 0x0, 0x44,
    0x1, 0xf0, 0x80, 0x5c, 0x1, 0xe2, 0x0, 0xca,
    0x1, 0xe7, 0x0, 0xc4, 0x1, 0xe2, 0x0, 0xc2,
    0x1, 0xee, 0x0, 0xe2, 0x0, 0xe2, 0x0, 0xec,
    0xdd, 0xe4, 0x0, 0x0,

    /* U+FF08 "（" */
    0x0, 0xff, 0xe1, 0x3d, 0x18, 0x7, 0xff, 0x19,
    0xa1, 0x73, 0xa, 0x1, 0xff, 0xc3, 0x59, 0x0,
    0x8e, 0xb9, 0xc0, 0x3f, 0xf8, 0x7, 0x40, 0x1e,
    0x18, 0x60, 0xf, 0xf0, 0xe8, 0x7, 0xe6, 0x60,
    0x7, 0xfa, 0x84, 0x3, 0xe4, 0x90, 0xf, 0xf3,
    0xa0, 0x7, 0xc5, 0x60, 0x1f, 0xe2, 0x80, 0xf,
    0xde, 0x1, 0xff, 0x70, 0x7, 0xe9, 0x20, 0xf,
    0xf3, 0x18, 0x7, 0xc8, 0xc0, 0x1f, 0xe1, 0x80,
    0xf, 0x86, 0x80, 0x3f, 0xe8, 0x10, 0xf, 0xac,
    0x40, 0x3f, 0xc2, 0xc0, 0x1f, 0x22, 0x80, 0x7f,
    0xd0, 0x1, 0xfa, 0x40, 0x3f, 0xe1, 0x60, 0xf,
    0x94, 0x80, 0x3f, 0xe6, 0x0, 0xfd, 0x0, 0x1f,
    0xfc, 0x9, 0x0, 0xf9, 0x48, 0x3, 0xfe, 0x41,
    0x0, 0xfb, 0x80, 0x3f, 0xf8, 0x1c, 0x1, 0xf1,
    0x20, 0x7, 0xff, 0x1, 0x40, 0x3e, 0xa0, 0xf,
    0xfe, 0x2, 0x0, 0x7e, 0x60, 0xf, 0xfe, 0x6,
    0x80, 0x7c, 0x62, 0x1, 0xff, 0xc0, 0x40, 0xf,
    0xac, 0x3, 0xff, 0x80, 0x24, 0x1, 0xf2, 0x0,
    0x7f, 0xf0, 0x14, 0x3, 0xf1, 0x80, 0x7f, 0xf0,
    0xc, 0x3, 0xe4, 0x0, 0xff, 0xe0, 0xe8, 0x7,
    0xc4, 0x1, 0xff, 0xc1, 0x60, 0xf, 0xbc, 0x3,
    0xff, 0x82, 0x40, 0x1f, 0x10, 0x7, 0xff, 0x4,
    0x40, 0x3e, 0x60, 0xf, 0xfe, 0x0, 0x80, 0x7e,
    0x20, 0xf, 0xfe, 0x1, 0x80, 0x7f, 0xf2, 0x44,
    0x3, 0xff, 0xa2, 0x20, 0x1f, 0xfc, 0x17, 0x0,
    0xff, 0xe4, 0xb8, 0x7, 0xff, 0x7c, 0x40, 0x3e,
    0x10, 0xf, 0xfe, 0xb9, 0x0, 0x7e, 0x20, 0xf,
    0xfe, 0x48, 0x80, 0x7f, 0xf0, 0x48, 0x3, 0xe6,
    0x0, 0xff, 0xe0, 0xb0, 0x7, 0xda, 0x1, 0xff,
    0xc1, 0x30, 0xf, 0x8c, 0x3, 0xff, 0x83, 0xa0,
    0x1f, 0x28, 0x7, 0xff, 0x5, 0xc0, 0x3e, 0x12,
    0x0, 0xff, 0xe0, 0x10, 0x80, 0x7c, 0x80, 0x1f,
    0xfc, 0x14, 0x0, 0xfb, 0x40, 0x3f, 0xf8, 0x38,
    0x1, 0xf2, 0x0, 0x7f, 0xf0, 0x5c, 0x3, 0xf2,
    0x80, 0x7f, 0xf0, 0x5, 0x0, 0x3e, 0xe0, 0xf,
    0xfe, 0xe, 0x80, 0x7c, 0x84, 0x1, 0xff, 0xc0,
    0x60, 0xf, 0xd4, 0x1, 0xff, 0xc1, 0x60, 0xf,
    0x9c, 0x40, 0x3f, 0xf8, 0x14, 0x1, 0xfa, 0x40,
    0x3f, 0xf8, 0x6, 0x80, 0x1f, 0x38, 0x80, 0x7f,
    0xf0, 0x20, 0x3, 0xf4, 0x0, 0x7f, 0xf0, 0xd,
    0x0, 0x3e, 0x63, 0x0, 0xff, 0xe0, 0x40, 0x7,
    0xee, 0x0, 0xff, 0xe0, 0x1b, 0x0, 0x7c, 0x50,
    0x1, 0xff, 0xc0, 0x81, 0x0, 0xf9, 0xcc, 0x3,
    0xfe, 0x1b, 0x0, 0xfd, 0xc0, 0x1f, 0xfc, 0x5,
    0x50, 0x7, 0xc5, 0x40, 0x1f, 0xfc, 0xa, 0x20,
    0xf, 0x96, 0x0, 0x3f, 0xf8, 0x1c, 0x1, 0xf9,
    0xd4, 0x3, 0xfe, 0x39, 0x0, 0xfd, 0x46, 0x1,
    0xff, 0x33, 0x80, 0x7c, 0x80, 0x1f, 0xfc, 0x18,
    0x50, 0xc, 0xdb, 0x66, 0x1, 0xff, 0xc1, 0xa4,
    0x17, 0xe9, 0x20, 0xf, 0xfe, 0x25, 0xf4, 0x8,
    0x6,

    /* U+FF09 "）" */
    0x0, 0xe3, 0xa7, 0x0, 0xff, 0xe2, 0xae, 0x61,
    0x61, 0x80, 0x3f, 0xf8, 0x4f, 0xd4, 0x60, 0x14,
    0xa8, 0x7, 0xff, 0x1, 0xa0, 0x40, 0x3d, 0x46,
    0x1, 0xff, 0x33, 0x0, 0x3f, 0x68, 0x80, 0x7f,
    0xd2, 0x80, 0x1f, 0xd, 0x0, 0x7f, 0xf0, 0x2c,
    0x80, 0x3e, 0x47, 0x0, 0xff, 0xe0, 0x78, 0x7,
    0xe8, 0x20, 0xf, 0xf8, 0xa4, 0x3, 0xf7, 0x0,
    0x7f, 0xf0, 0x19, 0x0, 0x3e, 0x37, 0x0, 0xff,
    0xe0, 0x50, 0x80, 0x7d, 0x2, 0x1, 0xff, 0xd,
    0x80, 0x7e, 0x80, 0xf, 0xfe, 0x2, 0x98, 0x7,
    0xcc, 0x20, 0x1f, 0xfc, 0xf, 0x0, 0xfd, 0x0,
    0x1f, 0xfc, 0x3, 0x50, 0xf, 0x98, 0x40, 0x3f,
    0xf8, 0x10, 0x1, 0xf9, 0x80, 0x3f, 0xf8, 0x4,
    0xa0, 0x1f, 0x48, 0x7, 0xff, 0x7, 0x80, 0x3e,
    0x14, 0x0, 0xff, 0xe0, 0x21, 0x0, 0x7d, 0xc0,
    0x1f, 0xfc, 0x1a, 0x0, 0xf9, 0x40, 0x3f, 0xf8,
    0x2a, 0x1, 0xf9, 0x0, 0x3f, 0xf8, 0x4, 0x60,
    0x1f, 0x68, 0x7, 0xff, 0x6, 0xc0, 0x3e, 0x40,
    0xf, 0xfe, 0xa, 0x0, 0x7c, 0x42, 0x1, 0xff,
    0xc0, 0x30, 0xf, 0xca, 0x1, 0xff, 0xc1, 0x30,
    0xf, 0x8c, 0x3, 0xff, 0x82, 0xa0, 0x1f, 0x68,
    0x7, 0xff, 0x7, 0xc0, 0x3e, 0x60, 0xf, 0xfe,
    0x9, 0x0, 0x7c, 0x40, 0x1f, 0xfc, 0x16, 0x0,
    0xf8, 0x40, 0x3f, 0xf8, 0x26, 0x1, 0xf8, 0x40,
    0x3f, 0xf8, 0x2, 0x1, 0xf8, 0xc0, 0x3f, 0xf9,
    0x22, 0x1, 0xff, 0xc1, 0x10, 0xf, 0xfe, 0x8b,
    0x80, 0x7f, 0xf2, 0x5c, 0x3, 0xff, 0x82, 0x20,
    0x1f, 0xfd, 0x11, 0x0, 0xff, 0xe4, 0x98, 0x7,
    0xff, 0x0, 0x80, 0x3f, 0x8, 0x7, 0xff, 0x0,
    0x40, 0x3e, 0x10, 0xf, 0xfe, 0xb, 0x0, 0x7c,
    0x60, 0x1f, 0xfc, 0x1d, 0x0, 0xf9, 0x80, 0x3f,
    0xf8, 0x26, 0x1, 0xf1, 0x80, 0x7f, 0xf0, 0x54,
    0x3, 0xed, 0x0, 0xff, 0xe0, 0x10, 0x80, 0x7c,
    0xe0, 0x1f, 0xfc, 0x4, 0x0, 0xf8, 0x48, 0x3,
    0xff, 0x81, 0xa0, 0x1f, 0x20, 0x7, 0xff, 0x0,
    0x50, 0x3, 0xef, 0x0, 0xff, 0xe0, 0x38, 0x7,
    0xe4, 0x0, 0xff, 0xe0, 0x50, 0x7, 0xc8, 0x20,
    0x1f, 0xf1, 0x18, 0x7, 0xda, 0x1, 0xff, 0xc0,
    0xb0, 0xf, 0xcc, 0x1, 0xff, 0xb, 0x0, 0x7c,
    0xc0, 0x1f, 0xfc, 0x9, 0x0, 0xfd, 0x40, 0x1f,
    0xf0, 0xb8, 0x7, 0xc8, 0x60, 0x1f, 0xf4, 0x0,
    0x7e, 0x80, 0xf, 0xf8, 0xd8, 0x3, 0xe3, 0x30,
    0x7, 0xfd, 0xc0, 0x1f, 0xbc, 0x3, 0xfe, 0x82,
    0x0, 0xf9, 0x8c, 0x3, 0xfc, 0x6e, 0x1, 0xf0,
    0xc0, 0x7, 0xfd, 0xc0, 0x1f, 0xac, 0x40, 0x3f,
    0xd4, 0x40, 0x1f, 0x22, 0x80, 0x7f, 0xa1, 0x40,
    0x3e, 0x1a, 0x0, 0xff, 0x2b, 0x80, 0x7e, 0xd1,
    0x0, 0xfe, 0x3a, 0x0, 0xfd, 0x26, 0x1, 0xff,
    0x20, 0x7, 0xcc, 0xc0, 0xf, 0xf8, 0xef, 0x58,
    0x3, 0x24, 0x80, 0x7f, 0xf0, 0x8a, 0x79, 0xc5,
    0x2c, 0x3, 0xff, 0x8a, 0x31, 0xd6, 0x1, 0xff,
    0xc2,

    /* U+FF0A "＊" */
    0x0, 0xff, 0xff, 0xd7, 0xff, 0x0, 0x7f, 0xf8,
    0x84, 0x3, 0xff, 0xfe, 0x1, 0xff, 0xd0, 0x70,
    0xf, 0xff, 0x68, 0x80, 0x7f, 0xf8, 0x44, 0x3,
    0xff, 0xce, 0x60, 0x1c, 0x60, 0x1f, 0xff, 0xf0,
    0xf, 0xfe, 0x50, 0x80, 0x70, 0x80, 0x7f, 0xff,
    0xc0, 0x3f, 0xfa, 0xe, 0x1, 0xff, 0xcd, 0x51,
    0x0, 0xff, 0xef, 0xb0, 0x7, 0x15, 0x74, 0x0,
    0x7f, 0xf1, 0x4, 0x3, 0xc2, 0x1, 0xff, 0xc4,
    0x5d, 0x97, 0x0, 0xd2, 0x0, 0x7e, 0x60, 0xf,
    0xfe, 0xc2, 0x65, 0x10, 0x40, 0x80, 0x15, 0x0,
    0x21, 0x9d, 0x50, 0xf, 0xfe, 0x1, 0x80, 0x78,
    0xc0, 0x3f, 0xf8, 0x7, 0x76, 0x30, 0xd, 0x0,
    0x8, 0x0, 0xf1, 0x56, 0x20, 0x7, 0xff, 0x40,
    0xab, 0x10, 0x3, 0xcc, 0x42, 0x20, 0xf, 0xc7,
    0x76, 0x30, 0xf, 0xc2, 0x1, 0xe1, 0x0, 0xfc,
    0x33, 0xaa, 0x1, 0xf8, 0x58, 0x72, 0x0, 0x3f,
    0x93, 0x28, 0x80, 0x3c, 0xe0, 0x1f, 0xfc, 0x11,
    0x8e, 0x60, 0xf, 0xe6, 0xf4, 0x0, 0x3f, 0x28,
    0x7, 0xf2, 0xec, 0x88, 0x7, 0xff, 0x15, 0xfd,
    0xc0, 0x3f, 0x8b, 0x24, 0x40, 0x30, 0xd5, 0x88,
    0x7, 0xf3, 0x74, 0x0, 0x42, 0x1, 0xef, 0x0,
    0x9b, 0xa0, 0x40, 0x3f, 0xa3, 0x4c, 0x3, 0xf2,
    0x73, 0x80, 0x7f, 0x9f, 0x98, 0x3, 0xfc, 0xbb,
    0x22, 0x1, 0xfc, 0x9a, 0xe0, 0x1f, 0xfc, 0x8,
    0xd3, 0x0, 0xfe, 0x19, 0xdf, 0x0, 0xf1, 0xe5,
    0x10, 0x7, 0xf0, 0xd5, 0x90, 0x7, 0xff, 0x8,
    0xb2, 0x40, 0x3f, 0xc4, 0xa0, 0x1e, 0x43, 0x0,
    0xff, 0x37, 0x28, 0x7, 0xff, 0x19, 0xb9, 0x40,
    0x3f, 0xf9, 0xc7, 0x92, 0x1, 0xff, 0xc9, 0x1a,
    0xb2, 0x0, 0xff, 0xe5, 0xce, 0x18, 0x7, 0xff,
    0x31, 0x35, 0xc0, 0x3f, 0xf9, 0xb, 0xcc, 0x1,
    0xff, 0xd0, 0x8d, 0x30, 0xf, 0xfe, 0x21, 0x5d,
    0x8, 0x7, 0xff, 0x48, 0xb2, 0x40, 0x3f, 0xf8,
    0x4d, 0xa8, 0x1, 0xff, 0xd5, 0x4b, 0x0, 0xff,
    0xe1, 0x3b, 0x0, 0x7f, 0xf5, 0x6, 0xac, 0x80,
    0x3f, 0xf8, 0x43, 0x38, 0x60, 0x1f, 0xfd, 0x16,
    0xe5, 0x0, 0xff, 0xe3, 0x1e, 0x40, 0x7, 0xff,
    0x38, 0xf2, 0x40, 0x3f, 0xf9, 0x4f, 0xca, 0x1,
    0xff, 0xcb, 0x9c, 0x30, 0xf, 0xfe, 0x60, 0xd5,
    0x90, 0x7, 0xff, 0x1d, 0x79, 0x80, 0x3f, 0xc2,
    0x1, 0xe1, 0x0, 0xff, 0x26, 0xb8, 0x7, 0xff,
    0x10, 0xae, 0x84, 0x3, 0xf8, 0xaa, 0xc0, 0x3c,
    0xf8, 0x80, 0x1f, 0xe8, 0xd4, 0x0, 0xff, 0xe0,
    0xbe, 0xa0, 0x7, 0xf0, 0xce, 0xa8, 0x7, 0xc2,
    0x77, 0x63, 0x0, 0xfe, 0x2b, 0xa1, 0x0, 0xfe,
    0x4d, 0x80, 0xf, 0xe1, 0x8e, 0x60, 0x0, 0x80,
    0x7f, 0x26, 0x51, 0x0, 0x7f, 0x2f, 0xb0, 0x7,
    0x86, 0xac, 0x80, 0x3f, 0x9f, 0xdc, 0x3, 0xfe,
    0xf0, 0xc, 0xbb, 0x22, 0x1, 0xf8, 0x67, 0xc,
    0x2, 0x6f, 0x50, 0xf, 0xe6, 0xe8, 0x10, 0xe,
    0x70, 0xf, 0xfe, 0xb, 0x74, 0x0, 0x7f, 0x1e,
    0x48, 0x14, 0x88, 0x7, 0xe4, 0xd9, 0x10, 0xf,
    0xfe, 0x10, 0x80, 0x7e, 0x7e, 0x70, 0xf, 0xe6,
    0x61, 0x38, 0x7, 0xc7, 0x96, 0x40, 0x1f, 0xc2,
    0x1, 0xff, 0xc4, 0x18, 0xe5, 0x0, 0xf8, 0x98,
    0x20, 0x40, 0x31, 0x5e, 0x18, 0x7, 0xff, 0x18,
    0xc0, 0x3f, 0xe1, 0xad, 0x40, 0xe, 0x90, 0xa,
    0x0, 0x3, 0x3a, 0x80, 0x1f, 0xfc, 0x13, 0x0,
    0xff, 0xe4, 0x15, 0xe1, 0x80, 0x11, 0x0, 0x13,
    0x24, 0x73, 0x0, 0x7f, 0xf2, 0x84, 0x3, 0xff,
    0x86, 0x79, 0x67, 0x20, 0x1d, 0x6e, 0x1, 0xff,
    0xc5, 0x10, 0xf, 0xfe, 0x62, 0x61, 0x0, 0x7f,
    0xf4, 0xdc, 0x3, 0xff, 0xfe, 0x1, 0xff, 0xca,
    0x10, 0xe, 0x10, 0xf, 0xff, 0xf8, 0x7, 0xff,
    0x28, 0xc0, 0x3f, 0xfd, 0xa6, 0x1, 0xff, 0xe1,
    0x10, 0xf, 0xff, 0x68, 0x80, 0x7f, 0xf8, 0x5c,
    0x3, 0xff, 0xfe, 0x1, 0xff, 0xd0, 0xf8, 0x8e,
    0x0, 0xff, 0xe5, 0x80,

    /* U+FF0B "＋" */
    0x0, 0xff, 0xe5, 0x6f, 0xff, 0x98, 0x3, 0xff,
    0xc0, 0x60, 0x1e, 0x10, 0xf, 0xff, 0xf8, 0x7,
    0xff, 0xfc, 0x3, 0xff, 0xfe, 0x1, 0xff, 0xff,
    0x0, 0xff, 0xff, 0x80, 0x7f, 0xff, 0xc0, 0x3f,
    0xff, 0xe0, 0x1f, 0xff, 0xf0, 0xf, 0xff, 0xf8,
    0x7, 0xff, 0xfc, 0x3, 0xff, 0xfe, 0x1, 0xff,
    0xff, 0x0, 0xff, 0xff, 0x80, 0x7f, 0xf6, 0x4,
    0x7f, 0xf9, 0x20, 0x1f, 0x84, 0x7f, 0xf9, 0x21,
    0x9d, 0xdf, 0xfc, 0x91, 0x0, 0xf4, 0x77, 0x7f,
    0xf2, 0x54, 0x3, 0xff, 0xfe, 0x1, 0xff, 0xff,
    0x0, 0xff, 0xff, 0x80, 0x7f, 0xff, 0xc0, 0x3f,
    0xf8, 0x1f, 0x77, 0xff, 0xc9, 0x10, 0xf, 0x35,
    0xdf, 0xff, 0x25, 0xd, 0x13, 0xff, 0x92, 0x1,
    0xf7, 0x22, 0x7f, 0xf2, 0x44, 0x3, 0xff, 0xfe,
    0x1, 0xff, 0xff, 0x0, 0xff, 0xff, 0x80, 0x7f,
    0xff, 0xc0, 0x3f, 0xff, 0xe0, 0x1f, 0xff, 0xf0,
    0xf, 0xff, 0xf8, 0x7, 0xff, 0xfc, 0x3, 0xff,
    0xfe, 0x1, 0xff, 0xff, 0x0, 0xff, 0xff, 0x80,
    0x7f, 0xff, 0xc0, 0x3f, 0xff, 0xe0, 0x1f, 0xff,
    0xf0, 0xf, 0xfe, 0x6, 0x6e, 0xf9, 0x80, 0x3f,
    0xf9, 0x40,

    /* U+FF0C "，" */
    0x0, 0xfc, 0x44, 0x10, 0xf, 0xfe, 0x1, 0xd7,
    0xee, 0xbb, 0x92, 0x20, 0x1f, 0xa3, 0x14, 0x3,
    0xb, 0x72, 0x0, 0x79, 0xdc, 0x1, 0xfd, 0x66,
    0x1, 0x86, 0x0, 0x3f, 0xef, 0x0, 0xcc, 0x1,
    0xff, 0xc0, 0x34, 0x0, 0xb8, 0x3, 0xff, 0x83,
    0xa0, 0x11, 0x80, 0x7f, 0xf0, 0x50, 0x2, 0x30,
    0xf, 0xfe, 0x9, 0x0, 0x58, 0x1, 0xff, 0xc2,
    0x10, 0x2, 0x90, 0x7, 0xff, 0x4, 0xc0, 0x2e,
    0x0, 0xff, 0xe0, 0x98, 0x4, 0x7a, 0x60, 0x1f,
    0xf0, 0x80, 0x62, 0xcb, 0x74, 0x30, 0xf, 0x8,
    0x7, 0xc9, 0x17, 0xe0, 0x1e, 0x50, 0xf, 0xf5,
    0x80, 0x7b, 0x0, 0x3f, 0x85, 0x80, 0x3c, 0xa0,
    0x1f, 0xd6, 0x20, 0x1c, 0x84, 0x1, 0xfa, 0x14,
    0x3, 0xde, 0x1, 0xfa, 0x9c, 0x3, 0xc8, 0x80,
    0xf, 0x26, 0xa8, 0x7, 0xd4, 0x1, 0xcb, 0x96,
    0x40, 0x1f, 0x50, 0x80, 0x45, 0xf4, 0x60, 0x1f,
    0xa5, 0x40, 0x31, 0x10, 0x3, 0xfa, 0x18, 0x3,
    0xd4, 0x1, 0xf0, 0xdb, 0x80, 0x7c, 0xc0, 0x1e,
    0x4f, 0x40, 0xf, 0xc2, 0x80, 0x11, 0xe5, 0x88,
    0x7, 0xfb, 0xc5, 0xb3, 0x6, 0x1, 0xff, 0xc0,
    0x4e, 0x93, 0x0, 0xff, 0xe0, 0x0,

    /* U+FF0D "－" */
    0xbf, 0xff, 0xff, 0x32, 0xb8, 0x7, 0xff, 0xfc,
    0x3, 0xff, 0xfe, 0x1, 0xff, 0xff, 0x0, 0xff,
    0xff, 0x80, 0x7f, 0xd1, 0x33, 0xff, 0xe6, 0x70,

    /* U+FF0E "．" */
    0x0, 0xe6, 0xac, 0xdb, 0x82, 0x0, 0xf9, 0x3a,
    0x54, 0xc9, 0x1f, 0x64, 0x3, 0x96, 0xc4, 0x3,
    0xe6, 0xb0, 0x8, 0xa8, 0x3, 0xfc, 0x90, 0x0,
    0x80, 0xf, 0xfe, 0x3, 0x88, 0x28, 0x7, 0xff,
    0x5, 0xc8, 0x3, 0xff, 0x85, 0xc2, 0x1, 0xff,
    0xc2, 0x12, 0x0, 0xff, 0xe1, 0x70, 0x88, 0x3,
    0xff, 0x82, 0x61, 0x20, 0x1f, 0xfc, 0x2, 0x40,
    0x72, 0x0, 0xff, 0xa4, 0x2, 0xc2, 0x0, 0xfe,
    0xa4, 0x0, 0x87, 0x5c, 0x3, 0xc7, 0x8a, 0x1,
    0xe8, 0xfb, 0x98, 0xad, 0xc3, 0x0, 0x80,

    /* U+FF0F "／" */
    0x0, 0xff, 0xfa, 0x88, 0x7, 0xff, 0xd9, 0x79,
    0x80, 0x3f, 0xfe, 0x8b, 0x41, 0x2c, 0x1, 0xff,
    0xf2, 0x5a, 0x0, 0xbc, 0x3, 0xff, 0xe2, 0xb4,
    0x1, 0x34, 0x80, 0x7f, 0xfc, 0x16, 0x80, 0x26,
    0x90, 0xf, 0xff, 0x82, 0xd0, 0x4, 0xd2, 0x1,
    0xff, 0xf0, 0x5a, 0x0, 0x9a, 0x40, 0x3f, 0xfe,
    0xb, 0x40, 0x13, 0x48, 0x7, 0xff, 0xc1, 0x68,
    0x2, 0x69, 0x0, 0xff, 0xf8, 0x2d, 0x0, 0x4d,
    0x20, 0x1f, 0xff, 0x5, 0xa0, 0x9, 0xa4, 0x3,
    0xff, 0xe0, 0xb4, 0x1, 0x34, 0x80, 0x7f, 0xfc,
    0x16, 0x80, 0x26, 0x90, 0xf, 0xff, 0x82, 0xd0,
    0x4, 0xd2, 0x1, 0xff, 0xf0, 0x5a, 0x0, 0x9a,
    0x40, 0x3f, 0xfe, 0xb, 0x40, 0x13, 0x48, 0x7,
    0xff, 0xc1, 0x68, 0x2, 0x69, 0x0, 0xff, 0xf8,
    0x2d, 0x0, 0x4d, 0x20, 0x1f, 0xff, 0x5, 0xa0,
    0x9, 0xa4, 0x3, 0xff, 0xe0, 0xb4, 0x1, 0x34,
    0x80, 0x7f, 0xfc, 0x16, 0x80, 0x26, 0x90, 0xf,
    0xff, 0x82, 0xd0, 0x4, 0xd2, 0x1, 0xff, 0xf0,
    0x5a, 0x0, 0x9a, 0x40, 0x3f, 0xfe, 0xb, 0x40,
    0x13, 0x48, 0x7, 0xff, 0xc1, 0x68, 0x2, 0x69,
    0x0, 0xff, 0xf8, 0x2d, 0x0, 0x4d, 0x20, 0x1f,
    0xff, 0x5, 0xa0, 0x9, 0xa4, 0x3, 0xff, 0xe0,
    0xb4, 0x1, 0x34, 0x80, 0x7f, 0xfc, 0x16, 0x80,
    0x26, 0x90, 0xf, 0xff, 0x82, 0xd0, 0x4, 0xd2,
    0x1, 0xff, 0xf0, 0x5a, 0x0, 0x9a, 0x40, 0x3f,
    0xfe, 0xb, 0x40, 0x13, 0x48, 0x7, 0xff, 0xc1,
    0x68, 0x2, 0x69, 0x0, 0xff, 0xf8, 0x2d, 0x0,
    0x4d, 0x20, 0x1f, 0xff, 0x5, 0xa0, 0x9, 0xa4,
    0x3, 0xff, 0xe0, 0xb4, 0x1, 0x34, 0x80, 0x7f,
    0xfc, 0x16, 0x80, 0x26, 0x90, 0xf, 0xff, 0x82,
    0xd0, 0x4, 0xd2, 0x1, 0xff, 0xf0, 0x5a, 0x0,
    0x9a, 0x40, 0x3f, 0xfe, 0xb, 0x40, 0x13, 0x48,
    0x7, 0xff, 0xc1, 0x68, 0x2, 0x69, 0x0, 0xff,
    0xf8, 0x2d, 0x0, 0x4d, 0x20, 0x1f, 0xff, 0x5,
    0xa0, 0x9, 0xa4, 0x3, 0xff, 0xe0, 0xb4, 0x1,
    0x34, 0x80, 0x7f, 0xfc, 0x16, 0x80, 0x26, 0x90,
    0xf, 0xff, 0x82, 0xd0, 0x4, 0xd2, 0x1, 0xff,
    0xf0, 0x5a, 0x0, 0x9a, 0x40, 0x3f, 0xfe, 0xb,
    0x40, 0x13, 0x48, 0x7, 0xff, 0xc1, 0x68, 0x2,
    0x69, 0x0, 0xff, 0xf8, 0x2d, 0x0, 0x4d, 0x20,
    0x1f, 0xff, 0x5, 0xa0, 0x9, 0xa4, 0x3, 0xff,
    0xe0, 0xb4, 0x1, 0x34, 0x80, 0x7f, 0xfc, 0x16,
    0x80, 0x26, 0x90, 0xf, 0xff, 0x82, 0xd0, 0x4,
    0xd2, 0x1, 0xff, 0xf0, 0x5a, 0x0, 0x9a, 0x40,
    0x3f, 0xfe, 0xb, 0x40, 0x13, 0x48, 0x7, 0xff,
    0xc1, 0x68, 0x2, 0x69, 0x0, 0xff, 0xf8, 0x2d,
    0x0, 0x4d, 0x20, 0x1f, 0xff, 0x5, 0xa0, 0x9,
    0xa4, 0x3, 0xff, 0xe0, 0xb4, 0x1, 0x34, 0x80,
    0x7f, 0xfc, 0x16, 0x80, 0x26, 0x90, 0xf, 0xff,
    0x82, 0xd0, 0x4, 0xd2, 0x1, 0xff, 0xf0, 0x5a,
    0x0, 0x9a, 0x40, 0x3f, 0xfe, 0xb, 0x40, 0x13,
    0x48, 0x7, 0xff, 0xc1, 0x68, 0x2, 0x69, 0x0,
    0xff, 0xf8, 0xf8, 0x4, 0xd2, 0x1, 0xff, 0xf2,
    0xa5, 0x6, 0x90, 0xf, 0xff, 0xa5, 0x4c, 0x80,
    0x3f, 0xfe, 0x80,

    /* U+FF10 "０" */
    0x0, 0xff, 0xe3, 0x9, 0x19, 0x88, 0x40, 0x3f,
    0xfa, 0x89, 0x39, 0xfd, 0xb9, 0x8d, 0xef, 0xc9,
    0x40, 0xf, 0xfe, 0x74, 0x75, 0xb1, 0x80, 0x7e,
    0x36, 0xbe, 0x80, 0xf, 0xfe, 0x53, 0x73, 0x88,
    0x7, 0xff, 0x8, 0x5f, 0x98, 0x3, 0xff, 0x8c,
    0x37, 0x22, 0x1, 0xff, 0xc6, 0x19, 0xb1, 0x0,
    0xff, 0xe1, 0x97, 0xa0, 0x7, 0xff, 0x29, 0x3c,
    0x80, 0x3f, 0xf8, 0x25, 0x82, 0x1, 0xff, 0xcc,
    0x1c, 0x20, 0xf, 0xf8, 0x7c, 0x40, 0x3f, 0xf9,
    0xc3, 0xe2, 0x1, 0xfe, 0xb2, 0x0, 0xff, 0xe8,
    0x15, 0x80, 0x7f, 0x2a, 0x80, 0x3f, 0xe5, 0xae,
    0xff, 0x75, 0x28, 0x7, 0xfc, 0xaa, 0x0, 0xfd,
    0x60, 0x1f, 0xe4, 0xda, 0x51, 0x0, 0xa, 0xd6,
    0xa0, 0x7, 0xfa, 0xc0, 0x3e, 0x71, 0x0, 0xfe,
    0x6b, 0x20, 0xf, 0xc5, 0x6a, 0x1, 0xfc, 0x2e,
    0x1, 0xe9, 0x0, 0xfe, 0x39, 0x0, 0xff, 0xe0,
    0x51, 0x80, 0x7f, 0x48, 0x7, 0x30, 0x80, 0x7f,
    0x70, 0x7, 0xff, 0xb, 0x80, 0x3f, 0x85, 0x80,
    0x36, 0x80, 0x7f, 0x31, 0x0, 0x7f, 0xf0, 0x89,
    0x80, 0x3f, 0xb4, 0x2, 0x14, 0x0, 0xfe, 0xb0,
    0xf, 0xfe, 0x25, 0x80, 0x7f, 0x20, 0x80, 0x1c,
    0x3, 0xf9, 0x8, 0x3, 0xff, 0x88, 0x46, 0x1,
    0xfc, 0xe0, 0xc, 0x0, 0xfe, 0xc0, 0xf, 0xfe,
    0x35, 0x80, 0x7f, 0x78, 0x1, 0xc0, 0x3f, 0x94,
    0x3, 0xff, 0x8c, 0x80, 0x1f, 0xc8, 0x2, 0x40,
    0x1f, 0xc4, 0x1, 0xff, 0xc6, 0x30, 0xf, 0xe2,
    0x12, 0x0, 0xfe, 0x20, 0xf, 0xfe, 0x41, 0x0,
    0x7f, 0x13, 0x0, 0x7f, 0x38, 0x7, 0xff, 0x21,
    0xc0, 0x3f, 0x98, 0x80, 0x3f, 0x8c, 0x3, 0xff,
    0x90, 0x60, 0x1f, 0xc5, 0xc0, 0x1f, 0xdc, 0x1,
    0xff, 0xc8, 0xe0, 0xf, 0xee, 0x30, 0xf, 0xe1,
    0x0, 0xff, 0xe4, 0x8, 0x7, 0xf1, 0x80, 0x7f,
    0xf7, 0x84, 0x3, 0xf8, 0xc0, 0x3f, 0xf9, 0x6,
    0x1, 0xfc, 0x20, 0x1f, 0xfd, 0xe7, 0x0, 0xff,
    0xee, 0xb8, 0x7, 0xff, 0x74, 0x40, 0x3f, 0x8c,
    0x3, 0xff, 0x90, 0x60, 0x1f, 0xc2, 0x1, 0xff,
    0xde, 0x30, 0xf, 0xe1, 0x0, 0xff, 0xe4, 0x8,
    0x7, 0xf1, 0xf0, 0x7, 0xf7, 0x0, 0x7f, 0xf2,
    0x38, 0x3, 0xfb, 0x88, 0x3, 0xf8, 0xc0, 0x3f,
    0xf9, 0x6, 0x1, 0xfc, 0x4c, 0x1, 0xfc, 0xc0,
    0x1f, 0xfc, 0x87, 0x0, 0xfe, 0x62, 0x0, 0xfe,
    0x30, 0xf, 0xfe, 0x41, 0x0, 0x7f, 0x10, 0x88,
    0x3, 0xf8, 0x80, 0x3f, 0xf8, 0xc4, 0x1, 0xfc,
    0x42, 0x8, 0x1, 0xfc, 0x80, 0x1f, 0xfc, 0x64,
    0x0, 0xfe, 0x70, 0x6, 0x80, 0x7f, 0x60, 0x7,
    0xff, 0x1b, 0x40, 0x3f, 0xb0, 0x0, 0xa0, 0x1f,
    0xca, 0x20, 0x1f, 0xfc, 0x41, 0x40, 0xf, 0xe4,
    0x0, 0x11, 0x0, 0x3f, 0x98, 0x3, 0xff, 0x88,
    0xc0, 0x1f, 0xc4, 0x40, 0xa, 0x80, 0x3f, 0xa4,
    0x3, 0xff, 0x89, 0x20, 0x1f, 0xd4, 0x1, 0x98,
    0x3, 0xf8, 0x60, 0x3, 0xff, 0x85, 0x2, 0x1,
    0xfc, 0xc0, 0x18, 0x58, 0x3, 0xf9, 0xd0, 0x3,
    0xff, 0x80, 0x8e, 0x1, 0xfc, 0xc2, 0x1, 0xd6,
    0x1, 0xfe, 0xb4, 0x0, 0xff, 0x25, 0x80, 0x7f,
    0xac, 0x3, 0xc4, 0xc0, 0x1f, 0xeb, 0x91, 0x0,
    0xf0, 0xcd, 0x80, 0x7f, 0x98, 0x80, 0x3e, 0x91,
    0x0, 0xff, 0x37, 0x5b, 0xb3, 0x1e, 0xf9, 0x80,
    0x3f, 0xc3, 0x20, 0x1f, 0xd4, 0x1, 0xff, 0xc0,
    0x48, 0x99, 0x42, 0x0, 0x7f, 0xf0, 0x28, 0x3,
    0xfc, 0x90, 0x1, 0xff, 0xd0, 0x84, 0x0, 0xff,
    0x9d, 0xc0, 0x1f, 0xfc, 0xe7, 0x70, 0x7, 0xff,
    0x6, 0x20, 0x1, 0xff, 0xcc, 0x88, 0x0, 0x7f,
    0xf0, 0xde, 0xc4, 0x3, 0xff, 0x90, 0x36, 0xe0,
    0x1f, 0xfc, 0x54, 0xf6, 0x0, 0xff, 0xe3, 0x3f,
    0xa0, 0x7, 0xff, 0x1c, 0x67, 0x5c, 0x40, 0x3f,
    0xf8, 0x2, 0xfb, 0x2, 0x1, 0xff, 0xca, 0x28,
    0xec, 0x95, 0x32, 0x11, 0x11, 0xac, 0xe7, 0x41,
    0x0, 0x7f, 0xf0, 0x0,

    /* U+FF11 "１" */
    0x0, 0xff, 0xe3, 0xac, 0x47, 0xc6, 0x1, 0xff,
    0xd3, 0x4c, 0xa7, 0x7f, 0x94, 0x3, 0xff, 0xa0,
    0x2d, 0x96, 0x60, 0x1f, 0xfd, 0x53, 0x69, 0xde,
    0x93, 0x0, 0xff, 0xe8, 0x8a, 0x3d, 0x6f, 0xe4,
    0xb1, 0x0, 0x7f, 0xf5, 0x2a, 0xe1, 0x48, 0x3,
    0xff, 0xfe, 0x1, 0xff, 0xff, 0x0, 0xff, 0xff,
    0x80, 0x7f, 0xf2, 0xb5, 0x9b, 0xfe, 0x50, 0xf,
    0xfe, 0x8b, 0x4c, 0xff, 0xd0, 0x1, 0xff, 0xff,
    0x0, 0xff, 0xff, 0x80, 0x7f, 0xff, 0xc0, 0x3f,
    0xff, 0xe0, 0x1f, 0xff, 0xf0, 0xf, 0xff, 0xf8,
    0x7, 0xff, 0xfc, 0x3, 0xff, 0xfe, 0x1, 0xff,
    0xff, 0x0, 0xff, 0xff, 0x80, 0x7f, 0xff, 0xc0,
    0x3f, 0xff, 0xe0, 0x1f, 0xff, 0xf0, 0xf, 0xff,
    0xf8, 0x7, 0xff, 0xfc, 0x3, 0xff, 0xfe, 0x1,
    0xff, 0xff, 0x0, 0xff, 0xff, 0x80, 0x7f, 0xf2,
    0x26, 0x7f, 0xf8, 0x70, 0x1, 0xfe, 0xd9, 0x9f,
    0xfe, 0xb, 0x83, 0x37, 0xff, 0xd, 0x40, 0x3f,
    0xc8, 0xcd, 0xff, 0xc1, 0xa0, 0xf, 0xff, 0xf8,
    0x7, 0xff, 0xfc, 0x3, 0xff, 0xfe, 0x1, 0xff,
    0xf9,

    /* U+FF12 "２" */
    0x0, 0xff, 0xe2, 0x9, 0xa2, 0xa9, 0xc, 0x40,
    0x3f, 0xfa, 0x44, 0xf7, 0xdc, 0xcb, 0xaa, 0x5e,
    0x77, 0xe4, 0x20, 0x7, 0xff, 0x31, 0xb3, 0x61,
    0x4, 0x3, 0xf8, 0xde, 0xfa, 0x4, 0x3, 0xff,
    0x8e, 0xdd, 0x26, 0x1, 0xff, 0xc4, 0x17, 0xe7,
    0x0, 0xff, 0xe2, 0x26, 0xc8, 0x80, 0x7f, 0xf2,
    0x63, 0x8, 0x3, 0xff, 0x83, 0x16, 0x40, 0x1f,
    0xfc, 0xc3, 0xc2, 0x0, 0xff, 0xe, 0x38, 0x7,
    0xff, 0x3c, 0x70, 0x80, 0x3f, 0x16, 0x18, 0x7,
    0xff, 0x44, 0x7c, 0x3, 0xe2, 0xc2, 0x0, 0xff,
    0xe9, 0x94, 0x80, 0x71, 0x60, 0x80, 0x7f, 0xf0,
    0x16, 0x73, 0x7b, 0x6e, 0x8, 0x3, 0xff, 0x80,
    0xc4, 0x1, 0x98, 0x40, 0x3f, 0xe8, 0xfa, 0x63,
    0x21, 0x24, 0x7d, 0xa0, 0xf, 0xfe, 0x4, 0x0,
    0x64, 0xb0, 0xf, 0xe4, 0xe7, 0x0, 0xff, 0x2f,
    0x10, 0x7, 0xf9, 0x40, 0x39, 0x2c, 0x3, 0xe7,
    0xb1, 0x0, 0xff, 0xe0, 0xf, 0x80, 0x7f, 0xca,
    0x1, 0xc9, 0x60, 0x1d, 0x50, 0x1, 0xff, 0xc3,
    0x29, 0x0, 0xff, 0x68, 0x7, 0x93, 0x0, 0x2b,
    0x50, 0xf, 0xfe, 0x2b, 0x8, 0x7, 0xf1, 0x80,
    0x7c, 0x78, 0x38, 0x80, 0x1f, 0xfc, 0x74, 0x0,
    0xfe, 0x60, 0xf, 0xc7, 0xc6, 0x1, 0xff, 0xc8,
    0xd0, 0xf, 0xe3, 0x0, 0xff, 0xe9, 0x88, 0x7,
    0xff, 0xfc, 0x3, 0xf7, 0x0, 0x7f, 0x10, 0x7,
    0xff, 0x4d, 0x0, 0x3f, 0x98, 0x3, 0xff, 0xa4,
    0x26, 0x1, 0xfd, 0xa0, 0x1f, 0xfd, 0x26, 0x0,
    0xff, 0x20, 0x7, 0xff, 0x4a, 0x40, 0x3f, 0x84,
    0xc0, 0x3f, 0xfa, 0x2e, 0x20, 0x1f, 0xcc, 0x1,
    0xff, 0xd1, 0x28, 0x0, 0xff, 0x48, 0x7, 0xff,
    0x46, 0x40, 0x3f, 0xcc, 0x20, 0x1f, 0xfd, 0x7,
    0x40, 0xf, 0xf4, 0x0, 0x7f, 0xf4, 0x12, 0x0,
    0x3f, 0xd0, 0x20, 0x1f, 0xfc, 0xf2, 0xa0, 0xf,
    0xf1, 0x38, 0x7, 0xff, 0x3c, 0x7c, 0x40, 0x3f,
    0xdc, 0x1, 0xff, 0xd0, 0xd2, 0x0, 0xff, 0x41,
    0x80, 0x7f, 0xf3, 0xf0, 0xc0, 0x3f, 0xc8, 0xe0,
    0x1f, 0xfc, 0xfc, 0x30, 0xf, 0xf1, 0xd8, 0x7,
    0xff, 0x3f, 0xc, 0x3, 0xfc, 0x3a, 0x1, 0xff,
    0xce, 0x1c, 0x30, 0xf, 0xfb, 0x4, 0x3, 0xff,
    0x9a, 0x38, 0x60, 0x1f, 0xf6, 0x10, 0x7, 0xff,
    0x34, 0xbc, 0x80, 0x3f, 0xec, 0x30, 0xf, 0xfe,
    0x6a, 0x68, 0x80, 0x7f, 0xd8, 0x60, 0x1f, 0xfc,
    0xd6, 0xb0, 0xf, 0xf8, 0x70, 0xc0, 0x3f, 0xf9,
    0xb1, 0x20, 0x1f, 0xf0, 0xe1, 0x80, 0x7f, 0xf3,
    0x6d, 0xc0, 0x3f, 0xe2, 0xf2, 0x0, 0xff, 0xe6,
    0x16, 0xa0, 0x7, 0xfc, 0x78, 0x20, 0x1f, 0xfc,
    0xc4, 0xc2, 0x0, 0xff, 0x97, 0x4, 0x3, 0xff,
    0x98, 0xd6, 0x20, 0x1f, 0xf3, 0xd0, 0x7, 0xff,
    0x36, 0x64, 0x1, 0xff, 0xc0, 0x98, 0x0, 0xff,
    0xe6, 0xe, 0x30, 0x7, 0xff, 0x1, 0x6, 0x26,
    0xaf, 0x37, 0x7f, 0xf8, 0x86, 0x0, 0x3f, 0x30,
    0xf, 0xfe, 0xa, 0x43, 0xb2, 0xa1, 0x91, 0x7f,
    0xf1, 0x0, 0xd, 0x82, 0x1, 0xff, 0xdb, 0x90,
    0xf, 0xff, 0xf8, 0x7, 0xff, 0xfc, 0x3, 0xff,
    0xfe, 0x1, 0xff, 0xcd,

    /* U+FF13 "３" */
    0x0, 0xff, 0xe2, 0x89, 0xa2, 0xa9, 0x10, 0x40,
    0x1f, 0xfd, 0x22, 0x7b, 0xee, 0x65, 0xd5, 0x2e,
    0xdb, 0xfd, 0x4e, 0x40, 0x1f, 0xfc, 0xa1, 0x7d,
    0xd4, 0x20, 0x80, 0x7f, 0xa, 0xc6, 0xe3, 0x0,
    0x7f, 0xf1, 0x86, 0x3a, 0x8, 0x3, 0xff, 0x8a,
    0x73, 0xaa, 0x1, 0xff, 0xc3, 0x7e, 0x70, 0xf,
    0xfe, 0x51, 0x55, 0x0, 0x3f, 0xf8, 0x7, 0xb0,
    0x1, 0xff, 0xce, 0x5c, 0x10, 0xf, 0xe7, 0xc2,
    0x0, 0xff, 0xe8, 0x1e, 0x80, 0x7e, 0xb8, 0x0,
    0xff, 0xe9, 0x9c, 0x80, 0x70, 0xea, 0x0, 0x7f,
    0xf5, 0x58, 0xc0, 0x31, 0x10, 0x3, 0xff, 0x80,
    0x2b, 0x39, 0xbd, 0xcd, 0xb7, 0x20, 0xf, 0xfe,
    0x4, 0x0, 0x63, 0xa0, 0xf, 0xf2, 0x57, 0x53,
    0x19, 0x8, 0x89, 0x23, 0x6c, 0x40, 0x3f, 0xc8,
    0x40, 0x19, 0x5c, 0x3, 0xe2, 0xbb, 0x28, 0x7,
    0xfc, 0x9e, 0x40, 0x1f, 0xe4, 0x0, 0xe8, 0x50,
    0xe, 0x7d, 0x40, 0xf, 0xfe, 0x10, 0xf8, 0x7,
    0xfb, 0xc0, 0x3d, 0x46, 0x0, 0x1b, 0x80, 0xf,
    0xfe, 0x29, 0x30, 0x7, 0xf1, 0x0, 0x7d, 0xa4,
    0x38, 0x80, 0x1f, 0xfc, 0x7d, 0x0, 0xfe, 0x70,
    0xf, 0x87, 0xf0, 0x80, 0x3f, 0xf9, 0xc, 0x1,
    0xfc, 0xe0, 0x1f, 0x88, 0x80, 0x1f, 0xfc, 0x91,
    0x0, 0xfe, 0x10, 0xf, 0xfe, 0x9a, 0x0, 0x7f,
    0x68, 0x7, 0xff, 0x4e, 0x80, 0x3f, 0x8c, 0x3,
    0xff, 0xa5, 0x4, 0x1, 0xf8, 0x50, 0x3, 0xff,
    0xa2, 0xee, 0x0, 0xfe, 0x60, 0xf, 0xfe, 0x81,
    0x5c, 0x0, 0x7f, 0xc, 0x0, 0x7f, 0xf3, 0x96,
    0xf5, 0x0, 0x3f, 0xd4, 0x1, 0xff, 0xc6, 0x12,
    0x21, 0xab, 0x4e, 0x7d, 0x20, 0x7, 0xfd, 0x28,
    0x1, 0xff, 0xc6, 0xcd, 0xd6, 0x54, 0xb1, 0x80,
    0x7f, 0xf0, 0x69, 0x80, 0x3f, 0xfb, 0x49, 0xaa,
    0x1, 0xff, 0xd9, 0x4b, 0xb1, 0x0, 0x7f, 0xf6,
    0x4b, 0xd0, 0x3, 0xff, 0xb6, 0x57, 0xd0, 0x1,
    0xff, 0xdc, 0x17, 0xe5, 0x0, 0xff, 0xee, 0xd,
    0x50, 0x3, 0xff, 0x8f, 0x70, 0xee, 0x65, 0x31,
    0x0, 0xff, 0xe1, 0x2d, 0x0, 0x7f, 0xf1, 0x99,
    0xe2, 0x13, 0x59, 0xdc, 0xa6, 0x10, 0xf, 0xf9,
    0x60, 0x3, 0xff, 0x9a, 0x2b, 0x3d, 0x44, 0x1,
    0xfe, 0x73, 0x0, 0xff, 0xe8, 0x2e, 0xb8, 0x7,
    0xfb, 0xc0, 0x3f, 0xfa, 0x50, 0xe0, 0x1f, 0xc6,
    0x60, 0xf, 0xfe, 0x94, 0x18, 0x7, 0xf5, 0x80,
    0x7f, 0xf4, 0xe4, 0x3, 0xf9, 0x0, 0x3f, 0xfa,
    0x68, 0x1, 0xfc, 0x60, 0x1f, 0xfd, 0x31, 0x0,
    0xff, 0x8, 0x7, 0x59, 0x0, 0x7f, 0xf5, 0x8c,
    0x3, 0x52, 0x61, 0x0, 0x7f, 0xf2, 0x88, 0x3,
    0xfc, 0x60, 0x13, 0x28, 0xe, 0x20, 0x7, 0xff,
    0x25, 0x40, 0x3f, 0xc2, 0x0, 0x39, 0x0, 0x86,
    0xe0, 0x3, 0xff, 0x8e, 0x32, 0x1, 0xfc, 0x20,
    0x1, 0xd0, 0xf, 0x3e, 0xa0, 0x7, 0xff, 0x17,
    0x44, 0x3, 0xf9, 0x0, 0x1a, 0x20, 0x1f, 0x15,
    0xe2, 0x80, 0x7f, 0xf0, 0x4f, 0x4c, 0x3, 0xfd,
    0xe0, 0xe6, 0x1, 0xfe, 0x3a, 0xe9, 0x41, 0x0,
    0xf1, 0x35, 0xe1, 0x0, 0x7f, 0x85, 0x41, 0xcc,
    0x3, 0xff, 0x80, 0x2d, 0x7d, 0xcc, 0xbb, 0x6f,
    0x6c, 0xa0, 0x7, 0xff, 0x2, 0x0, 0x2c, 0x30,
    0xf, 0xfe, 0x18, 0x9a, 0x20, 0x84, 0x3, 0xff,
    0x84, 0x8c, 0x1, 0xb1, 0x40, 0x3f, 0xfa, 0xa5,
    0x40, 0x1e, 0xa8, 0x0, 0xff, 0xe9, 0x97, 0x88,
    0x7, 0xcf, 0x86, 0x1, 0xff, 0xd0, 0x3c, 0x20,
    0xf, 0xe3, 0xc9, 0x10, 0xf, 0xfe, 0x6c, 0x60,
    0x80, 0x7f, 0xf0, 0x1b, 0xa4, 0x80, 0x3f, 0xf9,
    0x2d, 0xce, 0x1, 0xff, 0xc4, 0x6d, 0xc6, 0x10,
    0xf, 0xfe, 0x19, 0xcf, 0x48, 0x80, 0x7f, 0xf1,
    0xce, 0x7b, 0x69, 0xd4, 0xc8, 0x46, 0x23, 0x57,
    0xbe, 0xc6, 0x10, 0xf, 0xf0,

    /* U+FF14 "４" */
    0x0, 0xff, 0xe5, 0x34, 0x47, 0xff, 0x4, 0x3,
    0xff, 0xa2, 0xb2, 0xef, 0xff, 0xc1, 0x0, 0xff,
    0xe8, 0xd, 0x80, 0x7f, 0xf7, 0xa8, 0x40, 0x3f,
    0xfb, 0xac, 0x80, 0x1f, 0xfd, 0xd2, 0x90, 0xf,
    0xfe, 0xf7, 0x0, 0x7f, 0xf7, 0x9c, 0xc0, 0x3f,
    0xfb, 0xa5, 0x0, 0x1f, 0x90, 0x3, 0xff, 0xab,
    0xc0, 0x1f, 0x93, 0x80, 0x3f, 0xfa, 0x90, 0x60,
    0x1f, 0xa0, 0xc0, 0x3f, 0xfa, 0x66, 0xe0, 0x1f,
    0x98, 0xc4, 0x3, 0xff, 0xa7, 0xc0, 0x1f, 0xd0,
    0x1e, 0x1, 0xff, 0xd2, 0x92, 0x0, 0xfd, 0x2,
    0x2, 0x1, 0xff, 0xd1, 0x46, 0x0, 0xfc, 0x2e,
    0x1, 0xff, 0xd4, 0xa0, 0xf, 0xeb, 0x0, 0x8c,
    0x3, 0xff, 0xa1, 0x22, 0x1, 0xf8, 0xd4, 0x2,
    0x10, 0xf, 0xfe, 0x7a, 0x30, 0x7, 0xf7, 0x0,
    0x7f, 0xf4, 0xc6, 0x80, 0x3f, 0x9c, 0x80, 0x3f,
    0xfa, 0x76, 0x20, 0x1f, 0x8a, 0x0, 0x3f, 0xfa,
    0x6a, 0xa0, 0xf, 0xee, 0x0, 0xf3, 0x80, 0x7f,
    0xf3, 0x6, 0xc0, 0x3f, 0x9c, 0xc0, 0x3f, 0xfa,
    0x74, 0x20, 0x1f, 0x8a, 0x0, 0x3f, 0xfa, 0x6c,
    0x80, 0x1f, 0xde, 0x1, 0xff, 0xd3, 0x29, 0x0,
    0xfe, 0x82, 0x0, 0xff, 0xe9, 0xf0, 0x7, 0xf1,
    0xb8, 0x7, 0xff, 0x4d, 0xcc, 0x3, 0xfb, 0x80,
    0x3f, 0xfa, 0x67, 0x0, 0x1f, 0xd0, 0x40, 0x1f,
    0xfd, 0x3e, 0x0, 0xfe, 0x37, 0x0, 0xff, 0xe9,
    0xc1, 0x0, 0x7f, 0x70, 0x7, 0xff, 0x4c, 0xdc,
    0x3, 0xfa, 0x48, 0x3, 0xff, 0xa7, 0xc0, 0x1f,
    0xc8, 0xc0, 0x1f, 0xfd, 0x39, 0x20, 0xf, 0xe4,
    0xff, 0xff, 0xe1, 0x18, 0x7, 0xf7, 0xff, 0xca,
    0xe0, 0x1f, 0xfd, 0xe3, 0x0, 0xff, 0xff, 0x80,
    0x7f, 0xff, 0xc0, 0x3f, 0xff, 0xe0, 0x1f, 0xfd,
    0xbc, 0xdd, 0xff, 0xe6, 0x88, 0x7, 0xf6, 0x6e,
    0xf9, 0xc8, 0xbf, 0xf9, 0xe0, 0x1f, 0xc6, 0x45,
    0xe1, 0x0, 0xff, 0xff, 0x80, 0x7f, 0xff, 0xc0,
    0x3f, 0xff, 0xe0, 0x1f, 0xff, 0xf0, 0xf, 0xff,
    0xf8, 0x7, 0xff, 0xfc, 0x3, 0xff, 0xfe, 0x1,
    0x0,

    /* U+FF15 "５" */
    0x0, 0xea, 0xbb, 0xff, 0xea, 0x0, 0x7e, 0x54,
    0x4f, 0xfe, 0xa0, 0x80, 0x7f, 0xf8, 0xc4, 0x3,
    0xff, 0xb8, 0x60, 0x1f, 0xfd, 0xc1, 0x0, 0xff,
    0xff, 0x80, 0x79, 0xc0, 0x3f, 0xfb, 0x82, 0x1,
    0xff, 0xdc, 0x30, 0xf, 0xe9, 0xcc, 0xff, 0xe5,
    0x88, 0x7, 0x84, 0x3, 0xf9, 0xc, 0xff, 0xf9,
    0x60, 0x1f, 0x78, 0x7, 0xf1, 0x80, 0x7f, 0xf4,
    0x84, 0x3, 0xf8, 0x40, 0x3f, 0xfa, 0x46, 0x1,
    0xf8, 0x40, 0x3f, 0xfb, 0x86, 0x1, 0xff, 0xd3,
    0x10, 0xf, 0xcc, 0x1, 0xff, 0xd3, 0x70, 0xf,
    0xc2, 0x1, 0xff, 0xd3, 0x10, 0xf, 0xc6, 0x1,
    0xff, 0xd3, 0x30, 0xf, 0xc2, 0x1, 0xff, 0xd3,
    0x10, 0xf, 0xdc, 0x0, 0x15, 0x8a, 0xbc, 0xc5,
    0xd3, 0xa8, 0x80, 0x7f, 0xf3, 0x85, 0xf7, 0xa9,
    0xd5, 0xc, 0xc8, 0xb1, 0x5d, 0xae, 0x20, 0x1f,
    0xfc, 0xb8, 0x81, 0x0, 0x7f, 0xf0, 0xa, 0x3a,
    0x88, 0x3, 0xfe, 0x10, 0xf, 0xfe, 0x7a, 0xec,
    0x0, 0x7f, 0x8c, 0x3, 0xff, 0xa2, 0xf8, 0x20,
    0x1f, 0x84, 0x3, 0xff, 0xa4, 0x78, 0x20, 0x1f,
    0x38, 0x7, 0xff, 0x4c, 0xb4, 0x3, 0xff, 0x94,
    0x22, 0x0, 0xff, 0xe2, 0x1c, 0x80, 0x79, 0x2c,
    0x40, 0x3c, 0x4f, 0x5b, 0xfe, 0xee, 0x7f, 0x52,
    0x80, 0x7f, 0xf0, 0x58, 0x80, 0x3c, 0x9c, 0xc0,
    0x12, 0xe6, 0xc2, 0x90, 0x7, 0xa, 0xd7, 0x28,
    0x7, 0xff, 0x2, 0x40, 0x3f, 0x4e, 0x2e, 0x51,
    0x80, 0x7f, 0xf0, 0x6, 0xa8, 0x1, 0xff, 0x20,
    0x80, 0x7e, 0x3a, 0x30, 0xf, 0xfe, 0x22, 0xd0,
    0x7, 0xfc, 0xc0, 0x1f, 0xfd, 0x5, 0x50, 0x7,
    0xfb, 0x0, 0x3f, 0xfa, 0x30, 0x1, 0xfe, 0x50,
    0xf, 0xfe, 0x89, 0x18, 0x7, 0xf0, 0x80, 0x7f,
    0xf4, 0x90, 0x3, 0xfc, 0x40, 0x1f, 0xfd, 0x1e,
    0x0, 0xff, 0x8, 0x7, 0xff, 0x44, 0xc0, 0x3f,
    0xfb, 0x86, 0x1, 0xfe, 0x10, 0xf, 0xfe, 0x8f,
    0x0, 0x7f, 0x8c, 0x3, 0xff, 0xa2, 0x80, 0x1f,
    0xe1, 0x0, 0xc4, 0x60, 0x1f, 0xfc, 0xa1, 0x30,
    0xf, 0xe2, 0x0, 0xee, 0xc6, 0x0, 0xff, 0xe4,
    0xc0, 0x7, 0xf9, 0x0, 0x34, 0x98, 0x4c, 0x80,
    0x3f, 0xf8, 0xea, 0xc0, 0x1f, 0xed, 0x0, 0x95,
    0x80, 0x26, 0xd4, 0x0, 0xff, 0xe2, 0x25, 0x0,
    0x7f, 0x85, 0x0, 0x5, 0x40, 0x1c, 0x57, 0x62,
    0x0, 0xff, 0xe0, 0xc5, 0x80, 0x7f, 0xd2, 0x1,
    0x78, 0x7, 0xe4, 0xdc, 0x62, 0x0, 0xf8, 0xe3,
    0x9c, 0x3, 0xfe, 0x17, 0x0, 0x49, 0x0, 0x7f,
    0x8e, 0x77, 0xf7, 0x2e, 0xdb, 0xf8, 0xe2, 0x1,
    0xff, 0xc0, 0xb0, 0xb, 0x0, 0x3f, 0xf8, 0x64,
    0x68, 0x82, 0x0, 0xff, 0xe1, 0xaa, 0x80, 0x25,
    0xc1, 0x0, 0xff, 0xea, 0x1d, 0x0, 0x71, 0xe1,
    0x80, 0x7f, 0xf4, 0x8f, 0x0, 0x3e, 0x2c, 0x70,
    0xf, 0xfe, 0x83, 0x60, 0x7, 0xfa, 0x31, 0x0,
    0x3f, 0xf9, 0x83, 0x52, 0x1, 0xff, 0xc0, 0x3b,
    0xb1, 0x80, 0x7f, 0xf2, 0x5, 0xf9, 0x40, 0x3f,
    0xf8, 0x69, 0x9b, 0x4, 0x1, 0xff, 0xc3, 0x39,
    0xe8, 0x0, 0xff, 0xe3, 0x93, 0xef, 0x5c, 0x2a,
    0x19, 0x8, 0xc6, 0xaf, 0x7d, 0x8c, 0x1, 0xff,
    0xc0,

    /* U+FF16 "６" */
    0x0, 0xff, 0xe3, 0x9a, 0xb3, 0xb9, 0x94, 0xc4,
    0x3, 0xff, 0x9e, 0x51, 0x9f, 0x95, 0x31, 0x9,
    0xac, 0xee, 0x4a, 0x80, 0x7f, 0xf2, 0x97, 0x35,
    0xcc, 0x3, 0xfc, 0x2d, 0x5c, 0xe0, 0x1f, 0xfc,
    0x63, 0xda, 0x30, 0xf, 0xfe, 0x20, 0xc7, 0x30,
    0x7, 0xff, 0xe, 0x70, 0x80, 0x3f, 0xf9, 0x3,
    0x38, 0x40, 0x1f, 0xf0, 0xe3, 0x0, 0x7f, 0xf3,
    0xf, 0x54, 0x3, 0xf8, 0x70, 0xc0, 0x3f, 0xf9,
    0xf4, 0xe0, 0x1f, 0xe, 0x10, 0x7, 0xff, 0x46,
    0x44, 0x3, 0xd4, 0x40, 0x1f, 0xfd, 0x2d, 0x10,
    0xe, 0x84, 0x0, 0xff, 0xe0, 0x1c, 0x56, 0x6e,
    0x53, 0x98, 0x7, 0xf5, 0x18, 0x7, 0x1b, 0x80,
    0x7f, 0xcd, 0xd8, 0xea, 0x64, 0x6b, 0x19, 0xaa,
    0x1, 0xe8, 0x50, 0xf, 0x78, 0x7, 0xf8, 0x72,
    0x44, 0x3, 0xf8, 0xaa, 0xc8, 0x2, 0x67, 0x0,
    0xf2, 0x98, 0x7, 0xf1, 0x79, 0x80, 0x7f, 0xf0,
    0x53, 0x50, 0x16, 0x40, 0x3e, 0x80, 0xf, 0xe1,
    0xf1, 0x0, 0xff, 0xe2, 0x5c, 0x50, 0x7, 0xc8,
    0x40, 0x1f, 0xd4, 0x40, 0x1f, 0xfc, 0x67, 0x0,
    0xfd, 0xc0, 0x1f, 0xc8, 0x80, 0xf, 0xfe, 0x78,
    0xa8, 0x7, 0xf4, 0x0, 0x7f, 0xf4, 0x10, 0x3,
    0xf9, 0xc, 0x3, 0xff, 0xa1, 0x80, 0x1f, 0xda,
    0x1, 0xff, 0xd1, 0x70, 0xf, 0xe7, 0x0, 0xff,
    0xe8, 0x8, 0x80, 0x3f, 0x18, 0x80, 0x7f, 0xf4,
    0x14, 0x3, 0xf9, 0x40, 0x3e, 0x47, 0x9b, 0xba,
    0xa1, 0x88, 0x3, 0xff, 0x80, 0x60, 0x1f, 0xde,
    0x1, 0x8a, 0x7e, 0xe1, 0x91, 0x25, 0x79, 0xdf,
    0xa4, 0x0, 0xfe, 0xe0, 0xf, 0xe2, 0x0, 0xc,
    0xeb, 0x0, 0x7f, 0xf0, 0x16, 0xf5, 0x0, 0x3e,
    0x30, 0xf, 0xe6, 0x5, 0xf6, 0x0, 0xff, 0xe2,
    0x15, 0xd0, 0x7, 0x98, 0x3, 0xf8, 0xe6, 0x84,
    0x3, 0xff, 0x8e, 0xba, 0x20, 0x18, 0x40, 0x3f,
    0xa9, 0x80, 0x3f, 0xf9, 0x45, 0x82, 0x1, 0xff,
    0xc1, 0x40, 0xf, 0xfe, 0x61, 0x68, 0x4, 0x60,
    0x1f, 0xfd, 0x73, 0x70, 0xf, 0xfe, 0x3a, 0xce,
    0x76, 0xe4, 0xa0, 0x7, 0xff, 0x2, 0x4, 0x3,
    0xff, 0x88, 0xdd, 0x4c, 0x62, 0x46, 0xd7, 0xaa,
    0x1, 0xff, 0x48, 0x18, 0x7, 0xff, 0x0, 0xb2,
    0x44, 0x3, 0xf1, 0x54, 0x0, 0x7f, 0x98, 0x3,
    0xff, 0x82, 0x78, 0x60, 0x1f, 0xfc, 0x7, 0x60,
    0xf, 0xe1, 0x31, 0x0, 0xff, 0x1e, 0x8, 0x7,
    0xff, 0xa, 0x44, 0x3, 0xfa, 0xdc, 0x3, 0xfd,
    0xa0, 0x1f, 0xfc, 0x59, 0x0, 0xfe, 0x22, 0x0,
    0x7f, 0x20, 0x80, 0x7f, 0xf1, 0x50, 0x3, 0xf9,
    0xbc, 0x3, 0xf8, 0xc0, 0x3f, 0xf8, 0xc6, 0x1,
    0xfc, 0x44, 0x0, 0xfe, 0x30, 0xf, 0xfe, 0x8a,
    0x80, 0x7f, 0x20, 0x7, 0xff, 0x44, 0x48, 0x3,
    0xf9, 0x40, 0x3f, 0xf9, 0xe6, 0x8, 0x1, 0xfd,
    0xc0, 0x1f, 0xfc, 0x52, 0x0, 0xfe, 0x10, 0xd0,
    0xf, 0xe4, 0x20, 0xf, 0xfe, 0x23, 0x80, 0x7f,
    0x28, 0x20, 0x80, 0x7f, 0x48, 0x7, 0xff, 0x13,
    0xc0, 0x3f, 0xb8, 0x0, 0xc0, 0x1f, 0xc8, 0xa0,
    0x1f, 0xfc, 0x22, 0x50, 0xf, 0xe4, 0x0, 0x48,
    0x7, 0xfa, 0x8c, 0x3, 0xff, 0x83, 0x20, 0x1f,
    0xc4, 0x60, 0x1, 0x70, 0xf, 0xf6, 0xa0, 0x7,
    0xfd, 0x28, 0x1, 0xfc, 0xa0, 0x1a, 0x4, 0x3,
    0xf8, 0x6e, 0x44, 0x3, 0xe2, 0xb6, 0x0, 0xff,
    0x48, 0x7, 0x58, 0x7, 0xfc, 0xdd, 0x4c, 0x86,
    0x8d, 0x7a, 0x80, 0x1f, 0xe7, 0x10, 0xe, 0x56,
    0x0, 0xff, 0xe0, 0x2c, 0xde, 0x5c, 0xa0, 0x7,
    0xfc, 0x50, 0x1, 0xf4, 0x98, 0x7, 0xff, 0x47,
    0x80, 0x3f, 0xb1, 0x0, 0x3f, 0xf9, 0xf6, 0x60,
    0x1f, 0xeb, 0x50, 0xf, 0xfe, 0x60, 0xda, 0x0,
    0x7f, 0xf0, 0x2a, 0x40, 0x3f, 0xf9, 0x47, 0x88,
    0x1, 0xff, 0xc2, 0x6e, 0x60, 0xf, 0xfe, 0x30,
    0xce, 0x10, 0x7, 0xff, 0x10, 0x67, 0x9c, 0x80,
    0x3f, 0xf8, 0x27, 0x3c, 0xc0, 0x1f, 0xfc, 0x81,
    0x8d, 0xd4, 0xb1, 0x90, 0x88, 0x88, 0x8f, 0x5d,
    0x8c, 0x1, 0xfe,

    /* U+FF17 "７" */
    0x3b, 0xbf, 0xfe, 0xd4, 0xba, 0x27, 0xff, 0x69,
    0x40, 0x3f, 0xff, 0xe0, 0x1f, 0xff, 0xf0, 0xf,
    0xff, 0xf8, 0x7, 0xff, 0xa, 0x0, 0x3f, 0xfb,
    0x50, 0x88, 0xdd, 0xff, 0xe7, 0x60, 0x7, 0xf2,
    0x38, 0x0, 0x8b, 0xff, 0x9d, 0x0, 0x1f, 0x86,
    0x80, 0x3f, 0xfa, 0x10, 0x80, 0x1f, 0xb4, 0x40,
    0x3f, 0xf9, 0xe6, 0xe0, 0x1f, 0xa0, 0xc0, 0x3f,
    0xf9, 0xe3, 0xa0, 0x1f, 0x8d, 0xc0, 0x3f, 0xfa,
    0x16, 0x20, 0x1f, 0xb8, 0x3, 0xff, 0xa0, 0xaa,
    0x0, 0xfd, 0x24, 0x1, 0xff, 0xcf, 0x1b, 0x0,
    0xfc, 0x6c, 0x1, 0xff, 0xd0, 0x81, 0x0, 0xfd,
    0xc0, 0x1f, 0xfd, 0x4, 0x60, 0xf, 0xd0, 0x40,
    0x1f, 0xfd, 0x9, 0x0, 0xfc, 0x2e, 0x1, 0xff,
    0xd0, 0x62, 0x0, 0xfd, 0x60, 0x1f, 0xfd, 0x18,
    0x0, 0xfc, 0x6a, 0x1, 0xff, 0xd0, 0x71, 0x0,
    0xfd, 0x0, 0x1f, 0xfd, 0x1, 0x90, 0xf, 0xc6,
    0x80, 0x1f, 0xfd, 0x6, 0x10, 0xf, 0xd2, 0x1,
    0xff, 0xd1, 0x90, 0xf, 0xc2, 0xa0, 0x1f, 0xfd,
    0x5, 0x10, 0xf, 0xd2, 0x1, 0xff, 0xd1, 0x90,
    0xf, 0xe6, 0x0, 0xff, 0xe8, 0x19, 0x80, 0x3f,
    0x20, 0x80, 0x7f, 0xf4, 0x28, 0x3, 0xfb, 0x80,
    0x3f, 0xfa, 0x2e, 0x1, 0xfc, 0x80, 0x1f, 0xfd,
    0x3, 0x10, 0xf, 0xc8, 0x20, 0x1f, 0xfd, 0xb,
    0x0, 0xfe, 0xc0, 0xf, 0xfe, 0x8a, 0x80, 0x7f,
    0x20, 0x7, 0xff, 0x40, 0x88, 0x1, 0xfc, 0x60,
    0x1f, 0xfd, 0x4, 0x0, 0xfe, 0x40, 0xf, 0xfe,
    0x8e, 0x0, 0x7f, 0x18, 0x7, 0xff, 0x45, 0x0,
    0x3f, 0xb4, 0x3, 0xff, 0xa0, 0x22, 0x0, 0xfe,
    0x70, 0xf, 0xfe, 0x82, 0x0, 0x7f, 0x88, 0x3,
    0xff, 0xa1, 0xa0, 0x1f, 0xc4, 0x1, 0xff, 0xd1,
    0x30, 0xf, 0xe6, 0x0, 0xff, 0xe8, 0xa8, 0x7,
    0xf0, 0x80, 0x7f, 0xf4, 0x44, 0x3, 0xf8, 0x80,
    0x3f, 0xfa, 0x4, 0x1, 0xfe, 0xf0, 0xf, 0xfe,
    0x83, 0x0, 0x7f, 0x88, 0x3, 0xff, 0xa0, 0x40,
    0x1f, 0xe1, 0x0, 0xff, 0xe8, 0x70, 0x7, 0xf9,
    0xc0, 0x3f, 0xfa, 0x4, 0x1, 0xfe, 0x10, 0xf,
    0xfe, 0x80, 0x80, 0x7f, 0x8c, 0x3, 0xff, 0xa0,
    0xc0, 0x1f, 0xfd, 0xb3, 0x0, 0xff, 0x8, 0x7,
    0xff, 0x40, 0x40, 0x3f, 0xfb, 0x66, 0x7f, 0xf0,
    0x7, 0xff, 0x14,

    /* U+FF18 "８" */
    0x0, 0xff, 0xe2, 0x91, 0xa2, 0xa9, 0xc, 0x40,
    0x3f, 0xfa, 0x49, 0x19, 0xfb, 0x97, 0x54, 0xbc,
    0xef, 0xc8, 0x40, 0xf, 0xfe, 0x58, 0xc7, 0x5b,
    0x98, 0x7, 0xf8, 0xde, 0xf9, 0xc0, 0x3f, 0xf9,
    0xf, 0xce, 0x20, 0x1f, 0xfc, 0x41, 0x8e, 0x60,
    0xf, 0xfe, 0x21, 0x64, 0x0, 0x7f, 0xf2, 0x46,
    0x6c, 0x40, 0x3f, 0xf8, 0x27, 0x86, 0x1, 0xff,
    0xcc, 0x4c, 0x10, 0xf, 0xf8, 0xb0, 0x40, 0x3f,
    0xf9, 0xc5, 0x80, 0x1f, 0xf7, 0x80, 0x7f, 0xf4,
    0x4a, 0x80, 0x3f, 0xa0, 0x80, 0x3f, 0xc2, 0xd5,
    0x9b, 0xab, 0x94, 0x0, 0xff, 0x95, 0x0, 0x3e,
    0x17, 0x0, 0xff, 0x47, 0x4a, 0x99, 0x11, 0x1a,
    0xf9, 0x40, 0x3f, 0xd0, 0x1, 0xf3, 0x0, 0x7f,
    0xb5, 0xc0, 0x3f, 0x86, 0xa4, 0x3, 0xf8, 0xcc,
    0x1, 0xea, 0x0, 0xfe, 0xb2, 0x0, 0xff, 0xe0,
    0x34, 0x0, 0x7f, 0x20, 0x7, 0x88, 0x3, 0xf2,
    0xa0, 0x7, 0xff, 0x9, 0xcc, 0x3, 0xf6, 0x0,
    0x71, 0x80, 0x7f, 0x78, 0x7, 0xff, 0x12, 0x80,
    0x3f, 0x30, 0x7, 0x38, 0x7, 0xf3, 0x80, 0x7f,
    0xf1, 0x1c, 0x3, 0xf1, 0x80, 0x7f, 0xf0, 0xcc,
    0x3, 0xff, 0x88, 0x20, 0x1f, 0xfc, 0x27, 0x0,
    0xfe, 0x20, 0xf, 0xfe, 0x69, 0x80, 0x71, 0x0,
    0x7f, 0x20, 0x7, 0xff, 0x35, 0x80, 0x38, 0x44,
    0x1, 0xfa, 0x40, 0x3f, 0xf8, 0x84, 0x1, 0xf8,
    0xc0, 0x3c, 0xe0, 0x1f, 0x86, 0xc0, 0x3f, 0xf8,
    0x6a, 0x1, 0xfa, 0xc0, 0x3d, 0x40, 0x1f, 0xc9,
    0x82, 0x1, 0xff, 0xc1, 0x90, 0xf, 0x88, 0xc0,
    0x3c, 0x68, 0x1, 0xfc, 0x7c, 0xc0, 0x1f, 0xf4,
    0x8, 0x7, 0xd0, 0x1, 0xfa, 0x40, 0x3f, 0xe9,
    0xd6, 0x0, 0xfc, 0x8e, 0x1, 0xf2, 0x28, 0x7,
    0xe2, 0x90, 0xf, 0xf8, 0xa7, 0xe9, 0x0, 0x31,
    0xd8, 0x7, 0xc5, 0x40, 0x1f, 0xe6, 0x80, 0xf,
    0xfe, 0xa, 0xdf, 0x52, 0xa6, 0x0, 0x7c, 0x3e,
    0x20, 0x1f, 0xf3, 0xd0, 0x7, 0xff, 0x8, 0x56,
    0xac, 0x3, 0xe1, 0xc2, 0x0, 0xff, 0xe0, 0xae,
    0xa0, 0x7, 0xff, 0x28, 0xfc, 0x80, 0x3f, 0xf8,
    0x65, 0xc0, 0x1f, 0xfc, 0x93, 0xc1, 0x0, 0xff,
    0xe1, 0x95, 0xd0, 0x7, 0xff, 0x24, 0xe8, 0x80,
    0x3f, 0xf8, 0x4b, 0xa8, 0x1, 0xff, 0xcb, 0x5d,
    0x70, 0xf, 0xfe, 0x3, 0xd0, 0x7, 0xf1, 0x0,
    0x7f, 0xf1, 0x62, 0xc4, 0x3, 0xfa, 0x20, 0x1,
    0xf8, 0x73, 0x75, 0x6, 0x1, 0xff, 0xc3, 0x4c,
    0x10, 0xf, 0x95, 0xc0, 0x3f, 0x16, 0x18, 0x13,
    0xe6, 0xc1, 0x0, 0x7f, 0xf0, 0x4b, 0x4, 0x3,
    0x8a, 0x80, 0x3f, 0xe, 0x10, 0x7, 0x13, 0xee,
    0x28, 0x7, 0xff, 0x0, 0xa8, 0x3, 0xa4, 0x3,
    0xfb, 0x44, 0x3, 0xf8, 0xeb, 0x58, 0x3, 0xfe,
    0x46, 0x0, 0x89, 0x0, 0x3f, 0x39, 0x80, 0x7f,
    0xf0, 0xa, 0x70, 0x80, 0x3f, 0xd0, 0x1, 0x50,
    0x7, 0xf4, 0x0, 0x7f, 0xf0, 0xcf, 0x8, 0x3,
    0xf8, 0x54, 0x0, 0x80, 0x1f, 0x98, 0x3, 0xff,
    0x8a, 0x3e, 0x1, 0xfe, 0xe0, 0x1, 0x80, 0x7e,
    0xf0, 0xf, 0xfe, 0x31, 0x30, 0x7, 0xf2, 0x81,
    0x0, 0x7f, 0x10, 0x7, 0xff, 0x1f, 0x40, 0x3f,
    0x84, 0x60, 0xf, 0xe7, 0x0, 0xff, 0xe3, 0xb0,
    0x7, 0xf8, 0xc0, 0x3f, 0xcc, 0x1, 0xff, 0xc7,
    0x30, 0xf, 0xf0, 0x88, 0x3, 0xfb, 0x0, 0x3f,
    0xf8, 0xe4, 0x1, 0xfe, 0x12, 0x0, 0xfe, 0x61,
    0x0, 0xff, 0xe3, 0x58, 0x7, 0xf8, 0x80, 0xc0,
    0x3f, 0xac, 0x3, 0xff, 0x8a, 0x2e, 0x1, 0xfc,
    0x60, 0x4, 0x0, 0xfe, 0x58, 0x0, 0xff, 0xe2,
    0x68, 0x7, 0xfa, 0xc0, 0x14, 0x1, 0xfe, 0x7b,
    0x10, 0xf, 0xfe, 0x0, 0xe1, 0x80, 0x7f, 0x98,
    0x0, 0x4c, 0x1, 0xfe, 0x4e, 0x93, 0x0, 0xfc,
    0x31, 0xc6, 0x1, 0xfe, 0x71, 0x0, 0xa0, 0x40,
    0x3f, 0xe6, 0xce, 0xb9, 0x87, 0x8a, 0xde, 0x70,
    0xf, 0xf8, 0xa0, 0x3, 0xe, 0x80, 0x7f, 0xf0,
    0x45, 0x19, 0xe1, 0xd4, 0x80, 0x3f, 0xf8, 0x3,
    0xe0, 0x1e, 0x3a, 0x0, 0xff, 0xe9, 0x8e, 0x90,
    0x7, 0xcb, 0x82, 0x1, 0xff, 0xd0, 0x2c, 0x30,
    0xf, 0xe3, 0xf5, 0x0, 0xff, 0xe7, 0x3e, 0x90,
    0x7, 0xfc, 0x35, 0x88, 0x1, 0xff, 0xca, 0x6e,
    0x80, 0xf, 0xfe, 0x19, 0xde, 0xb9, 0x0, 0x7f,
    0xf1, 0xe, 0x7a, 0x44, 0x3, 0xff, 0x8c, 0x51,
    0xbd, 0x4e, 0xa6, 0x42, 0x38, 0x8d, 0xa2, 0xff,
    0x18, 0x40, 0x3f, 0xc0,

    /* U+FF19 "９" */
    0x0, 0xff, 0xe2, 0x11, 0xa1, 0x90, 0x80, 0x7f,
    0xf4, 0x49, 0xaf, 0xbf, 0x72, 0xf3, 0x7b, 0x97,
    0x4, 0x1, 0xff, 0xcb, 0x5b, 0xd9, 0x41, 0x0,
    0xf8, 0x51, 0xf7, 0x4c, 0x1, 0xff, 0xc7, 0x3c,
    0xa4, 0x0, 0xff, 0xe1, 0x94, 0xf3, 0x0, 0x7f,
    0xf1, 0x1f, 0xc, 0x3, 0xff, 0x8e, 0x33, 0x64,
    0x1, 0xff, 0xc1, 0xa8, 0x0, 0xff, 0xe5, 0xa6,
    0x18, 0x7, 0xfd, 0x2a, 0x1, 0xff, 0xcd, 0x1c,
    0x40, 0xf, 0xe7, 0x60, 0xf, 0xfe, 0x85, 0x90,
    0x7, 0xc5, 0x0, 0x1f, 0xfc, 0x11, 0x18, 0x3,
    0xff, 0x85, 0xe0, 0x1f, 0x70, 0x7, 0xfc, 0x75,
    0xdd, 0xd4, 0x80, 0x1f, 0xf1, 0x50, 0x7, 0x21,
    0x80, 0x7f, 0xab, 0x14, 0x40, 0x21, 0x5b, 0xc2,
    0x0, 0xff, 0x29, 0x80, 0x6f, 0x0, 0xff, 0x62,
    0x80, 0x7f, 0x1e, 0xa0, 0x7, 0xfb, 0xc0, 0x32,
    0x0, 0x7f, 0x41, 0x80, 0x7f, 0xf0, 0x2c, 0xc0,
    0x3f, 0x8d, 0x0, 0xa, 0x1, 0xfc, 0x2e, 0x1,
    0xff, 0xc2, 0xe0, 0xf, 0xf7, 0x80, 0x34, 0x3,
    0xf9, 0x80, 0x3f, 0xf8, 0x65, 0x0, 0x1f, 0xc8,
    0x20, 0x60, 0x1f, 0xd6, 0x1, 0xff, 0xc4, 0x70,
    0xf, 0xf3, 0x3, 0x0, 0x7f, 0x18, 0x7, 0xff,
    0x15, 0xc0, 0x3f, 0xb0, 0xc, 0x3, 0xff, 0x9f,
    0x60, 0x1f, 0xc8, 0x1, 0xfe, 0x10, 0xf, 0xfe,
    0x31, 0x88, 0x7, 0xf1, 0x80, 0x7f, 0x8, 0x7,
    0xff, 0x1d, 0x0, 0x3f, 0x98, 0xc0, 0x3f, 0x84,
    0x3, 0xff, 0x8c, 0x40, 0x1f, 0xc4, 0xc0, 0x1f,
    0xc8, 0x1, 0xff, 0xc6, 0x70, 0xf, 0xee, 0x20,
    0xf, 0xee, 0x0, 0xff, 0xe2, 0xb8, 0x7, 0xf8,
    0xb0, 0x3, 0xf9, 0x10, 0x1, 0xff, 0xc3, 0x68,
    0x0, 0xff, 0x3a, 0x0, 0x7f, 0xa8, 0x80, 0x3f,
    0xf8, 0x31, 0x20, 0x1f, 0xf0, 0x89, 0x0, 0x3f,
    0x87, 0x10, 0x3, 0xfc, 0x56, 0xe0, 0x1f, 0xfc,
    0x3, 0xf, 0x0, 0xff, 0xd, 0xd9, 0x44, 0x3,
    0x92, 0xb5, 0x0, 0x3f, 0xf8, 0x68, 0x80, 0xf,
    0xf9, 0x2b, 0xb7, 0x2f, 0x7e, 0xd4, 0x3, 0xff,
    0x8d, 0x20, 0x1f, 0xfc, 0x22, 0x34, 0x20, 0xf,
    0xfe, 0x49, 0x50, 0x7, 0xff, 0x34, 0x40, 0x3f,
    0x8c, 0x2, 0x59, 0x0, 0xff, 0xe5, 0x96, 0x0,
    0x7f, 0x8, 0x6, 0x6b, 0x10, 0xf, 0xfe, 0x42,
    0x61, 0x80, 0x7f, 0x38, 0x7, 0x27, 0xa8, 0x7,
    0xff, 0x1a, 0x6c, 0x48, 0x3, 0xf8, 0x80, 0x3c,
    0x35, 0x8a, 0x1, 0xff, 0xc2, 0x7e, 0x60, 0x3,
    0x0, 0x7f, 0x8, 0x7, 0xe3, 0xae, 0xa7, 0x30,
    0xf, 0x12, 0xd7, 0xc0, 0x80, 0x5a, 0x1, 0xfd,
    0xa0, 0x1f, 0xe1, 0x58, 0xcf, 0xf7, 0x6f, 0x7e,
    0xd2, 0x80, 0x78, 0xc0, 0x3f, 0x9c, 0x3, 0xff,
    0x88, 0x24, 0x20, 0x1f, 0xe4, 0x0, 0xfe, 0x20,
    0xf, 0xfe, 0x81, 0x80, 0x7f, 0x20, 0x7, 0xff,
    0x46, 0x80, 0x3f, 0xb0, 0x3, 0xff, 0xa2, 0xe0,
    0x1f, 0xca, 0x1, 0xff, 0xd0, 0x71, 0x0, 0xfc,
    0x44, 0x0, 0xff, 0xe7, 0x8c, 0x80, 0x7f, 0x50,
    0x7, 0xe1, 0x0, 0xff, 0xe3, 0xd0, 0x80, 0x7f,
    0x30, 0x7, 0xcb, 0xca, 0x1, 0xff, 0xc5, 0x84,
    0x0, 0xfe, 0x61, 0x0, 0xf1, 0xd0, 0x53, 0x80,
    0x7f, 0xf0, 0xe1, 0xc0, 0x3f, 0xd0, 0x1, 0xe2,
    0xd0, 0xa, 0x34, 0xc0, 0x3f, 0xe2, 0xc7, 0x0,
    0xff, 0x40, 0x80, 0x70, 0xe0, 0x80, 0x62, 0xcb,
    0x51, 0x0, 0xe1, 0x5a, 0xd3, 0x0, 0xff, 0x13,
    0x80, 0x7b, 0x4, 0x3, 0xe4, 0xae, 0xe6, 0x5e,
    0x6f, 0x52, 0x80, 0x7f, 0xf0, 0x3c, 0x3, 0xd6,
    0x40, 0x1f, 0xf0, 0x9a, 0x19, 0x0, 0x7f, 0xf0,
    0xa8, 0x80, 0x38, 0x5c, 0x3, 0xff, 0xa5, 0x2a,
    0x1, 0xe1, 0xc4, 0x0, 0xff, 0xe8, 0x4b, 0x0,
    0x7f, 0x5b, 0x80, 0x7f, 0xf3, 0x46, 0xd8, 0x3,
    0xfe, 0x8c, 0x20, 0xf, 0xfe, 0x52, 0x7a, 0x0,
    0x7f, 0xf0, 0x4f, 0x64, 0x40, 0x3f, 0xf8, 0xc7,
    0x76, 0x10, 0xf, 0xfe, 0x23, 0x75, 0x20, 0x7,
    0xff, 0x9, 0x6f, 0x10, 0x3, 0xff, 0x90, 0xb7,
    0xf4, 0xea, 0x64, 0x22, 0x23, 0x58, 0xcf, 0xa4,
    0x0, 0xff, 0xe1, 0x0,

    /* U+FF1A "：" */
    0x0, 0xe4, 0x66, 0x20, 0x7, 0xe8, 0xfb, 0x99,
    0x5f, 0xc0, 0x7, 0x63, 0x80, 0x79, 0xf0, 0x2,
    0xa3, 0x0, 0xfc, 0x74, 0x6, 0xa0, 0x1f, 0xe5,
    0x3a, 0x0, 0xff, 0xe0, 0x52, 0x80, 0x7f, 0xf0,
    0x14, 0x40, 0x3f, 0xf8, 0x2, 0xc0, 0x1f, 0xfc,
    0x6, 0x30, 0xf, 0xfe, 0x6, 0x48, 0x7, 0xff,
    0x1, 0x86, 0x0, 0x3f, 0xd0, 0x20, 0xf0, 0x1,
    0xfa, 0x1c, 0x2, 0x7c, 0x50, 0xc, 0xb8, 0xe0,
    0x1c, 0x75, 0xfd, 0xcf, 0xa3, 0x0, 0xfe, 0x11,
    0x0, 0x7f, 0xff, 0xc0, 0x3f, 0xff, 0xe0, 0x1f,
    0xff, 0xf0, 0xf, 0xff, 0x30, 0xce, 0xff, 0xb6,
    0x44, 0x3, 0x97, 0x98, 0x80, 0x4, 0xdc, 0xa0,
    0x12, 0xd0, 0x7, 0xea, 0x50, 0x1a, 0x0, 0xff,
    0x50, 0xb0, 0x7, 0xff, 0x1, 0xb0, 0x3, 0xff,
    0x81, 0x8c, 0x1, 0xff, 0xc0, 0x71, 0x0, 0xff,
    0xe0, 0xb0, 0x7, 0xff, 0x1, 0x78, 0x3, 0xff,
    0x81, 0xa8, 0x60, 0x1f, 0xe3, 0x40, 0xd2, 0x0,
    0xfc, 0x5a, 0x0, 0x1c, 0x50, 0xf, 0x2e, 0x8,
    0x4, 0x35, 0xb2, 0xee, 0x9d, 0xa1, 0x0, 0x0,

    /* U+FF1B "；" */
    0x0, 0xf9, 0x19, 0x88, 0x1, 0xff, 0xc0, 0x8f,
    0xb9, 0x95, 0xfc, 0x0, 0x7f, 0x63, 0x80, 0x79,
    0xf0, 0x3, 0xea, 0x30, 0xf, 0xc7, 0x40, 0x1c,
    0x6a, 0x1, 0xfe, 0x53, 0x0, 0xd4, 0x1, 0xff,
    0xc0, 0xa0, 0xc, 0xa0, 0x1f, 0xfc, 0x5, 0x0,
    0xc2, 0x1, 0xff, 0xc0, 0x10, 0xc, 0xc0, 0x1f,
    0xfc, 0x6, 0x0, 0xc6, 0x1, 0xff, 0xc0, 0xc0,
    0xd, 0x20, 0x1f, 0xfc, 0x6, 0x0, 0xc3, 0x0,
    0x1f, 0xe8, 0x10, 0xe, 0x78, 0x0, 0xfd, 0xe,
    0x1, 0xf3, 0xe2, 0x80, 0x65, 0xc7, 0x0, 0xfe,
    0x3a, 0xfe, 0xe7, 0xd1, 0x80, 0x7f, 0xf0, 0x44,
    0x40, 0x1f, 0xff, 0xf0, 0xf, 0xff, 0xf8, 0x7,
    0xff, 0xfc, 0x3, 0xff, 0xde, 0xb5, 0x9b, 0x70,
    0x60, 0x1f, 0xc7, 0xb4, 0xa6, 0x48, 0xf9, 0x20,
    0x1f, 0x1e, 0x10, 0x7, 0xcd, 0x60, 0x1e, 0xe0,
    0xf, 0xf2, 0x38, 0x6, 0x42, 0x0, 0xff, 0xa4,
    0x3, 0x60, 0x7, 0xff, 0x0, 0x54, 0x2, 0x10,
    0xf, 0xfe, 0xf, 0x0, 0x42, 0x1, 0xff, 0xc1,
    0x50, 0xb, 0x40, 0x3f, 0xf8, 0x22, 0x1, 0x20,
    0x7, 0xff, 0x8, 0x40, 0x3, 0x20, 0x1f, 0xfc,
    0x13, 0x0, 0x9a, 0x0, 0x3f, 0xf8, 0xaf, 0xaa,
    0x1, 0xfe, 0x30, 0xe, 0x2a, 0xfe, 0xd0, 0xf,
    0x84, 0x3, 0xf0, 0x98, 0x7, 0x84, 0x3, 0xfc,
    0x80, 0x1e, 0x40, 0xf, 0xf7, 0x0, 0x7b, 0x40,
    0x3f, 0x8d, 0x0, 0x3c, 0xa0, 0x1f, 0xde, 0x1,
    0xe4, 0x20, 0xf, 0xd4, 0x60, 0x1e, 0xe0, 0xf,
    0xd2, 0xa0, 0x1e, 0x35, 0x0, 0xf1, 0x63, 0x0,
    0x7d, 0xc0, 0x1e, 0x8d, 0x30, 0xf, 0xa0, 0x80,
    0x21, 0x8f, 0x70, 0xf, 0xca, 0xe0, 0x1c, 0xe0,
    0x1f, 0xc9, 0x40, 0x1c, 0x28, 0x1, 0xf9, 0xec,
    0x3, 0xef, 0x0, 0xf0, 0xd4, 0x0, 0x7e, 0x41,
    0x0, 0xcd, 0xea, 0x1, 0xfe, 0x90, 0x3, 0x6c,
    0x88, 0x7, 0xfc, 0xd3, 0xf2, 0x40, 0x1f, 0xf0,

    /* U+FF1C "＜" */
    0x0, 0xff, 0xf4, 0x90, 0x7, 0xff, 0xad, 0x37,
    0x42, 0x1, 0xff, 0xe8, 0x4c, 0xb2, 0x9, 0x0,
    0xff, 0xf3, 0x1d, 0xd8, 0xc0, 0x27, 0x10, 0xf,
    0xff, 0x19, 0x56, 0x20, 0x7, 0xa0, 0x3, 0xff,
    0xc2, 0x55, 0xaa, 0x1, 0xf9, 0x88, 0x3, 0xff,
    0xbc, 0x33, 0xaa, 0x1, 0xff, 0x48, 0x7, 0xff,
    0x70, 0x63, 0x98, 0x3, 0xff, 0x80, 0x5a, 0x1,
    0xff, 0xdb, 0x7e, 0x70, 0xf, 0xfe, 0x0, 0xce,
    0xb0, 0x7, 0xff, 0x65, 0xba, 0x0, 0x3f, 0xf8,
    0x3, 0x1c, 0xc0, 0x1f, 0xfd, 0x96, 0xe9, 0x10,
    0xf, 0xfe, 0x4, 0x73, 0x80, 0x7f, 0xf6, 0x57,
    0x64, 0x40, 0x3f, 0xf8, 0xf, 0xce, 0x1, 0xff,
    0xd9, 0x4c, 0xa2, 0x0, 0xff, 0xe0, 0x37, 0x40,
    0x80, 0x7f, 0xf6, 0xf, 0x2c, 0xc0, 0x3f, 0xf8,
    0xd, 0xd2, 0x20, 0x1f, 0xfd, 0x83, 0xbc, 0x30,
    0xf, 0xfe, 0x2, 0xec, 0x88, 0x7, 0xff, 0x60,
    0xab, 0x10, 0x3, 0xff, 0x80, 0x9b, 0x44, 0x1,
    0xff, 0xd8, 0x19, 0xd5, 0x0, 0xff, 0xe0, 0x26,
    0x59, 0x0, 0x7f, 0xf6, 0x6, 0x79, 0x80, 0x3f,
    0xf8, 0x7, 0x76, 0x30, 0xf, 0xfe, 0xc0, 0xc7,
    0x30, 0x7, 0xff, 0x0, 0xef, 0x10, 0x3, 0xff,
    0xb2, 0xfe, 0xe0, 0x1f, 0xfc, 0x2, 0xac, 0x40,
    0xf, 0xfe, 0xcb, 0x74, 0x8, 0x7, 0xfc, 0x53,
    0xaa, 0x1, 0xff, 0xd9, 0x6e, 0x91, 0x0, 0xff,
    0x86, 0x75, 0x80, 0x3f, 0xfb, 0x2b, 0xb2, 0x20,
    0x1f, 0xf0, 0xc7, 0x30, 0x7, 0xff, 0x65, 0x32,
    0x88, 0x3, 0xff, 0x81, 0x1c, 0xe0, 0x1f, 0xfd,
    0x93, 0xcb, 0x30, 0xf, 0xfe, 0x3, 0xf3, 0x80,
    0x7f, 0xf6, 0x4a, 0xf0, 0xc0, 0x3f, 0xf8, 0xd,
    0xd0, 0x20, 0x1f, 0xfd, 0x82, 0xad, 0x40, 0xf,
    0xfe, 0x3, 0x74, 0x88, 0x7, 0xff, 0x60, 0x67,
    0x54, 0x3, 0xff, 0x80, 0xbb, 0x22, 0x1, 0xff,
    0xd9, 0x7e, 0x60, 0xf, 0xfe, 0x0, 0xed, 0x10,
    0x7, 0xff, 0x6d, 0xdc, 0x1, 0xff, 0xc1, 0x19,
    0x30, 0xf, 0xfe, 0xec, 0x73, 0x80, 0x7f, 0xf0,
    0x13, 0x2c, 0xc0, 0x3f, 0xfb, 0x83, 0x1c, 0xc0,
    0x1f, 0xfc, 0x4, 0xca, 0x20, 0xf, 0xfe, 0xe0,
    0xce, 0xa8, 0x7, 0xff, 0x1, 0x76, 0x88, 0x3,
    0xff, 0xb8, 0x55, 0xa8, 0x1, 0xff, 0xc0, 0x5d,
    0x91, 0x0, 0xff, 0xee, 0x15, 0xe1, 0x80, 0x7f,
    0xf0, 0x1b, 0xa0, 0x40, 0x3f, 0xfb, 0x87, 0x96,
    0x60, 0x1f, 0xfc, 0x7, 0xe8, 0x0, 0xff, 0xee,
    0xa6, 0x51, 0x0, 0x7f, 0xf0, 0x1f, 0x9c, 0x3,
    0xff, 0xba, 0xbb, 0x24, 0x1, 0xff, 0xc, 0x73,
    0x0, 0x7f, 0xf7, 0x5b, 0x64, 0x40, 0x3f, 0xe1,
    0x9e, 0x60, 0xf, 0xfe, 0xeb, 0x74, 0x8, 0x7,
    0xfc, 0x33, 0xaa, 0x1, 0xff, 0xdd, 0x7f, 0x70,
    0xf, 0xfe, 0x1, 0x56, 0xa0, 0x7, 0xff, 0x70,
    0x63, 0x98, 0x3, 0xff, 0x80, 0x57, 0x88, 0x1,
    0xff, 0xdc, 0x19, 0xe6, 0x0, 0xff, 0xe0, 0x1d,
    0xe1, 0x80, 0x7f, 0xf7, 0x6, 0x75, 0x40, 0x3f,
    0xf8, 0x7, 0x96, 0x60, 0x1f, 0xfd, 0xc2, 0xac,
    0x40, 0xf, 0xfe, 0x2, 0x65, 0x10, 0x7, 0xff,
    0x70, 0xef, 0xc, 0x3, 0xff, 0x80, 0xbb, 0x44,
    0x1, 0xff, 0xdc, 0x3c, 0xb3, 0x0, 0xff, 0xe0,
    0x2e, 0xc8, 0x80, 0x7f, 0xf7, 0x13, 0x28, 0x80,
    0x3f, 0xf8, 0xd, 0xd0, 0x20, 0x1f, 0xfd, 0xc5,
    0xd9, 0x10, 0xf, 0xfe, 0x3, 0xf4, 0x0, 0x7f,
    0xf7, 0x5b, 0xa4, 0x40, 0x3f, 0xf8, 0xf, 0xce,
    0x1, 0xff, 0xdd, 0x6e, 0x80, 0xf, 0xfe, 0x0,
    0xc6, 0x0, 0x7f, 0xf7, 0x9f, 0x9c, 0x3, 0xff,
    0x81, 0x40, 0x1f, 0xfd, 0xf1, 0x8e, 0x60, 0xf,
    0xe2, 0x60, 0xf, 0xff, 0x8, 0xce, 0xa8, 0x7,
    0xd2, 0x1, 0xff, 0xe4, 0x2a, 0xd5, 0x0, 0xc6,
    0x80, 0x1f, 0xfe, 0x62, 0xac, 0x40, 0x7, 0x80,
    0x7f, 0xfa, 0x4e, 0xf1, 0xcc, 0x2,

    /* U+FF1D "＝" */
    0x34, 0x4f, 0xff, 0x30, 0xfd, 0xdf, 0xff, 0x99,
    0x0, 0x3f, 0xff, 0xe0, 0x1f, 0xff, 0xf0, 0xf,
    0xff, 0xf8, 0x7, 0xff, 0xfc, 0x3, 0xff, 0x81,
    0x9f, 0xff, 0xfe, 0x65, 0x0, 0xff, 0xff, 0x80,
    0x7f, 0xff, 0xc0, 0x3f, 0xff, 0xe0, 0x1f, 0xff,
    0xf0, 0xf, 0xff, 0xf8, 0x7, 0xff, 0x74, 0xd5,
    0x7f, 0xfc, 0xc3, 0xf5, 0x5f, 0xfe, 0x64, 0x0,
    0xff, 0xff, 0x80, 0x7f, 0xff, 0xc0, 0x3f, 0xff,
    0xe0, 0x1f, 0xfd, 0x77, 0x0, 0xff, 0xf3, 0x80,

    /* U+FF1E "＞" */
    0x0, 0xc4, 0x1, 0xff, 0xec, 0x1d, 0xd2, 0x0,
    0x7f, 0xfa, 0xa4, 0xa, 0xf1, 0x0, 0x3f, 0xfc,
    0xe2, 0xe0, 0x11, 0xdd, 0x8c, 0x3, 0xff, 0xcb,
    0x0, 0x1e, 0x4c, 0xa2, 0x0, 0xff, 0xf1, 0x13,
    0x0, 0x7e, 0x5d, 0xa2, 0x0, 0xff, 0xf0, 0x48,
    0x7, 0xfc, 0xbb, 0x22, 0x1, 0xff, 0xde, 0xd1,
    0x0, 0xff, 0xe0, 0x37, 0x40, 0x80, 0x7f, 0xf7,
    0x1b, 0xa4, 0x40, 0x3f, 0xf8, 0xf, 0xce, 0x1,
    0xff, 0xdd, 0x6e, 0x81, 0x0, 0xff, 0xe0, 0x47,
    0x30, 0x7, 0xff, 0x75, 0xfa, 0x0, 0x3f, 0xf8,
    0x3, 0x3c, 0xc0, 0x1f, 0xfd, 0xd7, 0xe7, 0x0,
    0xff, 0xe0, 0xc, 0xea, 0x80, 0x7f, 0xf7, 0x6,
    0x39, 0x80, 0x3f, 0xf8, 0x5, 0x58, 0x80, 0x1f,
    0xfd, 0xc1, 0x9e, 0x60, 0xf, 0xfe, 0x1, 0xde,
    0x18, 0x7, 0xff, 0x70, 0x67, 0x54, 0x3, 0xff,
    0x80, 0x79, 0x66, 0x1, 0xff, 0xdc, 0x2a, 0xd4,
    0x0, 0xff, 0xe0, 0x26, 0x51, 0x0, 0x7f, 0xf7,
    0xa, 0xf1, 0x0, 0x3f, 0xf8, 0xb, 0xb2, 0x20,
    0x1f, 0xfd, 0xc3, 0xbb, 0x18, 0x7, 0xff, 0x1,
    0xba, 0x44, 0x3, 0xff, 0xb8, 0x99, 0x66, 0x1,
    0xff, 0xc0, 0x6e, 0x81, 0x0, 0xff, 0xee, 0x26,
    0x51, 0x0, 0x7f, 0xf0, 0x1f, 0xdc, 0x3, 0xff,
    0xba, 0xbb, 0x24, 0x1, 0xff, 0xc, 0x73, 0x0,
    0x7f, 0xf7, 0x5b, 0x64, 0x40, 0x3f, 0xe1, 0x9d,
    0x60, 0xf, 0xfe, 0xeb, 0x74, 0x8, 0x7, 0xfc,
    0x53, 0xaa, 0x1, 0xff, 0xdd, 0x7e, 0x80, 0xf,
    0xfe, 0x1, 0x56, 0x20, 0x7, 0xff, 0x75, 0xf9,
    0xc0, 0x3f, 0xf8, 0x7, 0x78, 0x60, 0x1f, 0xfd,
    0xc1, 0x8e, 0x60, 0xf, 0xfe, 0x1, 0xe5, 0x90,
    0x7, 0xff, 0x70, 0x67, 0x98, 0x3, 0xff, 0x80,
    0x9b, 0x44, 0x1, 0xff, 0xdc, 0x19, 0xd5, 0x0,
    0xff, 0xe0, 0x2e, 0xc8, 0x80, 0x7f, 0xf7, 0xa,
    0xb4, 0x40, 0x3f, 0xf8, 0xd, 0xce, 0x1, 0xff,
    0xdc, 0x3e, 0x10, 0xf, 0xfe, 0xb, 0xb8, 0x3,
    0xff, 0xb4, 0x77, 0x86, 0x1, 0xff, 0xc0, 0x7e,
    0x80, 0xf, 0xfe, 0xc9, 0x56, 0x20, 0x7, 0xff,
    0x1, 0xba, 0x4, 0x3, 0xff, 0xb0, 0x55, 0xaa,
    0x1, 0xff, 0xc0, 0x5d, 0x91, 0x0, 0xff, 0xec,
    0xc, 0xea, 0x80, 0x7f, 0xf0, 0x13, 0x68, 0x80,
    0x3f, 0xfb, 0x3, 0x1c, 0xc0, 0x1f, 0xfc, 0x4,
    0xcb, 0x20, 0xf, 0xfe, 0xcc, 0x73, 0x80, 0x7f,
    0xf0, 0xe, 0xec, 0x60, 0x1f, 0xfd, 0x97, 0xe7,
    0x0, 0xff, 0xe0, 0x15, 0x62, 0x0, 0x7f, 0xf6,
    0x5b, 0xa0, 0x40, 0x3f, 0xe2, 0x9d, 0x50, 0xf,
    0xfe, 0xcb, 0x74, 0x88, 0x7, 0xfc, 0x33, 0xac,
    0x1, 0xff, 0xd9, 0x5d, 0x91, 0x0, 0xff, 0x86,
    0x39, 0x80, 0x3f, 0xfb, 0x29, 0xb4, 0x40, 0x1f,
    0xfc, 0x7, 0xe7, 0x0, 0xff, 0xec, 0xa6, 0x59,
    0x0, 0x7f, 0xf0, 0x1b, 0xa0, 0x3, 0xff, 0xb2,
    0x79, 0x66, 0x1, 0xff, 0xc0, 0x6e, 0x91, 0x0,
    0xff, 0xec, 0x1d, 0xe1, 0x80, 0x7f, 0xf0, 0x17,
    0x64, 0x40, 0x3f, 0xfb, 0x5, 0x58, 0x80, 0x1f,
    0xfc, 0x4, 0xca, 0x20, 0xf, 0xfe, 0xc1, 0x56,
    0xa8, 0x7, 0xff, 0x0, 0xf2, 0xcc, 0x3, 0xff,
    0xb0, 0x33, 0xaa, 0x1, 0xff, 0xc0, 0x3b, 0xc3,
    0x0, 0xff, 0xec, 0xc, 0x73, 0x0, 0x7f, 0xf0,
    0xa, 0xb1, 0x0, 0x3f, 0xfb, 0x31, 0xce, 0x1,
    0xff, 0xc0, 0x19, 0xd5, 0x0, 0xff, 0xec, 0xbf,
    0x38, 0x7, 0xff, 0x0, 0x67, 0x98, 0x3, 0xff,
    0xb5, 0x90, 0x20, 0x1f, 0xfc, 0x8, 0xe6, 0x0,
    0xff, 0xee, 0x50, 0x7, 0xff, 0x1, 0xf9, 0xc0,
    0x3f, 0xfb, 0xcc, 0x40, 0x1f, 0xcd, 0xd0, 0x20,
    0x1f, 0xfe, 0x8, 0x0, 0xf9, 0x76, 0x44, 0x3,
    0xff, 0xc4, 0xa6, 0x1, 0x97, 0x68, 0x80, 0x3f,
    0xfc, 0xbe, 0x0, 0x4c, 0xa2, 0x0, 0xff, 0xf3,
    0x9b, 0xe5, 0x98, 0x7, 0xff, 0x98,

    /* U+FF1F "？" */
    0x0, 0xff, 0x85, 0x5e, 0x6a, 0xea, 0x5d, 0x44,
    0x3, 0xff, 0x8c, 0x2f, 0xbd, 0x50, 0xca, 0x8a,
    0xd1, 0x5d, 0xae, 0x20, 0x1f, 0xfc, 0x12, 0xae,
    0x82, 0x0, 0xff, 0x8a, 0x3a, 0x44, 0x3, 0xfc,
    0xfa, 0xa0, 0x1f, 0xfc, 0x56, 0xf3, 0x0, 0xf8,
    0x72, 0x0, 0x3f, 0xf9, 0x3, 0x88, 0x1, 0xc9,
    0xe6, 0x1, 0xff, 0xcb, 0xb3, 0x0, 0x92, 0xc4,
    0x3, 0xff, 0x9b, 0xc0, 0x4, 0xb0, 0xf, 0xfe,
    0x79, 0x38, 0x30, 0x80, 0x7f, 0xf0, 0x4, 0x40,
    0x1f, 0xfc, 0x29, 0x2, 0xc2, 0x0, 0xfc, 0xf9,
    0xfd, 0xcf, 0xd7, 0x0, 0xff, 0x85, 0x0, 0xb0,
    0x80, 0x39, 0xba, 0xc, 0x3, 0x14, 0x68, 0x80,
    0x7f, 0xb0, 0x0, 0x38, 0x60, 0x1, 0xb9, 0x10,
    0xf, 0xc5, 0xa0, 0x1f, 0xe3, 0x0, 0x87, 0x10,
    0x71, 0x0, 0x3f, 0xe3, 0x40, 0xf, 0xe7, 0x0,
    0xeb, 0xc2, 0x0, 0xff, 0xe0, 0xe8, 0x7, 0xf0,
    0x80, 0x78, 0x80, 0x3f, 0xf8, 0x44, 0x1, 0xff,
    0xdd, 0x10, 0xf, 0xfe, 0x49, 0x80, 0x7f, 0x30,
    0x7, 0xff, 0x26, 0xc0, 0x3f, 0xb0, 0x3, 0xff,
    0x90, 0x86, 0x1, 0xfc, 0xe0, 0x1f, 0xfc, 0x71,
    0xa0, 0xf, 0xe6, 0x10, 0xf, 0xfe, 0x3e, 0x88,
    0x7, 0xf4, 0x0, 0x7f, 0xf1, 0xf0, 0xc0, 0x3f,
    0xa8, 0x40, 0x3f, 0xf8, 0xd8, 0x60, 0x1f, 0xce,
    0xa0, 0x1f, 0xfc, 0x51, 0xc3, 0x0, 0xfe, 0x78,
    0x0, 0xff, 0xe2, 0x8e, 0x98, 0x7, 0xf4, 0x40,
    0x3, 0xff, 0x8d, 0xa6, 0x1, 0xfd, 0xe, 0x1,
    0xff, 0xc6, 0xa3, 0x0, 0xfe, 0x87, 0x0, 0xff,
    0xe3, 0x32, 0x80, 0x7f, 0x43, 0x80, 0x7f, 0xf1,
    0x86, 0x0, 0x3f, 0x9d, 0xc0, 0x1f, 0xfc, 0x79,
    0x10, 0xf, 0xc7, 0x0, 0x1f, 0xfc, 0x86, 0x0,
    0xfe, 0xe0, 0xf, 0xfe, 0x41, 0x88, 0x7, 0xe6,
    0x20, 0xf, 0xfe, 0x42, 0x80, 0x7f, 0x50, 0x7,
    0xff, 0x27, 0x80, 0x3f, 0x8c, 0x3, 0xff, 0xa4,
    0x40, 0x1f, 0xfe, 0xab, 0x77, 0xfd, 0x60, 0x1f,
    0xfc, 0xa3, 0x88, 0xfc, 0xc0, 0x1f, 0xff, 0xf0,
    0xf, 0xff, 0xf8, 0x7, 0x8, 0x7, 0xff, 0x3c,
    0x63, 0x7f, 0xbe, 0xcc, 0x3, 0xff, 0x96, 0x5e,
    0xe4, 0x1, 0x26, 0x38, 0x7, 0xff, 0x24, 0x70,
    0x40, 0x3e, 0x85, 0x0, 0xff, 0xe4, 0x48, 0x80,
    0x7f, 0x58, 0x7, 0xff, 0x21, 0x80, 0x3f, 0xc2,
    0x80, 0x1f, 0xfc, 0x71, 0x0, 0xff, 0x8c, 0x3,
    0xff, 0x8c, 0x20, 0x1f, 0xfc, 0xf, 0x0, 0xff,
    0xe3, 0x8, 0x7, 0xff, 0x3, 0x80, 0x3f, 0xf8,
    0xe6, 0x1, 0xff, 0x20, 0x7, 0xff, 0x1e, 0x40,
    0x3f, 0xc8, 0x40, 0x1f, 0xfc, 0x75, 0x60, 0xf,
    0xc3, 0x40, 0x1f, 0xfc, 0x99, 0x70, 0xf, 0x1f,
    0x88, 0x7, 0xff, 0x2a, 0x3a, 0x59, 0x8f, 0x98,
    0x10, 0xf, 0xfe, 0x0,

    /* U+FF20 "＠" */
    0x0, 0xff, 0xea, 0x12, 0x21, 0x59, 0x8a, 0x86,
    0x40, 0x1f, 0xfe, 0x73, 0x7a, 0xdf, 0xdb, 0xb5,
    0x4c, 0xaa, 0xf3, 0x7f, 0x29, 0x84, 0x3, 0xff,
    0xbe, 0x95, 0xf9, 0xa, 0x40, 0x1f, 0xfc, 0x3,
    0x59, 0xec, 0x71, 0x0, 0xff, 0xec, 0x8c, 0x75,
    0xa8, 0x7, 0xff, 0x24, 0xe3, 0xa4, 0x40, 0x3f,
    0xfa, 0xa5, 0x3c, 0xe2, 0x1, 0xff, 0xce, 0x6e,
    0x80, 0xf, 0xfe, 0x9c, 0x6b, 0x0, 0x7f, 0xf4,
    0xdf, 0x4c, 0x3, 0xff, 0x9e, 0xbc, 0xe0, 0x1f,
    0xfd, 0x62, 0xc7, 0x0, 0xff, 0xe6, 0xcd, 0x8,
    0x7, 0xff, 0x1, 0x1e, 0xb3, 0x7b, 0xad, 0xca,
    0x84, 0x10, 0xf, 0xfa, 0x24, 0x3, 0xff, 0x94,
    0x5a, 0xc0, 0x1f, 0xe1, 0x6c, 0xfb, 0x85, 0x32,
    0x11, 0x88, 0xd5, 0xef, 0xb1, 0xc4, 0x3, 0xf9,
    0xac, 0x3, 0xff, 0x90, 0x78, 0x40, 0x1f, 0xc5,
    0x5d, 0x26, 0x1, 0xff, 0xc3, 0x38, 0xe9, 0x10,
    0xf, 0xc9, 0x20, 0x1f, 0xfc, 0x64, 0xc1, 0x0,
    0xfc, 0x35, 0xaa, 0x1, 0xff, 0xc9, 0x6e, 0x70,
    0xf, 0xcc, 0xe0, 0x1f, 0xfc, 0x44, 0xb0, 0xf,
    0xe7, 0xe5, 0x0, 0xff, 0xe6, 0xc6, 0x8, 0x7,
    0xd0, 0x80, 0x1f, 0xfc, 0x23, 0xb0, 0xf, 0xc3,
    0x90, 0x1, 0xff, 0xd0, 0x3f, 0x20, 0xf, 0xa4,
    0x3, 0xff, 0x82, 0x5a, 0x1, 0xf9, 0x3c, 0xc0,
    0x3f, 0xfa, 0x43, 0x84, 0x1, 0xe2, 0x80, 0xf,
    0xfe, 0x7, 0x8, 0x7, 0xcb, 0x62, 0x1, 0xff,
    0xd4, 0x1f, 0x10, 0xf, 0x39, 0x0, 0x7f, 0xa4,
    0xc0, 0x3e, 0x6a, 0x0, 0xff, 0xeb, 0x95, 0x0,
    0x7d, 0x60, 0x1f, 0xc8, 0xc0, 0x1f, 0x2c, 0x80,
    0x7f, 0xf6, 0x51, 0x40, 0x3c, 0xc2, 0x1, 0xfa,
    0x40, 0x3e, 0x3a, 0x0, 0xff, 0xed, 0xd8, 0x7,
    0xcc, 0x1, 0xf3, 0x90, 0x7, 0x87, 0x40, 0x3f,
    0xf8, 0xc2, 0x20, 0xf, 0xfe, 0x40, 0xb8, 0x7,
    0xa8, 0x3, 0xc3, 0x0, 0x1f, 0x58, 0x80, 0x7f,
    0xf0, 0x92, 0xb7, 0xfb, 0x9f, 0x46, 0x1, 0x1b,
    0xbf, 0x84, 0x3, 0xe9, 0x0, 0xf1, 0x10, 0x3,
    0xa4, 0x3, 0xe5, 0x50, 0x7, 0xff, 0x5, 0x76,
    0xd4, 0x80, 0x32, 0xe4, 0x0, 0x26, 0x23, 0xc2,
    0x1, 0xf0, 0xa0, 0x7, 0x94, 0x3, 0xb, 0x80,
    0x7d, 0x60, 0x1f, 0xfc, 0x1, 0xba, 0x20, 0xf,
    0xe7, 0x70, 0x28, 0x7, 0x18, 0x7, 0xf6, 0x80,
    0x7b, 0x0, 0x33, 0x0, 0x7c, 0xe2, 0x1, 0xff,
    0x1f, 0xa0, 0x7, 0xff, 0x2, 0x1c, 0x3, 0xca,
    0x1, 0xfc, 0xe0, 0x1e, 0x50, 0xd, 0x40, 0x1f,
    0x48, 0x7, 0xfc, 0x78, 0x20, 0x1f, 0xfc, 0x28,
    0x0, 0xf7, 0x80, 0x7f, 0x8, 0x80, 0x38, 0x40,
    0x23, 0x20, 0xf, 0x38, 0x80, 0x7f, 0x8b, 0x40,
    0x3f, 0xf9, 0x6a, 0x1, 0xfe, 0x50, 0xf, 0x18,
    0x2, 0xc0, 0x3e, 0xa0, 0xf, 0xfb, 0xc4, 0x3,
    0xf8, 0x88, 0x20, 0x1f, 0xf1, 0x80, 0x7f, 0x8c,
    0x3, 0xcc, 0x0, 0x50, 0xf, 0x19, 0x0, 0x7f,
    0x9c, 0x80, 0x3f, 0x3f, 0x6e, 0xba, 0x84, 0x3,
    0xf1, 0x80, 0x7f, 0xdc, 0x1, 0xe3, 0x1, 0x20,
    0xf, 0x50, 0x7, 0xf8, 0xa0, 0x3, 0xf5, 0xc0,
    0x80, 0x4b, 0x82, 0x1, 0xf2, 0x80, 0x7f, 0xc6,
    0x1, 0xe1, 0x4, 0x0, 0xf9, 0x0, 0x3f, 0xd0,
    0x1, 0xfb, 0x10, 0x3, 0xc5, 0x20, 0x1f, 0x78,
    0x7, 0xfc, 0x20, 0x1e, 0xf0, 0xc0, 0xf, 0x9,
    0x0, 0x7f, 0x12, 0x80, 0x7d, 0x26, 0x1, 0xfb,
    0x80, 0x3e, 0x40, 0xf, 0xf9, 0xc0, 0x3f, 0x10,
    0x7, 0x90, 0x3, 0xfd, 0x40, 0x1f, 0x1b, 0x0,
    0x7f, 0x10, 0x7, 0xc4, 0x1, 0xff, 0x38, 0x7,
    0xbc, 0x18, 0x3, 0xda, 0x1, 0xfe, 0x70, 0xf,
    0xa0, 0x3, 0xfc, 0xa0, 0x1e, 0x30, 0xf, 0xfe,
    0x0, 0x80, 0x7e, 0x20, 0xf, 0x10, 0x7, 0xf2,
    0x0, 0x7c, 0x48, 0x1, 0xfc, 0x22, 0x0, 0xf2,
    0x80, 0x7f, 0xf0, 0xc, 0x3, 0xc4, 0x40, 0xf,
    0x9c, 0x3, 0xfb, 0x40, 0x3e, 0xa0, 0xf, 0xf2,
    0x80, 0x7d, 0xe0, 0x1f, 0xfc, 0xe, 0x0, 0xf3,
    0x8, 0x7, 0xc6, 0x1, 0xfc, 0xa0, 0x1f, 0x20,
    0x7, 0xf8, 0xc0, 0x3e, 0x40, 0xf, 0xfe, 0x1,
    0x80, 0x78, 0x80, 0x3f, 0x8, 0x7, 0xf1, 0x80,
    0x7c, 0x60, 0x1f, 0xed, 0x0, 0xf8, 0x80, 0x3f,
    0xf8, 0x8, 0x1, 0xc2, 0x27, 0x0, 0xff, 0xe2,
    0x8, 0x7, 0xc4, 0x1, 0xff, 0x38, 0x7, 0x8c,
    0x3, 0xff, 0x80, 0x80, 0x1e, 0x40, 0x10, 0xf,
    0xfe, 0x21, 0x0, 0x7c, 0x20, 0x1f, 0xf1, 0x0,
    0x79, 0x40, 0x3f, 0xf8, 0x1c, 0x1, 0xec, 0x1,
    0x0, 0xff, 0xeb, 0x90, 0x7, 0xde, 0x1, 0xff,
    0x12, 0x80, 0x79, 0xc0, 0x3f, 0xf8, 0xc2, 0x1,
    0xf0, 0x80, 0x7f, 0x9c, 0x3, 0xe2, 0x0, 0xff,
    0xa0, 0x3, 0xca, 0x20, 0xe0, 0x1f, 0x8, 0x7,
    0xe3, 0x0, 0xf8, 0x80, 0x3f, 0xd2, 0x1, 0xf3,
    0x80, 0x7f, 0x91, 0x40, 0x3d, 0x20, 0x1, 0x0,
    0xf8, 0x80, 0x3f, 0x8, 0x7, 0xe6, 0x0, 0xfd,
    0x66, 0x1, 0xf3, 0x80, 0x7f, 0x15, 0x0, 0x79,
    0xc, 0x0, 0x40, 0x1f, 0x30, 0x7, 0xf1, 0x80,
    0x7d, 0x2, 0x1, 0xc3, 0x88, 0x1, 0xfb, 0x0,
    0x3f, 0x17, 0x88, 0x7, 0xa4, 0x3, 0x8, 0x7,
    0xb4, 0x3, 0xf9, 0x0, 0x3e, 0x1f, 0x50, 0x0,
    0xbf, 0x98, 0x7, 0xf3, 0x90, 0x7, 0x97, 0x8,
    0x3, 0xce, 0x40, 0x18, 0x80, 0x3c, 0x80, 0x1f,
    0xd4, 0x1, 0xf8, 0x6b, 0xfd, 0xd0, 0x20, 0x1f,
    0xf6, 0x39, 0x91, 0xbe, 0xd0, 0x80, 0x78, 0xe0,
    0x3, 0x90, 0x3, 0xc6, 0x1, 0xfc, 0x48, 0x1,
    0xff, 0xc5, 0x14, 0x0, 0xf0, 0xc6, 0x6e, 0x41,
    0x0, 0x7c, 0x3a, 0x1, 0xed, 0x0, 0xf9, 0x40,
    0x3f, 0xa8, 0x40, 0x3f, 0xf8, 0x63, 0x9e, 0x1,
    0xff, 0xc7, 0x1c, 0x10, 0xf, 0x20, 0x7, 0xdc,
    0x1, 0xfc, 0x34, 0x1, 0xff, 0xc2, 0x1c, 0x24,
    0x20, 0xf, 0xfe, 0x29, 0x79, 0x0, 0x7c, 0x26,
    0x1, 0xe4, 0x20, 0xf, 0xe4, 0xb0, 0xf, 0xfe,
    0x2, 0xf1, 0x0, 0x3c, 0x3, 0xff, 0x88, 0xda,
    0x20, 0x1f, 0xd4, 0x1, 0xf5, 0x80, 0x7f, 0x93,
    0x54, 0x3, 0xf1, 0x55, 0x0, 0x31, 0x61, 0x0,
    0x7f, 0xf0, 0xf, 0x24, 0x3, 0xfe, 0x70, 0xf,
    0x98, 0x80, 0x3f, 0xc5, 0x5b, 0xa, 0x64, 0x8f,
    0x9a, 0xa0, 0x1e, 0x3d, 0x92, 0x0, 0xf8, 0x5b,
    0x30, 0x60, 0x1f, 0xfc, 0x1, 0x50, 0xf, 0xb8,
    0x3, 0xff, 0x80, 0x4f, 0x59, 0xb7, 0x6, 0x1,
    0xfe, 0x6d, 0xd5, 0x4c, 0x4d, 0x6f, 0x49, 0x80,
    0x7f, 0xf0, 0xe0, 0x3, 0xe3, 0x80, 0xf, 0xfe,
    0x99, 0x2b, 0x3b, 0x29, 0x0, 0x7f, 0xf1, 0x89,
    0x40, 0x3e, 0x74, 0x0, 0xff, 0xf6, 0x58, 0x7,
    0xeb, 0x40, 0xf, 0xff, 0x58, 0xc8, 0x7, 0xeb,
    0x40, 0xf, 0xff, 0x5b, 0x20, 0x7, 0xeb, 0x70,
    0xf, 0xff, 0x5d, 0x10, 0x7, 0xe8, 0xc2, 0x0,
    0xff, 0xf4, 0x8f, 0x88, 0x7, 0xe3, 0xd9, 0x10,
    0xf, 0xfe, 0x50, 0xb8, 0x7, 0xff, 0x40, 0xb4,
    0x40, 0x3f, 0x9b, 0xa8, 0xc0, 0x3f, 0xf8, 0xc9,
    0x5d, 0xa, 0x1, 0xff, 0xd0, 0x3c, 0x10, 0xf,
    0xf2, 0xe7, 0x4a, 0x88, 0x7, 0xf8, 0xda, 0xbe,
    0xd4, 0x1, 0x20, 0x1f, 0xfd, 0x12, 0xf3, 0x0,
    0xff, 0x85, 0xab, 0xb9, 0x97, 0x53, 0x2a, 0xbc,
    0xfc, 0x95, 0x0, 0xe3, 0x30, 0x7, 0xff, 0x44,
    0x71, 0xc0, 0x3f, 0xf8, 0x42, 0x68, 0xac, 0xc5,
    0x43, 0x0, 0xff, 0x48, 0x7, 0xff, 0x4e, 0x34,
    0xc0, 0x3f, 0xfa, 0x6a, 0x20, 0x1f, 0xfd, 0x32,
    0xcb, 0x20, 0xf, 0xfe, 0x81, 0x50, 0x80, 0x7f,
    0xf5, 0x53, 0x6d, 0x40, 0x3f, 0xf9, 0x87, 0x5a,
    0xa0, 0x1f, 0xfd, 0x84, 0xae, 0xa5, 0x10, 0xf,
    0xfe, 0x29, 0xbe, 0xe2, 0x80, 0x7f, 0xf7, 0x5,
    0x6b, 0xb6, 0x9d, 0x4c, 0x44, 0x0, 0x11, 0x11,
    0xb4, 0xe7, 0x64, 0x10, 0x7, 0xff, 0x2c,

    /* U+FF21 "Ａ" */
    0x0, 0xff, 0xe4, 0x44, 0xcf, 0xff, 0x1, 0x40,
    0x3f, 0xfb, 0x4a, 0xec, 0xdf, 0xfc, 0x8, 0x0,
    0xff, 0xed, 0x70, 0x7, 0xff, 0x4, 0x8c, 0x3,
    0xff, 0xb0, 0x28, 0x1, 0xff, 0xc2, 0xa0, 0xf,
    0xfe, 0xc3, 0x80, 0x7f, 0xf0, 0xdc, 0x3, 0xff,
    0xb1, 0x40, 0x1f, 0xfc, 0x31, 0x50, 0xf, 0xfe,
    0xb1, 0x18, 0x7, 0xff, 0x13, 0xc0, 0x3f, 0xfa,
    0xd4, 0x1, 0xff, 0xc5, 0x51, 0x0, 0xff, 0xea,
    0xa8, 0x7, 0xe3, 0x0, 0xfe, 0x70, 0xf, 0xfe,
    0xa1, 0x90, 0x7, 0xef, 0x10, 0xf, 0xd4, 0x1,
    0xff, 0xd4, 0xa0, 0xf, 0xc2, 0x6e, 0x1, 0xf8,
    0xc8, 0x3, 0xff, 0xa6, 0xe0, 0x1f, 0x9c, 0x34,
    0x3, 0xfa, 0x80, 0x3f, 0xfa, 0x48, 0x20, 0x1f,
    0xb4, 0x10, 0x40, 0x3f, 0x28, 0x7, 0xff, 0x4b,
    0x80, 0x3f, 0xa, 0x0, 0x1c, 0x3, 0xf1, 0x18,
    0x7, 0xff, 0x45, 0x40, 0x3f, 0x20, 0x5, 0xa0,
    0x1f, 0xd4, 0x1, 0xff, 0xd0, 0x50, 0xf, 0xef,
    0x0, 0x90, 0x3, 0xf9, 0xc0, 0x3f, 0xfa, 0x1c,
    0x1, 0xfc, 0xa0, 0x19, 0x40, 0x3f, 0xa, 0x80,
    0x7f, 0xf3, 0x85, 0x0, 0x3f, 0x20, 0x7, 0x78,
    0x7, 0xf7, 0x80, 0x7f, 0xf3, 0x9c, 0x3, 0xfb,
    0x40, 0x39, 0x40, 0x3f, 0x94, 0x40, 0x3f, 0xf9,
    0xb4, 0x1, 0xfc, 0xe0, 0x1e, 0x50, 0xf, 0xe7,
    0x0, 0xff, 0xe6, 0x11, 0x80, 0x7e, 0x41, 0x0,
    0xf7, 0x80, 0x7f, 0x50, 0x7, 0xff, 0x31, 0x40,
    0x3f, 0xb4, 0x3, 0xe5, 0x0, 0xfe, 0x32, 0x0,
    0xff, 0xe5, 0xd0, 0x7, 0xf3, 0x80, 0x7e, 0x40,
    0xf, 0xe5, 0x0, 0xff, 0xe5, 0x19, 0x0, 0x7e,
    0x31, 0x0, 0xfd, 0xc0, 0x1f, 0xd4, 0x1, 0xff,
    0xca, 0xa0, 0xf, 0xeb, 0x0, 0xfe, 0x40, 0xf,
    0xe2, 0x30, 0xf, 0xfe, 0x4b, 0x80, 0x7f, 0x28,
    0x7, 0xf0, 0xa0, 0x7, 0xf5, 0x0, 0x7f, 0xf2,
    0x10, 0x40, 0x3f, 0x19, 0x0, 0x7f, 0xb4, 0x3,
    0xf9, 0xc0, 0x3f, 0xf9, 0x1c, 0x1, 0xfd, 0x60,
    0x1f, 0xf3, 0x80, 0x7f, 0xa, 0x80, 0x7f, 0xf1,
    0xd4, 0x3, 0xf9, 0x40, 0x3f, 0xe1, 0x40, 0xf,
    0xef, 0x0, 0xff, 0xe3, 0x28, 0x7, 0xf1, 0x90,
    0x7, 0xff, 0x3, 0x40, 0x3f, 0x94, 0x40, 0x3f,
    0xf8, 0xbc, 0x1, 0xfd, 0x60, 0x1f, 0xfc, 0x17,
    0x0, 0xff, 0x38, 0x7, 0xff, 0x10, 0x50, 0x3,
    0xf9, 0x80, 0x3f, 0xf8, 0x22, 0x80, 0x1f, 0xd4,
    0x1, 0xff, 0xc4, 0x70, 0xf, 0xf7, 0x7f, 0xff,
    0xf0, 0x90, 0x3, 0xf8, 0xc8, 0x3, 0xff, 0x87,
    0x40, 0x1f, 0xfd, 0x85, 0x0, 0xff, 0xe1, 0x11,
    0x80, 0x7f, 0xf6, 0x28, 0x3, 0xff, 0x84, 0xa0,
    0x1f, 0xfd, 0x92, 0x30, 0xf, 0xfe, 0xd, 0x0,
    0x7f, 0xf6, 0xa8, 0x3, 0xff, 0x80, 0x64, 0x1,
    0xff, 0xda, 0x70, 0xf, 0xfe, 0x5, 0x80, 0x7f,
    0xf6, 0xc5, 0x0, 0x3f, 0xe6, 0x0, 0xff, 0xee,
    0x70, 0x7, 0xf9, 0x4, 0x3, 0xf9, 0x6a, 0xbf,
    0xf8, 0xf0, 0x1, 0xfe, 0x51, 0x0, 0xfe, 0xe0,
    0xf, 0xf4, 0xaa, 0xff, 0xf1, 0xdc, 0x40, 0x3f,
    0xce, 0x1, 0xfc, 0xa0, 0x1f, 0xc4, 0x60, 0x1f,
    0xfc, 0x87, 0x0, 0xff, 0x50, 0x7, 0xe5, 0x0,
    0xff, 0x28, 0x7, 0xff, 0x26, 0x80, 0x3f, 0xc6,
    0x40, 0x1f, 0x70, 0x7, 0xfa, 0xc0, 0x3f, 0xf9,
    0x26, 0x20, 0x1f, 0xe5, 0x0, 0xf0, 0xa0, 0x7,
    0xf0, 0x98, 0x7, 0xff, 0x29, 0xc0, 0x3f, 0xd4,
    0x1, 0xe7, 0x0, 0xff, 0x38, 0x7, 0xff, 0x2f,
    0x40, 0x3f, 0xc4, 0x60, 0x1d, 0x40, 0x1f, 0xed,
    0x0, 0xff, 0xe5, 0xa0, 0x80, 0x7f, 0xa8, 0x3,
    0x11, 0x80, 0x7f, 0x90, 0x3, 0xff, 0x98, 0xe0,
    0x1f, 0xe7, 0x0, 0xca, 0x1, 0xfe, 0x50, 0xf,
    0xfe, 0x6e, 0x80, 0x7f, 0x85, 0x0, 0x2a, 0x0,
    0xff, 0x78, 0x7, 0xff, 0x35, 0x4, 0x3, 0xfd,
    0xc0, 0x3, 0x20, 0xf, 0xf2, 0x80, 0x7f, 0xf3,
    0x9c, 0x3, 0xfc, 0xa2, 0x16, 0x1, 0xfe, 0x40,
    0xf, 0xfe, 0x7e, 0x80, 0x7f, 0xce, 0xa, 0x1,
    0xfe, 0xe0, 0xf, 0xfe, 0x7a, 0x8, 0x7, 0xfb,
    0x40,

    /* U+FF22 "Ｂ" */
    0x4, 0x4f, 0xfe, 0x49, 0x98, 0x80, 0x3f, 0xf9,
    0x37, 0x7f, 0xfc, 0x9c, 0xc6, 0xff, 0xb6, 0xa1,
    0x4, 0x3, 0xff, 0xb8, 0x4a, 0xf7, 0xd8, 0xe2,
    0x1, 0xff, 0xde, 0x38, 0xe9, 0x10, 0xf, 0xfe,
    0xfb, 0x7a, 0x80, 0x7f, 0xf7, 0xc6, 0x9c, 0x3,
    0xff, 0xc1, 0xa, 0x1, 0xff, 0xe0, 0xa2, 0x0,
    0xff, 0xe2, 0x11, 0x7f, 0x8, 0x80, 0x3f, 0xf8,
    0xb6, 0x1, 0xff, 0xc3, 0x5d, 0xdf, 0xee, 0xe7,
    0xed, 0xb0, 0x80, 0x7f, 0xf0, 0x18, 0x3, 0xff,
    0xa0, 0x49, 0x3d, 0x20, 0x1f, 0xfc, 0x4, 0x0,
    0xff, 0xe9, 0xb6, 0x0, 0x7f, 0xc6, 0x1, 0xff,
    0xd4, 0x37, 0x0, 0xff, 0x78, 0x7, 0xff, 0x56,
    0x80, 0x3f, 0xc4, 0x1, 0xff, 0xd5, 0x20, 0xf,
    0xf1, 0x80, 0x7f, 0xf8, 0x38, 0x3, 0xff, 0xc0,
    0x40, 0x1f, 0xfd, 0x54, 0x0, 0xff, 0x20, 0x7,
    0xff, 0x57, 0xc0, 0x3f, 0x90, 0x40, 0x3f, 0xfa,
    0x8e, 0x80, 0x1f, 0xd0, 0x1, 0xff, 0xd3, 0x1a,
    0x80, 0xf, 0xe4, 0x30, 0xf, 0xfe, 0x81, 0x35,
    0x72, 0x80, 0x7f, 0x15, 0x0, 0x7f, 0xf1, 0x17,
    0x77, 0xfd, 0xdf, 0xb2, 0xa0, 0x1f, 0xe1, 0xf1,
    0x0, 0xff, 0xe2, 0x91, 0x7f, 0x84, 0x3, 0xff,
    0x82, 0x7e, 0x40, 0x1f, 0xfd, 0xc2, 0xac, 0x10,
    0xf, 0xfe, 0xe0, 0xca, 0x80, 0x7f, 0xf7, 0x86,
    0xfe, 0xd0, 0x3, 0xff, 0xbe, 0x97, 0x84, 0x1,
    0xff, 0xdf, 0x3d, 0x60, 0xf, 0xff, 0x4, 0xc0,
    0x7, 0xff, 0x9, 0x7b, 0xbf, 0xed, 0xcb, 0x96,
    0x20, 0xf, 0xfe, 0x3, 0xa8, 0x7, 0xff, 0x8,
    0x47, 0xfe, 0x23, 0x46, 0x9d, 0xd3, 0x0, 0x7f,
    0xd4, 0x40, 0x1f, 0xfd, 0x22, 0x9d, 0x20, 0xf,
    0xf5, 0x80, 0x7f, 0xf5, 0xb, 0xc0, 0x3f, 0xcc,
    0x1, 0xff, 0xd5, 0x28, 0x0, 0xff, 0x20, 0x7,
    0xff, 0x55, 0x80, 0x3f, 0xd8, 0x1, 0xff, 0xd5,
    0x10, 0xf, 0xf1, 0x0, 0x7f, 0xf5, 0x88, 0x3,
    0xf8, 0x40, 0x3f, 0xfa, 0xc6, 0x1, 0xff, 0xe0,
    0x10, 0xf, 0xe1, 0x0, 0xff, 0xea, 0xa0, 0x7,
    0xf8, 0xc0, 0x3f, 0xfa, 0xbe, 0x1, 0xfe, 0xe0,
    0xf, 0xfe, 0xa3, 0x20, 0x7, 0xf9, 0x0, 0x3f,
    0xfa, 0x6d, 0x20, 0x1f, 0xe1, 0x30, 0xf, 0xfe,
    0x8a, 0x64, 0x80, 0x7f, 0xcc, 0x1, 0xff, 0xc0,
    0x13, 0x3f, 0xfe, 0x2, 0x34, 0x5f, 0xd9, 0x80,
    0x7f, 0xf0, 0x28, 0x3, 0xff, 0x80, 0x99, 0x9f,
    0xfc, 0xb, 0x97, 0x40, 0xf, 0xfe, 0x14, 0x10,
    0x7, 0xff, 0x79, 0x1c, 0x3, 0xff, 0xbc, 0x76,
    0x1, 0xff, 0xde, 0x6c, 0x0, 0xff, 0xee, 0x95,
    0x48, 0x7, 0xff, 0x70, 0xa7, 0x54, 0x3, 0xff,
    0xb4, 0x6f, 0x9a, 0xc0, 0x1f, 0xfd, 0x41, 0x11,
    0xa3, 0x45, 0xf6, 0x41, 0x80, 0x7f, 0x80,

    /* U+FF23 "Ｃ" */
    0x0, 0xff, 0xe5, 0x89, 0x10, 0xd0, 0xc8, 0x40,
    0x3f, 0xfa, 0xc2, 0xb3, 0x7d, 0xcd, 0xd6, 0x5e,
    0x6f, 0x7e, 0x4a, 0x0, 0x7f, 0xf3, 0xc5, 0xf3,
    0xa9, 0x90, 0x40, 0x3f, 0x8d, 0xaf, 0xe4, 0xc0,
    0x3f, 0xf9, 0x43, 0x1d, 0x6, 0x1, 0xff, 0xc6,
    0x6c, 0xb3, 0x0, 0xff, 0xe3, 0xc7, 0x38, 0x7,
    0xff, 0x2d, 0x32, 0x84, 0x3, 0xff, 0x86, 0x7a,
    0xe0, 0x1f, 0xfc, 0xf5, 0xf5, 0x0, 0xff, 0xe0,
    0xb6, 0x10, 0x7, 0xff, 0x44, 0x6a, 0x40, 0x3f,
    0xe9, 0x90, 0x7, 0xff, 0x55, 0xa8, 0x3, 0xfa,
    0x58, 0x3, 0xff, 0xaf, 0xc0, 0x1f, 0x9d, 0x80,
    0x3f, 0xf8, 0xc2, 0x42, 0x1, 0xff, 0xc2, 0x94,
    0x0, 0xf9, 0x60, 0x3, 0xff, 0x84, 0x4f, 0x7d,
    0xfd, 0xbd, 0xfb, 0x4a, 0x1, 0xfc, 0xec, 0x1,
    0xf0, 0xd0, 0x7, 0xff, 0x5, 0x33, 0x61, 0x4,
    0x3, 0x89, 0x6b, 0x9c, 0x3, 0xc9, 0x0, 0x1f,
    0xa8, 0x3, 0xff, 0x80, 0x37, 0x63, 0x0, 0xff,
    0xe0, 0xc, 0x72, 0x80, 0x47, 0x60, 0x1f, 0x95,
    0x0, 0x3f, 0xe3, 0xf4, 0x0, 0xff, 0xe2, 0xd,
    0x50, 0x45, 0xa0, 0x1f, 0xd0, 0x1, 0xff, 0x1e,
    0x8, 0x7, 0xff, 0x1d, 0x73, 0x2, 0x1, 0xf9,
    0x8, 0x3, 0xfc, 0x3a, 0x1, 0xff, 0xca, 0x22,
    0x0, 0x7f, 0x40, 0x7, 0xfd, 0xa2, 0x1, 0xff,
    0xd4, 0x13, 0x0, 0xff, 0x31, 0x80, 0x7f, 0xf5,
    0x5c, 0x3, 0xfe, 0x80, 0xf, 0xfe, 0xb6, 0x80,
    0x7f, 0x94, 0x40, 0x3f, 0xfa, 0xc8, 0x1, 0xfe,
    0xe0, 0xf, 0xfe, 0xb1, 0x80, 0x7f, 0xc8, 0x1,
    0xff, 0xd6, 0x60, 0xf, 0xf2, 0x0, 0x7f, 0xf5,
    0xf4, 0x3, 0xfd, 0x80, 0x1f, 0xfd, 0x72, 0x0,
    0xff, 0x10, 0x7, 0xff, 0x5c, 0x40, 0x3f, 0xcc,
    0x1, 0xff, 0xd7, 0x70, 0xf, 0xf0, 0x80, 0x7f,
    0xf5, 0xc4, 0x3, 0xfc, 0x60, 0x1f, 0xfd, 0x73,
    0x0, 0xff, 0xf1, 0x18, 0x7, 0xff, 0x88, 0x40,
    0x3f, 0xc6, 0x1, 0xff, 0xd7, 0x70, 0xf, 0xf3,
    0x0, 0x7f, 0xf8, 0x88, 0x3, 0xff, 0xae, 0x40,
    0x1f, 0xee, 0x0, 0xff, 0xeb, 0xf8, 0x7, 0xf9,
    0x0, 0x3f, 0xfa, 0xea, 0x1, 0xfe, 0x31, 0x0,
    0xff, 0xeb, 0x18, 0x7, 0xfc, 0xe0, 0x1f, 0xfd,
    0x73, 0x0, 0xff, 0x58, 0x7, 0xff, 0x5e, 0xc0,
    0x3f, 0xc4, 0x80, 0x1f, 0xfd, 0x65, 0x0, 0xff,
    0xa4, 0x3, 0xff, 0xac, 0x44, 0x0, 0xff, 0x14,
    0x0, 0x7f, 0xf5, 0xa0, 0x3, 0xfe, 0x75, 0x0,
    0xff, 0xe5, 0x95, 0x0, 0x7e, 0x52, 0x0, 0xff,
    0xa9, 0x40, 0x3f, 0xf9, 0x29, 0xab, 0x40, 0x1f,
    0xa0, 0x3, 0xff, 0x81, 0x4e, 0x1, 0xff, 0xc6,
    0x19, 0xb0, 0x2, 0xb8, 0x7, 0xca, 0x80, 0x1f,
    0xfc, 0x8, 0xc4, 0x0, 0xff, 0xe1, 0xb7, 0xb0,
    0x6, 0x84, 0x0, 0xfa, 0x84, 0x3, 0xff, 0x80,
    0x77, 0x8c, 0x20, 0x1f, 0xc4, 0xfd, 0x22, 0x1,
    0xeb, 0x20, 0xf, 0xd, 0x80, 0x7f, 0xf0, 0x8e,
    0x7b, 0x6a, 0x1d, 0x9e, 0x2b, 0xb6, 0x4, 0x3,
    0xfb, 0xc4, 0x3, 0xcb, 0x20, 0x1f, 0xfc, 0x42,
    0x57, 0x89, 0x87, 0x51, 0x0, 0xff, 0xe0, 0x15,
    0x0, 0x7c, 0xce, 0x1, 0xff, 0xd9, 0x10, 0xf,
    0xd1, 0x20, 0x1f, 0xfd, 0x77, 0xa0, 0xf, 0xe6,
    0xb1, 0x0, 0xff, 0xea, 0x54, 0x0, 0x7f, 0xc9,
    0xea, 0x1, 0xff, 0xd1, 0x3d, 0x50, 0xf, 0xfe,
    0x8, 0xd6, 0x18, 0x7, 0xff, 0x3a, 0x30, 0x80,
    0x3f, 0xf8, 0x87, 0x98, 0x50, 0xf, 0xfe, 0x48,
    0xc7, 0xb8, 0x7, 0xff, 0x20, 0xeb, 0xa5, 0x0,
    0x3f, 0xf8, 0x8b, 0x5c, 0xe0, 0x1f, 0xfc, 0xc1,
    0x6b, 0xfc, 0xa7, 0x54, 0x32, 0x21, 0x99, 0x5e,
    0x73, 0xe9, 0x40, 0x3f, 0xc0,

    /* U+FF24 "Ｄ" */
    0x38, 0x8f, 0xfe, 0x1b, 0xb9, 0x95, 0x46, 0x20,
    0x1f, 0xfc, 0xb4, 0x77, 0xff, 0xe1, 0xc4, 0x26,
    0xa9, 0x9d, 0xfb, 0x4c, 0x40, 0x1f, 0xfd, 0xe2,
    0x59, 0xde, 0x93, 0x0, 0xff, 0xef, 0x8b, 0x66,
    0xb8, 0x7, 0xff, 0x80, 0xa3, 0x98, 0x3, 0xff,
    0xc0, 0x33, 0xa4, 0x1, 0xff, 0xe0, 0x2d, 0x60,
    0xf, 0xff, 0xc, 0xc0, 0x7, 0xff, 0x85, 0xdc,
    0x1, 0xff, 0xc5, 0xef, 0xfe, 0xee, 0x65, 0x42,
    0x8, 0x7, 0xff, 0xe, 0x18, 0x3, 0xff, 0x94,
    0x22, 0x35, 0x7b, 0xec, 0x61, 0x0, 0xff, 0xe0,
    0xc9, 0x0, 0x7f, 0xf4, 0xe, 0x7a, 0x0, 0x3f,
    0xf8, 0x3e, 0x1, 0xff, 0xd3, 0x7d, 0x30, 0xf,
    0xf8, 0x9c, 0x3, 0xff, 0xa6, 0x58, 0x80, 0x1f,
    0xf4, 0x80, 0x7f, 0xf5, 0x6c, 0xc0, 0x3f, 0xc2,
    0xe0, 0x1f, 0xfd, 0x5d, 0x0, 0xff, 0xa4, 0x3,
    0xff, 0xaa, 0x32, 0x1, 0xfe, 0x13, 0x0, 0xff,
    0xea, 0xb0, 0x80, 0x7f, 0xa8, 0x3, 0xff, 0xad,
    0x20, 0x1f, 0xe7, 0x0, 0xff, 0xeb, 0x30, 0x7,
    0xf8, 0x44, 0x1, 0xff, 0xd5, 0x12, 0x0, 0xff,
    0x28, 0x7, 0xff, 0x59, 0x0, 0x3f, 0xc4, 0x1,
    0xff, 0xd6, 0xe0, 0xf, 0xf7, 0x80, 0x7f, 0xf5,
    0x8c, 0x3, 0xfc, 0x60, 0x1f, 0xfd, 0x67, 0x0,
    0xff, 0x8, 0x7, 0xff, 0x58, 0x40, 0x3f, 0xce,
    0x1, 0xff, 0xd6, 0x30, 0xf, 0xf0, 0x80, 0x7f,
    0xff, 0xc0, 0x38, 0xc0, 0x3f, 0xc2, 0x1, 0xff,
    0xd6, 0x10, 0xf, 0xf3, 0x80, 0x7f, 0xf5, 0x9c,
    0x3, 0xfc, 0x20, 0x1f, 0xfd, 0x63, 0x0, 0xff,
    0x18, 0x7, 0xff, 0x5b, 0x80, 0x3f, 0xde, 0x1,
    0xff, 0xd6, 0x40, 0xf, 0xf1, 0x0, 0x7f, 0xf5,
    0x44, 0x80, 0x3f, 0xca, 0x1, 0xff, 0xd5, 0x70,
    0xf, 0xf0, 0x88, 0x3, 0xff, 0xab, 0x60, 0x1f,
    0xe7, 0x0, 0xff, 0xea, 0xa9, 0x0, 0x7f, 0xb4,
    0x3, 0xff, 0xa8, 0x36, 0x1, 0xfe, 0x14, 0x0,
    0xff, 0xea, 0x58, 0x80, 0x7f, 0x98, 0x3, 0xff,
    0xa9, 0x2a, 0x1, 0xff, 0x48, 0x7, 0xff, 0x4e,
    0x58, 0x3, 0xfe, 0x71, 0x0, 0xff, 0xe8, 0x9e,
    0xb0, 0x7, 0xfc, 0x32, 0x1, 0xff, 0xd0, 0x4b,
    0xc2, 0x0, 0xff, 0xe0, 0x50, 0x80, 0x7f, 0xf3,
    0x9, 0x67, 0xad, 0x0, 0x3f, 0xf8, 0x2e, 0x80,
    0x1f, 0xfc, 0x3b, 0xaa, 0xeb, 0xb6, 0xfe, 0xd3,
    0x8, 0x7, 0xff, 0x9, 0x60, 0x3, 0xff, 0x88,
    0xab, 0xe4, 0x41, 0x0, 0x7f, 0xf1, 0x92, 0x80,
    0x3f, 0xfb, 0xeb, 0x60, 0x1f, 0xfd, 0xf9, 0xa0,
    0xf, 0xfe, 0xf1, 0xe3, 0x0, 0x7f, 0xf7, 0x4a,
    0xb0, 0xc0, 0x3f, 0xfb, 0x89, 0x7a, 0xa0, 0x1f,
    0xfd, 0xa1, 0x59, 0xeb, 0x40, 0xf, 0xfe, 0xa8,
    0x91, 0xac, 0x56, 0xf5, 0x30, 0x80, 0x7f, 0xf1,
    0x0,

    /* U+FF25 "Ｅ" */
    0xb, 0xbf, 0xfe, 0xc2, 0x0, 0xa2, 0x7f, 0xf6,
    0x8, 0x3, 0xff, 0xfe, 0x1, 0xff, 0xff, 0x0,
    0xff, 0xff, 0x80, 0x7f, 0xfc, 0x1f, 0x77, 0xff,
    0x9a, 0xc0, 0x1f, 0xfc, 0xe, 0x22, 0xff, 0xe6,
    0x80, 0x7f, 0xff, 0xc0, 0x3f, 0xff, 0xe0, 0x1f,
    0xff, 0xf0, 0xf, 0xff, 0xf8, 0x7, 0xff, 0xfc,
    0x3, 0xff, 0xa0, 0x20, 0x1f, 0xfd, 0xa8, 0xff,
    0xff, 0xe3, 0xb0, 0x7, 0xff, 0xfc, 0x3, 0xff,
    0xfe, 0x1, 0xff, 0xff, 0x0, 0xff, 0xfb, 0x8,
    0xff, 0xf2, 0xc, 0x3, 0xff, 0x8d, 0x1d, 0xdf,
    0xfc, 0x75, 0x0, 0xff, 0xff, 0x80, 0x7f, 0xff,
    0xc0, 0x3f, 0xff, 0xe0, 0x1f, 0xff, 0xf0, 0xf,
    0xff, 0xf8, 0x7, 0xff, 0xfc, 0x3, 0xff, 0xff,
    0x3d, 0xdf, 0xfc, 0xe5, 0x0, 0xff, 0xe0, 0x8,
    0xff, 0xf3, 0x80, 0x3f, 0xff, 0xe0, 0x1f, 0xff,
    0xf0, 0xf, 0xff, 0xf8, 0x7, 0xff, 0x94,

    /* U+FF26 "Ｆ" */
    0xb, 0xbf, 0xfe, 0xc4, 0xa, 0x27, 0xff, 0x60,
    0xc0, 0x3f, 0xff, 0xe0, 0x1f, 0xff, 0xf0, 0xf,
    0xff, 0xf8, 0x7, 0xff, 0xa1, 0xb7, 0x7f, 0xf9,
    0xb4, 0x1, 0xff, 0x9, 0x17, 0xff, 0x34, 0x40,
    0x3f, 0xff, 0xe0, 0x1f, 0xff, 0xf0, 0xf, 0xff,
    0xf8, 0x7, 0xff, 0xfc, 0x3, 0xff, 0xfe, 0x1,
    0xff, 0xff, 0x0, 0xff, 0xe2, 0xb6, 0x67, 0xff,
    0x1e, 0x0, 0x3f, 0xf8, 0xa2, 0x67, 0xff, 0xc8,
    0x0, 0xff, 0xff, 0x80, 0x7f, 0xff, 0xc0, 0x3f,
    0xff, 0xe0, 0x1f, 0xfe, 0xe6, 0xcc, 0xff, 0xe3,
    0xc8, 0x7, 0xff, 0x14, 0x4c, 0xff, 0xf8, 0xe4,
    0x1, 0xff, 0xff, 0x0, 0xff, 0xff, 0x80, 0x7f,
    0xff, 0xc0, 0x3f, 0xff, 0xe0, 0x1f, 0xff, 0xf0,
    0xf, 0xff, 0xf8, 0x7, 0xff, 0xfc, 0x3, 0xff,
    0xfe, 0x1, 0xff, 0xff, 0x0, 0xff, 0xf4, 0x89,
    0x9f, 0xfb, 0x80, 0x3f, 0xf9, 0xc0,

    /* U+FF27 "Ｇ" */
    0x0, 0xff, 0xe6, 0x89, 0x1a, 0x20, 0xc8, 0x40,
    0x3f, 0xfb, 0x4, 0xd5, 0xbf, 0xdb, 0x97, 0x6c,
    0xde, 0xfc, 0x96, 0x20, 0xf, 0xfe, 0x81, 0x46,
    0xea, 0x54, 0x80, 0x3f, 0xc6, 0xd3, 0xb8, 0xe2,
    0x1, 0xff, 0xcb, 0x5c, 0xd7, 0x20, 0xf, 0xfe,
    0x31, 0xc7, 0x48, 0x80, 0x7f, 0xf1, 0xcf, 0x28,
    0xc0, 0x3f, 0xf9, 0x8d, 0xce, 0x1, 0xff, 0xc5,
    0x9c, 0x30, 0xf, 0xfe, 0x84, 0x69, 0x80, 0x7f,
    0xf0, 0x4f, 0x58, 0x3, 0xff, 0xa6, 0x58, 0xa0,
    0x1f, 0xf2, 0xe1, 0x0, 0x7f, 0xf5, 0xa9, 0x80,
    0x3f, 0x9a, 0x80, 0x3f, 0xfb, 0x4, 0xe0, 0x1f,
    0x96, 0x40, 0x3f, 0xf8, 0xe2, 0x42, 0x1, 0xff,
    0xc2, 0x1f, 0x10, 0xf, 0x8e, 0x80, 0x3f, 0xf8,
    0x67, 0x17, 0xdf, 0xdb, 0xdf, 0xd9, 0x6, 0x1,
    0xfd, 0xa4, 0x1, 0xf0, 0xe8, 0x7, 0xff, 0x9,
    0xb7, 0x1d, 0x4, 0x3, 0x84, 0xdf, 0x35, 0x40,
    0x3d, 0x66, 0x1, 0xfa, 0x84, 0x3, 0xff, 0x80,
    0xbd, 0x24, 0x1, 0xff, 0xc1, 0x2a, 0xd4, 0x0,
    0xa9, 0x0, 0x3f, 0x22, 0x0, 0x3f, 0xf8, 0x15,
    0x41, 0x0, 0xff, 0xe2, 0x95, 0xc0, 0x42, 0x80,
    0x7f, 0x48, 0x7, 0xfc, 0x38, 0xa0, 0x1f, 0xfc,
    0x97, 0xe7, 0x0, 0xfe, 0x62, 0x0, 0xff, 0xb4,
    0xc0, 0x3f, 0xf9, 0x62, 0x1, 0xfe, 0xb0, 0xf,
    0xfa, 0x8c, 0x3, 0xff, 0xac, 0x84, 0x1, 0xfe,
    0x55, 0x0, 0x7f, 0xf5, 0xf4, 0x3, 0xfc, 0x36,
    0x1, 0xff, 0xd8, 0x60, 0xf, 0xf3, 0x8, 0x7,
    0xff, 0x5c, 0xc0, 0x3f, 0xe9, 0x0, 0xff, 0xec,
    0x20, 0x7, 0xf9, 0x4, 0x3, 0xff, 0xb1, 0xa0,
    0x1f, 0xed, 0x0, 0xff, 0xec, 0xb0, 0x7, 0xf9,
    0x0, 0x3f, 0xfb, 0x24, 0x1, 0xfe, 0x20, 0xf,
    0xfe, 0xc8, 0x80, 0x7f, 0x10, 0x7, 0xff, 0xd,
    0x6a, 0xbf, 0xf9, 0x8, 0x20, 0x1f, 0xe1, 0x0,
    0xff, 0xe1, 0xea, 0xaf, 0xff, 0x20, 0x8c, 0x3,
    0xfc, 0xe0, 0x1f, 0xff, 0xf0, 0xf, 0xff, 0x81,
    0x80, 0x7f, 0x9c, 0x3, 0xff, 0xb2, 0x20, 0x1f,
    0xe2, 0x0, 0xff, 0xf2, 0x8, 0x80, 0x3f, 0xfb,
    0x24, 0x1, 0xfe, 0x20, 0xf, 0xfe, 0xcb, 0x80,
    0x7f, 0xac, 0x3, 0xff, 0x85, 0x1f, 0xff, 0xee,
    0x0, 0xff, 0xb4, 0x3, 0xfc, 0x80, 0x1f, 0xfd,
    0x93, 0x0, 0xff, 0x19, 0x0, 0x7f, 0xf6, 0x10,
    0x3, 0xfe, 0x80, 0xf, 0xfe, 0xca, 0x80, 0x7f,
    0x94, 0x80, 0x3f, 0xfb, 0x1e, 0x1, 0xff, 0x70,
    0x7, 0xff, 0x61, 0x44, 0x3, 0xfc, 0x70, 0x1,
    0xff, 0xd8, 0x90, 0xf, 0xf9, 0xd8, 0x3, 0xff,
    0xae, 0xe2, 0x1, 0xff, 0x4c, 0x0, 0x7f, 0xf5,
    0xe0, 0x3, 0xff, 0x80, 0xf6, 0x20, 0x1f, 0xfd,
    0x56, 0x40, 0xf, 0xfe, 0x2, 0x74, 0x8, 0x7,
    0xff, 0x10, 0x80, 0x3f, 0xf8, 0x74, 0x20, 0x1f,
    0xfc, 0x17, 0xea, 0x51, 0x0, 0xff, 0x92, 0xb0,
    0x3, 0xff, 0x86, 0x34, 0x1, 0xff, 0xc3, 0x5a,
    0xed, 0xa8, 0x76, 0x56, 0x79, 0xcf, 0xb5, 0x0,
    0xff, 0xe2, 0xa5, 0x0, 0x7f, 0xf1, 0x49, 0x5e,
    0x26, 0xa6, 0x18, 0xc0, 0x3f, 0xf9, 0x2b, 0x20,
    0x1f, 0xfe, 0x46, 0xb1, 0x0, 0xff, 0xec, 0x90,
    0x7, 0xf2, 0x61, 0x80, 0x7f, 0xf5, 0x8b, 0x10,
    0x3, 0xfc, 0x59, 0x0, 0x1f, 0xfd, 0x46, 0xd3,
    0x0, 0xff, 0xe0, 0xbf, 0x30, 0x7, 0xff, 0x41,
    0x36, 0x40, 0x3f, 0xf8, 0x83, 0x3d, 0x4, 0x1,
    0xff, 0xcb, 0x5c, 0xb2, 0x0, 0xff, 0xe3, 0x8b,
    0xee, 0x39, 0x80, 0x7f, 0xf1, 0x52, 0x7a, 0x8c,
    0x3, 0xff, 0x98, 0x71, 0x9f, 0x92, 0xea, 0x86,
    0x45, 0x1a, 0x2b, 0xce, 0x7d, 0xb0, 0x80, 0x7e,

    /* U+FF28 "Ｈ" */
    0x78, 0x8f, 0xe5, 0x0, 0xff, 0xe6, 0x2c, 0x47,
    0xf3, 0xcb, 0xbf, 0xf7, 0x80, 0x7f, 0xf3, 0x3d,
    0xdf, 0xfa, 0x40, 0x3f, 0xff, 0xe0, 0x1f, 0xff,
    0xf0, 0xf, 0xff, 0xf8, 0x7, 0xff, 0xfc, 0x3,
    0xff, 0xfe, 0x1, 0xff, 0xff, 0x0, 0xff, 0xff,
    0x80, 0x7f, 0xff, 0xc0, 0x3f, 0xff, 0xe0, 0x1f,
    0xff, 0xf0, 0xf, 0xff, 0xf8, 0x7, 0xff, 0xbc,
    0x51, 0x3f, 0xf9, 0x82, 0x1, 0xff, 0xc8, 0x4b,
    0xbf, 0xfe, 0x62, 0x0, 0x7f, 0xff, 0xc0, 0x3f,
    0xff, 0xe0, 0x1f, 0xff, 0xf0, 0xf, 0xff, 0xf8,
    0x7, 0xff, 0xfc, 0x3, 0xff, 0x82, 0xbf, 0xff,
    0xfc, 0xc5, 0x0, 0xff, 0xff, 0x80, 0x7f, 0xff,
    0xc0, 0x3f, 0xff, 0xe0, 0x1f, 0xff, 0xf0, 0xf,
    0xff, 0xf8, 0x7, 0xff, 0xfc, 0x3, 0xff, 0xfe,
    0x1, 0xff, 0xff, 0x0, 0xff, 0xff, 0x80, 0x7f,
    0xff, 0xc0, 0x3f, 0xff, 0xe0, 0x1f, 0xff, 0xf0,
    0xf, 0xff, 0xf8, 0x7, 0xff, 0x8c,

    /* U+FF29 "Ｉ" */
    0x9b, 0xbf, 0xfe, 0xd8, 0x2a, 0x27, 0xff, 0x6c,
    0x3, 0xff, 0xfe, 0x1, 0xff, 0xff, 0x0, 0xff,
    0xff, 0x80, 0x7f, 0xfc, 0xfb, 0x33, 0xff, 0x83,
    0x0, 0x1f, 0xe8, 0xcc, 0xff, 0xe1, 0x1, 0x19,
    0xff, 0xf0, 0x48, 0x3, 0xfc, 0x46, 0x7f, 0xfc,
    0x20, 0xf, 0xff, 0xf8, 0x7, 0xff, 0xfc, 0x3,
    0xff, 0xfe, 0x1, 0xff, 0xff, 0x0, 0xff, 0xff,
    0x80, 0x7f, 0xff, 0xc0, 0x3f, 0xff, 0xe0, 0x1f,
    0xff, 0xf0, 0xf, 0xff, 0xf8, 0x7, 0xff, 0xfc,
    0x3, 0xff, 0xfe, 0x1, 0xff, 0xff, 0x0, 0xff,
    0xff, 0x80, 0x7f, 0xff, 0xc0, 0x3f, 0xff, 0xe0,
    0x1f, 0xff, 0xf0, 0xf, 0xff, 0xf8, 0x7, 0xff,
    0xfc, 0x3, 0xff, 0xc3, 0x5b, 0xbf, 0xfc, 0x1b,
    0x0, 0xff, 0x5e, 0xef, 0xff, 0x8, 0x18, 0x8b,
    0xff, 0x82, 0x20, 0x1f, 0xe1, 0x22, 0xff, 0xe1,
    0x0, 0x7f, 0xff, 0xc0, 0x3f, 0xff, 0xe0, 0x1f,
    0xff, 0xf0, 0xf, 0xff, 0x98,

    /* U+FF2A "Ｊ" */
    0x0, 0xff, 0xe7, 0x3c, 0x47, 0xf2, 0x80, 0x7f,
    0xf3, 0xa5, 0xdf, 0xfb, 0x80, 0x3f, 0xff, 0xe0,
    0x1f, 0xff, 0xf0, 0xf, 0xff, 0xf8, 0x7, 0xff,
    0xfc, 0x3, 0xff, 0xfe, 0x1, 0xff, 0xff, 0x0,
    0xff, 0xff, 0x80, 0x7f, 0xff, 0xc0, 0x3f, 0xff,
    0xe0, 0x1f, 0xff, 0xf0, 0xf, 0xff, 0xf8, 0x7,
    0xff, 0xfc, 0x3, 0xff, 0xfe, 0x1, 0xff, 0xff,
    0x0, 0xff, 0xff, 0x80, 0x7f, 0xff, 0xc0, 0x3f,
    0xff, 0xe0, 0x1f, 0xc2, 0x1, 0xff, 0xfc, 0x10,
    0xf, 0xf0, 0x80, 0x7f, 0xf3, 0x50, 0x3, 0xfc,
    0x40, 0x1e, 0x3d, 0x50, 0xf, 0xfe, 0x26, 0x0,
    0x7f, 0xb8, 0x3, 0x9b, 0xa, 0x88, 0x3, 0xff,
    0x86, 0xe0, 0x1f, 0xe5, 0x0, 0xd5, 0x20, 0x16,
    0x10, 0x7, 0xff, 0x6, 0x44, 0x3, 0xfc, 0x60,
    0x2, 0xd5, 0x0, 0xc3, 0x88, 0x1, 0xff, 0x3b,
    0x0, 0x7f, 0x94, 0x0, 0xda, 0x40, 0x1e, 0x1b,
    0xa2, 0x0, 0xf8, 0xee, 0x0, 0x3f, 0xef, 0x3,
    0x90, 0xf, 0xf2, 0xee, 0x43, 0x31, 0xe7, 0x71,
    0x0, 0x3f, 0xe1, 0x50, 0x35, 0x0, 0xff, 0xe0,
    0x1b, 0xcc, 0xa1, 0x88, 0x3, 0xff, 0x83, 0x0,
    0x15, 0x18, 0x7, 0xff, 0x48, 0x98, 0x3, 0x69,
    0x0, 0x7f, 0xf4, 0x7c, 0x3, 0x87, 0x8, 0x3,
    0xff, 0x9f, 0x44, 0x1, 0xe1, 0xd4, 0x0, 0xff,
    0xe6, 0xd2, 0x80, 0x7f, 0x5c, 0x80, 0x7f, 0xf2,
    0x86, 0xd4, 0x3, 0xfe, 0x6d, 0x50, 0xf, 0xfe,
    0x3b, 0x7a, 0x0, 0x7f, 0xf0, 0x4a, 0xb5, 0xc8,
    0x3, 0xff, 0x82, 0x2d, 0xb2, 0x20, 0x1f, 0xfc,
    0x42, 0x8d, 0xd5, 0x3a, 0xa1, 0x91, 0xd, 0x1a,
    0x73, 0xa4, 0x80, 0x3f, 0x80,

    /* U+FF2B "Ｋ" */
    0x48, 0x8f, 0xf0, 0x7, 0xff, 0x24, 0xe2, 0x3f,
    0xe4, 0x0, 0xb5, 0xdf, 0xfc, 0x20, 0x1f, 0xfc,
    0x73, 0xc7, 0x7f, 0xf2, 0xa8, 0x3, 0xff, 0xaa,
    0x5a, 0x1, 0xfe, 0x1f, 0x10, 0xf, 0xfe, 0xa0,
    0xf8, 0x80, 0x7f, 0xb4, 0x80, 0x3f, 0xfa, 0xba,
    0x40, 0x1f, 0xea, 0x30, 0xf, 0xfe, 0xad, 0x98,
    0x7, 0xfa, 0x54, 0x3, 0xff, 0xab, 0x28, 0x1,
    0xfe, 0x76, 0x0, 0xff, 0xea, 0xc3, 0x0, 0x7f,
    0x96, 0x0, 0x3f, 0xfa, 0xac, 0xe0, 0x1f, 0xe4,
    0xa0, 0xf, 0xfe, 0xaa, 0x48, 0x7, 0xf8, 0xac,
    0x3, 0xff, 0xaa, 0x76, 0x1, 0xfe, 0x1c, 0x0,
    0xff, 0xea, 0x96, 0x80, 0x7f, 0xd8, 0x20, 0x1f,
    0xfd, 0x41, 0xc1, 0x0, 0xff, 0x59, 0x0, 0x7f,
    0xf5, 0x70, 0x40, 0x3f, 0xd4, 0x80, 0x1f, 0xfd,
    0x5b, 0x20, 0xf, 0xf4, 0x28, 0x7, 0xff, 0x56,
    0x90, 0x3, 0xfc, 0xce, 0x1, 0xff, 0xd5, 0x85,
    0x0, 0xff, 0x2c, 0x80, 0x7f, 0xf5, 0x5d, 0xc0,
    0x1f, 0xe3, 0xa0, 0xf, 0xfe, 0xaa, 0xc0, 0x7,
    0xf8, 0xb4, 0x3, 0xff, 0xaa, 0x94, 0x1, 0xfe,
    0x1f, 0x10, 0xf, 0xfe, 0xa1, 0xd8, 0x7, 0xfd,
    0xa4, 0x1, 0xff, 0xd4, 0x2d, 0x0, 0xff, 0xa8,
    0xc0, 0x3f, 0xfa, 0x83, 0xe2, 0x1, 0xff, 0x78,
    0x7, 0xff, 0x57, 0x48, 0x3, 0xff, 0x80, 0xaa,
    0x0, 0xff, 0xe9, 0xe9, 0x80, 0x7f, 0xf0, 0xac,
    0x40, 0x3f, 0xfa, 0x46, 0x1, 0xff, 0xc3, 0x1a,
    0x0, 0xff, 0xf1, 0xa3, 0x0, 0x7f, 0xf8, 0xe4,
    0x40, 0x3f, 0xfc, 0x74, 0x1, 0xff, 0xd8, 0x30,
    0xf, 0xf2, 0x30, 0x7, 0xff, 0x58, 0xf1, 0xc0,
    0x3f, 0xd2, 0x40, 0x1f, 0xfd, 0x42, 0xd0, 0x82,
    0x0, 0xff, 0x48, 0x7, 0xff, 0x4c, 0x7c, 0x40,
    0x1c, 0x1, 0xfe, 0x46, 0x0, 0xff, 0xe9, 0x69,
    0x0, 0x46, 0xe0, 0x1f, 0xe9, 0x20, 0xf, 0xfe,
    0x85, 0x98, 0x7, 0x41, 0x0, 0x7f, 0xb8, 0x3,
    0xff, 0x9f, 0x48, 0x1, 0xf7, 0x0, 0x7f, 0x8d,
    0xc0, 0x3f, 0xf9, 0xb0, 0xa0, 0x1f, 0x8d, 0xc0,
    0x3f, 0xd0, 0x40, 0x1f, 0xfc, 0xb6, 0x70, 0xf,
    0xf4, 0x10, 0x7, 0xfb, 0x80, 0x3f, 0xf9, 0x4b,
    0x20, 0x1f, 0xfc, 0xe, 0x0, 0xff, 0x1b, 0x80,
    0x7f, 0xf2, 0x6c, 0x3, 0xff, 0x82, 0x6e, 0x1,
    0xfe, 0x82, 0x0, 0xff, 0xeb, 0xc1, 0x0, 0x7f,
    0xb8, 0x3, 0xff, 0xb1, 0xc0, 0x1f, 0xe3, 0x80,
    0xf, 0xfe, 0xb9, 0xb0, 0x7, 0xf9, 0xcc, 0x3,
    0xff, 0xaf, 0x24, 0x1, 0xfe, 0xe0, 0xf, 0xfe,
    0xc7, 0x0, 0x7f, 0x8a, 0x0, 0x3f, 0xfa, 0xe6,
    0xc0, 0x1f, 0xe7, 0x30, 0xf, 0xfe, 0xbc, 0x90,
    0x7, 0xfb, 0x80, 0x3f, 0xfb, 0x12, 0x1, 0xfe,
    0x28, 0x0, 0xff, 0xeb, 0xa3, 0x0, 0x7f, 0x9c,
    0xc0, 0x3f, 0xfa, 0xf2, 0x40, 0x1f, 0xee, 0x0,
    0xff, 0xec, 0x48, 0x7, 0xf8, 0xa4, 0x3, 0xff,
    0xae, 0x8c, 0x1, 0xfe, 0x64, 0x0, 0xff, 0xeb,
    0xc8, 0x80, 0x7f, 0xa4, 0x3, 0xff, 0xb1, 0x40,
    0x1f, 0xe2, 0x90,

    /* U+FF2C "Ｌ" */
    0x78, 0x8f, 0xe5, 0x0, 0xff, 0xe7, 0x4b, 0xbf,
    0xf7, 0x0, 0x7f, 0xff, 0xc0, 0x3f, 0xff, 0xe0,
    0x1f, 0xff, 0xf0, 0xf, 0xff, 0xf8, 0x7, 0xff,
    0xfc, 0x3, 0xff, 0xfe, 0x1, 0xff, 0xff, 0x0,
    0xff, 0xff, 0x80, 0x7f, 0xff, 0xc0, 0x3f, 0xff,
    0xe0, 0x1f, 0xff, 0xf0, 0xf, 0xff, 0xf8, 0x7,
    0xff, 0xfc, 0x3, 0xff, 0xfe, 0x1, 0xff, 0xff,
    0x0, 0xff, 0xff, 0x80, 0x7f, 0xff, 0xc0, 0x3f,
    0xff, 0xe0, 0x1f, 0xff, 0xf0, 0xf, 0xff, 0xf8,
    0x7, 0xff, 0xfc, 0x3, 0xff, 0xd0, 0x9d, 0xdf,
    0xfc, 0xd3, 0x0, 0xff, 0x84, 0x7f, 0xf9, 0xa0,
    0x1f, 0xff, 0xf0, 0xf, 0xff, 0xf8, 0x7, 0xff,
    0xfc, 0x3, 0xff, 0xae,

    /* U+FF2D "Ｍ" */
    0x78, 0x8f, 0xf3, 0x80, 0x7f, 0xf4, 0x4a, 0x23,
    0xfe, 0x49, 0x77, 0xff, 0x41, 0x80, 0x7f, 0xf4,
    0x21, 0xdf, 0xfe, 0xd0, 0xf, 0xfe, 0x4, 0x80,
    0x7f, 0xf3, 0xc5, 0x40, 0x3f, 0xf9, 0x8a, 0x40,
    0x1f, 0xfc, 0xe6, 0x0, 0xff, 0xe7, 0x50, 0x7,
    0xff, 0x3a, 0x40, 0x3f, 0xf9, 0xce, 0x1, 0xff,
    0xcd, 0x51, 0x0, 0xff, 0xe7, 0xb0, 0x7, 0xff,
    0x32, 0x40, 0x3f, 0xfa, 0x16, 0x1, 0xff, 0xcb,
    0x23, 0x0, 0xff, 0xe8, 0x12, 0x0, 0x7f, 0xf2,
    0xac, 0x3, 0xff, 0xa5, 0xe0, 0x1f, 0xfc, 0xa6,
    0x0, 0xff, 0xe9, 0x21, 0x0, 0x7f, 0xf2, 0x1c,
    0x3, 0xff, 0xa9, 0x60, 0x1f, 0xfc, 0x8a, 0x0,
    0xff, 0xea, 0x30, 0x80, 0x7f, 0xf1, 0x90, 0x80,
    0x3f, 0xfa, 0xac, 0x1, 0xff, 0xc6, 0xf0, 0xf,
    0xfe, 0x6b, 0x0, 0x7e, 0x90, 0xf, 0xfe, 0x29,
    0x20, 0x7, 0xcc, 0x20, 0x1f, 0xfc, 0x41, 0x30,
    0xf, 0x85, 0x40, 0x3f, 0xf8, 0x94, 0x1, 0xfa,
    0x84, 0x3, 0xff, 0x88, 0x32, 0x1, 0xfa, 0x40,
    0x3f, 0xf8, 0x8c, 0x1, 0xf1, 0x90, 0x7, 0xff,
    0x14, 0x94, 0x40, 0x3e, 0x33, 0x0, 0x7f, 0xf0,
    0x98, 0x40, 0x3e, 0x92, 0x0, 0xff, 0xe2, 0xb8,
    0x38, 0x7, 0xe9, 0x0, 0xff, 0xe1, 0x50, 0x7,
    0xc2, 0xac, 0x1, 0xff, 0xc5, 0x20, 0xb0, 0xf,
    0xca, 0x40, 0x1f, 0xfc, 0x3, 0x30, 0x7, 0xcc,
    0x6, 0x1, 0xff, 0xc5, 0x10, 0x23, 0x0, 0xfd,
    0x40, 0x1f, 0xfc, 0x9, 0x0, 0xfd, 0x41, 0xc0,
    0x1f, 0xfc, 0x89, 0x0, 0xfc, 0xe0, 0x1f, 0xf0,
    0xa8, 0x7, 0xc8, 0x40, 0x20, 0x1f, 0xfc, 0x62,
    0x5, 0x10, 0xf, 0xcc, 0x1, 0xfe, 0x60, 0xf,
    0xdc, 0x0, 0x30, 0xf, 0xfe, 0x30, 0x80, 0x1c,
    0x3, 0xf5, 0x80, 0x7f, 0xa4, 0x3, 0xe1, 0x50,
    0x0, 0x80, 0x7f, 0xf1, 0x9c, 0x1, 0x60, 0x1f,
    0x89, 0x0, 0x3f, 0x28, 0x80, 0x7c, 0xc0, 0x13,
    0x0, 0x7f, 0xf1, 0x84, 0x0, 0x46, 0x1, 0xfb,
    0xc0, 0x3f, 0x70, 0x7, 0xea, 0x0, 0x8c, 0x3,
    0xff, 0x8c, 0x60, 0x14, 0x80, 0x7e, 0x42, 0x0,
    0xf1, 0x20, 0x7, 0xc8, 0x40, 0x10, 0x80, 0x7f,
    0xf1, 0x84, 0x2, 0x51, 0x0, 0xfd, 0x40, 0x1e,
    0xa0, 0xf, 0xde, 0x1, 0xff, 0xcb, 0xf0, 0xd,
    0x20, 0x1f, 0x98, 0x3, 0xcc, 0x1, 0xf1, 0x20,
    0x4, 0x20, 0x1f, 0xfc, 0xc6, 0x0, 0xfc, 0x2a,
    0x1, 0x94, 0x40, 0x3e, 0xb0, 0xf, 0xfe, 0x88,
    0xb0, 0x7, 0xee, 0x0, 0xdc, 0x1, 0xf0, 0xb0,
    0x6, 0x30, 0xf, 0xfe, 0x38, 0x80, 0x75, 0x80,
    0x7e, 0x41, 0x0, 0xa, 0x0, 0x7c, 0xc0, 0x1f,
    0xfd, 0x32, 0x40, 0xf, 0xcc, 0x0, 0x90, 0xf,
    0xd2, 0x1, 0xff, 0xd4, 0xf0, 0xf, 0xd4, 0x0,
    0x60, 0xf, 0x94, 0x40, 0x3f, 0xfa, 0x88, 0x40,
    0x1f, 0x11, 0xa0, 0x80, 0x7d, 0x20, 0x1f, 0xfd,
    0x6b, 0x0, 0xfd, 0x3e, 0x1, 0xf1, 0x98, 0x3,
    0xff, 0xac, 0xc2, 0x1, 0xf2, 0xa0, 0x7, 0xd2,
    0x1, 0xff, 0xd8, 0x90, 0xf, 0xfe, 0x18, 0xa8,
    0x7, 0xff, 0x61, 0x80, 0x3f, 0xf8, 0x72, 0x1,
    0xff, 0xd9, 0x16, 0x0, 0xff, 0xe1, 0x30, 0x7,
    0xff, 0x6a, 0xc0, 0x3f, 0xf8, 0x2c, 0x20, 0x1f,
    0xfd, 0xa2, 0x40, 0xf, 0xfe, 0x5, 0x80, 0x7f,
    0xf7, 0x3c, 0x3, 0xfe, 0x42, 0x0, 0xff, 0xee,
    0x21, 0x0, 0x7f, 0xbc, 0x3, 0xff, 0xbd, 0x60,
    0x1f, 0xc4, 0x80, 0x1f, 0xfd, 0xe6, 0x10, 0xf,
    0xd6, 0x1, 0xff, 0xe0, 0x60, 0xf, 0x85, 0x80,
    0x3f, 0xfc, 0x12, 0x1, 0xf3, 0x0, 0x7f, 0xf8,
    0x45, 0x80, 0x3d, 0x20, 0x1f, 0xfe, 0x29, 0xdd,
    0xf0, 0x80, 0x7f, 0xf8, 0xc8, 0xbc, 0x1, 0xff,
    0xff, 0x0, 0xff, 0xff, 0x80, 0x7f, 0xf6, 0x0,

    /* U+FF2E "Ｎ" */
    0x28, 0x8f, 0xf2, 0x80, 0x7f, 0xf2, 0xc6, 0x23,
    0xf9, 0xd9, 0xdf, 0xfd, 0x46, 0x1, 0xff, 0xca,
    0x37, 0x7f, 0xe9, 0x0, 0xff, 0xe0, 0x70, 0x7,
    0xff, 0x84, 0x9c, 0x3, 0xff, 0xc3, 0x4, 0x1,
    0xff, 0xe1, 0xe0, 0xf, 0xff, 0x9, 0xb0, 0x7,
    0xff, 0x86, 0x44, 0x3, 0xff, 0xc3, 0x40, 0x1f,
    0xfe, 0x14, 0x50, 0xf, 0xff, 0xd, 0x88, 0x7,
    0xff, 0x80, 0x6c, 0x3, 0xff, 0xc2, 0xa8, 0x1,
    0xff, 0xd7, 0x10, 0xf, 0xea, 0x0, 0xff, 0xeb,
    0xa3, 0x0, 0x7e, 0x19, 0x0, 0xff, 0xeb, 0x34,
    0x8, 0x7, 0xe6, 0x30, 0xf, 0xfe, 0xa8, 0x8a,
    0x0, 0x3f, 0xb8, 0x3, 0xff, 0xaa, 0x40, 0xc6,
    0x1, 0xf8, 0xa0, 0x3, 0xff, 0xaf, 0xe0, 0x1f,
    0xce, 0x40, 0x1f, 0xfd, 0x42, 0x3, 0x50, 0xf,
    0xee, 0x0, 0xff, 0xea, 0x8, 0x2, 0xc0, 0x3f,
    0x8d, 0xc0, 0x3f, 0xfa, 0x6e, 0x0, 0x18, 0x0,
    0xfe, 0x82, 0x0, 0xff, 0xe9, 0x10, 0x4, 0xe4,
    0x1, 0xfd, 0x20, 0x1f, 0xfd, 0x21, 0x0, 0xd2,
    0x1, 0xfc, 0x8c, 0x1, 0xff, 0xd1, 0xf0, 0xc,
    0x88, 0x0, 0xfe, 0x81, 0x0, 0xf8, 0xc0, 0x3f,
    0xf9, 0x2, 0x1, 0xd2, 0x1, 0xfc, 0x36, 0x1,
    0xff, 0xd0, 0x30, 0xe, 0x28, 0x0, 0xfe, 0x55,
    0x0, 0x7f, 0xf3, 0xc4, 0x3, 0xce, 0x40, 0x1f,
    0xd6, 0x20, 0x1c, 0x20, 0x1f, 0xfd, 0xe, 0x0,
    0xfe, 0x18, 0x0, 0xff, 0xe7, 0x38, 0x7, 0xc6,
    0xc0, 0x1f, 0xcc, 0x60, 0x1c, 0x20, 0x1f, 0xfd,
    0x9, 0x10, 0xf, 0xef, 0x0, 0xe3, 0x0, 0xff,
    0xe8, 0xd0, 0x7, 0xf1, 0xa8, 0x6, 0x10, 0xf,
    0xfe, 0x38, 0x80, 0x7f, 0x22, 0x80, 0x7f, 0x58,
    0x6, 0x60, 0xf, 0xfe, 0x95, 0x88, 0x7, 0xe1,
    0x80, 0x8, 0xc0, 0x3f, 0xfa, 0x43, 0x0, 0x1f,
    0xce, 0x40, 0x1, 0x0, 0xff, 0xe9, 0xb1, 0x80,
    0x7f, 0x48, 0x3, 0x80, 0x3f, 0xfa, 0x9c, 0x1,
    0xfc, 0x88, 0x3, 0x0, 0xff, 0xea, 0x14, 0x0,
    0x7f, 0x48, 0x30, 0x7, 0xff, 0x55, 0xc8, 0x3,
    0xf1, 0x39, 0x0, 0x7f, 0xf5, 0xb8, 0x3, 0xfa,
    0x0, 0x3f, 0xfa, 0xe6, 0xc0, 0x1f, 0xd4, 0x1,
    0xff, 0xd7, 0x91, 0x0, 0xfc, 0x80, 0x1f, 0xfd,
    0x8a, 0x0, 0xff, 0xf0, 0xa2, 0x80, 0x7f, 0xf8,
    0x6c, 0x40, 0x3f, 0xfc, 0x3, 0x0, 0x1f, 0xfe,
    0x16, 0x40, 0xf, 0xff, 0xc, 0x80, 0x7f, 0xf8,
    0x4a, 0x0, 0x3f, 0xfc, 0x2e, 0x40, 0x1f, 0xfe,
    0x1e, 0x0, 0xff, 0xf0, 0x9b, 0x0, 0x7f, 0xf8,
    0x64, 0x40, 0x3f, 0xfc, 0x34, 0x1, 0xff, 0x0,

    /* U+FF2F "Ｏ" */
    0x0, 0xff, 0xe5, 0x89, 0x19, 0x90, 0xc8, 0x40,
    0x3f, 0xfb, 0xa2, 0xb3, 0x9d, 0xcd, 0xcc, 0x5e,
    0x6f, 0x7e, 0xd3, 0x90, 0x7, 0xff, 0x59, 0xf3,
    0xa9, 0x8c, 0x40, 0x3f, 0x89, 0x63, 0x75, 0x4,
    0x1, 0xff, 0xd0, 0x18, 0xf8, 0x30, 0xf, 0xfe,
    0x31, 0x3e, 0xd9, 0x80, 0x7f, 0xf3, 0x5f, 0x9c,
    0x3, 0xff, 0x98, 0x99, 0x42, 0x1, 0xff, 0xc9,
    0x3d, 0x80, 0xf, 0xfe, 0x82, 0xf3, 0x0, 0x7f,
    0xf1, 0xd7, 0x8, 0x3, 0xff, 0xa7, 0x32, 0x0,
    0xff, 0xe2, 0xbd, 0x0, 0x7f, 0xf5, 0x9a, 0xc0,
    0x3f, 0xf8, 0x6f, 0x0, 0x1f, 0xfd, 0x84, 0xb0,
    0xf, 0xfe, 0xa, 0xc0, 0x7, 0xff, 0x18, 0x44,
    0x1, 0xff, 0xc6, 0x49, 0x0, 0xff, 0x8a, 0x80,
    0x3f, 0xf8, 0x44, 0xf7, 0xdf, 0xdc, 0xff, 0x64,
    0xa0, 0x7, 0xff, 0x9, 0x98, 0x1, 0xfe, 0xe0,
    0xf, 0xfe, 0x9, 0xde, 0xc2, 0x8, 0x7, 0x1b,
    0x5f, 0x38, 0x7, 0xff, 0x6, 0x48, 0x3, 0xf3,
    0x18, 0x7, 0xff, 0x2, 0x71, 0x0, 0x3f, 0xf8,
    0x3, 0x1a, 0x60, 0x1f, 0xfc, 0x9, 0x0, 0xf8,
    0x64, 0x3, 0xfe, 0x1d, 0x60, 0xf, 0xfe, 0x21,
    0x62, 0x80, 0x7f, 0xc8, 0xa0, 0x1e, 0x60, 0xf,
    0xf8, 0x70, 0x80, 0x3f, 0xf8, 0xf4, 0xa0, 0x1f,
    0xf4, 0x80, 0x7a, 0x40, 0x3f, 0xea, 0x20, 0xf,
    0xfe, 0x4d, 0x10, 0x7, 0xf8, 0xcc, 0x1, 0x94,
    0x40, 0x3f, 0xcc, 0x80, 0x1f, 0xfc, 0xbe, 0x0,
    0xff, 0xa4, 0x3, 0x78, 0x7, 0xf8, 0x60, 0x3,
    0xff, 0x98, 0x6c, 0x1, 0xfe, 0x50, 0xc, 0xa0,
    0x1f, 0xe9, 0x10, 0xf, 0xfe, 0x6c, 0x0, 0x7f,
    0xc8, 0x0, 0x40, 0xf, 0xf9, 0x80, 0x3f, 0xf9,
    0xc2, 0x80, 0x1f, 0xed, 0x0, 0x18, 0x7, 0xf9,
    0x4, 0x3, 0xff, 0x9f, 0xc0, 0x1f, 0xe4, 0x0,
    0x68, 0x7, 0xfb, 0x0, 0x3f, 0xfa, 0x8, 0x1,
    0xfe, 0x20, 0x3, 0x0, 0x7f, 0x90, 0x3, 0xff,
    0xa0, 0x26, 0x1, 0xfe, 0x20, 0x30, 0xf, 0xf1,
    0x80, 0x7f, 0xf4, 0x54, 0x3, 0xfc, 0xc0, 0x1f,
    0xf0, 0x80, 0x7f, 0xf4, 0xb8, 0x3, 0xfc, 0x42,
    0x1, 0xfe, 0x20, 0xf, 0xfe, 0x91, 0x0, 0x7f,
    0x84, 0xc0, 0x3f, 0xce, 0x1, 0xff, 0xd2, 0x10,
    0xf, 0xf8, 0x40, 0x3f, 0xc2, 0x1, 0xff, 0xdd,
    0xf0, 0xf, 0xff, 0x50, 0x80, 0x7f, 0x84, 0x3,
    0xff, 0xbc, 0x60, 0x1f, 0xfd, 0xd1, 0x0, 0xff,
    0x78, 0x7, 0xfc, 0xc0, 0x1f, 0xfd, 0x22, 0x0,
    0xff, 0x8, 0x80, 0x3f, 0xc4, 0x1, 0xff, 0xd2,
    0xe0, 0xf, 0xf1, 0x81, 0x0, 0x7f, 0x88, 0x3,
    0xff, 0xa2, 0xa0, 0x1f, 0xe7, 0x7, 0x0, 0xff,
    0x20, 0x7, 0xff, 0x44, 0xc0, 0x3f, 0xc4, 0x1a,
    0x1, 0xfe, 0xc0, 0xf, 0xfe, 0x82, 0x0, 0x7f,
    0x88, 0x0, 0x60, 0x1f, 0xe5, 0x10, 0xf, 0xfe,
    0x7e, 0x80, 0x7f, 0x9c, 0x0, 0x80, 0x1f, 0xf3,
    0x80, 0x7f, 0xf3, 0xd8, 0x3, 0xfd, 0x80, 0x12,
    0x0, 0x7f, 0xac, 0x3, 0xff, 0x9c, 0xe0, 0x1f,
    0xf3, 0x80, 0x5a, 0x1, 0xfe, 0x27, 0x0, 0xff,
    0xe6, 0xc, 0x0, 0x7f, 0x8c, 0x40, 0x26, 0x10,
    0xf, 0xf4, 0x10, 0x7, 0xff, 0x2e, 0xc0, 0x3f,
    0xea, 0x0, 0xe6, 0x0, 0xff, 0xbc, 0x3, 0xff,
    0x94, 0xca, 0x1, 0xfe, 0x16, 0x0, 0xe9, 0x0,
    0xff, 0x8b, 0x0, 0x3f, 0xf9, 0xb, 0x20, 0x1f,
    0xf3, 0x0, 0x78, 0x5c, 0x3, 0xfe, 0x3c, 0x10,
    0xf, 0xfe, 0x2b, 0xd0, 0x7, 0xfc, 0x32, 0x1,
    0xf4, 0x10, 0x7, 0xfc, 0x7e, 0xc0, 0x1f, 0xfc,
    0x22, 0xb8, 0x0, 0xff, 0xe0, 0x40, 0x80, 0x7e,
    0x90, 0xf, 0xfe, 0x0, 0xce, 0xb0, 0x80, 0x7f,
    0x1c, 0xea, 0x0, 0x7f, 0xf0, 0xd, 0x80, 0x3f,
    0x92, 0x0, 0x3f, 0xf8, 0x25, 0x3d, 0x92, 0xec,
    0xc7, 0x8b, 0xec, 0x60, 0xf, 0xfe, 0x8, 0xf0,
    0x7, 0xfc, 0xea, 0x1, 0xff, 0xc3, 0x36, 0x89,
    0x94, 0x3a, 0x8, 0x7, 0xff, 0xf, 0x48, 0x3,
    0xff, 0x81, 0x48, 0x1, 0xff, 0xd9, 0xa3, 0x0,
    0xff, 0xe1, 0x5a, 0x80, 0x7f, 0xf5, 0xed, 0x40,
    0x3f, 0xf8, 0x94, 0xe0, 0x1f, 0xfd, 0x41, 0xc4,
    0x0, 0xff, 0xe3, 0x46, 0x10, 0x7, 0xff, 0x45,
    0x7c, 0xc0, 0x3f, 0xf9, 0x7, 0xae, 0x1, 0xff,
    0xce, 0x2b, 0xa1, 0x0, 0xff, 0xe5, 0xc7, 0xc0,
    0x80, 0x7f, 0xf2, 0x4e, 0xb5, 0x0, 0x3f, 0xf9,
    0xef, 0xd6, 0xc2, 0x1, 0xff, 0xc3, 0x38, 0xdc,
    0x50, 0xf, 0xfe, 0x9a, 0x4f, 0x6d, 0xc2, 0xa1,
    0x91, 0xd, 0x15, 0xa7, 0x3b, 0x1c, 0x80, 0x3f,
    0xf8, 0x80,

    /* U+FF30 "Ｐ" */
    0x47, 0x7f, 0xfe, 0x43, 0x2a, 0x18, 0x80, 0x7f,
    0xf1, 0x76, 0x23, 0xff, 0x91, 0x35, 0x79, 0xdf,
    0x92, 0xc4, 0x1, 0xff, 0xdb, 0x36, 0x9d, 0xd3,
    0x90, 0x7, 0xff, 0x70, 0xa3, 0x68, 0x80, 0x3f,
    0xfb, 0xab, 0xae, 0x1, 0xff, 0xde, 0x8b, 0x10,
    0xf, 0xfe, 0xea, 0x68, 0x7, 0xff, 0x78, 0xec,
    0x3, 0xff, 0xbc, 0x8c, 0x1, 0xff, 0xc1, 0xef,
    0xff, 0xf6, 0xdc, 0xb1, 0x0, 0x7f, 0xf0, 0x64,
    0x40, 0x3f, 0xf9, 0x64, 0x8d, 0x3b, 0x8a, 0x1,
    0xff, 0xc0, 0x70, 0xf, 0xfe, 0x81, 0xd5, 0x80,
    0x7f, 0xd6, 0x1, 0xff, 0xd2, 0x4c, 0x0, 0xff,
    0x10, 0x80, 0x7f, 0xf4, 0x8d, 0x80, 0x3f, 0xca,
    0x1, 0xff, 0xd3, 0xb0, 0xf, 0xf1, 0x80, 0x7f,
    0xf4, 0xc8, 0x3, 0xfd, 0xe0, 0x1f, 0xfd, 0x42,
    0x0, 0xfe, 0x10, 0xf, 0xfe, 0xa0, 0x80, 0x7f,
    0x18, 0x7, 0xff, 0x50, 0x80, 0x3f, 0x8c, 0x3,
    0xff, 0xa8, 0x20, 0x1f, 0xc2, 0x1, 0xff, 0xd3,
    0x40, 0xf, 0xf7, 0x0, 0x7f, 0xf4, 0xf8, 0x3,
    0xfc, 0xa0, 0x1f, 0xfd, 0x24, 0x50, 0xf, 0xf1,
    0x80, 0x7f, 0xf4, 0x4e, 0x80, 0x3f, 0xca, 0x1,
    0xff, 0xd1, 0x6c, 0x10, 0xf, 0xf7, 0x0, 0x7f,
    0xf3, 0x89, 0xf6, 0x40, 0x3f, 0xe3, 0x40, 0xf,
    0xfe, 0x3, 0xaa, 0xfc, 0xcc, 0x78, 0xbe, 0xd8,
    0x20, 0xf, 0xfe, 0x7, 0x80, 0x7f, 0xf0, 0x66,
    0xab, 0xe9, 0x94, 0x3a, 0x8, 0x7, 0xff, 0x9,
    0xcc, 0x3, 0xff, 0xb8, 0xb0, 0x1, 0xff, 0xdc,
    0x6a, 0x0, 0xff, 0xee, 0x44, 0x80, 0x7f, 0xf6,
    0xcf, 0x5c, 0x3, 0xff, 0xb4, 0x97, 0x84, 0x1,
    0xff, 0xd8, 0x38, 0xdb, 0x40, 0xf, 0xfe, 0xa0,
    0x9a, 0xc5, 0xf6, 0x39, 0x0, 0x7f, 0xf2, 0xb7,
    0xbb, 0xf7, 0xfd, 0xd9, 0x4e, 0x82, 0x1, 0xff,
    0xcd, 0x31, 0x1f, 0xc0, 0x1f, 0xff, 0xf0, 0xf,
    0xff, 0xf8, 0x7, 0xff, 0xfc, 0x3, 0xff, 0xfe,
    0x1, 0xff, 0xff, 0x0, 0xff, 0xff, 0x80, 0x7f,
    0xff, 0xc0, 0x3f, 0xff, 0xe0, 0x1f, 0xff, 0xf0,
    0xf, 0xff, 0xf8, 0x6,

    /* U+FF31 "Ｑ" */
    0x0, 0xff, 0xe5, 0x89, 0x1a, 0x19, 0x10, 0x3,
    0xff, 0xc2, 0x6f, 0x5b, 0xfd, 0xb9, 0x79, 0xba,
    0xfe, 0xb8, 0x50, 0xf, 0xfe, 0xc9, 0x4f, 0x64,
    0x29, 0x0, 0x7f, 0xa, 0x3d, 0x7d, 0xa8, 0x7,
    0xff, 0x51, 0x2f, 0x58, 0x40, 0x3f, 0xf8, 0xc9,
    0x5c, 0xe0, 0x1f, 0xfd, 0x1, 0xbb, 0x20, 0x7,
    0xff, 0x2c, 0x63, 0x94, 0x3, 0xff, 0x9a, 0xdc,
    0x80, 0x1f, 0xfc, 0xf1, 0xab, 0x10, 0xf, 0xfe,
    0x55, 0x48, 0x7, 0xff, 0x4d, 0x3c, 0xc0, 0x3f,
    0xf8, 0xe3, 0x6a, 0x1, 0xff, 0xd5, 0x1c, 0x40,
    0xf, 0xfe, 0x36, 0xa0, 0x7, 0xff, 0x62, 0xd0,
    0x3, 0xff, 0x89, 0x46, 0x1, 0xff, 0xc6, 0x11,
    0x0, 0x7f, 0xf1, 0xac, 0x80, 0x3f, 0xf8, 0x4e,
    0xa0, 0x1f, 0xfc, 0x24, 0x9d, 0xff, 0x77, 0x3f,
    0xad, 0xc4, 0x3, 0xff, 0x85, 0x80, 0x1f, 0xfc,
    0x12, 0x80, 0xf, 0xfe, 0xb, 0xf5, 0xb1, 0x0,
    0x70, 0xa4, 0x75, 0x10, 0x7, 0xff, 0x0, 0x64,
    0x3, 0xff, 0x81, 0xc0, 0x1f, 0xfc, 0x3, 0xd8,
    0x10, 0xf, 0xfe, 0x2, 0xec, 0x0, 0x7f, 0xf0,
    0x19, 0x0, 0x3f, 0xcc, 0x60, 0x1f, 0xf2, 0xe1,
    0x0, 0x7f, 0xf1, 0x1e, 0xc0, 0x3f, 0xf8, 0x12,
    0x1, 0xfe, 0xb0, 0xf, 0xf9, 0x68, 0x3, 0xff,
    0x8e, 0x98, 0x1, 0xff, 0x12, 0x80, 0x7e, 0x52,
    0x0, 0xff, 0x15, 0x0, 0x7f, 0xf2, 0x4e, 0x40,
    0x3f, 0xe9, 0x0, 0xfd, 0xc0, 0x1f, 0xf7, 0x80,
    0x7f, 0xf2, 0xd9, 0x40, 0x3f, 0xc6, 0x60, 0xf,
    0xa, 0x0, 0x7f, 0x98, 0x80, 0x3f, 0xf9, 0x90,
    0x1, 0xff, 0x58, 0x7, 0x90, 0x3, 0xfe, 0x80,
    0xf, 0xfe, 0x69, 0x30, 0x7, 0xf9, 0x40, 0x3d,
    0xe0, 0x1f, 0xe5, 0x10, 0xf, 0xfe, 0x75, 0x0,
    0x7f, 0x88, 0x80, 0x1c, 0x80, 0x1f, 0xee, 0x0,
    0xff, 0xe7, 0x99, 0x0, 0x7f, 0x90, 0x3, 0x84,
    0x3, 0xfc, 0x80, 0x1f, 0xfd, 0x5, 0x0, 0xff,
    0x70, 0x6, 0x30, 0xf, 0xf1, 0x80, 0x7f, 0xf4,
    0x70, 0x3, 0xfc, 0x60, 0x19, 0x80, 0x3f, 0xca,
    0x1, 0xff, 0xd1, 0x50, 0xf, 0xf3, 0x0, 0x62,
    0x0, 0xff, 0x70, 0x7, 0xff, 0x44, 0x40, 0x3f,
    0xc4, 0x1, 0xbc, 0x3, 0xfc, 0x40, 0x1f, 0xfd,
    0x22, 0x0, 0xff, 0xe1, 0x8, 0x7, 0xf8, 0x40,
    0x3f, 0xfa, 0x42, 0x1, 0xff, 0xf7, 0x10, 0xf,
    0xff, 0xf8, 0x7, 0xff, 0x78, 0x40, 0x3f, 0xc2,
    0x1, 0xff, 0xd2, 0x10, 0xf, 0xf0, 0x80, 0x5e,
    0x1, 0xfe, 0x30, 0xf, 0xfe, 0x91, 0x80, 0x7f,
    0xf0, 0x88, 0x3, 0xfd, 0xc0, 0x1f, 0xfd, 0x11,
    0x10, 0x7, 0xf1, 0x0, 0x66, 0x0, 0xff, 0x18,
    0x7, 0xff, 0x44, 0x80, 0x3f, 0xcc, 0x1, 0x88,
    0x3, 0xfc, 0xa0, 0x1f, 0xfd, 0x14, 0x0, 0xff,
    0x10, 0x6, 0x11, 0x0, 0x7f, 0x9, 0x0, 0x7f,
    0xf4, 0x30, 0x3, 0xfd, 0x80, 0x1c, 0x80, 0x1f,
    0xe5, 0x0, 0xff, 0xe8, 0x20, 0x7, 0xf9, 0x0,
    0x3b, 0x0, 0x3f, 0xd4, 0x1, 0xff, 0xcf, 0x50,
    0xf, 0xf0, 0x88, 0x3, 0x9c, 0x3, 0xfc, 0x46,
    0x1, 0xff, 0xce, 0x90, 0xf, 0xf3, 0x80, 0x78,
    0x50, 0x3, 0xfd, 0x0, 0x1f, 0xfc, 0xd4, 0x30,
    0xf, 0xf5, 0x0, 0x7d, 0xc0, 0x1f, 0xe4, 0x40,
    0x7, 0xff, 0x32, 0x40, 0x3f, 0xc4, 0x60, 0x1f,
    0x28, 0x80, 0x7f, 0xa8, 0x40, 0x3f, 0xf9, 0x50,
    0x40, 0x1f, 0xeb, 0x0, 0xfe, 0x80, 0xf, 0xf0,
    0xd0, 0x7, 0xff, 0x25, 0x5c, 0x3, 0xfc, 0x4c,
    0x1, 0xfc, 0xc4, 0x1, 0xfe, 0x4b, 0x0, 0xff,
    0xe3, 0xad, 0x0, 0x7f, 0xd6, 0x1, 0xff, 0x48,
    0x7, 0xfc, 0x98, 0x40, 0x1f, 0xfc, 0x48, 0xa0,
    0xf, 0xf9, 0x18, 0x3, 0xfe, 0x46, 0x0, 0xff,
    0x8f, 0x5c, 0x3, 0xff, 0x82, 0x98, 0xe0, 0x1f,
    0xfc, 0x9, 0x0, 0xff, 0xe0, 0xc9, 0x0, 0x7f,
    0xf0, 0x23, 0xa4, 0xc0, 0x3e, 0x26, 0xcb, 0x30,
    0xf, 0xfe, 0x5, 0x10, 0x7, 0xff, 0xb, 0xc4,
    0x3, 0xff, 0x80, 0x2d, 0x9f, 0xb9, 0x76, 0xce,
    0xd9, 0x30, 0xf, 0xfe, 0xb, 0xa8, 0x7, 0xff,
    0xc, 0xb0, 0x40, 0x3f, 0xf8, 0x64, 0x68, 0x83,
    0x10, 0xf, 0xfe, 0x1b, 0x40, 0x7, 0xff, 0x14,
    0xb0, 0x40, 0x3f, 0xfa, 0xcf, 0x20, 0x1f, 0xfc,
    0x72, 0xf3, 0x0, 0xff, 0xea, 0x4c, 0x0, 0x7f,
    0xf2, 0x47, 0x20, 0x3, 0xff, 0xa2, 0x7a, 0xc0,
    0x1f, 0xfc, 0xc7, 0xd4, 0x0, 0xff, 0xe6, 0x8c,
    0xe1, 0x0, 0x7f, 0xf3, 0x8a, 0xf5, 0x40, 0x3f,
    0xf9, 0x27, 0x3c, 0xc0, 0x1f, 0xfd, 0x22, 0xae,
    0x94, 0x0, 0xff, 0xe1, 0x9b, 0xe6, 0x18, 0x3,
    0xff, 0xac, 0x2d, 0x7f, 0x90, 0x1, 0xff, 0x3e,
    0x41, 0x80, 0x7f, 0xf7, 0xd, 0xd8, 0x3, 0xfc,
    0xea, 0x1, 0xff, 0xe0, 0x81, 0x0, 0xff, 0x54,
    0x0, 0x7f, 0xf7, 0xc6, 0x0, 0x3f, 0xe7, 0xc3,
    0x0, 0xff, 0xef, 0x33, 0x0, 0x3f, 0xe3, 0xcc,
    0x28, 0x80, 0x7f, 0xf7, 0x24, 0xc0, 0x3f, 0xf8,
    0x7, 0x5d, 0x90, 0xc6, 0x42, 0x2, 0x48, 0xd5,
    0xd0, 0x1, 0xff, 0xcf, 0xd2, 0x0, 0xff, 0xe1,
    0x1b, 0xce, 0x6f, 0x7f, 0x6d, 0xca, 0x8a, 0x0,
    0x7f, 0xf3, 0xc7, 0xc, 0x3, 0xff, 0x9c, 0x60,
    0x1f, 0xfd, 0x1, 0xd4, 0x0, 0xff, 0xe7, 0x20,
    0x7, 0xff, 0x40, 0x6e, 0x0, 0x3f, 0xf9, 0xb8,
    0x1, 0xff, 0xd2, 0x7c, 0x20, 0xf, 0xfe, 0x5a,
    0x80, 0x7f, 0xf4, 0xcf, 0x64, 0x40, 0x3f, 0xf9,
    0x24, 0x20, 0x1f, 0xfd, 0x46, 0xe9, 0x40, 0xf,
    0xfe, 0x41, 0x0, 0x7f, 0xf5, 0x9a, 0xfa, 0x58,
    0xc0, 0x3f, 0xf8, 0x4, 0xb5, 0xe6, 0x1, 0xff,
    0xd8, 0x16, 0x9c, 0xfd, 0xba, 0x99, 0x44, 0xca,
    0xb7, 0xf6, 0x94, 0x0,

    /* U+FF32 "Ｒ" */
    0x57, 0x7f, 0xfe, 0x43, 0x31, 0x4c, 0x80, 0x3f,
    0xf8, 0xf3, 0x11, 0xff, 0xc8, 0x99, 0x56, 0x6f,
    0xed, 0x31, 0x0, 0x7f, 0xf7, 0x49, 0x67, 0x75,
    0x4, 0x1, 0xff, 0xde, 0x27, 0xda, 0x10, 0xf,
    0xfe, 0xfa, 0xf3, 0x0, 0x7f, 0xf8, 0x26, 0x80,
    0x3f, 0xfc, 0xb, 0x40, 0x1f, 0xfe, 0x5, 0x80,
    0xf, 0xff, 0x3, 0x98, 0x7, 0xff, 0xa, 0xff,
    0xff, 0xed, 0xb9, 0x51, 0x0, 0xff, 0xe0, 0xc0,
    0x7, 0xff, 0x38, 0x91, 0xab, 0xad, 0x0, 0x3f,
    0xe4, 0x20, 0xf, 0xfe, 0x92, 0x5c, 0x80, 0x7f,
    0xca, 0x1, 0xff, 0xd4, 0x67, 0x0, 0xff, 0x60,
    0x7, 0xff, 0x56, 0x4, 0x3, 0xf9, 0x40, 0x3f,
    0xfa, 0xce, 0x1, 0xfc, 0x20, 0x1f, 0xfd, 0x6f,
    0x0, 0xff, 0x8, 0x7, 0xff, 0x54, 0x80, 0x3f,
    0xc6, 0x1, 0xff, 0xd5, 0x10, 0xf, 0xf1, 0x80,
    0x7f, 0xf5, 0x48, 0x3, 0xfc, 0x20, 0x1f, 0xfd,
    0x5c, 0x0, 0xff, 0xef, 0x8a, 0x0, 0x7f, 0x18,
    0x7, 0xff, 0x56, 0x80, 0x3f, 0xc8, 0x1, 0xff,
    0xd4, 0x94, 0x0, 0xff, 0x58, 0x7, 0xff, 0x48,
    0xf1, 0x80, 0x3f, 0xc6, 0x60, 0xf, 0xfe, 0x78,
    0xad, 0xe1, 0x80, 0x7f, 0xd2, 0x1, 0xff, 0xc2,
    0xd7, 0x7f, 0xe8, 0x9b, 0xde, 0xa4, 0x0, 0xff,
    0xe0, 0x2a, 0x80, 0x3f, 0xf8, 0x4d, 0x11, 0xfc,
    0xec, 0x84, 0x1, 0xff, 0xc2, 0x2b, 0x0, 0xff,
    0xef, 0xe, 0x8, 0x7, 0xff, 0x74, 0xb0, 0x40,
    0x3f, 0xfb, 0xad, 0xa4, 0x1, 0xff, 0xdc, 0x3c,
    0x90, 0xf, 0xfe, 0xe2, 0xe6, 0xc, 0x3, 0xff,
    0xb8, 0xd4, 0x60, 0x1f, 0xfd, 0xe6, 0x30, 0xf,
    0xfe, 0x5d, 0xff, 0xff, 0x30, 0x7, 0xfb, 0x80,
    0x3f, 0xfa, 0xb2, 0x20, 0x1f, 0xc5, 0x20, 0x1f,
    0xfd, 0x5a, 0x0, 0xff, 0x31, 0x80, 0x7f, 0xf5,
    0x11, 0x40, 0x3f, 0xdc, 0x1, 0xff, 0xd5, 0xb1,
    0x0, 0xfe, 0x28, 0x0, 0xff, 0xea, 0xc, 0x0,
    0x7f, 0x9c, 0xc0, 0x3f, 0xfa, 0x8c, 0x60, 0x1f,
    0xee, 0x0, 0xff, 0xea, 0xf0, 0x7, 0xf8, 0xa0,
    0x3, 0xff, 0xa8, 0x50, 0x1, 0xfe, 0x73, 0x0,
    0xff, 0xea, 0x39, 0x0, 0x7f, 0xb8, 0x3, 0xff,
    0xab, 0xc0, 0x1f, 0xe2, 0x80, 0xf, 0xfe, 0xa1,
    0xb0, 0x7, 0xf9, 0xcc, 0x3, 0xff, 0xa9, 0x22,
    0x1, 0xfe, 0xe0, 0xf, 0xfe, 0xad, 0x0, 0x7f,
    0x8a, 0x0, 0x3f, 0xfa, 0x88, 0xa0, 0x1f, 0xe7,
    0x30, 0xf, 0xfe, 0xa5, 0x80, 0x7f, 0xdc, 0x1,
    0xff, 0xd4, 0x19, 0x0, 0xff, 0x14, 0x0, 0x7f,
    0xf5, 0x18, 0xc0, 0x3f, 0xce, 0x60, 0x1f, 0xfd,
    0x4e, 0x0, 0xff, 0xb8, 0x3, 0xff, 0xa8, 0x50,
    0x1, 0xfe, 0x28, 0xde, 0xef, 0xe4, 0x0, 0xff,
    0xe4, 0xbf, 0x77, 0xfd, 0x20,

    /* U+FF33 "Ｓ" */
    0x0, 0xff, 0xe3, 0x89, 0x1a, 0x20, 0xc8, 0x40,
    0x3f, 0xfa, 0xab, 0x19, 0xdc, 0xdc, 0xbb, 0x66,
    0xf7, 0xec, 0xb1, 0x0, 0x7f, 0xf3, 0x52, 0xbe,
    0x9c, 0xc4, 0x3, 0xf8, 0x9a, 0x77, 0x50, 0x40,
    0x1f, 0xfc, 0x84, 0xcb, 0x50, 0xf, 0xfe, 0x31,
    0x3e, 0xda, 0x0, 0x7f, 0xf1, 0x6, 0xac, 0xc0,
    0x3f, 0xf9, 0x69, 0x78, 0x60, 0x1f, 0xfc, 0x12,
    0xf5, 0x0, 0xff, 0xe7, 0x9e, 0x48, 0x7, 0xfc,
    0x7a, 0x20, 0x1f, 0xfd, 0x26, 0xe3, 0x0, 0xfc,
    0x5a, 0x1, 0xff, 0xd5, 0x1c, 0x40, 0xf, 0xbc,
    0x40, 0x3f, 0xfa, 0xc2, 0xc0, 0x1e, 0x72, 0x0,
    0xff, 0xe2, 0x8, 0xc0, 0x1f, 0xfc, 0x4a, 0x20,
    0xf, 0x40, 0x7, 0xff, 0x0, 0xe3, 0x3f, 0xdd,
    0xd7, 0xed, 0x39, 0x0, 0x7f, 0xa1, 0x0, 0x3c,
    0xc0, 0x1f, 0xf1, 0x66, 0x1c, 0xc0, 0x3c, 0x4b,
    0x1b, 0xa6, 0x0, 0xf9, 0x5c, 0x3, 0xed, 0x0,
    0xff, 0x26, 0x98, 0x7, 0xff, 0x4, 0xa7, 0xe0,
    0x3, 0x1d, 0x0, 0x7e, 0x40, 0xf, 0xe1, 0xb0,
    0xf, 0xfe, 0x33, 0xf2, 0x80, 0xe8, 0x7, 0xe1,
    0x0, 0xff, 0x20, 0x7, 0xff, 0x20, 0x6a, 0x74,
    0x40, 0x3f, 0x10, 0x7, 0xf8, 0x80, 0x3f, 0xf9,
    0x4c, 0x60, 0x1f, 0xfc, 0x82, 0x0, 0xff, 0xea,
    0x88, 0x7, 0xf9, 0x48, 0x3, 0xff, 0xa8, 0x40,
    0x1f, 0xf7, 0x90, 0x7, 0xff, 0x50, 0x80, 0x3f,
    0xc5, 0x8c, 0x1, 0xff, 0xd3, 0x50, 0xf, 0xf8,
    0x67, 0x58, 0x3, 0xff, 0xa3, 0x40, 0x1f, 0xfc,
    0x12, 0x9f, 0x94, 0x0, 0xff, 0xe7, 0x13, 0x80,
    0x7f, 0xf0, 0xda, 0xfa, 0xc, 0x3, 0xff, 0x99,
    0x2, 0x1, 0xff, 0xc4, 0x17, 0xcd, 0x83, 0x0,
    0xff, 0xe5, 0x68, 0x7, 0xff, 0x1c, 0x9f, 0x36,
    0x8, 0x3, 0xff, 0x8e, 0x76, 0x1, 0xff, 0xc9,
    0x27, 0xdd, 0x30, 0x7, 0xff, 0x19, 0x30, 0x40,
    0x3f, 0xf9, 0x45, 0x3f, 0x22, 0x1, 0xff, 0xc4,
    0x3f, 0x40, 0xf, 0xfe, 0x63, 0x73, 0x80, 0x7f,
    0xf1, 0x6, 0xe4, 0x40, 0x3f, 0xf9, 0x91, 0xa6,
    0x1, 0xff, 0xc4, 0x6e, 0x81, 0x0, 0xff, 0xe5,
    0x96, 0x28, 0x7, 0xff, 0x15, 0xfa, 0x90, 0x3,
    0xff, 0x97, 0x4a, 0x1, 0xff, 0xc6, 0x5b, 0xe9,
    0x30, 0xf, 0xfe, 0x4d, 0x18, 0x7, 0xff, 0x1c,
    0x5b, 0x36, 0x8, 0x3, 0xff, 0x8f, 0xa0, 0x1f,
    0xfc, 0xa2, 0x7d, 0xd3, 0x90, 0x7, 0xff, 0x10,
    0x60, 0x3, 0xff, 0x98, 0x51, 0xb8, 0xc0, 0x1f,
    0xfc, 0x37, 0x0, 0xff, 0xe7, 0x9c, 0xfc, 0x88,
    0x7, 0xff, 0x5, 0x40, 0x3f, 0xfa, 0x2d, 0xce,
    0x1, 0xff, 0xc0, 0xf0, 0xf, 0xfe, 0x9c, 0x58,
    0x7, 0xfc, 0xc0, 0x1f, 0xfd, 0x44, 0x90, 0xf,
    0xf1, 0x0, 0x7f, 0xf5, 0x58, 0x3, 0xfc, 0x20,
    0x1f, 0x18, 0x7, 0xff, 0x38, 0x80, 0x3f, 0xf8,
    0x8d, 0x94, 0x1, 0xff, 0xd7, 0x10, 0xe, 0x49,
    0x5, 0xe5, 0x0, 0xff, 0xe5, 0x9, 0x0, 0x7f,
    0x10, 0x6, 0x2a, 0x0, 0x86, 0xb0, 0xc0, 0x3f,
    0xf9, 0x16, 0x1, 0xfe, 0x40, 0x8, 0x7c, 0x40,
    0x38, 0xf3, 0xa, 0x1, 0xff, 0xc4, 0x1b, 0x50,
    0xf, 0xf6, 0x0, 0x54, 0x40, 0x1f, 0x8e, 0xba,
    0x50, 0x3, 0xfe, 0x28, 0xf4, 0x0, 0xff, 0x12,
    0x0, 0x25, 0x0, 0x3f, 0xe1, 0x6b, 0xfc, 0xa7,
    0x66, 0x9e, 0x2f, 0xb5, 0xc4, 0x3, 0xfe, 0xb0,
    0x3, 0x30, 0x3, 0xff, 0x88, 0x6b, 0x13, 0x34,
    0x3a, 0x8, 0x7, 0xff, 0x4, 0xd8, 0x0, 0x84,
    0x1, 0xff, 0xda, 0x1e, 0x0, 0x8b, 0x10, 0x3,
    0xff, 0xb3, 0x44, 0x1, 0x86, 0xe8, 0x40, 0x3f,
    0xfa, 0xd6, 0x80, 0x1f, 0x2f, 0xb0, 0x7, 0xff,
    0x4c, 0xb5, 0x0, 0x3f, 0x86, 0x79, 0x80, 0x3f,
    0xfa, 0xf, 0xa4, 0x1, 0xff, 0xc0, 0x19, 0xe9,
    0x20, 0xf, 0xfe, 0x5b, 0xf4, 0x0, 0x7f, 0xf1,
    0x5, 0xb7, 0x50, 0x80, 0x1f, 0xfc, 0x41, 0x4a,
    0xf8, 0x10, 0xf, 0xfe, 0x41, 0x3d, 0xfe, 0xd4,
    0x32, 0x19, 0x14, 0x68, 0xaf, 0x3b, 0xd6, 0xa0,
    0x1f, 0xfc, 0x0,

    /* U+FF34 "Ｔ" */
    0xb, 0xbf, 0xff, 0x12, 0xa, 0x27, 0xff, 0x88,
    0x80, 0x3f, 0xff, 0xe0, 0x1f, 0xff, 0xf0, 0xf,
    0xff, 0xf8, 0x7, 0xff, 0xfc, 0x3, 0xff, 0xb0,
    0x3b, 0xbf, 0xfc, 0x5a, 0x0, 0xff, 0x36, 0xef,
    0xff, 0x15, 0x80, 0x8b, 0xff, 0x8a, 0xc0, 0x1f,
    0xe1, 0x22, 0xff, 0xe2, 0x80, 0x7f, 0xff, 0xc0,
    0x3f, 0xff, 0xe0, 0x1f, 0xff, 0xf0, 0xf, 0xff,
    0xf8, 0x7, 0xff, 0xfc, 0x3, 0xff, 0xfe, 0x1,
    0xff, 0xff, 0x0, 0xff, 0xff, 0x80, 0x7f, 0xff,
    0xc0, 0x3f, 0xff, 0xe0, 0x1f, 0xff, 0xf0, 0xf,
    0xff, 0xf8, 0x7, 0xff, 0xfc, 0x3, 0xff, 0xfe,
    0x1, 0xff, 0xff, 0x0, 0xff, 0xff, 0x80, 0x7f,
    0xff, 0xc0, 0x3f, 0xff, 0xe0, 0x1f, 0xff, 0xf0,
    0xf, 0xff, 0xf8, 0x7, 0xff, 0xfc, 0x3, 0xff,
    0xfe, 0x1, 0xff, 0xff, 0x0, 0xff, 0xff, 0x80,
    0x7f, 0xff, 0xc0, 0x3f, 0xff, 0xe0, 0x1f, 0xff,
    0xf0, 0xf, 0xf0, 0x99, 0xff, 0xb8, 0x3, 0xff,
    0x8c,

    /* U+FF35 "Ｕ" */
    0x38, 0x8f, 0xe7, 0x0, 0xff, 0xe6, 0xc4, 0x7f,
    0x91, 0xe, 0xff, 0xd2, 0x1, 0xff, 0xcc, 0x17,
    0x7f, 0xf6, 0x80, 0x7f, 0xff, 0xc0, 0x3f, 0xff,
    0xe0, 0x1f, 0xff, 0xf0, 0xf, 0xff, 0xf8, 0x7,
    0xff, 0xfc, 0x3, 0xff, 0xfe, 0x1, 0xff, 0xff,
    0x0, 0xff, 0xff, 0x80, 0x7f, 0xff, 0xc0, 0x3f,
    0xff, 0xe0, 0x1f, 0xff, 0xf0, 0xf, 0xff, 0xf8,
    0x7, 0xff, 0xfc, 0x3, 0xff, 0xfe, 0x1, 0xff,
    0xff, 0x0, 0xff, 0xff, 0x80, 0x7f, 0xff, 0xc0,
    0x3f, 0xff, 0xe0, 0x1f, 0xfc, 0x11, 0x0, 0xff,
    0xf0, 0x88, 0x7, 0xf8, 0x40, 0x3f, 0xfa, 0xfe,
    0x60, 0x1f, 0xfd, 0x62, 0x0, 0xff, 0x98, 0x3,
    0xfc, 0x20, 0x1f, 0xfc, 0xb7, 0x0, 0xff, 0x10,
    0x80, 0x7f, 0x94, 0x3, 0xff, 0x96, 0x60, 0x1f,
    0xe6, 0x20, 0xf, 0xf1, 0x80, 0x7f, 0xf2, 0xf4,
    0x3, 0xfc, 0x40, 0x40, 0x1f, 0xd8, 0x1, 0xff,
    0xcb, 0x40, 0xf, 0xe1, 0x10, 0x38, 0x7, 0xf2,
    0x8, 0x7, 0xff, 0x24, 0xc4, 0x3, 0xf9, 0x40,
    0x18, 0x1, 0xfe, 0x60, 0xf, 0xfe, 0x4c, 0x80,
    0x7f, 0xb0, 0x0, 0xe0, 0x1f, 0xe9, 0x0, 0xff,
    0xe4, 0x1a, 0x80, 0x7f, 0x90, 0x0, 0x26, 0x1,
    0xfc, 0x32, 0x1, 0xff, 0xc7, 0xe0, 0xf, 0xf0,
    0x98, 0x5, 0x40, 0x1f, 0xe6, 0x80, 0xf, 0xfe,
    0x2d, 0x90, 0x7, 0xfa, 0x40, 0x33, 0x0, 0x7f,
    0xcf, 0x62, 0x1, 0xff, 0xc1, 0x2d, 0x40, 0xf,
    0xf9, 0x80, 0x39, 0xc0, 0x3f, 0xe4, 0xf8, 0x10,
    0xf, 0xe3, 0xad, 0x20, 0xf, 0xf9, 0x84, 0x3,
    0xa4, 0x40, 0x3f, 0xe1, 0x7e, 0xd9, 0x76, 0x63,
    0xc5, 0x76, 0x28, 0x7, 0xff, 0x6, 0x0, 0x3c,
    0x36, 0x1, 0xff, 0xc2, 0x26, 0x89, 0x94, 0x3a,
    0x88, 0x7, 0xff, 0xa, 0x84, 0x3, 0xe5, 0x50,
    0x7, 0xff, 0x5d, 0x54, 0x1, 0xfd, 0x46, 0x1,
    0xff, 0xd5, 0x4a, 0x0, 0xff, 0xb4, 0xc0, 0x3f,
    0xfa, 0x69, 0x60, 0x1f, 0xfc, 0x1, 0xc5, 0x0,
    0xff, 0xe8, 0xbd, 0x80, 0x7f, 0xf0, 0xea, 0x82,
    0x1, 0xff, 0xcd, 0x2b, 0x80, 0xf, 0xfe, 0x2a,
    0xf3, 0x88, 0x7, 0xff, 0x24, 0xa7, 0x50, 0x3,
    0xff, 0x91, 0x1d, 0x4a, 0x20, 0x1f, 0xfc, 0x32,
    0x6c, 0xd6, 0x0, 0xff, 0xe6, 0x2d, 0x76, 0xd3,
    0xaa, 0x19, 0x14, 0x68, 0xd1, 0x7d, 0xb2, 0x60,
    0x1f, 0xfc, 0x10,

    /* U+FF36 "Ｖ" */
    0x7, 0x88, 0xff, 0x10, 0x7, 0xff, 0x3d, 0xa2,
    0x3f, 0x9c, 0x1, 0x8e, 0xff, 0xe5, 0x0, 0xff,
    0xe7, 0xc, 0xbb, 0xff, 0x60, 0x3, 0x80, 0x3f,
    0xd4, 0x1, 0xff, 0xce, 0x70, 0xf, 0xf7, 0x0,
    0x14, 0x3, 0xfc, 0x44, 0x0, 0xff, 0xe6, 0xe8,
    0x7, 0xf9, 0x40, 0x25, 0x0, 0xff, 0x28, 0x7,
    0xff, 0x35, 0x0, 0x3f, 0x94, 0x3, 0x78, 0x7,
    0xfa, 0xc0, 0x3f, 0xf9, 0x8a, 0x1, 0xfe, 0xe0,
    0xc, 0xa2, 0x1, 0xfc, 0x62, 0x1, 0xff, 0xcb,
    0xf0, 0xf, 0xe1, 0x40, 0xe, 0x70, 0xf, 0xf3,
    0x80, 0x7f, 0xf2, 0xd4, 0x3, 0xf9, 0xc0, 0x3d,
    0xa0, 0x1f, 0xed, 0x0, 0xff, 0xe5, 0x20, 0x7,
    0xfb, 0x40, 0x3c, 0x82, 0x1, 0xfc, 0x82, 0x1,
    0xff, 0xc9, 0xe0, 0xf, 0xe1, 0x40, 0xf, 0x9c,
    0x3, 0xfc, 0xe0, 0x1f, 0xfc, 0x94, 0x0, 0xfe,
    0x60, 0xf, 0xd4, 0x1, 0xfe, 0xd0, 0xf, 0xfe,
    0x42, 0x8, 0x7, 0xf5, 0x80, 0x7e, 0x32, 0x0,
    0xfe, 0x40, 0xf, 0xfe, 0x46, 0x80, 0x7f, 0x11,
    0x80, 0x7f, 0x28, 0x7, 0xf9, 0x40, 0x3f, 0xf8,
    0xee, 0x1, 0xfd, 0x40, 0x1f, 0xea, 0x0, 0xff,
    0x78, 0x7, 0xff, 0x18, 0xc4, 0x3, 0xf9, 0x40,
    0x3f, 0xc4, 0x40, 0xf, 0xe5, 0x0, 0xff, 0xe3,
    0x58, 0x7, 0xf1, 0x90, 0x7, 0xfd, 0x40, 0x1f,
    0xe5, 0x0, 0xff, 0xe2, 0xa8, 0x7, 0xf5, 0x80,
    0x7f, 0xf0, 0x18, 0x3, 0xfd, 0xe0, 0x1f, 0xfc,
    0x42, 0x20, 0x7, 0xf3, 0x0, 0x7f, 0xf0, 0x4,
    0xc0, 0x3f, 0x94, 0x3, 0xff, 0x88, 0xa0, 0x1f,
    0xc8, 0x20, 0x1f, 0xfc, 0x1a, 0x0, 0xff, 0x20,
    0x7, 0xff, 0xe, 0x80, 0x3f, 0xb4, 0x3, 0xff,
    0x84, 0xe0, 0x1f, 0xed, 0x0, 0xff, 0xe1, 0x11,
    0x0, 0x3f, 0x9c, 0x3, 0xff, 0x84, 0x28, 0x1,
    0xfc, 0xe0, 0x1f, 0xfc, 0x25, 0x0, 0xfe, 0x51,
    0x0, 0xff, 0xe1, 0xf0, 0x7, 0xf0, 0xa0, 0x7,
    0xff, 0x6, 0xc0, 0x3f, 0xbc, 0x3, 0xff, 0x88,
    0xa0, 0x1f, 0xed, 0x0, 0xff, 0xe0, 0x9, 0x80,
    0x7f, 0x28, 0x7, 0xff, 0x15, 0x40, 0x3f, 0x9c,
    0x3, 0xff, 0x80, 0xe0, 0x1f, 0xca, 0x1, 0xff,
    0xc6, 0xf0, 0xf, 0xe1, 0x30, 0xf, 0xfb, 0x40,
    0x3f, 0xb8, 0x3, 0xff, 0x8c, 0xa0, 0x1f, 0xeb,
    0x0, 0xff, 0xa, 0x0, 0x7e, 0x14, 0x0, 0xff,
    0xe3, 0xb0, 0x7, 0xf2, 0x80, 0x7f, 0x90, 0x3,
    0xf9, 0xc0, 0x3f, 0xf9, 0x1a, 0x1, 0xfc, 0x44,
    0x0, 0xfe, 0xe0, 0xf, 0xea, 0x0, 0xff, 0xe4,
    0x20, 0x80, 0x7f, 0x28, 0x7, 0xf2, 0x0, 0x7e,
    0x23, 0x0, 0xff, 0xe4, 0xb8, 0x7, 0xf5, 0x80,
    0x7e, 0x50, 0xf, 0xe5, 0x0, 0xff, 0xe5, 0x50,
    0x7, 0xf1, 0x90, 0x7, 0xde, 0x1, 0xfd, 0x40,
    0x1f, 0xfc, 0xa3, 0x20, 0xf, 0xe5, 0x0, 0xf9,
    0x40, 0x3f, 0x11, 0x0, 0x3f, 0xf9, 0x6a, 0x1,
    0xfd, 0x60, 0x1e, 0x40, 0xf, 0xea, 0x0, 0xff,
    0xe6, 0x50, 0x7, 0xf1, 0x88, 0x7, 0x68, 0x7,
    0xf3, 0x0, 0x7f, 0xf3, 0x8, 0x80, 0x1f, 0xce,
    0x1, 0xce, 0x1, 0xf8, 0xc4, 0x3, 0xff, 0x9b,
    0x40, 0x1f, 0xda, 0x1, 0x8c, 0x40, 0x3f, 0x50,
    0x7, 0xff, 0x39, 0x80, 0x3f, 0x90, 0x3, 0x58,
    0x7, 0xf3, 0x80, 0x7f, 0xf3, 0x84, 0xc0, 0x3f,
    0x94, 0x2, 0x50, 0xf, 0xc8, 0x20, 0x1f, 0xfc,
    0xfa, 0x0, 0xfe, 0xf0, 0x1, 0x10, 0x3, 0xf7,
    0x0, 0x7f, 0xf4, 0x1c, 0x3, 0xf9, 0x40, 0xa,
    0x1, 0xfc, 0xa0, 0x1f, 0xfd, 0x1, 0x40, 0xf,
    0xe4, 0xa, 0x0, 0xfc, 0xa0, 0x1f, 0xfd, 0x2e,
    0x0, 0xfe, 0xe2, 0x20, 0x7, 0xee, 0x0, 0xff,
    0xe9, 0x28, 0x7, 0xf2, 0xd0, 0x7, 0xe1, 0x40,
    0xf, 0xfe, 0x9a, 0x80, 0x7f, 0x38, 0x7, 0xe7,
    0x0, 0xff, 0xea, 0x78, 0x7, 0xff, 0x1b, 0x40,
    0x3f, 0xfa, 0x8a, 0x1, 0xff, 0xc5, 0x14, 0x0,
    0xff, 0xea, 0xb0, 0x7, 0xff, 0x11, 0x80, 0x3f,
    0xfa, 0xda, 0x1, 0xff, 0xc4, 0xb0, 0xf, 0xfe,
    0xb2, 0x8, 0x7, 0xff, 0x8, 0x8c, 0x3, 0xff,
    0xae, 0xe0, 0x1f, 0xfc, 0x2a, 0x0, 0xff, 0xec,
    0x50, 0x7, 0xff, 0x9, 0x40, 0x3f, 0xfb, 0x6,
    0x40, 0x1f, 0xfc, 0x3, 0x20, 0xf, 0xfe, 0xca,
    0x80, 0x7f, 0xf0, 0x2c, 0x3, 0xff, 0x8e,

    /* U+FF37 "Ｗ" */
    0x18, 0x8f, 0xf2, 0x80, 0x7f, 0xf1, 0xc6, 0x23,
    0xf3, 0x80, 0x7f, 0xf2, 0x22, 0x3f, 0xc0, 0x2e,
    0xff, 0xe8, 0x0, 0xff, 0xe3, 0xb3, 0xbf, 0xe8,
    0x10, 0xf, 0xfe, 0x31, 0xbb, 0xff, 0x30, 0x0,
    0x80, 0x3f, 0x88, 0x40, 0x3f, 0xf8, 0xd8, 0x1,
    0xfc, 0x80, 0x1f, 0xfc, 0x65, 0x0, 0xfe, 0x50,
    0x2, 0x0, 0x7f, 0x94, 0x3, 0xff, 0x8c, 0x80,
    0x1f, 0xde, 0x1, 0xff, 0xc6, 0xc0, 0xf, 0xec,
    0x0, 0x60, 0x7, 0xf8, 0xc0, 0x3f, 0xf8, 0xa8,
    0x1, 0xfe, 0x40, 0xf, 0xfe, 0x33, 0x80, 0x7f,
    0x20, 0x1, 0xc0, 0x3f, 0xda, 0x1, 0xff, 0xc5,
    0xc0, 0xf, 0xf0, 0x90, 0x7, 0xff, 0x10, 0x48,
    0x3, 0xf8, 0xc0, 0x4, 0x20, 0x1f, 0xce, 0x1,
    0xff, 0xc5, 0x40, 0xf, 0xf9, 0x40, 0x3f, 0xf8,
    0x8a, 0x1, 0xfc, 0x60, 0x19, 0x0, 0x3f, 0x88,
    0x40, 0x3f, 0xf8, 0x62, 0x60, 0x1f, 0xf6, 0x0,
    0x7f, 0xf1, 0xc, 0x3, 0xf9, 0x40, 0x36, 0x80,
    0x7f, 0x94, 0x3, 0xff, 0x86, 0x80, 0x1f, 0xfc,
    0x4, 0x0, 0xff, 0xe2, 0x68, 0x7, 0xf6, 0x0,
    0x64, 0x0, 0xff, 0x18, 0x7, 0xff, 0xf, 0x0,
    0x3f, 0xf8, 0x28, 0x1, 0xff, 0xc3, 0x40, 0xf,
    0xe7, 0x0, 0xc6, 0x1, 0xfe, 0xd0, 0xf, 0xfe,
    0x1b, 0x80, 0x7f, 0xf0, 0x70, 0x3, 0xff, 0x84,
    0x22, 0x0, 0xfc, 0x24, 0x1, 0xc6, 0x1, 0xfc,
    0x80, 0x1f, 0xfc, 0x22, 0x10, 0xf, 0xfe, 0xa,
    0x80, 0x7f, 0xf0, 0x94, 0x3, 0xf9, 0x40, 0x3c,
    0x80, 0x1f, 0xc2, 0x20, 0xf, 0xfe, 0xa, 0x0,
    0x7f, 0xf0, 0x88, 0x40, 0x3f, 0xf8, 0x38, 0x1,
    0xfd, 0x80, 0x1e, 0xc0, 0xf, 0xf2, 0x80, 0x7f,
    0xf0, 0x74, 0x3, 0xff, 0x86, 0x80, 0x1f, 0xfc,
    0x13, 0x0, 0xfe, 0x40, 0xf, 0x28, 0x7, 0xf8,
    0xc0, 0x3f, 0xf8, 0x28, 0x1, 0xff, 0xc3, 0xf0,
    0xf, 0xfe, 0xa, 0x80, 0x7f, 0x18, 0x7, 0x84,
    0x80, 0x3f, 0xb4, 0x3, 0xff, 0x80, 0x80, 0x1f,
    0x21, 0x80, 0x7c, 0x80, 0x1f, 0xfc, 0x2, 0x10,
    0xf, 0xc6, 0x1, 0xf9, 0x0, 0x3f, 0x90, 0x3,
    0xff, 0x81, 0x80, 0x1f, 0x62, 0x0, 0x7c, 0x24,
    0x1, 0xff, 0x38, 0x7, 0xf2, 0x80, 0x7e, 0xc0,
    0xf, 0xe1, 0x10, 0x7, 0xfc, 0x80, 0x1f, 0x1e,
    0x80, 0x7e, 0x50, 0xf, 0xfb, 0x0, 0x3f, 0xb0,
    0x3, 0xf3, 0x80, 0x7f, 0x94, 0x3, 0xfc, 0x26,
    0x1, 0xf2, 0xb8, 0x7, 0xec, 0x0, 0xff, 0x94,
    0x3, 0xf9, 0xc0, 0x3f, 0x10, 0x80, 0x7f, 0x18,
    0x7, 0xf9, 0x0, 0x3e, 0x11, 0x10, 0x80, 0x7c,
    0x80, 0x1f, 0xf1, 0x80, 0x7e, 0x12, 0x0, 0xfe,
    0x40, 0xf, 0xec, 0x0, 0xff, 0x60, 0x7, 0xca,
    0x0, 0x50, 0xf, 0xc8, 0x1, 0xfc, 0x60, 0x1f,
    0xca, 0x1, 0xfe, 0xd0, 0xf, 0xe5, 0x0, 0xff,
    0x38, 0x7, 0xd8, 0x0, 0xc0, 0xf, 0xd8, 0x1,
    0xfc, 0xa0, 0x1f, 0xd8, 0x1, 0xfe, 0x40, 0xf,
    0xe1, 0x10, 0x7, 0xe2, 0x10, 0xf, 0x8c, 0x0,
    0x80, 0x1f, 0x90, 0x3, 0xfb, 0xc0, 0x3f, 0x90,
    0x3, 0xfc, 0x60, 0x1f, 0xe5, 0x0, 0xfc, 0x80,
    0x1f, 0x90, 0x0, 0x60, 0x1f, 0x8c, 0x40, 0x3f,
    0x20, 0x7, 0xf1, 0x80, 0x7f, 0xc6, 0x1, 0xfc,
    0x60, 0x1f, 0xb4, 0x3, 0xe3, 0x0, 0xc6, 0x1,
    0xf9, 0x0, 0x3f, 0x10, 0x7, 0xe3, 0x0, 0xff,
    0xe0, 0x20, 0x7, 0xf6, 0x0, 0x7e, 0x40, 0xf,
    0x90, 0x3, 0x20, 0x7, 0xec, 0x0, 0xf8, 0xc0,
    0x3f, 0x94, 0x3, 0xff, 0x81, 0x80, 0x1f, 0xca,
    0x1, 0xf1, 0x80, 0x7e, 0xc0, 0xd, 0x80, 0x1f,
    0x9c, 0x3, 0xe5, 0x0, 0xfe, 0xc0, 0xf, 0xfe,
    0x2, 0x80, 0x7f, 0x8, 0x80, 0x3c, 0x80, 0x1f,
    0x94, 0x3, 0x28, 0x7, 0xe1, 0x20, 0xf, 0x78,
    0x7, 0xf3, 0x80, 0x7f, 0xf0, 0x4, 0x80, 0x3f,
    0x94, 0x3, 0xd8, 0x1, 0xf1, 0x88, 0x6, 0x13,
    0x0, 0xfc, 0x80, 0x1e, 0x50, 0xf, 0xc2, 0x40,
    0x1f, 0xfc, 0x14, 0x0, 0xfe, 0xc0, 0xf, 0x20,
    0x7, 0xc8, 0x1, 0xe4, 0x0, 0xfd, 0x80, 0x1e,
    0x30, 0xf, 0xca, 0x1, 0xff, 0xc2, 0xf0, 0xf,
    0xe3, 0x0, 0xe3, 0x0, 0xfd, 0x80, 0x1e, 0xc0,
    0xf, 0xc8, 0x1, 0xc4, 0x1, 0xfd, 0x80, 0x1f,
    0xfc, 0x24, 0x0, 0xfe, 0x50, 0xe, 0x40, 0xf,
    0xc8, 0x1, 0xe4, 0x0, 0xfc, 0x26, 0x1, 0x9c,
    0x3, 0xf9, 0x0, 0x3f, 0xf8, 0x44, 0x20, 0x1f,
    0x84, 0x80, 0x35, 0x80, 0x7c, 0x60, 0x1f, 0x8c,
    0x3, 0xf2, 0x0, 0x62, 0x0, 0xfe, 0x30, 0xf,
    0xfe, 0x1a, 0x80, 0x7f, 0x38, 0x6, 0x30, 0xf,
    0x90, 0x3, 0xf2, 0x0, 0x7e, 0xc0, 0xd, 0xa0,
    0x1f, 0x8c, 0x3, 0xff, 0x89, 0x80, 0x1f, 0xda,
    0x1, 0x20, 0x7, 0xec, 0x0, 0xfd, 0x60, 0x1f,
    0x90, 0x3, 0x38, 0x7, 0xe5, 0x0, 0xff, 0xe2,
    0x20, 0x7, 0xf1, 0x80, 0x58, 0x1, 0xf9, 0x0,
    0x3f, 0x18, 0x7, 0xf1, 0x80, 0x44, 0x1, 0xfb,
    0x0, 0x3f, 0xf8, 0x86, 0x1, 0xfc, 0xa0, 0x12,
    0x0, 0x7c, 0x80, 0x1f, 0xe4, 0x0, 0xfc, 0x80,
    0x3, 0x0, 0xfe, 0x70, 0xf, 0xfe, 0x29, 0x80,
    0x7e, 0x12, 0x0, 0x18, 0x7, 0xd8, 0x1, 0xfe,
    0xc0, 0xf, 0xd8, 0x0, 0x50, 0xf, 0xc2, 0x40,
    0x1f, 0xfc, 0x54, 0x0, 0xfe, 0x70, 0x30, 0xf,
    0xc8, 0x1, 0xfe, 0x40, 0xf, 0xc8, 0x0, 0xf0,
    0xf, 0xca, 0x1, 0xff, 0xc6, 0xc0, 0xf, 0xed,
    0x4, 0x0, 0xfc, 0x60, 0x1f, 0xe3, 0x10, 0xf,
    0xc6, 0xa, 0x1, 0xfb, 0x0, 0x3f, 0xf8, 0xca,
    0x1, 0xfc, 0x61, 0x80, 0x1f, 0x20, 0x7, 0xff,
    0x1, 0x0, 0x3f, 0x20, 0x18, 0x7, 0xe4, 0x0,
    0xff, 0xe3, 0x9, 0x0, 0x7e, 0x40, 0x40, 0xf,
    0xb0, 0x3, 0xff, 0x81, 0x80, 0x1f, 0xb0, 0x80,
    0x3f, 0x8c, 0x3, 0xff, 0x8e, 0x80, 0x1f, 0xcc,
    0x1, 0xf9, 0x40, 0x3f, 0xf8, 0x8, 0x1, 0xf9,
    0x1c, 0x3, 0xf1, 0x80, 0x7f, 0xf2, 0x3c, 0x3,
    0xfa, 0x0, 0x3e, 0x12, 0x0, 0xff, 0xe0, 0x10,
    0x80, 0x7e, 0xb0, 0xf, 0xca, 0x1, 0xff, 0xc8,
    0x40, 0xf, 0xe1, 0x0, 0xf9, 0x0, 0x3f, 0xf8,
    0x48, 0x1, 0xf8, 0x40, 0x3f, 0x60, 0x7, 0xff,
    0x20, 0x84, 0x3, 0xff, 0x89, 0x80, 0x1f, 0xfc,
    0x2f, 0x0, 0xff, 0xe2, 0xb8, 0x7, 0xff, 0x25,
    0x40, 0x3f, 0xf8, 0x88, 0x1, 0xff, 0xc2, 0x40,
    0xf, 0xfe, 0x20, 0x90, 0x7, 0xff, 0x27, 0x0,
    0x3f, 0xf8, 0x62, 0x40, 0x1f, 0xfc, 0x21, 0x20,
    0xf, 0xfe, 0x1a, 0x80, 0x7f, 0xf2, 0x90, 0x3,
    0xff, 0x86, 0x80, 0x1f, 0xfc, 0x44, 0x0, 0xff,
    0xe1, 0xe0, 0x7, 0xff, 0x28, 0xc0, 0x3f, 0xf8,
    0x7e, 0x1, 0xff, 0xc4, 0xc0, 0xf, 0xfe, 0x1a,
    0x0, 0x7f, 0xf2, 0xcc, 0x3, 0xff, 0x84, 0x80,
    0x1f, 0xfc, 0x44, 0x0, 0xff, 0xe1, 0x98, 0x7,
    0xff, 0x2d, 0x0, 0x3f, 0xf8, 0x24, 0x20, 0x1f,
    0xfc, 0x41, 0x30, 0xf, 0xfe, 0x9, 0x80, 0x7f,
    0xf3, 0x34, 0x3, 0xff, 0x82, 0x80, 0x1f, 0xfc,
    0x64, 0x0, 0xff, 0xe0, 0xa8, 0x7, 0xff, 0x31,
    0x0, 0x3f, 0xf8, 0x38, 0x1, 0xff, 0xc6, 0xc0,
    0xf, 0xfe, 0xe, 0x0, 0x7f, 0xf0, 0x0,

    /* U+FF38 "Ｘ" */
    0x4, 0x88, 0xff, 0x88, 0x3, 0xff, 0x92, 0xd1,
    0x1f, 0xe3, 0x0, 0x2b, 0xbf, 0xfd, 0x20, 0x1f,
    0xfc, 0x82, 0x97, 0x7f, 0xe6, 0x20, 0x0, 0xc0,
    0x7, 0xf9, 0x10, 0x1, 0xff, 0xc7, 0x90, 0xf,
    0xf4, 0x8, 0x4, 0xe4, 0x1, 0xfe, 0x90, 0xf,
    0xfe, 0x32, 0x20, 0x3, 0xf8, 0xd8, 0x3, 0xb8,
    0x3, 0xfc, 0x4c, 0x1, 0xff, 0xc5, 0x90, 0xf,
    0xf7, 0x0, 0x78, 0xd8, 0x3, 0xfd, 0x2, 0x1,
    0xff, 0xc3, 0x62, 0x0, 0xfe, 0x72, 0x0, 0xfa,
    0x4, 0x3, 0xf8, 0x60, 0x3, 0xff, 0x87, 0x0,
    0x1f, 0xc3, 0x0, 0x1f, 0x86, 0xc0, 0x3f, 0xcc,
    0x40, 0x1f, 0xfc, 0x17, 0x10, 0xf, 0xea, 0x0,
    0xff, 0x2a, 0x0, 0x7f, 0xa4, 0x3, 0xff, 0x80,
    0x30, 0x1, 0xfc, 0x88, 0x0, 0xff, 0xa4, 0x3,
    0xfc, 0x8a, 0x1, 0xff, 0x40, 0x7, 0xfa, 0x80,
    0x3f, 0xf8, 0x4, 0xe0, 0x1f, 0xe8, 0x0, 0xff,
    0x13, 0x0, 0x7f, 0x40, 0x80, 0x7f, 0xf0, 0x60,
    0x80, 0x3f, 0x89, 0xc0, 0x3f, 0xa0, 0x3, 0xf8,
    0x9c, 0x3, 0xff, 0x87, 0x20, 0x1f, 0xe8, 0x10,
    0xf, 0x8d, 0x40, 0x3f, 0xb8, 0x3, 0xff, 0x88,
    0x8a, 0x1, 0xfe, 0x80, 0xf, 0xbc, 0x3, 0xf9,
    0x8c, 0x3, 0xff, 0x8b, 0x60, 0x1f, 0xe6, 0x30,
    0xe, 0x53, 0x0, 0xfc, 0x30, 0x1, 0xff, 0xc6,
    0x19, 0x0, 0xff, 0x78, 0x7, 0x40, 0x7, 0xf4,
    0x8, 0x7, 0xff, 0x1d, 0x8c, 0x3, 0xf8, 0xd4,
    0x2, 0x72, 0x0, 0xfc, 0x6c, 0x1, 0xff, 0xc9,
    0xf0, 0xf, 0xf5, 0x80, 0x52, 0x1, 0xfd, 0xc0,
    0x1f, 0xfc, 0xa3, 0x70, 0xf, 0xe1, 0x70, 0x81,
    0x0, 0xfc, 0xe4, 0x1, 0xff, 0xcb, 0x81, 0x0,
    0xfe, 0x83, 0x70, 0xf, 0xc3, 0x0, 0x1f, 0xfc,
    0xdb, 0x0, 0xff, 0x60, 0x7, 0xf5, 0x80, 0x7f,
    0xf3, 0x95, 0x0, 0x3f, 0xf8, 0xc8, 0xa0, 0x1f,
    0xfc, 0xf9, 0x0, 0xff, 0xe3, 0x48, 0x7, 0xff,
    0x40, 0xa0, 0x3, 0xff, 0x89, 0x4, 0x1, 0xff,
    0xd1, 0x72, 0x0, 0xff, 0xe1, 0x13, 0x80, 0x7f,
    0xf4, 0xf8, 0x3, 0xff, 0x85, 0xc0, 0x1f, 0xfd,
    0x43, 0x50, 0xf, 0xfe, 0x2, 0x98, 0x7, 0xff,
    0x50, 0x50, 0x3, 0xff, 0x80, 0xc0, 0x1f, 0xfd,
    0x5b, 0x10, 0xf, 0xfe, 0x1, 0xb8, 0x7, 0xff,
    0x4d, 0x14, 0x3, 0xff, 0x85, 0x4, 0x1, 0xff,
    0xd2, 0x90, 0xf, 0xfe, 0x24, 0x80, 0x7f, 0xf4,
    0x60, 0x80, 0x3f, 0xf8, 0x88, 0xa0, 0x1f, 0xfc,
    0xf2, 0x70, 0xf, 0xfe, 0x35, 0x88, 0x7, 0xff,
    0x3b, 0x80, 0x3f, 0x90, 0x3, 0xf8, 0x6c, 0x3,
    0xff, 0x9a, 0xe6, 0x1, 0xf8, 0xad, 0x0, 0x3f,
    0x95, 0x0, 0x3f, 0xf9, 0x63, 0x0, 0x1f, 0xdc,
    0x12, 0x1, 0xfe, 0xa0, 0xf, 0xfe, 0x5d, 0x0,
    0x7f, 0x29, 0x81, 0x30, 0x7, 0xf0, 0xc8, 0x7,
    0xff, 0x25, 0x50, 0x3, 0xfa, 0x0, 0x28, 0x10,
    0xf, 0xe6, 0x30, 0xf, 0xfe, 0x38, 0xd8, 0x7,
    0xf3, 0x90, 0x4, 0x32, 0x1, 0xfe, 0xe0, 0xf,
    0xfe, 0x3c, 0x8, 0x7, 0xe1, 0x80, 0xe, 0x72,
    0x0, 0xfe, 0x27, 0x0, 0xff, 0xe2, 0xa3, 0x0,
    0x7f, 0x40, 0x7, 0xd2, 0x1, 0xfe, 0x82, 0x0,
    0xff, 0xe2, 0x48, 0x7, 0xf1, 0x30, 0x7, 0xc8,
    0x80, 0xf, 0xf7, 0x0, 0x7f, 0xf0, 0xe0, 0x80,
    0x3f, 0xa4, 0x3, 0xfa, 0x40, 0x3f, 0xc6, 0xc0,
    0x1f, 0xfc, 0x12, 0x70, 0xf, 0xe4, 0x40, 0x7,
    0xf1, 0x38, 0x7, 0xfa, 0x44, 0x3, 0xff, 0x81,
    0xc0, 0x1f, 0xe9, 0x0, 0xff, 0xa0, 0x40, 0x3f,
    0xd6, 0x1, 0xff, 0x31, 0x80, 0x7f, 0x31, 0x0,
    0x7f, 0xf0, 0x2c, 0x3, 0xfc, 0xaa, 0x0, 0xfe,
    0x19, 0x0, 0xfe, 0x18, 0x0, 0xff, 0xe0, 0xa9,
    0x80, 0x7f, 0xac, 0x40, 0x3f, 0x50, 0x7, 0xfa,
    0x44, 0x3, 0xff, 0x85, 0xe0, 0x1f, 0xe1, 0x80,
    0xf, 0x95, 0x0, 0x3f, 0x89, 0xc0, 0x3f, 0xf8,
    0x66, 0xc0, 0x1f, 0xe6, 0x40, 0xe, 0x1b, 0x0,
    0xff, 0x48, 0x7, 0xff, 0x16, 0x4, 0x3, 0xfd,
    0x20, 0x1d, 0x2, 0x1, 0xfc, 0x88, 0x0, 0xff,
    0xe2, 0x8c, 0x0, 0x7f, 0x8a, 0x0, 0x23, 0x60,
    0xf, 0xf4, 0x0, 0x7f, 0xf1, 0xd8, 0xc0, 0x3f,
    0xce, 0x40, 0xe, 0x0, 0xff, 0x31, 0x80, 0x7f,
    0xf2, 0x3c, 0x3, 0xfe, 0xe0, 0x82, 0x0, 0xff,
    0x40, 0x7, 0xff, 0x24, 0xd4, 0x3, 0xfc, 0x6e,

    /* U+FF39 "Ｙ" */
    0x48, 0x8f, 0xf2, 0x80, 0x7f, 0xf3, 0x1a, 0x23,
    0xfc, 0x4c, 0xef, 0xfe, 0xa2, 0x0, 0xff, 0xe5,
    0x14, 0xbb, 0xff, 0x29, 0x11, 0x40, 0x3f, 0xd6,
    0x1, 0xff, 0xca, 0x80, 0xf, 0xf4, 0x0, 0x20,
    0x3, 0xfc, 0xc4, 0x1, 0xff, 0xc8, 0x25, 0x0,
    0xfe, 0x35, 0x0, 0x13, 0x80, 0x7f, 0xa0, 0x3,
    0xff, 0x91, 0x0, 0x1f, 0xe8, 0x0, 0xd2, 0x1,
    0xfe, 0x52, 0x0, 0xff, 0xe3, 0x12, 0x80, 0x7f,
    0x22, 0x0, 0x30, 0xc0, 0x7, 0xfa, 0x0, 0x3f,
    0xf8, 0xd0, 0x1, 0xfe, 0x90, 0xf, 0x38, 0x80,
    0x7f, 0x29, 0x0, 0x7f, 0xf1, 0xd, 0x40, 0x3f,
    0x98, 0x80, 0x3e, 0x80, 0xf, 0xf4, 0x0, 0x7f,
    0xf1, 0x20, 0x3, 0xfd, 0x0, 0x1f, 0x98, 0x80,
    0x3f, 0x94, 0xc0, 0x3f, 0xf8, 0x46, 0x80, 0x1f,
    0xce, 0x20, 0x1f, 0xd0, 0x1, 0xfe, 0x80, 0xf,
    0xfe, 0x14, 0x0, 0x7f, 0xc, 0x80, 0x7f, 0x94,
    0xc0, 0x3f, 0x90, 0xc0, 0x3f, 0xf8, 0x6, 0x80,
    0x1f, 0xd2, 0x20, 0x1f, 0xf7, 0x80, 0x7f, 0xa0,
    0x3, 0xff, 0x81, 0x0, 0x1f, 0xc4, 0xe0, 0x1f,
    0xfc, 0x3, 0x40, 0xf, 0xe4, 0x30, 0xf, 0xf1,
    0xa0, 0x7, 0xf4, 0x0, 0x7f, 0xf0, 0xa4, 0x3,
    0xfd, 0x0, 0x1f, 0xe8, 0x0, 0xfe, 0x35, 0x0,
    0xff, 0xe1, 0x13, 0x0, 0x7f, 0x21, 0x0, 0x7e,
    0x24, 0x0, 0xfe, 0x80, 0xf, 0xfe, 0x24, 0x0,
    0x7f, 0xac, 0x3, 0xf4, 0x0, 0x7f, 0x22, 0x0,
    0x3f, 0xf8, 0x82, 0xe0, 0x1f, 0xcc, 0x20, 0x1e,
    0x25, 0x0, 0xfe, 0x90, 0xf, 0xfe, 0x34, 0x88,
    0x7, 0xf4, 0x80, 0x7a, 0xc0, 0x3f, 0x94, 0x80,
    0x3f, 0xf8, 0xc3, 0x20, 0x1f, 0xce, 0x1, 0xc2,
    0xc0, 0x1f, 0xd6, 0x1, 0xff, 0xc8, 0x71, 0x0,
    0xfe, 0x70, 0xd, 0x0, 0x1f, 0xce, 0x20, 0x1f,
    0xfc, 0x9b, 0x0, 0xfe, 0x90, 0x8, 0x58, 0x3,
    0xf0, 0xc8, 0x7, 0xff, 0x29, 0x48, 0x3, 0xf0,
    0xb0, 0x2, 0x0, 0x3f, 0xa4, 0x40, 0x3f, 0xf9,
    0x72, 0x1, 0xfd, 0x0, 0x2c, 0x1, 0xf8, 0x5c,
    0x3, 0xff, 0x98, 0x88, 0x0, 0xfc, 0x2d, 0x0,
    0x1f, 0xd6, 0x1, 0xff, 0xce, 0x80, 0xf, 0xe8,
    0x60, 0xf, 0xc6, 0xa0, 0x1f, 0xfc, 0xe3, 0x50,
    0xf, 0xc2, 0x1, 0xfd, 0x0, 0x1f, 0xfd, 0x8,
    0x0, 0xff, 0xe2, 0xa2, 0x0, 0x3f, 0xfa, 0x4,
    0xc0, 0x1f, 0xfc, 0x48, 0x0, 0xff, 0xe9, 0x40,
    0x7, 0xff, 0xd, 0x4c, 0x3, 0xff, 0xa4, 0x2e,
    0x1, 0xff, 0xc2, 0xb0, 0xf, 0xfe, 0xa4, 0x8,
    0x7, 0xff, 0x1, 0xc4, 0x3, 0xff, 0xab, 0x0,
    0x1f, 0xf0, 0xc8, 0x7, 0xff, 0x59, 0x88, 0x3,
    0xfd, 0x22, 0x1, 0xff, 0xd7, 0x50, 0xf, 0xf3,
    0x0, 0x7f, 0xff, 0xc0, 0x3f, 0xff, 0xe0, 0x1f,
    0xff, 0xf0, 0xf, 0xff, 0xf8, 0x7, 0xff, 0xfc,
    0x3, 0xff, 0xfe, 0x1, 0xff, 0xff, 0x0, 0xff,
    0xff, 0x80, 0x7f, 0xff, 0xc0, 0x3f, 0xff, 0xe0,
    0x1f, 0xff, 0xf0, 0xf, 0xff, 0xf8, 0x7, 0xff,
    0x48,

    /* U+FF3A "Ｚ" */
    0x0, 0xa6, 0xef, 0xff, 0xb5, 0x20, 0x19, 0x51,
    0x3f, 0xfb, 0x60, 0x1f, 0xff, 0xf0, 0xf, 0xff,
    0xf8, 0x7, 0xff, 0xe4, 0x40, 0x3f, 0xfb, 0xfe,
    0x1, 0xff, 0xde, 0x93, 0x0, 0xdb, 0xbf, 0xfc,
    0xdc, 0x0, 0xff, 0x91, 0x80, 0x38, 0x48, 0xbf,
    0xf9, 0x90, 0x1, 0xfe, 0x1a, 0x0, 0xff, 0xe9,
    0x3a, 0x0, 0x7f, 0xb4, 0x40, 0x3f, 0xfa, 0x27,
    0x0, 0x1f, 0xe8, 0x30, 0xf, 0xfe, 0x88, 0xe8,
    0x7, 0xf9, 0x1c, 0x3, 0xff, 0xa5, 0x62, 0x1,
    0xfc, 0x34, 0x1, 0xff, 0xd2, 0x65, 0x0, 0xff,
    0x50, 0x80, 0x7f, 0xf4, 0x4a, 0x40, 0x3f, 0xce,
    0x80, 0x1f, 0xfd, 0x2f, 0x0, 0xff, 0x1c, 0x0,
    0x7f, 0xf4, 0xa4, 0x80, 0x3f, 0xdc, 0x1, 0xff,
    0xd2, 0x56, 0x0, 0xff, 0x51, 0x0, 0x7f, 0xf4,
    0x4a, 0x80, 0x3f, 0xcc, 0xa0, 0x1f, 0xfd, 0x2e,
    0x0, 0xff, 0x14, 0x80, 0x7f, 0xf4, 0xa4, 0xc0,
    0x3f, 0xde, 0x1, 0xff, 0xd2, 0x46, 0x0, 0xff,
    0x49, 0x0, 0x7f, 0xf4, 0x46, 0x80, 0x3f, 0xca,
    0xc0, 0x1f, 0xfd, 0x2d, 0x10, 0xf, 0xe2, 0xa0,
    0xf, 0xfe, 0x94, 0x18, 0x7, 0xfb, 0x80, 0x3f,
    0xfa, 0x48, 0xe0, 0x1f, 0xe8, 0x30, 0xf, 0xfe,
    0x88, 0xd0, 0x7, 0xf9, 0x1c, 0x3, 0xff, 0xa5,
    0x42, 0x1, 0xfc, 0x34, 0x1, 0xff, 0xd2, 0x74,
    0x0, 0xff, 0x50, 0x80, 0x7f, 0xf4, 0x4e, 0x0,
    0x3f, 0xce, 0x80, 0x1f, 0xfd, 0x2e, 0x0, 0xff,
    0x1c, 0x0, 0x7f, 0xf4, 0xa8, 0x80, 0x3f, 0x87,
    0x40, 0x3f, 0xfa, 0x4c, 0xa0, 0x1f, 0xea, 0x10,
    0xf, 0xfe, 0x89, 0x48, 0x7, 0xf9, 0x90, 0x3,
    0xff, 0xa5, 0xe0, 0x1f, 0xe3, 0x90, 0xf, 0xfe,
    0x94, 0x90, 0x7, 0xfb, 0x80, 0x3f, 0xfa, 0x4a,
    0xc0, 0x1f, 0xea, 0x20, 0xf, 0xfe, 0x89, 0x50,
    0x7, 0xf9, 0x94, 0x3, 0xff, 0xa5, 0xc0, 0x1f,
    0xe2, 0x90, 0xf, 0xfe, 0x94, 0x18, 0x7, 0xfb,
    0xc0, 0x3f, 0xfa, 0x48, 0xe0, 0x1f, 0xe9, 0x20,
    0xf, 0xfe, 0x88, 0xd0, 0x7, 0xf9, 0x58, 0x3,
    0xff, 0xa5, 0x42, 0x1, 0xfc, 0x36, 0x1, 0xff,
    0xd2, 0x74, 0x0, 0xff, 0xf, 0xf7, 0x7f, 0xf3,
    0xe4, 0xe, 0x0, 0x3f, 0xf8, 0x2, 0x3f, 0xfd,
    0x3, 0xd, 0x0, 0xff, 0xef, 0x88, 0x7, 0xff,
    0xfc, 0x3, 0xff, 0xfe, 0x1, 0xff, 0xff, 0x0,
    0xff, 0xec, 0x80,

    /* U+FF3B "［" */
    0x79, 0x9f, 0xfe, 0x2b, 0xd3, 0x37, 0xff, 0x16,
    0x80, 0x3f, 0xff, 0xe0, 0x1f, 0xd9, 0xbb, 0xfd,
    0x80, 0x1f, 0x88, 0xbf, 0xc2, 0x1, 0xff, 0xff,
    0x0, 0xff, 0xff, 0x80, 0x7f, 0xff, 0xc0, 0x3f,
    0xff, 0xe0, 0x1f, 0xff, 0xf0, 0xf, 0xff, 0xf8,
    0x7, 0xff, 0xfc, 0x3, 0xff, 0xfe, 0x1, 0xff,
    0xff, 0x0, 0xff, 0xff, 0x80, 0x7f, 0xff, 0xc0,
    0x3f, 0xff, 0xe0, 0x1f, 0xff, 0xf0, 0xf, 0xff,
    0x7d, 0x5d, 0xff, 0x40, 0x7, 0xe4, 0x4f, 0xf2,
    0x80, 0x7f, 0xff, 0xc0,

    /* U+FF3C "＼" */
    0x0, 0x8, 0x7, 0xff, 0xd9, 0xb9, 0x40, 0x3f,
    0xfe, 0x8d, 0x21, 0x4a, 0x1, 0xff, 0xf3, 0xf0,
    0xa, 0x94, 0x3, 0xff, 0xe5, 0x2c, 0x1, 0x52,
    0x80, 0x7f, 0xfc, 0xa5, 0x80, 0x2a, 0x50, 0xf,
    0xff, 0x94, 0xb0, 0x5, 0x4a, 0x1, 0xff, 0xf2,
    0x96, 0x0, 0xa9, 0x40, 0x3f, 0xfe, 0x52, 0xc0,
    0x15, 0x28, 0x7, 0xff, 0xca, 0x58, 0x2, 0xa5,
    0x0, 0xff, 0xf9, 0x4b, 0x0, 0x54, 0xa0, 0x1f,
    0xff, 0x29, 0x60, 0xa, 0x94, 0x3, 0xff, 0xe5,
    0x2c, 0x1, 0x52, 0x80, 0x7f, 0xfc, 0xa5, 0x80,
    0x2a, 0x50, 0xf, 0xff, 0x94, 0xb0, 0x5, 0x4a,
    0x1, 0xff, 0xf2, 0x96, 0x0, 0xa9, 0x40, 0x3f,
    0xfe, 0x52, 0xc0, 0x15, 0x28, 0x7, 0xff, 0xca,
    0x58, 0x2, 0xa5, 0x0, 0xff, 0xf9, 0x4b, 0x0,
    0x54, 0xa0, 0x1f, 0xff, 0x29, 0x60, 0xa, 0x94,
    0x3, 0xff, 0xe5, 0x2c, 0x1, 0x52, 0x80, 0x7f,
    0xfc, 0xa5, 0x80, 0x2a, 0x50, 0xf, 0xff, 0x94,
    0xb0, 0x5, 0x4a, 0x1, 0xff, 0xf2, 0x96, 0x0,
    0xa9, 0x40, 0x3f, 0xfe, 0x52, 0xc0, 0x15, 0x28,
    0x7, 0xff, 0xca, 0x58, 0x2, 0xa5, 0x0, 0xff,
    0xf9, 0x4b, 0x0, 0x54, 0xa0, 0x1f, 0xff, 0x29,
    0x60, 0xa, 0x94, 0x3, 0xff, 0xe5, 0x2c, 0x1,
    0x52, 0x80, 0x7f, 0xfc, 0xa5, 0x80, 0x2a, 0x50,
    0xf, 0xff, 0x94, 0xb0, 0x5, 0x4a, 0x1, 0xff,
    0xf2, 0x96, 0x0, 0xa9, 0x40, 0x3f, 0xfe, 0x52,
    0xc0, 0x15, 0x28, 0x7, 0xff, 0xca, 0x58, 0x2,
    0xa5, 0x0, 0xff, 0xf9, 0x4b, 0x0, 0x54, 0xa0,
    0x1f, 0xff, 0x29, 0x60, 0xa, 0x94, 0x3, 0xff,
    0xe5, 0x2c, 0x1, 0x52, 0x80, 0x7f, 0xfc, 0xa5,
    0x80, 0x2a, 0x50, 0xf, 0xff, 0x94, 0xb0, 0x5,
    0x4a, 0x1, 0xff, 0xf2, 0x96, 0x0, 0xa9, 0x40,
    0x3f, 0xfe, 0x52, 0xc0, 0x15, 0x28, 0x7, 0xff,
    0xca, 0x58, 0x2, 0xa5, 0x0, 0xff, 0xf9, 0x4b,
    0x0, 0x54, 0xa0, 0x1f, 0xff, 0x29, 0x60, 0xa,
    0x94, 0x3, 0xff, 0xe5, 0x2c, 0x1, 0x52, 0x80,
    0x7f, 0xfc, 0xa5, 0x80, 0x2a, 0x50, 0xf, 0xff,
    0x94, 0xb0, 0x5, 0x4a, 0x1, 0xff, 0xf2, 0x96,
    0x0, 0xa9, 0x40, 0x3f, 0xfe, 0x52, 0xc0, 0x15,
    0x28, 0x7, 0xff, 0xca, 0x58, 0x2, 0xa5, 0x0,
    0xff, 0xf9, 0x4b, 0x0, 0x54, 0xa0, 0x1f, 0xff,
    0x29, 0x60, 0xa, 0x94, 0x3, 0xff, 0xe5, 0x2c,
    0x1, 0x52, 0x80, 0x7f, 0xfc, 0xa5, 0x80, 0x2a,
    0x50, 0xf, 0xff, 0x94, 0xb0, 0x5, 0x4a, 0x1,
    0xff, 0xf2, 0x96, 0x0, 0xa9, 0x40, 0x3f, 0xfe,
    0x52, 0xc0, 0x15, 0x28, 0x7, 0xff, 0xca, 0x58,
    0x2, 0xa5, 0x0, 0xff, 0xf9, 0x4b, 0x0, 0x54,
    0xa0, 0x1f, 0xff, 0x29, 0x60, 0xa, 0x94, 0x3,
    0xff, 0xe5, 0x2c, 0x1, 0x52, 0x80, 0x7f, 0xfc,
    0xa5, 0x80, 0x2a, 0x50, 0xf, 0xff, 0x94, 0xb0,
    0x5, 0x4a, 0x1, 0xff, 0xf2, 0x96, 0x0, 0xa9,
    0x40, 0x3f, 0xfe, 0x52, 0xc0, 0x15, 0x28, 0x7,
    0xff, 0xca, 0x58, 0x2, 0xa5, 0x0, 0xff, 0xf9,
    0x4b, 0x0, 0x58, 0x1, 0xff, 0xf3, 0x96, 0x5,
    0x90, 0xf, 0xff, 0xa4, 0xca, 0x80,

    /* U+FF3D "］" */
    0x78, 0x8f, 0xfe, 0x2b, 0xdb, 0xbf, 0xff, 0x16,
    0x80, 0x3f, 0xff, 0xe1, 0xbd, 0xdf, 0xd8, 0x1,
    0xf8, 0x47, 0xfc, 0x40, 0x1f, 0xff, 0xf0, 0xf,
    0xff, 0xf8, 0x7, 0xff, 0xfc, 0x3, 0xff, 0xfe,
    0x1, 0xff, 0xff, 0x0, 0xff, 0xff, 0x80, 0x7f,
    0xff, 0xc0, 0x3f, 0xff, 0xe0, 0x1f, 0xff, 0xf0,
    0xf, 0xff, 0xf8, 0x7, 0xff, 0xfc, 0x3, 0xff,
    0xfe, 0x1, 0xff, 0xff, 0x0, 0xff, 0xf7, 0xc5,
    0x57, 0xf8, 0x3, 0xf2, 0x2a, 0xff, 0x20, 0x7,
    0xff, 0xfc, 0x3, 0xf8,

    /* U+FF3E "＾" */
    0x0, 0xfc, 0x97, 0x7f, 0x40, 0x7, 0xff, 0x10,
    0xad, 0x13, 0xe7, 0x80, 0xf, 0xfe, 0x10, 0xe0,
    0x7, 0xf3, 0xb0, 0x7, 0xff, 0x7, 0x44, 0x3,
    0xfd, 0x28, 0x1, 0xff, 0x49, 0x80, 0x7f, 0xf0,
    0x28, 0x80, 0x3f, 0x99, 0x80, 0x1e, 0xc5, 0x0,
    0xe1, 0xf1, 0x0, 0xf9, 0x24, 0x3, 0xd2, 0x74,
    0x40, 0x1c, 0x54, 0x1, 0xe2, 0xa0, 0xf, 0x33,
    0x0, 0x1e, 0x1, 0xe4, 0x90, 0xe, 0xf1, 0x0,
    0xe3, 0x90, 0x8, 0xa8, 0x3, 0xcc, 0xe0, 0x15,
    0x10, 0x7, 0xe, 0x80, 0x72, 0xb8, 0x7, 0xa1,
    0x40, 0xcc, 0xcd, 0xed, 0x10, 0xf, 0x43, 0xb3,
    0x7b, 0x0,

    /* U+FF3F "＿" */
    0xff, 0xff, 0xfe, 0x0, 0x7f, 0xff, 0xc0, 0x3f,
    0xff, 0x31, 0x1f, 0xff, 0xc0,

    /* U+FF40 "｀" */
    0xb, 0xee, 0xff, 0x50, 0x7, 0xea, 0x21, 0x1f,
    0xe5, 0x60, 0xf, 0x87, 0xc, 0x3, 0xfa, 0x48,
    0x3, 0xf6, 0x20, 0x7, 0xf7, 0x80, 0x7f, 0x5a,
    0x0, 0x7e, 0x29, 0x0, 0xfe, 0xb5, 0x0, 0xfc,
    0xca, 0x1, 0xfd, 0x4a, 0x1, 0xfa, 0xc4, 0x3,
    0xfa, 0x98, 0x3, 0xe1, 0xa0, 0xf, 0xf4, 0xb8,
    0x7, 0xc8, 0xe0, 0x1f, 0xe8, 0x70, 0xf, 0xa0,
    0xc0, 0x3f, 0xd1, 0xbb, 0xf8, 0x80,

    /* U+FF41 "ａ" */
    0x0, 0xff, 0xe2, 0x92, 0x2b, 0x31, 0x50, 0x80,
    0x3f, 0xf9, 0xc4, 0xd5, 0xbf, 0xb7, 0x53, 0x2a,
    0xbd, 0xfd, 0x94, 0x0, 0xff, 0xe3, 0x9c, 0x76,
    0xca, 0x90, 0x7, 0xf8, 0x9a, 0xf5, 0xc0, 0x3f,
    0xf8, 0x6d, 0xb8, 0xe2, 0x1, 0xff, 0xc5, 0x28,
    0xd4, 0x0, 0xff, 0xc, 0x74, 0x90, 0x7, 0xff,
    0x28, 0xad, 0x80, 0x3f, 0x3f, 0xb8, 0x80, 0x7f,
    0xf3, 0xa5, 0xc0, 0x3c, 0xd0, 0x20, 0x1f, 0xfd,
    0x18, 0x50, 0xe, 0x62, 0x0, 0xff, 0xe9, 0xd8,
    0x80, 0x74, 0x0, 0x7f, 0xf4, 0xc6, 0xc0, 0x39,
    0x4c, 0x3, 0xf9, 0x22, 0xf7, 0xbf, 0xb2, 0x50,
    0x3, 0xff, 0x80, 0xa2, 0x1, 0xde, 0x1, 0xe4,
    0xaf, 0xb7, 0x42, 0x10, 0x13, 0x6b, 0xc2, 0x0,
    0xff, 0xa4, 0x3, 0x8d, 0x40, 0x26, 0xdb, 0x50,
    0xf, 0xf8, 0xf4, 0xc0, 0x3f, 0xca, 0x1, 0xe8,
    0x17, 0xe9, 0x20, 0xf, 0xfe, 0x1e, 0x88, 0x7,
    0xf1, 0x10, 0x3, 0x8b, 0xa0, 0x40, 0x3f, 0xf8,
    0xa3, 0x20, 0x1f, 0xe7, 0x0, 0xff, 0xe7, 0xb0,
    0x7, 0xf8, 0x80, 0x3f, 0xf9, 0xe2, 0x1, 0xfe,
    0xd0, 0xf, 0xfe, 0x49, 0x23, 0x44, 0xde, 0x0,
    0x7f, 0x84, 0x3, 0xff, 0x86, 0x4b, 0x17, 0xdf,
    0xb7, 0x2e, 0xc8, 0x60, 0x1f, 0xe7, 0x0, 0xff,
    0x85, 0xab, 0xb6, 0x9d, 0x4, 0x3, 0xff, 0xa0,
    0xb7, 0xd2, 0xa2, 0x1, 0xff, 0xd3, 0x6e, 0xa4,
    0x0, 0xff, 0xea, 0x9e, 0xc8, 0x80, 0x7f, 0xf5,
    0x97, 0x8, 0x3, 0xff, 0x8a, 0x24, 0x68, 0x1,
    0xff, 0xc2, 0x6a, 0x0, 0xff, 0xe0, 0x8a, 0xc5,
    0xef, 0xf6, 0xe5, 0x90, 0x7, 0xff, 0x0, 0xe4,
    0x3, 0xfe, 0x28, 0xde, 0xa7, 0x42, 0x0, 0xff,
    0xe3, 0x78, 0x7, 0xf8, 0xaf, 0x5c, 0x80, 0x3f,
    0xf9, 0x48, 0x60, 0x1f, 0xc9, 0xa8, 0x1, 0xff,
    0xcd, 0xe0, 0xf, 0xe2, 0xb0, 0xf, 0xfe, 0x7a,
    0x0, 0x7f, 0x40, 0x7, 0xff, 0x40, 0x40, 0x3f,
    0x90, 0x3, 0xff, 0x9e, 0x20, 0x1f, 0xe1, 0x0,
    0xff, 0xe1, 0xa1, 0x0, 0x7f, 0x8c, 0x3, 0xfc,
    0x60, 0x1f, 0xfc, 0x28, 0xb0, 0xf, 0xf8, 0x80,
    0x3f, 0xd0, 0x1, 0xff, 0xc0, 0x4d, 0x70, 0xf,
    0xfe, 0x8, 0x80, 0x7f, 0x25, 0x88, 0x7, 0xe4,
    0xbb, 0x10, 0x7, 0xff, 0x9, 0x0, 0x3f, 0xc9,
    0xd6, 0xea, 0x8a, 0xd3, 0xd6, 0x80, 0x1f, 0xfc,
    0x4e, 0x0, 0xff, 0xe0, 0x24, 0x55, 0xd4, 0xb0,
    0x80, 0x7f, 0xf1, 0x90, 0xc0, 0x3f, 0xfb, 0x5e,
    0x1, 0xff, 0xcd, 0x75, 0x0, 0xff, 0x8e, 0x0,
    0x3f, 0xf9, 0x45, 0x91, 0x80, 0x1f, 0xfc, 0x7,
    0x80, 0xf, 0xfe, 0x38, 0xc6, 0x98, 0x28, 0x7,
    0xff, 0x5, 0xec, 0x40, 0x3f, 0xf8, 0x63, 0x1c,
    0xe0, 0x11, 0x0, 0x7f, 0xf0, 0x93, 0xa0, 0x80,
    0x3f, 0xe3, 0x9e, 0x70, 0xe, 0x11, 0x0, 0x7f,
    0xf0, 0xdf, 0x72, 0x14, 0xc8, 0x86, 0x8d, 0x5d,
    0x8c, 0x1, 0xfb, 0xbf, 0xfe, 0xc0,

    /* U+FF42 "ｂ" */
    0x25, 0x5f, 0xf0, 0x80, 0x7f, 0xf4, 0x96, 0xab,
    0xfc, 0x40, 0x1f, 0xff, 0xf0, 0xf, 0xff, 0xf8,
    0x7, 0xff, 0xfc, 0x3, 0xff, 0xfe, 0x1, 0xff,
    0xff, 0x0, 0xff, 0xff, 0x80, 0x7f, 0xff, 0xc0,
    0x3f, 0xff, 0xe0, 0x1f, 0xfd, 0x11, 0x0, 0xff,
    0x84, 0x60, 0xf, 0xfe, 0x79, 0x80, 0x78, 0xe3,
    0x3b, 0xfb, 0xaf, 0xda, 0x71, 0x0, 0xff, 0xe5,
    0x8, 0x6, 0x7e, 0xc7, 0x31, 0x0, 0xe2, 0x58,
    0xeb, 0x30, 0xf, 0xfe, 0x50, 0xc7, 0xc0, 0x80,
    0x7f, 0xf0, 0x53, 0x28, 0x40, 0x3f, 0xf8, 0xa2,
    0xb, 0xee, 0x1, 0xff, 0xc6, 0x5f, 0x30, 0xf,
    0xfe, 0x2d, 0xd0, 0x80, 0x7f, 0xf2, 0x7, 0xc,
    0x3, 0xff, 0x86, 0x28, 0x1, 0xff, 0xcc, 0xc2,
    0x0, 0xff, 0xee, 0xf8, 0x7, 0xff, 0x74, 0xa0,
    0x3, 0xff, 0x92, 0x4a, 0xcc, 0x52, 0x0, 0xff,
    0xe1, 0x38, 0x80, 0x7f, 0xf1, 0x4a, 0x3b, 0x6a,
    0x65, 0x5b, 0xa7, 0x0, 0xff, 0xe0, 0xc0, 0x7,
    0xff, 0xc, 0x6b, 0x5c, 0x40, 0x3c, 0x51, 0xa6,
    0x1, 0xff, 0x30, 0x7, 0xff, 0x9, 0x7d, 0x40,
    0x3f, 0xe2, 0xd2, 0x0, 0xff, 0x94, 0x3, 0xff,
    0x80, 0xf4, 0x20, 0x1f, 0xfc, 0x11, 0xf0, 0xf,
    0xfb, 0xc0, 0x3f, 0xf8, 0x16, 0x1, 0xff, 0xc4,
    0x26, 0x0, 0xff, 0x20, 0x7, 0xff, 0x4a, 0xc0,
    0x3f, 0xc2, 0x40, 0x1f, 0xfd, 0x12, 0x20, 0x7,
    0xf9, 0x80, 0x3f, 0xfa, 0x48, 0x1, 0xfe, 0x30,
    0xf, 0xfe, 0x97, 0x80, 0x7f, 0xbc, 0x3, 0xff,
    0xa4, 0x40, 0x1f, 0xe1, 0x0, 0xff, 0xe9, 0x38,
    0x7, 0xf8, 0xc0, 0x3f, 0xff, 0x8e, 0x1, 0xfe,
    0x30, 0xf, 0xff, 0xe1, 0x80, 0x7f, 0x84, 0x3,
    0xff, 0xa5, 0xc0, 0x1f, 0xed, 0x0, 0xff, 0xe9,
    0x38, 0x7, 0xf9, 0x80, 0x3f, 0xfa, 0x26, 0x20,
    0x1f, 0xe3, 0x0, 0xff, 0xe8, 0xc8, 0x7, 0xf8,
    0xc0, 0x3f, 0xfa, 0x26, 0xa0, 0x1f, 0xe4, 0x0,
    0xff, 0xe8, 0xf, 0x0, 0x7f, 0xd6, 0x1, 0xff,
    0xc0, 0xe3, 0x0, 0xff, 0xe0, 0x8e, 0x90, 0x7,
    0xf8, 0xcc, 0x1, 0xff, 0xc0, 0x2c, 0x92, 0x0,
    0xff, 0x1e, 0x18, 0x7, 0xfd, 0x20, 0x1f, 0xfc,
    0x36, 0xda, 0x62, 0x0, 0xc2, 0xb7, 0x84, 0x1,
    0xff, 0x12, 0x80, 0x7f, 0xf1, 0x56, 0x77, 0xfb,
    0x7b, 0x94, 0x80, 0x1f, 0xfc, 0x19, 0x0, 0xff,
    0xe5, 0x9, 0x8, 0x7, 0xff, 0xd, 0x90, 0x3,
    0xff, 0xb6, 0x72, 0x1, 0xff, 0xdb, 0x2d, 0x0,
    0xff, 0xe1, 0x2e, 0x90, 0x7, 0xff, 0x28, 0xf0,
    0x40, 0x3f, 0xf8, 0x5a, 0x58, 0xa0, 0x1f, 0xfc,
    0x86, 0xc1, 0x0, 0xff, 0xe1, 0xa0, 0xd, 0x50,
    0x80, 0x3f, 0xf8, 0x87, 0x92, 0x1, 0xff, 0xc5,
    0x30, 0x9, 0x76, 0x8c, 0x3, 0xff, 0x80, 0xb7,
    0x86, 0x1, 0xfc, 0xff, 0xff, 0x80, 0x3c, 0xb9,
    0xd4, 0xe8, 0x64, 0x43, 0x57, 0xbf, 0xa4, 0x0,
    0xff, 0x80,

    /* U+FF43 "ｃ" */
    0x0, 0xff, 0xe4, 0x88, 0x88, 0x40, 0x3f, 0xfa,
    0x69, 0x17, 0xbf, 0xdc, 0xde, 0xfe, 0xc9, 0x61,
    0x0, 0xff, 0xe5, 0x2d, 0xfd, 0xba, 0x10, 0x7,
    0x84, 0xda, 0x7b, 0x14, 0x3, 0xff, 0x8c, 0xfd,
    0x48, 0x1, 0xff, 0xc4, 0x3a, 0xe5, 0x0, 0xff,
    0xe1, 0x37, 0x40, 0x80, 0x7f, 0xf2, 0x6, 0xb0,
    0x80, 0x3f, 0xc3, 0x72, 0x20, 0x1f, 0xfc, 0xc3,
    0xd5, 0x0, 0xfc, 0x5e, 0x80, 0x1f, 0xfd, 0xa,
    0x20, 0xf, 0x1e, 0x8, 0x7, 0xff, 0x45, 0xc8,
    0x3, 0x8b, 0x44, 0x3, 0xff, 0xa2, 0x70, 0x1,
    0xef, 0x10, 0xf, 0xfe, 0x10, 0x9a, 0xb2, 0xa1,
    0x80, 0x7e, 0x1d, 0x0, 0xf4, 0x90, 0x7, 0xff,
    0x0, 0x5f, 0x3b, 0x2a, 0x6a, 0xf3, 0xed, 0x40,
    0x3a, 0x84, 0x3, 0x8d, 0x80, 0x3f, 0xf8, 0xf,
    0xd0, 0x60, 0x1f, 0x92, 0xb5, 0x40, 0xe, 0x80,
    0x1e, 0xf0, 0xf, 0xf8, 0x72, 0x0, 0x3f, 0xf8,
    0x25, 0x54, 0x48, 0x0, 0xf1, 0x98, 0x3, 0xfe,
    0xc3, 0x0, 0xff, 0xe2, 0x2d, 0x80, 0x7d, 0x20,
    0x1f, 0xf5, 0x90, 0x7, 0xff, 0x39, 0x40, 0x3f,
    0xca, 0x80, 0x1f, 0xfc, 0xe3, 0x0, 0xff, 0xa0,
    0x3, 0xff, 0x9e, 0x80, 0x1f, 0xe4, 0x20, 0xf,
    0xfe, 0x7f, 0x0, 0x7f, 0xb4, 0x3, 0xff, 0xa0,
    0x40, 0x1f, 0xe5, 0x0, 0xff, 0xe8, 0x38, 0x7,
    0xf8, 0x80, 0x3f, 0xfa, 0x2, 0x1, 0xfe, 0x10,
    0xf, 0xff, 0xc0, 0x80, 0x7f, 0x84, 0x3, 0xff,
    0xa0, 0xe0, 0x1f, 0xe5, 0x0, 0xff, 0xe8, 0x10,
    0x7, 0xf8, 0xc0, 0x3f, 0xfa, 0x1e, 0x1, 0xfe,
    0xb0, 0xf, 0xfe, 0x82, 0x80, 0x7f, 0x8c, 0x80,
    0x3f, 0xf9, 0xe6, 0x20, 0x1f, 0xe9, 0x0, 0xff,
    0xe8, 0x38, 0x7, 0xf9, 0x14, 0x3, 0xff, 0x9f,
    0xa0, 0x1f, 0xf5, 0x18, 0x7, 0xff, 0x18, 0xac,
    0x40, 0x39, 0xc, 0x3, 0xfe, 0xc5, 0x0, 0xff,
    0xe2, 0x46, 0xa5, 0x0, 0x7b, 0xc0, 0x3f, 0xf8,
    0x15, 0x42, 0x0, 0xff, 0xe0, 0x3f, 0x38, 0x1,
    0x14, 0x3, 0x8d, 0x40, 0x3f, 0xf8, 0xb, 0xb6,
    0xc4, 0x1, 0xc2, 0xb3, 0xf0, 0x20, 0x1a, 0xc4,
    0x3, 0xa8, 0x80, 0x3f, 0xf8, 0x29, 0x3b, 0xfd,
    0xbd, 0xfd, 0x4c, 0x1, 0xf0, 0xc0, 0x7, 0xbc,
    0x3, 0xff, 0x8a, 0x24, 0x20, 0x1f, 0xfc, 0x6,
    0x40, 0xe, 0x2c, 0x0, 0xff, 0xea, 0x48, 0x7,
    0x8f, 0x4, 0x3, 0xff, 0xa2, 0x32, 0x1, 0xf1,
    0xfa, 0x0, 0x7f, 0xf3, 0xcf, 0x10, 0x3, 0xf0,
    0xdc, 0x88, 0x7, 0xff, 0x2c, 0x67, 0x8, 0x3,
    0xfe, 0x6e, 0x81, 0x0, 0xff, 0xe3, 0x94, 0x73,
    0x0, 0x7f, 0xf0, 0xdf, 0xa9, 0x44, 0x3, 0xff,
    0x82, 0x2d, 0x7a, 0xe0, 0x1f, 0xfc, 0x75, 0xae,
    0xc9, 0x74, 0x33, 0x11, 0xd, 0x5e, 0xb7, 0xa5,
    0x0, 0x3f, 0x0,

    /* U+FF44 "ｄ" */
    0x0, 0xff, 0xe9, 0xa, 0xaf, 0xf8, 0x80, 0x3f,
    0xfa, 0x4b, 0x55, 0xfe, 0x40, 0xf, 0xff, 0xf8,
    0x7, 0xff, 0xfc, 0x3, 0xff, 0xfe, 0x1, 0xff,
    0xff, 0x0, 0xff, 0xff, 0x80, 0x7f, 0xff, 0xc0,
    0x3f, 0xff, 0xe0, 0x1f, 0xfe, 0x77, 0x0, 0xff,
    0xe8, 0x8, 0xe0, 0xf, 0xe1, 0x0, 0xff, 0xe6,
    0x1c, 0x67, 0xf7, 0x6f, 0xda, 0x61, 0x0, 0xc6,
    0x1, 0xff, 0xca, 0x6d, 0xc7, 0x30, 0xf, 0x12,
    0xcf, 0x51, 0x0, 0x4, 0x3, 0xff, 0x90, 0xbd,
    0x24, 0x1, 0xff, 0xc1, 0x5d, 0x90, 0xf, 0xfe,
    0x4d, 0x50, 0x40, 0x3f, 0xf8, 0xad, 0xa6, 0x20,
    0x1f, 0xfc, 0x41, 0xc5, 0x0, 0xff, 0xe4, 0x16,
    0x8, 0x7, 0xff, 0xc, 0x70, 0xc0, 0x3f, 0xfb,
    0x7a, 0x40, 0x1f, 0xfd, 0xb9, 0x30, 0xf, 0xfe,
    0xda, 0x30, 0x7, 0xff, 0x8, 0xd5, 0x95, 0x4,
    0x3, 0xff, 0x91, 0x20, 0x1f, 0xfc, 0x1, 0x9e,
    0xca, 0x9a, 0xbe, 0xd9, 0x30, 0xf, 0xfe, 0x23,
    0x90, 0x7, 0xfc, 0xdc, 0xc2, 0x1, 0xe2, 0x6c,
    0xc1, 0x80, 0x7f, 0xf0, 0xa4, 0x3, 0xfe, 0x89,
    0x0, 0xff, 0xe0, 0x1e, 0x38, 0x7, 0xff, 0x1,
    0x4, 0x3, 0xfc, 0xce, 0x1, 0xff, 0xc3, 0xc0,
    0xf, 0xfe, 0x7, 0x0, 0x7f, 0x86, 0x40, 0x3f,
    0xfa, 0x2a, 0x1, 0xfe, 0x80, 0xf, 0xfe, 0x89,
    0x0, 0x7f, 0x85, 0x80, 0x3f, 0xfa, 0x28, 0x1,
    0xfe, 0x40, 0xf, 0xfe, 0x97, 0x0, 0x7f, 0xb0,
    0x3, 0xff, 0xa4, 0x40, 0x1f, 0xe2, 0x0, 0xff,
    0xe9, 0x8, 0x7, 0xf9, 0x80, 0x3f, 0xff, 0xe0,
    0x1f, 0xfd, 0xb1, 0x0, 0xff, 0x8, 0x7, 0xff,
    0x75, 0x80, 0x3f, 0xfa, 0x44, 0x1, 0xfe, 0x20,
    0xf, 0xfe, 0x97, 0x0, 0x7f, 0xb0, 0x3, 0xff,
    0xa4, 0xa0, 0x1f, 0xe4, 0x10, 0xf, 0xfe, 0x89,
    0x80, 0x7f, 0xcc, 0x1, 0xff, 0xd2, 0x30, 0xf,
    0xf4, 0x88, 0x7, 0xff, 0x46, 0xc0, 0x3f, 0xc3,
    0x40, 0x1f, 0xfc, 0x48, 0x0, 0xff, 0xe0, 0x30,
    0x7, 0xfc, 0x92, 0x1, 0xff, 0xc1, 0x1c, 0x30,
    0xf, 0xfe, 0x0, 0xa8, 0x7, 0xfc, 0xd6, 0x40,
    0x1f, 0xe6, 0xf3, 0x0, 0xff, 0xe1, 0x48, 0x7,
    0xff, 0x1, 0x36, 0x90, 0x3, 0x8e, 0x3a, 0x44,
    0x3, 0xff, 0x86, 0x6a, 0x1, 0xff, 0xc1, 0x5b,
    0xfe, 0xdf, 0xf6, 0x38, 0x80, 0x7f, 0xf1, 0xac,
    0x40, 0x3f, 0xf8, 0x62, 0x40, 0x1f, 0xfc, 0xb1,
    0xa0, 0xf, 0xfe, 0xea, 0x48, 0x7, 0xff, 0x75,
    0xa4, 0x3, 0xff, 0x96, 0x5a, 0x20, 0x1f, 0xfc,
    0x36, 0xb1, 0x0, 0xff, 0xe4, 0x2e, 0x92, 0x80,
    0x7f, 0xf1, 0x13, 0xd8, 0x3, 0xff, 0x8a, 0x57,
    0x40, 0xc, 0x0, 0xff, 0xe2, 0x8c, 0xf3, 0x88,
    0x7, 0xff, 0x1, 0x2b, 0x50, 0x2, 0x40, 0xf,
    0xfe, 0x38, 0xc7, 0x64, 0xb2, 0x19, 0x10, 0xd5,
    0xef, 0xad, 0x40, 0x38, 0xff, 0xff, 0x30,

    /* U+FF45 "ｅ" */
    0x0, 0xff, 0xe4, 0x11, 0x61, 0x0, 0xff, 0xea,
    0x1b, 0xdf, 0x7e, 0xee, 0xef, 0xda, 0x61, 0x0,
    0xff, 0xe6, 0xb, 0xee, 0x42, 0x8, 0x7, 0xc4,
    0xb3, 0xd8, 0xa0, 0x1f, 0xfc, 0x81, 0x9e, 0x82,
    0x0, 0xff, 0xe1, 0x9d, 0x6a, 0x0, 0x7f, 0xf1,
    0x57, 0xd8, 0x3, 0xff, 0x90, 0x57, 0x20, 0x1f,
    0xfc, 0x3a, 0xa0, 0x80, 0x7f, 0xf2, 0xdb, 0x4,
    0x3, 0xfe, 0x1c, 0x50, 0xf, 0xfe, 0x71, 0xe0,
    0x7, 0xf8, 0x70, 0xc0, 0x3f, 0xfa, 0x5, 0x60,
    0x1f, 0xda, 0x40, 0x1f, 0xfc, 0x21, 0x10, 0x7,
    0xff, 0x9, 0x1c, 0x3, 0xe9, 0x30, 0xf, 0xf8,
    0xa3, 0x7f, 0xb9, 0xfe, 0xc8, 0x20, 0xf, 0xf4,
    0x10, 0x7, 0x1b, 0x0, 0x7f, 0x86, 0x75, 0xc8,
    0x3, 0x8d, 0xf6, 0x40, 0x3f, 0xd0, 0x1, 0xdc,
    0x1, 0xfe, 0x3f, 0x60, 0xf, 0xf9, 0xb0, 0x3,
    0xf9, 0x44, 0x2, 0x52, 0x0, 0xfe, 0x3c, 0x10,
    0xf, 0xfe, 0x9, 0xc8, 0x7, 0xf3, 0x0, 0x50,
    0x1, 0xfe, 0xd0, 0xf, 0xfe, 0x23, 0x10, 0x7,
    0xeb, 0x0, 0x19, 0x0, 0x7f, 0x40, 0x80, 0x7f,
    0xf1, 0x6c, 0x3, 0xf1, 0x88, 0x58, 0x7, 0xf9,
    0xc0, 0x3f, 0xf8, 0xc8, 0x1, 0xfc, 0xa0, 0xa0,
    0x1f, 0xca, 0x1, 0xff, 0xc7, 0x20, 0xf, 0xe3,
    0x2, 0x0, 0xfe, 0x23, 0x3f, 0xfe, 0x40, 0x7,
    0xf7, 0x18, 0x7, 0xf9, 0xf3, 0x3f, 0xf9, 0x0,
    0x1f, 0xc6, 0xc0, 0x1f, 0xfd, 0xc1, 0x30, 0xf,
    0xfe, 0xe8, 0x80, 0x7f, 0xf7, 0x4, 0x40, 0x1f,
    0xfd, 0xc3, 0x30, 0x7, 0xff, 0x73, 0x84, 0x3,
    0xff, 0xb8, 0x6c, 0x1, 0xfe, 0x8f, 0xff, 0xfe,
    0x8a, 0x10, 0x7, 0xfb, 0x40, 0x3f, 0xfa, 0x66,
    0x1, 0xfc, 0x80, 0x1f, 0xfd, 0x34, 0x0, 0xfe,
    0x15, 0x0, 0xff, 0xe9, 0x50, 0x7, 0xfa, 0x0,
    0x3f, 0xfa, 0x44, 0x60, 0x1f, 0xc5, 0x40, 0x1f,
    0xfd, 0x28, 0x0, 0xff, 0x2d, 0x0, 0x7f, 0xf2,
    0x48, 0x3, 0xe4, 0x40, 0x7, 0xf9, 0x74, 0xc0,
    0x3f, 0xf8, 0xab, 0x9a, 0x20, 0x1f, 0x48, 0x7,
    0xfc, 0x59, 0x6a, 0x1, 0xff, 0xc0, 0x49, 0xea,
    0x30, 0x80, 0xf, 0x8a, 0x80, 0x3f, 0xf8, 0x9,
    0x5f, 0x70, 0xca, 0x88, 0x56, 0x9c, 0xfb, 0x61,
    0x0, 0x98, 0x40, 0x3e, 0x56, 0x0, 0xff, 0xe1,
    0x23, 0xcd, 0x5d, 0xaa, 0x58, 0xc0, 0x3f, 0x40,
    0x7, 0xe9, 0x60, 0xf, 0xfe, 0x9b, 0x10, 0x7,
    0xe9, 0x70, 0xf, 0xfe, 0x9c, 0x0, 0x7f, 0x45,
    0x88, 0x7, 0xff, 0x71, 0x3d, 0x80, 0x3f, 0xf9,
    0xc9, 0xb4, 0x1, 0xff, 0xc, 0xeb, 0x0, 0x7f,
    0xf2, 0x45, 0xb2, 0xc8, 0x3, 0xff, 0x84, 0x53,
    0xd2, 0x80, 0x1f, 0xfc, 0x32, 0x6b, 0xe9, 0x30,
    0xf, 0xfe, 0x30, 0xb5, 0xfd, 0xcb, 0x21, 0x91,
    0x46, 0x8d, 0x17, 0xdb, 0x28, 0x1, 0xf8,

    /* U+FF46 "ｆ" */
    0x0, 0xff, 0xe6, 0x92, 0x21, 0x56, 0x43, 0x10,
    0xf, 0xfe, 0x89, 0xc6, 0x7e, 0xdd, 0xaa, 0xab,
    0xce, 0xe5, 0xc2, 0x0, 0x7f, 0xf2, 0xd7, 0x71,
    0xcc, 0x3, 0xfc, 0x28, 0xf7, 0xf6, 0xc0, 0x1f,
    0xfc, 0x62, 0xca, 0x20, 0xf, 0xfe, 0x32, 0x48,
    0x80, 0x7f, 0xf1, 0x17, 0x4c, 0x3, 0xff, 0x92,
    0x62, 0x1, 0xff, 0xc3, 0x6a, 0x0, 0xff, 0xe5,
    0xa0, 0x7, 0xff, 0xd, 0x24, 0x3, 0xff, 0x99,
    0x60, 0x1f, 0xfc, 0x3a, 0x0, 0xff, 0xe6, 0x98,
    0x7, 0xff, 0xa, 0x4, 0x3, 0xff, 0x98, 0xa0,
    0x1f, 0xfc, 0x36, 0x0, 0xff, 0xe0, 0x35, 0x6f,
    0x7f, 0x73, 0x25, 0x8c, 0x1, 0x80, 0x1f, 0xfc,
    0x26, 0x10, 0xf, 0xf2, 0x74, 0xa9, 0x8, 0x8,
    0x8d, 0xa7, 0x3a, 0x5c, 0x3, 0xff, 0x85, 0x80,
    0x1f, 0xe4, 0xb1, 0x0, 0xff, 0x85, 0x84, 0x3,
    0xff, 0x84, 0xa0, 0x1f, 0xea, 0x0, 0xff, 0xe8,
    0x90, 0x7, 0xf9, 0x84, 0x3, 0xff, 0xa2, 0xc0,
    0x1f, 0xec, 0x0, 0xff, 0xe9, 0x8, 0x7, 0xf9,
    0xc0, 0x3f, 0xfa, 0x46, 0x1, 0xfe, 0x30, 0xf,
    0xff, 0xa0, 0x88, 0x8c, 0xc8, 0xaa, 0xc0, 0xf,
    0xf3, 0x37, 0xff, 0x9, 0x40, 0x39, 0x3f, 0xdd,
    0xcd, 0xcc, 0x5d, 0x51, 0x40, 0x3f, 0xd1, 0x33,
    0xff, 0xc1, 0xb0, 0xf, 0xff, 0xf8, 0x7, 0xff,
    0xfc, 0x3, 0xff, 0xfe, 0x1, 0xff, 0xfe, 0x4f,
    0xff, 0xf4, 0x80, 0x7f, 0xbb, 0xff, 0xff, 0x83,
    0xc0, 0x1f, 0xff, 0xf0, 0xf, 0xff, 0xf8, 0x7,
    0xff, 0xfc, 0x3, 0xff, 0xfe, 0x1, 0xff, 0xff,
    0x0, 0xff, 0xff, 0x80, 0x7f, 0xff, 0xc0, 0x3f,
    0xff, 0xe0, 0x1f, 0xff, 0xf0, 0xf, 0xff, 0xf8,
    0x7, 0xff, 0xfc, 0x3, 0xff, 0xfe, 0x1, 0xff,
    0xff, 0x0, 0xff, 0xff, 0x80, 0x7f, 0xff, 0xc0,
    0x3f, 0xff, 0xe0, 0x1f, 0xff, 0xf0, 0xf, 0xfe,
    0xfb, 0x77, 0x7f, 0x84, 0x3, 0xff, 0x8e,

    /* U+FF47 "ｇ" */
    0x0, 0xff, 0xe1, 0x92, 0xbc, 0x4c, 0xa1, 0xd9,
    0x4, 0x3, 0xff, 0xa4, 0xb7, 0xdb, 0x50, 0xec,
    0xc7, 0x89, 0xbe, 0xdb, 0xbf, 0xfe, 0x22, 0x80,
    0x7f, 0xc, 0x7d, 0x20, 0x80, 0x7f, 0xc4, 0x89,
    0xff, 0xc4, 0x20, 0xf, 0xcd, 0xee, 0x1, 0xff,
    0xdc, 0xa9, 0x10, 0xf, 0xfe, 0xe6, 0x28, 0x7,
    0xff, 0x76, 0xcc, 0x3, 0xff, 0xbb, 0x8, 0x1,
    0xff, 0xa, 0xb3, 0x10, 0x40, 0x3f, 0xf9, 0x84,
    0xe0, 0x1f, 0xe3, 0xbe, 0xa9, 0x95, 0xf5, 0x8,
    0x7, 0xff, 0x2a, 0xc0, 0x3f, 0xcd, 0x88, 0x1,
    0xe5, 0xf4, 0x0, 0xfc, 0x3b, 0xdd, 0xf3, 0x80,
    0x4c, 0x1, 0xfc, 0x92, 0x1, 0xfc, 0x36, 0x40,
    0x1f, 0xd, 0x88, 0xfc, 0x1, 0x20, 0x7, 0xfa,
    0x80, 0x3f, 0xf8, 0x1e, 0x1, 0xf9, 0x88, 0x3,
    0xf8, 0xc0, 0x3f, 0x90, 0x40, 0x3f, 0xf8, 0x4,
    0x60, 0x1f, 0x94, 0x3, 0xfb, 0x80, 0x3f, 0xb0,
    0x3, 0xff, 0x84, 0x80, 0x1f, 0xac, 0x3, 0xf8,
    0xc0, 0x3f, 0x88, 0x3, 0xff, 0x85, 0xc0, 0x1f,
    0x88, 0x3, 0xf8, 0x40, 0x3f, 0xfa, 0xa2, 0x1,
    0xfc, 0x20, 0x1f, 0xc4, 0x1, 0xff, 0xc2, 0x10,
    0xf, 0xc2, 0x1, 0xfc, 0x40, 0x1f, 0xda, 0x1,
    0xff, 0xc2, 0xc0, 0xf, 0xc6, 0x1, 0xfd, 0x80,
    0x1f, 0xca, 0x1, 0xff, 0xc1, 0x14, 0x0, 0xfc,
    0xe0, 0x1f, 0xc8, 0x1, 0xfe, 0x80, 0xf, 0xfe,
    0x5, 0x0, 0x7f, 0x60, 0x7, 0xf9, 0xc0, 0x3f,
    0x9d, 0x40, 0x3f, 0xd0, 0x80, 0x1f, 0xce, 0x1,
    0xfe, 0x91, 0x0, 0xfe, 0xa9, 0x0, 0xf8, 0x69,
    0xc0, 0x3f, 0x94, 0x40, 0x3f, 0xc3, 0x60, 0x1f,
    0xe6, 0xf9, 0x64, 0x43, 0x57, 0x28, 0x7, 0xfa,
    0xc0, 0x3f, 0xf8, 0xa, 0xc0, 0x1f, 0xf3, 0x4d,
    0xda, 0x54, 0x3, 0xfe, 0x91, 0x0, 0xff, 0xe0,
    0xcb, 0x0, 0x7f, 0xf3, 0x9d, 0x80, 0x3f, 0xf8,
    0x72, 0xe0, 0x1f, 0xfc, 0xc9, 0x80, 0xf, 0xfe,
    0x21, 0x28, 0x7, 0xff, 0x28, 0xf1, 0x80, 0x3f,
    0xf8, 0x87, 0x84, 0x1, 0xff, 0xc8, 0x4b, 0xc3,
    0x0, 0xff, 0xe2, 0x16, 0x88, 0x7, 0x15, 0xba,
    0x8, 0x7, 0xc4, 0xd3, 0xd6, 0x80, 0x1f, 0xfc,
    0x6f, 0x10, 0xe, 0x2c, 0x48, 0xbe, 0xfe, 0xdd,
    0xbb, 0xf6, 0x58, 0x40, 0x3f, 0xf8, 0xf0, 0x40,
    0x1e, 0x81, 0x0, 0xe1, 0x22, 0x84, 0x3, 0xff,
    0x98, 0xe0, 0x1f, 0x38, 0x7, 0xff, 0x59, 0x0,
    0x3f, 0x30, 0x7, 0xff, 0x58, 0x40, 0x3f, 0x48,
    0x80, 0x7f, 0xf5, 0x44, 0x3, 0xf1, 0x7c, 0x20,
    0x80, 0x7f, 0xf4, 0x94, 0x3, 0xf8, 0x5e, 0xfb,
    0xff, 0xfe, 0xee, 0x6e, 0x5c, 0x31, 0x80, 0x7f,
    0xc2, 0x60, 0x1f, 0xfc, 0xb1, 0x11, 0x1a, 0x3c,
    0xe7, 0x52, 0x0, 0x7f, 0x40, 0x7, 0xff, 0x4c,
    0x56, 0xf5, 0x0, 0x3e, 0x49, 0x0, 0xff, 0xea,
    0x95, 0xb8, 0x7, 0xcd, 0x20, 0x1f, 0xfd, 0x68,
    0x60, 0xf, 0x9a, 0x40, 0x3f, 0xfa, 0xd2, 0x40,
    0x1c, 0x35, 0x20, 0x1f, 0xfd, 0x7a, 0x0, 0xc7,
    0xea, 0x1, 0xe2, 0x10, 0xf, 0xfe, 0x82, 0x80,
    0x47, 0x82, 0x1, 0xe8, 0xde, 0xfd, 0xcc, 0xae,
    0xff, 0x54, 0xb1, 0x80, 0x7f, 0xc4, 0x0, 0x1d,
    0x0, 0xfa, 0xdc, 0x2, 0x23, 0x39, 0x13, 0xf2,
    0xb4, 0xe6, 0x90, 0x7, 0xf8, 0x82, 0x84, 0x3,
    0xcc, 0x80, 0x1f, 0xfc, 0x82, 0xe0, 0xf, 0xf8,
    0x90, 0x3, 0xea, 0x0, 0xff, 0xe5, 0x18, 0x7,
    0xf8, 0x94, 0x3, 0xf1, 0x0, 0x7f, 0xf5, 0x4,
    0x38, 0x3, 0xf1, 0x0, 0x7f, 0xf2, 0x98, 0x3,
    0xf9, 0xc0, 0x3f, 0xd0, 0x1, 0xff, 0xc9, 0x38,
    0x0, 0xfe, 0xa0, 0x10, 0xf, 0xc9, 0x20, 0x1f,
    0xfc, 0x76, 0xc1, 0x0, 0xfc, 0x86, 0x18, 0x1,
    0xfc, 0xdc, 0xc2, 0x1, 0xff, 0xc2, 0x6d, 0x90,
    0xf, 0xe1, 0xa0, 0x2, 0x10, 0x7, 0xf0, 0xcf,
    0x64, 0xb2, 0x19, 0x14, 0x68, 0xb3, 0x9f, 0x24,
    0x1, 0xfe, 0xa1, 0x0, 0xa0, 0x3, 0xff, 0x80,
    0x6d, 0x37, 0x9b, 0xb6, 0x5d, 0x31, 0x80, 0x7f,
    0xf0, 0x2d, 0x0, 0x32, 0xb8, 0x7, 0xff, 0x58,
    0xb1, 0x0, 0x3d, 0x10, 0x0, 0xff, 0xea, 0x36,
    0x98, 0x7, 0xe7, 0xc2, 0x0, 0xff, 0xe8, 0x2e,
    0xc8, 0x7, 0xfc, 0x7b, 0x46, 0x1, 0xff, 0xcb,
    0x28, 0xea, 0x20, 0xf, 0xfe, 0x12, 0xe7, 0x4a,
    0x90, 0x7, 0xff, 0xc, 0x96, 0x77, 0x4e, 0x20,
    0x1f, 0xfc, 0x61, 0x6a, 0xdf, 0xdb, 0x98, 0x77,
    0xd1, 0x9, 0xbd, 0xfd, 0xa6, 0x20, 0xf, 0xfe,
    0x8,

    /* U+FF48 "ｈ" */
    0x8, 0x8f, 0xf1, 0x80, 0x7f, 0xf4, 0x5, 0xdf,
    0xfc, 0x80, 0x1f, 0xff, 0xf0, 0xf, 0xff, 0xf8,
    0x7, 0xff, 0xfc, 0x3, 0xff, 0xfe, 0x1, 0xff,
    0xff, 0x0, 0xff, 0xff, 0x80, 0x7f, 0xfe, 0x44,
    0x3, 0xff, 0xfe, 0x1, 0x8c, 0x3, 0xfe, 0x24,
    0x4c, 0x40, 0x1f, 0xfc, 0xa1, 0x0, 0xf9, 0x6b,
    0xbf, 0x6e, 0xf6, 0xfd, 0xb0, 0x7, 0xff, 0x1d,
    0xc0, 0x30, 0xcf, 0xd2, 0x88, 0x7, 0xe4, 0x9e,
    0x60, 0xf, 0xfe, 0x28, 0x80, 0x4f, 0xcc, 0x1,
    0xff, 0xc2, 0x19, 0xb0, 0xf, 0xfe, 0x21, 0x82,
    0x74, 0x0, 0x7f, 0xf1, 0x93, 0x0, 0x3f, 0xf8,
    0x91, 0x62, 0x1, 0xff, 0xc8, 0x39, 0x0, 0xff,
    0xe1, 0x6b, 0x80, 0x7f, 0xf2, 0xd9, 0x0, 0x3f,
    0xf8, 0x26, 0x1, 0xff, 0xcd, 0x90, 0xf, 0xfe,
    0xd9, 0x18, 0x7, 0xff, 0x24, 0xce, 0x10, 0xf,
    0xfe, 0x14, 0x80, 0x7f, 0xf1, 0x4a, 0x37, 0xf3,
    0x2e, 0xd8, 0x10, 0xf, 0xf9, 0x0, 0x3f, 0xf8,
    0x63, 0x5a, 0xe4, 0x1, 0xc4, 0xfe, 0x40, 0x1f,
    0xe1, 0x10, 0x7, 0xff, 0x5, 0x79, 0x40, 0x3f,
    0xc3, 0xc0, 0x1f, 0xf2, 0x80, 0x7f, 0xf0, 0x26,
    0x80, 0x3f, 0xf8, 0x26, 0xa0, 0x1f, 0xe3, 0x0,
    0xff, 0xa1, 0x80, 0x3f, 0xf8, 0x7e, 0x1, 0xfe,
    0xf0, 0xf, 0xfe, 0x82, 0x0, 0x7f, 0x84, 0x3,
    0xff, 0xa0, 0x20, 0x1f, 0xe3, 0x0, 0xff, 0xfc,
    0x88, 0x7, 0xff, 0xfc, 0x3, 0xff, 0xfe, 0x1,
    0xff, 0xff, 0x0, 0xff, 0xff, 0x80, 0x7f, 0xff,
    0xc0, 0x3f, 0xff, 0xe0, 0x1f, 0xff, 0xf0, 0xf,
    0xff, 0xf8, 0x7, 0xff, 0xfc, 0x3, 0xff, 0xfe,
    0x1, 0xff, 0xff, 0x0, 0xff, 0xff, 0x80, 0x7f,
    0xf4, 0x80,

    /* U+FF49 "ｉ" */
    0x0, 0xc4, 0xd1, 0x6, 0x20, 0xf, 0x16, 0x6c,
    0xbb, 0xa7, 0x70, 0x80, 0x23, 0xd3, 0x0, 0xf1,
    0xe9, 0x80, 0x34, 0x3, 0xfd, 0xa0, 0xc2, 0x1,
    0xfe, 0x16, 0xc0, 0xf, 0xfe, 0x6, 0x8, 0x7,
    0xff, 0x0, 0x40, 0x3f, 0xf8, 0x46, 0x1, 0xff,
    0xc0, 0x3a, 0x0, 0xff, 0xe0, 0x51, 0x38, 0x7,
    0xf9, 0xc8, 0x21, 0xc0, 0x3f, 0x3c, 0x0, 0x51,
    0xac, 0x40, 0x2, 0x6d, 0x80, 0xe, 0x29, 0xdf,
    0xf6, 0xc9, 0x0, 0x7f, 0xff, 0x85, 0xdf, 0xfc,
    0x60, 0x5, 0x88, 0xff, 0x20, 0x7, 0xff, 0xfc,
    0x3, 0xff, 0xfe, 0x1, 0xff, 0xff, 0x0, 0xff,
    0xff, 0x80, 0x7f, 0xff, 0xc0, 0x3f, 0xff, 0xe0,
    0x1f, 0xff, 0xf0, 0xf, 0xfe, 0x50,

    /* U+FF4B "ｋ" */
    0x78, 0x8f, 0xe3, 0x0, 0xff, 0xe9, 0x4b, 0xbf,
    0xf2, 0x80, 0x7f, 0xff, 0xc0, 0x3f, 0xff, 0xe0,
    0x1f, 0xff, 0xf0, 0xf, 0xff, 0xf8, 0x7, 0xff,
    0xfc, 0x3, 0xff, 0xfe, 0x1, 0xff, 0xff, 0x0,
    0xff, 0xff, 0x80, 0x7f, 0xff, 0x9, 0x57, 0xfc,
    0x80, 0x1f, 0xfd, 0x3, 0xda, 0xaf, 0xf1, 0x80,
    0x7f, 0xf3, 0xcf, 0x0, 0x3f, 0xd0, 0xe0, 0x1f,
    0xfc, 0xe3, 0xd0, 0xf, 0xf3, 0xb8, 0x3, 0xff,
    0x9c, 0x5a, 0x20, 0x1f, 0xcd, 0x0, 0x1f, 0xfc,
    0xe2, 0xc1, 0x0, 0xfe, 0x69, 0x0, 0xff, 0xe7,
    0x16, 0x8, 0x7, 0xf2, 0xc8, 0x7, 0xff, 0x38,
    0x7c, 0x40, 0x3f, 0x96, 0x80, 0x3f, 0xf9, 0xc3,
    0x84, 0x1, 0xfc, 0xb4, 0x1, 0xff, 0xce, 0x1c,
    0x20, 0xf, 0xe4, 0xa0, 0xf, 0xfe, 0x70, 0xe9,
    0x0, 0x7f, 0x25, 0x80, 0x7f, 0xf3, 0xf4, 0xc0,
    0x3f, 0x8e, 0xc0, 0x3f, 0xf9, 0xf8, 0x60, 0x1f,
    0xc7, 0x80, 0x1f, 0xfc, 0xfb, 0x30, 0xf, 0xe3,
    0xd0, 0xf, 0xfe, 0x7d, 0xa0, 0x7, 0xf1, 0x68,
    0x80, 0x7f, 0xf3, 0xa9, 0x0, 0x3f, 0x8b, 0x4,
    0x3, 0xff, 0x9d, 0x4a, 0x1, 0xfc, 0x58, 0x20,
    0x1f, 0xfc, 0xe9, 0x50, 0xf, 0xf3, 0x8, 0x7,
    0xff, 0x3a, 0x18, 0x3, 0xfe, 0x46, 0x0, 0xff,
    0xe7, 0x8, 0x7, 0xff, 0x6, 0x4c, 0x3, 0xff,
    0xb9, 0xc0, 0x1f, 0xfd, 0xc2, 0xa0, 0xf, 0xfe,
    0xe2, 0xa8, 0x3, 0xff, 0xb9, 0x44, 0x1, 0xff,
    0xd0, 0x66, 0x0, 0x7f, 0xb8, 0x3, 0xff, 0x9e,
    0xd3, 0x22, 0x0, 0xfe, 0x38, 0x0, 0xff, 0xe6,
    0xb4, 0x80, 0x3c, 0x3, 0xfc, 0xe8, 0x1, 0xff,
    0xcb, 0x59, 0x0, 0x8a, 0x0, 0x3f, 0xd4, 0x20,
    0x1f, 0xfc, 0x95, 0xa0, 0xe, 0x74, 0x0, 0xfe,
    0x1a, 0x0, 0xff, 0xe4, 0x2d, 0x0, 0x7d, 0x42,
    0x1, 0xfc, 0x8e, 0x1, 0xff, 0xc6, 0x4a, 0x0,
    0xfc, 0x34, 0x1, 0xfe, 0x83, 0x0, 0xff, 0xe2,
    0xe8, 0x7, 0xf9, 0x18, 0x3, 0xfd, 0xa2, 0x1,
    0xff, 0xd0, 0x92, 0x0, 0xfe, 0x1b, 0x0, 0xff,
    0xe8, 0xf8, 0x7, 0xf9, 0x58, 0x3, 0xff, 0xa0,
    0x52, 0x1, 0xfe, 0x92, 0x0, 0xff, 0xe8, 0x32,
    0x0, 0x7f, 0xbc, 0x3, 0xff, 0xa3, 0x42, 0x1,
    0xfc, 0x52, 0x1, 0xff, 0xd0, 0x1a, 0x0, 0xff,
    0x32, 0x80, 0x7f, 0xf4, 0x11, 0xc0, 0x3f, 0xd4,
    0x40, 0x1f, 0xfd, 0x8, 0x20, 0xf, 0xf7, 0x0,
    0x7f, 0xf4, 0x7c, 0x3, 0xfc, 0x70,

    /* U+FF4C "ｌ" */
    0x78, 0x8f, 0xe6, 0x0, 0xff, 0xe2, 0x4b, 0xbf,
    0xf5, 0x0, 0x7f, 0xff, 0xc0, 0x3f, 0xff, 0xe0,
    0x1f, 0xff, 0xf0, 0xf, 0xff, 0xf8, 0x7, 0xff,
    0xfc, 0x3, 0xff, 0xfe, 0x1, 0xff, 0xff, 0x0,
    0xff, 0xff, 0x80, 0x7f, 0xff, 0xc0, 0x3f, 0xff,
    0xe0, 0x1f, 0xff, 0xf0, 0xf, 0xff, 0xf8, 0x7,
    0xff, 0xfc, 0x3, 0xff, 0xfe, 0x1, 0xff, 0xfd,
    0x30, 0xf, 0xe1, 0x0, 0xff, 0xe2, 0x8, 0x7,
    0xf1, 0x80, 0x7f, 0xf1, 0x1c, 0x3, 0xf8, 0x40,
    0x3f, 0xf8, 0x84, 0x1, 0xfe, 0x50, 0xf, 0xfe,
    0x1f, 0x80, 0x7f, 0xa4, 0x3, 0xff, 0x86, 0x80,
    0x1f, 0xe3, 0xa0, 0xf, 0xf8, 0x40, 0x4, 0x20,
    0x1f, 0xe5, 0xd5, 0x0, 0xf2, 0x47, 0x58, 0x5,
    0x20, 0x1f, 0xf1, 0x57, 0xe5, 0xdb, 0x7e, 0xdc,
    0x50, 0x2, 0x60, 0xf, 0xfe, 0x11, 0xa2, 0x8,
    0x3, 0x9, 0x80, 0x5, 0xc0, 0x3f, 0xf9, 0x56,
    0x1, 0x41, 0x80, 0x7f, 0xf2, 0x54, 0x3, 0x70,
    0x80, 0x7f, 0xf2, 0x8, 0x80, 0x11, 0x60, 0x80,
    0x7f, 0xf2, 0x14, 0x3, 0x17, 0xa8, 0x7, 0xff,
    0x1f, 0x40, 0x38, 0x6a, 0xd0, 0x3, 0xff, 0x84,
    0x93, 0xd4, 0x1, 0xf2, 0x5f, 0x53, 0xa1, 0x91,
    0x46, 0x8d, 0x39, 0xf6, 0xc2, 0x0,

    /* U+FF4D "ｍ" */
    0x0, 0xff, 0xe5, 0x11, 0xa2, 0xc, 0x80, 0x3f,
    0xf9, 0x22, 0x68, 0xa8, 0x40, 0x1f, 0xf1, 0xbb,
    0xfe, 0x10, 0xf, 0xc7, 0x1b, 0xfb, 0x97, 0x6c,
    0xdf, 0xc7, 0x10, 0xf, 0xfe, 0x12, 0xd7, 0x73,
    0x2e, 0xaf, 0x7f, 0x60, 0x80, 0x3e, 0x48, 0x8f,
    0xc8, 0x1, 0xe3, 0xbc, 0x72, 0x0, 0xfc, 0x71,
    0xd0, 0x1, 0xff, 0x37, 0x52, 0x88, 0x7, 0xc4,
    0xfb, 0x42, 0x1, 0xff, 0xc2, 0x20, 0xc, 0x35,
    0x88, 0x1, 0xff, 0xc2, 0x7d, 0x20, 0xf, 0x8f,
    0x24, 0x40, 0x3f, 0xf8, 0x2b, 0xe4, 0x1, 0xff,
    0xc1, 0xe0, 0x9, 0xbd, 0x40, 0x3f, 0xf8, 0xa5,
    0x84, 0x1, 0xd1, 0x86, 0x1, 0xff, 0xc4, 0x1c,
    0x20, 0xf, 0xfe, 0x1, 0x0, 0x2a, 0x44, 0x3,
    0xff, 0x8e, 0x3e, 0x20, 0x1, 0xc7, 0x0, 0xff,
    0xe3, 0x8f, 0x0, 0x7f, 0xf0, 0x18, 0xb5, 0x40,
    0x3f, 0xf9, 0x45, 0x60, 0x7e, 0x60, 0x1f, 0xfc,
    0x93, 0x50, 0xf, 0xf8, 0xb4, 0x80, 0x3f, 0xf9,
    0x8b, 0x38, 0x20, 0x1f, 0xfc, 0xb8, 0x0, 0xff,
    0xed, 0xb0, 0x7, 0xff, 0x34, 0x8c, 0x3, 0xff,
    0x90, 0x46, 0x61, 0x0, 0xff, 0xe5, 0x89, 0x98,
    0x80, 0x3f, 0xf8, 0x54, 0x1, 0xff, 0xc5, 0x4a,
    0xfd, 0xcc, 0x77, 0x1c, 0x3, 0xff, 0x8c, 0x53,
    0xdc, 0xcc, 0x6f, 0x40, 0x80, 0x7f, 0xc8, 0x1,
    0xff, 0xc3, 0x4d, 0xb5, 0x0, 0xe1, 0x8d, 0x10,
    0xf, 0xfe, 0x10, 0xd6, 0xb0, 0x80, 0x61, 0x7c,
    0x20, 0xf, 0xf1, 0x0, 0x7f, 0xf0, 0x46, 0xac,
    0x80, 0x3f, 0x8a, 0x80, 0x3f, 0xf8, 0x2b, 0xca,
    0x1, 0xfc, 0x5c, 0x1, 0xff, 0x18, 0x7, 0xfc,
    0x58, 0xa0, 0x1f, 0xfc, 0x4, 0x30, 0xf, 0xfa,
    0x28, 0x3, 0xff, 0x80, 0x68, 0x1, 0xfe, 0x50,
    0xf, 0xfb, 0x8, 0x3, 0xff, 0x85, 0x60, 0x1f,
    0xe6, 0x70, 0xf, 0xfe, 0x17, 0x0, 0x7f, 0x84,
    0x3, 0xff, 0x9e, 0x60, 0x1f, 0xfc, 0xe7, 0x0,
    0xff, 0x78, 0x7, 0xff, 0x3d, 0x80, 0x3f, 0xf9,
    0xc4, 0x1, 0xff, 0xda, 0x30, 0xf, 0xfe, 0xc8,
    0x80, 0x7f, 0xff, 0xc0, 0x3f, 0xff, 0xe0, 0x1f,
    0xff, 0xf0, 0xf, 0xff, 0xf8, 0x7, 0xff, 0xfc,
    0x3, 0xff, 0xfe, 0x1, 0xff, 0xff, 0x0, 0xff,
    0xff, 0x80, 0x7f, 0xff, 0xc0, 0x3f, 0xff, 0xe0,
    0x1f, 0xff, 0xf0, 0xf, 0xff, 0xf8, 0x7, 0xff,
    0xfc, 0x3, 0xff, 0xfe, 0x1, 0xff, 0xff, 0x0,
    0xff, 0xff, 0x80, 0x7f, 0xff, 0xc0, 0x3f, 0xff,
    0xe0, 0x1f, 0xff, 0xf0, 0xf, 0xff, 0xf8, 0x7,
    0xff, 0xfc, 0x3, 0xf8,

    /* U+FF4E "ｎ" */
    0x0, 0xff, 0xe5, 0x9a, 0x26, 0x20, 0xf, 0xfe,
    0x3, 0xbf, 0xe2, 0x0, 0xfe, 0x5a, 0xef, 0xcb,
    0xbd, 0xbf, 0x8e, 0x20, 0x1f, 0xc, 0x47, 0xe5,
    0x0, 0xf0, 0xc7, 0x52, 0x88, 0x7, 0xe3, 0x8e,
    0x80, 0xf, 0xfe, 0x1e, 0x80, 0x73, 0x7b, 0x88,
    0x7, 0xff, 0x9, 0xf4, 0x80, 0x3f, 0xf8, 0x2c,
    0x1, 0x1e, 0xc8, 0x80, 0x7f, 0xf1, 0x4b, 0x8,
    0x3, 0xff, 0x80, 0x60, 0x7, 0xc2, 0x0, 0xff,
    0xe4, 0xf, 0x0, 0x7f, 0xf0, 0x4e, 0xe0, 0x3,
    0xff, 0x96, 0x6e, 0x1, 0xff, 0xc0, 0xc4, 0x0,
    0xff, 0xe6, 0xc0, 0x80, 0x7f, 0xf6, 0xd8, 0x3,
    0xff, 0x90, 0x26, 0x62, 0x0, 0xff, 0xe1, 0xd0,
    0x7, 0xff, 0x14, 0xe7, 0xb9, 0x98, 0xdf, 0xc5,
    0x0, 0xff, 0xe0, 0x11, 0x0, 0x3f, 0xf8, 0x45,
    0x78, 0xc2, 0x1, 0xc7, 0x54, 0x0, 0xff, 0xe0,
    0x38, 0x7, 0xff, 0x5, 0xb5, 0x0, 0x3f, 0xcb,
    0x0, 0x1f, 0xf6, 0x80, 0x7f, 0xf0, 0x2a, 0x40,
    0x3f, 0xf8, 0x2e, 0x20, 0x1f, 0xe3, 0x0, 0xff,
    0xa5, 0x40, 0x3f, 0xf8, 0x6e, 0x1, 0xfe, 0x70,
    0xf, 0xf8, 0xc0, 0x3f, 0xf8, 0x9e, 0x1, 0xfe,
    0x10, 0xf, 0xfe, 0x81, 0x0, 0x7f, 0x8c, 0x3,
    0xff, 0xa0, 0xe0, 0x1f, 0xfd, 0xb1, 0x0, 0xff,
    0xff, 0x80, 0x7f, 0xff, 0xc0, 0x3f, 0xff, 0xe0,
    0x1f, 0xff, 0xf0, 0xf, 0xff, 0xf8, 0x7, 0xff,
    0xfc, 0x3, 0xff, 0xfe, 0x1, 0xff, 0xff, 0x0,
    0xff, 0xff, 0x80, 0x7f, 0xff, 0xc0, 0x3f, 0xff,
    0xe0, 0x1f, 0xff, 0xf0, 0xf, 0xfe, 0x98,

    /* U+FF4F "ｏ" */
    0x0, 0xff, 0xe4, 0x8, 0x88, 0x40, 0x3f, 0xfa,
    0xe4, 0xd5, 0xbf, 0xdc, 0xde, 0xfe, 0xb8, 0x40,
    0xf, 0xfe, 0x83, 0x6e, 0xa5, 0x48, 0x3, 0xc2,
    0x8f, 0x7f, 0x46, 0x1, 0xff, 0xcb, 0x8f, 0x92,
    0x0, 0xff, 0xe1, 0xae, 0x60, 0xc0, 0x3f, 0xf8,
    0xe9, 0xce, 0x1, 0xff, 0xc8, 0x3c, 0xa1, 0x0,
    0xff, 0xe2, 0x4d, 0x88, 0x7, 0xff, 0x2d, 0x7c,
    0xc0, 0x3f, 0xf8, 0x56, 0xc0, 0x1f, 0xfc, 0xe1,
    0xc5, 0x0, 0xff, 0xe0, 0x62, 0x0, 0x7f, 0xf4,
    0x69, 0x40, 0x3f, 0xd4, 0x60, 0x1f, 0xfd, 0x3a,
    0x30, 0xf, 0xce, 0xa0, 0x1f, 0xfc, 0x11, 0x45,
    0x65, 0x30, 0xf, 0xfe, 0x16, 0x80, 0x7c, 0x50,
    0x1, 0xff, 0xc0, 0x6c, 0xeb, 0xa9, 0xac, 0xf9,
    0x20, 0xf, 0xf8, 0x64, 0x3, 0xd2, 0x1, 0xff,
    0x16, 0xc9, 0x80, 0x7c, 0xda, 0xe0, 0x1f, 0xf3,
    0x18, 0x6, 0x34, 0x0, 0xff, 0x16, 0x10, 0x7,
    0xfd, 0x12, 0x1, 0xff, 0x40, 0x6, 0x90, 0xf,
    0xfb, 0xc4, 0x3, 0xff, 0x82, 0xcc, 0x0, 0xff,
    0x21, 0x0, 0x5, 0x40, 0x3f, 0xd0, 0x40, 0x1f,
    0xfc, 0x39, 0x10, 0xf, 0xf5, 0x0, 0x1c, 0x3,
    0xfc, 0x2e, 0x1, 0xff, 0xc5, 0x90, 0xf, 0xf2,
    0x80, 0x30, 0x3, 0xfc, 0xc0, 0x1f, 0xfc, 0x66,
    0x0, 0xff, 0x10, 0x83, 0x80, 0x7f, 0xb0, 0x3,
    0xff, 0x8c, 0x26, 0x1, 0xfe, 0x40, 0x20, 0xf,
    0xf2, 0x0, 0x7f, 0xf1, 0xd0, 0x3, 0xfc, 0x42,
    0x1, 0xfe, 0x10, 0xf, 0xfe, 0x47, 0x0, 0x7f,
    0xb8, 0xc0, 0x3f, 0xc4, 0x1, 0xff, 0xc8, 0x20,
    0xf, 0xf1, 0x88, 0x7, 0xf9, 0xc0, 0x3f, 0xfa,
    0x62, 0x1, 0xff, 0xe0, 0x10, 0xf, 0xf3, 0x80,
    0x7f, 0xf4, 0xc4, 0xc0, 0x3f, 0xc4, 0x1, 0xff,
    0xc8, 0x20, 0xf, 0xf1, 0x88, 0x7, 0xf8, 0x44,
    0x1, 0xff, 0xc7, 0xf0, 0xf, 0xf7, 0x81, 0x80,
    0x7f, 0x94, 0x3, 0xff, 0x8e, 0x80, 0x1f, 0xe2,
    0x4, 0x0, 0xff, 0x70, 0x7, 0xff, 0x18, 0x88,
    0x1, 0xfe, 0x40, 0xc0, 0xf, 0xf2, 0x88, 0x7,
    0xff, 0x16, 0x80, 0x3f, 0xc6, 0x0, 0x41, 0x0,
    0xff, 0x48, 0x7, 0xff, 0x10, 0x5c, 0x3, 0xfd,
    0x40, 0x13, 0x0, 0x7f, 0x9c, 0xc0, 0x3f, 0xf8,
    0x74, 0x1, 0xff, 0x30, 0x5, 0x20, 0x1f, 0xf6,
    0x98, 0x7, 0xff, 0x6, 0x90, 0x3, 0xfc, 0xe0,
    0x18, 0x5c, 0x3, 0xfc, 0x38, 0xc0, 0x1f, 0xe2,
    0xc5, 0x0, 0xff, 0xc, 0x80, 0x74, 0x10, 0x7,
    0xfd, 0x3a, 0xe4, 0x1, 0xc9, 0x5a, 0x60, 0x1f,
    0xf4, 0x8, 0x7, 0xb8, 0x3, 0xff, 0x80, 0x51,
    0xbf, 0xdb, 0xdf, 0x6a, 0x1, 0xff, 0xc0, 0x46,
    0x0, 0xf8, 0xe4, 0x3, 0xff, 0x86, 0x24, 0x20,
    0x1f, 0xfc, 0x22, 0xb0, 0xf, 0xe6, 0x70, 0xf,
    0xfe, 0x91, 0x60, 0x7, 0xfd, 0x10, 0x0, 0xff,
    0xe8, 0x16, 0x8, 0x7, 0xff, 0x1, 0xec, 0x40,
    0x3f, 0xf9, 0xab, 0xa2, 0x1, 0xff, 0xc2, 0x4f,
    0x50, 0xf, 0xfe, 0x50, 0xd5, 0x0, 0x3f, 0xf8,
    0xa3, 0x58, 0x80, 0x1f, 0xfc, 0x61, 0x8e, 0x50,
    0xf, 0xfe, 0x41, 0xde, 0xb9, 0x0, 0x7f, 0xf0,
    0x52, 0xb9, 0xc0, 0x3f, 0xf9, 0x85, 0x1b, 0xaa,
    0x75, 0x32, 0x21, 0xa3, 0x45, 0xfd, 0xa8, 0x7,
    0xff, 0x4,

    /* U+FF50 "ｐ" */
    0x0, 0xff, 0xe5, 0x88, 0x80, 0x3f, 0xf8, 0xa2,
    0x89, 0xf8, 0x40, 0x3f, 0x13, 0xde, 0xff, 0x73,
    0xfd, 0xb6, 0xe4, 0x1, 0xff, 0x3d, 0xdf, 0xe7,
    0x0, 0xf3, 0x6e, 0xa1, 0x8, 0x3, 0x89, 0x23,
    0x74, 0xa0, 0x1f, 0xfc, 0x6e, 0x0, 0xcf, 0xd2,
    0x40, 0x1f, 0xfc, 0x12, 0xac, 0x20, 0xf, 0xfe,
    0x21, 0x80, 0x1b, 0xa0, 0x40, 0x3f, 0xf8, 0xa7,
    0xaa, 0x1, 0xff, 0xc3, 0x52, 0xb9, 0x10, 0xf,
    0xfe, 0x4d, 0x28, 0x7, 0xff, 0x8, 0x75, 0x0,
    0x3f, 0xf9, 0x94, 0x80, 0x1f, 0xfd, 0xda, 0x10,
    0xf, 0xfe, 0xe0, 0xc0, 0x7, 0xff, 0x24, 0x51,
    0x59, 0x48, 0x3, 0xff, 0x84, 0xc4, 0x1, 0xff,
    0xc5, 0x28, 0xde, 0xba, 0x9a, 0xde, 0x81, 0x0,
    0xff, 0xe0, 0x40, 0x7, 0xff, 0xc, 0x6b, 0x5c,
    0x80, 0x3c, 0x2f, 0xe6, 0x1, 0xff, 0x28, 0x80,
    0x7f, 0xf0, 0x5b, 0x94, 0x3, 0xfe, 0x1c, 0x30,
    0xf, 0xf9, 0xc0, 0x3f, 0xf8, 0x11, 0x20, 0x1f,
    0xfc, 0x3d, 0x0, 0xff, 0xb4, 0x3, 0xff, 0x80,
    0xa0, 0x1f, 0xfc, 0x41, 0x70, 0xf, 0xf2, 0x80,
    0x7f, 0xf4, 0xa8, 0x3, 0xfc, 0x24, 0x1, 0xff,
    0xd1, 0x22, 0x0, 0x7f, 0x9c, 0x3, 0xff, 0xa4,
    0x80, 0x1f, 0xe2, 0x0, 0xff, 0xe9, 0x78, 0x7,
    0xfb, 0xc0, 0x3f, 0xfa, 0x44, 0x1, 0xfe, 0x10,
    0xf, 0xfe, 0x93, 0x80, 0x7f, 0x8c, 0x3, 0xff,
    0xfe, 0x1, 0xf8, 0xc0, 0x3f, 0xfa, 0x4e, 0x1,
    0xff, 0xdd, 0x20, 0xf, 0xf0, 0x80, 0x7f, 0xf4,
    0xbc, 0x3, 0xfd, 0xc0, 0x1f, 0xfd, 0x24, 0x0,
    0xff, 0x28, 0x7, 0xff, 0x44, 0x88, 0x1, 0xfe,
    0x20, 0xf, 0xfe, 0x8d, 0x0, 0x7f, 0x88, 0x40,
    0x3f, 0xfa, 0x2, 0xe0, 0x1f, 0xe5, 0x0, 0xff,
    0xe8, 0xd0, 0x7, 0xfd, 0x60, 0x1f, 0xfc, 0x8,
    0x0, 0xff, 0xe1, 0xc2, 0x0, 0x7f, 0x88, 0xc0,
    0x3f, 0xf8, 0xb, 0xca, 0x1, 0xff, 0xc0, 0xa7,
    0x0, 0xff, 0xac, 0x3, 0xff, 0x84, 0x35, 0xae,
    0x60, 0x1e, 0x17, 0xe5, 0x0, 0xff, 0x89, 0x80,
    0x3f, 0xf8, 0x85, 0x19, 0xf9, 0x75, 0x7b, 0xd0,
    0x20, 0x1f, 0xfc, 0x9, 0x0, 0xff, 0xe4, 0x9a,
    0x2a, 0x10, 0x7, 0xff, 0x9, 0x50, 0x3, 0xff,
    0xb6, 0x54, 0x1, 0xff, 0xdb, 0x1f, 0x0, 0xff,
    0xed, 0x8e, 0x10, 0x7, 0xff, 0xc, 0xa0, 0x3,
    0xff, 0x92, 0x9e, 0x40, 0x1f, 0xfc, 0x43, 0x7d,
    0x40, 0xf, 0xfe, 0x28, 0xcd, 0x88, 0x7, 0xff,
    0x14, 0x40, 0xae, 0xc8, 0x1, 0xff, 0xc1, 0x18,
    0xe6, 0x0, 0xff, 0xe5, 0xa5, 0xf4, 0xb1, 0x80,
    0x70, 0xa3, 0xe7, 0x38, 0x7, 0xff, 0x28, 0x40,
    0x30, 0xb4, 0xe7, 0xfb, 0xbf, 0xdd, 0x70, 0x60,
    0x1f, 0xfd, 0x71, 0x0, 0xff, 0xe9, 0x18, 0x7,
    0xff, 0xfc, 0x3, 0xff, 0xfe, 0x1, 0xff, 0xff,
    0x0, 0xff, 0xff, 0x80, 0x7f, 0xff, 0xc0, 0x3f,
    0xff, 0xe0, 0x1f, 0xfd, 0xe2, 0x44, 0xff, 0x18,
    0x7, 0xff, 0x48,

    /* U+FF51 "ｑ" */
    0x0, 0xff, 0xe3, 0x8, 0x80, 0x3f, 0xfa, 0xe4,
    0xf7, 0xdf, 0xdc, 0xff, 0x64, 0xa8, 0x7, 0xe3,
    0x44, 0xf8, 0x40, 0x3f, 0xe5, 0xcd, 0x84, 0x10,
    0xe, 0x36, 0xaf, 0x92, 0x0, 0xed, 0xbb, 0xf9,
    0xc0, 0x3f, 0x8f, 0x28, 0xc0, 0x3f, 0xf8, 0x2d,
    0xb2, 0x1, 0x10, 0x80, 0x7f, 0xf1, 0x1f, 0xc,
    0x3, 0xff, 0x8a, 0xdc, 0x60, 0x80, 0x1f, 0xfc,
    0x4b, 0x80, 0xf, 0xfe, 0x40, 0xe3, 0xe0, 0x7,
    0xff, 0xf, 0x10, 0x3, 0xff, 0x97, 0xa, 0x1,
    0xff, 0xc2, 0xa3, 0x0, 0xff, 0xed, 0xba, 0x80,
    0x7f, 0xf6, 0xca, 0x0, 0x3f, 0xf8, 0x46, 0xac,
    0xa6, 0x20, 0x1f, 0xfc, 0x8e, 0x0, 0xff, 0xe0,
    0xc, 0x76, 0x54, 0xd6, 0x76, 0xc9, 0x80, 0x7f,
    0xf1, 0x14, 0xc0, 0x3f, 0xe5, 0xe7, 0x10, 0xf,
    0x13, 0x66, 0x98, 0x7, 0xff, 0xa, 0x40, 0x3f,
    0xe7, 0xa0, 0xf, 0xfe, 0x1, 0x63, 0x80, 0x7f,
    0xf0, 0xc, 0xc0, 0x1f, 0xe5, 0x80, 0xf, 0xfe,
    0x1d, 0x80, 0x7f, 0xf0, 0x2c, 0x3, 0xfc, 0x36,
    0x1, 0xff, 0xd1, 0x50, 0xf, 0xf4, 0x88, 0x7,
    0xff, 0x40, 0x48, 0x3, 0xfc, 0xc0, 0x1f, 0xfd,
    0x15, 0x0, 0xff, 0x18, 0x80, 0x7f, 0xf4, 0x48,
    0x3, 0xfc, 0x80, 0x1f, 0xfd, 0x2e, 0x0, 0xff,
    0x68, 0x7, 0xff, 0x48, 0x40, 0x3f, 0xc2, 0x1,
    0xff, 0xd2, 0x30, 0xf, 0xf3, 0x80, 0x7f, 0xff,
    0xc, 0x3, 0xfc, 0xe0, 0x1f, 0xfd, 0xd1, 0x0,
    0xff, 0xe9, 0x70, 0x7, 0xf8, 0x80, 0x3f, 0xfa,
    0x44, 0x1, 0xfe, 0xc0, 0xf, 0xfe, 0x93, 0x0,
    0x7f, 0x90, 0x3, 0xff, 0xa4, 0x60, 0x1f, 0xf2,
    0x80, 0x7f, 0xf4, 0x8c, 0x3, 0xfd, 0x0, 0x1f,
    0xfd, 0x24, 0x0, 0xff, 0x13, 0x80, 0x7f, 0xf1,
    0x10, 0x3, 0xff, 0x81, 0x40, 0x1f, 0xf4, 0x20,
    0x7, 0xff, 0xa, 0x20, 0x1, 0xff, 0xc0, 0x23,
    0x0, 0xff, 0xad, 0x80, 0x3f, 0xe2, 0xb7, 0x0,
    0xff, 0xe1, 0x48, 0x7, 0xff, 0x2, 0x71, 0x40,
    0x3e, 0x5a, 0xd4, 0x0, 0xff, 0xe1, 0xa9, 0x80,
    0x7f, 0xf0, 0xe, 0xbf, 0x2a, 0x97, 0xbf, 0x4a,
    0x1, 0xff, 0xc6, 0xf0, 0xf, 0xfe, 0x19, 0xaa,
    0x90, 0x80, 0x3f, 0xf9, 0x27, 0x0, 0x1f, 0xfd,
    0xd7, 0x50, 0xf, 0xfe, 0xed, 0x28, 0x7, 0xff,
    0x2c, 0x44, 0x1, 0xff, 0xc4, 0xa7, 0x0, 0xff,
    0xe4, 0x9f, 0x98, 0x7, 0xff, 0x16, 0x2c, 0x80,
    0x3f, 0xf8, 0xd1, 0x82, 0x60, 0x1f, 0xfc, 0x64,
    0xda, 0x30, 0xf, 0xfe, 0x8, 0xbf, 0x38, 0x0,
    0x40, 0x3f, 0xf9, 0xb, 0x9b, 0xa, 0x40, 0x1c,
    0x26, 0xf7, 0xd0, 0x20, 0x1, 0x0, 0xff, 0xe5,
    0x93, 0xd6, 0xff, 0xbb, 0xfd, 0xd9, 0x8, 0x1,
    0xc6, 0x1, 0xff, 0xd1, 0x10, 0xf, 0xf8, 0x40,
    0x3f, 0xff, 0xe0, 0x1f, 0xff, 0xf0, 0xf, 0xff,
    0xf8, 0x7, 0xff, 0xfc, 0x3, 0xff, 0xfe, 0x1,
    0xff, 0xff, 0x0, 0xff, 0xff, 0x80, 0x7f, 0xf2,
    0x5, 0x13, 0xfc, 0x40,

    /* U+FF52 "ｒ" */
    0x0, 0xff, 0xe6, 0x9, 0xa2, 0xa1, 0x90, 0x7,
    0x1b, 0xbf, 0xe2, 0x0, 0xff, 0xb, 0x5f, 0x73,
    0x2e, 0xaf, 0x37, 0xf2, 0x8, 0x12, 0x23, 0xf3,
    0x80, 0x7e, 0x3b, 0xe9, 0x41, 0x0, 0xfc, 0x6f,
    0xaa, 0x1, 0xfc, 0x40, 0x1e, 0x1b, 0xc4, 0x0,
    0xff, 0xe1, 0xa0, 0x7, 0xf7, 0x80, 0x72, 0xfa,
    0x0, 0x7f, 0xf1, 0x8, 0x40, 0x3f, 0x84, 0x3,
    0x3d, 0x8, 0x7, 0xff, 0x15, 0x40, 0x3f, 0xc4,
    0x1, 0x44, 0x0, 0x3f, 0xf8, 0xf6, 0x1, 0xfe,
    0x70, 0x3, 0x38, 0x7, 0xff, 0x1c, 0x4c, 0x3,
    0xfc, 0x40, 0x72, 0x1, 0xff, 0xc8, 0x40, 0xf,
    0xf8, 0x43, 0x80, 0x3f, 0xf8, 0x22, 0x20, 0xf,
    0x78, 0x7, 0xff, 0x2, 0xc8, 0x3, 0xf0, 0xbd,
    0xf7, 0xf7, 0x3f, 0xad, 0xc8, 0x14, 0x3, 0xff,
    0x80, 0x80, 0x1f, 0x15, 0xf4, 0x20, 0x80, 0x61,
    0x48, 0xde, 0x0, 0xff, 0xe4, 0x4e, 0xa0, 0x7,
    0xff, 0x0, 0x40, 0x3f, 0xf8, 0xc3, 0x8c, 0x1,
    0xff, 0xd4, 0x1c, 0x30, 0xf, 0xfe, 0xae, 0x10,
    0x7, 0xff, 0x56, 0x48, 0x3, 0xff, 0xaa, 0xac,
    0x1, 0xff, 0xd6, 0xb0, 0xf, 0xfe, 0xb3, 0x88,
    0x7, 0xff, 0x5a, 0x40, 0x3f, 0xff, 0xe0, 0x1f,
    0xff, 0xf0, 0xf, 0xff, 0xf8, 0x7, 0xff, 0xfc,
    0x3, 0xff, 0xfe, 0x1, 0xff, 0xff, 0x0, 0xff,
    0xff, 0x80, 0x7f, 0xff, 0xc0, 0x3f, 0xff, 0xe0,
    0x1f, 0xff, 0xf0, 0xf, 0xfe, 0x90,

    /* U+FF53 "ｓ" */
    0x0, 0xff, 0xe3, 0x88, 0xe0, 0xf, 0xfe, 0x92,
    0xc5, 0xef, 0xfb, 0xbb, 0x7f, 0x64, 0xb1, 0x0,
    0x7f, 0xf2, 0x56, 0xfe, 0x9d, 0x8, 0x3, 0xe1,
    0x36, 0x9d, 0xd3, 0x88, 0x7, 0xff, 0x11, 0x76,
    0x90, 0x3, 0xff, 0x8a, 0x51, 0xd6, 0x80, 0x1f,
    0xfc, 0x1, 0xba, 0x20, 0xf, 0xfe, 0x52, 0x5e,
    0x20, 0x7, 0xf1, 0x7a, 0x0, 0x7f, 0xf3, 0x8e,
    0xec, 0x40, 0x1e, 0x2c, 0x10, 0xf, 0xfe, 0x8a,
    0x48, 0x7, 0xb8, 0x40, 0x3f, 0xfa, 0x43, 0x40,
    0x1c, 0xa6, 0x1, 0xff, 0xc1, 0x23, 0x44, 0x18,
    0x80, 0x7f, 0xf0, 0x28, 0x40, 0x3a, 0x40, 0x3f,
    0xe7, 0xdf, 0xdc, 0xbb, 0x67, 0x7e, 0x39, 0x0,
    0x7d, 0x8, 0x1, 0xc2, 0x60, 0x1f, 0xc3, 0xb0,
    0x40, 0x1f, 0x8e, 0x36, 0xd0, 0x3, 0x23, 0x80,
    0x79, 0x40, 0x3f, 0xd2, 0x40, 0x1f, 0xfc, 0x14,
    0xbd, 0x50, 0x1a, 0x0, 0xf8, 0x80, 0x3f, 0xc6,
    0x1, 0xff, 0xc4, 0x2a, 0xcd, 0x10, 0xf, 0xfe,
    0x31, 0x80, 0x7f, 0xf1, 0x8c, 0xc0, 0x1f, 0x88,
    0x3, 0xfd, 0xa, 0x1, 0xff, 0xcf, 0x40, 0xf,
    0xfa, 0xa8, 0x60, 0x1f, 0xfc, 0xe6, 0x0, 0xff,
    0x97, 0x30, 0xc2, 0x1, 0xff, 0xcb, 0x81, 0x0,
    0xff, 0xe0, 0x1c, 0xf6, 0x41, 0x80, 0x7f, 0xf2,
    0x7, 0x44, 0x3, 0xff, 0x84, 0x6f, 0x9d, 0x4a,
    0x20, 0x1f, 0xfc, 0x53, 0xc2, 0x0, 0xff, 0xe2,
    0xa, 0xd7, 0x63, 0x88, 0x7, 0xff, 0xc, 0xb5,
    0x40, 0x3f, 0xf8, 0xe7, 0x1d, 0x6a, 0x1, 0xff,
    0xc3, 0xab, 0x30, 0xf, 0xfe, 0x42, 0x56, 0xb0,
    0x7, 0xff, 0x9, 0x32, 0xd4, 0x3, 0xff, 0x90,
    0x53, 0x84, 0x1, 0xff, 0xc2, 0x4a, 0xe8, 0x20,
    0xf, 0xfe, 0x39, 0xe2, 0x0, 0x7f, 0xf0, 0xc5,
    0xf7, 0x50, 0x80, 0x1f, 0xfc, 0x51, 0xb4, 0x0,
    0xff, 0xe2, 0x93, 0xdf, 0xdb, 0x90, 0x7, 0xff,
    0xe, 0x84, 0x3, 0xff, 0x90, 0x91, 0xba, 0x71,
    0x0, 0xff, 0xe0, 0xc, 0x80, 0x7f, 0xf2, 0xca,
    0x3a, 0x88, 0x3, 0xfe, 0x70, 0xf, 0xfe, 0x72,
    0xeb, 0x0, 0x7f, 0xc6, 0x1, 0xff, 0xcf, 0x95,
    0x0, 0xff, 0x38, 0x6, 0x39, 0x10, 0xf, 0xfe,
    0x4f, 0x0, 0x7f, 0x84, 0x2, 0x1d, 0x6f, 0x60,
    0xf, 0xfe, 0x40, 0x80, 0x7f, 0x84, 0x2, 0xb1,
    0x1, 0x9d, 0x60, 0xf, 0xfe, 0x34, 0x80, 0x7f,
    0x94, 0x0, 0xca, 0x1, 0x8a, 0x7e, 0x8, 0x3,
    0xff, 0x82, 0x36, 0x60, 0x1f, 0xc4, 0x20, 0x52,
    0x1, 0xf9, 0xf7, 0x52, 0xa6, 0x20, 0x1c, 0x4b,
    0x3c, 0x80, 0x1f, 0xeb, 0x0, 0x78, 0x7, 0xfc,
    0x4d, 0x59, 0xdf, 0xdc, 0xff, 0x6d, 0x30, 0x7,
    0xfc, 0x4c, 0x10, 0x40, 0x1f, 0xfc, 0x51, 0x10,
    0x7, 0xff, 0x13, 0x80, 0x10, 0xc0, 0x1f, 0xfd,
    0x6a, 0x30, 0xa, 0x75, 0x0, 0x3f, 0xfa, 0x74,
    0xa0, 0x1c, 0x57, 0x8a, 0x1, 0xff, 0xcf, 0x4d,
    0x50, 0xf, 0xc7, 0x5d, 0x4, 0x1, 0xff, 0xca,
    0x3b, 0xb1, 0x0, 0x7f, 0xc2, 0xfb, 0x8e, 0x60,
    0x1f, 0xfc, 0x42, 0x7c, 0xc2, 0x0, 0x7f, 0xf1,
    0xe, 0x33, 0xf2, 0x5d, 0x4c, 0xc4, 0x43, 0x32,
    0x34, 0x5f, 0x6c, 0x18, 0x7, 0xf0,

    /* U+FF54 "ｔ" */
    0x0, 0xff, 0xe0, 0x9a, 0xaf, 0xe0, 0xf, 0xfe,
    0xaf, 0x55, 0x7e, 0x10, 0xf, 0xfe, 0xa1, 0x0,
    0x7f, 0xff, 0xc0, 0x3e, 0x30, 0xf, 0xfe, 0xeb,
    0x0, 0x7f, 0xf7, 0x48, 0x3, 0xff, 0xbb, 0xc0,
    0x1f, 0xfd, 0xd2, 0x0, 0xff, 0xee, 0xb0, 0x7,
    0xff, 0x74, 0x80, 0x3f, 0xfa, 0x82, 0x22, 0x33,
    0x22, 0x15, 0x80, 0x3f, 0xcc, 0xdf, 0xfc, 0x55,
    0x0, 0xf, 0xfb, 0xb9, 0xb9, 0x8b, 0xb5, 0x48,
    0x7, 0xfa, 0x26, 0x7f, 0xf8, 0x96, 0x1, 0xff,
    0xff, 0x0, 0xff, 0xff, 0x80, 0x7f, 0xff, 0xc0,
    0x3f, 0xff, 0x63, 0xff, 0xfe, 0x60, 0xf, 0xf7,
    0x7f, 0xff, 0xf1, 0x38, 0x3, 0xff, 0xfe, 0x1,
    0xff, 0xff, 0x0, 0xff, 0xff, 0x80, 0x7f, 0xff,
    0xc0, 0x3f, 0xff, 0xe0, 0x1f, 0xff, 0xf0, 0xf,
    0xff, 0xf8, 0x7, 0xff, 0xfc, 0x3, 0xff, 0xbe,
    0x20, 0x1f, 0xfd, 0xdf, 0x0, 0xff, 0x10, 0x7,
    0xff, 0x48, 0x40, 0x3f, 0xcc, 0x1, 0xff, 0xd2,
    0x20, 0xf, 0xf6, 0x0, 0x7f, 0xf4, 0x94, 0x3,
    0xfc, 0xe0, 0x1f, 0xfd, 0x21, 0x10, 0x7, 0xf0,
    0xb8, 0x7, 0xff, 0x49, 0x0, 0x3f, 0xd0, 0xa0,
    0x1f, 0xfd, 0x1f, 0x0, 0xff, 0xaa, 0x48, 0x3,
    0xf8, 0xde, 0xe4, 0x3, 0xff, 0x84, 0xa2, 0x1,
    0xff, 0x36, 0xea, 0x5d, 0xe8, 0x9b, 0xec, 0x84,
    0x70, 0xf, 0xfe, 0x1c, 0x80, 0x7f, 0xf0, 0x49,
    0xa2, 0x27, 0x64, 0x10, 0x8, 0x48, 0x3, 0xff,
    0x84, 0xe4, 0x1, 0xff, 0xcd, 0x40, 0xf, 0xfe,
    0x1f, 0x0, 0x7f, 0xf3, 0x70, 0x3, 0xff, 0x86,
    0x74, 0x1, 0xff, 0xcc, 0x40, 0xf, 0xfe, 0x22,
    0xd8, 0x80, 0x7f, 0xf2, 0x84, 0xc0, 0x3f, 0xf8,
    0x89, 0xe8, 0x1, 0xff, 0xca, 0x60, 0xf, 0xfe,
    0x28, 0xde, 0x28, 0x80, 0x7f, 0xf0, 0xd1, 0xf3,
    0xd4, 0x3, 0xff, 0x8e, 0x75, 0xd9, 0x2c, 0x86,
    0x44, 0x33, 0x23, 0x45, 0x6f, 0xdc, 0x18, 0x0,

    /* U+FF55 "ｕ" */
    0x37, 0x7f, 0xf0, 0x7, 0xff, 0x15, 0x1d, 0xff,
    0xd7, 0x11, 0xfe, 0x10, 0xf, 0xfe, 0x27, 0x44,
    0x7f, 0x80, 0x3f, 0xff, 0xe0, 0x1f, 0xff, 0xf0,
    0xf, 0xff, 0xf8, 0x7, 0xff, 0xfc, 0x3, 0xff,
    0xfe, 0x1, 0xff, 0xff, 0x0, 0xff, 0xff, 0x80,
    0x7f, 0xff, 0xc0, 0x3f, 0xff, 0xe0, 0x1f, 0xff,
    0xf0, 0xf, 0xff, 0xf8, 0x7, 0xff, 0xf3, 0xc0,
    0x3f, 0xc6, 0x1, 0xff, 0xda, 0x10, 0xf, 0xfe,
    0x78, 0x80, 0x7f, 0x94, 0x3, 0xff, 0x9e, 0x60,
    0x1f, 0xec, 0x0, 0xff, 0xe1, 0xaa, 0x80, 0x3f,
    0xcc, 0x1, 0xfe, 0x51, 0x0, 0xff, 0xe0, 0xb5,
    0x0, 0x7f, 0xc6, 0x1, 0xff, 0x50, 0x7, 0xff,
    0x2, 0x64, 0x1, 0xff, 0xc1, 0x20, 0xf, 0xf2,
    0x61, 0x0, 0x7e, 0x6e, 0x60, 0xf, 0xfe, 0x12,
    0x0, 0x7f, 0xc7, 0xb4, 0xc8, 0x68, 0xd5, 0xd2,
    0x20, 0x1f, 0xfc, 0x3a, 0x0, 0xff, 0xe0, 0xac,
    0xde, 0x5c, 0xa8, 0x80, 0x7f, 0xf1, 0x4c, 0x80,
    0x3f, 0xfb, 0x50, 0x1, 0xff, 0xcd, 0x57, 0x0,
    0xff, 0x95, 0x0, 0x3f, 0xf9, 0x6d, 0x5a, 0x1,
    0xff, 0xc0, 0x90, 0xf, 0xfe, 0x54, 0xc8, 0x1c,
    0x3, 0xff, 0x80, 0x58, 0x1, 0xff, 0xc7, 0x3d,
    0x60, 0x1, 0x0, 0x7f, 0xf0, 0x4f, 0x48, 0x3,
    0xff, 0x86, 0x33, 0x84, 0x1, 0x88, 0x3, 0xff,
    0x82, 0x5b, 0x2, 0x1, 0xff, 0x14, 0xf3, 0x0,
    0x79, 0x80, 0x3f, 0xf8, 0x6f, 0xd9, 0xa, 0x64,
    0x43, 0x46, 0x9d, 0xd3, 0x0, 0x7e, 0xbf, 0xff,
    0xc0,

    /* U+FF56 "ｖ" */
    0x47, 0x7f, 0xf0, 0x80, 0x7f, 0xf2, 0x51, 0xdf,
    0xf9, 0x2, 0x23, 0xfc, 0xe0, 0x1f, 0xfc, 0x9a,
    0x88, 0xfe, 0x4, 0x10, 0xf, 0xed, 0x0, 0xff,
    0xe4, 0x18, 0x80, 0x7e, 0x14, 0x6, 0x0, 0xfe,
    0x41, 0x0, 0xff, 0xe3, 0xd0, 0x7, 0xf3, 0x0,
    0x28, 0x3, 0xfc, 0xc0, 0x1f, 0xfc, 0x77, 0x0,
    0xfe, 0xa0, 0x1, 0x20, 0x7, 0xf5, 0x80, 0x7f,
    0xf1, 0x90, 0x40, 0x3f, 0x19, 0x0, 0x5c, 0x1,
    0xfc, 0x64, 0x1, 0xff, 0xc5, 0xe0, 0xf, 0xea,
    0x0, 0xca, 0x20, 0x1f, 0xca, 0x1, 0xff, 0xc5,
    0x50, 0xf, 0xe7, 0x0, 0xe7, 0x0, 0xfe, 0xa0,
    0xf, 0xfe, 0x22, 0x80, 0x7f, 0x28, 0x80, 0x75,
    0x80, 0x7f, 0x11, 0x0, 0x3f, 0xf8, 0x7c, 0x1,
    0xfd, 0xc0, 0x1e, 0x23, 0x0, 0xfe, 0xa0, 0xf,
    0xfe, 0x10, 0xa0, 0x7, 0xe1, 0x40, 0xf, 0xa8,
    0x3, 0xf9, 0x80, 0x3f, 0xf8, 0x4e, 0x1, 0xfc,
    0xc0, 0x1f, 0x98, 0x3, 0xf8, 0x4c, 0x3, 0xff,
    0x83, 0x40, 0x1f, 0xd4, 0x1, 0xfc, 0xc0, 0x1f,
    0xd4, 0x1, 0xff, 0xc0, 0x23, 0x0, 0xfc, 0x64,
    0x1, 0xfd, 0x40, 0x1f, 0xce, 0x1, 0xff, 0xc0,
    0x50, 0xf, 0xea, 0x0, 0xff, 0x19, 0x0, 0x7e,
    0x14, 0x0, 0xff, 0xa8, 0x3, 0xf9, 0x80, 0x3f,
    0xea, 0x0, 0xfe, 0xe0, 0xf, 0xf1, 0x90, 0x7,
    0xe6, 0x0, 0xff, 0xe0, 0x30, 0x7, 0xf2, 0x80,
    0x7f, 0xac, 0x3, 0xfa, 0x80, 0x3f, 0xf8, 0x2,
    0xa0, 0x1f, 0xca, 0x1, 0xfc, 0xc0, 0x1f, 0x88,
    0xc0, 0x3f, 0xf8, 0x3c, 0x1, 0xfd, 0xe0, 0x1f,
    0x8c, 0x40, 0x3f, 0x50, 0x7, 0xff, 0x9, 0x4,
    0x3, 0xf2, 0x80, 0x7e, 0xa0, 0xf, 0xe6, 0x0,
    0xff, 0xe1, 0xb0, 0x7, 0xf2, 0x80, 0x7c, 0xe0,
    0x1f, 0x90, 0x40, 0x3f, 0xf8, 0x72, 0x1, 0xfd,
    0xc0, 0x1e, 0x41, 0x0, 0xfd, 0xc0, 0x1f, 0xfc,
    0x41, 0x40, 0xf, 0xc8, 0x20, 0x1d, 0xa0, 0x1f,
    0xca, 0x1, 0xff, 0xc5, 0xe0, 0xf, 0xe7, 0x0,
    0xe7, 0x0, 0xfc, 0xc0, 0x1f, 0xfc, 0x65, 0x10,
    0xf, 0xda, 0x1, 0x8c, 0x40, 0x3f, 0x50, 0x7,
    0xff, 0x1d, 0x80, 0x3f, 0x20, 0x80, 0x56, 0x1,
    0xf8, 0x8c, 0x3, 0xff, 0x8f, 0x40, 0x1f, 0xc8,
    0x1, 0x28, 0x7, 0xea, 0x0, 0xff, 0xe4, 0x11,
    0x80, 0x7e, 0xf0, 0x1, 0x10, 0x3, 0xf3, 0x0,
    0x7f, 0xf2, 0x68, 0x3, 0xf2, 0x80, 0x14, 0x3,
    0xf2, 0x8, 0x7, 0xff, 0x25, 0x80, 0x3f, 0x90,
    0x2c, 0x3, 0xf7, 0x0, 0x7f, 0xf2, 0xd8, 0x3,
    0xf6, 0x89, 0x80, 0x7c, 0x2a, 0x1, 0xff, 0xcb,
    0xa0, 0xf, 0xce, 0xe0, 0xf, 0xcc, 0x1, 0xff,
    0xcc, 0x32, 0x0, 0xf8, 0x64, 0x3, 0xf5, 0x0,
    0x7f, 0xf3, 0x68, 0x3, 0xff, 0x88, 0x64, 0x1,
    0xff, 0xcd, 0x60, 0xf, 0xfe, 0x25, 0x0, 0x7f,
    0xf3, 0x85, 0x40, 0x3f, 0xf8, 0x6e, 0x1, 0xff,
    0xcf, 0xe0, 0xf, 0xfe, 0x12, 0x88, 0x7, 0xff,
    0x3d, 0x8, 0x3, 0xff, 0x83, 0xc0, 0x1f, 0xfd,
    0x1a, 0x0, 0xff, 0xe0, 0xa, 0x0, 0x7f, 0xf4,
    0x58, 0x3, 0xff, 0x80, 0xc0, 0x1f, 0xfc, 0x30,

    /* U+FF57 "ｗ" */
    0x27, 0x7f, 0xf0, 0x7, 0xff, 0x15, 0x1d, 0xff,
    0x80, 0x3f, 0xf8, 0xaa, 0xef, 0xfc, 0x21, 0x11,
    0xfe, 0x40, 0xf, 0xfe, 0x24, 0x47, 0xf8, 0x80,
    0x3f, 0xf8, 0x91, 0x1f, 0xe1, 0x22, 0x0, 0x7f,
    0x68, 0x7, 0xff, 0xc, 0x4c, 0x3, 0xf9, 0x40,
    0x3f, 0xf8, 0x64, 0x40, 0xf, 0xca, 0x0, 0x40,
    0xf, 0xe4, 0x0, 0xff, 0xe1, 0xa0, 0x7, 0xfa,
    0xc0, 0x3f, 0xf8, 0x68, 0x1, 0xfd, 0x80, 0xd,
    0x0, 0xfe, 0x22, 0x0, 0x7f, 0xf0, 0xb0, 0x3,
    0xfc, 0x60, 0x1f, 0xfc, 0x3c, 0x0, 0xfe, 0x70,
    0x2, 0x0, 0x7f, 0x90, 0x3, 0xff, 0x84, 0xe0,
    0x1f, 0xf2, 0x80, 0x7f, 0xf0, 0x90, 0x3, 0xf1,
    0x8, 0x4, 0xa0, 0x1f, 0xd8, 0x1, 0xff, 0xc1,
    0x21, 0x0, 0xff, 0xbc, 0x3, 0xff, 0x82, 0x62,
    0x1, 0xf9, 0x40, 0x37, 0x80, 0x7f, 0x20, 0x7,
    0xff, 0x5, 0x40, 0x3f, 0xf8, 0x8, 0x1, 0xff,
    0xc1, 0x40, 0xf, 0xec, 0x0, 0xc8, 0x1, 0xfc,
    0x26, 0x1, 0xff, 0xc0, 0xc0, 0xf, 0xfe, 0x0,
    0x98, 0x7, 0xff, 0x3, 0x0, 0x3f, 0x90, 0x3,
    0x9, 0x80, 0x7f, 0x20, 0x7, 0xff, 0x1, 0x0,
    0x3f, 0xf8, 0x28, 0x1, 0xff, 0xc0, 0x40, 0xf,
    0xca, 0x1, 0xeb, 0x0, 0xfe, 0xb0, 0xf, 0xf9,
    0x0, 0x3f, 0xf8, 0x56, 0x1, 0xff, 0x20, 0x7,
    0xf6, 0x0, 0x79, 0x40, 0x3f, 0x8c, 0x3, 0xfe,
    0xc0, 0xf, 0x18, 0x7, 0xc6, 0x20, 0x1f, 0xec,
    0x0, 0xfe, 0x70, 0xf, 0x11, 0x0, 0x3f, 0x90,
    0x3, 0xfc, 0xa0, 0x1e, 0xa4, 0x0, 0xf9, 0x0,
    0x3f, 0xc8, 0x1, 0xf8, 0x84, 0x3, 0xe5, 0x0,
    0xfe, 0xd0, 0xf, 0xe1, 0x20, 0xf, 0x26, 0x0,
    0x7d, 0xe0, 0x1f, 0xe3, 0x0, 0xfc, 0xa0, 0x1f,
    0xac, 0x3, 0xf9, 0x0, 0x3f, 0x90, 0x3, 0xc2,
    0x48, 0x1, 0xf2, 0x0, 0x7f, 0x28, 0x7, 0xf5,
    0x80, 0x7e, 0x31, 0x0, 0xfc, 0x42, 0x1, 0xfb,
    0xc0, 0x3c, 0x80, 0x62, 0x1, 0xe1, 0x30, 0xf,
    0xd8, 0x1, 0xfc, 0x60, 0x1f, 0xc8, 0x1, 0xfc,
    0xe0, 0x1f, 0x90, 0x3, 0xd8, 0x0, 0x40, 0xf,
    0xac, 0x3, 0xf2, 0x0, 0x7e, 0x50, 0xf, 0xf7,
    0x80, 0x7f, 0x60, 0x7, 0xc4, 0x20, 0x1e, 0x40,
    0x7, 0x80, 0x7c, 0xa0, 0x1f, 0x9, 0x0, 0x7e,
    0xc0, 0xf, 0xf2, 0x80, 0x7f, 0x20, 0x7, 0xca,
    0x1, 0xe1, 0x20, 0x2, 0x0, 0x7c, 0x42, 0x1,
    0xe7, 0x0, 0xfe, 0x70, 0xf, 0xf9, 0x0, 0x3f,
    0x9, 0x80, 0x7b, 0x0, 0x3c, 0x80, 0x10, 0x90,
    0x7, 0xce, 0x1, 0xec, 0x0, 0xfc, 0x42, 0x1,
    0xff, 0x68, 0x7, 0xf2, 0x0, 0x79, 0x0, 0x3d,
    0x80, 0x19, 0x0, 0x3e, 0xd0, 0xf, 0x20, 0x7,
    0xe5, 0x0, 0xff, 0xe0, 0x20, 0x7, 0xf6, 0x0,
    0x72, 0x0, 0x7c, 0xe0, 0x1b, 0x40, 0x3e, 0x40,
    0xe, 0x21, 0x0, 0xfd, 0x60, 0x1f, 0xfc, 0x2,
    0x20, 0x7, 0xe4, 0x0, 0xed, 0x0, 0xf1, 0x8,
    0x6, 0x40, 0xf, 0xc8, 0x1, 0x9c, 0x3, 0xf8,
    0xc0, 0x3f, 0xf8, 0x2a, 0x1, 0xfc, 0x40, 0x19,
    0xc0, 0x3c, 0x80, 0x1e, 0x40, 0xf, 0xb0, 0x3,
    0x60, 0x7, 0xe5, 0x0, 0xff, 0xe1, 0x58, 0x7,
    0xf2, 0x0, 0x44, 0x20, 0x1e, 0xc0, 0xf, 0x60,
    0x7, 0xca, 0x1, 0x90, 0x3, 0xf6, 0x0, 0x7f,
    0xf0, 0x8c, 0x40, 0x3f, 0x60, 0x4, 0xa0, 0x1f,
    0x20, 0x7, 0x94, 0x3, 0xe2, 0x10, 0x0, 0x90,
    0x7, 0xe7, 0x0, 0xff, 0xe1, 0xb8, 0x7, 0xe4,
    0x0, 0xac, 0x3, 0xc6, 0x20, 0x1e, 0x21, 0x0,
    0xf9, 0xc0, 0xa, 0x1, 0xf8, 0xc4, 0x3, 0xff,
    0x87, 0x80, 0x1f, 0x84, 0x40, 0x3, 0x0, 0xf2,
    0x0, 0x7e, 0x70, 0xf, 0xb0, 0x1, 0x80, 0x1f,
    0x90, 0x3, 0xff, 0x88, 0xa0, 0x1f, 0xc8, 0x8,
    0x1, 0xf5, 0x80, 0x7e, 0xc0, 0xf, 0x90, 0x0,
    0x60, 0x1f, 0xac, 0x3, 0xff, 0x8a, 0x80, 0x1f,
    0xb0, 0x30, 0x3, 0xe3, 0x0, 0xfc, 0x80, 0x1f,
    0x9, 0x82, 0x0, 0x7c, 0x26, 0x1, 0xff, 0xc5,
    0xd0, 0xf, 0xc8, 0x8, 0x1, 0xe4, 0x0, 0xfe,
    0x13, 0x0, 0xfa, 0xc8, 0x3, 0xf2, 0x0, 0x7f,
    0xf1, 0x9c, 0x3, 0xf1, 0x10, 0xc0, 0x3d, 0xa0,
    0x1f, 0xeb, 0x0, 0xf9, 0x10, 0x1, 0xfb, 0x0,
    0x3f, 0xf8, 0xc2, 0x60, 0x1f, 0xb8, 0x3, 0xe4,
    0x0, 0xff, 0x20, 0x7, 0xc7, 0x60, 0x1f, 0x9c,
    0x3, 0xff, 0x8e, 0x80, 0x1f, 0x8c, 0x3, 0xc2,
    0x40, 0x1f, 0xe3, 0x10, 0xf, 0x88, 0x3, 0xe3,
    0x10, 0xf, 0xfe, 0x3d, 0x80, 0x7f, 0xf0, 0xdc,
    0x3, 0xff, 0x80, 0x80, 0x1f, 0xfc, 0x34, 0x0,
    0xff, 0xe4, 0x18, 0x80, 0x7f, 0xf0, 0xb0, 0x3,
    0xff, 0x81, 0xe0, 0x1f, 0xfc, 0x3b, 0x0, 0xff,
    0xe4, 0xb8, 0x7, 0xff, 0x9, 0x0, 0x3f, 0xf8,
    0x8, 0x1, 0xff, 0xc2, 0x13, 0x0, 0xff, 0xe4,
    0xe8, 0x7, 0xff, 0x4, 0xc4, 0x3, 0xff, 0x80,
    0x26, 0x1, 0xff, 0xc1, 0x40, 0xf, 0xfe, 0x52,
    0x0, 0x7f, 0xf0, 0x50, 0x3, 0xff, 0x84, 0x80,
    0x1f, 0xfc, 0x1f, 0x0, 0xff, 0xe5, 0xa0, 0x7,
    0xff, 0x3, 0x0, 0x3f, 0xf8, 0x56, 0x1, 0xff,
    0xc1, 0x40, 0xf, 0xfe, 0x5e, 0x80, 0x7f, 0xf0,
    0x10, 0x3, 0xff, 0x84, 0x62, 0x1, 0xff, 0x18,
    0x80, 0x7f, 0xc0,

    /* U+FF58 "ｘ" */
    0x5, 0x77, 0xff, 0x20, 0x7, 0xff, 0x10, 0x9d,
    0xff, 0xca, 0x0, 0x68, 0x8f, 0xf5, 0x90, 0x7,
    0xff, 0xe, 0x62, 0x3f, 0xcc, 0x0, 0x37, 0x0,
    0xff, 0x70, 0x7, 0xff, 0x9, 0x50, 0x3, 0xf9,
    0x8c, 0x2, 0x83, 0x0, 0xfe, 0x37, 0x0, 0xff,
    0xe0, 0xd8, 0x7, 0xf0, 0xc8, 0x7, 0x70, 0x7,
    0xfa, 0x8, 0x3, 0xfe, 0x81, 0x0, 0xfe, 0xa0,
    0xf, 0x14, 0x0, 0x7f, 0xb8, 0x3, 0xfc, 0x4e,
    0x1, 0xfc, 0xc8, 0x1, 0xf3, 0x98, 0x7, 0xf1,
    0xb8, 0x7, 0xf7, 0x0, 0x7f, 0xc, 0x0, 0x7f,
    0x70, 0x7, 0xfa, 0xc, 0x3, 0xe5, 0x30, 0xf,
    0xeb, 0x10, 0xf, 0xe2, 0x90, 0xf, 0xf7, 0x80,
    0x7d, 0x0, 0x1f, 0xca, 0xa0, 0xf, 0xf9, 0x90,
    0x3, 0xf8, 0xd8, 0x3, 0x98, 0x80, 0x3f, 0xd,
    0x80, 0x7f, 0xf0, 0x68, 0x40, 0x3f, 0xa0, 0x40,
    0x34, 0x0, 0x7f, 0x58, 0x80, 0x7f, 0xf0, 0x46,
    0xc0, 0x3f, 0x86, 0x0, 0x26, 0x10, 0xf, 0xc8,
    0xa0, 0x1f, 0xfc, 0x35, 0x50, 0x7, 0xf3, 0x18,
    0x2, 0x0, 0x3f, 0xa8, 0x3, 0xff, 0x8b, 0x62,
    0x1, 0xfd, 0xc0, 0xe2, 0x1, 0xfa, 0x44, 0x3,
    0xff, 0x8a, 0x34, 0x1, 0xfc, 0x53, 0x20, 0xf,
    0xc8, 0xc0, 0x1f, 0xfc, 0x74, 0x60, 0xf, 0xe6,
    0x10, 0xf, 0xd2, 0x1, 0xff, 0xc9, 0x92, 0x0,
    0xff, 0xe2, 0xc9, 0x0, 0x7f, 0xf2, 0xb8, 0x3,
    0xff, 0x88, 0x6c, 0x1, 0xff, 0xcb, 0x37, 0x0,
    0xff, 0xe1, 0xf0, 0x7, 0xff, 0x36, 0xc, 0x3,
    0xff, 0x83, 0x4, 0x1, 0xff, 0xce, 0x20, 0xf,
    0xfe, 0x1, 0xb8, 0x7, 0xff, 0x3a, 0x84, 0x3,
    0xff, 0x80, 0xc0, 0x1f, 0xfc, 0xe4, 0x50, 0xf,
    0xfe, 0xa, 0xb0, 0x7, 0xff, 0x30, 0x68, 0x3,
    0xff, 0x87, 0x24, 0x1, 0xff, 0xcb, 0xb1, 0x0,
    0xff, 0xe2, 0x78, 0x7, 0xff, 0x29, 0x54, 0x1,
    0xff, 0xc5, 0x29, 0x0, 0xff, 0xe4, 0xd, 0x80,
    0x7e, 0x24, 0x0, 0xfe, 0x64, 0x0, 0xff, 0xe3,
    0xd0, 0x80, 0x7e, 0x8a, 0x10, 0xf, 0xea, 0x10,
    0xf, 0xfe, 0x2b, 0x20, 0x7, 0xe3, 0x51, 0xb0,
    0xf, 0xe1, 0xa0, 0xf, 0xfe, 0x20, 0xc8, 0x7,
    0xf7, 0x80, 0x15, 0x40, 0x1f, 0xc8, 0xe0, 0x1f,
    0xfc, 0x3a, 0x0, 0xfe, 0x53, 0x0, 0xac, 0x40,
    0x3f, 0xa0, 0xc0, 0x3f, 0xf8, 0x2c, 0x80, 0x1f,
    0xd6, 0x1, 0x86, 0x80, 0x3f, 0xdc, 0x1, 0xff,
    0xc0, 0x29, 0x0, 0xfe, 0x71, 0x0, 0xe4, 0x60,
    0xf, 0xe2, 0xa0, 0xf, 0xfb, 0x80, 0x3f, 0x86,
    0x0, 0x3e, 0x91, 0x0, 0xfe, 0x56, 0x0, 0xfe,
    0x73, 0x0, 0xfe, 0xa0, 0xf, 0xed, 0x0, 0xff,
    0x49, 0x0, 0x7c, 0x50, 0x1, 0xfc, 0xa8, 0x1,
    0xfc, 0x6e, 0x1, 0xfe, 0xe0, 0xf, 0xb8, 0x3,
    0xfd, 0x60, 0x1f, 0xf4, 0x18, 0x7, 0xf1, 0xc0,
    0x7, 0x41, 0x80, 0x7f, 0x48, 0x80, 0x7f, 0xf0,
    0x38, 0x3, 0xfc, 0xe8, 0x1, 0x1b, 0x80, 0x7f,
    0x1b, 0x0, 0x7f, 0xf0, 0x4a, 0x80, 0x3f, 0xd4,
    0x20, 0xe, 0x0, 0xff, 0x70, 0x7, 0xff, 0xd,
    0x54, 0x1, 0xfc, 0x34, 0x10, 0x40, 0x1f, 0xce,
    0x40, 0x1f, 0xfc, 0x4a, 0x20, 0xf, 0xe4, 0x70,

    /* U+FF59 "ｙ" */
    0x47, 0x7f, 0xf0, 0x80, 0x7f, 0xf2, 0x51, 0xdf,
    0xf9, 0x1e, 0x23, 0xfc, 0xc0, 0x1f, 0xfc, 0x99,
    0x88, 0xfe, 0x3, 0x30, 0x7, 0xf5, 0x0, 0x7f,
    0xf2, 0x8, 0x80, 0x1f, 0x85, 0x2, 0x40, 0x3f,
    0x89, 0x0, 0x3f, 0xf8, 0xf4, 0x1, 0xfc, 0xc0,
    0x5, 0x10, 0xf, 0xee, 0x0, 0xff, 0xe3, 0xa8,
    0x7, 0xf5, 0x0, 0x52, 0x1, 0xfc, 0xa2, 0x1,
    0xff, 0xc5, 0x32, 0x0, 0xfc, 0x84, 0x1, 0x38,
    0x7, 0xf9, 0x80, 0x3f, 0xf8, 0xb4, 0x1, 0xfd,
    0xc0, 0x1c, 0xc0, 0x1f, 0xd4, 0x1, 0xff, 0xc5,
    0x70, 0xf, 0xe5, 0x0, 0xeb, 0x0, 0xfe, 0x24,
    0x0, 0xff, 0xe1, 0xa0, 0x80, 0x7e, 0x60, 0xf,
    0x12, 0x80, 0x7f, 0x70, 0x7, 0xff, 0xf, 0x80,
    0x3f, 0xa8, 0x3, 0xe9, 0x0, 0xfe, 0x51, 0x0,
    0xff, 0xe1, 0x28, 0x7, 0xe2, 0x30, 0xf, 0x8c,
    0xc0, 0x1f, 0xcc, 0x1, 0xff, 0xc1, 0x50, 0xf,
    0xeb, 0x0, 0xfe, 0x90, 0xf, 0xe9, 0x0, 0xff,
    0xe0, 0xf0, 0x7, 0xf3, 0x80, 0x7f, 0x29, 0x0,
    0x7e, 0x14, 0x0, 0xff, 0x85, 0x0, 0x3f, 0x28,
    0x80, 0x7f, 0xa8, 0x3, 0xfb, 0xc0, 0x3f, 0xe7,
    0x0, 0xfe, 0xe0, 0xf, 0xf9, 0xc0, 0x3f, 0x90,
    0x40, 0x3f, 0xda, 0x1, 0xf8, 0x90, 0x3, 0xff,
    0x80, 0xe0, 0x1f, 0xd2, 0x1, 0xfc, 0x28, 0x1,
    0xfa, 0x80, 0x3f, 0xf8, 0x32, 0x1, 0xfc, 0xc0,
    0x1f, 0xcc, 0x1, 0xfc, 0xc0, 0x1f, 0xfc, 0x11,
    0x50, 0xf, 0xc2, 0xa0, 0x1f, 0xac, 0x3, 0xf2,
    0x8, 0x7, 0xff, 0xa, 0x40, 0x3f, 0xb8, 0x3,
    0xe2, 0x30, 0xf, 0xdc, 0x1, 0xff, 0xc3, 0x33,
    0x0, 0x7e, 0x41, 0x0, 0xf2, 0x80, 0x7e, 0x15,
    0x0, 0xff, 0xe2, 0x48, 0x7, 0xf3, 0x0, 0x7a,
    0xc0, 0x3f, 0x30, 0x7, 0xff, 0x15, 0x48, 0x3,
    0xf5, 0x0, 0x70, 0x98, 0x7, 0xea, 0x0, 0xff,
    0xe3, 0x58, 0x7, 0xe2, 0x30, 0xc, 0xe0, 0x1f,
    0x8c, 0x80, 0x3f, 0xf8, 0xcc, 0x20, 0x1f, 0xa8,
    0x3, 0x68, 0x7, 0xea, 0x0, 0xff, 0xe4, 0x30,
    0x7, 0xe6, 0x0, 0x85, 0x0, 0x3f, 0x30, 0x7,
    0xff, 0x22, 0x40, 0x3f, 0x94, 0x0, 0xe0, 0x1f,
    0x94, 0x3, 0xff, 0x92, 0x2a, 0x1, 0xfb, 0x80,
    0x1a, 0x1, 0xfa, 0x40, 0x3f, 0xf9, 0x52, 0x1,
    0xf9, 0x4, 0x10, 0x3, 0xe2, 0x30, 0xf, 0xfe,
    0x51, 0xa0, 0x7, 0xe7, 0x50, 0xf, 0xd4, 0x1,
    0xff, 0xcc, 0xf0, 0xf, 0xd5, 0xc0, 0x1f, 0x98,
    0x3, 0xff, 0x98, 0x84, 0x1, 0xf1, 0xa0, 0x7,
    0xc8, 0x20, 0x1f, 0xfc, 0xdb, 0x0, 0xff, 0xe2,
    0x78, 0x7, 0xff, 0x39, 0x84, 0x3, 0xff, 0x84,
    0x28, 0x1, 0xff, 0xcf, 0x60, 0xf, 0xfe, 0x13,
    0x0, 0x7f, 0xf4, 0x24, 0x3, 0xff, 0x85, 0x40,
    0x1f, 0xfd, 0x1, 0x60, 0xf, 0xfe, 0x1, 0x90,
    0x7, 0xff, 0x46, 0xc0, 0x3f, 0xf8, 0x12, 0x1,
    0xff, 0xd2, 0x24, 0x0, 0xff, 0x94, 0x3, 0xff,
    0xa7, 0xe0, 0x1f, 0xe6, 0x0, 0xff, 0xea, 0x28,
    0x7, 0xfa, 0x80, 0x3f, 0xfa, 0x88, 0x1, 0xfc,
    0x46, 0x1, 0xff, 0xd4, 0xe0, 0xf, 0xeb, 0x0,
    0xff, 0xea, 0x12, 0x0, 0x7e, 0x16, 0x0, 0xff,
    0xea, 0x40, 0x7, 0xf4, 0x80, 0x7f, 0xf5, 0x15,
    0x40, 0x1f, 0x85, 0xc0, 0x3f, 0xfa, 0x69, 0x40,
    0x1f, 0xd0, 0x1, 0xff, 0xd3, 0x7b, 0x0, 0xfe,
    0x26, 0x0, 0xff, 0xe5, 0xd, 0x32, 0x1a, 0x34,
    0xf4, 0x0, 0x7f, 0xb8, 0x3, 0xff, 0x96, 0x8b,
    0x37, 0x97, 0x2c, 0x20, 0x1f, 0xe6, 0x30, 0xf,
    0xfe, 0x5e, 0x0, 0x7f, 0xf1, 0x4a, 0x40, 0x3f,
    0xf9, 0x88, 0x1, 0xff, 0xc4, 0x1f, 0x0, 0xff,
    0xe6, 0x9, 0x0, 0x7f, 0xf0, 0xc7, 0x48, 0x3,
    0xff, 0x98, 0x80, 0x1f, 0xfc, 0x32, 0xc3, 0x0,
    0xff, 0xe6, 0xe0, 0x7, 0xff, 0x9, 0x70, 0x80,
    0x3f, 0xf9, 0xce, 0x1, 0xff, 0xc0, 0x4b, 0xa1,
    0x0, 0xff, 0xe7, 0xc3, 0x10, 0x80, 0x71, 0x24,
    0x6d, 0xa0, 0x7, 0xff, 0x45, 0xa7, 0x7b, 0xfb,
    0xaf, 0xdb, 0x72, 0x0, 0xff, 0xe8, 0x0,

    /* U+FF5B "｛" */
    0x0, 0xff, 0xe0, 0x13, 0x44, 0xcf, 0x30, 0x7,
    0xf9, 0xfb, 0x65, 0xd9, 0xbb, 0x40, 0x3f, 0x16,
    0xc0, 0x80, 0x7f, 0xf1, 0x7c, 0x80, 0x3f, 0xf8,
    0xd0, 0x40, 0x1f, 0xfc, 0x76, 0x0, 0xfe, 0x12,
    0x28, 0x3, 0xc8, 0x20, 0x1f, 0x36, 0xf6, 0xea,
    0x40, 0x3c, 0x60, 0x1f, 0x24, 0x90, 0x7, 0xfb,
    0x40, 0x3e, 0xe0, 0xf, 0xfe, 0x0, 0x80, 0x7c,
    0x80, 0x1f, 0xfc, 0x7, 0x0, 0xf8, 0x40, 0x3f,
    0xf8, 0x2, 0x1, 0xff, 0xdd, 0x10, 0xf, 0xfe,
    0xeb, 0x80, 0x7f, 0xf2, 0x4, 0x3, 0xff, 0x90,
    0x60, 0x1f, 0x8, 0x7, 0xff, 0x0, 0x40, 0x3f,
    0xf9, 0x1c, 0x1, 0xf1, 0x80, 0x7f, 0xf0, 0xc,
    0x3, 0xe1, 0x0, 0xff, 0xe0, 0x8, 0x7, 0xff,
    0x21, 0xc0, 0x3e, 0x70, 0xf, 0xfe, 0x0, 0x80,
    0x7f, 0xf7, 0x4c, 0x3, 0xff, 0x90, 0x40, 0x1f,
    0xfc, 0x85, 0x0, 0xf9, 0xc0, 0x3f, 0xf8, 0x1a,
    0x1, 0xf1, 0x0, 0x7f, 0xca, 0x80, 0x1e, 0x21,
    0x0, 0xff, 0x35, 0x0, 0x7c, 0x80, 0x1f, 0x1a,
    0x3e, 0xc8, 0x7, 0xeb, 0x0, 0xfb, 0x6e, 0x8,
    0x3, 0xf4, 0x90, 0x7, 0xff, 0x14, 0x69, 0x80,
    0x3f, 0xf8, 0x85, 0x3c, 0xa0, 0x1f, 0xfc, 0x52,
    0xd5, 0x0, 0xff, 0xe3, 0xa5, 0x58, 0x80, 0x7e,
    0x51, 0x0, 0xfe, 0x4a, 0x0, 0xfd, 0x7d, 0xc8,
    0x10, 0xf, 0x91, 0x40, 0x3f, 0x85, 0xfc, 0xc0,
    0x3e, 0xe0, 0xf, 0xf8, 0x74, 0x3, 0xe4, 0x0,
    0xff, 0xe0, 0xb, 0x80, 0x7c, 0x40, 0x1f, 0xfc,
    0xc, 0x0, 0xf8, 0x40, 0x3f, 0xf8, 0xc, 0x1,
    0xf3, 0x80, 0x7f, 0xf0, 0xc, 0x3, 0xff, 0x90,
    0x60, 0x1f, 0xfd, 0xd1, 0x0, 0xf9, 0xc0, 0x3f,
    0xf8, 0xe, 0x1, 0xff, 0xc8, 0x20, 0xf, 0x84,
    0x3, 0xff, 0x80, 0x20, 0x1f, 0x18, 0x7, 0xff,
    0x3, 0xc0, 0x3f, 0xf9, 0x4, 0x1, 0xff, 0xc8,
    0x10, 0xf, 0x84, 0x3, 0xff, 0x80, 0xe0, 0x1f,
    0xff, 0x21, 0x0, 0xff, 0xe4, 0x8, 0x7, 0xff,
    0x21, 0xc0, 0x3e, 0x10, 0xf, 0xfe, 0x0, 0x80,
    0x7c, 0x40, 0x1f, 0xfc, 0x2, 0x0, 0xfa, 0x80,
    0x3f, 0xf8, 0x1a, 0x1, 0xf3, 0x28, 0x7, 0xfc,
    0x80, 0x1f, 0xab, 0xae, 0xa8, 0xe0, 0x1e, 0x15,
    0x0, 0xfc, 0x28, 0xaa, 0xc0, 0xf, 0xa0, 0x3,
    0xff, 0x90, 0x54, 0x1, 0xff, 0xc8, 0x5c, 0x30,
    0xf, 0xfe, 0x39, 0xe6, 0x21, 0xc, 0x84, 0x78,

    /* U+FF5C "｜" */
    0x12, 0x20, 0x7e, 0xe9, 0xc0, 0x3f, 0xff, 0xe0,
    0x1f, 0xff, 0xf0, 0xf, 0xff, 0xf8, 0x7, 0xff,
    0xac, 0x8a, 0x10,

    /* U+FF5D "｝" */
    0x69, 0x9e, 0x86, 0x20, 0xf, 0xfe, 0x6, 0x33,
    0x73, 0xce, 0xf3, 0x80, 0x7f, 0xf1, 0xc6, 0x34,
    0x80, 0x3f, 0xf8, 0xe5, 0xe0, 0x1f, 0xfc, 0x82,
    0x80, 0xf, 0x8c, 0x88, 0x20, 0x1f, 0xcc, 0x1,
    0xf4, 0xee, 0xbb, 0x8c, 0x1, 0xf0, 0xa0, 0x7,
    0xf8, 0x65, 0x40, 0x3e, 0x30, 0xf, 0xfe, 0x7,
    0x0, 0x7d, 0xa0, 0x1f, 0xfc, 0x5, 0x0, 0xf8,
    0x40, 0x3f, 0xf8, 0x2, 0x1, 0xf3, 0x80, 0x7f,
    0xf2, 0x4, 0x3, 0xff, 0xba, 0x20, 0x1f, 0xfd,
    0xd7, 0x0, 0xff, 0xe4, 0x8, 0x7, 0xff, 0x0,
    0x40, 0x3e, 0x30, 0xf, 0xfe, 0x40, 0x80, 0x7f,
    0xf0, 0xc, 0x3, 0xee, 0x0, 0xff, 0xe4, 0x18,
    0x7, 0xff, 0x0, 0x40, 0x3e, 0x10, 0xf, 0xfe,
    0x43, 0x80, 0x7f, 0xf0, 0x1c, 0x3, 0xe1, 0x0,
    0xff, 0xf5, 0x38, 0x7, 0xc2, 0x1, 0xff, 0xc8,
    0x50, 0xf, 0xfe, 0x1, 0x80, 0x7d, 0xa0, 0x1f,
    0xfc, 0x12, 0x0, 0xf2, 0x28, 0x7, 0xff, 0x1,
    0x0, 0x3e, 0xa7, 0x0, 0xff, 0xac, 0x3, 0xf4,
    0x6c, 0x21, 0x80, 0x7c, 0x52, 0x1, 0xf8, 0x9e,
    0xf4, 0x3, 0xf3, 0x58, 0x80, 0x7f, 0xf1, 0xd3,
    0xa4, 0x80, 0x3f, 0xf8, 0xcb, 0xa4, 0x1, 0xff,
    0xc5, 0xba, 0x40, 0xf, 0xfe, 0x2d, 0xa0, 0x7,
    0xf0, 0x90, 0x7, 0xca, 0x80, 0x1f, 0xc, 0x77,
    0x30, 0x3, 0xee, 0x0, 0xf8, 0xbd, 0xc4, 0x3,
    0xf9, 0x0, 0x3e, 0xc1, 0x0, 0xff, 0x8, 0x7,
    0xce, 0x20, 0x1f, 0xf1, 0x0, 0x7d, 0x80, 0x1f,
    0xfc, 0x7, 0x0, 0xf9, 0x80, 0x3f, 0xff, 0xee,
    0x1, 0xf0, 0x80, 0x7f, 0xf2, 0x1c, 0x3, 0xff,
    0x80, 0x20, 0x1f, 0x10, 0x7, 0xff, 0x20, 0x40,
    0x3f, 0xf8, 0x6, 0x1, 0xf7, 0x80, 0x7f, 0xf2,
    0x8, 0x3, 0xff, 0x80, 0x20, 0x1f, 0x8, 0x7,
    0xff, 0x21, 0xc0, 0x3f, 0xfb, 0xa2, 0x1, 0xff,
    0xc1, 0x10, 0xf, 0xfe, 0x40, 0x80, 0x78, 0x40,
    0x3f, 0xfa, 0xa6, 0x1, 0xf3, 0x80, 0x7f, 0xf0,
    0x2c, 0x3, 0xe3, 0x0, 0xff, 0x95, 0xc0, 0x3e,
    0xd0, 0xf, 0x34, 0xd5, 0xf5, 0x0, 0x7e, 0x40,
    0xf, 0x63, 0x2a, 0x8, 0x7, 0xe4, 0x10, 0xf,
    0xfe, 0x3c, 0x80, 0x7f, 0xf1, 0xe8, 0x80, 0x3f,
    0xf8, 0xa7, 0x8a, 0x1, 0xf8, 0xc4, 0x71, 0x1a,
    0x46, 0x60, 0xc0, 0x3f, 0x80,

    /* U+FF5E "～" */
    0x0, 0xff, 0xe3, 0x89, 0x8, 0x7, 0xff, 0xc1,
    0x23, 0x3f, 0xdd, 0xbd, 0xfd, 0x92, 0x80, 0x1f,
    0xfe, 0x81, 0x8e, 0xb7, 0x30, 0xf, 0x9, 0xb5,
    0xfc, 0x98, 0x7, 0xff, 0x92, 0x39, 0xc4, 0x3,
    0xff, 0x84, 0xd9, 0x44, 0x1, 0xff, 0xe0, 0x4e,
    0x70, 0xf, 0xfe, 0x3a, 0xeb, 0x80, 0x7f, 0xf7,
    0x9e, 0xc4, 0x3, 0xff, 0x95, 0x16, 0x1, 0xff,
    0xcd, 0x72, 0x0, 0xff, 0xe0, 0xcc, 0x0, 0x7f,
    0xf3, 0x53, 0x48, 0x3, 0xff, 0x94, 0x91, 0xb2,
    0x20, 0x1f, 0xe9, 0x60, 0xf, 0xfe, 0x79, 0x61,
    0x0, 0x7f, 0xf2, 0x6, 0x80, 0xd, 0xce, 0x1,
    0xfa, 0x18, 0x3, 0xff, 0xa2, 0x38, 0x40, 0x1f,
    0xfc, 0x7b, 0x10, 0xd, 0x1c, 0xc0, 0x1c, 0xae,
    0x1, 0xff, 0xc1, 0x12, 0x32, 0x0, 0xff, 0xe1,
    0xe, 0x10, 0x7, 0xff, 0x16, 0x14, 0x3, 0xc3,
    0x3a, 0x20, 0x2, 0xa0, 0xf, 0xf8, 0x63, 0x7b,
    0x73, 0x7f, 0x64, 0x80, 0x3f, 0xe1, 0xc3, 0x0,
    0xff, 0xe1, 0xc3, 0x80, 0x7f, 0x8, 0x80, 0x1c,
    0x1, 0xff, 0x3f, 0x39, 0x0, 0x71, 0x36, 0xc8,
    0x7, 0xfc, 0x38, 0xe0, 0x1f, 0xfc, 0x1a, 0x70,
    0xf, 0xf7, 0x80, 0x18, 0xc0, 0x3f, 0xd7, 0x0,
    0x1f, 0xf3, 0x69, 0x80, 0x7f, 0xd1, 0x86, 0x1,
    0xfc, 0x9a, 0xa0, 0x1f, 0xe7, 0x30, 0x19, 0x0,
    0xfe, 0x1d, 0x40, 0xf, 0xfe, 0x9, 0x62, 0x0,
    0x7f, 0xc7, 0x9b, 0xa, 0x64, 0x44, 0x8d, 0xb2,
    0x0, 0xff, 0x1c, 0x0, 0x6, 0x4, 0x3, 0xf6,
    0x90, 0x7, 0xff, 0x12, 0xd4, 0x3, 0xff, 0x80,
    0x4f, 0x59, 0xba, 0xb7, 0x20, 0xf, 0xf8, 0x74,
    0x3, 0x3f, 0xb8, 0x7, 0xa4, 0xc0, 0x3f, 0xf8,
    0xd4, 0xa0, 0x1f, 0xfd, 0x3a, 0x10, 0xe, 0x18,
    0xe5, 0x0, 0x95, 0x80, 0x3f, 0xf9, 0x14, 0xa0,
    0x1f, 0xfd, 0x1b, 0x40, 0xf, 0xc3, 0x58, 0x81,
    0x60, 0x1f, 0xfc, 0xaa, 0x70, 0xf, 0xfe, 0x7d,
    0xa0, 0x7, 0xfc, 0x77, 0xc2, 0x1, 0xff, 0xcb,
    0x8a, 0x0, 0xff, 0xe6, 0x16, 0xa0, 0x7, 0xff,
    0x8, 0x40, 0x3f, 0xf9, 0xab, 0xc8, 0x1, 0xff,
    0xc9, 0x6d, 0x20, 0xf, 0xfe, 0xf0, 0xdd, 0x88,
    0x3, 0xff, 0x8a, 0x9b, 0x20, 0x1f, 0xfe, 0x24,
    0xdc, 0x51, 0x0, 0xff, 0x85, 0xf6, 0xc8, 0x3,
    0xff, 0xca, 0x75, 0xd9, 0x2e, 0xa8, 0x68, 0xad,
    0x3b, 0xd0, 0x40, 0x1f, 0xfc, 0x0
};


/*---------------------
 *  GLYPH DESCRIPTION
 *--------------------*/

static const lv_font_fmt_txt_glyph_dsc_t glyph_dsc[] = {
    {.bitmap_index = 0, .adv_w = 0, .box_w = 0, .box_h = 0, .ofs_x = 0, .ofs_y = 0} /* id = 0 reserved */,
    {.bitmap_index = 0, .adv_w = 1109, .box_w = 66, .box_h = 55, .ofs_x = 2, .ofs_y = -1},
    {.bitmap_index = 915, .adv_w = 680, .box_w = 38, .box_h = 38, .ofs_x = 2, .ofs_y = 8},
    {.bitmap_index = 1013, .adv_w = 426, .box_w = 21, .box_h = 8, .ofs_x = 3, .ofs_y = 17},
    {.bitmap_index = 1028, .adv_w = 374, .box_w = 14, .box_h = 14, .ofs_x = 5, .ofs_y = -1},
    {.bitmap_index = 1093, .adv_w = 680, .box_w = 37, .box_h = 55, .ofs_x = 3, .ofs_y = -1},
    {.bitmap_index = 1592, .adv_w = 680, .box_w = 33, .box_h = 53, .ofs_x = 5, .ofs_y = 0},
    {.bitmap_index = 1712, .adv_w = 680, .box_w = 37, .box_h = 54, .ofs_x = 2, .ofs_y = 0},
    {.bitmap_index = 2109, .adv_w = 680, .box_w = 38, .box_h = 55, .ofs_x = 1, .ofs_y = -1},
    {.bitmap_index = 2566, .adv_w = 680, .box_w = 40, .box_h = 53, .ofs_x = 1, .ofs_y = 0},
    {.bitmap_index = 2820, .adv_w = 680, .box_w = 38, .box_h = 54, .ofs_x = 1, .ofs_y = -1},
    {.bitmap_index = 3224, .adv_w = 680, .box_w = 37, .box_h = 55, .ofs_x = 3, .ofs_y = -1},
    {.bitmap_index = 3742, .adv_w = 680, .box_w = 37, .box_h = 53, .ofs_x = 3, .ofs_y = 0},
    {.bitmap_index = 4042, .adv_w = 680, .box_w = 37, .box_h = 55, .ofs_x = 3, .ofs_y = -1},
    {.bitmap_index = 4594, .adv_w = 680, .box_w = 37, .box_h = 55, .ofs_x = 2, .ofs_y = -1},
    {.bitmap_index = 5115, .adv_w = 374, .box_w = 14, .box_h = 41, .ofs_x = 5, .ofs_y = -1},
    {.bitmap_index = 5257, .adv_w = 756, .box_w = 43, .box_h = 55, .ofs_x = 3, .ofs_y = -1},
    {.bitmap_index = 5723, .adv_w = 465, .box_w = 23, .box_h = 23, .ofs_x = 3, .ofs_y = 33},
    {.bitmap_index = 5901, .adv_w = 1046, .box_w = 59, .box_h = 7, .ofs_x = 3, .ofs_y = 17},
    {.bitmap_index = 5922, .adv_w = 1152, .box_w = 13, .box_h = 23, .ofs_x = 57, .ofs_y = 39},
    {.bitmap_index = 6024, .adv_w = 1152, .box_w = 13, .box_h = 23, .ofs_x = 2, .ofs_y = 38},
    {.bitmap_index = 6130, .adv_w = 1152, .box_w = 28, .box_h = 23, .ofs_x = 43, .ofs_y = 39},
    {.bitmap_index = 6343, .adv_w = 1152, .box_w = 28, .box_h = 23, .ofs_x = 1, .ofs_y = 38},
    {.bitmap_index = 6564, .adv_w = 1152, .box_w = 25, .box_h = 23, .ofs_x = 2, .ofs_y = -5},
    {.bitmap_index = 6718, .adv_w = 1152, .box_w = 24, .box_h = 24, .ofs_x = 2, .ofs_y = -6},
    {.bitmap_index = 6914, .adv_w = 1152, .box_w = 64, .box_h = 65, .ofs_x = 1, .ofs_y = -7},
    {.bitmap_index = 7388, .adv_w = 1152, .box_w = 51, .box_h = 63, .ofs_x = 11, .ofs_y = -6},
    {.bitmap_index = 7556, .adv_w = 1152, .box_w = 60, .box_h = 65, .ofs_x = 1, .ofs_y = -7},
    {.bitmap_index = 7960, .adv_w = 1152, .box_w = 14, .box_h = 55, .ofs_x = 11, .ofs_y = -1},
    {.bitmap_index = 8165, .adv_w = 1152, .box_w = 30, .box_h = 28, .ofs_x = 21, .ofs_y = 36},
    {.bitmap_index = 8374, .adv_w = 1152, .box_w = 50, .box_h = 55, .ofs_x = 11, .ofs_y = 0},
    {.bitmap_index = 8899, .adv_w = 1152, .box_w = 41, .box_h = 72, .ofs_x = 15, .ofs_y = -9},
    {.bitmap_index = 9450, .adv_w = 1152, .box_w = 66, .box_h = 57, .ofs_x = 3, .ofs_y = -1},
    {.bitmap_index = 10380, .adv_w = 1152, .box_w = 50, .box_h = 56, .ofs_x = 12, .ofs_y = -1},
    {.bitmap_index = 11055, .adv_w = 1152, .box_w = 12, .box_h = 28, .ofs_x = 30, .ofs_y = 36},
    {.bitmap_index = 11155, .adv_w = 1152, .box_w = 22, .box_h = 70, .ofs_x = 47, .ofs_y = -8},
    {.bitmap_index = 11556, .adv_w = 1152, .box_w = 22, .box_h = 70, .ofs_x = 3, .ofs_y = -8},
    {.bitmap_index = 11965, .adv_w = 1152, .box_w = 52, .box_h = 57, .ofs_x = 10, .ofs_y = -1},
    {.bitmap_index = 12505, .adv_w = 1152, .box_w = 52, .box_h = 52, .ofs_x = 10, .ofs_y = 1},
    {.bitmap_index = 12667, .adv_w = 1152, .box_w = 18, .box_h = 29, .ofs_x = 11, .ofs_y = -11},
    {.bitmap_index = 12833, .adv_w = 1152, .box_w = 52, .box_h = 8, .ofs_x = 10, .ofs_y = 23},
    {.bitmap_index = 12857, .adv_w = 1152, .box_w = 16, .box_h = 15, .ofs_x = 12, .ofs_y = 1},
    {.bitmap_index = 12936, .adv_w = 1152, .box_w = 68, .box_h = 69, .ofs_x = 2, .ofs_y = -7},
    {.bitmap_index = 13371, .adv_w = 1152, .box_w = 42, .box_h = 56, .ofs_x = 15, .ofs_y = -1},
    {.bitmap_index = 13911, .adv_w = 1152, .box_w = 42, .box_h = 54, .ofs_x = 15, .ofs_y = 0},
    {.bitmap_index = 14064, .adv_w = 1152, .box_w = 42, .box_h = 55, .ofs_x = 15, .ofs_y = 0},
    {.bitmap_index = 14492, .adv_w = 1152, .box_w = 42, .box_h = 56, .ofs_x = 14, .ofs_y = -1},
    {.bitmap_index = 15009, .adv_w = 1152, .box_w = 44, .box_h = 54, .ofs_x = 15, .ofs_y = 0},
    {.bitmap_index = 15290, .adv_w = 1152, .box_w = 41, .box_h = 55, .ofs_x = 15, .ofs_y = -1},
    {.bitmap_index = 15723, .adv_w = 1152, .box_w = 40, .box_h = 56, .ofs_x = 16, .ofs_y = -1},
    {.bitmap_index = 16270, .adv_w = 1152, .box_w = 40, .box_h = 54, .ofs_x = 16, .ofs_y = 0},
    {.bitmap_index = 16585, .adv_w = 1152, .box_w = 42, .box_h = 56, .ofs_x = 15, .ofs_y = -1},
    {.bitmap_index = 17189, .adv_w = 1152, .box_w = 40, .box_h = 56, .ofs_x = 16, .ofs_y = -1},
    {.bitmap_index = 17745, .adv_w = 1152, .box_w = 14, .box_h = 49, .ofs_x = 11, .ofs_y = -1},
    {.bitmap_index = 17897, .adv_w = 1152, .box_w = 18, .box_h = 61, .ofs_x = 9, .ofs_y = -13},
    {.bitmap_index = 18161, .adv_w = 1152, .box_w = 58, .box_h = 57, .ofs_x = 7, .ofs_y = -1},
    {.bitmap_index = 18687, .adv_w = 1152, .box_w = 52, .box_h = 25, .ofs_x = 10, .ofs_y = 16},
    {.bitmap_index = 18759, .adv_w = 1152, .box_w = 58, .box_h = 57, .ofs_x = 7, .ofs_y = -1},
    {.bitmap_index = 19285, .adv_w = 1152, .box_w = 32, .box_h = 56, .ofs_x = 2, .ofs_y = -1},
    {.bitmap_index = 19665, .adv_w = 1152, .box_w = 66, .box_h = 68, .ofs_x = 3, .ofs_y = -6},
    {.bitmap_index = 20728, .adv_w = 1152, .box_w = 53, .box_h = 54, .ofs_x = 9, .ofs_y = 0},
    {.bitmap_index = 21281, .adv_w = 1152, .box_w = 45, .box_h = 54, .ofs_x = 15, .ofs_y = 0},
    {.bitmap_index = 21656, .adv_w = 1152, .box_w = 47, .box_h = 56, .ofs_x = 14, .ofs_y = -1},
    {.bitmap_index = 22157, .adv_w = 1152, .box_w = 46, .box_h = 54, .ofs_x = 14, .ofs_y = 0},
    {.bitmap_index = 22534, .adv_w = 1152, .box_w = 39, .box_h = 54, .ofs_x = 18, .ofs_y = 0},
    {.bitmap_index = 22661, .adv_w = 1152, .box_w = 38, .box_h = 54, .ofs_x = 19, .ofs_y = 0},
    {.bitmap_index = 22787, .adv_w = 1152, .box_w = 49, .box_h = 56, .ofs_x = 11, .ofs_y = -1},
    {.bitmap_index = 23283, .adv_w = 1152, .box_w = 46, .box_h = 54, .ofs_x = 13, .ofs_y = 0},
    {.bitmap_index = 23417, .adv_w = 1152, .box_w = 41, .box_h = 54, .ofs_x = 16, .ofs_y = 0},
    {.bitmap_index = 23550, .adv_w = 1152, .box_w = 37, .box_h = 55, .ofs_x = 15, .ofs_y = -1},
    {.bitmap_index = 23779, .adv_w = 1152, .box_w = 48, .box_h = 54, .ofs_x = 15, .ofs_y = 0},
    {.bitmap_index = 24190, .adv_w = 1152, .box_w = 37, .box_h = 54, .ofs_x = 20, .ofs_y = 0},
    {.bitmap_index = 24290, .adv_w = 1152, .box_w = 54, .box_h = 54, .ofs_x = 9, .ofs_y = 0},
    {.bitmap_index = 24802, .adv_w = 1152, .box_w = 46, .box_h = 54, .ofs_x = 13, .ofs_y = 0},
    {.bitmap_index = 25154, .adv_w = 1152, .box_w = 54, .box_h = 56, .ofs_x = 9, .ofs_y = -1},
    {.bitmap_index = 25772, .adv_w = 1152, .box_w = 43, .box_h = 54, .ofs_x = 16, .ofs_y = 0},
    {.bitmap_index = 26056, .adv_w = 1152, .box_w = 57, .box_h = 70, .ofs_x = 9, .ofs_y = -15},
    {.bitmap_index = 26828, .adv_w = 1152, .box_w = 45, .box_h = 55, .ofs_x = 16, .ofs_y = -1},
    {.bitmap_index = 27201, .adv_w = 1152, .box_w = 45, .box_h = 56, .ofs_x = 14, .ofs_y = -1},
    {.bitmap_index = 27748, .adv_w = 1152, .box_w = 48, .box_h = 54, .ofs_x = 12, .ofs_y = 0},
    {.bitmap_index = 27885, .adv_w = 1152, .box_w = 47, .box_h = 55, .ofs_x = 13, .ofs_y = -1},
    {.bitmap_index = 28208, .adv_w = 1152, .box_w = 52, .box_h = 54, .ofs_x = 10, .ofs_y = 0},
    {.bitmap_index = 28791, .adv_w = 1152, .box_w = 72, .box_h = 54, .ofs_x = 0, .ofs_y = 0},
    {.bitmap_index = 29766, .adv_w = 1152, .box_w = 48, .box_h = 54, .ofs_x = 12, .ofs_y = 0},
    {.bitmap_index = 30358, .adv_w = 1152, .box_w = 48, .box_h = 54, .ofs_x = 12, .ofs_y = 0},
    {.bitmap_index = 30767, .adv_w = 1152, .box_w = 44, .box_h = 54, .ofs_x = 14, .ofs_y = 0},
    {.bitmap_index = 31090, .adv_w = 1152, .box_w = 19, .box_h = 68, .ofs_x = 51, .ofs_y = -6},
    {.bitmap_index = 31166, .adv_w = 1152, .box_w = 68, .box_h = 69, .ofs_x = 2, .ofs_y = -7},
    {.bitmap_index = 31596, .adv_w = 1152, .box_w = 19, .box_h = 68, .ofs_x = 2, .ofs_y = -6},
    {.bitmap_index = 31672, .adv_w = 1152, .box_w = 26, .box_h = 11, .ofs_x = 24, .ofs_y = 58},
    {.bitmap_index = 31762, .adv_w = 1152, .box_w = 72, .box_h = 4, .ofs_x = 0, .ofs_y = -9},
    {.bitmap_index = 31775, .adv_w = 1152, .box_w = 20, .box_h = 11, .ofs_x = 22, .ofs_y = 58},
    {.bitmap_index = 31837, .adv_w = 1152, .box_w = 39, .box_h = 43, .ofs_x = 16, .ofs_y = -1},
    {.bitmap_index = 32235, .adv_w = 1152, .box_w = 42, .box_h = 59, .ofs_x = 16, .ofs_y = -1},
    {.bitmap_index = 32629, .adv_w = 1152, .box_w = 40, .box_h = 43, .ofs_x = 17, .ofs_y = -1},
    {.bitmap_index = 33008, .adv_w = 1152, .box_w = 42, .box_h = 59, .ofs_x = 14, .ofs_y = -1},
    {.bitmap_index = 33399, .adv_w = 1152, .box_w = 42, .box_h = 43, .ofs_x = 15, .ofs_y = -1},
    {.bitmap_index = 33782, .adv_w = 1152, .box_w = 42, .box_h = 60, .ofs_x = 18, .ofs_y = -1},
    {.bitmap_index = 34045, .adv_w = 1152, .box_w = 44, .box_h = 60, .ofs_x = 15, .ofs_y = -18},
    {.bitmap_index = 34654, .adv_w = 1152, .box_w = 40, .box_h = 58, .ofs_x = 16, .ofs_y = 0},
    {.bitmap_index = 34888, .adv_w = 1152, .box_w = 14, .box_h = 60, .ofs_x = 29, .ofs_y = 0},
    {.bitmap_index = 34990, .adv_w = 1152, .box_w = 41, .box_h = 58, .ofs_x = 18, .ofs_y = 0},
    {.bitmap_index = 35324, .adv_w = 1152, .box_w = 27, .box_h = 59, .ofs_x = 29, .ofs_y = -1},
    {.bitmap_index = 35498, .adv_w = 1152, .box_w = 66, .box_h = 42, .ofs_x = 3, .ofs_y = 0},
    {.bitmap_index = 35846, .adv_w = 1152, .box_w = 40, .box_h = 42, .ofs_x = 16, .ofs_y = 0},
    {.bitmap_index = 36061, .adv_w = 1152, .box_w = 44, .box_h = 43, .ofs_x = 14, .ofs_y = -1},
    {.bitmap_index = 36503, .adv_w = 1152, .box_w = 42, .box_h = 58, .ofs_x = 16, .ofs_y = -16},
    {.bitmap_index = 36906, .adv_w = 1152, .box_w = 42, .box_h = 58, .ofs_x = 14, .ofs_y = -16},
    {.bitmap_index = 37310, .adv_w = 1152, .box_w = 36, .box_h = 42, .ofs_x = 21, .ofs_y = 0},
    {.bitmap_index = 37508, .adv_w = 1152, .box_w = 40, .box_h = 43, .ofs_x = 16, .ofs_y = -1},
    {.bitmap_index = 37938, .adv_w = 1152, .box_w = 42, .box_h = 53, .ofs_x = 15, .ofs_y = -1},
    {.bitmap_index = 38202, .adv_w = 1152, .box_w = 39, .box_h = 42, .ofs_x = 16, .ofs_y = -1},
    {.bitmap_index = 38411, .adv_w = 1152, .box_w = 44, .box_h = 41, .ofs_x = 14, .ofs_y = 0},
    {.bitmap_index = 38835, .adv_w = 1152, .box_w = 66, .box_h = 41, .ofs_x = 3, .ofs_y = 0},
    {.bitmap_index = 39550, .adv_w = 1152, .box_w = 42, .box_h = 41, .ofs_x = 15, .ofs_y = 0},
    {.bitmap_index = 39982, .adv_w = 1152, .box_w = 44, .box_h = 58, .ofs_x = 14, .ofs_y = -17},
    {.bitmap_index = 40533, .adv_w = 1152, .box_w = 21, .box_h = 69, .ofs_x = 49, .ofs_y = -7},
    {.bitmap_index = 40861, .adv_w = 1152, .box_w = 4, .box_h = 73, .ofs_x = 34, .ofs_y = -9},
    {.bitmap_index = 40880, .adv_w = 1152, .box_w = 21, .box_h = 69, .ofs_x = 2, .ofs_y = -7},
    {.bitmap_index = 41197, .adv_w = 1152, .box_w = 68, .box_h = 23, .ofs_x = 2, .ofs_y = 16}
};

/*---------------------
 *  CHARACTER MAPPING
 *--------------------*/

static const uint16_t unicode_list_0[] = {
    0x0, 0x6, 0x8, 0x9, 0xb, 0xc, 0xd, 0xe,
    0xf, 0x10, 0x11, 0x12, 0x13, 0x14, 0x15, 0x1e,
    0x8b, 0x1fef, 0x1ff3, 0x1ff4, 0x1ff7, 0x1ff8, 0x2fdc, 0x2fdd,
    0x5443, 0x65c0, 0x66e3
};

/*Collect the unicode lists and glyph_id offsets*/
static const lv_font_fmt_txt_cmap_t cmaps[] =
{
    {
        .range_start = 37, .range_length = 26340, .glyph_id_start = 1,
        .unicode_list = unicode_list_0, .glyph_id_ofs_list = NULL, .list_length = 27, .type = LV_FONT_FMT_TXT_CMAP_SPARSE_TINY
    },
    {
        .range_start = 65281, .range_length = 73, .glyph_id_start = 28,
        .unicode_list = NULL, .glyph_id_ofs_list = NULL, .list_length = 0, .type = LV_FONT_FMT_TXT_CMAP_FORMAT0_TINY
    },
    {
        .range_start = 65355, .range_length = 15, .glyph_id_start = 101,
        .unicode_list = NULL, .glyph_id_ofs_list = NULL, .list_length = 0, .type = LV_FONT_FMT_TXT_CMAP_FORMAT0_TINY
    },
    {
        .range_start = 65371, .range_length = 4, .glyph_id_start = 116,
        .unicode_list = NULL, .glyph_id_ofs_list = NULL, .list_length = 0, .type = LV_FONT_FMT_TXT_CMAP_FORMAT0_TINY
    }
};

/*-----------------
 *    KERNING
 *----------------*/


/*Pair left and right glyphs for kerning*/
static const uint8_t kern_pair_glyph_ids[] =
{
    16, 3,
    16, 16,
    16, 18
};

/* Kerning between the respective left and right glyphs
 * 4.4 format which needs to scaled with `kern_scale`*/
static const int8_t kern_pair_values[] =
{
    -50, -51, -50
};

/*Collect the kern pair's data in one place*/
static const lv_font_fmt_txt_kern_pair_t kern_pairs =
{
    .glyph_ids = kern_pair_glyph_ids,
    .values = kern_pair_values,
    .pair_cnt = 3,
    .glyph_ids_size = 0
};

/*--------------------
 *  ALL CUSTOM DATA
 *--------------------*/

#if LVGL_VERSION_MAJOR == 8
/*Store all the custom data of the font*/
static  lv_font_fmt_txt_glyph_cache_t cache;
#endif

#if LVGL_VERSION_MAJOR >= 8
static const lv_font_fmt_txt_dsc_t font_dsc = {
#else
static lv_font_fmt_txt_dsc_t font_dsc = {
#endif
    .glyph_bitmap = glyph_bitmap,
    .glyph_dsc = glyph_dsc,
    .cmaps = cmaps,
    .kern_dsc = &kern_pairs,
    .kern_scale = 16,
    .cmap_num = 4,
    .bpp = 4,
    .kern_classes = 0,
    .bitmap_format = 1,
#if LVGL_VERSION_MAJOR == 8
    .cache = &cache
#endif
};



/*-----------------
 *  PUBLIC FONT
 *----------------*/

/*Initialize a public general font descriptor*/
#if LVGL_VERSION_MAJOR >= 8
const lv_font_t font_time_display_72 = {
#else
lv_font_t font_time_display_72 = {
#endif
    .get_glyph_dsc = lv_font_get_glyph_dsc_fmt_txt,    /*Function pointer to get glyph's data*/
    .get_glyph_bitmap = lv_font_get_bitmap_fmt_txt,    /*Function pointer to get glyph's bitmap*/
    .line_height = 87,          /*The maximum line height required by the font*/
    .base_line = 18,             /*Baseline measured from the bottom of the line*/
#if !(LVGL_VERSION_MAJOR == 6 && LVGL_VERSION_MINOR == 0)
    .subpx = LV_FONT_SUBPX_NONE,
#endif
#if LV_VERSION_CHECK(7, 4, 0) || LVGL_VERSION_MAJOR >= 8
    .underline_position = -9,
    .underline_thickness = 4,
#endif
    .dsc = &font_dsc,          /*The custom font data. Will be accessed by `get_glyph_bitmap/dsc` */
#if LV_VERSION_CHECK(8, 2, 0) || LVGL_VERSION_MAJOR >= 9
    .fallback = NULL,
#endif
    .user_data = NULL,
};



#endif /*#if FONT_TIME_DISPLAY_72*/

