/*******************************************************************************
 * Size: 14 px
 * Bpp: 4
 * Opts: --font C:\Users\Administrator\Downloads\AIWatch\assets\fonts\noto-sans-sc-v40-chinese-simplified-regular.ttf --format lvgl --lv-include lvgl.h --bpp 4 --size 14 --range 0x20-0x7F,0x2014,0x2018-0x2019,0x201C-0x201D,0x3001,0x3002,0xFF01-0xFF5E --symbols #AI手表U设计规格文档基于ESP32-.06寸MOLD触控开发板（分辨率*41×5px，Q接口双麦克风阵列）用quareintdo+VGv8界面搭建>屏幕础参数：圆角矩形盘非全议工程置为`Rsl:Chb(B)或按驱动实际多/。局坐标系以左上,X向右Y下通组件范|状态栏时间字体白色F式H顶部题高度约应图钮直径纯背景线性居中方签与距行7含隔强调主粉播放进、绿步红橙番茄钟蓝天气牙紫音乐卡片壁纸页黑省电总览预九宫途菜单冠入各功能模块布结构[]🔋%月日周六对话细节画位=y号粗期灰池百比齐网容器起始9均第~底水平齿轮"_j作cfg每个内嵌m点击事跳转到所需资源尺说明N透条晴云机人彩跑符矢量显示据依赖统TW连同读取压硬路换无外络默认待落山渐变空脉倒影湖大定📍北京半叠加层宽°侧竖排指使在和J可做套供户切商店小共城市名若载如德腾讯服务逆地理编码见只子集一本缓存最近次请求果减少频刷新区太阳其再箭头报留逐等纵刻温的胶囊拖拽提滑查看更合展横包裹简拟现势雨雪雷种缩版重要过推荐国有免费额w及心知科学海经纬K返回解析段当前描述代未来端映射储因备不便并避繁耗流泡像消息深附边你好！什么我帮吗？历史完整项两略戳例写份目划书怎样些适阅长自义滚唤醒录悬浮波拾帧选序核这是力语输采活检测降噪智生案k信支持配三飞阿里识别先型z<将复成微软联记挂{}架仅关后处轻算央环顺针递剩余专注操匀暂停秒&逻辑；送鞋偏紧贴火焰公柱详趋法速确具传感—常峰值库阈窗估幅验离精轨迹该否则健康类歌曲封垂制填充已随喇叭占根出扬声获易带从典遥保启续亮黄言球靠至满二级择协栈管光寄般境增益串固址久化导航键首情卸优框链杂问还决清仓抓命搜索引擎收眼夹习惯缀驼即改响打致原勾除另颜闪而💡准积铺会很快吃道素译灵阴雾霾也绘枚举拉裁聆听呼吸效循灯替真杠阶者造思晰巴普惠丰富霞鹜楷得意泼想把塞几万十扛住必须正副艺术家辅助骤官汉访就抗锯且霜冷热今年四五星汇去缺证英令\都涉运批属被纳围匹考张够独相给渲染走∶ -o C:\Users\Administrator\Downloads\AIWatch\assets\fonts\lvgl\font_body_medium_14.c
 ******************************************************************************/

#ifdef LV_LVGL_H_INCLUDE_SIMPLE
#include "lvgl.h"
#else
#include "lvgl.h"
#endif

#ifndef FONT_BODY_MEDIUM_14
#define FONT_BODY_MEDIUM_14 1
#endif

#if FONT_BODY_MEDIUM_14

/*-----------------
 *    BITMAPS
 *----------------*/

/*Store the image of the glyphs*/
static LV_ATTRIBUTE_LARGE_CONST const uint8_t glyph_bitmap[] = {
    /* U+0020 " " */

    /* U+0021 "!" */
    0x6e, 0x3, 0x30, 0x6, 0x10, 0x8, 0x41, 0xc0,
    0x27, 0x2, 0xd0, 0x16, 0x7, 0xe1, 0x0, 0x80,

    /* U+0022 "\"" */
    0xb9, 0xf, 0x50, 0xe, 0x2e, 0x2, 0x61, 0x10,
    0x8, 0xa5, 0x83, 0x48,

    /* U+0023 "#" */
    0x0, 0x33, 0x1, 0xd4, 0x2, 0xe2, 0xe, 0x60,
    0x8, 0x98, 0x8, 0x80, 0x3c, 0xb9, 0xc9, 0xe8,
    0x3c, 0x5d, 0xc2, 0xe4, 0x0, 0xe1, 0x0, 0xc2,
    0x4, 0xe0, 0x6, 0xe3, 0xec, 0x4e, 0x6, 0xa7,
    0xeb, 0x8e, 0x0, 0x17, 0x1, 0x10, 0x2, 0xe2,
    0xe, 0x60, 0x0,

    /* U+0024 "$" */
    0x0, 0xa1, 0x80, 0x34, 0xbc, 0xc8, 0x0, 0xe9,
    0x9a, 0x6a, 0x18, 0xa6, 0x54, 0xa0, 0x26, 0x1,
    0xd2, 0x96, 0x40, 0x11, 0xeb, 0xeb, 0x80, 0x45,
    0x93, 0xc, 0x1, 0x99, 0x9a, 0x1, 0xdc, 0xe1,
    0xce, 0x47, 0x56, 0x1b, 0x9b, 0x8a, 0xe0, 0x76,
    0xf3, 0x0, 0x1b, 0x14, 0x0,

    /* U+0025 "%" */
    0x6, 0xdd, 0x18, 0x4, 0xce, 0x1, 0x15, 0xef,
    0xf0, 0x5, 0x4e, 0x1, 0x3a, 0x1, 0x0, 0x83,
    0xd0, 0x6, 0x31, 0x0, 0x9, 0x85, 0xb0, 0x6,
    0x31, 0x0, 0x9, 0xbd, 0x1e, 0x61, 0x1, 0x1c,
    0x50, 0x1, 0x6d, 0xdd, 0x50, 0xd, 0xe4, 0x7c,
    0xc8, 0xc4, 0x88, 0xa6, 0xb, 0xb8, 0x68, 0xae,
    0xc0, 0x1, 0x60, 0xd, 0x32, 0x7, 0x10, 0x0,
    0x88, 0x2, 0x14, 0x50, 0x35, 0x11, 0x2a, 0x0,
    0x51, 0x0, 0xa, 0xb3, 0x16, 0x0,

    /* U+0026 "&" */
    0x0, 0x1e, 0xf4, 0x0, 0x7b, 0x67, 0xd8, 0x80,
    0x30, 0x89, 0x4, 0x3, 0xc2, 0x5, 0xa, 0x40,
    0x1c, 0x9a, 0x94, 0x1, 0xc6, 0x81, 0xc2, 0x5,
    0xa0, 0x3b, 0xf, 0xe0, 0xa, 0x40, 0x73, 0x78,
    0x6b, 0x26, 0xa0, 0x10, 0xa, 0x9f, 0x50, 0xc1,
    0x4a, 0x4, 0x80, 0xa, 0xe0, 0x56, 0x9d, 0xa9,
    0xf5, 0x41,

    /* U+0027 "'" */
    0xb9, 0x0, 0x17, 0x8, 0xa5, 0x80,

    /* U+0028 "(" */
    0x0, 0x40, 0x1, 0xc, 0x1, 0xfe, 0x1, 0x54,
    0x4, 0x50, 0x6, 0x18, 0x0, 0xf8, 0x0, 0x26,
    0x0, 0x13, 0x0, 0x1f, 0x0, 0x3c, 0x80, 0x8,
    0x80, 0x1, 0x10, 0xc0, 0x13, 0x20, 0x2, 0x98,
    0x0,

    /* U+0029 ")" */
    0x26, 0x0, 0x14, 0x8, 0x1, 0x98, 0x0, 0xba,
    0x0, 0x19, 0x8, 0x0, 0xd4, 0x0, 0xc2, 0x1,
    0x18, 0x4, 0x60, 0x6, 0x10, 0x1, 0x28, 0x11,
    0x88, 0x55, 0x0, 0xa, 0xc0, 0x54, 0x20,

    /* U+002A "*" */
    0x0, 0x15, 0x0, 0x50, 0xae, 0xe4, 0xd, 0xa2,
    0xe5, 0x4, 0x35, 0x11, 0x1, 0xd5, 0x38, 0x0,

    /* U+002B "+" */
    0x0, 0x88, 0x40, 0x3d, 0xe, 0x1, 0xff, 0xc7,
    0x7f, 0xf2, 0xcf, 0xf8, 0xdf, 0xfc, 0xb3, 0xfe,
    0x30, 0xf, 0xfe, 0x20,

    /* U+002C "," */
    0x9, 0x90, 0x0, 0x98, 0x1, 0x62, 0x0, 0x99,
    0x0, 0xfb, 0x80,

    /* U+002D "-" */
    0x5e, 0xe8, 0xd7, 0xfe, 0x30,

    /* U+002E "." */
    0xca, 0x0, 0x0,

    /* U+002F "/" */
    0x0, 0xd8, 0x40, 0x10, 0x88, 0x80, 0x27, 0x50,
    0xd, 0xb6, 0x1, 0x94, 0xc0, 0x24, 0x40, 0x6,
    0xdf, 0x0, 0xc8, 0xa0, 0x11, 0xb0, 0x6, 0x4c,
    0x0, 0xd6, 0xa0, 0x10, 0x88, 0x80, 0x27, 0x50,
    0xd, 0xb6, 0x1, 0x80,

    /* U+0030 "0" */
    0x0, 0x47, 0x71, 0x80, 0x27, 0x5c, 0xd9, 0x40,
    0x4, 0xc1, 0x1b, 0xf0, 0x10, 0xa0, 0x3, 0x10,
    0x4, 0x4, 0x0, 0xc2, 0xe, 0x1, 0xe1, 0x70,
    0xc, 0x20, 0x22, 0x1, 0x0, 0x38, 0x81, 0xa,
    0x0, 0x31, 0x0, 0x13, 0x4, 0x8f, 0x20, 0x7,
    0x5c, 0xa9, 0x30,

    /* U+0031 "1" */
    0x16, 0xdc, 0x0, 0x16, 0x0, 0x63, 0xaa, 0x0,
    0x7f, 0xf6, 0xc4, 0x5e, 0x23, 0x6f, 0x39, 0x76,
    0x0,

    /* U+0032 "2" */
    0x4, 0xcf, 0xd5, 0x0, 0x1d, 0x4f, 0x55, 0x8,
    0xf, 0xd4, 0x5c, 0x94, 0x0, 0x20, 0x13, 0x78,
    0x7, 0x97, 0x40, 0x39, 0x41, 0x40, 0x30, 0xdc,
    0x0, 0x75, 0x2b, 0x0, 0x6a, 0x6a, 0x0, 0xd4,
    0x9e, 0x20, 0x12, 0xa8, 0x77, 0xfe, 0x10,

    /* U+0033 "3" */
    0x4, 0xcf, 0xe7, 0x0, 0x4d, 0x75, 0xc2, 0x86,
    0xb0, 0xaa, 0x60, 0x7, 0x38, 0x80, 0x43, 0x5,
    0x20, 0x8, 0xe7, 0xa1, 0x0, 0x47, 0x55, 0x14,
    0x2, 0x15, 0x8b, 0x0, 0xf9, 0x75, 0x9, 0x21,
    0xd6, 0xe7, 0x69, 0xa4,

    /* U+0034 "4" */
    0x0, 0xd7, 0xe0, 0x1c, 0xaa, 0x0, 0xf5, 0xb0,
    0x7, 0x41, 0x58, 0x6, 0x27, 0xf0, 0xe, 0x86,
    0x30, 0xc, 0x88, 0x90, 0xe, 0xf1, 0xee, 0x60,
    0x72, 0xd7, 0x7f, 0xa8, 0x3d, 0x44, 0x73, 0x0,
    0x80, 0x7f, 0x0,

    /* U+0035 "5" */
    0x7, 0xff, 0xd0, 0x0, 0xf5, 0xdd, 0xa4, 0x0,
    0x24, 0x58, 0x40, 0x5, 0xe0, 0x1e, 0x7a, 0xfe,
    0x90, 0xa, 0x65, 0xfa, 0xf2, 0x0, 0x54, 0x3,
    0x97, 0x0, 0xf1, 0x88, 0x7, 0xb0, 0x81, 0xb1,
    0x9, 0x9e, 0xc1, 0xaa, 0x76, 0xe5, 0x80,

    /* U+0036 "6" */
    0x0, 0x26, 0x7e, 0xa0, 0x0, 0xee, 0xdb, 0x18,
    0x0, 0x86, 0x72, 0x58, 0x0, 0x25, 0x0, 0x71,
    0x3, 0xe7, 0xd8, 0x80, 0x87, 0xf7, 0x8d, 0x0,
    0x85, 0x10, 0x4a, 0x9, 0x81, 0x80, 0x8, 0xc,
    0x4d, 0x0, 0xa, 0x4, 0x13, 0x6, 0x30, 0xc0,
    0x5, 0x8d, 0xe6, 0x90,

    /* U+0037 "7" */
    0x5f, 0xff, 0xa, 0xee, 0xe5, 0x50, 0x81, 0x14,
    0x9, 0x60, 0x1d, 0xc, 0x20, 0x18, 0x56, 0x80,
    0x39, 0xcc, 0x80, 0x3b, 0x14, 0x3, 0xcf, 0xe0,
    0x1e, 0x22, 0x0, 0x71, 0x3, 0x0, 0x70, 0x80,
    0x70,

    /* U+0038 "8" */
    0x0, 0x4f, 0xf4, 0x0, 0x52, 0x5d, 0x8a, 0xe0,
    0x4, 0xe1, 0x2b, 0xc0, 0x3, 0x68, 0x0, 0x48,
    0x1, 0x2d, 0x27, 0x36, 0x0, 0x32, 0x5c, 0x42,
    0x0, 0x6c, 0xe5, 0xa4, 0x2, 0xa, 0x82, 0x53,
    0x80, 0x79, 0x80, 0x50, 0xe0, 0x45, 0x26, 0x21,
    0x87, 0xdc, 0x1d, 0x0,

    /* U+0039 "9" */
    0x2, 0xbf, 0xd4, 0x0, 0xbc, 0xba, 0x2c, 0x80,
    0xca, 0x45, 0x5a, 0xc1, 0x88, 0x2, 0xc7, 0x1,
    0x20, 0xc, 0x20, 0x83, 0x0, 0x76, 0x1, 0x6a,
    0xfc, 0x40, 0x40, 0x7, 0xbf, 0x62, 0x40, 0x1e,
    0xbb, 0x0, 0x29, 0xa, 0x45, 0xc0, 0x19, 0x5a,
    0x5e, 0x0,

    /* U+003A ":" */
    0xca, 0x0, 0x65, 0x0, 0x7b, 0x28, 0x0,

    /* U+003B ";" */
    0xc, 0xa0, 0xf, 0x65, 0x0, 0x7f, 0xf0, 0xa6,
    0x40, 0x2, 0x60, 0x5, 0x88, 0x2, 0x64, 0x3,
    0xee, 0x0,

    /* U+003C "<" */
    0x0, 0xf2, 0x10, 0x4, 0x2f, 0xb2, 0x0, 0x3a,
    0xfd, 0x9d, 0x27, 0xcd, 0xea, 0x40, 0x2, 0xb4,
    0xd2, 0x0, 0x45, 0x3d, 0x91, 0xd0, 0x20, 0x13,
    0x66, 0x89, 0x0,

    /* U+003D "=" */
    0x7f, 0xff, 0x1b, 0xff, 0xf8, 0xc0, 0x3f, 0x3f,
    0xff, 0x8c,

    /* U+003E ">" */
    0x32, 0x0, 0xf3, 0x66, 0x14, 0x3, 0x2f, 0x4f,
    0x72, 0x8, 0x2, 0x5b, 0xf1, 0xd3, 0x0, 0x96,
    0x9e, 0xc, 0xa7, 0xfb, 0xf9, 0xc1, 0x7, 0xad,
    0x0, 0x20,

    /* U+003F "?" */
    0x6, 0xef, 0xb1, 0x2a, 0xa6, 0x3d, 0x96, 0x21,
    0xd3, 0x80, 0x6c, 0x70, 0x9, 0x11, 0x0, 0x15,
    0x59, 0x0, 0x18, 0x94, 0x2, 0x3a, 0x0, 0xca,
    0xc0, 0x1a, 0x74, 0x3, 0xf0,

    /* U+0040 "@" */
    0x0, 0xc9, 0x7b, 0xb4, 0x8, 0x7, 0x57, 0xc6,
    0xeb, 0x3f, 0x4, 0x2, 0xb2, 0xb3, 0x0, 0xb,
    0xdd, 0x0, 0x14, 0x20, 0x1b, 0x6f, 0x5, 0x98,
    0x41, 0x30, 0x9, 0x79, 0xe6, 0x20, 0x8e, 0x4,
    0x61, 0x12, 0x2e, 0x60, 0xe, 0x32, 0x20, 0x0,
    0xd0, 0x19, 0x80, 0xf, 0x31, 0x70, 0x11, 0x0,
    0x8, 0x80, 0x5, 0x72, 0x50, 0x10, 0x32, 0xa2,
    0x7, 0x71, 0x9, 0x98, 0x2b, 0xa7, 0x7, 0xb9,
    0x40, 0x8, 0xf0, 0x4d, 0xb1, 0xbe, 0x90, 0x9,
    0x53, 0x50, 0x0, 0x2c, 0x1, 0xe8, 0x9e, 0xdd,
    0x84, 0x3, 0x0,

    /* U+0041 "A" */
    0x0, 0xab, 0xc8, 0x3, 0xc8, 0x6a, 0x1, 0xc8,
    0x75, 0x60, 0x1d, 0xa8, 0xe6, 0x20, 0x19, 0xf4,
    0x49, 0xc0, 0x23, 0x14, 0x5, 0xd0, 0xa, 0xd0,
    0x1, 0x68, 0x1, 0x3a, 0x77, 0x34, 0x14, 0x8,
    0x33, 0xfe, 0x4f, 0x5, 0x33, 0x8, 0xdc, 0xa1,
    0x68, 0x1, 0x90, 0x10,

    /* U+0042 "B" */
    0x9f, 0xfb, 0xa4, 0x2, 0x4f, 0xea, 0x4a, 0x0,
    0xc2, 0x96, 0x80, 0x1f, 0xfc, 0x12, 0xb6, 0x0,
    0x27, 0x7e, 0x84, 0x80, 0x13, 0xfb, 0x13, 0xc4,
    0x0, 0x22, 0x39, 0x26, 0x0, 0xf0, 0x80, 0x42,
    0x22, 0x92, 0x50, 0x4e, 0xe6, 0x16, 0x10,

    /* U+0043 "C" */
    0x0, 0xc, 0xf7, 0xe2, 0x0, 0x58, 0x97, 0x97,
    0x20, 0x8, 0x3c, 0x53, 0x7d, 0x0, 0x34, 0x88,
    0x7, 0x8, 0x90, 0x3, 0xc6, 0x2, 0x1, 0xe3,
    0x1, 0x0, 0xf0, 0x89, 0x0, 0x3e, 0x79, 0x0,
    0xc4, 0x0, 0x83, 0xd5, 0x37, 0xd3, 0x1, 0xc4,
    0xbc, 0xbb, 0x18,

    /* U+0044 "D" */
    0x9f, 0xfb, 0x18, 0x2, 0x4e, 0xdb, 0x99, 0x0,
    0x42, 0x4f, 0x6c, 0x60, 0x1c, 0x85, 0x40, 0x1e,
    0x42, 0x0, 0xf0, 0xb8, 0x7, 0x85, 0xc0, 0x3c,
    0x86, 0x1, 0xca, 0x56, 0x0, 0x12, 0x7a, 0x73,
    0x4, 0xed, 0xb9, 0x80,

    /* U+0045 "E" */
    0x9f, 0xfe, 0x50, 0x4d, 0xdc, 0xa0, 0x2, 0x2c,
    0x1, 0xff, 0xc4, 0x4f, 0xfa, 0x40, 0x9, 0xbb,
    0x40, 0x4, 0x45, 0x8, 0x7, 0xf8, 0x8b, 0x8,
    0x26, 0xee, 0x60,

    /* U+0046 "F" */
    0x9f, 0xfe, 0x50, 0x4d, 0xdc, 0xa0, 0x2, 0x2c,
    0x1, 0xff, 0xc4, 0x4f, 0xfa, 0x40, 0x9, 0xbb,
    0x40, 0x4, 0x45, 0x8, 0x7, 0xff, 0x28,

    /* U+0047 "G" */
    0x0, 0xa3, 0x7f, 0x58, 0x2, 0xc5, 0xbc, 0x8b,
    0x30, 0x82, 0xc6, 0x35, 0xd3, 0x6, 0x91, 0x0,
    0xe1, 0x12, 0x0, 0x78, 0xc0, 0x40, 0x17, 0xfe,
    0x93, 0x1, 0x0, 0x56, 0xa8, 0x8, 0x90, 0x0,
    0x24, 0x60, 0x6, 0x91, 0x0, 0xf4, 0x1e, 0x29,
    0xab, 0x80, 0x5a, 0xb1, 0x90, 0xd2,

    /* U+0048 "H" */
    0x9b, 0x0, 0xd1, 0x80, 0x1f, 0xfd, 0x54, 0xff,
    0xce, 0x0, 0x3d, 0xdc, 0xc0, 0x7, 0x22, 0xc2,
    0x1, 0xff, 0xcd,

    /* U+0049 "I" */
    0x9b, 0x0, 0xff, 0xe4, 0x0,

    /* U+004A "J" */
    0x0, 0xc5, 0xe4, 0x1, 0xff, 0xe6, 0x20, 0x3,
    0x1, 0x26, 0x29, 0xc2, 0x2, 0x45, 0xe0, 0x48,
    0x0,

    /* U+004B "K" */
    0x9b, 0x0, 0x97, 0xc8, 0x3, 0x15, 0x50, 0x80,
    0x37, 0xb2, 0x80, 0x6b, 0x19, 0x0, 0xce, 0x96,
    0x1, 0x96, 0x16, 0x44, 0x2, 0x18, 0xa3, 0x90,
    0x8, 0xdc, 0x21, 0xc4, 0x0, 0xe0, 0x5, 0x3b,
    0x0, 0xf4, 0x29, 0x0, 0x72, 0x22, 0x40,

    /* U+004C "L" */
    0x9b, 0x0, 0xff, 0xf9, 0x91, 0x60, 0x2, 0x6e,
    0xe3,

    /* U+004D "M" */
    0x9f, 0x20, 0xd, 0x9e, 0x0, 0x50, 0x8, 0x4c,
    0x0, 0x96, 0x1, 0x3a, 0x0, 0xc, 0x88, 0x0,
    0xac, 0x0, 0xb, 0xa8, 0x9, 0x18, 0x5, 0xb6,
    0xe, 0xe0, 0xc, 0x84, 0x4a, 0xd0, 0xe, 0x7a,
    0x24, 0x0, 0xea, 0x77, 0x0, 0x78, 0xcd, 0x40,
    0x1f, 0x61, 0x80, 0x40,

    /* U+004E "N" */
    0x9e, 0x10, 0xa, 0x2c, 0x6, 0x40, 0x3c, 0xae,
    0x20, 0x1c, 0x4b, 0x60, 0x1c, 0x30, 0xa4, 0x1,
    0xc4, 0xd2, 0x1, 0x8c, 0x21, 0xc, 0x3, 0x85,
    0xff, 0xc0, 0x1d, 0x5, 0xa0, 0x1e, 0x85, 0x0,
    0xf3, 0x10, 0x0,

    /* U+004F "O" */
    0x0, 0xc, 0xf7, 0xe2, 0x0, 0x43, 0x8b, 0x58,
    0x96, 0xa0, 0x8, 0xc, 0x43, 0x87, 0xb0, 0x3,
    0xd8, 0x6, 0x91, 0x51, 0x12, 0x80, 0x61, 0x22,
    0x18, 0x8, 0x7, 0xf, 0x98, 0x8, 0x7, 0xf,
    0x88, 0x90, 0x3, 0x9, 0x18, 0x35, 0x0, 0x69,
    0x14, 0x8, 0xc, 0x43, 0x87, 0xa0, 0xb, 0x16,
    0xb1, 0x2d, 0x0,

    /* U+0050 "P" */
    0x9f, 0xfb, 0x60, 0x2, 0x4e, 0xe4, 0xad, 0x0,
    0x42, 0x24, 0x95, 0x0, 0xf3, 0x1, 0x0, 0x73,
    0x1, 0x0, 0x62, 0x95, 0x0, 0x27, 0xfb, 0x52,
    0x80, 0x9, 0xbd, 0xf2, 0x1, 0x88, 0x40, 0x3f,
    0xf9, 0x0,

    /* U+0051 "Q" */
    0x0, 0xc, 0xf7, 0xe2, 0x0, 0x43, 0x8b, 0x58,
    0x96, 0xa0, 0x8, 0xc, 0x43, 0x87, 0xb0, 0x3,
    0xd8, 0x6, 0x91, 0x51, 0x12, 0x80, 0x61, 0x22,
    0x18, 0x8, 0x7, 0xf, 0x98, 0x8, 0x7, 0xf,
    0x88, 0x90, 0x3, 0x9, 0x18, 0x35, 0x0, 0x69,
    0x14, 0x8, 0xb, 0x32, 0x77, 0x50, 0x5, 0x85,
    0x9b, 0x76, 0x40, 0x8, 0x67, 0x85, 0x54, 0x1,
    0xe1, 0xc5, 0xef, 0xa0, 0xe, 0x2c, 0xfe, 0xa0,

    /* U+0052 "R" */
    0x9f, 0xfb, 0xa8, 0x80, 0x9, 0xdc, 0xd1, 0xf0,
    0x8, 0x44, 0x72, 0x44, 0x0, 0xff, 0xe0, 0xc,
    0x91, 0x1, 0x3f, 0xdc, 0x1e, 0x0, 0x4d, 0x90,
    0x92, 0x0, 0x89, 0x8e, 0x0, 0x3d, 0xea, 0x40,
    0x1c, 0x69, 0x20, 0x1e, 0x84, 0x30,

    /* U+0053 "S" */
    0x0, 0x3f, 0x7e, 0xa8, 0x1, 0xe6, 0xf2, 0xec,
    0x41, 0x6c, 0xa6, 0xdc, 0x40, 0xe8, 0x1, 0xe8,
    0x3d, 0x50, 0xc, 0x7a, 0xf5, 0xca, 0x1, 0x15,
    0x6a, 0x52, 0x0, 0x62, 0xa3, 0xe0, 0x40, 0xc,
    0xc0, 0x37, 0x64, 0x37, 0x5e, 0x1d, 0x1a, 0xcb,
    0xa4,

    /* U+0054 "T" */
    0x9f, 0xff, 0xa3, 0x74, 0xe5, 0xba, 0xe1, 0x22,
    0x78, 0x11, 0x4, 0x3, 0xff, 0xe8,

    /* U+0055 "U" */
    0xaa, 0x0, 0x68, 0xb0, 0xf, 0xfe, 0xe1, 0x80,
    0x7c, 0x22, 0x0, 0xc2, 0x2d, 0x41, 0x0, 0x9f,
    0x54, 0xb5, 0xe, 0x81, 0x83, 0xde, 0xb4, 0x74,
    0x40,

    /* U+0056 "V" */
    0xd8, 0x0, 0xcd, 0xc0, 0xa8, 0x1, 0xb1, 0xc2,
    0xcc, 0x40, 0x25, 0xd0, 0x31, 0x40, 0x1, 0x82,
    0x0, 0x13, 0xc0, 0x16, 0x80, 0x17, 0xa0, 0x1,
    0x34, 0x2, 0x41, 0x21, 0x37, 0x0, 0x84, 0xd5,
    0x8, 0x40, 0x35, 0xe6, 0x14, 0x3, 0x95, 0x1e,
    0xc0, 0x38, 0x88, 0x6, 0x1, 0x0,

    /* U+0057 "W" */
    0x8c, 0x0, 0xa3, 0x80, 0x26, 0xcd, 0x30, 0x9,
    0x4, 0x80, 0x1e, 0xae, 0x4, 0x0, 0x24, 0x70,
    0x2, 0xf9, 0x3, 0x81, 0x91, 0xe0, 0x0, 0xd4,
    0xc, 0x81, 0x17, 0x10, 0x8, 0xc, 0x13, 0x43,
    0x30, 0xa4, 0x2e, 0x40, 0xd, 0x70, 0x54, 0x12,
    0x5d, 0x70, 0x3, 0x91, 0x0, 0x41, 0x30, 0xb4,
    0x0, 0x41, 0x48, 0x0, 0xc3, 0x73, 0x0, 0x8d,
    0xb0, 0x0, 0x88, 0x25, 0x0, 0x94, 0x54, 0x0,
    0x23, 0x80,

    /* U+0058 "X" */
    0x4f, 0x20, 0x0, 0xfa, 0xa1, 0xd8, 0x2, 0x4d,
    0x43, 0xd8, 0x81, 0xa0, 0x0, 0x69, 0x6e, 0x48,
    0x1, 0x43, 0x4f, 0x80, 0x63, 0x10, 0x30, 0xc,
    0xc4, 0xc, 0x1, 0xa2, 0x62, 0x0, 0x13, 0x9a,
    0xb0, 0x38, 0x2, 0x60, 0x1, 0x12, 0x10, 0x6a,
    0x0, 0x63, 0x80,

    /* U+0059 "Y" */
    0xc, 0x90, 0x8, 0x7c, 0xc2, 0x58, 0x2, 0x93,
    0x30, 0x29, 0x30, 0x1, 0xa0, 0x2, 0xbb, 0x3,
    0x1a, 0x0, 0x4c, 0x69, 0x56, 0x1, 0xcd, 0x24,
    0xc0, 0x1d, 0x25, 0x20, 0x1e, 0x10, 0x20, 0xf,
    0xfe, 0x90,

    /* U+005A "Z" */
    0xd, 0xff, 0xeb, 0xc, 0xdd, 0xac, 0x3c, 0x4,
    0x8a, 0xf4, 0x40, 0x6, 0x44, 0x48, 0x7, 0x4b,
    0x90, 0x6, 0x70, 0x80, 0xc, 0x51, 0x20, 0x1d,
    0x28, 0x80, 0xc, 0x88, 0x90, 0xe, 0x96, 0x2,
    0x28, 0x50, 0x9b, 0x77, 0x80,

    /* U+005B "[" */
    0x8d, 0xc3, 0xa, 0xc3, 0x0, 0xff, 0xf0, 0x7d,
    0xe1, 0x80,

    /* U+005C "\\" */
    0xa4, 0x0, 0xdf, 0xa0, 0x19, 0x10, 0x1, 0x84,
    0x44, 0x1, 0xad, 0x40, 0x32, 0xd8, 0x6, 0x21,
    0x10, 0x6, 0x54, 0x0, 0xd9, 0xe0, 0x19, 0x10,
    0x1, 0xc8, 0x80, 0xd, 0xfa, 0x1, 0x91, 0x0,
    0x18, 0x44, 0x40,

    /* U+005D "]" */
    0x6c, 0xe4, 0x6c, 0x50, 0xf, 0xff, 0xb, 0x63,
    0x38,

    /* U+005E "^" */
    0x0, 0xba, 0x80, 0x32, 0x12, 0x8, 0x5, 0xd2,
    0xec, 0x0, 0x14, 0x5a, 0xa0, 0x1, 0x9c, 0xc,
    0xc, 0x2a, 0x80, 0xa, 0x90,

    /* U+005F "_" */
    0xbd, 0xdf, 0x40,

    /* U+0060 "`" */
    0x31, 0x0, 0x45, 0x0, 0x2d, 0xe4, 0x1, 0x82,
    0x0,

    /* U+0061 "a" */
    0x3, 0xae, 0xf9, 0x0, 0x5e, 0xe6, 0x1d, 0xc1,
    0xe, 0x46, 0xf8, 0x0, 0x5a, 0xd7, 0x70, 0x54,
    0xf6, 0xb0, 0xa, 0xf2, 0x0, 0x72, 0xb, 0x30,
    0x6, 0x63, 0xfd, 0x0,

    /* U+0062 "b" */
    0xb9, 0x0, 0xff, 0xe4, 0xcf, 0xf3, 0x80, 0x1b,
    0xb6, 0xe1, 0x81, 0x9c, 0x95, 0xa8, 0x3, 0xb8,
    0x80, 0x3f, 0xf8, 0x18, 0x80, 0xea, 0x4e, 0x92,
    0x13, 0xfb, 0x56, 0x60,

    /* U+0063 "c" */
    0x0, 0x36, 0xfe, 0x10, 0x44, 0x5b, 0x62, 0xf,
    0xa, 0x4e, 0x66, 0x7, 0x0, 0xff, 0x8c, 0x10,
    0x3, 0x9e, 0xd4, 0x99, 0x81, 0xd, 0x7b, 0xa5,

    /* U+0064 "d" */
    0x0, 0xf7, 0x30, 0x7, 0xff, 0x1a, 0x3b, 0x90,
    0x1, 0x43, 0x5e, 0x0, 0x80, 0x1e, 0x14, 0xa0,
    0x40, 0xc1, 0xc0, 0x3e, 0x30, 0xe, 0x20, 0x70,
    0xe, 0x15, 0x84, 0x3a, 0x10, 0x5, 0x3d, 0xee,
    0x20, 0x0,

    /* U+0065 "e" */
    0x0, 0x3f, 0x7d, 0x88, 0x1, 0xef, 0x78, 0xa8,
    0x1, 0x1c, 0x63, 0x28, 0x26, 0x1b, 0xff, 0x1,
    0x80, 0x3f, 0xf8, 0x8c, 0x14, 0x3, 0xcf, 0x68,
    0x28, 0xa0, 0x8, 0x99, 0x74, 0x0, 0x0,

    /* U+0066 "f" */
    0x0, 0x57, 0xe0, 0x2a, 0xb7, 0x40, 0x46, 0x43,
    0x10, 0x3f, 0x68, 0x73, 0xf6, 0x0, 0xff, 0xe9,
    0x0,

    /* U+0067 "g" */
    0x1, 0xbf, 0xfd, 0x21, 0xa3, 0xfa, 0x33, 0x0,
    0x7c, 0x4, 0xfe, 0x20, 0xbc, 0x4, 0xfe, 0x0,
    0x94, 0xdf, 0x96, 0x0, 0x7d, 0x6e, 0x9c, 0x3,
    0x60, 0x88, 0x3, 0x53, 0xf7, 0x3f, 0x4c, 0x63,
    0xbf, 0xdc, 0xd2, 0x42, 0x40, 0x2, 0x6f, 0x39,
    0xee, 0xbe, 0x14,

    /* U+0068 "h" */
    0xb9, 0x0, 0xff, 0xe4, 0xb, 0xf7, 0x1c, 0x0,
    0xff, 0x93, 0x2, 0xb, 0x4, 0xe0, 0xa0, 0x60,
    0x10, 0x88, 0x3, 0xff, 0xa0,

    /* U+0069 "i" */
    0xb9, 0xcc, 0x3a, 0xdc, 0x80, 0x7f, 0xf0, 0x80,

    /* U+006A "j" */
    0x0, 0x5c, 0x80, 0x33, 0x0, 0x7, 0x50, 0x5,
    0xc8, 0x7, 0xff, 0x4c, 0x40, 0x57, 0x9f, 0x89,
    0xc0,

    /* U+006B "k" */
    0xb8, 0x0, 0xff, 0xe5, 0xc6, 0x80, 0x65, 0x6f,
    0x0, 0x8a, 0xe8, 0x80, 0x3, 0xc0, 0x80, 0x13,
    0x30, 0xdc, 0x2, 0x2a, 0xe8, 0x20, 0x2, 0x81,
    0xac, 0x80, 0x75, 0xa2, 0x0,

    /* U+006C "l" */
    0xb9, 0x0, 0xff, 0xe6, 0x89, 0x87, 0xaa, 0x0,

    /* U+006D "m" */
    0xb7, 0x9e, 0xe2, 0x96, 0x7d, 0x88, 0x46, 0x73,
    0x54, 0xef, 0x34, 0x83, 0x28, 0x50, 0x48, 0x89,
    0x4c, 0x3, 0x18, 0x7, 0x38, 0x7, 0xff, 0x80,

    /* U+006E "n" */
    0xb6, 0x8e, 0xe3, 0x80, 0x27, 0x7a, 0xe0, 0x41,
    0x94, 0x14, 0x14, 0x3, 0x84, 0x40, 0x1f, 0xfd,
    0x0,

    /* U+006F "o" */
    0x0, 0x3f, 0x7d, 0x90, 0x2, 0x26, 0xb4, 0xb0,
    0x0, 0xf6, 0x85, 0x27, 0x6, 0x8, 0x1, 0x21,
    0x80, 0x7e, 0x30, 0x40, 0x9, 0xc, 0x1e, 0xd0,
    0xa4, 0xe4, 0x22, 0x6b, 0x4b, 0x4,

    /* U+0070 "p" */
    0xb8, 0xae, 0xe3, 0x80, 0x1b, 0xb9, 0x92, 0xc0,
    0xe8, 0x4, 0xf4, 0x1, 0xde, 0x40, 0x1c, 0x20,
    0x1e, 0xc4, 0x7, 0x52, 0x74, 0x90, 0x4f, 0xda,
    0xb3, 0x3, 0xaf, 0xd4, 0x0, 0xff, 0xe1, 0x80,

    /* U+0071 "q" */
    0x0, 0x47, 0x72, 0x2d, 0x82, 0x1a, 0xf0, 0x10,
    0x0, 0xf0, 0xa5, 0x2, 0x6, 0xe, 0x1, 0xf1,
    0x80, 0x71, 0x3, 0x80, 0x70, 0xac, 0x21, 0xd0,
    0x80, 0x29, 0xef, 0x70, 0x80, 0x2a, 0xfe, 0x63,
    0x0, 0xff, 0xe2, 0x80,

    /* U+0072 "r" */
    0x0, 0xeb, 0x69, 0xf5, 0x8, 0xef, 0x50, 0x57,
    0x0, 0x88, 0x3, 0xff, 0x96,

    /* U+0073 "s" */
    0x4, 0xdf, 0xd4, 0x0, 0x5d, 0xbe, 0x44, 0x4,
    0x8, 0x11, 0x40, 0x62, 0xe8, 0xc0, 0x27, 0xe2,
    0xc8, 0x0, 0x86, 0x2d, 0xc0, 0xe8, 0x83, 0x8,
    0xc, 0xb3, 0xd3, 0x80,

    /* U+0074 "t" */
    0x5, 0xc0, 0xc, 0x60, 0x1a, 0xa4, 0xff, 0x42,
    0xa0, 0xff, 0x40, 0x3f, 0xf9, 0xc6, 0x71, 0x0,
    0x11, 0x19, 0xe0,

    /* U+0075 "u" */
    0xd7, 0x0, 0xbc, 0xc0, 0x3f, 0xfa, 0x3, 0xe0,
    0x2, 0x0, 0x2b, 0x1a, 0x70, 0x2, 0x17, 0x23,
    0x84, 0x0,

    /* U+0076 "v" */
    0xaa, 0x0, 0x49, 0xc1, 0xca, 0x1, 0x6b, 0x82,
    0xa, 0x0, 0x1f, 0x40, 0xf, 0xa0, 0x80, 0x80,
    0xd, 0x70, 0xd7, 0x0, 0x90, 0xd, 0x34, 0x3,
    0x3c, 0x1a, 0x0, 0x6d, 0x47, 0x0, 0x80,

    /* U+0077 "w" */
    0x7c, 0x0, 0xf, 0xb0, 0x1, 0xed, 0xc, 0x0,
    0x83, 0x80, 0xc, 0xc1, 0x82, 0x6, 0x4a, 0x0,
    0x11, 0x0, 0x98, 0x8, 0xc0, 0x46, 0x6, 0x18,
    0x84, 0x2, 0x8a, 0x88, 0x0, 0x29, 0xa2, 0x3,
    0x37, 0x58, 0x0, 0x21, 0xac, 0x4, 0x4c, 0x1,
    0x21, 0xa0, 0x10, 0x0, 0xc0,

    /* U+0078 "x" */
    0x4f, 0x10, 0x1f, 0x44, 0xac, 0x21, 0x50, 0x29,
    0x54, 0xd0, 0x0, 0x18, 0xa7, 0x20, 0xb, 0x4,
    0x40, 0x12, 0x2e, 0x31, 0x80, 0x26, 0xc9, 0xf8,
    0x1c, 0x14, 0x20, 0xdc,

    /* U+0079 "y" */
    0x9b, 0x0, 0x93, 0x82, 0x90, 0x40, 0x1a, 0xe0,
    0x64, 0xe0, 0x7, 0xd0, 0x5, 0xd0, 0x20, 0x20,
    0x1, 0xcc, 0xb5, 0xc0, 0x21, 0x55, 0x25, 0x0,
    0x69, 0x90, 0x18, 0x6, 0x33, 0x28, 0x7, 0x9,
    0x50, 0x6, 0x2a, 0x52, 0x0, 0x97, 0x42, 0x80,
    0x30,

    /* U+007A "z" */
    0x1f, 0xfe, 0x11, 0x77, 0x46, 0xc2, 0x2, 0x27,
    0x28, 0x0, 0x86, 0x6c, 0x40, 0x2a, 0x55, 0x0,
    0x4a, 0xab, 0x0, 0x86, 0xe0, 0x4, 0x40, 0xc3,
    0x3d, 0xd2, 0x0,

    /* U+007B "{" */
    0x0, 0x5e, 0x98, 0x1b, 0x69, 0x83, 0x88, 0x4,
    0xe2, 0x1, 0x8, 0x6, 0x71, 0x0, 0x35, 0x40,
    0x1, 0xa7, 0xc0, 0x24, 0x60, 0xf, 0xc2, 0x1,
    0x9c, 0x40, 0x26, 0x20, 0x8, 0x9f, 0xc,

    /* U+007C "|" */
    0x95, 0x0, 0xff, 0xe9, 0x0,

    /* U+007D "}" */
    0x6d, 0x70, 0x3, 0x7c, 0x0, 0x44, 0x1, 0x84,
    0x40, 0x1f, 0x84, 0x44, 0x1, 0x36, 0x90, 0x1,
    0xb4, 0x80, 0x44, 0x40, 0x1f, 0x84, 0x2, 0x10,
    0xc, 0x62, 0x0, 0x6f, 0xb0, 0x0,

    /* U+007E "~" */
    0x1b, 0xfb, 0x41, 0x60, 0x7, 0x7f, 0x4f, 0xf0,
    0x0,

    /* U+00B0 "°" */
    0x7, 0xb9, 0x4, 0xeb, 0xf7, 0x0, 0xe4, 0xeb,
    0xf7,

    /* U+00D7 "×" */
    0x0, 0xff, 0x25, 0x0, 0x7a, 0x91, 0x1, 0x40,
    0x1a, 0x81, 0x2, 0x86, 0x40, 0x12, 0x34, 0x1,
    0x59, 0x4c, 0x8a, 0xc0, 0x3a, 0xdd, 0xd6, 0x1,
    0xe8, 0x22, 0x48, 0x7, 0x42, 0x66, 0x16, 0x0,
    0x28, 0x4c, 0x0, 0x62, 0x40, 0x22, 0x34, 0x3,
    0x6a, 0x25, 0x82, 0x1, 0x87, 0x10,

    /* U+2014 "—" */
    0x5e, 0xef, 0xf6, 0x0,

    /* U+2018 "‘" */
    0x0, 0xd2, 0x4d, 0x85, 0x90, 0x38, 0x46,

    /* U+2019 "’" */
    0x1c, 0x43, 0x37, 0x15, 0xe8, 0xf3, 0x8d, 0x0,

    /* U+201C "“" */
    0x0, 0xf9, 0x1c, 0x20, 0xc3, 0xdd, 0x3c, 0xcc,
    0xaf, 0x94, 0x64, 0x7d, 0x84, 0xe0,

    /* U+201D "”" */
    0x3c, 0x37, 0xb0, 0x73, 0xbe, 0x43, 0x49, 0xd9,
    0x43, 0x37, 0xab, 0xe8, 0x1c, 0x83, 0xb0, 0x0,

    /* U+3001 "、" */
    0x0, 0xe1, 0xd6, 0x0, 0xc, 0x4b, 0x0, 0x16,
    0xa5, 0x40, 0xb, 0x2c,

    /* U+3002 "。" */
    0x4, 0x95, 0x4, 0xeb, 0xc5, 0xd8, 0x28, 0xfe,
    0x70, 0x52, 0x7f, 0xbe, 0x80,

    /* U+4E00 "一" */
    0x0, 0xff, 0xe1, 0x17, 0xff, 0xff, 0x2, 0x8b,
    0xbb, 0xff, 0x81, 0x60,

    /* U+4E07 "万" */
    0x1b, 0xbf, 0xfe, 0x0, 0x8b, 0xba, 0x24, 0xee,
    0xf8, 0x41, 0x56, 0xc4, 0x55, 0xf8, 0x3, 0x8c,
    0x40, 0x3f, 0xf8, 0x1c, 0xbf, 0xfd, 0x40, 0x1e,
    0x28, 0xee, 0xd0, 0x1, 0xf2, 0x20, 0x47, 0x1,
    0x80, 0x71, 0x81, 0x80, 0x6e, 0x10, 0xe, 0x96,
    0x0, 0xe3, 0xe0, 0xc, 0xa9, 0x20, 0x1c, 0xc4,
    0x1, 0x2d, 0x50, 0x40, 0x30, 0x9a, 0x80, 0xe,
    0xec, 0x80, 0x17, 0xfb, 0x98, 0x40, 0x7, 0xc8,
    0x1, 0xbf, 0xe9, 0x0, 0x80,

    /* U+4E09 "三" */
    0x0, 0x19, 0xff, 0x80, 0x23, 0xdd, 0xff, 0x20,
    0x0, 0xfb, 0xbf, 0xc8, 0x1, 0xff, 0xd3, 0x5f,
    0xff, 0xc6, 0x1, 0x97, 0xbb, 0xf1, 0x80, 0x70,
    0x8f, 0xe0, 0xf, 0xfe, 0x98, 0xff, 0xff, 0xf0,
    0x4, 0x5d, 0xdf, 0xfc, 0x1,

    /* U+4E0A "上" */
    0x0, 0xe1, 0xf0, 0xf, 0xff, 0x60, 0x8f, 0x0,
    0x7f, 0x77, 0x71, 0x80, 0x7e, 0xff, 0xe3, 0x0,
    0xff, 0xf6, 0x9c, 0xce, 0xa0, 0x99, 0xf1, 0xf,
    0x76, 0xc8, 0xee, 0xf1, 0x80,

    /* U+4E0B "下" */
    0x3b, 0xbf, 0xfe, 0x0, 0x97, 0x77, 0x26, 0x77,
    0x70, 0x89, 0x57, 0x85, 0x15, 0x78, 0x3, 0xf2,
    0x80, 0x7f, 0xf0, 0x6, 0x75, 0x0, 0x3f, 0xc3,
    0x97, 0x56, 0x40, 0x1f, 0xe6, 0xf2, 0xd2, 0x0,
    0xff, 0xc, 0xe1, 0x0, 0x7f, 0xf0, 0xc, 0x3,
    0xff, 0xc0,

    /* U+4E0D "不" */
    0xf, 0xff, 0xfe, 0x0, 0x3, 0x77, 0xac, 0x27,
    0x77, 0x0, 0x8, 0xba, 0x1, 0x88, 0xb0, 0x7,
    0xa4, 0xd9, 0x0, 0x3f, 0xa1, 0xd0, 0x3b, 0x4c,
    0x3, 0xd4, 0xd8, 0x41, 0x51, 0x8e, 0x1, 0x1e,
    0xb7, 0x90, 0x4, 0xb9, 0x34, 0x5, 0x8b, 0x82,
    0x1, 0xc7, 0xec, 0x44, 0xe8, 0x0, 0xfc, 0x38,
    0x40, 0x20, 0x1f, 0xfd, 0xc0,

    /* U+4E0E "与" */
    0x0, 0x89, 0x80, 0x3f, 0xe4, 0xc0, 0xf, 0xfb,
    0xd7, 0xff, 0xe4, 0x0, 0x92, 0xbb, 0xbe, 0x40,
    0x8, 0x94, 0x47, 0xe0, 0x8, 0xc4, 0x7f, 0x80,
    0x25, 0x1f, 0xff, 0xb9, 0x80, 0xd, 0xfd, 0xdf,
    0x21, 0x80, 0x8f, 0xf0, 0x33, 0x7, 0xff, 0xf4,
    0x1, 0x18, 0xf7, 0x7e, 0x92, 0x20, 0x7, 0xfd,
    0x68, 0x1, 0xfb, 0x3f, 0xc9, 0x60, 0x1f, 0xb3,
    0xfd, 0xa4, 0x0,

    /* U+4E13 "专" */
    0x0, 0xe1, 0x80, 0xf, 0xf9, 0xd0, 0x3, 0xe1,
    0xff, 0xa4, 0xff, 0xf8, 0x0, 0x3f, 0xf0, 0x77,
    0xff, 0x1, 0x66, 0x5e, 0x1b, 0x99, 0xe2, 0x88,
    0x85, 0x22, 0x3e, 0x4, 0x48, 0x69, 0x13, 0xe0,
    0x9, 0x43, 0xbf, 0xfb, 0x0, 0x32, 0xff, 0xf3,
    0x8e, 0x80, 0x70, 0x80, 0x50, 0xbe, 0x20, 0x18,
    0xb3, 0x5e, 0xd7, 0x4, 0x3, 0x8b, 0x7f, 0x90,
    0x54, 0x3, 0xf1, 0x4f, 0xd5, 0x10, 0x3, 0xfc,
    0xdc, 0x80, 0x0,

    /* U+4E14 "且" */
    0x0, 0xbf, 0xff, 0x18, 0x7, 0xbf, 0xfc, 0x20,
    0x1f, 0xfc, 0x9b, 0xbf, 0x8, 0x7, 0xdf, 0xfe,
    0x0, 0xfc, 0x89, 0xe1, 0x0, 0xff, 0xe4, 0xff,
    0xf8, 0x40, 0x3e, 0xff, 0xf0, 0x80, 0x7f, 0xf1,
    0x4a, 0x20, 0x11, 0x1e, 0x18, 0x81, 0x0, 0x4e,
    0x1, 0xe7, 0x30, 0x0,

    /* U+4E24 "两" */
    0x6a, 0xaf, 0xfe, 0x2, 0xff, 0xca, 0x7f, 0xe5,
    0xcf, 0xf8, 0xd5, 0x63, 0xd5, 0x50, 0x32, 0xac,
    0x19, 0xfe, 0x3b, 0xff, 0x7, 0xfc, 0xa0, 0x37,
    0xe5, 0x9f, 0xc1, 0xfe, 0x43, 0x0, 0xc4, 0xe0,
    0x60, 0x20, 0x20, 0x18, 0x82, 0x85, 0x2, 0x80,
    0x3c, 0xae, 0xcc, 0xbb, 0xc, 0x0, 0x61, 0x9a,
    0x8f, 0x4, 0xa5, 0x10, 0xb, 0x64, 0x80, 0xfc,
    0x1, 0xa2, 0x1, 0x63, 0x80, 0x2c, 0x80, 0x21,
    0x0, 0xff, 0x7f, 0x99, 0x0,

    /* U+4E2A "个" */
    0x0, 0xf3, 0x38, 0x7, 0xfc, 0x53, 0x20, 0xf,
    0xf1, 0x64, 0xad, 0x0, 0x7e, 0x5d, 0x86, 0xb1,
    0xc1, 0x0, 0xe8, 0xab, 0x69, 0x3b, 0x5f, 0x50,
    0x2, 0xf2, 0x6a, 0x2, 0xb0, 0x4d, 0xdb, 0x5,
    0x23, 0x8, 0x3, 0xcb, 0xf4, 0x22, 0x60, 0xf,
    0xe1, 0x60, 0xf, 0xff, 0xd8,

    /* U+4E2D "中" */
    0x0, 0xe4, 0xd0, 0xf, 0xfe, 0x30, 0x8f, 0x18,
    0x8e, 0x9, 0xee, 0xd4, 0x3d, 0xda, 0x2, 0x3f,
    0xeb, 0x2f, 0xf9, 0x80, 0x3f, 0xf9, 0xd6, 0x89,
    0x69, 0x22, 0x4e, 0x0, 0x38, 0x89, 0x82, 0x22,
    0x10, 0xcb, 0xcc, 0xac, 0xb3, 0x2a, 0xc5, 0x40,
    0xf, 0xca, 0x80, 0x1f, 0xfc, 0xc0,

    /* U+4E30 "丰" */
    0x0, 0xf6, 0x28, 0x7, 0xff, 0x27, 0xbf, 0xf1,
    0xd7, 0xfe, 0x70, 0x7, 0xf7, 0x61, 0x8e, 0xec,
    0xe0, 0x1, 0x1e, 0x22, 0x8, 0xe0, 0x8, 0xf7,
    0x71, 0xd6, 0xed, 0x60, 0x11, 0xf7, 0x60, 0x7e,
    0xea, 0x40, 0x31, 0x9f, 0x69, 0x9c, 0x40, 0x10,
    0x8f, 0x11, 0x88, 0xf0, 0x3f, 0x77, 0xc, 0xf7,
    0x70, 0x3f, 0xff, 0x1d, 0x7f, 0xf0, 0x7, 0xff,
    0x44,

    /* U+4E32 "串" */
    0x0, 0xed, 0x40, 0xf, 0xfe, 0x37, 0xfe, 0x2b,
    0xff, 0xc0, 0x17, 0x7f, 0x8a, 0xff, 0xda, 0x1,
    0xf1, 0x88, 0x0, 0x40, 0x21, 0xfe, 0xe0, 0xd7,
    0x73, 0x48, 0x1, 0xdd, 0x86, 0xbb, 0xad, 0x8,
    0xff, 0xc3, 0x5f, 0xfa, 0x41, 0xff, 0xe2, 0xbf,
    0xf9, 0xc0, 0x3f, 0xf8, 0x4f, 0xff, 0x15, 0xff,
    0xce, 0x19, 0x7f, 0xf1, 0x5f, 0xfd, 0x7a, 0x88,
    0x0, 0xfc, 0x88,

    /* U+4E3A "为" */
    0x0, 0x12, 0x0, 0xf8, 0x7, 0xf5, 0x10, 0x7,
    0xf8, 0x9a, 0x0, 0x3f, 0x84, 0xae, 0x50, 0x8,
    0xb1, 0x88, 0x46, 0x6e, 0xa8, 0x33, 0x3a, 0xc2,
    0x7b, 0xa8, 0x5e, 0xed, 0x6, 0x1, 0xd9, 0xa6,
    0x20, 0xf, 0x10, 0xc, 0x28, 0xa9, 0x40, 0x1,
    0x0, 0xe8, 0x42, 0x70, 0x70, 0x3f, 0x0, 0x8d,
    0xa4, 0x1, 0x42, 0x2, 0x40, 0x2, 0xd9, 0x20,
    0x0, 0xb0, 0x30, 0x82, 0x63, 0x30, 0x2, 0x10,
    0x22, 0x28, 0x6c, 0x40, 0x3, 0x57, 0xeb, 0x8,
    0x4b, 0x0, 0x75, 0xff, 0xa4, 0x0,

    /* U+4E3B "主" */
    0x0, 0xe7, 0x40, 0xf, 0xfe, 0x2, 0x53, 0x80,
    0x7f, 0xc7, 0xb2, 0x60, 0x1e, 0xcf, 0xfd, 0x83,
    0x9f, 0xf2, 0x80, 0x33, 0xff, 0x1d, 0x7f, 0xe5,
    0x0, 0xff, 0xe9, 0xf, 0xfe, 0x3a, 0xff, 0xac,
    0x2, 0x1e, 0xec, 0x53, 0xdd, 0x58, 0x6, 0x11,
    0xe3, 0x11, 0x80, 0x3f, 0xf8, 0xa7, 0x11, 0xc7,
    0x71, 0x1c, 0x0, 0xff, 0xe8, 0x9f, 0xfe, 0x0,

    /* U+4E3E "举" */
    0x0, 0x11, 0x0, 0xa4, 0x2, 0x43, 0x0, 0xc9,
    0xe0, 0x48, 0x80, 0x1a, 0x0, 0xe6, 0x75, 0x9,
    0x10, 0xa9, 0x30, 0x1, 0xff, 0x96, 0xbe, 0xeb,
    0xd2, 0x3f, 0xc6, 0x6f, 0xf6, 0x17, 0xfe, 0x3a,
    0xff, 0x18, 0x0, 0xbb, 0x80, 0xee, 0xe, 0xb4,
    0x0, 0x97, 0x20, 0x87, 0x74, 0x27, 0x54, 0x80,
    0x49, 0xcf, 0xcc, 0x2a, 0xb3, 0x1f, 0xe2, 0x44,
    0x61, 0x56, 0xe9, 0xdd, 0xba, 0xb1, 0xa4, 0x9,
    0xdd, 0xce, 0xed, 0xdd, 0x60, 0x8, 0xff, 0xc8,
    0x8f, 0xfd, 0x20, 0x1, 0x22, 0xc6, 0x62, 0x2e,
    0x0, 0xff, 0xe1, 0x80,

    /* U+4E45 "久" */
    0x0, 0xc6, 0x80, 0x1f, 0xfc, 0x8, 0xc0, 0xf,
    0xf8, 0x93, 0x51, 0xc, 0x1, 0xfa, 0x2, 0x62,
    0x12, 0xc0, 0x1e, 0x35, 0xec, 0xc6, 0x83, 0x80,
    0x7b, 0xa0, 0x40, 0xe, 0x62, 0x1, 0xd8, 0xce,
    0x1, 0x4a, 0x0, 0x71, 0xbd, 0x0, 0x4e, 0x6,
    0x1, 0xc7, 0x62, 0x0, 0x38, 0xc5, 0x30, 0xf,
    0xc5, 0xb2, 0x77, 0xc2, 0x1, 0xe4, 0xc9, 0x60,
    0x57, 0xd0, 0xc, 0x31, 0x70, 0xe0, 0x15, 0x3e,
    0x90, 0xf, 0xa6, 0x30, 0x7, 0x5a, 0xe9, 0x8e,
    0x60, 0xc0, 0x3e, 0x8d, 0x30,

    /* U+4E48 "么" */
    0x0, 0xf3, 0x80, 0x7f, 0xf0, 0x22, 0xc0, 0x3f,
    0xe5, 0x6d, 0x0, 0xff, 0x1d, 0xd0, 0x80, 0xd0,
    0x80, 0x71, 0xed, 0xa0, 0x2, 0x84, 0x40, 0x19,
    0x76, 0xd4, 0x1, 0xd, 0x60, 0x1d, 0xfa, 0xa0,
    0x6, 0x7f, 0x0, 0xf5, 0x18, 0x1, 0x27, 0x9,
    0x80, 0x3f, 0x1d, 0x59, 0x87, 0xd8, 0x7, 0x93,
    0x6d, 0x0, 0x12, 0xcc, 0x0, 0xcb, 0x54, 0x42,
    0x35, 0x67, 0x92, 0x0, 0x3d, 0xd, 0xf6, 0x7f,
    0x61, 0xc, 0x80, 0x1a, 0xf7, 0xbf, 0xb2, 0xea,
    0x3c, 0x4,

    /* U+4E49 "义" */
    0x0, 0xf4, 0x80, 0x7f, 0xf0, 0x55, 0x0, 0x29,
    0x0, 0xd8, 0x80, 0x9, 0xf0, 0x3, 0x28, 0x6,
    0xaf, 0x0, 0x2b, 0x80, 0x2a, 0x80, 0x19, 0x98,
    0x80, 0xc, 0x4, 0x26, 0x0, 0xe8, 0x90, 0xd,
    0x30, 0x1, 0xe5, 0x68, 0x0, 0x38, 0xb0, 0x7,
    0xd4, 0xcc, 0x49, 0xe0, 0xf, 0xc3, 0xb3, 0x74,
    0x40, 0x1f, 0xca, 0x0, 0x30, 0xf, 0xc5, 0x76,
    0xdc, 0xab, 0x20, 0xc, 0x73, 0xa7, 0xa4, 0x7a,
    0x5b, 0x26, 0x7, 0xa3, 0xd0, 0x1, 0xa7, 0x43,
    0x48, 0xfa, 0x4, 0x3, 0xc5, 0x3c, 0x40,

    /* U+4E50 "乐" */
    0x0, 0xfc, 0x26, 0xd0, 0x1, 0xbf, 0xdb, 0xaf,
    0xfd, 0x9e, 0x20, 0x1a, 0x7f, 0x3f, 0xdd, 0x94,
    0xe2, 0x1, 0x9c, 0x84, 0xb4, 0x3, 0xe1, 0x1,
    0x0, 0x8c, 0x3, 0xe4, 0x22, 0xce, 0x24, 0x5c,
    0x0, 0xd2, 0xcc, 0xa8, 0x33, 0x38, 0x1, 0x1f,
    0xdd, 0x68, 0xf7, 0x70, 0x4, 0x36, 0x1, 0xeb,
    0x10, 0xd, 0x64, 0x1, 0xed, 0xc0, 0x9, 0x9e,
    0x40, 0x3c, 0xc9, 0x40, 0x51, 0xe0, 0x10, 0x80,
    0x69, 0x74, 0x2e, 0x20, 0x6f, 0xc6, 0x0, 0xda,
    0x80, 0x19, 0xbf, 0xd0, 0x1, 0xe0,

    /* U+4E5D "九" */
    0x0, 0xc3, 0xe2, 0x1, 0xff, 0xc1, 0x10, 0xf,
    0xfe, 0x50, 0x8c, 0x40, 0x23, 0x10, 0x7, 0x67,
    0x73, 0x3, 0xba, 0xd3, 0x0, 0xdb, 0xfe, 0xb3,
    0xff, 0x88, 0x3, 0xf1, 0x38, 0x7, 0xff, 0x3,
    0x30, 0x1, 0xff, 0xc0, 0x54, 0x0, 0xff, 0x9c,
    0xcc, 0x1, 0xfe, 0x38, 0x80, 0x7, 0xc7, 0x0,
    0x9b, 0x8, 0x1, 0xce, 0xa, 0x47, 0x70, 0xe0,
    0x1c, 0xb7, 0xf1, 0xe7, 0xec, 0x1, 0xe8, 0xff,
    0x72, 0x80,

    /* U+4E5F "也" */
    0x0, 0x84, 0x0, 0x3e, 0x1, 0xfd, 0xc0, 0x1f,
    0xfc, 0x85, 0xe2, 0x0, 0xf8, 0xc2, 0xff, 0x84,
    0x40, 0x1c, 0xf9, 0xa1, 0xdf, 0x64, 0x20, 0x51,
    0xa1, 0xd1, 0xc0, 0xa0, 0x3, 0x0, 0x30, 0x70,
    0x4a, 0x0, 0x70, 0x90, 0x24, 0x18, 0x7, 0xc4,
    0x20, 0x1f, 0xe1, 0xcc, 0x48, 0x7, 0xe1, 0x21,
    0xef, 0x76, 0x20, 0xf, 0xb4, 0x8, 0x42, 0x84,
    0x2, 0x14, 0x0, 0xf1, 0x9c, 0x1, 0x45, 0x7f,
    0xfb, 0x64, 0x0,

    /* U+4E60 "习" */
    0x4f, 0xff, 0xf3, 0x27, 0xff, 0xf2, 0x80, 0x4a,
    0xa0, 0xf, 0xf3, 0xc5, 0x0, 0x7f, 0x16, 0x86,
    0x88, 0x4, 0x20, 0x1d, 0x4a, 0x80, 0x18, 0xc0,
    0x3a, 0x15, 0x20, 0x1c, 0x3, 0x92, 0x7a, 0x7c,
    0x0, 0x20, 0x73, 0xd4, 0x39, 0xae, 0x2, 0xed,
    0xa1, 0xbd, 0x4, 0x1, 0x10, 0xb7, 0x49, 0x80,
    0x71, 0x81, 0x0, 0x7d, 0xbf, 0x90, 0x1, 0xfb,
    0x7f, 0xce, 0x0,

    /* U+4E66 "书" */
    0x0, 0xe2, 0xe0, 0x9, 0x0, 0x3f, 0xf8, 0x3d,
    0x82, 0x1, 0x8, 0xfe, 0xb4, 0xf1, 0x3, 0xee,
    0xb0, 0x3b, 0xb5, 0x50, 0x40, 0xff, 0xed, 0x1f,
    0xf8, 0x41, 0x0, 0x3f, 0xf8, 0x63, 0x55, 0xb8,
    0x6a, 0xa1, 0xef, 0x21, 0xff, 0xc8, 0x1f, 0xf5,
    0x48, 0x4, 0xab, 0xa8, 0x55, 0x78, 0x8, 0x3,
    0xfe, 0x11, 0x0, 0x7f, 0x84, 0x1d, 0x40, 0x3f,
    0xdf, 0xd7, 0xe0, 0x1f, 0xee, 0xe6, 0xa0, 0x0,

    /* U+4E8B "事" */
    0x0, 0xf7, 0x10, 0x7, 0x97, 0x33, 0x87, 0x33,
    0xa4, 0x13, 0xbb, 0x82, 0xbb, 0xb4, 0x0, 0x97,
    0x76, 0xa, 0xee, 0x60, 0x88, 0x2, 0x1f, 0xcc,
    0xe, 0x64, 0x6e, 0x1, 0x92, 0x2e, 0xc3, 0x97,
    0x66, 0x60, 0x4, 0x5f, 0xbb, 0x3, 0x6e, 0xc0,
    0x18, 0xc8, 0xb0, 0x79, 0x13, 0x54, 0x1, 0x19,
    0x33, 0x82, 0x26, 0x49, 0x1a, 0x11, 0xbb, 0xc3,
    0xbb, 0x34, 0x68, 0x1, 0xb7, 0x70, 0xee, 0xcc,
    0x1, 0x9b, 0x77, 0xe, 0xed, 0x46, 0x1, 0xec,
    0xd2, 0x20, 0x1, 0x50, 0x3, 0xd9, 0xb8, 0x1,
    0xf0,

    /* U+4E8C "二" */
    0x0, 0x7f, 0xff, 0x80, 0x36, 0x67, 0xf8, 0x3,
    0x19, 0xff, 0x80, 0x3f, 0xff, 0xa6, 0x7f, 0xfc,
    0x0, 0x3c, 0xcf, 0xfe, 0x1, 0x80,

    /* U+4E8E "于" */
    0x0, 0x7f, 0xff, 0x9c, 0x2, 0xee, 0xd6, 0x1d,
    0xd9, 0xc0, 0x21, 0x1c, 0xe2, 0x3c, 0x1, 0xff,
    0xc5, 0x11, 0xe7, 0x11, 0xf0, 0x3, 0xbb, 0xac,
    0x3b, 0xb9, 0xc3, 0xff, 0xb0, 0x7f, 0xf9, 0xc0,
    0x3f, 0xfc, 0x8e, 0x1, 0xff, 0x77, 0xdb, 0x0,
    0x7f, 0xbb, 0xfd, 0x0, 0x1e,

    /* U+4E91 "云" */
    0x0, 0x4e, 0xef, 0xea, 0x0, 0xd7, 0xdd, 0xfa,
    0x0, 0x31, 0x19, 0xfe, 0x20, 0xf, 0xfe, 0x21,
    0xf7, 0x6f, 0xf7, 0x77, 0x8c, 0xd9, 0x95, 0x3,
    0x66, 0x78, 0xc0, 0x8a, 0xd2, 0x92, 0x22, 0x11,
    0x40, 0x18, 0xdb, 0x80, 0x2b, 0x60, 0xf, 0x73,
    0x98, 0x5, 0xd2, 0x40, 0x1a, 0x46, 0x48, 0xd1,
    0x90, 0x34, 0x2, 0x46, 0x3e, 0xde, 0x8c, 0xe7,
    0x6, 0x0, 0x25, 0x6f, 0xfb, 0x72, 0xa6, 0x2f,
    0x80,

    /* U+4E94 "五" */
    0x1, 0x66, 0xff, 0x8, 0x0, 0xb3, 0x29, 0x96,
    0x67, 0x18, 0x0, 0xea, 0xa8, 0x4a, 0xae, 0x20,
    0xf, 0x71, 0x80, 0x7f, 0x84, 0x49, 0xe2, 0x38,
    0x3, 0xa3, 0xfc, 0x51, 0xfe, 0xee, 0x0, 0x74,
    0x77, 0x3, 0xfb, 0x94, 0x60, 0x1f, 0x18, 0x80,
    0x46, 0xc0, 0x1f, 0x2a, 0x80, 0x2e, 0x30, 0xf,
    0xbc, 0xc0, 0x22, 0xe0, 0x8, 0xae, 0xe6, 0x7b,
    0xb9, 0x62, 0xec, 0x47, 0xdd, 0x55, 0x3b, 0xaa,
    0xa7, 0x70, 0xc0,

    /* U+4E9B "些" */
    0x0, 0x93, 0x0, 0x9, 0x60, 0x1f, 0xfc, 0x87,
    0x70, 0x11, 0x40, 0x1, 0x7e, 0x50, 0xe, 0x1f,
    0xe0, 0x4c, 0xfc, 0x50, 0xe, 0x3d, 0xc0, 0x2d,
    0x82, 0x20, 0x7, 0xc2, 0x2, 0x1, 0x4a, 0x14,
    0xc5, 0x1f, 0xe3, 0x17, 0x74, 0xaa, 0x17, 0x9a,
    0xef, 0xd2, 0xef, 0xcf, 0xe1, 0x39, 0x75, 0x1,
    0x1c, 0x6, 0x1, 0xd1, 0xff, 0xfb, 0x40, 0x34,
    0xf7, 0x7e, 0xc0, 0xf, 0xfe, 0x21, 0xff, 0xff,
    0xf0, 0xc,

    /* U+4EAC "京" */
    0x0, 0xf5, 0x88, 0x7, 0xff, 0x0, 0xac, 0x3,
    0xc3, 0xff, 0xcc, 0xbf, 0xfc, 0x43, 0xff, 0xff,
    0xc0, 0x20, 0x2, 0xf7, 0x7e, 0x70, 0xc, 0x69,
    0xdd, 0xe7, 0xf0, 0xf, 0xfe, 0x3b, 0xcc, 0xf9,
    0x0, 0x39, 0x23, 0x30, 0x8d, 0x98, 0x8a, 0x0,
    0xc7, 0xc8, 0xaa, 0x65, 0x4c, 0x20, 0xd, 0x46,
    0x20, 0x18, 0x42, 0xc0, 0x2b, 0x28, 0x0, 0xf4,
    0x85, 0x0, 0x3a, 0x42, 0xfd, 0xb0, 0x2, 0xbf,
    0x0, 0x28, 0x2, 0xff, 0x94, 0x3, 0x28, 0x0,

    /* U+4EAE "亮" */
    0x0, 0xf4, 0x28, 0x7, 0x85, 0xdf, 0x92, 0x9d,
    0xf8, 0x3, 0xeb, 0x80, 0xf, 0xb, 0xad, 0xdf,
    0xe4, 0x70, 0x8, 0x4b, 0x33, 0xc2, 0xe0, 0x18,
    0x45, 0x99, 0xe3, 0x0, 0xe2, 0xfc, 0xcf, 0x72,
    0x0, 0x5d, 0xbb, 0xfe, 0xe0, 0xb, 0x37, 0xff,
    0x77, 0xef, 0x80, 0x54, 0x21, 0xba, 0xee, 0x66,
    0x81, 0x50, 0x1, 0x0, 0x43, 0xb3, 0x12, 0x80,
    0x6, 0x0, 0x86, 0x98, 0x40, 0x3d, 0x80, 0xb,
    0xf3, 0x90, 0x9, 0x55, 0xdc, 0x50, 0x5, 0x74,
    0x0, 0x63, 0xee, 0xac, 0x0,

    /* U+4EBA "人" */
    0x0, 0xf5, 0xb0, 0x7, 0xff, 0x1, 0x44, 0x3,
    0xff, 0x80, 0x3a, 0x1, 0xff, 0xc1, 0x10, 0xf,
    0xf8, 0xc1, 0x80, 0x3f, 0xe5, 0x43, 0x20, 0xf,
    0xf5, 0x63, 0xd0, 0x7, 0xf1, 0x99, 0xad, 0x84,
    0x3, 0xf4, 0x30, 0x92, 0xc8, 0x7, 0xce, 0xb0,
    0x0, 0x97, 0x40, 0xe, 0x68, 0xd1, 0x0, 0x15,
    0x5a, 0x80, 0x6, 0xa2, 0xcc, 0x3, 0x2d, 0x54,
    0x20, 0x7e, 0x80, 0x1e, 0x5d, 0x21,

    /* U+4EC0 "什" */
    0x0, 0xff, 0xe3, 0x69, 0x0, 0xb, 0x80, 0x3e,
    0x51, 0x20, 0xf, 0xfa, 0xe4, 0x3, 0xfe, 0x81,
    0x50, 0xf, 0xf1, 0x38, 0x7, 0xfc, 0x38, 0xa2,
    0x2f, 0xfb, 0x47, 0xfe, 0xa1, 0x78, 0x1, 0xee,
    0xac, 0x3b, 0xab, 0x9, 0x0, 0x84, 0x66, 0x11,
    0xe0, 0xf, 0xff, 0xe1, 0x70, 0x6, 0x2e, 0x0,
    0xc0,

    /* U+4EC5 "仅" */
    0x0, 0xca, 0x20, 0x1f, 0xf1, 0x51, 0x80, 0x7f,
    0xd6, 0xd7, 0xff, 0xf0, 0x4, 0x8d, 0x12, 0x3f,
    0xfa, 0x90, 0x0, 0x36, 0x2, 0xa, 0x80, 0x16,
    0x60, 0x1, 0xa4, 0x40, 0x6, 0xf0, 0x4, 0xec,
    0x4, 0x1c, 0x1, 0x32, 0x8, 0x32, 0x88, 0x16,
    0x8, 0x6, 0x68, 0x18, 0x80, 0x7, 0xf4, 0x3f,
    0xb9, 0x80, 0x7f, 0x8c, 0x6c, 0x3, 0xfd, 0x20,
    0xde, 0x40, 0x1f, 0x2e, 0x9e, 0x4c, 0x64, 0x8,
    0x6, 0x49, 0x95, 0x8, 0x2e, 0xb, 0x0, 0xb,
    0x53, 0x10, 0x3, 0x14, 0xb8,

    /* U+4ECA "今" */
    0x0, 0xf3, 0x58, 0x7, 0xfc, 0x92, 0x88, 0x0,
    0xfe, 0x5b, 0xac, 0xa5, 0x0, 0xfa, 0x2e, 0xca,
    0x7b, 0x72, 0x1, 0x8f, 0x17, 0x3, 0x4c, 0xde,
    0x5a, 0xa0, 0x79, 0x7a, 0x49, 0x3a, 0xa3, 0x77,
    0x19, 0xbd, 0xc0, 0x24, 0xd3, 0x0, 0x37, 0x18,
    0x2, 0xff, 0xf6, 0x4f, 0xfa, 0xc0, 0x35, 0x77,
    0x7a, 0x82, 0x0, 0x30, 0x8f, 0x82, 0xe4, 0xc0,
    0x3f, 0xda, 0xec, 0x1, 0xfe, 0x90, 0x90, 0xf,
    0xf1, 0xa6, 0x80, 0x7f, 0xc7, 0xa2, 0x1, 0xc0,

    /* U+4ECE "从" */
    0x0, 0xff, 0xe2, 0xae, 0x0, 0x6f, 0x20, 0xf,
    0x1b, 0x80, 0x71, 0x80, 0x78, 0x44, 0x1, 0x10,
    0x8, 0x7, 0xb8, 0x80, 0x26, 0x10, 0xf, 0x89,
    0x0, 0x22, 0x10, 0xf, 0x94, 0xd4, 0x1, 0x80,
    0x1f, 0x86, 0xac, 0x41, 0x81, 0x0, 0x38, 0xc5,
    0x5a, 0xc4, 0xdf, 0x80, 0x3a, 0xd0, 0x21, 0xa4,
    0xe5, 0x44, 0x3, 0x37, 0x0, 0x35, 0xa4, 0x5a,
    0xc0, 0x27, 0x34, 0x0, 0x41, 0x28, 0x42, 0x38,
    0x14, 0x48, 0x1, 0xdb, 0x80, 0x3, 0xb0, 0x65,
    0x68, 0x0, 0x7c, 0x20, 0x8, 0xf8, 0xc0,

    /* U+4ED3 "仓" */
    0x0, 0xf1, 0xe0, 0x7, 0xfc, 0x38, 0x68, 0x1,
    0xfc, 0x38, 0xf9, 0x48, 0x1, 0xf1, 0xfa, 0xc1,
    0xec, 0xc0, 0x7, 0x46, 0x44, 0x0, 0x7, 0x87,
    0xcc, 0x3, 0xc6, 0x93, 0xff, 0xb8, 0x2e, 0x14,
    0x76, 0xc9, 0xbb, 0xb4, 0x82, 0xf2, 0x81, 0x80,
    0x4, 0x78, 0x4, 0x3, 0xfc, 0x21, 0xe4, 0x1,
    0xfe, 0x8d, 0x5a, 0x20, 0xf, 0xe9, 0xdc, 0x2c,
    0x20, 0xc, 0x24, 0x1, 0xc6, 0x24, 0x1, 0xad,
    0xff, 0xfb, 0x60, 0x0,

    /* U+4EE3 "代" */
    0x0, 0xff, 0xe3, 0x61, 0x81, 0xe8, 0x42, 0x80,
    0x72, 0x89, 0x80, 0x98, 0x4c, 0x28, 0x6, 0xb8,
    0x0, 0x18, 0x0, 0x7f, 0x80, 0x29, 0x15, 0x0,
    0x8, 0x80, 0x2f, 0x10, 0x56, 0x1, 0x68, 0xa0,
    0xff, 0x64, 0x2a, 0x54, 0x81, 0x60, 0x60, 0x57,
    0xf6, 0x23, 0xd2, 0x1, 0xd4, 0x32, 0x18, 0x6,
    0x35, 0x0, 0xf1, 0xf8, 0x7, 0xff, 0x3, 0x14,
    0x3, 0xff, 0x80, 0x86, 0x20, 0x48, 0x1, 0xfc,
    0xb0, 0xd, 0xa0, 0x1f, 0xd0, 0xd1, 0xde, 0x1,
    0xfc, 0x58, 0x8c, 0xc0,

    /* U+4EE4 "令" */
    0x0, 0xf0, 0xb0, 0x7, 0xff, 0x3, 0xa4, 0x40,
    0x3f, 0x8b, 0x59, 0xf0, 0x80, 0x3e, 0x5c, 0xa9,
    0x8b, 0xc6, 0x0, 0xc7, 0x76, 0xd5, 0xe3, 0x6d,
    0xbc, 0x40, 0x3c, 0x3e, 0x32, 0xad, 0x23, 0xdb,
    0xb2, 0x1f, 0x40, 0x8c, 0xb6, 0x2, 0x27, 0xf4,
    0x1, 0xae, 0xed, 0x5b, 0xdc, 0xa0, 0xd, 0x5f,
    0xfe, 0x63, 0xa0, 0xf, 0x1a, 0x80, 0x25, 0x70,
    0x3, 0xf4, 0x5d, 0x97, 0x0, 0x3f, 0x1e, 0x82,
    0x50, 0x7, 0xfd, 0x75, 0x2a, 0x1, 0xff, 0x2e,
    0xa8, 0x6,

    /* U+4EE5 "以" */
    0x0, 0xff, 0xe1, 0x38, 0x80, 0x80, 0x6b, 0x60,
    0xa, 0x48, 0x29, 0xc0, 0x26, 0x20, 0xf, 0x4c,
    0x88, 0x0, 0x6e, 0x1, 0xe2, 0x99, 0x0, 0x4,
    0x80, 0x3e, 0x7f, 0x2, 0x11, 0x0, 0x7e, 0x40,
    0x45, 0x0, 0xff, 0xb3, 0x0, 0x1f, 0x1a, 0x0,
    0xab, 0x0, 0x72, 0x66, 0x80, 0x2c, 0x1c, 0x2,
    0x51, 0x8a, 0xe4, 0x64, 0xc8, 0x60, 0x6, 0x37,
    0xb0, 0x44, 0x34, 0xf2, 0x14, 0x26, 0x40, 0x3c,
    0x98, 0x60, 0x57, 0x60, 0xc, 0x3b, 0x84, 0x1,
    0x2f, 0x80,

    /* U+4EF6 "件" */
    0x0, 0xff, 0xe2, 0x61, 0x91, 0x3, 0x88, 0x3,
    0x8c, 0x4e, 0xa8, 0x1, 0xfa, 0x28, 0x13, 0x0,
    0x3e, 0x34, 0x51, 0x3b, 0xf1, 0xdf, 0xf2, 0x87,
    0x0, 0x19, 0x7b, 0x81, 0x9d, 0xc5, 0x96, 0x10,
    0xb8, 0x11, 0xf0, 0x6d, 0x0, 0x30, 0x80, 0x3e,
    0x41, 0x0, 0x77, 0xfc, 0x3b, 0xfe, 0xe0, 0xd,
    0xfd, 0xd0, 0x67, 0x73, 0xc0, 0x30, 0x8f, 0xf0,
    0x7, 0xff, 0x40, 0xcc, 0x1, 0xfc,

    /* U+4EFD "份" */
    0x0, 0x9c, 0x80, 0x4c, 0xc, 0x80, 0x38, 0x60,
    0xc1, 0xa8, 0x16, 0xc0, 0x3a, 0x58, 0x42, 0xa8,
    0x8, 0xe0, 0x18, 0x5f, 0x41, 0x44, 0xc0, 0x95,
    0xc0, 0x2b, 0x6, 0x1b, 0xf0, 0xa, 0x60, 0xc1,
    0x90, 0x1, 0x8a, 0xe8, 0x93, 0xb6, 0x91, 0x34,
    0x42, 0xcf, 0xee, 0x3e, 0x8e, 0x89, 0xc, 0x0,
    0xd1, 0x61, 0x97, 0x26, 0x80, 0x1f, 0x19, 0x80,
    0x2, 0x20, 0xf, 0xd5, 0x60, 0xe, 0xf0, 0xf,
    0x89, 0xd8, 0x0, 0x44, 0x0, 0xf0, 0xf4, 0x8,
    0x1, 0x58, 0x3, 0xd1, 0x4c, 0x19, 0xea, 0x60,
    0x1b, 0x8a, 0x58, 0x1, 0x9f, 0x60, 0x10,

    /* U+4F18 "优" */
    0x0, 0xff, 0xe2, 0xd3, 0x0, 0x38, 0x49, 0xc0,
    0x38, 0x55, 0xc0, 0x2, 0x5, 0x4a, 0x1, 0x99,
    0x44, 0x3, 0xbe, 0xc4, 0x0, 0x31, 0xe6, 0x70,
    0x11, 0x8d, 0x90, 0x2, 0x1, 0xbf, 0xdc, 0x1f,
    0xf4, 0xf8, 0x23, 0x1, 0x66, 0x3c, 0x73, 0x38,
    0xa, 0x44, 0x2, 0x75, 0x4b, 0x0, 0xcc, 0xc0,
    0xd, 0xa6, 0x1, 0xff, 0xc0, 0x4c, 0x0, 0xff,
    0x8c, 0x90, 0x3, 0xfe, 0x86, 0x0, 0xeb, 0x10,
    0xd, 0x2d, 0x0, 0x7, 0x0, 0x28, 0x80, 0x44,
    0xb8, 0x0, 0x52, 0xff, 0x38, 0x0,

    /* U+4F1A "会" */
    0x0, 0xf9, 0x40, 0x3f, 0xf8, 0x1b, 0x40, 0x1f,
    0xf5, 0xb3, 0xe0, 0x80, 0x7c, 0x7a, 0x57, 0x15,
    0xec, 0x1, 0x8a, 0xb1, 0x68, 0xcc, 0xb7, 0x6c,
    0x50, 0x1f, 0x2c, 0x4f, 0xfd, 0x31, 0x32, 0x31,
    0xd8, 0x3c, 0xcf, 0x2a, 0xb0, 0xc2, 0xbf, 0xff,
    0xda, 0x0, 0xae, 0xe6, 0x84, 0x77, 0x2f, 0xb9,
    0x80, 0x10, 0x8b, 0x9d, 0xc2, 0x12, 0xe2, 0x20,
    0xd, 0x6d, 0x0, 0x14, 0xc9, 0x80, 0x37, 0xa3,
    0x6f, 0x7f, 0xa4, 0x24, 0x80, 0x25, 0x98, 0xef,
    0xf7, 0x6f, 0xc3, 0x80,

    /* U+4F20 "传" */
    0x0, 0x90, 0xc0, 0x2, 0xe0, 0x1f, 0xa8, 0x2,
    0x7b, 0x0, 0xf9, 0x94, 0x3f, 0xd2, 0x7f, 0xf4,
    0x0, 0x6, 0x7c, 0xff, 0xc5, 0x9f, 0xf4, 0x0,
    0x28, 0x15, 0x10, 0xc4, 0xe8, 0x98, 0x25, 0xc0,
    0xff, 0xd2, 0x1f, 0xfc, 0x5f, 0xa2, 0x77, 0x63,
    0xab, 0xbe, 0x26, 0x10, 0x8, 0x4e, 0xbf, 0xf1,
    0x0, 0x78, 0x7f, 0xf1, 0xb1, 0x0, 0x7e, 0x40,
    0x96, 0x90, 0xf, 0xc5, 0x1e, 0x94, 0x1, 0xfc,
    0x58, 0x45, 0x0, 0x7f, 0xdb, 0x36, 0x1, 0xdc,
    0x20, 0x1c, 0xd2, 0x1, 0x0,

    /* U+4F30 "估" */
    0x0, 0xa8, 0xc0, 0x2e, 0x20, 0xf, 0x12, 0x18,
    0x7, 0xfd, 0xc, 0x1, 0xff, 0x1a, 0xd5, 0xf7,
    0x43, 0xbd, 0xd1, 0x7, 0x81, 0xd7, 0xfc, 0x17,
    0xff, 0x14, 0xb8, 0x80, 0x8f, 0x30, 0x8c, 0x1f,
    0x40, 0x1f, 0xfc, 0x6, 0x10, 0xb, 0x32, 0x1c,
    0xc9, 0x40, 0x3c, 0x7f, 0xec, 0xdf, 0x72, 0x0,
    0xf8, 0xcf, 0x84, 0x3, 0xff, 0x94, 0x89, 0xe0,
    0xf, 0xd1, 0xff, 0x84, 0x40, 0x17, 0x8, 0x7e,
    0x5d, 0xef, 0x60,

    /* U+4F4D "位" */
    0x0, 0xcc, 0x1, 0x31, 0x80, 0x7c, 0x96, 0x1,
    0xd, 0x0, 0x7d, 0xf6, 0x2, 0x23, 0x1, 0x18,
    0x2, 0x54, 0x69, 0xee, 0x5b, 0x77, 0x40, 0x1,
    0xa0, 0x4, 0xff, 0xf6, 0x78, 0x3, 0x44, 0xc0,
    0x12, 0xc0, 0x16, 0x0, 0x4f, 0x40, 0x17, 0xf8,
    0x0, 0x64, 0x1, 0x58, 0x6, 0x55, 0x0, 0x15,
    0xc0, 0x3f, 0x11, 0x80, 0x3f, 0x40, 0x3f, 0x8,
    0x88, 0x15, 0x0, 0x3f, 0x88, 0x40, 0x8c, 0x3,
    0xe4, 0x44, 0x3b, 0x85, 0x10, 0x40, 0x18, 0xa2,
    0x35, 0x9c, 0x41, 0x40,

    /* U+4F4F "住" */
    0x0, 0xd0, 0x40, 0x8, 0x30, 0xf, 0x8d, 0x88,
    0x1, 0xbe, 0x1, 0xf7, 0xc8, 0x4, 0xae, 0x20,
    0x1c, 0xe6, 0xfb, 0xff, 0x27, 0x7f, 0xa8, 0xa,
    0x0, 0x1b, 0xfe, 0xd1, 0xff, 0xa8, 0x70, 0x8c,
    0x3, 0xfc, 0x2d, 0x20, 0x1f, 0xfc, 0x8, 0x0,
    0x97, 0xfd, 0xa3, 0xff, 0x18, 0x7, 0x2f, 0xfb,
    0x43, 0xfe, 0x30, 0xf, 0xe1, 0x0, 0xff, 0xe5,
    0xc, 0xce, 0x19, 0x9a, 0x0, 0x3b, 0xfe, 0xd9,
    0xff, 0xb4,

    /* U+4F53 "体" */
    0x0, 0xac, 0x80, 0x2f, 0x0, 0xf8, 0xd4, 0x80,
    0x3f, 0xe9, 0x60, 0xf, 0xf8, 0x96, 0xbf, 0xf0,
    0x7f, 0xe3, 0x9, 0x3, 0xfe, 0xe0, 0x80, 0xf7,
    0x46, 0xca, 0x1, 0xa, 0xa0, 0x22, 0x88, 0x80,
    0x14, 0x20, 0x14, 0x70, 0x77, 0x80, 0x4c, 0x80,
    0x12, 0xba, 0x2, 0x3a, 0x80, 0x78, 0x6e, 0x40,
    0x2f, 0x80, 0xf, 0x53, 0x8a, 0x1, 0x83, 0xd8,
    0x6, 0x40, 0xd8, 0x80, 0x44, 0x24, 0x8, 0x2,
    0x4b, 0x4b, 0xc0, 0xbb, 0x1d, 0x90, 0x7, 0xff,
    0x8,

    /* U+4F59 "余" */
    0x0, 0xf1, 0x50, 0x7, 0xfc, 0x5e, 0xae, 0x1,
    0xfc, 0x9f, 0x3f, 0x72, 0x1, 0xf4, 0xcb, 0xd0,
    0x30, 0x35, 0x40, 0x26, 0xe5, 0xa4, 0x66, 0xbd,
    0xe3, 0x50, 0x73, 0x7f, 0xdd, 0x73, 0xdc, 0xdd,
    0x58, 0x8a, 0x8c, 0xd1, 0x9, 0x28, 0x83, 0x83,
    0x28, 0x37, 0xfe, 0xb2, 0xff, 0xe0, 0x3, 0x7f,
    0xea, 0x1f, 0xfe, 0x0, 0xcd, 0x60, 0x26, 0xd,
    0x82, 0x1, 0x9a, 0x28, 0x3, 0x32, 0x60, 0x80,
    0x26, 0xf0, 0x40, 0x3a, 0x13, 0x0, 0x15, 0x84,
    0x7f, 0x6a, 0x1, 0x4f, 0x0, 0xc, 0x40, 0xff,
    0xd0, 0x1, 0x8c, 0x0,

    /* U+4F5C "作" */
    0x0, 0xce, 0x20, 0x48, 0x1, 0xf8, 0xe4, 0x42,
    0xc, 0x3, 0xf4, 0x48, 0xa, 0x8a, 0xae, 0x40,
    0x2, 0xa3, 0x85, 0x4, 0xd7, 0x75, 0xa0, 0x34,
    0x0, 0x45, 0xe7, 0x75, 0xdd, 0x21, 0xa0, 0x63,
    0x56, 0x20, 0x64, 0x50, 0x88, 0x28, 0x1, 0xa,
    0x0, 0x4e, 0xe9, 0x87, 0x4, 0x5, 0x80, 0x27,
    0xcc, 0x9c, 0x3, 0xf8, 0x84, 0x60, 0xf, 0xf2,
    0xff, 0xd6, 0x1, 0xfc, 0xfd, 0xd5, 0x80, 0x7f,
    0xf4, 0x0,

    /* U+4F60 "你" */
    0x0, 0x98, 0x82, 0x4, 0x3, 0xf0, 0xc1, 0x8b,
    0x8, 0x7, 0xe9, 0x71, 0x75, 0x11, 0xf0, 0x0,
    0x9e, 0x82, 0x13, 0xfb, 0x9f, 0xee, 0x20, 0xe0,
    0x24, 0x3f, 0xe2, 0xce, 0xe0, 0x15, 0x38, 0x2,
    0x24, 0x3, 0x89, 0x3, 0x28, 0x43, 0x56, 0x80,
    0x25, 0x55, 0x83, 0x8, 0x0, 0x5c, 0x3, 0x24,
    0x8, 0x7, 0xb7, 0xc0, 0x21, 0x56, 0x0, 0xe3,
    0x55, 0x0, 0x6e, 0xa0, 0xe, 0xab, 0x0, 0xe4,
    0x30, 0xe, 0x95, 0x1, 0x0, 0xdc, 0x1, 0xf1,
    0xf0, 0x90, 0x6,

    /* U+4F7F "使" */
    0x0, 0x9a, 0x40, 0x2e, 0x10, 0xf, 0xa3, 0x40,
    0x21, 0x30, 0xf, 0x39, 0x7f, 0x74, 0x1b, 0xdd,
    0x10, 0x14, 0x55, 0xf7, 0x43, 0xdd, 0x88, 0x3c,
    0x14, 0x7b, 0xa1, 0xee, 0xb4, 0x29, 0x88, 0x2,
    0xee, 0xf, 0x73, 0xcc, 0x3e, 0xc4, 0x3, 0x84,
    0x3, 0x94, 0x3, 0xf, 0x70, 0x3f, 0xbc, 0x3,
    0xc2, 0xfd, 0x85, 0xdd, 0x80, 0x3d, 0xd7, 0x64,
    0x0, 0xff, 0x30, 0xb7, 0x0, 0x7f, 0xc, 0x24,
    0xe6, 0xc1, 0x88, 0x6, 0x7d, 0x1f, 0x6b, 0xff,
    0x47, 0x88,

    /* U+4F8B "例" */
    0x0, 0x1d, 0x0, 0x7c, 0x3e, 0x0, 0xb2, 0xdf,
    0xfc, 0x1, 0xe6, 0xad, 0x87, 0xff, 0x2c, 0x80,
    0x48, 0x24, 0x19, 0xa0, 0x1f, 0x40, 0x4, 0x95,
    0xf4, 0x1, 0x94, 0x40, 0xa, 0x7c, 0xe6, 0x1,
    0x9f, 0x80, 0x13, 0x21, 0x17, 0x80, 0x62, 0x30,
    0x41, 0x21, 0x44, 0x0, 0x7c, 0x9e, 0x3c, 0x44,
    0x0, 0xfc, 0x4c, 0xe, 0x3, 0xc0, 0x1f, 0x18,
    0xc0, 0x23, 0x80, 0x78, 0xb6, 0x80, 0x38, 0x40,
    0x34, 0xc2, 0x0, 0x5f, 0xce, 0x0, 0xe0, 0xb6,
    0x0, 0xdf, 0xe9,

    /* U+4F9B "供" */
    0x0, 0xff, 0xe2, 0xe9, 0x7, 0x8, 0x3, 0xc4,
    0x3, 0x20, 0x90, 0x7, 0xfd, 0x14, 0x1, 0xff,
    0x29, 0xbd, 0x78, 0xf7, 0xf8, 0x3b, 0xc4, 0x56,
    0x0, 0xae, 0xd, 0xee, 0x6, 0xf0, 0xd3, 0x88,
    0x0, 0x44, 0x62, 0x20, 0x31, 0xf, 0x90, 0xf,
    0xfe, 0x2, 0x0, 0xe, 0x20, 0x37, 0x10, 0x8,
    0x81, 0x0, 0x79, 0xc8, 0x0, 0xe2, 0x1, 0xc7,
    0x10, 0x9, 0x88, 0x7c, 0x40, 0x80, 0x39, 0x94,
    0x40, 0x1b, 0x40, 0x1e, 0x58, 0xf0, 0xa, 0x99,
    0xc0, 0x31, 0xf6, 0x90, 0x6, 0xeb, 0x0, 0xb8,
    0xac, 0xc0, 0x38, 0xb0, 0x0,

    /* U+4F9D "依" */
    0x0, 0x94, 0xc0, 0x4, 0xa0, 0x1f, 0xac, 0x3,
    0x58, 0x80, 0x79, 0x88, 0xc0, 0x4, 0x8a, 0x1,
    0xe9, 0x97, 0xfe, 0x5b, 0xff, 0x80, 0x12, 0x9,
    0xfe, 0xe0, 0x7, 0xfe, 0x6, 0x70, 0xd, 0xae,
    0x44, 0x1, 0x80, 0x3d, 0x10, 0x1f, 0x38, 0x55,
    0xe, 0x0, 0x14, 0xc1, 0x3c, 0x14, 0x2a, 0x32,
    0x20, 0x1, 0x8a, 0x24, 0x0, 0x44, 0x55, 0x0,
    0x73, 0x30, 0x3, 0x73, 0x90, 0x7, 0xf8, 0x8d,
    0xfc, 0x40, 0x3d, 0x8b, 0xbc, 0x50, 0xf8, 0x40,
    0x1c, 0xad, 0xf8, 0x41, 0x50, 0x40, 0xe, 0x10,
    0xf9, 0x20, 0xc, 0xa0,

    /* U+4FA7 "侧" */
    0x0, 0xff, 0xe1, 0xa5, 0x0, 0x7e, 0xe0, 0x6,
    0xe6, 0xee, 0xe0, 0x50, 0xc, 0xee, 0xd, 0xed,
    0x0, 0x40, 0x4, 0xa2, 0x20, 0x7, 0x0, 0x7d,
    0x20, 0x1f, 0xf2, 0xb8, 0x80, 0x7f, 0x9a, 0x40,
    0x3f, 0xe3, 0x20, 0xf, 0xfe, 0x28, 0x80, 0x7f,
    0x90, 0x9c, 0x10, 0x3, 0xf4, 0xd6, 0x4d, 0x6,
    0x80, 0x78, 0xd5, 0xfa, 0x40, 0x3e, 0x1f, 0xf0,
    0x38, 0x1, 0xb9, 0x0, 0x1c, 0x38, 0x40, 0x9,
    0x6, 0xea,

    /* U+4FBF "便" */
    0x0, 0xa0, 0x40, 0x3f, 0xe2, 0x6a, 0xff, 0xfb,
    0x80, 0x2b, 0x6b, 0xff, 0x87, 0x7f, 0xdc, 0x0,
    0x26, 0xa1, 0xdd, 0x87, 0x76, 0xa0, 0x7, 0x1,
    0x81, 0xee, 0x87, 0x75, 0xce, 0xe, 0x40, 0x10,
    0xe6, 0x7, 0x31, 0xc0, 0x4, 0xd1, 0x0, 0xe,
    0x60, 0x7f, 0x38, 0x0, 0x66, 0x0, 0xc2, 0x31,
    0x8b, 0x80, 0x78, 0x56, 0xb4, 0x26, 0xbd, 0x0,
    0x39, 0x8a, 0xe5, 0x2e, 0xe9, 0x0, 0xe6, 0xd,
    0xa8, 0x0, 0xff, 0x79, 0x7, 0xc2, 0x10, 0x7,
    0x2f, 0x75, 0xfd, 0xdc, 0x20, 0xe, 0x4e, 0x81,
    0x2, 0x6a, 0xce, 0x10,

    /* U+4FDD "保" */
    0x0, 0x90, 0xc0, 0x3f, 0xf8, 0x14, 0x1d, 0xff,
    0xe2, 0x0, 0x99, 0x4c, 0x3b, 0xff, 0x8, 0x4,
    0x33, 0xa0, 0x1f, 0xf5, 0x2, 0x80, 0x2e, 0x67,
    0x8, 0x2, 0x5c, 0x80, 0x17, 0xf8, 0xdd, 0x94,
    0x41, 0xfa, 0x20, 0x5, 0x58, 0x55, 0x60, 0x3,
    0x8, 0x3, 0xba, 0xf1, 0xde, 0xe8, 0x3, 0xbb,
    0x9e, 0x20, 0xd, 0xee, 0x0, 0x7d, 0x52, 0x33,
    0xc2, 0x1, 0xe1, 0xb2, 0x70, 0x4a, 0xd1, 0x0,
    0xcd, 0xe5, 0x20, 0x13, 0xdf, 0x90, 0x4, 0xd9,
    0x20, 0x1c, 0xf8, 0x40,

    /* U+4FE1 "信" */
    0x0, 0xa8, 0x80, 0x5, 0x60, 0x1f, 0x13, 0x90,
    0x0, 0x9d, 0x0, 0x3d, 0x15, 0x35, 0x50, 0x75,
    0x54, 0x0, 0x35, 0x55, 0x4c, 0xdf, 0x33, 0x80,
    0x1c, 0x6, 0x65, 0x99, 0xf1, 0x4, 0xb9, 0x0,
    0x12, 0x67, 0xc2, 0x15, 0x40, 0x9, 0x26, 0x7c,
    0x20, 0x60, 0x19, 0xe6, 0x7c, 0x20, 0x1e, 0x30,
    0xf, 0xfe, 0xf, 0xc4, 0x76, 0xa8, 0x7, 0xd5,
    0x77, 0x90, 0x3, 0xf1, 0x88, 0xf0, 0x7, 0xc5,
    0xfb, 0xb9, 0x0, 0x36, 0x8, 0x7e, 0xe6, 0x6f,
    0x50,

    /* U+5012 "倒" */
    0x0, 0x8c, 0x3, 0xfe, 0x3f, 0x89, 0x88, 0x89,
    0x7, 0x80, 0x15, 0x4d, 0x63, 0xdd, 0xc, 0x0,
    0x42, 0xcc, 0x41, 0xbc, 0x61, 0x0, 0xd0, 0x0,
    0xa4, 0x63, 0xc1, 0x0, 0x91, 0xc0, 0x8, 0x61,
    0xca, 0x80, 0x16, 0x50, 0x3, 0xee, 0xc9, 0x4a,
    0x1, 0x42, 0x0, 0x16, 0x89, 0x54, 0x20, 0x1e,
    0x1f, 0x40, 0xff, 0x0, 0x7c, 0x35, 0xc5, 0x54,
    0x16, 0x0, 0xf9, 0x8a, 0x2c, 0x68, 0x3, 0x97,
    0xa1, 0x72, 0x8c, 0x0, 0x60, 0x12, 0xf6, 0x52,
    0x9, 0x77, 0xa8, 0x3, 0xc0, 0x3c, 0x5d, 0xc8,

    /* U+503C "值" */
    0x0, 0xff, 0xe2, 0xc2, 0x80, 0x54, 0xc0, 0x1f,
    0x33, 0x4, 0x64, 0x31, 0x18, 0x2, 0x65, 0x56,
    0x64, 0x37, 0x98, 0xd0, 0x0, 0xcf, 0xb6, 0xeb,
    0xcb, 0xb7, 0x58, 0x0, 0x80, 0x50, 0xae, 0xc2,
    0xdd, 0x79, 0x2, 0xb8, 0x6, 0xae, 0xfd, 0xd1,
    0x0, 0x54, 0x20, 0x15, 0xe6, 0x62, 0x0, 0x2a,
    0x0, 0x6b, 0xcc, 0xc4, 0x1, 0xfa, 0xf3, 0x31,
    0x0, 0x7e, 0xbc, 0xcc, 0x40, 0x1f, 0xaf, 0x33,
    0x10, 0x7, 0x91, 0xd, 0x11, 0x81, 0x44, 0x3,
    0x58, 0xb5, 0xde, 0x8, 0x70,

    /* U+504F "偏" */
    0x0, 0x88, 0xc0, 0x2, 0xc0, 0x1f, 0x73, 0x0,
    0x6, 0x10, 0x3, 0x90, 0x5b, 0xf7, 0x43, 0x7b,
    0xd8, 0x0, 0xb5, 0x3, 0xdd, 0x7f, 0xb7, 0x40,
    0x8, 0xb, 0x3, 0xee, 0xed, 0x6, 0x60, 0x80,
    0x13, 0xbb, 0xd8, 0x1a, 0x40, 0xe1, 0x7b, 0xfb,
    0xfb, 0xec, 0x60, 0x1, 0x13, 0xea, 0x6a, 0x69,
    0x0, 0x63, 0x30, 0x7, 0xfd, 0xde, 0x7a, 0x9a,
    0x9a, 0x40, 0x18, 0xc8, 0xf5, 0x35, 0x34, 0x80,
    0x27, 0x54, 0x0, 0xff, 0x98, 0x1c, 0x30, 0x32,
    0x98,

    /* U+505A "做" */
    0x0, 0xff, 0xe2, 0xe8, 0x34, 0x80, 0x1e, 0x40,
    0x39, 0x9c, 0x3, 0xb7, 0xc0, 0x3a, 0xb8, 0x3,
    0x91, 0x40, 0x32, 0x18, 0x7c, 0xb7, 0xd8, 0xef,
    0xf9, 0x82, 0x1, 0x7e, 0x5b, 0xcc, 0x3a, 0xd5,
    0x9c, 0x4, 0x3, 0xb, 0x80, 0xc, 0x80, 0x7c,
    0x1, 0x30, 0xd2, 0xcc, 0x3d, 0xc0, 0x63, 0x0,
    0x34, 0xc3, 0x46, 0x5a, 0x20, 0x3, 0xce, 0xe3,
    0x4, 0x74, 0x0, 0xff, 0x84, 0x34, 0x3, 0xe2,
    0x21, 0x84, 0xd, 0x0, 0x7d, 0xdc, 0x28, 0x4e,
    0x4b, 0x0, 0xe5, 0xcc, 0x51, 0xe0, 0x49, 0x20,
    0x3, 0x86, 0x80, 0xd, 0x40, 0x14, 0xa0,

    /* U+505C "停" */
    0x0, 0x9c, 0x80, 0x3, 0x40, 0x1f, 0xa5, 0x22,
    0x12, 0xb7, 0x11, 0x8, 0x1, 0x90, 0xbb, 0xa9,
    0xde, 0xe8, 0x2, 0x9e, 0x4f, 0xaa, 0xeb, 0x61,
    0x8, 0x5, 0x3, 0x8c, 0xcc, 0x40, 0x3, 0x60,
    0x8, 0xe3, 0x33, 0x10, 0x1, 0x6c, 0x40, 0x11,
    0xbb, 0xd8, 0x20, 0xca, 0x0, 0xec, 0xcf, 0xb8,
    0xc0, 0x3b, 0xa2, 0x3a, 0x50, 0x3, 0xb5, 0xb7,
    0x55, 0xfa, 0x52, 0x60, 0x18, 0xd6, 0x20, 0x31,
    0x6, 0x20, 0xf, 0xf1, 0x80, 0x7f, 0xaf, 0x4c,
    0x40, 0x3d, 0xc2, 0x0, 0xbd, 0xd0, 0x7, 0x0,

    /* U+5065 "健" */
    0x0, 0xff, 0xe2, 0x1d, 0x80, 0x77, 0x0, 0x7a,
    0xcf, 0xfe, 0x8c, 0x1c, 0xc4, 0x0, 0x4d, 0x5f,
    0x13, 0x18, 0x39, 0xc4, 0x0, 0x41, 0x20, 0xa2,
    0xdd, 0xe, 0xe9, 0x60, 0x20, 0x0, 0xea, 0x9b,
    0xa1, 0xdd, 0x2c, 0x28, 0x0, 0xe0, 0xea, 0x30,
    0x73, 0xc0, 0xf, 0xe0, 0x79, 0xe3, 0x18, 0x39,
    0xb4, 0x4, 0x60, 0x20, 0xe7, 0x7a, 0x3b, 0xa7,
    0x0, 0xef, 0x4d, 0xbd, 0x1d, 0xd3, 0x80, 0x61,
    0x78, 0x1d, 0xd0, 0xee, 0xc0, 0x1d, 0xa0, 0xdb,
    0xa1, 0xdd, 0x80, 0x3a, 0xa7, 0x20, 0xd8, 0x3,
    0xe8, 0x96, 0xf0, 0xf6, 0xfe, 0xe2, 0x0, 0x3e,
    0x14, 0x6, 0x33, 0xbf, 0xb8, 0x80,

    /* U+50A8 "储" */
    0x0, 0xe, 0x0, 0x61, 0xd0, 0x1, 0x0, 0x4e,
    0xb2, 0x80, 0x1c, 0x38, 0x20, 0xa, 0xdb, 0x91,
    0xee, 0x17, 0x7b, 0x8, 0x19, 0x90, 0xa4, 0xfb,
    0x85, 0xa7, 0x0, 0x8, 0x0, 0xa, 0x9a, 0x39,
    0x62, 0xa1, 0x2b, 0x2, 0xf7, 0xc, 0xdc, 0x3,
    0xe6, 0x22, 0xe1, 0x5f, 0x12, 0x64, 0x7e, 0x77,
    0x1a, 0x18, 0x6, 0x5e, 0x35, 0xdd, 0x78, 0x7,
    0xc3, 0x65, 0xbb, 0x0, 0x7e, 0x44, 0x16, 0x64,
    0x1, 0xf0, 0xd2, 0x16, 0x64, 0x1, 0xe8, 0xf,
    0x42, 0xbb, 0x80, 0x3d, 0x3a, 0xa0, 0x33, 0x30,
    0x6, 0xe0, 0x12, 0x0, 0x71, 0x15, 0xe0,

    /* U+50CF "像" */
    0x0, 0x9d, 0x1, 0x98, 0x1, 0xfd, 0x2c, 0x53,
    0x2d, 0xf3, 0x0, 0xe7, 0x43, 0xfb, 0xff, 0x11,
    0x80, 0x61, 0x8f, 0xf1, 0x4e, 0xe8, 0xb7, 0x46,
    0x0, 0xa0, 0x7b, 0x2d, 0xd1, 0x76, 0xb0, 0x1,
    0xdc, 0x6, 0x85, 0xbe, 0x59, 0xa8, 0x0, 0x4e,
    0x10, 0x1f, 0x50, 0xcd, 0xd8, 0xc0, 0xc8, 0x1,
    0x1b, 0xf3, 0x83, 0x3e, 0x20, 0x1d, 0x5a, 0x3a,
    0x9c, 0xd8, 0x20, 0x1c, 0xba, 0x12, 0x85, 0x12,
    0x1, 0xe4, 0xc1, 0xea, 0x67, 0x64, 0x0, 0xc7,
    0x79, 0xf8, 0x2, 0x1b, 0x20, 0x11, 0x9b, 0x36,
    0x2e, 0x24, 0xf, 0x40,

    /* U+5145 "充" */
    0x0, 0xff, 0xe4, 0x62, 0x80, 0x7f, 0xf0, 0x26,
    0xc0, 0x3e, 0xbb, 0xdf, 0x27, 0x77, 0xc2, 0x1f,
    0xf0, 0x85, 0x4f, 0xf7, 0xfc, 0x20, 0x88, 0x74,
    0xb6, 0x40, 0xb7, 0x44, 0x0, 0x45, 0xb6, 0x80,
    0x4, 0xbc, 0x40, 0x8, 0x74, 0x6f, 0xfb, 0x9f,
    0x41, 0x66, 0x0, 0x17, 0xb6, 0xf, 0xf0, 0x6f,
    0xca, 0x0, 0x50, 0x9c, 0x82, 0x20, 0x9, 0x9c,
    0x3, 0xb4, 0xc0, 0x3c, 0x40, 0x18, 0xd2, 0x80,
    0x3d, 0x6a, 0x0, 0x4d, 0x82, 0x0, 0xf2, 0x88,
    0x65, 0x5b, 0x80, 0x4b, 0xbf, 0xe1, 0x40, 0xee,
    0x28, 0x6, 0xaf, 0xfb, 0x40,

    /* U+5148 "先" */
    0x0, 0xa0, 0x43, 0x14, 0x3, 0xf0, 0xb8, 0x80,
    0x7f, 0xd2, 0x19, 0x83, 0xac, 0xca, 0xc0, 0x33,
    0x4f, 0xf8, 0x1f, 0xfe, 0x80, 0x9, 0xd5, 0x8c,
    0xed, 0x33, 0xc0, 0x12, 0xd0, 0x7, 0xfc, 0x9d,
    0xb9, 0x91, 0xd6, 0x67, 0xa, 0xc4, 0x46, 0xb7,
    0x63, 0xa8, 0x88, 0x44, 0x89, 0xd, 0xa2, 0x1,
    0xd1, 0x20, 0xc, 0x60, 0x40, 0x1f, 0xf4, 0x30,
    0x7, 0xd8, 0x20, 0x34, 0xd0, 0x1, 0x9, 0x80,
    0x8, 0x4f, 0x83, 0x0, 0x32, 0x6f, 0xf9, 0xc0,
    0xf6, 0x84, 0x3, 0x57, 0xfd, 0x20,

    /* U+5149 "光" */
    0x0, 0x8, 0x4, 0xee, 0x0, 0x90, 0x3, 0x5b,
    0x80, 0x78, 0xac, 0xc0, 0x28, 0x91, 0x0, 0xe8,
    0x53, 0x0, 0x89, 0x18, 0x3, 0x1a, 0xd8, 0x7,
    0x71, 0x0, 0x67, 0xa1, 0x0, 0x9d, 0xc6, 0x4f,
    0x32, 0x73, 0x27, 0x70, 0x87, 0x75, 0x70, 0xee,
    0x8c, 0xee, 0x80, 0x13, 0x35, 0xac, 0xc8, 0xa2,
    0x66, 0x10, 0xd, 0xba, 0x0, 0xff, 0xe0, 0x2a,
    0x80, 0x3f, 0xe9, 0x42, 0x0, 0xf2, 0x58, 0x1d,
    0xa5, 0x0, 0x67, 0x0, 0x19, 0xf, 0x1e, 0x88,
    0x4, 0xb7, 0xfe, 0x9a, 0x1d, 0x80, 0xe, 0x8f,
    0xfb, 0x8c,

    /* U+514B "克" */
    0x0, 0xe2, 0xe0, 0xf, 0x9, 0x16, 0x61, 0x22,
    0xe1, 0x6f, 0xfd, 0x61, 0xff, 0xce, 0xed, 0xde,
    0x1d, 0xde, 0x60, 0x3d, 0xdb, 0x7, 0x76, 0xc0,
    0x9, 0xc7, 0x31, 0xfd, 0x98, 0xe2, 0x0, 0xe1,
    0x1f, 0x80, 0x38, 0xaa, 0xb6, 0x5c, 0x80, 0x65,
    0xbf, 0x5d, 0xf3, 0xe, 0xa0, 0x8, 0x54, 0x41,
    0xd5, 0x5a, 0xa8, 0x1, 0xd0, 0xe0, 0x1e, 0x2a,
    0x3, 0xc1, 0x90, 0x8, 0x40, 0xe, 0x35, 0xb7,
    0xa2, 0x0, 0xf8, 0xff, 0x57, 0x57, 0x38, 0x6,
    0x5f, 0xfc, 0xa0,

    /* U+514D "免" */
    0x0, 0xd6, 0xc0, 0x1f, 0xf3, 0xa4, 0x77, 0x3d,
    0x80, 0x3c, 0x73, 0xbd, 0xcc, 0x14, 0x0, 0xe3,
    0xc6, 0x13, 0x4d, 0x41, 0x33, 0x0, 0xf, 0x40,
    0xe2, 0x16, 0x3, 0x10, 0xc2, 0x3, 0xf1, 0xab,
    0xb2, 0xaa, 0xee, 0x10, 0x8, 0x40, 0x33, 0x10,
    0x7, 0xf7, 0x7f, 0x8d, 0xff, 0xe1, 0x0, 0xdd,
    0xfe, 0xa0, 0xc1, 0xff, 0x88, 0x3, 0xd0, 0xc0,
    0x1f, 0xf5, 0x84, 0x80, 0x74, 0x90, 0x1, 0xb8,
    0x30, 0x4, 0x3, 0x20, 0xf, 0x6d, 0x58, 0x81,
    0x1f, 0xfc, 0xc4, 0x3d, 0x68, 0x1, 0xb7, 0xfe,
    0xb0,

    /* U+5165 "入" */
    0x0, 0xc4, 0x1, 0xff, 0xc1, 0xbd, 0x10, 0xf,
    0xfa, 0x5f, 0x40, 0x3f, 0xf8, 0x14, 0x76, 0x1,
    0xff, 0xc1, 0x42, 0x0, 0xff, 0x10, 0x24, 0x0,
    0x7f, 0xa9, 0x29, 0x48, 0x3, 0xf9, 0xb8, 0x5a,
    0x0, 0x3f, 0x39, 0xa8, 0x42, 0xa0, 0x7, 0x8e,
    0x24, 0x0, 0x31, 0x42, 0x1, 0x8b, 0x5d, 0x0,
    0x27, 0x5d, 0x0, 0x97, 0x5a, 0x0, 0x3a, 0x87,
    0x48, 0x62, 0xa0, 0x3, 0xc3, 0x8e, 0x3, 0xaa,
    0x1, 0xf8, 0x68, 0x80,

    /* U+5168 "全" */
    0x0, 0xf3, 0x20, 0x7, 0xfc, 0x73, 0x20, 0xf,
    0xf1, 0xee, 0x25, 0x80, 0x7e, 0x6d, 0xd1, 0xc9,
    0x61, 0x0, 0x61, 0xab, 0xc3, 0x0, 0x4d, 0x6b,
    0x80, 0x1b, 0x9a, 0x91, 0x9b, 0x3, 0x56, 0x92,
    0xe7, 0xfb, 0xb9, 0x31, 0xdc, 0x1c, 0xb2, 0x33,
    0xa2, 0x23, 0xb8, 0x88, 0x58, 0x2, 0x4b, 0xb8,
    0xea, 0xee, 0x10, 0xc, 0xbf, 0xf0, 0x37, 0xfc,
    0x20, 0x18, 0x51, 0x23, 0xc4, 0x48, 0x3, 0xff,
    0x8a, 0x5f, 0xfc, 0x75, 0xff, 0xb0, 0x0,

    /* U+516C "公" */
    0x0, 0xfe, 0x10, 0xf, 0xd8, 0xc0, 0x7, 0xa0,
    0xf, 0x90, 0x98, 0x0, 0xea, 0xa0, 0xf, 0x4c,
    0x80, 0x35, 0x58, 0x80, 0x69, 0x17, 0x1, 0x0,
    0x23, 0xe0, 0x5, 0xf, 0xc0, 0xc, 0x60, 0x4,
    0x8e, 0x8, 0x8f, 0x48, 0x1c, 0x18, 0x2, 0xd7,
    0x31, 0xb3, 0x1, 0x89, 0x0, 0xc3, 0x64, 0x1,
    0xa9, 0x50, 0xb, 0x44, 0x3, 0xcc, 0xb4, 0x0,
    0x24, 0xa0, 0xe, 0x38, 0xd0, 0x12, 0x3d, 0x47,
    0x0, 0xd8, 0x39, 0xfd, 0x9d, 0x3, 0x6, 0x1,
    0x56, 0x77, 0xfb, 0xb7, 0x39, 0xa4, 0x2, 0x53,
    0x10, 0xf, 0x4d, 0x0,

    /* U+516D "六" */
    0x0, 0xe1, 0x80, 0xf, 0xfe, 0x0, 0xb2, 0x80,
    0x7f, 0xf0, 0x26, 0x0, 0x3f, 0xf8, 0xb, 0x42,
    0x1, 0xc7, 0xff, 0xdb, 0x1d, 0xff, 0x90, 0xff,
    0xff, 0xf8, 0x8, 0x1, 0x8c, 0x2, 0x13, 0x0,
    0xf8, 0xb0, 0xc0, 0x5, 0x84, 0x1, 0xe8, 0x43,
    0x0, 0x1b, 0xf0, 0x7, 0x22, 0xc8, 0x6, 0x81,
    0x70, 0xd, 0x4e, 0x40, 0x1d, 0xd0, 0x40, 0xb,
    0x28, 0x0, 0xf1, 0xb7, 0x1, 0x3f, 0x0, 0x7e,
    0x87, 0x12, 0xc2, 0x0, 0xfc, 0x36, 0x20,

    /* U+5171 "共" */
    0x0, 0x87, 0xc0, 0x37, 0x88, 0x7, 0xff, 0x52,
    0xff, 0x83, 0xff, 0x7, 0x7e, 0x80, 0x2f, 0xb4,
    0x3b, 0xb0, 0x6f, 0x68, 0x4, 0x26, 0x2, 0x38,
    0xc, 0x40, 0x3f, 0xf8, 0x87, 0x55, 0x5, 0x56,
    0xa, 0xa9, 0xb, 0x31, 0xb3, 0x99, 0xa7, 0x73,
    0xc, 0x2c, 0xd7, 0x93, 0x30, 0xf9, 0x9a, 0x20,
    0xa, 0x95, 0x0, 0x8, 0x78, 0x20, 0x11, 0xe8,
    0xe0, 0x4, 0x36, 0x9e, 0x60, 0x9, 0xbb, 0x0,
    0x7a, 0x21, 0x20,

    /* U+5173 "关" */
    0x0, 0x9d, 0x0, 0x31, 0xd0, 0x7, 0x8e, 0x80,
    0x34, 0x68, 0x7, 0x91, 0x6, 0x0, 0x46, 0x70,
    0xc, 0x7f, 0xe5, 0xcf, 0xf5, 0x97, 0xf9, 0x40,
    0x7, 0xff, 0x99, 0x3f, 0xf2, 0x80, 0x7c, 0x22,
    0x0, 0xf8, 0x47, 0x88, 0x4, 0x78, 0x1, 0xdd,
    0xca, 0xae, 0xee, 0x10, 0xff, 0xdc, 0x0, 0xcf,
    0xfc, 0x20, 0x1d, 0x49, 0x7a, 0x20, 0x1f, 0xd,
    0xb5, 0x23, 0x61, 0x0, 0x73, 0x7b, 0xe0, 0x84,
    0x2e, 0xc9, 0x0, 0xf5, 0xdb, 0x4, 0x2, 0x8c,
    0x2d, 0x21, 0xfd, 0x50, 0xf, 0x1d, 0xf9, 0x0,

    /* U+5176 "其" */
    0x0, 0xa9, 0x80, 0x33, 0x50, 0x7, 0x84, 0x3,
    0x84, 0x3, 0xb3, 0xd2, 0x7f, 0xf4, 0x2f, 0xe8,
    0x3, 0x3d, 0x67, 0xff, 0x4a, 0xfe, 0x80, 0x74,
    0xf7, 0x69, 0x0, 0xfd, 0x3d, 0xda, 0x40, 0x3f,
    0x8, 0xf7, 0x0, 0x7e, 0x8c, 0xcc, 0xe0, 0x1f,
    0xa7, 0x77, 0x48, 0x6, 0x3e, 0xe2, 0xcf, 0x76,
    0x95, 0xee, 0x19, 0xbf, 0xdd, 0x32, 0xff, 0x44,
    0xf7, 0xf8, 0xc0, 0x5f, 0x28, 0xc4, 0x45, 0xb8,
    0xc2, 0x3, 0xd9, 0x38, 0x80, 0x4, 0xbf, 0xdc,
    0x1, 0xea, 0x40, 0xf, 0x15, 0x60, 0x0,

    /* U+5177 "具" */
    0x0, 0xbf, 0xbb, 0xde, 0x60, 0x1e, 0xee, 0xf1,
    0x0, 0x7d, 0xbb, 0xe2, 0x0, 0xfb, 0x77, 0xc4,
    0x1, 0xf6, 0x67, 0x88, 0x3, 0xec, 0xcf, 0x10,
    0x7, 0xd9, 0x9e, 0x20, 0xf, 0xb3, 0x3c, 0x40,
    0x11, 0xf7, 0x87, 0x77, 0x8b, 0x39, 0xf, 0xbf,
    0x57, 0x7b, 0x9a, 0x57, 0xfc, 0x80, 0x31, 0x98,
    0x30, 0x1, 0xcc, 0xb0, 0xc0, 0xbc, 0x7d, 0xc0,
    0x32, 0xed, 0x69, 0x13, 0xa4, 0x40, 0x3e, 0x6e,
    0x20,

    /* U+5178 "典" */
    0x0, 0xff, 0xe3, 0xf8, 0x3, 0xc0, 0x3f, 0x84,
    0x3, 0x8, 0x7, 0xbf, 0xdc, 0x1f, 0xe0, 0xef,
    0xf1, 0x0, 0x6f, 0xf0, 0x7f, 0x83, 0xfc, 0x20,
    0x1f, 0xfc, 0x7f, 0xf0, 0x7f, 0x83, 0xfc, 0x20,
    0x1d, 0xfc, 0x1f, 0xe0, 0xef, 0x10, 0xf, 0x8,
    0x6, 0x10, 0xf, 0xfe, 0x33, 0xf8, 0x7f, 0x83,
    0xfc, 0x1f, 0xe1, 0xd6, 0x7f, 0xf9, 0xef, 0xfd,
    0x6d, 0xdf, 0xe6, 0x0, 0x2e, 0x9a, 0x80, 0x14,
    0x7d, 0xc0, 0x3, 0xb1, 0xb, 0x10, 0x0, 0xc6,
    0x64, 0x3, 0xfa, 0xa0, 0x1e, 0x2b, 0xd0,

    /* U+5185 "内" */
    0x0, 0xee, 0x20, 0xf, 0xfe, 0x28, 0x91, 0x61,
    0x62, 0x28, 0xc3, 0x33, 0x82, 0xf3, 0x33, 0x6,
    0xf7, 0x41, 0xfd, 0xd3, 0x0, 0x72, 0x0, 0x7f,
    0xdc, 0x18, 0x20, 0x1f, 0x1a, 0x75, 0xf9, 0x0,
    0x71, 0xed, 0x8b, 0xc6, 0x18, 0x4, 0xdb, 0x4a,
    0x0, 0x68, 0x80, 0x4, 0xdc, 0x80, 0x19, 0xac,
    0x3, 0xfc, 0x22, 0x30, 0xf, 0xc3, 0xdc, 0x74,

    /* U+518D "再" */
    0x9, 0xff, 0xff, 0x90, 0x27, 0xff, 0x59, 0xff,
    0xf2, 0x0, 0x23, 0x32, 0xb3, 0xcc, 0xbc, 0x3,
    0x1d, 0xff, 0xa0, 0x3f, 0xe0, 0xf, 0x11, 0x9f,
    0xc0, 0x1e, 0xae, 0xe5, 0x9f, 0x74, 0x1, 0xea,
    0xee, 0x59, 0xf7, 0x40, 0x10, 0xaa, 0x72, 0xab,
    0x8d, 0x56, 0x6, 0x42, 0xf0, 0x4f, 0xf0, 0x2f,
    0xfc, 0x18, 0x66, 0xa4, 0xaa, 0xfc, 0x14, 0xe0,
    0x1f, 0xfc, 0xa2, 0xff, 0x20, 0x6, 0xb5, 0x0,
    0xc5, 0xfe, 0xb0, 0x0,

    /* U+5199 "写" */
    0xef, 0xff, 0xf8, 0x37, 0xdb, 0x7f, 0xfb, 0x81,
    0xc, 0x18, 0xc0, 0x3c, 0x94, 0x26, 0x1f, 0xdd,
    0xc5, 0x60, 0x5, 0x57, 0x77, 0x8c, 0x2, 0xc0,
    0x33, 0xe4, 0x10, 0x8, 0x53, 0xff, 0xae, 0x40,
    0x2b, 0xec, 0xce, 0x6f, 0xb, 0xff, 0xf9, 0x8,
    0x81, 0x7f, 0xff, 0x22, 0xb8, 0x7, 0xf2, 0x1,
    0x0, 0x78, 0xff, 0xd5, 0x0, 0x1f, 0x1f, 0xfb,
    0x98, 0x0,

    /* U+51A0 "冠" */
    0xe, 0xff, 0xff, 0x88, 0x1, 0xdf, 0xff, 0xc0,
    0x14, 0xa2, 0xac, 0x60, 0x10, 0xd4, 0x90, 0x27,
    0x76, 0xa0, 0xc, 0x8c, 0x0, 0x3b, 0xbd, 0x35,
    0xfe, 0xe1, 0xf6, 0x29, 0x9f, 0x46, 0x7f, 0xf,
    0xb1, 0xfb, 0x2f, 0x37, 0x87, 0x10, 0x6, 0x16,
    0x49, 0x61, 0x62, 0x88, 0x0, 0x79, 0x98, 0x1,
    0x96, 0xc0, 0x38, 0x48, 0xc0, 0x3a, 0x74, 0x91,
    0x82, 0x18, 0x4, 0x40, 0x14, 0xf6, 0x63, 0x8d,
    0x24, 0x0, 0xbd, 0xcf, 0xed, 0xf5, 0xa3, 0xd0,
    0xa, 0xbb, 0x9f, 0xfb, 0x48,

    /* U+51B3 "决" */
    0x3, 0x0, 0xe3, 0xe0, 0xf, 0x73, 0x0, 0x7f,
    0xf0, 0x3e, 0xc, 0x33, 0x21, 0xcc, 0x80, 0x22,
    0x85, 0xf, 0xf4, 0x87, 0xf8, 0xc0, 0x33, 0x30,
    0xc, 0xca, 0x26, 0x60, 0xf, 0xfe, 0x4a, 0xbb,
    0xbc, 0x61, 0xc2, 0xc, 0x0, 0x8e, 0x7f, 0xe3,
    0x7, 0xf7, 0x0, 0xde, 0x4d, 0x10, 0x36, 0x28,
    0x88, 0xc1, 0x19, 0x40, 0x8, 0x52, 0x2e, 0x1,
    0xa2, 0xc0, 0x5, 0x56, 0x1f, 0x8, 0x0, 0x41,
    0x60, 0x6c, 0x85, 0x3, 0xab, 0x81, 0x4c, 0x3,
    0xad, 0x60, 0x9, 0x70, 0xcc,

    /* U+51B7 "冷" */
    0x0, 0xfc, 0xe2, 0x1, 0x87, 0x4, 0x3, 0x2c,
    0x28, 0x6, 0x15, 0xb0, 0x8, 0xae, 0x24, 0x40,
    0x34, 0x21, 0x81, 0x64, 0x3d, 0xe0, 0x80, 0x43,
    0x44, 0x99, 0x2a, 0xa6, 0xaf, 0x30, 0x9, 0x16,
    0xec, 0xe5, 0x68, 0xf1, 0xa2, 0x1, 0x27, 0x28,
    0xe, 0xb0, 0x37, 0x88, 0x1, 0x48, 0x7f, 0xec,
    0xdf, 0xf0, 0x6, 0x86, 0xf, 0xfe, 0x48, 0x10,
    0x2, 0x1a, 0x0, 0x4, 0x1, 0x20, 0xe0, 0x17,
    0xc8, 0x5, 0x76, 0xa5, 0xb0, 0x8, 0xd1, 0x80,
    0x2a, 0xc5, 0x90, 0xc, 0x54, 0x20, 0x19, 0xf2,
    0xd0, 0x2, 0x15, 0x0, 0xf1, 0xfa, 0x0, 0x40,

    /* U+51C6 "准" */
    0x0, 0xf4, 0x1, 0xa0, 0x6, 0x2d, 0x10, 0x2,
    0x20, 0x6, 0x84, 0x2, 0x27, 0x80, 0x4, 0x2a,
    0x32, 0xba, 0x18, 0x2, 0xd8, 0xd0, 0xcd, 0xde,
    0x99, 0xd2, 0x0, 0x1b, 0x28, 0xa, 0xa5, 0x85,
    0x54, 0x1, 0x24, 0x30, 0x19, 0x90, 0xc, 0xc4,
    0x1, 0xd4, 0x11, 0xf, 0x8, 0x82, 0x80, 0x49,
    0xa0, 0xb, 0xb8, 0x2e, 0xce, 0x1, 0x40, 0x80,
    0x3b, 0x9e, 0x1d, 0xc9, 0x0, 0x19, 0x28, 0x3,
    0xba, 0xe, 0xe4, 0x80, 0x25, 0x80, 0x38, 0x40,
    0x38, 0xd6, 0x40, 0x2d, 0xd8, 0x37, 0x63, 0x36,
    0x8, 0x5, 0xff, 0x6f, 0xfc, 0x60,

    /* U+51CF "减" */
    0x0, 0xff, 0xe1, 0x90, 0x7, 0xd6, 0xb8, 0x20,
    0x3e, 0x20, 0x1e, 0x11, 0x46, 0x80, 0xd4, 0x6,
    0xdd, 0xe5, 0xbf, 0x73, 0x7, 0x70, 0x97, 0xfe,
    0x26, 0xff, 0x10, 0x3, 0xc4, 0x41, 0xdd, 0x27,
    0xa1, 0x88, 0x0, 0x40, 0xb, 0x33, 0x77, 0xa,
    0xc0, 0x3c, 0x59, 0x10, 0x21, 0x5b, 0x0, 0xa8,
    0x81, 0xd2, 0x5d, 0x96, 0x98, 0x0, 0x28, 0x40,
    0x2, 0x20, 0x11, 0xa0, 0x80, 0x19, 0x86, 0x40,
    0xd4, 0x40, 0xa, 0x11, 0x4, 0xd2, 0xa3, 0xa4,
    0xee, 0x81, 0x55, 0x2a, 0xa2, 0xac, 0x3b, 0x2f,
    0x4b, 0xb6, 0xe9, 0x68, 0x5d, 0x0, 0xd, 0x50,
    0x89, 0x28, 0x8, 0xac, 0x2, 0x76, 0x0, 0x4e,
    0x80,

    /* U+51E0 "几" */
    0x0, 0x9b, 0xff, 0xc6, 0x1, 0xf2, 0x7f, 0xe1,
    0x0, 0xfc, 0x20, 0x1f, 0xfd, 0xc1, 0x30, 0xf,
    0xfe, 0x7, 0x8, 0x7, 0xff, 0x1, 0x74, 0x3,
    0xfe, 0x13, 0x40, 0xf, 0x89, 0x0, 0x12, 0x82,
    0x1, 0xf3, 0x78, 0x23, 0xc0, 0x7, 0x1b, 0x81,
    0x90, 0xdc, 0x98, 0x7, 0x2d, 0xfc, 0xd0, 0xf3,
    0x0, 0x7a, 0x3f, 0xdc, 0x60,

    /* U+51FA "出" */
    0x0, 0xe3, 0xe0, 0xf, 0x3a, 0x0, 0x7d, 0x44,
    0x1a, 0x60, 0x1f, 0x28, 0x80, 0x7f, 0xf3, 0xa3,
    0xb9, 0x83, 0xdd, 0x0, 0x57, 0xb9, 0x8a, 0xc,
    0xcb, 0x4d, 0x2c, 0x8a, 0x61, 0x22, 0x9a, 0x45,
    0xc0, 0x3f, 0x12, 0x80, 0x7f, 0xf3, 0x4b, 0x32,
    0xd1, 0xcc, 0xa4, 0x52, 0xe2, 0x2a, 0xb8, 0x89,
    0x44,

    /* U+51FB "击" */
    0x0, 0xe4, 0xd0, 0xf, 0xfe, 0x45, 0x6e, 0xd6,
    0x5b, 0xb9, 0x0, 0x13, 0xdd, 0x38, 0x77, 0x65,
    0x0, 0x19, 0xec, 0x23, 0x3c, 0x20, 0x24, 0x5f,
    0xf0, 0x6e, 0x66, 0x90, 0xcc, 0xe5, 0xcd, 0xee,
    0xac, 0xbb, 0xad, 0xe5, 0xd, 0x20, 0xf, 0xb0,
    0x40, 0x3f, 0xfa, 0x3d, 0x77, 0x15, 0xdc, 0x1,
    0xaa, 0x7b, 0x95, 0x4e, 0xe8, 0x2,

    /* U+5206 "分" */
    0x0, 0xc4, 0x1, 0x88, 0x3, 0xf7, 0xb0, 0x1,
    0x3c, 0x3, 0xe5, 0x36, 0x0, 0x20, 0xb8, 0x7,
    0xd, 0xd8, 0x3, 0x74, 0x18, 0x6, 0xd7, 0x50,
    0xc, 0x53, 0xa4, 0x3, 0x83, 0x88, 0x9e, 0x4,
    0xc2, 0x14, 0x8e, 0xfb, 0xb7, 0xfd, 0x3f, 0x4,
    0x10, 0xb7, 0x62, 0xbb, 0xc6, 0x2c, 0x1, 0xc2,
    0x48, 0x1, 0x13, 0x80, 0x7a, 0x54, 0x3, 0x8,
    0x80, 0x38, 0xde, 0x0, 0x21, 0x2, 0x0, 0xcd,
    0xb4, 0x40, 0x12, 0x10, 0x6, 0xca, 0xd5, 0x0,
    0x77, 0xd5, 0x80, 0x6c, 0xc1, 0x80, 0x5d, 0xfe,
    0x60, 0x8,

    /* U+5207 "切" */
    0x0, 0x70, 0x80, 0xbb, 0xfa, 0x84, 0x3, 0x8f,
    0xb9, 0x1d, 0xd2, 0x98, 0x6, 0x26, 0x99, 0x4,
    0xcc, 0x6, 0x90, 0x3d, 0xcc, 0x1, 0x0, 0xf1,
    0x78, 0x6e, 0x40, 0x19, 0x0, 0x61, 0x67, 0x13,
    0x0, 0x98, 0x40, 0x3f, 0xf8, 0x6, 0xa0, 0x1,
    0x0, 0xf1, 0xc8, 0x5e, 0x0, 0xc, 0x40, 0x2,
    0x2f, 0xf6, 0x11, 0xa0, 0x1, 0x8c, 0x0, 0xc1,
    0x58, 0xb2, 0xe2, 0x0, 0x26, 0x0, 0x3f, 0xa0,
    0x4b, 0x40, 0x5, 0xa6, 0x1, 0xce, 0xb8, 0x3,
    0xfe, 0x6a, 0x0, 0xe7, 0xc1, 0x1, 0xff, 0x69,
    0x0,

    /* U+5212 "划" */
    0x0, 0x26, 0x13, 0x0, 0x7b, 0xc0, 0xe, 0x27,
    0x6c, 0x1, 0xf8, 0x4c, 0x7e, 0x4, 0x38, 0x40,
    0x31, 0x88, 0x16, 0x10, 0x80, 0x62, 0x8b, 0xe,
    0xfc, 0xf5, 0x0, 0xef, 0xf0, 0x5f, 0xef, 0x20,
    0x6, 0x27, 0x54, 0x30, 0xe6, 0x0, 0xfd, 0x9e,
    0xc2, 0x80, 0x1f, 0x91, 0xa3, 0x80, 0x3f, 0x84,
    0x24, 0x80, 0xe, 0x20, 0x18, 0xf0, 0x38, 0x1c,
    0xe4, 0x3, 0x46, 0xdf, 0x32, 0x68, 0x80, 0x4,
    0x2, 0xc5, 0x1b, 0xa1, 0x24, 0xfe, 0x60, 0x82,
    0x0, 0x27, 0x58, 0x27, 0xfa, 0x40,

    /* U+5217 "列" */
    0x0, 0xff, 0x8b, 0xcb, 0xff, 0xe0, 0xe, 0x2f,
    0xf0, 0x77, 0xfc, 0x1e, 0x1, 0xc8, 0x62, 0x1,
    0xfe, 0xe3, 0xdd, 0x7b, 0x0, 0x78, 0x57, 0x3f,
    0xc6, 0x60, 0xf, 0x43, 0x19, 0x14, 0x80, 0x1c,
    0x29, 0xb4, 0x28, 0x42, 0x1, 0xc3, 0xa8, 0x7f,
    0x52, 0x1, 0xfd, 0x24, 0xa, 0x0, 0x30, 0xf,
    0x21, 0x60, 0x5, 0x80, 0x1c, 0xf5, 0x42, 0x0,
    0xf0, 0x84, 0xe6, 0x10, 0x3, 0xbb, 0x5c, 0x26,
    0xc8, 0x3, 0xdd, 0xf2,

    /* U+5219 "则" */
    0x0, 0xff, 0xb1, 0x3, 0x3f, 0xf8, 0x41, 0x80,
    0x3b, 0x3f, 0xbc, 0x40, 0x60, 0x3, 0xc3, 0xe0,
    0x1f, 0xfe, 0x63, 0x30, 0x7, 0xfc, 0xc2, 0x1,
    0xfd, 0x45, 0xa8, 0x10, 0x20, 0x60, 0x19, 0x89,
    0xfb, 0x1c, 0x7, 0x40, 0x32, 0x6d, 0xb5, 0xe0,
    0x80, 0x72, 0x4d, 0x28, 0x3d, 0x80, 0x33, 0xc5,
    0x53, 0x50, 0x2, 0x61, 0xc, 0xfd, 0x10,

    /* U+522B "别" */
    0x0, 0xff, 0x8f, 0x43, 0xbf, 0xf7, 0x0, 0x7e,
    0xef, 0xf7, 0x0, 0xf, 0x40, 0x3f, 0xf8, 0xd3,
    0x10, 0x90, 0xf, 0xd1, 0xe5, 0xfe, 0x80, 0xf,
    0x99, 0xd5, 0xdc, 0xc0, 0x1e, 0x6f, 0xf0, 0x7f,
    0xc4, 0x1, 0xcd, 0xf8, 0x7f, 0xe0, 0x30, 0xf,
    0x95, 0x40, 0x10, 0x89, 0x0, 0x3a, 0xf4, 0x4,
    0x0, 0x52, 0x1, 0xa5, 0x90, 0x14, 0x80, 0x33,
    0x8b, 0x1d, 0xa7, 0xdd, 0x0, 0x1b, 0xee, 0xcd,
    0x40, 0x9f, 0xe7, 0x0, 0x37, 0xf9, 0xc0,

    /* U+5230 "到" */
    0x0, 0xff, 0x87, 0x83, 0xff, 0xe2, 0x80, 0xd,
    0xfc, 0x3b, 0x9b, 0xe4, 0xe0, 0x1d, 0xc, 0x4f,
    0xe0, 0x1f, 0x2b, 0x73, 0xe9, 0x50, 0x7, 0xb4,
    0xf8, 0x72, 0xdc, 0x3, 0xd1, 0x91, 0x68, 0x8d,
    0x0, 0xf2, 0x3b, 0x8a, 0x5d, 0x80, 0x3c, 0x3f,
    0xe0, 0x1f, 0x10, 0xf, 0x2c, 0x40, 0x62, 0xe,
    0x1, 0xfc, 0x2d, 0x16, 0x1e, 0x1, 0xa7, 0x3c,
    0x37, 0xa0, 0x2, 0x30, 0x7, 0x47, 0x7d, 0x31,
    0x80, 0xfe, 0x30,

    /* U+5236 "制" */
    0x0, 0xc2, 0x1, 0xfc, 0x4e, 0x3e, 0x1, 0xe1,
    0xe0, 0x5f, 0x0, 0xf4, 0x88, 0x5, 0xf, 0xc3,
    0xfe, 0xd0, 0x70, 0x8, 0xcb, 0xf8, 0x7f, 0xda,
    0x1, 0xcc, 0xc8, 0x80, 0xc4, 0x44, 0x1, 0x9b,
    0x3c, 0x43, 0xfe, 0x0, 0xe3, 0x65, 0xb0, 0x55,
    0x21, 0x0, 0x76, 0x7e, 0x87, 0xfb, 0x0, 0x3e,
    0xcf, 0x1d, 0xd0, 0x7, 0xff, 0xf, 0x84, 0x3,
    0xff, 0x90, 0x9c, 0x80, 0x11, 0x80, 0x34, 0x40,
    0x9, 0xd6, 0xb, 0xfa, 0xe0, 0x10, 0xf8, 0x6,
    0x5f, 0xf4, 0x80,

    /* U+5237 "刷" */
    0x0, 0xff, 0x87, 0x82, 0x3f, 0xfc, 0x2, 0x1,
    0xd1, 0xff, 0x80, 0x1e, 0x20, 0x1b, 0x4c, 0xf0,
    0x7, 0xe5, 0xff, 0x67, 0x98, 0x7, 0xd3, 0x98,
    0x1c, 0xc0, 0x7, 0xd9, 0x90, 0xe7, 0x88, 0x7,
    0x8, 0x37, 0x87, 0x88, 0x7, 0x8c, 0xf0, 0x99,
    0x0, 0x79, 0xb8, 0x3, 0xca, 0x20, 0x11, 0x18,
    0x4, 0x42, 0x16, 0x1, 0x2a, 0x36, 0x0, 0x15,
    0x42, 0x2, 0x60, 0xd2, 0x4a, 0x0, 0x78, 0x1,
    0xec, 0x60,

    /* U+523B "刻" */
    0x0, 0xc2, 0x1, 0xff, 0xc0, 0x1e, 0x10, 0xf,
    0x71, 0x0, 0x42, 0xac, 0x1, 0xf8, 0x7b, 0x9e,
    0xb1, 0xdc, 0x86, 0x90, 0x8, 0x7b, 0x8a, 0xdf,
    0xdc, 0x80, 0xf, 0x99, 0x92, 0x14, 0x80, 0x1f,
    0x3c, 0xac, 0xf3, 0xa0, 0x7, 0xc2, 0xfe, 0x3,
    0xe4, 0x1, 0xf3, 0x41, 0xa6, 0x1e, 0x18, 0x7,
    0x86, 0x63, 0xcf, 0x64, 0xc0, 0x3d, 0x3, 0xa7,
    0xa2, 0xe0, 0x7c, 0x1, 0xa6, 0xf, 0xdc, 0x18,
    0x15, 0xc0, 0x31, 0x56, 0xdd, 0x65, 0xb0, 0x6,
    0x30, 0x83, 0xe5, 0x1, 0xc7, 0xe, 0xf2, 0x10,
    0xa9, 0x0, 0xc2, 0x20, 0xef, 0xc0,

    /* U+524D "前" */
    0x0, 0xff, 0xe2, 0xda, 0x0, 0x61, 0xe2, 0x0,
    0xe8, 0xa1, 0x0, 0xad, 0xc8, 0x2, 0xcc, 0x78,
    0xee, 0x63, 0x55, 0x59, 0x85, 0xf, 0xfb, 0x3f,
    0xee, 0xcf, 0xf9, 0x0, 0x80, 0x27, 0x13, 0x3c,
    0xcc, 0x10, 0x7d, 0x88, 0x5f, 0x3, 0xc0, 0x66,
    0x80, 0x49, 0x77, 0x0, 0x7f, 0x97, 0x75, 0x62,
    0x1, 0xfc, 0xbb, 0xab, 0x10, 0xf, 0xe5, 0xaa,
    0x84, 0x3, 0xf8, 0xe6, 0x61, 0x2, 0xd0, 0xf,
    0x31, 0x9c, 0xe0, 0xaa, 0x0, 0x78, 0x7, 0x65,
    0x18, 0x2, 0x3d, 0xd0, 0x0, 0xd4, 0x19, 0xd0,
    0x0, 0x8f, 0xe3, 0x0,

    /* U+5269 "剩" */
    0x0, 0x9, 0xab, 0xd5, 0x80, 0x43, 0xc1, 0x7b,
    0x15, 0xfd, 0x40, 0x1e, 0xad, 0xa0, 0xb5, 0x1,
    0x79, 0x0, 0x3e, 0x64, 0x1b, 0x98, 0xa0, 0xc,
    0xfb, 0x12, 0x3e, 0x9b, 0x60, 0x18, 0x6e, 0x88,
    0x0, 0xf4, 0xa0, 0x18, 0x69, 0xc0, 0x21, 0x95,
    0x0, 0xc5, 0x6e, 0x2, 0x4, 0x4a, 0x0, 0xc5,
    0x15, 0xc0, 0x8b, 0x7e, 0x1, 0xc4, 0x8a, 0x12,
    0x54, 0xa5, 0xe0, 0x11, 0x64, 0xe, 0xec, 0x6a,
    0xc0, 0x4, 0xcb, 0x50, 0x3, 0xf0, 0x80, 0x65,
    0xa6, 0x0, 0xc6, 0x44, 0xfe, 0x71, 0x40, 0x7,
    0x8, 0x4, 0x5f, 0xe9,

    /* U+526F "副" */
    0x0, 0xff, 0xe0, 0x78, 0xf7, 0x7d, 0x20, 0x18,
    0x7b, 0xbe, 0x96, 0x70, 0x8, 0xff, 0x76, 0xed,
    0x1, 0x0, 0xe3, 0xdd, 0xb0, 0x3, 0xf1, 0xee,
    0xde, 0x1, 0xf1, 0xfe, 0xef, 0x0, 0x7a, 0xb7,
    0x5f, 0xed, 0xd3, 0x0, 0x70, 0xce, 0xad, 0x6a,
    0x0, 0x79, 0xaf, 0x16, 0xb1, 0x80, 0xcc, 0x1,
    0x35, 0xe2, 0xd6, 0x30, 0x22, 0x0, 0x26, 0x88,
    0x2c, 0xc3, 0x0, 0x42, 0x0, 0x15, 0xda, 0x9d,
    0x20, 0x1f, 0xe6,

    /* U+529B "力" */
    0x0, 0xe2, 0xe0, 0xf, 0xfe, 0xad, 0xf7, 0x5a,
    0x3d, 0xdb, 0xe4, 0x2b, 0x32, 0x90, 0xcc, 0xca,
    0x0, 0x12, 0x28, 0x54, 0x8b, 0x84, 0x3, 0xb4,
    0x80, 0x30, 0xf8, 0x7, 0x26, 0x0, 0x62, 0x10,
    0xc, 0xc6, 0x80, 0x19, 0xc8, 0x2, 0x18, 0x80,
    0x7, 0x13, 0x80, 0x7, 0x11, 0x40, 0x30, 0x88,
    0xc0, 0xb1, 0xa8, 0x2, 0x10, 0x72, 0x0, 0x72,
    0x58, 0x4, 0x3d, 0xf1, 0x20, 0xc, 0x90, 0xc,
    0x3f, 0xee, 0x40,

    /* U+529F "功" */
    0x0, 0xfd, 0x6a, 0x1, 0xc2, 0x3c, 0x1, 0x8,
    0x6, 0x2d, 0xce, 0xda, 0x0, 0x38, 0x7, 0x16,
    0x78, 0xe5, 0x66, 0xe, 0xf3, 0x1e, 0x60, 0x1c,
    0x3f, 0xe0, 0x9f, 0xf0, 0x7, 0xe3, 0x30, 0xb9,
    0x98, 0x84, 0x3, 0xe1, 0x18, 0x0, 0x60, 0x1f,
    0x91, 0x0, 0x10, 0x98, 0x0, 0x45, 0x5c, 0x38,
    0x60, 0x18, 0x4f, 0x70, 0x33, 0x2, 0xf6, 0x0,
    0x11, 0x1, 0x47, 0xf9, 0x8a, 0x54, 0xc0, 0xa,
    0x60, 0x2a, 0x1, 0x43, 0xd0, 0x5, 0x8e, 0x1,
    0xc8, 0xb8, 0x25, 0xfe, 0x69, 0x0, 0xe4, 0xd2,
    0x2, 0xff, 0x71, 0x80,

    /* U+52A0 "加" */
    0x0, 0x1e, 0x80, 0x7f, 0xf0, 0x44, 0x3, 0x11,
    0x70, 0x0, 0x5c, 0x47, 0x6, 0xef, 0x1, 0xf5,
    0x97, 0x74, 0x21, 0xff, 0x0, 0xf, 0xed, 0x3f,
    0xc0, 0x20, 0x1f, 0x84, 0x40, 0x1f, 0xfc, 0x2,
    0x20, 0x7, 0xff, 0x3, 0xbc, 0x3, 0xff, 0x80,
    0x46, 0x2, 0x1, 0xfe, 0x45, 0x3, 0x10, 0xf,
    0xca, 0x62, 0x2, 0x60, 0x1, 0x18, 0x2, 0x99,
    0x0, 0x11, 0x80, 0x1d, 0xd0, 0x1, 0x1, 0x5f,
    0xe7, 0xc0, 0x1f, 0xf0, 0x1, 0x30, 0x1f, 0xf9,
    0x3, 0xc0, 0x2f, 0x0,

    /* U+52A1 "务" */
    0x0, 0xe6, 0x20, 0xf, 0xfa, 0x20, 0x62, 0x3c,
    0x1, 0xce, 0xe0, 0xdd, 0xdd, 0xc0, 0x8, 0xae,
    0x87, 0x73, 0x24, 0x2e, 0x0, 0x9b, 0x75, 0x9f,
    0x75, 0xa1, 0xa2, 0x1, 0x22, 0x16, 0x85, 0x14,
    0x85, 0xd0, 0xc0, 0xbb, 0x99, 0xd9, 0x8e, 0xe6,
    0x7f, 0x78, 0x97, 0x64, 0xb0, 0xe9, 0x8a, 0xc5,
    0x60, 0x81, 0xf7, 0x5e, 0x39, 0xdd, 0x78, 0x80,
    0xf, 0xba, 0x57, 0xee, 0xc0, 0x20, 0x1c, 0xcf,
    0x0, 0x11, 0x90, 0x6, 0x3b, 0xac, 0x0, 0xd6,
    0x80, 0x16, 0xfe, 0xe0, 0x82, 0x77, 0x16, 0xc0,
    0x2d, 0xc6, 0x0, 0x93, 0xb9, 0xa4, 0x0,

    /* U+52A8 "动" */
    0x0, 0xfe, 0xd2, 0x0, 0xd5, 0xbb, 0xa0, 0x0,
    0x60, 0x1d, 0x79, 0x9a, 0x40, 0x3f, 0x8, 0xf9,
    0xe0, 0x62, 0x18, 0x20, 0x23, 0xc1, 0xc4, 0x2,
    0x46, 0x47, 0xfd, 0xcf, 0xf6, 0xcd, 0x5, 0xd1,
    0x9, 0xf4, 0x37, 0x73, 0x40, 0xc8, 0x0, 0x60,
    0x16, 0x60, 0x2c, 0x0, 0xcc, 0x0, 0x9, 0x80,
    0x15, 0x40, 0x2a, 0x1a, 0x60, 0x10, 0x83, 0x20,
    0xab, 0xd8, 0x2e, 0x0, 0x80, 0x52, 0xb9, 0x8b,
    0x14, 0x34, 0x3, 0x20, 0x3, 0xf6, 0xcb, 0x74,
    0x48, 0x1, 0x18, 0x1, 0x2, 0x1, 0x28, 0x3d,
    0x7c, 0x78, 0x7, 0xc9, 0x81, 0x5f, 0xc8, 0x0,

    /* U+52A9 "助" */
    0x0, 0xfc, 0x5c, 0x1, 0xd1, 0xff, 0x84, 0x3,
    0xfa, 0x3f, 0xc2, 0x1, 0x18, 0x7, 0xf9, 0x62,
    0x4a, 0x21, 0x80, 0x14, 0x7f, 0x84, 0x3c, 0x1,
    0xfe, 0x31, 0x0, 0x47, 0xf8, 0x55, 0xf9, 0x5d,
    0xc0, 0x20, 0x1f, 0x88, 0xc0, 0x3d, 0x1f, 0xe1,
    0x0, 0x6e, 0x0, 0x7a, 0x3f, 0xc2, 0x0, 0x47,
    0x1, 0x0, 0xf0, 0x8a, 0x54, 0xc8, 0xc, 0x40,
    0x9e, 0x3b, 0xcf, 0xe2, 0x0, 0x1, 0x30, 0x66,
    0x56, 0x76, 0x61, 0xd4, 0x0, 0x8e, 0x9, 0x2a,
    0x40, 0xe1, 0x41, 0x9f, 0x3c, 0x1, 0xe7, 0xb0,
    0x6, 0x7f, 0x20, 0x0,

    /* U+52BF "势" */
    0x0, 0xbc, 0x3, 0x69, 0x0, 0x71, 0x10, 0x8,
    0x82, 0x44, 0x62, 0x40, 0x0, 0xf7, 0x3, 0xae,
    0x64, 0x11, 0x36, 0x0, 0x1c, 0xc0, 0x76, 0xe6,
    0x96, 0x58, 0x4, 0x57, 0xa1, 0x26, 0xf2, 0x42,
    0x1, 0x8a, 0x34, 0x2d, 0xc0, 0xb, 0xe8, 0x46,
    0xe0, 0xd4, 0x40, 0x5b, 0x54, 0xd5, 0x56, 0x8,
    0x24, 0x68, 0x10, 0xa8, 0x18, 0xc7, 0xb0, 0x5e,
    0xff, 0xc1, 0xff, 0xc6, 0x0, 0xaf, 0xf9, 0x23,
    0xff, 0x8, 0x80, 0x39, 0xd5, 0xc0, 0x21, 0x11,
    0x0, 0x47, 0x75, 0x80, 0x19, 0xc, 0x0, 0x3d,
    0xfb, 0xa2, 0x4, 0xee, 0x5c, 0x0, 0x7, 0xf1,
    0x80, 0x24, 0xee, 0x90, 0x0,

    /* U+52FE "勾" */
    0x0, 0xd8, 0x40, 0x1f, 0xf2, 0x89, 0x0, 0x7f,
    0xd6, 0x5d, 0xdf, 0x79, 0x0, 0x14, 0x37, 0x33,
    0xe0, 0xd, 0x76, 0x29, 0x72, 0x2e, 0x3, 0xa,
    0x55, 0x1a, 0x20, 0x3, 0xc2, 0x7, 0x41, 0xee,
    0x31, 0x0, 0x0, 0x80, 0x52, 0x2a, 0x50, 0x12,
    0xc4, 0x6, 0x20, 0x10, 0xdd, 0x0, 0x91, 0x3c,
    0x4, 0xc0, 0x2f, 0x1a, 0xff, 0x9c, 0x8d, 0x84,
    0x2, 0xab, 0xcf, 0xec, 0xbb, 0x9, 0x30, 0x4,
    0x88, 0x20, 0x8, 0x50, 0xeb, 0x0, 0x3f, 0x17,
    0x7f, 0x33, 0x0, 0x3f, 0x17, 0xfd, 0x60, 0x0,

    /* U+5300 "匀" */
    0x0, 0xcc, 0x20, 0x1f, 0xe2, 0x90, 0xf, 0xfa,
    0x4c, 0x8c, 0xf9, 0x48, 0x0, 0x68, 0x5d, 0xde,
    0xab, 0x0, 0x74, 0xf6, 0xef, 0x9c, 0x42, 0xd9,
    0x24, 0x80, 0x38, 0x41, 0x1e, 0xcb, 0xb2, 0x0,
    0x31, 0xfa, 0x60, 0x1, 0xfc, 0xd8, 0x3, 0x8,
    0x7, 0xd, 0xa3, 0x88, 0x31, 0x80, 0x63, 0x8d,
    0xce, 0x0, 0x8, 0x80, 0x13, 0xda, 0x3d, 0xc9,
    0x10, 0x26, 0x0, 0x75, 0x74, 0x98, 0x80, 0x10,
    0x48, 0x0, 0xe8, 0x1, 0x5f, 0xfa, 0xa0, 0x3,
    0xf5, 0x7f, 0xb9, 0x80,

    /* U+5305 "包" */
    0x0, 0x87, 0x0, 0x3f, 0xf8, 0x12, 0xc0, 0x1f,
    0xf1, 0x3a, 0xff, 0xfc, 0x60, 0x17, 0xbf, 0xff,
    0xc2, 0x1, 0x58, 0xe9, 0x9e, 0x0, 0xc2, 0x6,
    0x13, 0x51, 0x16, 0x20, 0x0, 0x4c, 0xe, 0xc4,
    0xee, 0xe3, 0x0, 0xc2, 0x1, 0x88, 0xb0, 0x4,
    0x20, 0x1e, 0x1e, 0xe8, 0x1c, 0x10, 0x80, 0x38,
    0xf3, 0x30, 0x75, 0xc0, 0x7, 0xf8, 0xfb, 0x8b,
    0x6, 0x0, 0x72, 0x10, 0xf, 0xb, 0x38, 0x0,
    0xd3, 0xff, 0xee, 0x44, 0x0,

    /* U+5316 "化" */
    0x0, 0xc2, 0x1, 0xff, 0xc0, 0x1e, 0x20, 0xe3,
    0x0, 0xfc, 0xca, 0x40, 0x1f, 0xe1, 0x89, 0x0,
    0xf3, 0x50, 0x5, 0x40, 0x60, 0x1c, 0x73, 0xe0,
    0x6, 0x40, 0xf, 0x16, 0xc2, 0x81, 0xcd, 0x0,
    0x72, 0xe3, 0x38, 0x0, 0xe9, 0x0, 0x30, 0xcc,
    0x40, 0x3, 0x28, 0x6, 0x80, 0x76, 0x0, 0xfc,
    0x5a, 0x81, 0x60, 0x1f, 0xc5, 0x18, 0x20, 0x1a,
    0xcc, 0x3, 0x94, 0x3, 0xcc, 0x1, 0xf8, 0xd8,
    0x44, 0x44, 0x30, 0xf, 0xaa, 0x9d, 0xcd, 0x70,

    /* U+5317 "北" */
    0x0, 0xff, 0xe3, 0x44, 0x81, 0x78, 0x7, 0xff,
    0x4c, 0x40, 0x2, 0x38, 0x3, 0xcd, 0xc4, 0x4e,
    0xe9, 0x80, 0x30, 0xdd, 0xc4, 0x4f, 0xf9, 0xc0,
    0x37, 0x9e, 0xa0, 0x7, 0xfb, 0xe0, 0x3, 0xff,
    0x80, 0x20, 0x1f, 0x84, 0x3, 0xfe, 0x4a, 0x63,
    0x0, 0xf1, 0xc2, 0x74, 0xe3, 0x18, 0x7, 0x9c,
    0xd6, 0xb5, 0x84, 0x0, 0x60, 0x20, 0xc, 0x31,
    0x40, 0xe, 0x14, 0xef, 0xf3, 0x50,

    /* U+5339 "匹" */
    0xef, 0xff, 0xf6, 0x6, 0xff, 0x7, 0xf8, 0xb7,
    0xfd, 0x80, 0x18, 0x40, 0x3f, 0xc6, 0x60, 0xf,
    0xf3, 0x30, 0x3, 0xfc, 0x66, 0x0, 0xe1, 0x30,
    0xa, 0xb0, 0x3, 0x8a, 0x0, 0xa, 0x8, 0x0,
    0x14, 0x45, 0x90, 0x34, 0x78, 0x5, 0x3b, 0xe5,
    0x60, 0xda, 0x40, 0x12, 0xdd, 0xa8, 0x83, 0x7f,
    0xff, 0xbb, 0xbf, 0xf8, 0x20,

    /* U+533A "区" */
    0xdf, 0xff, 0xf6, 0x0, 0x37, 0xff, 0xee, 0xfc,
    0x0, 0x85, 0x0, 0x33, 0xd0, 0x7, 0x1c, 0xb8,
    0x0, 0xa6, 0x80, 0x38, 0xb2, 0xe4, 0x7e, 0x4,
    0x3, 0xc3, 0x8b, 0xce, 0xc0, 0x1f, 0xf3, 0x0,
    0x7e, 0x1b, 0x7f, 0x6c, 0x10, 0xe, 0x3c, 0x1b,
    0xa, 0x6d, 0x0, 0xe9, 0xba, 0x0, 0xa9, 0x88,
    0x3, 0x53, 0x0, 0x75, 0x10, 0x5, 0xbf, 0xff,
    0xe1,

    /* U+5341 "十" */
    0x0, 0xf2, 0xe8, 0x7, 0xff, 0xcd, 0x57, 0xbc,
    0x95, 0x78, 0x82, 0x67, 0x94, 0x26, 0x79, 0x3,
    0x33, 0xa8, 0xb3, 0x39, 0x80, 0x3f, 0xff, 0x40,

    /* U+534A "半" */
    0x0, 0x30, 0x5, 0xa8, 0x0, 0x44, 0x0, 0x6a,
    0x60, 0xf, 0x49, 0x0, 0x68, 0x80, 0x7, 0x20,
    0x30, 0x6, 0x43, 0x40, 0xd, 0x10, 0x0, 0xe1,
    0xf5, 0x13, 0x11, 0x72, 0x8, 0x5, 0x1d, 0xbd,
    0xc1, 0xae, 0xde, 0xe1, 0x80, 0x23, 0xff, 0x15,
    0xff, 0xe3, 0x0, 0xff, 0xe1, 0xbf, 0xff, 0x15,
    0xff, 0xf0, 0x3f, 0x77, 0xc, 0xf7, 0x70, 0x0,
    0x47, 0x8c, 0x84, 0x78, 0x3, 0xff, 0xa2,

    /* U+534F "协" */
    0x0, 0x70, 0x80, 0x49, 0x80, 0x1f, 0xfc, 0xf7,
    0x0, 0xe2, 0x41, 0x72, 0xcf, 0xb4, 0xff, 0x38,
    0x1, 0xfc, 0x2d, 0x77, 0x50, 0x7a, 0xa0, 0x12,
    0xd8, 0xe3, 0xa9, 0x82, 0x91, 0xf9, 0x0, 0x7a,
    0x8f, 0xbc, 0x0, 0x32, 0x1, 0xc8, 0x64, 0x88,
    0x3, 0xc5, 0x0, 0xe8, 0xb3, 0x2, 0x1, 0x5,
    0x40, 0xd, 0xd, 0x16, 0x0, 0x71, 0xe7, 0x0,
    0xc8, 0xac, 0xc0, 0x0, 0xba, 0x98, 0x6, 0x4b,
    0xf0, 0x0, 0x91, 0x0, 0x38, 0xe3, 0x48, 0x9f,
    0xcc, 0x20, 0x1b, 0x8b, 0xc, 0xb, 0xfd, 0x20,
    0x10,

    /* U+5355 "单" */
    0x0, 0x95, 0x0, 0x31, 0xb8, 0x7, 0x9a, 0x84,
    0x2, 0xe0, 0xf, 0x2b, 0x1c, 0x2a, 0xb4, 0x88,
    0xa0, 0x1a, 0xf1, 0x2, 0xa5, 0x1b, 0x28, 0x3,
    0xa2, 0x64, 0x71, 0x33, 0x0, 0x7b, 0x37, 0x47,
    0x7b, 0xb0, 0x7, 0xb3, 0x74, 0x77, 0xbb, 0x0,
    0x7b, 0x37, 0x47, 0x7b, 0xb0, 0x7, 0x7e, 0x64,
    0x35, 0x99, 0x70, 0x0, 0x48, 0xcf, 0x9, 0x19,
    0xe2, 0x7, 0xff, 0xe0, 0x8f, 0xfe, 0x6, 0xdd,
    0xe3, 0xbd, 0xde, 0x0, 0xff, 0xe1, 0x80,

    /* U+5360 "占" */
    0x0, 0xc3, 0xe0, 0x1f, 0xfd, 0x8f, 0xfe, 0x90,
    0xf, 0x7f, 0xf4, 0x80, 0x7f, 0xf0, 0x62, 0x30,
    0x44, 0x65, 0x0, 0x3f, 0xfb, 0xa3, 0xfe, 0x3f,
    0x0, 0x9d, 0xfe, 0xc0, 0xf, 0xfe, 0x87, 0xff,
    0xd0, 0x1, 0xbf, 0xfe, 0x80, 0xb, 0x80, 0x3e,
    0x7a, 0x0,

    /* U+5361 "卡" */
    0x0, 0xf7, 0x10, 0x7, 0xff, 0x38, 0x77, 0xfe,
    0xc0, 0xf, 0xc3, 0x9f, 0xf6, 0x0, 0x7f, 0x8,
    0x7, 0x8e, 0xab, 0x87, 0xaa, 0xb8, 0x87, 0x33,
    0x81, 0x73, 0x38, 0xc9, 0x9b, 0x86, 0x99, 0xb8,
    0x40, 0x3e, 0xbd, 0x71, 0x0, 0xff, 0x5f, 0xf7,
    0xd1, 0x0, 0x7f, 0x14, 0xfe, 0x80, 0x7f, 0xf0,
    0x5, 0xc8, 0x3, 0xff, 0x86,

    /* U+5373 "即" */
    0x6f, 0xfe, 0xe, 0xff, 0xc0, 0x5, 0xff, 0x80,
    0x2d, 0xff, 0x0, 0x42, 0x1, 0xff, 0xc0, 0x4e,
    0xe8, 0x3, 0xf9, 0x7b, 0xa0, 0xf, 0xe7, 0x22,
    0x80, 0x3f, 0x8b, 0xfe, 0x20, 0xf, 0xcb, 0xbf,
    0x1a, 0x1, 0xfe, 0x3a, 0x20, 0xa, 0xf4, 0x80,
    0xc, 0xca, 0xe, 0x0, 0xab, 0xf4, 0x24, 0xf3,
    0xfc, 0x44, 0x0, 0x9, 0x0, 0x27, 0xa9, 0x3,
    0xc8, 0x3, 0xc0,

    /* U+5378 "卸" */
    0x0, 0x59, 0x0, 0x7f, 0x89, 0x19, 0x12, 0x2f,
    0xfd, 0x21, 0x1, 0x76, 0xee, 0x0, 0xff, 0xa0,
    0xd, 0x3a, 0x5a, 0xa8, 0x60, 0x1c, 0x36, 0x1c,
    0x62, 0x23, 0x0, 0xe5, 0x8c, 0x75, 0xcc, 0x38,
    0x7, 0x3f, 0x64, 0xb6, 0xe9, 0x0, 0x3d, 0x24,
    0xd, 0xd8, 0x1, 0xfe, 0x6e, 0xc0, 0xf, 0xfe,
    0x21, 0x70, 0x80, 0x1f, 0xde, 0x2d, 0x0, 0x1e,
    0x99, 0xb, 0x68, 0xbf, 0xe7, 0x0, 0x6e, 0x92,
    0xb7, 0xf6, 0xdd, 0xc, 0x3, 0x80,

    /* U+5386 "历" */
    0x6, 0xff, 0xff, 0x90, 0x0, 0xbf, 0xfa, 0xbf,
    0xf9, 0x0, 0x3c, 0x34, 0x1, 0xff, 0xc0, 0x31,
    0x0, 0xfe, 0x6f, 0xf6, 0x8f, 0xfe, 0x80, 0xc,
    0xdf, 0xea, 0x4f, 0xf9, 0xbc, 0x0, 0x26, 0x1,
    0x11, 0x0, 0x23, 0x10, 0x7, 0x88, 0x5, 0x7a,
    0x1, 0x9, 0x80, 0xb, 0x80, 0x4, 0x68, 0x1,
    0x38, 0x80, 0x1d, 0x40, 0x12, 0xe0, 0x18, 0x98,
    0x4, 0x8c, 0x29, 0xe0, 0x2, 0x31, 0x20, 0x45,
    0xb, 0xc, 0x0, 0x67, 0xe4, 0x80, 0x16, 0x82,
    0xe8, 0x2, 0xcf, 0xf3, 0x0, 0x0,

    /* U+538B "压" */
    0x6, 0xff, 0xff, 0x88, 0x0, 0xbf, 0xfb, 0xbf,
    0xf8, 0x80, 0x3e, 0xd4, 0x0, 0xff, 0xe4, 0x98,
    0x8, 0xfe, 0x0, 0xe8, 0xff, 0x8a, 0xbf, 0xe6,
    0x0, 0x8, 0xa3, 0xba, 0x3b, 0xee, 0x98, 0x1,
    0xfe, 0x0, 0xf2, 0x60, 0x80, 0x44, 0x40, 0xf,
    0x25, 0x68, 0x4, 0xee, 0x0, 0xf9, 0xb8, 0x0,
    0x66, 0x79, 0x9c, 0x75, 0x32, 0xb9, 0x17, 0x96,
    0xff, 0xd3, 0x1f, 0xf8, 0x40,

    /* U+539F "原" */
    0x2, 0xff, 0xff, 0x8c, 0x0, 0x3f, 0xf9, 0xdd,
    0xff, 0x8c, 0x3, 0x5e, 0x61, 0xdb, 0x32, 0x10,
    0x8, 0xc1, 0x7b, 0x3f, 0xb3, 0x6, 0x1, 0x8,
    0x5, 0x15, 0x5c, 0x1, 0xfb, 0xa2, 0x38, 0x3,
    0x3b, 0x0, 0x7f, 0xf0, 0x8, 0x41, 0xfa, 0x33,
    0x62, 0xa, 0x1, 0x7e, 0x84, 0x1d, 0x69, 0x56,
    0xd0, 0x80, 0x10, 0xc2, 0x84, 0x3, 0xb0, 0x0,
    0x66, 0x4b, 0x28, 0x0, 0x8, 0x3a, 0xd8, 0xd,
    0x84, 0x49, 0xf6, 0xa0, 0x2, 0x7c, 0x9, 0x40,
    0xc0, 0xfb, 0x90, 0x1, 0x20, 0x0,

    /* U+53BB "去" */
    0x0, 0xf6, 0x28, 0x7, 0xff, 0x25, 0x73, 0x31,
    0xd6, 0x66, 0x0, 0x92, 0x23, 0x3, 0x44, 0x60,
    0x8, 0x51, 0x31, 0xe2, 0x26, 0x0, 0xff, 0xe2,
    0x36, 0xee, 0xf3, 0xad, 0xde, 0x17, 0xee, 0xac,
    0x2f, 0x3b, 0xb8, 0x44, 0x67, 0x5c, 0xa1, 0xac,
    0x99, 0xc0, 0x1a, 0x59, 0x80, 0x6, 0x77, 0x0,
    0x72, 0xa5, 0x0, 0x69, 0x83, 0x0, 0x96, 0x83,
    0x75, 0xdf, 0xea, 0xe, 0x0, 0x85, 0xae, 0x3b,
    0xfe, 0xef, 0x63, 0x0,

    /* U+53C2 "参" */
    0x0, 0xff, 0xe3, 0xae, 0x1, 0x20, 0x7, 0xe6,
    0xbe, 0x1, 0x99, 0x0, 0x71, 0x7c, 0x94, 0xdf,
    0x83, 0x78, 0x80, 0x54, 0x76, 0x88, 0x9d, 0xd7,
    0xa3, 0x80, 0x51, 0x88, 0x89, 0x21, 0x0, 0x5b,
    0x0, 0xf7, 0x5e, 0x73, 0xdf, 0xee, 0xe9, 0xc7,
    0xb9, 0x41, 0xbf, 0xbc, 0x73, 0xdc, 0x70, 0x3,
    0x55, 0xb5, 0x79, 0x6d, 0xd0, 0x80, 0x32, 0xea,
    0x3a, 0x71, 0x5b, 0xf, 0x94, 0x23, 0x53, 0x26,
    0xf7, 0x98, 0x67, 0x54, 0x10, 0xb, 0xa3, 0xb6,
    0x13, 0xd8, 0x80, 0x31, 0x75, 0xab, 0xef, 0x6b,
    0x0, 0x61, 0xad, 0xe8, 0xf, 0xb3, 0x0, 0xe1,
    0xec, 0xeb, 0x72, 0x0, 0xe0,

    /* U+53CA "及" */
    0x9, 0xff, 0xfc, 0x1, 0xd3, 0xfa, 0x1f, 0xf5,
    0x20, 0x7, 0xf1, 0x80, 0x33, 0x0, 0x1f, 0x8,
    0x58, 0x1, 0xa3, 0x7e, 0x40, 0x33, 0x8b, 0x0,
    0x33, 0x7c, 0xc4, 0x3, 0x1a, 0xa3, 0x81, 0x91,
    0x9a, 0x80, 0x36, 0xe4, 0x49, 0x0, 0x21, 0x48,
    0x3, 0x2a, 0x8a, 0x78, 0x11, 0xec, 0x3, 0x41,
    0x90, 0x3b, 0x7d, 0xd0, 0x80, 0x44, 0xfe, 0x1,
    0x18, 0x0, 0x80, 0x21, 0xc7, 0x33, 0x4f, 0x1f,
    0x55, 0xec, 0x10, 0xc4, 0x2, 0xc3, 0x28, 0x57,
    0x60, 0x80,

    /* U+53CC "双" */
    0x1e, 0xed, 0xed, 0xdd, 0xbe, 0x0, 0x7f, 0xf0,
    0x38, 0x57, 0xf9, 0x7c, 0x0, 0x62, 0x20, 0x11,
    0x20, 0x8e, 0x30, 0x4, 0xc0, 0x2a, 0x83, 0x74,
    0x0, 0x45, 0x0, 0x52, 0xa6, 0x60, 0x11, 0x41,
    0x4c, 0x40, 0x3, 0xd4, 0xc8, 0x6, 0x62, 0xeb,
    0x0, 0xc6, 0xa2, 0x60, 0x7, 0x94, 0x70, 0xf,
    0x94, 0x1, 0x48, 0xc0, 0x1c, 0x8b, 0x96, 0x0,
    0x40, 0xf, 0xd, 0x59, 0xb9, 0xb4, 0xdb, 0xb0,
    0x0, 0x75, 0xd4, 0x22, 0x63, 0x53, 0x66, 0x0,
    0xd6, 0x40, 0x37, 0x98, 0x1e, 0x90, 0x0,

    /* U+53D1 "发" */
    0x0, 0xff, 0xe2, 0xb8, 0x85, 0xb0, 0x1b, 0x80,
    0x71, 0xc8, 0x82, 0x90, 0x15, 0x30, 0x6, 0xa6,
    0x1, 0x12, 0x80, 0xff, 0x0, 0x44, 0xcc, 0xce,
    0xd, 0xcc, 0x72, 0x60, 0x0, 0xa7, 0x7c, 0x89,
    0xff, 0xe0, 0x9, 0x8c, 0xc5, 0x4, 0x58, 0xcc,
    0x1, 0xce, 0x15, 0xdd, 0xa8, 0x3, 0x86, 0x42,
    0xff, 0xe1, 0xe0, 0xe, 0xb2, 0xc9, 0x10, 0x95,
    0x40, 0xd, 0x9, 0xa7, 0x5b, 0x4f, 0x40, 0x1a,
    0x9b, 0x44, 0x18, 0xd6, 0x44, 0x2, 0x36, 0xc3,
    0x27, 0xf5, 0xa9, 0xc6, 0x10, 0x3c, 0x25, 0xce,
    0xca, 0x5e, 0xaa, 0x71, 0x0, 0x4b, 0xd2, 0x40,
    0x13, 0x67, 0x90,

    /* U+53D6 "取" */
    0x5f, 0xff, 0x8, 0x7, 0x96, 0x57, 0xfc, 0x1f,
    0xff, 0x0, 0x7e, 0xf2, 0xff, 0x61, 0x80, 0x4b,
    0xdc, 0x0, 0x9, 0x80, 0x15, 0x40, 0x12, 0xf7,
    0x0, 0x24, 0x40, 0x6e, 0x80, 0x3f, 0xb3, 0x45,
    0x10, 0x1, 0x2f, 0x70, 0x2, 0x77, 0x4a, 0x80,
    0x65, 0xee, 0x0, 0x42, 0x4f, 0x0, 0x1c, 0x48,
    0x12, 0x40, 0x11, 0x0, 0x12, 0x57, 0xb4, 0x34,
    0x94, 0x92, 0x80, 0x9, 0xdf, 0x92, 0x8, 0xb7,
    0x96, 0xd4, 0x0, 0x10, 0xc, 0x33, 0x84, 0x18,
    0x6, 0x1, 0xde, 0x38, 0x40, 0x15, 0x18,

    /* U+53D8 "变" */
    0x0, 0xf4, 0xa0, 0x7, 0xca, 0xbc, 0x76, 0xab,
    0xc0, 0xc, 0xcb, 0xa8, 0xda, 0xbb, 0x32, 0x0,
    0x4c, 0x1c, 0x8c, 0xc8, 0x60, 0x66, 0x40, 0x14,
    0x68, 0x7, 0x8, 0x58, 0x4, 0xca, 0xe0, 0x1e,
    0x81, 0x80, 0x3, 0xe8, 0x19, 0x0, 0x8, 0xc2,
    0xa8, 0x1, 0x77, 0xf1, 0xff, 0x8f, 0xbd, 0x8,
    0x0, 0x3e, 0xcc, 0xff, 0xce, 0x68, 0x1, 0xd2,
    0x76, 0x21, 0x49, 0xa0, 0x1f, 0x51, 0x77, 0x9e,
    0x8, 0x6, 0x14, 0x7c, 0x46, 0x57, 0xb7, 0x41,
    0x0, 0x67, 0x87, 0xec, 0xd7, 0x7f, 0xd8, 0x20,

    /* U+53E0 "叠" */
    0x0, 0xff, 0xe2, 0x7f, 0xdd, 0x7b, 0xf4, 0x1,
    0xdb, 0x4a, 0x28, 0x4d, 0x0, 0x12, 0xde, 0x42,
    0x6c, 0x32, 0x6d, 0x38, 0x30, 0x5d, 0x8c, 0x80,
    0xe2, 0xd1, 0x0, 0x79, 0x53, 0x0, 0xc7, 0x56,
    0xc6, 0x1b, 0xd9, 0x89, 0x4d, 0x1c, 0xd2, 0x80,
    0x33, 0x4c, 0x9b, 0x98, 0xa6, 0x5, 0x80, 0xac,
    0x40, 0x3d, 0xf4, 0x41, 0x82, 0x80, 0x1c, 0xba,
    0x38, 0x1, 0xbf, 0xf8, 0x80, 0x3f, 0xf8, 0x8b,
    0xfe, 0xa, 0xae, 0x27, 0xfe,

    /* U+53E3 "口" */
    0x1, 0x1f, 0xf0, 0x1f, 0x77, 0xf9, 0x0, 0x7f,
    0xff, 0x10, 0x7, 0xff, 0xf8, 0x51, 0x3f, 0x10,
    0x5, 0x11, 0xf8, 0x2, 0x1c, 0xcf, 0xc4, 0x7,
    0xc0, 0x1f, 0xb5, 0x0,

    /* U+53E6 "另" */
    0x0, 0x77, 0xff, 0xed, 0x0, 0xdd, 0xff, 0xeb,
    0x0, 0xff, 0xe3, 0x18, 0x8f, 0xc0, 0x1d, 0xbd,
    0xde, 0xa1, 0x0, 0xbb, 0xfe, 0xd, 0xff, 0xb0,
    0xb, 0x77, 0x78, 0x7e, 0xed, 0xe8, 0x59, 0x99,
    0x8f, 0x33, 0x8, 0x0, 0x46, 0x7, 0x81, 0x1c,
    0xe, 0x1, 0xe, 0xa2, 0x0, 0x30, 0x90, 0x13,
    0xfa, 0xd0, 0x6, 0x41, 0x11, 0x67, 0x6c, 0x80,
    0x5d, 0xf7, 0x20, 0x5d, 0x26, 0x1, 0xbb, 0xfc,
    0xe0,

    /* U+53EA "只" */
    0x0, 0x6f, 0xff, 0xed, 0x0, 0xc7, 0x9d, 0xde,
    0xb3, 0x0, 0xe1, 0x1f, 0x9c, 0x3, 0xff, 0xac,
    0xc4, 0x5e, 0x60, 0xe, 0x29, 0xff, 0xf4, 0x10,
    0x6, 0xcd, 0xdf, 0xd8, 0x1, 0xe9, 0x40, 0x2,
    0x48, 0x7, 0xd2, 0x8a, 0x0, 0x40, 0xd1, 0x0,
    0x86, 0xd7, 0x4, 0x2, 0x9a, 0xf2, 0x2, 0xf2,
    0xc1, 0x0, 0xe7, 0x8c, 0x12, 0xc9, 0x0, 0xfc,
    0xd8, 0x20,

    /* U+53ED "叭" */
    0x0, 0xfe, 0x20, 0xb, 0xf3, 0x20, 0x7, 0x80,
    0x30, 0x3, 0x44, 0xc, 0x3, 0x84, 0x3, 0x22,
    0x0, 0x2, 0x20, 0x0, 0x80, 0x7e, 0x33, 0x0,
    0xc, 0x40, 0x3e, 0x66, 0x0, 0x4, 0x80, 0x3e,
    0x22, 0x0, 0x19, 0x80, 0x1f, 0x7f, 0x0, 0xb,
    0x40, 0x21, 0x10, 0x1, 0x4c, 0x1, 0xa6, 0x1,
    0x77, 0x4, 0xd, 0x0, 0x8, 0x80, 0xb, 0xfd,
    0xcc, 0x60, 0x10, 0x9a, 0x86, 0x80, 0x57, 0x40,
    0x1a, 0xa0, 0x8, 0x0, 0x60, 0xc0, 0x19, 0x84,
    0x80, 0x23, 0xd0, 0xf, 0x61, 0x0,

    /* U+53EF "可" */
    0x9f, 0xff, 0xfb, 0xa7, 0xbb, 0xf8, 0x33, 0x80,
    0x47, 0xfe, 0x0, 0xbf, 0xbb, 0x60, 0x7, 0xec,
    0xcb, 0x48, 0x3, 0xf1, 0x16, 0x0, 0xff, 0xe5,
    0x19, 0xca, 0x1, 0xfd, 0xdf, 0xe8, 0x50, 0xf,
    0x87, 0x73, 0x2b, 0x0, 0xfb, 0x80, 0x38, 0x46,
    0x0, 0xfe, 0x4e, 0xe1, 0x90, 0x7, 0xe4, 0xff,
    0x60, 0x0,

    /* U+53F2 "史" */
    0x0, 0xf1, 0x70, 0x7, 0xff, 0x24, 0x73, 0x38,
    0x73, 0x35, 0x0, 0x47, 0x11, 0x82, 0x22, 0xa7,
    0x0, 0x85, 0x13, 0xa, 0x24, 0xa0, 0x1f, 0xfc,
    0x61, 0xff, 0xb4, 0x7f, 0xec, 0x0, 0x87, 0x6b,
    0xb9, 0x45, 0xdd, 0xb4, 0x3, 0x51, 0x8e, 0xa0,
    0x8e, 0x0, 0xc5, 0x3e, 0x6d, 0x40, 0x1f, 0xcc,
    0xf8, 0x26, 0x1, 0xf9, 0x69, 0x15, 0x3a, 0x9d,
    0x8, 0x40, 0x1d, 0x3b, 0xf5, 0x7f, 0x9d, 0x19,
    0xd6, 0x1d, 0x8e, 0x20, 0x1, 0x69, 0xce, 0xfb,

    /* U+53F3 "右" */
    0x0, 0xe3, 0x70, 0xf, 0xfe, 0x5, 0x70, 0x7,
    0xe1, 0x1c, 0xf8, 0x23, 0xe0, 0x1e, 0xec, 0x35,
    0xdd, 0xe2, 0x1f, 0xf9, 0x5f, 0xff, 0xe2, 0x0,
    0x89, 0x64, 0x3, 0xfe, 0xf4, 0x23, 0x3f, 0x0,
    0x67, 0x24, 0xee, 0xf6, 0x10, 0x1, 0xa6, 0x47,
    0xbb, 0xe0, 0x9, 0x23, 0x48, 0x3, 0xfc, 0x9e,
    0x60, 0x1f, 0xfc, 0x1, 0x0, 0x1f, 0x77, 0x80,
    0x3e, 0x1c, 0xcf, 0x0, 0x79, 0x38, 0x8b, 0xde,
    0x40,

    /* U+53F7 "号" */
    0x0, 0x37, 0xff, 0xe6, 0x0, 0xe5, 0xff, 0xf2,
    0x0, 0x7c, 0x45, 0xe0, 0xf, 0x1b, 0x77, 0x79,
    0xcc, 0x3, 0x2e, 0x67, 0xe5, 0x0, 0xf, 0x73,
    0xfd, 0xdd, 0xf8, 0x7, 0xb9, 0x9, 0xdd, 0xf8,
    0x3, 0x42, 0x6e, 0xf7, 0xa8, 0x7, 0x6f, 0x66,
    0x70, 0x30, 0x7, 0x10, 0x8f, 0x0, 0xc, 0x3,
    0xfe, 0x63, 0x0, 0xfe, 0x8f, 0xe9, 0xf0, 0xf,
    0xe8, 0xfe, 0xe1, 0x80, 0x40,

    /* U+5403 "吃" */
    0x0, 0xf4, 0xb0, 0x7, 0x7d, 0xda, 0x40, 0xc,
    0xa0, 0x1e, 0xee, 0x38, 0x30, 0x76, 0xee, 0x50,
    0x54, 0x1, 0x89, 0xff, 0xe4, 0x0, 0xd0, 0x8c,
    0x45, 0xc2, 0x1, 0xa3, 0xff, 0xcc, 0x1, 0xc2,
    0xbf, 0xec, 0x16, 0x60, 0x7, 0xe3, 0xd9, 0x90,
    0x4, 0x44, 0x0, 0x8f, 0x6d, 0xc0, 0x36, 0x69,
    0x1, 0xed, 0x28, 0x7, 0x77, 0x30, 0x3a, 0x10,
    0x2, 0x48, 0xf0, 0x8, 0x88, 0x80, 0x1b, 0x0,
    0x38, 0x97, 0x7f, 0xf3, 0x58,

    /* U+5404 "各" */
    0x0, 0xe8, 0x0, 0xff, 0xe0, 0x51, 0x88, 0xf0,
    0x7, 0xa9, 0x55, 0x99, 0x7f, 0x18, 0x6, 0x95,
    0x1c, 0xdd, 0x61, 0x31, 0x80, 0x5a, 0x1f, 0x58,
    0xa9, 0xe9, 0x20, 0x1b, 0x24, 0x12, 0xa9, 0x73,
    0x0, 0x1c, 0x20, 0xb7, 0x31, 0x35, 0x8a, 0x20,
    0x3, 0xbe, 0xfe, 0xd7, 0x6d, 0x9e, 0xe6, 0x19,
    0x7e, 0x25, 0xf7, 0x6b, 0x5d, 0x83, 0x14, 0x0,
    0x77, 0x78, 0x41, 0x0, 0x3f, 0xf8, 0xc2, 0x67,
    0xe0, 0xf, 0xd1, 0x1e, 0x0, 0xf1, 0x7d, 0xdf,
    0xbc, 0x80, 0x0,

    /* U+5408 "合" */
    0x0, 0xf9, 0xc0, 0x3f, 0xf8, 0x19, 0x0, 0x1f,
    0xf5, 0x3b, 0x60, 0x80, 0x7c, 0x5a, 0x77, 0x37,
    0xea, 0x1, 0x86, 0x36, 0xa4, 0x0, 0xf5, 0x78,
    0x80, 0x5e, 0x4d, 0x3d, 0xda, 0x9a, 0xe8, 0xcb,
    0xea, 0x7b, 0xbd, 0xf, 0xc6, 0x2, 0x79, 0x9f,
    0x94, 0x3, 0x38, 0xff, 0xf9, 0xc8, 0x3, 0xc6,
    0x7e, 0x10, 0xf, 0xfe, 0x41, 0x77, 0x79, 0x40,
    0x3c, 0x3f, 0xfe, 0x40, 0xe, 0x4e, 0x11, 0xf5,
    0xb8, 0x0,

    /* U+540C "同" */
    0xef, 0xff, 0xf3, 0x87, 0x7f, 0xfe, 0x61, 0x0,
    0x5e, 0x67, 0x88, 0x3, 0x57, 0x77, 0x88, 0x3,
    0x9, 0x17, 0x80, 0x3d, 0xfe, 0xee, 0xa0, 0x3,
    0xc5, 0xdd, 0x40, 0x7, 0xff, 0x1c, 0xbb, 0x75,
    0x0, 0x1f, 0x16, 0xe6, 0x3e, 0x0, 0x3d, 0xa4,
    0x23, 0x0, 0xc, 0x3, 0xfa, 0x7d, 0xd0,

    /* U+540D "名" */
    0x0, 0xe5, 0x40, 0xf, 0xe4, 0xa0, 0x22, 0x8c,
    0x3, 0x2d, 0x84, 0xff, 0xd9, 0x20, 0x33, 0x19,
    0xfb, 0xb5, 0xc, 0x5, 0x8e, 0x41, 0x80, 0x22,
    0x70, 0x42, 0xa0, 0x63, 0x66, 0xd7, 0x8, 0x3,
    0x85, 0x58, 0xf4, 0x80, 0x23, 0x7f, 0xd4, 0x6,
    0xee, 0x7e, 0x8f, 0x70, 0xd7, 0xfd, 0xdd, 0x51,
    0x8e, 0xcd, 0x98, 0x7, 0x8, 0x7, 0xff, 0x15,
    0xb7, 0x7a, 0xc4, 0x3, 0x27, 0xff, 0x40, 0x80,

    /* U+540E "后" */
    0x0, 0xf0, 0x9a, 0xbd, 0x50, 0x3, 0x7e, 0xf7,
    0xe7, 0xfe, 0x80, 0xe, 0xfe, 0xfd, 0xca, 0x85,
    0x20, 0xe, 0x30, 0xf, 0xfe, 0xf, 0x7f, 0xff,
    0x18, 0x5, 0xdf, 0xff, 0xc6, 0x2, 0x2, 0x1,
    0xff, 0x18, 0x83, 0xff, 0xfc, 0x60, 0x6, 0x20,
    0xf7, 0xff, 0xe1, 0x0, 0xb1, 0x40, 0x3f, 0xf8,
    0x9, 0x80, 0x1f, 0xf2, 0x1a, 0x0, 0x1f, 0x33,
    0x84, 0x2, 0x81, 0x0, 0x27, 0xff, 0x0, 0x48,
    0xe0, 0x8, 0xb3, 0x3e, 0xf3, 0x0,

    /* U+5411 "向" */
    0x0, 0xc2, 0xe2, 0x1, 0xfc, 0xf2, 0x20, 0x1c,
    0x24, 0x54, 0x39, 0x17, 0x6, 0x65, 0xa2, 0xf9,
    0x9b, 0x5c, 0x37, 0xbf, 0xdd, 0xdc, 0xc0, 0x19,
    0x4c, 0xf1, 0x0, 0x7a, 0xa2, 0x2f, 0xe0, 0xf,
    0xae, 0xef, 0x0, 0xff, 0xe4, 0x7f, 0xd8, 0x1,
    0xfb, 0xff, 0x60, 0x7, 0xbc, 0x3, 0x8, 0x8c,
    0x3, 0xfb, 0x79, 0xd0,

    /* U+5417 "吗" */
    0x0, 0xff, 0xe0, 0xa1, 0x9c, 0x3f, 0xfe, 0x0,
    0x5f, 0xfb, 0x47, 0xff, 0x70, 0x80, 0x59, 0xa0,
    0xa, 0x20, 0x1, 0x10, 0x3, 0xe6, 0x30, 0x3,
    0x30, 0x3, 0xe1, 0x10, 0x0, 0x88, 0x1, 0xf1,
    0x6e, 0xd0, 0xfe, 0x20, 0x1d, 0xd9, 0x97, 0x70,
    0x4, 0x2e, 0x80, 0x2, 0x3e, 0x0, 0xbb, 0x95,
    0x1f, 0xfc, 0x64, 0x8, 0xaa, 0x48, 0xff, 0xe6,
    0x60, 0x58, 0x7, 0xf6, 0x60, 0x3, 0xfb, 0x39,
    0x18, 0x3, 0xfb, 0x3b, 0x44, 0x0,

    /* U+5426 "否" */
    0x1f, 0xff, 0xfe, 0x0, 0x8b, 0xff, 0xa4, 0x37,
    0xff, 0x8, 0x6, 0x19, 0x92, 0x32, 0x80, 0x7c,
    0xde, 0xc, 0x6f, 0xda, 0xa0, 0x1, 0x8e, 0xad,
    0x91, 0x3, 0xb9, 0x8b, 0x10, 0x2a, 0xc3, 0x0,
    0xe4, 0xdc, 0x11, 0x52, 0x0, 0x57, 0x60, 0xc,
    0xe0, 0x14, 0x7f, 0x73, 0x75, 0xdc, 0xfa, 0x0,
    0xe6, 0xee, 0xf3, 0x80, 0x7f, 0xf2, 0x1a, 0xef,
    0xce, 0x1, 0xe3, 0x88, 0xf2, 0x0, 0x74, 0x61,
    0x9f, 0xae, 0x80, 0x0,

    /* U+542B "含" */
    0x0, 0xf1, 0x28, 0x7, 0xfc, 0x3b, 0x40, 0x1f,
    0xe3, 0xc6, 0x8c, 0x20, 0xf, 0x9f, 0x2b, 0x1e,
    0x71, 0xc0, 0x21, 0x8e, 0xbd, 0x6f, 0xc4, 0xcc,
    0x74, 0x10, 0x15, 0xf8, 0x94, 0xa2, 0x8c, 0x68,
    0x98, 0xd0, 0xff, 0xe4, 0x8c, 0xc1, 0xc8, 0x80,
    0x13, 0x33, 0x95, 0x3c, 0x3, 0x9b, 0x77, 0x7b,
    0x33, 0x58, 0x3, 0x72, 0x66, 0x5d, 0xcc, 0x7e,
    0x0, 0xf0, 0x8f, 0x8c, 0x3, 0xcd, 0x77, 0xe6,
    0x0, 0xf2, 0x44, 0x78, 0xc0, 0x3a, 0x2c, 0xcf,
    0xd9, 0x0, 0x0,

    /* U+542C "听" */
    0x0, 0xff, 0xa, 0x0, 0x19, 0x10, 0x60, 0x93,
    0x2c, 0xfe, 0x10, 0x98, 0x86, 0x86, 0xb7, 0x7f,
    0x50, 0x80, 0x33, 0x80, 0x1c, 0xae, 0x60, 0x1f,
    0xe4, 0x33, 0xe0, 0xf, 0x87, 0xfd, 0x9b, 0xe0,
    0x1f, 0x36, 0x60, 0x77, 0x0, 0x3d, 0xe2, 0x1,
    0xf1, 0x8, 0x0, 0xb8, 0x3, 0xec, 0xd3, 0x7,
    0x50, 0xf, 0xbb, 0x9a, 0x46, 0x60, 0xf, 0x78,
    0x5, 0x6e, 0x1, 0xff, 0x14, 0x0, 0x78,

    /* U+542F "启" */
    0x0, 0xf6, 0x10, 0x7, 0xfc, 0x90, 0x1, 0xf7,
    0xfe, 0x75, 0xff, 0xb8, 0x0, 0x21, 0xff, 0xf6,
    0x88, 0x7, 0xfc, 0x60, 0x1d, 0xdd, 0xf7, 0x80,
    0x77, 0x77, 0xef, 0x0, 0x18, 0x81, 0x17, 0xe0,
    0x3, 0x12, 0xef, 0xff, 0xb4, 0xc0, 0xd4, 0x17,
    0x77, 0xc2, 0x0, 0xbc, 0x0, 0xff, 0x21, 0xa0,
    0x2f, 0xff, 0x84, 0xa, 0x4, 0x17, 0xff, 0xc2,
    0xc, 0xe0, 0xb4, 0x1, 0xee, 0x30,

    /* U+5438 "吸" */
    0x43, 0x31, 0x6f, 0xff, 0x38, 0x2, 0xff, 0xe9,
    0x60, 0xaa, 0x2, 0x0, 0x7, 0x38, 0x13, 0x11,
    0x54, 0x26, 0x1, 0xf1, 0x88, 0x22, 0x80, 0x7e,
    0xd5, 0xe, 0x4f, 0xf0, 0x7, 0x84, 0xa, 0xbe,
    0x54, 0x3, 0xcc, 0xb6, 0x0, 0xae, 0x1, 0xcf,
    0x1, 0x2b, 0x73, 0x41, 0x40, 0x7, 0x7f, 0x9d,
    0x6, 0xb2, 0xf8, 0x1, 0x4, 0x55, 0xf0, 0x28,
    0x0, 0x40, 0xe, 0x0, 0x71, 0x45, 0xf8, 0x9c,
    0x81, 0x0, 0xb7, 0x87, 0xb5, 0xdb, 0x8, 0x80,

    /* U+5468 "周" */
    0x0, 0x7f, 0xff, 0x90, 0x2, 0xef, 0xf5, 0xa7,
    0xfc, 0x60, 0x1d, 0x5b, 0x69, 0xba, 0x40, 0xf,
    0x56, 0xd9, 0xee, 0x90, 0x3, 0x8e, 0x22, 0x38,
    0x82, 0x80, 0x71, 0xee, 0xa6, 0xb7, 0x42, 0x1,
    0xc2, 0x8c, 0xef, 0x90, 0x2, 0x22, 0x4, 0xe4,
    0xcd, 0x80, 0x19, 0xd8, 0x1, 0x37, 0x6a, 0x0,
    0xec, 0xc0, 0x2, 0x6e, 0xda, 0x1, 0x85, 0x94,
    0x3e, 0x2a, 0x9b, 0xe0, 0x12, 0x31, 0x3, 0xb8,
    0x46, 0xdf, 0x15, 0x54, 0x80, 0x7d, 0x9f, 0xa2,

    /* U+547C "呼" */
    0x0, 0xff, 0x8, 0x80, 0x46, 0x2, 0x56, 0x8a,
    0xdf, 0xb0, 0xef, 0xe3, 0x6c, 0x10, 0x5c, 0xea,
    0x0, 0x72, 0x2, 0x1b, 0xd0, 0x88, 0xb4, 0x3,
    0xc2, 0x80, 0x12, 0xa8, 0x3, 0xdb, 0xc0, 0x15,
    0x48, 0x7, 0x93, 0xc4, 0x6, 0x4, 0x3, 0xab,
    0x2f, 0x7, 0xef, 0xa0, 0x39, 0x2, 0xbb, 0x9a,
    0x3d, 0xd4, 0x7, 0x79, 0x80, 0x7f, 0x50, 0x7,
    0xff, 0x1, 0x40, 0x3f, 0xf8, 0xa7, 0xfa, 0xe0,
    0x1f, 0xc7, 0xfe, 0x90, 0xc,

    /* U+547D "命" */
    0x0, 0xf2, 0xb8, 0x7, 0xfc, 0x95, 0x4, 0x1,
    0xfc, 0xf5, 0x76, 0xc6, 0x0, 0xf2, 0x6d, 0xe2,
    0x23, 0x2f, 0x10, 0x0, 0x7d, 0x36, 0x5b, 0xfe,
    0xd7, 0xba, 0xe3, 0x35, 0x6b, 0x77, 0xfe, 0xa7,
    0xea, 0x30, 0x7f, 0xfc, 0xf, 0xff, 0x80, 0x31,
    0xff, 0x80, 0x1e, 0xff, 0xe3, 0x0, 0xff, 0xe3,
    0x1a, 0x20, 0x3, 0xff, 0x81, 0xdc, 0x50, 0xa,
    0x3c, 0x54, 0x2, 0x3a, 0xa8, 0x2, 0x8f, 0xd1,
    0x0, 0x1e, 0x0, 0x7f, 0xc0,

    /* U+548C "和" */
    0x0, 0x85, 0xac, 0xc0, 0x3c, 0x31, 0xbd, 0x38,
    0x46, 0x7c, 0x21, 0xf2, 0x56, 0xe3, 0x9f, 0xf6,
    0xb8, 0xba, 0x8, 0x6, 0xcc, 0x90, 0x1b, 0x74,
    0x77, 0xb2, 0x1, 0xe7, 0xf8, 0x5, 0xf8, 0x0,
    0xf0, 0x97, 0x82, 0x88, 0x80, 0x3e, 0x27, 0x38,
    0xe1, 0x0, 0xfa, 0x60, 0xe, 0xdc, 0x3, 0xd0,
    0xa, 0x0, 0x66, 0x0, 0x7b, 0xa8, 0x3, 0xdd,
    0xd2, 0x83, 0x8, 0x7, 0xb3, 0x23, 0x0, 0xfd,
    0x64, 0x56, 0xb8,

    /* U+54CD "响" */
    0x0, 0xf8, 0x98, 0x3, 0x21, 0x98, 0x80, 0x2a,
    0xc0, 0xd, 0x7f, 0xee, 0x3, 0x33, 0xe1, 0x99,
    0x0, 0x19, 0xc0, 0x9b, 0xe1, 0xb1, 0xb, 0x10,
    0xe, 0x4c, 0xfb, 0xb8, 0x3, 0xf1, 0xfe, 0x60,
    0x3, 0xf9, 0xe3, 0x0, 0x3f, 0xf8, 0xd3, 0x0,
    0x1f, 0xf7, 0xe4, 0x0, 0x51, 0x8e, 0x1, 0x23,
    0x31, 0x0, 0xd, 0x79, 0x60, 0x15, 0x80, 0x71,
    0x20, 0x7, 0xf3, 0x98, 0x4, 0xbe, 0x62,

    /* U+5524 "唤" */
    0x0, 0xf2, 0x28, 0x7, 0x8, 0x7, 0x5f, 0xb4,
    0x10, 0x3, 0xb9, 0xe2, 0x12, 0x5, 0xce, 0xa0,
    0x1, 0xe2, 0x9, 0x6b, 0xb0, 0x82, 0x0, 0x78,
    0x43, 0xbd, 0x93, 0xc, 0x3, 0xa4, 0x6b, 0xce,
    0xc8, 0x3, 0xfc, 0xe0, 0x1f, 0x8c, 0x41, 0x40,
    0x6, 0xe0, 0x18, 0xf0, 0x36, 0x53, 0x46, 0x88,
    0x7c, 0x8f, 0xbf, 0xc2, 0x2f, 0xf7, 0x10, 0xff,
    0x84, 0x7, 0xe2, 0xb8, 0x40, 0x14, 0x1, 0x2f,
    0xd3, 0x25, 0xe1, 0x82, 0x0, 0x2e, 0x29, 0xc0,
    0xf, 0x1a, 0x60, 0x15, 0x6a, 0x0, 0x65, 0xe3,

    /* U+5546 "商" */
    0x0, 0xf2, 0x90, 0x7, 0xff, 0x3, 0x64, 0x3,
    0xc3, 0xdd, 0xce, 0x9d, 0xdc, 0x43, 0xdd, 0x1e,
    0x7f, 0xc1, 0xfd, 0xc2, 0x0, 0x8, 0x95, 0x42,
    0x2a, 0x70, 0x20, 0x9, 0x7f, 0x52, 0xf7, 0x48,
    0x8d, 0xd3, 0x0, 0x49, 0x9e, 0x1b, 0x87, 0x78,
    0xc0, 0x1c, 0xfd, 0xc1, 0xd, 0xcb, 0x0, 0xf1,
    0xbe, 0xe6, 0x5b, 0xe0, 0x1e, 0x43, 0xbc, 0xc4,
    0x7a, 0x0, 0x7c, 0x77, 0x54, 0x90, 0xf, 0xed,
    0xbb, 0xb6, 0x0, 0x3f, 0x3a, 0x8, 0xd1, 0x8a,
    0x80,

    /* U+5587 "喇" */
    0x0, 0xec, 0x20, 0xd, 0xcc, 0xaa, 0x0, 0xfe,
    0x9e, 0xa9, 0xd3, 0xdd, 0xe, 0x80, 0xa, 0xca,
    0x74, 0xf3, 0x44, 0x3, 0xcf, 0xa7, 0xbe, 0x1,
    0xfa, 0x53, 0xcc, 0x3, 0xff, 0x91, 0x9, 0x84,
    0x1, 0x89, 0x8d, 0xfc, 0x1b, 0xc0, 0x3b, 0xdc,
    0x24, 0x1, 0x0, 0xa0, 0x6, 0x99, 0x39, 0x9a,
    0x44, 0xa0, 0x1, 0x20, 0x75, 0x20, 0x8, 0x20,
    0x10, 0x8, 0xf0, 0x3, 0xaf, 0xd8,

    /* U+5668 "器" */
    0x0, 0x7f, 0x73, 0xd4, 0x7f, 0xb9, 0xee, 0x1,
    0xbb, 0x88, 0x0, 0x1e, 0xe3, 0x0, 0x7f, 0xf1,
    0x87, 0xb8, 0xa6, 0x0, 0xee, 0x38, 0x80, 0x5d,
    0xd6, 0x40, 0x73, 0xa7, 0xb0, 0xf, 0xfe, 0xd1,
    0xef, 0x65, 0xef, 0x71, 0xff, 0x69, 0x47, 0xfa,
    0xc6, 0xff, 0xce, 0x0, 0x7c, 0x87, 0x0, 0x26,
    0xcd, 0x18, 0xf, 0x40, 0xdf, 0xa8, 0x7e, 0x92,
    0xe3, 0x8f, 0x87, 0xf2, 0x0, 0x7, 0xbd, 0xa1,
    0xc0, 0x40, 0x3f, 0xf8, 0x7d, 0xc4, 0x0, 0xf,
    0x71, 0x80, 0x37, 0x75, 0xea, 0x1d, 0xd7, 0xb8,
    0x0,

    /* U+566A "噪" */
    0x54, 0x40, 0x1, 0xfb, 0x31, 0xb8, 0x0, 0xaf,
    0xb0, 0x9, 0xf3, 0x1c, 0x1, 0xd, 0x90, 0x0,
    0x4a, 0xa9, 0x2c, 0x1, 0xea, 0xd0, 0x2e, 0x11,
    0x58, 0x7, 0x3d, 0x51, 0xb, 0x28, 0x3, 0xe3,
    0x30, 0x3, 0xcd, 0xc0, 0x39, 0xe2, 0xd, 0xc5,
    0xc, 0x0, 0x10, 0x5, 0xdd, 0xe9, 0x77, 0x0,
    0xf1, 0x1e, 0x65, 0x47, 0xd9, 0x84, 0x1f, 0xf1,
    0xef, 0x9, 0x91, 0xfe, 0xa7, 0x0, 0x12, 0xbb,
    0xe1, 0xbb, 0x90, 0x20, 0x16, 0xf6, 0x98, 0x0,
    0xb3, 0x80,

    /* U+56CA "囊" */
    0x0, 0xf1, 0xc0, 0x7, 0xd1, 0x55, 0xb5, 0xea,
    0xb4, 0x0, 0x23, 0x44, 0x88, 0xa0, 0x45, 0x24,
    0x0, 0x44, 0x20, 0x7, 0x0, 0xca, 0x1, 0x66,
    0xc, 0x44, 0xe2, 0x38, 0xb0, 0x40, 0x1a, 0x62,
    0x34, 0x18, 0x88, 0x1c, 0x1, 0x82, 0x4, 0x82,
    0x32, 0x80, 0x2c, 0x40, 0xf0, 0xd4, 0xcb, 0x80,
    0x84, 0x1c, 0x0, 0x60, 0x1f, 0xe3, 0x1, 0x7e,
    0xe1, 0x1, 0x14, 0x1d, 0xc3, 0x41, 0x54, 0x0,
    0x11, 0x0, 0xb0, 0xf0, 0x54, 0xa6, 0x5c, 0x59,
    0xbf, 0xb9, 0x7e, 0xc2, 0x57, 0x4a, 0x14, 0x6e,
    0xdf, 0x3f, 0xa8, 0x1, 0x6f, 0xdb, 0x98, 0x1,
    0xaf, 0x50,

    /* U+56DB "四" */
    0x48, 0x8f, 0xf8, 0x34, 0xff, 0xce, 0x3e, 0xe1,
    0xfe, 0x71, 0x3, 0x77, 0xc, 0x38, 0xcb, 0xb8,
    0x3, 0xc2, 0x20, 0xf, 0xf0, 0x88, 0x3, 0xfe,
    0x75, 0x0, 0xff, 0xc, 0x68, 0x0, 0xb6, 0xe4,
    0x2, 0x1f, 0x56, 0x0, 0x67, 0x45, 0x80, 0x43,
    0x76, 0x0, 0xc4, 0x64, 0x1, 0x1b, 0x19, 0xfe,
    0x0, 0x93, 0xbb, 0xf8, 0x1, 0xd1, 0xbb, 0xfc,
    0x62,

    /* U+56DE "回" */
    0x1f, 0xff, 0xf9, 0xc0, 0x1f, 0xff, 0xca, 0x1,
    0xff, 0xc6, 0xff, 0xe3, 0x0, 0xfd, 0xff, 0x1b,
    0x80, 0x7f, 0xf5, 0xbf, 0xe3, 0x0, 0xfd, 0xff,
    0xc8, 0x1, 0xff, 0xc6, 0xdd, 0xfe, 0x50, 0xb,
    0xff, 0xf8, 0xc0,

    /* U+56E0 "因" */
    0xff, 0xff, 0xa0, 0x3f, 0xf5, 0xf7, 0xfc, 0xe0,
    0x1e, 0x82, 0x0, 0xf8, 0x8a, 0x37, 0x22, 0x8,
    0x4, 0x5f, 0xf0, 0x4f, 0xfa, 0x40, 0x22, 0xdd,
    0x70, 0x66, 0xea, 0x0, 0x3d, 0x65, 0x86, 0x1,
    0xf1, 0x37, 0xf7, 0xc, 0x3, 0x93, 0x2c, 0x8f,
    0xb4, 0x80, 0x37, 0x52, 0x80, 0xe, 0x98, 0x2,
    0xb1, 0xfb, 0xbd, 0xfe, 0x70, 0x4, 0x47, 0xf2,
    0x0,

    /* U+56F4 "围" */
    0xfe, 0xef, 0xef, 0x80, 0xee, 0xc1, 0xfd, 0xd3,
    0x80, 0xf, 0xba, 0x1e, 0xe9, 0xc0, 0x23, 0xee,
    0x87, 0xba, 0x70, 0xd, 0x1b, 0xa1, 0xfd, 0xd1,
    0x80, 0x68, 0xdd, 0xf, 0xee, 0x8c, 0x2, 0x5e,
    0xe8, 0x7b, 0xaf, 0x0, 0x97, 0xba, 0xe, 0xe6,
    0x98, 0x7, 0xc2, 0x13, 0xe8, 0x1, 0xf1, 0x85,
    0xf4, 0x0, 0x57, 0x79, 0xaa, 0x65, 0x6e, 0x0,
    0x88, 0xfe, 0x40,

    /* U+56FA "固" */
    0x9f, 0xff, 0xf8, 0x42, 0x3f, 0xf4, 0x7f, 0xe0,
    0xf, 0x86, 0x40, 0x3f, 0x2f, 0x74, 0x3d, 0xd2,
    0x0, 0x65, 0xee, 0x87, 0xba, 0x40, 0xe, 0x68,
    0x80, 0xc4, 0x0, 0x3e, 0xbe, 0xca, 0xd6, 0x10,
    0xf, 0x9d, 0x56, 0x0, 0xfe, 0xcd, 0xd8, 0x40,
    0x3e, 0xdd, 0xef, 0x10, 0xd, 0x17, 0x7f, 0xc0,
    0x12, 0x7f, 0xff, 0x0, 0x0,

    /* U+56FD "国" */
    0x9f, 0xff, 0xf8, 0x42, 0x3f, 0xff, 0x80, 0x31,
    0x7f, 0xfc, 0x1, 0xc5, 0xfe, 0xd2, 0xff, 0x80,
    0x3f, 0xf8, 0xf7, 0xda, 0x5d, 0xc9, 0x0, 0xf5,
    0xf6, 0x97, 0x3c, 0x80, 0x7f, 0xdf, 0x0, 0x1c,
    0x99, 0x8f, 0x2c, 0xa4, 0x30, 0xc, 0x9d, 0xcf,
    0xde, 0xe8, 0xc0, 0x28, 0xce, 0xef, 0xb0, 0x2,
    0x4f, 0xff, 0xe0, 0x0,

    /* U+56FE "图" */
    0xf, 0xff, 0xf9, 0xc0, 0x1f, 0xf3, 0xe7, 0xfe,
    0x60, 0xe, 0x87, 0xed, 0xd7, 0x80, 0x70, 0xd3,
    0xbb, 0x74, 0xf0, 0x1, 0xed, 0xf1, 0xff, 0x63,
    0x80, 0x70, 0xb3, 0x14, 0x45, 0x8a, 0x20, 0x19,
    0xf3, 0xab, 0x7b, 0x99, 0xa6, 0x1, 0x3e, 0xc1,
    0x56, 0x94, 0xe1, 0x80, 0x61, 0xa3, 0xdc, 0x40,
    0xf, 0x86, 0xb, 0x75, 0xec, 0x1, 0xc6, 0x61,
    0x6a, 0xf9, 0x33, 0x28, 0x5, 0xff, 0xe8, 0x9f,
    0x30,

    /* U+5706 "圆" */
    0xf, 0xee, 0xfe, 0xf7, 0x0, 0x74, 0x11, 0x7b,
    0x98, 0x3, 0x75, 0x66, 0x63, 0x0, 0xfa, 0xef,
    0x80, 0x3e, 0x8d, 0xbb, 0xde, 0x1, 0xee, 0xdd,
    0xee, 0x50, 0xf, 0x66, 0xd7, 0xea, 0x0, 0x7f,
    0x58, 0x7, 0xf3, 0xb, 0x5, 0x27, 0xb8, 0x6,
    0x20, 0xdc, 0xda, 0xe9, 0x60, 0xc, 0xdf, 0xeb,
    0x3, 0xbf, 0x23, 0x0, 0xa2, 0xfb, 0x77, 0x7d,
    0x28, 0x0,

    /* U+5728 "在" */
    0x0, 0xea, 0x50, 0xf, 0xfe, 0x2, 0xb8, 0x7,
    0xc3, 0xbb, 0x78, 0x7e, 0xef, 0x84, 0x5d, 0xd0,
    0x3f, 0x77, 0xc2, 0x6, 0x65, 0x28, 0x33, 0x23,
    0x19, 0xc0, 0x11, 0x4c, 0x80, 0x2d, 0x30, 0xf,
    0x68, 0x20, 0x6, 0x10, 0xc, 0x38, 0x6, 0x17,
    0xfe, 0x58, 0xff, 0x40, 0x13, 0xd0, 0x2, 0xff,
    0xcb, 0x3f, 0xe8, 0x3, 0xb1, 0x0, 0xff, 0xef,
    0xaf, 0xfc, 0xb3, 0xff, 0x10,

    /* U+5730 "地" */
    0x0, 0x69, 0x0, 0x61, 0xe0, 0xf, 0xf4, 0x80,
    0x7f, 0xf0, 0x5, 0xc0, 0x38, 0xc0, 0x48, 0x8e,
    0x40, 0x18, 0x63, 0xf0, 0x27, 0xc2, 0xa0, 0x0,
    0x9a, 0x5, 0x6, 0x11, 0xa5, 0xb7, 0x3, 0x28,
    0x14, 0x80, 0x1e, 0x63, 0xd, 0x91, 0x0, 0xfc,
    0xf6, 0x20, 0x19, 0xdc, 0x1, 0x17, 0x68, 0x7,
    0x2c, 0x98, 0x25, 0x82, 0xe8, 0x6, 0x44, 0x7c,
    0x81, 0x67, 0xc8, 0x6, 0x1a, 0x12, 0x96, 0x63,
    0x80, 0x42, 0x20, 0xe, 0x42, 0x0, 0xf3, 0x7f,
    0xf3, 0xa0,

    /* U+5740 "址" */
    0x0, 0x1d, 0x80, 0x73, 0x50, 0x7, 0x9c, 0x3,
    0xff, 0x98, 0x31, 0xe7, 0x9, 0x82, 0x1, 0xff,
    0x9, 0x0, 0x7c, 0x31, 0xe7, 0xa, 0x1, 0x97,
    0xfd, 0x40, 0x1f, 0xe3, 0xee, 0x50, 0x7, 0xf9,
    0x84, 0x40, 0x13, 0x9d, 0xc0, 0x7, 0xe1, 0xab,
    0xf, 0x80, 0xf, 0xc3, 0xbd, 0xe8, 0x1, 0xfe,
    0x71, 0x5, 0x81, 0x88, 0x96, 0x20, 0xe0, 0x18,
    0x7e, 0x3b, 0xe6, 0x3f, 0xc0,

    /* U+5747 "均" */
    0x0, 0xff, 0xe1, 0xe9, 0x0, 0x52, 0xc0, 0x1f,
    0xf3, 0xb8, 0x3, 0xfc, 0xe3, 0x31, 0xb, 0x51,
    0x22, 0x39, 0xc, 0x19, 0x14, 0x9f, 0x3e, 0x15,
    0x34, 0xf9, 0x55, 0x49, 0xc6, 0x96, 0xd8, 0x63,
    0x80, 0x7f, 0xad, 0x32, 0x80, 0x2, 0x20, 0xf,
    0xac, 0x14, 0x1, 0xe0, 0x10, 0xb9, 0x0, 0x2f,
    0x2f, 0xc4, 0x8, 0x99, 0xe6, 0x53, 0xfe, 0xb2,
    0x37, 0xc8, 0xe8, 0x7c, 0xee, 0x30, 0x30, 0xb7,
    0x38, 0x83, 0xf3, 0x80, 0x4, 0xd4, 0x40, 0x30,
    0x80, 0x33, 0xf9, 0x84, 0x3, 0xf6, 0x7f, 0xa4,
    0x0,

    /* U+5750 "坐" */
    0x0, 0x94, 0x43, 0x10, 0x0, 0xa0, 0x1e, 0xa1,
    0x0, 0xc7, 0x60, 0x1c, 0xa6, 0x1, 0xc8, 0xe0,
    0x1d, 0x26, 0x20, 0x1a, 0x8, 0x3, 0x19, 0x9b,
    0x40, 0x27, 0x26, 0x70, 0xb, 0xe2, 0x5a, 0x43,
    0x23, 0xb2, 0x54, 0x19, 0xdc, 0x15, 0x60, 0x54,
    0x63, 0xb2, 0xd, 0x40, 0x11, 0xf, 0xa8, 0x0,
    0xf0, 0x0, 0xdf, 0xf8, 0xab, 0xff, 0x8, 0x1,
    0xff, 0xf1, 0xdf, 0xfe, 0x10, 0xf, 0xfe, 0x19,
    0xb3, 0x71, 0xfb, 0x37, 0x3, 0xff, 0xf3, 0x17,
    0xff, 0x0,

    /* U+5757 "块" */
    0x0, 0x61, 0x80, 0x43, 0xe0, 0x1f, 0xfc, 0xc3,
    0x66, 0x3, 0x34, 0x0, 0x12, 0x35, 0x24, 0xb9,
    0xb, 0xb4, 0x88, 0x3f, 0x84, 0xdb, 0xef, 0x86,
    0xe8, 0x40, 0xd, 0xa7, 0x92, 0x1, 0xff, 0xc2,
    0x88, 0x58, 0x4c, 0xc, 0x0, 0x70, 0xff, 0x84,
    0x1b, 0xe3, 0x80, 0x23, 0xec, 0x77, 0x1a, 0x13,
    0xbc, 0x7, 0x60, 0x3e, 0x0, 0x6f, 0x15, 0x0,
    0x90, 0xb7, 0x8, 0x21, 0x52, 0x2c, 0x40, 0xf,
    0x24, 0x0, 0x86, 0xa0, 0x47, 0xc1, 0x0, 0xec,
    0x4f, 0x10, 0x4, 0xa7, 0x88, 0x6, 0xec, 0x10,
    0xd, 0x38, 0x20,

    /* U+5782 "垂" */
    0x0, 0xe1, 0x24, 0x57, 0xa5, 0x0, 0x93, 0xbf,
    0xb3, 0x67, 0xfb, 0x18, 0x2, 0x4e, 0xfe, 0xd2,
    0x9a, 0x96, 0x30, 0x9, 0x1d, 0xf1, 0x7b, 0xbe,
    0x30, 0x0, 0xfc, 0x67, 0x83, 0x7e, 0x47, 0xb8,
    0x1, 0x60, 0x66, 0xa, 0x62, 0x3, 0x8, 0xb,
    0xfe, 0x1d, 0xf2, 0xbf, 0xc1, 0xff, 0x1a, 0xff,
    0x83, 0x3c, 0xab, 0xf0, 0x3f, 0xc6, 0x1, 0x8,
    0x80, 0x2, 0x0, 0x10, 0xd, 0x5c, 0x3b, 0xc5,
    0x7d, 0x83, 0xd2, 0x0, 0xbf, 0xee, 0x78, 0xcf,
    0xf7, 0x3e, 0x0, 0x26, 0x6c, 0x34, 0xcd, 0x28,
    0x80, 0x16, 0x23, 0x1, 0xc4, 0x5c, 0x0,

    /* U+578B "型" */
    0x0, 0xff, 0x87, 0x80, 0x9, 0x9f, 0x7b, 0xf6,
    0x3c, 0x1, 0xc9, 0xa3, 0x7e, 0x56, 0x20, 0x1e,
    0x12, 0x11, 0x31, 0x8, 0x7, 0xd5, 0x81, 0x96,
    0x18, 0xa0, 0x1e, 0xb8, 0x6d, 0xd1, 0x6a, 0xa0,
    0x7, 0x14, 0xd8, 0x7, 0x51, 0x10, 0x2, 0x9b,
    0x20, 0x3, 0x48, 0xf, 0x7c, 0x0, 0x2d, 0x40,
    0x5, 0x4c, 0x22, 0xcc, 0x30, 0x5, 0xbd, 0xd8,
    0x3b, 0xac, 0x0, 0xdb, 0xdd, 0x83, 0xfb, 0x98,
    0x0, 0x39, 0x9e, 0xb0, 0x99, 0xe2, 0x1f, 0xfe,
    0xc7, 0xff, 0xe0,

    /* U+57CE "城" */
    0x0, 0x70, 0x80, 0x76, 0x2d, 0x88, 0x7, 0xfc,
    0xdd, 0x40, 0x1e, 0xfd, 0xd8, 0xf2, 0x14, 0x8e,
    0x6, 0xcc, 0x3f, 0xe2, 0x9f, 0xc2, 0x1f, 0x2,
    0x0, 0x11, 0x4e, 0x64, 0x0, 0x27, 0x19, 0x30,
    0xef, 0x73, 0x3b, 0xc0, 0x3e, 0xe9, 0x1, 0x15,
    0xa8, 0x7, 0xfb, 0xb5, 0xa8, 0x3, 0x8c, 0x40,
    0x44, 0xaa, 0x42, 0x0, 0x10, 0xf7, 0xa8, 0x71,
    0x88, 0x40, 0x1, 0xb5, 0xb6, 0xce, 0x95, 0xf8,
    0x18, 0xa5, 0xfe, 0x4a, 0xaa, 0xde, 0x59, 0xf7,
    0x11, 0x0, 0x11, 0xc8, 0x2e, 0xd2, 0xc1, 0x74,
    0x1, 0x25, 0x0, 0x29, 0xc0, 0x17, 0xc4,

    /* U+57FA "基" */
    0x0, 0xa5, 0xc0, 0x33, 0x50, 0x6, 0x23, 0x5d,
    0x33, 0xde, 0xe6, 0x40, 0xa, 0x83, 0x58, 0x8c,
    0xc5, 0x14, 0x0, 0x8b, 0x61, 0xcc, 0xc4, 0xb7,
    0x0, 0x1c, 0x46, 0x79, 0xc0, 0x3f, 0x1c, 0x46,
    0x50, 0xf, 0xd1, 0x99, 0xa4, 0x3, 0x2f, 0x71,
    0xa3, 0xbb, 0x4a, 0xf7, 0x15, 0x5d, 0x85, 0x7c,
    0xb5, 0xd6, 0x5b, 0xca, 0x31, 0xa1, 0xf6, 0x97,
    0x6f, 0xbd, 0x92, 0x33, 0x66, 0x26, 0x43, 0x33,
    0x37, 0x89, 0x95, 0x98, 0x91, 0x78, 0x6, 0x4,
    0x1f, 0xff, 0x1d, 0xff, 0xe2, 0x0,

    /* U+585E "塞" */
    0x0, 0xff, 0xe4, 0x2e, 0x0, 0x7d, 0xbd, 0xda,
    0xcf, 0xfb, 0xb0, 0x0, 0xbf, 0xbf, 0x7b, 0xfb,
    0x7b, 0xc4, 0x1, 0x9, 0x39, 0x89, 0x96, 0x62,
    0x62, 0x0, 0x7, 0x4a, 0xa0, 0x55, 0x41, 0x54,
    0x70, 0x9, 0x7e, 0x3, 0xfd, 0x1, 0xf4, 0x1,
    0x93, 0x2d, 0x33, 0x23, 0xc9, 0x0, 0xb3, 0x75,
    0x69, 0xba, 0xc3, 0xdd, 0x98, 0x33, 0x1c, 0x37,
    0xf3, 0xc4, 0x99, 0x86, 0x0, 0x3f, 0x5a, 0xa4,
    0x87, 0xae, 0x90, 0x3, 0x7e, 0x7a, 0xa4, 0xaa,
    0x7e, 0xf5, 0x43, 0x65, 0x2e, 0xe4, 0xbb, 0x1b,
    0xf2, 0x83, 0xff, 0xeb, 0x4f, 0xfd, 0x20,

    /* U+586B "填" */
    0x0, 0xff, 0xe2, 0x70, 0x80, 0x68, 0x90, 0xf,
    0xe9, 0xaa, 0x3b, 0x55, 0x40, 0x1e, 0xb9, 0x90,
    0x54, 0xca, 0x0, 0x48, 0x54, 0x4a, 0xe8, 0x36,
    0xec, 0x60, 0xfe, 0x15, 0x0, 0xd9, 0x3b, 0xa5,
    0x30, 0x6d, 0x1f, 0x90, 0x1d, 0xed, 0xd1, 0x0,
    0x7f, 0x11, 0x60, 0xf, 0xe1, 0xbb, 0xc4, 0x1,
    0xc6, 0x80, 0x31, 0x18, 0x80, 0x25, 0x1d, 0xd3,
    0x87, 0x76, 0xb, 0x37, 0x89, 0xfb, 0x8, 0xbf,
    0xb, 0x7e, 0x7, 0xd6, 0x2, 0x5c, 0x79, 0x75,
    0x58, 0xc0, 0x31, 0xff, 0x58, 0x84, 0xcb, 0xc0,
    0x38, 0xf5, 0x40, 0x32, 0x68, 0x0,

    /* U+5883 "境" */
    0x0, 0xfc, 0x40, 0x1f, 0x70, 0x80, 0x6e, 0x50,
    0xf, 0xe8, 0xee, 0x1d, 0x77, 0x18, 0x3, 0xd1,
    0x51, 0xfe, 0x6f, 0x60, 0x13, 0x14, 0x10, 0x6a,
    0x1, 0x51, 0x0, 0x3f, 0x5, 0x3f, 0x61, 0x77,
    0xb, 0xac, 0x1b, 0x47, 0x9b, 0x26, 0x68, 0x84,
    0xd8, 0x7, 0x9f, 0xc, 0xf4, 0x8, 0x7, 0xcb,
    0xff, 0x80, 0x3c, 0x64, 0xb, 0xff, 0x80, 0x31,
    0x8e, 0xdb, 0xe5, 0xe5, 0xc4, 0x4, 0x23, 0x5f,
    0x64, 0x94, 0x61, 0x69, 0xc8, 0x27, 0xa0, 0x80,
    0x7a, 0x40, 0xc0, 0x12, 0x42, 0x1, 0x47, 0xdb,
    0x87, 0xc6, 0xb1, 0x0, 0x69, 0xe7, 0x0, 0x37,
    0x6e, 0x80,

    /* U+589E "增" */
    0x0, 0xff, 0xe1, 0xf0, 0x80, 0x30, 0xc0, 0x15,
    0x40, 0xf, 0xaa, 0x80, 0x4b, 0x0, 0x1e, 0xba,
    0x5f, 0xd0, 0x97, 0x2, 0x12, 0x5, 0x9e, 0xd,
    0xbd, 0xd2, 0xf8, 0x63, 0x0, 0x1c, 0x89, 0x6,
    0xb, 0xa3, 0xcc, 0xa, 0x60, 0x90, 0x20, 0x1e,
    0x3c, 0xa2, 0x88, 0x8c, 0x3, 0xb7, 0x31, 0xf9,
    0x94, 0x80, 0x7b, 0xb3, 0x37, 0x80, 0x8, 0x72,
    0x41, 0x73, 0x30, 0x1, 0xbd, 0xe6, 0x40, 0x93,
    0x38, 0x0, 0xdb, 0x8, 0x1, 0x19, 0xe0, 0xf,
    0xc7, 0x33, 0x80, 0x0,

    /* U+58C1 "壁" */
    0x0, 0xfe, 0x60, 0xe, 0xaf, 0xdd, 0x79, 0xbb,
    0xa7, 0x1d, 0x40, 0x7, 0x5b, 0xa2, 0x11, 0x65,
    0xcc, 0x84, 0x0, 0x75, 0x98, 0x11, 0x12, 0x7,
    0x80, 0x75, 0xe6, 0x4b, 0x7, 0x6a, 0x50, 0x20,
    0xf7, 0x98, 0xe2, 0xdd, 0x15, 0x6e, 0x84, 0x80,
    0x73, 0x8, 0x57, 0x62, 0xbb, 0x40, 0x34, 0x1e,
    0x61, 0xd6, 0xa8, 0x9b, 0x52, 0x8, 0xbb, 0x98,
    0xdf, 0x50, 0x93, 0x0, 0xed, 0xff, 0x8e, 0xbf,
    0x7f, 0xc0, 0x1b, 0x7f, 0xe3, 0xaf, 0xfc, 0x1,
    0xff, 0xc4, 0x5f, 0xfe, 0x3a, 0xff, 0xe2,

    /* U+58F0 "声" */
    0x0, 0xf7, 0x10, 0x7, 0x26, 0xef, 0xe, 0xef,
    0x42, 0x66, 0x70, 0x5e, 0x66, 0x90, 0x59, 0x9c,
    0x1d, 0x33, 0x84, 0x1f, 0xbb, 0x4e, 0x77, 0x60,
    0x1, 0x81, 0x17, 0xf0, 0x5, 0x3b, 0xb5, 0xfe,
    0xed, 0x60, 0x1a, 0x66, 0x19, 0x9c, 0x1, 0x8,
    0x7, 0xff, 0x0, 0x83, 0xba, 0x1d, 0xee, 0x80,
    0x24, 0x6e, 0xeb, 0xfd, 0xdd, 0x30, 0xc, 0xd8,
    0x7, 0xe9, 0xb, 0x42, 0x0, 0xff, 0x45, 0x0,
    0x7f, 0xc0,

    /* U+5904 "处" */
    0x0, 0xb4, 0x40, 0x23, 0xe0, 0xf, 0x19, 0x84,
    0x3, 0xfe, 0x51, 0xcc, 0x78, 0x80, 0x7e, 0xd7,
    0xf9, 0x1, 0x1, 0x40, 0xc, 0x29, 0x86, 0x24,
    0x1, 0x51, 0x80, 0x4c, 0x6, 0x6, 0xe0, 0x1,
    0xad, 0x10, 0x19, 0x95, 0x85, 0xe0, 0x4, 0x93,
    0xa0, 0x3a, 0xc2, 0x86, 0xe0, 0x19, 0xd0, 0x40,
    0xc2, 0xec, 0xa2, 0x1, 0xd0, 0x20, 0x12, 0x81,
    0x80, 0x7f, 0x87, 0x95, 0xdc, 0x5, 0x40, 0x1c,
    0x58, 0xf5, 0x95, 0xd2, 0x26, 0x70, 0x9e, 0xa5,
    0x1, 0x6d, 0x8c, 0xf6, 0xe9, 0xf, 0x64, 0x3,
    0x2c, 0xe6, 0xf7, 0x14,

    /* U+5907 "备" */
    0x0, 0xff, 0xe3, 0xea, 0x80, 0x7f, 0xdc, 0x53,
    0x99, 0x79, 0x0, 0x61, 0xc1, 0xbe, 0xe9, 0xcc,
    0x80, 0x25, 0xf4, 0x9a, 0x60, 0xe1, 0xc0, 0xc,
    0x99, 0xd, 0x17, 0xad, 0x40, 0x1c, 0x22, 0x7c,
    0x87, 0x87, 0xe9, 0x63, 0x2, 0xfe, 0xe4, 0x74,
    0x3e, 0xeb, 0xb7, 0x48, 0x5d, 0x4d, 0x5d, 0xfe,
    0xed, 0x82, 0xe4, 0x1, 0x5, 0xee, 0x68, 0xf7,
    0x28, 0x3, 0xcb, 0xbb, 0xe, 0xea, 0x8c, 0x3,
    0x97, 0x76, 0x1d, 0xd5, 0x18, 0x7, 0x2b, 0xba,
    0x5, 0xdd, 0x0, 0x1f, 0xdb, 0x0, 0x1, 0x0,
    0xe7, 0xf7, 0x7f, 0x64, 0x80, 0x0,

    /* U+590D "复" */
    0x0, 0x8c, 0xc0, 0x1f, 0xfc, 0xc, 0x53, 0x3f,
    0x84, 0x2, 0xb0, 0xd8, 0x8f, 0x98, 0x7, 0xa,
    0x33, 0x3e, 0xf7, 0x1, 0x99, 0x41, 0x9f, 0xbb,
    0x80, 0x12, 0x80, 0x3f, 0xfc, 0x80, 0x1f, 0x77,
    0x79, 0x0, 0x3d, 0x37, 0xc6, 0x7b, 0xf8, 0x3,
    0xb4, 0x5e, 0xab, 0x4b, 0x0, 0x45, 0x6a, 0x5f,
    0x98, 0xd7, 0x52, 0x0, 0x87, 0x7b, 0xe3, 0x75,
    0xfb, 0x40, 0x18, 0x49, 0xe1, 0x48, 0x81, 0xae,
    0xa6, 0x29, 0xfd, 0xfd, 0xcf, 0xf7, 0x78, 0x64,
    0x0,

    /* U+5916 "外" */
    0x0, 0xff, 0xe2, 0xe9, 0x0, 0x47, 0xa0, 0x1e,
    0x23, 0x20, 0xf, 0xf9, 0x47, 0x75, 0xe8, 0x1,
    0xfa, 0xa7, 0xfc, 0xe, 0x1, 0xf2, 0x3, 0x10,
    0x0, 0xc0, 0x9c, 0x3, 0x4d, 0x10, 0x29, 0x80,
    0x57, 0x40, 0x2, 0x72, 0xc5, 0xbb, 0x0, 0xb,
    0x6, 0xc0, 0xa9, 0x76, 0x8d, 0x80, 0x35, 0xbb,
    0x80, 0x23, 0x26, 0x10, 0xe, 0xc7, 0x0, 0x9c,
    0xe0, 0x3, 0xfc, 0xd1, 0x42, 0x1, 0xfd, 0x32,
    0xa4, 0x0, 0xfe, 0x13, 0xc5, 0x0, 0xff, 0x0,

    /* U+591A "多" */
    0x0, 0xc5, 0xa6, 0x1, 0xfc, 0x9a, 0x5f, 0x9b,
    0xa0, 0xc, 0x31, 0x54, 0xcf, 0xf1, 0xa0, 0x4,
    0x5e, 0x12, 0x66, 0x2f, 0x79, 0x0, 0x8b, 0xa1,
    0xb7, 0xfd, 0x52, 0x1, 0xe2, 0x95, 0x2d, 0xa7,
    0x0, 0xd1, 0xde, 0x1f, 0x98, 0x3a, 0xde, 0xf0,
    0xac, 0xd8, 0x7f, 0x8d, 0xff, 0x12, 0x1, 0x11,
    0xf7, 0x21, 0x8, 0x94, 0x34, 0x1, 0xf, 0xd2,
    0xec, 0x5a, 0x60, 0x80, 0x4c, 0x40, 0x5, 0x73,
    0xc1, 0x0, 0x12, 0xbd, 0x77, 0x33, 0xa0, 0x3,
    0x5f, 0x7e, 0x63, 0x5c, 0x40, 0x38,

    /* U+591F "够" */
    0x0, 0x2a, 0x80, 0x39, 0xd0, 0x3, 0xa0, 0x40,
    0x31, 0xc7, 0xde, 0x0, 0x10, 0xaf, 0xfd, 0x47,
    0xd3, 0x2, 0x1, 0x4d, 0xff, 0xa8, 0xe2, 0x80,
    0x53, 0x80, 0xcd, 0x76, 0x90, 0xeb, 0x7b, 0xd8,
    0x20, 0x39, 0x79, 0x43, 0x2, 0x93, 0x56, 0x0,
    0xda, 0x40, 0x17, 0x4, 0xb0, 0x7, 0xe1, 0x16,
    0x54, 0x1f, 0x7b, 0x80, 0x8, 0x40, 0x25, 0xdb,
    0xfe, 0x15, 0x0, 0x46, 0xbf, 0x87, 0x54, 0x14,
    0xa1, 0x1, 0x5e, 0x50, 0x95, 0xa4, 0x6b, 0xd8,
    0x1, 0x50, 0x0, 0xac, 0x7, 0xe5, 0xe2, 0x1,
    0xaf, 0x9c, 0x73, 0xb7, 0x42, 0x1, 0xd7, 0xd6,
    0x7f, 0xac, 0x1, 0x80,

    /* U+5927 "大" */
    0x0, 0xf4, 0x48, 0x7, 0xff, 0x4, 0x40, 0x3f,
    0xf8, 0x3, 0xe0, 0x1f, 0xfc, 0x2, 0x10, 0xf,
    0xf, 0xff, 0x24, 0xff, 0xf1, 0xe, 0xee, 0xc0,
    0x6, 0xef, 0x10, 0x11, 0x66, 0x24, 0x41, 0x16,
    0x0, 0xf7, 0x57, 0xd8, 0x7, 0xf2, 0x21, 0x90,
    0x5c, 0x3, 0xe1, 0xa9, 0x10, 0xf8, 0x40, 0xe,
    0x2c, 0x46, 0x0, 0x1c, 0xda, 0x0, 0x4f, 0xa9,
    0x40, 0x19, 0xa6, 0xe4, 0x45, 0xb7, 0x20, 0x1e,
    0x6c, 0x31,

    /* U+5929 "天" */
    0x4, 0x77, 0xd1, 0x7, 0x7c, 0x60, 0x1, 0xee,
    0xce, 0xee, 0xec, 0xe0, 0x5, 0x99, 0xcb, 0x13,
    0x39, 0x0, 0x3f, 0x8, 0x7, 0xc4, 0x5c, 0x9c,
    0x45, 0xc0, 0x39, 0x9c, 0x2f, 0x99, 0xc2, 0x2e,
    0xed, 0x80, 0xf, 0xee, 0xc2, 0x1, 0xd6, 0xad,
    0x0, 0x1f, 0xc6, 0xd1, 0x7, 0x40, 0xf, 0x93,
    0x64, 0x86, 0xa8, 0x80, 0x1d, 0x17, 0xc, 0x0,
    0x4b, 0xb4, 0x8, 0x17, 0x9e, 0xb0, 0x6, 0x5d,
    0x3e, 0x32, 0xdb, 0x20, 0xf, 0x15, 0xe9, 0x80,

    /* U+592A "太" */
    0x0, 0xf4, 0xc0, 0x7, 0xff, 0x38, 0xfc, 0x3,
    0xff, 0x80, 0x22, 0x0, 0xf1, 0x7f, 0xf2, 0x4f,
    0xff, 0x19, 0x7f, 0xee, 0x0, 0x6f, 0xfe, 0x30,
    0xe, 0x52, 0x6a, 0x0, 0xff, 0x72, 0xd3, 0x0,
    0x7f, 0x12, 0xd1, 0xac, 0x0, 0x7e, 0xe3, 0x20,
    0x97, 0x30, 0xf, 0x58, 0x3e, 0x1, 0x4e, 0x98,
    0x4, 0x9a, 0xfb, 0x6d, 0x80, 0xcc, 0xc6, 0x2,
    0xaa, 0x60, 0x85, 0x31, 0x84, 0x54, 0x21, 0x73,
    0x80, 0x6a, 0x30, 0x2, 0xf2, 0x0,

    /* U+592E "央" */
    0x0, 0xf7, 0x10, 0x7, 0xff, 0x2b, 0xbf, 0xe1,
    0xdf, 0xfb, 0x40, 0x3b, 0x7b, 0x81, 0x9d, 0xcb,
    0x30, 0xf, 0x8, 0xf9, 0xc0, 0x3f, 0x84, 0xc0,
    0x3f, 0xe1, 0x1, 0x0, 0xf3, 0xf8, 0xef, 0xf0,
    0x7f, 0xd8, 0x3e, 0xaf, 0xff, 0x95, 0x3, 0xbf,
    0xf2, 0x80, 0x63, 0x59, 0x6b, 0x0, 0xfc, 0x7b,
    0x25, 0x2f, 0x20, 0x1c, 0x31, 0x90, 0xc0, 0xc,
    0x2d, 0x50, 0x2, 0x71, 0xeb, 0x0, 0x43, 0x71,
    0xf, 0x44, 0x6d, 0x90, 0x7, 0x97, 0x74, 0x80,

    /* U+5934 "头" */
    0x0, 0x90, 0x2, 0x97, 0x0, 0xf8, 0x7f, 0x94,
    0x3, 0xfc, 0x37, 0x56, 0x86, 0x1, 0xf1, 0x38,
    0x27, 0x20, 0x8, 0x7, 0xd9, 0xca, 0x0, 0x13,
    0x0, 0xf1, 0x5d, 0x40, 0x83, 0x88, 0x7, 0x88,
    0x8d, 0xe6, 0x46, 0xe4, 0x58, 0xb, 0xff, 0xb4,
    0x3b, 0xff, 0x19, 0x6e, 0xf3, 0x3e, 0xef, 0x18,
    0x7, 0x1b, 0x64, 0x90, 0x7, 0xe4, 0xda, 0x4e,
    0xc8, 0x0, 0xe3, 0xaa, 0x5a, 0x83, 0xf9, 0x69,
    0x80, 0x33, 0x4b, 0xd4, 0x2, 0x1a, 0x8e, 0x0,
    0x77, 0x20, 0x40, 0x3c, 0xba, 0x0,

    /* U+5939 "夹" */
    0x0, 0xf4, 0x48, 0x7, 0xff, 0x26, 0xbb, 0xb3,
    0xb7, 0x76, 0xa0, 0x5, 0xd4, 0x66, 0x15, 0x33,
    0x13, 0xb6, 0x0, 0x16, 0x82, 0x21, 0x98, 0x82,
    0x4c, 0x40, 0x22, 0x55, 0x1, 0xf0, 0x44, 0x0,
    0x30, 0x8b, 0x40, 0x50, 0x8, 0x1c, 0x44, 0x5,
    0xdc, 0x9a, 0xe1, 0x9d, 0x5e, 0xe8, 0x89, 0xff,
    0xa4, 0xca, 0xbf, 0xf1, 0x0, 0x61, 0x89, 0x95,
    0x90, 0x7, 0xc3, 0xa8, 0xa8, 0xde, 0x40, 0x18,
    0x5f, 0xd6, 0x80, 0x11, 0x5b, 0x4, 0x3, 0xf9,
    0xb2, 0x1, 0x9f, 0x4b, 0x4, 0x5d, 0x66, 0x1,
    0xe2, 0xae, 0x10,

    /* U+5957 "套" */
    0x0, 0xf3, 0x88, 0x7, 0xc4, 0x5a, 0x20, 0x64,
    0x5c, 0x0, 0xee, 0xb5, 0xc3, 0xb7, 0x5d, 0xd0,
    0x86, 0x63, 0xc6, 0xff, 0x34, 0xa7, 0x30, 0x20,
    0x8, 0xc1, 0x9d, 0xd7, 0x95, 0x50, 0x80, 0xb8,
    0xdd, 0x37, 0x77, 0xf1, 0x69, 0x96, 0xdf, 0x25,
    0xdf, 0x2c, 0x71, 0x81, 0x80, 0x59, 0x9c, 0xe0,
    0x20, 0x1c, 0x48, 0x9c, 0x40, 0x11, 0x77, 0x24,
    0xb3, 0x77, 0x7f, 0x70, 0x89, 0xdc, 0xa2, 0xce,
    0xe9, 0x6f, 0xb8, 0x40, 0xd, 0xa4, 0xaa, 0xad,
    0x69, 0x80, 0x32, 0xce, 0x6c, 0xc5, 0x77, 0x34,
    0x40,

    /* U+597D "好" */
    0x0, 0xff, 0xe2, 0x44, 0x0, 0x3f, 0xf8, 0x5,
    0xc0, 0x2, 0xee, 0xdf, 0xe0, 0x9, 0x94, 0x0,
    0x59, 0x96, 0x85, 0x82, 0xf9, 0xe7, 0xf8, 0x8,
    0x87, 0xf2, 0x80, 0xb8, 0x5f, 0x8a, 0x1, 0x75,
    0xb0, 0x4, 0xa8, 0xd, 0xa0, 0x10, 0xa8, 0x6,
    0xcc, 0x6, 0x7, 0xfc, 0x3b, 0xfe, 0x40, 0x53,
    0x4, 0x7f, 0xf8, 0x33, 0xfc, 0x81, 0x97, 0xac,
    0x1, 0x84, 0x40, 0x18, 0xf0, 0x90, 0x3, 0xfe,
    0x95, 0x4a, 0x0, 0xfe, 0x84, 0xab, 0xc0, 0xf,
    0xc8, 0x5a, 0x0, 0x60, 0x8f, 0x32, 0x0, 0x92,
    0x84, 0x3, 0x47, 0xe8, 0x6,

    /* U+5982 "如" */
    0x0, 0xff, 0xe2, 0xf, 0x80, 0x7f, 0xf0, 0x8,
    0x80, 0x11, 0xb3, 0x70, 0x4, 0xce, 0x1, 0x5d,
    0xb3, 0x29, 0x5, 0xfa, 0x5f, 0xf4, 0x85, 0x56,
    0x0, 0x2f, 0x9d, 0xfb, 0x88, 0x7, 0xf1, 0xa0,
    0x17, 0x0, 0x7e, 0x33, 0x0, 0x1d, 0x40, 0x3f,
    0x79, 0x0, 0x91, 0x80, 0x7e, 0x81, 0x99, 0x28,
    0x7, 0xf2, 0x7a, 0xbf, 0x0, 0x7f, 0xce, 0x12,
    0x21, 0xe2, 0x30, 0x6, 0xa7, 0xf4, 0x70, 0x7f,
    0xf8, 0x0, 0x3c, 0x1a, 0x12, 0xc1, 0x1d, 0xd1,
    0x80, 0xe5, 0x8, 0x5, 0xe, 0x1, 0x60, 0x0,

    /* U+59CB "始" */
    0x0, 0x32, 0x0, 0x65, 0x60, 0xf, 0x68, 0x7,
    0x41, 0x0, 0x79, 0x94, 0x2, 0x61, 0x46, 0x40,
    0x2, 0xf9, 0x77, 0xa8, 0xc7, 0x82, 0x48, 0x82,
    0xd9, 0xfa, 0xd, 0x2b, 0xaa, 0x16, 0x0, 0xe,
    0xc1, 0xcd, 0x1a, 0x3f, 0xce, 0x44, 0xc, 0x40,
    0x27, 0xfd, 0xca, 0x98, 0xc2, 0x4, 0x73, 0x20,
    0x6c, 0xce, 0x50, 0x5, 0xd6, 0x58, 0x72, 0x77,
    0x4b, 0xc0, 0x4, 0xd0, 0xe0, 0x7, 0x91, 0x42,
    0x1, 0xa5, 0x1d, 0x40, 0x3f, 0xa1, 0xee, 0x80,
    0x1a, 0x67, 0x80, 0x4, 0x78, 0x8, 0xa0, 0xb1,
    0x12, 0x0, 0xa, 0xc4, 0x2, 0x8f, 0xbb, 0xbe,
    0x0,

    /* U+5B50 "子" */
    0x0, 0x57, 0xff, 0xf1, 0x0, 0x57, 0xdd, 0xe7,
    0x9, 0x20, 0x8, 0x47, 0x8e, 0x93, 0x58, 0x3,
    0xf2, 0x6e, 0xb0, 0x80, 0x3f, 0xc4, 0xc0, 0x1e,
    0xcc, 0xeb, 0x2c, 0xce, 0x60, 0x88, 0xe6, 0x8,
    0x8e, 0x40, 0x44, 0xed, 0x24, 0x4e, 0x20, 0xf,
    0xfe, 0xb0, 0x80, 0x7f, 0xdb, 0xf5, 0x40, 0xf,
    0xf6, 0xff, 0x9c, 0x3, 0xc0,

    /* U+5B57 "字" */
    0x0, 0xe1, 0x70, 0xf, 0x84, 0x70, 0x4c, 0x8,
    0xf0, 0x7f, 0xf0, 0xbf, 0xff, 0x0, 0x3f, 0xba,
    0xff, 0x77, 0x58, 0x0, 0x50, 0xbf, 0xff, 0x40,
    0x28, 0x58, 0xdf, 0x76, 0x80, 0xb2, 0xb0, 0xc,
    0x22, 0x3b, 0xce, 0x30, 0x8, 0x47, 0xb4, 0x28,
    0x4, 0x40, 0x9d, 0xdc, 0xb, 0xdd, 0xad, 0x3f,
    0xf8, 0xaf, 0xff, 0x58, 0x7, 0xff, 0x4b, 0x7c,
    0x14, 0x3, 0xfb, 0x7f, 0x44, 0x3, 0x80,

    /* U+5B58 "存" */
    0x0, 0xe8, 0x30, 0xf, 0xf8, 0x5c, 0x80, 0x3e,
    0x1f, 0xfb, 0x83, 0xbf, 0xfc, 0x43, 0xfe, 0xe0,
    0xbf, 0xff, 0x88, 0x2, 0x94, 0x41, 0x17, 0x80,
    0x32, 0x3c, 0x8f, 0xfe, 0xdd, 0x18, 0x0, 0xac,
    0x8, 0x77, 0x58, 0xe7, 0xa6, 0x7, 0x84, 0x80,
    0x19, 0x97, 0x8, 0x2, 0xbb, 0x2, 0x77, 0x50,
    0x1d, 0xd2, 0x9a, 0x80, 0x13, 0xba, 0x84, 0xee,
    0x94, 0x3, 0xf0, 0x88, 0x3, 0xff, 0x99, 0x1f,
    0x18, 0x1, 0xe6, 0xb0, 0x4, 0x7f, 0x30, 0x6,

    /* U+5B66 "学" */
    0x0, 0x18, 0x0, 0x5c, 0x2, 0x13, 0x0, 0xae,
    0x80, 0x69, 0x0, 0x17, 0x60, 0x1, 0xda, 0xa1,
    0xa7, 0x1c, 0xad, 0x98, 0x6f, 0xa7, 0xc1, 0xc,
    0x21, 0xfe, 0x0, 0x36, 0xef, 0xdb, 0x9a, 0x0,
    0x61, 0xee, 0xef, 0xf4, 0x8b, 0x84, 0x7, 0x75,
    0xf2, 0x4f, 0x21, 0x0, 0x1e, 0xed, 0xc8, 0x0,
    0x9b, 0xff, 0x81, 0x7b, 0xfe, 0xe6, 0xff, 0xe1,
    0xbf, 0xfd, 0xc0, 0x1e, 0x37, 0x0, 0xff, 0xe4,
    0x97, 0xf8, 0x48, 0x3, 0xf1, 0x7f, 0xb0, 0x40,
    0x38,

    /* U+5B8C "完" */
    0x0, 0xf5, 0x8, 0x7, 0xe1, 0x1c, 0xd0, 0x23,
    0x80, 0x2e, 0xee, 0x36, 0xee, 0xe0, 0xb, 0x7f,
    0xff, 0x68, 0x7, 0x66, 0xef, 0xa4, 0x3, 0x71,
    0x6e, 0x67, 0xa0, 0xb8, 0x3, 0x8, 0xfe, 0x0,
    0x8f, 0xff, 0xff, 0x80, 0x66, 0xff, 0x96, 0x3f,
    0xc1, 0xff, 0x8c, 0x3, 0x31, 0x0, 0x7f, 0xc4,
    0x68, 0x1, 0xe5, 0x30, 0x1, 0xfc, 0x8, 0x4,
    0x20, 0xc, 0x72, 0xde, 0x87, 0x0, 0x97, 0xbf,
    0xc8, 0x82, 0xfd, 0x50, 0xd, 0x5f, 0xf6, 0x80,

    /* U+5B98 "官" */
    0x0, 0xe5, 0x40, 0xe, 0x33, 0xec, 0xb3, 0x3e,
    0xce, 0xff, 0x90, 0x3f, 0xee, 0xc0, 0xcc, 0xdb,
    0xf9, 0x97, 0x85, 0x97, 0xf7, 0x7b, 0xc2, 0xd0,
    0x7, 0xbb, 0xc2, 0x68, 0x0, 0x1c, 0xcf, 0x8,
    0x7, 0x77, 0x7b, 0x44, 0x2, 0x13, 0x3f, 0x80,
    0x30, 0xff, 0xfd, 0x40, 0x10, 0xf7, 0x7a, 0x40,
    0x30, 0xdd, 0xfa, 0x0, 0x3b, 0xff, 0xca, 0x60,

    /* U+5B9A "定" */
    0x0, 0xf4, 0x10, 0x7, 0xff, 0x0, 0x60, 0x3,
    0xee, 0xff, 0xcc, 0xbf, 0xfb, 0x80, 0x2d, 0xff,
    0xfd, 0xa0, 0x1c, 0xef, 0xf8, 0x40, 0x2e, 0x2e,
    0xea, 0x21, 0xdd, 0x17, 0x0, 0x6b, 0x99, 0x3b,
    0xa6, 0x61, 0x0, 0xed, 0x10, 0x0, 0x80, 0x7e,
    0x30, 0x10, 0x3, 0x77, 0x54, 0x1, 0xac, 0x10,
    0x0, 0xfd, 0xd5, 0x0, 0x66, 0x89, 0x20, 0xf,
    0xe8, 0x57, 0xbc, 0x75, 0x21, 0x0, 0xc8, 0xd4,
    0xd, 0x8a, 0x79, 0xdf, 0xf2, 0x23, 0xc4, 0x0,
    0x55, 0xdc, 0xff, 0xc8,

    /* U+5B9E "实" */
    0x0, 0xe8, 0x30, 0xf, 0xfe, 0x7, 0x80, 0x7a,
    0xff, 0xba, 0x73, 0xee, 0xbf, 0x0, 0x15, 0xb7,
    0xde, 0xbf, 0xdc, 0xa0, 0x1, 0x30, 0xc3, 0x82,
    0x88, 0x1, 0x94, 0x24, 0x89, 0x9c, 0x20, 0x18,
    0xe4, 0x1, 0x18, 0x72, 0x42, 0x1, 0xf4, 0xc2,
    0x2, 0xa0, 0x7, 0xb3, 0x11, 0x59, 0x2b, 0x99,
    0xc3, 0xbb, 0xa4, 0x32, 0xb7, 0x70, 0x8e, 0x4a,
    0xa0, 0xef, 0xb8, 0x88, 0x9, 0xb2, 0x2d, 0x4a,
    0xf3, 0x1c, 0xa0, 0xb9, 0x3a, 0x80, 0x11, 0x56,
    0xe8, 0x0,

    /* U+5BAB "宫" */
    0x0, 0xe9, 0x10, 0xe, 0x11, 0xe2, 0xb1, 0x1e,
    0xfe, 0xec, 0x8b, 0xdd, 0xb0, 0x37, 0xff, 0xf6,
    0x1, 0x86, 0xf7, 0x7b, 0x40, 0x74, 0x89, 0xdd,
    0xde, 0x66, 0xc0, 0x9, 0xc, 0xf2, 0x80, 0x72,
    0xf4, 0xce, 0xe7, 0x0, 0x86, 0xef, 0xe8, 0x10,
    0x6, 0xe6, 0x7e, 0xf0, 0xb, 0xb7, 0x7d, 0xe0,
    0x19, 0x88, 0xbc, 0xc2, 0x0, 0x3a, 0xff, 0xf5,
    0x80, 0x5f, 0xed, 0xdf, 0x7f, 0x80,

    /* U+5BB6 "家" */
    0x0, 0xff, 0xe3, 0x8f, 0x10, 0x7, 0xd5, 0x77,
    0x50, 0xed, 0xde, 0xa0, 0x2, 0x74, 0x45, 0x98,
    0x88, 0xb9, 0x0, 0x24, 0x33, 0xfc, 0xe0, 0x16,
    0x17, 0x73, 0xfe, 0xee, 0x8b, 0x0, 0x4, 0x7e,
    0xc1, 0x1f, 0xdc, 0xd3, 0x20, 0x2, 0x56, 0x7e,
    0xc8, 0x83, 0x6a, 0x80, 0x45, 0xfa, 0xb0, 0x3b,
    0x93, 0xec, 0x1, 0x30, 0x5f, 0x4e, 0x1d, 0x8,
    0x7, 0x56, 0x46, 0x2f, 0x2, 0x35, 0x0, 0x6a,
    0x95, 0xde, 0xd2, 0x18, 0xa, 0x0, 0xaf, 0xb9,
    0x90, 0x64, 0x61, 0x63, 0xa6, 0x11, 0xd0, 0xbf,
    0xb2, 0x1, 0x5c, 0x98, 0x18, 0x1, 0x3f, 0x98,
    0x3, 0x20, 0x0,

    /* U+5BB9 "容" */
    0x0, 0xf3, 0x18, 0x7, 0xc6, 0x89, 0xb7, 0x11,
    0x31, 0x80, 0x37, 0xff, 0x38, 0xff, 0xd1, 0xa0,
    0x15, 0x5e, 0xc6, 0x74, 0x75, 0xf0, 0x5, 0x41,
    0x34, 0x62, 0x65, 0xd6, 0x14, 0x0, 0x1f, 0xc,
    0x1e, 0xc0, 0xbd, 0xc7, 0x0, 0x36, 0xc9, 0x63,
    0xd6, 0x1b, 0x68, 0x80, 0xc, 0xcf, 0x97, 0xb,
    0x3d, 0x22, 0x40, 0x31, 0xf0, 0x35, 0x98, 0x80,
    0x6d, 0xb2, 0x33, 0x58, 0x6f, 0x76, 0xf0, 0xd3,
    0x22, 0x5a, 0x1, 0x17, 0x80, 0xe0, 0x3, 0x84,
    0x7c, 0x1, 0xfb, 0xff, 0xc0, 0x1f, 0x77, 0x7d,
    0xe2, 0x0,

    /* U+5BBD "宽" */
    0x0, 0xff, 0xe4, 0x62, 0x0, 0x7d, 0x77, 0xc7,
    0x77, 0xd2, 0x0, 0x48, 0x99, 0xb7, 0x53, 0x37,
    0xa8, 0x0, 0xcc, 0x41, 0xc4, 0x4e, 0x62, 0x56,
    0x0, 0x62, 0x6e, 0x8f, 0x74, 0x77, 0xb3, 0x40,
    0x12, 0x6e, 0x8f, 0x74, 0x77, 0xb0, 0x1, 0xdd,
    0x85, 0xdc, 0x2a, 0xe2, 0x0, 0xe1, 0xfe, 0xbe,
    0xe8, 0x40, 0x3f, 0xb8, 0x40, 0x3f, 0xf8, 0xd,
    0x62, 0x1, 0xfa, 0x6, 0x11, 0x6, 0x12, 0x74,
    0x60, 0x11, 0x61, 0x48, 0x8, 0x30, 0xb8, 0x8a,
    0xfb, 0xfd, 0x40, 0xd9, 0xff, 0x31, 0xc, 0x75,
    0x18, 0x2, 0x3f, 0xf5, 0x80,

    /* U+5BC4 "寄" */
    0x0, 0xff, 0xe4, 0x53, 0x0, 0x7d, 0xbb, 0xcb,
    0x3b, 0xbb, 0x0, 0x5, 0x99, 0xa6, 0xb3, 0x2e,
    0x20, 0x1, 0x26, 0x65, 0x35, 0x99, 0x29, 0x0,
    0x35, 0x77, 0x50, 0xd, 0xdb, 0xa6, 0xc0, 0xc,
    0x93, 0x17, 0xfe, 0xc6, 0x0, 0x84, 0xf2, 0x82,
    0x5d, 0x7e, 0xad, 0x8c, 0xe, 0x95, 0xc3, 0x6a,
    0xaf, 0x2c, 0xa1, 0x29, 0xc4, 0x33, 0xd3, 0x21,
    0x89, 0x10, 0x6, 0xbc, 0xcc, 0x82, 0x1, 0xfb,
    0x4c, 0xe0, 0xf, 0xf4, 0x6e, 0xc6, 0x1, 0x18,
    0x6, 0xcb, 0xdd, 0xee, 0x31, 0x0, 0xc8, 0x80,
    0xd, 0x9d, 0xa0, 0x10,

    /* U+5BCC "富" */
    0x0, 0xc3, 0x82, 0x1, 0xd3, 0x55, 0x59, 0xf5,
    0x56, 0x97, 0xfe, 0xea, 0xed, 0xdd, 0x63, 0x83,
    0x44, 0x7e, 0x40, 0xe3, 0xaa, 0xfa, 0x4b, 0x80,
    0x6c, 0xcf, 0x82, 0xc0, 0x31, 0x77, 0x76, 0x80,
    0x61, 0xfb, 0xbf, 0x70, 0x5, 0xbb, 0xbf, 0xb7,
    0x6f, 0x0, 0x1e, 0x64, 0x15, 0x99, 0x0, 0x43,
    0x77, 0x4, 0x5d, 0xc0, 0x1b, 0xba, 0xb, 0xee,
    0x80, 0x36, 0x64, 0xff, 0x99, 0x0, 0x5f, 0x11,
    0xfb, 0xc0,

    /* U+5BF8 "寸" */
    0x0, 0xfc, 0x5e, 0x1, 0xff, 0xd4, 0x4f, 0xff,
    0xb4, 0x3f, 0xe4, 0x47, 0x77, 0xd8, 0x1d, 0xd2,
    0x0, 0x81, 0x8, 0xf0, 0x8, 0xc0, 0x12, 0xe9,
    0x0, 0x7f, 0xc9, 0x3e, 0x1, 0xff, 0xc0, 0x71,
    0x80, 0xf, 0xfe, 0x7, 0x60, 0x7, 0xff, 0x0,
    0x90, 0x3, 0xff, 0x84, 0x22, 0x60, 0xf, 0xf1,
    0x77, 0x2d, 0x80, 0x3f, 0x8b, 0xfe, 0x90, 0xc,

    /* U+5BF9 "对" */
    0x0, 0xff, 0x17, 0x0, 0x7f, 0xf1, 0x7b, 0xb7,
    0xb0, 0x7, 0xea, 0xac, 0x0, 0x22, 0x98, 0x48,
    0x41, 0x13, 0x1, 0x7f, 0xd6, 0x1f, 0x20, 0xac,
    0x6, 0x9, 0xbb, 0x87, 0x60, 0x1e, 0xe1, 0x10,
    0xc, 0x60, 0x1e, 0x2c, 0x58, 0xe0, 0x2e, 0x0,
    0xf8, 0x6c, 0x34, 0x10, 0x54, 0x3, 0xeb, 0x57,
    0x50, 0x86, 0x0, 0xf4, 0x8d, 0x4c, 0x2, 0x18,
    0x7, 0x43, 0xe8, 0x36, 0x0, 0x42, 0x1, 0xa,
    0x60, 0x80, 0x4, 0xb, 0xf1, 0xc0, 0x3, 0x84,
    0x1, 0xc5, 0xfe, 0x90, 0x0,

    /* U+5BFC "导" */
    0x2, 0xfb, 0xbf, 0xb6, 0x40, 0x23, 0xb, 0xbf,
    0xa8, 0x3, 0xdf, 0xff, 0x40, 0x7, 0xbf, 0xff,
    0x43, 0x0, 0x4, 0x14, 0x8b, 0xe8, 0xd0, 0xa,
    0xbe, 0x67, 0xbe, 0x42, 0x80, 0x25, 0xab, 0xbe,
    0x28, 0x91, 0x1, 0xff, 0xfc, 0x19, 0xfe, 0x31,
    0xff, 0x24, 0xff, 0xe1, 0xdf, 0xf1, 0x80, 0x55,
    0x6c, 0x1, 0xff, 0xf, 0xe0, 0x7, 0xff, 0x0,
    0xa9, 0x7b, 0x84, 0x40, 0xf, 0xe5, 0xee, 0x60,
    0x6,

    /* U+5C01 "封" */
    0x0, 0xb4, 0xc0, 0x38, 0xb8, 0x3, 0xff, 0x88,
    0x5f, 0xe2, 0xcf, 0x70, 0xf, 0x8b, 0xfc, 0x59,
    0xee, 0xce, 0xeb, 0x17, 0x20, 0xf, 0xbb, 0xa2,
    0xe, 0x8, 0xff, 0x16, 0x7d, 0xc4, 0xcc, 0x32,
    0x51, 0xfe, 0x7e, 0xfb, 0x4b, 0x0, 0xfc, 0xa4,
    0x0, 0x46, 0x30, 0xc, 0x7f, 0xe2, 0xcf, 0x90,
    0xa9, 0x0, 0xc7, 0xfe, 0x2c, 0xf9, 0x6, 0xe0,
    0xf, 0xe3, 0x50, 0x14, 0x0, 0xcb, 0x58, 0x59,
    0xf8, 0x1, 0xf3, 0x77, 0x3f, 0xd9, 0x20, 0x7f,
    0xac, 0x0,

    /* U+5C04 "射" */
    0x0, 0xff, 0xe2, 0xbc, 0x80, 0x70, 0xf0, 0x7,
    0x66, 0x80, 0x7f, 0x93, 0xd2, 0x7d, 0xc0, 0x3f,
    0x97, 0xf5, 0xc1, 0x56, 0x71, 0x52, 0x0, 0x2e,
    0x61, 0xc3, 0xba, 0xa0, 0xe6, 0x0, 0x26, 0x61,
    0x82, 0xee, 0xd1, 0xb4, 0x0, 0x26, 0x61, 0x81,
    0x28, 0x3, 0xc2, 0x99, 0x86, 0x4, 0x64, 0x0,
    0xc7, 0x49, 0xde, 0xc0, 0x8, 0x80, 0x6, 0x3f,
    0xf4, 0x1b, 0x0, 0x12, 0x80, 0x3d, 0x35, 0xa2,
    0x1, 0x30, 0x6, 0x3d, 0x1c, 0x10, 0x10, 0xf,
    0x8f, 0xe0, 0xf9, 0x94, 0x7, 0xfc, 0xe0, 0x11,
    0x1, 0xf7, 0xc, 0x7, 0xfa, 0x40, 0x0,

    /* U+5C06 "将" */
    0x0, 0xb8, 0x40, 0x3, 0xa4, 0x1, 0xfc, 0x5c,
    0x5f, 0xbe, 0xc9, 0x60, 0x3, 0x7c, 0xaf, 0xde,
    0x14, 0x40, 0x40, 0xf, 0xe4, 0x1a, 0x6d, 0x90,
    0x52, 0x9, 0x41, 0x46, 0x56, 0xa8, 0x0, 0x70,
    0x4d, 0x66, 0xdf, 0xac, 0x80, 0x30, 0x86, 0x63,
    0xa0, 0x11, 0x80, 0x29, 0xa, 0x7b, 0xee, 0x8e,
    0xf4, 0x2c, 0xc2, 0x72, 0xfb, 0xa2, 0xbd, 0x52,
    0xa1, 0x3, 0x85, 0x0, 0x8, 0x1, 0x64, 0x2,
    0x1e, 0xb1, 0x0, 0xff, 0x1e, 0x88, 0x1, 0xc0,
    0x3f, 0x1e, 0x78, 0x90, 0x6, 0xe1, 0x0, 0xb3,
    0xf4, 0x40,

    /* U+5C0F "小" */
    0x0, 0xf2, 0x68, 0x7, 0xff, 0x66, 0x4, 0x3,
    0x98, 0xc0, 0x31, 0xb8, 0x80, 0x70, 0xf8, 0x6,
    0x44, 0x0, 0x79, 0xc9, 0x0, 0x2a, 0xe0, 0xf,
    0x9b, 0xc0, 0x6, 0x4a, 0x1, 0xf4, 0xa1, 0x7,
    0xb8, 0x7, 0xe1, 0x4a, 0x16, 0x80, 0xf, 0xec,
    0x31, 0xa0, 0xf, 0xf3, 0xd8, 0x7, 0x84, 0x3,
    0xfe, 0xcf, 0xaa, 0x0, 0x7f, 0xb3, 0xfc, 0xe0,
    0x1e,

    /* U+5C11 "少" */
    0x0, 0xf7, 0x10, 0x7, 0xff, 0x28, 0xa4, 0x3,
    0x86, 0x0, 0x3a, 0xc4, 0x3, 0x85, 0x14, 0x2,
    0x17, 0x90, 0xf, 0x75, 0x88, 0x2, 0xd8, 0x40,
    0x3c, 0x4f, 0x0, 0x6f, 0x0, 0x1f, 0xa1, 0x40,
    0xf4, 0x3, 0xf4, 0x1e, 0x0, 0x7c, 0xe6, 0x12,
    0x84, 0x1, 0xfa, 0x4e, 0xcb, 0x40, 0x3f, 0x25,
    0x66, 0x2c, 0x40, 0x22, 0x57, 0xbe, 0x9d, 0xf7,
    0x0, 0xe7, 0x9e, 0xdc, 0xd7, 0x10, 0xf, 0x0,

    /* U+5C31 "就" */
    0x0, 0xff, 0xe2, 0xda, 0x0, 0x6c, 0x31, 0x0,
    0xed, 0xe0, 0xe, 0x7c, 0x10, 0x3f, 0xf4, 0xaf,
    0xf8, 0x80, 0x5a, 0x2c, 0xf, 0xff, 0xc6, 0x44,
    0x17, 0xf0, 0x3, 0xf7, 0x68, 0x87, 0x87, 0x7c,
    0x20, 0x7c, 0xf7, 0x20, 0x67, 0x43, 0x76, 0x40,
    0x6, 0xbb, 0xb0, 0x0, 0x47, 0xc0, 0x1a, 0xf2,
    0xe7, 0x28, 0x1d, 0x40, 0x38, 0xba, 0x9f, 0xc4,
    0x33, 0xc0, 0x39, 0xc0, 0x2c, 0xb0, 0x77, 0x0,
    0x75, 0x50, 0x0, 0xa4, 0xa8, 0x20, 0x2, 0x51,
    0x62, 0x1, 0xb, 0x89, 0x0, 0x9b, 0x6, 0x9e,
    0x34, 0x26, 0x8c, 0x13, 0x67, 0x40, 0xf, 0xca,
    0x12, 0xe0, 0xa, 0xdd, 0x20,

    /* U+5C3A "尺" */
    0x0, 0x47, 0xff, 0xf0, 0x7, 0x2f, 0xff, 0xb8,
    0x3, 0xc6, 0x1, 0xe1, 0x0, 0xff, 0xe4, 0x36,
    0xed, 0xdb, 0xb0, 0x7, 0xa, 0x77, 0x46, 0x9d,
    0xcc, 0x0, 0xc5, 0xa6, 0x74, 0x29, 0x9c, 0x1,
    0x98, 0x80, 0x25, 0x24, 0x0, 0xe2, 0x22, 0x0,
    0x6b, 0x91, 0x0, 0xca, 0x80, 0x1c, 0xaf, 0x82,
    0x0, 0x19, 0xf0, 0xf, 0x53, 0xfc, 0x9, 0x3a,
    0x0, 0x7d, 0x54, 0x21,

    /* U+5C40 "局" */
    0x0, 0x7f, 0xbb, 0xbe, 0xb0, 0xd, 0xdd, 0xf5,
    0x0, 0x71, 0x88, 0xfc, 0x1, 0xdf, 0xbb, 0xe9,
    0x30, 0xd, 0xb9, 0x9f, 0x40, 0x0, 0x43, 0xff,
    0xfa, 0x80, 0xcb, 0xff, 0xf4, 0x98, 0x3b, 0x7,
    0xf7, 0x6c, 0x1, 0x10, 0x66, 0x0, 0x1d, 0xd6,
    0x80, 0x3f, 0xc0, 0xe8, 0x0, 0x33, 0x98, 0x0,
    0x42, 0xe6, 0x60, 0x4, 0xcd, 0xe8, 0xe, 0x49,
    0x20, 0x8, 0xaa, 0xcb, 0xe2, 0x80,

    /* U+5C42 "层" */
    0x2, 0xfe, 0xef, 0xde, 0x80, 0x10, 0xf7, 0x7e,
    0x30, 0xc, 0x37, 0x7f, 0x8c, 0x3, 0xa2, 0x3f,
    0x62, 0x0, 0x42, 0x62, 0x3f, 0x80, 0x31, 0x84,
    0x77, 0x7c, 0x1, 0x30, 0x85, 0x66, 0x7c, 0x1,
    0xb, 0xd7, 0x73, 0xfd, 0xdd, 0xc0, 0xd, 0x3a,
    0xeb, 0x2f, 0xed, 0x8e, 0xe0, 0x1, 0x30, 0xa,
    0xf8, 0x0, 0x50, 0x60, 0x3, 0x24, 0x2d, 0x3b,
    0x9a, 0xa0, 0xe0, 0x5, 0x20, 0xe3, 0x5b, 0xa9,
    0x97, 0x2a, 0x80, 0xdc, 0x17, 0x9d, 0x50, 0xc8,
    0x69, 0x40,

    /* U+5C45 "居" */
    0x0, 0x7f, 0xff, 0x98, 0x3, 0x77, 0xff, 0xc8,
    0x1, 0xd1, 0x1f, 0x98, 0x3, 0xbb, 0xb0, 0xbf,
    0x72, 0xd0, 0x3, 0x3b, 0x35, 0xa6, 0xcd, 0x10,
    0x6, 0xff, 0xd6, 0x7f, 0xf9, 0x40, 0x43, 0xff,
    0x59, 0xff, 0xe5, 0x3, 0x20, 0x66, 0xb8, 0xd9,
    0xa0, 0x9, 0xdc, 0x13, 0xdc, 0x27, 0xee, 0x48,
    0x80, 0x33, 0x0, 0x8, 0x8f, 0x0, 0x67, 0x70,
    0x0, 0x47, 0xc0, 0x12, 0xb8, 0x80, 0x33, 0x3c,
    0x1, 0x2c, 0x80, 0x3f, 0x77, 0xde, 0x20,

    /* U+5C4F "屏" */
    0x1, 0xfe, 0xef, 0xdf, 0x60, 0x1b, 0xbb, 0xf4,
    0x80, 0x77, 0x77, 0xe9, 0x0, 0xee, 0xe3, 0xef,
    0x74, 0xd5, 0x60, 0x1e, 0xfb, 0x0, 0xb, 0x20,
    0x6, 0x14, 0xe9, 0x7e, 0xe8, 0x7f, 0x84, 0xc,
    0xc9, 0xdc, 0x1e, 0xe5, 0x9f, 0x70, 0x41, 0x84,
    0x0, 0x60, 0x1f, 0xc4, 0xd3, 0xda, 0x3d, 0xcb,
    0x3e, 0xe3, 0x86, 0x62, 0x79, 0x5f, 0xb9, 0x67,
    0xdc, 0x71, 0x57, 0x8, 0x49, 0x0, 0xf9, 0x5c,
    0x60, 0xfc, 0x40, 0x3e,

    /* U+5C55 "展" */
    0x0, 0x7f, 0xbb, 0xbe, 0xf3, 0x0, 0xdf, 0xdd,
    0xf1, 0x0, 0x77, 0xf7, 0x7c, 0x40, 0x1d, 0xfd,
    0xb5, 0xdc, 0x8f, 0xf1, 0x80, 0x61, 0x2a, 0xf2,
    0x24, 0xa1, 0x8, 0x0, 0x41, 0x25, 0x92, 0x64,
    0x17, 0x28, 0x0, 0x31, 0x5b, 0x96, 0xbb, 0x16,
    0x5a, 0x80, 0x4, 0xb3, 0xe5, 0xbf, 0xc5, 0x9b,
    0xa1, 0x5, 0x6c, 0xa5, 0xfd, 0x2f, 0xa1, 0xc1,
    0xc, 0xc0, 0x6, 0x2a, 0xff, 0x70, 0x80, 0xaa,
    0x6, 0xbb, 0x57, 0xbb, 0x38, 0x1, 0x14, 0x81,
    0xcc, 0x66, 0x21, 0xdc, 0xd0, 0x5a, 0x0, 0x7f,
    0x39, 0x80, 0xe, 0xf4, 0x0,

    /* U+5C5E "属" */
    0x0, 0x7e, 0xef, 0xef, 0x60, 0xb, 0x77, 0xf2,
    0x80, 0x6d, 0xdf, 0xce, 0x60, 0x16, 0xc5, 0xd9,
    0x9d, 0xcd, 0xa, 0x2, 0x1, 0x19, 0x26, 0x5d,
    0x94, 0x3, 0xaf, 0xf8, 0x22, 0xeb, 0xc0, 0x6,
    0x40, 0xf, 0xf0, 0x3f, 0xf8, 0x2, 0x61, 0xa,
    0x0, 0xf5, 0x0, 0xd, 0x5a, 0x66, 0x6, 0x99,
    0x55, 0x86, 0x60, 0x57, 0x30, 0x96, 0x9d, 0x42,
    0x48, 0x80, 0x1c, 0xc2, 0x4a, 0x61, 0x80, 0xc0,
    0x80, 0xe6, 0x3f, 0x70, 0xab, 0x0,

    /* U+5C71 "山" */
    0x0, 0xe2, 0xe0, 0xf, 0xfe, 0x89, 0xd0, 0x7,
    0xe7, 0x7c, 0x1, 0xfb, 0xfc, 0x1, 0xff, 0xfd,
    0x2f, 0xfb, 0x47, 0xfe, 0x70, 0x4e, 0xef, 0xe6,
    0x0,

    /* U+5CF0 "峰" */
    0x0, 0xff, 0xe1, 0x24, 0x80, 0x6e, 0x20, 0xf,
    0xf3, 0x8c, 0xdf, 0x18, 0x10, 0x0, 0x40, 0xe1,
    0x74, 0xc4, 0x83, 0xc0, 0x12, 0xda, 0xce, 0x88,
    0xa1, 0x0, 0xe3, 0xa9, 0x4d, 0x55, 0x0, 0x78,
    0x5a, 0x52, 0x12, 0xd4, 0x3, 0xb6, 0x73, 0x6b,
    0x7b, 0xc8, 0x3, 0x6e, 0xba, 0xcb, 0x3b, 0x48,
    0x3, 0x97, 0x74, 0x17, 0xa6, 0x0, 0x13, 0x30,
    0x9, 0x98, 0x8, 0xd8, 0xa, 0x95, 0x7, 0xa6,
    0x41, 0x32, 0xe1, 0xce, 0xf9, 0x16, 0x68, 0x1d,
    0x98, 0x6, 0x20, 0xc9, 0x55, 0x5, 0xd5, 0x4,

    /* U+5D4C "嵌" */
    0x0, 0xf2, 0xd8, 0x7, 0xc7, 0xc0, 0x1f, 0x9a,
    0x80, 0x21, 0xaa, 0xc9, 0x55, 0x80, 0x21, 0x79,
    0x96, 0x4e, 0x16, 0x4f, 0xc0, 0x1, 0x9c, 0xcd,
    0xc2, 0x6a, 0x20, 0x6, 0x15, 0xb0, 0xdd, 0x3c,
    0x39, 0x5c, 0x42, 0xdd, 0x68, 0x33, 0xa, 0xe6,
    0x6d, 0xcb, 0x44, 0x0, 0x80, 0x88, 0xbf, 0xd4,
    0x54, 0xc, 0x40, 0x17, 0x71, 0xc3, 0xd9, 0x84,
    0x18, 0x1, 0xbb, 0x8e, 0x8, 0x18, 0x6, 0x20,
    0x1f, 0xc4, 0xf3, 0xe0, 0x1d, 0xfe, 0x70, 0x1f,
    0xa6, 0x64, 0x0, 0x6f, 0xf3, 0x85, 0x42, 0x5,
    0x12, 0x82, 0x78, 0x2, 0x1e, 0xd4, 0x2, 0xa5,

    /* U+5DE5 "工" */
    0x2, 0x2f, 0xf8, 0x40, 0x13, 0x99, 0xb7, 0x59,
    0x99, 0x0, 0x17, 0xdd, 0x8a, 0xbb, 0xb2, 0x80,
    0x7f, 0xff, 0xc0, 0x3f, 0xf9, 0x8f, 0xff, 0xc5,
    0x5f, 0xfc, 0x2f, 0xdd, 0xff, 0xc0, 0x10,

    /* U+5DE6 "左" */
    0x0, 0xe7, 0x10, 0xf, 0xfe, 0x4, 0x0, 0x7f,
    0xf0, 0x10, 0x44, 0x1, 0xfb, 0xfe, 0xb1, 0xff,
    0xf8, 0x1, 0xff, 0x1d, 0x7f, 0xfc, 0x1, 0x84,
    0xd4, 0x3, 0xfe, 0x72, 0x77, 0xf9, 0x0, 0x34,
    0x57, 0xfb, 0x23, 0xfe, 0x10, 0x9, 0xc9, 0xe2,
    0x12, 0x31, 0x12, 0x80, 0x6, 0x7c, 0x3, 0xfe,
    0xd6, 0x30, 0xf, 0xf2, 0xb4, 0x34, 0x45, 0x23,
    0x11, 0x89, 0x68, 0x29, 0xde, 0x40, 0x77, 0xcc,

    /* U+5DF2 "已" */
    0xdf, 0xff, 0xe7, 0x0, 0x6f, 0xff, 0xe5, 0x0,
    0xcc, 0x1, 0xff, 0xc, 0x80, 0x7f, 0xf0, 0x44,
    0x7f, 0x0, 0x77, 0x77, 0xc8, 0x1, 0xdf, 0xff,
    0x49, 0x80, 0x7f, 0xcc, 0x80, 0x1f, 0xfc, 0x19,
    0x11, 0x0, 0x7f, 0x98, 0x2, 0x40, 0xf, 0xc,
    0x10, 0x84, 0xd7, 0xff, 0xb9, 0x78, 0x0,

    /* U+5DF4 "巴" */
    0x3f, 0xff, 0xf0, 0x80, 0x7, 0xfe, 0x2c, 0xff,
    0x80, 0x3f, 0xfb, 0xe3, 0xff, 0x16, 0x7f, 0xc0,
    0x18, 0x7f, 0xff, 0x18, 0x80, 0x7f, 0xd8, 0x1,
    0xff, 0xc1, 0x30, 0xf, 0xfe, 0x6, 0x99, 0x9,
    0x80, 0x7c, 0xa2, 0x63, 0x1b, 0xff, 0xf5, 0xd0,
    0x0,

    /* U+5E02 "市" */
    0x0, 0xe2, 0x90, 0xf, 0xfe, 0x1, 0x3a, 0x80,
    0x79, 0x26, 0x78, 0x6e, 0x67, 0x81, 0xff, 0xf8,
    0x13, 0xff, 0x80, 0xd9, 0xb8, 0xb9, 0x9b, 0x80,
    0x2e, 0xff, 0x8a, 0xff, 0xf0, 0x80, 0x6c, 0xee,
    0xd, 0x77, 0x40, 0x1e, 0x11, 0x8c, 0x47, 0x0,
    0x7f, 0xf6, 0xd3, 0x30, 0x22, 0x0, 0xa8, 0x80,
    0x32, 0x7f, 0xb8, 0x3, 0x20, 0x7, 0x8c, 0xc0,
    0x10,

    /* U+5E03 "布" */
    0x0, 0xe8, 0x70, 0xf, 0xfe, 0x3, 0x20, 0x7,
    0xc3, 0xbb, 0x78, 0xf6, 0xef, 0x88, 0x7b, 0xa0,
    0x6e, 0xef, 0x88, 0xc, 0xce, 0x32, 0x7e, 0x26,
    0x78, 0x2, 0x1a, 0x80, 0x1, 0x8, 0x7, 0xd4,
    0x33, 0xfe, 0x1c, 0xff, 0x98, 0x1, 0x6e, 0x1b,
    0xfe, 0x1c, 0xff, 0x28, 0x1, 0x5f, 0x44, 0x3,
    0xfc, 0xb8, 0x20, 0x1f, 0xfd, 0x5, 0x0, 0xe9,
    0xe6, 0x40, 0xd, 0x64, 0x1, 0xa7, 0xb0, 0x80,

    /* U+5E26 "带" */
    0x0, 0xf, 0x0, 0x31, 0x0, 0x1e, 0x1, 0xff,
    0xc5, 0x4e, 0xe0, 0xf7, 0xe, 0xfb, 0x81, 0xfc,
    0x88, 0xee, 0xf, 0x70, 0xef, 0xb8, 0x1f, 0xc8,
    0x1, 0x40, 0x8a, 0x58, 0x45, 0x2, 0x1, 0x76,
    0x5e, 0x62, 0xb7, 0x31, 0x5f, 0xc0, 0x16, 0x6e,
    0xc5, 0x7b, 0xb6, 0x0, 0x4c, 0xf9, 0x91, 0x5e,
    0x63, 0xed, 0x80, 0x10, 0xd, 0xdc, 0x9, 0xee,
    0x30, 0x40, 0x6, 0x32, 0x2f, 0x70, 0x7, 0xff,
    0x20, 0x40, 0x30, 0xf5, 0x68, 0x6, 0x68, 0x0,
    0xc3, 0xda, 0x80, 0x0,

    /* U+5E27 "帧" */
    0x0, 0xff, 0xe1, 0xf0, 0x7, 0x78, 0x7, 0xff,
    0x6, 0xee, 0x53, 0x30, 0x9a, 0x0, 0x68, 0x89,
    0x37, 0x83, 0xac, 0x15, 0x40, 0xcc, 0x1, 0x3d,
    0x1d, 0x20, 0xac, 0x6c, 0xff, 0x0, 0x7c, 0x33,
    0x93, 0x20, 0xf, 0xf5, 0x88, 0x7, 0xff, 0x30,
    0x44, 0x1, 0xe8, 0x60, 0x1, 0x10, 0x3, 0x70,
    0x2, 0x6c, 0x2a, 0x69, 0x4b, 0x80, 0xc0, 0x2,
    0x7, 0x2, 0xe5, 0x88, 0x1, 0xc7, 0xd3, 0x40,
    0xf9, 0x85, 0x0, 0x70, 0x1e, 0xa8, 0x4, 0x34,
    0xa0,

    /* U+5E2E "帮" */
    0x0, 0x8b, 0x80, 0x3f, 0xce, 0xe8, 0x17, 0x72,
    0xcf, 0xf7, 0xf8, 0x40, 0xcd, 0xa0, 0x66, 0x60,
    0x9e, 0x58, 0x10, 0xe9, 0x80, 0x99, 0x8, 0x0,
    0xdd, 0xc0, 0xa, 0xdc, 0x2d, 0xd1, 0x0, 0xe,
    0x30, 0x7, 0xb9, 0x85, 0xdc, 0xa0, 0x9, 0x48,
    0x83, 0xda, 0x5d, 0xd5, 0x0, 0xe6, 0x91, 0x1,
    0xe3, 0xc4, 0x26, 0xc0, 0x73, 0x70, 0x0, 0xee,
    0xce, 0xe3, 0x23, 0xc7, 0x7a, 0x0, 0x45, 0xbf,
    0xe5, 0x3f, 0xf8, 0xc4, 0x3, 0x8, 0xc6, 0xe2,
    0x33, 0x80, 0x7f, 0xd5, 0x8a, 0xc0, 0x16, 0x10,
    0x7, 0x5e, 0xf1, 0x80,

    /* U+5E38 "常" */
    0x8, 0x40, 0x6, 0x20, 0x1, 0x98, 0x0, 0xd9,
    0x0, 0xe2, 0x84, 0x8, 0xc0, 0x99, 0x1c, 0x4c,
    0x15, 0xc3, 0x7c, 0x66, 0x2a, 0x73, 0xe7, 0xd8,
    0x1f, 0xa6, 0x7d, 0xee, 0x10, 0x2b, 0xb9, 0x9b,
    0xdc, 0x61, 0x80, 0x13, 0x11, 0xa8, 0x0, 0xc0,
    0xc, 0xbb, 0x30, 0xdd, 0x78, 0x5, 0x9d, 0xfe,
    0x16, 0xff, 0x77, 0x80, 0xb, 0xfe, 0x16, 0xff,
    0x80, 0x31, 0x9c, 0xbe, 0x67, 0x0, 0x7f, 0x88,
    0x80, 0x12, 0x0, 0x7a, 0x26, 0x0,

    /* U+5E45 "幅" */
    0x1, 0xd0, 0xf, 0xfe, 0x1e, 0xf7, 0x79, 0x0,
    0x3b, 0x7f, 0xfb, 0x93, 0xf8, 0xbf, 0xcb, 0xfb,
    0xbc, 0x5, 0xc5, 0xe6, 0x9, 0x99, 0x68, 0x7,
    0xe4, 0xdd, 0xb0, 0x3, 0xe5, 0xed, 0xde, 0x0,
    0xf6, 0x6e, 0xbf, 0x76, 0x10, 0xe, 0x3d, 0xd0,
    0xee, 0x94, 0xc0, 0x2b, 0x70, 0xbb, 0xd, 0xd9,
    0xc2, 0x40, 0x15, 0x61, 0x32, 0x9, 0x92, 0x82,
    0x0, 0x4, 0x0, 0x44, 0x12, 0x28, 0x3, 0xed,
    0xd0, 0xee, 0x9c, 0x0,

    /* U+5E55 "幕" */
    0x0, 0x87, 0x40, 0x23, 0xd0, 0xc, 0x3d, 0xd1,
    0x77, 0x58, 0x5d, 0xd0, 0x8b, 0xb9, 0xf1, 0xdd,
    0xa7, 0xba, 0x10, 0x6, 0xe6, 0x2e, 0xea, 0xdc,
    0xc0, 0x7, 0x26, 0xef, 0x94, 0x3, 0xdc, 0xab,
    0xee, 0x0, 0xe7, 0xdd, 0xa2, 0x36, 0x28, 0x1,
    0x1b, 0xc, 0x57, 0x76, 0x3d, 0xf6, 0x7, 0x3e,
    0x72, 0xe9, 0x3, 0x6b, 0x32, 0x2, 0xd7, 0x0,
    0x40, 0x4c, 0x19, 0x51, 0x3, 0xa4, 0x26, 0xe8,
    0x37, 0x63, 0x9c, 0x6, 0xc3, 0x0, 0x84, 0x3,
    0x2d, 0x0, 0x4e, 0x40, 0x18, 0x71, 0x8c, 0x0,

    /* U+5E73 "平" */
    0x0, 0xff, 0xe1, 0xe7, 0xff, 0xf9, 0x0, 0x19,
    0xdc, 0xff, 0x15, 0x7f, 0xb3, 0x90, 0x2, 0x98,
    0x0, 0x8, 0x80, 0x18, 0x40, 0x1a, 0x58, 0x3,
    0x99, 0xc, 0x3, 0x9, 0xa8, 0x6, 0xb8, 0x0,
    0xf7, 0x28, 0x6, 0xe3, 0x0, 0x9f, 0xfd, 0xbf,
    0xe3, 0xbf, 0xcf, 0xf8, 0x1f, 0xbb, 0x86, 0x7b,
    0xb8, 0x0, 0x23, 0xc4, 0x41, 0x1e, 0x0, 0xff,
    0xef, 0x80,

    /* U+5E74 "年" */
    0x0, 0x92, 0x0, 0x3f, 0xf8, 0x1e, 0x2, 0x3f,
    0x0, 0x64, 0x43, 0xf7, 0x7d, 0x20, 0x1, 0x9a,
    0xff, 0x87, 0x7f, 0xe9, 0x0, 0x6b, 0xa8, 0x7,
    0xfd, 0x75, 0xff, 0x87, 0x7f, 0xe4, 0x0, 0x38,
    0x3, 0xbf, 0xc1, 0x9f, 0xf2, 0x0, 0x70, 0x80,
    0x4, 0x40, 0x1f, 0xfc, 0x75, 0xff, 0x7, 0xfc,
    0x3b, 0xff, 0x91, 0x7f, 0xfc, 0x1b, 0xff, 0x90,
    0x3, 0xe1, 0x0, 0xff, 0xe4, 0x0,

    /* U+5E76 "并" */
    0x0, 0xa5, 0x0, 0x32, 0x50, 0x7, 0xb6, 0x80,
    0x37, 0xe8, 0x7, 0x91, 0x20, 0x1, 0xab, 0x80,
    0x6c, 0xff, 0x2d, 0xff, 0xb0, 0x7f, 0xda, 0x0,
    0xcf, 0xf0, 0x77, 0xfc, 0x1d, 0xfa, 0x1, 0xff,
    0xd1, 0x4f, 0xf8, 0x3b, 0xfe, 0xe, 0xff, 0x22,
    0x3f, 0xd6, 0x1f, 0xf7, 0x6, 0xff, 0x90, 0x2,
    0xc5, 0x0, 0x84, 0xc, 0x3, 0x85, 0xb8, 0x3,
    0xfc, 0x78, 0xe8, 0x1, 0xfe, 0xea, 0x90, 0xf,
    0xfb, 0x5c, 0x3, 0xde, 0x20, 0x10,

    /* U+5E8F "序" */
    0x0, 0xfa, 0x0, 0x3f, 0x8, 0x6, 0x57, 0x0,
    0xf2, 0xf7, 0x71, 0x47, 0x76, 0x40, 0x2, 0x77,
    0x6f, 0xf7, 0x76, 0x40, 0x8, 0x7b, 0xbd, 0xf4,
    0x1, 0xc3, 0xd5, 0x7d, 0xea, 0xd4, 0x1, 0x84,
    0x0, 0xa7, 0x9d, 0xb2, 0x1, 0x8c, 0x23, 0xbe,
    0xc, 0x27, 0xbf, 0xc2, 0x2, 0x51, 0xdd, 0x61,
    0x7f, 0x24, 0x88, 0x77, 0x0, 0x3e, 0x83, 0x60,
    0x2, 0x28, 0x7, 0xd1, 0x0, 0x1, 0x19, 0x80,
    0x3f, 0xe6, 0x60, 0x5, 0x9f, 0xaa, 0x1, 0xc9,
    0x0, 0x16, 0x7f, 0x40, 0x7, 0x0,

    /* U+5E93 "库" */
    0x0, 0xf1, 0xa0, 0x7, 0xe3, 0x22, 0x9a, 0xc8,
    0xb8, 0x0, 0xb9, 0xff, 0x40, 0x67, 0xfe, 0x10,
    0x2, 0x6e, 0xc9, 0x5d, 0xbb, 0x84, 0x2, 0x8e,
    0xf6, 0xae, 0xec, 0xe0, 0x1a, 0x39, 0x99, 0xf5,
    0xfd, 0xc7, 0x0, 0xe2, 0x78, 0xa, 0x30, 0xf,
    0x8, 0x68, 0xee, 0xe, 0x64, 0x40, 0x2, 0x30,
    0x9d, 0xee, 0x5, 0x77, 0x8, 0x1, 0xdc, 0x6,
    0x22, 0x81, 0x88, 0x80, 0x12, 0x9f, 0xff, 0x6,
    0xff, 0xc4, 0x43, 0x4f, 0xfe, 0x1d, 0xff, 0x89,
    0xdc, 0x1, 0xff, 0xc0, 0x58, 0x0, 0xf7, 0x10,
    0x6,

    /* U+5E94 "应" */
    0x0, 0xf1, 0xd0, 0x7, 0xff, 0x0, 0xd0, 0xc0,
    0x3c, 0x9f, 0xfc, 0x39, 0xff, 0x88, 0x4, 0xff,
    0xff, 0xc4, 0x1, 0x84, 0x6, 0xc0, 0x2a, 0x50,
    0xc, 0x5e, 0x2, 0xa4, 0x0, 0x57, 0x0, 0x9c,
    0x88, 0x80, 0x88, 0x4, 0x22, 0x0, 0x75, 0xf0,
    0x66, 0x3, 0xac, 0x2, 0x22, 0x2, 0xa0, 0x28,
    0x89, 0x18, 0x2, 0xee, 0x1, 0x38, 0x9d, 0xcb,
    0x0, 0x65, 0x30, 0x4, 0x88, 0x13, 0x40, 0x4,
    0x46, 0xb9, 0x9d, 0xa3, 0x99, 0x20, 0xb8, 0xc4,
    0x75, 0xda, 0x22, 0x50,

    /* U+5E95 "底" */
    0x0, 0xf1, 0x28, 0x7, 0xe3, 0x22, 0x86, 0x90,
    0x8b, 0x0, 0x17, 0x3f, 0xee, 0xa, 0xff, 0xc8,
    0x0, 0x4d, 0xdb, 0x31, 0x56, 0xb5, 0xa8, 0x1,
    0xbf, 0x75, 0x17, 0x5c, 0x80, 0x1f, 0x6e, 0x5a,
    0xcb, 0x18, 0x7, 0xf8, 0xc8, 0x3, 0xc2, 0x0,
    0xff, 0x9a, 0x3f, 0xd4, 0x0, 0x23, 0x0, 0x7f,
    0xd8, 0x7f, 0xea, 0x0, 0x7f, 0x0, 0x65, 0x32,
    0x10, 0xc, 0x86, 0x1, 0xb1, 0x9d, 0x82, 0xc,
    0x4d, 0x4, 0x2f, 0x6a, 0xed, 0x26, 0x8e, 0x8c,
    0xc, 0x1f, 0xa6, 0xa1, 0x5a, 0x8, 0xb2, 0xf,
    0xe8, 0x0, 0x82, 0x4e, 0xc0,

    /* U+5E97 "店" */
    0x0, 0xf2, 0xb0, 0x7, 0xe1, 0x0, 0x9a, 0x44,
    0x3, 0xc9, 0xdf, 0xf6, 0x7, 0x7f, 0xe3, 0x0,
    0x17, 0xfe, 0x6f, 0xfe, 0x30, 0xf, 0xb, 0x0,
    0x7f, 0xf0, 0xbb, 0xb4, 0x0, 0x42, 0x1, 0xdd,
    0xda, 0x0, 0x3f, 0xf8, 0x84, 0xc1, 0xfe, 0xe0,
    0xff, 0xc2, 0x0, 0xf2, 0x0, 0x7f, 0xf8, 0x3,
    0x2e, 0x80, 0x7f, 0xc6, 0x64, 0x0, 0x66, 0x78,
    0x2, 0x65, 0x10, 0x7, 0x77, 0x80, 0x25, 0xa0,
    0x7, 0x91, 0x7b, 0xc4, 0x0,

    /* U+5EA6 "度" */
    0x0, 0xf1, 0x30, 0x7, 0xe3, 0x22, 0x9a, 0x50,
    0x8b, 0x0, 0xf, 0x3f, 0xd9, 0x21, 0x7f, 0x9f,
    0xe3, 0x0, 0x16, 0xe8, 0xfb, 0xfd, 0x81, 0xba,
    0x30, 0xb, 0x74, 0x59, 0xba, 0xe1, 0xdd, 0x10,
    0x0, 0x77, 0x45, 0x9b, 0xae, 0x1d, 0xd1, 0x3,
    0x80, 0x69, 0x88, 0x80, 0x3c, 0xe0, 0xe, 0xe6,
    0x63, 0x74, 0x1, 0x88, 0x67, 0x75, 0x33, 0xb3,
    0xc0, 0x2e, 0x29, 0xf0, 0xed, 0xd6, 0x1c, 0x0,
    0x47, 0xa0, 0x5b, 0xd3, 0x19, 0x4e, 0x0, 0x14,
    0x41, 0x22, 0x5, 0x9c, 0x40, 0xc4, 0x9, 0x8f,
    0xb4, 0x3f, 0xe8, 0x19, 0xf2,

    /* U+5EB7 "康" */
    0x0, 0xf2, 0xc8, 0x7, 0xc5, 0x91, 0x16, 0x35,
    0x44, 0x60, 0x3, 0x9f, 0x75, 0xe0, 0x5d, 0xd8,
    0x2, 0x52, 0xee, 0x80, 0xbb, 0xa6, 0x0, 0xcb,
    0x77, 0x6, 0x5d, 0x9c, 0x3, 0x36, 0xff, 0xc1,
    0x3f, 0xe0, 0xe5, 0x0, 0x36, 0x66, 0x1d, 0xcc,
    0x7, 0xa8, 0x19, 0x9f, 0x32, 0x1c, 0xc8, 0x4,
    0x1, 0xdc, 0xa, 0xcc, 0x3, 0x66, 0x18, 0xc0,
    0x4, 0x2f, 0xf2, 0x60, 0xd3, 0xbc, 0x60, 0x7,
    0x41, 0xe4, 0xa0, 0xd4, 0x66, 0x0, 0x8, 0xdf,
    0x3, 0x24, 0x45, 0xba, 0xcc, 0x13, 0x4a, 0xeb,
    0xe6, 0x91, 0x1, 0xb7, 0xc9, 0x1c, 0x2, 0xdd,
    0x60, 0x6, 0x30,

    /* U+5EFA "建" */
    0x0, 0xfd, 0xc2, 0x1, 0x87, 0xfe, 0x95, 0xaa,
    0xe, 0xd5, 0x0, 0x3, 0xfe, 0x18, 0x48, 0x80,
    0x7c, 0x20, 0x80, 0x4e, 0xe4, 0xcf, 0xf0, 0x6f,
    0x8f, 0x80, 0xa, 0x61, 0x77, 0x61, 0xfd, 0x2f,
    0x0, 0x60, 0xf4, 0xc6, 0xe8, 0x7b, 0x48, 0x2,
    0xff, 0x3f, 0x46, 0xe8, 0x7b, 0x7c, 0x40, 0x12,
    0x4, 0x73, 0x98, 0x1f, 0xcc, 0x30, 0x4, 0xa8,
    0x89, 0xcc, 0xf, 0xe6, 0x18, 0x1, 0x54, 0x24,
    0xdd, 0x87, 0xf7, 0x61, 0x2, 0x3, 0x4d, 0xd8,
    0x7f, 0x76, 0x10, 0x63, 0x7d, 0x62, 0xa, 0x10,
    0xc, 0x71, 0xd1, 0xfe, 0xee, 0x5f, 0xfe, 0x23,
    0xf2, 0x2, 0x9c, 0xef, 0xfe, 0x20,

    /* U+5F00 "开" */
    0xc, 0xff, 0xff, 0x68, 0x3, 0x3f, 0xc3, 0xbf,
    0xf0, 0x6f, 0xe8, 0x7, 0xff, 0x7d, 0x3f, 0xe1,
    0xdf, 0xf8, 0x37, 0xfc, 0x69, 0xdc, 0xd0, 0xee,
    0xc1, 0x9d, 0xc3, 0x1, 0x13, 0x98, 0x8e, 0x1,
    0x18, 0x3, 0x7a, 0x0, 0x7f, 0xc8, 0xb2, 0x1,
    0xfe, 0x4b, 0xa1, 0x0, 0xff, 0x45, 0x28, 0x7,
    0xfd, 0x8a, 0x1, 0xef, 0x20, 0x8,

    /* U+5F0F "式" */
    0x0, 0xfd, 0xe5, 0x2a, 0x1, 0xff, 0xc0, 0xbb,
    0x30, 0x0, 0x47, 0xe0, 0x63, 0xd0, 0x1, 0x77,
    0x7c, 0x17, 0xd9, 0x2a, 0x5f, 0xff, 0x1d, 0xff,
    0xca, 0x1, 0xf9, 0x88, 0x3, 0xab, 0xff, 0xa0,
    0xb8, 0x3, 0xab, 0xf4, 0x7f, 0xd1, 0xa6, 0x1,
    0xff, 0xc0, 0x74, 0x0, 0xff, 0xe0, 0x10, 0xa0,
    0x11, 0x80, 0x61, 0x59, 0xb0, 0x6e, 0x6, 0x90,
    0x8b, 0xd0, 0xff, 0x48, 0x4a, 0xb6, 0x10, 0x77,
    0xf7, 0xd3, 0x10, 0xd, 0xc3, 0x50,

    /* U+5F15 "引" */
    0x0, 0xff, 0x7b, 0xff, 0xf4, 0x80, 0x67, 0xff,
    0xd0, 0x1, 0xff, 0xc4, 0x1f, 0xfd, 0x0, 0x1c,
    0x44, 0xff, 0xd2, 0x1, 0x95, 0xc0, 0x3f, 0xb1,
    0x7b, 0xaf, 0x90, 0xd, 0x5f, 0xdd, 0x38, 0x7,
    0xf8, 0x78, 0x3, 0xf8, 0x88, 0x1, 0xe1, 0x1,
    0x47, 0x0, 0xf6, 0xff, 0x31, 0x0, 0x7b, 0x3f,
    0xd2, 0x1, 0xbc,

    /* U+5F20 "张" */
    0x0, 0xe2, 0xe0, 0xf, 0x5f, 0xfc, 0x1, 0xe5,
    0x80, 0xbf, 0xf0, 0x7, 0x8e, 0xe8, 0x0, 0x20,
    0x1e, 0x3d, 0xa2, 0x6, 0xef, 0x0, 0xc7, 0xb4,
    0x80, 0x1, 0x8f, 0xf1, 0xa8, 0xb4, 0xa, 0xa8,
    0xb8, 0x40, 0xb, 0xa1, 0xb3, 0x2d, 0xd0, 0xa4,
    0xff, 0x9e, 0x6, 0x25, 0x62, 0x7, 0xbf, 0xe0,
    0x10, 0x9, 0xdc, 0x1, 0xc2, 0x1, 0xc2, 0xac,
    0x1, 0x8c, 0x80, 0x31, 0x4c, 0x8, 0x4, 0xec,
    0x2, 0x2c, 0xf2, 0x6c, 0x27, 0xeb, 0xe0, 0xd0,
    0x8d, 0x8, 0x46, 0x7e, 0xe2, 0x87, 0x7a, 0x0,
    0x52, 0x80,

    /* U+5F3A "强" */
    0x2f, 0xfc, 0x57, 0xdd, 0xbc, 0x40, 0xbf, 0xe2,
    0x0, 0x57, 0x74, 0x20, 0x1f, 0xda, 0xcd, 0x8,
    0x5, 0xfe, 0xe2, 0xe, 0xea, 0x46, 0x4, 0x2,
    0xdc, 0xd2, 0x57, 0xa0, 0x77, 0x0, 0x42, 0x45,
    0x7, 0xee, 0x6, 0xf6, 0x81, 0x8b, 0xba, 0x80,
    0x77, 0xc7, 0x58, 0x0, 0x2b, 0xfe, 0x50, 0x1,
    0x10, 0x48, 0x40, 0x5, 0x51, 0x20, 0x5, 0x9e,
    0x9, 0x24, 0x0, 0xc4, 0x40, 0xbb, 0x60, 0xd3,
    0x40, 0x6, 0x56, 0x24, 0x56, 0x19, 0x2e, 0x0,
    0x2f, 0xc7, 0xa7, 0x67, 0xc6, 0xd9, 0x30, 0x2f,
    0xf2, 0x35, 0x4c, 0x3a, 0xa6, 0xb0,

    /* U+5F53 "当" */
    0x2, 0x0, 0xb5, 0x40, 0x25, 0x3, 0xc1, 0x0,
    0xf2, 0x58, 0x1b, 0xc0, 0x7, 0xa2, 0x40, 0x16,
    0xc2, 0x1, 0x94, 0x5c, 0x0, 0x56, 0x20, 0x19,
    0xb8, 0x0, 0x99, 0x19, 0x82, 0xac, 0xff, 0x60,
    0xac, 0x46, 0xbb, 0x44, 0x46, 0x2, 0x89, 0xfc,
    0x1, 0x67, 0xff, 0xe0, 0xb, 0x3b, 0xbf, 0x0,
    0x61, 0x1f, 0xc0, 0x7, 0xcc, 0xfe, 0x0, 0x2c,
    0x47, 0xf0, 0x0,

    /* U+5F55 "录" */
    0x0, 0xff, 0xe1, 0xaf, 0xff, 0xf2, 0x0, 0x4b,
    0xff, 0xf8, 0x5c, 0x3, 0x6f, 0x77, 0xc2, 0x20,
    0xd, 0xbd, 0xdf, 0x1, 0x80, 0xa, 0x23, 0xf4,
    0x84, 0x38, 0x3, 0xff, 0x9d, 0x7f, 0x9c, 0x40,
    0x4, 0xd4, 0x2e, 0xe0, 0x27, 0x71, 0x11, 0xc0,
    0x3, 0x9b, 0x40, 0x61, 0x1a, 0x74, 0x1, 0x86,
    0xf2, 0xce, 0x5d, 0x24, 0x3, 0x14, 0x76, 0xf9,
    0x96, 0xa4, 0x88, 0x0, 0x7c, 0x32, 0xd0, 0x0,
    0x58, 0x1d, 0x40, 0x3b, 0x5, 0x3c, 0x2c, 0x3,
    0x3d, 0x20, 0x1d, 0x3d, 0xa4, 0x1, 0x9, 0x80,

    /* U+5F62 "形" */
    0x0, 0xff, 0x9c, 0x41, 0xbf, 0xfd, 0x20, 0xa,
    0xc1, 0x6, 0xf2, 0xcf, 0x3b, 0x91, 0xc1, 0xb0,
    0xf, 0xe2, 0xf4, 0xb0, 0xf, 0xf1, 0x7c, 0x1,
    0x98, 0x0, 0x26, 0x2, 0x30, 0x8, 0x1e, 0x80,
    0x27, 0xc7, 0x3c, 0xaa, 0xc1, 0xb7, 0x46, 0x13,
    0xc3, 0xdc, 0x3b, 0xba, 0xbc, 0xc0, 0x30, 0x88,
    0x3, 0x46, 0x8, 0xa4, 0x0, 0x64, 0x1, 0xc6,
    0x3, 0x9c, 0x0, 0xb4, 0x0, 0xf1, 0xe2, 0xb8,
    0xb, 0x58, 0x6, 0x18, 0xd8, 0x80, 0x1, 0xd8,
    0x80, 0x34, 0xf, 0xa8, 0x4, 0xd0, 0x1, 0x62,
    0x4c, 0x84, 0x3, 0x0,

    /* U+5F69 "彩" */
    0x0, 0xf1, 0x10, 0x2, 0x11, 0x0, 0xb4, 0x56,
    0x7f, 0xa8, 0x0, 0x38, 0xc0, 0x22, 0xef, 0x8f,
    0xda, 0x3, 0xc5, 0x70, 0x7, 0x2b, 0xc8, 0x34,
    0xae, 0x5c, 0x0, 0x55, 0xe4, 0xc7, 0x72, 0xbc,
    0xc0, 0x80, 0x3, 0xb0, 0x21, 0xb2, 0x1, 0xa,
    0xf0, 0x1, 0x29, 0x30, 0xa0, 0x81, 0x60, 0x58,
    0x17, 0xfb, 0x43, 0x3f, 0x13, 0x2e, 0x80, 0x5,
    0xba, 0x40, 0x1e, 0xd4, 0xf7, 0x5, 0x20, 0x4,
    0x88, 0x56, 0x98, 0x8, 0x25, 0x80, 0x29, 0x68,
    0x17, 0x54, 0x0, 0xf5, 0xa4, 0xa1, 0x80, 0x11,
    0xb1, 0xdd, 0x61, 0x82, 0xd0, 0x7, 0xf, 0x6e,
    0x88, 0x3, 0xde, 0x20, 0x3a, 0xc0, 0x18,

    /* U+5F71 "影" */
    0x0, 0xff, 0xe1, 0xbe, 0xdd, 0xd9, 0xa0, 0x1,
    0xd6, 0x0, 0xff, 0x16, 0x2b, 0x0, 0x4b, 0x77,
    0x78, 0x2e, 0x5c, 0x0, 0x44, 0x77, 0xb7, 0x8,
    0xb8, 0xc0, 0xc0, 0x25, 0x98, 0x22, 0x67, 0x11,
    0x7, 0x3c, 0x4, 0x8a, 0xac, 0x22, 0x19, 0xb1,
    0x24, 0x0, 0x77, 0x33, 0x47, 0xa6, 0xcc, 0x0,
    0x64, 0xdd, 0xac, 0x17, 0x90, 0x18, 0x80, 0x86,
    0xbb, 0x76, 0x0, 0x96, 0xc8, 0x19, 0xec, 0x79,
    0xd8, 0x0, 0xf7, 0xe0, 0xe, 0x90, 0xa, 0xa0,
    0xae, 0xbc, 0x80, 0x10, 0x9a, 0x64, 0xd5, 0x39,
    0xa2, 0x1, 0x20, 0xee, 0x80, 0x7, 0x6e, 0x1,
    0x80,

    /* U+5F84 "径" */
    0x0, 0x8d, 0xc0, 0x3f, 0xe2, 0xd2, 0x3f, 0xff,
    0x40, 0x1, 0x32, 0x14, 0xff, 0xf4, 0xc, 0x80,
    0x3e, 0x99, 0xc0, 0x34, 0x4e, 0x88, 0x2, 0xd2,
    0x74, 0x0, 0x58, 0xe4, 0x1, 0xce, 0xd6, 0x73,
    0xb7, 0xf5, 0xb6, 0x40, 0xf0, 0x3, 0xe3, 0xce,
    0xd, 0xd8, 0xa3, 0x52, 0x41, 0xc5, 0x75, 0x5b,
    0x9c, 0x74, 0x80, 0x7, 0xfe, 0xd5, 0xff, 0x60,
    0x7, 0x85, 0x56, 0x15, 0x58, 0x3, 0xff, 0x90,
    0xcd, 0x50, 0xb3, 0x48, 0x1, 0x86, 0x66, 0x70,
    0x99, 0xa0,

    /* U+5F85 "待" */
    0x0, 0x9e, 0x40, 0x22, 0xe0, 0xf, 0x24, 0xd8,
    0x7, 0xf9, 0xab, 0x48, 0xff, 0xda, 0x3f, 0xf0,
    0x86, 0xe0, 0x21, 0xff, 0xb4, 0x7f, 0xe1, 0xb,
    0x2e, 0x3, 0x39, 0xc4, 0xce, 0x10, 0x6, 0x12,
    0x7f, 0xd2, 0x1d, 0x9e, 0x83, 0x64, 0x40, 0xcc,
    0xdf, 0xe1, 0xc5, 0x1, 0xd0, 0x3e, 0xee, 0xd1,
    0xe5, 0x1a, 0x0, 0x1f, 0xd6, 0xff, 0xb0, 0x3d,
    0x40, 0x38, 0x4b, 0x84, 0x78, 0x3, 0xe6, 0x77,
    0x0, 0x7f, 0xf0, 0x21, 0x40, 0x6, 0x1, 0xfc,
    0x47, 0xfa, 0x80, 0x18, 0xf4, 0x3, 0xf, 0xfa,
    0x40, 0x0,

    /* U+5F88 "很" */
    0x0, 0x90, 0xc0, 0x3f, 0xe3, 0xa0, 0x3f, 0xee,
    0xde, 0xc0, 0x7, 0xdd, 0x18, 0x17, 0x76, 0x50,
    0xb, 0xbc, 0x24, 0xb, 0x33, 0x28, 0x5, 0x23,
    0xd8, 0x3, 0xdd, 0x90, 0x3, 0x59, 0x28, 0x19,
    0x16, 0x10, 0xa, 0x90, 0x80, 0x5, 0xdf, 0xee,
    0x50, 0x1, 0x35, 0x8, 0x0, 0xb9, 0xab, 0xbc,
    0xc0, 0xb0, 0x40, 0x3a, 0xa4, 0xb3, 0xc0, 0x3f,
    0x8c, 0x36, 0x68, 0x3, 0xfd, 0xc2, 0x20, 0xf,
    0x9c, 0xa7, 0x5e, 0xa9, 0x22, 0x1, 0xdc, 0x1f,
    0xe5, 0x4c, 0x35, 0x0, 0x26, 0x5, 0x7b, 0x10,
    0x0, 0xa9, 0x0,

    /* U+5F97 "得" */
    0x0, 0x8c, 0x3, 0xff, 0x80, 0x7a, 0x43, 0xf9,
    0x9b, 0x9c, 0x0, 0xbd, 0xa4, 0x0, 0x88, 0xca,
    0x1, 0x7e, 0x3a, 0x0, 0x4, 0x73, 0x80, 0x54,
    0x16, 0xc0, 0xe, 0xec, 0x40, 0x1b, 0xc0, 0x87,
    0xaa, 0xb7, 0xb8, 0xe, 0x19, 0x86, 0xea, 0xb6,
    0xd5, 0x89, 0x2c, 0x80, 0xd5, 0x71, 0x7d, 0x9,
    0xc8, 0x1, 0xb3, 0x38, 0x6f, 0x10, 0x3, 0x36,
    0xae, 0x6e, 0x8a, 0xf5, 0x0, 0x3d, 0xda, 0x1,
    0x38, 0x7, 0xe6, 0x42, 0x0, 0xff, 0xe0, 0x42,
    0x70, 0x10, 0x6, 0x4c, 0x0, 0xcd, 0xda, 0x20,
    0x0,

    /* U+5FAA "循" */
    0x0, 0x34, 0x0, 0x62, 0x58, 0xa0, 0x8, 0xe2,
    0x9b, 0xf7, 0x5d, 0x5d, 0x20, 0x2, 0xda, 0x23,
    0x5d, 0xd8, 0x58, 0xc0, 0x2a, 0x5c, 0x5, 0xcc,
    0x78, 0xe6, 0x42, 0x49, 0x48, 0x9, 0xdc, 0xb1,
    0xee, 0x84, 0x19, 0x24, 0x4, 0x88, 0x2a, 0x45,
    0x2, 0x40, 0x6, 0x7e, 0xb4, 0xef, 0x70, 0x2b,
    0x10, 0x1, 0x84, 0xff, 0xb9, 0x80, 0xc, 0xa0,
    0x3, 0x0, 0x45, 0xdc, 0xc0, 0x1e, 0x1e, 0x6,
    0xaa, 0x94, 0x3, 0xdc, 0x40, 0xd7, 0x72, 0x80,
    0x79, 0x5c, 0x16, 0x22, 0x40, 0xf, 0x9, 0x2,
    0xc4, 0x48, 0x20, 0x17, 0xe, 0x83, 0xfd, 0x55,
    0xec, 0x0,

    /* U+5FAE "微" */
    0x0, 0x3b, 0x0, 0x34, 0x2, 0xd0, 0xc, 0x52,
    0xea, 0x1, 0x28, 0x98, 0x4, 0x3f, 0x43, 0xc0,
    0x14, 0x92, 0x80, 0x49, 0x6d, 0x20, 0x1c, 0x88,
    0xbe, 0x75, 0x6e, 0xf1, 0xe2, 0xe6, 0x85, 0x81,
    0x50, 0x73, 0x69, 0xdc, 0xdf, 0x2, 0x32, 0x23,
    0x50, 0x2, 0xab, 0x7b, 0x11, 0xb8, 0x17, 0x80,
    0x31, 0x8d, 0xa2, 0x5d, 0x34, 0x10, 0x80, 0x4,
    0xb0, 0x42, 0xf, 0xa, 0x1, 0xed, 0x27, 0x46,
    0x0, 0x10, 0x7, 0x71, 0x2, 0xca, 0x38, 0x10,
    0x6, 0x17, 0x40, 0x8f, 0xeb, 0xaf, 0x10, 0x8,
    0xa4, 0x41, 0xe2, 0x99, 0x54, 0x80, 0xf, 0x37,
    0x0, 0xa5, 0x80, 0x10, 0xa0,

    /* U+5FB7 "德" */
    0x0, 0xff, 0xe2, 0x25, 0x0, 0x6f, 0x20, 0xe,
    0x2a, 0x99, 0x66, 0x34, 0x3b, 0x32, 0x1, 0xfb,
    0x38, 0xee, 0x40, 0x77, 0x60, 0x9b, 0x59, 0x2e,
    0xe5, 0x87, 0x74, 0x81, 0xc, 0xa4, 0xd, 0x85,
    0xed, 0xb4, 0x20, 0x1, 0xaf, 0x0, 0xff, 0xa8,
    0x1c, 0x5b, 0x3, 0x1b, 0x68, 0x42, 0x1c, 0xc0,
    0xf7, 0x7e, 0x70, 0xcd, 0x0, 0x56, 0xef, 0xe0,
    0x41, 0x0, 0x56, 0xc7, 0x86, 0x62, 0x70, 0x3,
    0xa5, 0xe4, 0xac, 0x82, 0x50, 0x3, 0x3a, 0xb0,
    0x1, 0xcb, 0x7e, 0x0, 0x30, 0xc0, 0x26, 0x6e,
    0x9c, 0xe4, 0x0,

    /* U+5FC3 "心" */
    0x0, 0xff, 0xe3, 0xeb, 0x0, 0x7f, 0xf0, 0x3e,
    0xe4, 0x3, 0xfe, 0x2d, 0x2b, 0x0, 0xfe, 0xa2,
    0xb, 0xc0, 0xf, 0x13, 0x82, 0x0, 0x4e, 0x7,
    0x80, 0x13, 0xe0, 0x7, 0xc6, 0x48, 0x0, 0xd3,
    0x0, 0xfd, 0x3c, 0x0, 0x4d, 0x0, 0xfc, 0xaa,
    0x1, 0x34, 0x0, 0xf0, 0xc9, 0x11, 0x8, 0xc4,
    0x3, 0xc6, 0x81, 0xc, 0x78, 0x1, 0x30, 0x4,
    0xae, 0xa, 0x40, 0x1a, 0x6f, 0xfe, 0x99, 0x0,
    0x40,

    /* U+5FC5 "必" */
    0x0, 0xca, 0x80, 0x1f, 0xfc, 0x1, 0xa8, 0x0,
    0x96, 0x0, 0x3c, 0x9e, 0x78, 0x21, 0x78, 0x1,
    0xe5, 0xb, 0xb0, 0xca, 0x20, 0x2, 0x14, 0xb,
    0x20, 0x74, 0x7b, 0x0, 0xcf, 0xc0, 0x18, 0xaa,
    0x90, 0xc0, 0x16, 0x60, 0x2, 0x1f, 0x94, 0xa8,
    0x10, 0x2, 0xb8, 0x1, 0xb1, 0x5c, 0xd, 0x24,
    0x1d, 0x4, 0x6, 0xae, 0x0, 0x29, 0x70, 0x49,
    0x6, 0x8, 0x60, 0x0, 0xb1, 0xa9, 0x18, 0xe5,
    0x2, 0x0, 0x45, 0x61, 0x44, 0xdb, 0x78, 0x2c,
    0x1, 0x23, 0x80, 0x4d, 0xce, 0xd, 0x5f, 0xf4,
    0xf0, 0x4,

    /* U+5FEB "快" */
    0x0, 0x69, 0x80, 0x43, 0xe0, 0x1f, 0xfc, 0x82,
    0xa, 0x1a, 0xcc, 0x6, 0x64, 0x20, 0x70, 0x0,
    0x99, 0x7c, 0x7, 0xf8, 0xc0, 0xc, 0x41, 0x4a,
    0x66, 0x40, 0x33, 0x0, 0x59, 0x80, 0x6, 0x80,
    0xc, 0x40, 0x3b, 0xd0, 0x0, 0xb1, 0x9, 0x19,
    0x80, 0xb2, 0x60, 0x8, 0x7f, 0xcc, 0x9, 0xf1,
    0xa0, 0x1c, 0x8e, 0xf2, 0x8b, 0xbc, 0x40, 0x1e,
    0x15, 0xb1, 0x60, 0xf, 0xea, 0x71, 0xe9, 0x30,
    0xf, 0xe, 0x4, 0x1, 0xce, 0x30, 0x7, 0x52,
    0x58, 0x4, 0xd5, 0x62, 0x0, 0xd3, 0xb8, 0x0,
    0xe5, 0xd1,

    /* U+6001 "态" */
    0x0, 0xf4, 0xc0, 0x7, 0xff, 0x0, 0xb8, 0x3,
    0xc7, 0xdd, 0xbd, 0x27, 0xfb, 0xb1, 0x9b, 0xbb,
    0x50, 0x9c, 0x77, 0x63, 0x0, 0xe9, 0x97, 0xc9,
    0x0, 0x7e, 0xa1, 0x53, 0x9f, 0x20, 0xe, 0x4d,
    0x68, 0xc7, 0x72, 0xec, 0x10, 0xf, 0x4d, 0xe2,
    0xe5, 0x9c, 0x62, 0x68, 0x8b, 0x3d, 0xd0, 0x3e,
    0xc, 0x6, 0x38, 0x40, 0xf0, 0xa4, 0x3a, 0x8c,
    0x1, 0x42, 0x0, 0x74, 0x0, 0x8e, 0xd4, 0x11,
    0xe, 0x0, 0xbe, 0x0, 0xca, 0xc7, 0x53, 0x40,
    0x2a, 0x86, 0x1f, 0xfb, 0x28, 0xd4, 0x0,

    /* U+600E "怎" */
    0x0, 0x8a, 0x80, 0x3f, 0xf8, 0x16, 0xe6, 0x7f,
    0x80, 0x21, 0x63, 0xec, 0x88, 0xf0, 0x5, 0xd,
    0xde, 0x37, 0x7e, 0x0, 0x32, 0x40, 0x0, 0x77,
    0x79, 0x0, 0x1d, 0xe2, 0x0, 0x1d, 0xde, 0x40,
    0x4, 0x10, 0x4, 0x3d, 0xdd, 0x20, 0x1f, 0xf,
    0x77, 0x48, 0x7, 0x8c, 0x4c, 0x2, 0x20, 0xd,
    0xa5, 0xc3, 0x7a, 0xa0, 0x58, 0x20, 0x5, 0x63,
    0x0, 0x26, 0x10, 0x33, 0xc0, 0x3, 0xb8, 0x2,
    0x0, 0x27, 0x1b, 0xb3, 0x8, 0x62, 0x8a, 0x7f,
    0xee, 0x62, 0x90,

    /* U+601D "思" */
    0x0, 0x7e, 0x65, 0xfe, 0xcc, 0x6f, 0x0, 0x76,
    0x64, 0x77, 0x99, 0x0, 0x78, 0xcf, 0xe5, 0x0,
    0xf4, 0xcc, 0x13, 0x37, 0x80, 0x7a, 0xaa, 0x3a,
    0xac, 0x1, 0xec, 0xc8, 0xef, 0x31, 0xa0, 0x1d,
    0xbf, 0xea, 0xa6, 0x7f, 0xd8, 0x1, 0x84, 0xdc,
    0xee, 0xc6, 0x61, 0x60, 0x8, 0x70, 0x2d, 0x3c,
    0xe4, 0x1, 0x44, 0x0, 0x65, 0x0, 0x86, 0xe5,
    0x59, 0x90, 0x0, 0x99, 0x0, 0xc, 0x2, 0xf3,
    0x95, 0x20, 0xb3, 0x6, 0xdf, 0xf9, 0x14, 0x70,
    0x80,

    /* U+6027 "性" */
    0x0, 0x69, 0x80, 0x8, 0x52, 0xc0, 0x3f, 0xdc,
    0xa2, 0xe0, 0x1c, 0x40, 0x88, 0x3, 0x50, 0xf,
    0x1c, 0x1, 0x42, 0x7, 0x51, 0xff, 0xb8, 0x1b,
    0x41, 0x9e, 0x1f, 0xa4, 0xbb, 0xa0, 0xd2, 0x0,
    0x51, 0x48, 0x98, 0x8c, 0x0, 0xf4, 0x0, 0xf,
    0x88, 0x7, 0xce, 0x20, 0x12, 0xff, 0xa8, 0xff,
    0xd2, 0x1, 0xe4, 0xff, 0x51, 0x7f, 0xa4, 0x3,
    0xfc, 0x20, 0x1f, 0xfc, 0xa2, 0x99, 0xac, 0xe6,
    0x62, 0x0, 0xef, 0xfa, 0x27, 0xfe, 0x30,

    /* U+603B "总" */
    0x0, 0xd0, 0x1, 0x8a, 0x0, 0x3e, 0x1a, 0x0,
    0xa0, 0x40, 0x3e, 0x84, 0x10, 0x44, 0x48, 0x7,
    0x17, 0xf0, 0xf7, 0xd8, 0xff, 0x0, 0x70, 0xff,
    0xfa, 0xc0, 0x3f, 0xf9, 0x2, 0x89, 0xe3, 0x0,
    0xf1, 0xc4, 0x7a, 0xd4, 0x3, 0x16, 0x76, 0x2b,
    0x66, 0x54, 0x1, 0xb4, 0x3d, 0x24, 0xb4, 0x42,
    0xe0, 0x0, 0xcc, 0x0, 0xd1, 0x60, 0x36, 0xc6,
    0x17, 0xc0, 0x1, 0x0, 0x30, 0xea, 0x5c, 0x87,
    0x28, 0x55, 0x3f, 0xf0, 0x2a, 0xa8,

    /* U+606F "息" */
    0x0, 0xff, 0xe4, 0x4c, 0x80, 0x3f, 0xaa, 0xa6,
    0x5a, 0xa8, 0x80, 0x30, 0xa4, 0x43, 0x7a, 0x20,
    0xec, 0x1, 0xc3, 0x33, 0xe2, 0x0, 0xf0, 0xd5,
    0x78, 0x80, 0x3c, 0x3b, 0xbe, 0x20, 0xf, 0xe,
    0x67, 0x8c, 0x3, 0xc3, 0xbb, 0xe3, 0x0, 0xe1,
    0xfd, 0xd3, 0x4e, 0xeb, 0xd4, 0x3, 0x59, 0x68,
    0x45, 0x10, 0xf, 0x88, 0x1, 0x5c, 0xc, 0xe,
    0x1c, 0x91, 0xe0, 0x1, 0x32, 0x30, 0x9, 0x95,
    0x3e, 0x18, 0x42, 0x94, 0x4b, 0xff, 0x47, 0xf,
    0x8,

    /* U+60AC "悬" */
    0x0, 0xbf, 0x33, 0xde, 0x60, 0x1e, 0x77, 0xf0,
    0x7, 0xe8, 0x8f, 0x0, 0x7e, 0xbb, 0xf0, 0x6,
    0x17, 0x80, 0xf0, 0xff, 0xc1, 0x2e, 0x40, 0x3d,
    0x30, 0xe2, 0x34, 0x3e, 0x8, 0xb, 0x3e, 0xaf,
    0xb3, 0x1e, 0x1d, 0x58, 0x80, 0xb9, 0x1f, 0x75,
    0x95, 0xa5, 0xa4, 0x0, 0x29, 0xee, 0x63, 0x55,
    0xd7, 0xc1, 0x80, 0x6, 0x3, 0xca, 0xf1, 0x41,
    0x2c, 0x2, 0xd9, 0x10, 0x70, 0xa5, 0xa2, 0xbc,
    0x2, 0xb7, 0x4, 0xae, 0xe9, 0xd5, 0xac, 0x40,

    /* U+60C5 "情" */
    0x0, 0x70, 0x80, 0x6e, 0x10, 0xf, 0xcd, 0xbb,
    0xf, 0xee, 0xa8, 0x0, 0x21, 0x6d, 0x99, 0x6,
    0x65, 0x40, 0xd, 0x3, 0x6a, 0xa8, 0x3e, 0xa8,
    0xa0, 0x4c, 0x14, 0x1f, 0xf0, 0x47, 0xf8, 0x41,
    0xf4, 0xb, 0xb7, 0x66, 0xcd, 0xd8, 0x41, 0x0,
    0x11, 0xc6, 0x7c, 0xb4, 0x2a, 0x60, 0x16, 0x62,
    0x23, 0x3, 0x0, 0x7d, 0x3d, 0xd8, 0xc0, 0x3f,
    0x5e, 0x66, 0x40, 0xf, 0xd7, 0x99, 0x90, 0x3,
    0xf5, 0xe6, 0x64, 0x10, 0xf, 0xf3, 0xeb, 0xa8,
    0x0,

    /* U+60E0 "惠" */
    0x0, 0xf6, 0xa0, 0x7, 0x16, 0xef, 0x15, 0xee,
    0xe9, 0x2d, 0xde, 0x2b, 0xdd, 0xd2, 0x0, 0xfb,
    0xb8, 0xae, 0xf7, 0x80, 0x6c, 0xc8, 0x13, 0x32,
    0x0, 0xe4, 0x48, 0x31, 0x10, 0x60, 0x18, 0xe2,
    0x20, 0x88, 0x7f, 0x8c, 0x2, 0xcb, 0xb8, 0xae,
    0xca, 0xfc, 0x3, 0xdd, 0xc5, 0x7a, 0x87, 0xaa,
    0x3d, 0xfe, 0xcd, 0x3c, 0xdd, 0x76, 0x88, 0x36,
    0xa5, 0x9f, 0xf2, 0xa, 0xfa, 0x4, 0x40, 0xc,
    0xf, 0x52, 0x71, 0x1c, 0x99, 0x1d, 0x3b, 0xb3,
    0x5c, 0x88,

    /* U+60EF "惯" */
    0x0, 0x69, 0x0, 0x7f, 0xf0, 0xcf, 0x6b, 0xf6,
    0xbc, 0x40, 0x33, 0xa, 0x22, 0xd2, 0x6c, 0xc,
    0x1, 0x21, 0x35, 0xd, 0x69, 0x16, 0x1c, 0x4,
    0x61, 0x58, 0xcb, 0xa1, 0x64, 0x4c, 0x7, 0xd0,
    0x44, 0x57, 0x95, 0x16, 0xc8, 0x0, 0xd0, 0x4,
    0xfe, 0x23, 0xc0, 0x6, 0x30, 0x8, 0xb3, 0x73,
    0x70, 0xc0, 0x3f, 0xdc, 0x1, 0xff, 0xcc, 0x71,
    0x73, 0x21, 0x60, 0xf, 0xaa, 0xae, 0xbd, 0xe1,
    0x0, 0xc3, 0x91, 0xfa, 0x53, 0xa1, 0x40, 0x16,
    0x9e, 0x5a, 0x80, 0x67, 0xb0,

    /* U+60F3 "想" */
    0x0, 0xb8, 0x80, 0x3f, 0xf8, 0x7f, 0xbb, 0x79,
    0xa5, 0x50, 0x7a, 0x90, 0x77, 0x63, 0x5, 0xed,
    0xa, 0xe6, 0x1d, 0xd8, 0xc0, 0x52, 0xc2, 0xd4,
    0x87, 0x76, 0x30, 0x4, 0x20, 0xdf, 0x98, 0xee,
    0xc6, 0xe, 0x90, 0x9, 0x84, 0x3b, 0xb1, 0x83,
    0x60, 0x4, 0x42, 0x2c, 0xc8, 0xc0, 0x40, 0x10,
    0x44, 0xbe, 0xdd, 0xb8, 0xc1, 0x59, 0x64, 0x86,
    0xc4, 0x4d, 0x60, 0x9, 0x27, 0x50, 0xa0, 0x15,
    0x64, 0x33, 0x12, 0x38, 0x5, 0x43, 0x1, 0x30,
    0x34, 0x6, 0x3f, 0xf9, 0x85, 0xec,

    /* U+610F "意" */
    0x0, 0xff, 0xe4, 0x43, 0x80, 0x7c, 0x9b, 0xb9,
    0xe3, 0x77, 0x20, 0x1, 0x37, 0x3, 0x7f, 0xda,
    0x7f, 0xa8, 0x0, 0x88, 0x49, 0x54, 0x43, 0x6,
    0xa2, 0x0, 0xd, 0xda, 0xbf, 0x75, 0x35, 0xbb,
    0x0, 0x14, 0x63, 0xbb, 0xd0, 0x6a, 0x1, 0x8,
    0xbf, 0xfc, 0xc2, 0x1, 0xe1, 0x1f, 0x0, 0x7c,
    0x5d, 0xc9, 0xee, 0x94, 0x3, 0x93, 0xa6, 0x87,
    0x6e, 0xd8, 0xa0, 0x1b, 0xf, 0xcb, 0x29, 0x8,
    0x70, 0x40, 0x10, 0xe6, 0x0, 0x1c, 0x4f, 0x18,
    0xa0, 0xa, 0x81, 0x77, 0xba, 0x62, 0x6e, 0x0,

    /* U+611F "感" */
    0x0, 0xff, 0xe5, 0x61, 0xda, 0x0, 0x62, 0x11,
    0xe0, 0x58, 0x92, 0x0, 0x1e, 0xef, 0x8e, 0x7c,
    0x78, 0xc0, 0x7, 0x15, 0x54, 0xc9, 0xf2, 0x7c,
    0xc1, 0xde, 0x22, 0x85, 0x4c, 0x2c, 0x80, 0x2,
    0x24, 0x98, 0x87, 0x1a, 0xcb, 0x8, 0x3, 0x48,
    0x2b, 0x38, 0x40, 0x5a, 0xc, 0x41, 0x2c, 0x2a,
    0xe4, 0x18, 0x0, 0x54, 0xa4, 0x6, 0xf9, 0x53,
    0x2c, 0xeb, 0xc4, 0x41, 0x60, 0x94, 0x8d, 0xd5,
    0x5, 0x23, 0x40, 0x9, 0xac, 0xa1, 0x26, 0xc0,
    0x94, 0xa0, 0x9, 0x80, 0xd, 0x4c, 0x71, 0xf0,
    0x3, 0x48, 0xa1, 0xba, 0xcd, 0xd5, 0x1c, 0x80,

    /* U+6210 "成" */
    0x0, 0xf9, 0x71, 0x28, 0x40, 0x3f, 0x84, 0x10,
    0xf0, 0x80, 0x23, 0x22, 0xe3, 0x2b, 0x47, 0x0,
    0x1e, 0x7f, 0xe9, 0xf, 0xf2, 0x42, 0x0, 0x7,
    0x77, 0x70, 0x6e, 0xbb, 0x10, 0x0, 0x37, 0x6f,
    0x51, 0x1, 0xd, 0x20, 0xd, 0xfe, 0x32, 0x2,
    0x22, 0x99, 0x80, 0x22, 0x44, 0x28, 0x83, 0xac,
    0x58, 0x4, 0xe2, 0x0, 0x30, 0x6, 0xc8, 0xb0,
    0x4, 0x6c, 0x0, 0x12, 0x0, 0xbc, 0xc, 0x43,
    0x75, 0x1a, 0xaa, 0x38, 0x5, 0xb, 0x70, 0x44,
    0x46, 0x73, 0x65, 0x52, 0xd, 0x15, 0x14, 0xc0,
    0x4a, 0xf1, 0x55, 0x3a, 0x6, 0x96, 0x1, 0x16,
    0x18, 0x1, 0xfb, 0x0,

    /* U+6211 "我" */
    0x0, 0xc9, 0x14, 0x3e, 0xe, 0x20, 0x14, 0xef,
    0xd8, 0x70, 0x80, 0x8b, 0x4, 0x1, 0x5f, 0xa3,
    0x8, 0x0, 0x36, 0xad, 0x0, 0x19, 0x0, 0x70,
    0x80, 0x1f, 0x80, 0x77, 0x61, 0xdd, 0x87, 0x76,
    0xf4, 0x1f, 0xf5, 0x87, 0xfc, 0x4f, 0xfd, 0xe8,
    0x4, 0x46, 0x12, 0x29, 0x0, 0xa5, 0x0, 0x33,
    0x8d, 0x73, 0xe1, 0xab, 0xb0, 0x16, 0xfd, 0x87,
    0xf9, 0xdc, 0x97, 0xc0, 0x2, 0x9f, 0xc1, 0x51,
    0x6, 0x9, 0x32, 0x10, 0x40, 0xe, 0x7a, 0x3d,
    0x7, 0x90, 0xe, 0x1d, 0xbc, 0xd5, 0x56, 0xf0,
    0x1f, 0xeb, 0x8c, 0xe1, 0xd, 0x5b, 0x38, 0x1f,
    0xfa, 0x41, 0x0, 0x25, 0xee, 0x8,

    /* U+6216 "或" */
    0x0, 0xfd, 0xe3, 0x88, 0x1, 0xff, 0xc0, 0x8a,
    0x60, 0x2, 0x27, 0xc0, 0xe1, 0x3c, 0x0, 0xff,
    0xf8, 0x23, 0xf0, 0xc4, 0x2e, 0xfe, 0x3a, 0xba,
    0xb1, 0x1, 0xfe, 0xec, 0xc, 0x41, 0x4a, 0x1,
    0xf, 0x73, 0xc0, 0x5, 0xc4, 0xaa, 0x0, 0xfe,
    0xd3, 0xb6, 0x0, 0xc3, 0xdc, 0xf0, 0x3, 0xa3,
    0xc0, 0x4, 0x3f, 0xdd, 0x84, 0xc1, 0x80, 0xc4,
    0x5, 0x1e, 0xb7, 0x9f, 0x0, 0x42, 0xdc, 0x3f,
    0xf6, 0x54, 0x2f, 0x32, 0x9a, 0x87, 0x5c, 0x28,
    0xfd, 0xc0, 0xdd, 0x9c, 0xc0,

    /* U+6233 "戳" */
    0x0, 0xfe, 0xd2, 0x0, 0x8b, 0x31, 0xf1, 0x98,
    0xf0, 0x17, 0xd0, 0x1, 0x2f, 0x1d, 0x2f, 0x8,
    0x3b, 0x2b, 0x80, 0x2e, 0x8c, 0x22, 0x84, 0x2,
    0x94, 0x2, 0xe1, 0x13, 0x60, 0x82, 0xa6, 0x6e,
    0x88, 0x9b, 0x8c, 0xcb, 0x98, 0x30, 0x5d, 0xd1,
    0x0, 0x28, 0xa2, 0x65, 0xcd, 0x1a, 0x50, 0x0,
    0xe0, 0x89, 0xb, 0xb0, 0xf, 0x4f, 0x82, 0x80,
    0x27, 0xc2, 0x6c, 0x15, 0xd9, 0x1, 0x6c, 0xeb,
    0x82, 0xa0, 0x8, 0x60, 0x3, 0x1d, 0xc0, 0x5c,
    0x84, 0x3, 0x39, 0x80, 0x46, 0x60, 0x30, 0x85,
    0x89, 0xb1, 0x0, 0xe, 0xea, 0xf7, 0x8b, 0x1d,
    0xcc, 0x40,

    /* U+6237 "户" */
    0x0, 0xff, 0xe3, 0xc4, 0x0, 0x3f, 0xeb, 0x70,
    0xf, 0xa3, 0xf7, 0x5c, 0x1b, 0xb8, 0x2, 0x26,
    0xff, 0xb7, 0xfe, 0x20, 0xd, 0xc4, 0x5f, 0x0,
    0x7f, 0xf1, 0xa3, 0xff, 0xe0, 0xc, 0xd5, 0xff,
    0xf0, 0x6, 0x27, 0x0, 0xfb, 0xc0, 0x4, 0x24,
    0x1, 0xfe, 0x45, 0x0, 0xff, 0xaf, 0x80, 0x3f,
    0xc6, 0xe8, 0x1, 0xfe, 0x3a, 0x0, 0xff, 0x80,

    /* U+6240 "所" */
    0x0, 0xe3, 0x20, 0xc, 0x6c, 0x0, 0x6b, 0xb7,
    0x71, 0x11, 0x76, 0xee, 0x80, 0x1a, 0xd1, 0xda,
    0xda, 0x9f, 0xed, 0x80, 0x1, 0x33, 0xa2, 0x3,
    0x99, 0x4, 0x3, 0x93, 0xfd, 0x62, 0x6, 0x1,
    0xf4, 0x5d, 0x84, 0x0, 0xbf, 0xfa, 0x0, 0x3f,
    0x37, 0xe8, 0xfc, 0x0, 0x23, 0xfc, 0x21, 0xe2,
    0x1, 0xe3, 0xaf, 0xf8, 0x4b, 0xc0, 0x3c, 0xc2,
    0x1, 0x9c, 0xc0, 0x3c, 0x4a, 0x1, 0x11, 0xa0,
    0x7, 0x18, 0x8, 0x5, 0x2c, 0x1, 0xe7, 0x60,
    0x8, 0x9e, 0x0, 0x3c, 0x90, 0x1, 0x16, 0x0,
    0x45, 0xc0, 0x0,

    /* U+624B "手" */
    0x0, 0xf0, 0x9b, 0x45, 0xd8, 0x3, 0x66, 0xf7,
    0xf6, 0x7f, 0xd4, 0x1, 0xb7, 0x3b, 0xec, 0xe5,
    0xd0, 0x40, 0x30, 0x88, 0x3, 0xfe, 0x2f, 0xfd,
    0x67, 0xff, 0xac, 0x0, 0x5f, 0xfa, 0x8b, 0xff,
    0x58, 0x7, 0xc2, 0x20, 0xf, 0x91, 0x3b, 0x4d,
    0x13, 0x88, 0x22, 0x39, 0x82, 0x23, 0x90, 0x33,
    0x3a, 0xcf, 0x33, 0x98, 0x3, 0xff, 0x90, 0x20,
    0x1f, 0xe1, 0xff, 0x5d, 0x0, 0x7f, 0xf, 0xfb,
    0x98, 0x3, 0xc0,

    /* U+6253 "打" */
    0x0, 0x17, 0x0, 0x7f, 0xf1, 0x26, 0x76, 0x4c,
    0x94, 0x3, 0xdd, 0xd0, 0x98, 0xf3, 0x1f, 0xe8,
    0xfe, 0xbb, 0xd2, 0x12, 0xe6, 0x6e, 0xc0, 0xed,
    0x0, 0xfe, 0x11, 0xc0, 0x1f, 0xfc, 0x1, 0x6a,
    0x0, 0xfc, 0x53, 0xa1, 0x9e, 0x1, 0xf8, 0xc6,
    0x42, 0x94, 0x3, 0xf0, 0xc2, 0x8, 0x7, 0xff,
    0x54, 0xc0, 0x40, 0x2a, 0xd7, 0x0, 0xa3, 0xf5,
    0x0, 0x35, 0x7c, 0x80, 0x51, 0xfe, 0xb0, 0x8,

    /* U+625B "扛" */
    0x0, 0x17, 0x0, 0x7f, 0xf1, 0x19, 0xdd, 0xe,
    0xf0, 0x80, 0x7b, 0xba, 0x7c, 0xee, 0x1, 0x7e,
    0x8f, 0xd4, 0x4c, 0x82, 0x66, 0x12, 0xfc, 0xf,
    0xa0, 0xf, 0xf0, 0x88, 0x3, 0xff, 0x82, 0x2c,
    0xe0, 0x1f, 0x86, 0x74, 0x34, 0x80, 0x3f, 0xd0,
    0x36, 0xa0, 0x1f, 0x86, 0x54, 0x3, 0xff, 0x9e,
    0x20, 0x7, 0xdd, 0x83, 0x76, 0x80, 0xbc, 0x70,
    0x6e, 0xeb, 0x31, 0xdc, 0x90,

    /* U+626C "扬" */
    0x0, 0x62, 0x0, 0x7f, 0xf0, 0xfb, 0xff, 0xa0,
    0x3, 0xee, 0xff, 0x71, 0xac, 0x0, 0x1b, 0xe,
    0xec, 0x0, 0x3f, 0xba, 0x0, 0x92, 0x1, 0xe0,
    0x27, 0x69, 0xc0, 0x2, 0x4, 0x87, 0x87, 0xec,
    0x37, 0xff, 0x70, 0x6, 0x15, 0xff, 0x1e, 0x5a,
    0x78, 0x0, 0x9c, 0xeb, 0x1, 0x9c, 0xfb, 0x82,
    0x20, 0x5f, 0xb, 0x94, 0xba, 0x37, 0x52, 0x30,
    0x78, 0x30, 0x39, 0xf1, 0xf9, 0x6, 0x60, 0x7,
    0x1e, 0x95, 0x22, 0x0, 0x88, 0x1, 0x9c, 0x6,
    0x82, 0x0, 0x17, 0x80, 0x5e, 0x24, 0x17, 0xb4,
    0x15, 0xe0, 0xa0, 0x5f, 0xa2, 0x14, 0xe0, 0xa,
    0xfc, 0x0, 0x0,

    /* U+6279 "批" */
    0x0, 0xff, 0xe2, 0x1e, 0x80, 0x3c, 0x0, 0x7a,
    0x1, 0xff, 0xd3, 0x2f, 0xc2, 0xf7, 0x0, 0xf1,
    0x1, 0x6d, 0x6, 0xb0, 0x7, 0x1e, 0x18, 0x13,
    0x11, 0x4, 0x3b, 0x80, 0x5b, 0xa3, 0x0, 0xc6,
    0x60, 0xee, 0x0, 0x3c, 0xc0, 0xd, 0xc5, 0xec,
    0x1, 0x88, 0x40, 0x3, 0xa8, 0x38, 0xa0, 0x1f,
    0x86, 0xe8, 0xc0, 0x3f, 0xf8, 0xc6, 0x1, 0x1c,
    0x0, 0x42, 0x6, 0x1b, 0xe0, 0x13, 0x10, 0x5e,
    0xa0, 0x30, 0x76, 0x18, 0x7d, 0x78,

    /* U+628A "把" */
    0x0, 0x69, 0x80, 0x7f, 0xf0, 0xe3, 0xff, 0xd2,
    0x1, 0xf3, 0x7a, 0x5f, 0xb8, 0x1, 0xfc, 0xb2,
    0x80, 0x3f, 0x9f, 0xc6, 0xe8, 0x3, 0xfe, 0x37,
    0x0, 0xff, 0xe0, 0xa3, 0x3, 0x42, 0x44, 0x1c,
    0x0, 0x94, 0x50, 0x20, 0xf, 0x8b, 0xf1, 0x0,
    0xe, 0x6, 0x38, 0x33, 0xbe, 0xda, 0x5, 0x62,
    0x0, 0xfc, 0x66, 0x0, 0xff, 0xe0, 0xda, 0x0,
    0x77, 0x90, 0x6, 0x15, 0x61, 0xe0, 0x20, 0x56,
    0xff, 0xdc, 0x84,

    /* U+6293 "抓" */
    0x0, 0x69, 0x0, 0x78, 0x98, 0xc0, 0x3d, 0x31,
    0x59, 0xdb, 0x2e, 0x1, 0xe6, 0xc, 0x3e, 0xb4,
    0x40, 0x47, 0x96, 0xe1, 0x53, 0x88, 0x38, 0x5,
    0x1e, 0x39, 0x80, 0x30, 0x8, 0x5c, 0x3, 0x18,
    0x80, 0x78, 0xc4, 0x3, 0x91, 0x80, 0x40, 0x21,
    0x20, 0x2, 0x51, 0x41, 0x98, 0x3, 0x84, 0x0,
    0x38, 0x38, 0xa0, 0x1e, 0x22, 0x2, 0xb1, 0x81,
    0xa8, 0x7, 0x2a, 0x0, 0x72, 0x98, 0x7, 0x7e,
    0x0, 0x75, 0x60, 0x7, 0x3a, 0x91, 0xf8, 0x9b,
    0xa0, 0x7, 0xb, 0x81, 0xfe, 0xd, 0x80, 0x7,
    0x80, 0x28, 0x20,

    /* U+6297 "抗" */
    0x0, 0xff, 0xe2, 0x1e, 0x80, 0x6e, 0x10, 0xf,
    0xfe, 0x3, 0xc8, 0x7, 0xf9, 0x55, 0xc2, 0xab,
    0x20, 0xfe, 0x17, 0xbf, 0x73, 0xb, 0xba, 0xd1,
    0xfb, 0x2f, 0x7b, 0xbf, 0xa4, 0x0, 0xe0, 0x12,
    0x7f, 0xe5, 0x0, 0xe2, 0x66, 0x1, 0xff, 0x94,
    0xc0, 0x5, 0x38, 0x1e, 0x40, 0xe0, 0x1e, 0x3e,
    0x92, 0x94, 0x11, 0x0, 0x78, 0x5d, 0x40, 0x2d,
    0x20, 0xe, 0x10, 0xf, 0x2e, 0x0, 0x77, 0x0,
    0x42, 0xe, 0x28, 0x0, 0x30, 0x11, 0x5, 0xea,
    0xc, 0xf0, 0x5, 0x91, 0xcc, 0x17, 0xd0, 0x3c,
    0x40, 0x12, 0xf7, 0xc0,

    /* U+62A5 "报" */
    0x0, 0x17, 0x0, 0x7f, 0xf1, 0x2f, 0xff, 0xac,
    0x3, 0xf5, 0x7f, 0xd2, 0x20, 0x3f, 0xa3, 0xf0,
    0x1, 0x21, 0xe1, 0x0, 0xf6, 0x7, 0x40, 0x5,
    0x97, 0xb2, 0x0, 0x11, 0xc0, 0xa, 0xc3, 0x36,
    0x78, 0x80, 0x4, 0x52, 0xe0, 0x87, 0xfe, 0xc1,
    0x11, 0x66, 0x3, 0x94, 0x38, 0xc1, 0x3d, 0x80,
    0xeb, 0x5, 0xc8, 0x1, 0x10, 0x16, 0xa0, 0x16,
    0x10, 0xe, 0x47, 0xe4, 0x30, 0xf, 0xf1, 0x81,
    0x0, 0x7f, 0xa1, 0xa9, 0xa4, 0x43, 0xb5, 0xc0,
    0x2f, 0x4c, 0x5f, 0x24, 0xe, 0xf9, 0x0, 0x5d,
    0x61, 0x0, 0xda, 0x80,

    /* U+62C9 "拉" */
    0x0, 0xff, 0xe2, 0x26, 0x0, 0x67, 0x90, 0xf,
    0xfe, 0x2, 0x20, 0x3, 0xfc, 0x88, 0x77, 0x22,
    0x42, 0x1f, 0x67, 0xeb, 0x11, 0x34, 0x44, 0x41,
    0xf4, 0x5e, 0xb9, 0xd9, 0x94, 0xe9, 0x80, 0x4,
    0x40, 0x1, 0xf0, 0xa, 0xcc, 0x3, 0x90, 0x44,
    0x62, 0x2, 0x22, 0x0, 0x35, 0x9c, 0x18, 0x12,
    0x81, 0x18, 0x5, 0x8a, 0x58, 0x40, 0xa4, 0xa,
    0xa0, 0xa, 0xb8, 0x40, 0x2e, 0xe0, 0x7e, 0x0,
    0x7f, 0x10, 0x82, 0x38, 0x7, 0xc6, 0x83, 0xaa,
    0x4c, 0x84, 0x11, 0x56, 0x13, 0xff, 0x72, 0x7f,
    0x94,

    /* U+62D6 "拖" */
    0x0, 0xff, 0xe2, 0x70, 0x80, 0x1a, 0x40, 0x3f,
    0xf8, 0x1b, 0x80, 0x1f, 0xf1, 0x24, 0x66, 0x70,
    0x46, 0xf, 0xbc, 0x2c, 0xca, 0xe2, 0x20, 0xa8,
    0x8, 0x7, 0x84, 0x45, 0x22, 0x40, 0x48, 0x2e,
    0x9d, 0x80, 0x3, 0x6f, 0x30, 0xc, 0x42, 0x60,
    0x94, 0x3e, 0x4e, 0x4, 0xe3, 0x8a, 0xe3, 0x18,
    0x32, 0xee, 0xb, 0xe0, 0xd6, 0xf0, 0xc6, 0x30,
    0xd, 0x32, 0x13, 0x18, 0x10, 0x9, 0x1c, 0x40,
    0x3f, 0xf8, 0x10, 0x60, 0x1f, 0x88, 0x75, 0x17,
    0xc5, 0x3c, 0x84, 0x1, 0x39, 0xff, 0x73, 0x88,

    /* U+62DF "拟" */
    0x0, 0x70, 0x80, 0x7f, 0xf0, 0xf1, 0x8, 0x2,
    0xf0, 0xf, 0xec, 0x20, 0xe, 0x9f, 0x1e, 0x60,
    0x4, 0x40, 0x4, 0x40, 0x9, 0xf1, 0xd6, 0x0,
    0x32, 0x11, 0xc, 0x3, 0x8c, 0x3, 0x3a, 0x33,
    0x0, 0x39, 0xd0, 0x2, 0x96, 0x23, 0x0, 0x35,
    0x8e, 0xb8, 0x7, 0x41, 0x0, 0x5c, 0x34, 0x60,
    0x4, 0xc1, 0x5, 0x0, 0x32, 0x80, 0x68, 0x9f,
    0x95, 0x46, 0x0, 0xf1, 0x8e, 0x8b, 0xc7, 0x58,
    0x7, 0x9f, 0x4b, 0x20, 0x94, 0xcc, 0x9e, 0x42,
    0x10, 0xb, 0x2e, 0x0, 0xa2,

    /* U+62E9 "择" */
    0x0, 0x5a, 0x0, 0x7f, 0xf0, 0xeb, 0xff, 0xc2,
    0x1, 0xea, 0x68, 0xff, 0x43, 0x88, 0x47, 0xa5,
    0xf0, 0x4d, 0xc5, 0x74, 0x0, 0x23, 0xce, 0xb8,
    0x1, 0x6e, 0xba, 0x1, 0xce, 0x25, 0x5d, 0xd5,
    0xc6, 0xc0, 0x4, 0x95, 0x7f, 0xd3, 0x41, 0x9f,
    0x80, 0xfe, 0xb, 0x5, 0x98, 0x4b, 0xc9, 0x40,
    0x4d, 0x4f, 0x16, 0xff, 0x3, 0xfc, 0x0, 0xc,
    0x80, 0x21, 0x33, 0xb0, 0xcc, 0x1, 0xe4, 0xff,
    0x8e, 0xff, 0xdc, 0x1, 0x38, 0x27, 0xfc, 0x77,
    0xfe, 0xe0, 0x2f, 0x15, 0x0, 0xff, 0x17, 0xe8,
    0x80, 0x6c, 0x40, 0xc,

    /* U+62FD "拽" */
    0x0, 0x70, 0x80, 0x6e, 0x20, 0xf, 0xfe, 0x1,
    0x80, 0x7f, 0xbf, 0xb8, 0x5b, 0xde, 0xe0, 0xda,
    0x3e, 0xe1, 0xdc, 0x3c, 0xe7, 0x0, 0x36, 0x8f,
    0xb8, 0x6e, 0x8f, 0x35, 0xc0, 0x3f, 0x6e, 0x92,
    0xb5, 0x80, 0x38, 0x88, 0x1, 0x11, 0x0, 0x40,
    0x4, 0xe3, 0x88, 0x1d, 0xc6, 0x8e, 0x61, 0x5,
    0xd0, 0xe6, 0x5e, 0xe5, 0x9f, 0x4a, 0x3, 0xd0,
    0x80, 0x28, 0x0, 0x87, 0x58, 0x40, 0x1f, 0xcc,
    0x9, 0x6a, 0x60, 0x18, 0x56, 0xbb, 0xe8, 0xb,
    0x1c, 0xbc, 0x84, 0xfb, 0xfd, 0x2b, 0x3a, 0x88,
    0x2f, 0xc0, 0x2b, 0x51, 0x0, 0x3f, 0xe8, 0x0,

    /* U+62FE "拾" */
    0x0, 0x1e, 0x80, 0x61, 0xf0, 0xf, 0xfe, 0x4,
    0x83, 0x0, 0x7f, 0x8d, 0xb2, 0x4, 0x2, 0xfc,
    0x2f, 0x60, 0xe9, 0x38, 0xd0, 0xb, 0x68, 0x35,
    0xf1, 0xdc, 0xc, 0xcb, 0x0, 0x13, 0x11, 0x2d,
    0x87, 0xba, 0x0, 0x30, 0x4, 0x6d, 0xf5, 0x7d,
    0xd5, 0x5b, 0xd, 0x60, 0x89, 0xdb, 0x77, 0x8c,
    0x7, 0xec, 0x9c, 0x85, 0xf3, 0x21, 0x70, 0x2,
    0xb8, 0x6, 0x31, 0x18, 0x3, 0xff, 0x90, 0x20,
    0x13, 0x66, 0x46, 0x1, 0x4e, 0xa0, 0x4, 0x7f,
    0xf0, 0x80, 0x53, 0xd0, 0x0, 0x7c, 0x33, 0xb9,
    0x0,

    /* U+6301 "持" */
    0x0, 0xff, 0xe2, 0x69, 0x0, 0x63, 0xc0, 0xf,
    0xf0, 0x89, 0xc4, 0x60, 0xf, 0x8f, 0xb9, 0x65,
    0xdc, 0xc0, 0x9f, 0x2d, 0x93, 0xff, 0x61, 0xff,
    0xb0, 0x27, 0xc7, 0x24, 0xce, 0x43, 0x3c, 0x20,
    0x3, 0x10, 0x8f, 0xf5, 0x6, 0xe7, 0xa0, 0x0,
    0xad, 0xaf, 0x31, 0xbf, 0xd, 0x8a, 0xfa, 0x6,
    0x97, 0xdd, 0xa5, 0xb9, 0x4f, 0xca, 0xa, 0xeb,
    0x7f, 0xd0, 0x9e, 0xa8, 0x40, 0x18, 0x7c, 0x46,
    0x21, 0x0, 0xf9, 0x5d, 0xc0, 0x1f, 0xfc, 0x9,
    0x50, 0xe, 0x3f, 0x12, 0x0, 0x88, 0x7e, 0x70,
    0x0, 0x7f, 0x80, 0x1c, 0x7f, 0xe5, 0x0, 0x0,

    /* U+6302 "挂" */
    0x0, 0x26, 0x0, 0x61, 0xe0, 0xf, 0xfe, 0x8,
    0x80, 0x7f, 0xbf, 0xdc, 0x1f, 0xec, 0x0, 0x7d,
    0x9f, 0xa7, 0x73, 0x3, 0xb9, 0xa0, 0xf, 0xa3,
    0xf4, 0x11, 0x10, 0x8, 0xc0, 0x10, 0x80, 0x1b,
    0x75, 0xe1, 0xbb, 0x30, 0x4, 0x6e, 0x7f, 0xed,
    0x5f, 0xf9, 0xc6, 0xec, 0x0, 0x42, 0x29, 0x48,
    0xa1, 0x17, 0xd1, 0xb9, 0x77, 0x41, 0xdd, 0x0,
    0x10, 0x40, 0x7, 0xfe, 0xd0, 0xff, 0x80, 0x3e,
    0x11, 0x18, 0x8, 0xc0, 0x19, 0xc6, 0x66, 0xa0,
    0x99, 0x98, 0x32, 0xb0, 0x3f, 0xed, 0x8f, 0xf8,
    0x80,

    /* U+6307 "指" */
    0x0, 0xff, 0xe2, 0x1e, 0x80, 0x34, 0xc0, 0x3f,
    0xf8, 0x69, 0x3c, 0xc0, 0x1f, 0x16, 0x77, 0xf6,
    0x30, 0x17, 0xe1, 0x7b, 0x94, 0xf5, 0xb9, 0x23,
    0x16, 0xd0, 0x6b, 0x9, 0x0, 0x6d, 0xe0, 0x26,
    0x22, 0xd, 0x53, 0xff, 0x25, 0x0, 0x46, 0xa8,
    0xdd, 0xff, 0xb4, 0x86, 0x30, 0x71, 0xf7, 0xbb,
    0xbc, 0x1, 0xf2, 0x52, 0x61, 0x9d, 0xd8, 0x0,
    0x2e, 0xa0, 0x11, 0x6e, 0xf0, 0x7, 0xe2, 0xdd,
    0xe0, 0xe, 0x10, 0x1, 0xb9, 0x9e, 0x0, 0xab,
    0x54, 0x0, 0x31, 0x1c, 0x1, 0x57, 0x48, 0x3,
    0xf6, 0xef, 0x78, 0x0,

    /* U+6309 "按" */
    0x0, 0xff, 0xe2, 0x5a, 0x0, 0x6c, 0x50, 0xf,
    0xf0, 0x89, 0x7c, 0x46, 0x0, 0xf6, 0xf7, 0x19,
    0x7b, 0xa0, 0x9f, 0x4b, 0xb0, 0x6f, 0xcf, 0xfc,
    0x0, 0x9f, 0x3a, 0xb7, 0x35, 0xa0, 0x8, 0xc0,
    0x27, 0x11, 0x72, 0xd3, 0x22, 0x50, 0x1, 0xcb,
    0xf2, 0x3, 0xf7, 0x6f, 0x20, 0x44, 0x5c, 0xda,
    0x35, 0xd9, 0x62, 0xca, 0xa0, 0x27, 0x4d, 0xb4,
    0x0, 0xaa, 0x0, 0x56, 0x21, 0x1, 0xb5, 0x4d,
    0xa9, 0x0, 0x7e, 0x9e, 0x64, 0x30, 0xf, 0xc2,
    0xda, 0x98, 0x5a, 0x60, 0x7c, 0xca, 0x19, 0x8e,
    0xb3, 0xbb, 0x40, 0x1f, 0x68, 0x86, 0xd1, 0x80,
    0x4d, 0x60,

    /* U+6362 "换" */
    0x0, 0xff, 0xe2, 0x70, 0x80, 0xb, 0x40, 0x3f,
    0xf8, 0x12, 0x59, 0x8f, 0x60, 0xc, 0x26, 0xa,
    0xdb, 0xd0, 0xa, 0x0, 0x8f, 0xd, 0xba, 0xb1,
    0x6b, 0x60, 0xa, 0x3c, 0x37, 0xc3, 0x66, 0xc0,
    0xf0, 0xc0, 0x21, 0x34, 0x3f, 0xa1, 0xda, 0x0,
    0xe1, 0x72, 0x0, 0xc6, 0x1, 0x92, 0x82, 0xc0,
    0x30, 0x88, 0x3, 0xe, 0x86, 0x49, 0xdf, 0x87,
    0xf0, 0x62, 0x2b, 0x88, 0x5f, 0xf8, 0xcc, 0x9d,
    0xfe, 0x40, 0xf, 0x4b, 0xe0, 0x50, 0x7, 0x8,
    0x15, 0x95, 0x85, 0x86, 0xa8, 0x17, 0x98, 0x7e,
    0xd8, 0x5, 0x53, 0x23, 0x2f, 0xc1, 0xd6, 0x0,
    0xe4, 0xc3,

    /* U+636E "据" */
    0x0, 0x70, 0x80, 0x7f, 0xf0, 0xe3, 0xfb, 0xbc,
    0x1, 0xf3, 0xf7, 0x6f, 0x0, 0x47, 0xf, 0x48,
    0x3b, 0xf3, 0x0, 0x23, 0x87, 0x64, 0x3, 0x47,
    0x84, 0x80, 0x63, 0x0, 0x43, 0xb8, 0x25, 0xdc,
    0x1, 0x9d, 0x42, 0x3b, 0x81, 0xdd, 0x12, 0xd8,
    0xd0, 0x8a, 0x7b, 0x81, 0xdd, 0x10, 0x70, 0xea,
    0x11, 0xb3, 0x1, 0x9a, 0x5, 0x50, 0x4, 0xa3,
    0x43, 0x0, 0x32, 0x1, 0xc4, 0x6e, 0xce, 0xf8,
    0x3, 0xd5, 0x40, 0x11, 0xe0, 0x2, 0x72, 0x82,
    0x38, 0x26, 0xee, 0x0, 0x27, 0x58, 0xe0, 0x1f,
    0xe6, 0x6f, 0x0,

    /* U+6392 "排" */
    0x0, 0x1e, 0x0, 0x6f, 0x8, 0x70, 0xf, 0xfe,
    0x53, 0xb8, 0x0, 0x32, 0xea, 0x1f, 0x87, 0xeb,
    0xdc, 0x0, 0x87, 0x8c, 0x3e, 0xcb, 0xd6, 0x64,
    0x0, 0x18, 0x96, 0x0, 0x38, 0x80, 0xc, 0xc0,
    0x16, 0x19, 0x0, 0x62, 0x24, 0x40, 0x0, 0x29,
    0x8, 0x11, 0x87, 0x3, 0x76, 0x0, 0xc, 0x5b,
    0x6, 0xd1, 0xd3, 0x66, 0x0, 0x28, 0xba, 0x5,
    0x60, 0x2, 0x7f, 0x80, 0x24, 0xf9, 0x0, 0xe1,
    0x33, 0x0, 0x58, 0x86, 0x0, 0x70, 0xf, 0xfe,
    0x4, 0x55, 0x80, 0x7f, 0x80,

    /* U+63A5 "接" */
    0x0, 0x70, 0x80, 0x47, 0x40, 0x1f, 0xe1, 0x11,
    0x2a, 0x8, 0x80, 0x3e, 0xcc, 0x82, 0xf3, 0x10,
    0xd, 0x83, 0x8b, 0xaf, 0xdf, 0xe0, 0xf8, 0x7,
    0xe0, 0xe4, 0x9, 0xa0, 0x74, 0x20, 0x0, 0x90,
    0x93, 0x76, 0xbf, 0x43, 0x77, 0x0, 0x21, 0x64,
    0xee, 0x3c, 0xff, 0xbb, 0x80, 0xd8, 0x1d, 0x39,
    0xcd, 0x59, 0xb9, 0x81, 0x5e, 0x18, 0xbe, 0x38,
    0xfe, 0x3a, 0xe1, 0x32, 0x0, 0xf, 0x11, 0x93,
    0x1b, 0x10, 0x7, 0xb2, 0x63, 0xee, 0x40, 0x3f,
    0x9, 0xb0, 0x15, 0x38, 0x0, 0xbc, 0x85, 0xf3,
    0x1d, 0xfb, 0x98, 0x70, 0x2f, 0xc0, 0x7d, 0x94,
    0x0, 0x15, 0xb8, 0x0,

    /* U+63A7 "控" */
    0x0, 0x70, 0x80, 0x6d, 0x0, 0xff, 0x11, 0x47,
    0x24, 0x50, 0x4, 0x26, 0x3b, 0xfe, 0x17, 0xff,
    0x68, 0xcf, 0x86, 0xc0, 0xef, 0xfb, 0xb7, 0x42,
    0x13, 0xe3, 0xd3, 0x67, 0xe2, 0xb8, 0x3a, 0x20,
    0x1c, 0xdd, 0xc1, 0x5a, 0xc2, 0x0, 0xc4, 0x3f,
    0xc6, 0x0, 0x6b, 0x60, 0x16, 0x1c, 0x4a, 0xa4,
    0xce, 0xf7, 0x8, 0xc0, 0xe5, 0x57, 0xf9, 0x83,
    0xfc, 0x0, 0x9a, 0x10, 0x1, 0xb3, 0xa, 0x99,
    0x80, 0x1f, 0xfc, 0x86, 0x77, 0x8a, 0x1d, 0xe0,
    0x4f, 0x21, 0x30, 0xa, 0x30, 0x3, 0x0,

    /* U+63A8 "推" */
    0x0, 0x69, 0x0, 0x15, 0xca, 0x80, 0x3f, 0xdc,
    0x44, 0x74, 0x0, 0xfc, 0x28, 0x8, 0xf8, 0x86,
    0x15, 0xe5, 0xb7, 0x60, 0xef, 0x54, 0xfb, 0xa,
    0xf2, 0xd9, 0x51, 0xbb, 0xe, 0xdc, 0x0, 0x77,
    0x28, 0x99, 0x85, 0xc, 0x40, 0x33, 0x2c, 0x84,
    0x40, 0x26, 0x10, 0x12, 0x4a, 0x70, 0xa, 0xec,
    0x3b, 0x6a, 0x0, 0xa1, 0xf5, 0x2, 0xee, 0xf,
    0x71, 0xc1, 0xc, 0xc0, 0x11, 0x77, 0x3, 0x79,
    0xc0, 0x3f, 0xc2, 0x60, 0x1f, 0xc5, 0xba, 0x1f,
    0xdd, 0x1, 0xf8, 0x90, 0x5, 0xfe, 0xdc, 0xff,
    0x1, 0xfe, 0x0, 0xf, 0xc8, 0xbc, 0x0,

    /* U+63CF "描" */
    0x0, 0x70, 0x80, 0xb, 0x80, 0x12, 0x80, 0x1f,
    0xfc, 0x9c, 0xd1, 0xdd, 0x35, 0xea, 0x47, 0x8f,
    0x47, 0xc8, 0x77, 0xa, 0x39, 0x63, 0xc3, 0x60,
    0xd0, 0x4c, 0xc8, 0x66, 0x10, 0x0, 0x98, 0x13,
    0xda, 0xab, 0x4, 0x80, 0x32, 0x22, 0xa7, 0x22,
    0xb2, 0x68, 0xe, 0x46, 0xc4, 0x2e, 0x64, 0x93,
    0x60, 0xb, 0x0, 0x7a, 0x86, 0x9e, 0x21, 0xe0,
    0x2, 0x24, 0x40, 0x25, 0x87, 0x8, 0x40, 0xf,
    0xd1, 0x76, 0x4b, 0x80, 0xf, 0xd1, 0x54, 0x4a,
    0x81, 0x4, 0xf2, 0x10, 0x2, 0x75, 0x5f, 0x18,
    0x82, 0x7e, 0x0, 0x22, 0xd1, 0x36, 0x40, 0x0,

    /* U+63D0 "提" */
    0x0, 0x70, 0x80, 0x7f, 0xf0, 0xd3, 0xf3, 0x37,
    0x88, 0x7, 0xc7, 0x11, 0x80, 0x28, 0xd1, 0xf8,
    0x0, 0x8, 0xe0, 0xa, 0x34, 0x7e, 0x0, 0xa6,
    0x70, 0x7, 0xe4, 0xfd, 0xdd, 0xc2, 0x1, 0xc,
    0xbf, 0x7f, 0xbb, 0x9f, 0xed, 0x5, 0xb0, 0x34,
    0xef, 0xe5, 0xae, 0xe6, 0x81, 0x60, 0x51, 0x9b,
    0x0, 0x3e, 0x77, 0x8, 0x1, 0x4c, 0x1, 0x5b,
    0xa3, 0x0, 0xf5, 0x9, 0x5, 0x6e, 0x8c, 0x3,
    0x94, 0x37, 0xd4, 0x3, 0x93, 0xc8, 0x23, 0x8b,
    0xce, 0xbf, 0xe3, 0x4f, 0xc1, 0xd2, 0x2, 0xcf,
    0xfc, 0x60,

    /* U+641C "搜" */
    0x0, 0xff, 0xe2, 0x70, 0x80, 0x4, 0xf4, 0x80,
    0x3f, 0xb3, 0x8, 0x0, 0xbd, 0xa0, 0x12, 0x15,
    0x13, 0xd7, 0x0, 0x5d, 0x9c, 0x1b, 0xc2, 0x98,
    0x29, 0x40, 0x11, 0x26, 0xf, 0xa3, 0xee, 0x10,
    0x80, 0xa, 0x73, 0x0, 0xf8, 0xc0, 0xc4, 0xf8,
    0x3, 0x9d, 0x3, 0x74, 0x3b, 0xaa, 0x70, 0x39,
    0x1a, 0x7f, 0xcc, 0x16, 0x65, 0x40, 0xde, 0x1a,
    0x5f, 0xee, 0x2d, 0xef, 0x70, 0x56, 0x10, 0x1d,
    0x1d, 0xff, 0x48, 0xb0, 0x7, 0x8b, 0x7a, 0x2e,
    0xd8, 0x20, 0x1e, 0x17, 0x67, 0x45, 0x10, 0x1,
    0x79, 0xd, 0x67, 0x73, 0xfb, 0xe7, 0x88, 0x9f,
    0x81, 0x5b, 0x4a, 0x2, 0xd5, 0xc4,

    /* U+642D "搭" */
    0x0, 0x69, 0x0, 0x29, 0x0, 0x1c, 0x20, 0x1e,
    0x27, 0x58, 0x77, 0xc, 0xb8, 0x7, 0xf, 0x80,
    0xff, 0x80, 0xbc, 0x1f, 0xcb, 0x56, 0x16, 0x7e,
    0x46, 0xe0, 0x1f, 0xc7, 0x18, 0x2b, 0x62, 0x1c,
    0x20, 0x18, 0xc4, 0x6, 0xcb, 0xfb, 0xc, 0x3,
    0x16, 0xff, 0x98, 0xa7, 0x9f, 0xa8, 0x17, 0x82,
    0x33, 0x7f, 0x76, 0xfd, 0xe0, 0x7c, 0x25, 0x30,
    0x8e, 0xed, 0x4c, 0x4, 0x40, 0x9, 0x86, 0x66,
    0xe5, 0x10, 0xf, 0x84, 0xce, 0x60, 0xf, 0xe1,
    0x1e, 0x0, 0x8f, 0xc4, 0x80, 0x9, 0x99, 0x80,
    0x23, 0xfc, 0x0, 0x2f, 0xee, 0xdf, 0xc6, 0x0,

    /* U+64AD "播" */
    0x0, 0x70, 0x80, 0x4, 0xd1, 0xa2, 0xc4, 0x3,
    0x8b, 0x2a, 0x6f, 0xb7, 0x42, 0x1, 0xc5, 0xaf,
    0x43, 0x23, 0xa0, 0x9, 0xe1, 0xe8, 0x16, 0x10,
    0x4, 0x40, 0x1, 0x18, 0x16, 0x3c, 0x9c, 0x3c,
    0x7b, 0x80, 0x24, 0x2b, 0x3d, 0x46, 0x2c, 0xce,
    0xc0, 0x8, 0x61, 0x5a, 0x34, 0x20, 0x6c, 0x81,
    0x70, 0xe, 0x36, 0x55, 0x49, 0x85, 0xe0, 0x8,
    0x1b, 0xd3, 0xec, 0x4d, 0xc4, 0x80, 0x54, 0x0,
    0xd9, 0x21, 0x32, 0x60, 0xf, 0xd1, 0x41, 0x54,
    0x40, 0xf, 0xc4, 0x60, 0x66, 0x0, 0x93, 0xc8,
    0x40, 0xf, 0x97, 0x98, 0x20, 0x2, 0x7e, 0x0,
    0x22, 0x91, 0x36, 0xa8, 0x0,

    /* U+64CD "操" */
    0x0, 0x70, 0x80, 0x7f, 0xf1, 0x27, 0xb3, 0x1e,
    0x60, 0x1f, 0xd3, 0x98, 0x30, 0x9, 0xb4, 0x7d,
    0x43, 0xf2, 0xec, 0xe2, 0x0, 0x6d, 0x1f, 0x5b,
    0xd0, 0xc3, 0x9, 0xa0, 0xf, 0x35, 0x46, 0x95,
    0x4a, 0x80, 0x43, 0x28, 0x6, 0xe0, 0x3, 0x10,
    0x1, 0xd0, 0x1b, 0x3c, 0x71, 0x9a, 0x25, 0x81,
    0x48, 0x28, 0xae, 0xe1, 0xfb, 0xb4, 0x3, 0x40,
    0x81, 0x66, 0x39, 0xe7, 0xf3, 0x8, 0x1, 0x8b,
    0x64, 0x91, 0x5, 0xfa, 0x80, 0x19, 0x2e, 0x3f,
    0x3a, 0x32, 0x44, 0x34, 0xc7, 0x7f, 0x8, 0x0,
    0x9f, 0xc2,

    /* U+64CE "擎" */
    0x0, 0x51, 0xa5, 0x80, 0x19, 0x40, 0x31, 0xda,
    0xe5, 0xa5, 0x94, 0x9a, 0xac, 0x7, 0x27, 0xba,
    0xaa, 0x8, 0x76, 0xd4, 0x0, 0x25, 0xaa, 0x9b,
    0xd0, 0x7b, 0x67, 0xa0, 0x40, 0xa0, 0x90, 0x55,
    0xb5, 0x9c, 0x0, 0x2f, 0x1, 0x3, 0x66, 0x6a,
    0x9c, 0xa8, 0x1, 0x76, 0x6e, 0x60, 0xb6, 0x3f,
    0xd8, 0x0, 0x1a, 0xbc, 0x1c, 0xaa, 0x45, 0xac,
    0x80, 0x7, 0x7b, 0xa4, 0x2e, 0xfd, 0x42, 0x0,
    0x8c, 0xf3, 0x99, 0xf0, 0x0, 0xb6, 0xab, 0x18,
    0xd5, 0x6e, 0x2, 0xcc, 0xe9, 0x8c, 0xce, 0x0,
    0xe3, 0xdb, 0x30, 0xf, 0xf1, 0xee, 0x90, 0x3,
    0xc0,

    /* U+652F "支" */
    0x0, 0xf6, 0x20, 0x7, 0xff, 0x20, 0x77, 0x78,
    0xef, 0x77, 0x48, 0xf, 0x77, 0x3, 0xf7, 0x6b,
    0x0, 0x19, 0xfb, 0xc, 0xf1, 0x0, 0xd, 0xdf,
    0x1c, 0x3b, 0xa4, 0x40, 0x27, 0xd8, 0xee, 0x32,
    0xf6, 0xb1, 0x0, 0x49, 0x47, 0xf3, 0x38, 0xd4,
    0xc0, 0x3b, 0xa1, 0x0, 0xe, 0x96, 0x1, 0xe2,
    0xaa, 0x3c, 0xd6, 0x8, 0x7, 0xca, 0x90, 0xd0,
    0x20, 0x1c, 0x6f, 0x7c, 0x19, 0x37, 0xd2, 0xa4,
    0xd, 0xbb, 0x75, 0x1b, 0x75, 0xc, 0xf8, 0x37,
    0x53, 0x8, 0x6, 0x48, 0xcd, 0x0,

    /* U+6536 "收" */
    0x0, 0xfc, 0x20, 0x1f, 0xdc, 0x40, 0xd4, 0x1,
    0xe5, 0x10, 0xd, 0x98, 0x0, 0xf5, 0x98, 0x6,
    0x43, 0x0, 0xff, 0x8c, 0x6f, 0xff, 0x8, 0x7,
    0xa4, 0x3f, 0xda, 0x3e, 0x20, 0x1c, 0xca, 0x46,
    0x8, 0x80, 0xf, 0xb5, 0xa2, 0x83, 0x70, 0x3,
    0xeb, 0x95, 0x72, 0x47, 0x0, 0xc9, 0x22, 0x1,
    0x36, 0xb0, 0x80, 0x8, 0x63, 0xc0, 0x36, 0x6,
    0x0, 0x45, 0x5c, 0xc2, 0x0, 0x2a, 0x6b, 0x20,
    0x9, 0x40, 0x33, 0x65, 0xcc, 0x62, 0x80, 0x79,
    0xab, 0x54, 0x1a, 0xbc, 0x0,

    /* U+6539 "改" */
    0x0, 0xfd, 0x0, 0x1e, 0xaa, 0xd2, 0x2, 0xc0,
    0x1e, 0xcc, 0xcc, 0xe, 0xa0, 0x1e, 0x66, 0x9c,
    0x1, 0x29, 0xff, 0x84, 0x3, 0xc4, 0x15, 0xfe,
    0xe, 0x10, 0xff, 0xb8, 0x24, 0xb4, 0xc, 0x84,
    0x2, 0xce, 0xe8, 0xbd, 0x42, 0xd0, 0x3, 0x10,
    0x8d, 0x24, 0x28, 0xb4, 0x1, 0xfe, 0x9b, 0x13,
    0x0, 0xf2, 0x48, 0x1, 0x1, 0x80, 0x3a, 0xfa,
    0x3c, 0x7, 0x4d, 0xc, 0x0, 0x40, 0x79, 0x86,
    0x5f, 0x4c, 0xbc, 0x70, 0x2e, 0x92, 0x1, 0x9a,
    0x80, 0x5c, 0xd0,

    /* U+653E "放" */
    0x0, 0xa0, 0x3, 0x2a, 0x0, 0x7c, 0x2c, 0x1,
    0x70, 0x7, 0xb, 0x30, 0x7d, 0x94, 0x11, 0x40,
    0x31, 0xfc, 0xb8, 0x7e, 0xa8, 0x77, 0xfc, 0xa5,
    0x2b, 0x33, 0x44, 0x3, 0xfc, 0x58, 0xa0, 0x14,
    0xf7, 0xc1, 0x0, 0x44, 0x60, 0x1a, 0x3c, 0xca,
    0x11, 0x30, 0x6, 0x12, 0x17, 0xe7, 0xdd, 0xb0,
    0x3, 0x38, 0x83, 0xb8, 0x1d, 0x9a, 0x0, 0xc4,
    0xa0, 0x22, 0x1, 0x0, 0x8, 0x4, 0x86, 0x20,
    0x60, 0x7, 0x10, 0x50, 0xa, 0x2c, 0x0, 0x27,
    0x35, 0x97, 0x4c, 0x8, 0xed, 0x5e, 0xb0, 0x78,
    0x49, 0x76, 0x34, 0xb0, 0xaf, 0xa9, 0xa1, 0x0,
    0x26, 0x98,

    /* U+6548 "效" */
    0x0, 0x9c, 0x3, 0x9c, 0x40, 0x3d, 0xae, 0x1,
    0xc, 0x8, 0x4, 0x31, 0x0, 0xb8, 0x80, 0xa1,
    0x80, 0x77, 0x6, 0x57, 0xf0, 0x71, 0xff, 0xd0,
    0x2e, 0xce, 0xea, 0x41, 0x4e, 0xf9, 0x58, 0x8,
    0x61, 0x14, 0x4b, 0x1, 0x87, 0xe8, 0x22, 0x30,
    0x17, 0x31, 0x29, 0x40, 0x88, 0x4, 0xff, 0x4f,
    0x63, 0xdc, 0x29, 0x19, 0x80, 0x5, 0x6c, 0x8a,
    0x8, 0x61, 0x8c, 0x1, 0xc4, 0xa, 0x1, 0x20,
    0xc8, 0x6, 0x86, 0xcb, 0x20, 0x17, 0x6, 0x0,
    0xa1, 0x68, 0xe0, 0x4f, 0xe7, 0x65, 0xc0, 0x89,
    0x82, 0xc, 0x9b, 0x6e, 0x59, 0x4e, 0x54, 0x20,
    0x13, 0x72, 0x80, 0xb, 0x5c,

    /* U+6570 "数" */
    0x3, 0x3b, 0x1, 0x84, 0x2c, 0x3, 0x87, 0xc0,
    0x5, 0x42, 0x4c, 0x1, 0xe6, 0x53, 0x59, 0x17,
    0x60, 0xe, 0x91, 0x90, 0xbe, 0x6e, 0x4f, 0xfa,
    0x42, 0xfc, 0x2, 0xe7, 0x46, 0xf8, 0x79, 0x8,
    0x85, 0x9e, 0xfc, 0x12, 0x86, 0xe8, 0x1, 0xd8,
    0x34, 0x34, 0x9e, 0x42, 0x88, 0x0, 0x7e, 0x55,
    0x2f, 0xf0, 0x9e, 0xc8, 0x40, 0x10, 0xcb, 0xda,
    0x40, 0xa, 0x5a, 0x0, 0xca, 0x41, 0x7c, 0x0,
    0x70, 0xe, 0x1f, 0x1d, 0x33, 0x1, 0xd5, 0x20,
    0xc0, 0x7, 0x29, 0x4c, 0xaf, 0xba, 0x5b, 0xd5,
    0x9, 0xcd, 0x58, 0x7d, 0xf3, 0x5, 0xd3,

    /* U+6574 "整" */
    0x0, 0xac, 0xc0, 0x25, 0x90, 0xc, 0xd9, 0x84,
    0xcc, 0x58, 0x76, 0x0, 0x66, 0xef, 0x19, 0xf9,
    0x24, 0xbe, 0xff, 0x20, 0x62, 0x8e, 0x2e, 0x70,
    0x67, 0xf, 0x20, 0x3, 0x41, 0x34, 0x3b, 0x3a,
    0x98, 0x40, 0x1d, 0x80, 0xe5, 0xe4, 0x66, 0x5a,
    0x0, 0xd, 0x7a, 0x56, 0xcb, 0x6b, 0xce, 0x40,
    0x87, 0xce, 0x82, 0xcf, 0x72, 0x5f, 0x40, 0x44,
    0x1b, 0x5f, 0xbc, 0xff, 0xba, 0xfd, 0x0, 0x2e,
    0xfe, 0x61, 0xf3, 0x39, 0x40, 0x22, 0x90, 0x0,
    0xe6, 0xec, 0xc0, 0x1f, 0x87, 0x37, 0x66, 0x0,
    0x2f, 0xe2, 0xff, 0x9f, 0x3f, 0xf9, 0x80,

    /* U+6587 "文" */
    0x0, 0xf2, 0xa0, 0x7, 0xff, 0x0, 0xe4, 0x3,
    0xe1, 0x1e, 0x70, 0x31, 0x1c, 0x3, 0xdd, 0xe2,
    0xce, 0xed, 0x3, 0xfe, 0x58, 0xff, 0xdc, 0x1b,
    0xf0, 0x1, 0x44, 0x80, 0x69, 0x42, 0x0, 0xe2,
    0x49, 0x0, 0x13, 0xc0, 0x7, 0xd6, 0xe8, 0x12,
    0xe6, 0x1, 0xf0, 0xd5, 0xeb, 0xc0, 0x7, 0xf2,
    0x1, 0x50, 0x7, 0xf2, 0x6a, 0x4c, 0xc2, 0x1,
    0xcb, 0x75, 0x76, 0x6d, 0x2e, 0x82, 0x1, 0xe8,
    0xce, 0x60, 0x1, 0x5d, 0x8f, 0x58, 0x73, 0x5c,
    0x3, 0xc9, 0x7c, 0xc0,

    /* U+65B0 "新" */
    0x0, 0xa4, 0x40, 0x3c, 0x86, 0x0, 0x11, 0x4,
    0x8, 0x8f, 0x73, 0xe1, 0x40, 0x73, 0xc, 0xcc,
    0xc3, 0x14, 0xf6, 0x30, 0xe, 0x7, 0xf8, 0xf0,
    0x51, 0x44, 0x3, 0x84, 0xd8, 0x80, 0x3f, 0x26,
    0x86, 0x49, 0x69, 0xa7, 0xfe, 0x64, 0xcc, 0x44,
    0x3b, 0xd, 0x3f, 0x87, 0xd9, 0x3b, 0x91, 0xe,
    0xe1, 0x8, 0x7, 0x27, 0xec, 0x42, 0xb8, 0xcc,
    0x1, 0xe6, 0x40, 0x7, 0x26, 0xf0, 0x7, 0xc,
    0xb0, 0x2, 0x20, 0x46, 0x1, 0xeb, 0x10, 0x1,
    0x7a, 0x20, 0x3, 0x85, 0x5e, 0x4c, 0x1e, 0x40,
    0x3c,

    /* U+65B9 "方" */
    0x0, 0xf3, 0xa8, 0x7, 0xff, 0x0, 0xa0, 0x3,
    0xe5, 0x5e, 0x0, 0x32, 0xae, 0x0, 0x77, 0x51,
    0x5c, 0xdb, 0xdd, 0x84, 0x2e, 0xe9, 0x2b, 0xbf,
    0x84, 0x3, 0x10, 0x8, 0xf0, 0x7, 0xdc, 0x5d,
    0xdd, 0x40, 0x1e, 0x38, 0xff, 0xd0, 0x60, 0x1c,
    0x28, 0xa0, 0x1b, 0xc4, 0x3, 0x9c, 0xc8, 0x3,
    0x17, 0x0, 0x62, 0x88, 0x0, 0x73, 0x90, 0x4,
    0x5e, 0xe8, 0x1, 0x88, 0x8a, 0x0, 0x1c, 0xa9,
    0x0, 0x17, 0xfb, 0x5c, 0x40, 0x3, 0xce, 0x1,
    0x17, 0xfd, 0x0, 0x10,

    /* U+65E0 "无" */
    0x0, 0xff, 0xe1, 0xb7, 0xff, 0xfa, 0x0, 0xd,
    0xff, 0x8e, 0xff, 0xf4, 0x0, 0x7c, 0x2e, 0x1,
    0xff, 0xc0, 0x22, 0x0, 0x78, 0xaa, 0xb5, 0x85,
    0x57, 0x8c, 0xdf, 0xf8, 0x41, 0xb, 0xff, 0x10,
    0xaa, 0xe3, 0x72, 0xb5, 0x5c, 0x20, 0x1c, 0xf6,
    0x1, 0xff, 0x4a, 0x98, 0x7, 0x8, 0x6, 0x67,
    0xa0, 0xf, 0x69, 0x80, 0x26, 0x34, 0x40, 0xc,
    0x0, 0x12, 0x2b, 0xcb, 0xcc, 0x1, 0x54, 0xff,
    0x72, 0x9, 0x6d, 0x88, 0x4, 0xff, 0xfa, 0x80,

    /* U+65E5 "日" */
    0x8f, 0xff, 0xd2, 0xd, 0xdd, 0xe7, 0x30, 0x11,
    0xfb, 0xc0, 0x3f, 0xf9, 0x4f, 0xff, 0xe8, 0x0,
    0x37, 0x77, 0x9c, 0x0, 0x23, 0xf7, 0x80, 0x7f,
    0xf2, 0x9f, 0xff, 0xd0, 0x0, 0x6e, 0xef, 0x38,
    0x44, 0x88, 0xfa, 0x28,

    /* U+65F6 "时" */
    0x0, 0xfe, 0x3d, 0x0, 0x7e, 0x64, 0x80, 0x1f,
    0xd1, 0x7, 0x20, 0xf, 0xe4, 0x41, 0x5, 0xff,
    0xd8, 0x5f, 0x0, 0x1d, 0x5d, 0xd5, 0x7, 0x40,
    0x66, 0x18, 0x1, 0x42, 0x26, 0x21, 0x0, 0x77,
    0x10, 0x4, 0x50, 0x1, 0xe2, 0x28, 0x1, 0xe,
    0x40, 0x1f, 0xe2, 0x7b, 0x0, 0xe3, 0x31, 0x0,
    0x51, 0x20, 0x1d, 0x10, 0x2, 0x0, 0xfc, 0x37,
    0x72, 0x0, 0x67, 0x0, 0xb8, 0x3, 0xdb, 0xf7,
    0x40, 0x1f, 0xdb, 0xfe, 0x70, 0x0,

    /* U+660E "明" */
    0xff, 0xd0, 0x3f, 0xfe, 0x0, 0x7f, 0xa0, 0x0,
    0x3f, 0xf8, 0x3, 0xff, 0x92, 0x33, 0x38, 0x2,
    0xee, 0x40, 0x5, 0xff, 0x80, 0x2e, 0xe4, 0x1,
    0x8b, 0x36, 0x0, 0xfc, 0x2c, 0xd8, 0x2, 0xcc,
    0x50, 0x38, 0x80, 0x7d, 0xfe, 0xea, 0xc9, 0x66,
    0xc0, 0x7, 0x33, 0xcc, 0xc0, 0xf, 0x40, 0x5,
    0x4e, 0x20, 0x1f, 0xce, 0x10, 0x0, 0x3f, 0xf2,
    0x80, 0x67, 0xb0, 0x8, 0xff, 0xd4, 0x0,

    /* U+6613 "易" */
    0x0, 0x17, 0xf7, 0x7e, 0x0, 0xc5, 0xdd, 0xec,
    0x0, 0xe2, 0xdd, 0xf7, 0x80, 0x71, 0x6e, 0xfb,
    0xc0, 0x38, 0xb7, 0x2e, 0xf4, 0x80, 0x62, 0xd2,
    0xb9, 0x9e, 0xf0, 0x8, 0x74, 0x2f, 0x7b, 0x9b,
    0xdf, 0x60, 0x78, 0xb8, 0xa1, 0xf4, 0x1f, 0x2e,
    0x1f, 0x74, 0xf, 0xa7, 0xb0, 0x62, 0xc1, 0x8c,
    0x7b, 0x44, 0xac, 0xe1, 0xc4, 0x0, 0x6d, 0xb4,
    0x3b, 0xe0, 0x2, 0x68, 0x5, 0x8a, 0x1f, 0x67,
    0xbc, 0x2a, 0x0, 0x62, 0x0, 0x62, 0x86, 0xf6,
    0x80,

    /* U+661F "星" */
    0x0, 0x6e, 0xfe, 0xf4, 0x0, 0xdf, 0xbb, 0xe2,
    0x0, 0xef, 0xcc, 0xf1, 0x0, 0x77, 0xe6, 0x78,
    0x80, 0x30, 0xee, 0xfc, 0xe, 0x1, 0x22, 0x37,
    0x47, 0xfb, 0xb1, 0x80, 0x11, 0xd3, 0xb8, 0x3b,
    0xdd, 0x60, 0x25, 0x5f, 0xf7, 0x7, 0x7b, 0xac,
    0x4, 0xde, 0xcc, 0x87, 0x73, 0x22, 0x0, 0x1d,
    0xee, 0xc1, 0x7b, 0xb1, 0x0, 0x42, 0x3c, 0xc2,
    0x30, 0x1, 0xff, 0xf8, 0x77, 0xff, 0x58,

    /* U+6620 "映" */
    0x0, 0xf8, 0x78, 0x3, 0x7f, 0xe0, 0xf, 0xf7,
    0xf8, 0x1, 0x57, 0x83, 0x76, 0xa0, 0xf, 0x27,
    0xc0, 0x47, 0xa0, 0x7, 0xc8, 0x81, 0x35, 0x0,
    0xb3, 0x0, 0x1f, 0xf7, 0xf8, 0x3, 0x19, 0x0,
    0x71, 0x98, 0x30, 0x7b, 0x4f, 0xfc, 0x34, 0x1,
    0xb7, 0xbd, 0x82, 0x3f, 0xa8, 0x2e, 0xc0, 0x22,
    0x7, 0xaa, 0x8, 0x80, 0x11, 0xc, 0x0, 0x53,
    0x2b, 0xc8, 0x2, 0x4c, 0xe4, 0xd3, 0x80, 0xa5,
    0xa1, 0x60, 0x0, 0xf7, 0x20, 0x2, 0xc3, 0x70,

    /* U+662F "是" */
    0x0, 0x76, 0xe6, 0x7b, 0xcc, 0x3, 0xb3, 0x3e,
    0x20, 0xf, 0x55, 0xdf, 0x88, 0x3, 0xd1, 0x33,
    0xe2, 0x0, 0xe7, 0x98, 0x8f, 0x38, 0x80, 0x5,
    0xbf, 0x33, 0xf2, 0x30, 0x87, 0x77, 0x4c, 0xbb,
    0xb8, 0x6, 0x20, 0xd1, 0x13, 0x44, 0x70, 0x80,
    0x18, 0x40, 0x26, 0xee, 0xc6, 0x1, 0x50, 0x30,
    0x1, 0xbb, 0xb1, 0x80, 0x1c, 0x36, 0x2b, 0x8,
    0x3, 0xc9, 0x3c, 0x5d, 0xac, 0x9f, 0xfc, 0x69,
    0xe4, 0x0, 0x7d, 0xff, 0xf1, 0x80,

    /* U+663E "显" */
    0x0, 0x6f, 0x6e, 0xfb, 0xcc, 0x3, 0xb7, 0x7e,
    0x20, 0xf, 0x76, 0xef, 0x88, 0x3, 0xdd, 0xbb,
    0xe2, 0x0, 0xf7, 0xe6, 0x78, 0x80, 0x3b, 0x37,
    0xab, 0x7a, 0xb7, 0x8c, 0x2, 0x24, 0x13, 0x81,
    0x38, 0x11, 0x48, 0x4, 0x76, 0x40, 0x1e, 0x81,
    0x0, 0x86, 0x60, 0x3, 0x89, 0x20, 0x3, 0x3e,
    0x80, 0x73, 0x68, 0x4, 0x71, 0xf, 0xb1, 0x8b,
    0x1c, 0x98, 0x81, 0x87, 0xfd, 0xb1, 0xfb, 0x1f,
    0xf8, 0x40,

    /* U+666E "普" */
    0x0, 0x95, 0x80, 0x32, 0xa8, 0x3, 0x85, 0xa4,
    0x46, 0x2a, 0x61, 0x0, 0x9b, 0x38, 0xbb, 0xfd,
    0xa1, 0xd9, 0x0, 0x6, 0x48, 0xd1, 0xff, 0xf,
    0xc2, 0x40, 0x5, 0x76, 0x0, 0xf4, 0x58, 0x0,
    0x9d, 0x54, 0xe3, 0x10, 0x18, 0x65, 0x72, 0x31,
    0x16, 0x8c, 0xff, 0xa7, 0xb4, 0x44, 0x2, 0xc5,
    0x77, 0xf8, 0x18, 0x80, 0x2, 0xfb, 0xbe, 0x71,
    0x0, 0xe5, 0xbb, 0xf2, 0x80, 0x78, 0xe6, 0x7c,
    0x80, 0x1e, 0x62, 0x2f, 0x8, 0x7, 0x97, 0x77,
    0xca, 0x1, 0xcb, 0xfb, 0xbe, 0xf7, 0x0, 0x0,

    /* U+666F "景" */
    0x0, 0x56, 0xdd, 0xfb, 0x68, 0x3, 0x9f, 0x33,
    0xcc, 0x1, 0xed, 0x55, 0xf1, 0x80, 0x76, 0xe4,
    0xcb, 0x3a, 0x64, 0x7a, 0x0, 0x16, 0x1d, 0xd8,
    0x4b, 0x76, 0x16, 0x10, 0x11, 0xe8, 0x91, 0x1e,
    0x1, 0x73, 0xab, 0xbf, 0x51, 0xb8, 0x80, 0x4d,
    0x99, 0xe6, 0x10, 0xe, 0x5c, 0xc7, 0xfb, 0x30,
    0xa0, 0x1c, 0x95, 0x4c, 0x77, 0x65, 0xe2, 0x80,
    0x49, 0x7e, 0x80, 0x18, 0xba, 0xcc, 0x7, 0x7e,
    0xc3, 0x17, 0x41, 0x73, 0xe8, 0x6, 0x50, 0xb,
    0x35, 0x40, 0x24, 0x90,

    /* U+6670 "晰" */
    0x0, 0xee, 0x0, 0xca, 0xa0, 0xff, 0x8c, 0x3,
    0x66, 0xfb, 0x1, 0x7a, 0x80, 0x71, 0xe5, 0x18,
    0x6, 0xad, 0x1d, 0x41, 0x10, 0x7, 0xab, 0x3,
    0x10, 0x5d, 0x98, 0x25, 0xca, 0xa, 0xe, 0x0,
    0xf9, 0xe0, 0x2e, 0x50, 0xc0, 0xb2, 0x18, 0x18,
    0x10, 0xc, 0x43, 0x22, 0x1, 0xfa, 0xf0, 0x10,
    0x8c, 0x3, 0x16, 0x21, 0x30, 0x1, 0x5c, 0x3,
    0xf, 0x65, 0x0, 0x59, 0xa0, 0x1b, 0x48, 0x80,
    0x19, 0x94, 0x3, 0x18, 0x7, 0x13, 0x90, 0x18,
    0x0,

    /* U+6674 "晴" */
    0x0, 0xf8, 0x78, 0x3, 0x7f, 0xd0, 0x9b, 0xaf,
    0x1d, 0xd8, 0x87, 0xe8, 0x13, 0xfd, 0x41, 0xff,
    0x10, 0x7, 0x5c, 0x78, 0x44, 0x2c, 0x3, 0x93,
    0xb4, 0xc3, 0x75, 0xc6, 0x3d, 0x40, 0x1, 0x17,
    0x48, 0x8f, 0x75, 0x2, 0x55, 0x74, 0x81, 0x0,
    0x71, 0xe6, 0x68, 0xe0, 0xf, 0xb3, 0x34, 0x8,
    0xc, 0xf0, 0x5, 0x99, 0xa0, 0x40, 0x19, 0xd6,
    0x0, 0xcc, 0xd0, 0x21, 0xa, 0xa3, 0x0, 0x66,
    0x68, 0x10, 0x70, 0xf, 0xd7, 0x3a, 0x0,

    /* U+667A "智" */
    0x0, 0xff, 0xe1, 0xe8, 0x80, 0x7f, 0x94, 0xbb,
    0xf6, 0x13, 0x77, 0x38, 0x5d, 0x4a, 0xec, 0xb,
    0xe6, 0x17, 0xc5, 0x1b, 0x4, 0xcc, 0x6, 0x22,
    0xf0, 0x20, 0x95, 0x49, 0x91, 0x80, 0x71, 0xd6,
    0xa, 0x15, 0x9a, 0x4c, 0xac, 0x6, 0xb7, 0xef,
    0x59, 0x3a, 0xa9, 0xf2, 0x3d, 0x19, 0xb1, 0x59,
    0xdd, 0x38, 0x82, 0x38, 0xee, 0xf9, 0x84, 0x3,
    0x1d, 0xdf, 0x90, 0x3, 0x8a, 0x67, 0xc6, 0x1,
    0xc2, 0x45, 0xe7, 0x0, 0xe3, 0xdd, 0xf2, 0x0,
    0x64, 0xfd, 0xdf, 0x7a, 0x80,

    /* U+6682 "暂" */
    0x0, 0xa8, 0x40, 0x38, 0x95, 0x1, 0x77, 0xd7,
    0x37, 0x4b, 0xf9, 0x3a, 0x0, 0x5c, 0x2e, 0x4d,
    0xd0, 0xa6, 0x5c, 0x20, 0x3, 0x8a, 0x9a, 0xec,
    0x29, 0xbf, 0xed, 0x40, 0xad, 0x90, 0x99, 0x1a,
    0xeb, 0xb6, 0xa1, 0x12, 0xe0, 0x3f, 0xbf, 0x3,
    0xc0, 0x30, 0xec, 0x86, 0xe9, 0xdc, 0x1, 0xc4,
    0xc8, 0x74, 0x3, 0x82, 0xb, 0x40, 0x1a, 0x3a,
    0x37, 0x5f, 0xba, 0xcb, 0x0, 0xe8, 0xdd, 0xf3,
    0x80, 0x7a, 0x73, 0x3c, 0xc0, 0x1e, 0x9c, 0xcf,
    0x30, 0x7, 0xa7, 0x77, 0xcc, 0x1, 0xd1, 0xfb,
    0xbe, 0xf8, 0x0, 0x0,

    /* U+66F2 "曲" */
    0x0, 0x87, 0x80, 0x1c, 0x20, 0x1f, 0xfc, 0xf9,
    0xff, 0x70, 0xff, 0x87, 0xbf, 0xd4, 0x73, 0xda,
    0x1d, 0xc0, 0xde, 0x90, 0x1, 0x89, 0x88, 0xe3,
    0x13, 0x0, 0xff, 0xe1, 0x57, 0xf0, 0xff, 0x87,
    0xbe, 0x98, 0x27, 0xb4, 0x3b, 0x81, 0xbd, 0x2c,
    0x6, 0x26, 0x23, 0x8c, 0x4c, 0x3, 0xff, 0x85,
    0x59, 0xe3, 0x98, 0x1c, 0xc5, 0x0, 0x1b, 0xf7,
    0x3f, 0xd9, 0xde, 0xc1, 0x52, 0x67, 0xfa, 0x68,

    /* U+66F4 "更" */
    0x6f, 0xff, 0xfa, 0xc1, 0xbf, 0xf8, 0xef, 0xff,
    0x58, 0x5, 0x9d, 0xd1, 0xdf, 0x76, 0x10, 0x8,
    0xbf, 0xb8, 0x77, 0xdd, 0x8, 0x7, 0x66, 0xe8,
    0xef, 0x76, 0x0, 0xf6, 0x6e, 0x8a, 0xb7, 0x60,
    0xf, 0x18, 0x88, 0x80, 0x46, 0x0, 0xe5, 0xed,
    0xd0, 0x5e, 0xec, 0x60, 0x1a, 0x7, 0x68, 0xfb,
    0x33, 0x8, 0x4, 0x77, 0xd3, 0x0, 0x1f, 0x85,
    0x68, 0x1, 0x30, 0xa6, 0x42, 0x0, 0x5e, 0xe4,
    0xff, 0xfb, 0x3b, 0x80, 0xbf, 0x6a, 0x0, 0x27,
    0xac, 0xef, 0xe0,

    /* U+66FF "替" */
    0x0, 0xa5, 0x80, 0x32, 0x58, 0x6, 0x8c, 0x69,
    0xc3, 0x4c, 0xb4, 0xcc, 0x0, 0x27, 0x52, 0x34,
    0xd3, 0x64, 0xf7, 0x40, 0xb, 0xb2, 0x45, 0xb3,
    0xdc, 0x9d, 0xd9, 0x2, 0x78, 0x12, 0x5d, 0x64,
    0x1, 0xb2, 0xa0, 0x7c, 0xc1, 0x0, 0x70, 0x9b,
    0x20, 0x22, 0xb1, 0x9b, 0xc0, 0xd2, 0xb2, 0xad,
    0x61, 0xee, 0xd3, 0xe4, 0xfd, 0xc1, 0xf7, 0x5,
    0x34, 0xee, 0xf4, 0x18, 0x88, 0x2, 0x5c, 0xcf,
    0x48, 0x7, 0x97, 0x33, 0xd2, 0x1, 0xe1, 0x1f,
    0xc0, 0x1e, 0x4c, 0xcf, 0x40, 0x7, 0x37, 0xee,
    0xfb, 0xd8, 0x0,

    /* U+6700 "最" */
    0x0, 0x66, 0xe6, 0x7b, 0xc8, 0x3, 0x85, 0xdf,
    0xc0, 0x1f, 0x45, 0xdf, 0x84, 0x3, 0x9a, 0x2e,
    0xfc, 0x60, 0x11, 0x27, 0x47, 0xff, 0xa5, 0x90,
    0x1e, 0x2f, 0x75, 0x76, 0xdd, 0xf0, 0x2f, 0x87,
    0x70, 0x28, 0x40, 0x22, 0xd0, 0x8, 0x4c, 0xc2,
    0x0, 0x2d, 0xd2, 0x0, 0x61, 0x88, 0x8, 0x43,
    0x30, 0xd1, 0x0, 0x11, 0xe6, 0xb, 0x3, 0xb6,
    0x28, 0x0, 0xbc, 0x7d, 0xa4, 0xe5, 0x40, 0x9,
    0x10, 0x4f, 0xf7, 0x6a, 0xdf, 0x67, 0xf0, 0x68,
    0x0,

    /* U+6708 "月" */
    0x0, 0xf, 0xff, 0xe8, 0x0, 0xdf, 0xfe, 0x60,
    0xf, 0xfe, 0x2e, 0xef, 0x98, 0x3, 0xbf, 0xfc,
    0x80, 0x11, 0x89, 0x17, 0xc0, 0x13, 0x18, 0x8f,
    0x8c, 0x2, 0x22, 0x77, 0x79, 0x40, 0x2d, 0x9f,
    0xff, 0x30, 0x0, 0x91, 0xc0, 0x3f, 0xb9, 0xc4,
    0x3, 0xc7, 0xe8, 0xf0, 0x1, 0x9b, 0xfc, 0xe8,
    0x8b, 0x0, 0xe6, 0xff, 0x69, 0x80,

    /* U+6709 "有" */
    0x0, 0xe7, 0x40, 0xf, 0xfe, 0x4, 0x30, 0x7,
    0xc3, 0xff, 0x83, 0x7f, 0xfc, 0x43, 0xfe, 0xe1,
    0xaf, 0xff, 0x88, 0x2, 0x90, 0x72, 0x2e, 0x10,
    0xc, 0x6e, 0x3f, 0xfd, 0xb2, 0x1, 0x1e, 0x9b,
    0x6e, 0xf3, 0x80, 0x47, 0x91, 0x6d, 0xdd, 0xce,
    0x1, 0x1e, 0x30, 0x37, 0x77, 0x38, 0x6, 0x30,
    0x3, 0x66, 0x73, 0x80, 0x7c, 0xbb, 0xbc, 0xa0,
    0x1f, 0x18, 0x8f, 0x18, 0x7, 0xfd, 0x5e, 0xf6,
    0x0,

    /* U+670D "服" */
    0x6, 0xff, 0x9c, 0x7f, 0xfa, 0xc0, 0x27, 0xf7,
    0x3, 0x1f, 0xfa, 0x80, 0x3f, 0xe1, 0x32, 0x0,
    0xcf, 0xee, 0x1, 0x86, 0xbe, 0x0, 0x27, 0xf6,
    0x0, 0xb, 0xbb, 0xbe, 0x80, 0x2, 0x0, 0x10,
    0xa, 0x3c, 0x41, 0x80, 0x1e, 0xfa, 0xe0, 0x1,
    0xa0, 0x62, 0x50, 0x9, 0xbd, 0x0, 0x25, 0x50,
    0xcc, 0x80, 0x5, 0x84, 0x60, 0x1a, 0xb9, 0xcc,
    0x0, 0xce, 0x1, 0xe5, 0x3, 0x0, 0x9, 0x10,
    0x0, 0x20, 0x3, 0xc8, 0x66, 0x2, 0xb0, 0x73,
    0x28, 0x2, 0x69, 0xf2, 0x8d, 0x20, 0x3b, 0x86,
    0x5d, 0x48, 0x5, 0x86,

    /* U+671F "期" */
    0x1, 0xe0, 0x4, 0xb0, 0x7, 0xff, 0xf, 0xff,
    0x80, 0xf8, 0x7f, 0xcd, 0x2c, 0x3f, 0xf0, 0x0,
    0xf8, 0x7f, 0xcd, 0x2c, 0x1, 0xf8, 0x77, 0x4c,
    0x0, 0x1f, 0xee, 0x0, 0x61, 0xdd, 0x30, 0x0,
    0x7f, 0xb8, 0x1, 0x86, 0xec, 0xc0, 0x1, 0x0,
    0xfd, 0x32, 0x40, 0xb, 0x32, 0x0, 0x13, 0x2,
    0x25, 0x46, 0x1f, 0xf0, 0x1, 0xb9, 0xbf, 0xcc,
    0xa8, 0x46, 0x70, 0x1, 0x25, 0x2a, 0x8b, 0x24,
    0x80, 0x1e, 0x86, 0x33, 0x33, 0xfe, 0x0, 0x71,
    0x2d, 0x0, 0x2c, 0xd9, 0x43, 0x3d, 0x0, 0xb4,
    0x40, 0x2, 0x98, 0x0, 0xcf, 0xb0,

    /* U+672A "未" */
    0x0, 0xf6, 0x28, 0x7, 0xff, 0x24, 0x51, 0x31,
    0xe2, 0x26, 0x0, 0x96, 0x23, 0x3, 0x44, 0x60,
    0x9, 0x33, 0x31, 0xd6, 0x66, 0x0, 0xff, 0xe2,
    0x2f, 0xff, 0x1d, 0x7f, 0xf0, 0x2f, 0xfe, 0x20,
    0x5, 0x7f, 0xe0, 0xe, 0xa7, 0x38, 0xb4, 0x0,
    0xf0, 0xd8, 0x50, 0x16, 0xd2, 0x80, 0x65, 0xf2,
    0xa0, 0x8, 0xf2, 0x24, 0x41, 0xae, 0xd2, 0x1,
    0xc5, 0x87, 0xe2, 0xdc, 0xa0, 0x1f, 0xd, 0x78,
    0x80,

    /* U+672C "本" */
    0x0, 0xf6, 0x28, 0x7, 0xff, 0x59, 0x3f, 0xf8,
    0xeb, 0xff, 0x68, 0x26, 0xed, 0x20, 0x26, 0x3b,
    0xb6, 0x0, 0x8, 0xaa, 0xa1, 0x49, 0xb1, 0x10,
    0x40, 0x33, 0x82, 0x80, 0x26, 0x84, 0x3, 0x8e,
    0x78, 0x2, 0x47, 0xa0, 0xc, 0x5b, 0x64, 0x1,
    0xa5, 0xa4, 0x0, 0x98, 0xd3, 0x98, 0x3a, 0xcc,
    0x22, 0x30, 0x5a, 0xe2, 0x30, 0x34, 0x42, 0xf2,
    0x84, 0x94, 0x11, 0x23, 0xc4, 0x41, 0xb, 0x0,
    0x7f, 0xf0, 0xc0,

    /* U+672F "术" */
    0x0, 0xf2, 0xe8, 0x40, 0x80, 0x7f, 0xf0, 0xb,
    0x8, 0x3, 0xfe, 0xa4, 0xe0, 0x8, 0x47, 0x8c,
    0xc2, 0x28, 0xe1, 0x0, 0x6f, 0x76, 0x91, 0xee,
    0xb7, 0x8c, 0x33, 0xfe, 0xe0, 0x2, 0xff, 0xe3,
    0x0, 0xeb, 0x12, 0x65, 0x0, 0xfc, 0xee, 0x80,
    0xeb, 0x40, 0xf, 0x3c, 0xf9, 0x81, 0x55, 0x10,
    0x3, 0x4c, 0xb0, 0x80, 0x24, 0xab, 0x60, 0x1d,
    0x2f, 0x20, 0xe, 0x4b, 0x86, 0x1e, 0xb1, 0x0,
    0xf9, 0x3d, 0x80, 0xc0, 0x3f, 0xc2, 0x0,

    /* U+673A "机" */
    0x0, 0xbc, 0x40, 0x3f, 0xf8, 0x9f, 0xfa, 0x40,
    0x3f, 0xdf, 0xe8, 0x0, 0x93, 0xfc, 0x1d, 0xe4,
    0x1, 0xf2, 0x75, 0x86, 0xf1, 0x0, 0x7e, 0x1c,
    0x7, 0x10, 0xf, 0xf2, 0x85, 0x90, 0x80, 0x7e,
    0x65, 0xb, 0xf2, 0x20, 0x7, 0xd7, 0x20, 0x92,
    0xec, 0x1, 0xe7, 0x41, 0x0, 0x26, 0x18, 0x6,
    0x14, 0x69, 0x0, 0xcb, 0x40, 0x18, 0xf8, 0x40,
    0x33, 0x9, 0x0, 0x61, 0x0, 0xf6, 0xf0, 0x4,
    0x8d, 0x9e, 0x1, 0x78, 0xd9, 0x0, 0x47, 0xfe,
    0x50,

    /* U+6742 "杂" */
    0x0, 0xee, 0x20, 0xf, 0xe1, 0x1c, 0x62, 0x30,
    0x7, 0x4f, 0x74, 0x1d, 0xd8, 0x3, 0xa7, 0xfc,
    0x55, 0xff, 0x0, 0x44, 0x1, 0x16, 0x22, 0x80,
    0x7b, 0x0, 0xab, 0x2e, 0x40, 0xc0, 0x7, 0xdc,
    0x50, 0x2f, 0xe7, 0x0, 0x72, 0x6, 0x77, 0x2c,
    0xe, 0xbf, 0xf1, 0x5f, 0xfe, 0xb0, 0x3e, 0xee,
    0x1a, 0xee, 0xd6, 0x0, 0x10, 0xf5, 0x13, 0x11,
    0x6b, 0x88, 0x4, 0x58, 0xe8, 0x1, 0xb6, 0xd8,
    0x0, 0x38, 0x92, 0x1, 0xc3, 0xf0, 0x20, 0x3f,
    0x21, 0x5e, 0xa, 0x0, 0x2e, 0x10, 0x0, 0x80,
    0x2b, 0xf4, 0x40, 0x3c,

    /* U+6760 "杠" */
    0x0, 0xbc, 0x3, 0xff, 0x88, 0xce, 0xe8, 0x77,
    0x80, 0x38, 0x43, 0xfa, 0xdf, 0xba, 0x4, 0xff,
    0x7, 0x72, 0x65, 0xc1, 0x33, 0x2, 0x7e, 0x6,
    0x70, 0x7, 0xfa, 0xc3, 0x40, 0x3f, 0xe5, 0x6,
    0xa0, 0xf, 0xe5, 0x70, 0x93, 0x0, 0xfe, 0x89,
    0x1, 0x90, 0xf, 0xc8, 0xe6, 0x1, 0xff, 0x25,
    0x80, 0x7f, 0xf0, 0x44, 0x2, 0x8d, 0xd8, 0x37,
    0x65, 0x0, 0xea, 0xee, 0x66, 0x3b, 0xa4,

    /* U+6761 "条" */
    0x0, 0xc9, 0xa0, 0x1f, 0xf1, 0x59, 0x5d, 0xdc,
    0xa0, 0x1c, 0x9a, 0x19, 0x10, 0xd1, 0x60, 0xd,
    0x35, 0x46, 0x82, 0x8, 0xa3, 0x0, 0xdf, 0xe5,
    0x92, 0xec, 0xa5, 0x0, 0xe6, 0x15, 0xb7, 0x43,
    0xa8, 0x30, 0x9, 0xb7, 0xfb, 0xbb, 0x3, 0xfd,
    0x80, 0xfd, 0xf6, 0xa1, 0x2c, 0x51, 0x9f, 0xc0,
    0x22, 0xff, 0xc7, 0x7f, 0xf5, 0x10, 0x0, 0xbf,
    0x6f, 0xce, 0xfa, 0xbe, 0x80, 0x31, 0x7b, 0x80,
    0x43, 0xd2, 0x1, 0x9b, 0x38, 0xc0, 0x35, 0x94,
    0x80, 0x4b, 0xe6, 0x1a, 0x4c, 0x0, 0xbc, 0x0,
    0x8c, 0x40, 0x1b, 0xc4, 0x1, 0x28, 0x0,

    /* U+6765 "来" */
    0x0, 0xf6, 0x28, 0x7, 0xff, 0x0, 0x4c, 0x3,
    0xeb, 0xff, 0xc5, 0x3f, 0xf9, 0x80, 0x17, 0x69,
    0xff, 0x1d, 0x7f, 0x97, 0x18, 0x2, 0x58, 0x10,
    0xc, 0x8e, 0x60, 0x18, 0x5d, 0xc0, 0x1a, 0x24,
    0x2, 0x5c, 0xc2, 0xd6, 0x9d, 0x60, 0x46, 0x60,
    0x12, 0x23, 0x10, 0x1, 0x22, 0x30, 0xa, 0x25,
    0xaa, 0x6e, 0xce, 0x89, 0x0, 0x6a, 0x2a, 0xd,
    0xad, 0x40, 0xc, 0x7a, 0x16, 0x1, 0x25, 0x52,
    0x0, 0xd, 0x95, 0x40, 0xe, 0x4c, 0x4d, 0x16,
    0xd7, 0x0, 0xf8, 0xb3, 0x84,

    /* U+677F "板" */
    0x0, 0xf, 0x0, 0x78, 0x9a, 0x0, 0x3e, 0xfd,
    0xef, 0xef, 0xd0, 0x2, 0x20, 0x50, 0x83, 0xbf,
    0xd9, 0x2a, 0x0, 0xfb, 0xf, 0x40, 0x21, 0x0,
    0xf5, 0xc8, 0x4b, 0x7, 0x73, 0x75, 0xde, 0x1,
    0x60, 0x48, 0x1, 0xd7, 0xfd, 0x6, 0x0, 0x17,
    0x12, 0x50, 0x95, 0x22, 0x7d, 0x80, 0x1a, 0xc2,
    0x1c, 0x44, 0xaa, 0x16, 0x60, 0xd, 0x30, 0x8,
    0x88, 0x3e, 0x20, 0xc2, 0x7, 0x40, 0x12, 0xa8,
    0x10, 0x9a, 0x0, 0x4, 0xe0, 0x16, 0x60, 0x10,
    0x0, 0xe0, 0x1e, 0x15, 0x78, 0xab, 0xc8, 0x91,
    0x0, 0xca, 0xea, 0x58, 0x87, 0x84, 0xc0, 0x1,
    0xe4, 0x87, 0xa2, 0x0, 0x15, 0xb8,

    /* U+6784 "构" */
    0x0, 0xf, 0x0, 0x56, 0x60, 0x1f, 0xf0, 0xa1,
    0x80, 0x7c, 0x62, 0x0, 0x60, 0x77, 0xd4, 0x25,
    0xfa, 0x1f, 0x12, 0x7f, 0xf9, 0x48, 0x9f, 0x1,
    0xfe, 0x2d, 0xd4, 0x44, 0x40, 0x16, 0x4, 0x8f,
    0xbf, 0x80, 0x46, 0x20, 0x6, 0x12, 0x21, 0xef,
    0x30, 0x4, 0x60, 0xea, 0x10, 0x4, 0xc9, 0x88,
    0x2, 0x34, 0xd0, 0x1a, 0x4b, 0xb9, 0x24, 0x2,
    0x26, 0x30, 0x9, 0x0, 0x74, 0x8, 0x40, 0xe0,
    0x3, 0x7d, 0x31, 0xe8, 0x98, 0x7, 0xff, 0x2,
    0xdc, 0x3, 0xfd, 0x5e, 0xd2, 0x1, 0xf, 0x0,
    0x75, 0x7f, 0x18, 0x0,

    /* U+6790 "析" */
    0x0, 0xf, 0x80, 0x79, 0x60, 0x3, 0xf0, 0xd5,
    0xf7, 0x40, 0x1f, 0x95, 0x51, 0xd6, 0xc0, 0x2,
    0xfe, 0xf, 0xf0, 0x21, 0x80, 0x71, 0x74, 0x7,
    0x70, 0x3, 0xf8, 0x70, 0x1c, 0x41, 0x3f, 0xf8,
    0x80, 0xc, 0x16, 0x40, 0x9f, 0xe1, 0xdf, 0x20,
    0x64, 0x9, 0x90, 0x8, 0x7, 0xd7, 0x60, 0x4a,
    0x23, 0x0, 0xf3, 0x29, 0x80, 0x7, 0xb8, 0x1,
    0xe6, 0x80, 0xc, 0x88, 0x0, 0xff, 0x88, 0x86,
    0x1, 0xff, 0x3c, 0x0, 0x7c,

    /* U+679A "枚" */
    0x0, 0xff, 0xe2, 0xf, 0x0, 0x4b, 0x40, 0x1f,
    0xfc, 0xc, 0xd0, 0xf, 0xfe, 0x3, 0xa, 0x26,
    0x4, 0xfe, 0x1f, 0xc5, 0xa, 0x88, 0x5c, 0x8a,
    0x73, 0x87, 0x6d, 0x6, 0x63, 0x87, 0x44, 0x5,
    0x0, 0xc, 0x62, 0x0, 0x44, 0x0, 0x62, 0xa,
    0x4e, 0x55, 0x6, 0xe0, 0x4, 0xce, 0x27, 0x65,
    0xd2, 0x28, 0xe0, 0x15, 0xd0, 0x42, 0x2, 0x8e,
    0x30, 0x80, 0x1d, 0x8, 0x1, 0x80, 0x7, 0x2b,
    0x0, 0x96, 0x0, 0x39, 0x10, 0x3c, 0x20, 0x2,
    0x10, 0xd, 0x15, 0x4e, 0x6f, 0x50, 0xf, 0x41,
    0x62, 0x5, 0x44, 0x4, 0x0, 0x3c, 0x11, 0x44,
    0x1, 0x36, 0x88,

    /* U+679C "果" */
    0x0, 0x76, 0xed, 0xfe, 0xdd, 0xb8, 0x3, 0xbf,
    0x74, 0x39, 0xba, 0xe0, 0xf, 0x67, 0x70, 0x73,
    0xb9, 0xa0, 0x1e, 0xce, 0xe0, 0xe7, 0x73, 0x40,
    0x3c, 0xe6, 0x61, 0x53, 0x32, 0x80, 0x72, 0x74,
    0x40, 0x22, 0x2d, 0x40, 0x8, 0x6e, 0xaa, 0xb,
    0xaa, 0xac, 0x41, 0xb3, 0x37, 0x5, 0x7e, 0x65,
    0x60, 0xdb, 0xb2, 0x98, 0x29, 0x66, 0xea, 0x80,
    0x23, 0xc2, 0xc1, 0x98, 0xc7, 0x0, 0x93, 0x3a,
    0x28, 0x2, 0x4c, 0xfe, 0x80, 0x79, 0xd4, 0x0,
    0xe1, 0x8f, 0xc0,

    /* U+67B6 "架" */
    0x0, 0xbc, 0x3, 0xfe, 0x13, 0x1, 0x18, 0x22,
    0x33, 0x80, 0x33, 0x1, 0x98, 0xe1, 0x70, 0x0,
    0xc8, 0x3, 0x61, 0xb7, 0x4, 0x6, 0x21, 0x60,
    0x1a, 0x74, 0x14, 0x80, 0x3f, 0x5a, 0xb5, 0xcd,
    0x80, 0x3b, 0x98, 0x60, 0x15, 0x14, 0x7a, 0x97,
    0x76, 0xd0, 0x5, 0x88, 0x19, 0x3c, 0x80, 0x78,
    0xbf, 0xfa, 0x97, 0xff, 0x70, 0x17, 0xfe, 0x42,
    0x12, 0xdf, 0xf7, 0x0, 0x64, 0xdd, 0x42, 0x77,
    0xb8, 0x6, 0x5c, 0xfc, 0x60, 0x1, 0xef, 0x6c,
    0x8, 0x67, 0xd8, 0x80, 0x74, 0xe7, 0x88,

    /* U+67D3 "染" */
    0x0, 0xff, 0xe1, 0xac, 0x90, 0x5, 0xe0, 0x1f,
    0x2f, 0x61, 0x80, 0x90, 0x7, 0x89, 0x1f, 0xc7,
    0xf8, 0xbf, 0xd0, 0x1, 0xb7, 0x46, 0x5e, 0xf1,
    0xee, 0x1, 0x8a, 0x72, 0x80, 0x59, 0x40, 0x33,
    0x80, 0x7, 0x7c, 0x75, 0x88, 0x0, 0x25, 0x42,
    0x19, 0x6f, 0x89, 0xc4, 0x16, 0x5c, 0xa2, 0x1e,
    0xe1, 0xb1, 0x4e, 0x7, 0x79, 0x0, 0xdb, 0xff,
    0x8e, 0xbf, 0xf8, 0x1b, 0xfe, 0xa2, 0x21, 0x9b,
    0xbf, 0xe0, 0x8, 0x66, 0x58, 0x33, 0x58, 0xa0,
    0x11, 0x47, 0x8e, 0x8, 0x1, 0xbe, 0x75, 0xc1,
    0x83, 0xe0, 0x3, 0x8b, 0x3b, 0xc0,

    /* U+67E5 "查" */
    0x0, 0xf4, 0xb8, 0x7, 0xff, 0x20, 0xbb, 0xb7,
    0xb4, 0x7f, 0x76, 0x32, 0xee, 0xac, 0x95, 0x8a,
    0xbb, 0xa3, 0x0, 0xa2, 0x18, 0x7d, 0xf3, 0x0,
    0x19, 0xb4, 0x74, 0x78, 0x4b, 0x43, 0x9c, 0x4b,
    0x38, 0xb3, 0x17, 0x59, 0x82, 0xcf, 0x2, 0xa3,
    0x5e, 0xcc, 0xde, 0x85, 0x2, 0x1, 0xba, 0xef,
    0x78, 0x7, 0xee, 0xbb, 0xde, 0x1, 0xf1, 0x76,
    0x66, 0xf2, 0x0, 0xc2, 0x2d, 0xdf, 0xc2, 0x20,
    0x6, 0x7f, 0xff, 0xc0,

    /* U+67F1 "柱" */
    0x0, 0xf, 0x0, 0x64, 0xa0, 0xf, 0xfe, 0x2,
    0x20, 0x80, 0x38, 0xc4, 0x0, 0x23, 0x33, 0x88,
    0x80, 0x7f, 0x43, 0xef, 0xfe, 0x7a, 0xff, 0x18,
    0xfc, 0x87, 0xdf, 0x74, 0x3b, 0xdc, 0x30, 0x6,
    0x83, 0x80, 0x7f, 0xcc, 0x36, 0x60, 0x1f, 0xcc,
    0x81, 0xf7, 0x9f, 0xe1, 0xdf, 0xd0, 0x5, 0xd0,
    0x1c, 0x67, 0xf8, 0x77, 0xf4, 0x9, 0x8, 0x3,
    0xfe, 0x29, 0x0, 0xff, 0xe2, 0x92, 0xac, 0x34,
    0xaa, 0x20, 0xe, 0x7f, 0xf9, 0x4b, 0xfc, 0xe0,

    /* U+6807 "标" */
    0x0, 0x17, 0x0, 0x7f, 0xf1, 0xb, 0xbb, 0xb4,
    0x3, 0xe2, 0xff, 0xec, 0x3, 0xed, 0x1e, 0xb0,
    0x11, 0xf0, 0x1e, 0x18, 0x6c, 0xaa, 0xfc, 0x40,
    0x44, 0x9, 0x3f, 0xfa, 0xa3, 0xfc, 0xc0, 0x66,
    0x13, 0x6a, 0xa8, 0xba, 0xa8, 0x81, 0x34, 0x12,
    0x43, 0x60, 0x14, 0x10, 0x23, 0xa8, 0x1, 0x5c,
    0x3, 0x6d, 0x80, 0x24, 0x3, 0x57, 0x80, 0x4a,
    0x80, 0x88, 0x0, 0x98, 0x10, 0x3, 0x39, 0x0,
    0x71, 0xf0, 0x7, 0x70, 0x7, 0x94, 0x9f, 0xc0,
    0x81, 0x8, 0x0, 0x5e, 0x1, 0x3f, 0xe8, 0x80,
    0x40,

    /* U+6808 "栈" */
    0x0, 0xff, 0xe2, 0xf, 0x0, 0x6f, 0x15, 0x0,
    0xff, 0x84, 0xfa, 0x0, 0x31, 0x88, 0x7, 0xac,
    0x48, 0x1, 0xba, 0xf, 0x75, 0x71, 0xde, 0x7b,
    0x0, 0x6c, 0x7, 0xbf, 0x78, 0x3f, 0xf4, 0x80,
    0x58, 0x12, 0x17, 0xd, 0xe0, 0x8e, 0x20, 0x6,
    0x12, 0x45, 0x86, 0x8f, 0xf8, 0x0, 0xe8, 0x12,
    0xdf, 0xe8, 0x1e, 0xb3, 0x30, 0xcd, 0x1, 0x12,
    0x9d, 0xc2, 0x2a, 0x12, 0x18, 0x20, 0xf, 0x17,
    0x5, 0x0, 0x18, 0x3, 0xce, 0x41, 0x47, 0x0,
    0x1c, 0x75, 0xdc, 0xd2, 0x74, 0xf0, 0xe, 0x7d,
    0xf9, 0x2f, 0xa9, 0x50,

    /* U+680F "栏" */
    0x0, 0xf, 0x0, 0x6, 0x0, 0x2b, 0x10, 0xf,
    0x84, 0xd4, 0x18, 0x4, 0x0, 0x88, 0x14, 0x20,
    0x8f, 0xb, 0x80, 0xb, 0xa0, 0x3d, 0xf3, 0x9f,
    0x8b, 0xa8, 0x1, 0x56, 0x10, 0xbd, 0xfe, 0xcd,
    0xf8, 0x0, 0xb4, 0x38, 0x8, 0xbe, 0x0, 0x98,
    0x5d, 0xc0, 0x1f, 0xce, 0xa1, 0xa, 0xdf, 0xfc,
    0x40, 0x33, 0x40, 0x44, 0x6e, 0xee, 0x20, 0x4,
    0x98, 0x6, 0x11, 0xe0, 0x0, 0xb8, 0x7, 0xff,
    0x16, 0xb7, 0x7e, 0x30, 0xe, 0xbf, 0xff, 0x8c,

    /* U+6837 "样" */
    0x0, 0x1e, 0x0, 0x16, 0x0, 0x27, 0x80, 0xf,
    0x91, 0xc8, 0x1, 0x56, 0x1, 0x38, 0x80, 0x5,
    0x9c, 0x18, 0x4c, 0x1, 0xf6, 0x5e, 0xdc, 0xf5,
    0xf2, 0x7c, 0x41, 0xec, 0x1e, 0xdd, 0xcf, 0xf,
    0xf7, 0x10, 0x1, 0x1, 0x80, 0x21, 0x0, 0xf8,
    0x89, 0x63, 0x7d, 0xc0, 0xee, 0x58, 0x1, 0x90,
    0x6c, 0xef, 0xbc, 0x3b, 0x96, 0x0, 0xbe, 0x6,
    0x20, 0x0, 0x80, 0x71, 0xbb, 0x0, 0x2f, 0xfd,
    0xc1, 0xff, 0x39, 0xd8, 0x5, 0x7f, 0xf0, 0x7f,
    0xce, 0x2, 0x1, 0xff, 0xce,

    /* U+6838 "核" */
    0x0, 0xff, 0xe2, 0xf, 0x0, 0x76, 0x90, 0x7,
    0xff, 0x1, 0xe8, 0x3, 0x8c, 0x40, 0x77, 0x5c,
    0xaf, 0xba, 0x90, 0xed, 0xf, 0x6f, 0xf1, 0x2e,
    0xff, 0xa0, 0x3a, 0x43, 0xdc, 0x84, 0x54, 0x48,
    0x62, 0x0, 0xc0, 0x80, 0x3e, 0x91, 0x8a, 0x10,
    0x9, 0x4, 0xcb, 0x4a, 0x79, 0xf8, 0x2, 0x54,
    0xf, 0x6e, 0xfb, 0x2d, 0x3d, 0x20, 0x8e, 0x4,
    0x40, 0xd5, 0x30, 0xa9, 0x8, 0x8e, 0xa0, 0x16,
    0xe6, 0x3, 0x46, 0x40, 0xa8, 0x3, 0x63, 0x27,
    0x90, 0x88, 0x3, 0xe4, 0xc9, 0xaf, 0xcc, 0x10,
    0x7, 0x4c, 0x4e, 0xa0, 0x3d, 0xa0, 0x0, 0x78,
    0x27, 0x14, 0x3, 0x33, 0x0,

    /* U+6839 "根" */
    0x0, 0xf, 0x0, 0x7f, 0xf1, 0x3f, 0xbb, 0x7a,
    0x80, 0x9, 0x44, 0x88, 0x1d, 0xd9, 0x40, 0x5,
    0x34, 0x12, 0x81, 0x99, 0x94, 0x0, 0x57, 0x21,
    0x6c, 0x1d, 0xd8, 0xc0, 0x35, 0x84, 0x80, 0x8,
    0xb3, 0x0, 0x42, 0x31, 0x18, 0x77, 0xfb, 0x94,
    0x2, 0x65, 0x8, 0x70, 0xe8, 0x7e, 0xf0, 0x0,
    0xcd, 0x1, 0xa0, 0x1, 0x98, 0x79, 0xe0, 0x4c,
    0x60, 0x1c, 0x29, 0x93, 0x40, 0x70, 0x1, 0xf5,
    0x88, 0x7, 0xe1, 0x8, 0xb9, 0xdb, 0x81, 0x0,
    0xe3, 0xf, 0x88, 0x1e, 0x19, 0x0, 0x7, 0x80,
    0xbd, 0xcc, 0x0, 0x56, 0x60,

    /* U+683C "格" */
    0x0, 0xff, 0xe2, 0xf, 0x0, 0x6d, 0x10, 0xf,
    0xfa, 0x9, 0x9e, 0x88, 0x3, 0xe2, 0x75, 0x0,
    0x2b, 0x1, 0x7f, 0xf, 0xe7, 0x86, 0xb9, 0x1a,
    0x1, 0x7c, 0x7, 0xa2, 0xf4, 0xb5, 0xf0, 0x6,
    0xd0, 0x88, 0x86, 0x25, 0x88, 0x3, 0x38, 0xa2,
    0x83, 0x43, 0x31, 0xc0, 0x25, 0x40, 0xec, 0xc5,
    0x64, 0xe6, 0x39, 0x42, 0x68, 0x8, 0x5c, 0xf3,
    0xb1, 0x10, 0xea, 0xc4, 0x0, 0x8d, 0x6e, 0xe9,
    0xf4, 0x92, 0xc0, 0x3f, 0xf8, 0x2, 0x20, 0xe,
    0x53, 0x39, 0x0, 0x3f, 0x8e, 0x22, 0x30, 0xc,
    0x3c, 0x0, 0x6f, 0xbb, 0xbd, 0xc0,

    /* U+6846 "框" */
    0x0, 0x16, 0x80, 0x7f, 0xf0, 0xc7, 0xff, 0xe9,
    0x0, 0xf0, 0xff, 0xfa, 0x4b, 0xf4, 0xbd, 0x81,
    0x7b, 0xfd, 0xdc, 0x52, 0xf8, 0xf, 0x60, 0x5e,
    0xd2, 0xee, 0x28, 0x2, 0xc2, 0xc0, 0x3f, 0xe1,
    0x22, 0x40, 0x17, 0x69, 0x77, 0x0, 0xe, 0x81,
    0x1a, 0x5, 0xda, 0x5d, 0xc0, 0x19, 0xa0, 0x15,
    0x0, 0xfc, 0x6c, 0x20, 0x19, 0xb3, 0x5, 0x98,
    0x52, 0x80, 0xe, 0x7e, 0xcd, 0xee, 0x28, 0x7,
    0x86, 0xa6, 0x7c, 0x1, 0xc3, 0x91, 0x1e, 0xb0,

    /* U+6848 "案" */
    0x0, 0xff, 0xe4, 0x59, 0x80, 0x7d, 0x9d, 0xd9,
    0x33, 0xbb, 0x68, 0x0, 0xbf, 0xb9, 0x73, 0xfd,
    0xd7, 0x90, 0x3, 0x4c, 0x8e, 0x88, 0xb8, 0xf0,
    0x6, 0x27, 0xb0, 0x3e, 0x65, 0xba, 0x98, 0x11,
    0x5d, 0x8d, 0x7a, 0xec, 0x66, 0xfb, 0xb0, 0x80,
    0x5, 0x8f, 0xfe, 0x78, 0x0, 0xe9, 0xb5, 0x45,
    0x6a, 0xa6, 0xea, 0xd4, 0x1, 0x53, 0xba, 0xb0,
    0x25, 0x9d, 0x84, 0x3, 0xdd, 0x7f, 0x7b, 0x47,
    0xf7, 0x37, 0xd0, 0xfb, 0xa8, 0x33, 0x29, 0xc7,
    0x74, 0x80, 0x71, 0xbd, 0x8b, 0xb8, 0x3b, 0x6,
    0x5, 0x1d, 0x90, 0x1, 0x9f, 0x7a, 0xc,

    /* U+6863 "档" */
    0x0, 0xf, 0x0, 0x61, 0xe0, 0xf, 0xe1, 0xd0,
    0x0, 0x80, 0xf0, 0x7, 0x85, 0x90, 0x2, 0x74,
    0x1, 0xfe, 0x1f, 0xae, 0xe0, 0x5, 0x72, 0x3,
    0xee, 0x1f, 0x4b, 0xe0, 0x1, 0xa3, 0x0, 0x8c,
    0x20, 0xa7, 0x2c, 0x23, 0xa4, 0x2, 0x61, 0x37,
    0xff, 0x64, 0xff, 0x98, 0x0, 0xc8, 0x12, 0x6c,
    0xde, 0x0, 0xae, 0xc0, 0x4f, 0xff, 0xe0, 0x2,
    0x20, 0xc0, 0x3, 0xff, 0xe0, 0x2, 0x40, 0x7,
    0xff, 0x4, 0x40, 0x29, 0xff, 0xf0, 0x7, 0xd3,
    0xff, 0xe0, 0x0,

    /* U+68C0 "检" */
    0x0, 0xff, 0xe2, 0x5a, 0x0, 0x6f, 0x40, 0xf,
    0xf9, 0x83, 0x80, 0x38, 0x5c, 0x40, 0x5, 0x1a,
    0x2e, 0x1, 0x47, 0x1d, 0x58, 0xfd, 0x95, 0xda,
    0x0, 0x11, 0xe1, 0x32, 0xc4, 0x63, 0x34, 0x2d,
    0x0, 0xc, 0x26, 0xed, 0xd1, 0x17, 0xe1, 0x80,
    0x2c, 0x13, 0x99, 0xee, 0x2e, 0xc7, 0x0, 0x5,
    0x4f, 0x18, 0x50, 0xf1, 0x9, 0x20, 0x75, 0x0,
    0x35, 0xf0, 0x2a, 0x89, 0xcc, 0x6, 0x40, 0x23,
    0x50, 0xf1, 0xb8, 0x0, 0x30, 0x80, 0x6c, 0x6,
    0x75, 0x40, 0xf, 0x25, 0xcd, 0xdb, 0x4a, 0xe8,
    0x3, 0x96, 0x23, 0x66, 0xc4, 0x80,

    /* U+6977 "楷" */
    0x0, 0xff, 0xe2, 0x5a, 0x4, 0xb8, 0x3, 0x84,
    0x3, 0xff, 0x84, 0x50, 0x1, 0x38, 0x80, 0x23,
    0xe4, 0x6f, 0xf4, 0x17, 0xce, 0xa8, 0x11, 0xf2,
    0x1b, 0xa5, 0x5, 0xf0, 0x7a, 0x0, 0x9, 0xb,
    0x5, 0x10, 0x18, 0x38, 0xb4, 0x62, 0x2e, 0xe3,
    0x90, 0x50, 0x35, 0xd7, 0x6c, 0x56, 0xec, 0x2,
    0x88, 0xd9, 0x7c, 0xf1, 0xcc, 0x90, 0x22, 0x80,
    0x6, 0x29, 0xfe, 0xdd, 0x30, 0x85, 0x38, 0x6,
    0x6b, 0xbc, 0x80, 0x3, 0x0, 0xe4, 0x99, 0xc4,
    0x1, 0xf8, 0x8b, 0x84, 0x3, 0xf3, 0x6e, 0xe3,
    0x0, 0xd6, 0x80, 0x7f, 0xbb, 0xbd, 0x40,

    /* U+6A21 "模" */
    0x0, 0x61, 0x80, 0x5e, 0x0, 0xe1, 0x0, 0xfa,
    0xec, 0x19, 0x63, 0x96, 0x1, 0xb, 0x84, 0x78,
    0x47, 0x84, 0x78, 0x3f, 0x95, 0xd0, 0x92, 0x11,
    0x14, 0xd4, 0x1f, 0xc1, 0xe9, 0x37, 0x40, 0xc,
    0xa4, 0x0, 0x10, 0x38, 0x82, 0xd5, 0x62, 0x0,
    0x94, 0x16, 0xc1, 0xf3, 0x32, 0x80, 0x54, 0x7c,
    0x0, 0x7c, 0xed, 0xc5, 0x10, 0x54, 0x7, 0xa6,
    0xec, 0x59, 0xce, 0x40, 0xcb, 0x0, 0x37, 0x73,
    0xd2, 0xfb, 0xa0, 0x92, 0x0, 0x37, 0x71, 0xd4,
    0xef, 0xb8, 0x1, 0xe2, 0xa5, 0xbd, 0x88, 0x8,
    0x7, 0x3f, 0x66, 0x88, 0xb4, 0x30, 0x40, 0x18,
    0x6f, 0x8c, 0x1, 0xa3, 0x44,

    /* U+6A2A "横" */
    0x0, 0xf, 0x0, 0x58, 0x60, 0x5c, 0x1, 0xf9,
    0x2c, 0xf6, 0xfc, 0x6d, 0x80, 0x3c, 0xb2, 0x11,
    0x32, 0x9, 0x70, 0x6, 0x78, 0xe4, 0x88, 0x0,
    0x44, 0x2, 0x60, 0xf, 0x40, 0xf1, 0x80, 0xbc,
    0x90, 0x88, 0x0, 0xc, 0x0, 0x73, 0x7f, 0xe0,
    0xdf, 0xba, 0x0, 0x90, 0x24, 0xfa, 0xfc, 0x36,
    0xf9, 0x40, 0xa, 0x82, 0x76, 0xb5, 0xc1, 0xb4,
    0x80, 0x14, 0xc8, 0x23, 0x96, 0xfc, 0x2a, 0xd0,
    0x0, 0x8c, 0x40, 0x4a, 0x78, 0x81, 0x98, 0x20,
    0x2, 0x58, 0x4, 0x50, 0x3b, 0x44, 0x32, 0x80,
    0x1, 0x0, 0x84, 0xa5, 0x95, 0xef, 0xc0, 0x3e,
    0xae, 0xf3, 0x2, 0xcd, 0xb0, 0x8, 0x78, 0x2a,
    0x44, 0x3, 0x3d, 0x0,

    /* U+6A59 "橙" */
    0x0, 0x25, 0x80, 0x73, 0x10, 0x7, 0xea, 0xef,
    0xa0, 0x8c, 0x20, 0xc, 0xe1, 0x9e, 0xb2, 0xcb,
    0x8, 0x21, 0xf6, 0x7e, 0x1c, 0x86, 0xf, 0x78,
    0x0, 0xf4, 0xf, 0x70, 0x3d, 0xd1, 0x87, 0x88,
    0x1, 0x1, 0x32, 0xb7, 0x31, 0x7b, 0xa, 0x2,
    0x23, 0xff, 0x5e, 0xe6, 0x37, 0x5c, 0xa0, 0xce,
    0xed, 0x20, 0xcd, 0xd8, 0x48, 0x6, 0xb4, 0x18,
    0x1, 0x9b, 0xb0, 0x80, 0xa, 0x80, 0x36, 0x56,
    0xea, 0xac, 0x40, 0xdc, 0x3, 0x1c, 0x80, 0x25,
    0x80, 0x3f, 0xa, 0x92, 0xa8, 0x80, 0x3c, 0x5d,
    0xc5, 0xca, 0x4e, 0xe2, 0x80,

    /* U+6B21 "次" */
    0x0, 0xf2, 0x90, 0x7, 0xca, 0x1, 0xac, 0x40,
    0x3e, 0xce, 0x40, 0x21, 0x11, 0x17, 0x0, 0x26,
    0xa4, 0x2c, 0x33, 0x36, 0xe8, 0x2, 0x4d, 0x7,
    0xbe, 0x9e, 0xe4, 0xa0, 0x7, 0x41, 0x20, 0x40,
    0x85, 0x70, 0x7, 0x7f, 0x80, 0x40, 0xc4, 0x14,
    0x3, 0x63, 0x18, 0x28, 0x20, 0xe0, 0x6, 0x80,
    0x10, 0x6, 0xd, 0x0, 0x71, 0xbf, 0x0, 0x5,
    0xe8, 0x50, 0x3, 0x73, 0x90, 0x2, 0x95, 0x22,
    0x84, 0x0, 0x4f, 0x0, 0x38, 0xf4, 0xa, 0xf8,
    0x60, 0x54, 0x9, 0xcb, 0x80, 0x14, 0xd6, 0x18,
    0x4, 0x9b, 0x20, 0x1c, 0xfc, 0x60,

    /* U+6B4C "歌" */
    0x0, 0xfc, 0x4e, 0x1, 0x8e, 0xef, 0x7f, 0x9d,
    0x38, 0x3, 0x1e, 0x99, 0xb6, 0xd5, 0xe5, 0xae,
    0xdc, 0x21, 0x59, 0x8a, 0x0, 0xd7, 0x10, 0x11,
    0x0, 0x4, 0x40, 0x13, 0x23, 0xc9, 0x10, 0x1,
    0x5b, 0xaa, 0x0, 0x54, 0x38, 0xaa, 0x1, 0xf0,
    0x3, 0xa1, 0x50, 0xc9, 0x11, 0x0, 0x3d, 0xd9,
    0x43, 0x80, 0x40, 0x2, 0x5, 0x35, 0x4c, 0xa4,
    0x60, 0xd0, 0x20, 0x8, 0xb3, 0xe, 0x1, 0x92,
    0x2c, 0x2, 0x2b, 0xb0, 0x6, 0x87, 0x78, 0x40,
    0xd, 0x54, 0xd0, 0x1, 0xb4, 0x4, 0xe8, 0x2,
    0x44, 0x51, 0xe7, 0xf4, 0x20, 0xec, 0x80, 0x1a,
    0x32, 0x31, 0x0, 0x2a, 0x40,

    /* U+6B63 "正" */
    0x9, 0xff, 0xff, 0x70, 0x2, 0x7b, 0xb6, 0x7,
    0x76, 0xf0, 0x8, 0x47, 0x10, 0x8, 0xf0, 0x6,
    0x30, 0xf, 0xfe, 0x1, 0x68, 0x7, 0xff, 0x1b,
    0xff, 0x30, 0x7, 0xf7, 0x76, 0x60, 0xf, 0xe1,
    0x1c, 0x1, 0xff, 0xd3, 0x89, 0x18, 0x85, 0x84,
    0x47, 0x18, 0x7e, 0x47, 0xfb, 0x63, 0xff, 0x80,

    /* U+6B65 "步" */
    0x0, 0xf3, 0x70, 0x7, 0xf5, 0x0, 0x42, 0x1,
    0xf8, 0x54, 0x3, 0x7f, 0xd8, 0x1, 0xfc, 0x3f,
    0xf6, 0x0, 0x5, 0x98, 0xc, 0xcb, 0x16, 0x6e,
    0x0, 0x77, 0xbf, 0x71, 0x83, 0xbb, 0x84, 0x51,
    0xa, 0x38, 0xf2, 0x88, 0x50, 0x40, 0x80, 0x7,
    0xf4, 0x3, 0xb8, 0x3, 0x16, 0x23, 0x0, 0x6a,
    0x8, 0x0, 0x9d, 0x64, 0x2, 0x3b, 0x7d, 0x0,
    0xcb, 0x0, 0x1, 0xc1, 0x2d, 0x10, 0xc, 0x29,
    0x19, 0xc5, 0xb2, 0x1, 0xc3, 0xf2, 0x33, 0xf4,
    0x40, 0x1e, 0x1e, 0xd9, 0x50, 0xf, 0xe0,

    /* U+6BB5 "段" */
    0x0, 0xc6, 0xc0, 0x1f, 0xc5, 0x1b, 0xc2, 0xf,
    0xfd, 0xee, 0x1, 0x23, 0xfe, 0xb8, 0x1, 0xf9,
    0xc0, 0x31, 0x98, 0x8, 0x43, 0xb8, 0x1, 0xf1,
    0xff, 0xac, 0x1d, 0x0, 0x3e, 0x5d, 0xd5, 0x51,
    0x48, 0x2e, 0xda, 0x80, 0x4, 0x48, 0xfe, 0xc,
    0xc1, 0xfa, 0x80, 0x1, 0xff, 0x58, 0x64, 0x45,
    0x86, 0x1, 0x2d, 0xda, 0x15, 0x5f, 0x70, 0x26,
    0x0, 0xd5, 0x79, 0xb0, 0x89, 0x1f, 0xb0, 0x3,
    0x38, 0x3, 0x64, 0xa, 0xf9, 0xd4, 0x0, 0xd4,
    0xae, 0x84, 0xb, 0x60, 0xac, 0x1, 0xf1, 0xf7,
    0x5f, 0x98, 0xe2, 0x5, 0xa0, 0x1, 0xfd, 0x98,
    0x15, 0x71, 0x0,

    /* U+6BCF "每" */
    0x0, 0x8d, 0x40, 0x3f, 0xf8, 0x1b, 0xa2, 0x2f,
    0x84, 0x2, 0x61, 0x5f, 0xff, 0xb4, 0x0, 0x51,
    0xbb, 0xfd, 0x80, 0x59, 0x7b, 0xff, 0xf4, 0x0,
    0xb, 0x54, 0x3f, 0xe, 0xff, 0xce, 0x1, 0x8c,
    0xc4, 0x7, 0xde, 0xa0, 0x3e, 0x0, 0x5f, 0xc2,
    0xee, 0x62, 0xdf, 0x34, 0x7b, 0x2f, 0xbb, 0xb9,
    0x9f, 0xfb, 0x8b, 0x3e, 0xc0, 0x2, 0xe0, 0x8c,
    0xc1, 0x0, 0x98, 0x6, 0x59, 0xee, 0x59, 0x67,
    0x25, 0x68, 0x5, 0xdc, 0xff, 0xbb, 0xfc, 0x1b,
    0xa0, 0x8, 0x47, 0x8f, 0x30, 0xc4, 0x1, 0xfc,
    0x5b, 0xa9, 0x0, 0x80,

    /* U+6BD4 "比" */
    0x2d, 0x0, 0xcb, 0x80, 0x1c, 0x26, 0x1, 0xff,
    0xd6, 0x7a, 0x0, 0x9, 0x9c, 0x20, 0x14, 0x43,
    0x80, 0x2e, 0xe9, 0x0, 0xad, 0x35, 0x0, 0x3,
    0xbb, 0x28, 0xe, 0x60, 0x80, 0x3f, 0x8d, 0xc0,
    0x3f, 0xfa, 0x1a, 0x40, 0x19, 0x8, 0x3, 0x8c,
    0xce, 0x35, 0xd2, 0x23, 0x0, 0x8, 0x45, 0x40,
    0x59, 0xa6, 0xa1, 0xfe, 0xd7, 0xf, 0xf4, 0x10,
    0x0, 0x77, 0xfe, 0x80,

    /* U+6C14 "气" */
    0x0, 0x90, 0xc0, 0x3f, 0xf8, 0x12, 0xe0, 0x1f,
    0xf2, 0x15, 0x77, 0x7e, 0x0, 0xa6, 0xbb, 0xbf,
    0x80, 0x12, 0xc1, 0xbb, 0xf6, 0x0, 0x15, 0xe5,
    0x77, 0x7e, 0xc0, 0x2, 0xff, 0x77, 0xdf, 0xe0,
    0xc, 0x39, 0xdd, 0xed, 0x10, 0xf, 0xfe, 0x1,
    0x88, 0x7, 0xff, 0x0, 0x40, 0x40, 0x3f, 0xf8,
    0x6, 0x86, 0x60, 0xf, 0xf5, 0xca, 0xa8, 0x3,
    0xfc, 0xee, 0x84,

    /* U+6C34 "水" */
    0x0, 0xf2, 0xe8, 0x7, 0xff, 0x5c, 0x46, 0x20,
    0x1, 0x0, 0x58, 0x80, 0xe, 0xeb, 0x68, 0x0,
    0x61, 0x4e, 0x80, 0xf, 0xf9, 0x34, 0x1, 0x12,
    0x36, 0x1, 0xc2, 0x8c, 0x4, 0xad, 0x60, 0x1e,
    0x94, 0x10, 0x6, 0x9, 0x0, 0x71, 0x3c, 0x0,
    0x45, 0x18, 0x40, 0x10, 0xfb, 0x98, 0x6, 0x66,
    0x61, 0x81, 0x63, 0xc0, 0x7, 0xa2, 0x71, 0xca,
    0xe8, 0x4, 0x8c, 0x40, 0x27, 0xc5, 0x6, 0x0,
    0x26, 0xc5, 0x0, 0x63, 0x20,

    /* U+6C42 "求" */
    0x0, 0xf6, 0x21, 0x58, 0x80, 0x7f, 0xc4, 0x7e,
    0x80, 0x11, 0x9f, 0xeb, 0x9d, 0x20, 0x4e, 0xee,
    0x8, 0xee, 0x52, 0x70, 0x26, 0xfe, 0xec, 0x5,
    0xbb, 0x46, 0x0, 0xf, 0xc, 0x0, 0x44, 0x0,
    0x44, 0x88, 0x0, 0xeb, 0x48, 0x4, 0xa1, 0xd7,
    0x44, 0x2, 0x4b, 0x11, 0x1d, 0xbc, 0xe0, 0x80,
    0x72, 0xa7, 0x81, 0x51, 0x80, 0x79, 0xbb, 0x7c,
    0xc1, 0x55, 0x84, 0x0, 0x4d, 0xad, 0xa1, 0x0,
    0xa1, 0x75, 0x81, 0x63, 0xc, 0x0, 0x20, 0x14,
    0x67, 0x80, 0xa8, 0xf, 0xf8, 0x14, 0x2, 0x39,
    0x0, 0xc3, 0xfe, 0xd1, 0x0, 0xf0,

    /* U+6C47 "汇" */
    0x2, 0x20, 0x7, 0xff, 0x1, 0xb1, 0xcb, 0xff,
    0xf0, 0x82, 0x7e, 0x30, 0xff, 0xfc, 0x20, 0x1,
    0xb6, 0x0, 0xfe, 0x18, 0x10, 0xf, 0xf8, 0x43,
    0xd0, 0x3, 0xfe, 0x8d, 0x60, 0xf, 0xfe, 0x1,
    0x98, 0x3, 0xff, 0x80, 0x3e, 0x20, 0x1f, 0xf4,
    0x38, 0x80, 0x7f, 0x8d, 0xe0, 0x3, 0xfe, 0xf9,
    0x10, 0x1d, 0xdf, 0x90, 0x25, 0xc0, 0xb3, 0xbb,
    0xe5,

    /* U+6C49 "汉" */
    0x5, 0x60, 0xf, 0xfe, 0x2, 0x66, 0x97, 0x7f,
    0x76, 0xf8, 0x0, 0xd, 0x49, 0xd9, 0x7f, 0xe6,
    0xf0, 0xc, 0x82, 0xa6, 0x23, 0x94, 0xc0, 0xb1,
    0x0, 0x25, 0x50, 0x0, 0x49, 0x0, 0xa2, 0x5c,
    0x1, 0xdc, 0x0, 0x32, 0x0, 0x49, 0xac, 0x0,
    0x55, 0x10, 0x4c, 0x80, 0x38, 0xc0, 0x29, 0x88,
    0x29, 0x80, 0x77, 0x90, 0x1, 0xd5, 0xe8, 0x3,
    0x9d, 0xc4, 0x0, 0x20, 0x1, 0x80, 0x61, 0x98,
    0x0, 0x2e, 0x54, 0xe2, 0x0, 0x56, 0xc4, 0x77,
    0x1a, 0xad, 0x75, 0x22, 0x19, 0x1, 0x59, 0xa6,
    0x0, 0x5f, 0x3,

    /* U+6C60 "池" */
    0x3, 0xa3, 0x0, 0xc3, 0xc0, 0x1c, 0x79, 0xac,
    0x50, 0x1, 0xfc, 0xde, 0xe2, 0x80, 0x18, 0x64,
    0x3, 0x8, 0x80, 0x23, 0x1b, 0xf6, 0x10, 0xd7,
    0x0, 0x8e, 0x34, 0x3b, 0x80, 0x17, 0xe4, 0xae,
    0x0, 0x2c, 0x54, 0x0, 0x20, 0x57, 0x4, 0xc5,
    0xa, 0x1, 0xf8, 0xda, 0x84, 0x3, 0xfd, 0x2e,
    0x1, 0xcb, 0x88, 0x1, 0x1a, 0xb0, 0x6, 0x44,
    0x7d, 0x0, 0x5f, 0x20, 0x18, 0x68, 0x4d, 0x24,
    0x14, 0x9c, 0x0, 0x40, 0x1d, 0x9c, 0x7, 0x0,
    0x3, 0x5f, 0xfe, 0x46,

    /* U+6CD5 "法" */
    0x6, 0x50, 0xe, 0xd3, 0x0, 0xc5, 0x76, 0x10,
    0xf, 0xe4, 0xe1, 0x1, 0x22, 0x98, 0x88, 0x1,
    0xa8, 0x6b, 0xfc, 0x15, 0xfe, 0x43, 0x60, 0xa,
    0xf7, 0x45, 0x9b, 0xa4, 0x1f, 0xe3, 0x0, 0xfe,
    0x29, 0xd3, 0x6d, 0xd7, 0x16, 0x6e, 0xb0, 0x0,
    0x62, 0xff, 0xe4, 0x1d, 0xff, 0x70, 0x5, 0xe0,
    0x46, 0x9a, 0x40, 0x44, 0x0, 0x3a, 0x88, 0x4a,
    0x18, 0xe1, 0x0, 0x6, 0x24, 0xd, 0xac, 0x6,
    0x70, 0x1, 0x4c, 0x41, 0x83, 0xbd, 0xf4, 0x2c,
    0x3, 0x0, 0x4, 0xaf, 0xfb, 0x6f, 0x42, 0x84,
    0x1, 0x6a, 0x62, 0x0, 0x4b,

    /* U+6CE1 "泡" */
    0x2, 0x60, 0x9, 0x94, 0x3, 0xf6, 0xe8, 0x82,
    0xc4, 0x3, 0xe2, 0xbb, 0x1a, 0x15, 0x77, 0x6f,
    0x10, 0x9, 0x87, 0xe3, 0xbb, 0x80, 0x28, 0x20,
    0x64, 0x23, 0x38, 0x2, 0x10, 0xfc, 0x6e, 0x4a,
    0x88, 0x60, 0x80, 0x67, 0xc4, 0x8c, 0x7b, 0xb0,
    0x80, 0x80, 0x62, 0x20, 0x1, 0xc, 0xc2, 0x6,
    0x20, 0x1b, 0x44, 0xe, 0x64, 0x80, 0xa4, 0x1,
    0x30, 0x88, 0x1e, 0xa9, 0x1d, 0x32, 0x0, 0xa2,
    0x0, 0x1c, 0x7f, 0xce, 0xa0, 0xe4, 0x80, 0x2,
    0x0, 0xe5, 0xc0, 0xff, 0x0, 0x15, 0xff, 0xfa,
    0x68,

    /* U+6CE2 "波" */
    0x5, 0x80, 0xe, 0xd2, 0x0, 0xe4, 0x2d, 0x10,
    0xf, 0xf0, 0xd4, 0x8f, 0xfc, 0x5b, 0xff, 0x18,
    0x4, 0x80, 0xf, 0xf0, 0xe7, 0xe0, 0x99, 0xb5,
    0x40, 0x38, 0xc4, 0x12, 0x40, 0xfa, 0x14, 0x1,
    0x10, 0x28, 0x86, 0x28, 0x0, 0xf5, 0x44, 0x1d,
    0x23, 0x7d, 0x0, 0x38, 0x8c, 0x70, 0x1d, 0xc4,
    0x64, 0x1, 0x27, 0xb2, 0x9b, 0xb0, 0x5f, 0x80,
    0x68, 0xb3, 0x20, 0xa8, 0xf7, 0x30, 0x9, 0x9,
    0xaf, 0x40, 0x2, 0x1c, 0x1, 0xa2, 0x6, 0x4d,
    0x1e, 0xfb, 0x78, 0xa0, 0xb, 0x66, 0x42, 0x96,
    0x41, 0x64, 0x71, 0x0,

    /* U+6CE8 "注" */
    0x4, 0x30, 0xc, 0x6e, 0x1, 0xe1, 0xda, 0x10,
    0x1, 0x49, 0x0, 0x72, 0xf6, 0x80, 0x88, 0x19,
    0x4, 0x60, 0xc, 0xed, 0xff, 0x3c, 0xff, 0xb0,
    0xd, 0xc0, 0xf, 0xdd, 0x16, 0x77, 0x34, 0xb,
    0x78, 0xc0, 0x3f, 0xc3, 0x54, 0x20, 0xf, 0xfe,
    0x2, 0x0, 0x3f, 0xe2, 0xcf, 0xf3, 0x0, 0x6f,
    0xf, 0xf8, 0x6f, 0xfc, 0xc0, 0x14, 0x38, 0x6,
    0x37, 0x0, 0xe2, 0x68, 0x0, 0xff, 0xba, 0x45,
    0xe2, 0x22, 0x88, 0xc4, 0x8, 0xe1, 0xe0, 0x13,
    0x98, 0x6,

    /* U+6CFC "泼" */
    0x1, 0x0, 0xf2, 0x88, 0x7, 0x36, 0x10, 0x53,
    0x5, 0x4, 0x30, 0x4, 0xf5, 0xe2, 0xa8, 0x64,
    0x33, 0x66, 0x1, 0x36, 0xc8, 0x8a, 0x0, 0xca,
    0x0, 0x4, 0xc0, 0x7, 0x8, 0x42, 0x88, 0x74,
    0x1, 0xee, 0x17, 0xf5, 0x7, 0xdd, 0xe0, 0x1b,
    0xb0, 0x5, 0x21, 0xff, 0x8c, 0x2, 0x72, 0x1,
    0x77, 0x7f, 0xb4, 0x4c, 0x2, 0x68, 0x8, 0x35,
    0x10, 0x98, 0x0, 0xd7, 0xaa, 0xfb, 0x19, 0x4e,
    0xc0, 0x12, 0x80, 0x2b, 0x45, 0x49, 0x60, 0x3,
    0x45, 0xbe, 0x1a, 0x62, 0x4d, 0x40, 0x80, 0xa3,
    0x11, 0xc5, 0x52, 0xdb, 0xcb, 0xc4, 0x52, 0x1,
    0x47, 0x30, 0x0, 0x6b, 0xc4,

    /* U+6D3B "活" */
    0x2, 0x91, 0x0, 0xc2, 0x91, 0x8c, 0x0, 0x21,
    0xf5, 0x8d, 0xfe, 0xb0, 0x86, 0x0, 0xa3, 0x1e,
    0x73, 0xed, 0x21, 0x0, 0x38, 0x88, 0x22, 0x0,
    0xfd, 0x8c, 0x9, 0xdd, 0x5a, 0x77, 0x50, 0x1d,
    0x56, 0x99, 0x94, 0x96, 0x65, 0x20, 0x59, 0x40,
    0x45, 0x98, 0x8a, 0x10, 0x8, 0xc1, 0x22, 0x24,
    0x88, 0x20, 0x6, 0x96, 0xc3, 0xea, 0x9e, 0x33,
    0x0, 0x48, 0xac, 0x18, 0xcd, 0x8c, 0x3, 0x4c,
    0x0, 0x7f, 0xce, 0xc, 0x0, 0xd4, 0x4e, 0x0,
    0xd2, 0x1, 0x2f, 0xfe, 0x30, 0x9, 0xd0, 0x1,
    0x1f, 0x77, 0xbd, 0xc0,

    /* U+6D41 "流" */
    0x5, 0x20, 0xc, 0x52, 0x1, 0xe3, 0xc5, 0x0,
    0x89, 0xc8, 0x3, 0x9b, 0x7e, 0xbf, 0xe1, 0xdf,
    0xf8, 0x40, 0x7, 0x54, 0xfa, 0x3f, 0xf3, 0x77,
    0x89, 0xc0, 0x80, 0xe, 0xf8, 0x1, 0xda, 0x0,
    0x21, 0xf3, 0x6c, 0x1f, 0xee, 0x49, 0xc0, 0xc,
    0xe9, 0x25, 0x66, 0x3f, 0xba, 0x10, 0x8, 0xc4,
    0xb1, 0x43, 0x2, 0x5e, 0x40, 0x21, 0xe0, 0xf,
    0xfe, 0x4, 0xa0, 0x19, 0x80, 0x3f, 0x13, 0xc0,
    0x23, 0x80, 0x71, 0x90, 0x4b, 0x93, 0xa9, 0x0,
    0x72, 0x30, 0xbc, 0x14, 0xc8, 0x6, 0x83, 0xe2,
    0x94, 0x70, 0xb, 0x88, 0x0, 0xe0, 0xdd, 0xa2,

    /* U+6D4B "测" */
    0x0, 0xff, 0xe1, 0x5a, 0x80, 0x7f, 0x68, 0x45,
    0xbe, 0xee, 0xe0, 0x40, 0x8, 0xfc, 0xc3, 0x7f,
    0x4c, 0x24, 0x3, 0xa, 0x0, 0x3c, 0x3, 0xc9,
    0x0, 0x1f, 0xf2, 0x97, 0x8, 0x7, 0xf0, 0xd6,
    0x88, 0x7, 0xfc, 0x60, 0x1f, 0xfc, 0x9, 0x20,
    0x0, 0x80, 0x7c, 0x2c, 0x40, 0x4c, 0x1, 0xf4,
    0xb0, 0x6d, 0x6a, 0xe8, 0x68, 0x4, 0xd4, 0xa,
    0x8f, 0xec, 0x1, 0x89, 0xcd, 0x3f, 0x2, 0xb0,
    0x2b, 0x50, 0xa4, 0x12, 0x80, 0x2a, 0xa, 0xd9,

    /* U+6D6E "浮" */
    0x5, 0x20, 0xe, 0x24, 0x7a, 0x30, 0x3c, 0x85,
    0xde, 0xed, 0xf8, 0x40, 0xdf, 0xe5, 0x57, 0x55,
    0xd4, 0x40, 0x2, 0x17, 0x2, 0x55, 0x48, 0x3b,
    0x85, 0x64, 0x40, 0x12, 0x42, 0xc1, 0xb0, 0xb,
    0xde, 0x61, 0x91, 0xef, 0xeb, 0x20, 0x7, 0xf3,
    0xf, 0xfc, 0xc9, 0x0, 0x10, 0x98, 0x6, 0xf1,
    0xb0, 0xc, 0xbf, 0x5b, 0xb0, 0x36, 0xea, 0xc0,
    0x11, 0x31, 0xff, 0x5, 0x7f, 0xa4, 0x14, 0x14,
    0x8b, 0xa, 0x91, 0x41, 0x70, 0x1, 0xfe, 0x16,
    0x50, 0xa, 0x78, 0x84, 0x2, 0x18, 0x0, 0xd3,
    0xd8, 0x1, 0x80,

    /* U+6D77 "海" */
    0x1, 0x10, 0x4, 0xe0, 0x1f, 0x97, 0xe0, 0x12,
    0x80, 0x3f, 0x27, 0x88, 0xa4, 0xbf, 0xfc, 0x20,
    0x1, 0x97, 0xf, 0xff, 0x84, 0x14, 0x1, 0x75,
    0xfd, 0xdb, 0xdc, 0x7, 0xb0, 0xb4, 0x5b, 0x97,
    0xf9, 0xc0, 0x3, 0x74, 0x61, 0xdc, 0x9, 0xb0,
    0x11, 0x0, 0x4c, 0x3e, 0xf1, 0xfa, 0xbe, 0xd2,
    0xe0, 0x5, 0x9f, 0x2d, 0xc6, 0xff, 0x25, 0xb8,
    0x2, 0x74, 0x8, 0x87, 0xee, 0xe, 0xe0, 0x1,
    0x11, 0x8, 0x3b, 0x91, 0x3c, 0x78, 0x21, 0x6c,
    0x5, 0xfd, 0xdb, 0x7, 0xc4, 0x1, 0x20, 0x1c,
    0x9d, 0x92, 0x1, 0x48, 0x80, 0x72, 0x77, 0x1c,
    0x0,

    /* U+6D88 "消" */
    0x6, 0x60, 0x1, 0x0, 0x18, 0x80, 0x6, 0x0,
    0x25, 0x58, 0x7b, 0x0, 0x67, 0xa0, 0x1, 0x66,
    0x2, 0x60, 0x2, 0x19, 0xf0, 0xc, 0xe0, 0x52,
    0x1, 0x1c, 0x18, 0x15, 0x10, 0x2, 0x2f, 0xe,
    0xfa, 0x5c, 0x8, 0x9a, 0x80, 0x57, 0xf9, 0x8f,
    0x4f, 0x0, 0x45, 0xb8, 0x0, 0x48, 0xb1, 0x80,
    0x64, 0x30, 0x4, 0xe6, 0x67, 0x0, 0xec, 0x0,
    0x56, 0xee, 0x80, 0xc, 0xcc, 0x1, 0xae, 0xed,
    0x0, 0x1a, 0x20, 0x3, 0x5d, 0xda, 0x0, 0x28,
    0x42, 0x0, 0xff, 0x8a, 0x0, 0x3d, 0x1f, 0x38,
    0x0, 0xa2, 0x0, 0x52, 0x80, 0x23, 0xf9, 0x0,

    /* U+6D89 "涉" */
    0x5, 0x60, 0xe, 0x79, 0x0, 0xe7, 0xab, 0x0,
    0x30, 0x7, 0xe2, 0xc3, 0x1, 0x90, 0x3, 0x77,
    0x28, 0x3, 0x40, 0x7, 0x37, 0x72, 0x80, 0xa8,
    0x80, 0xe0, 0x1e, 0x19, 0xde, 0x32, 0xcc, 0x28,
    0x74, 0x0, 0x7e, 0x6f, 0x43, 0x7e, 0x56, 0x77,
    0x29, 0x98, 0x0, 0x22, 0x2, 0x72, 0x0, 0xa3,
    0x0, 0x23, 0xc0, 0x99, 0x0, 0x44, 0xb2, 0x1,
    0x4d, 0x81, 0xb8, 0x67, 0x7c, 0x8, 0x0, 0x91,
    0xc2, 0x0, 0xd, 0x6e, 0xe0, 0xa, 0x58, 0x2,
    0x5b, 0xda, 0xa0, 0x6, 0x19, 0x3, 0xf9, 0xcf,
    0x70, 0xe, 0xa1, 0x3, 0xfc, 0x71, 0x0, 0xe0,

    /* U+6DF1 "深" */
    0x4, 0x30, 0xf, 0xfe, 0x0, 0xec, 0x9f, 0xf7,
    0x7b, 0xc0, 0xb, 0xd8, 0x7, 0xdd, 0xe1, 0x0,
    0xca, 0x54, 0xb8, 0xb, 0xa3, 0x0, 0x52, 0x20,
    0x27, 0x7e, 0xb, 0x78, 0xe0, 0x43, 0xe8, 0x75,
    0x43, 0x71, 0x6a, 0xb0, 0x4, 0x62, 0x9f, 0x20,
    0x51, 0x3, 0xd0, 0x4, 0x40, 0xfd, 0xfe, 0x2c,
    0xff, 0x84, 0x0, 0x96, 0xff, 0xe2, 0x0, 0x5f,
    0xf8, 0x40, 0x11, 0xc0, 0xa, 0x52, 0xaa, 0x10,
    0x4, 0x82, 0x83, 0x41, 0x0, 0xd7, 0x86, 0x0,
    0x88, 0x7, 0x9d, 0x0, 0x4b, 0x5a, 0x60, 0x8a,
    0x1f, 0x20, 0x1c, 0x9e, 0x60,

    /* U+6E05 "清" */
    0x6, 0x40, 0xe, 0xf1, 0x0, 0xe2, 0x99, 0x3e,
    0xec, 0x1f, 0xba, 0x90, 0x2, 0x6e, 0x9f, 0x32,
    0xc, 0xca, 0x40, 0x32, 0x15, 0x54, 0x1d, 0x54,
    0x40, 0x3a, 0x10, 0x6f, 0xf8, 0x27, 0xfc, 0x2,
    0x79, 0x83, 0xdd, 0xcd, 0x9b, 0xb1, 0x83, 0x61,
    0xca, 0xa2, 0x73, 0x49, 0x0, 0x4, 0x40, 0x7b,
    0xbc, 0x22, 0x0, 0x97, 0x40, 0x19, 0x9c, 0x20,
    0x1a, 0x68, 0x1, 0x99, 0xc2, 0x1, 0x19, 0x30,
    0x3, 0x33, 0x84, 0x2, 0x89, 0x0, 0xb3, 0x38,
    0x44, 0x0, 0x37, 0x0, 0xf4, 0x6a, 0x80, 0x0,

    /* U+6E10 "渐" */
    0x4, 0x30, 0x3, 0x18, 0x6, 0x34, 0x0, 0xe,
    0xc0, 0x50, 0x5, 0xfd, 0xc2, 0x0, 0x2f, 0xf7,
    0xf, 0x39, 0xc3, 0x35, 0x80, 0x21, 0x6f, 0x3e,
    0xe3, 0x89, 0x0, 0x47, 0xa8, 0x8, 0x8c, 0x10,
    0x15, 0x58, 0xe, 0x64, 0x99, 0x60, 0x18, 0xab,
    0x44, 0x13, 0x51, 0xb0, 0xb9, 0x85, 0xca, 0x44,
    0x3, 0x6f, 0x97, 0x30, 0x7, 0xd0, 0xc4, 0x5,
    0x2c, 0x60, 0x1e, 0x62, 0xae, 0x2, 0x16, 0x0,
    0xe5, 0x24, 0xcf, 0x2b, 0x13, 0x0, 0xe9, 0x90,
    0x30, 0x80, 0x2b, 0x0, 0x39, 0x94, 0x3, 0x1b,
    0xa0, 0x7, 0x50, 0x6, 0xd2, 0xb0, 0x6, 0x88,
    0x0,

    /* U+6E29 "温" */
    0x0, 0x20, 0x7, 0xff, 0x0, 0xbf, 0xa, 0x7b,
    0xbb, 0xd8, 0x0, 0x57, 0x22, 0x17, 0xdd, 0x8c,
    0x3, 0x94, 0xc2, 0xf7, 0x71, 0x80, 0x6, 0x8c,
    0x2, 0xbd, 0xdc, 0x60, 0x1, 0xee, 0x40, 0x2,
    0x33, 0x31, 0x80, 0x49, 0xb2, 0x13, 0x9b, 0xbb,
    0x98, 0x3, 0x10, 0xee, 0x67, 0xac, 0x3, 0x69,
    0x1e, 0x6, 0xf, 0xf2, 0x80, 0x4c, 0xa4, 0x2,
    0x2, 0x6, 0x20, 0x1a, 0xfc, 0x3, 0xfe, 0x61,
    0x40, 0xf, 0xfb, 0x61, 0x38, 0x7c, 0xbc, 0xfb,
    0x47, 0x42, 0xd1, 0x1f, 0xff, 0xda,

    /* U+6E32 "渲" */
    0x1, 0x10, 0x7, 0x40, 0x7, 0x9f, 0xd4, 0x3,
    0x22, 0x80, 0x73, 0x6f, 0x57, 0xf7, 0xe, 0xbb,
    0x9e, 0x20, 0x3, 0xb3, 0x9e, 0xe7, 0xfb, 0xb8,
    0x20, 0x2e, 0x0, 0xa1, 0xee, 0xea, 0xb1, 0xd,
    0xd1, 0x99, 0xff, 0xfa, 0xd4, 0x6, 0xa0, 0x42,
    0x72, 0xab, 0x70, 0x6, 0x52, 0x0, 0x5d, 0xf0,
    0x7, 0xb0, 0x1, 0x79, 0x98, 0x3, 0x99, 0xc0,
    0x17, 0x99, 0x80, 0x3a, 0x3c, 0x3a, 0xf7, 0x71,
    0x0, 0x4e, 0xa8, 0xf, 0xbb, 0xe0, 0xb, 0x20,
    0x3b, 0xff, 0xf3, 0x5, 0x98, 0x77, 0xff, 0xe6,

    /* U+6E56 "湖" */
    0x1, 0x0, 0xff, 0xe0, 0x36, 0xa0, 0x2c, 0x80,
    0x3f, 0xf0, 0x3f, 0x18, 0x7, 0xf, 0xf8, 0x2,
    0x32, 0xca, 0x6c, 0x60, 0xc, 0x56, 0x6b, 0xb2,
    0x9a, 0xc3, 0xfe, 0x2, 0xee, 0x18, 0x99, 0x8,
    0xf, 0xf8, 0x0, 0xba, 0x75, 0x2d, 0x0, 0x1f,
    0xca, 0xa6, 0x71, 0x15, 0xd8, 0x2, 0x76, 0x19,
    0x91, 0x0, 0x22, 0x0, 0x15, 0x20, 0x6, 0x53,
    0x38, 0x0, 0x82, 0x43, 0xdc, 0x2d, 0x40, 0xd,
    0x14, 0x3, 0xdd, 0x3d, 0x0, 0x67, 0x60, 0xf0,
    0x3, 0xb8, 0x9b, 0x90, 0x2c, 0x0, 0x20, 0x6,
    0x90, 0x6e, 0xb0,

    /* U+6E90 "源" */
    0x3, 0x20, 0xf, 0xfe, 0x3, 0x63, 0xa7, 0xff,
    0xe4, 0x5, 0xff, 0x1, 0xff, 0xc7, 0xdf, 0xe4,
    0x0, 0xc, 0x0, 0xe, 0x70, 0xe2, 0x60, 0xf,
    0xc, 0x0, 0xe8, 0x1f, 0x95, 0xac, 0x7, 0x3a,
    0x80, 0x12, 0x44, 0x5e, 0x1, 0x2f, 0x20, 0x80,
    0x16, 0xaa, 0x90, 0xf, 0x19, 0x1, 0xbb, 0xca,
    0x1, 0x96, 0x7b, 0x8b, 0xa1, 0x22, 0x2b, 0x0,
    0xa7, 0x10, 0xc3, 0x18, 0x5b, 0x80, 0x24, 0x24,
    0x34, 0x9c, 0x0, 0xaa, 0xc0, 0x11, 0x9, 0x55,
    0x3, 0x0, 0x44, 0xe8, 0xa, 0xc5, 0xb, 0x6d,
    0xc6, 0x21, 0x28, 0x12, 0x14, 0x40, 0x6, 0xed,
    0x0, 0xc0,

    /* U+6ED1 "滑" */
    0x1, 0x10, 0x7, 0xff, 0x1, 0x71, 0xc1, 0xbb,
    0x77, 0x70, 0x4, 0x9b, 0xe4, 0x22, 0x77, 0x66,
    0x0, 0x3d, 0x4, 0x2f, 0x4c, 0x1, 0xc3, 0x2,
    0xd, 0xc, 0xe7, 0x12, 0x2e, 0x62, 0x1e, 0x91,
    0x10, 0xc7, 0xf4, 0xda, 0x84, 0x6a, 0x98, 0x66,
    0x37, 0x31, 0x48, 0x60, 0x3, 0x1d, 0xe2, 0x99,
    0xc7, 0xa, 0x0, 0x1d, 0x0, 0x3f, 0xfe, 0x0,
    0xe9, 0x70, 0x4, 0xe6, 0x60, 0xc, 0x2f, 0x0,
    0x9, 0xcc, 0xc0, 0x1a, 0x14, 0x80, 0x13, 0x99,
    0x80, 0x37, 0xc0, 0x7, 0xb3, 0x50, 0x2, 0x62,
    0x0, 0x43, 0x0, 0x33, 0x6c, 0x0,

    /* U+6EDA "滚" */
    0x1, 0x0, 0xe2, 0x60, 0xf, 0x4d, 0x89, 0x19,
    0x9a, 0x58, 0xce, 0x0, 0x46, 0x55, 0x22, 0x1e,
    0x5b, 0xf1, 0x0, 0x9, 0xee, 0x20, 0xd5, 0xb2,
    0x5d, 0x60, 0x28, 0x0, 0x7e, 0xe4, 0x39, 0x64,
    0x38, 0x1c, 0x40, 0x77, 0x2d, 0x5e, 0x47, 0x30,
    0x5, 0x84, 0x15, 0x6b, 0x2c, 0x78, 0x76, 0x1,
    0x50, 0xba, 0xb5, 0x4e, 0xcc, 0x80, 0x32, 0x3b,
    0xbc, 0x92, 0x3d, 0xa1, 0xc0, 0x2f, 0x13, 0xf6,
    0xb7, 0x69, 0xe4, 0x0, 0x12, 0x8f, 0xba, 0x0,
    0x2d, 0xb8, 0xc0, 0x10, 0xcf, 0x98, 0x73, 0x77,
    0x46, 0xa0, 0x1, 0xe4, 0x1, 0x27, 0x0, 0x6f,
    0x72, 0x41, 0xa2, 0x0, 0xff, 0x5b, 0x88, 0x2e,
    0x90,

    /* U+6EE1 "满" */
    0x7, 0x10, 0xb, 0x84, 0x1a, 0x40, 0x3b, 0xdf,
    0x74, 0x3f, 0xb2, 0xdb, 0xa3, 0x7, 0xa5, 0xdd,
    0x6, 0x6c, 0x36, 0xe8, 0xc0, 0x8, 0x67, 0x50,
    0x99, 0xb4, 0xcc, 0x8, 0x60, 0x53, 0x2b, 0xc9,
    0xb9, 0x98, 0x45, 0xb0, 0x75, 0x4b, 0x6a, 0x5e,
    0xaa, 0xa, 0xfe, 0x6, 0x7d, 0x37, 0xae, 0x7c,
    0x80, 0x5, 0x0, 0x17, 0x13, 0xe7, 0xf2, 0x1,
    0xa9, 0x0, 0x15, 0x0, 0x6c, 0x1, 0x89, 0x10,
    0x2, 0xf, 0x2b, 0x62, 0x1, 0x43, 0x0, 0x3a,
    0xe1, 0x22, 0x40, 0x23, 0x59, 0x0, 0x7b, 0xf,
    0x12, 0x8, 0x0, 0x64, 0x40, 0x38, 0xc2, 0x6b,
    0xc0,

    /* U+706B "火" */
    0x0, 0xf5, 0xb0, 0x7, 0xff, 0x1, 0xc0, 0x3f,
    0x84, 0x40, 0x11, 0x80, 0x44, 0x1, 0x9e, 0xc0,
    0x2, 0x20, 0xb, 0xd8, 0x2, 0xaf, 0x0, 0x13,
    0x80, 0x10, 0xd8, 0x0, 0x66, 0x50, 0x9, 0xc0,
    0x1f, 0x0, 0x14, 0x48, 0x1, 0x3, 0x40, 0x9d,
    0x80, 0x2b, 0x60, 0x6, 0xa3, 0x89, 0x60, 0x7,
    0xc4, 0xd2, 0xf0, 0x1, 0xfd, 0xcc, 0x50, 0xec,
    0x1, 0xe1, 0xc7, 0x90, 0x1d, 0x89, 0x0, 0x86,
    0x39, 0x6c, 0x2, 0x3c, 0x2e, 0x91, 0x1b, 0x64,
    0x3, 0x8a, 0xf7, 0x84,

    /* U+706F "灯" */
    0x0, 0xbc, 0x40, 0x3f, 0xf8, 0x6a, 0xcd, 0xe2,
    0x0, 0xf1, 0x7f, 0xb6, 0x7f, 0xcc, 0xc, 0x20,
    0xa, 0x69, 0x95, 0x4, 0xc9, 0x3, 0x40, 0x4,
    0xc2, 0x1, 0xf9, 0x84, 0x2a, 0x0, 0x3f, 0xb,
    0x80, 0x21, 0x0, 0x3f, 0xd, 0x10, 0x88, 0x3,
    0xfe, 0x71, 0x30, 0xf, 0xfb, 0x13, 0x4c, 0x3,
    0xf8, 0x5a, 0x77, 0x80, 0x3f, 0xad, 0x88, 0xf0,
    0x4, 0x44, 0x1, 0x89, 0xa0, 0x0, 0x21, 0x1d,
    0x8c, 0x1, 0x16, 0x8, 0x6, 0x9f, 0xf4, 0x80,
    0x40,

    /* U+7070 "灰" */
    0x0, 0xd6, 0x40, 0x1f, 0xfc, 0x4, 0x30, 0xf,
    0xef, 0xf8, 0x3b, 0xff, 0xda, 0x0, 0xff, 0x59,
    0x7f, 0xd7, 0xdf, 0xed, 0x0, 0xc4, 0xe0, 0x15,
    0x98, 0x7, 0xd9, 0xa4, 0x80, 0x2, 0x9, 0x0,
    0xe4, 0x42, 0x99, 0x0, 0x11, 0x40, 0x32, 0x1,
    0xda, 0x30, 0xc, 0xf8, 0x6, 0xf6, 0xa, 0x3c,
    0x9, 0xc3, 0x0, 0x91, 0x12, 0xc, 0xd, 0x6c,
    0x60, 0x11, 0x54, 0x88, 0x2, 0x91, 0x15, 0xe2,
    0x0, 0x28, 0x60, 0x2b, 0x6a, 0x4, 0xac, 0x30,
    0x3, 0x0, 0xe1, 0xe0, 0x4, 0xf7, 0xe0, 0x18,
    0x7a, 0x0, 0x39, 0xb0, 0x0,

    /* U+7075 "灵" */
    0x0, 0x6f, 0xff, 0xf0, 0x6, 0xdf, 0xff, 0xc0,
    0x1c, 0x79, 0x9f, 0x68, 0x7, 0x1e, 0x67, 0xe0,
    0xe, 0xce, 0xef, 0xbc, 0x40, 0x36, 0x77, 0x54,
    0xfd, 0xd8, 0x3, 0xe, 0x0, 0xc, 0xc0, 0x16,
    0x8, 0x5, 0x8, 0x0, 0x95, 0x0, 0x33, 0x88,
    0x0, 0x56, 0x0, 0x84, 0x94, 0x2a, 0x40, 0x21,
    0xc0, 0x1e, 0x7f, 0x85, 0xc2, 0x0, 0xc2, 0xfe,
    0xb0, 0x5f, 0x38, 0xa2, 0x0, 0xcf, 0xed, 0x90,
    0x1, 0x64, 0xff, 0x98, 0x37, 0xa4, 0xc0, 0x39,
    0x6b, 0x98,

    /* U+70B9 "点" */
    0x0, 0xf5, 0x28, 0x7, 0xff, 0x0, 0xc4, 0x70,
    0x7, 0xcd, 0x3d, 0xd9, 0x0, 0x3c, 0xd5, 0xff,
    0x90, 0x0, 0xf1, 0x12, 0xc4, 0x62, 0x0, 0xa4,
    0x3f, 0xd1, 0x5f, 0xe6, 0x60, 0x6, 0x97, 0x7f,
    0x10, 0x7, 0xff, 0x14, 0xfb, 0xff, 0xc6, 0xe0,
    0x16, 0x7f, 0xfd, 0xc6, 0x0, 0x2f, 0x15, 0x80,
    0x58, 0x8, 0x90, 0x4, 0x30, 0x89, 0x1, 0x18,
    0x25, 0xd1, 0xd, 0x0, 0xe0, 0x1, 0x42, 0xb,
    0xd4, 0xc0, 0x1, 0xe0, 0x2, 0x88, 0x16, 0x40,

    /* U+70ED "热" */
    0x0, 0xff, 0xe2, 0xf8, 0x4, 0x3c, 0x1, 0xff,
    0xc7, 0x1f, 0xf0, 0x7c, 0xf7, 0x7, 0xb9, 0xe0,
    0x1, 0xff, 0x7, 0xcf, 0x61, 0x77, 0x80, 0x7c,
    0x48, 0xe, 0xc0, 0x22, 0x0, 0x96, 0x43, 0xf,
    0x2c, 0x80, 0x38, 0xe7, 0x83, 0x9f, 0x1, 0x90,
    0x3, 0x1e, 0x38, 0x4, 0x83, 0x74, 0x80, 0x48,
    0x4, 0x80, 0x4, 0xaa, 0x27, 0xa1, 0x59, 0x83,
    0x74, 0x80, 0xd2, 0x0, 0x84, 0x12, 0x82, 0xa,
    0x9, 0x21, 0x48, 0x2, 0x24, 0x81, 0x9c, 0x86,
    0x0, 0x9c, 0xc2, 0xa4, 0x6, 0x38, 0x0, 0x22,
    0x7, 0x40, 0x66, 0x18, 0xf1, 0x0, 0x38, 0x42,
    0x5c, 0x1, 0xa6,

    /* U+7130 "焰" */
    0x0, 0xff, 0xe1, 0xac, 0x80, 0x43, 0xa0, 0x1f,
    0xf3, 0x20, 0x7, 0xfd, 0xd, 0xff, 0x18, 0x40,
    0x1, 0x5e, 0x1b, 0xfd, 0x64, 0x60, 0x80, 0xe,
    0x6, 0x80, 0x4, 0xf0, 0xb, 0x18, 0x1f, 0x69,
    0x51, 0xc1, 0x82, 0xe0, 0x8a, 0x21, 0xd1, 0xc9,
    0x7d, 0xa8, 0xdf, 0xc0, 0xa1, 0x68, 0xfd, 0xe6,
    0x0, 0x4c, 0x0, 0x8, 0x6, 0x30, 0x8, 0xd9,
    0x80, 0x7b, 0xa6, 0xdd, 0x8, 0x31, 0xe5, 0x19,
    0xb7, 0x4d, 0xbc, 0x22, 0x88, 0x6, 0x99, 0xb3,
    0x38, 0x55, 0xd0, 0x4, 0xb, 0xbb, 0x48, 0x24,
    0x80, 0x49, 0xa4, 0x59, 0x3c,

    /* U+7247 "片" */
    0x0, 0xf8, 0xf8, 0x3, 0xcf, 0x20, 0x1f, 0xfd,
    0xa6, 0xff, 0xb0, 0x7f, 0xed, 0x0, 0x97, 0xbb,
    0xf6, 0x0, 0x3c, 0xc4, 0x7f, 0x80, 0x2, 0xdf,
    0xfe, 0xa0, 0xc, 0x51, 0xbb, 0xce, 0x20, 0x19,
    0x10, 0x45, 0xde, 0x1, 0x94, 0x8c, 0x3, 0xfd,
    0x14, 0x1, 0xfe, 0x26, 0x70, 0xf, 0xf1, 0x58,
    0x7, 0xcf, 0x60, 0x0,

    /* U+7248 "版" */
    0x6, 0x90, 0xe0, 0xc, 0x48, 0xd2, 0x1, 0xf0,
    0xff, 0x7f, 0xbb, 0xc4, 0x3, 0xe1, 0xed, 0xb8,
    0x61, 0x0, 0x18, 0x8c, 0x60, 0x1f, 0xcb, 0xc1,
    0xc8, 0x3d, 0xdb, 0xc4, 0x0, 0xdd, 0xd2, 0x9,
    0x6f, 0xe0, 0x8, 0x0, 0x47, 0x0, 0x2d, 0x85,
    0x90, 0x0, 0x2f, 0xfe, 0x60, 0x34, 0xe0, 0xed,
    0x0, 0x7c, 0x7b, 0x80, 0x88, 0xd9, 0x10, 0xe0,
    0x2, 0x20, 0x4, 0xcc, 0x8, 0xb6, 0x10, 0x3,
    0xb8, 0x2, 0xcd, 0x2, 0xf, 0x0, 0x9, 0x90,
    0x4, 0xe9, 0x15, 0x72, 0xe0, 0x52, 0x1, 0x72,
    0xa8, 0xb1, 0x32, 0xd0, 0xdc, 0x1, 0x10, 0xb6,
    0xa1, 0x2, 0xc4,

    /* U+7259 "牙" */
    0x5, 0xff, 0xff, 0x38, 0x1, 0x7e, 0xff, 0xf7,
    0x7, 0xf9, 0xc0, 0x23, 0x90, 0xf, 0xfe, 0x2,
    0x20, 0x3, 0xff, 0x81, 0x9e, 0x23, 0x8c, 0x4,
    0x60, 0x9, 0x27, 0xbb, 0x68, 0x77, 0x44, 0x0,
    0xff, 0xdc, 0x4e, 0x1f, 0xf1, 0x0, 0x71, 0xfd,
    0xc8, 0x7, 0xe1, 0x8d, 0xa6, 0x0, 0xf8, 0x5f,
    0xcb, 0xd0, 0x3, 0xe1, 0xec, 0xda, 0x10, 0x13,
    0x0, 0xe1, 0xeb, 0x30, 0x1, 0xf6, 0x30, 0x6,

    /* U+72B6 "状" */
    0x0, 0xff, 0xe2, 0xe2, 0x0, 0x5e, 0x28, 0x20,
    0x1f, 0xfc, 0x2, 0xa0, 0x2, 0x60, 0x7, 0xe6,
    0x6, 0x4, 0x68, 0x0, 0xf0, 0x84, 0xb8, 0x2,
    0xcc, 0xf, 0x75, 0xc1, 0xdb, 0xf8, 0x20, 0x36,
    0x5, 0xdc, 0xa0, 0x9e, 0xe8, 0x40, 0x23, 0x13,
    0x30, 0x3, 0x8c, 0xe0, 0x0, 0xe0, 0x6, 0xc5,
    0x40, 0xc, 0x59, 0x66, 0x1, 0x2f, 0xb2, 0x0,
    0x4b, 0x6e, 0x1, 0x29, 0xaf, 0xc8, 0x4, 0xec,
    0x1, 0xd, 0xd8, 0x10, 0x60, 0x3, 0xc3, 0xa8,
    0xa0, 0xe, 0x68, 0x0, 0xec, 0x6a, 0x0, 0x8b,
    0xc, 0x40,

    /* U+72EC "独" */
    0x18, 0x3, 0x50, 0xb, 0x4c, 0x3, 0x9, 0x4f,
    0x0, 0x7f, 0xd4, 0xc6, 0xa0, 0x1f, 0xe7, 0x5,
    0xe, 0xe8, 0xb3, 0xbf, 0x1, 0x2f, 0x50, 0x1,
    0x9c, 0x59, 0xd4, 0x0, 0x4c, 0x20, 0x20, 0xf,
    0xf9, 0x40, 0x40, 0x3f, 0xc7, 0x64, 0xe1, 0xbe,
    0x59, 0xf4, 0x0, 0x4d, 0xa6, 0xe, 0xff, 0x16,
    0x7d, 0x60, 0x2e, 0xa3, 0xb8, 0x3, 0xd6, 0x60,
    0x26, 0x2, 0x40, 0x19, 0x8c, 0xa0, 0x2, 0x23,
    0x5a, 0xbd, 0x2a, 0xe2, 0x42, 0xf, 0xd9, 0x72,
    0xd9, 0xdf, 0xde, 0x27,

    /* U+7387 "率" */
    0x0, 0xff, 0xe4, 0x53, 0x80, 0x7d, 0x77, 0xcb,
    0x17, 0x7c, 0x21, 0xff, 0xb8, 0x2b, 0xbf, 0xf0,
    0x81, 0xf2, 0x23, 0xad, 0x21, 0xd6, 0x58, 0x0,
    0xe5, 0x90, 0x95, 0xd0, 0x59, 0x4, 0x1, 0x47,
    0x56, 0xac, 0x0, 0xf2, 0x80, 0x43, 0x1e, 0x98,
    0x66, 0xa9, 0xe8, 0x0, 0xb7, 0xf6, 0x40, 0xb5,
    0xdd, 0xa3, 0x40, 0xc, 0x70, 0xfe, 0x30, 0x8e,
    0x9, 0xa0, 0x4f, 0xfe, 0x66, 0x7f, 0xf2, 0x23,
    0xff, 0x99, 0x9f, 0xfc, 0x80, 0x1f, 0xfd, 0x0,

    /* U+73AF "环" */
    0x0, 0xff, 0xe1, 0x47, 0xfd, 0x35, 0xff, 0xf0,
    0xc7, 0x8f, 0x4d, 0x7f, 0xa8, 0xbf, 0xe1, 0x0,
    0xfd, 0x6a, 0x1, 0xff, 0x20, 0x89, 0x0, 0x25,
    0xf1, 0xe4, 0x0, 0x50, 0xd, 0x10, 0x1, 0x7c,
    0x35, 0x2, 0x95, 0x36, 0xfc, 0x40, 0x21, 0x30,
    0x84, 0xa0, 0x2, 0xa5, 0x80, 0x78, 0x70, 0x40,
    0x29, 0xd0, 0x8, 0x6e, 0x24, 0x80, 0x39, 0xc1,
    0x78, 0x72, 0x40, 0x3f, 0x9f, 0x39, 0x84, 0x3,
    0xf8, 0x88, 0x1, 0xff, 0xc0,

    /* U+73B0 "现" */
    0xf, 0xfd, 0x5d, 0xdd, 0xf8, 0x0, 0xfd, 0x1f,
    0xa0, 0xfe, 0xce, 0xb0, 0xf, 0xf0, 0xe0, 0x7,
    0xff, 0x1e, 0xf4, 0x7d, 0x40, 0x3f, 0xaf, 0x7,
    0xd4, 0x0, 0x66, 0x0, 0xf0, 0x80, 0x70, 0xb0,
    0x7, 0xfa, 0x5, 0x19, 0x55, 0x20, 0x1c, 0x8c,
    0xc0, 0xa7, 0xc1, 0x50, 0x3, 0x70, 0xc1, 0x84,
    0x36, 0x80, 0x7, 0x3, 0x6b, 0xb1, 0x5d, 0xa8,
    0x2, 0x26, 0xb, 0x61, 0xb, 0xb7, 0x89, 0xbe,
    0x77, 0x80, 0x74, 0xe0, 0x82, 0x76, 0x6a, 0x80,

    /* U+7403 "球" */
    0x0, 0xfd, 0x69, 0x2, 0x0, 0x7d, 0xfd, 0x90,
    0xe, 0xdc, 0x0, 0x2c, 0x5, 0xd0, 0x8c, 0xc4,
    0x94, 0x40, 0x4a, 0x2e, 0x39, 0x91, 0x4e, 0x57,
    0x80, 0x71, 0x4e, 0xe8, 0x17, 0x7a, 0x41, 0xfc,
    0x79, 0xf2, 0x0, 0xe, 0x1c, 0x0, 0x7f, 0xd,
    0x78, 0x52, 0x12, 0xaa, 0x20, 0x4, 0x26, 0x0,
    0xf1, 0x10, 0x33, 0x80, 0x7e, 0x6e, 0x14, 0x60,
    0xe, 0x18, 0x95, 0xaf, 0x5e, 0x65, 0x0, 0x3f,
    0x0, 0x85, 0xe1, 0x0, 0xf5, 0xa8, 0x26, 0x7c,
    0x5e, 0x10, 0x38, 0x16, 0x70, 0x19, 0x0, 0x8,
    0x93, 0xe0, 0xa0, 0x56, 0x0,

    /* U+7406 "理" */
    0x9f, 0xfb, 0x2e, 0xd5, 0x9f, 0x54, 0xd0, 0x9f,
    0x2d, 0xc0, 0x8a, 0xf4, 0xa8, 0x0, 0xfc, 0xc6,
    0xaa, 0x36, 0x0, 0xfd, 0xd3, 0x63, 0x3e, 0x0,
    0x4b, 0x2c, 0x60, 0x8a, 0xe4, 0xa9, 0x0, 0x25,
    0xd, 0x30, 0x6f, 0x62, 0x76, 0x0, 0x42, 0x6c,
    0x17, 0xdc, 0xb3, 0xee, 0x68, 0x7, 0xff, 0x19,
    0x59, 0xff, 0xd6, 0x7f, 0xf0, 0x2d, 0x95, 0x83,
    0xff, 0xac, 0xff, 0xe0, 0x1f, 0xf6, 0x2b, 0xbd,
    0xe6, 0xef, 0x1a, 0x20, 0x0, 0xff, 0xf1, 0xbf,
    0xfc, 0xe0,

    /* U+751F "生" */
    0x0, 0x99, 0x41, 0x30, 0x3, 0xfa, 0xc4, 0x3,
    0xfe, 0x32, 0x50, 0x11, 0x0, 0x7e, 0x90, 0xef,
    0xa2, 0xff, 0xda, 0x0, 0x35, 0xef, 0xf5, 0x9f,
    0xfe, 0xd0, 0x7, 0xc8, 0x80, 0x7f, 0xda, 0xc0,
    0x1f, 0xfc, 0x1, 0x7f, 0xfa, 0xcf, 0xff, 0x28,
    0x4, 0xff, 0xf5, 0x17, 0xfe, 0x50, 0xf, 0x84,
    0x40, 0x1f, 0xfc, 0x98, 0x8f, 0x1c, 0x47, 0x20,
    0x7, 0x91, 0xc0, 0x3c,

    /* U+7528 "用" */
    0x0, 0x7f, 0xff, 0x90, 0x2, 0xff, 0x87, 0x3f,
    0xe3, 0x0, 0xf8, 0xc0, 0x3f, 0xae, 0xe2, 0xcb,
    0xb8, 0xc0, 0x37, 0xfc, 0x11, 0xff, 0x0, 0x72,
    0x24, 0x48, 0x98, 0xc0, 0x2, 0x1, 0x8d, 0xc0,
    0x21, 0x0, 0x18, 0x7f, 0xc3, 0x7f, 0xf1, 0x0,
    0x1d, 0x3f, 0xe2, 0xcf, 0xf8, 0xc0, 0x1f, 0x80,
    0x1f, 0xe2, 0x56, 0x0, 0xfc, 0x2e, 0xae, 0x20,
    0x1c, 0x9f, 0xe0, 0x27, 0x80, 0xd, 0xa6, 0x9f,
    0xed, 0x10,

    /* U+7535 "电" */
    0x0, 0xee, 0x30, 0xf, 0xfe, 0x39, 0xff, 0xe1,
    0xcf, 0xfc, 0x20, 0x1, 0xee, 0x82, 0xbb, 0xa0,
    0xc, 0x62, 0x39, 0x84, 0x60, 0xc, 0x5d, 0xd0,
    0xe7, 0x74, 0x1, 0x87, 0xfe, 0xb, 0xff, 0x80,
    0x31, 0x88, 0xe7, 0x11, 0x80, 0x31, 0x77, 0x43,
    0x9d, 0xd0, 0x6, 0x1f, 0xf8, 0x2b, 0xfe, 0xe4,
    0x23, 0xe1, 0x1c, 0xc2, 0x3b, 0xd0, 0x3, 0x8d,
    0x44, 0x62, 0x45, 0x0, 0xea, 0x9e, 0xeb, 0x50,
    0xc0,

    /* U+753B "画" */
    0xef, 0xff, 0xf2, 0xf7, 0xff, 0xf9, 0x40, 0x6,
    0x89, 0xe0, 0xa, 0x7, 0xb9, 0xb7, 0xdb, 0x60,
    0xe6, 0xc6, 0x17, 0x25, 0x72, 0x21, 0x8c, 0x1,
    0x66, 0xb, 0xf0, 0x40, 0x3d, 0xf8, 0x39, 0x81,
    0x0, 0xf1, 0x81, 0x98, 0x3, 0xf7, 0xf1, 0x77,
    0x4, 0x3, 0xb7, 0xb9, 0xfe, 0xef, 0x0, 0xdf,
    0x99, 0xf9, 0x3, 0x3b, 0xff, 0xf0, 0x80,

    /* U+754C "界" */
    0x0, 0x73, 0xb3, 0x3e, 0x59, 0x91, 0xa0, 0x1c,
    0xcd, 0xd, 0xb3, 0x2c, 0x3, 0xd9, 0xba, 0x1d,
    0xdb, 0x80, 0x3d, 0x9b, 0xa1, 0xdd, 0xb8, 0x3,
    0xd1, 0x34, 0x33, 0x53, 0x20, 0xe, 0xac, 0x45,
    0xa2, 0x5e, 0xf9, 0x0, 0xcd, 0xcd, 0xeb, 0x37,
    0x3a, 0xa0, 0x2, 0xac, 0xc0, 0x20, 0x1, 0x80,
    0x7e, 0x88, 0x99, 0xee, 0xc0, 0x1d, 0x3f, 0x84,
    0xc, 0x24, 0x44, 0x0, 0xe1, 0x60, 0x8, 0xfd,
    0xc0, 0x3f, 0xc5, 0xb5, 0x0, 0x1f, 0xe2, 0xe7,
    0x0, 0xc5, 0xc0, 0x18,

    /* U+7559 "留" */
    0x0, 0x8e, 0x4c, 0x3, 0xc5, 0xfb, 0x1e, 0x5f,
    0xfe, 0x0, 0x6d, 0xb8, 0xff, 0x17, 0xf9, 0x0,
    0x80, 0xb0, 0x0, 0xae, 0x1, 0xf1, 0x30, 0x77,
    0x80, 0x89, 0x4b, 0xbd, 0x21, 0x85, 0x4d, 0xc8,
    0x91, 0x9b, 0x71, 0xf6, 0x13, 0x94, 0xbf, 0x9d,
    0xc8, 0x6e, 0xe2, 0x20, 0xc0, 0x93, 0xb9, 0xe3,
    0xdd, 0x8, 0x4, 0xb7, 0x6c, 0x1b, 0xb8, 0x3,
    0x1d, 0x53, 0xc2, 0xaa, 0x0, 0xc6, 0xcc, 0xa0,
    0x66, 0x80, 0x38, 0x45, 0xd2, 0x23, 0x0, 0x55,
    0xec, 0xdf, 0x78, 0x80,

    /* U+7565 "略" */
    0x0, 0xfa, 0xc, 0x3, 0x7f, 0xed, 0x2, 0x72,
    0x11, 0x0, 0x7, 0x7, 0x0, 0x1e, 0x19, 0x8e,
    0x60, 0x33, 0x29, 0x84, 0x14, 0x6f, 0x8b, 0x0,
    0x71, 0x1f, 0x52, 0xfd, 0x80, 0xb, 0x93, 0x82,
    0xc7, 0xa8, 0x54, 0x0, 0x5c, 0x9c, 0x40, 0x7c,
    0x85, 0x0, 0x1e, 0x2a, 0xe9, 0xbf, 0x2e, 0x40,
    0xc, 0x20, 0x57, 0xfc, 0xa8, 0x82, 0xb4, 0xb3,
    0xe4, 0xff, 0x9f, 0x40, 0x63, 0x23, 0xc0, 0x3f,
    0x41, 0x9c, 0x40, 0xc4, 0x51, 0x80, 0x18, 0x3,
    0x8b, 0xba, 0x40, 0xf, 0x93, 0xf3, 0x2f, 0x70,

    /* U+756A "番" */
    0x0, 0xf8, 0x91, 0xa0, 0xc0, 0x24, 0xcd, 0xdb,
    0xf3, 0xb9, 0xe2, 0x1, 0x26, 0x8f, 0xe9, 0xd5,
    0x36, 0x88, 0x3, 0xd, 0x58, 0x6, 0x89, 0x0,
    0x97, 0xb9, 0x2d, 0xe7, 0x7e, 0x55, 0xda, 0xb,
    0xdc, 0xf8, 0x22, 0x31, 0x67, 0x73, 0x40, 0x23,
    0xcd, 0xd0, 0xec, 0xec, 0x88, 0x0, 0xef, 0x17,
    0x91, 0x48, 0x2d, 0x3a, 0xc4, 0x5b, 0x29, 0xba,
    0x6a, 0xdc, 0x7, 0xf1, 0x26, 0x37, 0x99, 0x1c,
    0x4c, 0x93, 0xd0, 0x3, 0x2d, 0xd8, 0xee, 0xe6,
    0x0, 0xf2, 0xdd, 0x8e, 0xee, 0x60, 0xf, 0x2e,
    0xe8, 0xef, 0x74, 0xc0, 0x1c, 0xbf, 0xba, 0xff,
    0x6e, 0xbd, 0xc0, 0x0,

    /* U+767D "白" */
    0x0, 0xe7, 0x30, 0xf, 0xe1, 0x81, 0x0, 0xf2,
    0x25, 0xa0, 0xc8, 0x98, 0x1, 0x71, 0x2, 0x18,
    0x8d, 0x62, 0x0, 0xcc, 0x77, 0x33, 0x30, 0x7,
    0xff, 0x10, 0x47, 0xf0, 0x6, 0xee, 0xfc, 0x1,
    0xbf, 0xff, 0x0, 0x7f, 0xf4, 0x3f, 0xff, 0x0,
    0x6e, 0xef, 0xc0, 0x17, 0x8, 0xfe, 0xf1,

    /* U+767E "百" */
    0x1f, 0xff, 0xfe, 0x1, 0xf, 0xff, 0x14, 0xff,
    0xf1, 0x0, 0x78, 0x9c, 0x3, 0xf3, 0xf7, 0x3c,
    0x3f, 0xba, 0xa0, 0xd, 0xef, 0xdf, 0xee, 0xea,
    0x4, 0x3, 0x84, 0x3, 0xff, 0x82, 0x45, 0xf7,
    0x0, 0x79, 0x7f, 0xfc, 0xee, 0x0, 0xe7, 0xdd,
    0xf4, 0xb8, 0x7, 0xff, 0x1d, 0xfb, 0xbd, 0x20,
    0x1e, 0x6e, 0xef, 0x48, 0x4,

    /* U+7684 "的" */
    0x0, 0xff, 0xe1, 0xc3, 0x80, 0x52, 0xc0, 0x1e,
    0x54, 0x0, 0x9d, 0x0, 0x33, 0xf9, 0x45, 0x9a,
    0xf, 0x66, 0x3c, 0xb9, 0xb2, 0x1d, 0xde, 0xdf,
    0xf0, 0x5, 0x86, 0x67, 0xc5, 0x93, 0x38, 0x4c,
    0x3, 0xba, 0x98, 0x3, 0x9, 0xd6, 0xe9, 0x9,
    0x31, 0xc0, 0x2, 0x7, 0x19, 0x83, 0x0, 0x5c,
    0x98, 0x6, 0x21, 0x13, 0x80, 0x6, 0x20, 0x22,
    0x0, 0xfe, 0x69, 0x33, 0x0, 0x8, 0x44, 0x1,
    0xc4, 0xcc, 0x0, 0x47, 0xf9, 0x5c, 0x3, 0x69,
    0x80, 0x2b, 0xba, 0x30, 0x2f, 0xf2, 0x50, 0x4a,
    0x80, 0x71, 0x7f, 0xb4, 0x80,

    /* U+76CA "益" */
    0x0, 0x98, 0x80, 0x31, 0x40, 0x7, 0x8f, 0xc0,
    0x34, 0xf8, 0x7, 0x95, 0x90, 0x0, 0x60, 0xe0,
    0x10, 0xff, 0xc9, 0x7f, 0xec, 0x4f, 0xf8, 0x45,
    0xff, 0x5f, 0x7f, 0xb7, 0x3f, 0xe1, 0x0, 0x15,
    0x78, 0x4, 0xd1, 0xac, 0x20, 0x9, 0xff, 0x58,
    0x80, 0x12, 0xff, 0xb4, 0x1, 0x15, 0x1b, 0xbe,
    0xf1, 0xc0, 0x0, 0xfd, 0x60, 0x77, 0x86, 0x59,
    0x80, 0x70, 0x88, 0x4, 0x0, 0x26, 0x1, 0xff,
    0xc5, 0x26, 0x7b, 0x62, 0xaa, 0x13, 0x4a, 0xb1,
    0x24, 0x81, 0x48, 0x3b, 0x82, 0x4c, 0x25, 0x0,

    /* U+76D8 "盘" */
    0x0, 0xff, 0xe4, 0x63, 0x0, 0x7f, 0x7e, 0xf1,
    0xc6, 0xeb, 0xd0, 0x3, 0x87, 0x74, 0xdf, 0xba,
    0x41, 0x0, 0xf8, 0xf7, 0x40, 0x1e, 0x4e, 0xf1,
    0xee, 0x51, 0x77, 0x12, 0xb9, 0x53, 0xa9, 0x7a,
    0xe7, 0xba, 0x4a, 0xe5, 0x1, 0x89, 0x5, 0xd,
    0x12, 0x71, 0x0, 0xaa, 0x86, 0x0, 0x7c, 0xe,
    0x65, 0x0, 0xae, 0xdb, 0xbb, 0x30, 0x2f, 0x0,
    0x18, 0xb3, 0x4f, 0x70, 0xf6, 0x8, 0x3, 0xff,
    0xa4, 0xfe, 0x3d, 0xe3, 0xfc, 0x3f, 0x49, 0xec,

    /* U+76EE "目" */
    0xbf, 0xff, 0xd6, 0x15, 0xff, 0xe9, 0x0, 0xff,
    0xe0, 0x56, 0xef, 0xa4, 0x0, 0xfd, 0xde, 0x60,
    0x6, 0x99, 0xfb, 0xc0, 0x6, 0x1, 0xe1, 0x0,
    0x4f, 0xff, 0xa0, 0x1, 0x5f, 0xfe, 0x90, 0xf,
    0xfe, 0x5, 0x7f, 0xfa, 0x40, 0x13, 0xdd, 0xe8,
    0x0,

    /* U+76F4 "直" */
    0x0, 0xf5, 0x38, 0x7, 0xd7, 0x99, 0x96, 0x33,
    0x35, 0x80, 0x27, 0xbb, 0x5, 0xf7, 0x69, 0x0,
    0x13, 0x4c, 0xb8, 0x3e, 0x66, 0x72, 0x0, 0x84,
    0x23, 0xf2, 0x22, 0x12, 0x0, 0xe4, 0x99, 0xf2,
    0x80, 0x78, 0xe6, 0x7c, 0x60, 0x1e, 0x38, 0x8f,
    0x18, 0x7, 0x8e, 0x67, 0xc8, 0x1, 0xe3, 0x88,
    0xf2, 0x0, 0x78, 0xe2, 0x3c, 0x60, 0x11, 0x3c,
    0x1a, 0xaf, 0x8e, 0x5c, 0x83, 0xd5, 0xff, 0xfc,
    0xed, 0xe2,

    /* U+76F8 "相" */
    0x0, 0xbc, 0x3, 0xff, 0x88, 0xdf, 0xfe, 0x10,
    0xf, 0x97, 0xff, 0x0, 0xf, 0xbc, 0x3b, 0x80,
    0x1f, 0x8f, 0xac, 0x3b, 0x80, 0xbb, 0xb8, 0x3,
    0x68, 0x18, 0x0, 0xff, 0xf0, 0x6, 0x50, 0xe1,
    0x6, 0x22, 0xc0, 0x13, 0x20, 0x55, 0x0, 0x3f,
    0xae, 0x41, 0xcc, 0x17, 0xbb, 0x0, 0x19, 0x44,
    0x1, 0x0, 0xbd, 0xd8, 0x0, 0xf0, 0x1, 0xff,
    0xc0, 0x10, 0xf, 0x2f, 0x76, 0x0, 0xfe, 0x5e,
    0xec, 0x1, 0xde, 0x0, 0x6a, 0x0, 0xde, 0x20,

    /* U+7701 "省" */
    0x0, 0xc2, 0x7, 0x80, 0x1, 0x0, 0xf3, 0xd0,
    0x6, 0x3f, 0x40, 0xc, 0x53, 0x20, 0xc, 0x31,
    0x48, 0x0, 0x3c, 0xb2, 0x0, 0x8f, 0x3, 0x6c,
    0x40, 0x16, 0xa0, 0x6, 0x3d, 0xa6, 0x3e, 0x10,
    0x35, 0x48, 0xdb, 0x9e, 0x40, 0x0, 0x80, 0xef,
    0xdb, 0x91, 0xde, 0xeb, 0xa8, 0x0, 0x3f, 0xe6,
    0x9f, 0xdd, 0xd0, 0x20, 0x11, 0x0, 0x27, 0x33,
    0xa4, 0x3, 0xe8, 0xcc, 0xe9, 0x0, 0xfa, 0x33,
    0x3a, 0x40, 0x3e, 0x6e, 0xee, 0x70, 0xf, 0x9a,
    0x23, 0x9c, 0x3, 0xd3, 0xf5, 0x5d, 0xf6, 0x0,

    /* U+770B "看" */
    0x0, 0xf8, 0x49, 0x19, 0x80, 0x11, 0xee, 0xdf,
    0xed, 0x8d, 0x13, 0x0, 0x8f, 0x76, 0x75, 0xca,
    0x97, 0x50, 0x8, 0x73, 0x27, 0x5c, 0xce, 0x40,
    0x1, 0xf7, 0x2c, 0x37, 0xbb, 0x98, 0x6, 0x66,
    0x80, 0x99, 0xf8, 0x45, 0x76, 0x10, 0x9d, 0xde,
    0xfb, 0x10, 0x3, 0x28, 0x80, 0x77, 0x40, 0x5,
    0x10, 0x71, 0xdd, 0xe7, 0x20, 0x1, 0x9b, 0xf5,
    0x6e, 0xfc, 0x40, 0x3, 0xb1, 0x5, 0xbb, 0xf1,
    0x0, 0x79, 0x6e, 0xfc, 0x40, 0x1e, 0x5d, 0xde,
    0xb3, 0x0, 0x0,

    /* U+771F "真" */
    0x0, 0xf2, 0xb0, 0x7, 0xcd, 0x33, 0xaa, 0x67,
    0xa0, 0x0, 0xb9, 0x98, 0x17, 0x33, 0x80, 0x6,
    0xf3, 0x30, 0x3c, 0xcc, 0xe8, 0x1, 0x9, 0x77,
    0x37, 0xfb, 0x84, 0x20, 0x1c, 0x35, 0x5e, 0x10,
    0xf, 0x88, 0xbc, 0x1, 0xf0, 0xc4, 0x78, 0x40,
    0x3c, 0x35, 0x5e, 0x10, 0x8, 0x5e, 0x43, 0xff,
    0xc1, 0x2e, 0x20, 0xd, 0x8f, 0x0, 0xbf, 0xa3,
    0x40, 0x2, 0xeb, 0xcc, 0x4e, 0xec, 0x5b, 0x17,
    0x10, 0xbf, 0xf7, 0x28, 0x1, 0x33, 0xbf, 0x40,
    0x17, 0xac, 0x1, 0xe2, 0x9d, 0x0,

    /* U+773C "眼" */
    0xff, 0xb8, 0x3f, 0xbb, 0x7c, 0x0, 0xff, 0x80,
    0x2e, 0xec, 0xe0, 0x1f, 0xa6, 0x73, 0x80, 0x7,
    0xfc, 0x20, 0xc, 0xcc, 0x40, 0x1, 0xff, 0x8,
    0x1, 0x57, 0x80, 0x3f, 0x6f, 0xfb, 0x58, 0x0,
    0x3d, 0xc1, 0x0, 0x64, 0xa6, 0x7e, 0x0, 0xf7,
    0x4, 0x0, 0x2c, 0xa1, 0x12, 0x20, 0x1f, 0x93,
    0x87, 0x44, 0x5f, 0xe3, 0x0, 0xd6, 0x16, 0x0,
    0x1f, 0xf6, 0x88, 0x2c, 0xa5, 0x6a, 0x86, 0x0,
    0x4e, 0x1d, 0xe8, 0xb7, 0x63, 0x20, 0x9, 0xbe,
    0xd8, 0x41, 0x78, 0xc0,

    /* U+77E2 "矢" */
    0x0, 0xa1, 0x40, 0x3f, 0xf8, 0xe, 0xc0, 0x1f,
    0xf3, 0x86, 0x7f, 0xfc, 0x60, 0x1, 0x8c, 0xff,
    0x2c, 0x7f, 0xe3, 0x0, 0x6b, 0x98, 0x7, 0xfd,
    0xf0, 0x1, 0x84, 0x3, 0xc7, 0x9f, 0xf9, 0x67,
    0xff, 0x8c, 0xdd, 0xdb, 0x40, 0x1b, 0xdd, 0x8c,
    0x4, 0x73, 0x92, 0xd0, 0x8e, 0x0, 0xe2, 0xb8,
    0x83, 0xa0, 0x7, 0xc9, 0x8c, 0xa5, 0x56, 0xc0,
    0x19, 0x2e, 0xa2, 0x0, 0x5, 0xa8, 0xc6, 0x12,
    0x8c, 0xe6, 0x0, 0xcb, 0xd7, 0x46,

    /* U+77E5 "知" */
    0x0, 0x4a, 0x0, 0x7f, 0xf0, 0x19, 0x80, 0x10,
    0xd5, 0x70, 0x0, 0xc3, 0x7f, 0xe3, 0x5f, 0xf9,
    0x44, 0x26, 0x2c, 0xff, 0xc0, 0x2a, 0xb0, 0x0,
    0x51, 0x80, 0x3f, 0xe1, 0xc0, 0x11, 0xc0, 0x1f,
    0x16, 0xf5, 0x17, 0x72, 0x80, 0x3c, 0x5f, 0xe9,
    0x5f, 0xf5, 0x0, 0x7f, 0x62, 0x90, 0x7, 0xfc,
    0x91, 0xe2, 0x1, 0xfc, 0xe4, 0xf5, 0xa0, 0x24,
    0x50, 0x4, 0x71, 0xe0, 0xec, 0xc0, 0xff, 0x80,
    0x3, 0x92, 0x60, 0xa, 0x61, 0xdd, 0x8c, 0x45,
    0xcc, 0x1, 0x8b, 0x80, 0x2c, 0x0,

    /* U+77E9 "矩" */
    0x3, 0x60, 0xf, 0xfe, 0x2, 0x70, 0x4, 0xff,
    0xfd, 0xc0, 0x9, 0x7f, 0xea, 0x5, 0xff, 0xdc,
    0x0, 0x1e, 0xf, 0xa0, 0xf, 0xcc, 0xa2, 0x20,
    0x9, 0x7f, 0xf0, 0x83, 0x40, 0x88, 0xc4, 0x17,
    0xfe, 0x10, 0x2, 0xef, 0x6, 0xf7, 0x80, 0x7c,
    0xbf, 0xc3, 0xff, 0x0, 0x7f, 0x28, 0x90, 0x1,
    0x7f, 0xe1, 0x0, 0xda, 0x9e, 0x20, 0xbf, 0xf8,
    0x40, 0x2, 0xf2, 0xb4, 0x1, 0xfd, 0x4e, 0x50,
    0x60, 0x28, 0x9c, 0xc, 0xf2, 0x0, 0x82, 0x78,
    0x8e, 0x16, 0xc0, 0xc, 0xb9, 0x9e, 0x10,

    /* U+7801 "码" */
    0x1, 0x1c, 0x1, 0xfc, 0x3f, 0xdc, 0xfa, 0x9f,
    0xfe, 0x20, 0x1e, 0x5a, 0xea, 0x9d, 0xff, 0x80,
    0x80, 0x24, 0x70, 0xb, 0x40, 0x2, 0x1, 0x84,
    0xc8, 0x0, 0x22, 0x0, 0x19, 0x0, 0x58, 0x5d,
    0xc4, 0x22, 0x0, 0x19, 0x80, 0x1, 0x24, 0xe5,
    0x9, 0x3d, 0xd5, 0xa7, 0x8a, 0x89, 0x0, 0x55,
    0xd9, 0x8e, 0xe1, 0xa, 0x40, 0x6, 0x10, 0xc,
    0x20, 0x1f, 0xe, 0x67, 0x20, 0x6, 0x6c, 0x51,
    0xdd, 0xe6, 0x60, 0x4, 0x9d, 0x88, 0x1, 0xca,
    0x60, 0x7, 0x92, 0x20, 0x6, 0x8e, 0x9a, 0x0,
    0x9, 0x0, 0x7a, 0x3b, 0x84, 0x0,

    /* U+7840 "础" */
    0x0, 0xfe, 0xe2, 0x0, 0x87, 0xff, 0x52, 0x10,
    0x6, 0x60, 0x1f, 0x59, 0xfa, 0xd7, 0x0, 0x86,
    0x0, 0x27, 0x40, 0xf, 0xf8, 0x4c, 0x80, 0x23,
    0x1, 0x0, 0xed, 0x1e, 0xe2, 0x8c, 0x70, 0x6f,
    0x98, 0x0, 0xcd, 0xce, 0x11, 0xdc, 0x1d, 0xed,
    0x4, 0x5, 0x0, 0xb4, 0x80, 0x35, 0x22, 0x20,
    0x3, 0x18, 0x7, 0x8, 0x0, 0x40, 0x3f, 0xf8,
    0x4d, 0x28, 0x1, 0xff, 0xe, 0x42, 0x7, 0x60,
    0xe6, 0x10, 0x0, 0x94, 0xaa, 0x1d, 0xff, 0x66,
    0xf8, 0x80,

    /* U+786C "硬" */
    0x1f, 0xfd, 0x7b, 0xb7, 0xf6, 0xe9, 0x87, 0xda,
    0x3e, 0xf7, 0x61, 0xfd, 0xd3, 0x0, 0x15, 0x0,
    0x17, 0xba, 0x1f, 0xdd, 0x8, 0x0, 0x8c, 0x0,
    0xd9, 0xa3, 0xfa, 0x60, 0xa, 0x1d, 0xd3, 0x86,
    0x60, 0x7f, 0x4, 0x0, 0xa1, 0x95, 0xe1, 0x98,
    0x1f, 0xc1, 0x3, 0x5, 0x11, 0x0, 0x14, 0xc4,
    0x8c, 0x0, 0x6c, 0x1, 0x97, 0xa0, 0x26, 0x48,
    0x21, 0x80, 0x1c, 0x5c, 0xb5, 0x50, 0x4, 0xb9,
    0x1, 0xb, 0x52, 0x1, 0xe4, 0xec, 0x96, 0x30,
    0xd9, 0x52, 0x0, 0x24, 0x91, 0x1f, 0x31, 0xff,
    0xc8,

    /* U+786E "确" */
    0x0, 0xf9, 0x18, 0x3, 0x87, 0xff, 0x48, 0x5c,
    0xef, 0xc8, 0x0, 0x7d, 0x6b, 0xe5, 0x4f, 0xb0,
    0xbc, 0x3, 0x23, 0x80, 0xd5, 0xa, 0xd, 0x50,
    0x0, 0x26, 0x41, 0xa1, 0x30, 0xc5, 0x16, 0x41,
    0x45, 0x98, 0xf5, 0xab, 0x1c, 0xb1, 0x0, 0x20,
    0xf0, 0x8, 0x56, 0x8e, 0xe8, 0x40, 0xc5, 0x8,
    0x2, 0xad, 0x1d, 0xd0, 0x81, 0xc0, 0x6, 0x1f,
    0x61, 0x66, 0x8, 0x0, 0xc0, 0x33, 0x7, 0x7,
    0x70, 0x3, 0x2e, 0x1b, 0x15, 0x40, 0xc4, 0x4,
    0x2, 0x4e, 0xdc, 0x50, 0xf, 0x18, 0x24, 0x91,
    0x16, 0x0, 0xc, 0xbc, 0x62, 0x2, 0x40, 0xd,
    0x20, 0x4, 0x2f, 0x68, 0x0,

    /* U+793A "示" */
    0x0, 0x6f, 0xff, 0xee, 0x0, 0xd9, 0xdd, 0xfb,
    0xc0, 0x30, 0x8f, 0xf8, 0x2, 0x55, 0xff, 0xe0,
    0x0, 0xf7, 0x75, 0x53, 0xbb, 0x84, 0x57, 0x7c,
    0xed, 0x77, 0xc2, 0x1, 0x61, 0x0, 0x62, 0xb0,
    0xe, 0x60, 0x20, 0xc, 0x41, 0x0, 0x10, 0xc7,
    0x80, 0x7a, 0x5c, 0x80, 0x75, 0x8c, 0x3, 0xc4,
    0xf2, 0x6, 0x90, 0x1, 0x8, 0x6, 0x93, 0x2,
    0x80, 0x6, 0x7b, 0xe8, 0x4, 0x30, 0x1, 0xd9,
    0xfc, 0x80, 0x1e,

    /* U+79BB "离" */
    0x0, 0xff, 0xe4, 0x5a, 0x0, 0x78, 0x6e, 0xf9,
    0x2e, 0xfc, 0x22, 0x8f, 0xf7, 0x73, 0x31, 0xbf,
    0xf4, 0x8, 0x1e, 0x93, 0xfd, 0x5e, 0x29, 0x71,
    0x80, 0x71, 0x7b, 0x39, 0x80, 0x7f, 0x41, 0x7f,
    0xb1, 0xc0, 0x3c, 0x36, 0xb5, 0xfe, 0x8b, 0xb1,
    0x80, 0x68, 0xdd, 0x8a, 0xf7, 0x69, 0x0, 0xa3,
    0xfb, 0x9e, 0x55, 0xdd, 0x7c, 0x0, 0x4f, 0xd8,
    0x3d, 0xc4, 0xce, 0x70, 0xe, 0x1d, 0x59, 0x93,
    0xe8, 0x7, 0xc2, 0x7b, 0x95, 0x94, 0x20, 0x1f,
    0x63, 0x21, 0x88, 0xb5, 0x74, 0x1, 0x10, 0x0,
    0xf2, 0x66, 0xa8, 0x0,

    /* U+79CD "种" */
    0x0, 0x89, 0xd0, 0x2, 0xe2, 0x0, 0x8a, 0xff,
    0x7d, 0xc0, 0x3f, 0x14, 0xe8, 0xc1, 0x80, 0x7f,
    0x11, 0x80, 0x5f, 0xf0, 0xef, 0xf8, 0x97, 0xf8,
    0x7e, 0x83, 0xb8, 0x19, 0xc2, 0xb, 0xec, 0x1d,
    0x40, 0x23, 0xc0, 0x19, 0xc2, 0x80, 0x3f, 0xc8,
    0xa2, 0x4c, 0x6, 0x61, 0x73, 0x10, 0x4, 0xf8,
    0x40, 0x3, 0xfc, 0x17, 0xe0, 0x7, 0x45, 0x1,
    0x65, 0xcc, 0xe, 0x62, 0xd, 0x20, 0x3, 0x50,
    0x7, 0x38, 0x98, 0x80, 0x7f, 0xf3, 0x80,

    /* U+79D1 "科" */
    0x0, 0x89, 0xd4, 0x3, 0xf, 0x0, 0x6, 0xfb,
    0x79, 0x82, 0x1c, 0x3, 0x86, 0x3c, 0x24, 0xc2,
    0x72, 0x8c, 0x3, 0x18, 0x80, 0x61, 0xbd, 0x0,
    0xcb, 0xfe, 0xf, 0xf0, 0x88, 0x1c, 0xc0, 0x25,
    0xf8, 0xb, 0xf3, 0xc6, 0x0, 0xfa, 0xc2, 0x4,
    0xb2, 0xa0, 0x3, 0x91, 0x82, 0x68, 0x7, 0x28,
    0x3, 0xa6, 0x1, 0x60, 0x0, 0x4f, 0x3, 0x92,
    0xc8, 0x40, 0x3, 0xdf, 0xf7, 0x18, 0x7c, 0xbc,
    0x80, 0x6f, 0xf6, 0xdd, 0x84, 0xc0, 0x40, 0x38,
    0x80, 0x3f, 0xf9, 0x20,

    /* U+79D2 "秒" */
    0x0, 0x89, 0xd4, 0x0, 0x3c, 0x1, 0x86, 0xfb,
    0x79, 0x80, 0x3f, 0xc, 0x78, 0x49, 0x82, 0x80,
    0x50, 0x1, 0x18, 0x6, 0x49, 0x0, 0x89, 0x81,
    0x7f, 0x83, 0xf8, 0xd0, 0x2, 0x9b, 0x5, 0xf8,
    0xc, 0xec, 0xc0, 0x4, 0x60, 0x60, 0xa, 0xf,
    0x26, 0x40, 0xd, 0xc4, 0x8, 0xe1, 0x31, 0xa0,
    0x1a, 0x2c, 0x42, 0x64, 0xb, 0x60, 0x13, 0x93,
    0x50, 0x32, 0x90, 0x0, 0x40, 0x3, 0x1c, 0xc4,
    0xd, 0x0, 0x1e, 0x4c, 0x58, 0x0, 0xf8, 0x57,
    0x2a, 0x24, 0x3, 0xf5, 0xf5, 0x72, 0x80, 0x60,

    /* U+79EF "积" */
    0x0, 0x8e, 0x24, 0x3, 0xf2, 0x66, 0xe0, 0x50,
    0xff, 0xf7, 0x2, 0x66, 0x8c, 0x98, 0xf, 0xfd,
    0xa0, 0x1f, 0xfc, 0x46, 0xff, 0xf, 0x7a, 0x0,
    0x7c, 0xdf, 0x41, 0x5e, 0x80, 0x1f, 0xdc, 0x10,
    0x40, 0x39, 0x97, 0x80, 0x46, 0x3, 0x3e, 0x19,
    0xff, 0x76, 0x80, 0x3e, 0x1, 0x60, 0x48, 0xc,
    0xc0, 0x60, 0xcc, 0x30, 0x2, 0x84, 0xc0, 0x3,
    0x4c, 0x1e, 0xc0, 0x39, 0xbc, 0x1, 0x10, 0x1,
    0x10, 0x6, 0x92, 0x40, 0x3, 0x29, 0x0, 0x70,
    0xaf, 0x0, 0x69, 0x60,

    /* U+7A0B "程" */
    0x0, 0xca, 0x40, 0x1f, 0x86, 0x2f, 0xf9, 0xb3,
    0xbb, 0xc0, 0xd, 0x80, 0xb4, 0xd, 0xee, 0xbc,
    0x0, 0x2a, 0x60, 0x1f, 0xf2, 0x7f, 0x83, 0xec,
    0x37, 0xba, 0xf0, 0x2, 0x7c, 0x87, 0xde, 0x77,
    0x78, 0x2, 0xa0, 0x50, 0x66, 0xf8, 0x41, 0x18,
    0x39, 0xbb, 0xa9, 0xfe, 0xe0, 0x2, 0x24, 0x28,
    0x62, 0x20, 0x98, 0x80, 0xb3, 0xc, 0x5, 0xeb,
    0xb8, 0x1f, 0xd8, 0x9, 0x60, 0x1a, 0xbb, 0x81,
    0xfd, 0x80, 0x42, 0x1, 0xff, 0xc5, 0xaf, 0xf8,
    0x3f, 0xe7,

    /* U+7A7A "空" */
    0x0, 0xc3, 0x40, 0x1f, 0xe1, 0x77, 0x0, 0x77,
    0xff, 0x14, 0x7f, 0xf0, 0x77, 0xff, 0xee, 0x0,
    0x86, 0xe4, 0x7, 0x68, 0x80, 0xf1, 0xb3, 0x12,
    0x3, 0xb9, 0x88, 0xdb, 0xdf, 0x70, 0xc, 0xdd,
    0xc6, 0x80, 0xdf, 0xff, 0x89, 0xc2, 0xbf, 0xe3,
    0xaf, 0xf9, 0x40, 0x3f, 0xf9, 0xae, 0xfc, 0x72,
    0xef, 0xc2, 0x1, 0xa2, 0xc0, 0x38,

    /* U+7A97 "窗" */
    0x0, 0xff, 0xe3, 0x62, 0x80, 0x7a, 0xf3, 0x31,
    0xd6, 0x67, 0xa, 0xf6, 0x7d, 0xff, 0xae, 0x73,
    0x6, 0x68, 0x19, 0xe4, 0x20, 0x5c, 0xd5, 0x92,
    0xee, 0x7e, 0xaf, 0x1, 0x4f, 0xfa, 0x82, 0x12,
    0xb2, 0x4b, 0x32, 0xe6, 0xe0, 0x1, 0x4e, 0x4f,
    0xe6, 0x63, 0x30, 0x6, 0x29, 0xab, 0xcb, 0x0,
    0xfb, 0xa2, 0x6d, 0xb4, 0x3, 0xec, 0x59, 0xf6,
    0x60, 0x7, 0xc7, 0x4c, 0xc0, 0x90, 0xf, 0x1d,
    0x6e, 0xa7, 0x34, 0x3, 0x96, 0x56, 0x73, 0x28,
    0xc0, 0xd, 0xdf, 0x99, 0xf7, 0x88, 0x0,

    /* U+7AD6 "竖" */
    0x0, 0xd8, 0x60, 0x1f, 0xcf, 0x0, 0x16, 0x7f,
    0x75, 0xe8, 0x1, 0xf6, 0x97, 0x73, 0x49, 0x0,
    0x3e, 0x15, 0x81, 0xee, 0x0, 0x7f, 0x42, 0x74,
    0x18, 0x7, 0xf3, 0x82, 0x49, 0x80, 0x45, 0xc0,
    0xc1, 0x63, 0x97, 0xd7, 0x61, 0x5, 0x60, 0xa3,
    0x21, 0x0, 0x14, 0x58, 0x83, 0xee, 0xe6, 0x8d,
    0xdd, 0x20, 0x7, 0xc8, 0x4c, 0xee, 0x62, 0xd6,
    0x40, 0x4, 0x2e, 0xc2, 0x39, 0xc, 0x44, 0x1,
    0x89, 0x48, 0x0, 0x42, 0x80, 0x11, 0xff, 0xcb,
    0xbf, 0xed, 0x2f, 0xf8, 0xc0,

    /* U+7AEF "端" */
    0x0, 0x32, 0x80, 0x77, 0x80, 0x79, 0x60, 0x1,
    0xc2, 0x1, 0xbc, 0x40, 0x85, 0x88, 0x40, 0x3f,
    0xf, 0xf9, 0xbe, 0x42, 0xe8, 0x2a, 0x80, 0x1,
    0x9c, 0xda, 0x9d, 0xee, 0x5f, 0x72, 0xc4, 0xd,
    0x2, 0xa7, 0x6a, 0xee, 0xaa, 0x40, 0x16, 0x80,
    0x23, 0xb9, 0x81, 0xfd, 0xc8, 0x6, 0x21, 0x60,
    0x66, 0x40, 0x33, 0x24, 0x40, 0x85, 0x4c, 0x67,
    0x91, 0x67, 0x98, 0x80, 0x4c, 0xde, 0xa3, 0x5,
    0x45, 0x8, 0x0, 0x72, 0x89, 0xc0, 0xf, 0xef,
    0xf7, 0x72, 0x40, 0x3f, 0xa1, 0x44, 0x3, 0xc2,
    0xea, 0x20, 0x1c, 0x3c, 0x1a, 0x18, 0xfc, 0x40,

    /* U+7B26 "符" */
    0x0, 0x31, 0x0, 0x44, 0xc0, 0x1e, 0x19, 0x73,
    0x30, 0xc6, 0x99, 0xe0, 0x4, 0x5, 0x64, 0x3a,
    0xbe, 0x7c, 0x48, 0x23, 0xf6, 0x15, 0xd4, 0xe4,
    0xb5, 0xd0, 0x2e, 0xa, 0xd0, 0x7b, 0x3, 0x18,
    0x80, 0x4, 0x89, 0x2a, 0x6, 0x1, 0x31, 0x0,
    0x6d, 0x6, 0xff, 0xe0, 0xcf, 0x30, 0xb0, 0x64,
    0xfe, 0xff, 0x87, 0x7c, 0xd8, 0x18, 0x0, 0xda,
    0x1, 0xf3, 0x58, 0x80, 0x19, 0xdc, 0x1, 0xff,
    0xc0, 0x9d, 0x0, 0xff, 0xe0, 0x15, 0x0, 0x7f,
    0xf0, 0x4f, 0xfc, 0x44, 0x0, 0xd1, 0x20, 0x11,
    0xff, 0xb0, 0x2,

    /* U+7B2C "第" */
    0x0, 0xff, 0xe2, 0x2d, 0x80, 0x6d, 0x20, 0xf,
    0x52, 0x7e, 0x61, 0x4b, 0x3f, 0x30, 0x40, 0xc7,
    0xc1, 0xb9, 0x32, 0xd1, 0xdc, 0x21, 0xbd, 0x17,
    0x33, 0x33, 0xe, 0x54, 0x0, 0x3f, 0xee, 0x6c,
    0xc2, 0xf7, 0x26, 0x84, 0x0, 0x5d, 0xd9, 0xa7,
    0xba, 0x0, 0xec, 0xfd, 0xd3, 0x4e, 0xec, 0x20,
    0x18, 0x6f, 0x30, 0xb1, 0x99, 0x70, 0x80, 0x44,
    0x4, 0x47, 0xd2, 0x29, 0x44, 0x0, 0x21, 0xf1,
    0x84, 0xb1, 0x15, 0xc8, 0x0, 0x7e, 0xf4, 0xd2,
    0x6e, 0xe5, 0xe0, 0x8, 0xaf, 0xb0, 0x80, 0x6,
    0x64, 0x50, 0x4, 0x5c, 0xc0, 0x6, 0x98, 0x63,
    0x0, 0x44, 0x90, 0x2, 0x58, 0x2a, 0xe0, 0x0,

    /* U+7B49 "等" */
    0x0, 0xff, 0xe2, 0x4b, 0x0, 0x47, 0x80, 0x1e,
    0x26, 0x9e, 0xcb, 0xd3, 0xfc, 0xc8, 0x43, 0xa5,
    0x93, 0x70, 0x34, 0x93, 0x74, 0x26, 0x8d, 0x78,
    0x3c, 0xe5, 0xfe, 0x11, 0x1, 0xc6, 0x7d, 0xeb,
    0x33, 0x7e, 0xb4, 0x3, 0x6e, 0x64, 0xeb, 0x99,
    0x80, 0x5, 0x13, 0x39, 0xd6, 0x67, 0x41, 0x7,
    0xff, 0x3b, 0xbd, 0xcb, 0xfc, 0x4, 0xcd, 0xd3,
    0x26, 0x1f, 0x66, 0x10, 0x66, 0x3f, 0x33, 0x86,
    0xb3, 0x40, 0x1b, 0xa8, 0x1f, 0xdd, 0x8a, 0xf7,
    0x0, 0x33, 0x46, 0x10, 0x4, 0xe0, 0x1f, 0x27,
    0x96, 0x78, 0x10, 0x7, 0xe1, 0xc, 0xfd, 0x10,
    0x8,

    /* U+7B7E "签" */
    0x0, 0xff, 0xe2, 0x52, 0x80, 0x47, 0x80, 0x1e,
    0x15, 0xad, 0xc8, 0xc3, 0xec, 0xc8, 0x42, 0x19,
    0xae, 0x3, 0xd6, 0xe, 0xe0, 0x9a, 0x4c, 0x9c,
    0x88, 0x65, 0x0, 0x2, 0x3, 0xd0, 0x7, 0x61,
    0xbd, 0x96, 0x10, 0x6, 0x29, 0xf8, 0x98, 0xff,
    0x51, 0x80, 0xf, 0x31, 0xc3, 0x3b, 0xa9, 0x6c,
    0xed, 0x23, 0x8e, 0x7c, 0xde, 0xdd, 0x5b, 0xef,
    0x10, 0x22, 0x24, 0x1, 0xc6, 0x0, 0xa5, 0x30,
    0x9, 0x10, 0x61, 0x72, 0x6, 0xca, 0x1, 0xd7,
    0x20, 0xce, 0x11, 0x60, 0x1e, 0x68, 0x0, 0x6a,
    0x33, 0x0, 0x21, 0xff, 0xb7, 0xfe, 0xb2, 0xff,
    0x84,

    /* U+7B80 "简" */
    0x0, 0xff, 0xe2, 0x16, 0x80, 0x6b, 0x20, 0xf,
    0x49, 0x7e, 0x60, 0xd3, 0xfa, 0xec, 0x20, 0x8b,
    0x83, 0x7d, 0xef, 0x3, 0x12, 0x21, 0xf4, 0x54,
    0x5, 0x70, 0xae, 0xe2, 0x0, 0x58, 0xe2, 0x6e,
    0x5e, 0x61, 0x2d, 0x80, 0x4, 0xa, 0xf1, 0xff,
    0xc9, 0xc0, 0x6, 0xe8, 0x5b, 0xaa, 0x98, 0xcc,
    0x1, 0xe6, 0x2a, 0xa7, 0xf8, 0x3, 0xf9, 0x26,
    0x50, 0x20, 0x1f, 0xc9, 0x11, 0x8, 0x7, 0xf0,
    0x80, 0x7f, 0xf0, 0x1c, 0x22, 0x19, 0x80, 0xf,
    0xc7, 0x55, 0x8f, 0x9b, 0x0, 0x9, 0x60, 0x1e,
    0x5e, 0xe2, 0x0,

    /* U+7B97 "算" */
    0x0, 0x4a, 0x80, 0x43, 0xa0, 0x1e, 0x46, 0xaf,
    0xdc, 0xc1, 0x7f, 0xb7, 0x46, 0x55, 0x76, 0x3d,
    0xb1, 0xfb, 0x2d, 0xd1, 0x95, 0x7, 0x95, 0xd8,
    0x2f, 0xce, 0x40, 0x24, 0x20, 0xd8, 0xff, 0x44,
    0x2d, 0xc0, 0x39, 0x91, 0x3d, 0x80, 0x1e, 0x3d,
    0xdf, 0x10, 0x7, 0x92, 0xef, 0xde, 0x1, 0xc4,
    0x1d, 0xcb, 0xbb, 0xbd, 0xc0, 0x32, 0x53, 0xba,
    0xaa, 0x19, 0x90, 0x0, 0xf7, 0x67, 0x76, 0xec,
    0x3b, 0xb2, 0x1e, 0xfb, 0x27, 0xee, 0xc3, 0xbb,
    0x20, 0x47, 0x72, 0xc0, 0x3f, 0xd1, 0x8a, 0x1,
    0xdc, 0x40, 0x10,

    /* U+7BA1 "管" */
    0x1, 0xd0, 0xc, 0x3a, 0x1, 0xcc, 0x5f, 0xd8,
    0xd0, 0x5d, 0xcc, 0xb1, 0x9d, 0x94, 0xc7, 0x76,
    0xd1, 0xe5, 0xac, 0x93, 0x68, 0x6d, 0x12, 0x51,
    0x2, 0x6e, 0xd5, 0xa7, 0x7b, 0xaa, 0xf8, 0x7,
    0xed, 0xdb, 0xfd, 0xbb, 0x49, 0x5, 0xb7, 0xee,
    0xfb, 0xdb, 0x81, 0x84, 0xf7, 0x7c, 0x4, 0x80,
    0x11, 0xe6, 0x78, 0xc0, 0x38, 0xbb, 0xbe, 0x10,
    0xc, 0x53, 0x3e, 0xec, 0x0, 0xc7, 0x77, 0xe8,
    0x0, 0xe3, 0xdd, 0xf5, 0x98, 0x4, 0x9f, 0xbb,
    0xef, 0xe0,

    /* U+7BAD "箭" */
    0x0, 0xff, 0xe2, 0x2d, 0x0, 0x6d, 0x20, 0xf,
    0x52, 0xff, 0x63, 0x16, 0xff, 0x71, 0x42, 0x57,
    0xc7, 0xfd, 0x39, 0xe3, 0xbc, 0xa0, 0x34, 0x8c,
    0x25, 0x46, 0xac, 0x20, 0x14, 0x88, 0x9c, 0x81,
    0x11, 0x56, 0x62, 0x3, 0xba, 0x91, 0xed, 0xd5,
    0x7, 0xee, 0x98, 0x79, 0x98, 0x81, 0x79, 0x8d,
    0xca, 0xa3, 0x0, 0xb4, 0x42, 0xf0, 0x29, 0x43,
    0xb8, 0x1, 0x1f, 0x72, 0x0, 0x3f, 0xc7, 0x98,
    0xb0, 0xf, 0xf1, 0xe6, 0x2c, 0x3, 0xfc, 0x79,
    0x8b, 0x0, 0x43, 0x80, 0x7e, 0x8a, 0x30, 0x3,
    0x73, 0x60, 0x0, 0xf0, 0x23, 0xa0, 0x0, 0xdd,
    0xc4, 0x0,

    /* U+7C7B "类" */
    0x0, 0x13, 0x0, 0x26, 0x0, 0x10, 0x60, 0x18,
    0xad, 0x80, 0x32, 0xa8, 0xc0, 0x3a, 0x7c, 0x3,
    0x67, 0x0, 0x6e, 0xfb, 0x6f, 0x67, 0xf6, 0xcf,
    0xf0, 0x3, 0xbf, 0xd8, 0x42, 0x5, 0x3f, 0xf0,
    0x4, 0x33, 0xb0, 0xee, 0xed, 0xd2, 0x80, 0x57,
    0xc5, 0xeb, 0xfa, 0x77, 0x17, 0x60, 0x6, 0xea,
    0xc4, 0x4, 0xc0, 0xb, 0xde, 0x0, 0x26, 0x44,
    0xa3, 0xd1, 0x30, 0x5, 0xff, 0xa4, 0x1a, 0x3f,
    0xf0, 0x85, 0xde, 0x66, 0x3b, 0xaa, 0xee, 0x10,
    0x9, 0x74, 0x26, 0xb, 0xd8, 0x40, 0x3, 0x9f,
    0x31, 0x60, 0x9, 0xad, 0xed, 0x21, 0xfe, 0xc5,
    0x0, 0xc9, 0x7f, 0xc4,

    /* U+7C89 "粉" */
    0x0, 0xf, 0x0, 0x69, 0x7, 0x20, 0xa, 0xc0,
    0x2d, 0x2, 0x40, 0xf5, 0x0, 0x9c, 0xc1, 0x10,
    0xa, 0x81, 0x96, 0x1, 0x2b, 0x86, 0xd0, 0x55,
    0x82, 0xa, 0x0, 0x2d, 0xc2, 0x8e, 0x18, 0x80,
    0x17, 0x22, 0x7b, 0xa1, 0xcd, 0x7f, 0x33, 0x88,
    0x58, 0xfd, 0x83, 0xb6, 0x63, 0x31, 0xf7, 0x67,
    0x0, 0x38, 0x40, 0x36, 0x16, 0x61, 0x44, 0x0,
    0xa8, 0x26, 0xe0, 0x2, 0x30, 0x13, 0x0, 0x44,
    0x85, 0x88, 0x2a, 0x0, 0x1c, 0x40, 0xd0, 0x80,
    0x58, 0x27, 0xc0, 0x4, 0xc0, 0x72, 0x1, 0xa1,
    0x90, 0x4, 0x44, 0x1, 0xe4, 0x3a, 0xd, 0xf7,
    0x0, 0xc3, 0xc0, 0x96, 0x0, 0xde, 0x80, 0x0,

    /* U+7C97 "粗" */
    0x0, 0xbc, 0x3, 0xfe, 0x70, 0xa, 0xf, 0xff,
    0x90, 0x1, 0x62, 0x0, 0x51, 0x17, 0xfc, 0x40,
    0x12, 0x20, 0x15, 0x40, 0x1f, 0xd6, 0xc0, 0x34,
    0x3, 0x11, 0x10, 0x0, 0xf3, 0x1, 0x7a, 0x21,
    0xdd, 0x0, 0x47, 0xf0, 0x19, 0xe2, 0x26, 0x68,
    0x80, 0x35, 0x87, 0x8, 0x7, 0xf2, 0x30, 0x46,
    0x80, 0xff, 0xc4, 0x1, 0x44, 0x82, 0xc8, 0xf,
    0xfc, 0x40, 0x4, 0x73, 0x0, 0x28, 0x7, 0xe4,
    0xa0, 0xf, 0xfe, 0x8, 0x80, 0x55, 0xa3, 0xff,
    0x15, 0xb8,

    /* U+7CBE "精" */
    0x0, 0xff, 0xe2, 0x1d, 0x80, 0x77, 0x8, 0x6,
    0xc0, 0x2, 0xc5, 0x6e, 0x87, 0xf7, 0x46, 0xc,
    0xa1, 0x97, 0x6f, 0xf0, 0x6f, 0xf8, 0xc3, 0x3c,
    0x8, 0xd2, 0x20, 0x11, 0xb, 0x0, 0x18, 0xa7,
    0x11, 0x37, 0x40, 0x7b, 0xc8, 0x5c, 0xe1, 0xcc,
    0x23, 0x4f, 0x8, 0x9c, 0xac, 0x82, 0x90, 0xaa,
    0xb4, 0xf1, 0x80, 0x8, 0x28, 0x5, 0xb3, 0x2a,
    0x20, 0x3, 0x22, 0x1, 0x41, 0x73, 0x2a, 0x10,
    0x5, 0xf0, 0x4a, 0x2, 0xe6, 0x54, 0x20, 0x6e,
    0xc0, 0x42, 0xb, 0x99, 0x50, 0x81, 0xd0, 0x7,
    0x2e, 0x65, 0x42, 0x1, 0xff, 0x55, 0xe8, 0x4,
    0x76, 0x0, 0x5a, 0x0, 0x57, 0x38, 0x0,

    /* U+7CFB "系" */
    0x0, 0xe1, 0x35, 0x7a, 0xa0, 0x0, 0x73, 0x7b,
    0xfb, 0x9e, 0x1f, 0x0, 0x1, 0xec, 0xe4, 0x7d,
    0xa5, 0x42, 0x0, 0x88, 0xf3, 0x60, 0x13, 0x1c,
    0x3, 0x2e, 0x8e, 0xe7, 0xde, 0xb0, 0x6, 0x7a,
    0xed, 0x26, 0xf1, 0x90, 0xc, 0x49, 0x35, 0xb2,
    0x4, 0x74, 0x0, 0x1f, 0xe5, 0x7f, 0xf7, 0x71,
    0xd5, 0x80, 0x4a, 0x6a, 0x24, 0x3b, 0x9b, 0xd4,
    0x0, 0xd3, 0x83, 0x61, 0x8, 0xb0, 0xc0, 0x2,
    0xdc, 0x80, 0x68, 0x3c, 0x20, 0x6b, 0xd4, 0x0,
    0x18, 0x2, 0x2f, 0x5, 0xbc, 0xc7, 0xf1, 0x0,
    0x26, 0xc1, 0x1, 0x1, 0xff, 0x48, 0x6, 0x20,

    /* U+7D20 "素" */
    0x0, 0xf6, 0x20, 0x7, 0xd3, 0xbb, 0x8e, 0xf7,
    0x72, 0x80, 0x27, 0xff, 0xc, 0x7f, 0xd8, 0xa0,
    0x15, 0xde, 0x19, 0xbb, 0x90, 0x0, 0x70, 0x23,
    0x80, 0xc4, 0x6d, 0x80, 0x1d, 0xdc, 0xeb, 0x1b,
    0xbc, 0x4, 0xaa, 0x38, 0x9a, 0x6c, 0xe5, 0x58,
    0x2, 0xd9, 0x18, 0xfc, 0xfa, 0x0, 0xf7, 0xc3,
    0xa5, 0x6a, 0x4f, 0xa0, 0x5, 0xba, 0x86, 0x65,
    0x6d, 0x82, 0xd3, 0x0, 0x37, 0xde, 0xf1, 0xdd,
    0x5, 0xde, 0xc0, 0x5, 0xd1, 0x60, 0x7, 0x8c,
    0xc5, 0x10, 0x1f, 0x72, 0x5b, 0x98, 0xc0, 0xf3,
    0x54, 0xe, 0xcc, 0x1b, 0xb8, 0x80, 0x13, 0x38,
    0x0,

    /* U+7D22 "索" */
    0x0, 0xf6, 0x28, 0x7, 0x87, 0x33, 0x8e, 0xb3,
    0x34, 0x0, 0xf7, 0x70, 0x3f, 0x76, 0x90, 0x2,
    0xaf, 0x2, 0x2a, 0xe6, 0x1, 0x80, 0xb, 0x6,
    0xc0, 0x34, 0x8, 0xb, 0xbb, 0x83, 0xdc, 0xb9,
    0xdc, 0x0, 0x1c, 0x6f, 0x42, 0xff, 0x75, 0x80,
    0x34, 0x40, 0x96, 0xec, 0x85, 0x76, 0x5a, 0x2,
    0x0, 0xa, 0x54, 0x2c, 0x93, 0x82, 0xd8, 0x5,
    0x10, 0x57, 0xa, 0x82, 0x3c, 0x26, 0x0, 0x4f,
    0x9f, 0x43, 0xb2, 0xfa, 0x4b, 0x0, 0xf, 0x5,
    0xc0, 0x35, 0xf6, 0xa0, 0x2, 0xa2, 0x57, 0x9b,
    0x0, 0x13, 0x2c, 0x0, 0x4a, 0x2, 0xf7, 0x10,
    0x2, 0x48, 0x0,

    /* U+7D27 "紧" */
    0x0, 0xb8, 0x40, 0x3f, 0x1e, 0x0, 0x53, 0xff,
    0xcc, 0x1, 0xe9, 0x86, 0xfa, 0x46, 0x0, 0xf9,
    0xcf, 0xfd, 0x60, 0x1f, 0x24, 0x1a, 0xb3, 0x98,
    0x1e, 0x86, 0xc6, 0x44, 0xc6, 0x15, 0x88, 0x9,
    0x7f, 0xa1, 0x3a, 0x41, 0x60, 0x40, 0xb4, 0xe7,
    0xee, 0x29, 0x0, 0x31, 0x52, 0x14, 0xf3, 0x95,
    0x68, 0x0, 0xbe, 0x90, 0x23, 0xaa, 0x50, 0xac,
    0xb, 0x74, 0xdb, 0xe1, 0x7f, 0xdf, 0x0, 0x5,
    0xfc, 0x0, 0xcf, 0xd6, 0x20, 0xfd, 0x8b, 0x9e,
    0x80, 0x55, 0xf0, 0xf, 0x22, 0x19, 0xd6, 0x1,
    0x25, 0x0,

    /* U+7D2B "紫" */
    0x0, 0xde, 0x0, 0x1f, 0x0, 0xf1, 0x38, 0x7,
    0xe5, 0x70, 0x0, 0xe0, 0x3, 0x74, 0xa1, 0x59,
    0x83, 0x0, 0xf6, 0xe9, 0x42, 0xf2, 0x41, 0x46,
    0x52, 0x83, 0x30, 0x65, 0x9b, 0xaa, 0x10, 0xda,
    0x8f, 0x91, 0x16, 0xc6, 0x63, 0x90, 0x5d, 0x5b,
    0x66, 0x13, 0x24, 0xc4, 0x3, 0x35, 0x8b, 0xd4,
    0x5f, 0x28, 0x7, 0x36, 0xab, 0x4f, 0x30, 0xd7,
    0x0, 0x6f, 0xd6, 0x9, 0xea, 0x94, 0xc, 0x0,
    0xb2, 0xa3, 0x74, 0x37, 0xa3, 0xd4, 0x20, 0x55,
    0x2a, 0x1, 0x9f, 0xf4, 0xc4, 0x2b, 0xf0, 0xfb,
    0x10, 0x0, 0xff, 0x82, 0x10, 0xc0, 0x3d, 0xca,
    0x0, 0x8a, 0x44,

    /* U+7E41 "繁" */
    0x0, 0x38, 0x7, 0xb, 0x80, 0x72, 0xc5, 0xde,
    0x4b, 0x88, 0x4c, 0x8c, 0x64, 0x4, 0x4e, 0xe,
    0xaf, 0x4a, 0x24, 0x3c, 0xb0, 0x5e, 0x4b, 0x2a,
    0x5, 0x2, 0x2c, 0x5e, 0x1d, 0x61, 0x65, 0xdb,
    0x0, 0xd, 0xc7, 0xc, 0xc9, 0xd5, 0x82, 0x4c,
    0x0, 0x75, 0x5, 0x15, 0x1d, 0x9f, 0x3c, 0xc0,
    0xdb, 0x22, 0xbf, 0xa1, 0x60, 0xba, 0xc0, 0x5,
    0xc5, 0x56, 0x54, 0x54, 0x88, 0x4, 0x54, 0x2,
    0x2, 0x1f, 0xe6, 0xe6, 0x0, 0xb, 0x4b, 0xec,
    0x6, 0x7e, 0x71, 0x80, 0xb, 0xaf, 0x48, 0xc0,
    0x28, 0xd1, 0x0, 0x40, 0x6a, 0x6d, 0xa0, 0x1d,
    0xf6, 0x88, 0x4b, 0x80, 0xef, 0x58, 0x4, 0x52,
    0x20,

    /* U+7EA2 "红" */
    0x0, 0x98, 0x80, 0x3f, 0xe1, 0x90, 0x2, 0xaf,
    0xc0, 0x14, 0x31, 0x7, 0x72, 0x6a, 0x3b, 0x82,
    0x6, 0xf0, 0x88, 0xbb, 0x60, 0x65, 0xd8, 0x43,
    0xa4, 0xac, 0x40, 0x3f, 0x41, 0x5e, 0x1a, 0x80,
    0x7e, 0x8f, 0x92, 0xc0, 0xf, 0xf2, 0x5f, 0x19,
    0x0, 0x7e, 0x4b, 0x1d, 0x87, 0x0, 0xfc, 0xb5,
    0xfd, 0x6a, 0x1, 0xf8, 0x54, 0x52, 0x14, 0x3,
    0xf2, 0xf7, 0xf8, 0xf, 0x76, 0xf, 0xdd, 0x2a,
    0x67, 0x5c, 0x37, 0x75, 0x9b, 0xdc, 0x40,

    /* U+7EA6 "约" */
    0x0, 0x90, 0x40, 0x28, 0x0, 0xfd, 0x46, 0x0,
    0x45, 0x0, 0xf9, 0xdc, 0x40, 0xd, 0x50, 0x8,
    0x40, 0x3, 0x30, 0x68, 0x2c, 0xff, 0xf7, 0x8,
    0x54, 0x7, 0xc, 0x37, 0xfe, 0x10, 0x64, 0xbe,
    0x5, 0x2b, 0x0, 0xc2, 0x26, 0xf9, 0x2d, 0xb,
    0xab, 0x0, 0xf1, 0x4f, 0x91, 0x84, 0x15, 0x80,
    0x62, 0xd2, 0xc9, 0xb0, 0x4, 0x83, 0x8, 0x80,
    0xa3, 0xb9, 0x70, 0x1, 0x5b, 0x19, 0x80, 0xe,
    0x8, 0xd2, 0x1, 0xcc, 0xc0, 0x4e, 0xff, 0x76,
    0x0, 0x76, 0x90, 0x27, 0xf5, 0xc2, 0x80, 0x7,
    0xfc, 0xf6, 0x0, 0x10, 0xf, 0xf, 0xfb, 0x88,
    0x0,

    /* U+7EA7 "级" */
    0x0, 0xa8, 0x80, 0x3f, 0xe3, 0x72, 0x5f, 0xff,
    0x0, 0x68, 0x80, 0x2f, 0x9d, 0xfb, 0x40, 0x4,
    0x8e, 0xae, 0x80, 0x2e, 0x8, 0xa0, 0x1, 0x98,
    0x59, 0x50, 0x21, 0x23, 0x20, 0x2, 0x14, 0x54,
    0x8, 0x1, 0xd0, 0x7f, 0xc0, 0xbf, 0x48, 0xc0,
    0x21, 0xed, 0xf4, 0x80, 0x3, 0x8d, 0x95, 0x51,
    0xb9, 0x7, 0x68, 0x1e, 0xe, 0x61, 0x4d, 0x6e,
    0x49, 0x58, 0xa, 0x7e, 0x90, 0xf3, 0x59, 0x9b,
    0x60, 0x1, 0x66, 0x5f, 0xa2, 0x40, 0x10, 0x80,
    0xb, 0xf3, 0xfb, 0x8c, 0x38, 0xd7, 0x4c, 0x5,
    0xd4, 0x82, 0xf7, 0xe9, 0x69, 0xb6, 0xa0, 0x20,
    0x1, 0xe2, 0xe8, 0x0, 0x1e, 0xa8,

    /* U+7EAC "纬" */
    0x0, 0xac, 0x40, 0x22, 0xe0, 0xf, 0x23, 0x88,
    0x7, 0xfd, 0xf0, 0x0, 0xff, 0x68, 0xff, 0xc2,
    0x8, 0x8, 0xe5, 0xfe, 0xc0, 0xff, 0x84, 0x51,
    0x23, 0x26, 0x24, 0xe0, 0x44, 0x10, 0x23, 0xfe,
    0xb1, 0xbf, 0xb0, 0xff, 0x48, 0x1f, 0x42, 0x28,
    0x56, 0xe8, 0x77, 0x50, 0x0, 0x3b, 0xe7, 0x77,
    0xfb, 0x47, 0xfe, 0x41, 0xd1, 0xe0, 0x6f, 0xf6,
    0x7, 0xf9, 0x1c, 0x6b, 0xed, 0xc4, 0x0, 0x22,
    0x0, 0x38, 0x82, 0x93, 0x4d, 0x0, 0x78, 0x8a,
    0xef, 0xfa, 0x0, 0x31, 0x6b, 0x1, 0x7e, 0xcb,
    0x10, 0x6, 0x2d, 0x80,

    /* U+7EAF "纯" */
    0x0, 0xff, 0xe2, 0xe8, 0x80, 0x43, 0xe0, 0x1e,
    0x56, 0x10, 0xf, 0xfa, 0x7c, 0xf, 0xfd, 0xc1,
    0xff, 0x28, 0x2b, 0xa3, 0x3f, 0xfb, 0x43, 0xfe,
    0x52, 0xae, 0x78, 0x5a, 0x3, 0x0, 0xac, 0x18,
    0x3e, 0x2c, 0x50, 0x40, 0x32, 0x2, 0x7e, 0x2a,
    0x80, 0x3f, 0xc9, 0x1c, 0xc8, 0x1, 0xf8, 0xac,
    0x7c, 0x58, 0x3b, 0x81, 0xfe, 0x0, 0x16, 0x7d,
    0xb9, 0x77, 0xe8, 0x7f, 0x80, 0x23, 0x47, 0xb9,
    0x0, 0x18, 0x5, 0xa6, 0x6f, 0x8f, 0xf4, 0x80,
    0x4, 0x2, 0x74, 0x3f, 0xc8, 0x40, 0xc, 0x9f,
    0xeb, 0x50,

    /* U+7EB3 "纳" */
    0x0, 0xff, 0xe2, 0x60, 0x80, 0x6f, 0x0, 0xe4,
    0x71, 0x0, 0xff, 0x47, 0x80, 0x7f, 0x91, 0xd2,
    0x1b, 0xb9, 0xe1, 0xdc, 0xf1, 0xbd, 0x95, 0x70,
    0xfb, 0x1f, 0xf0, 0x10, 0x7b, 0x70, 0x0, 0x48,
    0x46, 0x3, 0xf1, 0x73, 0x0, 0xb0, 0x14, 0x2,
    0x54, 0xb6, 0x50, 0x2, 0x55, 0x80, 0x6, 0x8e,
    0x39, 0xc1, 0xd5, 0x4f, 0x0, 0x39, 0xf7, 0x4,
    0x35, 0x21, 0x64, 0x0, 0x32, 0x6a, 0x61, 0xd2,
    0x2, 0xa0, 0x3e, 0xff, 0x72, 0x80, 0x7c, 0x7f,
    0xb2, 0x86, 0x1, 0xb7, 0xd4, 0x4, 0x2, 0x1e,
    0x0, 0xb7, 0xe8,

    /* U+7EB5 "纵" */
    0x0, 0xff, 0xe2, 0xf, 0x0, 0xf, 0x80, 0x1a,
    0x60, 0x1a, 0x50, 0x2, 0x30, 0xf, 0xcd, 0x0,
    0x1f, 0xf4, 0x39, 0x69, 0x38, 0x80, 0x8, 0x40,
    0x6, 0xe3, 0xce, 0x42, 0xe0, 0x1e, 0x74, 0x1,
    0xb0, 0x22, 0x0, 0x80, 0x80, 0x12, 0xd2, 0x84,
    0x35, 0x80, 0x81, 0x40, 0x2a, 0x22, 0x48, 0x8,
    0x2a, 0x83, 0xc0, 0x6, 0xa8, 0x14, 0x9, 0x71,
    0x8c, 0x80, 0x3, 0xfa, 0x71, 0x42, 0x48, 0x5b,
    0x13, 0x0, 0x2c, 0xf7, 0x21, 0x40, 0xcc, 0x57,
    0x20, 0x7d, 0xfe, 0x93, 0x92, 0x88, 0x3, 0x2a,
    0x1d, 0xb0, 0xb5, 0x9, 0xc2, 0x0, 0xda, 0x0,

    /* U+7EB8 "纸" */
    0x0, 0x94, 0x40, 0x3c, 0x66, 0x0, 0x86, 0xc0,
    0xb, 0x13, 0xbf, 0xe4, 0x0, 0xa5, 0xc4, 0x21,
    0x72, 0x93, 0x1c, 0x0, 0x2d, 0x4, 0x47, 0x85,
    0x30, 0xe, 0xb8, 0x1e, 0x40, 0xf, 0xca, 0xa8,
    0xf7, 0x60, 0x21, 0x12, 0x88, 0x81, 0x77, 0x45,
    0x40, 0x8, 0xfa, 0x1f, 0xf1, 0x81, 0xf7, 0x0,
    0xc2, 0xbb, 0x83, 0xdc, 0x31, 0xe2, 0xdd, 0x20,
    0x4, 0x22, 0x0, 0x85, 0x77, 0xb1, 0xc0, 0x31,
    0x98, 0x2, 0xa3, 0x48, 0x70, 0xc, 0xaa, 0x38,
    0x3e, 0xfe, 0xe2, 0xb4, 0xdd, 0xaa, 0xd7, 0xcf,
    0xfa, 0x98, 0x8d, 0xe2, 0xcd, 0x21, 0x40, 0x40,
    0x37, 0xd9, 0x80, 0x27, 0x88,

    /* U+7EBF "线" */
    0x0, 0xa8, 0x40, 0x2d, 0x38, 0x20, 0xc, 0x6e,
    0x20, 0x1d, 0x9e, 0x60, 0x14, 0x40, 0x3, 0xb,
    0x3d, 0xb0, 0x0, 0xd9, 0x61, 0x27, 0xe, 0xa3,
    0xc0, 0x3, 0x95, 0xc, 0xbb, 0xe9, 0x57, 0x2a,
    0x1, 0x6b, 0xd8, 0xa1, 0x8f, 0xb4, 0xe0, 0xf,
    0xea, 0xa8, 0x6b, 0x55, 0x5d, 0x9c, 0x0, 0x4a,
    0xe6, 0x2f, 0xf5, 0xa4, 0x27, 0x0, 0xd9, 0x78,
    0x92, 0x92, 0xa8, 0x76, 0x80, 0x73, 0xed, 0xc4,
    0x0, 0x22, 0xeb, 0x60, 0x1, 0xa4, 0xeb, 0x0,
    0x1c, 0x5, 0xc8, 0x4b, 0xfe, 0xc4, 0x9e, 0xdc,
    0x4, 0xa4, 0x2f, 0xb6, 0x11, 0x6, 0x51, 0xdd,
    0x2a, 0x80,

    /* U+7EC4 "组" */
    0x0, 0x98, 0x80, 0x3f, 0xe1, 0x83, 0x4, 0xff,
    0xe3, 0x0, 0xa5, 0xc4, 0x0, 0x9f, 0xf1, 0x0,
    0x42, 0xd0, 0x8e, 0x1, 0xfd, 0xe8, 0xd4, 0x80,
    0x97, 0x71, 0x0, 0x14, 0x4e, 0x18, 0xc0, 0x7f,
    0xe0, 0x9, 0x7f, 0xe, 0x0, 0xa, 0x89, 0x10,
    0x4, 0x97, 0x2c, 0xa0, 0x1f, 0x8a, 0xc7, 0x85,
    0x81, 0x3f, 0xe2, 0x0, 0x15, 0xfd, 0xb9, 0x82,
    0x7f, 0xc4, 0x1, 0x21, 0x35, 0x38, 0x7, 0xe3,
    0xec, 0xff, 0x30, 0x7, 0xe3, 0xce, 0x95, 0xab,
    0x4f, 0xf8, 0xb1, 0x80,

    /* U+7EC6 "细" */
    0x0, 0x9c, 0xc0, 0x3f, 0xe1, 0x91, 0xf, 0xff,
    0x84, 0x1, 0xe, 0x40, 0xf, 0xf0, 0xf7, 0x80,
    0x44, 0xf0, 0x48, 0x1, 0xfd, 0x92, 0xb8, 0x40,
    0x1f, 0x9c, 0x6e, 0xc0, 0xc0, 0x1f, 0x9f, 0xe4,
    0xb8, 0x1, 0xfe, 0x1e, 0xf0, 0x9, 0x23, 0x8c,
    0xc1, 0xfe, 0xd, 0xf0, 0x2, 0x59, 0x74, 0x30,
    0x4, 0x26, 0x1, 0x2d, 0xfe, 0xda, 0x80, 0x7e,
    0x14, 0x3, 0x66, 0x0, 0x7e, 0x4d, 0xff, 0x88,
    0x3f, 0xc3, 0xde, 0x0, 0x5e, 0xfc, 0x94, 0xf,
    0xfe, 0x0, 0x0,

    /* U+7ECF "经" */
    0x0, 0xa0, 0x40, 0x3f, 0xe4, 0x61, 0xf, 0xff,
    0x20, 0x5, 0xf0, 0x0, 0xff, 0xce, 0x68, 0x0,
    0x47, 0x65, 0x40, 0xa, 0x57, 0x40, 0x3, 0x52,
    0xb6, 0xe0, 0x58, 0xc8, 0x1, 0x48, 0xcd, 0x30,
    0xce, 0xdf, 0xf, 0xc8, 0xc7, 0xd1, 0xc5, 0xf,
    0x38, 0xc7, 0x82, 0x82, 0x44, 0x16, 0x86, 0xea,
    0xab, 0x14, 0x3b, 0x18, 0xc0, 0xdf, 0xd5, 0xff,
    0x60, 0x15, 0x7e, 0x49, 0x22, 0xa8, 0x55, 0x48,
    0x2, 0x88, 0x8c, 0x50, 0xf, 0xcb, 0xdf, 0xf0,
    0xb3, 0x28, 0x59, 0xa3, 0x5f, 0xb7, 0x38, 0x99,
    0x38, 0x4c, 0xd6,

    /* U+7ED3 "结" */
    0x0, 0xd, 0x80, 0x77, 0x80, 0x79, 0x80, 0x3f,
    0xf8, 0x33, 0x0, 0x9f, 0xf0, 0x7f, 0xc6, 0xe,
    0x86, 0xe1, 0xdd, 0x7, 0x74, 0x66, 0x8e, 0x78,
    0x61, 0x18, 0x4, 0x60, 0x40, 0xf8, 0x81, 0x55,
    0xd8, 0x2e, 0xd4, 0xf, 0xe4, 0xae, 0x1d, 0xd5,
    0x77, 0x40, 0x6, 0x5a, 0x22, 0x22, 0xaf, 0x20,
    0x2c, 0x97, 0xf9, 0x27, 0xfb, 0xaf, 0x80, 0x78,
    0xdf, 0xd6, 0x8, 0xee, 0x9c, 0x0, 0x4e, 0x62,
    0x88, 0x0, 0xfc, 0x97, 0xdf, 0xe1, 0xc, 0x44,
    0xc0, 0x7, 0xec, 0xeb, 0x50, 0x4f, 0xf8, 0xc0,
    0x6, 0xa4, 0x1, 0x4f, 0xdd, 0xdf, 0x0,

    /* U+7ED8 "绘" */
    0x0, 0xa0, 0x3, 0xc, 0x0, 0x79, 0x8c, 0x3,
    0x5b, 0x88, 0x7, 0x57, 0x80, 0x4a, 0xf3, 0xa2,
    0x1, 0x20, 0x24, 0x1, 0xdf, 0x35, 0xe8, 0x80,
    0x22, 0xe, 0x8b, 0x96, 0x60, 0xe9, 0xe6, 0x87,
    0x51, 0xfb, 0x35, 0xff, 0x15, 0x92, 0x7b, 0x30,
    0xe1, 0xbf, 0xf5, 0x28, 0x82, 0x36, 0x39, 0xd5,
    0x7c, 0x5, 0x63, 0xe2, 0x5f, 0x8b, 0x9f, 0xf0,
    0x14, 0xfd, 0x38, 0xae, 0x43, 0x3, 0x28, 0x1,
    0x96, 0xfc, 0x51, 0xdc, 0xd, 0xc0, 0x2, 0xff,
    0xb9, 0x6d, 0xa2, 0xa0, 0xa0, 0xb, 0xa9, 0x3,
    0x47, 0x37, 0xa7, 0x98, 0x0, 0x20, 0x14, 0xf3,
    0xaa, 0x10, 0xf0, 0x0,

    /* U+7ED9 "给" */
    0x0, 0x98, 0x40, 0x21, 0x90, 0xf, 0xc, 0x80,
    0x66, 0x61, 0x80, 0x74, 0xb0, 0x80, 0x52, 0xfe,
    0x1, 0x85, 0xa1, 0x10, 0x14, 0xf0, 0xd2, 0x1,
    0x5c, 0x9d, 0x4, 0x3c, 0x5, 0xa4, 0x81, 0x2d,
    0x6a, 0x12, 0x7, 0xf7, 0xba, 0xa1, 0x7f, 0xd,
    0xb6, 0x6f, 0x75, 0x58, 0x80, 0x38, 0xd2, 0xad,
    0xbb, 0xc6, 0x0, 0xe0, 0x2e, 0x7e, 0x4c, 0xc8,
    0x3, 0x5f, 0xd3, 0x10, 0x8, 0xe0, 0xc, 0xaa,
    0x8c, 0x90, 0xf, 0xc3, 0xdc, 0xff, 0x48, 0x3e,
    0x64, 0x40, 0x1, 0xfb, 0x73, 0x0, 0x27, 0xfc,
    0x1, 0xfd, 0x16, 0x67, 0x79, 0x80,

    /* U+7EDC "络" */
    0x0, 0x90, 0x2, 0x27, 0x0, 0xf8, 0xac, 0x40,
    0x17, 0xa6, 0x64, 0x10, 0xa, 0xdc, 0x40, 0xd9,
    0x9f, 0xeb, 0x80, 0x1, 0x3c, 0x21, 0x70, 0x76,
    0x70, 0xc0, 0x2, 0x6c, 0xaa, 0x6a, 0xf8, 0xfe,
    0x84, 0x19, 0x2f, 0x5a, 0xdd, 0x1f, 0x15, 0x0,
    0xf, 0xd6, 0x50, 0x9, 0x8f, 0x2b, 0x46, 0x2,
    0x77, 0x2b, 0x33, 0x63, 0x6e, 0x71, 0x1e, 0x8c,
    0x6c, 0x55, 0x3f, 0xe9, 0x82, 0x23, 0xfe, 0x40,
    0x83, 0xff, 0xca, 0x0, 0x18, 0x48, 0xc5, 0x0,
    0xfc, 0x9d, 0xcd, 0xd2, 0x83, 0xee, 0xca, 0x0,
    0x4e, 0xa5, 0x10, 0x3, 0x66, 0x46, 0x1, 0xf9,
    0xe4, 0x46, 0xc5, 0x0,

    /* U+7EDF "统" */
    0x0, 0xff, 0xe2, 0xe1, 0x80, 0x49, 0x40, 0x1e,
    0x52, 0x30, 0x9, 0x10, 0x20, 0x1d, 0x16, 0x3,
    0xff, 0xf, 0x7f, 0x9c, 0x18, 0x56, 0x5f, 0xf8,
    0x6f, 0xfb, 0xdc, 0xa6, 0xa1, 0xdc, 0x14, 0xc8,
    0x8c, 0x0, 0x30, 0x5b, 0xd8, 0x53, 0xd1, 0x81,
    0x48, 0x27, 0xa2, 0xa8, 0x94, 0xf3, 0xf9, 0x58,
    0x81, 0x92, 0xcc, 0x75, 0xf7, 0x43, 0x54, 0x32,
    0x92, 0xf8, 0x2, 0x40, 0x2, 0x82, 0x89, 0x46,
    0xf5, 0x90, 0x11, 0x0, 0x3c, 0xe6, 0xb4, 0xa6,
    0x61, 0x0, 0x91, 0x4b, 0x3f, 0xe7, 0xea, 0x0,
    0xc5, 0xa7, 0x1d, 0x4f, 0x8a, 0xe0, 0x27, 0xd1,
    0x82, 0x80, 0x2, 0xf8, 0x0, 0xb7, 0xb8, 0x80,

    /* U+7EED "续" */
    0x0, 0xac, 0x3, 0x2d, 0x0, 0x79, 0x0, 0x29,
    0xaa, 0x2d, 0x50, 0xc0, 0x2f, 0xf0, 0x2, 0xa5,
    0x86, 0x64, 0x40, 0x4, 0x4, 0xa3, 0x55, 0x85,
    0x55, 0x20, 0x37, 0xb2, 0x0, 0x11, 0x5b, 0x8e,
    0x30, 0x10, 0x7b, 0x41, 0xb5, 0xab, 0xb8, 0xa0,
    0xf, 0xc2, 0x8, 0x93, 0xc8, 0x0, 0x96, 0x0,
    0x33, 0x3e, 0xcb, 0x6d, 0x84, 0x4, 0x0, 0x72,
    0x9d, 0x51, 0xc5, 0xe3, 0x77, 0x1, 0xf5, 0xba,
    0x54, 0x40, 0x97, 0xe2, 0x0, 0x4, 0xaf, 0xd2,
    0x35, 0x8, 0x96, 0x30, 0x2e, 0xfe, 0x81, 0xab,
    0xf2, 0xc9, 0x80, 0x2b, 0x50, 0x4, 0x16, 0x90,
    0xe, 0x10, 0x80,

    /* U+7EFF "绿" */
    0x0, 0x94, 0x3, 0xff, 0x80, 0xb0, 0x0, 0xbe,
    0xed, 0xee, 0x1, 0x4d, 0x80, 0x2f, 0xbb, 0x30,
    0x80, 0xc, 0x59, 0xc1, 0xb7, 0x73, 0x18, 0x3,
    0xed, 0xec, 0x1b, 0x77, 0x20, 0x83, 0x9d, 0x47,
    0x9f, 0x75, 0xfc, 0x96, 0xcf, 0xe8, 0xc6, 0x6d,
    0xee, 0x7, 0x7e, 0xb0, 0x22, 0xd2, 0x4, 0xc8,
    0x2, 0x7e, 0x13, 0xb2, 0x83, 0xa, 0x33, 0x7,
    0xf6, 0x9, 0x57, 0xdb, 0x80, 0x33, 0x80, 0x1a,
    0x0, 0x14, 0x59, 0xd2, 0xcc, 0x83, 0xa5, 0xc1,
    0x3f, 0xd9, 0x87, 0x9a, 0x10, 0x1c, 0xe4, 0x47,
    0x52, 0x8a, 0xa9, 0x39, 0x0, 0x65, 0x0,

    /* U+7F00 "缀" */
    0x0, 0xb, 0x0, 0x7f, 0xf0, 0x1f, 0x83, 0x37,
    0xf6, 0x77, 0x5e, 0x20, 0xa, 0xa0, 0x6e, 0xa6,
    0xed, 0xbe, 0x62, 0x8, 0xc4, 0xee, 0xd9, 0x6a,
    0xcc, 0x48, 0x2, 0x3a, 0x79, 0x80, 0x7, 0x0,
    0x20, 0x4, 0x38, 0x6b, 0xa7, 0xe6, 0x90, 0xd9,
    0x14, 0xf4, 0x82, 0xca, 0x15, 0xfc, 0x2c, 0x10,
    0x34, 0x36, 0x8e, 0xfe, 0x9e, 0xe7, 0x98, 0xe1,
    0xf1, 0xf7, 0x26, 0x13, 0x78, 0x4c, 0x67, 0xe9,
    0x2e, 0x29, 0xbe, 0x61, 0x80, 0xe, 0xd7, 0xb6,
    0xe6, 0x8, 0xaf, 0x0, 0x7f, 0xe8, 0xc9, 0x5a,
    0x76, 0x0, 0x28, 0x1f, 0x49, 0xdf, 0x52, 0xee,
    0x76, 0xcb, 0x0, 0x6b, 0x70, 0x5, 0x50, 0x4b,
    0x18,

    /* U+7F13 "缓" */
    0x0, 0xa0, 0x3, 0x9, 0xab, 0xa8, 0x4, 0xa8,
    0x11, 0xb9, 0xb1, 0xa0, 0x20, 0x14, 0xc8, 0x21,
    0xb2, 0xf6, 0x34, 0xc0, 0xa, 0xa, 0xe4, 0x43,
    0x30, 0x1b, 0x38, 0xd, 0xcb, 0x4d, 0x3e, 0x5c,
    0x61, 0xf1, 0x40, 0xcc, 0xaa, 0x38, 0x7b, 0x9f,
    0xee, 0x29, 0xf4, 0x65, 0xee, 0xf, 0xf7, 0x64,
    0x5, 0x48, 0x5e, 0xd3, 0xee, 0xe4, 0x45, 0x1f,
    0xf8, 0x6c, 0xf7, 0x6f, 0x30, 0x69, 0xee, 0x58,
    0xa0, 0x46, 0xf1, 0x18, 0x13, 0x1b, 0xe3, 0xe,
    0xc3, 0xf7, 0x0, 0x9, 0xbe, 0x1f, 0x72, 0x4b,
    0x4, 0x1, 0x37, 0x6b, 0xc2, 0xe7, 0xe, 0xcf,
    0x6a, 0x11, 0x80, 0x2e, 0x27, 0xa4, 0x9b, 0x7d,
    0x0,

    /* U+7F16 "编" */
    0x0, 0x98, 0x3, 0xb, 0x80, 0x79, 0x28, 0x3,
    0xc, 0xa0, 0x7, 0x74, 0x81, 0x7e, 0xe8, 0x6b,
    0x7c, 0x0, 0x4e, 0xb0, 0x5, 0xba, 0xfe, 0xd0,
    0xa, 0x6a, 0xc, 0xb, 0xbb, 0x80, 0x8, 0x8c,
    0x79, 0x2, 0xee, 0xef, 0x4, 0xf3, 0x72, 0x2,
    0xdd, 0x7f, 0xe1, 0x3, 0x5c, 0x51, 0x6, 0xd4,
    0xab, 0x40, 0x2c, 0x2f, 0x36, 0x20, 0xf, 0x8a,
    0x7e, 0xdf, 0x59, 0x35, 0x2a, 0xd0, 0x0, 0xee,
    0xcb, 0x4c, 0x4d, 0x4a, 0xb4, 0x3, 0xff, 0x74,
    0x89, 0x80, 0x7c, 0x7d, 0x4, 0x16, 0x1, 0x63,
    0x1b, 0x8,

    /* U+7F29 "缩" */
    0x0, 0x90, 0x3, 0x21, 0x0, 0x78, 0xe0, 0x8,
    0xcd, 0x98, 0x33, 0x80, 0x29, 0x90, 0x64, 0x40,
    0xc2, 0x21, 0xa8, 0x4, 0xea, 0x61, 0x15, 0x7d,
    0x76, 0x77, 0x7, 0x5b, 0xc7, 0xc4, 0x3b, 0xfd,
    0xce, 0x6e, 0x7b, 0x12, 0x69, 0x3d, 0x2d, 0xdc,
    0x7, 0xfc, 0x72, 0xf0, 0x1e, 0x96, 0xec, 0x0,
    0x1d, 0x6c, 0x12, 0x19, 0x7f, 0xb8, 0x80, 0xf0,
    0xbf, 0x6c, 0x3, 0xf0, 0xc7, 0xd2, 0xb8, 0x0,
    0xf7, 0x5c, 0x20, 0x4e, 0x95, 0x80, 0x11, 0xee,
    0xb8, 0x40, 0xfa, 0x33, 0x0, 0x11, 0x19, 0x90,
    0x40, 0xb7, 0x18, 0x3, 0xc, 0xcb, 0xc0, 0x2,
    0x60, 0x11, 0xd1, 0x7d, 0x52, 0xfc, 0x0,

    /* U+7F3A "缺" */
    0x3, 0xa0, 0xf, 0x78, 0x7, 0x59, 0x88, 0xc0,
    0x1f, 0xce, 0xdd, 0xd0, 0x91, 0x81, 0x10, 0x0,
    0x44, 0xf0, 0xff, 0xf, 0xf0, 0x7e, 0x90, 0x34,
    0x0, 0x76, 0xe8, 0x34, 0x80, 0xf, 0xb0, 0x11,
    0x2, 0x0, 0xf8, 0x77, 0x41, 0xba, 0x64, 0x50,
    0x42, 0x50, 0x2f, 0x50, 0x5c, 0x3f, 0xb0, 0xb2,
    0xb0, 0x3, 0x80, 0x48, 0xf7, 0x4, 0x7b, 0x80,
    0x1f, 0xdb, 0x62, 0x40, 0x11, 0x90, 0x29, 0x1,
    0xab, 0xd7, 0x0, 0x43, 0x26, 0x60, 0x2e, 0x81,
    0x71, 0x90, 0x7, 0xde, 0x37, 0xaa, 0x30, 0x3,
    0xd4, 0x40, 0x3c, 0xf2, 0x1, 0x16, 0x8,

    /* U+7F51 "网" */
    0xef, 0xff, 0xf3, 0x86, 0xff, 0xfe, 0x50, 0xe,
    0xb3, 0x0, 0x61, 0x18, 0x1, 0xec, 0x15, 0xa8,
    0x8, 0x80, 0x13, 0x94, 0x9a, 0x8c, 0xa8, 0x7,
    0x4b, 0x8, 0x53, 0x10, 0x7, 0xc6, 0x2, 0x8,
    0x1, 0xc6, 0x67, 0x84, 0x43, 0x20, 0x6, 0xf8,
    0x86, 0xcc, 0x43, 0x40, 0x2b, 0x54, 0xc, 0x53,
    0x34, 0x80, 0x57, 0x20, 0xb, 0x80, 0x8, 0xc4,
    0x3, 0x88, 0x1, 0x9e, 0xe8,

    /* U+7F6E "置" */
    0x5, 0xec, 0xc7, 0xe6, 0x3f, 0x31, 0xd0, 0x1,
    0x2f, 0xc9, 0x7f, 0x86, 0x3d, 0xc0, 0x26, 0x2a,
    0xc4, 0xce, 0x7d, 0xa0, 0xc0, 0x4, 0x99, 0xe0,
    0x1, 0x9e, 0xd0, 0x4, 0xcf, 0x7, 0x4c, 0xeb,
    0x0, 0x1b, 0x6c, 0x78, 0x44, 0x5a, 0xe4, 0x1,
    0x87, 0x2e, 0x33, 0x21, 0x10, 0x7, 0x1a, 0xaf,
    0x88, 0x3, 0xc7, 0x11, 0xe2, 0x0, 0xf8, 0x8b,
    0xc0, 0x1f, 0x24, 0xcf, 0x8c, 0x2, 0x3f, 0xa4,
    0xee, 0xf1, 0xd7, 0x98,

    /* U+8003 "考" */
    0x0, 0xe1, 0xe0, 0xf, 0xfe, 0x35, 0xa0, 0x5,
    0x5d, 0xd0, 0xf7, 0x56, 0x48, 0x1, 0x57, 0x74,
    0x3d, 0xe4, 0x49, 0x0, 0xa6, 0x75, 0xe, 0xf1,
    0x84, 0xc8, 0x43, 0x73, 0x2e, 0x22, 0x3d, 0x66,
    0x40, 0x4, 0x55, 0x5, 0x1d, 0x60, 0x8c, 0xa2,
    0x0, 0x6d, 0xb0, 0x7c, 0xdd, 0xb0, 0x0, 0x5d,
    0xb2, 0xee, 0x99, 0xe8, 0x0, 0x16, 0x5a, 0x33,
    0xee, 0xef, 0x20, 0x8, 0x80, 0x1f, 0xed, 0xdb,
    0x0, 0x80, 0x3f, 0xe7, 0x40, 0xf, 0xeb, 0xee,
    0x44, 0x0, 0x3f, 0xaf, 0xba, 0x30, 0x8,

    /* U+8005 "者" */
    0x0, 0xe6, 0xa0, 0xc, 0x40, 0x1f, 0xfc, 0x1,
    0xc4, 0x0, 0xbb, 0xa9, 0x5e, 0xe7, 0xfa, 0x10,
    0x2, 0xee, 0xa5, 0x7b, 0xa, 0x18, 0x0, 0x2e,
    0xfa, 0x17, 0x34, 0x5, 0xdc, 0x20, 0x1c, 0xc0,
    0x6b, 0x40, 0x18, 0x5d, 0xe1, 0x67, 0xfa, 0x77,
    0xc2, 0x2, 0xdf, 0x22, 0xdd, 0xd9, 0xc0, 0x7,
    0xd8, 0xe7, 0xfd, 0xd9, 0xfc, 0x0, 0x7d, 0x58,
    0x79, 0x9c, 0xc0, 0x18, 0x40, 0x7, 0xbb, 0xcc,
    0x1, 0xf8, 0x47, 0x80, 0x3f, 0x1f, 0x77, 0x30,
    0x7, 0x93, 0xfb, 0xbb, 0xe0, 0x0,

    /* U+800C "而" */
    0x1f, 0xff, 0xfe, 0x3, 0x8f, 0x77, 0x14, 0x77,
    0x73, 0x80, 0x8f, 0x13, 0x8, 0xf0, 0x1, 0xbf,
    0xf0, 0x77, 0xfe, 0x90, 0x9, 0x7f, 0x47, 0xfc,
    0x59, 0xf0, 0x1, 0xff, 0xff, 0x0, 0xff, 0xe1,
    0x9b, 0x0, 0x15, 0xbe, 0x70, 0x0, 0xd4, 0x3,
    0x0, 0x8, 0x5f, 0xe5, 0x0,

    /* U+8017 "耗" */
    0x0, 0xbc, 0x3, 0xe8, 0x30, 0xe, 0x10, 0x8,
    0x63, 0x88, 0x40, 0x7b, 0x81, 0xfa, 0x97, 0xef,
    0xf4, 0x40, 0x3d, 0xc0, 0xed, 0x69, 0xf1, 0x10,
    0x6, 0xce, 0xf, 0x92, 0x4, 0x18, 0xad, 0x0,
    0x67, 0x7, 0xcb, 0x77, 0x3, 0x67, 0x1, 0x37,
    0x83, 0x74, 0x99, 0x42, 0xa6, 0x20, 0x98, 0xe0,
    0xf8, 0x42, 0x83, 0x17, 0xb0, 0x0, 0x40, 0x74,
    0xbe, 0xb0, 0xff, 0xa0, 0x2a, 0xc3, 0xae, 0xbf,
    0xc2, 0xe8, 0x40, 0xae, 0xc0, 0x78, 0x20, 0x1c,
    0x70, 0x9a, 0x1, 0x10, 0x4, 0x20, 0x6, 0x11,
    0x80, 0x3c, 0x27, 0xdc, 0xbd,

    /* U+8046 "聆" */
    0x0, 0xfe, 0x71, 0x0, 0x93, 0xfd, 0x9f, 0xc2,
    0x7, 0x4, 0x1, 0x23, 0xce, 0x1e, 0x8, 0x7b,
    0x78, 0x7, 0xf9, 0xdd, 0x2b, 0x20, 0x1a, 0x78,
    0xc1, 0x67, 0xce, 0x51, 0xc0, 0x29, 0xe3, 0x7b,
    0xc5, 0xe2, 0xca, 0x30, 0x7, 0x8, 0x9f, 0x88,
    0x78, 0x7, 0x4c, 0x0, 0xfa, 0x40, 0xf, 0xf6,
    0x6f, 0xa0, 0x5, 0x38, 0x60, 0xf, 0xfa, 0xc9,
    0x0, 0x2e, 0x43, 0x90, 0x10, 0x4, 0xf0, 0x1,
    0x5d, 0xb8, 0x30, 0x13, 0x79, 0x4c, 0x0, 0xbf,
    0xd4, 0x6a, 0xb, 0xc3, 0xa0, 0x1f, 0xf1, 0xf4,
    0x88, 0x0,

    /* U+8054 "联" */
    0x0, 0xf8, 0xc0, 0x23, 0x0, 0x27, 0xfb, 0x3f,
    0xc1, 0xca, 0x3, 0x84, 0x8, 0xd5, 0x8b, 0x41,
    0xd0, 0x17, 0x4, 0x1, 0xf3, 0xc3, 0x5a, 0xe4,
    0x80, 0x55, 0xca, 0x9, 0xda, 0x95, 0xda, 0x1,
    0x57, 0x28, 0x1a, 0xb8, 0x2a, 0x90, 0x2, 0x21,
    0x10, 0x8, 0x88, 0x4, 0x60, 0xa, 0x35, 0x3,
    0x32, 0xc, 0xc9, 0x40, 0x15, 0x8a, 0x1b, 0xa8,
    0xf, 0xdd, 0x28, 0x0, 0x8d, 0x61, 0x2, 0xce,
    0x0, 0x25, 0x68, 0x90, 0x75, 0x50, 0xe3, 0xa8,
    0x1, 0x7f, 0xd4, 0xbe, 0x97, 0xe1, 0xf6, 0xc0,
    0x1e, 0x28, 0xd2, 0x2, 0xcd, 0x30, 0xd, 0x4f,
    0xa6, 0x1, 0x15, 0x98,

    /* U+80CC "背" */
    0x0, 0xcd, 0x40, 0x3c, 0x0, 0x20, 0xa, 0xb3,
    0x12, 0xe0, 0x62, 0xd7, 0xe8, 0x0, 0xbd, 0xd4,
    0x38, 0x4, 0x31, 0xa8, 0x0, 0x35, 0x68, 0x70,
    0x31, 0x73, 0xa, 0x22, 0x76, 0x8b, 0x38, 0x8,
    0x6e, 0xce, 0x44, 0xc9, 0x68, 0x80, 0x3, 0xb3,
    0x2d, 0x0, 0x8f, 0xf3, 0xf7, 0x6c, 0xe4, 0x0,
    0xe2, 0xdd, 0xf2, 0x0, 0x78, 0xb3, 0x3c, 0x80,
    0x1e, 0x2c, 0xcf, 0x20, 0x7, 0x8b, 0x33, 0xc8,
    0x1, 0xe2, 0xcc, 0xf2, 0x0, 0x7f, 0xcf, 0xcc,
    0xe0, 0x18, 0xf4, 0x3, 0x3f, 0x69, 0x0, 0x0,

    /* U+80F6 "胶" */
    0x0, 0xfc, 0x6e, 0x1, 0xcd, 0xff, 0x20, 0x0,
    0xe4, 0xc0, 0x39, 0xfd, 0x2, 0xaa, 0x38, 0xaa,
    0x10, 0x7, 0xa7, 0x7f, 0xb9, 0x92, 0x40, 0x7,
    0xf4, 0x3, 0x96, 0x31, 0x82, 0x0, 0xa3, 0xd0,
    0x29, 0xcc, 0x12, 0x34, 0x3, 0xdc, 0xc6, 0x0,
    0x2f, 0x75, 0x1, 0xc3, 0x6e, 0xd1, 0x50, 0xa1,
    0xa5, 0xf, 0x48, 0x20, 0x18, 0x81, 0x35, 0x8,
    0x0, 0x6a, 0xd0, 0x0, 0x6f, 0xb2, 0x40, 0x12,
    0xb8, 0x6, 0x16, 0xd, 0x0, 0xc4, 0x40, 0x9,
    0x71, 0x38, 0x75, 0x1, 0x10, 0x18, 0xd9, 0x32,
    0x81, 0xbb, 0x51, 0xa5, 0x6, 0x6c, 0x62, 0x0,
    0x4d, 0xc6,

    /* U+80FD "能" */
    0x0, 0xff, 0xe2, 0x2d, 0x80, 0x45, 0xc0, 0x1f,
    0x47, 0xbc, 0x80, 0x62, 0x93, 0x0, 0x4a, 0x21,
    0xdc, 0x80, 0x37, 0xfc, 0x40, 0x6, 0x4d, 0xd0,
    0xd0, 0x2, 0x35, 0xc4, 0x1, 0xdb, 0xb7, 0xd0,
    0x9, 0x80, 0x2c, 0xc2, 0x7b, 0xaf, 0x12, 0x1b,
    0xb9, 0x4c, 0x6, 0x3b, 0x88, 0x61, 0x3f, 0xf8,
    0x0, 0x53, 0xba, 0x40, 0x28, 0x44, 0x1, 0x0,
    0xa, 0x77, 0x48, 0x0, 0x16, 0xc8, 0x70, 0x1,
    0x4e, 0x61, 0x0, 0x21, 0xec, 0x40, 0x1, 0x4e,
    0x61, 0x0, 0x2, 0xe4, 0xe, 0x60, 0x1f, 0xfc,
    0xc, 0x70, 0x8, 0xb5, 0x90, 0x89, 0xff, 0x3a,
    0x0,

    /* U+8109 "脉" */
    0x0, 0xf9, 0x8, 0x3, 0xdf, 0xf8, 0x0, 0x5d,
    0xae, 0x1, 0x87, 0xfc, 0x1, 0x36, 0x7f, 0x8,
    0x7, 0xea, 0xee, 0x6c, 0x88, 0x4, 0x3f, 0xe0,
    0x5, 0x77, 0x0, 0x3, 0x60, 0x1, 0xff, 0x2,
    0xc5, 0x90, 0x2e, 0xe0, 0x7, 0x9b, 0x50, 0x42,
    0xad, 0xc0, 0x3, 0xba, 0x3, 0x40, 0x30, 0x26,
    0x0, 0xdf, 0xe0, 0x4, 0xb0, 0x2, 0xe0, 0x0,
    0x24, 0x50, 0xb, 0x58, 0x1, 0x91, 0x0, 0x4c,
    0x1, 0x6b, 0x10, 0x5, 0xd4, 0x69, 0x80, 0x14,
    0x40, 0x3, 0x1d, 0x1f, 0x2b, 0xfa, 0xa0, 0x67,
    0xa0, 0x1, 0x2, 0x49, 0xfe, 0x80, 0x19, 0xf6,
    0x1, 0x80,

    /* U+817E "腾" */
    0x0, 0xf2, 0x1, 0x98, 0x10, 0x2, 0xff, 0x9c,
    0x3c, 0xa1, 0x8e, 0x0, 0x22, 0xf9, 0x8, 0x5f,
    0x4b, 0xe2, 0xc0, 0x1, 0x97, 0x4, 0x75, 0xaf,
    0x6f, 0x60, 0x0, 0x71, 0xf7, 0x5d, 0x2b, 0xbf,
    0xed, 0x50, 0x2e, 0x9d, 0xd2, 0xc7, 0xed, 0x9e,
    0x28, 0x6, 0xed, 0x5b, 0xcc, 0x5a, 0xf9, 0x81,
    0x5c, 0x8c, 0xd4, 0x66, 0xa, 0x30, 0xc0, 0x1c,
    0x7e, 0x9f, 0xe6, 0x72, 0x66, 0x0, 0x9, 0x68,
    0x1, 0x98, 0x1, 0x9d, 0xe0, 0x26, 0x0, 0x9a,
    0xed, 0x54, 0xec, 0x20, 0x72, 0x0, 0x9b, 0x33,
    0x47, 0xe8, 0x16, 0x3c, 0x18, 0x6, 0x9d, 0x44,
    0x3, 0xab, 0xf2, 0x0, 0x69, 0xdd, 0x8, 0x0,

    /* U+81EA "自" */
    0x0, 0xd4, 0x80, 0x1f, 0xa, 0xa8, 0x3, 0x57,
    0xfb, 0x83, 0xbf, 0xec, 0x19, 0xee, 0xf5, 0x8,
    0x18, 0x8f, 0xc0, 0xa, 0xff, 0xf5, 0x80, 0x27,
    0xff, 0xd4, 0x0, 0x30, 0xf, 0x8, 0x2, 0xbb,
    0xbd, 0x60, 0x9, 0xff, 0xf5, 0x0, 0xc, 0x47,
    0xe0, 0x5, 0x6e, 0xfa, 0xc0, 0x11, 0xff, 0xe9,
    0xb, 0x72, 0x2f, 0x36, 0x80,

    /* U+81F3 "至" */
    0xe, 0xff, 0xff, 0x68, 0x3, 0xbf, 0xcc, 0x9f,
    0xf7, 0x7f, 0xb4, 0x3, 0x3a, 0x58, 0x1, 0x3d,
    0x0, 0x39, 0xeb, 0x0, 0x25, 0xbb, 0x28, 0x4,
    0x50, 0x5f, 0xf7, 0x64, 0xd, 0x20, 0x0, 0xbb,
    0xaf, 0x88, 0x6e, 0xbb, 0x18, 0x2, 0x11, 0x0,
    0x3b, 0x80, 0x11, 0x90, 0x5, 0xff, 0x99, 0xff,
    0xf0, 0x80, 0x5f, 0xf9, 0x9f, 0xff, 0x8, 0x7,
    0xff, 0xc, 0xaa, 0xb9, 0x9e, 0xab, 0x88, 0xff,
    0xfa, 0xa9, 0xff, 0xc6,

    /* U+81F4 "致" */
    0x0, 0xfd, 0xc, 0x1, 0x93, 0xff, 0xc0, 0x84,
    0x1, 0x93, 0xd6, 0x3f, 0xe0, 0x35, 0x0, 0xe3,
    0x77, 0x34, 0x82, 0x87, 0x7f, 0xc8, 0x3b, 0x48,
    0xc, 0x74, 0x1f, 0xe2, 0xc4, 0x11, 0x5f, 0xf8,
    0xbc, 0x4, 0x0, 0x46, 0x0, 0xfc, 0x3d, 0xd3,
    0x39, 0x92, 0x10, 0x4, 0x44, 0x5c, 0x29, 0x85,
    0x56, 0x28, 0x5, 0xdc, 0x27, 0xe9, 0xa, 0x97,
    0xa0, 0xb, 0x30, 0xb3, 0x94, 0x4, 0x20, 0x40,
    0x1e, 0x14, 0x70, 0x40, 0x1, 0x80, 0xe, 0xb1,
    0x63, 0xfc, 0xd7, 0x69, 0xd4, 0x0, 0x6c, 0x77,
    0xd8, 0x5e, 0x23, 0x5d, 0x8c, 0xce, 0x82, 0x0,
    0x9d, 0x30, 0x2, 0xf1, 0x80,

    /* U+822A "航" */
    0x0, 0x9c, 0x80, 0x23, 0x60, 0xf, 0xa4, 0xc0,
    0x22, 0x91, 0x0, 0xcb, 0xe3, 0x9e, 0x46, 0x48,
    0xc6, 0x61, 0x3, 0x7d, 0xd0, 0xd4, 0x40, 0x32,
    0x20, 0x80, 0x14, 0x88, 0x45, 0x4d, 0x52, 0x6d,
    0x40, 0x28, 0x30, 0x4, 0x6d, 0x53, 0x40, 0xb,
    0x2f, 0xb8, 0x20, 0x9, 0xbb, 0x0, 0x4b, 0x2f,
    0xbc, 0x20, 0x1f, 0xc3, 0xfe, 0x10, 0x8, 0xc0,
    0x3d, 0xe3, 0x4e, 0x0, 0x21, 0x0, 0xf1, 0x93,
    0x30, 0x0, 0xaa, 0x0, 0xd0, 0xa, 0x80, 0x11,
    0x90, 0x80, 0x62, 0x44, 0x2, 0xf2, 0xc4, 0x0,
    0x23, 0xec, 0x4a, 0x5, 0xeb, 0xb2, 0x0, 0x59,
    0xcc,

    /* U+822C "般" */
    0x0, 0x95, 0x0, 0x3f, 0xe3, 0xa2, 0x30, 0x4f,
    0xee, 0x78, 0x4, 0xb8, 0x7b, 0x88, 0x9, 0xdc,
    0x0, 0xe5, 0x9b, 0x40, 0x22, 0x0, 0x7e, 0x26,
    0x1, 0xbd, 0x0, 0x15, 0x20, 0x0, 0xdd, 0x40,
    0x61, 0x0, 0x1b, 0x68, 0xb4, 0xdd, 0xa8, 0x17,
    0xff, 0xc0, 0xb2, 0xdf, 0xc8, 0xd, 0x1f, 0xe9,
    0x60, 0x0, 0x8a, 0xcc, 0x1, 0x52, 0x0, 0xba,
    0x0, 0x7f, 0x4c, 0x80, 0x4, 0xd4, 0xee, 0x20,
    0x1, 0xa9, 0xd0, 0x5, 0xb, 0x16, 0x1, 0x29,
    0x80, 0x62, 0xa2, 0x26, 0xa0, 0x1a, 0x2, 0x73,
    0x6, 0x6e, 0xd3, 0x4, 0x74, 0x9, 0xda, 0x9c,
    0xe0, 0x5, 0xc2,

    /* U+8272 "色" */
    0x0, 0xff, 0xe3, 0x26, 0x0, 0x7f, 0xf0, 0x2c,
    0xf3, 0x1d, 0xa0, 0x1f, 0x62, 0x67, 0xf8, 0xd4,
    0x3, 0x87, 0x1a, 0xcc, 0xca, 0xd0, 0x1, 0x8b,
    0xcd, 0x7f, 0xe9, 0x4f, 0xf8, 0x0, 0x50, 0xb3,
    0xfe, 0xd1, 0xff, 0x80, 0x33, 0x0, 0x7f, 0xf0,
    0xe6, 0xa9, 0xc3, 0x55, 0x0, 0x79, 0x33, 0x15,
    0x39, 0x90, 0x7, 0xb5, 0x9b, 0xef, 0x20, 0x8,
    0xc0, 0x3f, 0xa1, 0x80, 0x3, 0xe0, 0x1f, 0xa,
    0x20, 0x1, 0x4b, 0xff, 0xf9, 0x88,

    /* U+827A "艺" */
    0x0, 0xde, 0x1, 0x1e, 0x80, 0x70, 0x88, 0x80,
    0x46, 0x73, 0x11, 0x80, 0xfb, 0x9a, 0x1d, 0xd5,
    0x8f, 0x74, 0x7, 0xff, 0x7, 0xfd, 0x85, 0xff,
    0x0, 0x76, 0x0, 0x47, 0xc0, 0x1e, 0xdf, 0xcf,
    0xfd, 0x98, 0x0, 0xed, 0xff, 0xd0, 0xd, 0x80,
    0x1f, 0x8b, 0x2f, 0x24, 0x3, 0xf2, 0xe5, 0xe1,
    0x80, 0x7e, 0x88, 0x6b, 0x80, 0x7f, 0x32, 0x61,
    0x80, 0x7b, 0x80, 0x2c, 0x41, 0x0, 0xf2, 0x98,
    0x5, 0x29, 0xff, 0xf5, 0xc0, 0x0,

    /* U+8282 "节" */
    0x0, 0xde, 0x40, 0x2, 0xf0, 0xf, 0xfe, 0x31,
    0xff, 0xc1, 0xbf, 0xed, 0xf, 0xf8, 0xcd, 0xff,
    0x6, 0xff, 0xb4, 0x3f, 0xe3, 0x0, 0xce, 0x60,
    0x3, 0x70, 0xe, 0x69, 0x90, 0xc4, 0xca, 0x6,
    0xec, 0x1, 0x2f, 0xfc, 0xc3, 0xff, 0x12, 0x0,
    0x46, 0xcd, 0x5, 0x33, 0x54, 0x20, 0x1f, 0xfd,
    0xa9, 0xfc, 0x40, 0xf, 0xf4, 0xf7, 0x28, 0x3,
    0xfe, 0x11, 0x0, 0x40,

    /* U+82E5 "若" */
    0x0, 0xde, 0x1, 0xf, 0x80, 0x71, 0x9c, 0x6,
    0x72, 0x81, 0x9c, 0x3, 0xff, 0x7, 0x7f, 0xa4,
    0x3f, 0xe2, 0x1c, 0xc8, 0x32, 0x33, 0x1, 0x99,
    0x10, 0x6, 0xc7, 0xf0, 0x1d, 0x0, 0xc3, 0xff,
    0x64, 0xa7, 0xfb, 0x7f, 0xe6, 0x1f, 0xfa, 0x53,
    0xff, 0xe6, 0x0, 0x8a, 0x28, 0x3, 0xfc, 0x5a,
    0x3d, 0xff, 0xe0, 0x9, 0xbd, 0x55, 0xff, 0xe0,
    0x8, 0x73, 0x20, 0xf, 0xf0, 0xd0, 0x82, 0xdd,
    0xf6, 0x0, 0x7c, 0x51, 0x1d, 0xe0, 0x1e, 0x6d,
    0x33, 0xf7, 0x80, 0x0,

    /* U+82F1 "英" */
    0x0, 0x92, 0xc0, 0x22, 0xe0, 0xe, 0x44, 0x62,
    0x27, 0xa, 0x20, 0xc0, 0x1f, 0xe7, 0xf, 0xfa,
    0xc3, 0xfd, 0x20, 0xb, 0xb9, 0x2c, 0xeb, 0xc6,
    0xed, 0x40, 0x19, 0x28, 0x18, 0xcb, 0x0, 0x3d,
    0xdc, 0xfe, 0x1d, 0xec, 0xfc, 0x0, 0xef, 0xee,
    0xe, 0xf7, 0x2c, 0x3, 0xf8, 0x40, 0x3e, 0x5e,
    0x1e, 0xe7, 0x86, 0xf7, 0x2c, 0xf8, 0xd7, 0xfb,
    0x9e, 0xc0, 0xd, 0xfe, 0xe7, 0x98, 0x8, 0xce,
    0xd9, 0x1c, 0x62, 0x30, 0x4, 0xb9, 0x78, 0x6f,
    0x79, 0x48, 0x0, 0x3f, 0x9a, 0xd3, 0x0, 0x37,
    0x94, 0xf9, 0x9b, 0xf1, 0x80, 0x38, 0x63, 0x7c,
    0xc0,

    /* U+8303 "范" */
    0x0, 0xde, 0x1, 0xf, 0x80, 0x62, 0xcc, 0x83,
    0x33, 0x6, 0x64, 0x44, 0xff, 0x40, 0x47, 0xfa,
    0x43, 0xfe, 0x20, 0x32, 0x46, 0x43, 0x32, 0x31,
    0x9c, 0x0, 0x1c, 0x98, 0x3f, 0xcc, 0x2e, 0x79,
    0x0, 0x7, 0x46, 0x5c, 0x3f, 0xf0, 0x8, 0x1,
    0xca, 0x20, 0x4, 0x67, 0x88, 0x3, 0x64, 0x80,
    0x7e, 0x10, 0x3, 0xf5, 0x18, 0x4, 0x3d, 0xe0,
    0x40, 0x19, 0x7c, 0x2, 0x1e, 0xfd, 0x0, 0xc9,
    0x1c, 0x1, 0xf4, 0xa0, 0x1d, 0xd1, 0x39, 0x80,
    0x72, 0x0, 0x22, 0x50, 0xc, 0xbf, 0xf9, 0x90,
    0x2d, 0x80, 0x2c, 0xff, 0xeb, 0x0,

    /* U+8304 "茄" */
    0x0, 0xde, 0x1, 0xf, 0x0, 0x72, 0x24, 0x8,
    0x98, 0x51, 0x20, 0x1f, 0xf8, 0x3f, 0xe9, 0xf,
    0xf8, 0x45, 0x74, 0x41, 0x77, 0x68, 0xdd, 0xc2,
    0x0, 0x24, 0xd0, 0x8, 0xac, 0xcc, 0x20, 0x5b,
    0x85, 0xfe, 0x82, 0xcf, 0x9e, 0x90, 0x2f, 0x81,
    0xf7, 0x20, 0x2a, 0xa2, 0x80, 0x44, 0x2e, 0x5c,
    0x1, 0xfe, 0xee, 0x0, 0xc, 0x3, 0xf9, 0x50,
    0x4, 0x40, 0x1f, 0x88, 0xcc, 0x1d, 0xe0, 0x1f,
    0xa2, 0x40, 0x4, 0x40, 0x2e, 0xe3, 0x88, 0x1b,
    0x3a, 0x6a, 0xa0, 0xf, 0x71, 0x84, 0xf, 0x1,
    0x33, 0x84, 0xb8, 0x1, 0x30, 0x0,

    /* U+8350 "荐" */
    0x0, 0xff, 0xe3, 0x78, 0x6, 0xf0, 0xc, 0x7d,
    0xcf, 0xe, 0xec, 0x1f, 0xdc, 0x33, 0x77, 0x41,
    0x7f, 0xdc, 0xe, 0xe8, 0xc0, 0x21, 0xab, 0x0,
    0xb0, 0x40, 0x22, 0xff, 0xa8, 0x7b, 0xfd, 0x9f,
    0xf0, 0x97, 0xfa, 0xc7, 0xff, 0xf0, 0x80, 0x6,
    0xe8, 0xb7, 0x77, 0xf8, 0x40, 0x3, 0xc0, 0x85,
    0xbb, 0x59, 0xe0, 0x81, 0xfa, 0x18, 0x6, 0x79,
    0xc3, 0x0, 0xd, 0xc0, 0x1f, 0x75, 0x1, 0xdd,
    0x21, 0x28, 0x0, 0xfb, 0xa9, 0x5e, 0xe9, 0x0,
    0x3f, 0x8c, 0x3, 0xfc, 0x5d, 0x1e, 0x1, 0xe3,
    0xc0, 0x1, 0x77, 0x18, 0x3, 0x0,

    /* U+83B7 "获" */
    0x0, 0xda, 0xe0, 0x17, 0x8, 0x4, 0x3d, 0xd1,
    0x47, 0x74, 0x3d, 0xd1, 0xf, 0xfc, 0x2f, 0xff,
    0x6, 0xff, 0x88, 0x15, 0x6, 0x28, 0x44, 0x6e,
    0x23, 0x0, 0x16, 0x2e, 0x4, 0x0, 0xc6, 0x98,
    0x20, 0x3, 0x14, 0xa3, 0x0, 0xcf, 0x2a, 0x5,
    0xd2, 0xe7, 0x1f, 0xeb, 0x4f, 0xab, 0x22, 0x62,
    0xaa, 0x63, 0xfc, 0xe1, 0xff, 0x10, 0x2, 0x4c,
    0xc0, 0x11, 0x82, 0x0, 0x45, 0xa1, 0x80, 0x11,
    0xa5, 0x78, 0x4, 0x53, 0x21, 0x10, 0x3, 0xa1,
    0x5d, 0x80, 0x24, 0x4, 0x51, 0xc6, 0x70, 0xe8,
    0x60, 0x2, 0x75, 0x5e, 0xad, 0x80, 0xb, 0x68,
    0x41, 0x3b, 0x4b, 0x24, 0x3, 0x1e, 0x8,

    /* U+83DC "菜" */
    0x0, 0xdc, 0x40, 0x2, 0xe0, 0xc, 0x5f, 0xf0,
    0xef, 0xfb, 0x47, 0xfe, 0x32, 0xff, 0x87, 0x7f,
    0xda, 0x3f, 0xf1, 0x80, 0x4, 0xa9, 0x95, 0xa9,
    0x33, 0x0, 0x14, 0x67, 0x47, 0x7f, 0x76, 0xf0,
    0xa, 0x1f, 0x72, 0x5a, 0x19, 0x3, 0x48, 0x2,
    0xcd, 0x3, 0x72, 0x0, 0x75, 0x90, 0x4, 0xde,
    0x0, 0x66, 0x0, 0x21, 0x40, 0x7, 0xdc, 0xde,
    0xf2, 0xbf, 0xea, 0xee, 0x21, 0xf7, 0x56, 0x20,
    0x47, 0xfd, 0xd2, 0x0, 0x6, 0x63, 0xa, 0x6f,
    0xdc, 0x2, 0x29, 0xe1, 0xd2, 0x0, 0x3e, 0x6f,
    0xd1, 0x18, 0xf4, 0x0, 0x71, 0x56, 0xe8, 0x80,

    /* U+843D "落" */
    0x0, 0xde, 0x1, 0xf, 0x0, 0x62, 0xff, 0x83,
    0xfe, 0xe1, 0xff, 0x8c, 0xbf, 0xe0, 0xff, 0x6e,
    0x87, 0xfe, 0x30, 0x3b, 0x2d, 0x3, 0xc3, 0xc0,
    0xe, 0x3d, 0xc1, 0x16, 0x8e, 0x7e, 0xf9, 0x80,
    0x4d, 0x83, 0x82, 0xbb, 0xa7, 0x63, 0x2, 0xd6,
    0x2a, 0xbf, 0x2f, 0xf1, 0x48, 0x0, 0xbe, 0x96,
    0x18, 0xcc, 0x0, 0x44, 0x0, 0x45, 0x8a, 0xdd,
    0xfd, 0xfe, 0x8f, 0xe5, 0x0, 0xb5, 0x64, 0xe3,
    0x75, 0x29, 0xaa, 0x0, 0xa4, 0x32, 0x5d, 0xdc,
    0x24, 0x0, 0x86, 0x90, 0x0, 0x8f, 0x80, 0x22,
    0xd0, 0x9, 0x2a, 0xb0, 0x4,

    /* U+84DD "蓝" */
    0x0, 0xdc, 0x20, 0x17, 0x88, 0x4, 0x5d, 0xd0,
    0xf7, 0x60, 0xee, 0x8c, 0xbb, 0xa3, 0xee, 0xc5,
    0xfd, 0xc3, 0x0, 0xd2, 0x80, 0xd, 0xc0, 0xe,
    0x1e, 0xd, 0xd0, 0x21, 0x44, 0xc9, 0x80, 0x3f,
    0x72, 0xf, 0x61, 0x0, 0x7c, 0x69, 0x7d, 0x6a,
    0x80, 0x1f, 0xd, 0x3, 0x3b, 0x0, 0x43, 0xe3,
    0x98, 0x35, 0x11, 0x7a, 0x80, 0x6a, 0xc8, 0xbd,
    0xd7, 0x6c, 0x60, 0x7, 0x4e, 0x16, 0xe0, 0xe6,
    0x0, 0x21, 0x54, 0xd5, 0x27, 0x51, 0x55, 0x2,
    0x92, 0x50, 0x35, 0x4, 0xd0, 0x55, 0x2, 0xa8,

    /* U+884C "行" */
    0x0, 0x99, 0x80, 0x1f, 0xf2, 0xc2, 0x6, 0xff,
    0xf8, 0x41, 0xaf, 0x48, 0x37, 0xff, 0xc2, 0x2b,
    0xc3, 0xa1, 0x0, 0xfc, 0x3a, 0x50, 0x23, 0xfc,
    0x1, 0x2b, 0xd4, 0x77, 0x7c, 0xa0, 0xb4, 0x3,
    0x1f, 0xf9, 0x2b, 0xd4, 0xea, 0x82, 0x1, 0xfe,
    0x3e, 0x40, 0xf, 0xfe, 0x0, 0x80, 0x7f, 0xf8,
    0xc7, 0xfc, 0xae, 0x1, 0x87, 0x80, 0x21, 0xff,
    0x71, 0x0, 0x0,

    /* U+8868 "表" */
    0x0, 0xf1, 0x70, 0x7, 0xc3, 0x77, 0xb0, 0x6e,
    0xf8, 0x0, 0x33, 0x3a, 0xc2, 0x67, 0x80, 0x23,
    0x11, 0x80, 0x2, 0x38, 0xc0, 0x25, 0x99, 0xa0,
    0x26, 0x72, 0x80, 0x4b, 0x77, 0x70, 0x5d, 0xe5,
    0x0, 0x46, 0x67, 0x7, 0x66, 0x66, 0x8, 0xdd,
    0x78, 0xb4, 0xae, 0xeb, 0x2d, 0x80, 0x29, 0xda,
    0x96, 0x74, 0x47, 0x88, 0x2, 0x39, 0x1, 0x80,
    0x13, 0x75, 0xae, 0x0, 0xcc, 0x78, 0x80, 0x4b,
    0x0, 0x1c, 0x84, 0x22, 0x6a, 0xe4, 0x7b, 0xca,
    0x30, 0xa, 0x43, 0x3f, 0x94, 0x17, 0x89, 0x0,
    0x2b, 0xfa, 0x50, 0xc, 0x30, 0xe0,

    /* U+88AB "被" */
    0x1, 0xa0, 0xe, 0x1e, 0x0, 0xe1, 0x64, 0x0,
    0xff, 0x86, 0x88, 0xb, 0x22, 0xc6, 0x21, 0x60,
    0xdf, 0x13, 0xcc, 0x60, 0x60, 0x2, 0x40, 0x6e,
    0xe2, 0x68, 0x24, 0x40, 0x63, 0x60, 0x2, 0x46,
    0x52, 0x47, 0x81, 0x7d, 0x40, 0x0, 0xd9, 0x61,
    0x84, 0x74, 0x2, 0xb8, 0x3, 0x40, 0x70, 0x15,
    0x10, 0xec, 0x28, 0xc, 0x88, 0xaa, 0x11, 0x3f,
    0xc1, 0x72, 0x0, 0x68, 0x0, 0x66, 0xe9, 0x1b,
    0x9d, 0xc0, 0x1f, 0x22, 0x3, 0x45, 0xc0, 0x3e,
    0x74, 0x3b, 0xac, 0x6c, 0x40, 0xe, 0xf8, 0xec,
    0xd3, 0xca, 0x81,

    /* U+88C1 "裁" */
    0x0, 0xde, 0x1, 0x43, 0x90, 0x80, 0x42, 0x44,
    0x2, 0x20, 0x87, 0xae, 0x80, 0x4d, 0xdc, 0xe,
    0xe3, 0x80, 0x1d, 0x64, 0x0, 0xf9, 0x80, 0xcc,
    0x37, 0x80, 0x26, 0x80, 0xfb, 0xa0, 0xee, 0xa1,
    0xfb, 0x9a, 0x87, 0xdd, 0x2f, 0xf7, 0x29, 0x3b,
    0xf1, 0x2, 0x6a, 0xd7, 0xaa, 0x82, 0xe1, 0x6a,
    0x0, 0xa9, 0x63, 0xce, 0xe2, 0x99, 0x23, 0x0,
    0xb, 0x49, 0x1b, 0xc8, 0x45, 0xf2, 0x20, 0x5e,
    0xd, 0x34, 0x8c, 0x2, 0x4e, 0x20, 0x5b, 0x0,
    0x3a, 0xb0, 0x80, 0x60, 0xcc, 0x3, 0xd6, 0xe4,
    0xaf, 0xab, 0x24, 0xd2, 0x0, 0x1d, 0x73, 0x15,
    0x6a, 0x55, 0x19, 0x0, 0x10, 0xa0, 0x2, 0xd3,
    0x4, 0xec, 0x0,

    /* U+88F9 "裹" */
    0x0, 0xf3, 0xa8, 0x7, 0xdb, 0xbd, 0x15, 0xbb,
    0xc0, 0xd, 0x9a, 0xa9, 0x9e, 0xaa, 0x9d, 0x0,
    0xbb, 0xd1, 0xa, 0x89, 0x7f, 0x0, 0x71, 0xd5,
    0xc, 0xd5, 0x44, 0x0, 0xed, 0x21, 0x10, 0x0,
    0x44, 0xba, 0x1, 0x65, 0xaa, 0x30, 0x1, 0x91,
    0x6f, 0x0, 0x19, 0x89, 0x64, 0x54, 0x67, 0x4e,
    0xc0, 0x1c, 0xc1, 0x5c, 0xa3, 0xc5, 0xe4, 0x50,
    0xe, 0x60, 0xb3, 0xe9, 0xd8, 0xe3, 0xec, 0xa,
    0xf6, 0x4b, 0x12, 0xed, 0x90, 0xa2, 0x5, 0x1b,
    0x0, 0xf6, 0xbb, 0x53, 0x6c, 0x20, 0x61, 0xc2,
    0x29, 0x50, 0x5d, 0xff, 0x0,

    /* U+8981 "要" */
    0xc, 0xcb, 0xfd, 0x98, 0xfd, 0xcc, 0x80, 0x19,
    0x98, 0xf3, 0x1, 0x99, 0x80, 0xb, 0xfd, 0x87,
    0xdc, 0xe, 0xe7, 0xb0, 0x4, 0xbd, 0x87, 0xdc,
    0xe, 0xe3, 0x0, 0x66, 0x5a, 0x35, 0x50, 0x3a,
    0x90, 0x4, 0xe9, 0xa2, 0x2f, 0xd7, 0xed, 0x35,
    0x0, 0x14, 0x42, 0x86, 0xe2, 0x38, 0xc0, 0x7f,
    0xed, 0xe, 0xff, 0xf3, 0xf, 0xfa, 0xf, 0xfe,
    0xe1, 0xcf, 0xf3, 0x0, 0xe, 0xa, 0x15, 0x32,
    0x4c, 0x3, 0x8f, 0xe8, 0xea, 0xcb, 0x90, 0x3,
    0x56, 0x74, 0x95, 0xff, 0x7f, 0xce, 0x0, 0x8e,
    0xe6, 0xca, 0x0, 0xb5, 0xf3, 0x80,

    /* U+89C1 "见" */
    0x0, 0x27, 0xff, 0xee, 0x0, 0xe2, 0xee, 0xf5,
    0x80, 0x78, 0x46, 0x26, 0x11, 0x38, 0x7, 0xf3,
    0x60, 0x7, 0xff, 0x0, 0xc4, 0x3, 0xff, 0x81,
    0xc6, 0x1, 0xff, 0xc0, 0x2e, 0x20, 0xf, 0xf9,
    0x3a, 0x0, 0x3e, 0x4c, 0x5, 0xf, 0x0, 0x1f,
    0x0, 0x78, 0xee, 0xc0, 0x1c, 0x94, 0x0, 0x18,
    0xc8, 0x50, 0x10, 0x8, 0xc8, 0x2f, 0x8b, 0x58,
    0x11, 0x7f, 0xe9, 0xb0, 0x9f, 0xa2, 0x0, 0x17,
    0x7f, 0xdc, 0x60,

    /* U+89C4 "规" */
    0x0, 0xbc, 0x3, 0xff, 0x88, 0x3f, 0xdd, 0xc0,
    0x3, 0x40, 0x33, 0x0, 0xf7, 0x5a, 0x1, 0x7c,
    0x7, 0xc8, 0x5, 0x40, 0x1d, 0x98, 0xc, 0xa0,
    0x9, 0x4, 0x3, 0x84, 0x3, 0xfe, 0x5f, 0xe0,
    0xff, 0x18, 0x0, 0x44, 0x1, 0x2f, 0xe0, 0xff,
    0x8c, 0x0, 0x20, 0x1e, 0x61, 0x80, 0x18, 0x31,
    0x82, 0x80, 0xb, 0x21, 0x18, 0x1a, 0x48, 0x44,
    0xc0, 0x13, 0xb7, 0x58, 0x22, 0x28, 0x0, 0x54,
    0x12, 0xe2, 0x5a, 0x95, 0xa2, 0x0, 0x63, 0x24,
    0x80, 0x3, 0xce, 0x9a, 0xbe, 0xd6, 0x96, 0x88,
    0x1, 0xf4, 0xc0, 0xfb, 0x79, 0x0,

    /* U+89C8 "览" */
    0x0, 0xff, 0xe2, 0xf, 0x0, 0x25, 0xc0, 0x31,
    0x68, 0x7, 0x31, 0x8, 0xc0, 0x1f, 0x18, 0x46,
    0x64, 0xe0, 0x1e, 0x89, 0xf6, 0xcd, 0x70, 0x10,
    0x8, 0x41, 0x8b, 0xb0, 0x0, 0x58, 0x3, 0xc3,
    0x60, 0x5, 0xc0, 0xd, 0xff, 0xfc, 0x1, 0xdd,
    0xfd, 0x3f, 0xec, 0x0, 0xfc, 0x50, 0x1, 0xff,
    0x29, 0xa8, 0x7, 0xd0, 0x25, 0xb, 0x60, 0x56,
    0x20, 0x12, 0x4e, 0x5d, 0x0, 0x5, 0x59, 0xdd,
    0xdf, 0xee, 0x52, 0x3e, 0xea, 0x55, 0xfb, 0x18,
    0x2, 0xde, 0xec, 0x40,

    /* U+89D2 "角" */
    0x0, 0xd1, 0x20, 0x1f, 0xe2, 0x76, 0xee, 0x7f,
    0x84, 0x3, 0xbe, 0x3f, 0xb8, 0xea, 0x20, 0x10,
    0xf1, 0x11, 0x55, 0x2f, 0x8b, 0x2, 0x18, 0x0,
    0xcc, 0x4b, 0x27, 0xe3, 0xa8, 0x7d, 0xa4, 0xcb,
    0x86, 0xe6, 0x44, 0x0, 0x20, 0x4e, 0xe6, 0x8f,
    0x74, 0x40, 0x19, 0x3b, 0x9a, 0x3d, 0xd1, 0x0,
    0x46, 0x20, 0x1f, 0xf7, 0x2f, 0xfb, 0x47, 0xfe,
    0x20, 0x9, 0x6f, 0xfd, 0xa3, 0xff, 0x10, 0x1,
    0x1, 0x0, 0x3f, 0x38, 0x47, 0x0, 0x7b, 0xbc,
    0x8, 0x30, 0xc0, 0x22, 0xe0, 0xef, 0xd1,

    /* U+89E3 "解" */
    0x0, 0x1b, 0x80, 0x7f, 0xf0, 0x3a, 0x2f, 0x1,
    0xe7, 0xea, 0x7c, 0x40, 0x4b, 0x3d, 0xc1, 0xec,
    0xaa, 0x40, 0x43, 0x4c, 0x3c, 0xc4, 0x21, 0x0,
    0x44, 0x6, 0x62, 0x44, 0x14, 0x52, 0x44, 0xe3,
    0x81, 0xcc, 0x99, 0x38, 0x36, 0xc7, 0x31, 0x20,
    0x14, 0x41, 0x24, 0x1e, 0xc2, 0x84, 0x3, 0x26,
    0x2, 0x83, 0xf, 0x7, 0xf0, 0x80, 0x93, 0x17,
    0x6, 0xf7, 0x3, 0xf8, 0x43, 0xde, 0x4a, 0xc0,
    0xaa, 0xc3, 0x2d, 0x40, 0xf6, 0xd2, 0x42, 0xe2,
    0x1, 0xf0, 0x80, 0xc6, 0x1, 0x88, 0xcc, 0x6,
    0x61, 0x45, 0x1, 0xda, 0xf0, 0xf, 0x92, 0x0,
    0xd, 0xcc, 0x1, 0x78, 0x4,

    /* U+89E6 "触" */
    0x0, 0xff, 0xe2, 0x2d, 0x80, 0x76, 0x20, 0x7,
    0x5a, 0x5e, 0x80, 0x7f, 0x8, 0xb3, 0xd8, 0x4,
    0x44, 0x41, 0x10, 0x2, 0x8c, 0x20, 0xc7, 0xf0,
    0x67, 0x3c, 0xd, 0xe, 0xd, 0x98, 0x1a, 0x99,
    0xa0, 0x3, 0x79, 0x92, 0xd0, 0x7, 0xf7, 0xce,
    0xad, 0x80, 0x7f, 0xa7, 0x56, 0xc0, 0x18, 0x99,
    0x80, 0xb, 0xc0, 0x3a, 0xa4, 0x1a, 0x68, 0x2,
    0x9d, 0x5b, 0x4, 0x53, 0xd3, 0x70, 0x1, 0x66,
    0xad, 0x80, 0x72, 0xf8, 0x1, 0xcc, 0x2, 0xe6,
    0x83, 0xbd, 0x32, 0x47, 0x0, 0xa7, 0xb3, 0xef,
    0x7a, 0x15, 0x28, 0xa, 0xb5, 0xe9, 0xd0, 0x81,
    0xdc,

    /* U+8A00 "言" */
    0x0, 0xf6, 0x98, 0x7, 0xff, 0x2, 0xf8, 0x3,
    0xc3, 0xdd, 0xd0, 0x5d, 0xdc, 0xc3, 0xdd, 0xef,
    0xee, 0xe6, 0x0, 0x16, 0xef, 0xe3, 0x0, 0xc5,
    0x99, 0xf8, 0xc0, 0x31, 0x55, 0x7e, 0x20, 0xc,
    0x53, 0x3f, 0x88, 0x3, 0x8c, 0xff, 0x0, 0x72,
    0xf6, 0x67, 0xb9, 0x80, 0x39, 0x37, 0x7c, 0xa0,
    0x1e, 0x72, 0x2f, 0x30, 0x7, 0x8e, 0x67, 0xc6,
    0x1, 0xcb, 0xf7, 0x7e, 0xf6, 0x0, 0x0,

    /* U+8BA1 "计" */
    0x0, 0x39, 0x0, 0x61, 0xf0, 0xf, 0x16, 0x18,
    0x7, 0xfc, 0xb1, 0x0, 0xf, 0xfe, 0x3, 0x58,
    0x7, 0xf0, 0xb3, 0x24, 0x4, 0x62, 0x1, 0x18,
    0xf, 0x30, 0xc3, 0x7d, 0xcc, 0xe, 0xea, 0xa,
    0xa8, 0x0, 0xaf, 0xf7, 0x7, 0xfd, 0x0, 0x1f,
    0xfd, 0x55, 0x0, 0xff, 0xe0, 0x6f, 0x0, 0x7f,
    0xa4, 0x2e, 0xc0, 0x1f, 0xec, 0xb7, 0x0, 0xfe,

    /* U+8BA4 "认" */
    0x0, 0x30, 0x80, 0x64, 0xc0, 0xf, 0x76, 0x8,
    0x7, 0xfd, 0x9, 0x0, 0x1f, 0xfc, 0x9, 0x80,
    0x8, 0x5c, 0x3, 0x88, 0x86, 0x20, 0x11, 0xb0,
    0x6, 0x4f, 0xf6, 0x0, 0x6e, 0x20, 0xc, 0x9b,
    0xa0, 0xe, 0x10, 0xf, 0xfe, 0xa, 0x8a, 0x0,
    0x7f, 0xc7, 0x1c, 0x1, 0xf9, 0x1, 0x91, 0x90,
    0x40, 0x3d, 0x7e, 0x17, 0xc0, 0xd6, 0x1, 0x9c,
    0x32, 0xe5, 0x94, 0x21, 0x18, 0x3, 0x5b, 0xb9,
    0x28, 0x2, 0xd8, 0x40, 0x3, 0xa0, 0x3e, 0x8,
    0x4, 0x7e, 0x80,

    /* U+8BAE "议" */
    0x0, 0xfc, 0x20, 0x1f, 0x69, 0x81, 0x98, 0x3c,
    0x80, 0xa0, 0x2, 0x9d, 0x15, 0x90, 0x98, 0x4,
    0x30, 0x9, 0x28, 0x55, 0xc1, 0x9c, 0x3f, 0x0,
    0x4, 0x47, 0x3, 0x31, 0xe, 0x82, 0x20, 0x7,
    0xf7, 0x0, 0x8, 0xa0, 0x2, 0x33, 0x0, 0xee,
    0x88, 0x1, 0xd4, 0x0, 0xa7, 0x0, 0xfc, 0x80,
    0xa0, 0xd6, 0x1, 0xfd, 0x10, 0x94, 0x20, 0xf,
    0xe5, 0x26, 0xb0, 0xf, 0x1c, 0x58, 0x20, 0x2,
    0x0, 0x39, 0x4, 0xa9, 0xea, 0xf5, 0x30, 0xc0,
    0x2c, 0x78, 0xfc, 0xc2, 0x16, 0xae, 0x40, 0x2,
    0xa0, 0xb6, 0xc8, 0x2, 0x9e, 0x90,

    /* U+8BAF "讯" */
    0x1, 0x20, 0xf, 0xfe, 0x1, 0x61, 0x8f, 0xff,
    0xa0, 0x2, 0x3b, 0xe1, 0xfe, 0x1f, 0xf3, 0x80,
    0x72, 0xe0, 0x7, 0xf8, 0xda, 0x4c, 0x3, 0xfc,
    0xb8, 0xc8, 0x1, 0xfe, 0x6a, 0x50, 0x3f, 0xe1,
    0xff, 0x8, 0x7, 0xc7, 0xfc, 0x3f, 0xee, 0x0,
    0xff, 0xe1, 0x8, 0x7, 0x9c, 0x40, 0x31, 0x18,
    0x6, 0x19, 0xc1, 0x0, 0xc2, 0xc8, 0x80, 0x14,
    0x45, 0x80, 0x72, 0x99, 0x84, 0x6, 0x6c, 0x3,
    0xc2, 0xd0, 0x80, 0x6, 0x0, 0x87, 0x80, 0x29,
    0xe1,

    /* U+8BB0 "记" */
    0x0, 0x28, 0x7, 0xff, 0x7, 0xac, 0x1, 0x9f,
    0xfc, 0xc0, 0x15, 0x84, 0x86, 0xf7, 0x65, 0x10,
    0xd, 0x50, 0x2, 0x3c, 0x60, 0x1, 0x55, 0x40,
    0x80, 0x7f, 0x14, 0xc9, 0x80, 0x21, 0x0, 0x8c,
    0x0, 0x79, 0x80, 0xa, 0xbb, 0xfe, 0x50, 0xf,
    0xc4, 0xff, 0xf4, 0x98, 0x7, 0xff, 0x1, 0x90,
    0x3, 0xff, 0x82, 0x20, 0x1c, 0xf8, 0x1, 0xeb,
    0x60, 0x2, 0x5, 0xe8, 0x8, 0x6, 0x72, 0x0,
    0x63, 0x60, 0xdb, 0xff, 0xe1, 0x40,

    /* U+8BBE "设" */
    0x0, 0x8, 0x7, 0xff, 0x0, 0xbd, 0x0, 0x7,
    0xff, 0x90, 0x2, 0x2d, 0xa3, 0x0, 0x1f, 0xf8,
    0xc0, 0x38, 0xf0, 0xc1, 0x14, 0x3, 0xc6, 0xd2,
    0x20, 0x73, 0x60, 0x6, 0xe8, 0x10, 0xe6, 0xb1,
    0x8d, 0x20, 0x5, 0xf6, 0x9, 0xc3, 0x80, 0xe7,
    0xe6, 0x5b, 0x60, 0x1f, 0x29, 0xc7, 0xfc, 0xa,
    0x1, 0xe2, 0x9e, 0x33, 0x53, 0x8, 0x7, 0x19,
    0x30, 0xc4, 0x12, 0x40, 0x30, 0xbf, 0x8, 0x4b,
    0xbb, 0x80, 0x39, 0x83, 0x1e, 0x71, 0xdd, 0xb2,
    0x60, 0x14, 0x78, 0xff, 0x7c, 0x43, 0x3b, 0xc4,

    /* U+8BBF "访" */
    0x0, 0x20, 0x7, 0x1b, 0x0, 0x7b, 0xac, 0x3,
    0xc, 0x0, 0x7a, 0x81, 0xc9, 0x54, 0xe6, 0xab,
    0x10, 0x5, 0x6e, 0x9d, 0x54, 0x6e, 0xe9, 0x1,
    0x55, 0x0, 0xd6, 0xd1, 0x77, 0x98, 0x66, 0x4e,
    0x1, 0xf0, 0x80, 0x7, 0x30, 0x1, 0x8a, 0x3f,
    0xdd, 0x0, 0x1f, 0x9b, 0x3f, 0xcf, 0xe0, 0x1f,
    0x88, 0x80, 0x1, 0x10, 0x7, 0x13, 0x99, 0x8,
    0x0, 0x8c, 0x2, 0x10, 0xc2, 0xa5, 0x0, 0x9c,
    0x40, 0x2d, 0xc, 0x67, 0x90, 0x8, 0xd4, 0x2,
    0xee, 0x14, 0x58, 0x97, 0xf9, 0x44, 0x2, 0x21,
    0xb, 0x50, 0x2f, 0xf5, 0x0, 0x0,

    /* U+8BC1 "证" */
    0x4, 0x20, 0xf, 0xfe, 0x0, 0xe1, 0x85, 0xf7,
    0x3f, 0xdd, 0xcd, 0x0, 0x2d, 0x70, 0x57, 0xfb,
    0x3, 0xfd, 0x80, 0x12, 0x68, 0x8, 0xfe, 0x3,
    0x7b, 0x40, 0x2, 0x0, 0x7c, 0xda, 0x98, 0x3,
    0x60, 0x1, 0x0, 0xcb, 0x4f, 0xe0, 0x1e, 0xff,
    0x50, 0x7, 0xf8, 0x7f, 0xd4, 0x1, 0xff, 0xc7,
    0x63, 0x0, 0xff, 0x14, 0x50, 0x7, 0xf8, 0x54,
    0xfa, 0xc2, 0x20, 0x31, 0x11, 0x0, 0xc6, 0x7,
    0x3f, 0xec, 0x7f, 0xc6,

    /* U+8BC6 "识" */
    0x3, 0x20, 0xf, 0xf9, 0xb0, 0xc0, 0x7f, 0xfc,
    0x40, 0xb5, 0xc0, 0x17, 0xfe, 0x10, 0x9, 0x34,
    0x3, 0xf9, 0x27, 0x94, 0x3, 0xf9, 0xfc, 0x74,
    0x3, 0xf8, 0xd9, 0xfc, 0x2, 0xcc, 0xc2, 0x1,
    0xe1, 0xcf, 0xfd, 0x84, 0x1, 0xe2, 0x73, 0x33,
    0x98, 0x6, 0xf8, 0x16, 0xf0, 0x7, 0xc0, 0x4,
    0x6e, 0x41, 0x5e, 0x0, 0x97, 0x10, 0x14, 0x6a,
    0x91, 0x40, 0x1, 0x2c, 0x80, 0xdc, 0x81, 0x70,
    0x6, 0xee, 0x0,

    /* U+8BD1 "译" */
    0x2, 0x0, 0xff, 0xe0, 0xd5, 0x0, 0x1f, 0xff,
    0x8, 0x2, 0x1d, 0x43, 0xcf, 0x3f, 0xd0, 0xe2,
    0x1, 0x73, 0x80, 0x37, 0x92, 0x7a, 0x0, 0x2,
    0x40, 0x60, 0x1, 0xbb, 0x3c, 0x80, 0x4d, 0xf8,
    0xc4, 0xf9, 0xfd, 0x79, 0x28, 0xf, 0xac, 0x2e,
    0x59, 0x3e, 0xf9, 0x42, 0x1, 0xcb, 0xb9, 0x81,
    0xcc, 0x42, 0x80, 0x7a, 0xbf, 0xc1, 0x7f, 0x20,
    0x1f, 0x11, 0x98, 0x5c, 0xc8, 0x3, 0xa3, 0xff,
    0xe, 0xff, 0xb0, 0x2, 0x61, 0xef, 0xf8, 0x77,
    0xfd, 0x80, 0x13, 0x78, 0x80, 0x7f, 0x0,

    /* U+8BDD "话" */
    0x1, 0x10, 0x7, 0x85, 0x20, 0x40, 0xf, 0x82,
    0xb, 0x37, 0xfd, 0xfe, 0x30, 0x3, 0x2e, 0x0,
    0xe4, 0x59, 0x5b, 0x90, 0x5, 0x1c, 0x8, 0xa6,
    0xe0, 0x1c, 0x24, 0x64, 0x4, 0x66, 0x42, 0x33,
    0x89, 0xff, 0x18, 0x2f, 0xfd, 0x1, 0xff, 0x23,
    0x6b, 0x80, 0x27, 0x32, 0x2c, 0xc9, 0x80, 0x3f,
    0xf8, 0xe9, 0xfe, 0xc2, 0xff, 0x40, 0x7, 0x8,
    0x8f, 0xff, 0x30, 0x7, 0x5f, 0x90, 0x7, 0xf9,
    0xcf, 0xc, 0x8c, 0xf2, 0x80, 0x62, 0xf2, 0x1,
    0xff, 0xc6, 0x1, 0xb4, 0x0, 0x9f, 0x99, 0xbe,
    0x0,

    /* U+8BE5 "该" */
    0x0, 0x30, 0x7, 0x33, 0x80, 0x7b, 0x60, 0x3,
    0x2c, 0x80, 0x7a, 0xd4, 0xfb, 0xfd, 0x83, 0xff,
    0x18, 0x5, 0x87, 0xdf, 0x63, 0xdf, 0xf1, 0x94,
    0xcb, 0xc0, 0x3, 0x5a, 0x2b, 0x20, 0x3, 0xff,
    0x8, 0x27, 0xc, 0xed, 0x50, 0x0, 0x2c, 0xc0,
    0x1, 0x25, 0x61, 0x49, 0xb0, 0x7, 0x9a, 0xc6,
    0x2d, 0xab, 0x40, 0x3c, 0x57, 0x3a, 0x90, 0xf4,
    0x1, 0xea, 0xdd, 0x1e, 0x3e, 0x8, 0x7, 0x67,
    0x32, 0x68, 0x89, 0x80, 0x33, 0x85, 0x15, 0xcc,
    0x6f, 0xdc, 0x80, 0x43, 0x69, 0x1b, 0xa5, 0x1,
    0xc1, 0x0,

    /* U+8BE6 "详" */
    0x0, 0x18, 0x4, 0x4e, 0x1, 0x23, 0x80, 0x7,
    0x9c, 0x0, 0x52, 0x60, 0x8, 0x10, 0x0, 0xe5,
    0x28, 0xc, 0xa0, 0xa9, 0x38, 0x4, 0x38, 0xa5,
    0xf3, 0x2e, 0xa1, 0xf3, 0x15, 0x53, 0x1, 0x77,
    0x41, 0xdf, 0xc6, 0x69, 0x88, 0x0, 0x78, 0xc0,
    0x22, 0xcd, 0x0, 0xaf, 0xb8, 0x1b, 0xd6, 0x1,
    0xf5, 0xf7, 0x3, 0xb9, 0x60, 0x1f, 0xf1, 0x80,
    0x7e, 0x9f, 0xf8, 0x37, 0xfd, 0x0, 0x1a, 0xbb,
    0xfe, 0xe, 0xff, 0x40, 0x1, 0xc3, 0x5c, 0x3,
    0xfe, 0xb7, 0x0, 0xfe,

    /* U+8BED "语" */
    0x0, 0xff, 0xe1, 0xbd, 0x1, 0xff, 0xfd, 0x60,
    0x7, 0xda, 0x3f, 0xf5, 0x27, 0xfd, 0x60, 0x13,
    0xd8, 0x3f, 0x52, 0x77, 0x3c, 0x0, 0x91, 0x84,
    0xf, 0xc7, 0x7d, 0xe2, 0x0, 0x11, 0x1a, 0x80,
    0x4, 0xd0, 0xc, 0xc0, 0x5, 0x96, 0xc, 0xee,
    0x7, 0x73, 0x4b, 0x84, 0x3, 0x67, 0x7f, 0xbb,
    0x9f, 0xee, 0x10, 0xe, 0x5f, 0xff, 0x30, 0x7,
    0x9, 0x2f, 0xfe, 0x61, 0x0, 0xd9, 0xfa, 0x1,
    0xfe, 0x65, 0xaf, 0x62, 0x2e, 0x0, 0xc7, 0xc8,
    0x7, 0xdd, 0x90, 0x3, 0x60, 0x82, 0xfe, 0x66,
    0xf7, 0x0,

    /* U+8BF4 "说" */
    0x0, 0xf2, 0x0, 0x48, 0x60, 0x13, 0x60, 0x5,
    0x28, 0x0, 0x96, 0x0, 0x99, 0x30, 0x1, 0x10,
    0x5, 0x5, 0x0, 0xd1, 0x41, 0x52, 0x37, 0x45,
    0x60, 0x1, 0x23, 0x70, 0x48, 0xe8, 0xcb, 0x40,
    0x4, 0xe6, 0x24, 0x0, 0xa6, 0x72, 0x80, 0x51,
    0xce, 0x1, 0x4b, 0xbc, 0xc0, 0x1f, 0xa4, 0x63,
    0xe3, 0xa0, 0x3, 0xe7, 0xa2, 0x81, 0x87, 0x0,
    0xf3, 0x92, 0xb8, 0x7, 0xe2, 0x7b, 0x3a, 0xf0,
    0xc, 0xc2, 0x4, 0xa7, 0x90, 0xa, 0x0, 0x30,
    0xb0, 0x1, 0x46, 0x60, 0xb4, 0x0, 0x9b, 0xe2,
    0x20, 0x3, 0x86, 0xd8, 0x80, 0x2b, 0xfd, 0x80,

    /* U+8BF7 "请" */
    0x4, 0x30, 0xe, 0xd3, 0x0, 0xed, 0x21, 0xdd,
    0x8b, 0x37, 0x4e, 0x9, 0x5c, 0x3b, 0x98, 0x1b,
    0xcc, 0x38, 0x1, 0x30, 0x22, 0xa8, 0x35, 0x50,
    0x9b, 0x49, 0x96, 0x7f, 0x82, 0x7f, 0xca, 0xdc,
    0xd6, 0x26, 0x74, 0x1, 0x9c, 0xb0, 0xfe, 0x69,
    0x55, 0xd0, 0xc0, 0x1c, 0xed, 0xbb, 0x84, 0x3,
    0xe4, 0xbb, 0xc2, 0x1, 0xc4, 0x9, 0x77, 0x84,
    0x3, 0x47, 0x82, 0x66, 0x61, 0x0, 0x9c, 0x30,
    0x13, 0x33, 0x8, 0x4, 0xbe, 0x20, 0x1a, 0xf5,
    0x44,

    /* U+8BFB "读" */
    0x4, 0x30, 0xe, 0x87, 0x0, 0xf6, 0xa0, 0x1d,
    0x51, 0xe2, 0xa8, 0x60, 0x4, 0xa9, 0x2, 0x99,
    0x1a, 0x4c, 0x88, 0x2, 0x4d, 0x4, 0x55, 0x12,
    0xac, 0xe0, 0x24, 0x62, 0x1b, 0xfe, 0x45, 0xfb,
    0xb0, 0x47, 0xe3, 0x4, 0xf, 0x43, 0x4a, 0xc0,
    0x4e, 0xb0, 0x82, 0x50, 0x50, 0x3, 0x94, 0x3,
    0xcd, 0x5, 0x62, 0xc, 0x1, 0xe4, 0x91, 0x9c,
    0x3b, 0xb8, 0x3, 0x8e, 0x21, 0xe1, 0x1f, 0x10,
    0x0, 0x8e, 0x6c, 0x8e, 0x15, 0x25, 0xcc, 0x2,
    0x53, 0xc4, 0xd0, 0xa3, 0xf9, 0x60, 0xa, 0x30,
    0xe6, 0x2c, 0x0, 0x59, 0x80,

    /* U+8C03 "调" */
    0x0, 0x8, 0x7, 0xfc, 0x9e, 0x81, 0x3f, 0xff,
    0x2, 0x6c, 0x88, 0x57, 0xcc, 0xbf, 0xc0, 0x11,
    0xe8, 0x80, 0x2e, 0x65, 0xa2, 0x9, 0x3c, 0x80,
    0x15, 0xcc, 0x68, 0x83, 0xf0, 0xe0, 0x0, 0xe6,
    0x51, 0x28, 0x6, 0xee, 0x0, 0x8e, 0xb3, 0x14,
    0xa0, 0x1e, 0x31, 0xf9, 0x95, 0x88, 0x7, 0x85,
    0xca, 0x20, 0xa0, 0x1e, 0x15, 0x23, 0x22, 0x0,
    0x70, 0xbf, 0x98, 0x96, 0x61, 0x80, 0x33, 0xb,
    0xa8, 0x4e, 0x62, 0xc0, 0x33, 0xf2, 0xc8, 0x30,
    0x2, 0xf9, 0x40, 0x10, 0x18, 0x20, 0x1a, 0xfa,
    0x80,

    /* U+8D34 "贴" */
    0x0, 0xfe, 0xf0, 0xe, 0xef, 0xfb, 0x80, 0x3f,
    0xdf, 0xde, 0x1, 0xff, 0xc0, 0xf0, 0xf, 0x7f,
    0xcc, 0x1, 0xfe, 0xff, 0x98, 0x3, 0xff, 0xac,
    0x9f, 0xe0, 0xff, 0x80, 0x21, 0x30, 0x9, 0x7f,
    0xf0, 0x5, 0x28, 0x81, 0x90, 0xf, 0xe7, 0x9f,
    0xc6, 0x0, 0xfe, 0x97, 0x6a, 0xb0, 0x5c, 0xcc,
    0x0, 0x42, 0xa0, 0x7e, 0x2, 0xff, 0xc0, 0x4,
    0xb1, 0x0, 0x22, 0x34, 0xcf, 0x78, 0x0,

    /* U+8D39 "费" */
    0x0, 0xee, 0x10, 0xd2, 0x0, 0xe4, 0xcc, 0x87,
    0x30, 0x5b, 0x9a, 0xe0, 0x4, 0xcc, 0x87, 0x30,
    0x5b, 0x90, 0x1, 0xbf, 0xb0, 0x77, 0xb, 0x31,
    0x24, 0x1, 0xbe, 0x7, 0x74, 0x35, 0xba, 0x40,
    0x0, 0x86, 0xd8, 0xd5, 0x6, 0x6a, 0x9c, 0x0,
    0x27, 0x29, 0xfb, 0xb2, 0x7d, 0x9b, 0x0, 0x10,
    0x1, 0x1d, 0xd2, 0xe7, 0x24, 0x80, 0x1e, 0x8f,
    0xb9, 0x95, 0xdc, 0xc2, 0x0, 0xfd, 0x4, 0x1,
    0xff, 0x2b, 0x9b, 0x98, 0x18, 0x7, 0x5d, 0xa7,
    0xd0, 0x63, 0xd4, 0x80, 0x1b, 0xdc, 0xfc, 0x21,
    0x6b, 0xcf, 0xe0,

    /* U+8D44 "资" */
    0x0, 0xf0, 0xc8, 0x7, 0xc9, 0xd2, 0x21, 0xc,
    0xdd, 0x2, 0x9, 0xc3, 0x68, 0xd1, 0x52, 0x1e,
    0xe2, 0x1, 0x45, 0x46, 0xb9, 0x3, 0x75, 0x0,
    0x49, 0x5d, 0x85, 0x2b, 0x36, 0xaa, 0x0, 0x77,
    0xe7, 0xae, 0x1d, 0xb7, 0xe4, 0x90, 0x75, 0xb0,
    0xec, 0x50, 0x1, 0x3f, 0xc6, 0x0, 0x3f, 0xe6,
    0xae, 0xed, 0xec, 0x20, 0x11, 0xf7, 0x31, 0xbb,
    0x98, 0x1, 0xfc, 0xa2, 0x1, 0xfc, 0xc0, 0x53,
    0x90, 0x60, 0xa0, 0x18, 0xed, 0xf2, 0xd3, 0xfb,
    0xf0, 0x40, 0x13, 0xb9, 0xd8, 0xa2, 0xfb, 0xdb,
    0xc4, 0x17, 0x9b, 0x24, 0x1, 0x8e, 0xb8, 0x80,

    /* U+8D56 "赖" */
    0x0, 0xff, 0xe2, 0xf0, 0x80, 0x52, 0xc0, 0x1f,
    0xf0, 0xb6, 0x4e, 0x0, 0x1f, 0xb8, 0x3d, 0xc7,
    0x91, 0xd0, 0x30, 0x3, 0xf7, 0x7, 0xb8, 0x8b,
    0xce, 0x56, 0x1, 0x6e, 0x87, 0xf9, 0x4b, 0x35,
    0x26, 0x40, 0x3, 0xd3, 0xe2, 0x41, 0xc8, 0xe8,
    0x0, 0xff, 0xbc, 0x80, 0x3b, 0x8f, 0x8c, 0x2,
    0x11, 0x0, 0x6e, 0x60, 0x2f, 0x20, 0x3, 0x98,
    0x6, 0x25, 0x15, 0xa0, 0x8, 0x84, 0x2, 0x1f,
    0x80, 0x83, 0x2d, 0x54, 0x57, 0xb0, 0x44, 0x28,
    0x2, 0x49, 0xe2, 0x7, 0xee, 0xb, 0x20, 0x1a,
    0xbb, 0xc9, 0xb3, 0x88, 0x2, 0xe1, 0xa, 0xa1,
    0x0, 0x6, 0xc8,

    /* U+8D70 "走" */
    0x0, 0xf6, 0x20, 0x7, 0xff, 0x0, 0x44, 0x1,
    0xf0, 0xff, 0xe2, 0xaf, 0xfb, 0x0, 0x21, 0xff,
    0xc7, 0x7f, 0xf6, 0x0, 0x4, 0xcf, 0xfe, 0x20,
    0x5f, 0xfe, 0x8, 0xff, 0xd0, 0x9, 0x9b, 0x19,
    0x83, 0xbc, 0xcd, 0x40, 0x12, 0x40, 0x7, 0xff,
    0x3, 0xc8, 0x0, 0x77, 0xff, 0x70, 0x6, 0x41,
    0x10, 0x1d, 0xff, 0xdc, 0x1, 0x18, 0x3d, 0x0,
    0x7f, 0xbe, 0x60, 0xf8, 0xf0, 0x40, 0x39, 0xde,
    0x8, 0xd5, 0x6f, 0xfe, 0x17, 0xb0, 0x8, 0xeb,
    0xb9, 0xff, 0x84,

    /* U+8D77 "起" */
    0x0, 0xb8, 0x40, 0x3f, 0xf8, 0x93, 0xff, 0x9c,
    0xf, 0xfc, 0x3d, 0xeb, 0x3f, 0xf3, 0x80, 0xf,
    0xfc, 0x3d, 0xea, 0x1, 0xf1, 0x22, 0x5, 0x10,
    0x60, 0x1f, 0x2f, 0xf8, 0x2f, 0xed, 0xbf, 0xe7,
    0x0, 0x3c, 0xdc, 0xd5, 0xc0, 0x37, 0xfb, 0x54,
    0x1, 0xc6, 0x18, 0x66, 0x0, 0xc4, 0x40, 0x1,
    0x80, 0x1e, 0x28, 0x3, 0x9c, 0x80, 0x8, 0x17,
    0x69, 0x3, 0x0, 0xa8, 0x4, 0x28, 0x40, 0x24,
    0x7f, 0xf9, 0x89, 0x4e, 0xe3, 0xc8, 0xb, 0x7f,
    0xeb, 0xe, 0xb6, 0xc1, 0xff, 0xfc, 0x52, 0xc0,
    0x75, 0xbf, 0xff, 0x10,

    /* U+8D8B "趋" */
    0x0, 0xb8, 0x40, 0x2a, 0x10, 0xf, 0xf9, 0x55,
    0x13, 0x42, 0x3, 0xfe, 0x1e, 0xe0, 0x42, 0x61,
    0xa0, 0x80, 0xff, 0x87, 0xb9, 0x1, 0x6a, 0xd6,
    0x0, 0x15, 0x50, 0xba, 0x9b, 0xcd, 0x9e, 0x28,
    0x1f, 0x70, 0x27, 0xb9, 0xfe, 0xd9, 0x5c, 0x2,
    0x9b, 0x9a, 0xb5, 0x53, 0x34, 0xa0, 0x14, 0x98,
    0x62, 0x14, 0xf7, 0x4c, 0x1, 0x23, 0xa, 0x98,
    0xcf, 0x74, 0xc0, 0x1b, 0xc6, 0x5c, 0xbb, 0xb3,
    0x0, 0x44, 0x3a, 0x0, 0x1f, 0xfd, 0xd2, 0x4,
    0xd4, 0x90, 0xc6, 0x60, 0xc, 0x22, 0x5d, 0x1f,
    0x8c, 0xff, 0xf9, 0x5d, 0x80, 0xb, 0x59, 0xbd,
    0xdc, 0x80,

    /* U+8DD1 "跑" */
    0x0, 0xf9, 0xc0, 0x3e, 0xee, 0xbc, 0xcd, 0x60,
    0x1f, 0xbb, 0x8a, 0x12, 0x7f, 0xfa, 0x0, 0x3c,
    0x8f, 0xff, 0xa0, 0x3, 0x77, 0xaf, 0x17, 0x6e,
    0x80, 0x3b, 0xbc, 0xbe, 0x47, 0x30, 0x1, 0x78,
    0x2, 0x80, 0xc4, 0xc, 0xc2, 0x0, 0xf0, 0x9,
    0x0, 0x70, 0xca, 0x1c, 0xc0, 0x3e, 0x2d, 0x30,
    0x10, 0x45, 0x42, 0x0, 0xf8, 0xa5, 0xfb, 0xd1,
    0x40, 0x22, 0x25, 0x30, 0x4, 0x95, 0x8, 0x2a,
    0x38, 0x7e, 0xe0, 0x60, 0x1b, 0xd5, 0xaf, 0xf1,
    0x46, 0xb3, 0xbb, 0x3a, 0x0,

    /* U+8DDD "距" */
    0xe, 0xeb, 0xe5, 0xff, 0xfc, 0x20, 0xe, 0xe5,
    0x0, 0x17, 0xff, 0x84, 0x3, 0xff, 0x89, 0xdf,
    0x40, 0x5, 0xff, 0xc2, 0x0, 0xee, 0x7, 0xc8,
    0x2f, 0xfc, 0x20, 0x13, 0x80, 0x7f, 0xf0, 0x64,
    0x1, 0xd6, 0x1, 0xff, 0xc0, 0xfa, 0x5, 0xff,
    0x84, 0x3, 0xc2, 0x20, 0x5f, 0xfc, 0x20, 0x1d,
    0x16, 0x1, 0xf9, 0x7, 0x83, 0xe4, 0x5, 0x13,
    0x84, 0x27, 0xfc, 0xe4, 0x47, 0x88, 0xe5,

    /* U+8DEF "路" */
    0x0, 0xfc, 0xe0, 0x1e, 0xee, 0xbe, 0x80, 0xe0,
    0x44, 0x40, 0x1b, 0xb9, 0x40, 0xc, 0xc, 0xc6,
    0xa0, 0x7, 0xd0, 0xf, 0xb0, 0x48, 0x1, 0x77,
    0xd3, 0x2e, 0xab, 0x5c, 0x80, 0x5d, 0xc0, 0xfc,
    0xd2, 0xe9, 0x54, 0x0, 0xa0, 0x3, 0x8b, 0x89,
    0x58, 0x2, 0x60, 0x7, 0x64, 0x64, 0x6e, 0x5e,
    0x98, 0x6, 0xf8, 0x21, 0xbe, 0xc2, 0x2, 0x0,
    0xc2, 0x90, 0x5d, 0xd2, 0xa8, 0x40, 0x33, 0xd0,
    0x7, 0xe5, 0x1f, 0x1f, 0x90, 0x22, 0xcc, 0x0,
    0x19, 0xee, 0x41, 0x80, 0x3b, 0xa3, 0x0, 0x23,
    0x8, 0x4, 0x5f, 0x99, 0x7c, 0x0,

    /* U+8DF3 "跳" */
    0x0, 0xf8, 0xb0, 0x78, 0x3, 0x6f, 0x73, 0xd4,
    0x3, 0xfd, 0xfc, 0xbb, 0x0, 0x1d, 0x46, 0x1,
    0xda, 0xae, 0x1, 0x1b, 0x98, 0x2, 0xb1, 0x2,
    0xe4, 0x2, 0x89, 0x0, 0x67, 0x96, 0x2b, 0xc0,
    0x5, 0x8, 0x0, 0xb5, 0x1, 0x19, 0xc0, 0x2,
    0xc0, 0x13, 0x0, 0xfa, 0xa6, 0x10, 0x2, 0x1c,
    0x3, 0x1e, 0x62, 0x99, 0xc0, 0x72, 0x98, 0x3,
    0xaf, 0xc7, 0xc0, 0x3, 0x8e, 0x0, 0x43, 0xb9,
    0x16, 0x40, 0x8, 0xd5, 0x47, 0x9, 0xf5, 0x47,
    0x20, 0x10, 0x7d, 0x4e, 0xdb, 0x4a, 0x9, 0x1,
    0x3f, 0xad, 0x11, 0x0, 0x55, 0x40, 0xb, 0x3f,
    0xc8,

    /* U+8F68 "轨" */
    0x0, 0xff, 0xe2, 0xf8, 0x80, 0x58, 0x60, 0x1c,
    0xb4, 0x8, 0xa6, 0x1, 0xf0, 0xf2, 0x87, 0x71,
    0x40, 0x3e, 0x1b, 0x1c, 0xab, 0x3f, 0x3c, 0xff,
    0x0, 0x48, 0x43, 0xe0, 0xbe, 0x59, 0xe0, 0x1b,
    0xe4, 0x3, 0xc4, 0x1, 0xc9, 0x5a, 0x3f, 0x20,
    0x62, 0x1, 0xdd, 0xfa, 0x3f, 0x20, 0x1f, 0x84,
    0x2, 0x33, 0x94, 0x3, 0x85, 0xe7, 0x47, 0x99,
    0x30, 0x3, 0xd8, 0x32, 0x1a, 0xb6, 0xa0, 0x11,
    0x40, 0xdc, 0x20, 0x81, 0x31, 0x0, 0x42, 0x40,
    0x1e, 0xb8, 0x0, 0x8f, 0x70, 0x2, 0x2e, 0x9,
    0x20, 0xb, 0x39, 0x80,

    /* U+8F6C "转" */
    0x0, 0xc, 0x0, 0x73, 0x20, 0x7, 0x22, 0x0,
    0x3a, 0xc4, 0x2, 0x4f, 0xa3, 0xfd, 0x7f, 0xf1,
    0x57, 0xf8, 0x13, 0xcb, 0xbf, 0x5f, 0xe9, 0x3f,
    0xe0, 0x1, 0xc, 0xb8, 0x22, 0x2c, 0x11, 0x22,
    0xa, 0xa0, 0x5, 0xfe, 0x15, 0xff, 0x9c, 0x1f,
    0x5e, 0x2a, 0xfc, 0xba, 0xee, 0x50, 0xba, 0x56,
    0xb0, 0xe2, 0xff, 0xb4, 0x0, 0x82, 0x42, 0x43,
    0x5d, 0xfa, 0x1c, 0x5, 0x16, 0xee, 0x83, 0x14,
    0xe, 0x83, 0x0, 0xbd, 0x62, 0xc8, 0xe7, 0xc1,
    0xc0, 0x5, 0x8, 0x40, 0x11, 0x63, 0x1a, 0x0,
    0x7f, 0xd3, 0x70, 0x1, 0xd0, 0xe0, 0x1c, 0x98,
    0x0,

    /* U+8F6E "轮" */
    0x0, 0x1b, 0x0, 0x75, 0x80, 0x70, 0xdf, 0x88,
    0x4, 0xe8, 0xa0, 0x10, 0xf3, 0xb7, 0x60, 0xc,
    0xca, 0xc4, 0x0, 0x3e, 0x3b, 0xf8, 0x1b, 0x2d,
    0x38, 0x1, 0x1a, 0xc2, 0x85, 0xb3, 0x83, 0xa6,
    0x90, 0x5f, 0x0, 0x10, 0x40, 0x80, 0x12, 0xac,
    0xf, 0x4b, 0x51, 0x4e, 0x20, 0xbd, 0x48, 0x1b,
    0xeb, 0x58, 0x0, 0x6a, 0xbb, 0x10, 0x0, 0x80,
    0x22, 0x2, 0xa3, 0xf5, 0x0, 0xb, 0x4a, 0xd6,
    0x0, 0x2a, 0x44, 0x2, 0x3d, 0x10, 0x9e, 0x2,
    0x60, 0xa, 0xc4, 0xae, 0x14, 0xc0, 0x3e, 0x51,
    0x0, 0xfa, 0xb3, 0xfe, 0x70,

    /* U+8F6F "软" */
    0x0, 0xa8, 0xc0, 0x28, 0x90, 0xe, 0x55, 0xe4,
    0x4, 0xf0, 0xe, 0xfa, 0xc, 0xfd, 0x3, 0x9d,
    0xd7, 0xb0, 0x52, 0xd5, 0x52, 0xc1, 0xbf, 0xe5,
    0x0, 0x91, 0xf4, 0x1, 0x70, 0x6e, 0x4c, 0x80,
    0xec, 0x60, 0x4, 0x37, 0x5e, 0x1, 0x20, 0x87,
    0xe2, 0xfd, 0xe0, 0x24, 0xd, 0x0, 0x77, 0xf1,
    0x7c, 0x80, 0x38, 0x3, 0x84, 0x2, 0x24, 0x0,
    0x20, 0x18, 0x0, 0x66, 0xf8, 0xbf, 0x80, 0xca,
    0x28, 0x0, 0x22, 0xeb, 0x1d, 0xa0, 0xe9, 0x67,
    0x20, 0x4, 0x2a, 0x8c, 0x7, 0x19, 0xc6, 0x7c,
    0x40, 0x3c, 0xcf, 0x60, 0x7, 0x47, 0x0, 0x87,
    0x41, 0xec, 0x3, 0x4b, 0x0,

    /* U+8F7B "轻" */
    0x0, 0x1b, 0x80, 0x7f, 0xf0, 0x2f, 0x80, 0xf,
    0xff, 0xca, 0x9, 0xee, 0xdf, 0xcf, 0xff, 0x51,
    0x28, 0x27, 0x8f, 0xfb, 0x80, 0x24, 0xbf, 0x0,
    0x91, 0x61, 0x80, 0x28, 0xb2, 0x30, 0xb, 0x78,
    0x40, 0xb, 0xa9, 0xa9, 0xf0, 0x0, 0x69, 0x69,
    0xaf, 0x8c, 0x28, 0xf1, 0x0, 0x5f, 0x23, 0x47,
    0x7d, 0x55, 0x7e, 0x0, 0x42, 0x27, 0x3, 0x7f,
    0x97, 0x7d, 0x40, 0xa2, 0x9a, 0x20, 0x4a, 0xa1,
    0x55, 0x18, 0x3, 0xf9, 0x66, 0x80, 0x3f, 0x13,
    0xa1, 0x80, 0xb3, 0x43, 0x4c, 0xc1, 0x0, 0xe2,
    0x99, 0x81, 0xe6, 0x44,

    /* U+8F7D "载" */
    0x0, 0xda, 0x40, 0x7, 0x84, 0x40, 0x4, 0xfb,
    0xa2, 0xdd, 0x40, 0xb, 0x52, 0x0, 0x1f, 0x74,
    0x5b, 0xa8, 0x10, 0x2d, 0x10, 0x29, 0x98, 0xa6,
    0x73, 0x4d, 0x61, 0x1e, 0xe8, 0xa3, 0xf7, 0x4c,
    0x1b, 0xb1, 0x8b, 0x31, 0x10, 0xcd, 0x69, 0xa0,
    0x90, 0x87, 0x68, 0x7f, 0x74, 0x2, 0x12, 0x40,
    0xc, 0x2d, 0x96, 0xcc, 0x21, 0x14, 0x80, 0xa,
    0x2c, 0xa5, 0xec, 0x2, 0xf9, 0x0, 0xaf, 0xfa,
    0x97, 0xb0, 0xc, 0x9c, 0x2, 0x46, 0x7b, 0x5c,
    0xd3, 0x10, 0x3, 0x30, 0x33, 0x85, 0xb, 0xb3,
    0xdc, 0x57, 0xc8, 0x26, 0x1b, 0xdc, 0xa1, 0x23,
    0x6d, 0x50, 0x3, 0x2d, 0x4, 0xc0, 0x1f, 0x60,
    0x0,

    /* U+8F85 "辅" */
    0x0, 0x2d, 0x0, 0x76, 0x25, 0x98, 0x0, 0xf8,
    0x4c, 0x80, 0x3a, 0x60, 0xb, 0x91, 0x1d, 0x37,
    0xdc, 0x3b, 0xc5, 0x51, 0x68, 0xfe, 0xdd, 0xbb,
    0x87, 0x7d, 0xc5, 0x5, 0x45, 0x90, 0x2e, 0xe1,
    0xdf, 0x78, 0x87, 0x70, 0xcc, 0x2, 0x5c, 0x99,
    0xc4, 0x60, 0x9d, 0x2b, 0x20, 0x1, 0x77, 0x9,
    0x80, 0x27, 0xc, 0x30, 0xf, 0x4e, 0xf4, 0x40,
    0xc, 0xca, 0x57, 0x3, 0xc4, 0xcc, 0x10, 0xb,
    0xd4, 0xac, 0x1, 0xf2, 0x67, 0x10, 0x3, 0xfd,
    0xb, 0x40, 0x7c, 0x99, 0xc4, 0x3, 0xa, 0x20,
    0x1f, 0xc6, 0x1, 0x19, 0x80, 0x30, 0x86, 0x80,
    0x80,

    /* U+8F91 "辑" */
    0x0, 0x11, 0x80, 0x7f, 0xf0, 0x16, 0x80, 0x3,
    0xf9, 0x96, 0xd0, 0x16, 0xc3, 0x6e, 0x0, 0xe6,
    0x56, 0x0, 0x2d, 0x1e, 0xdc, 0x2, 0xcc, 0xa8,
    0x80, 0x4, 0x49, 0x50, 0x60, 0xbb, 0x94, 0x8c,
    0x2a, 0xc4, 0xc0, 0xcf, 0x89, 0xc4, 0x1e, 0x1a,
    0x64, 0x81, 0xdd, 0x22, 0x90, 0x57, 0xb4, 0xc8,
    0x1, 0x11, 0x30, 0x4, 0xa0, 0x1f, 0xfc, 0x14,
    0x76, 0x9d, 0x0, 0x44, 0x4c, 0x0, 0x2f, 0xf0,
    0xbe, 0x80, 0x22, 0x78, 0xdd, 0xa, 0xe1, 0xf8,
    0xf4, 0x26, 0x5a, 0x60, 0xe0, 0x1c, 0x7b, 0xf7,
    0x53, 0xe, 0x60, 0x14, 0xb0, 0x7, 0x9e, 0x0,

    /* U+8F93 "输" */
    0x0, 0x39, 0x0, 0x61, 0x80, 0xf, 0x50, 0x7,
    0x63, 0x98, 0x4, 0xbe, 0x5b, 0xe4, 0x38, 0xbb,
    0xca, 0x0, 0x5c, 0x4f, 0xf2, 0x72, 0x49, 0xf4,
    0xe1, 0x2, 0x6e, 0x83, 0xa1, 0x37, 0x5e, 0xd2,
    0x0, 0xc7, 0x30, 0x90, 0xb5, 0xfd, 0xaf, 0x22,
    0x25, 0x8d, 0x2d, 0x2, 0xa6, 0x3, 0x81, 0x47,
    0x87, 0xb9, 0x80, 0xf0, 0x7, 0x3a, 0x8a, 0x0,
    0x4, 0x40, 0x1c, 0x2d, 0x23, 0x8e, 0x22, 0x20,
    0xe, 0x2c, 0xf0, 0xd7, 0x22, 0x28, 0x88, 0x2,
    0x3a, 0x61, 0x0, 0x3a, 0xef, 0xe0, 0x7, 0xe1,
    0x3, 0xa3, 0x6d, 0x70, 0xd, 0xc0, 0x54, 0x78,
    0x8d, 0xb4, 0x0,

    /* U+8FA8 "辨" */
    0x0, 0xff, 0xe2, 0x60, 0x80, 0x5c, 0x3, 0xa0,
    0x1c, 0xac, 0x1, 0xc2, 0xc8, 0x0, 0x3e, 0x68,
    0xe2, 0x0, 0x3f, 0x25, 0xf0, 0x1c, 0xf7, 0x18,
    0x54, 0x1d, 0xbf, 0x24, 0x2, 0x44, 0x7b, 0x18,
    0x0, 0xc6, 0xc8, 0x4, 0x36, 0x4, 0x8c, 0x4,
    0x95, 0xd8, 0x17, 0x1c, 0xb7, 0x18, 0x18, 0xac,
    0x20, 0x92, 0xde, 0x2f, 0x4c, 0x1e, 0xd2, 0xec,
    0x42, 0xee, 0x97, 0x62, 0x50, 0x17, 0x11, 0x0,
    0x63, 0x0, 0x21, 0xb6, 0x1d, 0x60, 0xb, 0x97,
    0xb8, 0x5d, 0x36, 0xa5, 0xe8, 0x1, 0x58, 0x81,
    0xdc, 0x40, 0x1f, 0x4c, 0x80, 0x19, 0x60, 0x1f,
    0xb0, 0x80, 0x16, 0x20, 0x15, 0xa0, 0x0,

    /* U+8FB9 "边" */
    0xb, 0x30, 0xd, 0x4c, 0x1, 0xed, 0xe0, 0xc,
    0x20, 0x1f, 0x33, 0xc8, 0x4, 0xe0, 0x10, 0x80,
    0x6b, 0xd7, 0xff, 0x1c, 0xff, 0xba, 0x40, 0x21,
    0x47, 0xff, 0x7, 0x7f, 0x9c, 0x42, 0xbf, 0xc8,
    0x0, 0x10, 0x10, 0x0, 0x80, 0x2b, 0xcc, 0x2,
    0x43, 0x0, 0x8f, 0xc0, 0x3e, 0xea, 0x0, 0x84,
    0x80, 0x3c, 0x8a, 0xc0, 0x13, 0x30, 0x3, 0x92,
    0xa8, 0x6, 0x65, 0x22, 0x0, 0xc, 0xda, 0x54,
    0x80, 0xbf, 0x32, 0x10, 0x4d, 0x95, 0xc7, 0x10,
    0x6c, 0xc3, 0x98, 0xec, 0x36, 0x6f, 0x73, 0xff,
    0x76, 0x4, 0xb0, 0x1, 0xf7, 0xff, 0xe1,

    /* U+8FC7 "过" */
    0x2, 0x30, 0xf, 0xb8, 0x80, 0x26, 0xd1, 0x0,
    0xff, 0x92, 0x74, 0x3, 0xc2, 0x20, 0xc, 0xf6,
    0xbf, 0xfc, 0x19, 0xe2, 0x1, 0x3a, 0xff, 0xf0,
    0xef, 0x88, 0x5d, 0xa8, 0x1a, 0xc0, 0x3f, 0x7f,
    0x20, 0x33, 0xb8, 0x3, 0xe4, 0x70, 0xb, 0xa8,
    0x3, 0xff, 0x80, 0x5a, 0x1, 0xff, 0xc1, 0x12,
    0x20, 0x80, 0x75, 0x89, 0x0, 0x13, 0x30, 0xa4,
    0x1, 0x59, 0x57, 0xca, 0xb6, 0xea, 0x51, 0x48,
    0x6, 0xd7, 0x7b, 0x9f, 0xfa, 0x38, 0x0,

    /* U+8FD0 "运" */
    0x0, 0xff, 0xe1, 0xc5, 0x88, 0x1f, 0xff, 0xb0,
    0x1, 0x7, 0xe4, 0x7f, 0xfe, 0xc0, 0xa, 0x34,
    0x80, 0x3f, 0xf8, 0x6, 0x6c, 0xc6, 0xeb, 0x33,
    0x51, 0x7f, 0xac, 0xbf, 0xcc, 0x5f, 0x1f, 0xe9,
    0x2f, 0xa7, 0x13, 0x32, 0xd9, 0xfb, 0x19, 0x80,
    0x2, 0x1, 0x31, 0x20, 0x45, 0x80, 0x7c, 0x31,
    0xe2, 0x40, 0x34, 0x1, 0xea, 0x1c, 0xef, 0xf1,
    0xa8, 0x80, 0xc, 0xc3, 0x3b, 0xfe, 0xdc, 0xc4,
    0x98, 0x3c, 0xbe, 0x28, 0x7, 0x9c, 0x6, 0xb2,
    0x33, 0xb3, 0xff, 0xba, 0x47, 0x48, 0x6, 0x7b,
    0xff, 0xd6,

    /* U+8FD1 "近" */
    0x2, 0x30, 0xc, 0x26, 0x8f, 0x54, 0x0, 0xe,
    0x98, 0x3, 0xf2, 0x3b, 0xfd, 0x0, 0x3, 0xad,
    0x10, 0x6, 0x5d, 0x42, 0x90, 0x4, 0x9a, 0x20,
    0x1f, 0xfc, 0x3, 0x0, 0xae, 0xa9, 0xd5, 0x45,
    0xe, 0xe6, 0x0, 0x51, 0x9, 0x18, 0x82, 0x6,
    0x69, 0x1, 0x9, 0x14, 0x4, 0x41, 0x2, 0x10,
    0x3, 0x90, 0x7, 0xff, 0x3, 0x50, 0x3, 0xff,
    0x80, 0xd6, 0x1, 0xfd, 0x62, 0x8e, 0x60, 0x11,
    0x0, 0x6a, 0x2c, 0x91, 0x31, 0x10, 0x61, 0x19,
    0x80, 0x6c, 0xf7, 0xe3, 0x3f, 0xf7, 0x28, 0x58,
    0x4, 0xf7, 0xbd, 0xd6, 0xe9, 0x80,

    /* U+8FD4 "返" */
    0x1, 0x0, 0xf8, 0x91, 0xc4, 0x1, 0x8c, 0x0,
    0xfd, 0xef, 0xfb, 0x94, 0x1, 0xf0, 0x80, 0xc,
    0xef, 0xdb, 0x94, 0x0, 0x16, 0x20, 0x1, 0x51,
    0x32, 0x80, 0x62, 0x0, 0xbb, 0xba, 0x84, 0x1b,
    0x30, 0x62, 0x15, 0x15, 0x4f, 0x51, 0x4, 0xf1,
    0x72, 0x2b, 0x14, 0x6e, 0x40, 0x4, 0x62, 0xa,
    0xc5, 0x91, 0xcc, 0x60, 0x1e, 0xfd, 0x3, 0x0,
    0x18, 0x7, 0x89, 0xd1, 0xfe, 0xbc, 0x70, 0x40,
    0x4, 0x7d, 0x41, 0xb8, 0xe1, 0x4a, 0x60, 0x79,
    0x9, 0xcd, 0x6, 0x22, 0x2b, 0x71, 0x4b, 0x7c,
    0xff, 0xf6, 0x7c, 0x8b, 0xa8, 0x1, 0x6f, 0x7b,
    0xb6, 0xe0, 0x0,

    /* U+8FD8 "还" */
    0x7, 0x10, 0xf, 0xfe, 0xf, 0x93, 0xff, 0xfd,
    0xc0, 0x7, 0x77, 0x3f, 0x74, 0xc7, 0xdc, 0xf0,
    0xa, 0x74, 0x4, 0x46, 0xdc, 0x23, 0x0, 0x61,
    0x0, 0xbc, 0x0, 0x40, 0x15, 0x7f, 0x90, 0x1,
    0x6e, 0xf, 0x86, 0x0, 0xaf, 0x30, 0x1b, 0x7a,
    0x4, 0xad, 0x30, 0xe, 0xc0, 0xc0, 0x9, 0x2f,
    0x40, 0x3b, 0xec, 0x3, 0x97, 0x0, 0x38, 0x80,
    0x3e, 0x20, 0x1, 0x9b, 0x80, 0x3f, 0xc9, 0xb4,
    0x36, 0x82, 0x1e, 0x20, 0x26, 0x5b, 0xb, 0x7b,
    0x1d, 0xff, 0xbb, 0x1a, 0x58, 0x0, 0xd9, 0xff,
    0xf2, 0x0,

    /* U+8FD9 "这" */
    0x0, 0xff, 0xe1, 0x90, 0x7, 0x1e, 0x80, 0x7a,
    0xf0, 0x3, 0x18, 0xb0, 0x7, 0x4b, 0x54, 0x66,
    0x45, 0x7f, 0xec, 0x50, 0x5, 0x45, 0x7f, 0xdb,
    0xc8, 0x7e, 0x80, 0x11, 0x12, 0x84, 0xce, 0x5f,
    0x31, 0x4, 0x41, 0x87, 0xe2, 0x83, 0x29, 0x80,
    0x7, 0xe2, 0x0, 0xd9, 0x17, 0x30, 0x1, 0xd,
    0xc0, 0x4, 0x5e, 0x80, 0x20, 0x1f, 0xc9, 0x8f,
    0x18, 0x80, 0x1e, 0x3b, 0xab, 0x87, 0xab, 0x60,
    0xb, 0x11, 0xf3, 0x94, 0x0, 0x98, 0x60, 0x7,
    0x66, 0x49, 0x8, 0x6, 0x26, 0x31, 0xac, 0x9e,
    0xeb, 0xff, 0x76, 0x28, 0xe9, 0x1, 0xdf, 0xfb,
    0xb9, 0xff, 0x30,

    /* U+8FDB "进" */
    0x5, 0x70, 0xd, 0xe0, 0xe, 0x20, 0x9, 0x24,
    0xc0, 0x3f, 0xe1, 0xae, 0x1, 0x10, 0x8, 0xe0,
    0xc, 0x90, 0x1d, 0xc0, 0xee, 0x6, 0x70, 0x6,
    0x50, 0xff, 0x7, 0xf8, 0x77, 0x80, 0x19, 0x8a,
    0x0, 0x8, 0x7, 0xed, 0xf4, 0x5e, 0xe0, 0x77,
    0x7, 0x78, 0xc0, 0x44, 0xb, 0xf2, 0x5f, 0xe0,
    0xcf, 0x30, 0xe, 0x1f, 0xa1, 0x1e, 0x0, 0xf1,
    0xbb, 0x80, 0x3f, 0x58, 0x92, 0x68, 0x4, 0xe6,
    0x1, 0x51, 0x5f, 0x0, 0x88, 0x1, 0x6, 0x62,
    0x16, 0xb4, 0xdf, 0xef, 0xee, 0x7e, 0x70, 0x8b,
    0x0, 0x3, 0x19, 0xdd, 0xda, 0x60,

    /* U+8FDE "连" */
    0x3, 0x0, 0xe5, 0x10, 0xf, 0x4c, 0x80, 0x2,
    0x54, 0x42, 0x38, 0x1, 0x4a, 0xed, 0x9a, 0x1d,
    0x99, 0x68, 0x5, 0xaa, 0xda, 0x57, 0xcb, 0xba,
    0xc0, 0x8, 0x48, 0x10, 0x51, 0xd0, 0x3, 0x47,
    0xf9, 0x2, 0xcf, 0xec, 0xff, 0xce, 0x11, 0xe6,
    0x0, 0xbf, 0xf5, 0x17, 0xf9, 0xc0, 0x3c, 0x80,
    0x1, 0x10, 0x7, 0xe8, 0xff, 0xac, 0xff, 0xe2,
    0x0, 0xd1, 0xff, 0x59, 0xff, 0xc4, 0x4, 0x7c,
    0x1, 0xfe, 0x3c, 0x81, 0xb4, 0x10, 0x6a, 0x1,
    0x32, 0xb9, 0x7b, 0xd8, 0xef, 0xd9, 0xfe, 0xc7,
    0x87, 0x0, 0x36, 0x7f, 0xfc, 0xa0,

    /* U+8FF0 "述" */
    0x3, 0x10, 0xe, 0x4c, 0x47, 0x0, 0x93, 0x40,
    0x3e, 0x5a, 0x70, 0x3, 0xba, 0x40, 0x30, 0x80,
    0xf8, 0x6, 0xa3, 0x1f, 0xfa, 0x8f, 0xf6, 0x20,
    0x0, 0x1a, 0x1f, 0xf7, 0x0, 0x27, 0xfd, 0x3,
    0xfe, 0xd0, 0xa, 0x4c, 0xad, 0x0, 0x3, 0xfc,
    0x60, 0x2, 0x69, 0x1f, 0xa2, 0x0, 0xfb, 0xa0,
    0x40, 0xa3, 0x80, 0x3d, 0x4e, 0xc0, 0x13, 0x3b,
    0x0, 0x62, 0x1a, 0x0, 0xea, 0x60, 0x2, 0x8,
    0x58, 0x80, 0x70, 0x80, 0x22, 0x15, 0xd0, 0x62,
    0xba, 0x24, 0x68, 0x7, 0x8b, 0x9d, 0x19, 0xff,
    0xbb, 0x2, 0xc4, 0x0, 0xd7, 0xbd, 0xd6, 0xea,
    0x0,

    /* U+8FF9 "迹" */
    0x0, 0xf9, 0x64, 0x3, 0xda, 0xc0, 0x19, 0x5c,
    0x40, 0x3b, 0x2a, 0x63, 0xfe, 0x1e, 0xff, 0x68,
    0x0, 0x72, 0xe3, 0xfc, 0x3c, 0x79, 0xfa, 0x1,
    0x88, 0x20, 0x40, 0x41, 0x98, 0x0, 0x7f, 0xf2,
    0xb, 0x8, 0x80, 0x3, 0x64, 0xf, 0xe8, 0x12,
    0xc2, 0x20, 0x3, 0xd5, 0x0, 0x31, 0x34, 0xa2,
    0x80, 0x4c, 0xa0, 0x18, 0xb0, 0x7b, 0x40, 0x21,
    0x90, 0xe, 0x26, 0x68, 0x3, 0x20, 0x0, 0x53,
    0x46, 0xf8, 0x34, 0x88, 0x1, 0xe, 0x39, 0xdf,
    0x18, 0x6f, 0x8, 0x10, 0x32, 0x45, 0x67, 0xfd,
    0xdc, 0xff, 0x70, 0x3c, 0x80, 0x1b, 0x3f, 0xdd,
    0xcf, 0xf6, 0x0,

    /* U+9001 "送" */
    0x6, 0x0, 0x89, 0x80, 0x24, 0x60, 0xb, 0xec,
    0x0, 0x50, 0x40, 0x8, 0x30, 0xa, 0x5e, 0x0,
    0x99, 0x49, 0xc9, 0xc4, 0x2, 0xda, 0x3f, 0x5a,
    0xd8, 0x1f, 0x90, 0x8, 0x48, 0xf7, 0x60, 0xef,
    0xd8, 0x8, 0xff, 0x20, 0x7, 0xfa, 0x38, 0xc2,
    0xfb, 0x9e, 0x1f, 0xdd, 0x0, 0x4, 0x1, 0x7d,
    0xc9, 0x6, 0xee, 0x80, 0x3e, 0x18, 0xa3, 0x90,
    0xf, 0xc7, 0x92, 0xb6, 0x54, 0x1, 0x11, 0xe2,
    0xec, 0x38, 0x2, 0xc4, 0xc0, 0xf2, 0x53, 0x35,
    0x40, 0x35, 0x0, 0xcc, 0x36, 0x77, 0x3f, 0xfb,
    0xb0, 0xe9, 0x80, 0xf, 0xbf, 0xdc, 0xff, 0xc4,

    /* U+9002 "适" */
    0x0, 0xff, 0x12, 0x80, 0x7, 0x8, 0x9, 0xe6,
    0xbf, 0xec, 0x10, 0x1a, 0xf1, 0x31, 0xc9, 0xd,
    0xd4, 0x88, 0x1, 0xa8, 0x81, 0xd0, 0x80, 0x47,
    0x0, 0x4e, 0x79, 0x98, 0x33, 0x30, 0x35, 0x50,
    0xb7, 0x70, 0xee, 0xe0, 0x4e, 0x76, 0x8, 0x99,
    0xc, 0xcc, 0x20, 0x48, 0x20, 0x6, 0xdd, 0x5f,
    0xeb, 0x18, 0x7, 0xca, 0x89, 0x84, 0x3, 0xf3,
    0x3b, 0xe1, 0x0, 0x84, 0xf0, 0x20, 0x47, 0xa4,
    0x80, 0x72, 0x6, 0xc9, 0x1d, 0x9d, 0xc8, 0x80,
    0x7b, 0x79, 0x8d, 0xec, 0xec, 0xc7, 0x78, 0x33,
    0x0, 0x7, 0x39, 0xbd, 0xba, 0xcb, 0x0,

    /* U+9006 "逆" */
    0x1, 0x0, 0x8a, 0x40, 0x21, 0xa1, 0x0, 0x5c,
    0x0, 0x8, 0x8c, 0x0, 0xb1, 0x10, 0x2, 0x91,
    0xd1, 0x8e, 0x9a, 0x57, 0x18, 0x40, 0x1a, 0x65,
    0xc0, 0x92, 0xaf, 0xfc, 0x60, 0x1, 0x46, 0x49,
    0x83, 0x88, 0x4a, 0x10, 0x7f, 0xac, 0x8, 0x3,
    0xc4, 0x0, 0xfb, 0x70, 0xf, 0xfe, 0x27, 0x79,
    0xdf, 0xf0, 0x7, 0xdd, 0xfc, 0x1f, 0xf7, 0x0,
    0x7e, 0x85, 0x0, 0xf8, 0x8c, 0xe, 0xd2, 0xc0,
    0x3c, 0x96, 0xd9, 0x27, 0xa2, 0x1, 0x8, 0x82,
    0x7e, 0x78, 0x1b, 0xfb, 0xaf, 0xe5, 0xd, 0x20,
    0x2a, 0xef, 0xee, 0xbf, 0xc8,

    /* U+9009 "选" */
    0x3, 0x10, 0x8, 0xd0, 0xb8, 0x3, 0xaf, 0x4,
    0x1, 0x4, 0x1, 0xf4, 0x26, 0x0, 0xa4, 0xe8,
    0xf7, 0x44, 0x0, 0x98, 0xb, 0x6f, 0xd1, 0xee,
    0x88, 0x2, 0x50, 0xe8, 0x0, 0xfc, 0x45, 0x7,
    0xd6, 0x78, 0xed, 0xd8, 0xc3, 0xfd, 0x21, 0xfe,
    0x26, 0xa2, 0xff, 0x10, 0x6c, 0x80, 0x11, 0x7,
    0x8, 0x28, 0x81, 0x0, 0xf2, 0x81, 0x80, 0x44,
    0xa0, 0x1c, 0xf5, 0xc0, 0x22, 0x35, 0xc0, 0x0,
    0xa1, 0xee, 0x8c, 0x0, 0xf1, 0xb6, 0x9, 0x6b,
    0xd8, 0x60, 0x14, 0x5d, 0x18, 0x4d, 0x53, 0x31,
    0xfe, 0xee, 0x7f, 0xce, 0x1a, 0x80, 0x35, 0xdf,
    0xfe, 0x60,

    /* U+900F "透" */
    0x2, 0x0, 0xe1, 0x23, 0x58, 0x30, 0x5, 0xd8,
    0x1, 0x79, 0x5f, 0xc5, 0xa2, 0x0, 0x90, 0x80,
    0xbc, 0xbb, 0x23, 0xa9, 0x0, 0x54, 0x11, 0xbb,
    0x4b, 0x76, 0xe9, 0x0, 0x3, 0x10, 0xdf, 0x14,
    0x32, 0xcd, 0x40, 0x22, 0x85, 0xfe, 0x35, 0x63,
    0x18, 0x1, 0xfe, 0x98, 0xe6, 0xfb, 0x2b, 0xef,
    0x30, 0xd9, 0x9, 0x96, 0xa0, 0xe0, 0xd, 0x98,
    0x7, 0x98, 0x75, 0x42, 0x34, 0x3, 0xc3, 0x6c,
    0x25, 0xf0, 0x80, 0x10, 0xa2, 0xf9, 0xc0, 0x1d,
    0xfe, 0x80, 0x12, 0xd6, 0x22, 0x0, 0x1d, 0xeb,
    0x88, 0x4d, 0x53, 0xf3, 0xbf, 0xbf, 0xee, 0x40,
    0xd4, 0x2, 0xae, 0xff, 0x77, 0xfc, 0xa0,

    /* U+9010 "逐" */
    0x0, 0xff, 0xe1, 0xf, 0x18, 0x6f, 0x73, 0xfe,
    0xee, 0x60, 0xe, 0xe8, 0xb7, 0xb4, 0x2b, 0xfb,
    0x98, 0x0, 0x3a, 0x32, 0x9e, 0x12, 0x0, 0x62,
    0x80, 0x48, 0x3d, 0xfb, 0x10, 0x4c, 0xb5, 0x8,
    0xff, 0x1e, 0x3d, 0x64, 0x5d, 0x9c, 0x1, 0x1e,
    0x6e, 0xef, 0xca, 0xd0, 0x93, 0x0, 0xf3, 0x73,
    0xd9, 0x95, 0xe9, 0x80, 0x70, 0xb7, 0xec, 0x83,
    0xd7, 0x0, 0x76, 0xeb, 0x18, 0x48, 0x89, 0xa0,
    0x11, 0xe6, 0xd8, 0x5f, 0xb8, 0x6, 0x1d, 0x63,
    0xb4, 0xf, 0xd9, 0x12, 0x31, 0x7a, 0x9b, 0xfe,
    0xe5, 0x6e, 0x63, 0xfc, 0x2c, 0xe0, 0x4, 0xac,
    0xee, 0x6e, 0xd8, 0x0,

    /* U+9012 "递" */
    0x0, 0xf4, 0x10, 0x1, 0x60, 0x2, 0x5b, 0x0,
    0xb6, 0x0, 0x6e, 0xc0, 0x12, 0x83, 0x9f, 0x5a,
    0x7f, 0xe, 0xe8, 0x2, 0xa0, 0x3e, 0xe9, 0x2f,
    0xf8, 0xc0, 0x21, 0x70, 0xff, 0x72, 0x5f, 0x70,
    0x2, 0xaa, 0x40, 0xf, 0xf2, 0x5f, 0x74, 0x0,
    0xec, 0x41, 0x16, 0xf2, 0x5e, 0xeb, 0xd4, 0x11,
    0x40, 0x7f, 0x54, 0x2b, 0x74, 0xc0, 0x1e, 0x1b,
    0x24, 0x11, 0x12, 0xb0, 0x6, 0x5c, 0xd9, 0x0,
    0x27, 0x31, 0x80, 0x24, 0xc7, 0x18, 0x2, 0x5c,
    0xa0, 0x5, 0x6, 0x44, 0x14, 0xe5, 0x8c, 0xca,
    0xa0, 0x5, 0x1e, 0x7f, 0xdd, 0xcf, 0xf7, 0x10,

    /* U+9014 "途" */
    0x0, 0xfd, 0xa4, 0x1, 0xcd, 0xa6, 0x1, 0x51,
    0xc8, 0x7, 0x34, 0xe8, 0x85, 0x9f, 0x6e, 0x90,
    0x3, 0x27, 0xbe, 0x8d, 0x1a, 0xdd, 0x61, 0x80,
    0x42, 0x2f, 0x38, 0xcf, 0xdd, 0x49, 0x8e, 0xea,
    0x9c, 0xa6, 0xcb, 0xec, 0xd4, 0x7, 0xe1, 0x99,
    0xdd, 0x16, 0x77, 0x42, 0x4, 0x20, 0xdd, 0x5c,
    0x59, 0xb9, 0xc2, 0x1, 0xd2, 0x60, 0x1b, 0xc4,
    0x3, 0x98, 0x9c, 0x2, 0x3b, 0xa0, 0xb, 0x4c,
    0xac, 0xec, 0x88, 0xd, 0xe0, 0x8, 0x59, 0x92,
    0x94, 0xf8, 0x80, 0x14, 0x44, 0xba, 0xdf, 0xf6,
    0xf7, 0x3f, 0xdc, 0x43, 0xa2, 0x5, 0x5d, 0xfd,
    0xcf, 0xf8, 0xc0,

    /* U+901A "通" */
    0x0, 0xff, 0xe1, 0xc3, 0x80, 0x1b, 0x77, 0xbf,
    0x40, 0x13, 0x72, 0xd, 0xaf, 0x52, 0xf1, 0xa0,
    0x1, 0xc0, 0x12, 0x4e, 0xdb, 0x52, 0x40, 0xd,
    0x23, 0x51, 0xa0, 0x2, 0xca, 0x0, 0x2a, 0x90,
    0x1, 0x73, 0x5, 0xb2, 0x40, 0x3d, 0x30, 0x0,
    0x8c, 0xc1, 0x66, 0xc, 0x6, 0xfc, 0x2, 0x8c,
    0xc1, 0x66, 0xc, 0x3, 0xe8, 0xdd, 0x16, 0xe8,
    0xc0, 0x3e, 0x8d, 0xd1, 0x6e, 0x8c, 0x2, 0x43,
    0x0, 0xc6, 0x27, 0xac, 0x0, 0x7b, 0x9c, 0xc3,
    0x80, 0xe1, 0xed, 0x0, 0xd6, 0xb7, 0x76, 0xdd,
    0x77, 0xf9, 0x47, 0x44, 0xa, 0xbb, 0x9b, 0xae,
    0xff, 0x28,

    /* U+901F "速" */
    0x0, 0xfd, 0x86, 0x1, 0xd3, 0x40, 0x1, 0x18,
    0x9c, 0x46, 0x0, 0x4b, 0x3b, 0xb3, 0x21, 0xbc,
    0xc8, 0x80, 0x1b, 0x8f, 0xbb, 0x15, 0xee, 0xc4,
    0x0, 0x1b, 0xe, 0xdd, 0x15, 0xee, 0xb8, 0x6,
    0xed, 0x40, 0xc, 0xd3, 0xcd, 0xc0, 0x0, 0xdd,
    0x20, 0x3, 0x34, 0xf3, 0x70, 0x3, 0xee, 0xd7,
    0x0, 0x4e, 0xf0, 0x7, 0xce, 0x27, 0x50, 0xe0,
    0x1e, 0x1a, 0xbb, 0x3, 0x66, 0xd0, 0x4, 0xa2,
    0x87, 0x80, 0x1a, 0xbc, 0x0, 0xd3, 0x13, 0x80,
    0xf, 0x20, 0x2, 0x8, 0x5e, 0x3f, 0x7f, 0x7e,
    0xff, 0x7f, 0x10, 0x68, 0x81, 0x57, 0x7f, 0x75,
    0xfe, 0x30,

    /* U+9020 "造" */
    0x1, 0x10, 0x4, 0xc8, 0x8c, 0x0, 0xf3, 0x60,
    0x80, 0x21, 0x80, 0x3f, 0x3a, 0x68, 0x28, 0xe5,
    0x9f, 0x74, 0x20, 0x14, 0xd8, 0xdd, 0xba, 0xcf,
    0xba, 0x10, 0xc, 0xe3, 0xa, 0x23, 0xe0, 0x8,
    0x8a, 0x3b, 0xcc, 0x51, 0x66, 0x52, 0x3, 0xfe,
    0x93, 0xdd, 0xbf, 0xdb, 0xb4, 0x80, 0xec, 0x80,
    0xb, 0xfb, 0xb7, 0x98, 0x7, 0xe2, 0xee, 0xc4,
    0x1, 0xfe, 0x11, 0xc0, 0x1e, 0x14, 0x3, 0x6a,
    0xac, 0xc2, 0x1, 0x25, 0xae, 0x15, 0xdf, 0x88,
    0xc0, 0x13, 0xb5, 0xf1, 0xdd, 0xdf, 0xf0, 0x3,
    0x4c, 0xe, 0xfb, 0x9f, 0xee, 0xff, 0x60, 0x0,

    /* U+903B "逻" */
    0x0, 0xff, 0xe1, 0xad, 0x80, 0x3b, 0x7f, 0xb7,
    0xf7, 0xc4, 0x14, 0xec, 0x1, 0xab, 0x9a, 0x9a,
    0x40, 0x14, 0x68, 0x1, 0x98, 0xac, 0xd1, 0x80,
    0x8, 0x88, 0x16, 0x6f, 0x87, 0x7, 0x62, 0x2e,
    0xe6, 0x2, 0xba, 0x3f, 0xfa, 0x4, 0x7, 0x38,
    0x0, 0x7f, 0x1f, 0x32, 0x27, 0x0, 0xe1, 0xe8,
    0xb0, 0x3a, 0x63, 0x0, 0xe1, 0xd5, 0x8c, 0xf2,
    0x90, 0xf, 0xf9, 0x2c, 0x3, 0xa8, 0x45, 0x1d,
    0xf9, 0x60, 0x1d, 0x47, 0x38, 0x5b, 0x66, 0x1,
    0x11, 0x4f, 0x6d, 0xe1, 0xbf, 0xfd, 0xa8, 0x5a,
    0x0, 0x2a, 0xef, 0xff, 0x30,

    /* U+9053 "道" */
    0x0, 0xf3, 0x20, 0x1, 0x54, 0x1, 0x4d, 0x0,
    0x49, 0x0, 0x8, 0x40, 0xa, 0x46, 0x13, 0xb0,
    0xbf, 0xc5, 0xfc, 0x60, 0xa, 0xe4, 0xee, 0x8f,
    0x3f, 0xb8, 0x60, 0x1, 0x60, 0x2d, 0xc3, 0xfc,
    0xd1, 0x0, 0x66, 0x28, 0x4, 0x33, 0xf3, 0x6,
    0x1, 0x7c, 0xa0, 0x0, 0xae, 0xf0, 0x80, 0x46,
    0xe0, 0x11, 0x5d, 0xe1, 0x0, 0xfc, 0x57, 0x78,
    0x40, 0x3f, 0x15, 0x56, 0x10, 0xc, 0xe2, 0x2,
    0x2d, 0xdc, 0x40, 0x13, 0x44, 0x31, 0xb3, 0x3c,
    0x2, 0x17, 0x8f, 0xdb, 0xdd, 0xdf, 0xca, 0x1a,
    0x20, 0x53, 0xdd, 0xdf, 0xe4,

    /* U+9065 "遥" */
    0x0, 0xf8, 0x4d, 0x62, 0x88, 0x0, 0xf0, 0xb,
    0x98, 0xba, 0x2d, 0xe3, 0x0, 0x39, 0x5a, 0xab,
    0xed, 0x1d, 0x61, 0x80, 0x2a, 0xd0, 0xd8, 0x17,
    0x47, 0x78, 0x3, 0x30, 0x32, 0x23, 0x9c, 0x7c,
    0x40, 0x1b, 0xa9, 0x2c, 0x2d, 0xbf, 0xf6, 0xa8,
    0x3, 0xa9, 0x5a, 0xf6, 0x4f, 0xe6, 0x48, 0x0,
    0x33, 0x1, 0xc6, 0xe8, 0xf3, 0x76, 0x30, 0xc,
    0xee, 0xfd, 0x3c, 0xde, 0x73, 0x0, 0xe7, 0x61,
    0x27, 0x17, 0x60, 0xb, 0xc, 0x1e, 0x34, 0x67,
    0x61, 0x40, 0xe, 0xb1, 0x9f, 0x98, 0xfd, 0xcc,
    0x40, 0x8a, 0xb1, 0xfb, 0xfb, 0xfb, 0x9f, 0xee,
    0x21, 0xd1, 0x2, 0xae, 0xfe, 0xe7, 0xfc, 0x60,

    /* U+907F "避" */
    0x0, 0xfe, 0x26, 0x0, 0x87, 0x48, 0x23, 0xf7,
    0x80, 0xa0, 0x2, 0x1b, 0xf0, 0x4, 0xe8, 0x4e,
    0x8f, 0x68, 0x1, 0x94, 0x40, 0x34, 0xbf, 0xcc,
    0x0, 0x50, 0x22, 0x9d, 0x30, 0x11, 0x5a, 0x0,
    0x91, 0x0, 0xef, 0x75, 0x4f, 0xc7, 0xa2, 0xdf,
    0xa2, 0xf8, 0xcc, 0xe9, 0x9, 0x90, 0xbe, 0x88,
    0x1, 0x46, 0xd5, 0xc1, 0x50, 0x3, 0x32, 0xb,
    0xb4, 0xc8, 0x3a, 0x80, 0x36, 0xc0, 0x5, 0x16,
    0x59, 0x60, 0x1, 0x17, 0x8, 0xb5, 0x80, 0x3c,
    0x58, 0xb3, 0x19, 0xba, 0x0, 0x70, 0x88, 0x2e,
    0xa9, 0xbf, 0xbf, 0xdd, 0x6f, 0xf0, 0xcb, 0x80,
    0x1f, 0x3f, 0xbb, 0x7f, 0x84,

    /* U+90E8 "部" */
    0x0, 0x91, 0xc0, 0x3f, 0xf8, 0xb, 0x20, 0x11,
    0xff, 0xe1, 0xd, 0xfe, 0x1f, 0xf5, 0x82, 0x7e,
    0x90, 0x86, 0xa7, 0x7f, 0x15, 0x80, 0x55, 0x40,
    0x8, 0xd8, 0x1d, 0xc0, 0x19, 0x98, 0x0, 0x1d,
    0xe1, 0x8f, 0x10, 0x2, 0x20, 0x40, 0xf2, 0x13,
    0x6, 0x31, 0xc1, 0x5c, 0x80, 0xf7, 0x77, 0xee,
    0x9c, 0x6, 0x78, 0x0, 0xff, 0xfc, 0xc0, 0x12,
    0x10, 0x4, 0xff, 0xf2, 0x80, 0x70, 0x80, 0x7f,
    0xd3, 0xb0, 0x1, 0x3e, 0xec, 0xa0, 0x14, 0xeb,
    0x80, 0x5, 0xbf, 0xe3, 0x0, 0xf8,

    /* U+90FD "都" */
    0x0, 0xa9, 0x40, 0x6, 0x1, 0xff, 0xc0, 0x69,
    0xdf, 0xfc, 0x61, 0x7e, 0xb5, 0xf3, 0x1, 0x9f,
    0xa2, 0x61, 0x7e, 0xb4, 0xec, 0x40, 0x14, 0x48,
    0x1c, 0xc9, 0x69, 0xc1, 0xc0, 0x4, 0x8e, 0x3,
    0x98, 0x50, 0x7c, 0x30, 0x5, 0xb0, 0x0, 0x94,
    0xd3, 0x61, 0x50, 0x1, 0x4a, 0x60, 0x57, 0x23,
    0xfb, 0xe4, 0x0, 0x39, 0xf0, 0x73, 0xf, 0xdd,
    0x10, 0x6, 0x41, 0x25, 0x80, 0xdd, 0x88, 0x3,
    0xfd, 0xbb, 0x10, 0x1, 0xef, 0x5c, 0x80, 0x2e,
    0xe8, 0x80, 0xf, 0x5b, 0x40, 0x1b, 0xba, 0x20,
    0x8, 0x40, 0x3b, 0xc0, 0x2d, 0x2c, 0x30, 0xc,

    /* U+914D "配" */
    0x1, 0x1f, 0x0, 0x7c, 0x59, 0xdd, 0xb1, 0x3f,
    0xf8, 0xb, 0x71, 0x99, 0xba, 0x4f, 0xfc, 0x1,
    0x4f, 0x33, 0x3d, 0xc0, 0x3f, 0x24, 0x11, 0x22,
    0xc0, 0x3f, 0x91, 0x51, 0xc0, 0xbe, 0xee, 0x0,
    0xc5, 0xc0, 0x10, 0x87, 0xfc, 0x1, 0xa5, 0xfe,
    0x44, 0x9, 0x12, 0xc0, 0xa, 0x85, 0xa4, 0x40,
    0x38, 0xc0, 0x5, 0x99, 0x8c, 0x3, 0x84, 0x0,
    0x59, 0x98, 0xc0, 0x39, 0xa0, 0xb, 0x77, 0x18,
    0x7, 0x6f, 0x1, 0x6e, 0xe3, 0x30, 0xff, 0xce,
    0xe0, 0xc0, 0x8, 0xb0, 0x33, 0xfe, 0xd1,

    /* U+9192 "醒" */
    0x0, 0xff, 0xe1, 0x14, 0xfe, 0xfc, 0xb7, 0x6e,
    0xee, 0x2, 0x97, 0xe3, 0x96, 0xd, 0xdb, 0x0,
    0x28, 0x78, 0x38, 0x30, 0xcc, 0xb4, 0x0, 0x2a,
    0x42, 0x4, 0x81, 0x99, 0x68, 0x4, 0x37, 0x2b,
    0xa0, 0x5b, 0xae, 0xc2, 0x0, 0xbc, 0x80, 0x2a,
    0xa7, 0x96, 0xe0, 0x0, 0x40, 0x4e, 0x2, 0x63,
    0x4f, 0x74, 0x80, 0xb, 0x2b, 0x6a, 0x8f, 0xd3,
    0xdd, 0x20, 0x15, 0xdc, 0xd4, 0x59, 0xa7, 0x96,
    0x0, 0x39, 0x9a, 0x1, 0x77, 0xb, 0x6c, 0x0,
    0x79, 0x94, 0x0, 0x4, 0x70, 0x4, 0x3f, 0xf2,
    0x87, 0x73, 0x4f, 0xb9, 0x40,

    /* U+91C7 "采" */
    0x0, 0xf0, 0x92, 0x34, 0x38, 0x5, 0x59, 0xbd,
    0xfd, 0xf1, 0x80, 0x40, 0x14, 0x7f, 0xdb, 0x5b,
    0x95, 0x42, 0x0, 0x8b, 0x8c, 0x42, 0x80, 0x2b,
    0xe0, 0xc, 0xb0, 0x4, 0x44, 0x2, 0x78, 0x0,
    0xd2, 0x80, 0x5, 0x70, 0xeb, 0x10, 0x8, 0x43,
    0x4, 0x4c, 0xa3, 0x8, 0x22, 0x5, 0xee, 0xe1,
    0x9e, 0xbe, 0xe7, 0x82, 0xff, 0xd8, 0x20, 0x2d,
    0xff, 0x70, 0x6, 0x4d, 0xa2, 0xb2, 0xb1, 0x0,
    0xe8, 0xad, 0x40, 0x1b, 0x2f, 0x40, 0x2, 0xf1,
    0xf9, 0x80, 0x69, 0xba, 0xc1, 0x4a, 0xb1, 0x0,
    0xf2, 0xf4, 0x8,

    /* U+91CC "里" */
    0x0, 0x76, 0x65, 0xfd, 0x99, 0x78, 0x6, 0xec,
    0xc1, 0xd6, 0x63, 0x40, 0x3b, 0xae, 0xc7, 0x77,
    0x50, 0x7, 0x44, 0xc8, 0x62, 0x65, 0xe0, 0x1c,
    0xc4, 0x51, 0x91, 0x14, 0x3, 0xb7, 0xfc, 0x77,
    0xfe, 0xe0, 0xd, 0xdf, 0xf1, 0xdf, 0xfe, 0x0,
    0xf8, 0x44, 0x1, 0xe8, 0xff, 0xc5, 0x5f, 0xf8,
    0xc2, 0x3f, 0xf1, 0x57, 0xfe, 0x30, 0xf, 0xfe,
    0xc, 0x7f, 0xf1, 0x57, 0xff, 0x0,

    /* U+91CD "重" */
    0x0, 0xe1, 0x23, 0x56, 0x85, 0x0, 0x26, 0xeb,
    0x37, 0x51, 0xa3, 0xae, 0x6, 0x31, 0x9, 0x90,
    0x66, 0x90, 0x3a, 0x81, 0x17, 0x7, 0x11, 0x63,
    0x33, 0xe5, 0xdc, 0xf, 0x77, 0x63, 0x0, 0x17,
    0x73, 0x3, 0x99, 0x72, 0x80, 0x6a, 0xbb, 0xf,
    0xdd, 0xa4, 0x3, 0xaa, 0xec, 0x3f, 0x76, 0x90,
    0xc, 0xbb, 0x98, 0x1c, 0xcb, 0x94, 0x2, 0xbc,
    0xc8, 0x33, 0x35, 0x80, 0x1f, 0x77, 0x6, 0xef,
    0x0, 0x1f, 0x77, 0xe, 0xef, 0x4, 0x6e, 0xf0,
    0xe6, 0xee, 0xc0,

    /* U+91CF "量" */
    0x0, 0x46, 0xd5, 0x7b, 0x60, 0x3, 0x84, 0x8b,
    0xc2, 0x1, 0xe1, 0x22, 0xf0, 0x80, 0x66, 0xeb,
    0xcc, 0xf5, 0xf3, 0x10, 0x8, 0xff, 0xf0, 0x41,
    0xf7, 0x37, 0x51, 0xd, 0xda, 0xdc, 0xc0, 0xc,
    0x7b, 0xa0, 0x1d, 0xd1, 0x10, 0x3, 0xb5, 0x13,
    0xd8, 0x1, 0xc9, 0xf3, 0x24, 0x59, 0x97, 0x38,
    0x4, 0x22, 0x33, 0x80, 0x6, 0x70, 0x8, 0x0,
    0x6a, 0xb2, 0x2d, 0x56, 0x10, 0x2f, 0xcc, 0xc8,
    0xb9, 0x9b, 0xd8,

    /* U+9488 "针" */
    0x0, 0xff, 0xe2, 0x52, 0x80, 0x77, 0x10, 0x6,
    0x15, 0x40, 0xf, 0xfa, 0xc3, 0xbf, 0x0, 0x3f,
    0x2b, 0xff, 0xd8, 0x1, 0xf9, 0xea, 0x9f, 0x4a,
    0x23, 0xf0, 0x12, 0xf8, 0x70, 0x77, 0x41, 0x9d,
    0xc2, 0x2, 0x50, 0x45, 0xff, 0x87, 0x7f, 0xc4,
    0x4e, 0xf0, 0xec, 0x0, 0xfc, 0x5d, 0xc0, 0xec,
    0x0, 0xff, 0x8, 0x7, 0xff, 0xc, 0xa4, 0x3,
    0xfc, 0xa1, 0xf8, 0x1, 0xfe, 0xc5, 0xd5, 0x0,
    0xfc,

    /* U+949F "钟" */
    0x0, 0x42, 0x0, 0x77, 0x8, 0x6, 0x17, 0x50,
    0xf, 0xfa, 0x3, 0xfb, 0x0, 0x3f, 0x1a, 0xff,
    0x73, 0x1b, 0x30, 0x3f, 0x98, 0x23, 0xbe, 0xfe,
    0x7e, 0xbc, 0xc, 0xc0, 0x80, 0x1f, 0x3, 0xdc,
    0x4, 0x4, 0xc0, 0x38, 0xc4, 0x40, 0x1f, 0xc3,
    0x5a, 0x35, 0x21, 0x86, 0x28, 0x64, 0x3, 0xf6,
    0x1f, 0x80, 0xbe, 0x17, 0xe0, 0x12, 0xb0, 0xaa,
    0xb6, 0xf0, 0x7f, 0x20, 0xc0, 0x39, 0x95, 0x0,
    0x33, 0x88, 0x1, 0x7, 0x44, 0x3, 0xfd, 0xcd,
    0xae, 0x1, 0xf8,

    /* U+94AE "钮" */
    0x0, 0x38, 0x80, 0x7f, 0xc3, 0x0, 0x17, 0xff,
    0xc0, 0x9, 0xe, 0xfc, 0xff, 0x2c, 0x7d, 0xa0,
    0x1b, 0x7f, 0xd8, 0x0, 0x12, 0x1, 0x10, 0x13,
    0xf7, 0xf3, 0x0, 0x19, 0x80, 0x66, 0x1, 0x9c,
    0xf, 0x65, 0x51, 0x22, 0xd0, 0x80, 0x46, 0x22,
    0xf, 0x90, 0xce, 0x3e, 0x2, 0xfe, 0x1f, 0xda,
    0xf2, 0xbb, 0x29, 0x81, 0x7f, 0xf, 0xe8, 0x33,
    0x0, 0xc, 0x20, 0x1f, 0x88, 0x80, 0x1, 0x60,
    0xe, 0x79, 0xe, 0xe0, 0x0, 0x8c, 0x2, 0x91,
    0xb0, 0x86, 0xa8, 0x90, 0x93, 0x0, 0x22, 0xe3,
    0xb8, 0x9, 0xd8, 0x1d, 0x0, 0x19, 0x41, 0xdf,
    0xff, 0x38,

    /* U+94FA "铺" */
    0x0, 0x42, 0x0, 0x77, 0x8d, 0x88, 0x0, 0x5c,
    0x50, 0x80, 0x30, 0xfd, 0x0, 0x20, 0x3b, 0xd7,
    0xba, 0xe, 0xa5, 0x23, 0x5f, 0xbb, 0x3f, 0x74,
    0x1d, 0xd1, 0x1d, 0x77, 0xea, 0x47, 0x70, 0x3b,
    0x9e, 0x0, 0x6c, 0xc, 0x41, 0xbe, 0x1e, 0xe0,
    0x6, 0x31, 0x10, 0x0, 0xc4, 0x70, 0x5, 0x36,
    0x32, 0xc1, 0x3a, 0x1b, 0xa0, 0xb, 0x7c, 0x35,
    0x42, 0xb0, 0x73, 0x0, 0x12, 0x20, 0x50, 0xc2,
    0xb8, 0x7b, 0x80, 0x1e, 0x47, 0xa, 0xe1, 0xee,
    0x0, 0x66, 0x1f, 0x50, 0xf, 0xf6, 0x3d, 0x90,
    0x6, 0x1e, 0x40,

    /* U+94FE "链" */
    0x2, 0x40, 0xf, 0x38, 0x80, 0x6b, 0x20, 0x6,
    0x10, 0x2, 0x44, 0x3, 0x34, 0xfc, 0x4d, 0xe7,
    0x8f, 0x74, 0x90, 0xff, 0xe8, 0x5f, 0xc5, 0xb9,
    0xee, 0x25, 0x8d, 0x41, 0x3, 0xb, 0x2d, 0x0,
    0x47, 0x4b, 0xab, 0xdb, 0xc7, 0xc5, 0xda, 0x0,
    0x31, 0x47, 0xf3, 0xef, 0xe2, 0xed, 0x4, 0xa1,
    0xa6, 0x0, 0x8, 0x7, 0x9b, 0xc3, 0x54, 0x1,
    0x7d, 0xc2, 0xee, 0x19, 0x28, 0xb9, 0x80, 0x2f,
    0xb8, 0x5d, 0xc3, 0x0, 0x9d, 0x90, 0x40, 0x3f,
    0x86, 0x82, 0x27, 0xc, 0x74, 0x4, 0x41, 0x3,
    0x98, 0xe6, 0xe8, 0xff, 0xb9, 0x2, 0x38, 0x28,
    0xc0, 0xaf, 0xff, 0x28,

    /* U+952E "键" */
    0x0, 0xff, 0xe1, 0x9d, 0x80, 0x7a, 0x88, 0x3,
    0x48, 0x22, 0xff, 0xa3, 0x17, 0x72, 0x0, 0x55,
    0xfc, 0x3d, 0x27, 0x17, 0x74, 0x41, 0xf, 0x96,
    0xa4, 0x13, 0xab, 0xbe, 0xad, 0xa5, 0xb4, 0x97,
    0xd1, 0xab, 0xbe, 0xac, 0x92, 0x5c, 0xd, 0x5b,
    0x8b, 0xba, 0x0, 0x8c, 0x51, 0x1f, 0x9, 0x8b,
    0xb9, 0x40, 0xda, 0x3b, 0xd, 0xeb, 0xab, 0xba,
    0x60, 0x6c, 0xc, 0x9b, 0x48, 0xd5, 0xdd, 0x30,
    0x0, 0x47, 0x39, 0xf6, 0xae, 0xea, 0x80, 0x32,
    0x31, 0x84, 0x6a, 0xee, 0xa8, 0x0, 0x22, 0x82,
    0x79, 0xc6, 0xd3, 0x0, 0xcc, 0x59, 0x34, 0xd9,
    0xf5, 0xfd, 0xa4, 0xf, 0xa1, 0x88, 0x5, 0x3b,
    0xdc, 0xd2,

    /* U+952F "锯" */
    0x0, 0x19, 0x80, 0x3f, 0xf8, 0x1e, 0xa0, 0x8,
    0xfe, 0xed, 0xe2, 0xa, 0x73, 0xee, 0x11, 0xdd,
    0x84, 0xa, 0xf3, 0xfc, 0xe1, 0x11, 0xc2, 0x5,
    0x32, 0xea, 0x20, 0x2e, 0xe3, 0xf4, 0x88, 0x36,
    0xf, 0x98, 0x5b, 0x38, 0xb3, 0x0, 0x2, 0xe4,
    0xa2, 0x29, 0xee, 0xf, 0x72, 0x83, 0x3c, 0xb5,
    0x8e, 0xbb, 0x83, 0xdc, 0xa0, 0xdd, 0x6, 0x30,
    0xe3, 0xc8, 0xbb, 0x80, 0x2, 0x44, 0x10, 0x64,
    0xdf, 0x80, 0x80, 0xe, 0x48, 0x1, 0xf7, 0x78,
    0x3, 0x11, 0x20, 0x94, 0xc, 0x46, 0x0, 0xde,
    0xd8, 0x32, 0x53, 0x99, 0x0, 0x6c, 0x90, 0xb1,
    0xef, 0xdd, 0xbc, 0x0,

    /* U+957F "长" */
    0x0, 0x2e, 0x0, 0x72, 0x38, 0x7, 0xf8, 0xec,
    0x80, 0x3f, 0x9f, 0x29, 0x40, 0x3e, 0x3b, 0x9c,
    0x50, 0xf, 0xdc, 0x5e, 0x60, 0x18, 0x44, 0x64,
    0x39, 0x0, 0x23, 0x83, 0xb9, 0x23, 0xdd, 0xf9,
    0xbf, 0xd4, 0x7f, 0xe3, 0xaf, 0xfc, 0xc0, 0x1e,
    0x8b, 0x0, 0xff, 0x91, 0xec, 0x3, 0xfe, 0x97,
    0xc2, 0x0, 0xc6, 0x68, 0xcf, 0x2c, 0x5d, 0x92,
    0x0, 0x48, 0x2, 0x3c, 0x82, 0x70, 0x98, 0x1,
    0xdf, 0x8, 0x1, 0x8e, 0xd0,

    /* U+95EA "闪" */
    0x4, 0x0, 0xff, 0xe0, 0x43, 0x87, 0xff, 0xe0,
    0x6, 0xd2, 0xff, 0xfc, 0x0, 0x90, 0xf4, 0x2,
    0xb0, 0xf, 0x39, 0x90, 0x82, 0x88, 0x7, 0xfd,
    0x24, 0x1, 0xfe, 0x41, 0x73, 0x0, 0xfe, 0x99,
    0x56, 0x98, 0x7, 0xd6, 0xcc, 0x58, 0xd1, 0x0,
    0xeb, 0x7a, 0x0, 0x33, 0x2c, 0x3, 0xa3, 0x4,
    0x2, 0x8b, 0x0, 0xe3, 0x0, 0xf0, 0x88, 0x3,
    0xfc, 0xdf, 0xca, 0x1c, 0x40, 0x1e, 0x6f, 0xf5,
    0x0,

    /* U+95EE "问" */
    0x43, 0x0, 0xff, 0x3e, 0xa0, 0x7f, 0xfc, 0xa7,
    0xb4, 0x3f, 0xfe, 0x40, 0xa2, 0xe1, 0x0, 0xfc,
    0x86, 0xb, 0xf7, 0x70, 0x80, 0x78, 0x92, 0x20,
    0x80, 0x1f, 0xb0, 0xcc, 0x20, 0x1f, 0xfc, 0x8f,
    0x11, 0x0, 0x7f, 0x3e, 0x60, 0xc0, 0x3e, 0x1a,
    0xdd, 0x84, 0x3, 0xcc, 0xa0, 0x1f, 0xfc, 0x3b,
    0xf6, 0x4e, 0x20, 0xf, 0x5f, 0xe8, 0x80,

    /* U+95F4 "间" */
    0x33, 0x0, 0x7f, 0x87, 0x4d, 0x7f, 0xfe, 0x72,
    0xa4, 0x5f, 0xff, 0x30, 0x52, 0xb8, 0x7, 0xf2,
    0x18, 0x67, 0x76, 0x30, 0xf, 0x17, 0xf7, 0x8,
    0x3, 0xff, 0x91, 0xfd, 0xc3, 0x0, 0xfd, 0xfd,
    0xc3, 0x0, 0xff, 0xe3, 0xae, 0x6e, 0x84, 0x3,
    0xeb, 0xdd, 0xc6, 0x1, 0xff, 0xf, 0x39, 0xf1,
    0x0, 0x78, 0x7b, 0x88,

    /* U+9605 "阅" */
    0x34, 0x0, 0xff, 0xd, 0x28, 0x7f, 0xfe, 0x2d,
    0x21, 0xef, 0xf5, 0xf7, 0xca, 0x51, 0x3a, 0xd0,
    0xd, 0x0, 0x64, 0x0, 0x20, 0xd, 0xc0, 0x80,
    0x70, 0xfb, 0x62, 0xc6, 0x80, 0x78, 0xb7, 0x5f,
    0xa0, 0x1f, 0x14, 0xce, 0x0, 0xf0, 0xdb, 0x73,
    0x67, 0x0, 0x79, 0x9, 0xc9, 0xcc, 0x3, 0xd2,
    0xa0, 0x10, 0xd8, 0x6, 0xb3, 0x80, 0x5c, 0xc7,
    0x0, 0x6b, 0xa0, 0x4, 0x6e, 0xae, 0x73, 0x84,
    0x3, 0xee, 0xf7,

    /* U+9608 "阈" */
    0x5, 0x0, 0xff, 0xba, 0xf, 0xff, 0xe8, 0x1a,
    0x50, 0xff, 0x3e, 0xe7, 0xb8, 0x79, 0xe9, 0x80,
    0x10, 0x24, 0x40, 0x21, 0xdd, 0xc7, 0xaf, 0xa0,
    0x10, 0xe6, 0x64, 0xbf, 0xe0, 0xd, 0x57, 0x6a,
    0x31, 0xa7, 0x0, 0xea, 0xa0, 0x71, 0x22, 0x80,
    0x62, 0xbb, 0x12, 0xc2, 0x0, 0x74, 0xdc, 0x61,
    0x4, 0xb0, 0x80, 0x1b, 0x75, 0x25, 0x62, 0xd8,
    0x20, 0x6, 0xdd, 0x50, 0x7f, 0xb3, 0x40, 0x3e,
    0x75, 0x1c, 0x96, 0xce, 0x20, 0xf, 0x3f, 0x71,
    0x0,

    /* U+9633 "阳" */
    0x0, 0xff, 0xe0, 0x77, 0xfc, 0x73, 0xff, 0xd0,
    0x1d, 0x64, 0x61, 0x3f, 0xf3, 0x80, 0x5d, 0x0,
    0x1f, 0xc6, 0xca, 0x1, 0xfc, 0x6e, 0x80, 0x1,
    0x0, 0x84, 0x2, 0x99, 0x1, 0xc7, 0x74, 0xc0,
    0x11, 0x9, 0x1c, 0xf7, 0x4e, 0x0, 0x33, 0x10,
    0x7, 0xf2, 0x7c, 0x90, 0x7, 0xe7, 0xc7, 0x0,
    0x8, 0x4, 0x20, 0x1f, 0x47, 0xfc, 0xc0, 0x1f,
    0x4f, 0xfc, 0xe1, 0xe2, 0x1, 0x4b, 0x0, 0x51,
    0x0,

    /* U+9634 "阴" */
    0x0, 0xff, 0xe0, 0x77, 0xfc, 0x8b, 0xff, 0xd0,
    0x1d, 0xc1, 0x40, 0x4f, 0xf9, 0xc0, 0x27, 0x60,
    0xf, 0xf6, 0xd0, 0x1, 0x3f, 0xe7, 0x0, 0xb6,
    0xc0, 0x9, 0xff, 0x38, 0x4, 0xce, 0x0, 0x10,
    0xf, 0xc4, 0x40, 0x73, 0x3c, 0x1, 0x84, 0x44,
    0x4f, 0xf9, 0x0, 0x2e, 0x13, 0xd9, 0xcc, 0x9c,
    0x2, 0xec, 0x4, 0x70, 0xf, 0xe7, 0x51, 0x0,
    0xde, 0x1, 0x14, 0xc8, 0x0, 0x3e, 0xc7, 0xe2,
    0x5, 0xc4, 0x0, 0x1f, 0xe4,

    /* U+9635 "阵" */
    0x0, 0xf9, 0xc0, 0x3b, 0xbf, 0xe0, 0x1, 0xc0,
    0x7, 0xba, 0xd6, 0xbf, 0x3, 0xff, 0x0, 0x5d,
    0xca, 0xf2, 0xbf, 0xfc, 0x0, 0x34, 0x40, 0x11,
    0xa7, 0x10, 0x6, 0x35, 0x50, 0x5c, 0x80, 0x7e,
    0x99, 0x13, 0x47, 0xe, 0xf6, 0x0, 0x44, 0x65,
    0x7f, 0xc1, 0xbd, 0x80, 0x2, 0x61, 0x4, 0x0,
    0x8, 0x7, 0xbe, 0xa9, 0x99, 0xe, 0x64, 0x40,
    0x52, 0x91, 0xff, 0x5, 0xff, 0x88, 0x3, 0x11,
    0x9c, 0x2e, 0x66, 0x0, 0xff, 0xe1, 0x0,

    /* U+9636 "阶" */
    0x0, 0xf9, 0x54, 0x1, 0xbb, 0xfe, 0x20, 0x5,
    0x50, 0x3, 0xbb, 0x8, 0x80, 0xe8, 0x86, 0x0,
    0xe9, 0x80, 0x39, 0xaa, 0x5a, 0x80, 0x44, 0xea,
    0x9b, 0x42, 0x2f, 0x89, 0x0, 0x8, 0x97, 0xa8,
    0x40, 0xf, 0xfc, 0x0, 0x3e, 0xba, 0x5a, 0x0,
    0x59, 0xb8, 0x4, 0x44, 0x30, 0xf, 0xe2, 0x28,
    0x4c, 0x40, 0x3e, 0x5e, 0x92, 0x13, 0x0, 0xf9,
    0xf1, 0xc2, 0xd0, 0x3, 0xfc, 0x4f, 0x40, 0x1f,
    0xe8, 0x73, 0x0, 0xf7, 0x8, 0x2, 0xa0, 0x2,
    0xe1, 0x0, 0x0,

    /* U+963F "阿" */
    0x0, 0xff, 0xe0, 0xef, 0xfd, 0xbf, 0xff, 0x20,
    0x75, 0x36, 0xff, 0xf0, 0xf2, 0x0, 0x3e, 0x80,
    0x3f, 0xc6, 0xe6, 0x5f, 0xdc, 0xc0, 0xe, 0x36,
    0x41, 0x4e, 0xf1, 0x0, 0xf4, 0x78, 0x7, 0xfc,
    0x6a, 0x1, 0xff, 0x10, 0x1, 0x2e, 0x80, 0x3c,
    0x9d, 0x0, 0x31, 0xe, 0x0, 0xe4, 0xc6, 0x3d,
    0x33, 0x80, 0x3f, 0x8c, 0x3, 0xff, 0x84, 0x9d,
    0xc2, 0x10, 0xd1, 0x0, 0xe4, 0xee, 0x60, 0x0,

    /* U+9644 "附" */
    0x0, 0xff, 0xe3, 0xe, 0x80, 0x5c, 0x21, 0xbf,
    0xf0, 0x3a, 0x0, 0x7d, 0xd2, 0xc1, 0x14, 0x1,
    0xfb, 0x69, 0x45, 0xb3, 0x21, 0xc4, 0x3, 0x63,
    0x80, 0x7f, 0xf8, 0x25, 0x40, 0xc6, 0x1c, 0x48,
    0x4c, 0xc2, 0xa2, 0x0, 0x91, 0xb0, 0x1f, 0x10,
    0xf, 0x3a, 0x88, 0xd, 0x48, 0x7, 0xfc, 0xcc,
    0x0, 0xe4, 0xcb, 0x0, 0x87, 0x40, 0x39, 0x39,
    0xc0, 0x31, 0x80, 0x7f, 0xf2, 0x8c, 0x1, 0x5e,
    0xa2, 0x1a, 0x20, 0x16, 0x80, 0x2b, 0xec, 0x0,

    /* U+9645 "际" */
    0x0, 0xff, 0xe0, 0xf7, 0xfc, 0x99, 0xdd, 0xc6,
    0x0, 0xee, 0xa, 0x6f, 0xff, 0x18, 0x4, 0xec,
    0x2, 0x3e, 0x0, 0xdb, 0x40, 0xab, 0xf0, 0x80,
    0xd, 0x47, 0xfd, 0x54, 0xff, 0x88, 0x1, 0x32,
    0x1a, 0xa4, 0x35, 0x54, 0x60, 0x1, 0x32, 0x63,
    0x0, 0x1b, 0x80, 0x78, 0x6c, 0x40, 0x5, 0x4,
    0x0, 0x3e, 0x70, 0x1, 0x0, 0x5, 0xac, 0x0,
    0x7d, 0x51, 0x40, 0x1b, 0x58, 0x40, 0x36, 0xb0,
    0xf8, 0x1, 0x1c, 0x3, 0x98, 0x39, 0xb4, 0x1,
    0x2,

    /* U+964D "降" */
    0x0, 0xf9, 0xc0, 0x3b, 0xbf, 0xe0, 0x7, 0xc6,
    0x63, 0x88, 0x1, 0xf2, 0xc3, 0x61, 0xba, 0x90,
    0x30, 0xa, 0xae, 0xe, 0xbd, 0xae, 0x84, 0x0,
    0x60, 0x53, 0xe, 0x50, 0xaa, 0x0, 0x8d, 0xd1,
    0xef, 0x23, 0x8b, 0xac, 0xc0, 0x13, 0x3, 0x1c,
    0xfd, 0x3d, 0xc3, 0x0, 0x11, 0x17, 0x7b, 0x81,
    0xfe, 0xe0, 0x1, 0x20, 0x1c, 0xf7, 0x3, 0xfa,
    0xc0, 0xf, 0x16, 0x76, 0x1, 0xf9, 0x71, 0x64,
    0xfb, 0x81, 0xfd, 0xc2, 0x0, 0xd5, 0xfd, 0xc0,
    0xfe, 0xe1, 0x0, 0x7f, 0xf0, 0x40,

    /* U+9664 "除" */
    0x0, 0xfd, 0x0, 0x1b, 0xbf, 0xe0, 0xa, 0x1c,
    0x80, 0x37, 0xd2, 0x80, 0x1d, 0x6f, 0xc8, 0x3,
    0x74, 0x84, 0x56, 0x24, 0xe3, 0x0, 0x9, 0xcf,
    0x12, 0x15, 0x2, 0x2d, 0x80, 0x21, 0xd8, 0xe8,
    0xbf, 0xdc, 0x60, 0x2a, 0x91, 0x4b, 0xd1, 0xbb,
    0x8, 0x4, 0xe9, 0x15, 0x4d, 0x1a, 0xa9, 0x0,
    0x6, 0x37, 0xdc, 0xa0, 0xee, 0x94, 0x1f, 0x2c,
    0xf4, 0x5c, 0x52, 0x58, 0x41, 0xf9, 0x91, 0xa,
    0x1, 0x47, 0x0, 0x61, 0xaf, 0x0, 0xca, 0xa4,
    0x0, 0x87, 0x8b, 0x3d, 0x0, 0x12, 0x9c, 0x1,
    0xd9, 0xd4, 0x1, 0x80,

    /* U+968F "随" */
    0x0, 0xfc, 0x86, 0x1, 0x77, 0xfa, 0xc8, 0x2,
    0xf0, 0xe, 0xf7, 0xce, 0x2c, 0xf4, 0xde, 0xe3,
    0x80, 0x11, 0xbe, 0x31, 0xe3, 0xba, 0x70, 0x20,
    0x13, 0xa3, 0x79, 0xdd, 0x78, 0x4, 0x22, 0x44,
    0x71, 0xde, 0xe8, 0x2, 0x24, 0x9d, 0xac, 0x4a,
    0xcc, 0x0, 0x6c, 0x9, 0x1, 0xa, 0xcc, 0x0,
    0x61, 0x10, 0x6, 0xac, 0xc0, 0x4, 0xb3, 0xa0,
    0x1a, 0xb3, 0x0, 0x12, 0xea, 0x18, 0x80, 0x6c,
    0x30, 0xc, 0x7f, 0x39, 0x6a, 0x19, 0x80, 0xd,
    0x7c, 0xdd, 0x1d, 0xbd, 0xc8, 0xe0, 0x4, 0x10,
    0x15, 0xf6, 0xf7, 0x20,

    /* U+9694 "隔" */
    0x0, 0xff, 0xe0, 0xf7, 0xfd, 0x1d, 0xdf, 0x38,
    0x7c, 0x3c, 0x3a, 0x27, 0x4b, 0x80, 0x2e, 0x41,
    0xee, 0xf7, 0x58, 0x0, 0xdc, 0x40, 0xc, 0xdb,
    0x40, 0x23, 0x73, 0xa, 0x22, 0xd9, 0xe0, 0x14,
    0xd3, 0x4c, 0x47, 0x62, 0x0, 0x1d, 0x46, 0xa3,
    0xb7, 0xa1, 0x44, 0x5, 0xc0, 0x24, 0xe0, 0x84,
    0x0, 0x93, 0xbc, 0x1, 0x1, 0xe9, 0x0, 0x12,
    0xd9, 0x80, 0x27, 0x47, 0xe4, 0x3, 0xff, 0x84,
    0x20, 0x1f, 0xea, 0x46, 0xe0, 0x9, 0xdc, 0x0,
    0xe0, 0xae, 0x20,

    /* U+96C6 "集" */
    0x0, 0x9d, 0x41, 0x58, 0x3, 0xf2, 0x41, 0xa1,
    0x4a, 0x26, 0x10, 0x0, 0xd8, 0x7e, 0xd0, 0x6e,
    0xe5, 0x2, 0xc0, 0x2e, 0xe0, 0x3, 0xba, 0xf4,
    0x4, 0xa6, 0x73, 0x33, 0x81, 0x9c, 0xa0, 0x6,
    0x70, 0x58, 0x82, 0x84, 0x45, 0x20, 0x1d, 0x19,
    0x8a, 0x5c, 0xca, 0x80, 0x32, 0xc6, 0xea, 0x97,
    0x77, 0x58, 0x5, 0xdb, 0xb2, 0x66, 0xee, 0xb0,
    0x6e, 0xcc, 0x77, 0xa6, 0x7f, 0x76, 0x6, 0xee,
    0x62, 0x20, 0x98, 0xa3, 0xba, 0x0, 0x2d, 0xff,
    0xac, 0x77, 0x5d, 0xb0, 0x80, 0xdf, 0xda, 0xa0,
    0x1a, 0x37, 0x5c, 0x20,

    /* U+96E8 "雨" */
    0x9f, 0xff, 0xfb, 0xa7, 0xff, 0x87, 0x7f, 0xf7,
    0x0, 0x78, 0x40, 0x3e, 0xdf, 0xfc, 0x1b, 0xff,
    0x98, 0x1, 0x9f, 0xf0, 0xef, 0xfc, 0xc0, 0x1b,
    0x18, 0x0, 0x3b, 0x0, 0x1e, 0xcf, 0x60, 0x1d,
    0x9, 0x0, 0xe3, 0x96, 0x1, 0x38, 0x90, 0xc,
    0xff, 0x0, 0x7, 0xf9, 0x10, 0xc, 0xf8, 0xa,
    0xd, 0x9c, 0xc0, 0x1e, 0x85, 0x0, 0x9d, 0xc0,
    0x1f, 0xf5, 0x73, 0xa8, 0x69, 0x80, 0x5c, 0x41,
    0x5d, 0xc3,

    /* U+96EA "雪" */
    0x28, 0x8d, 0xf9, 0x11, 0x38, 0x2, 0xab, 0x5,
    0x56, 0x51, 0xd9, 0x9c, 0x13, 0x3b, 0xa8, 0x27,
    0x75, 0x7, 0x7b, 0xb4, 0x1, 0x19, 0xc2, 0x0,
    0x33, 0x80, 0x75, 0xa6, 0x48, 0x0, 0x99, 0x8a,
    0x81, 0xf7, 0x4f, 0x2d, 0xbb, 0x30, 0x2, 0x37,
    0x69, 0xed, 0xd7, 0xb8, 0x2, 0x37, 0x7e, 0x60,
    0x9, 0x77, 0x7e, 0x70, 0x9, 0x77, 0x7e, 0x70,
    0xb, 0x33, 0xf3, 0x80, 0x0,

    /* U+96F7 "雷" */
    0x28, 0x8d, 0xf9, 0x11, 0x38, 0x2, 0xab, 0x5,
    0x56, 0x52, 0xd8, 0x8c, 0x11, 0x1a, 0x64, 0x11,
    0xba, 0x93, 0xad, 0xdb, 0xc0, 0x8c, 0xe1, 0x0,
    0x19, 0xce, 0x3a, 0xd1, 0x4, 0x0, 0x44, 0x4d,
    0x40, 0x75, 0x40, 0x63, 0xaa, 0x98, 0x1, 0x1e,
    0x22, 0x5c, 0x11, 0x6d, 0x80, 0x5a, 0xcc, 0x1e,
    0x66, 0x10, 0x4, 0x77, 0x54, 0x1a, 0xa9, 0x80,
    0x22, 0x5d, 0xd0, 0x2e, 0xe8, 0x40, 0x31, 0x80,
    0x27, 0x0, 0x38,

    /* U+96FE "雾" */
    0x1, 0x77, 0xdf, 0xce, 0xf8, 0x40, 0x1f, 0xbb,
    0x80, 0x77, 0x6c, 0xc0, 0x0, 0x64, 0xcd, 0x8f,
    0x1a, 0x66, 0xf3, 0x0, 0x38, 0x8, 0x8c, 0x0,
    0x23, 0x3b, 0x0, 0x20, 0xe4, 0x1f, 0x4d, 0xea,
    0x87, 0x0, 0x11, 0xfb, 0xcf, 0x7d, 0x76, 0xd0,
    0x4, 0xf3, 0x23, 0xc8, 0x81, 0xbd, 0x50, 0x0,
    0x25, 0x9e, 0xd1, 0x98, 0x60, 0xf9, 0x83, 0x31,
    0x6, 0x47, 0xa7, 0x72, 0xe2, 0xb0, 0xc9, 0xaa,
    0x3b, 0xd3, 0x73, 0x1b, 0x68, 0x0, 0x1c, 0xdb,
    0x2d, 0xcc, 0x9f, 0xc0, 0x26, 0xcd, 0x1d, 0x20,
    0xac, 0x55, 0x0, 0x4d, 0x98, 0x60, 0xa, 0xb3,
    0x48, 0x0,

    /* U+9700 "需" */
    0x1, 0x88, 0xdf, 0xe8, 0x8c, 0x1, 0x52, 0x26,
    0x0, 0x22, 0x6b, 0x0, 0x26, 0xff, 0xb9, 0xa3,
    0xfe, 0xd4, 0x0, 0x11, 0xa2, 0x1c, 0x41, 0x51,
    0x6, 0x40, 0xd, 0x4c, 0xc6, 0x80, 0x3f, 0x30,
    0xba, 0x1, 0x35, 0xda, 0x29, 0x66, 0xec, 0xe0,
    0x1, 0xdd, 0xff, 0xe0, 0x8, 0xb7, 0xff, 0x5,
    0x7f, 0xed, 0x10, 0x6, 0xcc, 0xb4, 0x3b, 0x7e,
    0x75, 0x40, 0x35, 0xd8, 0x3e, 0xcb, 0xed, 0x40,
    0x3f, 0xf9, 0xd8, 0x8c, 0x1, 0x70, 0x3, 0xc0,
    0x1a, 0x59, 0xc6, 0x0,

    /* U+971C "霜" */
    0x2, 0x88, 0xdf, 0x91, 0x18, 0x1, 0xc8, 0x98,
    0xd, 0x13, 0x60, 0x1e, 0xc4, 0x38, 0xee, 0x22,
    0xc3, 0x3, 0x30, 0x88, 0x2, 0x11, 0x80, 0x83,
    0x17, 0x30, 0xef, 0x7f, 0xcb, 0xa0, 0x7, 0x4b,
    0x5b, 0xb1, 0x9d, 0x8a, 0x97, 0x62, 0xcb, 0x44,
    0x55, 0x43, 0xe9, 0x3a, 0x17, 0x28, 0x7f, 0xf3,
    0x80, 0xa, 0x82, 0x80, 0x7, 0x99, 0x48, 0x2,
    0x18, 0xa7, 0xc, 0xd7, 0x74, 0x83, 0xb5, 0x82,
    0x69, 0x1d, 0xdd, 0x20, 0xd8, 0x20, 0x3, 0x13,
    0xcc, 0xa4, 0xc0,

    /* U+971E "霞" */
    0x7, 0x7d, 0xfc, 0xef, 0x80, 0x19, 0x9c, 0x3,
    0x99, 0xc0, 0x52, 0x44, 0x36, 0x83, 0x22, 0x49,
    0x3, 0x9d, 0xda, 0x80, 0x15, 0x76, 0x37, 0x9,
    0x25, 0x52, 0x79, 0x22, 0xa8, 0x24, 0x17, 0x32,
    0xad, 0x3d, 0xcc, 0x94, 0xc, 0xd3, 0x28, 0x67,
    0x88, 0x80, 0xc0, 0x7, 0x76, 0xda, 0x4b, 0xb9,
    0x54, 0x1, 0x8, 0xc9, 0x86, 0x73, 0xb0, 0x0,
    0xae, 0xe2, 0xb7, 0xae, 0x14, 0x0, 0x17, 0xfc,
    0xe5, 0x7d, 0x56, 0x20, 0x5, 0xcc, 0x8b, 0x3a,
    0xed, 0x9a, 0x40,

    /* U+973E "霾" */
    0x1, 0x66, 0xdf, 0x4c, 0xd8, 0x2, 0xac, 0xcc,
    0x9, 0x99, 0xc0, 0x5, 0x92, 0x27, 0x9d, 0x11,
    0x52, 0x60, 0xb, 0x51, 0x11, 0x80, 0x4, 0x66,
    0xa0, 0x2, 0xb5, 0xf2, 0x21, 0xe2, 0x24, 0x50,
    0x2b, 0xb7, 0x90, 0x8a, 0x2f, 0xae, 0xdc, 0x4,
    0x70, 0xd7, 0x40, 0x24, 0x4, 0x40, 0x0, 0x96,
    0x8, 0xa4, 0x3e, 0x82, 0xa8, 0x0, 0x18, 0xa0,
    0x27, 0xfe, 0x90, 0x99, 0x38, 0x14, 0x9c, 0x8c,
    0x29, 0x10, 0x8, 0x9c, 0x5, 0xd9, 0x7e, 0x47,
    0x76, 0xb, 0xb3, 0x0, 0x95, 0x9f, 0x5f, 0x66,
    0x3, 0x31, 0xe6,

    /* U+975E "非" */
    0x0, 0xff, 0xe3, 0xf8, 0x87, 0x80, 0x7f, 0xf2,
    0x2f, 0x76, 0x0, 0xdd, 0xbb, 0x0, 0x27, 0xba,
    0x0, 0xdb, 0xdd, 0x0, 0x8, 0xce, 0x0, 0xc6,
    0x78, 0x0, 0x48, 0x90, 0x6, 0x44, 0x88, 0x0,
    0xb1, 0x10, 0x6, 0x88, 0xa8, 0x0, 0xf9, 0x90,
    0x6, 0xcc, 0xa0, 0x0, 0x23, 0x80, 0x31, 0x8,
    0xc0, 0x5d, 0xd8, 0x3, 0x6f, 0x74, 0x65, 0xff,
    0x80, 0x37, 0xfe, 0x30, 0xf, 0xfe, 0x80,

    /* U+9760 "靠" */
    0x0, 0x2c, 0x80, 0x38, 0x80, 0x3c, 0x34, 0xd7,
    0x61, 0xcb, 0xb9, 0xc0, 0xe8, 0xa3, 0x30, 0xf,
    0x99, 0x2, 0xf, 0x41, 0x15, 0x58, 0x45, 0x9c,
    0x97, 0xfb, 0xbf, 0x79, 0x80, 0x1e, 0x2e, 0xfd,
    0xe, 0x1, 0x24, 0x5d, 0xfa, 0x10, 0x2, 0x9b,
    0xe3, 0xb9, 0x1b, 0xb4, 0x82, 0x66, 0x54, 0x60,
    0x2b, 0x77, 0x32, 0x5d, 0xc4, 0x20, 0x16, 0x64,
    0xa0, 0x89, 0x80, 0x32, 0x24, 0x51, 0x19, 0x80,
    0x37, 0xfd, 0xb1, 0x77, 0x48, 0x4, 0x59, 0x98,

    /* U+9762 "面" */
    0x3f, 0xff, 0xfe, 0x1, 0x9b, 0xff, 0x86, 0xbf,
    0xf8, 0xc0, 0x2, 0x31, 0xa, 0x8, 0xe0, 0xa,
    0x3b, 0xfb, 0x43, 0xfb, 0x9f, 0xd0, 0x1, 0x47,
    0x3c, 0x7f, 0x34, 0xf3, 0x80, 0x7d, 0x19, 0x86,
    0x0, 0xff, 0x36, 0xe9, 0x40, 0x3f, 0xdc, 0x22,
    0x30, 0xf, 0xf4, 0x6e, 0x98, 0x3, 0xfd, 0x1b,
    0xa6, 0x0, 0xfa, 0x25, 0xe2, 0x64, 0xd1, 0x2e,
    0x1, 0x8f, 0xe6, 0x5f, 0xe9, 0x8f, 0x10, 0x0,

    /* U+978B "鞋" */
    0x0, 0xff, 0xe1, 0x95, 0x2, 0xc8, 0x4, 0x5c,
    0x1, 0x27, 0xad, 0xd3, 0x58, 0xb, 0x8, 0xc0,
    0xb0, 0x50, 0xe7, 0xf, 0xd6, 0x1d, 0xc3, 0x17,
    0x15, 0x15, 0x37, 0xfc, 0xf, 0xf1, 0x81, 0xdc,
    0x8e, 0x80, 0x42, 0x20, 0xd, 0x56, 0x9, 0x5,
    0x9d, 0xa3, 0xdc, 0x70, 0x5c, 0x2c, 0x71, 0xce,
    0xe4, 0xf7, 0x1c, 0x3, 0xf8, 0xe0, 0x3, 0x16,
    0x97, 0x30, 0xa3, 0xc0, 0xbb, 0x88, 0x33, 0x43,
    0x34, 0x87, 0xc0, 0x1f, 0xe0, 0x6d, 0xd0, 0x6e,
    0xa5, 0x62, 0x3, 0x10, 0x26, 0xdd, 0xf, 0x6c,
    0x91, 0x18, 0x48, 0x82, 0x1, 0xe3, 0xff, 0x50,
    0x7f, 0xa0,

    /* U+97F3 "音" */
    0x0, 0xff, 0xe4, 0x5b, 0x80, 0x7c, 0x97, 0x79,
    0x22, 0xef, 0x30, 0x1, 0x7f, 0xb, 0xee, 0xde,
    0x47, 0xe8, 0x0, 0x14, 0x57, 0x44, 0xed, 0x42,
    0x0, 0xc4, 0x68, 0x0, 0x33, 0x28, 0x4, 0x7f,
    0xf1, 0x5f, 0xfb, 0x7, 0xfe, 0x33, 0x7f, 0xff,
    0xf0, 0xc, 0x0, 0x9f, 0xdd, 0xef, 0x70, 0xe,
    0x4e, 0xef, 0x28, 0x7, 0x93, 0x77, 0xca, 0x1,
    0xe4, 0xdd, 0xf2, 0x80, 0x79, 0xc4, 0x7e, 0x0,
    0xf1, 0xe6, 0x79, 0x0, 0x39, 0x3f, 0x77, 0xde,
    0xe0, 0x0,

    /* U+9875 "页" */
    0xf, 0xff, 0xfe, 0x0, 0x87, 0xff, 0x15, 0xff,
    0xf0, 0x80, 0x4, 0x65, 0x25, 0x11, 0xc0, 0x1a,
    0x3f, 0xd4, 0x1f, 0xfb, 0x40, 0x3a, 0x7b, 0xf7,
    0x3b, 0x96, 0x1, 0xfd, 0x56, 0x1, 0xff, 0xcf,
    0x10, 0xf, 0xfe, 0x2, 0x70, 0x7, 0xed, 0x40,
    0x72, 0x4d, 0x67, 0x80, 0xc, 0x8f, 0x75, 0x85,
    0xf9, 0x82, 0x0, 0xab, 0xbf, 0xb4, 0x80, 0xab,
    0x6a, 0xc0, 0x13, 0xd6, 0xa0, 0x1c, 0x79, 0x20,

    /* U+9876 "顶" */
    0x4c, 0xc6, 0xe5, 0x6f, 0xff, 0x99, 0x62, 0x8a,
    0x27, 0x7f, 0x47, 0xfe, 0x61, 0x47, 0x4, 0x35,
    0xfd, 0x1f, 0xf6, 0x80, 0x7e, 0x5f, 0xee, 0x69,
    0x80, 0x7f, 0xb5, 0x40, 0x3f, 0xfb, 0xae, 0x1,
    0xfc, 0xd8, 0x4, 0x43, 0x60, 0xf, 0x8d, 0x9d,
    0x75, 0x20, 0x0, 0x68, 0x20, 0x13, 0xd5, 0x3e,
    0xd8, 0x1, 0xf3, 0x0, 0x5b, 0xac, 0x13, 0xc8,
    0x30, 0xcc, 0x30, 0x17, 0xd0, 0x80, 0xb, 0xcc,

    /* U+9879 "项" */
    0x11, 0xee, 0xff, 0xf8, 0x9e, 0xbb, 0xef, 0xbf,
    0xc3, 0x7f, 0xf1, 0x35, 0x96, 0xd3, 0x7f, 0x86,
    0xff, 0xc6, 0x1, 0xf3, 0x7e, 0xf7, 0x90, 0x7,
    0xfa, 0xd8, 0x3, 0xff, 0x94, 0x20, 0x1f, 0xe2,
    0x26, 0x78, 0x4, 0x44, 0x0, 0xd5, 0x8b, 0x7c,
    0x5e, 0xa, 0xe0, 0xa2, 0x17, 0xd4, 0x80, 0x8d,
    0x4e, 0xdb, 0x64, 0x2, 0x1, 0x9b, 0x4e, 0x52,
    0x75, 0xc0, 0x39, 0x73, 0xa4, 0x0, 0x9f, 0xa0,

    /* U+987A "顺" */
    0xc, 0x13, 0xe, 0x4e, 0xe7, 0xfb, 0xb8, 0xc0,
    0x21, 0xc0, 0x4, 0xee, 0xf, 0x74, 0xc0, 0x1f,
    0x4e, 0x8d, 0xd4, 0x80, 0x7e, 0x79, 0xbe, 0xf7,
    0x0, 0xfe, 0x4d, 0x54, 0x0, 0xff, 0x90, 0xc0,
    0x38, 0x40, 0x3f, 0xf8, 0x6, 0x1, 0xf8, 0xc0,
    0x3f, 0xc6, 0x24, 0x20, 0x40, 0x26, 0x1, 0xda,
    0x83, 0xa5, 0x80, 0xae, 0x18, 0x1, 0x15, 0xd4,
    0x6a, 0x6, 0x78, 0x8, 0x1, 0xb2, 0xd1, 0x76,
    0x8e, 0x14, 0x2, 0xe7, 0xf5, 0x0, 0x1e, 0x18,

    /* U+987B "须" */
    0x0, 0x88, 0x40, 0x3f, 0xe2, 0xf4, 0xaf, 0xff,
    0x84, 0x17, 0x21, 0x6b, 0xfc, 0x91, 0xff, 0x8,
    0x6e, 0x28, 0x3, 0xfc, 0x91, 0xfe, 0x70, 0x4,
    0x11, 0xd8, 0x3, 0xff, 0x28, 0x6, 0x4d, 0xf0,
    0x9, 0x2c, 0x3, 0xa2, 0xb5, 0x0, 0x33, 0x80,
    0x77, 0xf8, 0xc0, 0x39, 0xc0, 0x39, 0xc4, 0x30,
    0x80, 0x2, 0x20, 0xf, 0xa9, 0x48, 0xc3, 0x34,
    0x34, 0x80, 0x2a, 0x19, 0xc, 0x37, 0x4d, 0x25,
    0x2, 0xe0, 0xb0, 0x17, 0xdd, 0x1f, 0xc5, 0x1,
    0x6d, 0x0, 0x2b, 0xbc, 0xc0, 0xb4, 0xcc,

    /* U+9884 "预" */
    0x0, 0xff, 0xe1, 0xf, 0xff, 0x27, 0x73, 0xfd,
    0xdc, 0xa1, 0xff, 0x8e, 0x13, 0xb9, 0x2b, 0xdc,
    0xa0, 0x6c, 0xdb, 0x70, 0xae, 0x95, 0xee, 0x10,
    0x34, 0x91, 0x0, 0x3, 0x7f, 0xee, 0x30, 0x26,
    0x36, 0xa8, 0x50, 0x14, 0x90, 0x8, 0x7b, 0xd9,
    0xdd, 0xa0, 0x1, 0x30, 0x8, 0xe2, 0x3, 0x5,
    0x20, 0x1f, 0xf1, 0x40, 0x80, 0xc, 0xc0, 0x1f,
    0x12, 0x81, 0xbe, 0x70, 0x21, 0x80, 0x7d, 0x0,
    0x85, 0x52, 0x20, 0x1f, 0x3e, 0xd2, 0x9e, 0x88,
    0x5f, 0x20, 0x2, 0xb7, 0x10, 0x25, 0x58, 0x2f,
    0xe8, 0x1, 0x54, 0x20, 0xa, 0x1c,

    /* U+9891 "频" */
    0x0, 0x87, 0x80, 0x3f, 0xc2, 0xc0, 0x23, 0x5f,
    0xff, 0x20, 0x16, 0x80, 0x2a, 0xed, 0xf6, 0x9f,
    0xe4, 0x0, 0xc3, 0x74, 0x99, 0x69, 0x94, 0x5,
    0xe9, 0x63, 0x32, 0xc4, 0xed, 0xd2, 0x0, 0x15,
    0x98, 0x2, 0x20, 0x1, 0x48, 0x80, 0xa, 0x7e,
    0x56, 0x33, 0x80, 0x2, 0x1, 0x93, 0x0, 0x3,
    0x40, 0x7, 0x0, 0xe8, 0x90, 0x4, 0xb0, 0x0,
    0x48, 0x2, 0x1a, 0x36, 0x16, 0x93, 0xfc, 0xe0,
    0x20, 0x16, 0x1, 0x6a, 0x15, 0x77, 0x7b, 0xe0,
    0x0, 0x63, 0xe5, 0x0, 0xf2, 0x65, 0xb4, 0x0,
    0xa0, 0xc4, 0x3, 0xf8, 0x70, 0xa2, 0x40,

    /* U+9898 "题" */
    0xb, 0xdc, 0xc7, 0xbe, 0xeb, 0xfd, 0xba, 0x50,
    0x2, 0xcc, 0x81, 0xb7, 0x7, 0xf7, 0x4a, 0x0,
    0xf1, 0x18, 0x37, 0x41, 0x79, 0x40, 0x15, 0x44,
    0x4, 0xf, 0x31, 0x7e, 0x20, 0xb, 0xdc, 0xc7,
    0x88, 0x2, 0xc, 0x2, 0x9d, 0xd7, 0xee, 0x9c,
    0x0, 0x22, 0x0, 0xa7, 0xf0, 0x77, 0x4e, 0x0,
    0x62, 0x0, 0xd4, 0xa3, 0x54, 0x33, 0x8, 0x4,
    0x20, 0x7, 0xd0, 0x88, 0x1e, 0xc5, 0x5d, 0xa8,
    0x0, 0x28, 0x4, 0x55, 0x1b, 0xd8, 0xe0, 0x91,
    0x38, 0x1c, 0xab, 0xe8, 0x1, 0x34, 0x33, 0x47,
    0xc1, 0x2b, 0x1b, 0xdd, 0x41, 0xd3, 0x0, 0xbd,
    0xee, 0xdd, 0xd8, 0xc0,

    /* U+989C "颜" */
    0x0, 0xa0, 0xc0, 0x3f, 0xc4, 0x4f, 0x92, 0x25,
    0x6e, 0xbf, 0x74, 0x81, 0x3f, 0x83, 0xf3, 0x5b,
    0x2d, 0xba, 0x40, 0xb1, 0x9b, 0xa, 0x38, 0xb3,
    0x87, 0x0, 0x61, 0xf7, 0xa, 0xd3, 0xb7, 0xa6,
    0x40, 0x15, 0x76, 0xb7, 0x1, 0x8f, 0x8, 0x6,
    0x64, 0xe1, 0x40, 0x8, 0xc0, 0x3a, 0xbf, 0xdc,
    0x60, 0x7, 0x10, 0xe, 0xb8, 0x86, 0x98, 0x0,
    0x7c, 0x3, 0xd, 0xfe, 0x4a, 0x80, 0x34, 0x80,
    0x31, 0xdf, 0x2f, 0x8b, 0xa3, 0xa, 0x70, 0x19,
    0xd, 0x77, 0x10, 0x6a, 0x17, 0xe0, 0x19, 0x2f,
    0xf4, 0xe3, 0x7d, 0x86, 0xc9, 0x16, 0x20, 0xa0,
    0x8, 0xc4, 0x0, 0xa9, 0x0,

    /* U+989D "额" */
    0x0, 0x9c, 0xc0, 0x3f, 0xc6, 0x6f, 0xc3, 0x2c,
    0xef, 0xf7, 0x70, 0xc3, 0x24, 0xd2, 0x73, 0x1d,
    0x2f, 0xdc, 0x30, 0x2b, 0x1b, 0xa5, 0x35, 0x9f,
    0x53, 0x0, 0x6d, 0x2e, 0xff, 0xa7, 0x24, 0x77,
    0xc0, 0x16, 0x3d, 0x26, 0x81, 0xa4, 0x14, 0x1,
    0x77, 0xf5, 0xf0, 0x4, 0x5c, 0x1, 0x9f, 0xc5,
    0x3c, 0xc0, 0x3, 0xe0, 0x10, 0xe6, 0xfd, 0xcd,
    0x80, 0x38, 0x80, 0x21, 0xa8, 0xcd, 0xbc, 0x0,
    0x2b, 0x0, 0x67, 0x2d, 0xd2, 0x5, 0x30, 0xab,
    0x60, 0x4, 0x62, 0x27, 0x2, 0xf8, 0x78, 0x60,
    0x8, 0x77, 0x47, 0xbf, 0xa, 0x39, 0x84, 0x3,
    0xfc, 0xc7, 0xce, 0xa8, 0x5, 0x48,

    /* U+98CE "风" */
    0x0, 0x7f, 0xff, 0x38, 0x7, 0x77, 0xff, 0x98,
    0x3, 0xe3, 0x0, 0xb0, 0x40, 0x3e, 0x3e, 0x50,
    0x40, 0x11, 0x0, 0x78, 0xbe, 0xcf, 0xe4, 0x3,
    0xf8, 0xab, 0x15, 0x40, 0x1e, 0x10, 0x9, 0x0,
    0x40, 0x3e, 0x22, 0x0, 0x25, 0x4e, 0x3, 0xfc,
    0x1, 0x2b, 0x83, 0xa5, 0x73, 0x98, 0x88, 0x2,
    0xdc, 0x79, 0xf0, 0x28, 0xe2, 0x22, 0x99, 0x23,
    0xaf, 0x90, 0x1, 0xfd, 0x55, 0xae, 0x8c, 0x24,
    0x20, 0x18, 0x85, 0xd9, 0x5a, 0x40, 0x3f, 0xa7,
    0x84,

    /* U+98DE "飞" */
    0x1f, 0xff, 0xc6, 0x1, 0x87, 0xbb, 0xe2, 0x0,
    0x1d, 0x80, 0x4, 0x7f, 0x39, 0xef, 0x0, 0x7f,
    0x3e, 0xea, 0x94, 0x3, 0xf9, 0x99, 0x68, 0x1,
    0xfe, 0x42, 0xb9, 0x10, 0xf, 0xee, 0x4e, 0xf,
    0x20, 0xf, 0xc6, 0xa1, 0x34, 0x40, 0x1f, 0x94,
    0xc0, 0xa, 0x20, 0x1f, 0x84, 0xd8, 0x16, 0x0,
    0x3f, 0xa2, 0x9, 0x9c, 0x1, 0xfc, 0x91, 0x4a,
    0xc0,

    /* U+9996 "首" */
    0x0, 0x9d, 0xc0, 0x19, 0xa4, 0x3, 0xcd, 0x26,
    0x0, 0x18, 0xa0, 0x8, 0x7f, 0xdc, 0x39, 0xfe,
    0xe1, 0xcf, 0xf3, 0xf, 0xff, 0x1b, 0xff, 0xf3,
    0x0, 0x1f, 0x32, 0x35, 0xcc, 0xa0, 0x3, 0x6a,
    0x77, 0x37, 0xfb, 0x88, 0x40, 0x1d, 0xc4, 0x5e,
    0xf0, 0xf, 0x4e, 0xef, 0xa0, 0x3, 0xd3, 0xbb,
    0xe8, 0x0, 0xf4, 0xee, 0xfa, 0x0, 0x3d, 0x3b,
    0xbe, 0x80, 0xf, 0x4e, 0xef, 0xa0, 0x3, 0xd1,
    0x99, 0xe7, 0x0, 0x80,

    /* U+9A71 "驱" */
    0x0, 0xff, 0xe1, 0x17, 0x75, 0xe1, 0xdf, 0xfd,
    0x80, 0x5f, 0xdc, 0x10, 0x7, 0x7f, 0xec, 0x0,
    0x51, 0x80, 0x65, 0x70, 0x7, 0x10, 0x1, 0xc4,
    0x44, 0x0, 0x5a, 0x44, 0x11, 0x0, 0x2, 0x44,
    0x70, 0xb, 0xe7, 0xe8, 0x2, 0x23, 0xb7, 0x20,
    0x1, 0x3a, 0x30, 0x6, 0x92, 0x24, 0x80, 0x72,
    0x0, 0x5f, 0x54, 0x81, 0x0, 0x1a, 0x5c, 0x80,
    0x49, 0x19, 0xc4, 0x7, 0xd6, 0x8e, 0xe0, 0x8e,
    0xe6, 0x8f, 0x82, 0x3a, 0x84, 0x18, 0x45, 0x30,
    0xa9, 0x81, 0x49, 0x98, 0x5c, 0x2, 0xcd, 0x4,
    0x58, 0xff, 0xe1, 0x0, 0x66, 0xe0, 0x5e, 0x67,
    0x84,

    /* U+9A7C "驼" */
    0x0, 0xfc, 0xae, 0x1, 0xdd, 0xd7, 0xa0, 0x1,
    0x24, 0x40, 0x36, 0x7f, 0x20, 0x6e, 0xb0, 0x33,
    0x74, 0x61, 0x68, 0xe, 0xe3, 0xff, 0x67, 0xf8,
    0x40, 0x6, 0x20, 0x45, 0x51, 0x91, 0x4c, 0x0,
    0x66, 0x0, 0x7, 0x14, 0xc0, 0x9, 0x46, 0x6,
    0x8e, 0x2a, 0x1, 0x15, 0x50, 0x80, 0x6, 0x20,
    0xb0, 0x5, 0xd9, 0xbc, 0x40, 0xc, 0x77, 0x4b,
    0x0, 0x17, 0x9c, 0x2, 0x16, 0xae, 0x41, 0x2,
    0xb0, 0x8, 0x41, 0x3f, 0xb8, 0x24, 0x1, 0xea,
    0x35, 0x94, 0xc, 0xe0, 0x11, 0x0, 0x4a, 0x40,
    0xa, 0xd7, 0x70, 0x5e, 0x7f, 0xc8, 0x20, 0xa,
    0xdd, 0x8, 0x3f, 0xfe, 0xa0,

    /* U+9A8C "验" */
    0x0, 0xfe, 0x90, 0xc, 0x3d, 0xd7, 0x90, 0x1,
    0x58, 0x80, 0x21, 0xff, 0x71, 0x98, 0x6, 0x27,
    0xc4, 0x2, 0x94, 0x2, 0x10, 0xc8, 0x6b, 0xc1,
    0x0, 0x10, 0x80, 0xb, 0x55, 0x8d, 0x53, 0xc,
    0x5, 0xc4, 0xd2, 0x3a, 0x22, 0xe8, 0x70, 0x46,
    0x61, 0x2a, 0x3d, 0xed, 0xbb, 0x20, 0xe, 0x71,
    0xfa, 0xd8, 0x50, 0x97, 0x0, 0x3a, 0x65, 0xec,
    0x88, 0x5, 0x55, 0x50, 0x9, 0xef, 0x10, 0xc1,
    0x4f, 0xc5, 0x58, 0x18, 0x67, 0x7, 0x82, 0xcd,
    0x8d, 0x44, 0x11, 0x88, 0x30, 0xaa, 0xee, 0x94,
    0xb2, 0x0, 0x5e, 0xba, 0xcc, 0x45, 0x9f, 0x4,
    0x0, 0xbd, 0xd0, 0x19, 0xfc, 0x0,

    /* U+9AA4 "骤" */
    0x1, 0x11, 0x0, 0x7f, 0x9b, 0x31, 0xad, 0x5f,
    0x3e, 0xdb, 0xaf, 0x6, 0xcd, 0x63, 0x90, 0x30,
    0x4b, 0x88, 0x0, 0x2c, 0xcc, 0xc0, 0x2, 0x2,
    0xda, 0x60, 0x3, 0x8, 0xc0, 0xb6, 0x4, 0x20,
    0x80, 0x2, 0x23, 0x9f, 0xac, 0x85, 0x9f, 0x78,
    0x0, 0x50, 0xd3, 0x3e, 0xa7, 0x7d, 0xa8, 0x4,
    0x3c, 0xe9, 0x32, 0xe6, 0xc1, 0x0, 0x3, 0xf7,
    0xa0, 0xba, 0x30, 0xaf, 0xa, 0x9, 0x19, 0x20,
    0x9b, 0xc0, 0xbf, 0xa, 0x5, 0xb9, 0x81, 0x5d,
    0xfc, 0x42, 0x60, 0x3, 0x28, 0x1a, 0xab, 0x3b,
    0x4f, 0x7f, 0x0, 0x3, 0xb3, 0xef, 0x8a, 0x0,
    0x1a, 0xc0,

    /* U+9AD8 "高" */
    0x0, 0xf4, 0xa8, 0x7, 0x85, 0xdf, 0xd4, 0xef,
    0xc0, 0x1f, 0x4c, 0x0, 0x78, 0x5d, 0xd7, 0x7f,
    0x99, 0xc0, 0x31, 0xe6, 0x78, 0xcc, 0x1, 0xea,
    0xaf, 0x0, 0x7d, 0xb1, 0x1e, 0xd2, 0x0, 0xab,
    0xb3, 0x3f, 0x7f, 0x80, 0x2b, 0xef, 0xff, 0x74,
    0xa8, 0x6, 0x1e, 0xaa, 0xde, 0x1, 0xfd, 0x77,
    0x50, 0x7, 0xfb, 0x32, 0xd5, 0x0, 0xf8, 0x63,
    0x33, 0x5d, 0x5e, 0x80, 0x29, 0x41, 0xc0, 0x3a,
    0xb5, 0xc0,

    /* U+9E5C "鹜" */
    0x0, 0xfe, 0x30, 0xe, 0x6b, 0xbb, 0xf0, 0x23,
    0xcc, 0xe1, 0x2, 0xc6, 0x43, 0x86, 0x77, 0x2e,
    0x79, 0x6, 0x71, 0x2, 0xde, 0xe9, 0xf8, 0xf0,
    0xc3, 0x4b, 0x46, 0xe2, 0xd8, 0x1d, 0x48, 0x0,
    0x77, 0x64, 0x2e, 0x7c, 0xef, 0xc9, 0x50, 0x64,
    0x67, 0xf6, 0xa5, 0xff, 0x25, 0xa8, 0x0, 0x5b,
    0x56, 0x37, 0x63, 0x10, 0xf, 0xa8, 0xa4, 0xea,
    0xc0, 0x38, 0x5f, 0x75, 0x9, 0xcf, 0x5b, 0xe0,
    0x12, 0x76, 0xef, 0xe1, 0x1, 0xdd, 0xfe, 0x73,
    0x20, 0x1d, 0xdf, 0xcb, 0x7b, 0x40, 0x1f, 0xe8,
    0xce, 0x60,

    /* U+9EA6 "麦" */
    0x0, 0xf6, 0x20, 0x7, 0xd7, 0xdd, 0x8e, 0xfb,
    0xb3, 0x0, 0x2f, 0xbb, 0x1d, 0xf7, 0x66, 0x0,
    0xb7, 0x71, 0xde, 0xed, 0x20, 0x1b, 0x77, 0x1d,
    0xee, 0xd2, 0x0, 0x49, 0x9e, 0x39, 0x9f, 0x3,
    0x6e, 0xc4, 0xd5, 0x3b, 0xbc, 0x4, 0x88, 0xe4,
    0x19, 0x88, 0x5d, 0x22, 0x0, 0xb, 0xaa, 0x3f,
    0xba, 0xe1, 0x90, 0x8, 0xbb, 0x9e, 0xda, 0x65,
    0xf2, 0xe0, 0x11, 0x59, 0x84, 0x36, 0xe5, 0xb8,
    0x7, 0x1b, 0x4f, 0xc, 0x3c, 0x64, 0x29, 0x81,
    0xff, 0xb3, 0xed, 0xe3, 0xbf, 0xe8, 0x0,

    /* U+9EC4 "黄" */
    0x0, 0xde, 0x20, 0x4, 0xd0, 0xe, 0x5c, 0xc0,
    0x66, 0x56, 0x59, 0x84, 0x0, 0x27, 0xf8, 0x23,
    0xfd, 0x1, 0xfe, 0x50, 0x25, 0x77, 0x1, 0xbb,
    0xbc, 0x1d, 0xca, 0x2f, 0xff, 0x5, 0x5c, 0xa0,
    0xff, 0xc4, 0xb7, 0x77, 0xe0, 0x76, 0x75, 0xdc,
    0x60, 0xe, 0xcc, 0x83, 0x73, 0x2d, 0x0, 0xed,
    0xcc, 0x6, 0x65, 0xe0, 0x1e, 0xdb, 0xb0, 0x65,
    0xdb, 0xc0, 0x3d, 0x7b, 0xa0, 0x6d, 0xd2, 0x0,
    0x75, 0x8f, 0x84, 0xf0, 0xf7, 0x20, 0x3, 0xa9,
    0x54, 0xcc, 0x33, 0x51, 0x88, 0xe, 0xfc, 0x61,
    0x80, 0x12, 0xfb, 0x94, 0x0,

    /* U+9ED1 "黑" */
    0x0, 0x74, 0xc4, 0x3f, 0xd1, 0x9, 0xe0, 0xe,
    0x83, 0x85, 0x88, 0x25, 0x80, 0x7c, 0x48, 0x0,
    0x6b, 0x0, 0xf8, 0xe9, 0xc7, 0xf9, 0x84, 0x3,
    0x97, 0xfb, 0x88, 0xeb, 0x9c, 0xa0, 0x1a, 0xf7,
    0x65, 0x7d, 0xda, 0xc0, 0x36, 0xee, 0x57, 0xdd,
    0xc0, 0x1b, 0x77, 0x2c, 0x6e, 0xe0, 0x1, 0xff,
    0xf2, 0xc7, 0xff, 0x19, 0xbe, 0xbf, 0xdd, 0xfe,
    0xdf, 0xea, 0xf3, 0x3, 0xb0, 0x3d, 0x2, 0xc0,
    0x18, 0x50, 0x7, 0x58, 0x11, 0x0, 0x88, 0xa1,
    0xf6, 0x21, 0xea, 0x3, 0xe0, 0xd, 0x50, 0x2f,
    0x10,

    /* U+9ED8 "默" */
    0x0, 0xfe, 0xb3, 0x0, 0xda, 0xaf, 0xcb, 0xa0,
    0x15, 0xb8, 0x6, 0xd4, 0x6c, 0x0, 0xd7, 0x63,
    0x0, 0xb5, 0x47, 0x80, 0x30, 0xf0, 0x6, 0x72,
    0x22, 0x9d, 0xd9, 0x32, 0x60, 0x0, 0x93, 0x49,
    0x2f, 0xfe, 0x4, 0xff, 0x0, 0x26, 0xad, 0x2a,
    0x11, 0x1, 0xa8, 0x80, 0x4, 0x6d, 0x26, 0xd8,
    0x8, 0xb0, 0x3, 0x5c, 0x30, 0x56, 0x8a, 0x3b,
    0x0, 0x69, 0xe0, 0x71, 0x21, 0xfd, 0x56, 0x0,
    0x8a, 0x3b, 0x89, 0xa2, 0xe9, 0x56, 0x1, 0x19,
    0x59, 0xb9, 0xc4, 0x0, 0x92, 0x80, 0xb8, 0x15,
    0xdd, 0x46, 0xa0, 0x9, 0x12, 0x22, 0x84, 0x91,
    0x8d, 0x0, 0x6b, 0x20,

    /* U+9F50 "齐" */
    0x0, 0xf2, 0x90, 0x7, 0xc2, 0x3d, 0xb8, 0x23,
    0xc0, 0x39, 0x8e, 0xe6, 0x28, 0xe7, 0x73, 0x30,
    0x22, 0xdd, 0x8b, 0xb7, 0xe4, 0x77, 0x61, 0x0,
    0x8b, 0xfa, 0x26, 0x5a, 0x40, 0x1f, 0xa, 0x3b,
    0x3b, 0x80, 0x31, 0x4e, 0x74, 0x7f, 0xee, 0xe6,
    0xd9, 0x13, 0x3b, 0x45, 0x80, 0xa, 0x1b, 0x90,
    0x40, 0xa4, 0xec, 0x1, 0x9d, 0xc2, 0x60, 0x18,
    0x5c, 0x3, 0xff, 0x81, 0x86, 0x1, 0xff, 0x2b,
    0x48, 0x7, 0xf8, 0x66, 0xc4, 0x3, 0xf8,

    /* U+9F7F "齿" */
    0x0, 0xf2, 0x60, 0x7, 0xf7, 0x10, 0x0, 0x40,
    0x3f, 0xf8, 0x25, 0xbb, 0x8c, 0x3, 0xf1, 0xee,
    0xe3, 0x1, 0xaa, 0xc, 0xd4, 0x9d, 0x57, 0x20,
    0x60, 0x57, 0x7d, 0xaf, 0xfc, 0x44, 0x61, 0x44,
    0x2a, 0xc0, 0x5, 0x58, 0x0, 0x40, 0x1e, 0x97,
    0x0, 0xff, 0xa1, 0x6b, 0x48, 0x3, 0xf4, 0x25,
    0x3c, 0xe2, 0x80, 0x79, 0x47, 0x0, 0x9, 0x9a,
    0x1, 0xc3, 0xc5, 0x77, 0xa4, 0xdc, 0x2, 0x2b,
    0xff, 0xfc, 0x60, 0x0,

    /* U+FF01 "！" */
    0x14, 0x15, 0xb2, 0x70, 0x0, 0x80, 0x80, 0x46,
    0x6, 0x20, 0x20, 0x60, 0xc, 0x2, 0xb2, 0x14,
    0x63, 0xf4,

    /* U+FF02 "＂" */
    0x1, 0x0, 0x8, 0x2f, 0x11, 0x39, 0x40, 0x6,
    0x60, 0x3, 0x0, 0x88, 0x18, 0x44, 0x0, 0x12,
    0x24, 0x80, 0x24, 0x40,

    /* U+FF03 "＃" */
    0x0, 0x9c, 0x0, 0x4a, 0x1, 0xd4, 0x0, 0x42,
    0x0, 0xfd, 0xc6, 0x0, 0x7e, 0xe1, 0x77, 0x1e,
    0xb9, 0xdd, 0xda, 0xdd, 0xc4, 0xfe, 0x70, 0x3,
    0x70, 0x1, 0x84, 0x3, 0x11, 0x0, 0x3d, 0x9d,
    0x17, 0xdc, 0x2e, 0xe1, 0x67, 0x26, 0x76, 0xb7,
    0x70, 0x80, 0xc, 0x40, 0xc2, 0x1, 0xf8, 0xb8,
    0x2,

    /* U+FF04 "＄" */
    0x0, 0xc4, 0x1, 0xe2, 0xe0, 0xe, 0x3b, 0x33,
    0x0, 0x55, 0xa6, 0xbb, 0x84, 0x6b, 0xf5, 0x4e,
    0xb0, 0x60, 0x10, 0x9, 0xc9, 0xb, 0x50, 0x3,
    0xe, 0x25, 0xf4, 0x8, 0x0, 0x67, 0xa1, 0xbc,
    0x80, 0x21, 0x6e, 0x28, 0x10, 0xe, 0x41, 0x8d,
    0x52, 0x15, 0x7e, 0x9b, 0x9d, 0xe9, 0x92, 0x83,
    0x66, 0x9e, 0x30, 0x6, 0x34, 0x0, 0x80,

    /* U+FF05 "％" */
    0x8, 0xb6, 0x0, 0xd2, 0x1, 0x38, 0xd6, 0xa8,
    0x1, 0x0, 0x35, 0xd8, 0x7b, 0xc0, 0x11, 0x0,
    0x8, 0x8c, 0x18, 0x41, 0x50, 0x40, 0x22, 0x30,
    0x61, 0x9, 0x83, 0x74, 0x4, 0xb0, 0xef, 0x6b,
    0x3e, 0x28, 0x58, 0xc, 0x35, 0xa7, 0xab, 0x5f,
    0x90, 0x9c, 0x87, 0xa0, 0x25, 0x2, 0x20, 0x6,
    0xb6, 0x1, 0x70, 0x1, 0x80, 0x4f, 0x20, 0xc,
    0xd0, 0x74, 0x0, 0xd, 0xa8, 0x1, 0x8f, 0x75,
    0x0,

    /* U+FF06 "＆" */
    0x0, 0x9e, 0x98, 0x3, 0xd3, 0x9d, 0xae, 0x1,
    0xcd, 0x29, 0xf8, 0x1, 0xc2, 0xc1, 0xd8, 0x1,
    0xcd, 0x36, 0x2e, 0x1, 0xde, 0x49, 0x60, 0x7,
    0x40, 0x8a, 0xa0, 0x30, 0x2, 0x18, 0x9f, 0x17,
    0x25, 0xdc, 0x64, 0xc2, 0x20, 0x3c, 0x88, 0x78,
    0x28, 0xb8, 0x7, 0x78, 0x8a, 0xeb, 0xfb, 0x67,
    0x9e, 0x41, 0x37, 0xbf, 0x98, 0x6e, 0x0,

    /* U+FF07 "＇" */
    0x10, 0xf8, 0x0, 0x17, 0x39, 0x72, 0x80,

    /* U+FF08 "（" */
    0x0, 0xac, 0x80, 0x12, 0x44, 0x3, 0x49, 0x0,
    0x4d, 0x80, 0x4a, 0xc0, 0x2, 0x20, 0x4, 0x22,
    0x0, 0xc2, 0x1, 0x11, 0x0, 0x21, 0x33, 0x0,
    0x55, 0x20, 0x13, 0x3a, 0x0, 0x5f, 0x42, 0x0,
    0x2c, 0x10,

    /* U+FF09 "）" */
    0x2b, 0x0, 0x88, 0x92, 0x1, 0x4a, 0x18, 0x5,
    0x72, 0x1, 0x32, 0x80, 0x62, 0x20, 0x4, 0x22,
    0x0, 0x84, 0x3, 0x11, 0x0, 0x6, 0x61, 0x0,
    0x4d, 0x0, 0x11, 0xd8, 0x6, 0xbc, 0x0, 0x38,
    0x40, 0x0,

    /* U+FF0A "＊" */
    0x0, 0xc2, 0xc0, 0x1f, 0xc7, 0xe0, 0x1c, 0x20,
    0x10, 0x98, 0x4, 0x20, 0xb8, 0xa0, 0x18, 0xaa,
    0xc1, 0x37, 0x36, 0xda, 0x7f, 0xa8, 0x0, 0x33,
    0x27, 0x33, 0x6a, 0x0, 0x63, 0x93, 0x27, 0x80,
    0x8, 0x6a, 0x3b, 0xdf, 0x7f, 0x50, 0x17, 0xac,
    0xc0, 0x27, 0xc3, 0x4, 0x40, 0x0, 0x40, 0x21,
    0x70, 0xf, 0x18, 0x7, 0xf1, 0x48, 0x7, 0x0,

    /* U+FF0B "＋" */
    0x0, 0xe1, 0x10, 0x7, 0xf9, 0x98, 0x1, 0xff,
    0xde, 0x99, 0xd7, 0x69, 0x9c, 0x0, 0xcc, 0xcc,
    0xcc, 0xcc, 0x0, 0x55, 0xdb, 0xa5, 0x5c, 0x1,
    0xff, 0xd9,

    /* U+FF0C "，" */
    0x1, 0x6, 0xe7, 0x20, 0xb4, 0x84, 0x6a, 0x90,
    0xc1,

    /* U+FF0D "－" */
    0x1f, 0xff, 0xf0, 0x80,

    /* U+FF0E "．" */
    0x2, 0xa, 0xd5, 0xd2, 0x60,

    /* U+FF0F "／" */
    0x0, 0xff, 0xe0, 0x22, 0x0, 0x3f, 0xe4, 0xd4,
    0x0, 0xff, 0x26, 0xc8, 0x7, 0xf9, 0x36, 0x40,
    0x3f, 0xc9, 0xb2, 0x1, 0xfe, 0x4d, 0x90, 0xf,
    0xf2, 0x6c, 0x80, 0x7f, 0x93, 0x24, 0x3, 0xfc,
    0x99, 0x0, 0x1f, 0xe4, 0xc8, 0x0, 0xff, 0x26,
    0x40, 0x7, 0xf9, 0x32, 0x0, 0x3f, 0xc7, 0x90,
    0x1, 0xff, 0x1c, 0x0, 0x7f, 0xf0, 0x0,

    /* U+FF10 "０" */
    0x0, 0x88, 0x80, 0x18, 0xf7, 0x31, 0xa6, 0x3,
    0xb5, 0xdc, 0xad, 0x16, 0x37, 0x0, 0x39, 0xbe,
    0xa0, 0x6, 0x4c, 0x6e, 0x0, 0xdc, 0xc1, 0xe0,
    0x1b, 0xc1, 0x84, 0x3, 0xb, 0x63, 0x80, 0x67,
    0xc6, 0x8, 0x0, 0x40, 0x30, 0x62, 0xff, 0x97,
    0x0, 0x5, 0xbd, 0xcd, 0x20,

    /* U+FF11 "１" */
    0x0, 0x89, 0x0, 0x33, 0xe6, 0xd8, 0x6, 0x48,
    0x70, 0xe, 0x34, 0xd0, 0xf, 0xff, 0x8, 0x88,
    0xc0, 0x44, 0xd, 0xdc, 0x90, 0xee, 0x80,

    /* U+FF12 "２" */
    0x0, 0x88, 0xc0, 0x32, 0xf6, 0x6f, 0x28, 0x25,
    0xd7, 0x72, 0x68, 0x93, 0xd0, 0x0, 0xe2, 0x80,
    0x20, 0x18, 0x4c, 0x3, 0x9c, 0x54, 0x3, 0x1c,
    0x58, 0x6, 0x3c, 0x95, 0x0, 0x93, 0x21, 0x80,
    0x27, 0xba, 0x61, 0x19, 0x60, 0x2b, 0xba, 0xf0,

    /* U+FF13 "３" */
    0x0, 0x8c, 0x80, 0x34, 0x7f, 0x67, 0x28, 0x31,
    0x76, 0xf4, 0x50, 0xb5, 0x8, 0x1, 0xc0, 0xc0,
    0x30, 0xd9, 0x90, 0x0, 0xfb, 0x83, 0x80, 0x11,
    0xe5, 0x3d, 0x80, 0x62, 0x5c, 0x56, 0x20, 0xe,
    0x21, 0x9b, 0x20, 0x3, 0x9a, 0x59, 0xef, 0x7c,
    0xd1, 0x84, 0x7f, 0xbb, 0x8a, 0x0,

    /* U+FF14 "４" */
    0x0, 0xe2, 0x61, 0x0, 0xe1, 0xc9, 0x50, 0xe,
    0xa7, 0x10, 0xe, 0x65, 0x90, 0xe, 0x29, 0xd0,
    0x10, 0xd, 0xf0, 0x60, 0x1d, 0x2c, 0xe0, 0x1c,
    0x2c, 0x9f, 0xf0, 0x5e, 0x8f, 0x77, 0x5, 0x68,
    0x8, 0xf0, 0x8, 0x7, 0xc4, 0xe0,

    /* U+FF15 "５" */
    0x2, 0x2f, 0x0, 0x37, 0x7c, 0x40, 0xd, 0xff,
    0xc4, 0x20, 0x60, 0x1c, 0x61, 0x39, 0x89, 0x10,
    0x34, 0xde, 0x85, 0xc0, 0x1b, 0x52, 0x4c, 0x36,
    0x0, 0xf1, 0x70, 0x7, 0x8b, 0xae, 0x84, 0x6,
    0x8d, 0xa8, 0x3b, 0xa1, 0xf0, 0x1a, 0xfc, 0xfb,
    0x20,

    /* U+FF16 "６" */
    0x0, 0xc6, 0x40, 0x1a, 0x3f, 0x75, 0x84, 0x10,
    0xbb, 0xdf, 0x60, 0x2f, 0xc4, 0x0, 0x72, 0x72,
    0x30, 0x20, 0xb, 0xde, 0x3b, 0xfd, 0x0, 0x5,
    0xfe, 0xdd, 0x33, 0x4, 0xdc, 0x0, 0x4d, 0xb8,
    0x60, 0x1c, 0x28, 0x74, 0x20, 0x6d, 0xe1, 0xa3,
    0xdc, 0xc9, 0x50, 0x1b, 0xec, 0xf7, 0x0,

    /* U+FF17 "７" */
    0x2, 0x2f, 0x9b, 0x77, 0xde, 0xdf, 0xfb, 0x86,
    0x40, 0x3a, 0xd9, 0x0, 0x32, 0x22, 0x0, 0x3a,
    0x24, 0x3, 0x88, 0xd8, 0x3, 0x94, 0x84, 0x3,
    0xb1, 0x0, 0x3c, 0xbc, 0x1, 0xe1, 0x10, 0x7,
    0xb5, 0x80, 0x20,

    /* U+FF18 "８" */
    0x0, 0x8c, 0x80, 0x32, 0xf7, 0xf7, 0x14, 0xa,
    0xa9, 0x98, 0xba, 0x16, 0x14, 0x0, 0x28, 0x92,
    0x82, 0x80, 0x4, 0xc, 0x76, 0xb1, 0xaa, 0x80,
    0x3d, 0x1f, 0xe4, 0xc0, 0x84, 0x73, 0x9d, 0x66,
    0x17, 0x0, 0x44, 0x9f, 0x92, 0x60, 0x3, 0x4c,
    0x79, 0xde, 0xe6, 0xca, 0x83, 0xf7, 0xfb, 0x9c,
    0x0,

    /* U+FF19 "９" */
    0x0, 0x8c, 0x40, 0x34, 0x7f, 0x72, 0xc4, 0x19,
    0x9b, 0xaf, 0x1d, 0xd, 0x62, 0x0, 0x59, 0x98,
    0x3, 0x84, 0x93, 0x58, 0xc0, 0x12, 0x5e, 0xcc,
    0xce, 0xe7, 0xa7, 0x84, 0x7f, 0xb9, 0x94, 0x80,
    0x21, 0x4, 0x15, 0x38, 0x0, 0x1d, 0x40, 0x11,
    0xff, 0xb2, 0x5c, 0x6, 0xfb, 0x7d, 0xc0, 0x0,

    /* U+FF1A "：" */
    0x7d, 0x2d, 0x21, 0xad, 0x30, 0x20, 0xf, 0xf4,
    0x79, 0x8, 0xc, 0xf9, 0x80,

    /* U+FF1B "；" */
    0x7, 0xd2, 0xd, 0x21, 0xa, 0xd3, 0x0, 0x10,
    0x7, 0xf8, 0xf0, 0xc1, 0x8e, 0xc1, 0x63, 0xc0,
    0x16, 0xa1, 0x92, 0x41, 0x8a, 0x0,

    /* U+FF1C "＜" */
    0x0, 0xff, 0x38, 0x80, 0x7e, 0x6e, 0xe0, 0x7,
    0xcd, 0xd9, 0x89, 0x10, 0xc, 0xbb, 0x98, 0xa2,
    0x0, 0xcb, 0xbd, 0xf4, 0x40, 0x18, 0xb6, 0x3a,
    0xc8, 0x3, 0xc5, 0x23, 0x6, 0x1, 0xf9, 0x33,
    0xb9, 0x64, 0x1, 0xf9, 0x77, 0xbe, 0x88, 0x3,
    0xf2, 0xee, 0x62, 0x88, 0x3, 0xf3, 0x76, 0x60,
    0x80, 0x3f, 0x9b, 0x88,

    /* U+FF1D "＝" */
    0x3, 0x3f, 0xf0, 0x3, 0xff, 0xfc, 0x0, 0xcc,
    0xff, 0x0, 0x7f, 0xf0, 0x47, 0xff, 0xfc, 0x20,

    /* U+FF1E "＞" */
    0x17, 0x0, 0xff, 0xbb, 0x8c, 0x1, 0xf8, 0x67,
    0x31, 0xcc, 0x1, 0xf8, 0xab, 0x31, 0xaa, 0x1,
    0xf8, 0xab, 0xfb, 0x54, 0x3, 0xf1, 0x5f, 0x46,
    0x90, 0x7, 0xc7, 0x3, 0x24, 0x1, 0xc5, 0x7d,
    0xcc, 0x40, 0xc, 0x55, 0xfd, 0xaa, 0x1, 0x8a,
    0xb3, 0x1a, 0xa0, 0x1c, 0x59, 0x8e, 0x60, 0xf,
    0x8b, 0x98, 0x3, 0xf8,

    /* U+FF1F "？" */
    0x3, 0xad, 0xb4, 0x3, 0xdc, 0xe3, 0xb2, 0x3f,
    0x63, 0x81, 0x40, 0x10, 0x0, 0x89, 0x40, 0x21,
    0xd6, 0x30, 0xb, 0x5a, 0x40, 0x23, 0x35, 0x0,
    0x62, 0xa0, 0xe, 0x15, 0x0, 0xe4, 0xb1, 0x0,
    0xc4, 0x86, 0x1, 0x9b, 0xc8, 0x0,

    /* U+FF20 "＠" */
    0x0, 0x86, 0x77, 0x6a, 0x30, 0xc, 0xb9, 0x8d,
    0xdb, 0xbd, 0x80, 0x9, 0x18, 0xa0, 0x12, 0x6d,
    0x90, 0x57, 0x88, 0x0, 0x40, 0x3, 0x74, 0xce,
    0x40, 0xbd, 0x98, 0x70, 0x43, 0xcd, 0x3, 0x8f,
    0xd1, 0x30, 0x36, 0x68, 0x2a, 0x82, 0x6, 0xa0,
    0x6c, 0x20, 0x2, 0x30, 0x10, 0x10, 0xac, 0x66,
    0x1, 0xfa, 0xd0, 0x1a, 0xa9, 0xf3, 0x42, 0x33,
    0x15, 0x48, 0xcc, 0x3, 0x39, 0x83, 0xc8, 0xa5,
    0xc8, 0x80, 0xee, 0x98, 0x2, 0x33, 0x0, 0x63,
    0xff, 0x6f, 0x6c, 0x80, 0x60,

    /* U+FF21 "Ａ" */
    0x0, 0xc4, 0x40, 0xf, 0x8b, 0x70, 0x3, 0xea,
    0x53, 0x50, 0xf, 0x37, 0x57, 0x0, 0x72, 0x2,
    0x2a, 0x10, 0x6, 0xe7, 0x2, 0x3a, 0x0, 0x85,
    0x68, 0x1, 0x4c, 0x1, 0x38, 0x67, 0xfa, 0x45,
    0x0, 0x14, 0xff, 0xf9, 0x38, 0xc, 0xd4, 0x1,
    0xb9, 0x46, 0x8c, 0x80, 0x32, 0x8b, 0xc6, 0x0,
    0x7b, 0xd8,

    /* U+FF22 "Ｂ" */
    0x11, 0xc0, 0x1d, 0x9d, 0xd7, 0xeb, 0x80, 0x53,
    0xff, 0x44, 0x14, 0x3, 0xca, 0x44, 0x0, 0xf2,
    0x92, 0x80, 0x27, 0xfe, 0xa8, 0x20, 0x4, 0x7f,
    0xba, 0xed, 0x40, 0x1, 0x0, 0xa, 0x7a, 0x88,
    0x7, 0xf8, 0x40, 0x2, 0x7e, 0x62, 0x11, 0xfe,
    0xee, 0x2e, 0x80,

    /* U+FF23 "Ｃ" */
    0x0, 0xc2, 0x66, 0x0, 0xe1, 0xae, 0xdd, 0x7c,
    0x0, 0x7, 0xc7, 0x7b, 0x98, 0x20, 0x8, 0x3b,
    0x20, 0x1, 0xc8, 0x1, 0xac, 0x3, 0xe1, 0x5,
    0x0, 0xff, 0xe2, 0x88, 0x90, 0x3, 0xf3, 0xc8,
    0x7, 0xe8, 0x3d, 0x40, 0x2, 0xf1, 0x80, 0xe2,
    0x5f, 0xfa, 0xe4, 0xc0, 0x3, 0x3f, 0xbd, 0xc7,
    0x0,

    /* U+FF24 "Ｄ" */
    0x12, 0x11, 0x0, 0x77, 0xef, 0x73, 0xe8, 0x80,
    0x2a, 0xff, 0x61, 0xea, 0x0, 0x71, 0xcb, 0x50,
    0x7, 0xd0, 0x28, 0x1, 0xe1, 0x11, 0x0, 0x7c,
    0x26, 0x1, 0xe2, 0x6, 0x0, 0xf4, 0x11, 0x81,
    0x89, 0x2e, 0x27, 0x0, 0x27, 0xb6, 0x13, 0xcc,
    0x0,

    /* U+FF25 "Ｅ" */
    0x2, 0x2f, 0x8, 0xb7, 0x7d, 0x0, 0xc, 0xff,
    0xd2, 0x1, 0xff, 0xc6, 0xcf, 0xfa, 0x0, 0x2a,
    0xdd, 0xa4, 0x2, 0x62, 0x28, 0x40, 0x3f, 0xe7,
    0x11, 0xe0, 0x5, 0xf7, 0x6c,

    /* U+FF26 "Ｆ" */
    0x22, 0xfb, 0x37, 0x7b, 0x82, 0xbf, 0xf6, 0x0,
    0x7f, 0xf0, 0xeb, 0xba, 0xb0, 0x4, 0x6e, 0xd2,
    0x0, 0x23, 0x38, 0x80, 0x3f, 0xf9, 0x58, 0xa0,
    0x1c,

    /* U+FF27 "Ｇ" */
    0x0, 0xc2, 0x64, 0x1, 0xc9, 0xbd, 0xb9, 0xce,
    0x0, 0x5b, 0x5e, 0xea, 0xb8, 0x1, 0x6f, 0x2,
    0x0, 0x49, 0x5, 0x19, 0x0, 0xf8, 0x88, 0x20,
    0x1, 0x22, 0x80, 0x3d, 0x3b, 0xb2, 0x19, 0x8,
    0x2, 0x3f, 0xc2, 0x8, 0x30, 0x1, 0xfa, 0x9a,
    0x88, 0x0, 0x82, 0x0, 0x4c, 0x1d, 0xff, 0x54,
    0x20, 0x0, 0xef, 0xf7, 0x5c, 0xe0,

    /* U+FF28 "Ｈ" */
    0x4, 0x0, 0xf2, 0x1, 0x59, 0x0, 0x61, 0xb2,
    0x0, 0xff, 0xea, 0x6f, 0xfe, 0xe0, 0xd, 0x7b,
    0xbb, 0x0, 0x33, 0x11, 0x70, 0x7, 0xff, 0x50,

    /* U+FF29 "Ｉ" */
    0x2, 0x2f, 0x93, 0x77, 0xd2, 0x9f, 0xe9, 0x2f,
    0xf5, 0x80, 0x7f, 0xf9, 0x44, 0x60, 0x11, 0x93,
    0xb9, 0x5, 0xdc, 0xd0,

    /* U+FF2A "Ｊ" */
    0x0, 0xe1, 0x40, 0xe, 0x7a, 0x0, 0xff, 0xf1,
    0x89, 0x97, 0x20, 0x15, 0x21, 0x4d, 0xfe, 0xb4,
    0x3, 0xfe, 0xf5, 0x88,

    /* U+FF2B "Ｋ" */
    0x14, 0x0, 0xe4, 0x20, 0x7a, 0x0, 0xd5, 0x4,
    0x1, 0xea, 0x7d, 0x0, 0xf4, 0xbe, 0x8, 0x7,
    0x4b, 0x60, 0x80, 0x74, 0x38, 0xb0, 0x7, 0xb,
    0xed, 0xc1, 0x0, 0x76, 0x1a, 0xab, 0x80, 0x30,
    0x98, 0x2, 0xc9, 0xc0, 0x3e, 0x1b, 0x82, 0x0,
    0xf9, 0x55, 0xc0,

    /* U+FF2C "Ｌ" */
    0x41, 0x0, 0xea, 0x70, 0xf, 0xff, 0x58, 0x8f,
    0x82, 0x3b, 0xb5, 0x80,

    /* U+FF2D "Ｍ" */
    0x43, 0x0, 0xf1, 0xa5, 0x60, 0x7, 0xb2, 0x80,
    0x9c, 0x3, 0x39, 0x0, 0x2a, 0x80, 0x1a, 0xa8,
    0x0, 0x43, 0x50, 0x2, 0x81, 0x80, 0x53, 0x20,
    0x4, 0xd8, 0x4, 0xee, 0x33, 0x89, 0x80, 0x39,
    0xea, 0x8c, 0x1, 0xea, 0x67, 0x90, 0xf, 0x12,
    0xb8, 0x80, 0x7d, 0x52, 0x1, 0x80,

    /* U+FF2E "Ｎ" */
    0x4, 0x10, 0xe, 0x40, 0x1b, 0xa0, 0xc, 0x36,
    0x40, 0x6, 0x60, 0x7, 0xe9, 0x91, 0x0, 0x7c,
    0xad, 0xc0, 0x1f, 0xa4, 0x9c, 0x3, 0xf5, 0x41,
    0x0, 0x7c, 0x8d, 0xc0, 0x1f, 0xa4, 0x58, 0x3,
    0xf7, 0x40, 0x7, 0xe3, 0x70, 0x0,

    /* U+FF2F "Ｏ" */
    0x0, 0x84, 0xcc, 0x20, 0x18, 0x6b, 0xb7, 0x5d,
    0x42, 0x0, 0xc6, 0xde, 0xe6, 0xb6, 0x3, 0x9e,
    0x90, 0x0, 0xb4, 0xde, 0xdc, 0x40, 0x30, 0xbd,
    0x97, 0x80, 0x7b, 0xc8, 0x3, 0xfc, 0x5e, 0x1,
    0xef, 0x2a, 0x62, 0x0, 0xc4, 0xd4, 0xc9, 0x88,
    0x0, 0x4c, 0x46, 0xb, 0x6a, 0xff, 0x53, 0x58,
    0x5, 0x1d, 0xda, 0x0, 0x0,

    /* U+FF30 "Ｐ" */
    0x2, 0x20, 0x88, 0x3, 0x2e, 0xeb, 0xb9, 0xf6,
    0x40, 0x1, 0xff, 0xb4, 0x70, 0x3, 0xc5, 0x62,
    0x60, 0x1e, 0x30, 0x10, 0x0, 0x88, 0x97, 0xd0,
    0x80, 0x7b, 0x99, 0x35, 0x60, 0x1, 0xff, 0x76,
    0x38, 0x7, 0xff, 0x45, 0x70, 0x3, 0xe0,

    /* U+FF31 "Ｑ" */
    0x0, 0x84, 0xcc, 0x1, 0xe1, 0xae, 0xdd, 0x7c,
    0x80, 0x6d, 0x6c, 0xee, 0x62, 0x60, 0x1, 0xcb,
    0x4c, 0x0, 0x78, 0x6c, 0x16, 0xe2, 0x1, 0x85,
    0xa8, 0xb, 0xc0, 0x3d, 0xe4, 0x1, 0xff, 0xc0,
    0x2e, 0x0, 0xf7, 0x90, 0x5b, 0x0, 0x70, 0xbd,
    0x83, 0x9d, 0x88, 0x0, 0x68, 0xdc, 0x1, 0x81,
    0xd9, 0x8e, 0xc, 0x0, 0x86, 0xf5, 0x4f, 0x2c,
    0x40, 0x38, 0xa5, 0x35, 0xd5, 0x80, 0x3d, 0x76,
    0xd9, 0xd1,

    /* U+FF32 "Ｒ" */
    0x2, 0x28, 0x40, 0x32, 0x6e, 0xdd, 0xf8, 0x60,
    0x1, 0xff, 0xb5, 0xb0, 0x40, 0x38, 0xac, 0x14,
    0x3, 0xc6, 0xe, 0x0, 0x22, 0x1b, 0x7a, 0x18,
    0xf, 0xfb, 0x2e, 0x2c, 0x0, 0x3b, 0xaa, 0x27,
    0x0, 0xf2, 0xab, 0x80, 0x3e, 0xa2, 0x80, 0xf,
    0xa9, 0xcd, 0x30, 0x3, 0x26, 0x90,

    /* U+FF33 "Ｓ" */
    0x0, 0xc6, 0x61, 0x0, 0xe6, 0xfc, 0xde, 0xb2,
    0x0, 0x1c, 0xd7, 0xf7, 0x9, 0xc0, 0xa, 0xa,
    0x0, 0x19, 0x50, 0x2, 0x5, 0x10, 0x7, 0x8b,
    0x1b, 0x71, 0x80, 0x38, 0xf3, 0x9, 0x1c, 0x60,
    0x1c, 0x71, 0xc9, 0xa0, 0x1, 0x0, 0xee, 0x10,
    0x6, 0xda, 0x0, 0xe, 0x10, 0x1, 0xa5, 0x7f,
    0xec, 0x6a, 0x0, 0xc, 0xfe, 0xeb, 0xe8, 0x40,

    /* U+FF34 "Ｔ" */
    0x2, 0x2f, 0xc2, 0x2d, 0xdf, 0xd2, 0x3f, 0xf4,
    0x17, 0xfd, 0x0, 0x1f, 0xff, 0xf0, 0xf, 0xe6,
    0xf0, 0xc,

    /* U+FF35 "Ｕ" */
    0x4, 0x0, 0xf2, 0x9, 0x59, 0x0, 0x61, 0xb2,
    0x0, 0xff, 0xf3, 0x18, 0x7, 0x8c, 0x4, 0x65,
    0x0, 0xca, 0x4, 0x13, 0xa, 0x0, 0x58, 0x70,
    0x3, 0xba, 0xbf, 0xd7, 0x10, 0x0, 0xa3, 0xfb,
    0xa7, 0x0, 0x0,

    /* U+FF36 "Ｖ" */
    0x24, 0x0, 0xf1, 0x90, 0xd8, 0x80, 0x61, 0xc6,
    0x32, 0x60, 0xc, 0xe2, 0x80, 0xb4, 0x1, 0xa9,
    0x80, 0x14, 0x44, 0x0, 0x9, 0xd0, 0x0, 0x8e,
    0x80, 0xc, 0x64, 0x1, 0x53, 0x0, 0x2e, 0x80,
    0x33, 0x9, 0x91, 0xb8, 0x7, 0x2d, 0x51, 0x44,
    0x3, 0xb9, 0xd7, 0x80, 0x3c, 0x80, 0x68, 0x1,
    0x0,

    /* U+FF37 "Ｗ" */
    0x23, 0x0, 0xc4, 0x60, 0x18, 0xc9, 0x34, 0x3,
    0x77, 0x0, 0x36, 0xba, 0x9, 0x0, 0x4, 0x8a,
    0x0, 0x8, 0x90, 0x85, 0x0, 0xe, 0xa8, 0xa0,
    0x4, 0x11, 0x2, 0x60, 0x3, 0x75, 0x96, 0x0,
    0xc4, 0x0, 0x63, 0x80, 0x11, 0xa, 0x62, 0x9,
    0x80, 0x4, 0x21, 0x42, 0x2c, 0x82, 0x48, 0x0,
    0x21, 0x4c, 0x50, 0x2, 0x62, 0x89, 0x0, 0x49,
    0x8b, 0x80, 0xd, 0x73, 0x40, 0xd, 0x8e, 0x48,
    0x0, 0x41, 0xac, 0x0, 0xc8, 0x2a, 0x1, 0x94,
    0x90, 0x0,

    /* U+FF38 "Ｘ" */
    0x4, 0x20, 0xc, 0x48, 0x0, 0xcc, 0x0, 0x6f,
    0x30, 0x4, 0x1c, 0x0, 0x1c, 0x1c, 0x2, 0xe7,
    0x32, 0x8e, 0x0, 0xc6, 0xdf, 0x2e, 0x60, 0x1d,
    0x24, 0xb0, 0x1, 0xe4, 0x1, 0x40, 0xf, 0x55,
    0xc5, 0x0, 0x74, 0xaa, 0x9c, 0xa4, 0x2, 0x46,
    0x90, 0x7, 0xb2, 0x0, 0x26, 0x8, 0x0, 0x6f,
    0x20,

    /* U+FF39 "Ｙ" */
    0x14, 0x0, 0xe2, 0x40, 0xa6, 0x0, 0xdd, 0x83,
    0x10, 0x0, 0x94, 0xa0, 0x18, 0xdc, 0x1, 0x10,
    0x0, 0xa6, 0x5, 0x81, 0x80, 0x24, 0x44, 0x42,
    0x40, 0x3a, 0x59, 0x50, 0x3, 0x88, 0x9a, 0x1,
    0xff, 0xd2,

    /* U+FF3A "Ｚ" */
    0x12, 0x2f, 0x81, 0xb7, 0x7d, 0x80, 0xff, 0xfb,
    0x42, 0x80, 0x3d, 0xee, 0x80, 0x1d, 0x4d, 0x0,
    0x1c, 0xc9, 0x40, 0x1c, 0x73, 0x42, 0x1, 0xdd,
    0x8, 0x1, 0xd4, 0xce, 0x1, 0xcc, 0x90, 0x23,
    0xc1, 0x23, 0x9d, 0xdc, 0x20,

    /* U+FF3B "［" */
    0xf, 0xbb, 0x30, 0x2, 0xec, 0xc0, 0x1f, 0xfe,
    0x8b, 0xb3, 0x0,

    /* U+FF3C "＼" */
    0x44, 0x0, 0x7f, 0xf0, 0x13, 0x50, 0x3, 0xff,
    0x81, 0x3a, 0x80, 0x1f, 0xfc, 0x9, 0xd4, 0x0,
    0xff, 0xe0, 0x4e, 0xa0, 0x7, 0xff, 0x2, 0x75,
    0x0, 0x3f, 0xf8, 0x13, 0xa8, 0x1, 0xff, 0xc0,
    0x9d, 0x40, 0xf, 0xfe, 0x4, 0xea, 0x0, 0x7f,
    0xf0, 0x27, 0x50, 0x3, 0xff, 0x81, 0x38, 0x80,
    0x1f, 0xfc, 0x8, 0xc4, 0x0, 0xff, 0xe0, 0x46,
    0x18, 0x7, 0xff, 0x2, 0xc,

    /* U+FF3D "］" */
    0x6b, 0xb7, 0x83, 0x5d, 0x84, 0x3, 0xff, 0xce,
    0xd7, 0x61, 0x0,

    /* U+FF3E "＾" */
    0x0, 0x84, 0x2, 0x1c, 0xc1, 0x80, 0x22, 0x1f,
    0x20,

    /* U+FF3F "＿" */
    0x99, 0xff, 0xe1, 0x0,

    /* U+FF40 "｀" */
    0x2, 0x0, 0xab, 0x40, 0x11, 0x4c,

    /* U+FF41 "ａ" */
    0x2, 0x8c, 0xda, 0x20, 0x7, 0x84, 0x70, 0xe0,
    0x3, 0x61, 0xe, 0x85, 0x0, 0x6, 0xf5, 0xa0,
    0x21, 0x7c, 0x31, 0x82, 0xa, 0xad, 0x62, 0x0,
    0xc2, 0x40, 0x32, 0x20, 0xaa, 0xde, 0xcc, 0x20,
    0x2, 0xbf, 0x35, 0x6d, 0x40,

    /* U+FF42 "ｂ" */
    0x5f, 0x0, 0xff, 0xe7, 0x9, 0x4e, 0xe3, 0x0,
    0x43, 0xfe, 0x9b, 0x97, 0x0, 0xb5, 0x91, 0xdd,
    0x20, 0x1f, 0x60, 0x88, 0x3, 0xce, 0x1, 0xf9,
    0x4, 0x40, 0x6, 0x0, 0x24, 0x48, 0x0, 0xbf,
    0xdd, 0x6e, 0xe0, 0x5c, 0x9f, 0xcf, 0x80, 0x0,

    /* U+FF43 "ｃ" */
    0x0, 0x1d, 0x6e, 0x38, 0x1, 0xb0, 0xa6, 0x56,
    0x83, 0x35, 0x8, 0xb8, 0x8e, 0xa, 0x1, 0xe1,
    0x0, 0xf2, 0x89, 0x0, 0x71, 0xa7, 0x90, 0x1,
    0x98, 0x16, 0x9b, 0xdf, 0x48, 0x0, 0x9f, 0xce,
    0xc2,

    /* U+FF44 "ｄ" */
    0x0, 0xfb, 0xd4, 0x3, 0xff, 0x90, 0x35, 0xb6,
    0xa2, 0x0, 0x2e, 0x19, 0xee, 0x8, 0x2, 0x52,
    0xd1, 0x6c, 0x2, 0x4d, 0x0, 0xfc, 0x60, 0x1f,
    0x16, 0x80, 0x7d, 0x4e, 0x80, 0x8, 0x0, 0x9d,
    0xaf, 0xbc, 0xc, 0x2, 0x9f, 0xcf, 0x8d, 0x50,

    /* U+FF45 "ｅ" */
    0x0, 0x3e, 0x6d, 0x10, 0x2, 0xed, 0x1c, 0x58,
    0x4c, 0xba, 0x87, 0x9, 0x7a, 0xa4, 0x67, 0x12,
    0x82, 0xc4, 0x63, 0x53, 0x5b, 0xbe, 0x99, 0x2c,
    0x0, 0x48, 0x22, 0xc3, 0xfe, 0xf8, 0x20, 0x2b,
    0xfc, 0xfc, 0x30,

    /* U+FF46 "ｆ" */
    0x0, 0x86, 0xbb, 0xf0, 0x80, 0x2b, 0x6c, 0xfe,
    0x20, 0x9, 0xe8, 0x80, 0x80, 0x19, 0x82, 0x8d,
    0xd3, 0x80, 0x3f, 0xc3, 0x3d, 0xc6, 0x0, 0x19,
    0x80, 0x8c, 0xc2, 0x1, 0xff, 0xdc, 0x51, 0x0,
    0xc0,

    /* U+FF47 "ｇ" */
    0x2, 0xbe, 0xe6, 0xec, 0x21, 0x87, 0xde, 0x15,
    0xe2, 0x83, 0x0, 0x37, 0x62, 0x0, 0xf0, 0x80,
    0x48, 0x74, 0x47, 0x34, 0x1, 0x38, 0x74, 0x5b,
    0x0, 0xd, 0x6f, 0x2d, 0x40, 0x23, 0x2e, 0xff,
    0x76, 0x28, 0x33, 0xff, 0x73, 0x12, 0x83, 0x74,
    0x2, 0x22, 0xc0, 0x6, 0xc3, 0x19, 0x9e, 0xa8,
    0xd, 0x5f, 0x13, 0xf8, 0xa0,

    /* U+FF48 "ｈ" */
    0x5f, 0x0, 0xff, 0xe1, 0x88, 0x7, 0xe1, 0x9d,
    0xb3, 0x0, 0xe, 0x74, 0x6, 0x88, 0x3, 0x1d,
    0x6c, 0x54, 0x0, 0x20, 0x10, 0x88, 0x3, 0xff,
    0xa8, 0xba, 0x1, 0xb1, 0x40,

    /* U+FF49 "ｉ" */
    0x9e, 0x1e, 0x20, 0x7c, 0x13, 0x80, 0x56, 0x0,
    0xff, 0xe3, 0x80,

    /* U+FF4B "ｋ" */
    0xf5, 0x0, 0xff, 0xe7, 0xc9, 0x80, 0x76, 0x1,
    0x80, 0x6b, 0x69, 0x0, 0xd6, 0xb4, 0x1, 0xa1,
    0xcd, 0xc0, 0x3b, 0x7a, 0x10, 0x2, 0x81, 0x39,
    0xa1, 0x0, 0xe6, 0x5a, 0xd, 0x50, 0xa, 0xec,
    0x0,

    /* U+FF4C "ｌ" */
    0xe6, 0x0, 0xff, 0xef, 0xae, 0x0, 0x50, 0x9f,
    0xe7, 0x3e, 0xdf, 0x70,

    /* U+FF4D "ｍ" */
    0x91, 0x4b, 0xc8, 0x0, 0x46, 0x51, 0x83, 0xef,
    0xed, 0xbd, 0xe7, 0xc8, 0xe0, 0x82, 0x5b, 0x3b,
    0x93, 0x5d, 0x6c, 0x10, 0x34, 0x2, 0xe1, 0x10,
    0x4, 0x46, 0x1, 0xff, 0xe8,

    /* U+FF4E "ｎ" */
    0x37, 0x8, 0xca, 0x30, 0x69, 0xcf, 0x91, 0xc1,
    0x1, 0xd7, 0x5a, 0x4, 0x1, 0x10, 0x0, 0x44,
    0x60, 0x1f, 0xfd, 0x40,

    /* U+FF4F "ｏ" */
    0x1, 0x8c, 0xc4, 0x8, 0xf, 0x9c, 0x40, 0xfc,
    0xac, 0xad, 0x11, 0x65, 0x9, 0x60, 0x1a, 0xd0,
    0x44, 0x1, 0x84, 0x47, 0x80, 0x1b, 0xf, 0xd5,
    0x80, 0xc, 0xb0, 0x77, 0x6f, 0xf5, 0xd9, 0x1,
    0x37, 0x5d, 0xa8, 0x0,

    /* U+FF50 "ｐ" */
    0x49, 0x3b, 0xed, 0x80, 0x0, 0xb7, 0xfb, 0x21,
    0xdc, 0x1, 0x62, 0x12, 0xc4, 0x80, 0x7c, 0x62,
    0x20, 0xf, 0x38, 0x7, 0xeb, 0x21, 0x0, 0x49,
    0xb, 0x3d, 0x80, 0x5d, 0xfd, 0x74, 0xc0, 0x1,
    0x7d, 0xfd, 0x50, 0x8, 0x40, 0x3f, 0xf8, 0x8b,
    0xe0, 0x1f, 0x0,

    /* U+FF51 "ｑ" */
    0x3, 0xbe, 0xc6, 0x93, 0x36, 0x16, 0x7f, 0x99,
    0x90, 0x92, 0x47, 0x20, 0x4, 0xe0, 0xf, 0xfe,
    0x11, 0xe0, 0x7, 0xa9, 0x98, 0x27, 0x40, 0x6,
    0x98, 0xee, 0x60, 0x80, 0x1b, 0xbf, 0x58, 0x40,
    0x3f, 0xf9, 0x7e, 0xa0,

    /* U+FF52 "ｒ" */
    0x18, 0x3, 0xac, 0x82, 0x66, 0x76, 0xd7, 0x0,
    0xd6, 0x3b, 0x30, 0x1, 0xc2, 0x1, 0xc6, 0x1,
    0xff, 0xcd,

    /* U+FF53 "ｓ" */
    0x1, 0x9c, 0xc4, 0x98, 0x3, 0xcf, 0xbf, 0xa0,
    0x4, 0x5e, 0x46, 0xf6, 0x3, 0x35, 0x6c, 0x20,
    0x13, 0x76, 0xe7, 0x50, 0x4, 0x2d, 0x5c, 0x8e,
    0x74, 0x40, 0x3, 0x1, 0x22, 0x67, 0x73, 0x19,
    0x83, 0x1d, 0xfe, 0xe8, 0x0,

    /* U+FF54 "ｔ" */
    0x0, 0x3c, 0x80, 0x7b, 0x80, 0x3a, 0xb1, 0xdd,
    0xbb, 0x24, 0x79, 0x27, 0x74, 0xa4, 0x6e, 0x67,
    0x84, 0x3, 0xfc, 0x20, 0x1f, 0x8c, 0x3, 0xd8,
    0x84, 0x0, 0x10, 0x3, 0x2e, 0xf7, 0xb8, 0x5,
    0x7d, 0x9e, 0xc0,

    /* U+FF55 "ｕ" */
    0x39, 0x0, 0xd2, 0x6c, 0xe0, 0x19, 0xd8, 0x3,
    0xff, 0x9a, 0x20, 0x1e, 0x70, 0x60, 0x1a, 0x10,
    0x27, 0x9f, 0xf7, 0x18, 0x2, 0x3b, 0x79, 0x31,
    0x40,

    /* U+FF56 "ｖ" */
    0x75, 0x0, 0xca, 0xe3, 0x0, 0x1a, 0x5, 0x89,
    0x0, 0x6, 0x4c, 0xd, 0xc0, 0x9, 0x60, 0x5,
    0xa8, 0x82, 0xd0, 0x0, 0x8d, 0x98, 0x66, 0x0,
    0xa6, 0xaa, 0x0, 0xca, 0x64, 0xc0, 0x0,

    /* U+FF57 "ｗ" */
    0x84, 0x0, 0x9d, 0xc0, 0x11, 0xc0, 0xf8, 0x5,
    0x30, 0x1, 0x48, 0xea, 0x0, 0x11, 0x4d, 0x40,
    0x9, 0xa8, 0x2a, 0x1b, 0xab, 0xf0, 0x30, 0x40,
    0x7c, 0x7, 0x72, 0xa8, 0x2d, 0x0, 0x1a, 0xe6,
    0x42, 0x44, 0x45, 0xf0, 0x2, 0x4, 0x58, 0x2,
    0xbc, 0x94, 0x2, 0x44, 0x28, 0x1, 0x51, 0x0,
    0x0,

    /* U+FF58 "ｘ" */
    0x29, 0x10, 0x0, 0xc9, 0x10, 0x34, 0x1, 0x66,
    0x41, 0x22, 0xea, 0x94, 0x1, 0x74, 0x5e, 0x80,
    0x61, 0x0, 0x10, 0x6, 0xf9, 0x7d, 0x0, 0xa4,
    0x5a, 0x46, 0x1, 0x1f, 0x40, 0x1e, 0xe8,

    /* U+FF59 "ｙ" */
    0x86, 0x0, 0xcb, 0x1b, 0x0, 0x1a, 0x39, 0x41,
    0x80, 0x6, 0x4e, 0x13, 0x60, 0xa, 0x51, 0x7,
    0x34, 0x7, 0x90, 0x9, 0xb9, 0x4c, 0xc0, 0x14,
    0xac, 0xd8, 0x6, 0x16, 0x37, 0x0, 0xe3, 0x61,
    0x0, 0xc8, 0xb6, 0x1, 0x37, 0x5d, 0x88, 0x2,
    0x6c, 0xf4, 0x0, 0xc0,

    /* U+FF5B "｛" */
    0x0, 0x46, 0x28, 0x1, 0xf1, 0x40, 0x3f, 0xf8,
    0x2, 0x1, 0x8, 0x4, 0x5c, 0xc0, 0x2, 0xc6,
    0x0, 0x8c, 0x3, 0x84, 0x3, 0xff, 0x84, 0xf8,
    0xa0,

    /* U+FF5C "｜" */
    0x0, 0xc, 0x0, 0x7f, 0xf3, 0x7c,

    /* U+FF5D "｝" */
    0x5c, 0x70, 0x2, 0xe4, 0x0, 0x7f, 0xf0, 0x84,
    0x3, 0x84, 0x2, 0x6e, 0x20, 0x3, 0x61, 0x0,
    0x46, 0x1, 0xf8, 0x40, 0x3e, 0x5c, 0x70, 0x0,

    /* U+FF5E "～" */
    0x0, 0x84, 0x80, 0x3f, 0xc3, 0x5d, 0xbc, 0xa0,
    0x1c, 0x60, 0xd, 0x1e, 0xfa, 0xb8, 0x0, 0x8f,
    0x8, 0x8f, 0x62, 0x9, 0x8d, 0x6d, 0x19, 0x24,
    0x4b, 0x0, 0xc5, 0xe7, 0xa5, 0x6c, 0x0
};


/*---------------------
 *  GLYPH DESCRIPTION
 *--------------------*/

static const lv_font_fmt_txt_glyph_dsc_t glyph_dsc[] = {
    {.bitmap_index = 0, .adv_w = 0, .box_w = 0, .box_h = 0, .ofs_x = 0, .ofs_y = 0} /* id = 0 reserved */,
    {.bitmap_index = 0, .adv_w = 50, .box_w = 0, .box_h = 0, .ofs_x = 0, .ofs_y = 0},
    {.bitmap_index = 0, .adv_w = 72, .box_w = 3, .box_h = 11, .ofs_x = 1, .ofs_y = 0},
    {.bitmap_index = 16, .adv_w = 106, .box_w = 5, .box_h = 5, .ofs_x = 1, .ofs_y = 6},
    {.bitmap_index = 28, .adv_w = 124, .box_w = 8, .box_h = 11, .ofs_x = 0, .ofs_y = 0},
    {.bitmap_index = 71, .adv_w = 124, .box_w = 7, .box_h = 14, .ofs_x = 0, .ofs_y = -2},
    {.bitmap_index = 116, .adv_w = 206, .box_w = 13, .box_h = 11, .ofs_x = 0, .ofs_y = 0},
    {.bitmap_index = 186, .adv_w = 152, .box_w = 10, .box_h = 11, .ofs_x = 0, .ofs_y = 0},
    {.bitmap_index = 236, .adv_w = 62, .box_w = 2, .box_h = 5, .ofs_x = 1, .ofs_y = 6},
    {.bitmap_index = 242, .adv_w = 76, .box_w = 4, .box_h = 15, .ofs_x = 1, .ofs_y = -3},
    {.bitmap_index = 275, .adv_w = 76, .box_w = 4, .box_h = 15, .ofs_x = 0, .ofs_y = -3},
    {.bitmap_index = 306, .adv_w = 105, .box_w = 6, .box_h = 5, .ofs_x = 0, .ofs_y = 6},
    {.bitmap_index = 322, .adv_w = 124, .box_w = 8, .box_h = 8, .ofs_x = 0, .ofs_y = 2},
    {.bitmap_index = 342, .adv_w = 62, .box_w = 4, .box_h = 5, .ofs_x = 0, .ofs_y = -3},
    {.bitmap_index = 353, .adv_w = 78, .box_w = 5, .box_h = 2, .ofs_x = 0, .ofs_y = 3},
    {.bitmap_index = 358, .adv_w = 62, .box_w = 2, .box_h = 2, .ofs_x = 1, .ofs_y = 0},
    {.bitmap_index = 361, .adv_w = 88, .box_w = 6, .box_h = 14, .ofs_x = 0, .ofs_y = -3},
    {.bitmap_index = 397, .adv_w = 124, .box_w = 8, .box_h = 11, .ofs_x = 0, .ofs_y = 0},
    {.bitmap_index = 440, .adv_w = 124, .box_w = 6, .box_h = 11, .ofs_x = 1, .ofs_y = 0},
    {.bitmap_index = 457, .adv_w = 124, .box_w = 8, .box_h = 11, .ofs_x = 0, .ofs_y = 0},
    {.bitmap_index = 496, .adv_w = 124, .box_w = 7, .box_h = 11, .ofs_x = 0, .ofs_y = 0},
    {.bitmap_index = 532, .adv_w = 124, .box_w = 8, .box_h = 11, .ofs_x = 0, .ofs_y = 0},
    {.bitmap_index = 567, .adv_w = 124, .box_w = 8, .box_h = 11, .ofs_x = 0, .ofs_y = 0},
    {.bitmap_index = 606, .adv_w = 124, .box_w = 8, .box_h = 11, .ofs_x = 0, .ofs_y = 0},
    {.bitmap_index = 650, .adv_w = 124, .box_w = 8, .box_h = 11, .ofs_x = 0, .ofs_y = 0},
    {.bitmap_index = 683, .adv_w = 124, .box_w = 8, .box_h = 11, .ofs_x = 0, .ofs_y = 0},
    {.bitmap_index = 727, .adv_w = 124, .box_w = 8, .box_h = 11, .ofs_x = 0, .ofs_y = 0},
    {.bitmap_index = 769, .adv_w = 62, .box_w = 2, .box_h = 8, .ofs_x = 1, .ofs_y = 0},
    {.bitmap_index = 776, .adv_w = 62, .box_w = 4, .box_h = 11, .ofs_x = 0, .ofs_y = -3},
    {.bitmap_index = 794, .adv_w = 124, .box_w = 8, .box_h = 7, .ofs_x = 0, .ofs_y = 2},
    {.bitmap_index = 821, .adv_w = 124, .box_w = 8, .box_h = 4, .ofs_x = 0, .ofs_y = 4},
    {.bitmap_index = 831, .adv_w = 124, .box_w = 8, .box_h = 7, .ofs_x = 0, .ofs_y = 2},
    {.bitmap_index = 857, .adv_w = 106, .box_w = 6, .box_h = 11, .ofs_x = 0, .ofs_y = 0},
    {.bitmap_index = 886, .adv_w = 212, .box_w = 13, .box_h = 13, .ofs_x = 0, .ofs_y = -2},
    {.bitmap_index = 969, .adv_w = 136, .box_w = 9, .box_h = 11, .ofs_x = 0, .ofs_y = 0},
    {.bitmap_index = 1013, .adv_w = 147, .box_w = 8, .box_h = 11, .ofs_x = 1, .ofs_y = 0},
    {.bitmap_index = 1052, .adv_w = 143, .box_w = 9, .box_h = 11, .ofs_x = 0, .ofs_y = 0},
    {.bitmap_index = 1095, .adv_w = 154, .box_w = 8, .box_h = 11, .ofs_x = 1, .ofs_y = 0},
    {.bitmap_index = 1131, .adv_w = 132, .box_w = 7, .box_h = 11, .ofs_x = 1, .ofs_y = 0},
    {.bitmap_index = 1158, .adv_w = 124, .box_w = 7, .box_h = 11, .ofs_x = 1, .ofs_y = 0},
    {.bitmap_index = 1181, .adv_w = 154, .box_w = 9, .box_h = 11, .ofs_x = 0, .ofs_y = 0},
    {.bitmap_index = 1227, .adv_w = 163, .box_w = 8, .box_h = 11, .ofs_x = 1, .ofs_y = 0},
    {.bitmap_index = 1246, .adv_w = 66, .box_w = 2, .box_h = 11, .ofs_x = 1, .ofs_y = 0},
    {.bitmap_index = 1251, .adv_w = 120, .box_w = 7, .box_h = 11, .ofs_x = 0, .ofs_y = 0},
    {.bitmap_index = 1268, .adv_w = 145, .box_w = 8, .box_h = 11, .ofs_x = 1, .ofs_y = 0},
    {.bitmap_index = 1307, .adv_w = 122, .box_w = 7, .box_h = 11, .ofs_x = 1, .ofs_y = 0},
    {.bitmap_index = 1316, .adv_w = 182, .box_w = 9, .box_h = 11, .ofs_x = 1, .ofs_y = 0},
    {.bitmap_index = 1360, .adv_w = 162, .box_w = 8, .box_h = 11, .ofs_x = 1, .ofs_y = 0},
    {.bitmap_index = 1395, .adv_w = 166, .box_w = 10, .box_h = 11, .ofs_x = 0, .ofs_y = 0},
    {.bitmap_index = 1446, .adv_w = 142, .box_w = 8, .box_h = 11, .ofs_x = 1, .ofs_y = 0},
    {.bitmap_index = 1480, .adv_w = 166, .box_w = 10, .box_h = 14, .ofs_x = 0, .ofs_y = -3},
    {.bitmap_index = 1544, .adv_w = 142, .box_w = 8, .box_h = 11, .ofs_x = 1, .ofs_y = 0},
    {.bitmap_index = 1582, .adv_w = 134, .box_w = 8, .box_h = 11, .ofs_x = 0, .ofs_y = 0},
    {.bitmap_index = 1623, .adv_w = 134, .box_w = 8, .box_h = 11, .ofs_x = 0, .ofs_y = 0},
    {.bitmap_index = 1637, .adv_w = 162, .box_w = 8, .box_h = 11, .ofs_x = 1, .ofs_y = 0},
    {.bitmap_index = 1662, .adv_w = 129, .box_w = 9, .box_h = 11, .ofs_x = 0, .ofs_y = 0},
    {.bitmap_index = 1708, .adv_w = 197, .box_w = 12, .box_h = 11, .ofs_x = 0, .ofs_y = 0},
    {.bitmap_index = 1774, .adv_w = 128, .box_w = 8, .box_h = 11, .ofs_x = 0, .ofs_y = 0},
    {.bitmap_index = 1817, .adv_w = 119, .box_w = 9, .box_h = 11, .ofs_x = -1, .ofs_y = 0},
    {.bitmap_index = 1851, .adv_w = 135, .box_w = 8, .box_h = 11, .ofs_x = 0, .ofs_y = 0},
    {.bitmap_index = 1888, .adv_w = 76, .box_w = 4, .box_h = 14, .ofs_x = 1, .ofs_y = -3},
    {.bitmap_index = 1898, .adv_w = 88, .box_w = 6, .box_h = 14, .ofs_x = 0, .ofs_y = -3},
    {.bitmap_index = 1933, .adv_w = 76, .box_w = 4, .box_h = 14, .ofs_x = 0, .ofs_y = -3},
    {.bitmap_index = 1942, .adv_w = 124, .box_w = 7, .box_h = 6, .ofs_x = 0, .ofs_y = 5},
    {.bitmap_index = 1963, .adv_w = 125, .box_w = 8, .box_h = 1, .ofs_x = 0, .ofs_y = -2},
    {.bitmap_index = 1966, .adv_w = 136, .box_w = 4, .box_h = 4, .ofs_x = 2, .ofs_y = 9},
    {.bitmap_index = 1975, .adv_w = 126, .box_w = 7, .box_h = 8, .ofs_x = 0, .ofs_y = 0},
    {.bitmap_index = 2003, .adv_w = 138, .box_w = 7, .box_h = 11, .ofs_x = 1, .ofs_y = 0},
    {.bitmap_index = 2031, .adv_w = 114, .box_w = 7, .box_h = 8, .ofs_x = 0, .ofs_y = 0},
    {.bitmap_index = 2055, .adv_w = 139, .box_w = 8, .box_h = 11, .ofs_x = 0, .ofs_y = 0},
    {.bitmap_index = 2089, .adv_w = 124, .box_w = 8, .box_h = 8, .ofs_x = 0, .ofs_y = 0},
    {.bitmap_index = 2120, .adv_w = 73, .box_w = 5, .box_h = 11, .ofs_x = 0, .ofs_y = 0},
    {.bitmap_index = 2137, .adv_w = 126, .box_w = 8, .box_h = 11, .ofs_x = 0, .ofs_y = -3},
    {.bitmap_index = 2180, .adv_w = 136, .box_w = 7, .box_h = 11, .ofs_x = 1, .ofs_y = 0},
    {.bitmap_index = 2201, .adv_w = 62, .box_w = 2, .box_h = 11, .ofs_x = 1, .ofs_y = 0},
    {.bitmap_index = 2209, .adv_w = 62, .box_w = 4, .box_h = 14, .ofs_x = -1, .ofs_y = -3},
    {.bitmap_index = 2226, .adv_w = 124, .box_w = 7, .box_h = 11, .ofs_x = 1, .ofs_y = 0},
    {.bitmap_index = 2255, .adv_w = 64, .box_w = 3, .box_h = 11, .ofs_x = 1, .ofs_y = 0},
    {.bitmap_index = 2263, .adv_w = 207, .box_w = 11, .box_h = 8, .ofs_x = 1, .ofs_y = 0},
    {.bitmap_index = 2287, .adv_w = 137, .box_w = 7, .box_h = 8, .ofs_x = 1, .ofs_y = 0},
    {.bitmap_index = 2304, .adv_w = 136, .box_w = 8, .box_h = 8, .ofs_x = 0, .ofs_y = 0},
    {.bitmap_index = 2334, .adv_w = 139, .box_w = 7, .box_h = 11, .ofs_x = 1, .ofs_y = -3},
    {.bitmap_index = 2366, .adv_w = 139, .box_w = 8, .box_h = 11, .ofs_x = 0, .ofs_y = -3},
    {.bitmap_index = 2402, .adv_w = 87, .box_w = 5, .box_h = 9, .ofs_x = 1, .ofs_y = 0},
    {.bitmap_index = 2415, .adv_w = 105, .box_w = 7, .box_h = 8, .ofs_x = 0, .ofs_y = 0},
    {.bitmap_index = 2443, .adv_w = 84, .box_w = 6, .box_h = 10, .ofs_x = 0, .ofs_y = 0},
    {.bitmap_index = 2462, .adv_w = 136, .box_w = 7, .box_h = 8, .ofs_x = 1, .ofs_y = 0},
    {.bitmap_index = 2480, .adv_w = 117, .box_w = 8, .box_h = 8, .ofs_x = 0, .ofs_y = 0},
    {.bitmap_index = 2511, .adv_w = 180, .box_w = 11, .box_h = 8, .ofs_x = 0, .ofs_y = 0},
    {.bitmap_index = 2556, .adv_w = 112, .box_w = 7, .box_h = 8, .ofs_x = 0, .ofs_y = 0},
    {.bitmap_index = 2584, .adv_w = 117, .box_w = 8, .box_h = 11, .ofs_x = 0, .ofs_y = -3},
    {.bitmap_index = 2625, .adv_w = 106, .box_w = 7, .box_h = 8, .ofs_x = 0, .ofs_y = 0},
    {.bitmap_index = 2652, .adv_w = 76, .box_w = 5, .box_h = 14, .ofs_x = 0, .ofs_y = -3},
    {.bitmap_index = 2683, .adv_w = 60, .box_w = 2, .box_h = 16, .ofs_x = 1, .ofs_y = -4},
    {.bitmap_index = 2688, .adv_w = 76, .box_w = 5, .box_h = 14, .ofs_x = 0, .ofs_y = -3},
    {.bitmap_index = 2718, .adv_w = 124, .box_w = 8, .box_h = 2, .ofs_x = 0, .ofs_y = 4},
    {.bitmap_index = 2727, .adv_w = 83, .box_w = 5, .box_h = 4, .ofs_x = 0, .ofs_y = 7},
    {.bitmap_index = 2736, .adv_w = 224, .box_w = 10, .box_h = 11, .ofs_x = 2, .ofs_y = 0},
    {.bitmap_index = 2782, .adv_w = 200, .box_w = 12, .box_h = 1, .ofs_x = 0, .ofs_y = 4},
    {.bitmap_index = 2786, .adv_w = 224, .box_w = 3, .box_h = 5, .ofs_x = 11, .ofs_y = 8},
    {.bitmap_index = 2793, .adv_w = 224, .box_w = 3, .box_h = 5, .ofs_x = 0, .ofs_y = 7},
    {.bitmap_index = 2801, .adv_w = 224, .box_w = 6, .box_h = 5, .ofs_x = 8, .ofs_y = 8},
    {.bitmap_index = 2815, .adv_w = 224, .box_w = 6, .box_h = 5, .ofs_x = 0, .ofs_y = 7},
    {.bitmap_index = 2831, .adv_w = 224, .box_w = 5, .box_h = 5, .ofs_x = 0, .ofs_y = -1},
    {.bitmap_index = 2843, .adv_w = 224, .box_w = 5, .box_h = 5, .ofs_x = 0, .ofs_y = -1},
    {.bitmap_index = 2856, .adv_w = 224, .box_w = 14, .box_h = 3, .ofs_x = 0, .ofs_y = 4},
    {.bitmap_index = 2868, .adv_w = 224, .box_w = 14, .box_h = 13, .ofs_x = 0, .ofs_y = -2},
    {.bitmap_index = 2937, .adv_w = 224, .box_w = 14, .box_h = 12, .ofs_x = 0, .ofs_y = -1},
    {.bitmap_index = 2974, .adv_w = 224, .box_w = 14, .box_h = 13, .ofs_x = 0, .ofs_y = -1},
    {.bitmap_index = 3003, .adv_w = 224, .box_w = 14, .box_h = 12, .ofs_x = 0, .ofs_y = -1},
    {.bitmap_index = 3045, .adv_w = 224, .box_w = 14, .box_h = 12, .ofs_x = 0, .ofs_y = -1},
    {.bitmap_index = 3098, .adv_w = 224, .box_w = 13, .box_h = 14, .ofs_x = 0, .ofs_y = -2},
    {.bitmap_index = 3157, .adv_w = 224, .box_w = 13, .box_h = 14, .ofs_x = 0, .ofs_y = -2},
    {.bitmap_index = 3224, .adv_w = 224, .box_w = 14, .box_h = 12, .ofs_x = 0, .ofs_y = -1},
    {.bitmap_index = 3268, .adv_w = 224, .box_w = 13, .box_h = 12, .ofs_x = 0, .ofs_y = -1},
    {.bitmap_index = 3337, .adv_w = 224, .box_w = 14, .box_h = 13, .ofs_x = 0, .ofs_y = -1},
    {.bitmap_index = 3382, .adv_w = 224, .box_w = 12, .box_h = 13, .ofs_x = 1, .ofs_y = -1},
    {.bitmap_index = 3428, .adv_w = 224, .box_w = 14, .box_h = 13, .ofs_x = 0, .ofs_y = -1},
    {.bitmap_index = 3485, .adv_w = 224, .box_w = 12, .box_h = 13, .ofs_x = 1, .ofs_y = -1},
    {.bitmap_index = 3544, .adv_w = 224, .box_w = 13, .box_h = 14, .ofs_x = 0, .ofs_y = -2},
    {.bitmap_index = 3622, .adv_w = 224, .box_w = 14, .box_h = 13, .ofs_x = 0, .ofs_y = -1},
    {.bitmap_index = 3678, .adv_w = 224, .box_w = 14, .box_h = 13, .ofs_x = 0, .ofs_y = -1},
    {.bitmap_index = 3762, .adv_w = 224, .box_w = 14, .box_h = 14, .ofs_x = 0, .ofs_y = -2},
    {.bitmap_index = 3839, .adv_w = 224, .box_w = 14, .box_h = 13, .ofs_x = 0, .ofs_y = -1},
    {.bitmap_index = 3913, .adv_w = 224, .box_w = 14, .box_h = 14, .ofs_x = 0, .ofs_y = -2},
    {.bitmap_index = 3992, .adv_w = 224, .box_w = 14, .box_h = 14, .ofs_x = 0, .ofs_y = -2},
    {.bitmap_index = 4070, .adv_w = 224, .box_w = 14, .box_h = 14, .ofs_x = 0, .ofs_y = -2},
    {.bitmap_index = 4136, .adv_w = 224, .box_w = 14, .box_h = 13, .ofs_x = 0, .ofs_y = -1},
    {.bitmap_index = 4203, .adv_w = 224, .box_w = 12, .box_h = 13, .ofs_x = 1, .ofs_y = -2},
    {.bitmap_index = 4262, .adv_w = 224, .box_w = 14, .box_h = 13, .ofs_x = 0, .ofs_y = -1},
    {.bitmap_index = 4326, .adv_w = 224, .box_w = 14, .box_h = 14, .ofs_x = 0, .ofs_y = -2},
    {.bitmap_index = 4407, .adv_w = 224, .box_w = 14, .box_h = 10, .ofs_x = 0, .ofs_y = 0},
    {.bitmap_index = 4429, .adv_w = 224, .box_w = 14, .box_h = 13, .ofs_x = 0, .ofs_y = -2},
    {.bitmap_index = 4474, .adv_w = 224, .box_w = 14, .box_h = 12, .ofs_x = 0, .ofs_y = -1},
    {.bitmap_index = 4539, .adv_w = 224, .box_w = 14, .box_h = 12, .ofs_x = 0, .ofs_y = -1},
    {.bitmap_index = 4606, .adv_w = 224, .box_w = 14, .box_h = 13, .ofs_x = 0, .ofs_y = -1},
    {.bitmap_index = 4672, .adv_w = 224, .box_w = 14, .box_h = 14, .ofs_x = 0, .ofs_y = -2},
    {.bitmap_index = 4744, .adv_w = 224, .box_w = 14, .box_h = 14, .ofs_x = 0, .ofs_y = -2},
    {.bitmap_index = 4821, .adv_w = 224, .box_w = 14, .box_h = 13, .ofs_x = 0, .ofs_y = -1},
    {.bitmap_index = 4883, .adv_w = 224, .box_w = 14, .box_h = 15, .ofs_x = 0, .ofs_y = -2},
    {.bitmap_index = 4932, .adv_w = 224, .box_w = 14, .box_h = 14, .ofs_x = 0, .ofs_y = -2},
    {.bitmap_index = 5009, .adv_w = 224, .box_w = 14, .box_h = 14, .ofs_x = 0, .ofs_y = -2},
    {.bitmap_index = 5081, .adv_w = 224, .box_w = 14, .box_h = 14, .ofs_x = 0, .ofs_y = -2},
    {.bitmap_index = 5160, .adv_w = 224, .box_w = 14, .box_h = 13, .ofs_x = 0, .ofs_y = -1},
    {.bitmap_index = 5228, .adv_w = 224, .box_w = 14, .box_h = 14, .ofs_x = 0, .ofs_y = -1},
    {.bitmap_index = 5304, .adv_w = 224, .box_w = 14, .box_h = 14, .ofs_x = 0, .ofs_y = -2},
    {.bitmap_index = 5378, .adv_w = 224, .box_w = 13, .box_h = 14, .ofs_x = 1, .ofs_y = -2},
    {.bitmap_index = 5452, .adv_w = 224, .box_w = 13, .box_h = 14, .ofs_x = 0, .ofs_y = -1},
    {.bitmap_index = 5514, .adv_w = 224, .box_w = 14, .box_h = 14, .ofs_x = 0, .ofs_y = -2},
    {.bitmap_index = 5601, .adv_w = 224, .box_w = 14, .box_h = 14, .ofs_x = 0, .ofs_y = -1},
    {.bitmap_index = 5679, .adv_w = 224, .box_w = 14, .box_h = 13, .ofs_x = 0, .ofs_y = -1},
    {.bitmap_index = 5755, .adv_w = 224, .box_w = 14, .box_h = 14, .ofs_x = 0, .ofs_y = -2},
    {.bitmap_index = 5832, .adv_w = 224, .box_w = 14, .box_h = 14, .ofs_x = 0, .ofs_y = -2},
    {.bitmap_index = 5899, .adv_w = 224, .box_w = 14, .box_h = 13, .ofs_x = 0, .ofs_y = -1},
    {.bitmap_index = 5975, .adv_w = 224, .box_w = 14, .box_h = 13, .ofs_x = 0, .ofs_y = -1},
    {.bitmap_index = 6041, .adv_w = 224, .box_w = 14, .box_h = 13, .ofs_x = 0, .ofs_y = -1},
    {.bitmap_index = 6114, .adv_w = 224, .box_w = 14, .box_h = 14, .ofs_x = 0, .ofs_y = -2},
    {.bitmap_index = 6198, .adv_w = 224, .box_w = 14, .box_h = 13, .ofs_x = 0, .ofs_y = -1},
    {.bitmap_index = 6264, .adv_w = 224, .box_w = 14, .box_h = 13, .ofs_x = 0, .ofs_y = -1},
    {.bitmap_index = 6339, .adv_w = 224, .box_w = 14, .box_h = 13, .ofs_x = 0, .ofs_y = -1},
    {.bitmap_index = 6413, .adv_w = 224, .box_w = 13, .box_h = 14, .ofs_x = 0, .ofs_y = -2},
    {.bitmap_index = 6488, .adv_w = 224, .box_w = 14, .box_h = 15, .ofs_x = 0, .ofs_y = -2},
    {.bitmap_index = 6573, .adv_w = 224, .box_w = 14, .box_h = 14, .ofs_x = 0, .ofs_y = -2},
    {.bitmap_index = 6657, .adv_w = 224, .box_w = 13, .box_h = 15, .ofs_x = 0, .ofs_y = -2},
    {.bitmap_index = 6723, .adv_w = 224, .box_w = 14, .box_h = 14, .ofs_x = 0, .ofs_y = -2},
    {.bitmap_index = 6807, .adv_w = 224, .box_w = 14, .box_h = 13, .ofs_x = 0, .ofs_y = -1},
    {.bitmap_index = 6883, .adv_w = 224, .box_w = 14, .box_h = 14, .ofs_x = 0, .ofs_y = -2},
    {.bitmap_index = 6956, .adv_w = 224, .box_w = 13, .box_h = 14, .ofs_x = 0, .ofs_y = -2},
    {.bitmap_index = 7036, .adv_w = 224, .box_w = 14, .box_h = 14, .ofs_x = 0, .ofs_y = -1},
    {.bitmap_index = 7113, .adv_w = 224, .box_w = 13, .box_h = 13, .ofs_x = 0, .ofs_y = -1},
    {.bitmap_index = 7186, .adv_w = 224, .box_w = 14, .box_h = 15, .ofs_x = 0, .ofs_y = -2},
    {.bitmap_index = 7273, .adv_w = 224, .box_w = 14, .box_h = 14, .ofs_x = 0, .ofs_y = -2},
    {.bitmap_index = 7353, .adv_w = 224, .box_w = 14, .box_h = 15, .ofs_x = 0, .ofs_y = -2},
    {.bitmap_index = 7447, .adv_w = 224, .box_w = 14, .box_h = 14, .ofs_x = 0, .ofs_y = -2},
    {.bitmap_index = 7534, .adv_w = 224, .box_w = 14, .box_h = 13, .ofs_x = 0, .ofs_y = -1},
    {.bitmap_index = 7618, .adv_w = 224, .box_w = 14, .box_h = 15, .ofs_x = 0, .ofs_y = -2},
    {.bitmap_index = 7703, .adv_w = 224, .box_w = 14, .box_h = 14, .ofs_x = 0, .ofs_y = -2},
    {.bitmap_index = 7781, .adv_w = 224, .box_w = 14, .box_h = 14, .ofs_x = 0, .ofs_y = -2},
    {.bitmap_index = 7863, .adv_w = 224, .box_w = 13, .box_h = 14, .ofs_x = 1, .ofs_y = -2},
    {.bitmap_index = 7938, .adv_w = 224, .box_w = 14, .box_h = 14, .ofs_x = 0, .ofs_y = -2},
    {.bitmap_index = 8019, .adv_w = 224, .box_w = 14, .box_h = 14, .ofs_x = 0, .ofs_y = -2},
    {.bitmap_index = 8087, .adv_w = 224, .box_w = 14, .box_h = 13, .ofs_x = 0, .ofs_y = -1},
    {.bitmap_index = 8158, .adv_w = 224, .box_w = 14, .box_h = 14, .ofs_x = 0, .ofs_y = -2},
    {.bitmap_index = 8242, .adv_w = 224, .box_w = 14, .box_h = 14, .ofs_x = 0, .ofs_y = -2},
    {.bitmap_index = 8313, .adv_w = 224, .box_w = 14, .box_h = 13, .ofs_x = 0, .ofs_y = -1},
    {.bitmap_index = 8380, .adv_w = 224, .box_w = 14, .box_h = 14, .ofs_x = 0, .ofs_y = -2},
    {.bitmap_index = 8460, .adv_w = 224, .box_w = 14, .box_h = 14, .ofs_x = 0, .ofs_y = -2},
    {.bitmap_index = 8539, .adv_w = 224, .box_w = 14, .box_h = 13, .ofs_x = 0, .ofs_y = -2},
    {.bitmap_index = 8604, .adv_w = 224, .box_w = 14, .box_h = 15, .ofs_x = 0, .ofs_y = -2},
    {.bitmap_index = 8683, .adv_w = 224, .box_w = 12, .box_h = 13, .ofs_x = 1, .ofs_y = -1},
    {.bitmap_index = 8739, .adv_w = 224, .box_w = 14, .box_h = 13, .ofs_x = 0, .ofs_y = -2},
    {.bitmap_index = 8807, .adv_w = 224, .box_w = 12, .box_h = 13, .ofs_x = 1, .ofs_y = -2},
    {.bitmap_index = 8865, .adv_w = 224, .box_w = 14, .box_h = 13, .ofs_x = 0, .ofs_y = -2},
    {.bitmap_index = 8942, .adv_w = 224, .box_w = 14, .box_h = 13, .ofs_x = 0, .ofs_y = -1},
    {.bitmap_index = 9019, .adv_w = 224, .box_w = 14, .box_h = 14, .ofs_x = 0, .ofs_y = -2},
    {.bitmap_index = 9107, .adv_w = 224, .box_w = 14, .box_h = 13, .ofs_x = 0, .ofs_y = -1},
    {.bitmap_index = 9193, .adv_w = 224, .box_w = 14, .box_h = 15, .ofs_x = 0, .ofs_y = -2},
    {.bitmap_index = 9290, .adv_w = 224, .box_w = 14, .box_h = 13, .ofs_x = 0, .ofs_y = -2},
    {.bitmap_index = 9343, .adv_w = 224, .box_w = 12, .box_h = 13, .ofs_x = 1, .ofs_y = -1},
    {.bitmap_index = 9392, .adv_w = 224, .box_w = 13, .box_h = 13, .ofs_x = 1, .ofs_y = -1},
    {.bitmap_index = 9446, .adv_w = 224, .box_w = 14, .box_h = 14, .ofs_x = 0, .ofs_y = -2},
    {.bitmap_index = 9528, .adv_w = 224, .box_w = 14, .box_h = 13, .ofs_x = 0, .ofs_y = -2},
    {.bitmap_index = 9609, .adv_w = 224, .box_w = 13, .box_h = 14, .ofs_x = 0, .ofs_y = -2},
    {.bitmap_index = 9687, .adv_w = 224, .box_w = 13, .box_h = 14, .ofs_x = 0, .ofs_y = -2},
    {.bitmap_index = 9755, .adv_w = 224, .box_w = 13, .box_h = 14, .ofs_x = 0, .ofs_y = -2},
    {.bitmap_index = 9810, .adv_w = 224, .box_w = 13, .box_h = 14, .ofs_x = 0, .ofs_y = -2},
    {.bitmap_index = 9881, .adv_w = 224, .box_w = 13, .box_h = 13, .ofs_x = 0, .ofs_y = -1},
    {.bitmap_index = 9948, .adv_w = 224, .box_w = 13, .box_h = 15, .ofs_x = 0, .ofs_y = -2},
    {.bitmap_index = 10023, .adv_w = 224, .box_w = 13, .box_h = 13, .ofs_x = 0, .ofs_y = -1},
    {.bitmap_index = 10089, .adv_w = 224, .box_w = 14, .box_h = 15, .ofs_x = 0, .ofs_y = -2},
    {.bitmap_index = 10175, .adv_w = 224, .box_w = 14, .box_h = 15, .ofs_x = 0, .ofs_y = -2},
    {.bitmap_index = 10259, .adv_w = 224, .box_w = 13, .box_h = 14, .ofs_x = 0, .ofs_y = -2},
    {.bitmap_index = 10343, .adv_w = 224, .box_w = 13, .box_h = 13, .ofs_x = 0, .ofs_y = -1},
    {.bitmap_index = 10410, .adv_w = 224, .box_w = 13, .box_h = 14, .ofs_x = 0, .ofs_y = -2},
    {.bitmap_index = 10477, .adv_w = 224, .box_w = 14, .box_h = 14, .ofs_x = 0, .ofs_y = -2},
    {.bitmap_index = 10561, .adv_w = 224, .box_w = 14, .box_h = 14, .ofs_x = 0, .ofs_y = -2},
    {.bitmap_index = 10637, .adv_w = 224, .box_w = 14, .box_h = 14, .ofs_x = 0, .ofs_y = -2},
    {.bitmap_index = 10724, .adv_w = 224, .box_w = 14, .box_h = 14, .ofs_x = 0, .ofs_y = -2},
    {.bitmap_index = 10812, .adv_w = 224, .box_w = 14, .box_h = 14, .ofs_x = 0, .ofs_y = -2},
    {.bitmap_index = 10896, .adv_w = 224, .box_w = 14, .box_h = 14, .ofs_x = 0, .ofs_y = -2},
    {.bitmap_index = 10989, .adv_w = 224, .box_w = 14, .box_h = 14, .ofs_x = 0, .ofs_y = -2},
    {.bitmap_index = 11069, .adv_w = 224, .box_w = 13, .box_h = 14, .ofs_x = 0, .ofs_y = -2},
    {.bitmap_index = 11145, .adv_w = 224, .box_w = 14, .box_h = 13, .ofs_x = 0, .ofs_y = -1},
    {.bitmap_index = 11214, .adv_w = 224, .box_w = 14, .box_h = 14, .ofs_x = 0, .ofs_y = -1},
    {.bitmap_index = 11286, .adv_w = 224, .box_w = 14, .box_h = 14, .ofs_x = 0, .ofs_y = -1},
    {.bitmap_index = 11348, .adv_w = 224, .box_w = 12, .box_h = 12, .ofs_x = 1, .ofs_y = -1},
    {.bitmap_index = 11401, .adv_w = 224, .box_w = 13, .box_h = 12, .ofs_x = 1, .ofs_y = -1},
    {.bitmap_index = 11458, .adv_w = 224, .box_w = 14, .box_h = 13, .ofs_x = 0, .ofs_y = -1},
    {.bitmap_index = 11482, .adv_w = 224, .box_w = 14, .box_h = 13, .ofs_x = 0, .ofs_y = -1},
    {.bitmap_index = 11545, .adv_w = 224, .box_w = 14, .box_h = 14, .ofs_x = 0, .ofs_y = -2},
    {.bitmap_index = 11626, .adv_w = 224, .box_w = 14, .box_h = 13, .ofs_x = 0, .ofs_y = -1},
    {.bitmap_index = 11697, .adv_w = 224, .box_w = 12, .box_h = 14, .ofs_x = 1, .ofs_y = -2},
    {.bitmap_index = 11739, .adv_w = 224, .box_w = 14, .box_h = 13, .ofs_x = 0, .ofs_y = -1},
    {.bitmap_index = 11792, .adv_w = 224, .box_w = 13, .box_h = 12, .ofs_x = 1, .ofs_y = -1},
    {.bitmap_index = 11851, .adv_w = 224, .box_w = 13, .box_h = 13, .ofs_x = 0, .ofs_y = -1},
    {.bitmap_index = 11921, .adv_w = 224, .box_w = 14, .box_h = 13, .ofs_x = 0, .ofs_y = -2},
    {.bitmap_index = 11999, .adv_w = 224, .box_w = 14, .box_h = 12, .ofs_x = 0, .ofs_y = -1},
    {.bitmap_index = 12060, .adv_w = 224, .box_w = 14, .box_h = 13, .ofs_x = 0, .ofs_y = -2},
    {.bitmap_index = 12138, .adv_w = 224, .box_w = 14, .box_h = 13, .ofs_x = 0, .ofs_y = -1},
    {.bitmap_index = 12206, .adv_w = 224, .box_w = 14, .box_h = 15, .ofs_x = 0, .ofs_y = -2},
    {.bitmap_index = 12299, .adv_w = 224, .box_w = 14, .box_h = 12, .ofs_x = 0, .ofs_y = -1},
    {.bitmap_index = 12373, .adv_w = 224, .box_w = 14, .box_h = 12, .ofs_x = 0, .ofs_y = -1},
    {.bitmap_index = 12452, .adv_w = 224, .box_w = 14, .box_h = 15, .ofs_x = 0, .ofs_y = -2},
    {.bitmap_index = 12543, .adv_w = 224, .box_w = 14, .box_h = 13, .ofs_x = 0, .ofs_y = -2},
    {.bitmap_index = 12622, .adv_w = 224, .box_w = 14, .box_h = 13, .ofs_x = 0, .ofs_y = -1},
    {.bitmap_index = 12702, .adv_w = 224, .box_w = 13, .box_h = 13, .ofs_x = 0, .ofs_y = -1},
    {.bitmap_index = 12771, .adv_w = 224, .box_w = 12, .box_h = 13, .ofs_x = 1, .ofs_y = -2},
    {.bitmap_index = 12799, .adv_w = 224, .box_w = 13, .box_h = 13, .ofs_x = 0, .ofs_y = -2},
    {.bitmap_index = 12864, .adv_w = 224, .box_w = 14, .box_h = 13, .ofs_x = 0, .ofs_y = -2},
    {.bitmap_index = 12922, .adv_w = 224, .box_w = 13, .box_h = 14, .ofs_x = 1, .ofs_y = -2},
    {.bitmap_index = 13000, .adv_w = 224, .box_w = 13, .box_h = 13, .ofs_x = 0, .ofs_y = -2},
    {.bitmap_index = 13050, .adv_w = 224, .box_w = 14, .box_h = 14, .ofs_x = 0, .ofs_y = -2},
    {.bitmap_index = 13122, .adv_w = 224, .box_w = 14, .box_h = 14, .ofs_x = 0, .ofs_y = -2},
    {.bitmap_index = 13187, .adv_w = 224, .box_w = 14, .box_h = 13, .ofs_x = 0, .ofs_y = -2},
    {.bitmap_index = 13248, .adv_w = 224, .box_w = 13, .box_h = 13, .ofs_x = 1, .ofs_y = -1},
    {.bitmap_index = 13317, .adv_w = 224, .box_w = 14, .box_h = 14, .ofs_x = 0, .ofs_y = -2},
    {.bitmap_index = 13392, .adv_w = 224, .box_w = 14, .box_h = 14, .ofs_x = 0, .ofs_y = -2},
    {.bitmap_index = 13458, .adv_w = 224, .box_w = 12, .box_h = 12, .ofs_x = 1, .ofs_y = -1},
    {.bitmap_index = 13505, .adv_w = 224, .box_w = 12, .box_h = 13, .ofs_x = 0, .ofs_y = -1},
    {.bitmap_index = 13569, .adv_w = 224, .box_w = 14, .box_h = 14, .ofs_x = 0, .ofs_y = -2},
    {.bitmap_index = 13639, .adv_w = 224, .box_w = 12, .box_h = 13, .ofs_x = 1, .ofs_y = -1},
    {.bitmap_index = 13691, .adv_w = 224, .box_w = 13, .box_h = 14, .ofs_x = 1, .ofs_y = -2},
    {.bitmap_index = 13761, .adv_w = 224, .box_w = 14, .box_h = 13, .ofs_x = 0, .ofs_y = -2},
    {.bitmap_index = 13829, .adv_w = 224, .box_w = 14, .box_h = 14, .ofs_x = 0, .ofs_y = -2},
    {.bitmap_index = 13904, .adv_w = 224, .box_w = 13, .box_h = 13, .ofs_x = 0, .ofs_y = -1},
    {.bitmap_index = 13967, .adv_w = 224, .box_w = 13, .box_h = 14, .ofs_x = 0, .ofs_y = -2},
    {.bitmap_index = 14029, .adv_w = 224, .box_w = 13, .box_h = 12, .ofs_x = 1, .ofs_y = -1},
    {.bitmap_index = 14101, .adv_w = 224, .box_w = 13, .box_h = 13, .ofs_x = 0, .ofs_y = -2},
    {.bitmap_index = 14173, .adv_w = 224, .box_w = 13, .box_h = 14, .ofs_x = 1, .ofs_y = -2},
    {.bitmap_index = 14242, .adv_w = 224, .box_w = 14, .box_h = 13, .ofs_x = 0, .ofs_y = -1},
    {.bitmap_index = 14311, .adv_w = 224, .box_w = 13, .box_h = 13, .ofs_x = 0, .ofs_y = -1},
    {.bitmap_index = 14378, .adv_w = 224, .box_w = 13, .box_h = 13, .ofs_x = 1, .ofs_y = -1},
    {.bitmap_index = 14441, .adv_w = 224, .box_w = 13, .box_h = 14, .ofs_x = 1, .ofs_y = -2},
    {.bitmap_index = 14521, .adv_w = 224, .box_w = 14, .box_h = 13, .ofs_x = 0, .ofs_y = -1},
    {.bitmap_index = 14594, .adv_w = 224, .box_w = 12, .box_h = 13, .ofs_x = 1, .ofs_y = -1},
    {.bitmap_index = 14656, .adv_w = 224, .box_w = 14, .box_h = 13, .ofs_x = 0, .ofs_y = -2},
    {.bitmap_index = 14737, .adv_w = 224, .box_w = 13, .box_h = 12, .ofs_x = 1, .ofs_y = -1},
    {.bitmap_index = 14811, .adv_w = 224, .box_w = 14, .box_h = 14, .ofs_x = 0, .ofs_y = -2},
    {.bitmap_index = 14901, .adv_w = 224, .box_w = 13, .box_h = 12, .ofs_x = 1, .ofs_y = -1},
    {.bitmap_index = 14958, .adv_w = 224, .box_w = 13, .box_h = 12, .ofs_x = 0, .ofs_y = -1},
    {.bitmap_index = 14993, .adv_w = 224, .box_w = 12, .box_h = 12, .ofs_x = 1, .ofs_y = -1},
    {.bitmap_index = 15050, .adv_w = 224, .box_w = 12, .box_h = 12, .ofs_x = 1, .ofs_y = -1},
    {.bitmap_index = 15109, .adv_w = 224, .box_w = 13, .box_h = 12, .ofs_x = 1, .ofs_y = -1},
    {.bitmap_index = 15162, .adv_w = 224, .box_w = 13, .box_h = 12, .ofs_x = 1, .ofs_y = -1},
    {.bitmap_index = 15214, .adv_w = 224, .box_w = 13, .box_h = 12, .ofs_x = 0, .ofs_y = -1},
    {.bitmap_index = 15279, .adv_w = 224, .box_w = 13, .box_h = 12, .ofs_x = 0, .ofs_y = -1},
    {.bitmap_index = 15337, .adv_w = 224, .box_w = 14, .box_h = 13, .ofs_x = 0, .ofs_y = -1},
    {.bitmap_index = 15398, .adv_w = 224, .box_w = 14, .box_h = 13, .ofs_x = 0, .ofs_y = -1},
    {.bitmap_index = 15472, .adv_w = 224, .box_w = 14, .box_h = 13, .ofs_x = 0, .ofs_y = -1},
    {.bitmap_index = 15533, .adv_w = 224, .box_w = 13, .box_h = 15, .ofs_x = 0, .ofs_y = -2},
    {.bitmap_index = 15614, .adv_w = 224, .box_w = 14, .box_h = 13, .ofs_x = 0, .ofs_y = -1},
    {.bitmap_index = 15688, .adv_w = 224, .box_w = 14, .box_h = 14, .ofs_x = 0, .ofs_y = -2},
    {.bitmap_index = 15771, .adv_w = 224, .box_w = 14, .box_h = 13, .ofs_x = 0, .ofs_y = -1},
    {.bitmap_index = 15858, .adv_w = 224, .box_w = 14, .box_h = 13, .ofs_x = 0, .ofs_y = -1},
    {.bitmap_index = 15933, .adv_w = 224, .box_w = 14, .box_h = 14, .ofs_x = 0, .ofs_y = -2},
    {.bitmap_index = 16020, .adv_w = 224, .box_w = 14, .box_h = 13, .ofs_x = 0, .ofs_y = -1},
    {.bitmap_index = 16098, .adv_w = 224, .box_w = 14, .box_h = 14, .ofs_x = 0, .ofs_y = -1},
    {.bitmap_index = 16185, .adv_w = 224, .box_w = 14, .box_h = 15, .ofs_x = 0, .ofs_y = -2},
    {.bitmap_index = 16271, .adv_w = 224, .box_w = 14, .box_h = 15, .ofs_x = 0, .ofs_y = -2},
    {.bitmap_index = 16361, .adv_w = 224, .box_w = 13, .box_h = 14, .ofs_x = 0, .ofs_y = -1},
    {.bitmap_index = 16437, .adv_w = 224, .box_w = 14, .box_h = 13, .ofs_x = 0, .ofs_y = -1},
    {.bitmap_index = 16516, .adv_w = 224, .box_w = 13, .box_h = 14, .ofs_x = 0, .ofs_y = -2},
    {.bitmap_index = 16582, .adv_w = 224, .box_w = 14, .box_h = 14, .ofs_x = 0, .ofs_y = -2},
    {.bitmap_index = 16666, .adv_w = 224, .box_w = 14, .box_h = 15, .ofs_x = 0, .ofs_y = -2},
    {.bitmap_index = 16752, .adv_w = 224, .box_w = 14, .box_h = 13, .ofs_x = 0, .ofs_y = -1},
    {.bitmap_index = 16825, .adv_w = 224, .box_w = 14, .box_h = 14, .ofs_x = 0, .ofs_y = -1},
    {.bitmap_index = 16897, .adv_w = 224, .box_w = 13, .box_h = 13, .ofs_x = 1, .ofs_y = -1},
    {.bitmap_index = 16975, .adv_w = 224, .box_w = 14, .box_h = 14, .ofs_x = 0, .ofs_y = -2},
    {.bitmap_index = 17067, .adv_w = 224, .box_w = 14, .box_h = 13, .ofs_x = 0, .ofs_y = -1},
    {.bitmap_index = 17133, .adv_w = 224, .box_w = 14, .box_h = 13, .ofs_x = 0, .ofs_y = -2},
    {.bitmap_index = 17205, .adv_w = 224, .box_w = 14, .box_h = 14, .ofs_x = 0, .ofs_y = -2},
    {.bitmap_index = 17275, .adv_w = 224, .box_w = 14, .box_h = 14, .ofs_x = 0, .ofs_y = -2},
    {.bitmap_index = 17347, .adv_w = 224, .box_w = 14, .box_h = 14, .ofs_x = 0, .ofs_y = -2},
    {.bitmap_index = 17425, .adv_w = 224, .box_w = 14, .box_h = 14, .ofs_x = 0, .ofs_y = -2},
    {.bitmap_index = 17508, .adv_w = 224, .box_w = 14, .box_h = 13, .ofs_x = 0, .ofs_y = -1},
    {.bitmap_index = 17589, .adv_w = 224, .box_w = 14, .box_h = 15, .ofs_x = 0, .ofs_y = -2},
    {.bitmap_index = 17674, .adv_w = 224, .box_w = 14, .box_h = 15, .ofs_x = 0, .ofs_y = -2},
    {.bitmap_index = 17754, .adv_w = 224, .box_w = 14, .box_h = 14, .ofs_x = 0, .ofs_y = -2},
    {.bitmap_index = 17843, .adv_w = 224, .box_w = 14, .box_h = 13, .ofs_x = 0, .ofs_y = -2},
    {.bitmap_index = 17896, .adv_w = 224, .box_w = 13, .box_h = 14, .ofs_x = 0, .ofs_y = -2},
    {.bitmap_index = 17959, .adv_w = 224, .box_w = 14, .box_h = 14, .ofs_x = 0, .ofs_y = -2},
    {.bitmap_index = 18031, .adv_w = 224, .box_w = 13, .box_h = 14, .ofs_x = 0, .ofs_y = -2},
    {.bitmap_index = 18104, .adv_w = 224, .box_w = 14, .box_h = 14, .ofs_x = 0, .ofs_y = -2},
    {.bitmap_index = 18176, .adv_w = 224, .box_w = 12, .box_h = 13, .ofs_x = 1, .ofs_y = -1},
    {.bitmap_index = 18232, .adv_w = 224, .box_w = 14, .box_h = 14, .ofs_x = 0, .ofs_y = -2},
    {.bitmap_index = 18308, .adv_w = 224, .box_w = 13, .box_h = 13, .ofs_x = 1, .ofs_y = -1},
    {.bitmap_index = 18382, .adv_w = 224, .box_w = 12, .box_h = 14, .ofs_x = 1, .ofs_y = -2},
    {.bitmap_index = 18444, .adv_w = 224, .box_w = 14, .box_h = 15, .ofs_x = 0, .ofs_y = -2},
    {.bitmap_index = 18535, .adv_w = 224, .box_w = 14, .box_h = 14, .ofs_x = 0, .ofs_y = -2},
    {.bitmap_index = 18617, .adv_w = 224, .box_w = 14, .box_h = 15, .ofs_x = 0, .ofs_y = -2},
    {.bitmap_index = 18702, .adv_w = 224, .box_w = 14, .box_h = 15, .ofs_x = 0, .ofs_y = -2},
    {.bitmap_index = 18786, .adv_w = 224, .box_w = 12, .box_h = 14, .ofs_x = 1, .ofs_y = -2},
    {.bitmap_index = 18852, .adv_w = 224, .box_w = 14, .box_h = 14, .ofs_x = 0, .ofs_y = -2},
    {.bitmap_index = 18908, .adv_w = 224, .box_w = 14, .box_h = 14, .ofs_x = 0, .ofs_y = -2},
    {.bitmap_index = 18985, .adv_w = 224, .box_w = 14, .box_h = 13, .ofs_x = 0, .ofs_y = -2},
    {.bitmap_index = 19050, .adv_w = 224, .box_w = 14, .box_h = 13, .ofs_x = 0, .ofs_y = -1},
    {.bitmap_index = 19124, .adv_w = 224, .box_w = 14, .box_h = 15, .ofs_x = 0, .ofs_y = -2},
    {.bitmap_index = 19211, .adv_w = 224, .box_w = 13, .box_h = 14, .ofs_x = 0, .ofs_y = -2},
    {.bitmap_index = 19293, .adv_w = 224, .box_w = 14, .box_h = 14, .ofs_x = 0, .ofs_y = -2},
    {.bitmap_index = 19350, .adv_w = 224, .box_w = 14, .box_h = 13, .ofs_x = 0, .ofs_y = -1},
    {.bitmap_index = 19414, .adv_w = 224, .box_w = 14, .box_h = 15, .ofs_x = 0, .ofs_y = -2},
    {.bitmap_index = 19507, .adv_w = 224, .box_w = 14, .box_h = 12, .ofs_x = 0, .ofs_y = -1},
    {.bitmap_index = 19567, .adv_w = 224, .box_w = 13, .box_h = 12, .ofs_x = 0, .ofs_y = -1},
    {.bitmap_index = 19629, .adv_w = 224, .box_w = 14, .box_h = 13, .ofs_x = 0, .ofs_y = -2},
    {.bitmap_index = 19703, .adv_w = 224, .box_w = 14, .box_h = 13, .ofs_x = 0, .ofs_y = -2},
    {.bitmap_index = 19774, .adv_w = 224, .box_w = 14, .box_h = 12, .ofs_x = 0, .ofs_y = -1},
    {.bitmap_index = 19842, .adv_w = 224, .box_w = 14, .box_h = 13, .ofs_x = 0, .ofs_y = -2},
    {.bitmap_index = 19927, .adv_w = 224, .box_w = 13, .box_h = 12, .ofs_x = 0, .ofs_y = -1},
    {.bitmap_index = 19997, .adv_w = 224, .box_w = 12, .box_h = 13, .ofs_x = 1, .ofs_y = -1},
    {.bitmap_index = 20022, .adv_w = 224, .box_w = 13, .box_h = 14, .ofs_x = 1, .ofs_y = -1},
    {.bitmap_index = 20102, .adv_w = 224, .box_w = 14, .box_h = 14, .ofs_x = 0, .ofs_y = -2},
    {.bitmap_index = 20190, .adv_w = 224, .box_w = 14, .box_h = 12, .ofs_x = 0, .ofs_y = -1},
    {.bitmap_index = 20221, .adv_w = 224, .box_w = 14, .box_h = 13, .ofs_x = 0, .ofs_y = -1},
    {.bitmap_index = 20285, .adv_w = 224, .box_w = 13, .box_h = 12, .ofs_x = 1, .ofs_y = -1},
    {.bitmap_index = 20332, .adv_w = 224, .box_w = 13, .box_h = 12, .ofs_x = 1, .ofs_y = -1},
    {.bitmap_index = 20373, .adv_w = 224, .box_w = 14, .box_h = 13, .ofs_x = 0, .ofs_y = -1},
    {.bitmap_index = 20430, .adv_w = 224, .box_w = 14, .box_h = 13, .ofs_x = 0, .ofs_y = -1},
    {.bitmap_index = 20494, .adv_w = 224, .box_w = 14, .box_h = 13, .ofs_x = 0, .ofs_y = -1},
    {.bitmap_index = 20570, .adv_w = 224, .box_w = 13, .box_h = 15, .ofs_x = 1, .ofs_y = -2},
    {.bitmap_index = 20643, .adv_w = 224, .box_w = 14, .box_h = 13, .ofs_x = 0, .ofs_y = -1},
    {.bitmap_index = 20727, .adv_w = 224, .box_w = 12, .box_h = 13, .ofs_x = 1, .ofs_y = -1},
    {.bitmap_index = 20797, .adv_w = 224, .box_w = 13, .box_h = 13, .ofs_x = 1, .ofs_y = -1},
    {.bitmap_index = 20865, .adv_w = 224, .box_w = 14, .box_h = 13, .ofs_x = 0, .ofs_y = -1},
    {.bitmap_index = 20945, .adv_w = 224, .box_w = 14, .box_h = 13, .ofs_x = 0, .ofs_y = -1},
    {.bitmap_index = 21003, .adv_w = 224, .box_w = 14, .box_h = 13, .ofs_x = 0, .ofs_y = -1},
    {.bitmap_index = 21065, .adv_w = 224, .box_w = 14, .box_h = 14, .ofs_x = 0, .ofs_y = -2},
    {.bitmap_index = 21135, .adv_w = 224, .box_w = 14, .box_h = 14, .ofs_x = 0, .ofs_y = -2},
    {.bitmap_index = 21213, .adv_w = 224, .box_w = 14, .box_h = 14, .ofs_x = 0, .ofs_y = -2},
    {.bitmap_index = 21294, .adv_w = 224, .box_w = 14, .box_h = 13, .ofs_x = 0, .ofs_y = -1},
    {.bitmap_index = 21370, .adv_w = 224, .box_w = 14, .box_h = 14, .ofs_x = 0, .ofs_y = -2},
    {.bitmap_index = 21455, .adv_w = 224, .box_w = 14, .box_h = 14, .ofs_x = 0, .ofs_y = -2},
    {.bitmap_index = 21524, .adv_w = 224, .box_w = 14, .box_h = 13, .ofs_x = 0, .ofs_y = -1},
    {.bitmap_index = 21609, .adv_w = 224, .box_w = 14, .box_h = 14, .ofs_x = 0, .ofs_y = -2},
    {.bitmap_index = 21700, .adv_w = 224, .box_w = 14, .box_h = 14, .ofs_x = 0, .ofs_y = -2},
    {.bitmap_index = 21794, .adv_w = 224, .box_w = 14, .box_h = 13, .ofs_x = 0, .ofs_y = -2},
    {.bitmap_index = 21848, .adv_w = 224, .box_w = 14, .box_h = 13, .ofs_x = 0, .ofs_y = -1},
    {.bitmap_index = 21918, .adv_w = 224, .box_w = 11, .box_h = 14, .ofs_x = 1, .ofs_y = -2},
    {.bitmap_index = 21969, .adv_w = 224, .box_w = 13, .box_h = 14, .ofs_x = 1, .ofs_y = -2},
    {.bitmap_index = 22051, .adv_w = 224, .box_w = 14, .box_h = 13, .ofs_x = 0, .ofs_y = -2},
    {.bitmap_index = 22137, .adv_w = 224, .box_w = 12, .box_h = 13, .ofs_x = 1, .ofs_y = -1},
    {.bitmap_index = 22196, .adv_w = 224, .box_w = 14, .box_h = 14, .ofs_x = 0, .ofs_y = -2},
    {.bitmap_index = 22276, .adv_w = 224, .box_w = 14, .box_h = 14, .ofs_x = 0, .ofs_y = -2},
    {.bitmap_index = 22360, .adv_w = 224, .box_w = 14, .box_h = 14, .ofs_x = 0, .ofs_y = -2},
    {.bitmap_index = 22455, .adv_w = 224, .box_w = 14, .box_h = 14, .ofs_x = 0, .ofs_y = -2},
    {.bitmap_index = 22544, .adv_w = 224, .box_w = 14, .box_h = 13, .ofs_x = 0, .ofs_y = -1},
    {.bitmap_index = 22618, .adv_w = 224, .box_w = 14, .box_h = 14, .ofs_x = 0, .ofs_y = -2},
    {.bitmap_index = 22700, .adv_w = 224, .box_w = 14, .box_h = 14, .ofs_x = 0, .ofs_y = -2},
    {.bitmap_index = 22783, .adv_w = 224, .box_w = 14, .box_h = 14, .ofs_x = 0, .ofs_y = -2},
    {.bitmap_index = 22864, .adv_w = 224, .box_w = 14, .box_h = 14, .ofs_x = 0, .ofs_y = -2},
    {.bitmap_index = 22954, .adv_w = 224, .box_w = 14, .box_h = 14, .ofs_x = 0, .ofs_y = -2},
    {.bitmap_index = 23047, .adv_w = 224, .box_w = 14, .box_h = 14, .ofs_x = 0, .ofs_y = -1},
    {.bitmap_index = 23130, .adv_w = 224, .box_w = 14, .box_h = 13, .ofs_x = 0, .ofs_y = -1},
    {.bitmap_index = 23195, .adv_w = 224, .box_w = 14, .box_h = 13, .ofs_x = 0, .ofs_y = -1},
    {.bitmap_index = 23277, .adv_w = 224, .box_w = 14, .box_h = 14, .ofs_x = 0, .ofs_y = -2},
    {.bitmap_index = 23359, .adv_w = 224, .box_w = 14, .box_h = 13, .ofs_x = 0, .ofs_y = -1},
    {.bitmap_index = 23438, .adv_w = 224, .box_w = 14, .box_h = 13, .ofs_x = 0, .ofs_y = -1},
    {.bitmap_index = 23513, .adv_w = 224, .box_w = 14, .box_h = 12, .ofs_x = 0, .ofs_y = -1},
    {.bitmap_index = 23586, .adv_w = 224, .box_w = 14, .box_h = 13, .ofs_x = 0, .ofs_y = -1},
    {.bitmap_index = 23657, .adv_w = 224, .box_w = 14, .box_h = 13, .ofs_x = 0, .ofs_y = -1},
    {.bitmap_index = 23727, .adv_w = 224, .box_w = 14, .box_h = 14, .ofs_x = 0, .ofs_y = -1},
    {.bitmap_index = 23800, .adv_w = 224, .box_w = 14, .box_h = 12, .ofs_x = 0, .ofs_y = -1},
    {.bitmap_index = 23872, .adv_w = 224, .box_w = 14, .box_h = 13, .ofs_x = 0, .ofs_y = -1},
    {.bitmap_index = 23945, .adv_w = 224, .box_w = 13, .box_h = 13, .ofs_x = 0, .ofs_y = -1},
    {.bitmap_index = 24019, .adv_w = 224, .box_w = 14, .box_h = 14, .ofs_x = 0, .ofs_y = -2},
    {.bitmap_index = 24096, .adv_w = 224, .box_w = 13, .box_h = 13, .ofs_x = 0, .ofs_y = -1},
    {.bitmap_index = 24174, .adv_w = 224, .box_w = 14, .box_h = 14, .ofs_x = 0, .ofs_y = -1},
    {.bitmap_index = 24254, .adv_w = 224, .box_w = 14, .box_h = 14, .ofs_x = 0, .ofs_y = -1},
    {.bitmap_index = 24342, .adv_w = 224, .box_w = 14, .box_h = 14, .ofs_x = 0, .ofs_y = -2},
    {.bitmap_index = 24434, .adv_w = 224, .box_w = 14, .box_h = 14, .ofs_x = 0, .ofs_y = -2},
    {.bitmap_index = 24528, .adv_w = 224, .box_w = 14, .box_h = 13, .ofs_x = 0, .ofs_y = -1},
    {.bitmap_index = 24605, .adv_w = 224, .box_w = 14, .box_h = 13, .ofs_x = 0, .ofs_y = -1},
    {.bitmap_index = 24695, .adv_w = 224, .box_w = 13, .box_h = 15, .ofs_x = 0, .ofs_y = -2},
    {.bitmap_index = 24751, .adv_w = 224, .box_w = 14, .box_h = 14, .ofs_x = 0, .ofs_y = -2},
    {.bitmap_index = 24834, .adv_w = 224, .box_w = 14, .box_h = 14, .ofs_x = 0, .ofs_y = -2},
    {.bitmap_index = 24901, .adv_w = 224, .box_w = 14, .box_h = 14, .ofs_x = 0, .ofs_y = -2},
    {.bitmap_index = 24965, .adv_w = 224, .box_w = 14, .box_h = 13, .ofs_x = 0, .ofs_y = -1},
    {.bitmap_index = 25026, .adv_w = 224, .box_w = 14, .box_h = 14, .ofs_x = 0, .ofs_y = -2},
    {.bitmap_index = 25117, .adv_w = 224, .box_w = 14, .box_h = 14, .ofs_x = 0, .ofs_y = -1},
    {.bitmap_index = 25187, .adv_w = 224, .box_w = 14, .box_h = 13, .ofs_x = 0, .ofs_y = -1},
    {.bitmap_index = 25254, .adv_w = 224, .box_w = 14, .box_h = 14, .ofs_x = 0, .ofs_y = -2},
    {.bitmap_index = 25337, .adv_w = 224, .box_w = 14, .box_h = 15, .ofs_x = 0, .ofs_y = -2},
    {.bitmap_index = 25421, .adv_w = 224, .box_w = 14, .box_h = 14, .ofs_x = 0, .ofs_y = -2},
    {.bitmap_index = 25505, .adv_w = 224, .box_w = 14, .box_h = 14, .ofs_x = 0, .ofs_y = -1},
    {.bitmap_index = 25586, .adv_w = 224, .box_w = 14, .box_h = 14, .ofs_x = 0, .ofs_y = -1},
    {.bitmap_index = 25666, .adv_w = 224, .box_w = 14, .box_h = 13, .ofs_x = 0, .ofs_y = -1},
    {.bitmap_index = 25743, .adv_w = 224, .box_w = 14, .box_h = 14, .ofs_x = 0, .ofs_y = -2},
    {.bitmap_index = 25827, .adv_w = 224, .box_w = 14, .box_h = 14, .ofs_x = 0, .ofs_y = -2},
    {.bitmap_index = 25915, .adv_w = 224, .box_w = 14, .box_h = 14, .ofs_x = 0, .ofs_y = -2},
    {.bitmap_index = 25996, .adv_w = 224, .box_w = 14, .box_h = 15, .ofs_x = 0, .ofs_y = -2},
    {.bitmap_index = 26084, .adv_w = 224, .box_w = 14, .box_h = 13, .ofs_x = 0, .ofs_y = -1},
    {.bitmap_index = 26165, .adv_w = 224, .box_w = 14, .box_h = 15, .ofs_x = 0, .ofs_y = -2},
    {.bitmap_index = 26249, .adv_w = 224, .box_w = 14, .box_h = 15, .ofs_x = 0, .ofs_y = -2},
    {.bitmap_index = 26339, .adv_w = 224, .box_w = 14, .box_h = 15, .ofs_x = 0, .ofs_y = -2},
    {.bitmap_index = 26429, .adv_w = 224, .box_w = 14, .box_h = 14, .ofs_x = 0, .ofs_y = -2},
    {.bitmap_index = 26512, .adv_w = 224, .box_w = 14, .box_h = 13, .ofs_x = 0, .ofs_y = -1},
    {.bitmap_index = 26589, .adv_w = 224, .box_w = 14, .box_h = 14, .ofs_x = 0, .ofs_y = -2},
    {.bitmap_index = 26681, .adv_w = 224, .box_w = 14, .box_h = 13, .ofs_x = 0, .ofs_y = -1},
    {.bitmap_index = 26760, .adv_w = 224, .box_w = 14, .box_h = 14, .ofs_x = 0, .ofs_y = -2},
    {.bitmap_index = 26847, .adv_w = 224, .box_w = 14, .box_h = 14, .ofs_x = 0, .ofs_y = -2},
    {.bitmap_index = 26935, .adv_w = 224, .box_w = 14, .box_h = 14, .ofs_x = 0, .ofs_y = -2},
    {.bitmap_index = 27017, .adv_w = 224, .box_w = 14, .box_h = 15, .ofs_x = 0, .ofs_y = -2},
    {.bitmap_index = 27111, .adv_w = 224, .box_w = 14, .box_h = 14, .ofs_x = 0, .ofs_y = -2},
    {.bitmap_index = 27199, .adv_w = 224, .box_w = 14, .box_h = 14, .ofs_x = 0, .ofs_y = -2},
    {.bitmap_index = 27292, .adv_w = 224, .box_w = 14, .box_h = 13, .ofs_x = 0, .ofs_y = -1},
    {.bitmap_index = 27374, .adv_w = 224, .box_w = 14, .box_h = 14, .ofs_x = 0, .ofs_y = -2},
    {.bitmap_index = 27463, .adv_w = 224, .box_w = 14, .box_h = 14, .ofs_x = 0, .ofs_y = -2},
    {.bitmap_index = 27541, .adv_w = 224, .box_w = 14, .box_h = 14, .ofs_x = 0, .ofs_y = -1},
    {.bitmap_index = 27618, .adv_w = 224, .box_w = 14, .box_h = 13, .ofs_x = 0, .ofs_y = -1},
    {.bitmap_index = 27693, .adv_w = 224, .box_w = 14, .box_h = 14, .ofs_x = 0, .ofs_y = -2},
    {.bitmap_index = 27783, .adv_w = 224, .box_w = 14, .box_h = 14, .ofs_x = 0, .ofs_y = -2},
    {.bitmap_index = 27876, .adv_w = 224, .box_w = 14, .box_h = 13, .ofs_x = 0, .ofs_y = -1},
    {.bitmap_index = 27963, .adv_w = 224, .box_w = 14, .box_h = 13, .ofs_x = 0, .ofs_y = -1},
    {.bitmap_index = 28050, .adv_w = 224, .box_w = 14, .box_h = 14, .ofs_x = 0, .ofs_y = -2},
    {.bitmap_index = 28126, .adv_w = 224, .box_w = 14, .box_h = 13, .ofs_x = 0, .ofs_y = -1},
    {.bitmap_index = 28207, .adv_w = 224, .box_w = 14, .box_h = 14, .ofs_x = 0, .ofs_y = -2},
    {.bitmap_index = 28283, .adv_w = 224, .box_w = 14, .box_h = 14, .ofs_x = 0, .ofs_y = -2},
    {.bitmap_index = 28355, .adv_w = 224, .box_w = 10, .box_h = 13, .ofs_x = 2, .ofs_y = -2},
    {.bitmap_index = 28391, .adv_w = 224, .box_w = 13, .box_h = 14, .ofs_x = 1, .ofs_y = -2},
    {.bitmap_index = 28461, .adv_w = 224, .box_w = 13, .box_h = 13, .ofs_x = 1, .ofs_y = -2},
    {.bitmap_index = 28524, .adv_w = 224, .box_w = 13, .box_h = 13, .ofs_x = 0, .ofs_y = -2},
    {.bitmap_index = 28597, .adv_w = 224, .box_w = 13, .box_h = 12, .ofs_x = 0, .ofs_y = -1},
    {.bitmap_index = 28660, .adv_w = 224, .box_w = 13, .box_h = 13, .ofs_x = 1, .ofs_y = -1},
    {.bitmap_index = 28732, .adv_w = 224, .box_w = 14, .box_h = 13, .ofs_x = 0, .ofs_y = -2},
    {.bitmap_index = 28802, .adv_w = 224, .box_w = 14, .box_h = 12, .ofs_x = 0, .ofs_y = -1},
    {.bitmap_index = 28868, .adv_w = 224, .box_w = 14, .box_h = 14, .ofs_x = 0, .ofs_y = -2},
    {.bitmap_index = 28948, .adv_w = 224, .box_w = 14, .box_h = 13, .ofs_x = 0, .ofs_y = -2},
    {.bitmap_index = 29024, .adv_w = 224, .box_w = 13, .box_h = 13, .ofs_x = 1, .ofs_y = -1},
    {.bitmap_index = 29097, .adv_w = 224, .box_w = 13, .box_h = 13, .ofs_x = 1, .ofs_y = -1},
    {.bitmap_index = 29168, .adv_w = 224, .box_w = 13, .box_h = 15, .ofs_x = 0, .ofs_y = -2},
    {.bitmap_index = 29245, .adv_w = 224, .box_w = 14, .box_h = 14, .ofs_x = 0, .ofs_y = -2},
    {.bitmap_index = 29329, .adv_w = 224, .box_w = 12, .box_h = 14, .ofs_x = 1, .ofs_y = -2},
    {.bitmap_index = 29393, .adv_w = 224, .box_w = 14, .box_h = 13, .ofs_x = 0, .ofs_y = -2},
    {.bitmap_index = 29468, .adv_w = 224, .box_w = 14, .box_h = 14, .ofs_x = 0, .ofs_y = -2},
    {.bitmap_index = 29551, .adv_w = 224, .box_w = 14, .box_h = 12, .ofs_x = 0, .ofs_y = -1},
    {.bitmap_index = 29624, .adv_w = 224, .box_w = 12, .box_h = 13, .ofs_x = 0, .ofs_y = -2},
    {.bitmap_index = 29678, .adv_w = 224, .box_w = 14, .box_h = 13, .ofs_x = 0, .ofs_y = -1},
    {.bitmap_index = 29743, .adv_w = 224, .box_w = 14, .box_h = 13, .ofs_x = 0, .ofs_y = -2},
    {.bitmap_index = 29827, .adv_w = 224, .box_w = 14, .box_h = 14, .ofs_x = 0, .ofs_y = -2},
    {.bitmap_index = 29913, .adv_w = 224, .box_w = 14, .box_h = 13, .ofs_x = 0, .ofs_y = -1},
    {.bitmap_index = 29978, .adv_w = 224, .box_w = 14, .box_h = 13, .ofs_x = 0, .ofs_y = -1},
    {.bitmap_index = 30045, .adv_w = 224, .box_w = 14, .box_h = 13, .ofs_x = 0, .ofs_y = -1},
    {.bitmap_index = 30116, .adv_w = 224, .box_w = 14, .box_h = 14, .ofs_x = 0, .ofs_y = -2},
    {.bitmap_index = 30189, .adv_w = 224, .box_w = 14, .box_h = 14, .ofs_x = 0, .ofs_y = -2},
    {.bitmap_index = 30273, .adv_w = 224, .box_w = 14, .box_h = 13, .ofs_x = 0, .ofs_y = -1},
    {.bitmap_index = 30336, .adv_w = 224, .box_w = 14, .box_h = 14, .ofs_x = 0, .ofs_y = -2},
    {.bitmap_index = 30423, .adv_w = 224, .box_w = 14, .box_h = 13, .ofs_x = 0, .ofs_y = -1},
    {.bitmap_index = 30500, .adv_w = 224, .box_w = 14, .box_h = 14, .ofs_x = 0, .ofs_y = -2},
    {.bitmap_index = 30594, .adv_w = 224, .box_w = 14, .box_h = 14, .ofs_x = 0, .ofs_y = -2},
    {.bitmap_index = 30678, .adv_w = 224, .box_w = 14, .box_h = 13, .ofs_x = 0, .ofs_y = -1},
    {.bitmap_index = 30747, .adv_w = 224, .box_w = 14, .box_h = 15, .ofs_x = 0, .ofs_y = -2},
    {.bitmap_index = 30838, .adv_w = 224, .box_w = 14, .box_h = 12, .ofs_x = 0, .ofs_y = -1},
    {.bitmap_index = 30913, .adv_w = 224, .box_w = 14, .box_h = 13, .ofs_x = 0, .ofs_y = -1},
    {.bitmap_index = 30992, .adv_w = 224, .box_w = 14, .box_h = 14, .ofs_x = 0, .ofs_y = -1},
    {.bitmap_index = 31078, .adv_w = 224, .box_w = 14, .box_h = 13, .ofs_x = 0, .ofs_y = -1},
    {.bitmap_index = 31146, .adv_w = 224, .box_w = 14, .box_h = 13, .ofs_x = 0, .ofs_y = -1},
    {.bitmap_index = 31218, .adv_w = 224, .box_w = 14, .box_h = 14, .ofs_x = 0, .ofs_y = -2},
    {.bitmap_index = 31299, .adv_w = 224, .box_w = 14, .box_h = 14, .ofs_x = 0, .ofs_y = -1},
    {.bitmap_index = 31383, .adv_w = 224, .box_w = 14, .box_h = 13, .ofs_x = 0, .ofs_y = -1},
    {.bitmap_index = 31455, .adv_w = 224, .box_w = 14, .box_h = 13, .ofs_x = 0, .ofs_y = -1},
    {.bitmap_index = 31532, .adv_w = 224, .box_w = 14, .box_h = 15, .ofs_x = 0, .ofs_y = -2},
    {.bitmap_index = 31625, .adv_w = 224, .box_w = 14, .box_h = 14, .ofs_x = 0, .ofs_y = -2},
    {.bitmap_index = 31710, .adv_w = 224, .box_w = 14, .box_h = 15, .ofs_x = 0, .ofs_y = -2},
    {.bitmap_index = 31796, .adv_w = 224, .box_w = 14, .box_h = 13, .ofs_x = 0, .ofs_y = -1},
    {.bitmap_index = 31868, .adv_w = 224, .box_w = 14, .box_h = 14, .ofs_x = 0, .ofs_y = -1},
    {.bitmap_index = 31955, .adv_w = 224, .box_w = 14, .box_h = 13, .ofs_x = 0, .ofs_y = -1},
    {.bitmap_index = 32030, .adv_w = 224, .box_w = 14, .box_h = 14, .ofs_x = 0, .ofs_y = -1},
    {.bitmap_index = 32116, .adv_w = 224, .box_w = 14, .box_h = 15, .ofs_x = 0, .ofs_y = -2},
    {.bitmap_index = 32203, .adv_w = 224, .box_w = 14, .box_h = 14, .ofs_x = 0, .ofs_y = -2},
    {.bitmap_index = 32296, .adv_w = 224, .box_w = 15, .box_h = 14, .ofs_x = 0, .ofs_y = -2},
    {.bitmap_index = 32396, .adv_w = 224, .box_w = 14, .box_h = 13, .ofs_x = 0, .ofs_y = -1},
    {.bitmap_index = 32481, .adv_w = 224, .box_w = 14, .box_h = 14, .ofs_x = 0, .ofs_y = -2},
    {.bitmap_index = 32567, .adv_w = 224, .box_w = 14, .box_h = 14, .ofs_x = 0, .ofs_y = -2},
    {.bitmap_index = 32660, .adv_w = 224, .box_w = 14, .box_h = 12, .ofs_x = 0, .ofs_y = -1},
    {.bitmap_index = 32708, .adv_w = 224, .box_w = 14, .box_h = 14, .ofs_x = 0, .ofs_y = -2},
    {.bitmap_index = 32787, .adv_w = 224, .box_w = 14, .box_h = 14, .ofs_x = 0, .ofs_y = -2},
    {.bitmap_index = 32878, .adv_w = 224, .box_w = 14, .box_h = 14, .ofs_x = 0, .ofs_y = -2},
    {.bitmap_index = 32962, .adv_w = 224, .box_w = 13, .box_h = 14, .ofs_x = 1, .ofs_y = -2},
    {.bitmap_index = 33022, .adv_w = 224, .box_w = 14, .box_h = 13, .ofs_x = 0, .ofs_y = -1},
    {.bitmap_index = 33081, .adv_w = 224, .box_w = 14, .box_h = 13, .ofs_x = 0, .ofs_y = -1},
    {.bitmap_index = 33150, .adv_w = 224, .box_w = 14, .box_h = 14, .ofs_x = 0, .ofs_y = -2},
    {.bitmap_index = 33236, .adv_w = 224, .box_w = 14, .box_h = 13, .ofs_x = 0, .ofs_y = -1},
    {.bitmap_index = 33293, .adv_w = 224, .box_w = 14, .box_h = 13, .ofs_x = 0, .ofs_y = -1},
    {.bitmap_index = 33376, .adv_w = 224, .box_w = 14, .box_h = 13, .ofs_x = 0, .ofs_y = -1},
    {.bitmap_index = 33452, .adv_w = 224, .box_w = 13, .box_h = 14, .ofs_x = 0, .ofs_y = -2},
    {.bitmap_index = 33537, .adv_w = 224, .box_w = 14, .box_h = 13, .ofs_x = 0, .ofs_y = -1},
    {.bitmap_index = 33618, .adv_w = 224, .box_w = 14, .box_h = 13, .ofs_x = 0, .ofs_y = -1},
    {.bitmap_index = 33702, .adv_w = 224, .box_w = 14, .box_h = 13, .ofs_x = 0, .ofs_y = -1},
    {.bitmap_index = 33776, .adv_w = 224, .box_w = 14, .box_h = 14, .ofs_x = 0, .ofs_y = -2},
    {.bitmap_index = 33869, .adv_w = 224, .box_w = 14, .box_h = 14, .ofs_x = 0, .ofs_y = -2},
    {.bitmap_index = 33953, .adv_w = 224, .box_w = 14, .box_h = 14, .ofs_x = 0, .ofs_y = -2},
    {.bitmap_index = 34041, .adv_w = 224, .box_w = 13, .box_h = 15, .ofs_x = 0, .ofs_y = -2},
    {.bitmap_index = 34113, .adv_w = 224, .box_w = 13, .box_h = 14, .ofs_x = 0, .ofs_y = -2},
    {.bitmap_index = 34196, .adv_w = 224, .box_w = 14, .box_h = 14, .ofs_x = 0, .ofs_y = -2},
    {.bitmap_index = 34285, .adv_w = 224, .box_w = 14, .box_h = 14, .ofs_x = 0, .ofs_y = -2},
    {.bitmap_index = 34373, .adv_w = 224, .box_w = 14, .box_h = 14, .ofs_x = 0, .ofs_y = -2},
    {.bitmap_index = 34461, .adv_w = 224, .box_w = 14, .box_h = 13, .ofs_x = 0, .ofs_y = -1},
    {.bitmap_index = 34546, .adv_w = 224, .box_w = 14, .box_h = 13, .ofs_x = 0, .ofs_y = -1},
    {.bitmap_index = 34626, .adv_w = 224, .box_w = 14, .box_h = 14, .ofs_x = 0, .ofs_y = -2},
    {.bitmap_index = 34715, .adv_w = 224, .box_w = 14, .box_h = 14, .ofs_x = 0, .ofs_y = -2},
    {.bitmap_index = 34793, .adv_w = 224, .box_w = 14, .box_h = 14, .ofs_x = 0, .ofs_y = -2},
    {.bitmap_index = 34873, .adv_w = 224, .box_w = 13, .box_h = 14, .ofs_x = 0, .ofs_y = -2},
    {.bitmap_index = 34956, .adv_w = 224, .box_w = 14, .box_h = 14, .ofs_x = 0, .ofs_y = -2},
    {.bitmap_index = 35046, .adv_w = 224, .box_w = 14, .box_h = 14, .ofs_x = 0, .ofs_y = -2},
    {.bitmap_index = 35132, .adv_w = 224, .box_w = 14, .box_h = 14, .ofs_x = 0, .ofs_y = -2},
    {.bitmap_index = 35229, .adv_w = 224, .box_w = 14, .box_h = 13, .ofs_x = 0, .ofs_y = -1},
    {.bitmap_index = 35318, .adv_w = 224, .box_w = 14, .box_h = 13, .ofs_x = 0, .ofs_y = -1},
    {.bitmap_index = 35394, .adv_w = 224, .box_w = 14, .box_h = 14, .ofs_x = 0, .ofs_y = -2},
    {.bitmap_index = 35467, .adv_w = 224, .box_w = 14, .box_h = 14, .ofs_x = 0, .ofs_y = -2},
    {.bitmap_index = 35552, .adv_w = 224, .box_w = 14, .box_h = 13, .ofs_x = 0, .ofs_y = -2},
    {.bitmap_index = 35626, .adv_w = 224, .box_w = 13, .box_h = 14, .ofs_x = 0, .ofs_y = -2},
    {.bitmap_index = 35698, .adv_w = 224, .box_w = 14, .box_h = 15, .ofs_x = 0, .ofs_y = -2},
    {.bitmap_index = 35789, .adv_w = 224, .box_w = 13, .box_h = 15, .ofs_x = 0, .ofs_y = -2},
    {.bitmap_index = 35874, .adv_w = 224, .box_w = 13, .box_h = 14, .ofs_x = 0, .ofs_y = -2},
    {.bitmap_index = 35926, .adv_w = 224, .box_w = 14, .box_h = 14, .ofs_x = 0, .ofs_y = -2},
    {.bitmap_index = 36017, .adv_w = 224, .box_w = 14, .box_h = 12, .ofs_x = 0, .ofs_y = -1},
    {.bitmap_index = 36081, .adv_w = 224, .box_w = 14, .box_h = 14, .ofs_x = 0, .ofs_y = -1},
    {.bitmap_index = 36163, .adv_w = 224, .box_w = 14, .box_h = 13, .ofs_x = 0, .ofs_y = -1},
    {.bitmap_index = 36239, .adv_w = 224, .box_w = 14, .box_h = 14, .ofs_x = 0, .ofs_y = -1},
    {.bitmap_index = 36311, .adv_w = 224, .box_w = 14, .box_h = 13, .ofs_x = 0, .ofs_y = -1},
    {.bitmap_index = 36380, .adv_w = 224, .box_w = 14, .box_h = 13, .ofs_x = 0, .ofs_y = -2},
    {.bitmap_index = 36452, .adv_w = 224, .box_w = 14, .box_h = 13, .ofs_x = 0, .ofs_y = -1},
    {.bitmap_index = 36537, .adv_w = 224, .box_w = 14, .box_h = 12, .ofs_x = 0, .ofs_y = -1},
    {.bitmap_index = 36611, .adv_w = 224, .box_w = 14, .box_h = 13, .ofs_x = 0, .ofs_y = -1},
    {.bitmap_index = 36671, .adv_w = 224, .box_w = 13, .box_h = 13, .ofs_x = 0, .ofs_y = -2},
    {.bitmap_index = 36737, .adv_w = 224, .box_w = 13, .box_h = 13, .ofs_x = 1, .ofs_y = -1},
    {.bitmap_index = 36802, .adv_w = 224, .box_w = 12, .box_h = 12, .ofs_x = 1, .ofs_y = -1},
    {.bitmap_index = 36857, .adv_w = 224, .box_w = 14, .box_h = 13, .ofs_x = 0, .ofs_y = -2},
    {.bitmap_index = 36933, .adv_w = 224, .box_w = 12, .box_h = 14, .ofs_x = 1, .ofs_y = -2},
    {.bitmap_index = 37009, .adv_w = 224, .box_w = 13, .box_h = 14, .ofs_x = 1, .ofs_y = -2},
    {.bitmap_index = 37089, .adv_w = 224, .box_w = 14, .box_h = 14, .ofs_x = 0, .ofs_y = -2},
    {.bitmap_index = 37181, .adv_w = 224, .box_w = 12, .box_h = 14, .ofs_x = 1, .ofs_y = -2},
    {.bitmap_index = 37228, .adv_w = 224, .box_w = 14, .box_h = 12, .ofs_x = 0, .ofs_y = -1},
    {.bitmap_index = 37281, .adv_w = 224, .box_w = 13, .box_h = 15, .ofs_x = 1, .ofs_y = -2},
    {.bitmap_index = 37366, .adv_w = 224, .box_w = 14, .box_h = 13, .ofs_x = 0, .ofs_y = -1},
    {.bitmap_index = 37446, .adv_w = 224, .box_w = 14, .box_h = 14, .ofs_x = 0, .ofs_y = -1},
    {.bitmap_index = 37518, .adv_w = 224, .box_w = 10, .box_h = 12, .ofs_x = 2, .ofs_y = -1},
    {.bitmap_index = 37559, .adv_w = 224, .box_w = 14, .box_h = 13, .ofs_x = 0, .ofs_y = -1},
    {.bitmap_index = 37625, .adv_w = 224, .box_w = 14, .box_h = 14, .ofs_x = 0, .ofs_y = -2},
    {.bitmap_index = 37697, .adv_w = 224, .box_w = 14, .box_h = 14, .ofs_x = 0, .ofs_y = -2},
    {.bitmap_index = 37777, .adv_w = 224, .box_w = 14, .box_h = 13, .ofs_x = 0, .ofs_y = -1},
    {.bitmap_index = 37852, .adv_w = 224, .box_w = 14, .box_h = 14, .ofs_x = 0, .ofs_y = -2},
    {.bitmap_index = 37930, .adv_w = 224, .box_w = 13, .box_h = 13, .ofs_x = 1, .ofs_y = -2},
    {.bitmap_index = 38006, .adv_w = 224, .box_w = 14, .box_h = 13, .ofs_x = 0, .ofs_y = -1},
    {.bitmap_index = 38076, .adv_w = 224, .box_w = 14, .box_h = 14, .ofs_x = 0, .ofs_y = -2},
    {.bitmap_index = 38154, .adv_w = 224, .box_w = 14, .box_h = 14, .ofs_x = 0, .ofs_y = -2},
    {.bitmap_index = 38233, .adv_w = 224, .box_w = 14, .box_h = 14, .ofs_x = 0, .ofs_y = -2},
    {.bitmap_index = 38319, .adv_w = 224, .box_w = 14, .box_h = 13, .ofs_x = 0, .ofs_y = -1},
    {.bitmap_index = 38393, .adv_w = 224, .box_w = 14, .box_h = 12, .ofs_x = 0, .ofs_y = -1},
    {.bitmap_index = 38474, .adv_w = 224, .box_w = 14, .box_h = 14, .ofs_x = 0, .ofs_y = -2},
    {.bitmap_index = 38567, .adv_w = 224, .box_w = 14, .box_h = 13, .ofs_x = 0, .ofs_y = -2},
    {.bitmap_index = 38634, .adv_w = 224, .box_w = 14, .box_h = 15, .ofs_x = 0, .ofs_y = -2},
    {.bitmap_index = 38718, .adv_w = 224, .box_w = 14, .box_h = 13, .ofs_x = 0, .ofs_y = -1},
    {.bitmap_index = 38789, .adv_w = 224, .box_w = 14, .box_h = 13, .ofs_x = 0, .ofs_y = -1},
    {.bitmap_index = 38865, .adv_w = 224, .box_w = 14, .box_h = 13, .ofs_x = 0, .ofs_y = -1},
    {.bitmap_index = 38945, .adv_w = 224, .box_w = 14, .box_h = 13, .ofs_x = 0, .ofs_y = -1},
    {.bitmap_index = 39021, .adv_w = 224, .box_w = 14, .box_h = 13, .ofs_x = 0, .ofs_y = -1},
    {.bitmap_index = 39095, .adv_w = 224, .box_w = 12, .box_h = 13, .ofs_x = 1, .ofs_y = -1},
    {.bitmap_index = 39149, .adv_w = 224, .box_w = 13, .box_h = 15, .ofs_x = 1, .ofs_y = -2},
    {.bitmap_index = 39228, .adv_w = 224, .box_w = 14, .box_h = 13, .ofs_x = 0, .ofs_y = -1},
    {.bitmap_index = 39305, .adv_w = 224, .box_w = 14, .box_h = 14, .ofs_x = 0, .ofs_y = -2},
    {.bitmap_index = 39393, .adv_w = 224, .box_w = 14, .box_h = 14, .ofs_x = 0, .ofs_y = -2},
    {.bitmap_index = 39476, .adv_w = 224, .box_w = 14, .box_h = 15, .ofs_x = 0, .ofs_y = -2},
    {.bitmap_index = 39572, .adv_w = 224, .box_w = 14, .box_h = 15, .ofs_x = 0, .ofs_y = -2},
    {.bitmap_index = 39661, .adv_w = 224, .box_w = 14, .box_h = 14, .ofs_x = 0, .ofs_y = -1},
    {.bitmap_index = 39750, .adv_w = 224, .box_w = 14, .box_h = 15, .ofs_x = 0, .ofs_y = -2},
    {.bitmap_index = 39833, .adv_w = 224, .box_w = 14, .box_h = 14, .ofs_x = 0, .ofs_y = -2},
    {.bitmap_index = 39916, .adv_w = 224, .box_w = 13, .box_h = 14, .ofs_x = 0, .ofs_y = -2},
    {.bitmap_index = 39990, .adv_w = 224, .box_w = 14, .box_h = 15, .ofs_x = 0, .ofs_y = -2},
    {.bitmap_index = 40080, .adv_w = 224, .box_w = 14, .box_h = 14, .ofs_x = 0, .ofs_y = -2},
    {.bitmap_index = 40172, .adv_w = 224, .box_w = 14, .box_h = 14, .ofs_x = 0, .ofs_y = -2},
    {.bitmap_index = 40268, .adv_w = 224, .box_w = 14, .box_h = 13, .ofs_x = 0, .ofs_y = -1},
    {.bitmap_index = 40342, .adv_w = 224, .box_w = 14, .box_h = 15, .ofs_x = 0, .ofs_y = -2},
    {.bitmap_index = 40437, .adv_w = 224, .box_w = 13, .box_h = 14, .ofs_x = 1, .ofs_y = -2},
    {.bitmap_index = 40525, .adv_w = 224, .box_w = 14, .box_h = 14, .ofs_x = 0, .ofs_y = -2},
    {.bitmap_index = 40614, .adv_w = 224, .box_w = 14, .box_h = 14, .ofs_x = 0, .ofs_y = -2},
    {.bitmap_index = 40705, .adv_w = 224, .box_w = 13, .box_h = 14, .ofs_x = 1, .ofs_y = -2},
    {.bitmap_index = 40787, .adv_w = 224, .box_w = 14, .box_h = 14, .ofs_x = 0, .ofs_y = -2},
    {.bitmap_index = 40878, .adv_w = 224, .box_w = 14, .box_h = 14, .ofs_x = 0, .ofs_y = -2},
    {.bitmap_index = 40975, .adv_w = 224, .box_w = 14, .box_h = 13, .ofs_x = 0, .ofs_y = -1},
    {.bitmap_index = 41046, .adv_w = 224, .box_w = 14, .box_h = 14, .ofs_x = 0, .ofs_y = -2},
    {.bitmap_index = 41135, .adv_w = 224, .box_w = 14, .box_h = 14, .ofs_x = 0, .ofs_y = -2},
    {.bitmap_index = 41229, .adv_w = 224, .box_w = 14, .box_h = 13, .ofs_x = 0, .ofs_y = -1},
    {.bitmap_index = 41313, .adv_w = 224, .box_w = 14, .box_h = 14, .ofs_x = 0, .ofs_y = -1},
    {.bitmap_index = 41395, .adv_w = 224, .box_w = 13, .box_h = 15, .ofs_x = 0, .ofs_y = -2},
    {.bitmap_index = 41478, .adv_w = 224, .box_w = 14, .box_h = 14, .ofs_x = 0, .ofs_y = -1},
    {.bitmap_index = 41566, .adv_w = 224, .box_w = 14, .box_h = 14, .ofs_x = 0, .ofs_y = -2},
    {.bitmap_index = 41659, .adv_w = 224, .box_w = 14, .box_h = 13, .ofs_x = 0, .ofs_y = -1},
    {.bitmap_index = 41749, .adv_w = 224, .box_w = 14, .box_h = 13, .ofs_x = 0, .ofs_y = -1},
    {.bitmap_index = 41825, .adv_w = 224, .box_w = 14, .box_h = 13, .ofs_x = 0, .ofs_y = -1},
    {.bitmap_index = 41900, .adv_w = 224, .box_w = 14, .box_h = 13, .ofs_x = 0, .ofs_y = -1},
    {.bitmap_index = 41983, .adv_w = 224, .box_w = 14, .box_h = 14, .ofs_x = 0, .ofs_y = -2},
    {.bitmap_index = 42070, .adv_w = 224, .box_w = 14, .box_h = 14, .ofs_x = 0, .ofs_y = -2},
    {.bitmap_index = 42162, .adv_w = 224, .box_w = 14, .box_h = 14, .ofs_x = 0, .ofs_y = -2},
    {.bitmap_index = 42248, .adv_w = 224, .box_w = 14, .box_h = 14, .ofs_x = 0, .ofs_y = -2},
    {.bitmap_index = 42340, .adv_w = 224, .box_w = 14, .box_h = 15, .ofs_x = 0, .ofs_y = -2},
    {.bitmap_index = 42436, .adv_w = 224, .box_w = 14, .box_h = 13, .ofs_x = 0, .ofs_y = -1},
    {.bitmap_index = 42527, .adv_w = 224, .box_w = 14, .box_h = 13, .ofs_x = 0, .ofs_y = -1},
    {.bitmap_index = 42614, .adv_w = 224, .box_w = 14, .box_h = 14, .ofs_x = 0, .ofs_y = -2},
    {.bitmap_index = 42711, .adv_w = 224, .box_w = 14, .box_h = 14, .ofs_x = 0, .ofs_y = -2},
    {.bitmap_index = 42808, .adv_w = 224, .box_w = 14, .box_h = 13, .ofs_x = 0, .ofs_y = -1},
    {.bitmap_index = 42890, .adv_w = 224, .box_w = 14, .box_h = 14, .ofs_x = 0, .ofs_y = -2},
    {.bitmap_index = 42985, .adv_w = 224, .box_w = 14, .box_h = 14, .ofs_x = 0, .ofs_y = -2},
    {.bitmap_index = 43072, .adv_w = 224, .box_w = 12, .box_h = 12, .ofs_x = 1, .ofs_y = -1},
    {.bitmap_index = 43133, .adv_w = 224, .box_w = 14, .box_h = 12, .ofs_x = 0, .ofs_y = -1},
    {.bitmap_index = 43201, .adv_w = 224, .box_w = 14, .box_h = 14, .ofs_x = 0, .ofs_y = -2},
    {.bitmap_index = 43280, .adv_w = 224, .box_w = 14, .box_h = 14, .ofs_x = 0, .ofs_y = -2},
    {.bitmap_index = 43358, .adv_w = 224, .box_w = 14, .box_h = 13, .ofs_x = 0, .ofs_y = -2},
    {.bitmap_index = 43403, .adv_w = 224, .box_w = 14, .box_h = 13, .ofs_x = 0, .ofs_y = -1},
    {.bitmap_index = 43488, .adv_w = 224, .box_w = 14, .box_h = 13, .ofs_x = 0, .ofs_y = -1},
    {.bitmap_index = 43570, .adv_w = 224, .box_w = 14, .box_h = 14, .ofs_x = 0, .ofs_y = -2},
    {.bitmap_index = 43662, .adv_w = 224, .box_w = 14, .box_h = 14, .ofs_x = 0, .ofs_y = -2},
    {.bitmap_index = 43742, .adv_w = 224, .box_w = 14, .box_h = 14, .ofs_x = 0, .ofs_y = -2},
    {.bitmap_index = 43832, .adv_w = 224, .box_w = 14, .box_h = 14, .ofs_x = 0, .ofs_y = -1},
    {.bitmap_index = 43921, .adv_w = 224, .box_w = 14, .box_h = 14, .ofs_x = 0, .ofs_y = -2},
    {.bitmap_index = 44011, .adv_w = 224, .box_w = 14, .box_h = 14, .ofs_x = 0, .ofs_y = -2},
    {.bitmap_index = 44107, .adv_w = 224, .box_w = 10, .box_h = 14, .ofs_x = 2, .ofs_y = -2},
    {.bitmap_index = 44160, .adv_w = 224, .box_w = 14, .box_h = 12, .ofs_x = 0, .ofs_y = -1},
    {.bitmap_index = 44228, .adv_w = 224, .box_w = 14, .box_h = 14, .ofs_x = 0, .ofs_y = -2},
    {.bitmap_index = 44321, .adv_w = 224, .box_w = 14, .box_h = 14, .ofs_x = 0, .ofs_y = -2},
    {.bitmap_index = 44410, .adv_w = 224, .box_w = 14, .box_h = 14, .ofs_x = 0, .ofs_y = -2},
    {.bitmap_index = 44501, .adv_w = 224, .box_w = 14, .box_h = 14, .ofs_x = 0, .ofs_y = -1},
    {.bitmap_index = 44571, .adv_w = 224, .box_w = 14, .box_h = 13, .ofs_x = 0, .ofs_y = -1},
    {.bitmap_index = 44641, .adv_w = 224, .box_w = 14, .box_h = 13, .ofs_x = 0, .ofs_y = -1},
    {.bitmap_index = 44701, .adv_w = 224, .box_w = 14, .box_h = 14, .ofs_x = 0, .ofs_y = -2},
    {.bitmap_index = 44777, .adv_w = 224, .box_w = 14, .box_h = 14, .ofs_x = 0, .ofs_y = -2},
    {.bitmap_index = 44866, .adv_w = 224, .box_w = 14, .box_h = 14, .ofs_x = 0, .ofs_y = -2},
    {.bitmap_index = 44952, .adv_w = 224, .box_w = 14, .box_h = 14, .ofs_x = 0, .ofs_y = -2},
    {.bitmap_index = 45038, .adv_w = 224, .box_w = 14, .box_h = 15, .ofs_x = 0, .ofs_y = -2},
    {.bitmap_index = 45124, .adv_w = 224, .box_w = 14, .box_h = 14, .ofs_x = 0, .ofs_y = -2},
    {.bitmap_index = 45219, .adv_w = 224, .box_w = 14, .box_h = 13, .ofs_x = 0, .ofs_y = -1},
    {.bitmap_index = 45307, .adv_w = 224, .box_w = 14, .box_h = 13, .ofs_x = 0, .ofs_y = -1},
    {.bitmap_index = 45392, .adv_w = 224, .box_w = 14, .box_h = 13, .ofs_x = 0, .ofs_y = -1},
    {.bitmap_index = 45472, .adv_w = 224, .box_w = 14, .box_h = 14, .ofs_x = 0, .ofs_y = -2},
    {.bitmap_index = 45531, .adv_w = 224, .box_w = 14, .box_h = 14, .ofs_x = 0, .ofs_y = -2},
    {.bitmap_index = 45617, .adv_w = 224, .box_w = 14, .box_h = 13, .ofs_x = 0, .ofs_y = -1},
    {.bitmap_index = 45700, .adv_w = 224, .box_w = 14, .box_h = 14, .ofs_x = 0, .ofs_y = -2},
    {.bitmap_index = 45799, .adv_w = 224, .box_w = 14, .box_h = 13, .ofs_x = 0, .ofs_y = -1},
    {.bitmap_index = 45884, .adv_w = 224, .box_w = 14, .box_h = 13, .ofs_x = 0, .ofs_y = -2},
    {.bitmap_index = 45970, .adv_w = 224, .box_w = 14, .box_h = 13, .ofs_x = 0, .ofs_y = -2},
    {.bitmap_index = 46037, .adv_w = 224, .box_w = 14, .box_h = 14, .ofs_x = 0, .ofs_y = -2},
    {.bitmap_index = 46123, .adv_w = 224, .box_w = 13, .box_h = 15, .ofs_x = 1, .ofs_y = -2},
    {.bitmap_index = 46199, .adv_w = 224, .box_w = 13, .box_h = 14, .ofs_x = 0, .ofs_y = -2},
    {.bitmap_index = 46278, .adv_w = 224, .box_w = 14, .box_h = 14, .ofs_x = 0, .ofs_y = -2},
    {.bitmap_index = 46371, .adv_w = 224, .box_w = 14, .box_h = 15, .ofs_x = 0, .ofs_y = -2},
    {.bitmap_index = 46460, .adv_w = 224, .box_w = 14, .box_h = 14, .ofs_x = 0, .ofs_y = -2},
    {.bitmap_index = 46523, .adv_w = 224, .box_w = 14, .box_h = 13, .ofs_x = 0, .ofs_y = -1},
    {.bitmap_index = 46579, .adv_w = 224, .box_w = 14, .box_h = 14, .ofs_x = 0, .ofs_y = -2},
    {.bitmap_index = 46654, .adv_w = 224, .box_w = 14, .box_h = 14, .ofs_x = 0, .ofs_y = -2},
    {.bitmap_index = 46740, .adv_w = 224, .box_w = 14, .box_h = 14, .ofs_x = 0, .ofs_y = -2},
    {.bitmap_index = 46813, .adv_w = 224, .box_w = 14, .box_h = 13, .ofs_x = 0, .ofs_y = -1},
    {.bitmap_index = 46883, .adv_w = 224, .box_w = 14, .box_h = 13, .ofs_x = 0, .ofs_y = -1},
    {.bitmap_index = 46963, .adv_w = 224, .box_w = 14, .box_h = 14, .ofs_x = 0, .ofs_y = -2},
    {.bitmap_index = 47049, .adv_w = 224, .box_w = 14, .box_h = 13, .ofs_x = 0, .ofs_y = -1},
    {.bitmap_index = 47117, .adv_w = 224, .box_w = 13, .box_h = 13, .ofs_x = 0, .ofs_y = -1},
    {.bitmap_index = 47184, .adv_w = 224, .box_w = 14, .box_h = 13, .ofs_x = 0, .ofs_y = -1},
    {.bitmap_index = 47263, .adv_w = 224, .box_w = 14, .box_h = 14, .ofs_x = 0, .ofs_y = -2},
    {.bitmap_index = 47344, .adv_w = 224, .box_w = 14, .box_h = 13, .ofs_x = 0, .ofs_y = -1},
    {.bitmap_index = 47426, .adv_w = 224, .box_w = 14, .box_h = 13, .ofs_x = 0, .ofs_y = -1},
    {.bitmap_index = 47502, .adv_w = 224, .box_w = 14, .box_h = 14, .ofs_x = 0, .ofs_y = -2},
    {.bitmap_index = 47584, .adv_w = 224, .box_w = 14, .box_h = 14, .ofs_x = 0, .ofs_y = -2},
    {.bitmap_index = 47672, .adv_w = 224, .box_w = 13, .box_h = 13, .ofs_x = 0, .ofs_y = -1},
    {.bitmap_index = 47745, .adv_w = 224, .box_w = 14, .box_h = 13, .ofs_x = 0, .ofs_y = -1},
    {.bitmap_index = 47830, .adv_w = 224, .box_w = 13, .box_h = 14, .ofs_x = 0, .ofs_y = -2},
    {.bitmap_index = 47911, .adv_w = 224, .box_w = 14, .box_h = 14, .ofs_x = 0, .ofs_y = -2},
    {.bitmap_index = 47974, .adv_w = 224, .box_w = 14, .box_h = 13, .ofs_x = 0, .ofs_y = -1},
    {.bitmap_index = 48057, .adv_w = 224, .box_w = 14, .box_h = 14, .ofs_x = 0, .ofs_y = -2},
    {.bitmap_index = 48145, .adv_w = 224, .box_w = 14, .box_h = 15, .ofs_x = 0, .ofs_y = -2},
    {.bitmap_index = 48236, .adv_w = 224, .box_w = 14, .box_h = 14, .ofs_x = 0, .ofs_y = -2},
    {.bitmap_index = 48311, .adv_w = 224, .box_w = 14, .box_h = 14, .ofs_x = 0, .ofs_y = -2},
    {.bitmap_index = 48395, .adv_w = 224, .box_w = 14, .box_h = 14, .ofs_x = 0, .ofs_y = -2},
    {.bitmap_index = 48485, .adv_w = 224, .box_w = 14, .box_h = 13, .ofs_x = 0, .ofs_y = -1},
    {.bitmap_index = 48562, .adv_w = 224, .box_w = 14, .box_h = 12, .ofs_x = 0, .ofs_y = -1},
    {.bitmap_index = 48625, .adv_w = 224, .box_w = 14, .box_h = 14, .ofs_x = 0, .ofs_y = -2},
    {.bitmap_index = 48711, .adv_w = 224, .box_w = 14, .box_h = 14, .ofs_x = 0, .ofs_y = -2},
    {.bitmap_index = 48800, .adv_w = 224, .box_w = 14, .box_h = 15, .ofs_x = 0, .ofs_y = -2},
    {.bitmap_index = 48884, .adv_w = 224, .box_w = 14, .box_h = 14, .ofs_x = 0, .ofs_y = -2},
    {.bitmap_index = 48973, .adv_w = 224, .box_w = 14, .box_h = 13, .ofs_x = 0, .ofs_y = -1},
    {.bitmap_index = 49058, .adv_w = 224, .box_w = 14, .box_h = 14, .ofs_x = 0, .ofs_y = -2},
    {.bitmap_index = 49151, .adv_w = 224, .box_w = 14, .box_h = 13, .ofs_x = 0, .ofs_y = -1},
    {.bitmap_index = 49235, .adv_w = 224, .box_w = 14, .box_h = 14, .ofs_x = 0, .ofs_y = -2},
    {.bitmap_index = 49332, .adv_w = 224, .box_w = 14, .box_h = 13, .ofs_x = 0, .ofs_y = -1},
    {.bitmap_index = 49421, .adv_w = 224, .box_w = 14, .box_h = 14, .ofs_x = 0, .ofs_y = -2},
    {.bitmap_index = 49509, .adv_w = 224, .box_w = 14, .box_h = 14, .ofs_x = 0, .ofs_y = -2},
    {.bitmap_index = 49600, .adv_w = 224, .box_w = 14, .box_h = 15, .ofs_x = 0, .ofs_y = -2},
    {.bitmap_index = 49695, .adv_w = 224, .box_w = 14, .box_h = 14, .ofs_x = 0, .ofs_y = -2},
    {.bitmap_index = 49782, .adv_w = 224, .box_w = 14, .box_h = 13, .ofs_x = 0, .ofs_y = -1},
    {.bitmap_index = 49853, .adv_w = 224, .box_w = 14, .box_h = 14, .ofs_x = 0, .ofs_y = -2},
    {.bitmap_index = 49935, .adv_w = 224, .box_w = 14, .box_h = 14, .ofs_x = 0, .ofs_y = -2},
    {.bitmap_index = 50021, .adv_w = 224, .box_w = 14, .box_h = 14, .ofs_x = 0, .ofs_y = -2},
    {.bitmap_index = 50112, .adv_w = 224, .box_w = 14, .box_h = 14, .ofs_x = 0, .ofs_y = -2},
    {.bitmap_index = 50194, .adv_w = 224, .box_w = 14, .box_h = 15, .ofs_x = 0, .ofs_y = -2},
    {.bitmap_index = 50285, .adv_w = 224, .box_w = 14, .box_h = 14, .ofs_x = 0, .ofs_y = -2},
    {.bitmap_index = 50371, .adv_w = 224, .box_w = 14, .box_h = 14, .ofs_x = 0, .ofs_y = -2},
    {.bitmap_index = 50457, .adv_w = 224, .box_w = 14, .box_h = 14, .ofs_x = 0, .ofs_y = -2},
    {.bitmap_index = 50546, .adv_w = 224, .box_w = 14, .box_h = 14, .ofs_x = 0, .ofs_y = -2},
    {.bitmap_index = 50637, .adv_w = 224, .box_w = 14, .box_h = 14, .ofs_x = 0, .ofs_y = -2},
    {.bitmap_index = 50725, .adv_w = 224, .box_w = 14, .box_h = 14, .ofs_x = 0, .ofs_y = -2},
    {.bitmap_index = 50812, .adv_w = 224, .box_w = 14, .box_h = 14, .ofs_x = 0, .ofs_y = -2},
    {.bitmap_index = 50897, .adv_w = 224, .box_w = 14, .box_h = 14, .ofs_x = 0, .ofs_y = -2},
    {.bitmap_index = 50987, .adv_w = 224, .box_w = 14, .box_h = 14, .ofs_x = 0, .ofs_y = -2},
    {.bitmap_index = 51082, .adv_w = 224, .box_w = 14, .box_h = 14, .ofs_x = 0, .ofs_y = -2},
    {.bitmap_index = 51174, .adv_w = 224, .box_w = 14, .box_h = 13, .ofs_x = 0, .ofs_y = -1},
    {.bitmap_index = 51262, .adv_w = 224, .box_w = 14, .box_h = 14, .ofs_x = 0, .ofs_y = -2},
    {.bitmap_index = 51353, .adv_w = 224, .box_w = 14, .box_h = 14, .ofs_x = 0, .ofs_y = -2},
    {.bitmap_index = 51443, .adv_w = 224, .box_w = 14, .box_h = 14, .ofs_x = 0, .ofs_y = -2},
    {.bitmap_index = 51533, .adv_w = 224, .box_w = 15, .box_h = 14, .ofs_x = 0, .ofs_y = -2},
    {.bitmap_index = 51621, .adv_w = 224, .box_w = 14, .box_h = 14, .ofs_x = 0, .ofs_y = -2},
    {.bitmap_index = 51706, .adv_w = 224, .box_w = 14, .box_h = 14, .ofs_x = 0, .ofs_y = -2},
    {.bitmap_index = 51791, .adv_w = 224, .box_w = 14, .box_h = 14, .ofs_x = 0, .ofs_y = -2},
    {.bitmap_index = 51887, .adv_w = 224, .box_w = 14, .box_h = 14, .ofs_x = 0, .ofs_y = -2},
    {.bitmap_index = 51980, .adv_w = 224, .box_w = 14, .box_h = 13, .ofs_x = 0, .ofs_y = -1},
    {.bitmap_index = 52058, .adv_w = 224, .box_w = 14, .box_h = 14, .ofs_x = 0, .ofs_y = -2},
    {.bitmap_index = 52146, .adv_w = 224, .box_w = 14, .box_h = 14, .ofs_x = 0, .ofs_y = -2},
    {.bitmap_index = 52225, .adv_w = 224, .box_w = 14, .box_h = 13, .ofs_x = 0, .ofs_y = -1},
    {.bitmap_index = 52310, .adv_w = 224, .box_w = 14, .box_h = 13, .ofs_x = 0, .ofs_y = -1},
    {.bitmap_index = 52393, .adv_w = 224, .box_w = 13, .box_h = 12, .ofs_x = 0, .ofs_y = -1},
    {.bitmap_index = 52455, .adv_w = 224, .box_w = 13, .box_h = 13, .ofs_x = 0, .ofs_y = -1},
    {.bitmap_index = 52530, .adv_w = 224, .box_w = 14, .box_h = 12, .ofs_x = 0, .ofs_y = -1},
    {.bitmap_index = 52597, .adv_w = 224, .box_w = 14, .box_h = 14, .ofs_x = 0, .ofs_y = -1},
    {.bitmap_index = 52662, .adv_w = 224, .box_w = 14, .box_h = 13, .ofs_x = 0, .ofs_y = -1},
    {.bitmap_index = 52737, .adv_w = 224, .box_w = 14, .box_h = 14, .ofs_x = 0, .ofs_y = -2},
    {.bitmap_index = 52827, .adv_w = 224, .box_w = 14, .box_h = 13, .ofs_x = 0, .ofs_y = -1},
    {.bitmap_index = 52910, .adv_w = 224, .box_w = 14, .box_h = 14, .ofs_x = 0, .ofs_y = -2},
    {.bitmap_index = 53002, .adv_w = 224, .box_w = 14, .box_h = 15, .ofs_x = 0, .ofs_y = -2},
    {.bitmap_index = 53100, .adv_w = 224, .box_w = 14, .box_h = 14, .ofs_x = 0, .ofs_y = -2},
    {.bitmap_index = 53192, .adv_w = 224, .box_w = 13, .box_h = 14, .ofs_x = 1, .ofs_y = -2},
    {.bitmap_index = 53261, .adv_w = 224, .box_w = 13, .box_h = 14, .ofs_x = 1, .ofs_y = -2},
    {.bitmap_index = 53326, .adv_w = 224, .box_w = 12, .box_h = 14, .ofs_x = 1, .ofs_y = -2},
    {.bitmap_index = 53381, .adv_w = 224, .box_w = 12, .box_h = 14, .ofs_x = 1, .ofs_y = -2},
    {.bitmap_index = 53433, .adv_w = 224, .box_w = 12, .box_h = 14, .ofs_x = 1, .ofs_y = -2},
    {.bitmap_index = 53500, .adv_w = 224, .box_w = 12, .box_h = 14, .ofs_x = 1, .ofs_y = -2},
    {.bitmap_index = 53573, .adv_w = 224, .box_w = 12, .box_h = 14, .ofs_x = 1, .ofs_y = -2},
    {.bitmap_index = 53638, .adv_w = 224, .box_w = 12, .box_h = 14, .ofs_x = 1, .ofs_y = -2},
    {.bitmap_index = 53707, .adv_w = 224, .box_w = 13, .box_h = 13, .ofs_x = 1, .ofs_y = -1},
    {.bitmap_index = 53778, .adv_w = 224, .box_w = 13, .box_h = 14, .ofs_x = 1, .ofs_y = -2},
    {.bitmap_index = 53853, .adv_w = 224, .box_w = 13, .box_h = 14, .ofs_x = 1, .ofs_y = -2},
    {.bitmap_index = 53917, .adv_w = 224, .box_w = 13, .box_h = 15, .ofs_x = 1, .ofs_y = -2},
    {.bitmap_index = 53989, .adv_w = 224, .box_w = 13, .box_h = 13, .ofs_x = 1, .ofs_y = -1},
    {.bitmap_index = 54062, .adv_w = 224, .box_w = 13, .box_h = 13, .ofs_x = 1, .ofs_y = -1},
    {.bitmap_index = 54140, .adv_w = 224, .box_w = 13, .box_h = 14, .ofs_x = 1, .ofs_y = -2},
    {.bitmap_index = 54224, .adv_w = 224, .box_w = 13, .box_h = 14, .ofs_x = 1, .ofs_y = -2},
    {.bitmap_index = 54308, .adv_w = 224, .box_w = 13, .box_h = 14, .ofs_x = 1, .ofs_y = -2},
    {.bitmap_index = 54383, .adv_w = 224, .box_w = 14, .box_h = 13, .ofs_x = 0, .ofs_y = -1},
    {.bitmap_index = 54467, .adv_w = 224, .box_w = 13, .box_h = 13, .ofs_x = 0, .ofs_y = -2},
    {.bitmap_index = 54533, .adv_w = 224, .box_w = 12, .box_h = 12, .ofs_x = 1, .ofs_y = -1},
    {.bitmap_index = 54594, .adv_w = 224, .box_w = 12, .box_h = 12, .ofs_x = 1, .ofs_y = -1},
    {.bitmap_index = 54661, .adv_w = 224, .box_w = 14, .box_h = 13, .ofs_x = 0, .ofs_y = -2},
    {.bitmap_index = 54751, .adv_w = 224, .box_w = 14, .box_h = 13, .ofs_x = 0, .ofs_y = -2},
    {.bitmap_index = 54827, .adv_w = 224, .box_w = 13, .box_h = 12, .ofs_x = 0, .ofs_y = -1},
    {.bitmap_index = 54902, .adv_w = 224, .box_w = 13, .box_h = 12, .ofs_x = 1, .ofs_y = -1},
    {.bitmap_index = 54977, .adv_w = 224, .box_w = 14, .box_h = 12, .ofs_x = 0, .ofs_y = -1},
    {.bitmap_index = 55060, .adv_w = 224, .box_w = 14, .box_h = 14, .ofs_x = 0, .ofs_y = -1},
    {.bitmap_index = 55123, .adv_w = 224, .box_w = 13, .box_h = 13, .ofs_x = 0, .ofs_y = -1},
    {.bitmap_index = 55195, .adv_w = 224, .box_w = 14, .box_h = 12, .ofs_x = 0, .ofs_y = -1},
    {.bitmap_index = 55259, .adv_w = 224, .box_w = 14, .box_h = 14, .ofs_x = 0, .ofs_y = -1},
    {.bitmap_index = 55349, .adv_w = 224, .box_w = 14, .box_h = 15, .ofs_x = 0, .ofs_y = -2},
    {.bitmap_index = 55423, .adv_w = 224, .box_w = 14, .box_h = 13, .ofs_x = 0, .ofs_y = -2},
    {.bitmap_index = 55487, .adv_w = 224, .box_w = 14, .box_h = 13, .ofs_x = 0, .ofs_y = -2},
    {.bitmap_index = 55551, .adv_w = 224, .box_w = 14, .box_h = 12, .ofs_x = 0, .ofs_y = -1},
    {.bitmap_index = 55615, .adv_w = 224, .box_w = 14, .box_h = 13, .ofs_x = 0, .ofs_y = -2},
    {.bitmap_index = 55687, .adv_w = 224, .box_w = 14, .box_h = 13, .ofs_x = 0, .ofs_y = -1},
    {.bitmap_index = 55766, .adv_w = 224, .box_w = 14, .box_h = 14, .ofs_x = 0, .ofs_y = -2},
    {.bitmap_index = 55852, .adv_w = 224, .box_w = 14, .box_h = 13, .ofs_x = 0, .ofs_y = -1},
    {.bitmap_index = 55939, .adv_w = 224, .box_w = 14, .box_h = 13, .ofs_x = 0, .ofs_y = -2},
    {.bitmap_index = 56031, .adv_w = 224, .box_w = 14, .box_h = 14, .ofs_x = 0, .ofs_y = -2},
    {.bitmap_index = 56124, .adv_w = 224, .box_w = 14, .box_h = 14, .ofs_x = 0, .ofs_y = -2},
    {.bitmap_index = 56218, .adv_w = 224, .box_w = 14, .box_h = 13, .ofs_x = 0, .ofs_y = -2},
    {.bitmap_index = 56291, .adv_w = 224, .box_w = 14, .box_h = 12, .ofs_x = 0, .ofs_y = -1},
    {.bitmap_index = 56348, .adv_w = 224, .box_w = 14, .box_h = 13, .ofs_x = 0, .ofs_y = -1},
    {.bitmap_index = 56416, .adv_w = 224, .box_w = 14, .box_h = 14, .ofs_x = 0, .ofs_y = -2},
    {.bitmap_index = 56505, .adv_w = 224, .box_w = 14, .box_h = 14, .ofs_x = 0, .ofs_y = -2},
    {.bitmap_index = 56598, .adv_w = 224, .box_w = 14, .box_h = 14, .ofs_x = 0, .ofs_y = -2},
    {.bitmap_index = 56692, .adv_w = 224, .box_w = 14, .box_h = 13, .ofs_x = 0, .ofs_y = -1},
    {.bitmap_index = 56782, .adv_w = 224, .box_w = 14, .box_h = 14, .ofs_x = 0, .ofs_y = -2},
    {.bitmap_index = 56848, .adv_w = 224, .box_w = 14, .box_h = 14, .ofs_x = 0, .ofs_y = -2},
    {.bitmap_index = 56930, .adv_w = 224, .box_w = 14, .box_h = 13, .ofs_x = 0, .ofs_y = -1},
    {.bitmap_index = 57009, .adv_w = 224, .box_w = 14, .box_h = 13, .ofs_x = 0, .ofs_y = -1},
    {.bitmap_index = 57094, .adv_w = 224, .box_w = 14, .box_h = 13, .ofs_x = 0, .ofs_y = -2},
    {.bitmap_index = 57175, .adv_w = 224, .box_w = 14, .box_h = 14, .ofs_x = 0, .ofs_y = -2},
    {.bitmap_index = 57267, .adv_w = 224, .box_w = 14, .box_h = 13, .ofs_x = 0, .ofs_y = -1},
    {.bitmap_index = 57338, .adv_w = 224, .box_w = 14, .box_h = 13, .ofs_x = 0, .ofs_y = -1},
    {.bitmap_index = 57406, .adv_w = 224, .box_w = 3, .box_h = 12, .ofs_x = 2, .ofs_y = -1},
    {.bitmap_index = 57424, .adv_w = 224, .box_w = 6, .box_h = 6, .ofs_x = 4, .ofs_y = 7},
    {.bitmap_index = 57444, .adv_w = 224, .box_w = 10, .box_h = 11, .ofs_x = 2, .ofs_y = 0},
    {.bitmap_index = 57493, .adv_w = 224, .box_w = 8, .box_h = 15, .ofs_x = 3, .ofs_y = -2},
    {.bitmap_index = 57548, .adv_w = 224, .box_w = 12, .box_h = 11, .ofs_x = 1, .ofs_y = 0},
    {.bitmap_index = 57613, .adv_w = 224, .box_w = 10, .box_h = 12, .ofs_x = 2, .ofs_y = -1},
    {.bitmap_index = 57668, .adv_w = 224, .box_w = 2, .box_h = 6, .ofs_x = 6, .ofs_y = 7},
    {.bitmap_index = 57675, .adv_w = 224, .box_w = 5, .box_h = 14, .ofs_x = 9, .ofs_y = -2},
    {.bitmap_index = 57709, .adv_w = 224, .box_w = 5, .box_h = 14, .ofs_x = 0, .ofs_y = -2},
    {.bitmap_index = 57743, .adv_w = 224, .box_w = 11, .box_h = 12, .ofs_x = 2, .ofs_y = -1},
    {.bitmap_index = 57799, .adv_w = 224, .box_w = 12, .box_h = 11, .ofs_x = 1, .ofs_y = 0},
    {.bitmap_index = 57825, .adv_w = 224, .box_w = 3, .box_h = 6, .ofs_x = 2, .ofs_y = -2},
    {.bitmap_index = 57834, .adv_w = 224, .box_w = 12, .box_h = 1, .ofs_x = 1, .ofs_y = 5},
    {.bitmap_index = 57838, .adv_w = 224, .box_w = 3, .box_h = 3, .ofs_x = 2, .ofs_y = 0},
    {.bitmap_index = 57843, .adv_w = 224, .box_w = 14, .box_h = 14, .ofs_x = 0, .ofs_y = -2},
    {.bitmap_index = 57898, .adv_w = 224, .box_w = 8, .box_h = 12, .ofs_x = 3, .ofs_y = -1},
    {.bitmap_index = 57943, .adv_w = 224, .box_w = 8, .box_h = 11, .ofs_x = 3, .ofs_y = 0},
    {.bitmap_index = 57966, .adv_w = 224, .box_w = 8, .box_h = 11, .ofs_x = 3, .ofs_y = 0},
    {.bitmap_index = 58006, .adv_w = 224, .box_w = 8, .box_h = 12, .ofs_x = 3, .ofs_y = -1},
    {.bitmap_index = 58052, .adv_w = 224, .box_w = 9, .box_h = 11, .ofs_x = 2, .ofs_y = 0},
    {.bitmap_index = 58090, .adv_w = 224, .box_w = 8, .box_h = 12, .ofs_x = 3, .ofs_y = -1},
    {.bitmap_index = 58131, .adv_w = 224, .box_w = 8, .box_h = 12, .ofs_x = 3, .ofs_y = -1},
    {.bitmap_index = 58178, .adv_w = 224, .box_w = 8, .box_h = 12, .ofs_x = 3, .ofs_y = -1},
    {.bitmap_index = 58213, .adv_w = 224, .box_w = 8, .box_h = 12, .ofs_x = 3, .ofs_y = -1},
    {.bitmap_index = 58262, .adv_w = 224, .box_w = 8, .box_h = 12, .ofs_x = 3, .ofs_y = -1},
    {.bitmap_index = 58310, .adv_w = 224, .box_w = 3, .box_h = 10, .ofs_x = 2, .ofs_y = -1},
    {.bitmap_index = 58323, .adv_w = 224, .box_w = 4, .box_h = 12, .ofs_x = 1, .ofs_y = -3},
    {.bitmap_index = 58345, .adv_w = 224, .box_w = 12, .box_h = 12, .ofs_x = 1, .ofs_y = -1},
    {.bitmap_index = 58397, .adv_w = 224, .box_w = 12, .box_h = 5, .ofs_x = 1, .ofs_y = 3},
    {.bitmap_index = 58413, .adv_w = 224, .box_w = 12, .box_h = 12, .ofs_x = 1, .ofs_y = -1},
    {.bitmap_index = 58465, .adv_w = 224, .box_w = 7, .box_h = 12, .ofs_x = 0, .ofs_y = -1},
    {.bitmap_index = 58503, .adv_w = 224, .box_w = 12, .box_h = 13, .ofs_x = 1, .ofs_y = -1},
    {.bitmap_index = 58580, .adv_w = 224, .box_w = 10, .box_h = 12, .ofs_x = 2, .ofs_y = -1},
    {.bitmap_index = 58630, .adv_w = 224, .box_w = 9, .box_h = 11, .ofs_x = 3, .ofs_y = 0},
    {.bitmap_index = 58673, .adv_w = 224, .box_w = 10, .box_h = 12, .ofs_x = 2, .ofs_y = -1},
    {.bitmap_index = 58722, .adv_w = 224, .box_w = 9, .box_h = 11, .ofs_x = 3, .ofs_y = 0},
    {.bitmap_index = 58763, .adv_w = 224, .box_w = 8, .box_h = 11, .ofs_x = 3, .ofs_y = 0},
    {.bitmap_index = 58792, .adv_w = 224, .box_w = 7, .box_h = 12, .ofs_x = 4, .ofs_y = -1},
    {.bitmap_index = 58817, .adv_w = 224, .box_w = 10, .box_h = 12, .ofs_x = 2, .ofs_y = -1},
    {.bitmap_index = 58871, .adv_w = 224, .box_w = 10, .box_h = 11, .ofs_x = 2, .ofs_y = 0},
    {.bitmap_index = 58895, .adv_w = 224, .box_w = 8, .box_h = 11, .ofs_x = 3, .ofs_y = 0},
    {.bitmap_index = 58915, .adv_w = 224, .box_w = 7, .box_h = 12, .ofs_x = 3, .ofs_y = -1},
    {.bitmap_index = 58935, .adv_w = 224, .box_w = 10, .box_h = 11, .ofs_x = 3, .ofs_y = 0},
    {.bitmap_index = 58978, .adv_w = 224, .box_w = 7, .box_h = 11, .ofs_x = 4, .ofs_y = 0},
    {.bitmap_index = 58990, .adv_w = 224, .box_w = 10, .box_h = 11, .ofs_x = 2, .ofs_y = 0},
    {.bitmap_index = 59036, .adv_w = 224, .box_w = 10, .box_h = 11, .ofs_x = 2, .ofs_y = 0},
    {.bitmap_index = 59074, .adv_w = 224, .box_w = 10, .box_h = 12, .ofs_x = 2, .ofs_y = -1},
    {.bitmap_index = 59127, .adv_w = 224, .box_w = 9, .box_h = 12, .ofs_x = 3, .ofs_y = -1},
    {.bitmap_index = 59166, .adv_w = 224, .box_w = 11, .box_h = 14, .ofs_x = 2, .ofs_y = -3},
    {.bitmap_index = 59232, .adv_w = 224, .box_w = 9, .box_h = 12, .ofs_x = 3, .ofs_y = -1},
    {.bitmap_index = 59278, .adv_w = 224, .box_w = 10, .box_h = 12, .ofs_x = 2, .ofs_y = -1},
    {.bitmap_index = 59334, .adv_w = 224, .box_w = 10, .box_h = 12, .ofs_x = 2, .ofs_y = -1},
    {.bitmap_index = 59352, .adv_w = 224, .box_w = 10, .box_h = 12, .ofs_x = 2, .ofs_y = -1},
    {.bitmap_index = 59387, .adv_w = 224, .box_w = 10, .box_h = 11, .ofs_x = 2, .ofs_y = 0},
    {.bitmap_index = 59436, .adv_w = 224, .box_w = 14, .box_h = 11, .ofs_x = 0, .ofs_y = 0},
    {.bitmap_index = 59510, .adv_w = 224, .box_w = 10, .box_h = 11, .ofs_x = 2, .ofs_y = 0},
    {.bitmap_index = 59559, .adv_w = 224, .box_w = 9, .box_h = 11, .ofs_x = 2, .ofs_y = 0},
    {.bitmap_index = 59593, .adv_w = 224, .box_w = 9, .box_h = 11, .ofs_x = 3, .ofs_y = 0},
    {.bitmap_index = 59630, .adv_w = 224, .box_w = 5, .box_h = 13, .ofs_x = 9, .ofs_y = -1},
    {.bitmap_index = 59641, .adv_w = 224, .box_w = 14, .box_h = 14, .ofs_x = 0, .ofs_y = -2},
    {.bitmap_index = 59702, .adv_w = 224, .box_w = 5, .box_h = 13, .ofs_x = 0, .ofs_y = -1},
    {.bitmap_index = 59713, .adv_w = 224, .box_w = 6, .box_h = 3, .ofs_x = 4, .ofs_y = 11},
    {.bitmap_index = 59722, .adv_w = 224, .box_w = 14, .box_h = 1, .ofs_x = 0, .ofs_y = -2},
    {.bitmap_index = 59726, .adv_w = 224, .box_w = 4, .box_h = 3, .ofs_x = 4, .ofs_y = 11},
    {.bitmap_index = 59732, .adv_w = 224, .box_w = 8, .box_h = 9, .ofs_x = 3, .ofs_y = -1},
    {.bitmap_index = 59769, .adv_w = 224, .box_w = 9, .box_h = 12, .ofs_x = 3, .ofs_y = -1},
    {.bitmap_index = 59809, .adv_w = 224, .box_w = 8, .box_h = 9, .ofs_x = 3, .ofs_y = -1},
    {.bitmap_index = 59842, .adv_w = 224, .box_w = 9, .box_h = 12, .ofs_x = 2, .ofs_y = -1},
    {.bitmap_index = 59882, .adv_w = 224, .box_w = 8, .box_h = 9, .ofs_x = 3, .ofs_y = -1},
    {.bitmap_index = 59917, .adv_w = 224, .box_w = 9, .box_h = 11, .ofs_x = 3, .ofs_y = 0},
    {.bitmap_index = 59950, .adv_w = 224, .box_w = 9, .box_h = 12, .ofs_x = 3, .ofs_y = -4},
    {.bitmap_index = 60003, .adv_w = 224, .box_w = 8, .box_h = 12, .ofs_x = 3, .ofs_y = -1},
    {.bitmap_index = 60032, .adv_w = 224, .box_w = 3, .box_h = 11, .ofs_x = 6, .ofs_y = 0},
    {.bitmap_index = 60043, .adv_w = 224, .box_w = 8, .box_h = 12, .ofs_x = 4, .ofs_y = -1},
    {.bitmap_index = 60076, .adv_w = 224, .box_w = 5, .box_h = 12, .ofs_x = 6, .ofs_y = -1},
    {.bitmap_index = 60088, .adv_w = 224, .box_w = 13, .box_h = 8, .ofs_x = 1, .ofs_y = 0},
    {.bitmap_index = 60117, .adv_w = 224, .box_w = 8, .box_h = 8, .ofs_x = 3, .ofs_y = 0},
    {.bitmap_index = 60137, .adv_w = 224, .box_w = 8, .box_h = 9, .ofs_x = 3, .ofs_y = -1},
    {.bitmap_index = 60173, .adv_w = 224, .box_w = 9, .box_h = 12, .ofs_x = 3, .ofs_y = -4},
    {.bitmap_index = 60216, .adv_w = 224, .box_w = 8, .box_h = 12, .ofs_x = 3, .ofs_y = -4},
    {.bitmap_index = 60252, .adv_w = 224, .box_w = 7, .box_h = 8, .ofs_x = 4, .ofs_y = 0},
    {.bitmap_index = 60270, .adv_w = 224, .box_w = 8, .box_h = 9, .ofs_x = 3, .ofs_y = -1},
    {.bitmap_index = 60307, .adv_w = 224, .box_w = 8, .box_h = 11, .ofs_x = 3, .ofs_y = -1},
    {.bitmap_index = 60342, .adv_w = 224, .box_w = 8, .box_h = 9, .ofs_x = 3, .ofs_y = -1},
    {.bitmap_index = 60367, .adv_w = 224, .box_w = 8, .box_h = 8, .ofs_x = 3, .ofs_y = 0},
    {.bitmap_index = 60398, .adv_w = 224, .box_w = 12, .box_h = 8, .ofs_x = 1, .ofs_y = 0},
    {.bitmap_index = 60447, .adv_w = 224, .box_w = 8, .box_h = 8, .ofs_x = 3, .ofs_y = 0},
    {.bitmap_index = 60478, .adv_w = 224, .box_w = 8, .box_h = 12, .ofs_x = 3, .ofs_y = -4},
    {.bitmap_index = 60522, .adv_w = 224, .box_w = 5, .box_h = 13, .ofs_x = 9, .ofs_y = -1},
    {.bitmap_index = 60547, .adv_w = 224, .box_w = 2, .box_h = 15, .ofs_x = 6, .ofs_y = -2},
    {.bitmap_index = 60553, .adv_w = 224, .box_w = 5, .box_h = 13, .ofs_x = 0, .ofs_y = -1},
    {.bitmap_index = 60577, .adv_w = 224, .box_w = 14, .box_h = 5, .ofs_x = 0, .ofs_y = 3}
};

/*---------------------
 *  CHARACTER MAPPING
 *--------------------*/

static const uint16_t unicode_list_1[] = {
    0x0, 0x27, 0x1f64, 0x1f68, 0x1f69, 0x1f6c, 0x1f6d, 0x2f51,
    0x2f52, 0x4d50, 0x4d57, 0x4d59, 0x4d5a, 0x4d5b, 0x4d5d, 0x4d5e,
    0x4d63, 0x4d64, 0x4d74, 0x4d7a, 0x4d7d, 0x4d80, 0x4d82, 0x4d8a,
    0x4d8b, 0x4d8e, 0x4d95, 0x4d98, 0x4d99, 0x4da0, 0x4dad, 0x4daf,
    0x4db0, 0x4db6, 0x4ddb, 0x4ddc, 0x4dde, 0x4de1, 0x4de4, 0x4deb,
    0x4dfc, 0x4dfe, 0x4e0a, 0x4e10, 0x4e15, 0x4e1a, 0x4e1e, 0x4e23,
    0x4e33, 0x4e34, 0x4e35, 0x4e46, 0x4e4d, 0x4e68, 0x4e6a, 0x4e70,
    0x4e80, 0x4e9d, 0x4e9f, 0x4ea3, 0x4ea9, 0x4eac, 0x4eb0, 0x4ecf,
    0x4edb, 0x4eeb, 0x4eed, 0x4ef7, 0x4f0f, 0x4f2d, 0x4f31, 0x4f62,
    0x4f8c, 0x4f9f, 0x4faa, 0x4fac, 0x4fb5, 0x4ff8, 0x501f, 0x5095,
    0x5098, 0x5099, 0x509b, 0x509d, 0x50b5, 0x50b8, 0x50bc, 0x50bd,
    0x50c1, 0x50c3, 0x50c6, 0x50c7, 0x50c8, 0x50d5, 0x50dd, 0x50e9,
    0x50f0, 0x5103, 0x5107, 0x5116, 0x511f, 0x5130, 0x514a, 0x514b,
    0x5156, 0x5157, 0x5162, 0x5167, 0x5169, 0x517b, 0x5180, 0x5186,
    0x5187, 0x518b, 0x519d, 0x51b9, 0x51bf, 0x51eb, 0x51ef, 0x51f0,
    0x51f1, 0x51f8, 0x51f9, 0x520f, 0x524e, 0x5250, 0x5255, 0x5266,
    0x5267, 0x5289, 0x528a, 0x5291, 0x529a, 0x529f, 0x52a5, 0x52b0,
    0x52b1, 0x52c3, 0x52c8, 0x52d6, 0x52db, 0x52ef, 0x530b, 0x5312,
    0x531a, 0x531c, 0x5321, 0x5326, 0x5328, 0x5330, 0x5333, 0x5336,
    0x533a, 0x533d, 0x533f, 0x5342, 0x5343, 0x5347, 0x5353, 0x5354,
    0x5358, 0x535c, 0x535d, 0x535e, 0x5361, 0x5367, 0x5376, 0x537b,
    0x537c, 0x537f, 0x5388, 0x53b8, 0x53cc, 0x53cd, 0x53dc, 0x541d,
    0x5474, 0x5496, 0x54d7, 0x55b8, 0x55ba, 0x561a, 0x562b, 0x562e,
    0x5630, 0x5644, 0x564a, 0x564d, 0x564e, 0x5656, 0x5678, 0x5680,
    0x5690, 0x5697, 0x56a0, 0x56a7, 0x56d2, 0x56db, 0x571e, 0x574a,
    0x57ae, 0x57bb, 0x57d3, 0x57ee, 0x5811, 0x5840, 0x5854, 0x5857,
    0x585d, 0x5866, 0x586a, 0x586f, 0x5877, 0x5879, 0x587a, 0x587e,
    0x5884, 0x5889, 0x58a7, 0x58cd, 0x58d2, 0x591b, 0x5aa0, 0x5aa7,
    0x5aa8, 0x5ab6, 0x5adc, 0x5ae8, 0x5aea, 0x5aee, 0x5afb, 0x5b06,
    0x5b09, 0x5b0d, 0x5b14, 0x5b1c, 0x5b48, 0x5b49, 0x5b4c, 0x5b51,
    0x5b54, 0x5b56, 0x5b5f, 0x5b61, 0x5b81, 0x5b8a, 0x5b90, 0x5b92,
    0x5b95, 0x5b9f, 0x5ba5, 0x5bae, 0x5bc1, 0x5c40, 0x5c9c, 0x5d35,
    0x5d36, 0x5d42, 0x5d44, 0x5d52, 0x5d53, 0x5d76, 0x5d77, 0x5d7e,
    0x5d88, 0x5d95, 0x5da5, 0x5dc3, 0x5dc4, 0x5dc6, 0x5ddf, 0x5de3,
    0x5de4, 0x5de5, 0x5de7, 0x5df6, 0x5e07, 0x5e4a, 0x5e50, 0x5e5f,
    0x5e65, 0x5e70, 0x5e8a, 0x5ea3, 0x5ea5, 0x5eb2, 0x5eb9, 0x5ec1,
    0x5ed4, 0x5ed5, 0x5ed8, 0x5ee7, 0x5efa, 0x5efe, 0x5f07, 0x5f13,
    0x5f15, 0x5f3b, 0x5f51, 0x5f5e, 0x5f6d, 0x5f77, 0x5f8b, 0x5fbf,
    0x5ffc, 0x6015, 0x6030, 0x603f, 0x6043, 0x605f, 0x606f, 0x6160,
    0x6161, 0x6166, 0x6183, 0x6187, 0x6190, 0x619b, 0x61a3, 0x61ab,
    0x61bc, 0x61c9, 0x61da, 0x61e3, 0x61e7, 0x61f5, 0x6219, 0x6226,
    0x622f, 0x6239, 0x624d, 0x624e, 0x6251, 0x6252, 0x6257, 0x6259,
    0x62b2, 0x62be, 0x62e2, 0x62f5, 0x62f7, 0x62f8, 0x631f, 0x6320,
    0x636c, 0x637d, 0x63fd, 0x641d, 0x641e, 0x647f, 0x6486, 0x6489,
    0x648e, 0x6498, 0x64c0, 0x64c4, 0x64d7, 0x6500, 0x6509, 0x6530,
    0x6535, 0x6546, 0x655e, 0x6563, 0x656f, 0x6570, 0x657f, 0x658e,
    0x65be, 0x65bf, 0x65c0, 0x65c4, 0x65ca, 0x65d2, 0x6642, 0x6644,
    0x664f, 0x6650, 0x6658, 0x6659, 0x665d, 0x666f, 0x667a, 0x667c,
    0x667f, 0x668a, 0x6692, 0x66b0, 0x66b1, 0x66b5, 0x66cf, 0x66d4,
    0x66e0, 0x66ea, 0x66ec, 0x6706, 0x6723, 0x6735, 0x6741, 0x6757,
    0x6758, 0x675f, 0x6787, 0x6788, 0x6789, 0x678c, 0x6796, 0x6798,
    0x67b3, 0x6810, 0x68c7, 0x6971, 0x697a, 0x69a9, 0x6a71, 0x6a9c,
    0x6ab3, 0x6ab5, 0x6b05, 0x6b1f, 0x6b24, 0x6b64, 0x6b84, 0x6b92,
    0x6b97, 0x6b99, 0x6bb0, 0x6c25, 0x6c31, 0x6c32, 0x6c38, 0x6c4c,
    0x6c8b, 0x6c91, 0x6c9b, 0x6cbe, 0x6cc7, 0x6cd8, 0x6cd9, 0x6d41,
    0x6d55, 0x6d60, 0x6d79, 0x6d82, 0x6da6, 0x6de0, 0x6e21, 0x6e2a,
    0x6e31, 0x6fbb, 0x6fbf, 0x6fc0, 0x6fc5, 0x7009, 0x703d, 0x7080,
    0x7197, 0x7198, 0x71a9, 0x7206, 0x723c, 0x72d7, 0x72ff, 0x7300,
    0x7353, 0x7356, 0x746f, 0x7478, 0x7485, 0x748b, 0x749c, 0x74a9,
    0x74b5, 0x74ba, 0x75cd, 0x75ce, 0x75d4, 0x761a, 0x7628, 0x763e,
    0x7644, 0x7648, 0x7651, 0x765b, 0x766f, 0x768c, 0x7732, 0x7735,
    0x7739, 0x7751, 0x7790, 0x77bc, 0x77be, 0x788a, 0x790b, 0x791d,
    0x7921, 0x7922, 0x793f, 0x795b, 0x79ca, 0x79e7, 0x7a26, 0x7a3f,
    0x7a76, 0x7a7c, 0x7a99, 0x7ace, 0x7ad0, 0x7ae7, 0x7af1, 0x7afd,
    0x7bcb, 0x7bd9, 0x7be7, 0x7c0e, 0x7c4b, 0x7c70, 0x7c72, 0x7c77,
    0x7c7b, 0x7d91, 0x7df2, 0x7df6, 0x7df7, 0x7dfc, 0x7dff, 0x7e03,
    0x7e05, 0x7e08, 0x7e0f, 0x7e14, 0x7e16, 0x7e1f, 0x7e23, 0x7e28,
    0x7e29, 0x7e2c, 0x7e2f, 0x7e3d, 0x7e4f, 0x7e50, 0x7e63, 0x7e66,
    0x7e79, 0x7e8a, 0x7ea1, 0x7ebe, 0x7f53, 0x7f55, 0x7f5c, 0x7f67,
    0x7f96, 0x7fa4, 0x801c, 0x8046, 0x804d, 0x8059, 0x80ce, 0x813a,
    0x8143, 0x8144, 0x817a, 0x817c, 0x81c2, 0x81ca, 0x81d2, 0x8235,
    0x8241, 0x8253, 0x8254, 0x82a0, 0x8307, 0x832c, 0x838d, 0x842d,
    0x879c, 0x87b8, 0x87fb, 0x8811, 0x8849, 0x88d1, 0x8911, 0x8914,
    0x8918, 0x8922, 0x8933, 0x8936, 0x8950, 0x8af1, 0x8af4, 0x8afe,
    0x8aff, 0x8b00, 0x8b0e, 0x8b0f, 0x8b11, 0x8b16, 0x8b21, 0x8b2d,
    0x8b35, 0x8b36, 0x8b3d, 0x8b44, 0x8b47, 0x8b4b, 0x8b53, 0x8c84,
    0x8c89, 0x8c94, 0x8ca6, 0x8cc0, 0x8cc7, 0x8cdb, 0x8d21, 0x8d2d,
    0x8d3f, 0x8d43, 0x8eb8, 0x8ebc, 0x8ebe, 0x8ebf, 0x8ecb, 0x8ecd,
    0x8ed5, 0x8ee1, 0x8ee3, 0x8ef8, 0x8f09, 0x8f17, 0x8f20, 0x8f21,
    0x8f24, 0x8f28, 0x8f29, 0x8f2b, 0x8f2e, 0x8f40, 0x8f49, 0x8f51,
    0x8f52, 0x8f56, 0x8f59, 0x8f5f, 0x8f60, 0x8f62, 0x8f64, 0x8f6a,
    0x8f6f, 0x8f70, 0x8f8b, 0x8fa3, 0x8fb5, 0x8fcf, 0x9038, 0x904d,
    0x909d, 0x90e2, 0x9117, 0x911c, 0x911d, 0x911f, 0x93d8, 0x93ef,
    0x93fe, 0x944a, 0x944e, 0x947e, 0x947f, 0x94cf, 0x953a, 0x953e,
    0x9544, 0x9555, 0x9558, 0x9583, 0x9584, 0x9585, 0x9586, 0x958f,
    0x9594, 0x9595, 0x959d, 0x95b4, 0x95df, 0x95e4, 0x9616, 0x9638,
    0x963a, 0x9647, 0x964e, 0x9650, 0x966c, 0x966e, 0x968e, 0x96ae,
    0x96b0, 0x96b2, 0x96db, 0x9743, 0x97c5, 0x97c6, 0x97c9, 0x97ca,
    0x97cb, 0x97d4, 0x97e1, 0x97e8, 0x97ec, 0x97ed, 0x981e, 0x982e,
    0x98e6, 0x99c1, 0x99cc, 0x99dc, 0x99f4, 0x9a28, 0x9dac, 0x9df6,
    0x9e14, 0x9e21, 0x9e28, 0x9ea0, 0x9ecf
};

/*Collect the unicode lists and glyph_id offsets*/
static const lv_font_fmt_txt_cmap_t cmaps[] =
{
    {
        .range_start = 32, .range_length = 95, .glyph_id_start = 1,
        .unicode_list = NULL, .glyph_id_ofs_list = NULL, .list_length = 0, .type = LV_FONT_FMT_TXT_CMAP_FORMAT0_TINY
    },
    {
        .range_start = 176, .range_length = 40656, .glyph_id_start = 96,
        .unicode_list = unicode_list_1, .glyph_id_ofs_list = NULL, .list_length = 725, .type = LV_FONT_FMT_TXT_CMAP_SPARSE_TINY
    },
    {
        .range_start = 65281, .range_length = 73, .glyph_id_start = 821,
        .unicode_list = NULL, .glyph_id_ofs_list = NULL, .list_length = 0, .type = LV_FONT_FMT_TXT_CMAP_FORMAT0_TINY
    },
    {
        .range_start = 65355, .range_length = 15, .glyph_id_start = 894,
        .unicode_list = NULL, .glyph_id_ofs_list = NULL, .list_length = 0, .type = LV_FONT_FMT_TXT_CMAP_FORMAT0_TINY
    },
    {
        .range_start = 65371, .range_length = 4, .glyph_id_start = 909,
        .unicode_list = NULL, .glyph_id_ofs_list = NULL, .list_length = 0, .type = LV_FONT_FMT_TXT_CMAP_FORMAT0_TINY
    }
};

/*-----------------
 *    KERNING
 *----------------*/


/*Map glyph_ids to kern left classes*/
static const uint8_t kern_left_class_mapping[] =
{
    0, 0, 0, 1, 0, 0, 0, 0,
    1, 2, 0, 0, 0, 3, 4, 3,
    5, 0, 0, 0, 0, 0, 0, 0,
    0, 0, 0, 6, 6, 0, 0, 0,
    0, 0, 7, 8, 9, 10, 11, 12,
    13, 0, 0, 14, 15, 16, 0, 0,
    10, 17, 10, 18, 19, 20, 21, 22,
    23, 24, 25, 26, 2, 27, 0, 0,
    0, 0, 28, 29, 30, 0, 31, 32,
    33, 34, 0, 0, 35, 36, 34, 34,
    29, 29, 37, 38, 39, 40, 37, 41,
    42, 43, 44, 45, 2, 0, 0, 0,
    0, 0, 4, 0, 0, 0, 0, 0,
    0, 0, 0, 0, 0, 0, 0, 0,
    0, 0, 0, 0, 0, 0, 0, 0,
    0, 0, 0, 0, 0, 0, 0, 0,
    0, 0, 0, 0, 0, 0, 0, 0,
    0, 0, 0, 0, 0, 0, 0, 0,
    0, 0, 0, 0, 0, 0, 0, 0,
    0, 0, 0, 0, 0, 0, 0, 0,
    0, 0, 0, 0, 0, 0, 0, 0,
    0, 0, 0, 0, 0, 0, 0, 0,
    0, 0, 0, 0, 0, 0, 0, 0,
    0, 0, 0, 0, 0, 0, 0, 0,
    0, 0, 0, 0, 0, 0, 0, 0,
    0, 0, 0, 0, 0, 0, 0, 0,
    0, 0, 0, 0, 0, 0, 0, 0,
    0, 0, 0, 0, 0, 0, 0, 0,
    0, 0, 0, 0, 0, 0, 0, 0,
    0, 0, 0, 0, 0, 0, 0, 0,
    0, 0, 0, 0, 0, 0, 0, 0,
    0, 0, 0, 0, 0, 0, 0, 0,
    0, 0, 0, 0, 0, 0, 0, 0,
    0, 0, 0, 0, 0, 0, 0, 0,
    0, 0, 0, 0, 0, 0, 0, 0,
    0, 0, 0, 0, 0, 0, 0, 0,
    0, 0, 0, 0, 0, 0, 0, 0,
    0, 0, 0, 0, 0, 0, 0, 0,
    0, 0, 0, 0, 0, 0, 0, 0,
    0, 0, 0, 0, 0, 0, 0, 0,
    0, 0, 0, 0, 0, 0, 0, 0,
    0, 0, 0, 0, 0, 0, 0, 0,
    0, 0, 0, 0, 0, 0, 0, 0,
    0, 0, 0, 0, 0, 0, 0, 0,
    0, 0, 0, 0, 0, 0, 0, 0,
    0, 0, 0, 0, 0, 0, 0, 0,
    0, 0, 0, 0, 0, 0, 0, 0,
    0, 0, 0, 0, 0, 0, 0, 0,
    0, 0, 0, 0, 0, 0, 0, 0,
    0, 0, 0, 0, 0, 0, 0, 0,
    0, 0, 0, 0, 0, 0, 0, 0,
    0, 0, 0, 0, 0, 0, 0, 0,
    0, 0, 0, 0, 0, 0, 0, 0,
    0, 0, 0, 0, 0, 0, 0, 0,
    0, 0, 0, 0, 0, 0, 0, 0,
    0, 0, 0, 0, 0, 0, 0, 0,
    0, 0, 0, 0, 0, 0, 0, 0,
    0, 0, 0, 0, 0, 0, 0, 0,
    0, 0, 0, 0, 0, 0, 0, 0,
    0, 0, 0, 0, 0, 0, 0, 0,
    0, 0, 0, 0, 0, 0, 0, 0,
    0, 0, 0, 0, 0, 0, 0, 0,
    0, 0, 0, 0, 0, 0, 0, 0,
    0, 0, 0, 0, 0, 0, 0, 0,
    0, 0, 0, 0, 0, 0, 0, 0,
    0, 0, 0, 0, 0, 0, 0, 0,
    0, 0, 0, 0, 0, 0, 0, 0,
    0, 0, 0, 0, 0, 0, 0, 0,
    0, 0, 0, 0, 0, 0, 0, 0,
    0, 0, 0, 0, 0, 0, 0, 0,
    0, 0, 0, 0, 0, 0, 0, 0,
    0, 0, 0, 0, 0, 0, 0, 0,
    0, 0, 0, 0, 0, 0, 0, 0,
    0, 0, 0, 0, 0, 0, 0, 0,
    0, 0, 0, 0, 0, 0, 0, 0,
    0, 0, 0, 0, 0, 0, 0, 0,
    0, 0, 0, 0, 0, 0, 0, 0,
    0, 0, 0, 0, 0, 0, 0, 0,
    0, 0, 0, 0, 0, 0, 0, 0,
    0, 0, 0, 0, 0, 0, 0, 0,
    0, 0, 0, 0, 0, 0, 0, 0,
    0, 0, 0, 0, 0, 0, 0, 0,
    0, 0, 0, 0, 0, 0, 0, 0,
    0, 0, 0, 0, 0, 0, 0, 0,
    0, 0, 0, 0, 0, 0, 0, 0,
    0, 0, 0, 0, 0, 0, 0, 0,
    0, 0, 0, 0, 0, 0, 0, 0,
    0, 0, 0, 0, 0, 0, 0, 0,
    0, 0, 0, 0, 0, 0, 0, 0,
    0, 0, 0, 0, 0, 0, 0, 0,
    0, 0, 0, 0, 0, 0, 0, 0,
    0, 0, 0, 0, 0, 0, 0, 0,
    0, 0, 0, 0, 0, 0, 0, 0,
    0, 0, 0, 0, 0, 0, 0, 0,
    0, 0, 0, 0, 0, 0, 0, 0,
    0, 0, 0, 0, 0, 0, 0, 0,
    0, 0, 0, 0, 0, 0, 0, 0,
    0, 0, 0, 0, 0, 0, 0, 0,
    0, 0, 0, 0, 0, 0, 0, 0,
    0, 0, 0, 0, 0, 0, 0, 0,
    0, 0, 0, 0, 0, 0, 0, 0,
    0, 0, 0, 0, 0, 0, 0, 0,
    0, 0, 0, 0, 0, 0, 0, 0,
    0, 0, 0, 0, 0, 0, 0, 0,
    0, 0, 0, 0, 0, 0, 0, 0,
    0, 0, 0, 0, 0, 0, 0, 0,
    0, 0, 0, 0, 0, 0, 0, 0,
    0, 0, 0, 0, 0, 0, 0, 0,
    0, 0, 0, 0, 0, 0, 0, 0,
    0, 0, 0, 0, 0, 0, 0, 0,
    0, 0, 0, 0, 0, 0, 0, 0,
    0, 0, 0, 0, 0, 0, 0, 0,
    0, 0, 0, 0, 0, 0, 0, 0,
    0, 0, 0, 0, 0, 0, 0, 0,
    0
};

/*Map glyph_ids to kern right classes*/
static const uint8_t kern_right_class_mapping[] =
{
    0, 0, 1, 2, 0, 0, 0, 0,
    2, 0, 3, 4, 0, 5, 6, 7,
    8, 0, 0, 0, 0, 0, 0, 0,
    0, 0, 0, 9, 10, 0, 0, 0,
    11, 0, 12, 0, 13, 0, 0, 0,
    13, 0, 0, 14, 0, 0, 0, 0,
    13, 0, 13, 0, 15, 16, 17, 18,
    19, 20, 21, 22, 0, 23, 3, 0,
    0, 0, 24, 0, 25, 25, 25, 26,
    27, 0, 28, 29, 0, 0, 30, 30,
    25, 30, 25, 30, 31, 32, 33, 34,
    35, 36, 37, 38, 0, 0, 3, 0,
    0, 0, 6, 0, 0, 0, 0, 0,
    0, 0, 0, 0, 0, 0, 0, 0,
    0, 0, 0, 0, 0, 0, 0, 0,
    0, 0, 0, 0, 0, 0, 0, 0,
    0, 0, 0, 0, 0, 0, 0, 0,
    0, 0, 0, 0, 0, 0, 0, 0,
    0, 0, 0, 0, 0, 0, 0, 0,
    0, 0, 0, 0, 0, 0, 0, 0,
    0, 0, 0, 0, 0, 0, 0, 0,
    0, 0, 0, 0, 0, 0, 0, 0,
    0, 0, 0, 0, 0, 0, 0, 0,
    0, 0, 0, 0, 0, 0, 0, 0,
    0, 0, 0, 0, 0, 0, 0, 0,
    0, 0, 0, 0, 0, 0, 0, 0,
    0, 0, 0, 0, 0, 0, 0, 0,
    0, 0, 0, 0, 0, 0, 0, 0,
    0, 0, 0, 0, 0, 0, 0, 0,
    0, 0, 0, 0, 0, 0, 0, 0,
    0, 0, 0, 0, 0, 0, 0, 0,
    0, 0, 0, 0, 0, 0, 0, 0,
    0, 0, 0, 0, 0, 0, 0, 0,
    0, 0, 0, 0, 0, 0, 0, 0,
    0, 0, 0, 0, 0, 0, 0, 0,
    0, 0, 0, 0, 0, 0, 0, 0,
    0, 0, 0, 0, 0, 0, 0, 0,
    0, 0, 0, 0, 0, 0, 0, 0,
    0, 0, 0, 0, 0, 0, 0, 0,
    0, 0, 0, 0, 0, 0, 0, 0,
    0, 0, 0, 0, 0, 0, 0, 0,
    0, 0, 0, 0, 0, 0, 0, 0,
    0, 0, 0, 0, 0, 0, 0, 0,
    0, 0, 0, 0, 0, 0, 0, 0,
    0, 0, 0, 0, 0, 0, 0, 0,
    0, 0, 0, 0, 0, 0, 0, 0,
    0, 0, 0, 0, 0, 0, 0, 0,
    0, 0, 0, 0, 0, 0, 0, 0,
    0, 0, 0, 0, 0, 0, 0, 0,
    0, 0, 0, 0, 0, 0, 0, 0,
    0, 0, 0, 0, 0, 0, 0, 0,
    0, 0, 0, 0, 0, 0, 0, 0,
    0, 0, 0, 0, 0, 0, 0, 0,
    0, 0, 0, 0, 0, 0, 0, 0,
    0, 0, 0, 0, 0, 0, 0, 0,
    0, 0, 0, 0, 0, 0, 0, 0,
    0, 0, 0, 0, 0, 0, 0, 0,
    0, 0, 0, 0, 0, 0, 0, 0,
    0, 0, 0, 0, 0, 0, 0, 0,
    0, 0, 0, 0, 0, 0, 0, 0,
    0, 0, 0, 0, 0, 0, 0, 0,
    0, 0, 0, 0, 0, 0, 0, 0,
    0, 0, 0, 0, 0, 0, 0, 0,
    0, 0, 0, 0, 0, 0, 0, 0,
    0, 0, 0, 0, 0, 0, 0, 0,
    0, 0, 0, 0, 0, 0, 0, 0,
    0, 0, 0, 0, 0, 0, 0, 0,
    0, 0, 0, 0, 0, 0, 0, 0,
    0, 0, 0, 0, 0, 0, 0, 0,
    0, 0, 0, 0, 0, 0, 0, 0,
    0, 0, 0, 0, 0, 0, 0, 0,
    0, 0, 0, 0, 0, 0, 0, 0,
    0, 0, 0, 0, 0, 0, 0, 0,
    0, 0, 0, 0, 0, 0, 0, 0,
    0, 0, 0, 0, 0, 0, 0, 0,
    0, 0, 0, 0, 0, 0, 0, 0,
    0, 0, 0, 0, 0, 0, 0, 0,
    0, 0, 0, 0, 0, 0, 0, 0,
    0, 0, 0, 0, 0, 0, 0, 0,
    0, 0, 0, 0, 0, 0, 0, 0,
    0, 0, 0, 0, 0, 0, 0, 0,
    0, 0, 0, 0, 0, 0, 0, 0,
    0, 0, 0, 0, 0, 0, 0, 0,
    0, 0, 0, 0, 0, 0, 0, 0,
    0, 0, 0, 0, 0, 0, 0, 0,
    0, 0, 0, 0, 0, 0, 0, 0,
    0, 0, 0, 0, 0, 0, 0, 0,
    0, 0, 0, 0, 0, 0, 0, 0,
    0, 0, 0, 0, 0, 0, 0, 0,
    0, 0, 0, 0, 0, 0, 0, 0,
    0, 0, 0, 0, 0, 0, 0, 0,
    0, 0, 0, 0, 0, 0, 0, 0,
    0, 0, 0, 0, 0, 0, 0, 0,
    0, 0, 0, 0, 0, 0, 0, 0,
    0, 0, 0, 0, 0, 0, 0, 0,
    0, 0, 0, 0, 0, 0, 0, 0,
    0, 0, 0, 0, 0, 0, 0, 0,
    0, 0, 0, 0, 0, 0, 0, 0,
    0, 0, 0, 0, 0, 0, 0, 0,
    0, 0, 0, 0, 0, 0, 0, 0,
    0, 0, 0, 0, 0, 0, 0, 0,
    0, 0, 0, 0, 0, 0, 0, 0,
    0, 0, 0, 0, 0, 0, 0, 0,
    0, 0, 0, 0, 0, 0, 0, 0,
    0, 0, 0, 0, 0, 0, 0, 0,
    0, 0, 0, 0, 0, 0, 0, 0,
    0, 0, 0, 0, 0, 0, 0, 0,
    0, 0, 0, 0, 0, 0, 0, 0,
    0, 0, 0, 0, 0, 0, 0, 0,
    0, 0, 0, 0, 0, 0, 0, 0,
    0, 0, 0, 0, 0, 0, 0, 0,
    0, 0, 0, 0, 0, 0, 0, 0,
    0, 0, 0, 0, 0, 0, 0, 0,
    0, 0, 0, 0, 0, 0, 0, 0,
    0
};

/*Kern values between classes*/
static const int8_t kern_class_values[] =
{
    0, 0, 0, 0, -29, 0, -29, 0,
    0, 0, 0, -14, 0, -24, -3, 0,
    0, 0, 0, -3, 0, 0, 0, 0,
    -8, 0, 0, 0, 0, 0, -6, 0,
    0, 0, 0, 0, 0, 0, 0, 0,
    0, 0, 0, 0, 0, 0, 0, 0,
    0, 0, 0, -6, 0, 0, 0, 0,
    0, 0, 0, 0, 0, 0, 0, 0,
    0, 0, 19, 0, 0, 0, 0, 0,
    0, 0, 0, 0, 0, -24, 0, -35,
    0, 0, 0, 0, 0, 0, 0, 0,
    0, 0, 0, -25, -6, -17, -9, 0,
    -24, 0, 0, 0, -4, 0, 0, 0,
    6, 0, 0, -12, 0, -9, -6, 0,
    -6, 0, 0, 0, 0, 0, 0, 0,
    0, 0, 0, 0, 0, 0, 0, -6,
    -5, -12, 0, -5, -3, -7, -17, -6,
    0, 0, 0, 0, 0, 0, 0, 0,
    0, -7, 0, -2, 0, -4, 0, 0,
    0, 0, 0, 0, 0, 0, 0, 0,
    0, 0, 0, -11, -3, -21, 0, 0,
    0, 0, 0, 0, 0, 0, 0, -6,
    -9, 0, -3, 6, 6, 0, 0, 2,
    -6, 0, 0, 0, 0, 0, 0, 0,
    0, -13, 0, 0, 0, 0, 0, 0,
    0, 0, 0, 0, 0, 0, 0, 0,
    0, 0, -7, 0, 0, 0, 0, 0,
    0, 0, 0, 0, 0, 0, 0, 0,
    0, 0, 0, 0, 0, -14, 0, -24,
    0, 0, 0, 0, 0, 0, -7, -2,
    -3, 0, 0, -14, -4, -4, 0, 0,
    -4, -2, -11, 5, 0, -3, 0, 0,
    0, 0, 5, -4, -2, -2, -2, -2,
    -2, 0, 0, 0, 0, -8, 0, 0,
    0, 0, 0, 0, 0, 0, 0, -4,
    -4, -6, 0, -2, -2, -2, -4, -2,
    0, 0, 0, 0, 0, 0, 0, 0,
    0, -3, 0, -4, -3, -3, -4, 0,
    0, 0, 0, 0, 0, -7, 0, 0,
    0, 0, 0, 0, -8, -3, -6, -5,
    -4, -2, -2, -2, -2, -3, 0, 0,
    0, 0, -6, 0, 0, 0, 0, -7,
    -3, -4, -3, 0, -4, 0, 0, 0,
    0, -9, 0, 0, 0, -5, 0, 0,
    0, -3, 0, -11, 0, -6, 0, -3,
    -2, -5, -6, -6, 0, 0, 0, 0,
    0, 0, 0, 0, 0, 0, 0, 0,
    0, -4, 0, -2, 0, 0, 0, 0,
    0, 0, 0, 0, 0, 0, 0, 0,
    0, 0, 0, 0, 0, 0, 0, 0,
    0, 0, 0, 0, -3, 0, 0, 0,
    0, 0, 0, -6, 0, -3, 0, -8,
    -3, 0, 0, 0, 0, 0, -19, 0,
    -19, -18, 0, 0, 0, -10, -3, -35,
    -6, 0, 0, 0, 0, -6, 0, -8,
    0, -9, -4, 0, -6, 0, 0, -6,
    -6, -3, -4, -6, -5, -7, -5, -8,
    0, 0, 0, -7, 0, 0, 0, 0,
    0, 0, 0, -2, 0, 0, 0, -6,
    0, -4, -2, 0, 0, 0, 0, 0,
    0, 0, 0, 0, 0, 0, 0, 0,
    0, 0, 0, 0, 0, 0, 0, 0,
    0, 0, -6, 0, -6, 0, 0, 0,
    0, 0, 0, -11, 0, 0, 0, 0,
    0, 0, 0, 0, 0, 0, 0, 0,
    0, 0, 0, 0, 0, 0, 0, 0,
    0, 0, 0, 0, 0, -6, 0, -11,
    0, -8, 0, 0, 0, 0, -2, -3,
    -6, 0, -3, -5, -4, -4, -3, 0,
    -5, 0, 0, 0, -2, 0, 0, 0,
    -3, 0, 0, -9, -4, -6, -5, -5,
    -6, -4, 0, -22, 0, -39, 0, -14,
    0, 0, 0, 0, -9, 0, -7, 0,
    -6, -31, -8, -20, -15, 0, -19, 0,
    -21, 0, -4, -4, -2, 0, 0, 0,
    0, -6, -3, -10, -9, 0, -10, 0,
    0, 0, 0, 0, -29, -9, -29, -20,
    0, 0, 0, -13, 0, -37, -3, -7,
    0, 0, 0, -6, -3, -21, 0, -11,
    -7, 0, -8, 0, 0, 0, -3, 0,
    0, 0, 0, -4, 0, -6, 0, 0,
    0, -3, 0, -8, 0, 0, 0, 0,
    0, -2, 0, -5, -4, -4, 0, 1,
    1, -2, -1, -3, 0, -2, -3, 0,
    -2, 0, 0, 0, 0, 0, 0, 0,
    0, -2, 0, -2, 0, 0, 0, -5,
    0, 3, 0, 0, 0, 0, 0, 0,
    0, -4, -4, -6, 0, 0, 0, 0,
    -4, 0, 0, 0, 0, 0, 0, 0,
    0, 0, 0, -6, 0, 0, 0, 0,
    0, -1, 0, 0, 0, 0, -27, -19,
    -27, -23, -6, -6, 0, -11, -6, -32,
    -11, 0, 0, 0, 0, -6, -4, -14,
    0, -19, -17, -5, -19, 0, 0, -12,
    -15, -5, -12, -9, -9, -11, -9, -19,
    0, 0, 0, 0, -5, 0, -5, -9,
    0, 0, 0, -5, 0, -12, -3, 0,
    0, -2, 0, -3, -4, 0, 0, -2,
    0, 0, -3, 0, 0, 0, -2, 0,
    0, 0, 0, -2, 0, 0, 0, 0,
    0, 0, -17, -5, -17, -13, 0, 0,
    0, -4, -3, -19, -3, 0, -3, 2,
    0, 0, 0, -5, 0, -6, -4, 0,
    -6, 0, 0, -6, -4, 0, -8, -3,
    -3, -4, -3, -7, 0, 0, 0, 0,
    -9, -3, -9, -8, 0, 0, 0, 0,
    -2, -17, -2, 0, 0, 0, 0, 0,
    0, -2, 0, -5, 0, 0, -4, 0,
    0, 0, 0, 0, 0, 0, 0, 0,
    0, -3, 0, -3, 0, -3, 0, -7,
    0, 0, 0, 0, 0, 0, -5, -1,
    -4, -6, -3, 0, 0, 0, 0, 0,
    0, -3, -2, -5, 0, 0, 0, 0,
    0, -5, -3, -5, -4, -3, -5, -4,
    0, 0, 0, 0, -23, -17, -23, -17,
    -7, -7, -2, -4, -4, -26, -4, -4,
    -3, 0, 0, 0, 0, -7, 0, -17,
    -11, 0, -16, 0, 0, -11, -11, -8,
    -9, -4, -6, -9, -4, -12, 0, 0,
    0, 0, 0, -9, 0, 0, 0, 0,
    0, -2, -6, -9, -8, 0, -3, -2,
    -2, 0, -4, -5, 0, -5, -6, -6,
    -4, 0, 0, 0, 0, -4, -6, -5,
    -5, -6, -5, 0, 0, 0, 0, 0,
    0, 0, 0, 0, 0, 0, 0, 0,
    0, 0, 0, -22, -8, -14, -8, 0,
    -19, 0, 0, 0, 0, 0, 8, 0,
    18, 0, 0, 0, 0, -6, -3, 0,
    3, 0, 0, 0, 0, -14, 0, 0,
    0, 0, 0, 0, -4, 0, 0, 0,
    0, -6, 0, -5, -2, 0, -6, 0,
    0, 0, 0, 0, 0, 0, 0, 0,
    0, -4, 0, 0, 0, 0, 0, 0,
    0, -8, 0, -7, -3, 1, -3, 0,
    0, 0, -4, 0, 0, 0, 0, -15,
    0, -5, 0, -2, -12, 0, -7, -4,
    0, -1, 0, 0, 0, 0, -1, -5,
    0, -2, -2, -5, -2, -2, 0, 0,
    0, 0, 0, -6, 0, 0, 0, 0,
    0, 0, 0, 0, 0, -6, 0, -4,
    0, 0, -6, 0, 0, -3, -6, 0,
    -3, 0, 0, 0, 0, -3, 0, 1,
    1, 1, 1, 0, 0, 0, 0, -9,
    0, 2, 0, 0, 0, 0, -2, 0,
    0, -6, -6, -6, 0, -5, -3, 0,
    -7, 0, -6, -4, 0, -1, -3, 0,
    0, 0, 0, -3, 0, 1, 1, -2,
    1, 0, 3, 9, 12, 0, -13, -4,
    -13, -4, 0, 0, 6, 0, 0, 0,
    0, 11, 0, 16, 11, 8, 14, 0,
    15, -6, -3, 0, -4, 0, -3, 0,
    -2, 0, 0, 3, 0, -2, 0, -4,
    0, 0, 3, -9, 0, 0, 0, 11,
    0, 0, -10, 0, 0, 0, 0, -7,
    0, 0, 0, 0, -4, 0, 0, -4,
    -4, 0, 0, 0, 9, 0, 0, 0,
    0, -2, -2, 0, 3, -4, 0, 0,
    0, -9, 0, 0, 0, 0, 0, 0,
    -2, 0, 0, 0, 0, -6, 0, -3,
    0, 0, -5, 0, 0, 0, 0, 0,
    0, 0, 0, 0, 0, 0, 0, 0,
    0, 0, 0, 0, 0, 0, 0, -6,
    3, -11, 3, 0, 3, 3, -4, 0,
    0, 0, 0, -9, 0, 0, 0, 0,
    -3, 0, 0, -3, -5, 0, -3, 0,
    -3, 0, 0, -6, -4, 0, 0, -2,
    0, -2, 0, 0, 0, 0, 0, 0,
    0, 0, 0, 0, 0, 0, 0, 0,
    0, 0, 0, 0, 0, 0, 0, 0,
    0, 0, 0, 0, 0, 0, 1, 0,
    0, 0, 0, 0, 0, 0, 0, 0,
    0, 0, 0, -7, 0, 0, 0, 0,
    0, 0, 0, 0, 0, 0, 0, -6,
    0, -4, 0, 0, -8, 0, 0, 0,
    0, 0, 0, 0, 0, 0, 0, 0,
    0, 0, 0, 0, 0, 0, 0, 0,
    0, 0, -14, -6, -14, -9, 6, 6,
    0, -4, 0, -14, 0, 0, 0, 0,
    0, 0, 0, -3, 3, -6, -3, 0,
    -3, 0, 0, 0, -2, 0, 0, 6,
    4, 0, 6, -2, 0, 0, 0, -13,
    0, 2, 0, 0, 0, 0, -3, 0,
    0, 0, 0, -6, 0, -3, 0, 0,
    -6, 0, 0, 0, 0, 0, 0, 0,
    0, 0, 0, -6, 0, 0, 0, 0,
    0, 0, 0, 0, 0, 0, 1, -7,
    1, 2, 3, 3, -7, 0, 0, 0,
    0, -4, 0, 0, 0, 0, -2, 0,
    0, -6, -4, 0, -3, 0, 0, 0,
    -3, -6, 0, 0, 0, -5, 0, 0,
    0, 0, 0, -4, -9, -2, -9, -6,
    0, 0, 0, -3, 0, -11, 0, -6,
    0, -3, 0, 0, -4, -3, 0, -6,
    -2, 0, 0, 0, -3, 0, 0, 0,
    0, 0, 0, 0, 0, -6, 0, 0,
    0, -4, -10, 0, -10, -2, 0, 0,
    0, -2, 0, -8, 0, -6, 0, -3,
    0, -4, -6, 0, 0, -3, -2, 0,
    0, 0, -3, 0, 0, 0, 0, 0,
    0, 0, 0, -5, -4, 0, 0, -6,
    1, -4, -2, 0, 0, 1, 0, 0,
    -3, 0, -2, -9, 0, -4, 0, -3,
    -9, 0, 0, -3, -5, 0, 0, 0,
    0, 0, 0, -6, 0, 0, 0, 0,
    -1, 0, 0, 0, 0, 0, -9, 0,
    -9, -4, 0, 0, 0, 0, 0, -11,
    0, -6, 0, -2, 0, -2, -2, 0,
    0, -6, -2, 0, 0, 0, -3, 0,
    0, 0, 0, 0, 0, -4, 0, -6,
    0, 0, 0, 0, 0, -5, 0, 0,
    0, 0, 0, 0, 0, 0, 0, -7,
    0, 0, 0, 0, -8, 0, 0, -6,
    -3, 0, -2, 0, 0, 0, 0, 0,
    -3, -2, 0, 0, -2, 0
};


/*Collect the kern class' data in one place*/
static const lv_font_fmt_txt_kern_classes_t kern_classes =
{
    .class_pair_values   = kern_class_values,
    .left_class_mapping  = kern_left_class_mapping,
    .right_class_mapping = kern_right_class_mapping,
    .left_class_cnt      = 45,
    .right_class_cnt     = 38,
};

/*--------------------
 *  ALL CUSTOM DATA
 *--------------------*/

#if LVGL_VERSION_MAJOR == 8
/*Store all the custom data of the font*/
static  lv_font_fmt_txt_glyph_cache_t cache;
#endif

#if LVGL_VERSION_MAJOR >= 8
static const lv_font_fmt_txt_dsc_t font_dsc = {
#else
static lv_font_fmt_txt_dsc_t font_dsc = {
#endif
    .glyph_bitmap = glyph_bitmap,
    .glyph_dsc = glyph_dsc,
    .cmaps = cmaps,
    .kern_dsc = &kern_classes,
    .kern_scale = 16,
    .cmap_num = 5,
    .bpp = 4,
    .kern_classes = 1,
    .bitmap_format = 1,
#if LVGL_VERSION_MAJOR == 8
    .cache = &cache
#endif
};



/*-----------------
 *  PUBLIC FONT
 *----------------*/

/*Initialize a public general font descriptor*/
#if LVGL_VERSION_MAJOR >= 8
const lv_font_t font_body_medium_14 = {
#else
lv_font_t font_body_medium_14 = {
#endif
    .get_glyph_dsc = lv_font_get_glyph_dsc_fmt_txt,    /*Function pointer to get glyph's data*/
    .get_glyph_bitmap = lv_font_get_bitmap_fmt_txt,    /*Function pointer to get glyph's bitmap*/
    .line_height = 18,          /*The maximum line height required by the font*/
    .base_line = 4,             /*Baseline measured from the bottom of the line*/
#if !(LVGL_VERSION_MAJOR == 6 && LVGL_VERSION_MINOR == 0)
    .subpx = LV_FONT_SUBPX_NONE,
#endif
#if LV_VERSION_CHECK(7, 4, 0) || LVGL_VERSION_MAJOR >= 8
    .underline_position = -2,
    .underline_thickness = 1,
#endif
    .dsc = &font_dsc,          /*The custom font data. Will be accessed by `get_glyph_bitmap/dsc` */
#if LV_VERSION_CHECK(8, 2, 0) || LVGL_VERSION_MAJOR >= 9
    .fallback = NULL,
#endif
    .user_data = NULL,
};



#endif /*#if FONT_BODY_MEDIUM_14*/

