/*******************************************************************************
 * Size: 48 px
 * Bpp: 4
 * Opts: --font C:\Users\Administrator\Downloads\AIWatch\assets\fonts\noto-sans-sc-v40-chinese-simplified-700.ttf --format lvgl --lv-include lvgl.h --bpp 4 --size 48 --range 0x25,0x2B,0x2D,0x2E,0x30-0x3A,0x43,0xB0,0x2014,0x2018-0x2019,0x201C-0x201D,0x3001,0x3002,0xFF01-0xFF5E --symbols 0123456789:.%-+°C步卡路里公时 -o C:\Users\Administrator\Downloads\AIWatch\assets\fonts\lvgl\font_number_bold_48.c
 ******************************************************************************/

#ifdef LV_LVGL_H_INCLUDE_SIMPLE
#include "lvgl.h"
#else
#include "lvgl.h"
#endif

#ifndef FONT_NUMBER_BOLD_48
#define FONT_NUMBER_BOLD_48 1
#endif

#if FONT_NUMBER_BOLD_48

/*-----------------
 *    BITMAPS
 *----------------*/

/*Store the image of the glyphs*/
static LV_ATTRIBUTE_LARGE_CONST const uint8_t glyph_bitmap[] = {
    /* U+0025 "%" */
    0x0, 0xf0, 0xab, 0xb9, 0x88, 0x3, 0xff, 0x8a,
    0x71, 0x12, 0x80, 0x7f, 0xf0, 0x86, 0x7a, 0xa2,
    0x13, 0xba, 0x40, 0xf, 0xfe, 0x1f, 0x3b, 0xc0,
    0x1f, 0xfc, 0x23, 0xf6, 0x0, 0xf1, 0x5c, 0x0,
    0x7f, 0xf0, 0x58, 0x80, 0x6, 0xa0, 0x1f, 0xfc,
    0x2, 0xd1, 0x0, 0xfe, 0x77, 0x0, 0x7f, 0xf0,
    0x2c, 0x2, 0x80, 0xf, 0xfe, 0xf, 0x8, 0x6,
    0x56, 0x10, 0xd, 0x4, 0x1, 0xfe, 0x62, 0x0,
    0x1a, 0x0, 0x7f, 0xf0, 0x10, 0xc0, 0x36, 0x54,
    0xf2, 0x0, 0x68, 0x0, 0xff, 0x40, 0x5, 0xe0,
    0x1f, 0xfc, 0x1e, 0x0, 0xd2, 0x60, 0x15, 0x0,
    0x65, 0x10, 0xf, 0xce, 0x20, 0x4, 0x30, 0xf,
    0xfe, 0xa, 0x80, 0x66, 0x0, 0xc2, 0xa0, 0x19,
    0x0, 0x3f, 0x48, 0x5, 0x0, 0x1f, 0xfc, 0x13,
    0x0, 0xc8, 0x1, 0xec, 0x0, 0xd8, 0x1, 0xf4,
    0x8, 0x1, 0x4c, 0x3, 0xff, 0x82, 0xc0, 0x18,
    0x80, 0x3c, 0xa0, 0x18, 0x80, 0x3c, 0x2e, 0x1,
    0x40, 0x7, 0xff, 0x8, 0xc0, 0x30, 0x80, 0x78,
    0x40, 0x33, 0x80, 0x7a, 0x40, 0x25, 0x20, 0xf,
    0xfe, 0x10, 0x80, 0x6f, 0x0, 0xff, 0x84, 0x3,
    0x85, 0xc0, 0x28, 0x0, 0xff, 0xe4, 0x78, 0x7,
    0xff, 0x16, 0x0, 0x26, 0x20, 0xf, 0xfe, 0x18,
    0x80, 0x61, 0x0, 0xf0, 0x80, 0x61, 0x0, 0xc4,
    0xc0, 0x14, 0x0, 0x7f, 0xf1, 0x8, 0x3, 0x18,
    0x7, 0x98, 0x3, 0x30, 0x6, 0x80, 0x9, 0xc4,
    0x3, 0xff, 0x88, 0xa0, 0x19, 0x0, 0x3d, 0xa0,
    0x1b, 0x40, 0x22, 0x50, 0xa, 0x40, 0x32, 0x5f,
    0x7f, 0xd6, 0x80, 0x1c, 0x26, 0x1, 0x9, 0x80,
    0x72, 0x80, 0x64, 0x0, 0xa4, 0x2, 0x81, 0x0,
    0xd, 0xd9, 0x4, 0x2, 0x4b, 0xb0, 0x80, 0x6b,
    0x0, 0xd0, 0x1, 0x98, 0x80, 0x22, 0x30, 0x1,
    0xa0, 0x0, 0x5c, 0x2, 0xd4, 0x0, 0xfc, 0x98,
    0x20, 0x13, 0x88, 0x4, 0x96, 0x42, 0xf2, 0x1,
    0xac, 0x2, 0x80, 0xa, 0x40, 0x2a, 0x30, 0xf,
    0xf1, 0x58, 0x6, 0x80, 0xc, 0x9b, 0xd0, 0x1,
    0x8d, 0x80, 0x8, 0x80, 0x0, 0xb8, 0x0, 0xd4,
    0x3, 0x47, 0xfa, 0x40, 0x32, 0xa0, 0x4, 0xcc,
    0x0, 0xff, 0xe, 0x80, 0x50, 0x1, 0x40, 0x5,
    0x20, 0x1a, 0x1c, 0x0, 0xd0, 0x1, 0xbc, 0x3,
    0x4c, 0x0, 0x7e, 0x3f, 0x10, 0x2, 0x18, 0x0,
    0x98, 0x2, 0x50, 0xc, 0xe0, 0x19, 0xc4, 0x2,
    0x41, 0x0, 0xcf, 0xae, 0x40, 0x1, 0x5b, 0xc1,
    0x0, 0xa4, 0x2, 0x80, 0x9, 0x0, 0x32, 0x0,
    0x79, 0x0, 0x32, 0x0, 0x71, 0x46, 0xff, 0xba,
    0x90, 0x3, 0x29, 0x0, 0x9, 0x40, 0x23, 0x0,
    0xc6, 0x1, 0xed, 0x0, 0xc4, 0x1, 0xff, 0xc5,
    0x80, 0xa, 0x0, 0x37, 0x0, 0x6e, 0x0, 0xf1,
    0x0, 0x6e, 0x0, 0xff, 0xe2, 0x31, 0x0, 0xd,
    0x40, 0x3f, 0xf9, 0x26, 0x1, 0xff, 0xc4, 0x80,
    0xa, 0x0, 0x38, 0xc0, 0x31, 0x80, 0x7f, 0xf3,
    0xdc, 0x40, 0x6, 0x80, 0x1c, 0x60, 0x18, 0xc0,
    0x3f, 0xf9, 0xf2, 0x1, 0x78, 0x7, 0xb8, 0x3,
    0x8, 0x7, 0x88, 0x3, 0x10, 0x7, 0xff, 0x9,
    0xc4, 0x0, 0x86, 0x1, 0xe2, 0x0, 0xda, 0x1,
    0xee, 0x0, 0xdc, 0x1, 0xff, 0xc1, 0x18, 0x0,
    0xa0, 0x3, 0xe4, 0x0, 0xc8, 0x1, 0xe4, 0x0,
    0xc8, 0x1, 0xff, 0xc1, 0x90, 0x9, 0x4c, 0x3,
    0xe1, 0x30, 0x8, 0x54, 0x3, 0x21, 0x0, 0x44,
    0x40, 0xf, 0xfe, 0x0, 0xb8, 0x5, 0x0, 0x1f,
    0xd4, 0x1, 0xac, 0x80, 0x5, 0x40, 0x1a, 0xc0,
    0x3f, 0xf8, 0x30, 0x1, 0x29, 0x0, 0x7f, 0x31,
    0x0, 0x43, 0xb7, 0x5a, 0x20, 0x11, 0x30, 0x7,
    0xff, 0x0, 0x98, 0x2, 0x80, 0xf, 0xfb, 0x80,
    0x39, 0x14, 0x3, 0xb8, 0x3, 0xff, 0x83, 0x0,
    0x13, 0x10, 0x7, 0xfc, 0x76, 0x1, 0xfe, 0xb3,
    0x0, 0xff, 0xe0, 0x12, 0x80, 0x50, 0x1, 0xff,
    0xc1, 0x4d, 0x40, 0xf, 0x26, 0xa0, 0x7, 0xff,
    0x5, 0x9d, 0xea, 0x10, 0xf, 0xfe, 0x11, 0x5f,
    0x54, 0x42, 0xba, 0xc8, 0x3, 0x0,

    /* U+002B "+" */
    0x0, 0xff, 0x36, 0xee, 0xa0, 0xf, 0xfe, 0x40,
    0x91, 0x66, 0x0, 0xff, 0xff, 0x80, 0x7f, 0xff,
    0xc0, 0x3f, 0xff, 0x24, 0x5f, 0xde, 0x1, 0xc4,
    0x5f, 0xc0, 0x5b, 0xbf, 0xce, 0x1, 0x8f, 0x77,
    0xf9, 0xc0, 0x3f, 0xff, 0xe0, 0x1f, 0xfd, 0x12,
    0xff, 0xfe, 0x80, 0xc, 0x7f, 0xff, 0xce, 0x1,
    0xff, 0xff, 0x0, 0xff, 0xff, 0x80, 0x7f, 0xff,
    0xc0, 0x3f, 0x80,

    /* U+002D "-" */
    0x12, 0x2f, 0xfe, 0x0, 0xde, 0xef, 0xff, 0x1,
    0x80, 0x3f, 0xfd, 0x80,

    /* U+002E "." */
    0x0, 0x1d, 0x6e, 0x40, 0x80, 0x4b, 0x8a, 0x46,
    0xf8, 0x20, 0x34, 0x1, 0xc5, 0x60, 0xe0, 0x1f,
    0x28, 0x78, 0x7, 0xe2, 0x10, 0xf, 0xc7, 0x80,
    0x1f, 0x8, 0x90, 0xc0, 0x3d, 0x0, 0xd, 0x30,
    0xc, 0xec, 0x0, 0x1c, 0xb8, 0x9d, 0x80, 0x0,

    /* U+0030 "0" */
    0x0, 0xfe, 0x25, 0x77, 0x31, 0x80, 0x7f, 0xf1,
    0x5f, 0x75, 0x51, 0x9, 0xcf, 0x92, 0x0, 0xff,
    0xe0, 0x1e, 0xc1, 0x0, 0x7c, 0xda, 0xc0, 0x1f,
    0xe4, 0xc2, 0x0, 0xff, 0xa6, 0x0, 0x3f, 0x15,
    0x80, 0x7f, 0xf0, 0x9d, 0x80, 0x3e, 0xe0, 0xf,
    0xfe, 0x24, 0x90, 0x7, 0x31, 0x80, 0x7a, 0x7b,
    0xec, 0xc0, 0x3d, 0x20, 0x1d, 0x60, 0x1e, 0xd6,
    0x10, 0x4c, 0x40, 0xe, 0x43, 0x0, 0x94, 0x80,
    0x3a, 0x8, 0x3, 0xa4, 0x3, 0xd4, 0x1, 0x78,
    0x7, 0x9c, 0x3, 0xc4, 0xa0, 0x1c, 0xe0, 0x12,
    0x0, 0x72, 0x80, 0x7e, 0xf0, 0xe, 0x14, 0x2,
    0x10, 0xe, 0xc0, 0xf, 0xc8, 0x1, 0xe3, 0x4,
    0x0, 0xf2, 0x80, 0x7e, 0x11, 0x0, 0x76, 0x87,
    0x0, 0x78, 0x80, 0x3f, 0x88, 0x3, 0x9c, 0x8,
    0x3, 0xc2, 0x1, 0xfc, 0xc0, 0x1c, 0x40, 0xc0,
    0x1c, 0x20, 0x1f, 0xe3, 0x0, 0xf0, 0x88, 0x3,
    0x8c, 0x3, 0xff, 0x8a, 0x60, 0x1e, 0x10, 0xf,
    0xf0, 0x80, 0x7c, 0x60, 0x1f, 0xfc, 0xb1, 0x30,
    0xf, 0xfe, 0x58, 0x80, 0x7f, 0xf3, 0x44, 0x3,
    0x84, 0x3, 0xfc, 0x20, 0x1e, 0x37, 0x0, 0xe3,
    0x0, 0xff, 0x18, 0x7, 0x84, 0x80, 0x38, 0x40,
    0x3f, 0xc2, 0x1, 0xc2, 0x1c, 0x1, 0xe1, 0x0,
    0xfe, 0x60, 0xe, 0x20, 0x20, 0xf, 0x28, 0x7,
    0xf1, 0x0, 0x72, 0x82, 0x0, 0x78, 0xc0, 0x3f,
    0x10, 0x7, 0xbc, 0x4, 0x80, 0x3a, 0xc0, 0x3f,
    0x20, 0x7, 0x90, 0x0, 0x80, 0x1c, 0x62, 0x1,
    0xf5, 0x0, 0x70, 0x90, 0x2, 0x80, 0x3d, 0x0,
    0x1e, 0x33, 0x0, 0x73, 0x0, 0x46, 0x60, 0xe,
    0x64, 0x0, 0xc3, 0xc0, 0x1e, 0xa0, 0xd, 0x0,
    0x1e, 0xb8, 0x32, 0x6f, 0x20, 0xe, 0x52, 0x0,
    0xc8, 0x80, 0xf, 0x3e, 0x6c, 0x88, 0x7, 0xac,
    0x3, 0xd4, 0x20, 0x1f, 0xfc, 0x3a, 0x10, 0xf,
    0xe, 0x88, 0x7, 0xff, 0x6, 0x14, 0x3, 0xf1,
    0xe1, 0x0, 0x7f, 0xd4, 0xe0, 0x1f, 0xe2, 0xd9,
    0x20, 0xf, 0x9b, 0x94, 0x3, 0xff, 0x82, 0xdb,
    0xaa, 0x88, 0x4e, 0x7c, 0x88, 0x7, 0xc0,

    /* U+0031 "1" */
    0x0, 0xfe, 0x7f, 0xfe, 0xa0, 0xf, 0xfe, 0x8,
    0xbf, 0x40, 0x7, 0xff, 0xc, 0x51, 0xf3, 0xa0,
    0x40, 0x3f, 0xf8, 0x99, 0x70, 0x60, 0x1f, 0xff,
    0xf0, 0xf, 0xfe, 0xd, 0xc4, 0x72, 0x80, 0x7f,
    0xf1, 0x19, 0xdf, 0xb0, 0x3, 0xff, 0xfe, 0x1,
    0xff, 0xff, 0x0, 0xff, 0xff, 0x80, 0x7f, 0xff,
    0xc0, 0x3f, 0xff, 0xe0, 0x1f, 0xff, 0xf0, 0xf,
    0xff, 0x26, 0xef, 0xd0, 0x1, 0xe5, 0xdd, 0xf2,
    0x9, 0x17, 0xc2, 0x1, 0xf1, 0x17, 0x80, 0x3f,
    0xff, 0xe0, 0x1f, 0xfc, 0x60,

    /* U+0032 "2" */
    0x0, 0xfc, 0x28, 0xce, 0xe6, 0x41, 0x0, 0xff,
    0xe1, 0xb6, 0x75, 0xcc, 0x42, 0x6f, 0xad, 0x0,
    0x3f, 0xe4, 0xe9, 0x30, 0xf, 0xc9, 0x76, 0x10,
    0xf, 0xd3, 0x62, 0x1, 0xff, 0xc0, 0x4f, 0x20,
    0xf, 0x5b, 0x0, 0x7f, 0xf0, 0xc7, 0x4, 0x3,
    0x62, 0x0, 0x7f, 0xf1, 0x46, 0xc0, 0x3f, 0xe4,
    0x9c, 0xc5, 0x28, 0x7, 0xca, 0x40, 0x16, 0x20,
    0x4, 0x35, 0x6c, 0x66, 0x5a, 0xb0, 0xf, 0xa8,
    0x3, 0x5a, 0x1, 0x62, 0x80, 0x79, 0x20, 0x3,
    0xca, 0x1, 0xd6, 0xd8, 0x40, 0x1f, 0x9c, 0x3,
    0xc4, 0x1, 0xe9, 0x10, 0xf, 0xf2, 0x0, 0x78,
    0x80, 0x3f, 0xf8, 0xa4, 0x1, 0xff, 0xcc, 0x30,
    0xf, 0xfe, 0x60, 0x80, 0x78, 0x80, 0x3f, 0xf8,
    0xa8, 0x1, 0xc4, 0x1, 0xff, 0xc5, 0x50, 0xf,
    0x20, 0x7, 0xff, 0x17, 0x80, 0x3d, 0x40, 0x1f,
    0xfc, 0x43, 0x40, 0xe, 0x23, 0x0, 0xff, 0xe2,
    0x78, 0x7, 0xac, 0x3, 0xff, 0x88, 0xc6, 0x1,
    0xc4, 0xc0, 0x1f, 0xfc, 0x32, 0x90, 0xf, 0x48,
    0x7, 0xff, 0x13, 0xc0, 0x3c, 0xa8, 0x1, 0xff,
    0xc3, 0xa2, 0x0, 0xe1, 0xb0, 0xf, 0xfe, 0x1c,
    0x28, 0x7, 0xa8, 0x40, 0x3f, 0xf8, 0x4c, 0xe0,
    0x1e, 0x74, 0x0, 0xff, 0xe1, 0x2c, 0x80, 0x79,
    0x20, 0x3, 0xff, 0x84, 0x94, 0x1, 0xe3, 0xb0,
    0xf, 0xfe, 0x12, 0x58, 0x7, 0x87, 0x40, 0x3f,
    0xf8, 0x49, 0x60, 0x1e, 0x1c, 0x10, 0xf, 0xfe,
    0xa, 0xd8, 0x7, 0xda, 0x40, 0x1f, 0xfc, 0x16,
    0xa0, 0xf, 0xb0, 0xc0, 0x3f, 0xf8, 0x2f, 0x20,
    0x1f, 0x14, 0x6f, 0x7f, 0xff, 0x70, 0x44, 0x0,
    0x3f, 0x12, 0x10, 0x80, 0x7f, 0xce, 0x1, 0xff,
    0xff, 0x0, 0xff, 0xe5, 0x80,

    /* U+0033 "3" */
    0x0, 0xfc, 0x28, 0xce, 0xe6, 0x52, 0x0, 0xff,
    0xe1, 0xb6, 0x75, 0xcc, 0x42, 0x6b, 0x7a, 0x48,
    0x3, 0xfc, 0xbb, 0x26, 0x1, 0xf8, 0x5b, 0x64,
    0x3, 0xe1, 0xba, 0x20, 0xf, 0xfe, 0xb, 0x60,
    0x80, 0x64, 0xf4, 0x0, 0xff, 0xe2, 0x1e, 0x80,
    0x67, 0x10, 0xf, 0xfe, 0x31, 0xb0, 0x4, 0x74,
    0x1, 0xc5, 0x17, 0xb9, 0x24, 0x1, 0xf5, 0x80,
    0x65, 0x70, 0x0, 0xd6, 0xba, 0x11, 0xb6, 0xa0,
    0x7, 0x88, 0xc0, 0x34, 0x29, 0xfa, 0x80, 0x7d,
    0x40, 0x1f, 0x30, 0x7, 0x56, 0x8, 0x7, 0xe1,
    0x40, 0xf, 0x10, 0x7, 0xff, 0x14, 0x40, 0x3f,
    0xf9, 0x8c, 0x1, 0xe2, 0x0, 0xff, 0xe2, 0x9,
    0x80, 0x79, 0x0, 0x3f, 0xf8, 0x96, 0x1, 0xe4,
    0x10, 0xf, 0xfe, 0x11, 0x52, 0x80, 0x7a, 0x40,
    0x3f, 0xc6, 0x65, 0x7b, 0xd5, 0x0, 0xf4, 0x90,
    0x7, 0xf1, 0xe6, 0x2a, 0x10, 0x3, 0xea, 0x60,
    0xf, 0xfe, 0x4b, 0x72, 0x80, 0x7f, 0xf2, 0x4b,
    0xc4, 0x3, 0xff, 0x94, 0x53, 0xcc, 0x1, 0xff,
    0xcb, 0x19, 0xa0, 0xf, 0xf1, 0xff, 0xbb, 0x25,
    0x84, 0x3, 0xcb, 0x40, 0x1f, 0xfc, 0x1, 0x36,
    0x9e, 0x70, 0xf, 0x2a, 0x80, 0x3f, 0xf8, 0x91,
    0x0, 0xf, 0x40, 0x7, 0xff, 0x15, 0xc4, 0x3,
    0x88, 0xc0, 0x3f, 0xf8, 0xae, 0x1, 0xe4, 0x0,
    0xff, 0xe2, 0x88, 0x7, 0xbc, 0x3, 0xff, 0x8a,
    0x20, 0x1e, 0x10, 0xa, 0xd0, 0x3, 0xff, 0x80,
    0x80, 0x1e, 0x10, 0x4, 0x25, 0xb8, 0x7, 0xf9,
    0x48, 0x3, 0xda, 0x8, 0xe0, 0x8, 0xd4, 0x0,
    0xf9, 0xa8, 0x3, 0xe4, 0x1a, 0x0, 0xc5, 0x7b,
    0x2c, 0xc7, 0x9e, 0x90, 0xf, 0x94, 0x64, 0x40,
    0x3c, 0x4d, 0x32, 0x86, 0x10, 0xf, 0x86, 0xc2,
    0x14, 0x3, 0xff, 0x91, 0x42, 0x0, 0xa8, 0x0,
    0xff, 0xe2, 0x8d, 0xa0, 0x6, 0x7c, 0x30, 0xf,
    0xfe, 0x12, 0xfa, 0x0, 0x78, 0xf3, 0xc, 0x20,
    0x1f, 0x85, 0xb2, 0x84, 0x3, 0xf8, 0xe7, 0xb6,
    0xa6, 0x21, 0x35, 0xbd, 0x26, 0x1, 0xe0,

    /* U+0034 "4" */
    0x0, 0xff, 0xe0, 0xf, 0xff, 0xec, 0x0, 0xff,
    0xe2, 0x58, 0x7, 0xff, 0x31, 0x14, 0x3, 0xff,
    0x99, 0x20, 0x1f, 0xfc, 0xc8, 0x20, 0xf, 0xfe,
    0x59, 0x38, 0x7, 0xff, 0x32, 0x40, 0x38, 0xc0,
    0x3f, 0xf8, 0xca, 0x80, 0x19, 0x54, 0x1, 0xff,
    0xc6, 0xb0, 0xe, 0x93, 0x0, 0xff, 0xe2, 0xc8,
    0x80, 0x64, 0x31, 0x0, 0xff, 0xe2, 0x1b, 0x0,
    0x74, 0x0, 0x7f, 0xf1, 0xbc, 0x3, 0x90, 0xc1,
    0xc0, 0x3f, 0xf8, 0x6c, 0x60, 0x1d, 0x0, 0x1f,
    0xfc, 0x51, 0x90, 0xe, 0x73, 0x0, 0x8, 0x7,
    0xff, 0xa, 0xc0, 0x38, 0x60, 0x3, 0xff, 0x8a,
    0x8a, 0x1, 0xd4, 0x1, 0xff, 0xc6, 0x90, 0xe,
    0x54, 0x0, 0xff, 0xe2, 0xb9, 0x0, 0x75, 0x80,
    0x7f, 0xf1, 0x4a, 0x0, 0x3a, 0x44, 0x3, 0xff,
    0x8b, 0x20, 0x1c, 0x6c, 0x1, 0xff, 0xc5, 0x54,
    0x0, 0xef, 0x0, 0xff, 0xe3, 0x58, 0x7, 0xb3,
    0xff, 0xe2, 0x0, 0xe3, 0xff, 0xc2, 0x1, 0xff,
    0xff, 0x0, 0xff, 0xe8, 0x44, 0x7f, 0xf0, 0xc0,
    0x3e, 0x88, 0xce, 0xff, 0xfc, 0x32, 0x0, 0xe3,
    0x77, 0xc0, 0x1f, 0xff, 0xf0, 0xf, 0xff, 0xf8,
    0x7, 0xff, 0xb8,

    /* U+0035 "5" */
    0x0, 0xdf, 0xff, 0xfc, 0x70, 0xf, 0xfe, 0x90,
    0x80, 0x7f, 0xf3, 0xc, 0x3, 0xff, 0x98, 0x20,
    0x1f, 0xfc, 0xc7, 0x0, 0xff, 0xe6, 0x8, 0x7,
    0xb7, 0xff, 0xff, 0x80, 0x1, 0xc6, 0x1, 0xe2,
    0x0, 0xff, 0xe2, 0x88, 0x7, 0x8, 0x7, 0xff,
    0x1b, 0xc0, 0x38, 0x80, 0x3f, 0xf9, 0x8e, 0x1,
    0xff, 0xc6, 0x10, 0xe, 0x20, 0xf, 0xfe, 0x31,
    0x80, 0x79, 0xaf, 0x7f, 0xdb, 0x6c, 0x20, 0x1f,
    0xc2, 0x1, 0xcd, 0x28, 0x40, 0x2, 0x49, 0xe9,
    0x10, 0xf, 0x9c, 0x3, 0xff, 0x86, 0xde, 0x60,
    0x1e, 0x10, 0xf, 0xfe, 0x20, 0xe9, 0x0, 0x71,
    0x80, 0x7f, 0xf1, 0x47, 0xc0, 0x3b, 0xc, 0x2,
    0x4a, 0xde, 0xda, 0x30, 0xf, 0x89, 0x80, 0x31,
    0x64, 0x1e, 0x5a, 0x90, 0x92, 0xe4, 0x0, 0x7d,
    0x60, 0x1e, 0x7c, 0x30, 0xf, 0x9d, 0xc0, 0x1e,
    0x22, 0x0, 0x7f, 0xf1, 0x20, 0x3, 0xe4, 0x0,
    0xff, 0xe2, 0xa8, 0x7, 0xb8, 0x3, 0xff, 0x8b,
    0xa0, 0x1e, 0x20, 0xf, 0xfe, 0x28, 0x80, 0x7f,
    0xf3, 0x4, 0x3, 0xff, 0x99, 0xe0, 0x1e, 0x30,
    0xf, 0xfe, 0x2a, 0x80, 0x7b, 0xc0, 0x2d, 0x40,
    0xf, 0xf8, 0xc8, 0x3, 0xca, 0x0, 0x92, 0xb6,
    0x0, 0xff, 0x70, 0x7, 0x88, 0xc1, 0x58, 0x1,
    0x36, 0x60, 0x1e, 0x2d, 0x20, 0xf, 0x50, 0xd,
    0x80, 0x64, 0xcc, 0x43, 0x31, 0xef, 0x48, 0x3,
    0xc2, 0xe1, 0x22, 0x1, 0xe3, 0x79, 0x94, 0x20,
    0x7, 0xea, 0x0, 0x42, 0x80, 0x7f, 0xf1, 0xe1,
    0x0, 0x2a, 0x90, 0xf, 0xfe, 0x2c, 0x38, 0x7,
    0x36, 0xa8, 0x7, 0xff, 0x4, 0xad, 0xc0, 0x3e,
    0x2a, 0xd7, 0x20, 0xf, 0xc7, 0x3a, 0x80, 0x1f,
    0xe2, 0x8d, 0xeb, 0x98, 0x84, 0xdf, 0x63, 0x0,
    0x7c,

    /* U+0036 "6" */
    0x0, 0xff, 0x8d, 0x9d, 0xcc, 0x82, 0x1, 0xff,
    0xc3, 0x29, 0xec, 0x98, 0x84, 0xdf, 0x6b, 0x0,
    0x7f, 0xf0, 0x27, 0x58, 0x40, 0x3e, 0x29, 0xd4,
    0x0, 0xfc, 0x3a, 0xc0, 0x1f, 0xfc, 0x2, 0xb8,
    0x0, 0xf0, 0xe1, 0x0, 0x7f, 0xf0, 0xde, 0x0,
    0x3b, 0x48, 0x3, 0xff, 0x88, 0x52, 0x1, 0x9c,
    0xc0, 0x3e, 0x6a, 0xba, 0x61, 0x0, 0x87, 0xc4,
    0x2, 0x18, 0x0, 0xf2, 0xf4, 0xaa, 0x2c, 0xf4,
    0x0, 0x34, 0x80, 0x34, 0x80, 0x79, 0x68, 0x40,
    0x3c, 0xf7, 0x63, 0x0, 0xe7, 0x0, 0xe2, 0xa0,
    0xf, 0xe4, 0x40, 0x7, 0x28, 0x7, 0xa0, 0x3,
    0xff, 0x8b, 0xe0, 0x1c, 0x2a, 0x1, 0xff, 0xc5,
    0x40, 0xe, 0x70, 0xf, 0xfe, 0x28, 0x88, 0x3,
    0xb0, 0x3, 0xff, 0x8a, 0xa0, 0x1e, 0x70, 0x0,
    0xbe, 0x7f, 0xbb, 0x20, 0x80, 0x3c, 0x40, 0x1e,
    0x20, 0x8e, 0x83, 0x0, 0x9, 0xbe, 0xd0, 0x80,
    0x61, 0x0, 0xf0, 0xe3, 0x80, 0x7f, 0x2f, 0x98,
    0x5, 0xe0, 0x1c, 0x3a, 0x60, 0x1f, 0xf0, 0xe9,
    0x0, 0x4, 0x3, 0x84, 0xc0, 0x3f, 0xf8, 0x23,
    0x20, 0x1f, 0xfc, 0x5, 0xbd, 0xd4, 0x90, 0x7,
    0x90, 0xc0, 0x3f, 0x8b, 0x69, 0x8, 0x8d, 0xa8,
    0x1, 0xea, 0x1, 0x0, 0xf0, 0xe1, 0x0, 0x7a,
    0x84, 0x3, 0x9c, 0x3c, 0x3, 0xd4, 0x20, 0x1f,
    0xb, 0x80, 0x70, 0x88, 0x80, 0x3c, 0x80, 0x1f,
    0xda, 0x1, 0xe2, 0x60, 0xf, 0x10, 0x7, 0xf3,
    0x80, 0x79, 0xc8, 0x3, 0xce, 0x1, 0xfc, 0x20,
    0x1f, 0x9, 0x0, 0x76, 0x0, 0x7f, 0x8, 0x7,
    0x9c, 0x10, 0x3, 0x9c, 0x3, 0xf9, 0x80, 0x3c,
    0x21, 0xa0, 0x1c, 0x28, 0x1, 0xfb, 0xc0, 0x3c,
    0x40, 0x84, 0x1, 0xd2, 0x1, 0xf0, 0xa8, 0x7,
    0x20, 0x5, 0x60, 0x1c, 0x52, 0x1, 0xea, 0x0,
    0xf7, 0x0, 0x4c, 0x40, 0x1c, 0xd6, 0x60, 0x3,
    0xc4, 0x0, 0xe1, 0x50, 0xd, 0x20, 0x1e, 0x4c,
    0xff, 0x61, 0x80, 0x7a, 0xc0, 0x39, 0x20, 0x3,
    0xff, 0x88, 0xca, 0x1, 0xe7, 0x70, 0x7, 0xff,
    0x9, 0x64, 0x3, 0xf4, 0x50, 0x80, 0x7f, 0xd1,
    0x40, 0x1f, 0xe5, 0xe8, 0x10, 0xf, 0x9b, 0x5c,
    0x3, 0xff, 0x82, 0xfd, 0xb5, 0x10, 0x9c, 0xf9,
    0x20, 0xf, 0x0,

    /* U+0037 "7" */
    0x9f, 0xff, 0xfe, 0x58, 0x7, 0xff, 0xfc, 0x3,
    0xff, 0x98, 0x40, 0x1f, 0xfc, 0xce, 0x9, 0xff,
    0xff, 0xe1, 0x70, 0x80, 0x74, 0x98, 0x7, 0xff,
    0x12, 0x4, 0x3, 0x2b, 0x0, 0x7f, 0xf1, 0xd,
    0x80, 0x30, 0xd8, 0x7, 0xff, 0x17, 0x80, 0x3a,
    0xc4, 0x3, 0xff, 0x88, 0xe4, 0x1, 0x91, 0x40,
    0x3f, 0xf8, 0x83, 0x0, 0x1d, 0x20, 0x1f, 0xfc,
    0x58, 0x0, 0xe5, 0x20, 0xf, 0xfe, 0x20, 0xb0,
    0x7, 0x48, 0x7, 0xff, 0x16, 0x40, 0x39, 0xc,
    0x3, 0xff, 0x8a, 0xc0, 0x1d, 0xe0, 0x1f, 0xfc,
    0x56, 0x10, 0xc, 0x28, 0x1, 0xff, 0xc5, 0xa0,
    0xe, 0x70, 0xf, 0xfe, 0x29, 0x18, 0x7, 0x68,
    0x7, 0xff, 0x15, 0x40, 0x3c, 0x80, 0x1f, 0xfc,
    0x5b, 0x0, 0xe3, 0x0, 0xff, 0xe3, 0x18, 0x7,
    0x20, 0x7, 0xff, 0x15, 0x0, 0x3d, 0xa0, 0x1f,
    0xfc, 0x5c, 0x0, 0xf3, 0x80, 0x7f, 0xf1, 0x4c,
    0x3, 0xc4, 0x1, 0xff, 0xc5, 0x50, 0xe, 0x20,
    0xf, 0xfe, 0x28, 0x88, 0x3, 0x98, 0x3, 0xff,
    0x8a, 0xa0, 0x1e, 0x20, 0xf, 0xfe, 0x29, 0x0,
    0x78, 0x40, 0x3f, 0xf8, 0xbc, 0x1, 0xef, 0x0,
    0xff, 0xe2, 0x90, 0x7, 0x88, 0x3, 0xff, 0x8a,
    0x20, 0x1e, 0x10, 0xf, 0xfe, 0x2b, 0x0, 0x79,
    0xc0, 0x3f, 0xf8, 0xa6, 0x1, 0xe1, 0x0, 0xff,
    0xe2, 0x88, 0x7, 0x8c, 0x3, 0xff, 0x98, 0x20,
    0x1f, 0xe0,

    /* U+0038 "8" */
    0x0, 0xfe, 0x35, 0x77, 0x94, 0x80, 0x3f, 0xf8,
    0x65, 0x3f, 0x95, 0x11, 0x56, 0xe9, 0xc0, 0x3f,
    0xf8, 0x11, 0xac, 0x1, 0xf8, 0xa3, 0x4c, 0x3,
    0xfa, 0xdc, 0x3, 0xff, 0x80, 0x58, 0x80, 0x1f,
    0x52, 0x0, 0x7f, 0xf0, 0xe8, 0x40, 0x39, 0x14,
    0x3, 0xc4, 0xce, 0x80, 0x1e, 0x1b, 0x0, 0xef,
    0x0, 0xf4, 0xec, 0xc5, 0xf1, 0x80, 0x72, 0x88,
    0x4, 0x28, 0x1, 0xce, 0xc0, 0x18, 0x70, 0x40,
    0x39, 0xc0, 0x25, 0x0, 0xf4, 0x80, 0x7d, 0x20,
    0x1d, 0xc0, 0x10, 0x80, 0x70, 0x88, 0x3, 0xe4,
    0x0, 0xe2, 0x0, 0xfe, 0x10, 0xf, 0xc4, 0x1,
    0xc6, 0x1, 0x30, 0x7, 0x84, 0x3, 0xe2, 0x0,
    0xe1, 0x0, 0x8c, 0x3, 0xd2, 0x1, 0xf3, 0x0,
    0x76, 0x0, 0x64, 0x0, 0xe7, 0x40, 0xf, 0x78,
    0x6, 0x14, 0x0, 0xd0, 0x1, 0xeb, 0x60, 0xc,
    0x4a, 0x1, 0xa0, 0x3, 0x8d, 0xc0, 0x3d, 0x38,
    0x80, 0xe, 0x0, 0xc8, 0xc0, 0x1e, 0x84, 0x0,
    0xf1, 0xde, 0x51, 0x80, 0x45, 0x40, 0x1f, 0xad,
    0x40, 0x3e, 0x35, 0x0, 0x8f, 0x4, 0x3, 0xfa,
    0x88, 0x3, 0xfe, 0xa1, 0x0, 0xfe, 0x3d, 0x20,
    0xf, 0xfa, 0x70, 0x40, 0x3e, 0x5c, 0x20, 0x9,
    0x4, 0x3, 0xf1, 0xf9, 0x0, 0x72, 0x50, 0x6,
    0x6b, 0xea, 0x30, 0xf, 0x87, 0xc4, 0x2, 0x2b,
    0x0, 0xc5, 0x20, 0x5, 0xca, 0x20, 0xf, 0x15,
    0x80, 0x50, 0x1, 0xd2, 0x1, 0xcb, 0xac, 0x1,
    0xe5, 0x30, 0x15, 0x0, 0xc4, 0x80, 0x1f, 0x4b,
    0x0, 0x7a, 0xc1, 0x80, 0x39, 0x40, 0x3f, 0xa4,
    0x40, 0x39, 0x43, 0x80, 0x3b, 0x80, 0x3f, 0xce,
    0x1, 0xc4, 0x4, 0x1, 0xff, 0xc4, 0x10, 0xf,
    0x8, 0x7, 0xb8, 0x3, 0xfc, 0x20, 0x1f, 0x10,
    0x7, 0x30, 0x7, 0xf9, 0x0, 0x3c, 0x38, 0x1,
    0xc3, 0x40, 0x1f, 0x98, 0x80, 0x39, 0x1, 0x40,
    0x3c, 0xb8, 0x40, 0x1c, 0xf2, 0x1, 0xee, 0x0,
    0x40, 0x7, 0x8f, 0x75, 0x53, 0x7d, 0x0, 0x1e,
    0x35, 0x0, 0x3a, 0x0, 0x7c, 0x4a, 0xc8, 0x20,
    0x1e, 0x1d, 0x0, 0xd6, 0x80, 0x1f, 0xfc, 0x41,
    0xc1, 0x0, 0xeb, 0x90, 0xf, 0xfe, 0x12, 0xf9,
    0x0, 0x7c, 0xdd, 0x4, 0x1, 0xf8, 0x5b, 0x28,
    0x40, 0x3f, 0x85, 0xf7, 0xae, 0x62, 0x2a, 0xde,
    0x93, 0x0, 0xf0,

    /* U+0039 "9" */
    0x0, 0xfe, 0x36, 0x77, 0x31, 0x80, 0x7f, 0xf1,
    0x6, 0x3b, 0x26, 0x21, 0x39, 0xf4, 0x40, 0x1f,
    0xfc, 0x6, 0xe7, 0x10, 0xf, 0x97, 0x60, 0x3,
    0xfd, 0x32, 0x0, 0xff, 0xe0, 0x3e, 0x0, 0x7e,
    0x86, 0x0, 0xff, 0xe1, 0x1e, 0x0, 0x78, 0xdc,
    0x3, 0xf0, 0x80, 0x7c, 0x72, 0x1, 0xde, 0x1,
    0xe2, 0xbf, 0xee, 0x38, 0x7, 0x98, 0xc0, 0x24,
    0x30, 0xe, 0x3d, 0x40, 0x0, 0xc5, 0x80, 0x7b,
    0xc0, 0x2d, 0x0, 0xf7, 0x0, 0x79, 0x20, 0x3,
    0x8c, 0xc0, 0x4, 0x0, 0xe3, 0x20, 0xf, 0x9c,
    0x40, 0x3a, 0x80, 0x4, 0x1, 0xc8, 0x1, 0xfc,
    0xe0, 0x1c, 0xe0, 0x1f, 0xbc, 0x3, 0xfb, 0x40,
    0x38, 0x48, 0x3, 0xe1, 0x0, 0xfe, 0x40, 0xf,
    0x20, 0x7, 0xdc, 0x1, 0xfe, 0x20, 0xe, 0xe0,
    0x10, 0xe, 0x30, 0xf, 0xf1, 0x0, 0x71, 0x2,
    0x80, 0x72, 0x10, 0x7, 0xe9, 0x0, 0xf3, 0x6,
    0x0, 0x7b, 0x80, 0x3e, 0x96, 0x0, 0xf0, 0x82,
    0x80, 0x78, 0xf5, 0x44, 0x9, 0xf5, 0x80, 0x3f,
    0x89, 0x80, 0x3c, 0x55, 0xdf, 0xb0, 0x40, 0x1f,
    0xf4, 0x8, 0x7, 0xff, 0x8, 0xc0, 0x3f, 0xe,
    0x8, 0x7, 0xfc, 0x38, 0xc0, 0x1c, 0x20, 0x11,
    0x7a, 0x80, 0x7f, 0x27, 0x98, 0x80, 0x73, 0x80,
    0x61, 0xac, 0x62, 0x0, 0x85, 0x72, 0xc4, 0x18,
    0x3, 0x84, 0x3, 0xc7, 0x3b, 0xfd, 0xd5, 0x18,
    0x4, 0x40, 0x1d, 0xa0, 0x1f, 0xe1, 0x10, 0x7,
    0x10, 0x7, 0x88, 0x3, 0xff, 0x8a, 0x80, 0x1e,
    0x40, 0xf, 0xfe, 0x2e, 0x80, 0x71, 0x8, 0x7,
    0xff, 0x10, 0x90, 0x3, 0x94, 0x3, 0xff, 0x8b,
    0x20, 0x1e, 0xb0, 0xe, 0x3b, 0x0, 0xfe, 0x74,
    0x0, 0xe3, 0x30, 0x6, 0x2d, 0x4d, 0x40, 0xf,
    0x44, 0x0, 0x3d, 0x0, 0x18, 0x7c, 0x40, 0xaf,
    0x61, 0x99, 0x3c, 0xe0, 0x1e, 0x54, 0x0, 0xd4,
    0x40, 0x18, 0x9e, 0x64, 0xc2, 0x1, 0xe1, 0xb0,
    0xc, 0x68, 0x1, 0xff, 0xc5, 0xd1, 0x0, 0xc7,
    0x60, 0x1f, 0xfc, 0x31, 0xc3, 0x0, 0xf2, 0x72,
    0x80, 0x7f, 0xf0, 0x13, 0xcc, 0x3, 0xf0, 0xd5,
    0xa0, 0x7, 0xe4, 0xbb, 0x8, 0x7, 0xfc, 0x97,
    0xf9, 0x31, 0x9, 0xbf, 0xb4, 0x0, 0xfc,

    /* U+003A ":" */
    0x0, 0x2e, 0x7f, 0x51, 0x0, 0x4f, 0x46, 0x2,
    0xb8, 0x40, 0x50, 0x1, 0xc3, 0x20, 0xa0, 0x1f,
    0x20, 0x70, 0x7, 0xe2, 0x10, 0xf, 0xc7, 0x60,
    0x1f, 0x10, 0x9a, 0x0, 0x7a, 0x40, 0x16, 0xa0,
    0x10, 0xd2, 0x0, 0x55, 0xd7, 0x9c, 0xa0, 0x1c,
    0x28, 0x60, 0x1f, 0xff, 0xf0, 0x3a, 0xdc, 0x81,
    0x0, 0x97, 0x14, 0x8d, 0xf0, 0x40, 0x68, 0x3,
    0x8a, 0xc1, 0xc0, 0x3e, 0x50, 0xf0, 0xf, 0xc4,
    0x20, 0x1f, 0x8f, 0x0, 0x3e, 0x11, 0x21, 0x80,
    0x7a, 0x0, 0x1a, 0x60, 0x19, 0xd8, 0x0, 0x39,
    0x71, 0x3b, 0x0, 0x0,

    /* U+0043 "C" */
    0x0, 0xff, 0xe0, 0x8a, 0x33, 0xb9, 0x90, 0x40,
    0x3f, 0xf8, 0xc5, 0x1b, 0xd7, 0x31, 0x9, 0xbe,
    0xc6, 0x0, 0xff, 0xe1, 0xd, 0x6b, 0x90, 0x7,
    0xe3, 0x9d, 0x40, 0xf, 0xf9, 0xb9, 0x40, 0x3f,
    0xf8, 0x25, 0x74, 0x1, 0xfd, 0x32, 0x0, 0xff,
    0xe2, 0xae, 0x8, 0x7, 0xa5, 0x80, 0x3f, 0xf8,
    0xe6, 0x40, 0x1c, 0xec, 0x1, 0xfc, 0x28, 0x82,
    0x0, 0xfa, 0x4c, 0x3, 0x1c, 0x0, 0x7e, 0x7d,
    0xeb, 0xb6, 0xfd, 0x10, 0x4, 0xcc, 0x0, 0xef,
    0x0, 0xf8, 0xb6, 0x8, 0x3, 0x97, 0x5c, 0x12,
    0x40, 0x39, 0x4c, 0x3, 0xc5, 0x84, 0x1, 0xfd,
    0x15, 0x40, 0xf, 0x48, 0x7, 0xde, 0x20, 0x1f,
    0xf2, 0x88, 0x7, 0x11, 0x80, 0x79, 0xc8, 0x3,
    0xff, 0x8f, 0x40, 0x1f, 0x48, 0x7, 0xff, 0x21,
    0x0, 0x3c, 0xa2, 0x1, 0xff, 0xc8, 0x30, 0xf,
    0x60, 0x7, 0xff, 0x20, 0x80, 0x3e, 0x40, 0xf,
    0xfe, 0x43, 0x0, 0x7c, 0x40, 0x1f, 0xfc, 0x81,
    0x0, 0xff, 0xe8, 0x18, 0x7, 0x84, 0x3, 0xff,
    0xcc, 0x60, 0x1e, 0x10, 0xf, 0xfe, 0x48, 0x80,
    0x7f, 0xf4, 0x1c, 0x3, 0xe2, 0x0, 0xff, 0xe4,
    0x18, 0x7, 0xc8, 0x1, 0xff, 0xc9, 0x20, 0xf,
    0x60, 0x7, 0xff, 0x25, 0x0, 0x3c, 0xa0, 0x1f,
    0xfc, 0x9d, 0x0, 0xf9, 0xc0, 0x3f, 0xf9, 0x8,
    0x20, 0x1e, 0x81, 0x0, 0xff, 0xe4, 0x48, 0x7,
    0xda, 0x1, 0xff, 0xc0, 0x6e, 0x20, 0xe, 0x71,
    0x0, 0xf1, 0xe0, 0x80, 0x7f, 0x4c, 0x87, 0xc4,
    0x3, 0xa0, 0x3, 0xe3, 0xe8, 0x20, 0xc, 0x2f,
    0xcc, 0x0, 0x2a, 0x0, 0xe6, 0x40, 0xf, 0xcf,
    0xbd, 0x98, 0xee, 0x40, 0x80, 0x64, 0x90, 0xe,
    0xb2, 0x0, 0xfe, 0x13, 0x30, 0x80, 0x7e, 0x40,
    0xf, 0x61, 0x80, 0x7f, 0xf1, 0xcb, 0x0, 0x3c,
    0x38, 0xa0, 0x1f, 0xfc, 0x54, 0xc1, 0x0, 0xfd,
    0x56, 0x40, 0x1f, 0xfc, 0x11, 0x9b, 0x10, 0xf,
    0xf2, 0x6d, 0xa8, 0x7, 0xf1, 0xcf, 0x30, 0x7,
    0xff, 0x9, 0x2b, 0xf6, 0xa2, 0x29, 0xbe, 0xc6,
    0x0, 0xf0,

    /* U+00B0 "°" */
    0x0, 0xe3, 0x78, 0x82, 0x88, 0x7, 0xe3, 0xdc,
    0x87, 0x75, 0x74, 0x0, 0x79, 0xf0, 0x80, 0x3c,
    0xf8, 0x20, 0x12, 0xc0, 0x7, 0xf1, 0xd0, 0x0,
    0x68, 0x2, 0x4c, 0xfe, 0x90, 0x9, 0x18, 0x18,
    0x2, 0x4b, 0x30, 0x16, 0xa0, 0xa, 0xc3, 0x0,
    0x28, 0x0, 0xe5, 0x30, 0x1, 0xb, 0x0, 0x46,
    0x1, 0xe5, 0x0, 0x88, 0x3, 0xfe, 0x10, 0x9,
    0xc4, 0x2, 0x10, 0xf, 0x10, 0x4, 0xca, 0x1,
    0x30, 0x7, 0xa, 0x80, 0x45, 0x40, 0x14, 0x20,
    0x6, 0xa0, 0x9, 0x80, 0xd4, 0x2, 0xbb, 0x44,
    0xf2, 0x0, 0x6, 0x0, 0x14, 0x40, 0x12, 0x3b,
    0x8, 0x5, 0x42, 0x1, 0x6a, 0x80, 0x7c, 0x38,
    0x80, 0x1d, 0x56, 0xa2, 0x0, 0x38, 0xf3, 0x0,
    0x80,

    /* U+2014 "—" */
    0x69, 0x9f, 0xfe, 0xd1, 0x63, 0x37, 0xff, 0x68,
    0x40, 0x3f, 0xff, 0xe0, 0x1f, 0xfe, 0x10,

    /* U+2018 "‘" */
    0x0, 0xff, 0xe1, 0x26, 0xa0, 0x7, 0x45, 0x94,
    0x0, 0x6a, 0x70, 0x1, 0x8, 0x2, 0x14, 0x0,
    0xbc, 0x20, 0x6e, 0x0, 0x5a, 0x0, 0xbc, 0x0,
    0x54, 0x1, 0x11, 0x80, 0x20, 0x3, 0x28, 0x4,
    0xe2, 0x1, 0x70, 0x5, 0xbd, 0x82, 0x6, 0x1,
    0xc7, 0x40, 0x1f, 0x90, 0x74, 0x3, 0xe2, 0x60,
    0xf, 0x88, 0x64, 0x3, 0x9c, 0x41, 0xa8, 0x80,
    0x5e, 0x0,

    /* U+2019 "’" */
    0x0, 0xc4, 0x1, 0xea, 0xfd, 0xf8, 0x0, 0xa9,
    0x40, 0x27, 0x90, 0x15, 0x0, 0xe6, 0x22, 0x0,
    0x7d, 0x44, 0x1, 0xf1, 0xa, 0x80, 0x7e, 0xa6,
    0x1, 0x0, 0x88, 0x1, 0x3f, 0xc0, 0x17, 0x0,
    0x66, 0x0, 0x9c, 0x2, 0x18, 0x0, 0x20, 0x80,
    0x54, 0x20, 0x9, 0x0, 0xe, 0x20, 0x2, 0x8,
    0x7, 0x8c, 0x0, 0xce, 0x0, 0x14, 0x0, 0x4c,
    0x80, 0x34, 0xa6, 0xb0, 0x6,

    /* U+201C "“" */
    0x0, 0xff, 0xe5, 0xbe, 0x88, 0x7, 0x86, 0x6c,
    0x3, 0xe, 0x41, 0x48, 0x7, 0x1f, 0xb2, 0x20,
    0x0, 0x3e, 0x60, 0x3, 0x0, 0xc7, 0x82, 0x0,
    0x30, 0x6, 0x8, 0x2, 0x6c, 0x2, 0x2d, 0x0,
    0xd, 0xb8, 0x41, 0x0, 0x29, 0x80, 0x34, 0x88,
    0x3, 0x10, 0x5, 0xc0, 0xc, 0xa0, 0x19, 0x10,
    0x0, 0xa2, 0x0, 0x38, 0x5, 0x0, 0x1d, 0xc0,
    0x2, 0x50, 0xb, 0x40, 0x8, 0x62, 0x1, 0x94,
    0x0, 0xa4, 0x1, 0x30, 0x1, 0x37, 0xa4, 0x0,
    0x20, 0x13, 0xef, 0xb0, 0x18, 0x7, 0x33, 0x81,
    0x0, 0x7a, 0x4c, 0x3, 0xea, 0x1, 0x0, 0xfa,
    0x94, 0x3, 0xc4, 0x4, 0x1, 0xf1, 0x70, 0x7,
    0x8c, 0x0, 0xc0, 0x1e, 0x35, 0x50, 0x7, 0x40,
    0x2, 0x8, 0x3, 0xc, 0x85, 0x38, 0x81, 0x52,
    0x0, 0x7, 0x14, 0x0, 0x9a, 0x20,

    /* U+201D "”" */
    0x0, 0x88, 0x40, 0x3f, 0x10, 0x80, 0x64, 0xed,
    0xed, 0x30, 0xc, 0xff, 0xbd, 0x62, 0x5, 0x62,
    0x0, 0x2c, 0x20, 0x3, 0x40, 0x4, 0x9a, 0x16,
    0x1, 0xe8, 0x0, 0x58, 0x7, 0x1b, 0x10, 0x7,
    0x94, 0x0, 0x40, 0x1e, 0xa2, 0x0, 0xf8, 0x80,
    0x80, 0x3c, 0x56, 0x1, 0xfd, 0x60, 0x1f, 0x15,
    0x90, 0x8, 0x4, 0x60, 0xd0, 0x20, 0x18, 0xc1,
    0x37, 0xd8, 0x0, 0x22, 0x0, 0x3f, 0x79, 0x80,
    0x1c, 0x3, 0x28, 0x1, 0xc0, 0x38, 0x8c, 0x1,
    0xe0, 0x13, 0x90, 0x2, 0x80, 0x3a, 0x40, 0x2,
    0xa0, 0x4, 0x80, 0x2, 0x98, 0x6, 0x74, 0x0,
    0x40, 0x1, 0xac, 0x0, 0x36, 0x1, 0xa6, 0x0,
    0x6, 0xc1, 0x12, 0x0, 0x1c, 0x10, 0xb, 0x18,
    0x0, 0x5a, 0x0, 0xb0, 0x1, 0xe1, 0x0, 0x6b,
    0x0, 0x2e, 0x88, 0x0, 0xda, 0x30, 0x80, 0x39,
    0xd2, 0xa8, 0x1, 0x80,

    /* U+3001 "、" */
    0x0, 0xe4, 0x20, 0xf, 0xfe, 0x13, 0x5e, 0xa0,
    0x7, 0xff, 0x2, 0x24, 0x1, 0x6a, 0x1, 0xfe,
    0xa7, 0x0, 0xd4, 0xc0, 0x1f, 0xad, 0x40, 0x3d,
    0x2c, 0x1, 0xf7, 0x80, 0x7e, 0x96, 0x0, 0xf2,
    0x68, 0x80, 0x7d, 0x2c, 0x1, 0xe2, 0xc1, 0x0,
    0xfa, 0x58, 0x3, 0xc5, 0x82, 0x1, 0xf4, 0xa0,
    0x7, 0x8b, 0x4, 0x3, 0xeb, 0x30, 0xf, 0x16,
    0x8, 0x7, 0xda, 0x20, 0x1e, 0x2c, 0x10, 0xf,
    0x20, 0x80, 0x7c, 0x5a, 0x1, 0xcf, 0x40, 0x1f,
    0xc7, 0x60, 0x15, 0x40, 0x7, 0xfc, 0x90, 0x38,
    0xa0, 0x1f, 0xfc, 0x17, 0xf3, 0x0, 0xc0,

    /* U+3002 "。" */
    0x0, 0xe6, 0xbd, 0xec, 0x93, 0x0, 0xfc, 0x7b,
    0x28, 0x42, 0x6d, 0x92, 0x1, 0xe4, 0xc2, 0x0,
    0xf9, 0xb0, 0x3, 0x15, 0x80, 0x42, 0xac, 0x60,
    0x11, 0xd0, 0x5, 0x20, 0x12, 0xf5, 0x4e, 0x60,
    0x40, 0xa, 0x80, 0x28, 0x0, 0x4a, 0x0, 0xc7,
    0x80, 0x17, 0x2, 0x0, 0x50, 0x1, 0xe2, 0x50,
    0x2, 0x1, 0x0, 0x46, 0x1, 0xf6, 0x80, 0x4,
    0x4, 0x2, 0x10, 0xf, 0xfe, 0x1, 0x0, 0x48,
    0x1, 0xf5, 0x80, 0x8, 0x10, 0x2, 0x81, 0x0,
    0xe5, 0x30, 0x2, 0x80, 0x1c, 0x0, 0x58, 0x80,
    0x13, 0xd0, 0x5, 0x20, 0x8, 0x30, 0x1, 0x5f,
    0xf7, 0xc0, 0x5, 0x22, 0x1, 0x69, 0x0, 0x61,
    0x0, 0xd0, 0xc0, 0x18, 0x75, 0x80, 0x3c, 0x36,
    0xe0, 0x1f, 0x4f, 0x4b, 0xb4, 0x5f, 0x20, 0x6,

    /* U+516C "公" */
    0x0, 0xff, 0xf7, 0xc2, 0x88, 0x7, 0xff, 0x9,
    0x71, 0xc0, 0x3f, 0xf9, 0xa6, 0xf5, 0xd9, 0x6,
    0x1, 0xf8, 0xa3, 0xa8, 0xe4, 0x3, 0xff, 0x9b,
    0x20, 0x11, 0xbe, 0x30, 0x7, 0x93, 0x5c, 0x40,
    0x3, 0x0, 0x1f, 0xfc, 0xb1, 0x50, 0xe, 0x16,
    0x0, 0xf2, 0x10, 0x7, 0x39, 0x0, 0x7f, 0xf2,
    0xa0, 0x3, 0xcc, 0x1, 0xfa, 0x40, 0x3d, 0x20,
    0x1f, 0xfc, 0x92, 0x60, 0xf, 0x48, 0x7, 0xe4,
    0x40, 0x7, 0x23, 0x0, 0x7f, 0xf2, 0x20, 0x3,
    0xcc, 0x20, 0x1f, 0xd2, 0x1, 0xe9, 0x20, 0xf,
    0xfe, 0x31, 0xa8, 0x7, 0xa0, 0x3, 0xfc, 0x50,
    0x1, 0xee, 0x0, 0xff, 0xe3, 0x70, 0x7, 0xa0,
    0x40, 0x3f, 0xe7, 0x30, 0xe, 0x39, 0x0, 0xff,
    0xe2, 0x39, 0x0, 0x70, 0xb8, 0x7, 0xff, 0x7,
    0x80, 0x3c, 0xcc, 0x0, 0xff, 0xe1, 0x14, 0x0,
    0x7a, 0xc0, 0x3f, 0xf8, 0x45, 0x0, 0x1e, 0x94,
    0x0, 0xff, 0xe0, 0xf8, 0x7, 0x91, 0x40, 0x3f,
    0xf8, 0x6e, 0x60, 0x1e, 0xb3, 0x0, 0xff, 0xa8,
    0x80, 0x3d, 0x20, 0x1f, 0xfc, 0x5e, 0x0, 0xfb,
    0x48, 0x3, 0xf9, 0xd4, 0x3, 0xd0, 0x40, 0x18,
    0x50, 0x3, 0xfe, 0x29, 0x0, 0xf0, 0xf8, 0x80,
    0x7c, 0xd0, 0x1, 0xe4, 0x70, 0xe, 0x9b, 0xd6,
    0x0, 0xff, 0x33, 0x0, 0x3c, 0x5a, 0x20, 0x1c,
    0xb2, 0x1, 0xe1, 0xa0, 0xf, 0x30, 0x14, 0xfc,
    0x90, 0x7, 0xe9, 0x30, 0xf, 0x1e, 0x88, 0x4,
    0xd4, 0x1, 0xf5, 0x88, 0x7, 0x38, 0x80, 0x66,
    0xd2, 0x0, 0xfd, 0xa2, 0x1, 0xe3, 0xc1, 0x8,
    0x90, 0xf, 0x9d, 0x40, 0x3d, 0x20, 0x1e, 0x42,
    0x0, 0xfc, 0x3a, 0x1, 0xf1, 0x28, 0x78, 0x7,
    0xcb, 0x0, 0x1e, 0x81, 0x0, 0xf4, 0x80, 0x7f,
    0x8e, 0x40, 0x38, 0x75, 0x1, 0xf4, 0x80, 0x31,
    0xd0, 0x7, 0x85, 0xc0, 0x3c, 0xc4, 0x1, 0xff,
    0x33, 0x80, 0x43, 0x84, 0x1, 0x16, 0xa8, 0x0,
    0xf4, 0x3, 0xe8, 0x0, 0xfa, 0x0, 0x3f, 0xf8,
    0x30, 0xa0, 0xd, 0x20, 0xf, 0x54, 0x1e, 0x88,
    0x7, 0x8d, 0x80, 0x3d, 0x22, 0x1, 0xff, 0xc2,
    0xa4, 0xb3, 0x0, 0xfc, 0xf8, 0x20, 0x1f, 0x78,
    0x7, 0x8d, 0x80, 0x3f, 0xf8, 0x96, 0x80, 0x1f,
    0xfc, 0x66, 0x30, 0xf, 0x78, 0x7, 0xff, 0x60,
    0x60, 0x3, 0xce, 0x60, 0x1f, 0xc4, 0x20, 0x1f,
    0xfc, 0xdb, 0x10, 0xe, 0x28, 0x0, 0xfc, 0x77,
    0xb4, 0x1, 0xff, 0xcc, 0x55, 0x0, 0x7b, 0x80,
    0x3e, 0x5c, 0xc2, 0x2, 0x38, 0x7, 0xff, 0x28,
    0x6c, 0x3, 0xd0, 0x60, 0x1e, 0x2a, 0x30, 0xd,
    0x6, 0x1, 0xff, 0xc9, 0xa1, 0x0, 0xe3, 0x70,
    0xf, 0x8a, 0x0, 0x3d, 0xc0, 0x1f, 0xfc, 0x86,
    0x40, 0xe, 0x1d, 0x0, 0xfe, 0x74, 0x0, 0xe2,
    0x90, 0xf, 0xfe, 0x31, 0xc8, 0x7, 0xa8, 0x40,
    0x3f, 0xd4, 0x1, 0xe6, 0x40, 0xf, 0xfe, 0x20,
    0xe8, 0x7, 0xa1, 0x0, 0x3f, 0xe1, 0x90, 0xf,
    0x50, 0x80, 0x7f, 0xf0, 0xf4, 0x40, 0x39, 0x1c,
    0x3, 0xff, 0x82, 0xc8, 0x1, 0xc3, 0x60, 0x1f,
    0xfc, 0x2b, 0x30, 0xe, 0x2b, 0x0, 0xfc, 0x24,
    0x68, 0xad, 0x2, 0x1, 0xe5, 0x50, 0x7, 0xff,
    0x2, 0xd0, 0x3, 0xca, 0xf1, 0x37, 0x9b, 0xdf,
    0xee, 0xdc, 0xba, 0x97, 0x50, 0xf, 0xac, 0x40,
    0x3f, 0x97, 0x50, 0x3, 0xe7, 0x87, 0x64, 0x32,
    0x10, 0xf, 0xfe, 0x28, 0xd8, 0x7, 0xf7, 0x90,
    0x7, 0xff, 0x59, 0x50, 0x3, 0xf7, 0x0, 0x7f,
    0xf6, 0x24, 0x3, 0xf2, 0x8, 0x7, 0xff, 0x3c,
    0x44, 0x1, 0xe2, 0x70, 0xf, 0xcc, 0x1, 0xff,
    0xc4, 0x13, 0x46, 0x79, 0xab, 0xde, 0xfe, 0xe4,
    0x80, 0x7a, 0x4, 0x3, 0xea, 0x0, 0xe1, 0x34,
    0x68, 0x9b, 0xcd, 0xff, 0x76, 0x5c, 0xc3, 0x2a,
    0x10, 0x80, 0x4c, 0x40, 0x1e, 0x80, 0xf, 0x88,
    0x5e, 0xf7, 0xfb, 0x2e, 0x5d, 0x90, 0xc8, 0x3,
    0xff, 0x89, 0x20, 0x1c, 0x3c, 0x1, 0xfb, 0xa1,
    0x8, 0x3, 0xff, 0x9c, 0x88, 0x0, 0x9f, 0xdc,
    0x3, 0xff, 0xb7, 0x0, 0xdd, 0x2, 0x1, 0xff,
    0xdc, 0x3e, 0x91, 0x0, 0xe0,

    /* U+5361 "卡" */
    0x0, 0xff, 0xe2, 0xa6, 0x67, 0x40, 0x7, 0xff,
    0x64, 0x8c, 0xfc, 0x1, 0xff, 0xff, 0x0, 0xff,
    0xff, 0x80, 0x7f, 0xf3, 0x5c, 0x3, 0xff, 0xbe,
    0x7f, 0xff, 0xfc, 0x35, 0x0, 0xff, 0xff, 0x80,
    0x7f, 0xff, 0xc0, 0x3f, 0xfd, 0x51, 0x1f, 0xfc,
    0x37, 0x0, 0xff, 0xe7, 0xa3, 0xbf, 0xff, 0xc,
    0x80, 0x3f, 0xff, 0xe0, 0x1f, 0xff, 0xf0, 0xf,
    0xfe, 0x94, 0xe6, 0x7f, 0xf1, 0x24, 0x3, 0x93,
    0x33, 0xff, 0x8f, 0x6a, 0x67, 0xff, 0xc4, 0x0,
    0xf8, 0xcf, 0xff, 0x8e, 0x80, 0x1f, 0xff, 0xf0,
    0xf, 0xff, 0xf8, 0x7, 0xff, 0x34, 0x73, 0xff,
    0xff, 0x89, 0xa0, 0x1e, 0xff, 0xff, 0xe3, 0xf0,
    0x7, 0xff, 0xfc, 0x3, 0xff, 0xb6, 0x40, 0x1f,
    0xfd, 0xe8, 0xdc, 0x61, 0x0, 0xff, 0xed, 0x1b,
    0x81, 0xcf, 0x52, 0x0, 0x7f, 0xf6, 0x38, 0x3,
    0x96, 0xf5, 0xc4, 0x3, 0xff, 0xaa, 0x40, 0x1f,
    0x14, 0x75, 0x20, 0x7, 0xff, 0x4d, 0x0, 0x3f,
    0xcb, 0x7a, 0xe2, 0x1, 0xff, 0xd0, 0xbd, 0x71,
    0x0, 0xfe, 0x28, 0xe9, 0x20, 0xf, 0xfe, 0x79,
    0x47, 0x49, 0x0, 0x7f, 0x9b, 0xc0, 0x3f, 0xfa,
    0x4d, 0xb6, 0x80, 0x1f, 0xdc, 0x1, 0xff, 0xd4,
    0x4b, 0xd5, 0x0, 0xf3, 0x18, 0x7, 0xff, 0x58,
    0xab, 0x9c, 0x2, 0x19, 0x0, 0xff, 0xec, 0x8c,
    0x73, 0x85, 0x0, 0x7f, 0xf7, 0x6, 0x39, 0x0,
    0x3f, 0xfb, 0xc2, 0x1, 0xff, 0xff, 0x0, 0xff,
    0xff, 0x80, 0x7f, 0xff, 0xc0,

    /* U+65F6 "时" */
    0x0, 0xff, 0xea, 0xc4, 0x73, 0x0, 0x7f, 0xf6,
    0x45, 0xdf, 0xa8, 0x3, 0xff, 0xd0, 0x23, 0x0,
    0x7f, 0xf6, 0xb3, 0xfd, 0xdd, 0x7f, 0xff, 0xb4,
    0x3, 0xff, 0xfe, 0x1, 0xff, 0xff, 0x0, 0xff,
    0xf7, 0x27, 0x77, 0x30, 0x7, 0x9b, 0xff, 0xff,
    0x83, 0xc0, 0x1c, 0x7f, 0xfa, 0x80, 0x38, 0x84,
    0x78, 0x3, 0xe1, 0x0, 0xff, 0xff, 0x80, 0x7f,
    0xff, 0xc0, 0x3f, 0xf9, 0xa4, 0x67, 0xff, 0xc1,
    0x20, 0xf, 0x19, 0xe2, 0x0, 0xff, 0xe3, 0x2e,
    0x67, 0xff, 0x8, 0x3, 0x8f, 0x33, 0x40, 0x7,
    0xff, 0x95, 0xd1, 0x3c, 0x1, 0xff, 0xd9, 0x1b,
    0xbe, 0x20, 0xf, 0xf1, 0x49, 0x0, 0x7f, 0xf6,
    0xca, 0x75, 0xb8, 0x3, 0xff, 0xb5, 0x1a, 0xc0,
    0x3, 0x80, 0xf, 0xfe, 0xce, 0x0, 0x73, 0xa0,
    0x7, 0xff, 0x2d, 0x13, 0x80, 0x3f, 0x23, 0x0,
    0x75, 0x8, 0x7, 0xff, 0x25, 0xae, 0xf9, 0x80,
    0x3f, 0x48, 0x80, 0x61, 0xb0, 0xf, 0xfe, 0xcd,
    0x0, 0x72, 0xb0, 0x7, 0xff, 0x61, 0x18, 0x3,
    0xa4, 0x80, 0x3f, 0xfb, 0x10, 0x20, 0x1d, 0xc0,
    0x1f, 0xfd, 0x81, 0xb0, 0xe, 0x37, 0x0, 0xff,
    0xec, 0x2a, 0x80, 0x3b, 0x0, 0x3f, 0xfb, 0x36,
    0x1, 0x15, 0xd8, 0x3, 0xff, 0xb2, 0x2e, 0x33,
    0xa8, 0x1, 0xff, 0xc7, 0x6f, 0xfe, 0x60, 0xf,
    0xfe, 0xc, 0x73, 0x0, 0x7f, 0xff, 0xc0, 0x3f,
    0xff, 0xe0, 0x1f, 0xfe, 0x33, 0xcc, 0xff, 0x78,
    0x7, 0xff, 0x51, 0x4c, 0xff, 0xc4, 0x1, 0xff,
    0xe7, 0x11, 0x0, 0x79, 0x0, 0x3f, 0xfa, 0xc5,
    0xdc, 0xff, 0xf5, 0x0, 0x73, 0x0, 0x76, 0x77,
    0x69, 0x0, 0xff, 0xe2, 0x92, 0x0, 0x7f, 0xf0,
    0x48, 0x3, 0xc2, 0x38, 0x3, 0xff, 0x8f, 0xc0,
    0x1f, 0xfc, 0x1a, 0x0, 0xff, 0xe8, 0xa8, 0x7,
    0xff, 0x2, 0x8, 0x3, 0xff, 0xa4, 0x80, 0x1f,
    0xc7, 0x6e, 0x1, 0xff, 0xd3, 0xe5, 0x5c, 0xcf,
    0x37, 0xd8, 0x80, 0x1f, 0x0,

    /* U+6B65 "步" */
    0x0, 0xff, 0xe4, 0x66, 0x78, 0x3, 0xff, 0xb4,
    0x67, 0xe0, 0xf, 0xff, 0xcd, 0x57, 0x48, 0x7,
    0xff, 0x69, 0x57, 0x9c, 0x3, 0xff, 0x83, 0xff,
    0xff, 0xc2, 0x10, 0xf, 0xff, 0xf8, 0x7, 0xff,
    0xfc, 0x3, 0xff, 0xd7, 0x11, 0xff, 0xc2, 0x10,
    0xf, 0xfe, 0x8b, 0xbf, 0xff, 0x8, 0x3, 0xff,
    0xfe, 0x1, 0xff, 0xf1, 0x9f, 0xff, 0x0, 0x70,
    0xff, 0xfc, 0x1, 0xef, 0xff, 0xfe, 0x2b, 0x80,
    0x7f, 0xf7, 0xfc, 0x3, 0xff, 0xfe, 0x1, 0xff,
    0xed, 0xd8, 0x8f, 0xfe, 0x30, 0x7, 0x92, 0x23,
    0xff, 0x8b, 0x68, 0xef, 0xff, 0xc6, 0x20, 0xe,
    0xf7, 0x7f, 0xfe, 0x29, 0x80, 0x7f, 0xaf, 0xa0,
    0xc0, 0x3f, 0xf9, 0x32, 0xa0, 0x1f, 0xfc, 0x47,
    0x41, 0x7c, 0xd8, 0x0, 0xff, 0xe3, 0x2b, 0x56,
    0xb0, 0x7, 0xff, 0x5, 0x20, 0x3, 0x11, 0x80,
    0x7f, 0xf1, 0xac, 0x0, 0x53, 0xce, 0x1, 0xfe,
    0x3b, 0x0, 0xe1, 0xa0, 0xf, 0xfe, 0x2c, 0x88,
    0x6, 0x1e, 0x0, 0xfe, 0x3d, 0x0, 0xf5, 0x8,
    0x7, 0xff, 0x11, 0x58, 0x3, 0x86, 0x0, 0x3f,
    0x2e, 0x8, 0x7, 0x42, 0x0, 0x7f, 0xf1, 0xa,
    0x80, 0x3d, 0x2, 0x1, 0xf3, 0xd0, 0x7, 0x95,
    0xc0, 0x3f, 0xf8, 0x83, 0x80, 0x1e, 0x46, 0x0,
    0xf0, 0xd4, 0x0, 0x79, 0x68, 0x3, 0xff, 0x88,
    0x38, 0x20, 0x1c, 0x34, 0x1, 0xe4, 0xf5, 0x0,
    0xf2, 0x50, 0x7, 0xff, 0x10, 0xfc, 0x80, 0x3d,
    0xa2, 0x1, 0xe7, 0x0, 0xf8, 0xec, 0x3, 0xff,
    0x88, 0xb8, 0x20, 0x1e, 0xa3, 0x0, 0xf8, 0xf0,
    0x40, 0x32, 0x60, 0x7, 0xff, 0xc, 0x66, 0x80,
    0x3e, 0x95, 0x0, 0xfe, 0x2d, 0x10, 0x3, 0x58,
    0x7, 0xff, 0x12, 0x98, 0x3, 0xe9, 0x60, 0xf,
    0xf8, 0xf4, 0x66, 0x40, 0x1f, 0xf5, 0x3b, 0x8c,
    0x3, 0xfd, 0x4c, 0x1, 0xff, 0xc1, 0x3e, 0x60,
    0xf, 0xfe, 0x3, 0xe1, 0x98, 0x3, 0xf0, 0xe2,
    0x80, 0x7f, 0xf3, 0xc5, 0xf6, 0xd0, 0x3, 0xf1,
    0xf9, 0x80, 0x7f, 0xf3, 0x49, 0xb3, 0xa0, 0x80,
    0x3f, 0xa3, 0x4, 0x3, 0xff, 0x94, 0x2b, 0x3b,
    0xa9, 0x30, 0xf, 0xf2, 0x6b, 0x80, 0x7f, 0xf1,
    0xc5, 0x1e, 0xbb, 0x94, 0xc4, 0x1, 0xff, 0x1d,
    0xd8, 0x80, 0x3f, 0xf8, 0x69, 0x15, 0x9d, 0xcb,
    0x85, 0x10, 0xf, 0xfe, 0xa, 0x5e, 0x20, 0x7,
    0xff, 0x19, 0xd4, 0xc4, 0x3, 0xff, 0x86, 0x2d,
    0xb6, 0x80, 0x1f, 0xfc, 0x74, 0x50, 0xf, 0xfe,
    0x22, 0x57, 0x49, 0x0, 0x7f, 0xf2, 0xac, 0x3,
    0xff, 0x80, 0x2d, 0x5f, 0x6a, 0x1, 0xff, 0xcd,
    0x16, 0x0, 0xf8, 0x9a, 0x77, 0xa5, 0x40, 0x3f,
    0xfa, 0x34, 0x2, 0x6d, 0x39, 0xfb, 0x2c, 0x40,
    0x1f, 0xfd, 0x43, 0xee, 0x64, 0xb1, 0x80, 0x7f,
    0xf5, 0xc0,

    /* U+8DEF "路" */
    0x0, 0xff, 0xe7, 0xb3, 0x4, 0x3, 0xff, 0xc1,
    0x13, 0xdb, 0x28, 0x1, 0xff, 0xc4, 0x3c, 0xcf,
    0xfe, 0x23, 0x80, 0x79, 0x4, 0x0, 0x4d, 0x80,
    0x1f, 0xfc, 0x47, 0x33, 0xff, 0xe2, 0x70, 0x7,
    0xb8, 0x3, 0xa8, 0x3, 0xff, 0xb6, 0x2a, 0x1,
    0x88, 0x80, 0x18, 0x48, 0x80, 0x1f, 0xfd, 0x49,
    0x0, 0xe2, 0xff, 0xee, 0xdd, 0x5a, 0x0, 0x7f,
    0xf4, 0x45, 0xc0, 0x3f, 0xf8, 0x49, 0x78, 0x1,
    0xff, 0x17, 0x77, 0x90, 0x3, 0xfa, 0x0, 0x3f,
    0xf8, 0xaa, 0x1, 0xff, 0x8, 0xfc, 0x1, 0xfc,
    0x6c, 0x1, 0xff, 0xc5, 0xa0, 0xf, 0xfe, 0x7f,
    0x80, 0x78, 0x8b, 0x84, 0x3, 0x88, 0xc0, 0x3f,
    0xf9, 0xd0, 0x60, 0x1d, 0xdb, 0xbc, 0xc0, 0x1d,
    0x40, 0x1f, 0xfc, 0xe4, 0x70, 0xf, 0x40, 0x6,
    0x17, 0x0, 0xe6, 0x0, 0xff, 0xe6, 0x95, 0x0,
    0x7c, 0xc6, 0x1, 0x40, 0x7, 0x38, 0x80, 0x7f,
    0xf0, 0xf, 0xff, 0xc8, 0x1, 0x8b, 0x4, 0x3,
    0xf6, 0x88, 0x23, 0x0, 0x74, 0x80, 0x7f, 0xf3,
    0x50, 0x40, 0x3f, 0x86, 0x86, 0x80, 0x39, 0xc4,
    0x3, 0xff, 0x9a, 0xcc, 0x0, 0xcc, 0xe0, 0x19,
    0x38, 0x40, 0x31, 0x40, 0x7, 0xff, 0x3e, 0x5c,
    0x0, 0x73, 0x6, 0x1, 0xfe, 0xe0, 0xf, 0xf3,
    0x80, 0x7f, 0xf1, 0x4, 0x22, 0x4b, 0x0, 0x1c,
    0x1, 0xfc, 0xc6, 0x1, 0xfe, 0x3f, 0xff, 0x50,
    0x6, 0x3f, 0xfd, 0x0, 0x6, 0xd0, 0x8, 0xa4,
    0x3, 0xe2, 0x90, 0xf, 0xfe, 0xc8, 0x80, 0x7c,
    0x64, 0x1, 0xff, 0xd8, 0x98, 0x0, 0xf8, 0x75,
    0x80, 0x3f, 0xcd, 0x77, 0x80, 0x3f, 0xf8, 0xc5,
    0xac, 0x1, 0xfe, 0x9b, 0x30, 0xf, 0xde, 0x89,
    0x84, 0x3, 0xff, 0x88, 0xda, 0x40, 0x1f, 0xfc,
    0x4, 0xca, 0x20, 0xf, 0xfe, 0x31, 0xc4, 0x70,
    0x1, 0x36, 0x40, 0x3c, 0x38, 0xa0, 0x1f, 0x2e,
    0xda, 0x80, 0x7f, 0xf1, 0x5d, 0xf9, 0x72, 0xc8,
    0x3, 0xc9, 0xe7, 0x52, 0x1, 0xf9, 0x2b, 0x40,
    0x3f, 0xf9, 0x34, 0x60, 0x1f, 0x45, 0x88, 0x1,
    0xb0, 0x80, 0x3f, 0x70, 0x7, 0xff, 0x40, 0xf1,
    0xc0, 0x38, 0xf5, 0xc0, 0x3d, 0x6, 0x1, 0xff,
    0xc9, 0x30, 0xf, 0xbf, 0x33, 0xf2, 0x0, 0x72,
    0x38, 0x7, 0xff, 0x16, 0x23, 0xb4, 0x40, 0x38,
    0xcf, 0xfe, 0x0, 0xe9, 0x0, 0xff, 0xe2, 0x9b,
    0xbf, 0xd, 0xa8, 0x7, 0xff, 0x1d, 0x88, 0x3,
    0xff, 0x98, 0xb2, 0x1, 0xff, 0xff, 0x0, 0xff,
    0xe6, 0x77, 0xff, 0xe1, 0x0, 0xff, 0xe8, 0x11,
    0x0, 0x3e, 0x10, 0xf, 0xfe, 0xa9, 0xbd, 0xf6,
    0xa8, 0x7, 0xff, 0x70, 0xf2, 0x10, 0x43, 0x80,
    0x3f, 0xfa, 0xb3, 0x54, 0x0, 0xff, 0x18, 0x7,
    0xff, 0x38, 0x51, 0x80, 0x33, 0xa8, 0x7, 0xfc,
    0xc0, 0x1f, 0xfc, 0xeb, 0xb0, 0x7, 0xff, 0x18,
    0x80, 0x3e, 0x43, 0x3f, 0xc2, 0x1, 0xfd, 0xa0,
    0x1f, 0xfc, 0x42, 0x6a, 0xc0, 0xf, 0xaf, 0x33,
    0xf0, 0x7, 0xf8, 0xc0, 0x3f, 0xf8, 0x6, 0xf5,
    0xdb, 0x2a, 0x40, 0x1f, 0xfc, 0xe6, 0x0, 0xfc,
    0x8f, 0x7f, 0x90, 0xa2, 0x1, 0xff, 0xd2, 0x20,
    0x8, 0x52, 0x33, 0xee, 0x10, 0x3, 0xff, 0xb0,
    0xf3, 0xbd, 0x6e, 0x60, 0x1f, 0xfc, 0x83, 0x3f,
    0xe0, 0xf, 0xfa, 0x18, 0x80, 0x3f, 0xf9, 0x99,
    0x9f, 0xc2, 0x1, 0xff, 0xd3, 0x3d, 0xde, 0x0,
    0xfe, 0xef, 0xfd, 0x20, 0x18,

    /* U+91CC "里" */
    0x0, 0xe1, 0x1f, 0xfe, 0xb8, 0x7, 0xf7, 0xf7,
    0x7f, 0xf5, 0x7c, 0x3, 0xff, 0xfe, 0x1, 0xff,
    0xff, 0x0, 0xff, 0xee, 0x1f, 0xff, 0xe8, 0x0,
    0xef, 0xff, 0xdc, 0x1, 0xff, 0xff, 0x0, 0xff,
    0xff, 0x80, 0xf, 0xff, 0xf4, 0x0, 0x77, 0xff,
    0xee, 0x0, 0xff, 0xff, 0x80, 0x7f, 0xff, 0xc0,
    0x2, 0x89, 0xf8, 0x3, 0xc8, 0x9f, 0xc0, 0x1f,
    0xfc, 0x82, 0xbb, 0xfd, 0x0, 0x1d, 0x77, 0xfa,
    0x80, 0x3f, 0xff, 0xe0, 0x1f, 0xfd, 0x51, 0x33,
    0xfd, 0xa0, 0x1c, 0x67, 0xf9, 0x40, 0x3f, 0xf9,
    0x5, 0x99, 0xf9, 0x40, 0x3b, 0x33, 0xf5, 0x80,
    0x7f, 0xff, 0xc0, 0x3f, 0xff, 0x84, 0x5f, 0xfc,
    0x20, 0xf, 0x88, 0xbf, 0xf8, 0x40, 0x1f, 0xd9,
    0xbb, 0xff, 0xc1, 0x10, 0xe, 0x9d, 0xdf, 0xfe,
    0xe, 0x0, 0x7f, 0xff, 0xc0, 0x3f, 0xf9, 0x2,
    0x67, 0xff, 0xc3, 0x10, 0xe, 0xc3, 0x3f, 0xfe,
    0x18, 0x7, 0x9b, 0x33, 0xff, 0x86, 0x1, 0xe5,
    0xcc, 0xff, 0xe1, 0xa0, 0x7, 0xff, 0xfc, 0x3,
    0xff, 0xfe, 0x1, 0xff, 0xd3, 0x7e, 0xef, 0xfe,
    0x18, 0x7, 0x9f, 0xbb, 0xff, 0x86, 0x80, 0x1e,
    0x11, 0xff, 0xe2, 0x0, 0x77, 0x8, 0xff, 0xf0,
    0xc0, 0x3f, 0xff, 0xe0, 0x1f, 0xfc, 0x44, 0x66,
    0xff, 0xe3, 0x8, 0x7, 0x5b, 0x37, 0xff, 0x15,
    0x3e, 0x67, 0xff, 0x8c, 0x1, 0xe2, 0x99, 0xff,
    0xe2, 0xf8, 0x7, 0xff, 0xfc, 0x3, 0xff, 0xda,
    0x20, 0x1f, 0xfd, 0xe1,

    /* U+FF01 "！" */
    0xe, 0xff, 0xf7, 0x0, 0x4, 0x3, 0xf8, 0x40,
    0x3f, 0x8c, 0x3, 0xc6, 0x1, 0xff, 0xc0, 0x10,
    0xf, 0x8, 0x7, 0xff, 0x1, 0xc0, 0x3c, 0xe0,
    0x1, 0x0, 0xf0, 0x80, 0xc, 0x3, 0xc4, 0x0,
    0xe0, 0xf, 0x78, 0x0, 0x40, 0x3c, 0x20, 0x3,
    0x0, 0xf1, 0x80, 0x4, 0x3, 0xcc, 0x0, 0x60,
    0xf, 0x8, 0x0, 0xc0, 0x3c, 0x60, 0x1, 0x0,
    0xf0, 0x80, 0x7e, 0x10, 0xc, 0x40, 0x18, 0xc0,
    0x30, 0x80, 0x61, 0x0, 0xce, 0x1, 0x98, 0x3,
    0x10, 0x6, 0x30, 0xc, 0x20, 0x18, 0x40, 0x36,
    0x33, 0x6c, 0x0, 0xc9, 0x33, 0x90, 0x3, 0xff,
    0xac, 0x99, 0xfe, 0xc4, 0x0, 0x96, 0xcc, 0x0,
    0x76, 0x80, 0xb, 0x0, 0xf5, 0x1, 0x8, 0x7,
    0x84, 0x84, 0x3, 0xf8, 0xc0, 0x3f, 0x10, 0x30,
    0x7, 0x98, 0x1, 0x2a, 0x1, 0x96, 0x40, 0x2a,
    0xd9, 0x96, 0xd0, 0x0,

    /* U+FF02 "＂" */
    0x0, 0xff, 0xe5, 0xff, 0xfc, 0xa0, 0x19, 0x7f,
    0xfe, 0x0, 0xff, 0xe9, 0x88, 0x6, 0x10, 0xf,
    0xe1, 0x0, 0xff, 0xe3, 0x8, 0x7, 0xf3, 0x80,
    0x67, 0x0, 0xfe, 0x30, 0xf, 0x8, 0x6, 0x10,
    0xf, 0x18, 0x7, 0xff, 0x31, 0x80, 0x3c, 0x40,
    0x18, 0x80, 0x3c, 0xc0, 0x2, 0x0, 0xe1, 0x0,
    0xf0, 0x80, 0x71, 0x0, 0x38, 0x3, 0x88, 0x3,
    0xc4, 0x1, 0xdc, 0x0, 0x30, 0xe, 0x50, 0xf,
    0x28, 0x7, 0x18, 0x1, 0x80, 0x3b, 0x80, 0x3d,
    0xc0, 0x1c, 0xc0, 0x2, 0x0, 0xe2, 0x0, 0xf1,
    0x0, 0x71, 0x0, 0x42, 0x1, 0x98, 0x3, 0xcc,
    0x1, 0x84, 0x3, 0x28, 0x6, 0x30, 0xf, 0x18,
    0x6, 0x50, 0xc, 0x40, 0x10, 0x80, 0x7e, 0x10,
    0x8, 0x80, 0x37, 0x0, 0x44, 0x1, 0xf8, 0x80,
    0x2e, 0x0, 0xc6, 0x7a, 0xc0, 0x3f, 0x59, 0x9e,
    0x0, 0x0,

    /* U+FF03 "＃" */
    0x0, 0xff, 0x8c, 0xe2, 0x0, 0xfc, 0x67, 0x10,
    0x7, 0xff, 0x15, 0xb3, 0x29, 0x0, 0xf8, 0xf3,
    0x30, 0x7, 0xff, 0x17, 0x80, 0x22, 0x0, 0xf9,
    0x80, 0x22, 0x0, 0xff, 0xe2, 0x90, 0x5, 0xc0,
    0x1f, 0x10, 0x4, 0xc0, 0x1f, 0xfc, 0x56, 0x0,
    0x88, 0x3, 0xee, 0x0, 0x88, 0x3, 0xff, 0x8a,
    0x40, 0x13, 0x0, 0x7c, 0x40, 0x17, 0x0, 0x7f,
    0xf1, 0x44, 0x2, 0x20, 0xf, 0x98, 0x2, 0x20,
    0xf, 0xfe, 0x21, 0x0, 0x61, 0x0, 0xf8, 0x80,
    0x26, 0x0, 0xff, 0xe2, 0x30, 0x4, 0x40, 0x1f,
    0x8, 0x6, 0x20, 0xf, 0xcb, 0x33, 0xf4, 0x0,
    0x47, 0x33, 0xf5, 0x80, 0x69, 0x9f, 0x90, 0x35,
    0x9b, 0xe3, 0x0, 0x85, 0x9b, 0xe5, 0x0, 0xcc,
    0xdf, 0x18, 0x7, 0xff, 0xfc, 0x3, 0xff, 0x9c,
    0x21, 0x1f, 0xff, 0x0, 0x6d, 0xff, 0xf8, 0x80,
    0x2a, 0xff, 0xf9, 0x80, 0x3f, 0x10, 0x6, 0x20,
    0xf, 0x88, 0x2, 0x60, 0xf, 0xfe, 0x23, 0x0,
    0x42, 0x1, 0xf0, 0x80, 0x62, 0x0, 0xff, 0xe2,
    0x10, 0x4, 0x40, 0x1f, 0x10, 0x6, 0x10, 0xf,
    0xfe, 0x27, 0x0, 0x4c, 0x1, 0xf3, 0x0, 0x42,
    0x1, 0xff, 0xc5, 0x20, 0x8, 0x80, 0x3e, 0x20,
    0x8, 0x80, 0x3f, 0xf8, 0xac, 0x1, 0x70, 0x7,
    0xdc, 0x1, 0x30, 0x7, 0xff, 0x14, 0x80, 0x22,
    0x0, 0xf8, 0x80, 0x22, 0x0, 0xfe, 0x68, 0x8f,
    0x84, 0x2, 0xe8, 0x8f, 0x94, 0x2, 0x38, 0x8f,
    0x84, 0x29, 0xdf, 0xe0, 0xc, 0xae, 0xff, 0x8,
    0x4, 0x8e, 0xff, 0x18, 0x7, 0xff, 0xfc, 0x3,
    0xff, 0xa1, 0x9f, 0xfe, 0x60, 0x9, 0xbf, 0xfe,
    0xa0, 0x8, 0xbf, 0xff, 0x10, 0x7, 0xe2, 0x0,
    0xb8, 0x3, 0xe2, 0x0, 0x98, 0x3, 0xff, 0x8a,
    0xc0, 0x10, 0x80, 0x7d, 0xc0, 0x11, 0x0, 0x7f,
    0xf1, 0x48, 0x2, 0x20, 0xf, 0x94, 0x2, 0xe0,
    0xf, 0xfe, 0x20, 0x80, 0x66, 0x0, 0xf8, 0x80,
    0x22, 0x0, 0xff, 0xe2, 0x10, 0x6, 0x20, 0xf,
    0x84, 0x2, 0x60, 0xf, 0xfe, 0x23, 0x0, 0x42,
    0x1, 0xf1, 0x0, 0x62, 0x0, 0xff, 0xe2, 0x10,
    0x4, 0x40, 0x1f, 0x30, 0x6, 0x10, 0xf, 0xfe,
    0x27, 0x0, 0x4c, 0x1, 0xf1, 0x0, 0x44, 0x1,
    0xff, 0xc5, 0xe4, 0x4b, 0x0, 0x3e, 0x34, 0x49,
    0x40, 0x3f, 0xe0,

    /* U+FF04 "＄" */
    0x0, 0xff, 0xe0, 0x77, 0xfd, 0x80, 0x1f, 0xff,
    0xf0, 0xf, 0xff, 0xf8, 0x7, 0xf0, 0xac, 0xe0,
    0x80, 0x47, 0x90, 0xa0, 0x1f, 0xfc, 0x22, 0xae,
    0xa6, 0x30, 0xe, 0x37, 0xaf, 0xa2, 0x0, 0xff,
    0x3e, 0xa8, 0x7, 0xff, 0x5, 0x76, 0x84, 0x3,
    0xe9, 0x80, 0xf, 0xfe, 0x2a, 0xfa, 0x0, 0x73,
    0xb0, 0x7, 0xff, 0x1c, 0x6d, 0xc0, 0x21, 0x80,
    0xf, 0xc2, 0x68, 0x62, 0x1, 0xfd, 0x40, 0x14,
    0x80, 0x7c, 0xdb, 0xd9, 0x79, 0xdc, 0x93, 0x0,
    0xe1, 0xc0, 0x9, 0x80, 0x3d, 0x52, 0x40, 0x1c,
    0x2d, 0x98, 0x30, 0xb, 0x44, 0x0, 0x22, 0x0,
    0xe3, 0x50, 0xf, 0xf1, 0xe4, 0x5, 0x18, 0x4,
    0x40, 0x1e, 0x50, 0xf, 0xfe, 0xb, 0xf2, 0x80,
    0x7f, 0xc6, 0x1, 0xff, 0xc2, 0x10, 0xe, 0x10,
    0xf, 0x29, 0x80, 0x7f, 0xf1, 0xc8, 0x3, 0xec,
    0x70, 0xf, 0xfe, 0x3a, 0x80, 0x7d, 0x1c, 0xe2,
    0x1, 0xff, 0xc4, 0x80, 0xf, 0xc3, 0x1d, 0x6c,
    0x20, 0x1f, 0xfc, 0x12, 0x90, 0xf, 0xf2, 0x4f,
    0x5a, 0x80, 0x7f, 0xf0, 0x1a, 0x40, 0x3f, 0xf8,
    0x9, 0x5d, 0x2, 0x1, 0xfe, 0x6b, 0x20, 0xf,
    0xfe, 0x0, 0xbf, 0x48, 0x7, 0xf9, 0x36, 0x4,
    0x3, 0xff, 0x82, 0xdc, 0x60, 0x1f, 0xe7, 0xea,
    0x40, 0xf, 0xfe, 0x0, 0xe2, 0x0, 0x7f, 0xcb,
    0x7d, 0x4, 0x1, 0xff, 0x50, 0x80, 0x7f, 0xf0,
    0x5, 0xf7, 0x4e, 0x20, 0x1f, 0x86, 0x80, 0x3f,
    0xf8, 0x65, 0x1d, 0x44, 0x1, 0xf2, 0x8, 0x7,
    0xff, 0x15, 0x75, 0xc0, 0x3e, 0x40, 0xf, 0xfe,
    0x3c, 0x28, 0x7, 0x88, 0x3, 0xff, 0x91, 0xc0,
    0x1e, 0xf0, 0x9, 0x40, 0x3f, 0xf9, 0x7e, 0x0,
    0x4a, 0xc2, 0x0, 0xff, 0xe1, 0x60, 0x7, 0x8c,
    0x1, 0x40, 0x7b, 0x2, 0x1, 0xff, 0x1b, 0x80,
    0x79, 0x42, 0x44, 0x2, 0x7e, 0xa5, 0x10, 0xf,
    0x14, 0x60, 0x7, 0x94, 0x51, 0x80, 0x3c, 0xb5,
    0xdc, 0xdb, 0xcc, 0x7e, 0xb8, 0x7, 0xd0, 0x2,
    0x1, 0xfe, 0x12, 0x43, 0x30, 0x7, 0xf4, 0x10,
    0x2e, 0x90, 0x7, 0xff, 0x25, 0xdc, 0x1, 0x16,
    0xc8, 0x80, 0x7f, 0xf1, 0x46, 0xa0, 0x3, 0xcd,
    0xd4, 0x80, 0x1f, 0xfc, 0x11, 0x7f, 0x50, 0xf,
    0xe5, 0xbf, 0xb7, 0x42, 0x0, 0xe4, 0x7b, 0xe8,
    0x10, 0xf, 0xfe, 0xa, 0x45, 0xe8, 0x80, 0x47,
    0x70, 0x80, 0x1f, 0xff, 0xf0, 0xf, 0xff, 0xe8,

    /* U+FF05 "％" */
    0x0, 0xe1, 0x7b, 0xcc, 0x53, 0x8, 0x7, 0xff,
    0x12, 0x77, 0x67, 0x0, 0xff, 0xe1, 0x47, 0x42,
    0x19, 0x96, 0x79, 0xc0, 0x3f, 0xf8, 0x46, 0xc4,
    0x52, 0x80, 0x7f, 0xf0, 0x6d, 0xc0, 0x3f, 0x45,
    0x0, 0x7f, 0xf0, 0x60, 0x2, 0x62, 0x0, 0xff,
    0xe0, 0x4a, 0x0, 0x7f, 0x96, 0x0, 0x3f, 0xe3,
    0x40, 0xa, 0x0, 0x3f, 0xf8, 0x6, 0xc0, 0x19,
    0x73, 0xa, 0x1, 0x9c, 0xc0, 0x3f, 0xde, 0x1,
    0x38, 0x80, 0x7f, 0xf0, 0x20, 0x3, 0x35, 0x19,
    0xa9, 0x80, 0x34, 0x80, 0x7f, 0x21, 0x80, 0x52,
    0x1, 0xff, 0xc0, 0x14, 0x0, 0xd2, 0x1, 0xa4,
    0x3, 0x28, 0x7, 0xf4, 0x0, 0x50, 0x20, 0x1f,
    0xfc, 0x4, 0x0, 0xca, 0x1, 0xe5, 0x0, 0xc8,
    0x1, 0xf2, 0x98, 0x0, 0x5c, 0x3, 0xff, 0x83,
    0xa0, 0x1b, 0x40, 0x3d, 0xa0, 0x18, 0xc0, 0x3e,
    0x80, 0xa, 0x0, 0x3f, 0xf8, 0x44, 0x1, 0x88,
    0x3, 0xc4, 0x1, 0xb8, 0x3, 0xca, 0x40, 0x1,
    0x60, 0xf, 0xfe, 0x10, 0x80, 0x61, 0x0, 0xf0,
    0x80, 0x63, 0x0, 0xf4, 0x0, 0x50, 0x1, 0xff,
    0xc8, 0x70, 0xf, 0x38, 0x6, 0x10, 0xe, 0x62,
    0x0, 0x13, 0x0, 0x7f, 0xf2, 0x1c, 0x3, 0xce,
    0x1, 0x84, 0x3, 0xa0, 0x2, 0x80, 0xf, 0xfe,
    0x20, 0x80, 0x61, 0x0, 0xf0, 0x80, 0x63, 0x0,
    0xce, 0x20, 0x3, 0x50, 0xf, 0xfe, 0x21, 0x0,
    0x62, 0x0, 0xf1, 0x0, 0x6e, 0x0, 0xd2, 0x1,
    0x40, 0x7, 0x91, 0x54, 0x80, 0x1f, 0x60, 0x6,
    0xd0, 0xf, 0x68, 0x6, 0x30, 0xa, 0x4, 0x0,
    0x68, 0x1, 0x15, 0x7d, 0xd5, 0x2f, 0xe8, 0x40,
    0x32, 0x80, 0x65, 0x10, 0xc, 0x2a, 0x1, 0x90,
    0x0, 0x2e, 0x1, 0x78, 0x4, 0xba, 0xa0, 0x1e,
    0x5e, 0x40, 0x8, 0x54, 0x3, 0x40, 0x6, 0x80,
    0xc, 0xc0, 0x14, 0x80, 0x48, 0x60, 0x4, 0xa0,
    0xf, 0xf5, 0xa0, 0x5, 0x20, 0x19, 0xa8, 0xcd,
    0x4c, 0x1, 0xac, 0x0, 0x2e, 0x1, 0x40, 0x0,
    0x68, 0x3, 0x91, 0x0, 0x1d, 0x40, 0x11, 0xb0,
    0x6, 0x5c, 0xc2, 0x80, 0x67, 0x20, 0x4, 0x0,
    0x4a, 0x60, 0x8, 0x10, 0x8, 0xb6, 0xed, 0xa2,
    0x1, 0xc, 0x0, 0x52, 0x80, 0x1f, 0xe4, 0x80,
    0x1, 0x30, 0x5, 0x0, 0x13, 0x0, 0x6f, 0x20,
    0x1, 0x68, 0x6, 0x60, 0xd, 0x6e, 0x1, 0xf9,
    0xec, 0x2, 0x80, 0x9, 0x88, 0x0, 0x80, 0x19,
    0x8, 0x3, 0x19, 0x80, 0x21, 0x30, 0xd, 0x1a,
    0xe6, 0x44, 0x47, 0xd8, 0x0, 0x89, 0x40, 0x28,
    0x0, 0xb0, 0x3, 0x60, 0x7, 0x90, 0x3, 0x20,
    0x7, 0x14, 0x66, 0xea, 0xe0, 0x80, 0x34, 0x0,
    0x4c, 0x20, 0x11, 0x80, 0x63, 0x0, 0xf7, 0x0,
    0x6e, 0x0, 0xff, 0xe2, 0x1a, 0x80, 0x50, 0x1,
    0x9c, 0x3, 0x38, 0x7, 0x88, 0x3, 0x10, 0x7,
    0xff, 0x12, 0x0, 0x27, 0x10, 0xc, 0x20, 0x18,
    0x40, 0x3f, 0xe7, 0x0, 0xff, 0xe1, 0xa2, 0x0,
    0x3, 0x0, 0x1f, 0xfc, 0xa7, 0x0, 0xff, 0xe1,
    0xc0, 0x5, 0x20, 0x1e, 0x10, 0xc, 0x20, 0x1f,
    0xf0, 0x80, 0x7f, 0xf0, 0x90, 0xc0, 0x2, 0xe0,
    0x1e, 0x60, 0xc, 0xc0, 0x1e, 0x20, 0xc, 0x60,
    0x1f, 0xfc, 0x29, 0x0, 0xa0, 0x3, 0xed, 0x0,
    0xda, 0x1, 0xef, 0x0, 0xde, 0x1, 0xff, 0xc1,
    0x52, 0x0, 0x13, 0x0, 0x7c, 0x80, 0x19, 0x0,
    0x3c, 0x80, 0x19, 0x0, 0x3f, 0xf8, 0x30, 0x1,
    0x40, 0x7, 0xe3, 0x20, 0x8, 0xd4, 0x3, 0x31,
    0x0, 0x46, 0x40, 0x1f, 0xfc, 0x6, 0x20, 0x1,
    0x28, 0x7, 0xf5, 0x80, 0x6a, 0x40, 0x2, 0xc8,
    0x6, 0x90, 0xf, 0xfe, 0xc, 0x0, 0x50, 0x1,
    0xfe, 0x63, 0x0, 0xd7, 0xdc, 0xa0, 0xc, 0x6a,
    0x1, 0xff, 0xc0, 0x61, 0x0, 0x1a, 0x80, 0x7f,
    0xdc, 0x20, 0x18, 0x44, 0x1, 0x87, 0x40, 0x3f,
    0xf8, 0x30, 0x1, 0x40, 0x7, 0xff, 0x0, 0xb0,
    0xc0, 0x3f, 0x1f, 0x88, 0x7, 0xff, 0x1, 0xc4,
    0x0, 0x88, 0x0, 0xff, 0xe0, 0x96, 0x49, 0x80,
    0x63, 0xac, 0x10, 0xf, 0xfe, 0xb, 0x6e, 0xd6,
    0x1, 0xff, 0xc4, 0x6c, 0xfe, 0xe7, 0xe2, 0x80,
    0x70,

    /* U+FF06 "＆" */
    0x0, 0xff, 0xe0, 0x88, 0x80, 0x3f, 0xfa, 0x9,
    0x5d, 0xfd, 0xcf, 0xd8, 0x20, 0xf, 0xfe, 0x50,
    0xd5, 0xa8, 0x80, 0x62, 0x7d, 0x80, 0xf, 0xfe,
    0x40, 0xfa, 0x80, 0x7f, 0x9e, 0x80, 0x3f, 0xf8,
    0xfa, 0x20, 0x1f, 0xfc, 0x5, 0x70, 0xf, 0xfe,
    0x2b, 0x98, 0x7, 0x1b, 0xb1, 0x0, 0x74, 0x0,
    0x7f, 0xf1, 0x64, 0x3, 0xab, 0x22, 0x75, 0x0,
    0x39, 0x40, 0x3f, 0xf8, 0x64, 0x20, 0x19, 0x54,
    0x1, 0xa8, 0x3, 0x88, 0x3, 0xff, 0x86, 0xe0,
    0x1d, 0xe0, 0x1c, 0x24, 0x1, 0xb8, 0x3, 0xff,
    0x86, 0x60, 0x1c, 0xc0, 0x1f, 0xf0, 0x80, 0x7f,
    0xf2, 0x58, 0x3, 0xc4, 0x1, 0xb8, 0x3, 0xff,
    0x86, 0x40, 0x1d, 0xa0, 0x1d, 0x0, 0x1c, 0x80,
    0x1f, 0xfc, 0x35, 0x0, 0xe6, 0x0, 0xca, 0xe0,
    0x18, 0xc8, 0x3, 0xff, 0x86, 0x26, 0x1, 0x85,
    0xc0, 0xf, 0x40, 0x1d, 0xe0, 0x1f, 0xfc, 0x5a,
    0x0, 0xe8, 0x4b, 0x80, 0xe, 0x93, 0x0, 0xff,
    0xe2, 0xb0, 0x80, 0x75, 0xa0, 0x7, 0x43, 0x0,
    0x7f, 0xf1, 0xec, 0x3, 0xfe, 0x97, 0x0, 0xff,
    0xe4, 0x29, 0x0, 0x7e, 0x3d, 0x60, 0xf, 0x2e,
    0x67, 0x50, 0x7, 0xe7, 0x20, 0xf, 0xd8, 0x40,
    0x1f, 0x61, 0x9f, 0x80, 0x3c, 0x37, 0x0, 0x1f,
    0xd4, 0x1, 0xf9, 0x40, 0x3b, 0x0, 0x38, 0xb1,
    0x0, 0x3f, 0xcb, 0x60, 0x1f, 0x18, 0x7, 0x20,
    0x6, 0x1c, 0x20, 0xf, 0xfe, 0x2, 0x69, 0x0,
    0x66, 0x0, 0xe4, 0x10, 0xd, 0xa2, 0x1, 0xcd,
    0xee, 0x1, 0xe2, 0xc3, 0x0, 0xb4, 0x3, 0xb8,
    0x3, 0x39, 0x80, 0x73, 0xc8, 0x43, 0x0, 0x78,
    0x71, 0x80, 0xd0, 0x3, 0x94, 0x3, 0x48, 0x7,
    0x2c, 0x0, 0x52, 0xe0, 0x1f, 0x4c, 0x78, 0x7,
    0x38, 0x6, 0x41, 0x0, 0xe8, 0x0, 0xe8, 0x80,
    0x7, 0xce, 0x60, 0x1d, 0x20, 0x18, 0x80, 0x38,
    0x88, 0x1, 0xe7, 0x90, 0xf, 0xfe, 0x3, 0x88,
    0x6, 0x10, 0xe, 0x10, 0xf, 0xcd, 0x60, 0x1f,
    0xe1, 0x90, 0xf, 0xf8, 0x80, 0x3f, 0x93, 0x48,
    0x3, 0xf0, 0x88, 0x3, 0x88, 0x3, 0x85, 0x0,
    0x3f, 0x8b, 0xc0, 0x3f, 0xb9, 0x0, 0x32, 0x0,
    0x7a, 0x8c, 0x3, 0xf1, 0x78, 0x7, 0xf0, 0xdc,
    0x88, 0x0, 0x4c, 0x3, 0x87, 0x24, 0xc0, 0x31,
    0xce, 0x90, 0x7, 0xfc, 0xde, 0xc0, 0x8, 0x0,
    0xf9, 0xb3, 0xfb, 0x9f, 0x8c, 0x1, 0xff, 0xc2,
    0x18, 0x10, 0x46, 0x0, 0xfe, 0x11, 0x0, 0x7f,
    0x39, 0x0, 0x7d, 0x2, 0x0, 0x95, 0x0, 0xff,
    0xe2, 0x8e, 0x46, 0xb0, 0x7, 0x13, 0x0, 0x6a,
    0x90, 0xf, 0xfe, 0x1a, 0xf9, 0x80, 0x26, 0xc8,
    0x2, 0x90, 0xf, 0x37, 0x41, 0x0, 0x7f, 0xb,
    0x6d, 0x8, 0x6, 0x4d, 0x70, 0x44, 0x0, 0x7c,
    0x2f, 0xbd, 0x73, 0xf, 0x13, 0x7b, 0xd2, 0x40,
    0x1f, 0xa3, 0x64, 0x2,

    /* U+FF07 "＇" */
    0x0, 0xfd, 0xdf, 0xfe, 0x70, 0xf, 0x84, 0xc0,
    0x3f, 0xf8, 0x62, 0x1, 0xe3, 0x0, 0xfc, 0xe0,
    0x1e, 0x12, 0x0, 0xf3, 0x70, 0x7, 0x88, 0x80,
    0x1c, 0x20, 0xc0, 0x1c, 0x40, 0x60, 0x1c, 0xa0,
    0x1, 0x0, 0xdc, 0x0, 0x20, 0xc, 0x40, 0x6,
    0x0, 0xcc, 0x0, 0x20, 0xc, 0x60, 0xd, 0x0,
    0x84, 0x2, 0x73, 0x39, 0xc0, 0x0,

    /* U+FF08 "（" */
    0x0, 0xff, 0x8, 0x7, 0xff, 0x5, 0xba, 0xd0,
    0x3, 0xfc, 0x92, 0x9, 0x7a, 0xa0, 0x1f, 0x1d,
    0x80, 0x62, 0x60, 0xf, 0xb8, 0x3, 0xa8, 0xc0,
    0x3d, 0x24, 0x1, 0x9d, 0x40, 0x3c, 0x8c, 0x1,
    0x8e, 0x0, 0x3e, 0x90, 0xe, 0xe0, 0xf, 0x98,
    0x80, 0x34, 0x10, 0x7, 0xd0, 0x1, 0x85, 0xc0,
    0x3e, 0x61, 0x0, 0xd0, 0x1, 0xfa, 0xc0, 0x31,
    0x30, 0x7, 0xc4, 0x40, 0xd, 0x40, 0x1f, 0xa8,
    0x3, 0x98, 0x3, 0xf3, 0x0, 0x64, 0x10, 0xf,
    0x88, 0x40, 0x37, 0x0, 0x7e, 0x40, 0xe, 0x40,
    0xf, 0xde, 0x1, 0x88, 0x40, 0x3f, 0x28, 0x6,
    0x70, 0xf, 0xe2, 0x0, 0xc4, 0x1, 0xfc, 0x20,
    0x1b, 0x80, 0x3f, 0x8, 0x7, 0x18, 0x7, 0xe3,
    0x0, 0xe1, 0x0, 0xff, 0xed, 0x18, 0x7, 0xff,
    0x20, 0x40, 0x3f, 0x8, 0x7, 0x10, 0x7, 0xf1,
    0x0, 0x6e, 0x0, 0xfe, 0x60, 0xc, 0xa0, 0x1f,
    0xc6, 0x1, 0x8c, 0x3, 0xfb, 0x40, 0x38, 0xc0,
    0x3f, 0x20, 0x7, 0x58, 0x7, 0xe1, 0x30, 0xc,
    0xc0, 0x1f, 0xd4, 0x1, 0x85, 0x0, 0x3f, 0x30,
    0x7, 0x70, 0x7, 0xf2, 0x80, 0x65, 0x20, 0xf,
    0xd2, 0x1, 0xd0, 0x1, 0xf8, 0xd4, 0x3, 0x29,
    0x0, 0x7e, 0x80, 0xe, 0xe0, 0xf, 0xc4, 0xc0,
    0x18, 0xdc, 0x3, 0xf4, 0x8, 0x6, 0x82, 0x0,
    0xf8, 0x68, 0x3, 0xbc, 0x40, 0x3e, 0x47, 0x0,
    0xc5, 0x40, 0x1f, 0xa1, 0x0, 0x32, 0x40, 0x7,
    0xeb, 0x20, 0x1, 0x4c, 0x0, 0x7f, 0x62, 0xde,
    0xb0, 0x0,

    /* U+FF09 "）" */
    0x0, 0xc2, 0x1, 0xff, 0xc0, 0x4b, 0xe6, 0x0,
    0xfe, 0x5d, 0xb4, 0x9, 0x50, 0xf, 0xcc, 0x40,
    0x1a, 0x8c, 0x3, 0xe3, 0xa0, 0xe, 0xe0, 0xf,
    0xca, 0xe0, 0x18, 0xa4, 0x3, 0xf4, 0x18, 0x6,
    0x64, 0x0, 0xfd, 0xc0, 0x1d, 0x20, 0x1f, 0x8a,
    0x0, 0x31, 0x30, 0x7, 0xe7, 0x10, 0xd, 0x0,
    0x1f, 0xd0, 0x1, 0x85, 0x80, 0x3f, 0x31, 0x0,
    0x6a, 0x0, 0xfe, 0xa0, 0xc, 0x64, 0x1, 0xf9,
    0x80, 0x3a, 0x80, 0x3f, 0xa, 0x0, 0x66, 0x0,
    0xfe, 0xd0, 0xc, 0x24, 0x1, 0xf9, 0xc0, 0x39,
    0x0, 0x3f, 0x9, 0x0, 0x6f, 0x0, 0xfe, 0x60,
    0xc, 0xa0, 0x1f, 0xc6, 0x1, 0x88, 0x3, 0xfb,
    0x80, 0x30, 0x80, 0x7f, 0x18, 0x7, 0x8, 0x7,
    0xe1, 0x0, 0xe3, 0x0, 0xff, 0xf0, 0x18, 0x7,
    0xe2, 0x0, 0xff, 0xe1, 0x8, 0x7, 0x8, 0x7,
    0xee, 0x0, 0xc4, 0x1, 0xfc, 0xa0, 0x19, 0x80,
    0x3f, 0x8c, 0x3, 0x18, 0x7, 0xe3, 0x0, 0xec,
    0x0, 0xfd, 0x60, 0x1c, 0x80, 0x1f, 0x98, 0x3,
    0x18, 0x7, 0xe4, 0x10, 0xd, 0x40, 0x1f, 0xb8,
    0x3, 0x98, 0x3, 0xe2, 0x50, 0xc, 0xa0, 0x1f,
    0xa0, 0x3, 0xa4, 0x3, 0xe3, 0x50, 0xc, 0xa6,
    0x1, 0xf7, 0x80, 0x74, 0x0, 0x7c, 0xe6, 0x1,
    0x98, 0x80, 0x3c, 0x70, 0x1, 0x86, 0x0, 0x3c,
    0x3c, 0x1, 0xd4, 0x20, 0x1e, 0xa2, 0x0, 0xcc,
    0x80, 0x1e, 0x84, 0x0, 0xc9, 0x20, 0x1f, 0x44,
    0x90, 0x0, 0xac, 0x3, 0xf9, 0xb6, 0xd7, 0x0,
    0x3f, 0x80,

    /* U+FF0A "＊" */
    0x0, 0xff, 0xe1, 0xe7, 0xfb, 0x80, 0x3f, 0xfa,
    0x62, 0x0, 0x10, 0xf, 0xff, 0xb1, 0x80, 0x42,
    0x1, 0xff, 0xf5, 0x10, 0x8, 0xc0, 0x3f, 0xfd,
    0x2, 0x1, 0xff, 0xc4, 0x10, 0xf, 0xfe, 0x0,
    0x80, 0x51, 0xd0, 0x1, 0xff, 0xce, 0x6e, 0xa0,
    0x0, 0xb8, 0x3f, 0x30, 0x7, 0xe1, 0x0, 0xce,
    0x1, 0xf9, 0x76, 0x45, 0x10, 0x16, 0x1, 0xc,
    0xea, 0x80, 0x7f, 0xf1, 0x93, 0x28, 0x80, 0x29,
    0x9, 0x30, 0xc, 0x55, 0x88, 0x1, 0x8c, 0x3,
    0x8, 0x6, 0x3b, 0xb1, 0x80, 0x61, 0x90, 0x3c,
    0x90, 0xe, 0x3b, 0xb1, 0x80, 0x7f, 0x8a, 0xb1,
    0x0, 0x39, 0xf9, 0x0, 0x26, 0xe5, 0x0, 0xe4,
    0xca, 0x21, 0x0, 0xe1, 0x9d, 0x50, 0xe, 0x3d,
    0x80, 0xf, 0xd, 0x59, 0x0, 0x72, 0xec, 0x0,
    0x69, 0xe6, 0x0, 0xe1, 0x9c, 0x20, 0xf, 0xe4,
    0xd7, 0x0, 0xf2, 0x0, 0x63, 0x0, 0xf2, 0xfb,
    0x0, 0x7f, 0xf0, 0x63, 0x4c, 0x3, 0xff, 0x84,
    0x57, 0x42, 0x1, 0xff, 0xc3, 0x2c, 0x91, 0x0,
    0xff, 0xa3, 0x50, 0x3, 0xff, 0x8e, 0xde, 0x20,
    0x1f, 0xd8, 0xe0, 0x1f, 0xfc, 0x94, 0xc1, 0x0,
    0xfe, 0xd5, 0x0, 0xff, 0xe3, 0x8d, 0x59, 0x0,
    0x7f, 0x86, 0xac, 0x80, 0x3f, 0xf8, 0x8d, 0xea,
    0x1, 0xff, 0xc2, 0x4d, 0x80, 0xf, 0xfe, 0x9,
    0x64, 0x88, 0x7, 0x18, 0x6, 0x20, 0xf, 0x3e,
    0xa0, 0x7, 0xfa, 0x34, 0xc0, 0x38, 0xf3, 0xc0,
    0x35, 0xea, 0x80, 0x71, 0x5d, 0x8, 0x7, 0x97,
    0x9c, 0x3, 0x8a, 0xf0, 0xc0, 0x38, 0xca, 0xb1,
    0x0, 0x39, 0x79, 0x80, 0x22, 0xba, 0x10, 0xc,
    0x35, 0xa8, 0x0, 0x10, 0xf, 0x8e, 0xec, 0x60,
    0x1d, 0x38, 0x61, 0x8, 0x1, 0x86, 0x39, 0x40,
    0x3f, 0x84, 0x3, 0x26, 0x51, 0x0, 0x63, 0xe0,
    0x80, 0xc, 0xfc, 0xe0, 0x1e, 0x30, 0xf, 0xf9,
    0x76, 0x44, 0x2, 0x80, 0x27, 0x6, 0xe8, 0x0,
    0xfc, 0x20, 0x19, 0xc0, 0x3f, 0x37, 0x38, 0x22,
    0x80, 0x27, 0x64, 0x40, 0x3f, 0xf9, 0xb1, 0xd2,
    0x1, 0x9, 0x0, 0x7f, 0xf1, 0x4, 0x3, 0xfe,
    0x12, 0x0, 0xff, 0xf4, 0x8, 0x4, 0x60, 0x1f,
    0xff, 0x53, 0x0, 0x84, 0x3, 0xff, 0xea, 0x20,
    0x1f, 0xfd, 0x6c, 0xff, 0x80, 0x3f, 0xf8, 0x80,

    /* U+FF0B "＋" */
    0x0, 0xff, 0xe2, 0x11, 0x60, 0xf, 0xfe, 0x9b,
    0xee, 0xe7, 0x0, 0xff, 0xff, 0x80, 0x7f, 0xff,
    0xc0, 0x3f, 0xff, 0xe0, 0x1f, 0xff, 0xf0, 0xf,
    0xff, 0xf8, 0x7, 0xff, 0xfc, 0x3, 0xff, 0xad,
    0x11, 0xff, 0xc2, 0xc0, 0xd, 0x91, 0x1f, 0xfc,
    0x20, 0x3, 0xbf, 0xff, 0x9, 0x0, 0x32, 0x3b,
    0xff, 0xf0, 0x80, 0x3f, 0xff, 0xe0, 0x1f, 0xfd,
    0x7a, 0xaf, 0xfe, 0x12, 0x80, 0x65, 0xaa, 0xff,
    0xe1, 0x0, 0x15, 0x7f, 0xf8, 0x5a, 0x1, 0xb5,
    0x57, 0xff, 0x84, 0x1, 0xff, 0xff, 0x0, 0xff,
    0xff, 0x80, 0x7f, 0xff, 0xc0, 0x3f, 0xff, 0xe0,
    0x1f, 0xff, 0xf0, 0xf, 0xff, 0xe8, 0x80, 0x61,
    0x0, 0xff, 0xe1, 0x80,

    /* U+FF0C "，" */
    0x0, 0xc4, 0xf3, 0x8, 0x1, 0xe9, 0xd8, 0x67,
    0xbb, 0x0, 0x68, 0x60, 0xe, 0x4a, 0x0, 0x9c,
    0x3, 0xe5, 0x20, 0x10, 0xf, 0xe5, 0x1, 0x0,
    0xfe, 0xd0, 0x1, 0x80, 0x7e, 0x10, 0x7, 0x8,
    0x7, 0xf8, 0xbd, 0x44, 0x3, 0x84, 0x2, 0x1a,
    0xed, 0x0, 0xda, 0x1, 0xe5, 0x0, 0xc8, 0x1,
    0xc5, 0x0, 0x11, 0x18, 0x6, 0x2f, 0x0, 0xd0,
    0x1, 0x9f, 0x48, 0x2, 0x45, 0x0, 0x47, 0x40,
    0x6, 0x2a, 0x0, 0x98, 0x40, 0x31, 0x60, 0x80,
    0x4c, 0x1, 0x97, 0x44, 0x3, 0x50, 0x0, 0xee,
    0x80, 0x3c, 0x53, 0xb8, 0x80, 0x1e,

    /* U+FF0D "－" */
    0xd, 0xdf, 0xfe, 0xb0, 0x0, 0x8b, 0xff, 0xac,
    0x1, 0xff, 0xff, 0x0, 0xff, 0xeb, 0xff, 0xff,
    0xf5, 0x80,

    /* U+FF0E "．" */
    0x0, 0x89, 0x9d, 0x40, 0x3d, 0x5b, 0x31, 0x5c,
    0xa0, 0x15, 0xa8, 0x6, 0x1a, 0x50, 0x44, 0x0,
    0x7d, 0x61, 0x80, 0x1f, 0x84, 0x84, 0x3, 0xf8,
    0x78, 0x3, 0xf8, 0x94, 0x3, 0xf2, 0x9, 0x48,
    0x7, 0x86, 0x80, 0xd, 0x66, 0x1, 0x37, 0x88,
    0x4, 0x99, 0xfd, 0xf2, 0x20, 0x0,

    /* U+FF0F "／" */
    0x0, 0xff, 0xef, 0xab, 0x0, 0x7f, 0xf7, 0xd6,
    0xa5, 0x40, 0x3f, 0xfb, 0xab, 0x40, 0x48, 0x1,
    0xff, 0xdc, 0x5a, 0x2, 0xc1, 0x0, 0xff, 0xed,
    0xad, 0x1, 0x60, 0x80, 0x7f, 0xf6, 0xd6, 0x80,
    0xb0, 0x40, 0x3f, 0xfb, 0x6b, 0x40, 0x58, 0x20,
    0x1f, 0xfd, 0xb5, 0xa0, 0x2c, 0x10, 0xf, 0xfe,
    0xda, 0xd0, 0x16, 0x8, 0x7, 0xff, 0x6d, 0x68,
    0xb, 0x4, 0x3, 0xff, 0xb6, 0xb4, 0x5, 0x82,
    0x1, 0xff, 0xdb, 0x5a, 0x2, 0xc1, 0x0, 0xff,
    0xed, 0xad, 0x1, 0x60, 0x80, 0x7f, 0xf6, 0xd6,
    0x80, 0xb0, 0x40, 0x3f, 0xfb, 0x6b, 0x40, 0x58,
    0x20, 0x1f, 0xfd, 0xb5, 0xa0, 0x2c, 0x10, 0xf,
    0xfe, 0xda, 0xd0, 0x16, 0x8, 0x7, 0xff, 0x6d,
    0x68, 0xb, 0x4, 0x3, 0xff, 0xb6, 0xb4, 0x5,
    0x82, 0x1, 0xff, 0xdb, 0x5a, 0x2, 0xc1, 0x0,
    0xff, 0xed, 0xad, 0x1, 0x60, 0x80, 0x7f, 0xf6,
    0xda, 0x80, 0xb0, 0x40, 0x3f, 0xfb, 0x6d, 0x20,
    0x58, 0x20, 0x1f, 0xfd, 0xb6, 0x90, 0x2c, 0x10,
    0xf, 0xfe, 0xdb, 0x48, 0x16, 0x8, 0x7, 0xff,
    0x6d, 0xa4, 0xb, 0x4, 0x3, 0xff, 0xb6, 0xd2,
    0x5, 0x82, 0x1, 0xff, 0xdb, 0x69, 0x2, 0xc1,
    0x0, 0xff, 0xed, 0xb4, 0x81, 0x60, 0x80, 0x7f,
    0xf6, 0xda, 0x40, 0xb0, 0x40, 0x3f, 0xfb, 0x6d,
    0x20, 0x58, 0x20, 0x1f, 0xfd, 0xb6, 0x90, 0x2c,
    0x10, 0xf, 0xfe, 0xdb, 0x48, 0x16, 0x8, 0x7,
    0xff, 0x6d, 0xa4, 0xb, 0x4, 0x3, 0xff, 0xb6,
    0xd2, 0x5, 0x82, 0x1, 0xff, 0xdb, 0x69, 0x2,
    0xc1, 0x0, 0xff, 0xed, 0xb4, 0x81, 0x60, 0x80,
    0x7f, 0xf6, 0xda, 0x40, 0xb0, 0x40, 0x3f, 0xfb,
    0x6d, 0x20, 0x58, 0x20, 0x1f, 0xfd, 0xb6, 0x90,
    0x2c, 0x10, 0xf, 0xfe, 0xdb, 0x48, 0x16, 0x8,
    0x7, 0xff, 0x6d, 0xa4, 0xb, 0x4, 0x3, 0xff,
    0xb6, 0xd2, 0x5, 0x82, 0x1, 0xff, 0xdb, 0x59,
    0x2, 0xc1, 0x0, 0xff, 0xee, 0x21, 0x13, 0x4,
    0x3, 0xff, 0xba, 0x39, 0x81, 0x0, 0xff, 0xef,
    0x0,

    /* U+FF10 "０" */
    0x0, 0xff, 0xe0, 0x88, 0x80, 0x3f, 0xf9, 0x22,
    0xd7, 0xdf, 0xdc, 0xfe, 0xb6, 0x10, 0xf, 0xfe,
    0x1c, 0x74, 0xa0, 0x80, 0x61, 0x49, 0xe8, 0x0,
    0xff, 0xe0, 0x16, 0xb8, 0x7, 0xff, 0x1, 0xf4,
    0x80, 0x3f, 0x8f, 0x48, 0x3, 0xff, 0x84, 0x5a,
    0x60, 0x1f, 0x16, 0x80, 0x7f, 0xf1, 0xb4, 0x40,
    0x3d, 0xc2, 0x1, 0xe1, 0x69, 0x93, 0x8, 0x7,
    0x86, 0x80, 0x39, 0x4c, 0x3, 0xd1, 0xd2, 0xcc,
    0x9e, 0x80, 0xf, 0x22, 0x80, 0x68, 0x0, 0xf5,
    0x38, 0x7, 0x9e, 0x40, 0x3d, 0x0, 0x12, 0x10,
    0x7, 0x2a, 0x80, 0x3f, 0x32, 0x0, 0x71, 0x20,
    0x3, 0x80, 0x3d, 0x20, 0x1f, 0xe8, 0x0, 0xf7,
    0x0, 0x14, 0x3, 0x8c, 0xc0, 0x1f, 0xe3, 0x20,
    0xe, 0x40, 0x20, 0xf, 0x20, 0x7, 0xff, 0x1,
    0x40, 0x38, 0x49, 0x0, 0x3d, 0xa0, 0x1f, 0xfc,
    0xd, 0x0, 0xf2, 0x70, 0x7, 0x9c, 0x3, 0xff,
    0x80, 0xe0, 0x1e, 0xe2, 0x0, 0xf1, 0x0, 0x7f,
    0xf0, 0x8, 0x3, 0xc4, 0x20, 0x1f, 0xfc, 0xe1,
    0x70, 0xe, 0x10, 0xf, 0xfe, 0x10, 0x80, 0x73,
    0x80, 0x7f, 0xf4, 0x4, 0x3, 0xff, 0x9e, 0x20,
    0x1f, 0xfc, 0xf7, 0x0, 0xe1, 0x0, 0xff, 0xe1,
    0x8, 0x7, 0x38, 0x80, 0x7f, 0xf3, 0x84, 0x80,
    0x3c, 0x40, 0x1f, 0xfc, 0x2, 0x0, 0xf1, 0x70,
    0x7, 0x98, 0x3, 0xff, 0x80, 0xc0, 0x1e, 0xe5,
    0x0, 0xf1, 0x80, 0x7f, 0xf0, 0x30, 0x3, 0xca,
    0x60, 0x1e, 0xb0, 0xf, 0xfe, 0x2, 0x0, 0x78,
    0xc1, 0x0, 0x38, 0xc4, 0x3, 0xfc, 0x46, 0x1,
    0xc8, 0x0, 0xd0, 0xf, 0x48, 0x7, 0xfa, 0x80,
    0x3d, 0xc0, 0x6, 0x10, 0xe, 0x72, 0x0, 0xfc,
    0x4e, 0x1, 0xc2, 0xa0, 0x13, 0x0, 0x7b, 0xc8,
    0x3, 0xc5, 0xe0, 0x1e, 0x90, 0xd, 0x2, 0x1,
    0xc5, 0xae, 0x20, 0x1, 0x7d, 0x20, 0xe, 0x17,
    0x0, 0xea, 0x0, 0xfa, 0x3b, 0xb4, 0x0, 0x7d,
    0x40, 0x1e, 0x48, 0x0, 0xfc, 0x22, 0x0, 0xfd,
    0x8, 0x1, 0xf3, 0xb8, 0x3, 0xff, 0x88, 0xee,
    0x0, 0xfe, 0x8a, 0x10, 0xf, 0xfe, 0x0, 0xdc,
    0x0, 0x7f, 0xcb, 0xd0, 0x40, 0x1f, 0x8a, 0x39,
    0x0, 0x3f, 0xf8, 0x4f, 0xba, 0x97, 0x66, 0x3c,
    0xee, 0x9c, 0x3, 0xf0,

    /* U+FF11 "１" */
    0x0, 0xff, 0xe0, 0x2d, 0x57, 0x18, 0x7, 0xff,
    0x18, 0x57, 0x29, 0x57, 0x9c, 0x3, 0xff, 0x84,
    0x4d, 0x39, 0xd4, 0x60, 0x1f, 0xfc, 0x61, 0xcf,
    0xd9, 0x63, 0x0, 0xff, 0xe4, 0x99, 0x80, 0x3f,
    0xff, 0xe0, 0x1f, 0x1a, 0x27, 0xe0, 0xf, 0xfe,
    0x38, 0xdd, 0xfe, 0x30, 0xf, 0xff, 0xf8, 0x7,
    0xff, 0xfc, 0x3, 0xff, 0xfe, 0x1, 0xff, 0xff,
    0x0, 0xff, 0xff, 0x80, 0x7f, 0xff, 0xc0, 0x3f,
    0xff, 0xe0, 0x1f, 0xff, 0xf0, 0xc, 0x77, 0x7f,
    0xe2, 0x0, 0xf4, 0x5d, 0xfe, 0xa7, 0x44, 0xff,
    0x8, 0x7, 0x8d, 0x13, 0xf8, 0x3, 0xff, 0xfe,
    0x1, 0xff, 0xd9,

    /* U+FF12 "２" */
    0x0, 0xff, 0xe0, 0x9, 0x8, 0x7, 0xff, 0x25,
    0x67, 0x7f, 0xb7, 0xbf, 0xa9, 0x84, 0x3, 0xff,
    0x85, 0x1d, 0x4c, 0x40, 0x1c, 0x2b, 0x3d, 0x22,
    0x1, 0xfe, 0x6e, 0x71, 0x0, 0xff, 0xe0, 0x37,
    0xa8, 0x7, 0xea, 0x91, 0x0, 0xff, 0xe1, 0x8d,
    0x28, 0x7, 0xe, 0x28, 0x7, 0xff, 0x1e, 0x8c,
    0x2, 0x1c, 0x30, 0xf, 0x89, 0x5d, 0xcc, 0x20,
    0x1f, 0xb8, 0x2, 0x22, 0x0, 0x78, 0xef, 0x6a,
    0x21, 0x3d, 0x42, 0x1, 0xe2, 0x50, 0x1, 0xd8,
    0x7, 0x3e, 0x20, 0x7, 0x97, 0x4, 0x3, 0xde,
    0x1, 0x26, 0x0, 0x55, 0x0, 0x1f, 0xc5, 0x0,
    0x1e, 0x40, 0xc, 0x78, 0x36, 0xa0, 0x1f, 0xf3,
    0x0, 0x78, 0x44, 0x1, 0x8f, 0x90, 0x3, 0xff,
    0x82, 0x60, 0x1e, 0x30, 0xf, 0xfe, 0x43, 0x80,
    0x7f, 0xf3, 0xd8, 0x3, 0xc6, 0x1, 0xff, 0xc7,
    0x12, 0x0, 0xe1, 0x10, 0x7, 0xff, 0x1d, 0x80,
    0x3c, 0x80, 0x1f, 0xfc, 0x71, 0x90, 0xf, 0x70,
    0x7, 0xff, 0x1e, 0x4, 0x3, 0x89, 0x0, 0x3f,
    0xf8, 0xc8, 0xc0, 0x1e, 0x80, 0xf, 0xfe, 0x31,
    0x50, 0x7, 0x8d, 0x40, 0x3f, 0xf8, 0xa3, 0xe2,
    0x1, 0xee, 0x0, 0xff, 0xe3, 0x69, 0x0, 0x7a,
    0x48, 0x3, 0xff, 0x8b, 0x86, 0x1, 0xe6, 0x60,
    0x7, 0xff, 0x10, 0x70, 0xc0, 0x3c, 0x92, 0x1,
    0xff, 0xc4, 0x1d, 0x30, 0xf, 0x1d, 0x80, 0x7f,
    0xf1, 0xb, 0xcc, 0x3, 0xc7, 0x80, 0x1f, 0xfc,
    0x44, 0xc1, 0x0, 0xf1, 0xe0, 0x7, 0xff, 0x11,
    0xac, 0x40, 0x3c, 0x98, 0x1, 0xff, 0xc4, 0x89,
    0x0, 0xf9, 0xac, 0x3, 0xff, 0x89, 0x6e, 0x1,
    0xf3, 0xc8, 0x7, 0xff, 0xc, 0xb5, 0x0, 0x3e,
    0x98, 0x0, 0xff, 0xe1, 0xa6, 0x90, 0x7, 0xc5,
    0x97, 0x9b, 0xdd, 0xfe, 0xa0, 0x7b, 0x0, 0xfe,
    0x25, 0x43, 0x21, 0x1f, 0xfe, 0x4, 0x0, 0x7f,
    0xff, 0xc0, 0x3f, 0xfa, 0xe0,

    /* U+FF13 "３" */
    0x0, 0xff, 0xe0, 0x89, 0x8, 0x7, 0xff, 0x20,
    0x5a, 0xb7, 0xfb, 0x7b, 0xfa, 0xdc, 0x80, 0x3f,
    0xf8, 0x25, 0x5d, 0x2a, 0x40, 0x1c, 0x29, 0x1b,
    0x86, 0x1, 0xfc, 0x35, 0xaa, 0x1, 0xff, 0xc1,
    0x3c, 0x90, 0xf, 0x97, 0x94, 0x3, 0xff, 0x8a,
    0xd4, 0x1, 0xd3, 0x40, 0x1f, 0xfc, 0x85, 0x70,
    0x9, 0xd8, 0x3, 0xf1, 0x33, 0xc3, 0xa0, 0x7,
    0xe8, 0x10, 0x3, 0x98, 0x7, 0xb, 0xf6, 0xcc,
    0x3c, 0x5f, 0x30, 0x7, 0xcc, 0x1, 0x69, 0x0,
    0x4d, 0xf0, 0x20, 0x1e, 0x19, 0x70, 0xf, 0x60,
    0x4, 0x3e, 0x21, 0x52, 0x20, 0x1f, 0xe8, 0x0,
    0xf3, 0x0, 0x62, 0xdc, 0x50, 0xf, 0xfe, 0x9,
    0x80, 0x7f, 0xc6, 0x60, 0xf, 0xfe, 0x10, 0x80,
    0x73, 0x0, 0x7f, 0xf2, 0xc, 0x80, 0x38, 0xc0,
    0x3f, 0xf8, 0xe3, 0xc0, 0x1e, 0xb0, 0xf, 0xfe,
    0x32, 0x61, 0x0, 0x72, 0x18, 0x7, 0xff, 0x8,
    0x52, 0x36, 0xc8, 0x3, 0x86, 0x80, 0x3f, 0xe3,
    0xee, 0x7f, 0x5b, 0x90, 0x7, 0x8b, 0x4, 0x3,
    0xff, 0x80, 0x22, 0x0, 0xfe, 0x18, 0xd2, 0x0,
    0xff, 0xe5, 0x8d, 0x38, 0x7, 0xff, 0x34, 0x6f,
    0x94, 0x3, 0xff, 0x9c, 0x35, 0x40, 0xf, 0xfe,
    0x1, 0xe6, 0x2e, 0xa1, 0x44, 0x3, 0xe5, 0xa0,
    0xf, 0xfe, 0x1, 0x99, 0x15, 0xeb, 0xb1, 0x0,
    0x3c, 0xaa, 0x0, 0xff, 0xe3, 0x1d, 0xc8, 0x7,
    0xac, 0x3, 0xff, 0x90, 0xcc, 0x0, 0xe1, 0x40,
    0xf, 0xfe, 0x45, 0x80, 0x7b, 0x0, 0x3f, 0xf9,
    0x4, 0x1, 0xe2, 0x0, 0x9a, 0x40, 0x3f, 0xf9,
    0x42, 0x0, 0x39, 0x6a, 0x0, 0xff, 0xe1, 0x20,
    0x7, 0xe1, 0xd0, 0x2, 0xe9, 0x80, 0x7f, 0xf0,
    0x20, 0x3, 0xc6, 0x14, 0x20, 0x11, 0x65, 0x10,
    0x7, 0xe2, 0xc3, 0x0, 0xf6, 0x1a, 0x0, 0x79,
    0x77, 0x1d, 0x8, 0x86, 0xd5, 0xa6, 0x1, 0xe2,
    0x43, 0x90, 0xf, 0xc7, 0x17, 0xba, 0xc9, 0x50,
    0xf, 0xdc, 0x0, 0x6b, 0x10, 0xf, 0xfe, 0x4c,
    0x18, 0x4, 0x98, 0x60, 0x1f, 0xfc, 0x79, 0x70,
    0xe, 0x2c, 0xa2, 0x0, 0xff, 0xe1, 0x9e, 0x30,
    0x7, 0xe5, 0xdb, 0x51, 0x0, 0xff, 0x2d, 0xe1,
    0x80, 0x7f, 0xc9, 0x5d, 0xb3, 0xe, 0xcc, 0x79,
    0xcf, 0xa4, 0x0, 0xf0,

    /* U+FF14 "４" */
    0x0, 0xff, 0xe1, 0x14, 0x47, 0xf0, 0x7, 0xff,
    0x1f, 0x9d, 0xff, 0x80, 0x3f, 0xf8, 0xce, 0x60,
    0x1f, 0xfc, 0xe2, 0x80, 0xf, 0xfe, 0x7f, 0x80,
    0x7f, 0xf3, 0xe0, 0x80, 0x30, 0x80, 0x7f, 0xf2,
    0x4d, 0xc0, 0x3a, 0x0, 0x3f, 0xf9, 0x3c, 0x1,
    0xcc, 0x40, 0x1f, 0xfc, 0x89, 0x20, 0xe, 0x81,
    0x0, 0xff, 0xe3, 0xa3, 0x0, 0x74, 0x9, 0x80,
    0x7f, 0xf1, 0x86, 0x80, 0x38, 0x9c, 0x4, 0x3,
    0xff, 0x8d, 0x62, 0x1, 0xd2, 0x1, 0xff, 0xc8,
    0x55, 0x0, 0x72, 0xa0, 0x7, 0xff, 0x1c, 0x6c,
    0x3, 0x86, 0xc0, 0x2f, 0x0, 0xff, 0xe2, 0x50,
    0x80, 0x75, 0x88, 0x7, 0xff, 0x1d, 0x90, 0x3,
    0x95, 0x40, 0x1f, 0xfc, 0x72, 0x90, 0xe, 0x1b,
    0x0, 0xff, 0xe4, 0x70, 0x7, 0xa8, 0x40, 0x3f,
    0xf8, 0xee, 0x60, 0x1c, 0xc8, 0x1, 0xff, 0xc7,
    0x28, 0x0, 0xe1, 0x90, 0xf, 0xfe, 0x47, 0x0,
    0x7a, 0x80, 0x3f, 0xf9, 0x10, 0x60, 0x1c, 0x46,
    0xef, 0xfc, 0x1, 0xe8, 0x77, 0x99, 0x80, 0x1e,
    0x28, 0x8f, 0xe0, 0xf, 0x9e, 0x23, 0x0, 0x7f,
    0xff, 0xc0, 0x3f, 0xfb, 0xbd, 0xff, 0xff, 0xc4,
    0x70, 0xf, 0x7f, 0xee, 0x0, 0xff, 0xff, 0x80,
    0x7f, 0xff, 0xc0, 0x3f, 0xff, 0xe0, 0x1f, 0xfc,
    0xc9, 0xdd, 0xf0, 0x7, 0x0,

    /* U+FF15 "５" */
    0x0, 0xa3, 0xbb, 0xff, 0x92, 0xc0, 0x18, 0x84,
    0x7f, 0xf9, 0x20, 0x1c, 0x20, 0x1f, 0xfe, 0x97,
    0x0, 0xff, 0xe7, 0x8, 0x7, 0xff, 0x38, 0xc0,
    0x39, 0xfb, 0xbf, 0xf8, 0x6c, 0x1, 0x84, 0x3,
    0xb8, 0x47, 0xff, 0x86, 0x1, 0xff, 0x18, 0x7,
    0xff, 0x1c, 0x40, 0x3c, 0x20, 0x1f, 0xfc, 0xe6,
    0x0, 0xff, 0xe3, 0x98, 0x7, 0x8c, 0x3, 0xff,
    0x8e, 0x20, 0x1e, 0x10, 0x8, 0x8a, 0x10, 0xf,
    0xfe, 0x3, 0x80, 0x79, 0x27, 0x7f, 0x76, 0xee,
    0x5b, 0x8, 0x7, 0xe1, 0x0, 0xf5, 0xb1, 0x0,
    0x70, 0xa4, 0xf4, 0x0, 0x7c, 0x60, 0x1f, 0xfc,
    0x67, 0xd3, 0x0, 0xe1, 0x0, 0xff, 0xe3, 0x96,
    0x18, 0x7, 0xff, 0x8, 0x40, 0x3f, 0xed, 0x10,
    0x9, 0xdc, 0x1, 0xb, 0xdf, 0x7f, 0x7f, 0x49,
    0x80, 0x7c, 0x30, 0x1, 0xa3, 0x52, 0x7a, 0x10,
    0x40, 0x21, 0x6c, 0x80, 0xf, 0x98, 0x40, 0x31,
    0x5b, 0x0, 0x7f, 0x9e, 0x0, 0x3e, 0x70, 0xf,
    0xfe, 0x33, 0x90, 0x7, 0xbc, 0x3, 0xff, 0x8f,
    0x40, 0x1e, 0x50, 0xf, 0xfe, 0x39, 0x80, 0x78,
    0x40, 0x3f, 0xf8, 0xee, 0x1, 0xff, 0xce, 0x60,
    0xf, 0x8, 0x7, 0xff, 0x1f, 0x40, 0x3c, 0xc0,
    0x1, 0xd3, 0x0, 0xff, 0xe1, 0x30, 0x7, 0xb4,
    0x1, 0xa5, 0x8c, 0x1, 0xff, 0xc0, 0xa1, 0x0,
    0xf2, 0x84, 0x98, 0x2, 0x70, 0xc0, 0x3f, 0xd,
    0xa8, 0x7, 0x8c, 0x95, 0x80, 0x31, 0xe6, 0x1d,
    0xc, 0x8d, 0x6b, 0x90, 0x3, 0xef, 0xc, 0x0,
    0xf8, 0xe2, 0xf3, 0x72, 0x94, 0x3, 0xf3, 0x98,
    0x4b, 0x80, 0x7f, 0xf2, 0x56, 0x0, 0x28, 0xb1,
    0x0, 0xff, 0xe3, 0x35, 0x0, 0x72, 0x7b, 0x80,
    0x7f, 0xf0, 0xc6, 0xe4, 0x3, 0xe1, 0x8e, 0x82,
    0x0, 0xff, 0x1d, 0x72, 0x0, 0x7f, 0x85, 0xf7,
    0xae, 0x1d, 0x98, 0xf1, 0x7f, 0x8a, 0x1, 0xf0,

    /* U+FF16 "６" */
    0x0, 0xff, 0xe1, 0x88, 0xc0, 0x1f, 0xfc, 0x81,
    0x7b, 0xef, 0xee, 0xbf, 0x20, 0x80, 0x3f, 0xf8,
    0x45, 0x5d, 0x8, 0x20, 0x1c, 0x6f, 0xb6, 0x60,
    0x1f, 0xf3, 0x6a, 0x80, 0x7f, 0xf0, 0x13, 0x24,
    0x3, 0xfa, 0x64, 0x1, 0xff, 0xc4, 0x6d, 0x20,
    0xf, 0x4b, 0x0, 0x7f, 0xf1, 0x8a, 0x0, 0x39,
    0xd8, 0x3, 0xf1, 0xaa, 0x90, 0x40, 0x3c, 0x56,
    0x1, 0x8a, 0x0, 0x3e, 0x7e, 0xca, 0xa5, 0xf5,
    0xa0, 0x4, 0x38, 0x20, 0x1a, 0x40, 0x3c, 0x3b,
    0x2, 0x1, 0xc9, 0x74, 0x0, 0xd1, 0x0, 0xc6,
    0x80, 0x1c, 0x38, 0x40, 0x1f, 0xcb, 0xb6, 0x60,
    0x1d, 0x20, 0x1e, 0xb2, 0x0, 0xff, 0x89, 0x0,
    0x38, 0x54, 0x3, 0x8d, 0x40, 0x3f, 0xf8, 0xe8,
    0x1, 0xe9, 0x0, 0xff, 0xe4, 0x60, 0x7, 0x94,
    0x3, 0xff, 0x90, 0xa0, 0x1c, 0x60, 0x1c, 0x48,
    0xaa, 0x41, 0x0, 0xff, 0x18, 0x7, 0x28, 0x0,
    0x63, 0xb6, 0xea, 0x97, 0xdb, 0x24, 0x1, 0xe1,
    0x0, 0xf7, 0x3, 0x7b, 0x88, 0x7, 0x89, 0xb6,
    0x40, 0x38, 0x80, 0x3c, 0x35, 0x22, 0x1, 0xff,
    0x37, 0x10, 0x7, 0xfa, 0x54, 0x3, 0xff, 0x84,
    0x38, 0x20, 0x7, 0x0, 0xff, 0xe0, 0x88, 0x7,
    0xf0, 0xd0, 0x7, 0xff, 0x5, 0xb3, 0xfb, 0xf6,
    0x0, 0x3e, 0x44, 0x3, 0x80, 0x7e, 0x2d, 0x93,
    0x0, 0x89, 0xf8, 0x80, 0x3d, 0xc0, 0x1f, 0xc7,
    0x84, 0x1, 0xf0, 0xf8, 0x7, 0x94, 0x8, 0x3,
    0xed, 0x10, 0xf, 0xe2, 0x60, 0xf, 0x10, 0x80,
    0x78, 0xc4, 0x3, 0xfe, 0xf0, 0xf, 0x8, 0x10,
    0x7, 0x8, 0x7, 0xff, 0x0, 0x80, 0x3c, 0xc0,
    0x80, 0x1c, 0x44, 0x0, 0xff, 0xe3, 0x8, 0x60,
    0x7, 0xa8, 0x3, 0xfe, 0x20, 0xf, 0x38, 0x28,
    0x7, 0x9c, 0x40, 0x3f, 0xda, 0x1, 0xe3, 0x0,
    0x30, 0x7, 0xa8, 0x3, 0xf8, 0xd0, 0x3, 0x8c,
    0x2, 0xb0, 0xf, 0x25, 0x0, 0x7c, 0x3c, 0x1,
    0xeb, 0x0, 0x89, 0xc0, 0x3c, 0xba, 0xa0, 0x19,
    0xbc, 0x80, 0x38, 0x5c, 0x3, 0x41, 0x80, 0x78,
    0xab, 0xfb, 0x9f, 0x22, 0x1, 0xe8, 0x0, 0xf6,
    0x90, 0x7, 0xe1, 0x10, 0x7, 0xe5, 0x60, 0xf,
    0xe, 0x10, 0x7, 0xff, 0x11, 0x68, 0x3, 0xf0,
    0xeb, 0x80, 0x7f, 0xf0, 0x46, 0x68, 0x3, 0xfe,
    0x8e, 0x71, 0x0, 0xfc, 0x51, 0xec, 0x1, 0xff,
    0xc1, 0x18, 0xed, 0xa8, 0x77, 0x45, 0x6e, 0x9c,
    0x40, 0x3c,

    /* U+FF17 "７" */
    0xd, 0xdf, 0xfe, 0x70, 0x0, 0x8b, 0xff, 0x9c,
    0x20, 0x1f, 0xff, 0xf0, 0xf, 0x84, 0x40, 0x1f,
    0xfc, 0xea, 0x0, 0x7f, 0xff, 0xf1, 0x78, 0x40,
    0x39, 0xd0, 0x3, 0xff, 0x8f, 0x42, 0x1, 0x8e,
    0x0, 0x3f, 0xf8, 0xec, 0x80, 0x18, 0x74, 0x3,
    0xff, 0x8e, 0x52, 0x1, 0xd6, 0x20, 0x1f, 0xfc,
    0x7e, 0x0, 0xe5, 0x50, 0x7, 0xff, 0x1d, 0xcc,
    0x3, 0xd, 0x80, 0x7f, 0xf1, 0xca, 0x0, 0x3a,
    0x4, 0x3, 0xff, 0x8f, 0x0, 0x1c, 0x4c, 0x1,
    0xff, 0xc7, 0x35, 0x0, 0xe8, 0x0, 0xff, 0xe4,
    0x78, 0x7, 0x1a, 0x80, 0x7f, 0xf1, 0xcc, 0xc0,
    0x1d, 0x20, 0x1f, 0xfc, 0x89, 0x0, 0xe1, 0x50,
    0xf, 0xfe, 0x38, 0xa8, 0x7, 0x30, 0x7, 0xff,
    0x21, 0x80, 0x3d, 0x40, 0x1f, 0xfc, 0x8a, 0x0,
    0xe2, 0x20, 0x7, 0xff, 0x1c, 0x88, 0x1, 0xc8,
    0x1, 0xff, 0xc8, 0x50, 0xf, 0x68, 0x7, 0xff,
    0x23, 0x0, 0x3c, 0x80, 0x1f, 0xfc, 0x84, 0x0,
    0xe1, 0x0, 0xff, 0xe4, 0x18, 0x7, 0x94, 0x3,
    0xff, 0x90, 0xa0, 0x1e, 0x30, 0xf, 0xfe, 0x47,
    0x80, 0x7b, 0x80, 0x3f, 0xf9, 0x4, 0x1, 0xe2,
    0x0, 0xff, 0xe4, 0x28, 0x7, 0x9c, 0x3, 0xff,
    0x90, 0x20, 0x1e, 0x20, 0xf, 0xfe, 0x39, 0x0,
    0x7c, 0x20, 0x1f, 0xfc, 0x71, 0x0, 0xff, 0xe7,
    0xb0, 0x7, 0xff, 0x3c, 0xc0, 0x3c, 0x20, 0x1f,
    0xfc, 0x92, 0x2f, 0x28, 0x7, 0xff, 0x0,

    /* U+FF18 "８" */
    0x0, 0xff, 0xe0, 0x8, 0xe0, 0xf, 0xfe, 0x41,
    0xc6, 0x7f, 0x76, 0xfc, 0x83, 0x0, 0xff, 0xe1,
    0x2e, 0xe3, 0x98, 0x7, 0x8d, 0xf3, 0x50, 0x3,
    0xfe, 0xaa, 0x10, 0x7, 0xff, 0x0, 0xae, 0x40,
    0x3f, 0xb1, 0x40, 0x3f, 0xf8, 0x8d, 0x60, 0x1f,
    0x51, 0x80, 0x7e, 0x21, 0x0, 0xfc, 0x8e, 0x1,
    0xc6, 0xa0, 0x1e, 0x5c, 0xfd, 0xef, 0xa3, 0x0,
    0xf4, 0x8, 0x6, 0x90, 0xf, 0x55, 0xc, 0x3,
    0x2e, 0x38, 0x7, 0x98, 0x3, 0x28, 0x7, 0x32,
    0x80, 0x7e, 0x84, 0x0, 0xec, 0x0, 0x84, 0x3,
    0xd4, 0x1, 0xfe, 0xf0, 0xe, 0x50, 0x8, 0xc0,
    0x3c, 0x40, 0x1f, 0xe4, 0x0, 0xe1, 0x0, 0xff,
    0x18, 0x7, 0xff, 0x10, 0x40, 0x22, 0x0, 0xf5,
    0x0, 0x7f, 0x84, 0x3, 0x94, 0x3, 0x20, 0x7,
    0x3a, 0x0, 0x7f, 0x38, 0x7, 0x60, 0x6, 0xf0,
    0xf, 0x5c, 0x0, 0x7e, 0xb0, 0xe, 0x60, 0xc,
    0x88, 0x0, 0xf3, 0xf3, 0x88, 0x6, 0x92, 0x0,
    0xd0, 0x20, 0x1d, 0x44, 0x1, 0xe1, 0x8e, 0xb6,
    0x18, 0x60, 0xc, 0xae, 0x1, 0xe1, 0xc3, 0x0,
    0xfc, 0x93, 0xce, 0x1, 0x96, 0x80, 0x3f, 0xe,
    0x30, 0x7, 0xff, 0xa, 0x28, 0x3, 0xfd, 0x2c,
    0x1, 0xff, 0xc2, 0xc2, 0x0, 0xfc, 0x5a, 0xc0,
    0x1f, 0xfc, 0x34, 0xd7, 0x0, 0xf1, 0x61, 0x0,
    0x61, 0xcc, 0x39, 0x0, 0x7f, 0x45, 0x0, 0x77,
    0x88, 0x6, 0x1f, 0x33, 0x46, 0xe3, 0x8, 0x7,
    0xcb, 0x20, 0x13, 0x90, 0x7, 0x68, 0x80, 0x63,
    0x9e, 0x80, 0xf, 0x99, 0x0, 0x12, 0x1, 0xce,
    0x60, 0x1f, 0x9f, 0x48, 0x3, 0xd0, 0x6, 0x20,
    0x1d, 0x20, 0x1f, 0xe2, 0xc0, 0xf, 0x19, 0x28,
    0x7, 0x8, 0x80, 0x3f, 0xe1, 0x60, 0xf, 0x38,
    0x80, 0x71, 0x80, 0x7f, 0xf0, 0x7c, 0x3, 0xc4,
    0x1, 0xe2, 0x0, 0xff, 0xe0, 0x88, 0x7, 0xc4,
    0x1, 0xe6, 0x0, 0xff, 0xe0, 0x60, 0x7, 0x89,
    0x0, 0x3d, 0x4, 0x1, 0xfe, 0x44, 0x0, 0x79,
    0x5, 0x0, 0x38, 0x71, 0x40, 0x3f, 0x2d, 0x80,
    0x79, 0x44, 0x20, 0x3, 0xc3, 0x5b, 0x8, 0x64,
    0x8f, 0x94, 0x1, 0xf4, 0x0, 0xe, 0x0, 0x3e,
    0x27, 0xbc, 0xdb, 0x83, 0x0, 0xfa, 0x88, 0x2,
    0x77, 0x0, 0x7f, 0xf2, 0x25, 0x40, 0x3a, 0x2c,
    0x40, 0x3f, 0xf8, 0x87, 0x8c, 0x1, 0xf2, 0x74,
    0x98, 0x7, 0xff, 0x1, 0x2b, 0xc, 0x3, 0xfc,
    0xd9, 0xd4, 0xea, 0x86, 0x64, 0x57, 0xae, 0xb5,
    0x0, 0xf0,

    /* U+FF19 "９" */
    0x0, 0xff, 0x88, 0xcc, 0x40, 0x1f, 0xfc, 0x82,
    0x8c, 0xfd, 0xcc, 0x6f, 0xec, 0x10, 0x7, 0xff,
    0x8, 0xab, 0x5c, 0xc0, 0x3c, 0x4f, 0xb6, 0x60,
    0x1f, 0xf2, 0x6a, 0x80, 0x7f, 0xf0, 0x13, 0x1c,
    0x3, 0xf9, 0x6c, 0x3, 0xff, 0x89, 0x12, 0x1,
    0xf1, 0x50, 0x7, 0xff, 0x19, 0xa0, 0x3, 0xdc,
    0x1, 0xf2, 0x4d, 0xe4, 0xa0, 0x7, 0xce, 0x80,
    0x19, 0xc, 0x3, 0xd5, 0x6c, 0x86, 0xd7, 0x82,
    0x1, 0xe9, 0x0, 0xdc, 0x1, 0xe9, 0x50, 0xf,
    0x1e, 0x8, 0x7, 0x13, 0x0, 0x4a, 0x1, 0xc4,
    0xc0, 0x1f, 0x8a, 0x80, 0x3d, 0x60, 0x2, 0x0,
    0xf2, 0x80, 0x7f, 0x90, 0xc0, 0x38, 0x8c, 0x18,
    0x3, 0xda, 0x1, 0xff, 0x48, 0x7, 0x90, 0x4,
    0x3, 0xc2, 0x1, 0xff, 0x28, 0x7, 0xb0, 0x4,
    0x3, 0xc2, 0x1, 0xff, 0xc0, 0x30, 0xe, 0x50,
    0x70, 0xf, 0x10, 0x7, 0xff, 0x0, 0xc0, 0x38,
    0x40, 0x80, 0x3d, 0x40, 0x1f, 0xf3, 0x80, 0x7c,
    0x42, 0x60, 0x1c, 0x4e, 0x1, 0xfc, 0xf0, 0x1,
    0xfd, 0x60, 0x1e, 0x88, 0x0, 0x78, 0x6a, 0x0,
    0x3f, 0x8, 0x38, 0x80, 0x79, 0xfa, 0x59, 0x5e,
    0xf9, 0x40, 0x3f, 0xf8, 0x16, 0x1, 0xf0, 0xb4,
    0xd4, 0x20, 0x7, 0xff, 0x9, 0x5c, 0x3, 0xff,
    0x88, 0xa0, 0x1e, 0x10, 0xa, 0x20, 0x1, 0xff,
    0xc1, 0x2c, 0xd0, 0xf, 0x18, 0x6, 0x7d, 0x50,
    0xf, 0xf3, 0xe9, 0xf0, 0x7, 0x84, 0x3, 0x8a,
    0xba, 0x58, 0xc8, 0x86, 0xb3, 0xd0, 0x0, 0x50,
    0xe, 0x20, 0xf, 0xc2, 0xd3, 0x9b, 0xac, 0xa6,
    0x10, 0x8, 0xc0, 0x39, 0xc0, 0x3f, 0xf9, 0x8,
    0x1, 0xec, 0x0, 0xff, 0xe4, 0x70, 0x7, 0x9c,
    0x3, 0xff, 0x8e, 0x4a, 0x1, 0xc6, 0x20, 0x1f,
    0xfc, 0x79, 0x0, 0xf5, 0x0, 0x7a, 0xe4, 0x3,
    0xfe, 0x94, 0x0, 0xe1, 0x60, 0xe, 0x94, 0x6c,
    0x30, 0xf, 0x86, 0xd8, 0x3, 0xd6, 0x1, 0xd0,
    0xc0, 0x3, 0xcc, 0x32, 0x11, 0xad, 0x72, 0x0,
    0x79, 0x14, 0x3, 0x33, 0x80, 0x71, 0xcd, 0xee,
    0x52, 0x80, 0x7c, 0x34, 0x1, 0xc2, 0x1, 0xff,
    0xc7, 0x1c, 0x10, 0xe, 0x7a, 0x0, 0xff, 0xe2,
    0x96, 0x10, 0x7, 0xcb, 0xca, 0x1, 0xff, 0xc2,
    0x7d, 0x20, 0xf, 0xe1, 0xac, 0x50, 0xf, 0xe1,
    0x7e, 0x80, 0xf, 0xfe, 0x9, 0xd7, 0xdc, 0xbb,
    0x31, 0xe7, 0x3a, 0x4, 0x3, 0xf8,

    /* U+FF1A "：" */
    0x0, 0x1c, 0xe5, 0xb8, 0x6, 0x6c, 0x63, 0x48,
    0xd1, 0x3, 0x90, 0xe, 0x2d, 0xa, 0x0, 0xf8,
    0xc8, 0x80, 0x1f, 0x9c, 0x3, 0xf8, 0x74, 0x3,
    0xf2, 0x31, 0x80, 0x7a, 0x40, 0x1a, 0xa0, 0x10,
    0xcb, 0x0, 0x6, 0xbb, 0x31, 0xcc, 0x1, 0xc2,
    0x66, 0x0, 0xff, 0xff, 0x80, 0x7f, 0xf9, 0xd2,
    0xb7, 0x20, 0x40, 0x27, 0xb5, 0x23, 0x7f, 0x20,
    0x38, 0x0, 0xe1, 0xe0, 0xa0, 0xf, 0x8c, 0xc4,
    0x1, 0xf9, 0x84, 0x3, 0xf0, 0xe0, 0x7, 0xc2,
    0x8c, 0x60, 0x1e, 0x80, 0x6, 0x30, 0x4, 0x34,
    0xc0, 0x14, 0xfe, 0x6f, 0x28, 0x0,

    /* U+FF1B "；" */
    0x0, 0xcf, 0x79, 0x26, 0x1, 0xc5, 0xb0, 0x86,
    0xd8, 0xc0, 0x1b, 0x88, 0x3, 0xa4, 0x80, 0x6,
    0x60, 0xf, 0xac, 0x0, 0xc0, 0x1f, 0x88, 0x0,
    0x20, 0x1f, 0x84, 0x0, 0xa0, 0x1f, 0xb0, 0x0,
    0x30, 0x1, 0xe3, 0x60, 0x9, 0xe4, 0x40, 0x25,
    0xc0, 0xe, 0x6e, 0xcc, 0x75, 0x0, 0x7e, 0x33,
    0x8, 0x7, 0xff, 0xfc, 0x3, 0xff, 0xbe, 0x20,
    0x1f, 0x8f, 0x3f, 0xbe, 0xc8, 0x3, 0x2e, 0x18,
    0x4, 0x98, 0x40, 0x15, 0x80, 0x78, 0x64, 0x0,
    0x42, 0x1, 0xf2, 0x10, 0x8, 0x7, 0xf2, 0x1,
    0x80, 0x7f, 0x70, 0x1, 0x80, 0x3f, 0x10, 0x2,
    0x54, 0x3, 0xe3, 0x0, 0xab, 0x61, 0x40, 0x30,
    0x80, 0x62, 0x79, 0x0, 0xdc, 0x1, 0xeb, 0x0,
    0xca, 0x1, 0xc2, 0xc0, 0x10, 0x98, 0x7, 0x58,
    0x80, 0x4c, 0x1, 0xd4, 0xa0, 0x10, 0xc8, 0x4,
    0x7a, 0xa0, 0x1a, 0xc4, 0xa, 0xf0, 0x80, 0x33,
    0xa8, 0x0, 0xd0, 0x3, 0x9e, 0x0, 0x21, 0x50,
    0x8, 0x6a, 0x0, 0x3a, 0x40, 0x5f, 0x94, 0x3,
    0xc7, 0x5d, 0x0, 0x1f, 0x0,

    /* U+FF1C "＜" */
    0x0, 0xff, 0xeb, 0xbc, 0x0, 0x7f, 0xf5, 0xdb,
    0xa1, 0xc8, 0x3, 0xff, 0xa8, 0xbb, 0x22, 0x0,
    0x80, 0xf, 0xfe, 0x92, 0x6d, 0x10, 0x6, 0x53,
    0x0, 0xff, 0xe7, 0xa6, 0x59, 0x0, 0x7c, 0xc0,
    0x1f, 0xfc, 0xd3, 0xbb, 0x18, 0x7, 0xcf, 0xca,
    0x1, 0xff, 0xcb, 0x2a, 0xc4, 0x0, 0xf9, 0xba,
    0x4, 0x3, 0xff, 0x94, 0x55, 0xaa, 0x1, 0xf3,
    0x74, 0x88, 0x7, 0xff, 0x28, 0x67, 0x54, 0x3,
    0xe5, 0xd9, 0x10, 0xf, 0xfe, 0x50, 0xc7, 0x30,
    0x7, 0xc9, 0xb4, 0x40, 0x1f, 0xfc, 0xb7, 0xe7,
    0x0, 0xf9, 0x32, 0xc8, 0x3, 0xff, 0x96, 0xfd,
    0x0, 0x1f, 0x1d, 0xd8, 0xc0, 0x3f, 0xf9, 0x6d,
    0xd0, 0x20, 0x1e, 0x2b, 0xc4, 0x0, 0xff, 0xe5,
    0xae, 0xc8, 0x80, 0x78, 0xab, 0x50, 0x3, 0xff,
    0x96, 0x99, 0x44, 0x1, 0xe1, 0x9d, 0x50, 0xf,
    0xfe, 0x59, 0xe5, 0x98, 0x7, 0x86, 0x79, 0x80,
    0x3f, 0xf9, 0x67, 0x78, 0x60, 0x1e, 0x18, 0xe6,
    0x0, 0xff, 0xe5, 0x95, 0x62, 0x0, 0x7c, 0xfc,
    0xe0, 0x1f, 0xfc, 0xc9, 0xd5, 0x0, 0xf9, 0xba,
    0x0, 0x3f, 0xf9, 0xda, 0x60, 0x1f, 0x9d, 0xc0,
    0x1f, 0xfc, 0xf4, 0xcb, 0x20, 0xf, 0xc, 0xea,
    0x80, 0x7f, 0xf3, 0xd3, 0x68, 0x80, 0x3c, 0x55,
    0xaa, 0x1, 0xff, 0xcf, 0x5d, 0x91, 0x0, 0xf1,
    0x56, 0x20, 0x7, 0xff, 0x3d, 0xba, 0x4, 0x3,
    0xc7, 0x78, 0x60, 0x1f, 0xfc, 0xf7, 0xe8, 0x0,
    0xf8, 0xf2, 0xcc, 0x3, 0xff, 0x9e, 0xfc, 0xe0,
    0x1f, 0x26, 0x51, 0x0, 0x7f, 0xf3, 0x86, 0x39,
    0x80, 0x3e, 0x5d, 0xa2, 0x0, 0xff, 0xe7, 0xc,
    0xea, 0x80, 0x7c, 0xbb, 0x22, 0x1, 0xff, 0xce,
    0x2a, 0xd4, 0x0, 0xf9, 0xba, 0x44, 0x3, 0xff,
    0x9c, 0x57, 0x88, 0x1, 0xf3, 0x74, 0x8, 0x7,
    0xff, 0x38, 0xee, 0xc6, 0x1, 0xf3, 0xfb, 0x80,
    0x7f, 0xf3, 0xd3, 0x2c, 0x80, 0x3c, 0x31, 0xce,
    0x1, 0xff, 0xcf, 0x4d, 0xa2, 0x0, 0xf0, 0xc7,
    0x30, 0x7, 0xff, 0x3d, 0x76, 0x44, 0x3, 0xc3,
    0x2e, 0x1, 0xff, 0xd0, 0x6e, 0x81, 0x0, 0xe1,
    0x70, 0xf, 0xfe, 0x93, 0xf3, 0x80, 0x69, 0x0,
    0xff, 0xea, 0xc7, 0x38, 0xb, 0x80, 0x7f, 0xf5,
    0x86, 0x3b, 0x40, 0x0,

    /* U+FF1D "＝" */
    0xd, 0xdf, 0xfe, 0xb0, 0x0, 0x8b, 0xff, 0xac,
    0x1, 0xff, 0xff, 0x0, 0xff, 0xeb, 0xff, 0xff,
    0xf5, 0x80, 0x3f, 0xff, 0xe0, 0x1f, 0xff, 0xf0,
    0xf, 0xfe, 0xa6, 0x67, 0xff, 0x58, 0x0, 0x67,
    0xff, 0xd6, 0x0, 0xff, 0xff, 0x80, 0x7f, 0xf5,
    0xfb, 0xbf, 0xfa, 0xc0,

    /* U+FF1E "＞" */
    0x0, 0x43, 0x80, 0x7f, 0xf6, 0x9, 0xe3, 0x98,
    0x3, 0xff, 0xad, 0x0, 0x1, 0x9d, 0x50, 0xf,
    0xfe, 0x99, 0xa8, 0x6, 0x2a, 0xd4, 0x0, 0xff,
    0xe8, 0xb0, 0x7, 0xc5, 0x78, 0x80, 0x1f, 0xfc,
    0xf5, 0xe7, 0x0, 0xf8, 0xee, 0xc6, 0x1, 0xff,
    0xce, 0x18, 0xe6, 0x0, 0xf9, 0x32, 0x88, 0x3,
    0xff, 0x9c, 0x33, 0xcc, 0x1, 0xf2, 0xed, 0x10,
    0x7, 0xff, 0x38, 0x67, 0x54, 0x3, 0xe5, 0xd9,
    0x10, 0xf, 0xfe, 0x71, 0x56, 0xa0, 0x7, 0xcd,
    0xd0, 0x20, 0x1f, 0xfc, 0xe2, 0xbc, 0x40, 0xf,
    0x9f, 0x9c, 0x3, 0xff, 0x9e, 0x77, 0x63, 0x0,
    0xfa, 0x39, 0xc0, 0x3f, 0xf9, 0xe9, 0x96, 0x40,
    0x1e, 0x18, 0xe6, 0x0, 0xff, 0xe7, 0xa6, 0xd1,
    0x0, 0x78, 0x67, 0x54, 0x3, 0xff, 0x9e, 0xbb,
    0x22, 0x1, 0xe2, 0xac, 0x40, 0xf, 0xfe, 0x7b,
    0x74, 0x88, 0x7, 0x8e, 0xf0, 0xc0, 0x3f, 0xf9,
    0xed, 0xd0, 0x20, 0x1e, 0x3c, 0xb3, 0x0, 0xff,
    0xe7, 0xbf, 0x38, 0x7, 0xc9, 0x94, 0x40, 0x1f,
    0xfc, 0xf8, 0xe6, 0x0, 0xf9, 0x76, 0x40, 0x3f,
    0xf9, 0xee, 0xe0, 0xf, 0xc7, 0xa0, 0x1f, 0xfc,
    0xd5, 0xd9, 0x10, 0xf, 0x15, 0xe2, 0x0, 0x7f,
    0xf2, 0xd7, 0x68, 0x80, 0x3c, 0x55, 0xa8, 0x1,
    0xff, 0xcb, 0x4c, 0xa2, 0x0, 0xf0, 0xce, 0xa8,
    0x7, 0xff, 0x2c, 0xf2, 0xcc, 0x3, 0xc3, 0x1c,
    0xc0, 0x1f, 0xfc, 0xb3, 0xbc, 0x30, 0xf, 0xa3,
    0x9c, 0x3, 0xff, 0x96, 0x55, 0x88, 0x1, 0xf3,
    0xf3, 0x80, 0x7f, 0xf2, 0xca, 0xb5, 0x40, 0x3e,
    0x6e, 0x81, 0x0, 0xff, 0xe5, 0xc, 0xea, 0x80,
    0x7c, 0xbb, 0x22, 0x1, 0xff, 0xca, 0x19, 0xe6,
    0x0, 0xf9, 0x36, 0x88, 0x3, 0xff, 0x94, 0x31,
    0xcc, 0x1, 0xf2, 0x65, 0x90, 0x7, 0xff, 0x2d,
    0xfd, 0xc0, 0x3e, 0x3b, 0xb1, 0x80, 0x7f, 0xf2,
    0xdf, 0xa0, 0x40, 0x3c, 0x57, 0x88, 0x1, 0xff,
    0xcb, 0x6e, 0x81, 0x0, 0xf1, 0x56, 0xa0, 0x7,
    0xff, 0x31, 0xe4, 0x40, 0x3c, 0x33, 0xaa, 0x1,
    0xff, 0xce, 0x71, 0x0, 0xe1, 0x8e, 0x60, 0xf,
    0xfe, 0x8c, 0x80, 0x67, 0xe7, 0x0, 0xff, 0xe9,
    0xb8, 0x83, 0xf4, 0x0, 0x7f, 0xf5, 0xb7, 0xa0,
    0x40, 0x3f, 0xfa, 0xa0,

    /* U+FF1F "？" */
    0x0, 0xfc, 0x8f, 0x11, 0x31, 0x80, 0x7f, 0xf0,
    0x12, 0xfe, 0xe1, 0xde, 0x9c, 0xe8, 0x10, 0xf,
    0x8a, 0xec, 0x80, 0x1f, 0x85, 0xf9, 0x40, 0x39,
    0x75, 0x0, 0x3f, 0xf8, 0x34, 0xc0, 0x13, 0xd0,
    0x7, 0xff, 0x12, 0x4c, 0xe, 0x0, 0x3f, 0xf8,
    0xde, 0x7, 0x20, 0x1c, 0x51, 0x7b, 0x6e, 0x1,
    0xf1, 0x90, 0x35, 0x0, 0x53, 0xae, 0x84, 0x91,
    0xa0, 0x1f, 0x20, 0x1, 0x6c, 0x71, 0x80, 0x3c,
    0x4e, 0x1, 0xee, 0x0, 0x93, 0x8c, 0x3, 0xf6,
    0x0, 0x78, 0x40, 0x3f, 0xf8, 0x4e, 0x1, 0xe1,
    0x0, 0xff, 0xe1, 0x28, 0x7, 0xb8, 0x3, 0xff,
    0x85, 0x60, 0x1e, 0x70, 0xf, 0xfe, 0xc, 0x10,
    0x7, 0x30, 0x80, 0x7f, 0xf0, 0x1d, 0xc0, 0x1c,
    0x30, 0x1, 0xff, 0xc0, 0x78, 0x0, 0xe1, 0xc1,
    0x0, 0xff, 0x9e, 0x0, 0x38, 0x70, 0x80, 0x3f,
    0xe5, 0x80, 0xe, 0x1c, 0x20, 0xf, 0xf8, 0xe8,
    0x3, 0x87, 0x8, 0x3, 0xff, 0x81, 0xe0, 0x1e,
    0xd2, 0x0, 0xff, 0xe0, 0x19, 0x80, 0x3a, 0xc,
    0x3, 0xff, 0x83, 0x60, 0x1c, 0x2e, 0x1, 0xff,
    0xc2, 0x30, 0xe, 0x40, 0xf, 0xfe, 0x49, 0x0,
    0x7f, 0xf0, 0xf5, 0x57, 0xb4, 0x3, 0xff, 0x86,
    0xd5, 0x5c, 0xa0, 0x1f, 0xff, 0xf0, 0xf, 0xc,
    0xff, 0xba, 0x0, 0x3f, 0xf8, 0x98, 0xc0, 0x1,
    0x7c, 0x0, 0xff, 0xe1, 0x31, 0x0, 0x71, 0xa8,
    0x7, 0xff, 0x7, 0x40, 0x3e, 0xc0, 0xf, 0xfe,
    0x49, 0x80, 0x7f, 0xf0, 0x48, 0x3, 0xed, 0x0,
    0xff, 0xe0, 0xd8, 0x7, 0x85, 0x80, 0x3f, 0xf8,
    0x25, 0x62, 0x1, 0xe, 0x88, 0x7, 0xff, 0x9,
    0x3a, 0xa6, 0xf8, 0xc0, 0x3f, 0x0,

    /* U+FF20 "＠" */
    0x0, 0xff, 0xe3, 0x13, 0x4d, 0xef, 0x75, 0xb9,
    0x2c, 0x40, 0x1f, 0xfd, 0x3, 0x9e, 0xd9, 0x64,
    0x21, 0x18, 0x8d, 0xa7, 0x75, 0x2, 0x1, 0xff,
    0xcb, 0x5d, 0xc6, 0x10, 0xf, 0xfe, 0x9, 0x3f,
    0x40, 0x7, 0xff, 0x20, 0xf6, 0x88, 0x3, 0xff,
    0x8e, 0xfc, 0x80, 0x1f, 0xfc, 0x59, 0xc2, 0x0,
    0xf8, 0xda, 0x26, 0x50, 0xea, 0x20, 0x1e, 0x1b,
    0x60, 0xf, 0xfe, 0x10, 0xe3, 0x0, 0x79, 0x6f,
    0xf2, 0x5d, 0x98, 0xf1, 0x5d, 0xb0, 0x20, 0x1d,
    0x2e, 0x1, 0xff, 0xc0, 0x2f, 0x30, 0xe, 0x6d,
    0xa4, 0x0, 0xff, 0x13, 0xf4, 0x0, 0x74, 0x28,
    0x7, 0xf8, 0xb0, 0x40, 0x31, 0x64, 0x90, 0x7,
    0xff, 0xd, 0xf4, 0x80, 0x35, 0x10, 0x7, 0xe1,
    0xc1, 0x0, 0xcb, 0xa6, 0x1, 0xff, 0xc6, 0x2c,
    0x20, 0xd, 0xc0, 0x1f, 0xa8, 0x40, 0x33, 0xd0,
    0x7, 0xff, 0x24, 0x7c, 0x3, 0x1a, 0x80, 0x79,
    0xd0, 0x3, 0x3c, 0x0, 0x7f, 0xf2, 0xca, 0x40,
    0x34, 0x80, 0x71, 0x40, 0x6, 0x58, 0x0, 0xff,
    0xe6, 0xb1, 0x80, 0x46, 0x60, 0xd, 0x0, 0x18,
    0xa8, 0x3, 0xf8, 0xe2, 0xae, 0x50, 0x0, 0x4a,
    0xb2, 0x0, 0x74, 0x80, 0x6b, 0x0, 0x89, 0x40,
    0x34, 0x80, 0x7e, 0x2c, 0xc3, 0xaa, 0x35, 0xd0,
    0x45, 0x55, 0x0, 0x1c, 0xa2, 0x1, 0x28, 0x5,
    0x0, 0x19, 0x10, 0x1, 0xf3, 0x69, 0x80, 0x79,
    0x5d, 0x40, 0x25, 0x0, 0xf2, 0x0, 0x44, 0x1,
    0x28, 0x6, 0x80, 0xf, 0x9a, 0x40, 0x3f, 0xa0,
    0x3, 0x78, 0x7, 0xb0, 0x3, 0x18, 0x28, 0x6,
    0x33, 0x0, 0x79, 0x24, 0x3, 0xc2, 0x1, 0xf9,
    0x40, 0x3c, 0xa0, 0x19, 0x43, 0xc0, 0x35, 0x0,
    0x7d, 0x40, 0x1c, 0xdd, 0xcf, 0x90, 0xf, 0x18,
    0x7, 0x88, 0x3, 0x8, 0x20, 0x6, 0x70, 0xf,
    0x40, 0x80, 0x68, 0x91, 0x0, 0x33, 0x0, 0x31,
    0x80, 0x7c, 0x20, 0x1c, 0x42, 0x1, 0x10, 0x80,
    0x79, 0xc0, 0x32, 0xb8, 0x7, 0xf9, 0x40, 0x3f,
    0xf8, 0x1e, 0xc0, 0x19, 0x0, 0x3c, 0xc0, 0x1d,
    0x60, 0x1e, 0x20, 0xd, 0xe0, 0x1f, 0xfc, 0xf,
    0x20, 0xd, 0xc0, 0x1e, 0xd0, 0xc, 0xa2, 0x1,
    0xe5, 0x0, 0xca, 0x1, 0xf0, 0x80, 0x61, 0xe0,
    0xc, 0x40, 0x1e, 0x40, 0xd, 0xe0, 0x1e, 0x11,
    0x0, 0x63, 0x0, 0xf9, 0x40, 0x31, 0x0, 0x70,
    0x80, 0x71, 0x0, 0x73, 0x80, 0x79, 0x40, 0x31,
    0x80, 0x7e, 0xc0, 0xc, 0xa2, 0x1, 0x9c, 0x3,
    0x98, 0x3, 0x88, 0x3, 0xc6, 0x1, 0x94, 0x3,
    0xf2, 0x80, 0x46, 0x20, 0x1c, 0xe0, 0x1f, 0xfc,
    0x6d, 0x0, 0xde, 0x1, 0xf2, 0x90, 0x5, 0x60,
    0x20, 0x18, 0x40, 0x3f, 0xe2, 0x0, 0xe1, 0x40,
    0xc, 0x60, 0x1f, 0x40, 0x6, 0x70, 0xf0, 0xc,
    0x60, 0x1c, 0xc0, 0x1d, 0x40, 0x18, 0x74, 0x40,
    0x31, 0x80, 0x7a, 0x88, 0x2, 0x70, 0x1, 0x0,
    0x6f, 0x0, 0xe2, 0x10, 0xc, 0xee, 0x10, 0x4c,
    0x30, 0xe, 0xa0, 0xc, 0x36, 0xa0, 0x11, 0x40,
    0x1, 0x80, 0x32, 0x80, 0x79, 0x80, 0x3a, 0x3b,
    0xec, 0x80, 0x3c, 0x7a, 0xee, 0xae, 0x40, 0xd,
    0xc0, 0x11, 0x80, 0x63, 0x10, 0xe, 0x91, 0x0,
    0xff, 0x24, 0x80, 0x62, 0x88, 0x28, 0x7, 0x51,
    0x80, 0x64, 0x0, 0xcc, 0x1, 0xc3, 0xa0, 0x1f,
    0xcb, 0x6c, 0x20, 0x1f, 0xf5, 0xa8, 0x7, 0x68,
    0x6, 0x90, 0xf, 0x1e, 0x98, 0x7, 0x15, 0x50,
    0x1, 0x84, 0x1, 0xf9, 0x79, 0x0, 0x3c, 0xe0,
    0x18, 0x60, 0x3, 0xc5, 0x98, 0x97, 0x8b, 0xd5,
    0x0, 0x8b, 0x65, 0x4, 0x4, 0xe3, 0x68, 0x40,
    0x3e, 0x16, 0x0, 0xce, 0x60, 0x1f, 0x1b, 0x43,
    0xa0, 0x7, 0xcd, 0x7d, 0xfd, 0x8e, 0x40, 0x1f,
    0xe8, 0x0, 0xed, 0x10, 0xf, 0xfe, 0xc0, 0xc0,
    0x6, 0x1c, 0x10, 0xf, 0xfe, 0xc3, 0xa0, 0x6,
    0x2f, 0x40, 0xf, 0xfe, 0xc5, 0x10, 0x6, 0x1b,
    0x92, 0x0, 0xff, 0xe1, 0xa0, 0x7, 0xff, 0x18,
    0x70, 0x80, 0x39, 0xb6, 0x90, 0x3, 0xfc, 0x71,
    0xd6, 0x40, 0x1f, 0xfc, 0x61, 0xc3, 0x0, 0xf2,
    0xdf, 0xe4, 0xbb, 0x31, 0xe2, 0xfb, 0x1c, 0x42,
    0xc0, 0x3f, 0xf8, 0xe3, 0x8e, 0x1, 0xf8, 0xda,
    0x26, 0x50, 0xe8, 0x20, 0x19, 0x80, 0x3f, 0xf9,
    0x31, 0xaa, 0x1, 0xff, 0xc7, 0x41, 0x0, 0xff,
    0xe4, 0x95, 0x6b, 0x88, 0x7, 0xff, 0x9, 0x72,
    0xc4, 0x3, 0xff, 0x96, 0x51, 0xd9, 0x2a, 0x62,
    0x1, 0x9, 0x2b, 0xdf, 0xd1, 0x80, 0x7f, 0xf0,
    0x80,

    /* U+FF21 "Ａ" */
    0x0, 0xff, 0xe0, 0xbd, 0x57, 0xe4, 0x0, 0xff,
    0xe6, 0x8c, 0x2a, 0xfe, 0xf0, 0xf, 0xfe, 0x6b,
    0x80, 0x7f, 0x20, 0x80, 0x7f, 0xf3, 0x28, 0x3,
    0xfc, 0xc0, 0x1f, 0xfc, 0xb2, 0x30, 0xf, 0xf5,
    0x0, 0x7f, 0xf2, 0xd4, 0x3, 0x84, 0x3, 0x88,
    0x80, 0x1f, 0xfc, 0xaa, 0x0, 0xe8, 0x10, 0xe,
    0xa0, 0xf, 0xfe, 0x49, 0x90, 0x7, 0x3b, 0x80,
    0x39, 0x80, 0x3f, 0xf9, 0x36, 0x1, 0xc6, 0x3a,
    0x1, 0xc2, 0x80, 0x1f, 0xfc, 0x86, 0x0, 0xeb,
    0x4, 0x10, 0xe, 0xe0, 0xf, 0xfe, 0x3a, 0x8,
    0x7, 0x28, 0x1, 0xc0, 0x39, 0x40, 0x3f, 0xf8,
    0xfc, 0x1, 0xc4, 0x40, 0x6, 0x80, 0x79, 0x40,
    0x3f, 0xf8, 0xca, 0x1, 0xca, 0x1, 0x20, 0x7,
    0xb8, 0x3, 0xff, 0x8a, 0xa0, 0x1e, 0xb0, 0xc,
    0xa0, 0x1c, 0x82, 0x1, 0xff, 0xc4, 0xe0, 0xe,
    0x13, 0x0, 0xde, 0x1, 0xe6, 0x0, 0xff, 0xe1,
    0x8a, 0x0, 0x73, 0x80, 0x72, 0x80, 0x7a, 0x80,
    0x3f, 0xf8, 0x6e, 0x1, 0xed, 0x0, 0xf2, 0x80,
    0x71, 0x10, 0x3, 0xff, 0x85, 0x40, 0x1c, 0x28,
    0x1, 0xef, 0x0, 0xf5, 0x0, 0x7f, 0xf0, 0x48,
    0xc0, 0x39, 0xc0, 0x3e, 0x50, 0xf, 0x30, 0x7,
    0xff, 0x5, 0x40, 0x3d, 0xa0, 0x1f, 0x94, 0x3,
    0x85, 0x0, 0x3f, 0xf8, 0x14, 0x1, 0xc2, 0x80,
    0x1f, 0xbc, 0x3, 0xdc, 0x1, 0xff, 0x19, 0x0,
    0x71, 0xcc, 0xff, 0x60, 0x7, 0x94, 0x3, 0xfe,
    0xb0, 0xf, 0x13, 0x37, 0xf8, 0x3, 0xe5, 0x0,
    0xff, 0x30, 0x7, 0xff, 0x33, 0x80, 0x3f, 0x90,
    0x40, 0x3f, 0xf9, 0x88, 0x20, 0x1f, 0xb4, 0x3,
    0xff, 0x9c, 0xc0, 0x1f, 0x98, 0x3, 0xff, 0x9d,
    0x40, 0x1f, 0x28, 0x7, 0x8b, 0xff, 0xff, 0x83,
    0x40, 0x1e, 0x22, 0x0, 0x7b, 0x80, 0x3c, 0xa0,
    0x1f, 0xfc, 0x15, 0x0, 0xfa, 0x80, 0x38, 0x50,
    0x3, 0xd6, 0x1, 0xff, 0xc2, 0x50, 0xf, 0x30,
    0x7, 0x38, 0x7, 0x84, 0xc0, 0x3f, 0xf8, 0x5e,
    0x1, 0xe1, 0x40, 0xd, 0x40, 0x1e, 0x70, 0xf,
    0xfe, 0x1a, 0x80, 0x7d, 0xc0, 0x10, 0x98, 0x7,
    0xb4, 0x3, 0xff, 0x88, 0x80, 0x1e, 0x50, 0x9,
    0x80, 0x3e, 0x40, 0xf, 0xfe, 0x26, 0x80, 0x7c,
    0xa0, 0xa, 0x0, 0xf2, 0x80, 0x7f, 0xf1, 0x5c,
    0x3, 0xee, 0x3, 0x20, 0xf, 0x78, 0x7, 0xff,
    0x14, 0x50, 0x3, 0xc8, 0x27, 0xff, 0xf2, 0x80,
    0x7f, 0xf1, 0xaf, 0xff, 0xe1,

    /* U+FF22 "Ｂ" */
    0x17, 0x7f, 0xfe, 0x13, 0x2a, 0x10, 0x7, 0xfc,
    0x51, 0x1f, 0xfc, 0x29, 0xab, 0xdf, 0xc9, 0x30,
    0xf, 0xfe, 0x79, 0xb6, 0x6a, 0x0, 0x7f, 0xf4,
    0xa, 0xe0, 0x3, 0xff, 0xa2, 0xee, 0x0, 0xff,
    0xe8, 0xc0, 0x80, 0x7f, 0xf, 0xff, 0xed, 0xa5,
    0x0, 0xfd, 0x20, 0x1f, 0xfc, 0x62, 0x5a, 0xc0,
    0xf, 0x90, 0x3, 0xff, 0x92, 0x6e, 0x1, 0xe2,
    0x0, 0xff, 0xe5, 0x58, 0x7, 0xff, 0x44, 0x40,
    0x3c, 0x60, 0x1f, 0xfc, 0xa6, 0x0, 0xf2, 0x0,
    0x7f, 0xf2, 0xbc, 0x3, 0xda, 0x1, 0xff, 0xc9,
    0x94, 0x0, 0xe3, 0x40, 0xf, 0xf0, 0x8f, 0xc4,
    0x91, 0xcc, 0x1, 0xc3, 0xc0, 0x1f, 0xe1, 0xee,
    0xfb, 0x6d, 0xc4, 0x3, 0x87, 0x48, 0x3, 0xff,
    0x9c, 0xfe, 0x60, 0x1f, 0xfc, 0xe1, 0x24, 0x0,
    0xff, 0xe7, 0x8a, 0xd6, 0xa0, 0x7, 0xff, 0x40,
    0xae, 0x0, 0x3f, 0xd9, 0x9f, 0xae, 0x5c, 0xc0,
    0x3e, 0x77, 0x0, 0x7e, 0x13, 0x3f, 0xc8, 0xd1,
    0x98, 0x30, 0xf, 0x40, 0x80, 0x7f, 0xf2, 0xf,
    0x8, 0x3, 0xd2, 0x1, 0xff, 0xca, 0x80, 0xf,
    0x20, 0x7, 0xff, 0x29, 0xc0, 0x3c, 0x40, 0x1f,
    0xfc, 0xa3, 0x0, 0xf0, 0x80, 0x7f, 0xf2, 0x88,
    0x3, 0xc2, 0x1, 0xff, 0xca, 0xa0, 0xf, 0x18,
    0x7, 0xff, 0x25, 0x18, 0x3, 0xc8, 0x1, 0xff,
    0xc7, 0x18, 0xb0, 0xf, 0xb4, 0x3, 0xe1, 0x77,
    0xfa, 0x21, 0x5b, 0xce, 0x1, 0xf1, 0xa0, 0x7,
    0xe8, 0x8f, 0x9d, 0xca, 0x40, 0x1f, 0xdc, 0x1,
    0xff, 0xd0, 0xb2, 0x0, 0xff, 0xe7, 0x1e, 0xa0,
    0x7, 0xff, 0x35, 0x2f, 0x8, 0x3, 0xff, 0x90,
    0x26, 0xaf, 0x7f, 0x68, 0x1, 0xc0,

    /* U+FF23 "Ｃ" */
    0x0, 0xff, 0xe2, 0x9, 0x19, 0x88, 0x3, 0xff,
    0x94, 0x2b, 0x5b, 0xfd, 0xb9, 0x8d, 0xfd, 0x83,
    0x0, 0xff, 0xe2, 0x15, 0x75, 0x29, 0x0, 0x7c,
    0x4f, 0x98, 0x40, 0xf, 0xfe, 0x0, 0xce, 0xa8,
    0x7, 0xff, 0x8, 0xee, 0xc4, 0x1, 0xfc, 0x7e,
    0xc0, 0x1f, 0xfc, 0x64, 0xd4, 0x0, 0xf9, 0x30,
    0x40, 0x3f, 0xf9, 0x36, 0x40, 0x1c, 0x76, 0x1,
    0xff, 0x8, 0x80, 0x3f, 0xd2, 0x40, 0x18, 0x74,
    0x3, 0xf9, 0xaf, 0xba, 0xff, 0x5b, 0x0, 0x73,
    0x30, 0x3, 0xac, 0x40, 0x3e, 0x5e, 0x94, 0x10,
    0xc, 0x93, 0xce, 0x0, 0x49, 0x0, 0xe4, 0x50,
    0xf, 0xa6, 0x84, 0x3, 0xf8, 0x63, 0x12, 0xc0,
    0x3d, 0x0, 0x1f, 0x43, 0x0, 0x7f, 0xf0, 0x4e,
    0xc0, 0x3c, 0x66, 0x0, 0xf2, 0x38, 0x7, 0xff,
    0x2a, 0xc0, 0x3e, 0x90, 0xf, 0xfe, 0x5a, 0x80,
    0x79, 0x8, 0x3, 0xff, 0x96, 0x40, 0x1e, 0xd0,
    0xf, 0xfe, 0x59, 0x80, 0x7c, 0xe0, 0x1f, 0xfc,
    0xb5, 0x0, 0xf8, 0x40, 0x3f, 0xf9, 0x62, 0x1,
    0xe2, 0x0, 0xff, 0xe9, 0x88, 0x7, 0xff, 0x33,
    0xc0, 0x3f, 0xfa, 0x7e, 0x1, 0xe1, 0x0, 0xff,
    0xe6, 0x8, 0x7, 0x88, 0x3, 0xff, 0x98, 0x60,
    0x1f, 0x8, 0x7, 0xff, 0x2d, 0xc0, 0x3e, 0x40,
    0xf, 0xfe, 0x59, 0x0, 0x7d, 0xe0, 0x1f, 0xfc,
    0xc4, 0x0, 0xf2, 0x88, 0x7, 0xff, 0x2f, 0x40,
    0x3e, 0xb0, 0xf, 0xfe, 0x5b, 0x0, 0x7c, 0xaa,
    0x0, 0xff, 0xe2, 0x18, 0x7, 0x9c, 0x3, 0xea,
    0x50, 0xf, 0xfe, 0x8, 0xde, 0x18, 0x7, 0x48,
    0x80, 0x7d, 0x52, 0x1, 0xff, 0x37, 0xa0, 0x68,
    0x80, 0x61, 0xa0, 0xf, 0xcd, 0xd0, 0x60, 0x1c,
    0x4f, 0xb2, 0x20, 0x1, 0xd0, 0xe, 0x47, 0x0,
    0xfc, 0x2f, 0x9f, 0xdb, 0xaf, 0xd8, 0x20, 0xe,
    0x3a, 0x0, 0xe8, 0x60, 0xf, 0xf8, 0x48, 0x80,
    0x1f, 0xe1, 0x0, 0xf4, 0xc0, 0x7, 0xff, 0x29,
    0xac, 0x3, 0xe7, 0xc2, 0x0, 0xff, 0xe3, 0xd,
    0x48, 0x7, 0xf1, 0xec, 0x90, 0x7, 0xff, 0xd,
    0xbd, 0x40, 0x3f, 0xf8, 0xd, 0xb8, 0xe6, 0x1,
    0xfc, 0x93, 0xd2, 0x20, 0x1f, 0xfc, 0x33, 0x8c,
    0xfd, 0xbb, 0x55, 0x2f, 0x7e, 0xd8, 0x40, 0x3c,

    /* U+FF24 "Ｄ" */
    0xa, 0xaf, 0xfe, 0x4, 0xc3, 0x20, 0x80, 0x7f,
    0xf0, 0x85, 0x57, 0xff, 0x80, 0xcf, 0x37, 0xdb,
    0x48, 0x1, 0xff, 0xd1, 0x25, 0xbe, 0x70, 0xf,
    0xfe, 0x90, 0xc7, 0x28, 0x7, 0xff, 0x48, 0x6a,
    0x40, 0x3f, 0xfa, 0x6d, 0x60, 0x1f, 0xfc, 0x1,
    0xff, 0xed, 0xb8, 0x40, 0xf, 0xe4, 0x90, 0xf,
    0xfe, 0x29, 0x23, 0xdf, 0x40, 0x80, 0x7c, 0xca,
    0x1, 0xff, 0xc8, 0x17, 0xf3, 0x0, 0xfa, 0xc0,
    0x3f, 0xf9, 0x43, 0x86, 0x1, 0xe1, 0x70, 0xf,
    0xfe, 0x5e, 0x88, 0x7, 0xa4, 0x3, 0xff, 0x96,
    0x32, 0x1, 0xe1, 0x30, 0xf, 0xfe, 0x5b, 0x80,
    0x7c, 0x80, 0x1f, 0xfc, 0xc4, 0x0, 0xf6, 0x80,
    0x7f, 0xf3, 0xc, 0x3, 0xce, 0x1, 0xff, 0xcc,
    0xd0, 0xf, 0x10, 0x7, 0xff, 0x30, 0x40, 0x3f,
    0xfa, 0x6e, 0x1, 0xf0, 0x80, 0x7f, 0xfa, 0xdc,
    0x3, 0xe1, 0x0, 0xff, 0xe5, 0x88, 0x7, 0xff,
    0x4f, 0x40, 0x3c, 0x40, 0x1f, 0xfc, 0xc3, 0x0,
    0xf3, 0x80, 0x7f, 0xf3, 0x10, 0x3, 0xda, 0x1,
    0xff, 0xcb, 0x70, 0xf, 0x90, 0x3, 0xff, 0x94,
    0x32, 0x1, 0xe1, 0x30, 0xf, 0xfe, 0x55, 0x8,
    0x7, 0xa4, 0x3, 0xff, 0x95, 0x48, 0x1, 0xe1,
    0x70, 0xf, 0xfe, 0x42, 0x6a, 0x80, 0x7d, 0x0,
    0x1f, 0xfc, 0x63, 0x7d, 0xb2, 0x0, 0xf9, 0x18,
    0x3, 0xfc, 0x39, 0x9b, 0x7b, 0xf2, 0x8, 0x3,
    0xf1, 0xd8, 0x7, 0xff, 0x0, 0xcf, 0x10, 0x80,
    0x7f, 0xc7, 0xa0, 0x1f, 0xfd, 0x17, 0xc1, 0x0,
    0xff, 0xe7, 0x9e, 0x40, 0x7, 0xff, 0x38, 0x5b,
    0x30, 0x60, 0x1f, 0xfc, 0x91, 0x11, 0xb4, 0x67,
    0x49, 0x80, 0x7f, 0x80,

    /* U+FF25 "Ｅ" */
    0x3d, 0xdf, 0xfe, 0x60, 0xb9, 0x17, 0xff, 0x30,
    0x3, 0xff, 0xfe, 0x1, 0xff, 0xd9, 0x3f, 0xff,
    0xfe, 0x28, 0x80, 0x7f, 0xff, 0xc0, 0x3f, 0xff,
    0xe0, 0x1f, 0xfd, 0xc3, 0x3f, 0xfe, 0x8, 0x7,
    0xff, 0x0, 0xf3, 0x3f, 0xf8, 0x20, 0x1f, 0xff,
    0xf0, 0xf, 0xfe, 0xf1, 0x9f, 0xff, 0x4, 0x3,
    0xff, 0x80, 0x79, 0x9f, 0xfc, 0x10, 0xf, 0xff,
    0xf8, 0x7, 0xff, 0xfc, 0x3, 0xff, 0xf4, 0x7f,
    0xff, 0xfc, 0x5a, 0x0, 0xff, 0xe6, 0x88, 0x7,
    0xff, 0xfc, 0x3, 0xff, 0xa2,

    /* U+FF26 "Ｆ" */
    0xcd, 0xdf, 0xfe, 0x5c, 0x11, 0x7f, 0xf3, 0x4,
    0x3, 0xff, 0xfe, 0x1, 0xff, 0xd4, 0xdf, 0xff,
    0xfe, 0x24, 0x80, 0x7f, 0xff, 0xc0, 0x3f, 0xff,
    0xe0, 0x1f, 0xfe, 0xd1, 0x22, 0xff, 0xe0, 0x8,
    0x7, 0xfd, 0x9b, 0xbf, 0xfc, 0xb, 0x0, 0xff,
    0xff, 0x80, 0x7f, 0xf6, 0x8, 0xbf, 0xf8, 0x40,
    0x1f, 0xf7, 0xee, 0xff, 0xf0, 0x20, 0x3, 0xff,
    0xfe, 0x1, 0xff, 0xff, 0x0, 0xff, 0xff, 0x80,
    0x7f, 0xff, 0xc0, 0x3f, 0xfa, 0x3b, 0x99, 0xe2,
    0x0, 0xff, 0xe2, 0x80,

    /* U+FF27 "Ｇ" */
    0x0, 0xff, 0xe2, 0x91, 0x98, 0x84, 0x3, 0xff,
    0x98, 0xb5, 0xbf, 0xb9, 0x8d, 0xef, 0xda, 0x50,
    0xf, 0xfe, 0x29, 0xd7, 0xd2, 0x90, 0x7, 0xc4,
    0xb5, 0xf2, 0x20, 0x1f, 0xfc, 0x1, 0xac, 0x50,
    0xf, 0xfe, 0x1b, 0x73, 0x80, 0x7f, 0x97, 0xd4,
    0x3, 0xff, 0x8f, 0x18, 0x20, 0x1f, 0x3d, 0x8,
    0x7, 0xff, 0x24, 0xec, 0x3, 0xcf, 0x0, 0x1f,
    0xf0, 0x8c, 0x1, 0xfc, 0x56, 0x1, 0xc9, 0x0,
    0x1f, 0xcd, 0x7d, 0xdb, 0xf6, 0x50, 0x3, 0xf,
    0x88, 0x6, 0x1a, 0x0, 0xfc, 0xdd, 0x28, 0x20,
    0x18, 0x9a, 0xf0, 0xc0, 0x1a, 0x40, 0x1d, 0x62,
    0x1, 0xf5, 0xc8, 0x80, 0x7f, 0x8f, 0x1e, 0xcc,
    0x3, 0x89, 0x40, 0x3e, 0xc4, 0x0, 0xff, 0xe1,
    0x42, 0x0, 0x7a, 0x0, 0x3e, 0x93, 0x0, 0xff,
    0xe5, 0xa8, 0x7, 0x8d, 0x80, 0x3f, 0xf9, 0x6a,
    0x1, 0xf4, 0x0, 0x7f, 0xf3, 0x30, 0x3, 0xc4,
    0x80, 0x1f, 0xfc, 0xc5, 0x0, 0xf2, 0x0, 0x7f,
    0xf3, 0x48, 0x3, 0xd8, 0x1, 0xff, 0xcd, 0x10,
    0xf, 0x30, 0x7, 0xf3, 0x66, 0x7f, 0xf0, 0x50,
    0x40, 0x3e, 0x10, 0xf, 0xef, 0x33, 0xff, 0xe0,
    0x90, 0x7, 0xff, 0xd8, 0x40, 0x3e, 0x60, 0xf,
    0xfe, 0x68, 0x80, 0x78, 0x80, 0x3f, 0xf9, 0xa4,
    0x1, 0xec, 0x0, 0xfe, 0x9f, 0xff, 0x84, 0x3,
    0xe5, 0x0, 0xf2, 0x80, 0x7f, 0xf3, 0x70, 0x3,
    0xe6, 0x0, 0xff, 0xe6, 0x28, 0x7, 0xd0, 0x1,
    0xff, 0xcd, 0x50, 0xf, 0xd, 0x0, 0x7f, 0xf3,
    0x20, 0x3, 0xe5, 0x90, 0xf, 0xfe, 0x59, 0x28,
    0x7, 0xcd, 0x62, 0x1, 0xff, 0xca, 0xb1, 0x0,
    0xf9, 0x3a, 0x8, 0x3, 0xf9, 0xc4, 0x3, 0xf8,
    0x74, 0x3, 0xf9, 0xf7, 0x52, 0xec, 0xad, 0x17,
    0xf0, 0x1, 0xff, 0x1d, 0x80, 0x7f, 0x89, 0xa2,
    0x6a, 0x5d, 0x0, 0x3f, 0xf8, 0x49, 0x62, 0x1,
    0xff, 0xcc, 0x20, 0xf, 0x26, 0x18, 0x7, 0xff,
    0x24, 0xb1, 0x0, 0x3e, 0x2c, 0xa2, 0x0, 0xff,
    0xe2, 0x8c, 0x69, 0x80, 0x7f, 0x97, 0x6d, 0x40,
    0x3f, 0xf8, 0x25, 0x1c, 0xe0, 0x1f, 0xfc, 0x24,
    0xaf, 0xc9, 0x65, 0x43, 0x32, 0x2b, 0xd6, 0xe9,
    0xc0, 0x38,

    /* U+FF28 "Ｈ" */
    0x1a, 0xaf, 0x48, 0x7, 0xff, 0x12, 0x6a, 0xbc,
    0x26, 0xab, 0xe7, 0x0, 0xff, 0xe2, 0x3a, 0xaf,
    0x8c, 0x3, 0xff, 0xfe, 0x1, 0xff, 0xff, 0x0,
    0xff, 0xff, 0x80, 0x7f, 0xff, 0xc0, 0x3f, 0xff,
    0xe0, 0x1f, 0xfc, 0x41, 0x88, 0xff, 0xe2, 0x8,
    0x7, 0xff, 0xd, 0xdf, 0xff, 0x88, 0x1, 0xff,
    0xff, 0x0, 0xff, 0xfc, 0xaa, 0xff, 0xf1, 0x0,
    0x3f, 0xf8, 0x63, 0x55, 0xff, 0xc4, 0x10, 0xf,
    0xff, 0xf8, 0x7, 0xff, 0xfc, 0x3, 0xff, 0xfe,
    0x1, 0xff, 0xff, 0x0, 0xff, 0xff, 0x80, 0x7f,
    0xff, 0xc0, 0x38,

    /* U+FF29 "Ｉ" */
    0x1e, 0xef, 0xfe, 0x73, 0x0, 0x8f, 0xff, 0x3c,
    0x3, 0xff, 0xfe, 0x1, 0xff, 0xd9, 0x1e, 0xef,
    0xe8, 0x0, 0xf2, 0x77, 0x7f, 0x38, 0x8, 0xff,
    0x80, 0x3c, 0x23, 0xfe, 0x0, 0xff, 0xff, 0x80,
    0x7f, 0xff, 0xc0, 0x3f, 0xff, 0xe0, 0x1f, 0xff,
    0xf0, 0xf, 0xff, 0xf8, 0x7, 0xff, 0xfc, 0x3,
    0xff, 0xfe, 0x1, 0xff, 0xff, 0x0, 0xff, 0xe2,
    0x8f, 0x77, 0xf4, 0x80, 0x79, 0x7b, 0xbf, 0x98,
    0x4, 0x7f, 0x80, 0x3f, 0x8, 0xff, 0x80, 0x3f,
    0xff, 0xe0, 0x1f, 0xfd, 0x90,

    /* U+FF2A "Ｊ" */
    0x0, 0xff, 0xe2, 0xab, 0xbf, 0x88, 0x3, 0xff,
    0x8b, 0x11, 0xf3, 0x0, 0x7f, 0xff, 0xc0, 0x3f,
    0xff, 0xe0, 0x1f, 0xff, 0xf0, 0xf, 0xff, 0xf8,
    0x7, 0xff, 0xfc, 0x3, 0xff, 0xfe, 0x1, 0xff,
    0xff, 0x0, 0xff, 0xfb, 0x98, 0x7, 0xff, 0x2c,
    0x44, 0x1, 0xe6, 0x0, 0x8b, 0x24, 0x3, 0xfc,
    0x80, 0x1f, 0x10, 0x1, 0x30, 0xd9, 0xc0, 0x3f,
    0xa0, 0x3, 0xc6, 0x0, 0x8b, 0x10, 0x4, 0x50,
    0x80, 0x70, 0xe1, 0x0, 0x79, 0x2, 0x5c, 0x3,
    0x97, 0xa9, 0xd5, 0xeb, 0x8c, 0x3, 0xe9, 0xb,
    0x0, 0xfc, 0xb1, 0x50, 0xa0, 0x1f, 0x98, 0x40,
    0xb0, 0x3, 0xff, 0x8e, 0x30, 0x1, 0x1e, 0x8,
    0x7, 0xff, 0x10, 0x70, 0x40, 0x31, 0xe1, 0x80,
    0x7f, 0xf0, 0x8b, 0x8, 0x3, 0xc5, 0x94, 0x60,
    0x1f, 0xe1, 0x8d, 0x20, 0xf, 0xe5, 0xcd, 0x96,
    0x43, 0x32, 0x2c, 0x5f, 0x38, 0x7, 0x80,

    /* U+FF2B "Ｋ" */
    0x8a, 0xaf, 0x18, 0x7, 0xff, 0x5, 0x6a, 0xbe,
    0x50, 0x2, 0x2a, 0xf9, 0xc0, 0x3f, 0xf8, 0x9,
    0x4a, 0xbe, 0x15, 0x0, 0xff, 0xe4, 0x9d, 0x80,
    0x78, 0xa8, 0x3, 0xff, 0x92, 0x5a, 0x1, 0xe1,
    0xc1, 0x0, 0xff, 0xe4, 0xe, 0x8, 0x7, 0xb0,
    0x40, 0x3f, 0xf9, 0x38, 0x20, 0x1e, 0xb2, 0x0,
    0xff, 0xe4, 0xd9, 0x0, 0x7a, 0x90, 0x3, 0xff,
    0x93, 0x48, 0x1, 0xe8, 0x50, 0xf, 0xfe, 0x4c,
    0xa8, 0x7, 0x99, 0xc0, 0x3f, 0xf9, 0x2e, 0xc0,
    0x1e, 0x59, 0x0, 0xff, 0xe4, 0xac, 0x0, 0x78,
    0xe8, 0x3, 0xff, 0x92, 0x94, 0x1, 0xe2, 0xd0,
    0xf, 0xfe, 0x49, 0xd8, 0x7, 0x87, 0xc4, 0x3,
    0xff, 0x90, 0x5a, 0x1, 0xf6, 0x90, 0x7, 0xff,
    0x20, 0x7c, 0x40, 0x3c, 0xe6, 0x1, 0xff, 0xc8,
    0x1d, 0x20, 0xf, 0x98, 0x40, 0x3f, 0xf9, 0x16,
    0x60, 0x1f, 0x86, 0x80, 0x3f, 0xf9, 0x2, 0x1,
    0xfe, 0x46, 0x0, 0xff, 0xe9, 0xc8, 0x80, 0x7f,
    0xf3, 0x4, 0x3, 0xd4, 0x1, 0xff, 0xcb, 0xab,
    0x0, 0xf2, 0x30, 0x7, 0xff, 0x26, 0x55, 0x60,
    0xf, 0x49, 0x0, 0x7f, 0xf1, 0xdd, 0x80, 0x16,
    0x20, 0x1e, 0xe0, 0xf, 0xfe, 0x32, 0xc0, 0x4,
    0x36, 0x1, 0xe3, 0x70, 0xf, 0xfe, 0x22, 0x50,
    0x7, 0x2a, 0x80, 0x3d, 0x4, 0x1, 0xff, 0xc2,
    0x3b, 0x0, 0xfa, 0xc4, 0x3, 0xdc, 0x1, 0xff,
    0xc2, 0x80, 0xf, 0xc3, 0x60, 0x1e, 0x37, 0x0,
    0xff, 0xe5, 0xaa, 0x80, 0x3d, 0x4, 0x1, 0xff,
    0xcb, 0xb1, 0x0, 0xf7, 0x0, 0x7f, 0xf2, 0xc6,
    0xc0, 0x3c, 0x6e, 0x1, 0xff, 0xcb, 0x54, 0x0,
    0xf4, 0x10, 0x7, 0xff, 0x2e, 0x84, 0x3, 0xde,
    0x1, 0xff, 0xcb, 0x1b, 0x0, 0xf1, 0x40, 0x7,
    0xff, 0x2d, 0x50, 0x3, 0xce, 0x60, 0x1f, 0xfc,
    0xba, 0x10, 0xf, 0x70, 0x7, 0xff, 0x2c, 0x60,
    0x3, 0xc5, 0x0,

    /* U+FF2C "Ｌ" */
    0x8a, 0xaf, 0x18, 0x7, 0xff, 0x15, 0x15, 0x7c,
    0xc0, 0x1f, 0xff, 0xf0, 0xf, 0xff, 0xf8, 0x7,
    0xff, 0xfc, 0x3, 0xff, 0xfe, 0x1, 0xff, 0xff,
    0x0, 0xff, 0xff, 0x80, 0x7f, 0xff, 0xc0, 0x3f,
    0xff, 0xe0, 0x1f, 0xff, 0xf0, 0xf, 0xff, 0x2d,
    0x7f, 0xff, 0xf1, 0x10, 0x3, 0xff, 0x98, 0x20,
    0x1f, 0xff, 0xf0, 0xf, 0xfe, 0x68,

    /* U+FF2D "Ｍ" */
    0x9a, 0xaf, 0x80, 0x3f, 0xf8, 0xe3, 0x55, 0xf4,
    0xba, 0xaf, 0xcc, 0x1, 0xff, 0xc6, 0x65, 0x5f,
    0x9c, 0x3, 0xf5, 0x80, 0x7f, 0xf1, 0xa4, 0x3,
    0xff, 0x88, 0x4a, 0x1, 0xff, 0xc4, 0x51, 0x0,
    0xff, 0xe2, 0xc8, 0x7, 0xff, 0x13, 0x80, 0x3f,
    0xf8, 0xc6, 0x60, 0xf, 0xfe, 0x11, 0x20, 0x7,
    0xff, 0x1e, 0x40, 0x3f, 0xf8, 0x56, 0x1, 0xff,
    0xc8, 0x51, 0x0, 0xff, 0xe0, 0xb0, 0x7, 0xff,
    0x26, 0x40, 0x3f, 0xf8, 0xc, 0x1, 0xff, 0xc4,
    0x20, 0xe, 0x60, 0xf, 0xfe, 0x5, 0x80, 0x71,
    0x0, 0x7f, 0x99, 0x0, 0x30, 0xb0, 0x7, 0xf9,
    0x8, 0x3, 0x30, 0x7, 0xfc, 0xdc, 0x1, 0xd6,
    0x1, 0xfe, 0xf0, 0xe, 0xa3, 0x0, 0xff, 0x1a,
    0x88, 0x6, 0x24, 0x0, 0xfc, 0x48, 0x1, 0x8c,
    0xc2, 0x1, 0xfe, 0x10, 0x60, 0xe, 0xf0, 0xf,
    0xd4, 0x1, 0xd2, 0x20, 0x1f, 0xfc, 0x1, 0xa0,
    0xe, 0x42, 0x0, 0xf9, 0x80, 0x30, 0xa9, 0x0,
    0x7f, 0xf0, 0xc, 0x90, 0x3, 0xac, 0x3, 0xcc,
    0x20, 0x19, 0x81, 0xc0, 0x3f, 0xf8, 0x2, 0x1c,
    0x1, 0xcc, 0x20, 0x1d, 0x40, 0x1d, 0x40, 0x20,
    0x1f, 0xfc, 0x7, 0x5, 0x10, 0xe, 0x60, 0xc,
    0x66, 0x0, 0xc8, 0x40, 0x60, 0x1f, 0xfc, 0x1,
    0x0, 0x48, 0x7, 0x50, 0x6, 0xa0, 0xe, 0xf0,
    0x0, 0x80, 0x7f, 0xf0, 0xc, 0x0, 0xc0, 0x1c,
    0x48, 0x1, 0x30, 0x6, 0x24, 0x0, 0x78, 0x7,
    0xff, 0xc, 0x58, 0x3, 0xb8, 0x0, 0xc0, 0x1d,
    0x60, 0x1f, 0xfc, 0x8b, 0x0, 0xe5, 0x10, 0xb0,
    0xe, 0x60, 0x8, 0x40, 0x3f, 0xf8, 0x84, 0x80,
    0x1c, 0xe6, 0x40, 0x19, 0xc0, 0x3f, 0xf9, 0x50,
    0x1, 0xd5, 0x40, 0xe, 0x90, 0xf, 0xfe, 0x51,
    0x98, 0x3, 0x1b, 0x0, 0x65, 0x10, 0xf, 0xfe,
    0x5c, 0x80, 0x7f, 0xa4, 0x3, 0xff, 0x98, 0xa2,
    0x1, 0xf8, 0xcc, 0x1, 0xff, 0xcd, 0x90, 0xf,
    0xd2, 0x1, 0xff, 0xce, 0x70, 0xf, 0x85, 0x40,
    0x3f, 0xf9, 0xec, 0x1, 0xe9, 0x0, 0xff, 0xe8,
    0x58, 0x7, 0x98, 0x3, 0xff, 0xa0, 0x4a, 0x1,
    0x98, 0x40, 0x3f, 0xfa, 0x32, 0x67, 0xac, 0x3,
    0xff, 0xa4, 0x79, 0x98, 0x80, 0x3f, 0xff, 0xe0,
    0x1f, 0xfc, 0x0,

    /* U+FF2E "Ｎ" */
    0xaa, 0xf9, 0x0, 0x3f, 0xf8, 0x71, 0x55, 0xe5,
    0x5f, 0xa8, 0x40, 0x3f, 0xf8, 0x48, 0xab, 0xe0,
    0xf, 0x86, 0x0, 0x3f, 0xfa, 0x2c, 0x80, 0x1f,
    0xfd, 0x19, 0x0, 0xff, 0xe8, 0x94, 0x0, 0x7f,
    0xf4, 0x5c, 0xc0, 0x3f, 0xfa, 0x3e, 0x1, 0xff,
    0xd1, 0x37, 0x0, 0xff, 0xe5, 0xa8, 0x7, 0x41,
    0x0, 0x7f, 0xf2, 0xa0, 0x3, 0xd2, 0x1, 0xff,
    0xcb, 0x80, 0xe, 0x45, 0x0, 0xff, 0xe4, 0x8b,
    0x90, 0x7, 0x58, 0x80, 0x7f, 0xf2, 0x18, 0x24,
    0x3, 0x86, 0xc0, 0x3f, 0xf9, 0x6, 0x8, 0x80,
    0xe, 0x54, 0x0, 0xf3, 0x80, 0x7f, 0xf0, 0x4,
    0x1, 0x20, 0x1e, 0x90, 0xf, 0xfe, 0x3f, 0x80,
    0x9, 0xc0, 0x38, 0xa0, 0x3, 0xff, 0x8c, 0x20,
    0x14, 0x8, 0x7, 0x39, 0x80, 0x61, 0x0, 0xff,
    0xe0, 0x18, 0x6, 0xb0, 0xf, 0x70, 0x7, 0xff,
    0x14, 0x40, 0x32, 0xa0, 0x7, 0x13, 0x80, 0x46,
    0x1, 0xff, 0xc6, 0xa0, 0xf, 0x40, 0x80, 0x4,
    0x3, 0xff, 0x8c, 0x32, 0x1, 0xe8, 0x0, 0x70,
    0x7, 0xff, 0x1, 0xc0, 0x3c, 0xc6, 0x1, 0xcc,
    0x60, 0x60, 0x1f, 0xfc, 0x8e, 0x0, 0xf7, 0x80,
    0x80, 0x7f, 0xf2, 0x9, 0xc0, 0x38, 0xd5, 0x80,
    0x3f, 0xf9, 0x30, 0x40, 0x1d, 0x66, 0x1, 0xff,
    0xca, 0x90, 0xe, 0x19, 0x0, 0xff, 0xe5, 0x22,
    0x80, 0x73, 0x80, 0x7f, 0xf2, 0xec, 0x40, 0x3f,
    0xfa, 0x3, 0x0, 0x1f, 0xfd, 0x16, 0x40, 0xf,
    0xfe, 0x8c, 0x80, 0x7f, 0xf4, 0x4a, 0x0, 0x3f,
    0xfa, 0x2e, 0x40, 0x1f, 0xfd, 0x1e, 0x0, 0xff,
    0xe8, 0x9b, 0x0, 0x7c,

    /* U+FF2F "Ｏ" */
    0x0, 0xff, 0xe1, 0x89, 0x19, 0x88, 0x40, 0x3f,
    0xf9, 0xc4, 0xf7, 0xdc, 0xdc, 0xc6, 0xf7, 0xe4,
    0x18, 0x7, 0xff, 0x21, 0x33, 0x61, 0x4, 0x3,
    0xe3, 0x7c, 0xe7, 0x0, 0xff, 0xe2, 0x16, 0x59,
    0x80, 0x7f, 0xf0, 0x86, 0x39, 0x0, 0x3f, 0xf8,
    0x2b, 0xa6, 0x1, 0xff, 0xc6, 0x1b, 0x90, 0xf,
    0xf9, 0xe8, 0x3, 0xff, 0x94, 0xd6, 0x1, 0xfc,
    0xb0, 0x1, 0xff, 0x8, 0x80, 0x3f, 0xe4, 0xa0,
    0xf, 0x8e, 0x80, 0x3f, 0x14, 0x6f, 0xf7, 0x3f,
    0xa9, 0x0, 0x3f, 0x2b, 0x80, 0x7b, 0xc0, 0x3f,
    0x46, 0xb9, 0x0, 0x61, 0x5b, 0xc2, 0x0, 0xfa,
    0x8, 0x3, 0x31, 0x80, 0x7d, 0x6e, 0x1, 0xfe,
    0x3c, 0x30, 0xf, 0xa0, 0x3, 0x58, 0x7, 0xd4,
    0x80, 0x1f, 0xfc, 0x1, 0xd1, 0x0, 0xf2, 0x90,
    0x1, 0x8, 0x3, 0xca, 0xa0, 0xf, 0xfe, 0x10,
    0xd0, 0x7, 0xd4, 0x0, 0xc0, 0xf, 0xac, 0x3,
    0xff, 0x88, 0x86, 0x1, 0xe5, 0x0, 0x28, 0x7,
    0x94, 0x40, 0x3f, 0xf8, 0xb2, 0x1, 0xe2, 0x20,
    0x10, 0x7, 0xbc, 0x3, 0xff, 0x8c, 0xa0, 0x1f,
    0x39, 0x80, 0x7c, 0x80, 0x1f, 0xfc, 0x73, 0x0,
    0xf1, 0x30, 0x7, 0xc2, 0x1, 0xff, 0xc7, 0x50,
    0xf, 0x69, 0x80, 0x78, 0x80, 0x3f, 0xf9, 0x1c,
    0x1, 0xf0, 0x80, 0x78, 0x40, 0x3f, 0xf9, 0xe2,
    0x1, 0xff, 0xd8, 0x10, 0xf, 0x8, 0x7, 0xff,
    0x40, 0xc0, 0x3c, 0x60, 0x1f, 0xfc, 0x8e, 0x0,
    0xf0, 0xb0, 0x7, 0x84, 0x40, 0x1f, 0xfc, 0x72,
    0x0, 0xf1, 0x10, 0x3, 0xe5, 0x0, 0xff, 0xe3,
    0xa0, 0x7, 0xb8, 0x44, 0x1, 0xed, 0x0, 0xff,
    0xe3, 0x18, 0x7, 0xca, 0x8, 0x1, 0xe7, 0x0,
    0xff, 0xe3, 0x50, 0x7, 0x84, 0xc3, 0xc0, 0x3c,
    0x2e, 0x1, 0xff, 0xc4, 0x26, 0x0, 0xf2, 0x0,
    0x14, 0x40, 0x3d, 0x4, 0x1, 0xff, 0xc3, 0x90,
    0xf, 0xb8, 0x2, 0x60, 0xf, 0xbc, 0x40, 0x3f,
    0xf8, 0x30, 0x80, 0x1e, 0x24, 0x0, 0xa4, 0x40,
    0x3c, 0x58, 0x40, 0x1f, 0xf4, 0x38, 0x7, 0xd0,
    0x1, 0x86, 0xc0, 0x3e, 0x2d, 0x70, 0xf, 0xc9,
    0x8e, 0x1, 0xf1, 0xa8, 0x7, 0x2a, 0x80, 0x3f,
    0x47, 0xd3, 0xb2, 0xb4, 0xed, 0x98, 0x7, 0xc3,
    0xc0, 0x1f, 0x51, 0x80, 0x7f, 0x2c, 0x4d, 0x4b,
    0x10, 0x7, 0xf5, 0x10, 0x7, 0xec, 0x40, 0xf,
    0xfe, 0x5d, 0xa0, 0x7, 0xfa, 0xdc, 0x3, 0xff,
    0x90, 0x58, 0x80, 0x1f, 0xfc, 0x8, 0xc3, 0x0,
    0xff, 0xe2, 0xbe, 0x98, 0x7, 0xff, 0x8, 0xf2,
    0xd4, 0x3, 0xff, 0x80, 0x51, 0xd0, 0x1, 0xff,
    0xc6, 0x4a, 0xfb, 0x86, 0x43, 0x32, 0x2b, 0xd6,
    0xe9, 0xc4, 0x3, 0xf8,

    /* U+FF30 "Ｐ" */
    0xaa, 0xff, 0xe1, 0x4c, 0x3a, 0x90, 0x7, 0xf9,
    0x57, 0xff, 0x84, 0xcf, 0x15, 0xbd, 0x4a, 0x1,
    0xff, 0xce, 0x15, 0xae, 0x50, 0xf, 0xfe, 0x78,
    0xd5, 0x80, 0x7f, 0xf4, 0x13, 0x0, 0x3f, 0xfa,
    0x7, 0x20, 0x1f, 0xdb, 0xff, 0xf6, 0xd3, 0x0,
    0x7e, 0x62, 0x0, 0xff, 0xe2, 0x12, 0xcf, 0xa8,
    0x7, 0xd6, 0x1, 0xff, 0xc8, 0xa5, 0x0, 0xf2,
    0x0, 0x7f, 0xf2, 0x6c, 0x3, 0xc4, 0x1, 0xff,
    0xc9, 0x12, 0x0, 0xf1, 0x0, 0x7f, 0xf2, 0x44,
    0x3, 0xc2, 0x1, 0xff, 0xc9, 0x10, 0xf, 0x8,
    0x7, 0xff, 0x24, 0x80, 0x3c, 0x60, 0x1f, 0xfc,
    0x85, 0x0, 0xf0, 0x88, 0x3, 0xff, 0x8e, 0x36,
    0x1, 0xe4, 0x0, 0xff, 0xe3, 0xa7, 0x88, 0x7,
    0xb8, 0x3, 0xff, 0x84, 0x24, 0x8f, 0xb6, 0x20,
    0x1e, 0x34, 0x0, 0xfd, 0xbf, 0xfd, 0xdb, 0x70,
    0x40, 0x1f, 0xf, 0x0, 0x7f, 0xf3, 0xf4, 0x80,
    0x3f, 0xf9, 0xa5, 0xa6, 0x1, 0xff, 0xcc, 0x18,
    0xd2, 0x0, 0xff, 0xe5, 0xa5, 0x73, 0x80, 0x7f,
    0xf0, 0x59, 0xbc, 0xee, 0x8a, 0xdf, 0xb5, 0x0,
    0xff, 0xe1, 0xdc, 0xcf, 0x44, 0x1d, 0x48, 0x3,
    0xff, 0xfe, 0x1, 0xff, 0xff, 0x0, 0xff, 0xff,
    0x80, 0x7f, 0xff, 0xc0, 0x3f, 0xfa, 0x5b, 0x99,
    0xe2, 0x0, 0xff, 0xe4, 0x80,

    /* U+FF31 "Ｑ" */
    0x0, 0xff, 0xe1, 0x89, 0x19, 0x88, 0x3, 0xff,
    0xa2, 0x93, 0x9f, 0xdb, 0x98, 0xdf, 0xeb, 0x62,
    0x0, 0xff, 0xe5, 0x3f, 0x5b, 0x18, 0x7, 0xc2,
    0x93, 0xb6, 0x80, 0x1f, 0xfc, 0x65, 0xe8, 0x10,
    0xf, 0xfe, 0x12, 0x5d, 0x84, 0x3, 0xff, 0x87,
    0x54, 0x10, 0xf, 0xfe, 0x32, 0x72, 0x0, 0x7f,
    0xf0, 0x71, 0x40, 0x3f, 0xf9, 0x56, 0xc0, 0x1f,
    0xf5, 0x98, 0x7, 0xfc, 0x22, 0x0, 0xff, 0xa5,
    0x0, 0x3f, 0x9d, 0x0, 0x3f, 0x25, 0x77, 0xf7,
    0x3f, 0x60, 0x40, 0x3f, 0x59, 0x0, 0x7c, 0x50,
    0x1, 0xf0, 0xdd, 0x94, 0x40, 0x31, 0x3f, 0x40,
    0x7, 0xe9, 0x0, 0xfa, 0x40, 0x3e, 0x3f, 0x40,
    0xf, 0xf3, 0xd8, 0x7, 0xc8, 0xa0, 0x1c, 0x48,
    0x1, 0xe1, 0xd1, 0x0, 0xff, 0xe0, 0x25, 0x0,
    0x7d, 0x20, 0x1d, 0x60, 0x1f, 0x50, 0x80, 0x7f,
    0xf0, 0x95, 0x40, 0x1e, 0x33, 0x0, 0x67, 0x0,
    0xf1, 0xa0, 0x7, 0xff, 0x12, 0x0, 0x3e, 0xb0,
    0x8, 0x84, 0x3, 0xd2, 0x1, 0xff, 0xc5, 0x24,
    0x0, 0xf2, 0x0, 0x4e, 0x1, 0xf2, 0x80, 0x7f,
    0xf1, 0xb4, 0x3, 0xc6, 0x1, 0x68, 0x7, 0x8c,
    0x3, 0xff, 0x8e, 0x80, 0x1f, 0x10, 0x0, 0x80,
    0x3c, 0xc0, 0x1f, 0xfc, 0x72, 0x0, 0xf9, 0x80,
    0x2, 0x1, 0xe2, 0x0, 0xff, 0xe4, 0x8, 0x7,
    0x84, 0x3, 0xfb, 0xc0, 0x3f, 0xf9, 0x6, 0x1,
    0xe3, 0x0, 0xff, 0xf1, 0xf8, 0x7, 0xff, 0x20,
    0xc0, 0x3c, 0x60, 0x1, 0x0, 0xf0, 0x80, 0x7f,
    0xf2, 0x4, 0x3, 0xc2, 0x0, 0x20, 0xf, 0x28,
    0x7, 0xff, 0x1c, 0x80, 0x3e, 0x60, 0x6, 0x80,
    0x78, 0xc0, 0x3f, 0xf8, 0xee, 0x1, 0xf1, 0x0,
    0x1c, 0x3, 0xe3, 0x0, 0xff, 0xe3, 0x78, 0x7,
    0x8c, 0x2, 0x21, 0x0, 0xf5, 0x0, 0x7f, 0xf1,
    0x94, 0x3, 0xc8, 0x1, 0x9c, 0x3, 0xcc, 0x20,
    0x1f, 0xfc, 0x47, 0x0, 0xfa, 0x80, 0x35, 0x80,
    0x7d, 0x0, 0x1f, 0xfc, 0x31, 0x90, 0xf, 0x19,
    0x0, 0x62, 0x40, 0xf, 0x32, 0x80, 0x7f, 0xf0,
    0xa8, 0x40, 0x3d, 0x20, 0x1e, 0x90, 0xf, 0xa9,
    0x40, 0x3f, 0xf8, 0x16, 0x80, 0x1e, 0x35, 0x0,
    0xf1, 0x38, 0x7, 0xd5, 0x22, 0x1, 0xf9, 0x35,
    0x0, 0x3e, 0xe0, 0xf, 0xd0, 0x60, 0x1f, 0x37,
    0x53, 0x19, 0x11, 0x1f, 0x2c, 0x80, 0x3e, 0x92,
    0x0, 0xfe, 0xd2, 0x0, 0xfc, 0xb3, 0x9b, 0xab,
    0x83, 0x0, 0xfc, 0xec, 0x1, 0xfe, 0x1c, 0x30,
    0xf, 0xfe, 0x54, 0x40, 0x3, 0xff, 0x80, 0x38,
    0xe0, 0x1f, 0xfc, 0x71, 0xb7, 0x0, 0xff, 0xe1,
    0xc6, 0x20, 0x7, 0xff, 0x11, 0xf9, 0x0, 0x3f,
    0xf8, 0xa7, 0x7a, 0xe4, 0x1, 0xfe, 0x49, 0xf8,
    0x0, 0xff, 0xe4, 0x94, 0x6f, 0x40, 0x7, 0xd1,
    0x6c, 0x1, 0xff, 0xce, 0x17, 0x30, 0xf, 0x43,
    0x80, 0x7f, 0xf4, 0x78, 0x3, 0xe8, 0xc4, 0x0,
    0xff, 0xe7, 0x95, 0x0, 0x7c, 0x77, 0xb0, 0xa4,
    0x20, 0x2, 0x59, 0x40, 0xf, 0xfe, 0x2a, 0xc0,
    0x7, 0xe2, 0x7a, 0xde, 0xff, 0x6d, 0x36, 0x80,
    0x7f, 0xf1, 0x9e, 0x40, 0x3f, 0xf8, 0xa8, 0x1,
    0xff, 0xc7, 0x6c, 0x10, 0xf, 0xfe, 0x19, 0x8,
    0x7, 0xff, 0x1c, 0xf9, 0xc0, 0x3f, 0xf8, 0x68,
    0x1, 0xff, 0xc9, 0x8e, 0x93, 0x0, 0xff, 0x88,
    0x40, 0x3f, 0xf9, 0x42, 0xd9, 0xf9, 0x2e, 0xcd,
    0xa2, 0xbb, 0x50,

    /* U+FF32 "Ｒ" */
    0xa, 0xaf, 0xfe, 0x14, 0xc9, 0xd4, 0x80, 0x3f,
    0xe1, 0x55, 0xff, 0xe1, 0x33, 0x22, 0xb7, 0xed,
    0x40, 0x3f, 0xfa, 0x29, 0x5c, 0xc0, 0x1f, 0xfd,
    0x11, 0x9b, 0x0, 0xff, 0xe9, 0x25, 0x80, 0x7f,
    0xf4, 0x92, 0x0, 0x3f, 0xcb, 0xff, 0xfb, 0x69,
    0x80, 0x3f, 0x38, 0x80, 0x7f, 0xf1, 0x89, 0x67,
    0xd8, 0x3, 0xe7, 0x0, 0xff, 0xe5, 0x4a, 0x0,
    0x7b, 0x0, 0x3f, 0xf9, 0x7e, 0x1, 0xe7, 0x0,
    0xff, 0xe5, 0xa8, 0x7, 0x8c, 0x3, 0xff, 0xd4,
    0x40, 0x1e, 0x30, 0xf, 0xfe, 0x5d, 0x80, 0x79,
    0xc0, 0x3f, 0xf9, 0x46, 0xe0, 0x1e, 0xc0, 0xf,
    0xfe, 0x4b, 0x60, 0x7, 0xce, 0x1, 0xff, 0xc4,
    0x12, 0x58, 0xd9, 0x0, 0xf9, 0xc4, 0x3, 0xf9,
    0x7f, 0xfd, 0xdb, 0x4e, 0x40, 0x1f, 0x14, 0x0,
    0x7f, 0xf4, 0xb, 0x0, 0x3f, 0xfa, 0xb, 0xa2,
    0x1, 0xff, 0xce, 0x3b, 0xa0, 0xf, 0xfe, 0x7d,
    0xe2, 0x0, 0x7f, 0xf0, 0x89, 0x9b, 0xc4, 0x1,
    0xe8, 0x0, 0xff, 0xe2, 0x3c, 0xcf, 0xb8, 0x3,
    0xc6, 0xe0, 0x1f, 0xfc, 0xa3, 0x60, 0xf, 0x41,
    0x0, 0x7f, 0xf2, 0xa4, 0x40, 0x3d, 0xc0, 0x1f,
    0xfc, 0xbb, 0x0, 0xf1, 0xb8, 0x7, 0xff, 0x29,
    0x54, 0x1, 0xe8, 0x20, 0xf, 0xfe, 0x55, 0x80,
    0x7d, 0xc0, 0x1f, 0xfc, 0xa1, 0x90, 0xf, 0x1b,
    0x0, 0x7f, 0xf2, 0x98, 0xc0, 0x3d, 0x24, 0x1,
    0xff, 0xca, 0xe0, 0xf, 0xb8, 0x3, 0xff, 0x94,
    0x4e, 0x1, 0xe3, 0x60, 0xf, 0xfe, 0x54, 0x10,
    0x7, 0xa4, 0x80, 0x3f, 0xf9, 0x5c, 0x1, 0xf4,
    0x80, 0x7f, 0xf2, 0x8d, 0x80, 0x3c, 0x8c, 0x3f,
    0xfe, 0xa0, 0xf, 0xfe, 0x14, 0xff, 0xfc, 0xc0,

    /* U+FF33 "Ｓ" */
    0x0, 0xff, 0xe0, 0x89, 0x19, 0x88, 0x3, 0xff,
    0x92, 0x71, 0x9f, 0xdb, 0x98, 0xdf, 0xea, 0x72,
    0x0, 0xff, 0xe1, 0x26, 0x61, 0xcc, 0x3, 0xe1,
    0x58, 0xdc, 0x50, 0xf, 0xf0, 0xdd, 0x8c, 0x3,
    0xff, 0x84, 0x75, 0xa8, 0x1, 0xf0, 0xe2, 0x0,
    0x7f, 0xf1, 0x8a, 0xe4, 0x3, 0xd8, 0x40, 0x1f,
    0xfc, 0x96, 0x90, 0xd, 0x24, 0x1, 0xfc, 0x23,
    0x0, 0x7f, 0x86, 0x0, 0x21, 0x60, 0xf, 0x96,
    0xfb, 0xb7, 0xec, 0xa8, 0x7, 0xa8, 0x40, 0x26,
    0x0, 0xfa, 0xe9, 0x4, 0x3, 0x13, 0x57, 0x38,
    0x5, 0x28, 0x1, 0xb0, 0x3, 0xce, 0x80, 0x1f,
    0xe1, 0x8d, 0x35, 0x60, 0xe, 0x60, 0xf, 0x68,
    0x7, 0xff, 0x4, 0xb2, 0x80, 0x3f, 0xf8, 0x24,
    0x1, 0xff, 0xca, 0x60, 0xf, 0x49, 0x0, 0x7f,
    0xf2, 0x4c, 0x3, 0xc3, 0xae, 0x1, 0xff, 0xc8,
    0xa0, 0xf, 0xd1, 0xf2, 0x60, 0x1f, 0xfc, 0x52,
    0x50, 0xf, 0xe6, 0xcd, 0x82, 0x0, 0xff, 0xe1,
    0xd8, 0x80, 0x7f, 0x89, 0xf7, 0x4e, 0x40, 0x1f,
    0xfc, 0x1, 0xc1, 0x0, 0xff, 0xe0, 0x14, 0x6e,
    0x28, 0x7, 0xfc, 0x58, 0x60, 0x1f, 0xfc, 0x23,
    0xae, 0x60, 0xf, 0xf1, 0x64, 0x0, 0x7f, 0xf0,
    0xc6, 0x70, 0x40, 0x3f, 0xcf, 0xd0, 0x20, 0x1f,
    0xfc, 0x23, 0xf2, 0x0, 0xff, 0xb, 0xf6, 0x30,
    0x80, 0x7f, 0xf0, 0x7, 0xc0, 0x3f, 0xf8, 0x27,
    0x3d, 0x6a, 0x1, 0xff, 0x14, 0x80, 0x7f, 0xf0,
    0xd2, 0xbe, 0x90, 0x3, 0xf9, 0x84, 0x3, 0xff,
    0x8a, 0xb7, 0xa8, 0x1, 0xf9, 0xc0, 0x3f, 0xf8,
    0xe5, 0x70, 0x1, 0xf6, 0x0, 0x7f, 0xf2, 0x5d,
    0x0, 0x3c, 0x20, 0x18, 0xc0, 0x3f, 0xf8, 0xb8,
    0x1, 0xfe, 0x4c, 0xc1, 0x0, 0x7f, 0xf0, 0xf8,
    0x3, 0xc2, 0x0, 0x2a, 0x3, 0xd8, 0x10, 0xf,
    0xfe, 0x0, 0xb8, 0x7, 0xb4, 0x1, 0xe2, 0x1,
    0x3f, 0x49, 0x80, 0x7f, 0x2f, 0x88, 0x7, 0x94,
    0x2c, 0x80, 0x3c, 0xd9, 0xd5, 0xc, 0xac, 0xf5,
    0xd4, 0x20, 0x1e, 0x52, 0x44, 0x0, 0x7f, 0xa,
    0xbc, 0xd4, 0xc2, 0x88, 0x7, 0xeb, 0x4, 0xa0,
    0xf, 0xfe, 0x6d, 0x88, 0x1, 0x79, 0x40, 0x3f,
    0xf9, 0x23, 0x68, 0x1, 0x86, 0xb1, 0x0, 0x3f,
    0xf8, 0xcb, 0xe8, 0x1, 0xf1, 0xde, 0xb9, 0x0,
    0x7f, 0xf0, 0x5b, 0x28, 0x40, 0x3f, 0xc5, 0x1b,
    0xd7, 0xc, 0x86, 0x72, 0x34, 0x67, 0xc9, 0x80,
    0x78,

    /* U+FF34 "Ｔ" */
    0x9d, 0xdf, 0xfe, 0x91, 0x91, 0x7f, 0xf4, 0xdc,
    0x3, 0xff, 0xfe, 0x1, 0xff, 0xe9, 0xbf, 0xff,
    0xf8, 0x80, 0x3d, 0x5f, 0xff, 0xf2, 0x0, 0x7f,
    0xff, 0xc0, 0x3f, 0xff, 0xe0, 0x1f, 0xff, 0xf0,
    0xf, 0xff, 0xf8, 0x7, 0xff, 0xfc, 0x3, 0xff,
    0xfe, 0x1, 0xff, 0xff, 0x0, 0xff, 0xff, 0x80,
    0x7f, 0xff, 0xc0, 0x3f, 0xff, 0xe0, 0x1f, 0xff,
    0xf0, 0xf, 0xff, 0xf8, 0x7, 0xe7, 0x22, 0xf0,
    0x80, 0x7f, 0xf0, 0x0,

    /* U+FF35 "Ｕ" */
    0x7, 0x7f, 0x30, 0x7, 0xff, 0x11, 0x5d, 0xfc,
    0x43, 0x11, 0xeb, 0x0, 0xff, 0xe2, 0x44, 0x7c,
    0xc0, 0x1f, 0xff, 0xf0, 0xf, 0xff, 0xf8, 0x7,
    0xff, 0xfc, 0x3, 0xff, 0xfe, 0x1, 0xff, 0xff,
    0x0, 0xff, 0xff, 0x80, 0x7f, 0xff, 0xc0, 0x3f,
    0xff, 0xe0, 0x1f, 0x84, 0x3, 0xc6, 0x1, 0xff,
    0xcb, 0x70, 0xf, 0xfe, 0x61, 0x80, 0x7e, 0x10,
    0xe, 0x10, 0xf, 0xfe, 0x20, 0x80, 0x78, 0x80,
    0x80, 0x3c, 0x60, 0x1f, 0xfc, 0x23, 0x0, 0xf8,
    0x41, 0x40, 0x3c, 0x80, 0x1f, 0xfc, 0x24, 0x0,
    0xf1, 0x80, 0x3c, 0x3, 0xd4, 0x1, 0xff, 0xc2,
    0xa0, 0xf, 0x28, 0x1, 0xc0, 0x3c, 0x4c, 0x1,
    0xff, 0xc0, 0x62, 0x0, 0xf6, 0x80, 0x4, 0xc0,
    0x3d, 0x26, 0x1, 0xfe, 0x39, 0x0, 0xf0, 0xa0,
    0x5, 0x20, 0x1f, 0x63, 0x80, 0x7e, 0x7c, 0x0,
    0xfa, 0x40, 0x32, 0x98, 0x7, 0xd1, 0xd4, 0xec,
    0xc7, 0xae, 0x80, 0xf, 0x85, 0xc0, 0x3b, 0xc0,
    0x3f, 0xa, 0xc4, 0xca, 0x14, 0x40, 0x3f, 0x58,
    0x7, 0x8e, 0x40, 0x3f, 0xf9, 0x50, 0xa0, 0x1f,
    0x34, 0x80, 0x7f, 0xf2, 0x21, 0xc0, 0x3f, 0x9b,
    0x8, 0x3, 0xff, 0x88, 0x56, 0xe0, 0x1f, 0xf1,
    0xec, 0x98, 0x7, 0xff, 0x0, 0xeb, 0x50, 0x3,
    0xff, 0x84, 0xd9, 0xd6, 0xea, 0x86, 0x64, 0x67,
    0xbf, 0xc5, 0x0, 0xfc,

    /* U+FF36 "Ｖ" */
    0x6a, 0xaf, 0x48, 0x7, 0xff, 0x19, 0xaa, 0xbc,
    0xc4, 0xab, 0xe6, 0x20, 0xf, 0xfe, 0x2d, 0xaa,
    0xf8, 0x90, 0x40, 0x3c, 0xa0, 0x1f, 0xfc, 0x43,
    0x20, 0xe, 0x14, 0x7, 0x0, 0xf5, 0x80, 0x7f,
    0xf1, 0x2c, 0x3, 0xce, 0x0, 0xa0, 0xf, 0x19,
    0x0, 0x7f, 0xf0, 0xd4, 0x3, 0xd4, 0x0, 0x31,
    0x0, 0xf2, 0x80, 0x7f, 0xf0, 0x88, 0x80, 0x1c,
    0x26, 0x1, 0x30, 0x7, 0xac, 0x3, 0xff, 0x84,
    0xa0, 0x1e, 0x60, 0xd, 0x60, 0x1e, 0x31, 0x0,
    0xff, 0xe0, 0xd8, 0x7, 0xa8, 0x3, 0x19, 0x0,
    0x79, 0xc0, 0x3f, 0xf8, 0x2, 0x60, 0x1c, 0x44,
    0x0, 0xea, 0x0, 0xf6, 0x80, 0x7f, 0xf0, 0x1c,
    0x3, 0xd4, 0x1, 0xe5, 0x0, 0xf2, 0x8, 0x7,
    0xfd, 0xa0, 0x1e, 0x50, 0xf, 0x11, 0x80, 0x79,
    0xc0, 0x3f, 0xc2, 0x80, 0x1c, 0x64, 0x1, 0xf5,
    0x80, 0x7b, 0x40, 0x3f, 0xce, 0x1, 0xea, 0x0,
    0xfc, 0xc0, 0x1e, 0x40, 0xf, 0xf6, 0x80, 0x79,
    0xc0, 0x3f, 0xa, 0x0, 0x79, 0x40, 0x3f, 0x90,
    0x3, 0x90, 0x40, 0x3f, 0xb4, 0x3, 0xde, 0x1,
    0xf9, 0x40, 0x3d, 0xc0, 0x1f, 0xe7, 0x0, 0xf2,
    0x80, 0x7e, 0xf0, 0xf, 0x28, 0x7, 0xf8, 0x50,
    0x3, 0xca, 0x1, 0xf2, 0x80, 0x72, 0x80, 0x7f,
    0xf0, 0x38, 0x3, 0xde, 0x1, 0xe4, 0x0, 0xf7,
    0x80, 0x7f, 0xf0, 0x14, 0x3, 0xc8, 0x1, 0xed,
    0x0, 0xf2, 0x80, 0x7f, 0xf0, 0x54, 0x3, 0x85,
    0x0, 0x39, 0xc0, 0x39, 0x80, 0x3f, 0xf8, 0x5c,
    0x1, 0xed, 0x0, 0xc8, 0x20, 0x1d, 0xa0, 0x1f,
    0xfc, 0x24, 0x10, 0xe, 0x70, 0xd, 0xa0, 0x1c,
    0x28, 0x1, 0xff, 0xc3, 0x70, 0xe, 0x13, 0x0,
    0x9c, 0x3, 0x9c, 0x3, 0xff, 0x89, 0x40, 0x1e,
    0xb0, 0x1, 0x88, 0x7, 0x50, 0x7, 0xff, 0x10,
    0xc4, 0x3, 0x94, 0x1, 0x60, 0x1c, 0x46, 0x1,
    0xff, 0xc5, 0x60, 0xe, 0x22, 0x2, 0x80, 0x72,
    0x80, 0x7f, 0xf1, 0xac, 0x3, 0xca, 0x44, 0x0,
    0xea, 0x0, 0xff, 0xe3, 0x19, 0x0, 0x75, 0xa8,
    0x7, 0x19, 0x0, 0x7f, 0xf1, 0xe8, 0x3, 0x8e,
    0x40, 0x3a, 0xc0, 0x3f, 0xf9, 0xa, 0x1, 0xe1,
    0x0, 0xe6, 0x0, 0xff, 0xe4, 0x11, 0x80, 0x7f,
    0x8c, 0x40, 0x3f, 0xf9, 0x36, 0x1, 0xfe, 0xa0,
    0xf, 0xfe, 0x53, 0x0, 0x7f, 0x9c, 0x3, 0xff,
    0x94, 0x28, 0x1, 0xf9, 0x4, 0x3, 0xff, 0x97,
    0xa0, 0x1f, 0xb8, 0x3, 0xff, 0x80,

    /* U+FF37 "Ｗ" */
    0x4a, 0xaf, 0x48, 0x7, 0xff, 0x6, 0x6a, 0xb8,
    0xc0, 0x3f, 0xf8, 0x9, 0x55, 0xe3, 0x75, 0x5f,
    0x30, 0x7, 0xff, 0x0, 0x59, 0x57, 0xac, 0x3,
    0xff, 0x81, 0xaa, 0xbe, 0x13, 0x0, 0xf8, 0xc0,
    0x3f, 0xe4, 0x0, 0xf2, 0x0, 0x7f, 0xf0, 0x14,
    0x3, 0x84, 0x80, 0xc0, 0x3c, 0xa0, 0x1f, 0xf7,
    0x80, 0x78, 0xc4, 0x3, 0xfe, 0x30, 0xe, 0x50,
    0x2, 0x0, 0x7b, 0xc0, 0x3f, 0xe4, 0x0, 0xf9,
    0x0, 0x3f, 0xc6, 0x1, 0xec, 0x0, 0x68, 0x7,
    0x90, 0x3, 0xfc, 0x62, 0x1, 0xf7, 0x80, 0x7f,
    0x94, 0x3, 0xc6, 0x0, 0x40, 0xf, 0x10, 0x7,
    0xf9, 0x0, 0x3f, 0x20, 0x7, 0xfb, 0x0, 0x3c,
    0x80, 0x1, 0x20, 0xf, 0x18, 0x7, 0xf6, 0x0,
    0x7e, 0x12, 0x0, 0xfe, 0x70, 0xe, 0x20, 0xc,
    0xe0, 0x1e, 0x50, 0xf, 0xe4, 0x0, 0xfe, 0x50,
    0xf, 0xe2, 0x0, 0xe4, 0x0, 0xd8, 0x1, 0xec,
    0x0, 0xfc, 0x80, 0x1f, 0xec, 0x0, 0xfc, 0x80,
    0x1e, 0xf0, 0xc, 0x80, 0x1e, 0x70, 0xf, 0xd8,
    0x1, 0x8c, 0xc0, 0x19, 0x0, 0x3f, 0x18, 0x7,
    0x90, 0x3, 0x10, 0x7, 0x88, 0x3, 0xf2, 0x80,
    0x65, 0x50, 0x7, 0x20, 0x7, 0xda, 0x1, 0xc2,
    0x40, 0x1c, 0x80, 0x1e, 0x30, 0xf, 0x9, 0x0,
    0x6c, 0xf0, 0xe, 0xc0, 0xf, 0x90, 0x3, 0x94,
    0x3, 0xd8, 0x1, 0xe5, 0x0, 0xf2, 0x0, 0x73,
    0xa0, 0x7, 0x20, 0x7, 0x84, 0x40, 0x1d, 0x80,
    0x1e, 0x30, 0xf, 0x60, 0x7, 0xbc, 0x3, 0x88,
    0x82, 0x1, 0x8c, 0x40, 0x39, 0x40, 0x3c, 0x60,
    0x1e, 0x40, 0xf, 0x38, 0x7, 0x90, 0x3, 0x20,
    0x1, 0x40, 0x39, 0x0, 0x3b, 0x0, 0x3c, 0x80,
    0x1f, 0x18, 0x7, 0x10, 0x7, 0x10, 0x80, 0x6c,
    0x0, 0x60, 0x7, 0x60, 0x7, 0x18, 0x7, 0x10,
    0x7, 0xe5, 0x0, 0xf1, 0x80, 0x65, 0x0, 0xe4,
    0x0, 0x20, 0x7, 0x38, 0x7, 0x28, 0x7, 0x20,
    0x7, 0xec, 0x0, 0xf2, 0x0, 0x6c, 0x0, 0xe3,
    0x0, 0x18, 0x7, 0x9, 0x0, 0x42, 0x20, 0xe,
    0xf0, 0xf, 0xc8, 0x1, 0xed, 0x0, 0xc8, 0x1,
    0x90, 0x3, 0x20, 0x7, 0x20, 0x4, 0xa0, 0x1e,
    0x40, 0xf, 0xc2, 0x20, 0xe, 0x70, 0x8, 0xc0,
    0x3b, 0x0, 0x36, 0x0, 0x76, 0x0, 0x46, 0x1,
    0xc2, 0x40, 0x1f, 0xc8, 0x1, 0xc4, 0x1, 0x20,
    0x7, 0x20, 0x6, 0x40, 0xe, 0x40, 0xb, 0x40,
    0x39, 0x40, 0x3f, 0xd8, 0x1, 0xe3, 0x0, 0x60,
    0x7, 0x18, 0x6, 0x30, 0xe, 0x13, 0x0, 0x38,
    0x7, 0x60, 0x7, 0xf9, 0x40, 0x3c, 0x80, 0x4,
    0x0, 0xc8, 0x1, 0xe4, 0x0, 0xe4, 0x0, 0x10,
    0x7, 0x18, 0x7, 0xf8, 0xc0, 0x3d, 0xa0, 0x60,
    0x1d, 0x80, 0x1e, 0xd0, 0xe, 0xc0, 0x20, 0xf,
    0x20, 0x7, 0xfc, 0x80, 0x1c, 0xe0, 0x80, 0x1c,
    0x80, 0x1e, 0x40, 0xe, 0x50, 0x70, 0xe, 0x20,
    0xf, 0xfe, 0x6, 0x0, 0x71, 0xe, 0x0, 0x61,
    0x30, 0xf, 0x10, 0x80, 0x61, 0x2d, 0x0, 0xe4,
    0x0, 0xff, 0xe0, 0x18, 0x7, 0x95, 0x40, 0x19,
    0x0, 0x3f, 0x20, 0x7, 0x21, 0x80, 0x77, 0x80,
    0x7f, 0xf0, 0x10, 0x3, 0xde, 0x20, 0x1b, 0x0,
    0x3f, 0x60, 0x7, 0x6a, 0x80, 0x72, 0x0, 0x7f,
    0xf0, 0x4c, 0x3, 0x90, 0x3, 0x90, 0x3, 0xf2,
    0x0, 0x72, 0x8, 0x6, 0x12, 0x0, 0xff, 0xe0,
    0xa8, 0x7, 0xf8, 0x48, 0x3, 0xf1, 0x10, 0x3,
    0xfc, 0xa0, 0x1f, 0xfc, 0x2c, 0x0, 0xff, 0x20,
    0x7, 0xf9, 0x0, 0x3f, 0xd8, 0x1, 0xff, 0xc2,
    0x40, 0xf, 0xf7, 0x80, 0x7f, 0xb0, 0x3, 0xfc,
    0x60, 0x1f, 0xfc, 0x21, 0x10, 0x7, 0xf2, 0x0,
    0x7f, 0x90, 0x3, 0xfc, 0x80, 0x1f, 0xfc, 0x34,
    0x0, 0xfc, 0x42, 0x1, 0xfe, 0x12, 0x0, 0xfc,
    0x40, 0x1f, 0xfc, 0x4c, 0x0, 0xfc, 0x80, 0x1f,
    0xfc, 0x5, 0x0, 0xfc, 0x80, 0x1f, 0x80,

    /* U+FF38 "Ｘ" */
    0x9, 0xaa, 0xf4, 0x80, 0x7f, 0xf0, 0x9a, 0xab,
    0xd2, 0x0, 0xf5, 0x5f, 0x33, 0x0, 0x3f, 0xf8,
    0x3, 0x2a, 0xbe, 0xc0, 0x3, 0x18, 0x7, 0xa0,
    0x40, 0x3f, 0xe8, 0x0, 0xf2, 0x28, 0x5, 0xc0,
    0x1e, 0x18, 0x0, 0xff, 0x13, 0x0, 0x7a, 0x40,
    0x31, 0x38, 0x7, 0x98, 0x80, 0x3f, 0xa4, 0x3,
    0xce, 0x40, 0x1d, 0x2, 0x1, 0xe9, 0x0, 0xfc,
    0x88, 0x0, 0xe2, 0x80, 0xf, 0xa8, 0x3, 0xc8,
    0x80, 0xf, 0xa0, 0x3, 0xd2, 0x1, 0xf9, 0x10,
    0x1, 0xe9, 0x0, 0xf2, 0x98, 0x7, 0x2a, 0x0,
    0x7f, 0x50, 0x7, 0x89, 0xc0, 0x3a, 0xc0, 0x3d,
    0x60, 0x1f, 0xe1, 0x80, 0xf, 0x40, 0x80, 0x4e,
    0x20, 0x1d, 0x22, 0x1, 0xff, 0x39, 0x0, 0x7a,
    0x0, 0x3, 0x0, 0x1c, 0x6c, 0x1, 0xff, 0xc1,
    0xe0, 0xf, 0x31, 0x84, 0x0, 0x7b, 0xc0, 0x3f,
    0xf8, 0x46, 0xc0, 0x1e, 0xf2, 0x60, 0xe, 0x63,
    0x0, 0xff, 0xe1, 0xc0, 0x80, 0x71, 0xf8, 0x7,
    0xc, 0x0, 0x7f, 0xf1, 0x6, 0xc0, 0x3c, 0x40,
    0x1d, 0x62, 0x1, 0xff, 0xc5, 0x54, 0x0, 0xff,
    0x22, 0x80, 0x7f, 0xf1, 0xe4, 0x3, 0xfd, 0x20,
    0x1f, 0xfc, 0x82, 0x70, 0xf, 0xce, 0x40, 0x1f,
    0xfc, 0x94, 0x0, 0xfc, 0x40, 0x1f, 0xfc, 0x96,
    0x30, 0xf, 0xca, 0x80, 0x1f, 0xfc, 0x71, 0x80,
    0xf, 0xf5, 0x0, 0x7f, 0xf1, 0xec, 0x40, 0x3f,
    0xc3, 0x20, 0x1f, 0xfc, 0x54, 0x50, 0xe, 0x50,
    0xf, 0x31, 0x80, 0x7f, 0xf1, 0x28, 0x3, 0x86,
    0x9c, 0x3, 0xdc, 0x1, 0xff, 0xc3, 0x91, 0x0,
    0xeb, 0x8, 0x10, 0xe, 0x27, 0x0, 0xff, 0xe0,
    0x9b, 0x0, 0x71, 0xa8, 0x2, 0x0, 0x3d, 0x4,
    0x1, 0xff, 0xc0, 0xe0, 0xf, 0x78, 0x4, 0xc6,
    0x1, 0xee, 0x0, 0xff, 0x9c, 0x80, 0x39, 0x4c,
    0x3, 0x78, 0x7, 0x8d, 0x80, 0x3f, 0x8a, 0x0,
    0x3d, 0x60, 0x1c, 0x6a, 0x1, 0xe9, 0x10, 0xf,
    0xdc, 0x1, 0xe7, 0x10, 0xf, 0x58, 0x7, 0xd6,
    0x1, 0xf3, 0x18, 0x7, 0xc, 0x0, 0x7c, 0x30,
    0x1, 0xe5, 0x50, 0x7, 0xc, 0x0, 0x7a, 0x0,
    0x3f, 0x9c, 0x80, 0x3d, 0x60, 0x1d, 0x62, 0x1,
    0xc4, 0xc0, 0x1f, 0xe9, 0x0, 0xf0, 0xc8, 0x4,
    0x8a, 0x1, 0xe9, 0x0, 0xff, 0x91, 0x0, 0x1e,
    0x63, 0x0, 0x50, 0x7, 0x91, 0x0, 0x1f, 0xfc,
    0x9, 0x0, 0xfb, 0x82, 0x44, 0x3, 0xd2, 0x1,
    0xff, 0xc1, 0x27, 0x0, 0xf1, 0x40,

    /* U+FF39 "Ｙ" */
    0x7a, 0xaf, 0x40, 0x7, 0xff, 0x12, 0xab, 0xe3,
    0x32, 0xaf, 0x9c, 0xc0, 0x3f, 0xf8, 0x4e, 0xab,
    0xe7, 0x34, 0x40, 0x7, 0xa0, 0x3, 0xff, 0x85,
    0x20, 0x1e, 0x80, 0x4, 0x0, 0x79, 0xc, 0x3,
    0xff, 0x80, 0xe2, 0x1, 0xc6, 0xa0, 0x3, 0x50,
    0xf, 0x78, 0x7, 0xff, 0x2, 0x40, 0x3d, 0x0,
    0x1a, 0x0, 0x3c, 0x68, 0x1, 0xfe, 0x71, 0x0,
    0xe4, 0x40, 0x6, 0x26, 0x0, 0xf4, 0x0, 0x7f,
    0xa4, 0x3, 0xd2, 0x1, 0xe8, 0x0, 0xf1, 0xa0,
    0x7, 0xe7, 0x10, 0xe, 0x62, 0x0, 0xf0, 0xb8,
    0x7, 0xa0, 0x3, 0xf4, 0x80, 0x7a, 0x0, 0x3f,
    0x40, 0x80, 0x71, 0xa0, 0x7, 0x9c, 0x40, 0x39,
    0xc4, 0x3, 0xfa, 0x0, 0x3d, 0xe0, 0x1e, 0x90,
    0xe, 0x18, 0x0, 0xff, 0x31, 0x0, 0x72, 0x18,
    0x6, 0x71, 0x0, 0xe9, 0x0, 0xff, 0xe0, 0x40,
    0x7, 0xa4, 0x3, 0x48, 0x7, 0x13, 0x80, 0x7f,
    0xf0, 0x14, 0xc0, 0x39, 0x48, 0x0, 0xc2, 0x1,
    0xd0, 0x1, 0xff, 0xc2, 0x80, 0xf, 0x58, 0x2,
    0x0, 0x38, 0xd4, 0x3, 0xff, 0x84, 0x88, 0x0,
    0xe6, 0x16, 0x10, 0xe, 0x80, 0xf, 0xfe, 0x24,
    0x80, 0x7a, 0x20, 0x1, 0xc8, 0x80, 0xf, 0xfe,
    0x21, 0x28, 0x7, 0x30, 0x80, 0x74, 0x80, 0x7f,
    0xf1, 0xac, 0x3, 0xfe, 0x62, 0x0, 0xff, 0xe3,
    0xb, 0x80, 0x7f, 0xa0, 0x3, 0xff, 0x91, 0x22,
    0x1, 0xf9, 0xc4, 0x3, 0xff, 0x90, 0x32, 0x1,
    0xf0, 0xc0, 0x7, 0xff, 0x29, 0xc4, 0x3, 0xd2,
    0x1, 0xff, 0xcc, 0x20, 0xf, 0x18, 0x7, 0xff,
    0xfc, 0x3, 0xff, 0xfe, 0x1, 0xff, 0xff, 0x0,
    0xff, 0xff, 0x80, 0x7f, 0xff, 0xc0, 0x3f, 0xf9,
    0x20,

    /* U+FF3A "Ｚ" */
    0x0, 0x3e, 0xef, 0xff, 0x37, 0x0, 0x2f, 0x22,
    0xff, 0xe7, 0x0, 0x7f, 0xff, 0xc0, 0x3f, 0xf8,
    0x4a, 0x1, 0xff, 0xd0, 0x1a, 0x0, 0xa3, 0xff,
    0xff, 0x88, 0xe0, 0x1f, 0x50, 0x80, 0x7f, 0xf1,
    0xcd, 0xc0, 0x3c, 0xc8, 0x1, 0xff, 0xc7, 0x1d,
    0x0, 0xf1, 0xc8, 0x7, 0xff, 0x22, 0x84, 0x3,
    0xdc, 0x1, 0xff, 0xc8, 0x64, 0x0, 0xf5, 0x10,
    0x7, 0xff, 0x1c, 0xe4, 0x3, 0xca, 0xa0, 0xf,
    0xfe, 0x47, 0x0, 0x78, 0xa8, 0x3, 0xff, 0x91,
    0x44, 0x1, 0xee, 0x0, 0xff, 0xe4, 0x2a, 0x80,
    0x3d, 0x26, 0x1, 0xff, 0xc7, 0x2a, 0x0, 0xf2,
    0xb0, 0x7, 0xff, 0x23, 0x80, 0x3c, 0x36, 0x1,
    0xff, 0xc8, 0x93, 0x0, 0xf6, 0x88, 0x7, 0xff,
    0x1d, 0x18, 0x3, 0xd0, 0x60, 0x1f, 0xfc, 0x71,
    0xa0, 0xf, 0x23, 0x80, 0x7f, 0xf2, 0x34, 0x40,
    0x38, 0x68, 0x3, 0xff, 0x91, 0x6, 0x1, 0xea,
    0x10, 0xf, 0xfe, 0x39, 0xb8, 0x7, 0x9d, 0x0,
    0x3f, 0xf8, 0xe3, 0xa0, 0x1e, 0x38, 0x0, 0xff,
    0xe4, 0x50, 0x80, 0x7b, 0x80, 0x3f, 0xf9, 0xe,
    0x80, 0x1e, 0xa2, 0x0, 0xff, 0xe3, 0x9c, 0x0,
    0x79, 0x94, 0x3, 0xff, 0x91, 0xc0, 0x1e, 0x29,
    0x0, 0xff, 0xe4, 0x51, 0x0, 0x7b, 0xc0, 0x3f,
    0xf9, 0xc, 0xa0, 0x1e, 0x92, 0x0, 0xff, 0xe3,
    0x94, 0x80, 0x7d, 0x3f, 0xff, 0xfc, 0x66, 0xf,
    0x0, 0xff, 0xe7, 0x88, 0x10, 0x7, 0xff, 0xfc,
    0x3, 0xff, 0xbe,

    /* U+FF3B "［" */
    0xcd, 0xdf, 0xf9, 0x88, 0xbf, 0xf8, 0x1c, 0x1,
    0xff, 0xcd, 0xf0, 0xe, 0xaf, 0xff, 0x38, 0x7,
    0xff, 0xfc, 0x3, 0xff, 0xfe, 0x1, 0xff, 0xff,
    0x0, 0xff, 0xff, 0x80, 0x7f, 0xff, 0xc0, 0x3f,
    0xff, 0xe0, 0x1f, 0xfc, 0xb8, 0xcc, 0xf3, 0x0,
    0x71, 0x19, 0xfb, 0x80, 0x3f, 0xf9, 0xc0,

    /* U+FF3C "＼" */
    0x6, 0x50, 0xf, 0xfe, 0xfa, 0xcd, 0x28, 0x7,
    0xff, 0x79, 0x8, 0x29, 0x40, 0x3f, 0xfb, 0xa3,
    0x84, 0x14, 0xa0, 0x1f, 0xfd, 0xd1, 0xc2, 0xa,
    0x50, 0xf, 0xfe, 0xe8, 0xe1, 0x5, 0x28, 0x7,
    0xff, 0x74, 0x70, 0x82, 0x94, 0x3, 0xff, 0xba,
    0x38, 0x41, 0x4a, 0x1, 0xff, 0xdd, 0x1c, 0x20,
    0xa5, 0x0, 0xff, 0xee, 0x8e, 0x10, 0x52, 0x80,
    0x7f, 0xf7, 0x47, 0x8, 0x29, 0x40, 0x3f, 0xfb,
    0xa3, 0x84, 0x14, 0xa0, 0x1f, 0xfd, 0xd1, 0xc2,
    0xa, 0x50, 0xf, 0xfe, 0xe8, 0xe1, 0x5, 0x28,
    0x7, 0xff, 0x74, 0x70, 0x82, 0x94, 0x3, 0xff,
    0xba, 0x38, 0x41, 0x4a, 0x1, 0xff, 0xdd, 0x1c,
    0x20, 0xa5, 0x0, 0xff, 0xee, 0x8e, 0x10, 0x52,
    0x80, 0x7f, 0xf7, 0x47, 0x8, 0x29, 0x40, 0x3f,
    0xfb, 0xa3, 0x84, 0x14, 0xa0, 0x1f, 0xfd, 0xd1,
    0xc2, 0xa, 0x50, 0xf, 0xfe, 0xe8, 0xe1, 0x5,
    0x28, 0x7, 0xff, 0x74, 0x70, 0x82, 0x98, 0x3,
    0xff, 0xba, 0x38, 0x41, 0x2c, 0x1, 0xff, 0xdd,
    0x1c, 0x20, 0x96, 0x0, 0xff, 0xee, 0x8e, 0x10,
    0x4b, 0x0, 0x7f, 0xf7, 0x47, 0x8, 0x25, 0x80,
    0x3f, 0xfb, 0xa3, 0x84, 0x12, 0xc0, 0x1f, 0xfd,
    0xd1, 0xc2, 0x9, 0x60, 0xf, 0xfe, 0xe8, 0xe1,
    0x4, 0xb0, 0x7, 0xff, 0x74, 0x70, 0x82, 0x58,
    0x3, 0xff, 0xba, 0x38, 0x41, 0x2c, 0x1, 0xff,
    0xdd, 0x1c, 0x20, 0x96, 0x0, 0xff, 0xee, 0x8e,
    0x10, 0x4b, 0x0, 0x7f, 0xf7, 0x47, 0x8, 0x25,
    0x80, 0x3f, 0xfb, 0xa3, 0x84, 0x12, 0xc0, 0x1f,
    0xfd, 0xd1, 0xc2, 0x9, 0x60, 0xf, 0xfe, 0xe8,
    0xe1, 0x4, 0xb0, 0x7, 0xff, 0x74, 0x70, 0x82,
    0x58, 0x3, 0xff, 0xba, 0x38, 0x41, 0x2c, 0x1,
    0xff, 0xdd, 0x1c, 0x20, 0x96, 0x0, 0xff, 0xee,
    0x8e, 0x10, 0x4b, 0x0, 0x7f, 0xf7, 0x47, 0x8,
    0x25, 0x80, 0x3f, 0xfb, 0xa3, 0x84, 0x12, 0xa0,
    0x1f, 0xfd, 0xd1, 0xc2, 0x22, 0x0, 0x7f, 0xf7,
    0x87, 0x30, 0x20,

    /* U+FF3D "］" */
    0x6d, 0xdf, 0xfb, 0x38, 0x8b, 0xff, 0x80, 0x1,
    0xff, 0xc1, 0xf0, 0xf, 0xfe, 0x3, 0xff, 0xfa,
    0x80, 0x3f, 0xff, 0xe0, 0x1f, 0xff, 0xf0, 0xf,
    0xff, 0xf8, 0x7, 0xff, 0xfc, 0x3, 0xff, 0xfe,
    0x1, 0xff, 0xff, 0x0, 0xff, 0xe5, 0xb6, 0x67,
    0xa0, 0x3, 0xb8, 0xcf, 0xc4, 0x1, 0xff, 0xd3,

    /* U+FF3E "＾" */
    0x0, 0xe5, 0xcc, 0xe4, 0x0, 0xfe, 0x3a, 0x33,
    0xeb, 0x20, 0xf, 0x87, 0x40, 0x3e, 0xc1, 0x0,
    0xf6, 0x88, 0x4, 0xe0, 0x10, 0xe8, 0x7, 0x49,
    0x80, 0x51, 0x10, 0x4, 0x74, 0x1, 0x3b, 0x0,
    0x4a, 0xe0, 0xea, 0x1, 0x2b, 0x82, 0x40, 0x4,
    0x54, 0x1, 0x51, 0x0, 0x50, 0xa9, 0xdd, 0xb4,
    0x3, 0xb7, 0xbb, 0x28,

    /* U+FF3F "＿" */
    0x55, 0xff, 0xf2, 0x55, 0x7f, 0xf9, 0x0, 0x3f,
    0xfc, 0x80,

    /* U+FF40 "｀" */
    0x5c, 0xcf, 0x88, 0x3, 0x2a, 0x19, 0xfb, 0xc0,
    0x3a, 0x1c, 0x3, 0x8a, 0x40, 0x3a, 0x20, 0x1,
    0xcc, 0x80, 0x1c, 0xf2, 0x1, 0xd4, 0x20, 0x1c,
    0xd2, 0x1, 0x86, 0x80, 0x3c, 0xd4, 0x1, 0x91,
    0x80,

    /* U+FF41 "ａ" */
    0x0, 0xfe, 0x25, 0x78, 0x98, 0x75, 0x20, 0xf,
    0xfe, 0x12, 0xd7, 0x6d, 0x43, 0xb3, 0xc5, 0x6e,
    0x9c, 0x3, 0xf8, 0x63, 0xa9, 0x44, 0x3, 0xf8,
    0xa3, 0x90, 0x3, 0x86, 0x79, 0xc4, 0x3, 0xff,
    0x84, 0x36, 0xa0, 0x1a, 0x58, 0x3, 0xff, 0x8f,
    0x46, 0x1, 0x40, 0x80, 0x7f, 0xf2, 0x38, 0x3,
    0x40, 0x7, 0x1c, 0xe7, 0x7f, 0x5a, 0x80, 0x7c,
    0x48, 0x1, 0x31, 0x0, 0xc7, 0x63, 0x18, 0x80,
    0xa5, 0x58, 0x7, 0xdc, 0x1, 0xa6, 0x5c, 0xe2,
    0x1, 0xf9, 0x24, 0x3, 0xca, 0x1, 0x91, 0x80,
    0x3f, 0xf8, 0xc, 0x1, 0xf1, 0x0, 0x7f, 0xf1,
    0x8, 0xc8, 0x3, 0xcc, 0x1, 0xfc, 0x28, 0xf5,
    0x9d, 0xfb, 0x84, 0x1, 0xe1, 0x0, 0xf1, 0x46,
    0x75, 0xc2, 0x98, 0x80, 0x7f, 0xf0, 0xd3, 0x35,
    0xcc, 0x3, 0xff, 0x91, 0x56, 0x60, 0x1f, 0xfc,
    0xac, 0x50, 0xf, 0xc8, 0xf3, 0x7b, 0xc6, 0x1,
    0xfa, 0x4c, 0x3, 0xc9, 0x7f, 0x70, 0xc8, 0x42,
    0x1, 0xf8, 0x98, 0x3, 0xd5, 0x68, 0x1, 0xff,
    0xc3, 0x50, 0xf, 0x42, 0x80, 0x7f, 0xf1, 0x74,
    0x3, 0xcc, 0x1, 0xff, 0xc6, 0x10, 0xf, 0x8,
    0x7, 0xf2, 0x10, 0x7, 0xff, 0x9, 0x80, 0x3e,
    0x19, 0xb1, 0x0, 0xf8, 0xc0, 0x3d, 0x2e, 0x20,
    0x11, 0x47, 0xb0, 0x7, 0xf5, 0x80, 0x7d, 0x1d,
    0xd7, 0xeb, 0x88, 0x7, 0xf8, 0xcc, 0x1, 0xf8,
    0x44, 0x1, 0xe1, 0x0, 0xfd, 0xa2, 0x1, 0xff,
    0xc2, 0x5f, 0x20, 0xf, 0x87, 0x48, 0x3, 0xfe,
    0x3b, 0xa1, 0x70, 0xf, 0xc7, 0xae, 0x20, 0x1f,
    0x25, 0x62, 0x0, 0x34, 0x3, 0xfd, 0x1d, 0x72,
    0xee, 0x8b, 0xeb, 0x50, 0xc, 0xff, 0xfc, 0xa0,

    /* U+FF42 "ｂ" */
    0x77, 0xf8, 0x40, 0x3f, 0xf9, 0x11, 0x1f, 0x18,
    0x7, 0xff, 0xfc, 0x3, 0xff, 0xfe, 0x1, 0xff,
    0xff, 0x0, 0xff, 0xf5, 0x18, 0x6, 0x26, 0x89,
    0x94, 0x31, 0x0, 0x7f, 0xf0, 0xc4, 0x0, 0xfb,
    0xa9, 0x76, 0x63, 0xce, 0xe2, 0x0, 0x7f, 0xf0,
    0x9f, 0xe0, 0x80, 0x3f, 0x1d, 0xd0, 0x7, 0xff,
    0x3, 0x60, 0x3, 0xff, 0x82, 0xb8, 0x1, 0xff,
    0x10, 0x7, 0xff, 0xc, 0xe8, 0x3, 0xff, 0x9e,
    0xaa, 0x0, 0xff, 0xe0, 0x1c, 0x5e, 0xe4, 0x98,
    0x7, 0xe8, 0x0, 0xff, 0x15, 0xe3, 0xa1, 0x1b,
    0x65, 0x0, 0x7c, 0x4a, 0x1, 0xf9, 0x75, 0x0,
    0x3e, 0x5a, 0x0, 0xfb, 0xc0, 0x3f, 0x40, 0x7,
    0xf9, 0x50, 0x3, 0xc8, 0x1, 0xff, 0xc8, 0xe0,
    0xf, 0x9, 0x0, 0x7f, 0xf1, 0xd0, 0x3, 0xe6,
    0x0, 0xff, 0xe3, 0x88, 0x80, 0x3c, 0x40, 0x1f,
    0xfc, 0x83, 0x0, 0xff, 0xf5, 0x98, 0x7, 0xff,
    0x3c, 0x40, 0x3c, 0x40, 0x1f, 0xfc, 0x74, 0x0,
    0xf9, 0x80, 0x3f, 0xf8, 0xfa, 0x1, 0xf1, 0x0,
    0x7f, 0xf1, 0x85, 0x80, 0x3c, 0x80, 0x1f, 0x84,
    0x3, 0xfd, 0x40, 0x1f, 0x68, 0x7, 0xec, 0x60,
    0xf, 0x86, 0xd0, 0x3, 0xe6, 0x0, 0xfe, 0x9e,
    0x85, 0x32, 0x49, 0xe4, 0x0, 0xfa, 0x0, 0x3f,
    0xe1, 0x7a, 0xcd, 0xb6, 0x0, 0xfc, 0x4e, 0x1,
    0xff, 0xce, 0xf0, 0xf, 0xe7, 0x0, 0xff, 0xe1,
    0x8e, 0x10, 0x7, 0xe1, 0x8d, 0x20, 0xf, 0xfe,
    0x1, 0xe1, 0x80, 0x7f, 0x28, 0x16, 0xc9, 0x0,
    0x7e, 0x2a, 0xc2, 0x0, 0xee, 0xee, 0xb0, 0x9,
    0xb7, 0x52, 0xea, 0xa6, 0x9d, 0xd2, 0x80, 0x7c,

    /* U+FF43 "ｃ" */
    0x0, 0xff, 0x85, 0x1e, 0x26, 0xa5, 0xd0, 0x40,
    0x3f, 0xf8, 0x42, 0xfb, 0xd7, 0xe, 0xca, 0xd1,
    0x7d, 0x66, 0x1, 0xff, 0x47, 0x41, 0x0, 0x7f,
    0x93, 0x2c, 0x80, 0x3e, 0x3d, 0x70, 0xf, 0xfe,
    0x1a, 0x6a, 0x80, 0x72, 0x61, 0x0, 0x7f, 0xf1,
    0xbc, 0x3, 0x25, 0x80, 0x7f, 0xf1, 0xca, 0x80,
    0x21, 0xa0, 0xf, 0xc2, 0xf5, 0x9b, 0x92, 0xa0,
    0x1b, 0xc0, 0x35, 0x88, 0x7, 0xd1, 0xd0, 0xa6,
    0x46, 0xd5, 0xca, 0x12, 0x40, 0x11, 0xa8, 0x7,
    0xd8, 0xe0, 0x1f, 0x86, 0xb1, 0x80, 0x34, 0x80,
    0x7d, 0x46, 0x1, 0xff, 0x18, 0x7, 0x28, 0x7,
    0x95, 0x40, 0x1f, 0xfc, 0x53, 0x0, 0xfb, 0x80,
    0x3f, 0xf8, 0xcc, 0x1, 0xf2, 0x0, 0x7f, 0xf1,
    0x88, 0x3, 0xc4, 0x1, 0xff, 0xce, 0x10, 0xf,
    0xfe, 0x38, 0x80, 0x78, 0x40, 0x3f, 0xf8, 0xe6,
    0x1, 0xe2, 0x0, 0xff, 0xe3, 0xb0, 0x7, 0xc6,
    0x1, 0xff, 0xc6, 0x30, 0xf, 0xa8, 0x3, 0xff,
    0x8e, 0x80, 0x1e, 0x64, 0x0, 0xff, 0xe3, 0x70,
    0x7, 0xd4, 0x40, 0x1f, 0xf1, 0xd8, 0x6, 0x52,
    0x0, 0xf0, 0xeb, 0x0, 0x7e, 0x29, 0xc4, 0x80,
    0xd, 0xc0, 0x1f, 0xa7, 0x5d, 0x8, 0x88, 0xd7,
    0xac, 0x0, 0x72, 0x0, 0x8e, 0x0, 0x3f, 0x14,
    0x5e, 0xea, 0xe5, 0x0, 0x3b, 0x80, 0x33, 0xb0,
    0x7, 0xff, 0x20, 0xd0, 0x3, 0x4c, 0x0, 0x7f,
    0xf1, 0xe5, 0x0, 0x39, 0xf0, 0xc0, 0x3f, 0xf8,
    0x69, 0xac, 0x1, 0xf1, 0xe5, 0xa8, 0x7, 0xf8,
    0x5b, 0x6c, 0x80, 0x3f, 0xc9, 0x5f, 0x92, 0xec,
    0xac, 0xf3, 0xbd, 0x24, 0x1, 0x80,

    /* U+FF44 "ｄ" */
    0x0, 0xff, 0xe4, 0xb, 0xbf, 0x98, 0x3, 0xff,
    0x90, 0x71, 0x1f, 0x0, 0x7f, 0xff, 0xc0, 0x3f,
    0xff, 0xe0, 0x1f, 0xff, 0xf0, 0xf, 0xfe, 0xc0,
    0xac, 0x4c, 0xa1, 0x88, 0x2, 0x30, 0xf, 0xfe,
    0x11, 0xdf, 0x53, 0xb3, 0x1e, 0x77, 0x4c, 0x2,
    0x1, 0xff, 0xc1, 0x9c, 0x40, 0xf, 0xc5, 0x3a,
    0x60, 0x1f, 0xf0, 0xe3, 0x0, 0x7f, 0xf0, 0xb,
    0x0, 0x3f, 0xec, 0x30, 0xf, 0xfe, 0x6d, 0x10,
    0x7, 0xff, 0x35, 0x54, 0x1, 0xf9, 0xef, 0x72,
    0x9c, 0x40, 0x3f, 0xe8, 0x0, 0xf9, 0x3a, 0x10,
    0x8d, 0x63, 0xa8, 0x40, 0x3f, 0x31, 0x0, 0x79,
    0x6c, 0x40, 0x3e, 0x5d, 0x0, 0xfd, 0xa0, 0x1e,
    0x1b, 0x0, 0xff, 0x8, 0x7, 0xe4, 0x0, 0xf3,
    0x8, 0x7, 0xff, 0x18, 0xc0, 0x3e, 0xa0, 0xf,
    0xfe, 0x3b, 0x0, 0x7c, 0x40, 0x1f, 0xfc, 0x72,
    0x0, 0xf1, 0x0, 0x7f, 0xf3, 0xc4, 0x3, 0xff,
    0x9e, 0x20, 0x1f, 0xfc, 0x81, 0x0, 0xf1, 0x0,
    0x7f, 0xf2, 0x8, 0x3, 0xe2, 0x0, 0xff, 0xe3,
    0xa8, 0x7, 0xca, 0x1, 0xff, 0xc7, 0x12, 0x0,
    0xf4, 0x80, 0x7f, 0xf2, 0x10, 0x3, 0xc3, 0x20,
    0x1f, 0xe8, 0x0, 0xfd, 0x60, 0x1f, 0x35, 0x0,
    0x7c, 0x58, 0xa0, 0x1f, 0x89, 0x0, 0x3e, 0x5e,
    0x84, 0x23, 0x5a, 0xd3, 0x0, 0xff, 0x48, 0x7,
    0xe1, 0x7b, 0xdc, 0xa5, 0x0, 0xff, 0xe0, 0x14,
    0x80, 0x7f, 0xf3, 0xda, 0x0, 0x3f, 0xf8, 0x8a,
    0x1, 0xfe, 0x7a, 0x0, 0xff, 0xe0, 0x96, 0xd8,
    0x7, 0xfc, 0xbc, 0xe2, 0x1, 0xf8, 0xab, 0x48,
    0x48, 0x3, 0xfe, 0x18, 0xeb, 0x86, 0x56, 0x79,
    0xed, 0x50, 0xb, 0x3b, 0xb7, 0x80,

    /* U+FF45 "ｅ" */
    0x0, 0xff, 0x85, 0x19, 0xdc, 0xc8, 0x20, 0x1f,
    0xfc, 0x51, 0x8d, 0xeb, 0x98, 0x84, 0xdf, 0x6b,
    0x88, 0x7, 0xff, 0x0, 0x6b, 0x9c, 0x80, 0x3f,
    0x14, 0x73, 0x0, 0x7f, 0x93, 0xd4, 0x3, 0xff,
    0x85, 0x34, 0x1, 0xf9, 0xec, 0x40, 0x3f, 0xf8,
    0x8b, 0x60, 0x1e, 0x58, 0x0, 0xfe, 0x11, 0x0,
    0x7e, 0x48, 0x0, 0xc7, 0x40, 0x1f, 0x2d, 0xff,
    0x73, 0xf1, 0x40, 0x3c, 0xe4, 0x1, 0x78, 0x7,
    0x87, 0x29, 0x0, 0x31, 0xd5, 0x0, 0x3d, 0x0,
    0x5, 0x30, 0xf, 0x61, 0x80, 0x7e, 0x57, 0x0,
    0xe5, 0x10, 0x90, 0xf, 0x41, 0x0, 0x7f, 0xa0,
    0x3, 0xc8, 0x26, 0x1, 0xe7, 0x0, 0xff, 0xe0,
    0x18, 0x7, 0x6a, 0x0, 0x79, 0x0, 0x3f, 0xf8,
    0x2c, 0x1, 0xc6, 0x40, 0x1e, 0x4f, 0xff, 0xfe,
    0xa, 0x80, 0x73, 0xf0, 0x7, 0xff, 0xfc, 0x3,
    0xe6, 0x10, 0xf, 0xa, 0x27, 0xff, 0x1f, 0x34,
    0x3, 0xc5, 0x77, 0xff, 0xc7, 0x67, 0x0, 0xf1,
    0x88, 0x7, 0xff, 0x1c, 0x8c, 0x3, 0xd0, 0x1,
    0xff, 0xc8, 0xa0, 0xf, 0x32, 0x80, 0x7f, 0xf1,
    0xd8, 0x80, 0x3d, 0x50, 0x1, 0xff, 0xc0, 0x78,
    0x0, 0xe9, 0x0, 0xf9, 0xfa, 0xc, 0x3, 0x89,
    0x6b, 0xe1, 0xc8, 0x3, 0x24, 0x0, 0x7c, 0x2f,
    0x9f, 0xee, 0xe7, 0xed, 0x28, 0x5, 0x0, 0x1c,
    0xee, 0x0, 0xff, 0x84, 0x40, 0x1f, 0x29, 0x0,
    0x74, 0x50, 0x7, 0xff, 0x21, 0x40, 0x3c, 0xbc,
    0xa0, 0x1f, 0xfc, 0x44, 0xc7, 0x0, 0xf8, 0x6b,
    0x5c, 0x80, 0x3f, 0xc7, 0x1d, 0x66, 0x1, 0xfe,
    0x28, 0xde, 0xb8, 0x77, 0xa2, 0xb3, 0xf1, 0xc4,
    0x3, 0x0,

    /* U+FF46 "ｆ" */
    0x0, 0xff, 0xe1, 0x13, 0xd6, 0x6f, 0x73, 0x6e,
    0x14, 0x40, 0x3f, 0xf8, 0x47, 0x7b, 0xa, 0x64,
    0x22, 0x24, 0x7a, 0xec, 0x50, 0xf, 0xfa, 0x31,
    0x0, 0x3f, 0xf8, 0x6, 0x60, 0xf, 0xf4, 0xb8,
    0x7, 0xff, 0xd, 0x0, 0x3f, 0x95, 0x80, 0x3f,
    0xf8, 0x64, 0x40, 0xf, 0xeb, 0x0, 0xfc, 0x28,
    0x91, 0x0, 0x48, 0x1, 0xfc, 0xa2, 0x1, 0xe3,
    0xce, 0xbb, 0xb7, 0xf6, 0x28, 0x3, 0xfb, 0xc0,
    0x3c, 0x78, 0x60, 0x1e, 0x27, 0x30, 0xf, 0xe4,
    0x0, 0xf4, 0x0, 0x7f, 0xf2, 0x4, 0x3, 0xc8,
    0x1, 0xff, 0xc7, 0x10, 0xf, 0x8, 0x7, 0xff,
    0x20, 0xc0, 0x3e, 0x11, 0xff, 0x0, 0x49, 0xbd,
    0xcf, 0xfb, 0x40, 0x3c, 0x3d, 0xdf, 0xda, 0x1,
    0x9, 0x8, 0x80, 0x3f, 0xff, 0xe0, 0x1f, 0xfd,
    0x57, 0x88, 0xf3, 0x80, 0x7d, 0x11, 0xfd, 0x20,
    0x11, 0x3b, 0xfa, 0x40, 0x3c, 0x2e, 0xff, 0xca,
    0x1, 0xff, 0xff, 0x0, 0xff, 0xff, 0x80, 0x7f,
    0xff, 0xc0, 0x3f, 0xff, 0xe0, 0x1f, 0xff, 0xf0,
    0xf, 0xff, 0xf8, 0x7, 0xff, 0xfc, 0x3, 0xff,
    0x8c, 0x23, 0xe2, 0x0, 0xff, 0xe0, 0x80,

    /* U+FF47 "ｇ" */
    0x0, 0xfe, 0x15, 0x78, 0x98, 0x75, 0x10, 0xf,
    0xfe, 0x3b, 0x67, 0x54, 0x3b, 0x3c, 0x57, 0x7f,
    0xff, 0xc2, 0x1, 0xcb, 0xd2, 0x60, 0x1f, 0xfc,
    0xd9, 0xa1, 0x0, 0xff, 0xe7, 0x43, 0x0, 0x7f,
    0xf3, 0xd1, 0xc0, 0x3c, 0x2f, 0x7b, 0x6c, 0x1,
    0xff, 0xc4, 0x80, 0xf, 0x27, 0x42, 0x12, 0x4e,
    0x88, 0x7, 0x36, 0x67, 0x8, 0x11, 0x80, 0x71,
    0x58, 0x7, 0x8b, 0x40, 0x39, 0x88, 0xcf, 0x0,
    0x1c, 0x3, 0xd4, 0x1, 0xf8, 0xd0, 0x3, 0x98,
    0x3, 0xc4, 0x1, 0xe3, 0x0, 0xfe, 0x30, 0xe,
    0xd0, 0xf, 0xfe, 0x88, 0x80, 0x78, 0x80, 0x3c,
    0x40, 0x1f, 0xc4, 0x1, 0xc2, 0x1, 0xe7, 0x0,
    0xf5, 0x0, 0x7e, 0x15, 0x0, 0xe2, 0x0, 0xf1,
    0x18, 0x7, 0x1b, 0x80, 0x7d, 0x40, 0x1e, 0xb0,
    0xf, 0xbc, 0x3, 0xd1, 0x46, 0x1, 0x26, 0xa0,
    0x7, 0x19, 0x80, 0x3e, 0x38, 0x0, 0xf2, 0xe7,
    0xf7, 0xd9, 0x0, 0x7b, 0x80, 0x3f, 0x9e, 0x0,
    0x3f, 0x8, 0x7, 0xeb, 0x20, 0xf, 0xf2, 0x0,
    0x7f, 0xf0, 0xcf, 0x50, 0x3, 0xfc, 0xb8, 0x1,
    0x8, 0x80, 0x3e, 0x26, 0xbc, 0x20, 0xf, 0xf1,
    0xd0, 0x6, 0xce, 0xe5, 0xd4, 0xd6, 0x6e, 0xa5,
    0x0, 0x3f, 0xf8, 0x1e, 0x1, 0x9c, 0x80, 0x51,
    0x59, 0x4c, 0x80, 0x3f, 0xf8, 0x42, 0x60, 0x1b,
    0xc0, 0x3f, 0xf9, 0x64, 0x1, 0xd2, 0x40, 0x1f,
    0xfc, 0xa2, 0x0, 0xe1, 0xdc, 0x98, 0x8f, 0x9d,
    0xcc, 0x84, 0x1, 0xf8, 0x4c, 0x3, 0xc6, 0xce,
    0xff, 0x44, 0x26, 0xf7, 0xa8, 0xc0, 0x3d, 0xe0,
    0x1f, 0xfc, 0x81, 0x5c, 0xa0, 0xe, 0x3c, 0x10,
    0xf, 0xfe, 0x4a, 0xd8, 0x7, 0x8c, 0x3, 0xff,
    0x94, 0x8a, 0x1, 0x3e, 0x10, 0x4, 0x86, 0x20,
    0x1f, 0xfc, 0x5f, 0x0, 0x3c, 0x0, 0x6c, 0xbc,
    0xef, 0xff, 0xdd, 0x46, 0x1, 0xe7, 0x3, 0x80,
    0xd, 0x46, 0x1, 0xff, 0xa, 0xe0, 0x7, 0xea,
    0x0, 0xe4, 0x0, 0xff, 0xe1, 0x90, 0x7, 0x30,
    0x28, 0x7, 0x10, 0x7, 0xff, 0x9, 0x8, 0x3,
    0xb0, 0x1c, 0x3, 0xb8, 0x80, 0x3f, 0xf8, 0xd,
    0x60, 0x1c, 0x2e, 0x18, 0x1, 0xc5, 0xb4, 0xa2,
    0x1, 0xe3, 0x7d, 0x90, 0xf, 0x50, 0x1, 0xc4,
    0x3, 0xcb, 0x5d, 0xfd, 0xbd, 0xfe, 0xc8, 0x20,
    0xf, 0x4a, 0x0, 0x5a, 0x20, 0x1f, 0xc2, 0x42,
    0x1, 0xfc, 0x36, 0xc0, 0x18, 0xfd, 0x0, 0x3f,
    0xf8, 0xc3, 0x1c, 0x80, 0x1e, 0x1b, 0xd6, 0x20,
    0xf, 0xfe, 0x0, 0xad, 0x73, 0x80, 0x7f, 0x8a,
    0x77, 0xf2, 0x61, 0xd9, 0xa7, 0x9b, 0xee, 0x52,
    0x80, 0x7e,

    /* U+FF48 "ｈ" */
    0x45, 0x5f, 0x8, 0x7, 0xff, 0x1e, 0x2a, 0xbc,
    0x40, 0x1f, 0xff, 0xf0, 0xf, 0xff, 0xf8, 0x7,
    0xff, 0xfc, 0x3, 0xff, 0xc0, 0x20, 0x1c, 0x4a,
    0xf1, 0x6, 0x30, 0xf, 0xfe, 0x11, 0x80, 0x4f,
    0xdb, 0x50, 0xee, 0x9c, 0xf7, 0x0, 0xff, 0xe0,
    0x8, 0x37, 0x40, 0x80, 0x7e, 0x8d, 0x10, 0xf,
    0xf0, 0xe4, 0x88, 0x7, 0xfc, 0x58, 0x1, 0xfe,
    0xf3, 0x0, 0xff, 0xe1, 0x14, 0x80, 0x7f, 0x8,
    0x7, 0xff, 0x11, 0x84, 0x3, 0xff, 0x80, 0x2a,
    0xee, 0x51, 0x0, 0xfc, 0xe0, 0x1f, 0xe2, 0xae,
    0xa8, 0x85, 0x73, 0x0, 0x7d, 0x80, 0x1f, 0xcf,
    0xaa, 0x1, 0xe9, 0x30, 0xf, 0x38, 0x7, 0xe9,
    0x80, 0xf, 0xea, 0x0, 0xf1, 0x0, 0x7e, 0x50,
    0xf, 0xf2, 0x0, 0x7f, 0xf3, 0x8c, 0x3, 0xff,
    0x9c, 0x20, 0x1f, 0xff, 0xf0, 0xf, 0xff, 0xf8,
    0x7, 0xff, 0xfc, 0x3, 0xff, 0xfe, 0x1, 0xff,
    0xff, 0x0, 0xff, 0xed, 0x0,

    /* U+FF49 "ｉ" */
    0x0, 0x2d, 0xee, 0x49, 0x0, 0x55, 0x44, 0x23,
    0x6d, 0x30, 0x55, 0x0, 0x7b, 0x43, 0xc0, 0x3e,
    0x13, 0x10, 0xf, 0xce, 0x60, 0x1f, 0x9a, 0x80,
    0x3e, 0x52, 0x25, 0x88, 0x6, 0x4a, 0x0, 0x27,
    0x54, 0x43, 0x2c, 0x3, 0x95, 0xdc, 0x60, 0x1f,
    0xfd, 0x6b, 0xff, 0xf3, 0x0, 0x7f, 0x8, 0x7,
    0xff, 0xfc, 0x3, 0xff, 0xfe, 0x1, 0xff, 0xff,
    0x0, 0xff, 0xe7, 0x0,

    /* U+FF4B "ｋ" */
    0x45, 0x5f, 0x0, 0x7f, 0xf2, 0x66, 0xab, 0xc0,
    0x1f, 0xff, 0xf0, 0xf, 0xff, 0xf8, 0x7, 0xff,
    0xfc, 0x3, 0xff, 0xfe, 0x1, 0xff, 0xc6, 0x1c,
    0xee, 0xf5, 0x80, 0x7f, 0xf1, 0xf4, 0xc4, 0x78,
    0xe8, 0x3, 0xff, 0x8d, 0x86, 0x1, 0xc5, 0x82,
    0x1, 0xff, 0xc5, 0xb3, 0x0, 0xe1, 0xc1, 0x0,
    0xff, 0xe2, 0xda, 0x0, 0x70, 0xe0, 0x80, 0x7f,
    0xf1, 0x69, 0x0, 0x38, 0x70, 0x80, 0x3f, 0xf8,
    0xb4, 0xa0, 0x1c, 0x38, 0x40, 0x1f, 0xfc, 0x59,
    0x50, 0xf, 0x69, 0x0, 0x7f, 0xf1, 0x65, 0x80,
    0x3d, 0x86, 0x1, 0xff, 0xc5, 0x86, 0x0, 0xf6,
    0x18, 0x7, 0xff, 0x16, 0x1c, 0x3, 0xd6, 0x60,
    0x1f, 0xfc, 0x58, 0x70, 0xf, 0xa, 0x80, 0x7f,
    0xf1, 0x9c, 0x3, 0xe1, 0xa0, 0xf, 0xfe, 0x7a,
    0x38, 0x7, 0xff, 0x3e, 0xc, 0x3, 0xff, 0x90,
    0x20, 0x1e, 0xd1, 0x0, 0xff, 0xe3, 0x2f, 0x88,
    0x7, 0xd, 0x80, 0x7f, 0xf1, 0x56, 0x87, 0x40,
    0x3c, 0xac, 0x1, 0xff, 0xc3, 0x4a, 0x0, 0x1b,
    0x80, 0x7a, 0x48, 0x3, 0xff, 0x82, 0x96, 0x1,
    0xa0, 0xc0, 0x3d, 0xe0, 0x1f, 0xfc, 0x1b, 0x0,
    0xf7, 0x0, 0x78, 0xa4, 0x3, 0xff, 0x8e, 0x54,
    0x1, 0xe6, 0x50, 0xf, 0xfe, 0x3a, 0xa8, 0x3,
    0xd4, 0x40, 0x1f, 0xfc, 0x7a, 0x20, 0xf, 0x70,
    0x7, 0xff, 0x23, 0x80, 0x3c, 0x70, 0x1, 0xff,
    0xc7, 0x38, 0x0, 0xf3, 0xa0, 0x7, 0xff, 0x1d,
    0xcc, 0x3, 0xd4, 0x20,

    /* U+FF4C "ｌ" */
    0x45, 0x5f, 0x8, 0x7, 0xfd, 0x35, 0x5e, 0x40,
    0xf, 0xff, 0xf8, 0x7, 0xff, 0xfc, 0x3, 0xff,
    0xfe, 0x1, 0xff, 0xff, 0x0, 0xff, 0xff, 0x80,
    0x7f, 0xff, 0xc0, 0x3f, 0xff, 0xc2, 0x1, 0xff,
    0xc6, 0x70, 0xf, 0x10, 0x7, 0xfc, 0x40, 0x1e,
    0xb0, 0xf, 0xfb, 0x0, 0x3c, 0x6c, 0x1, 0xfe,
    0x40, 0xf, 0xa6, 0xd4, 0x8d, 0x63, 0x64, 0x0,
    0x2a, 0x1, 0xf2, 0x56, 0xe5, 0x39, 0x38, 0x5,
    0x0, 0x1f, 0xfc, 0x21, 0x30, 0x1, 0x50, 0x7,
    0xff, 0xa, 0xc0, 0x25, 0xa0, 0xf, 0xfe, 0xa,
    0x80, 0x65, 0xd5, 0x0, 0xfe, 0x16, 0x90, 0xe,
    0x2a, 0xfb, 0x87, 0x7a, 0x2f, 0x7a, 0x50, 0x0,

    /* U+FF4D "ｍ" */
    0x0, 0xff, 0xe0, 0x9b, 0x44, 0x1d, 0x44, 0x3,
    0xfe, 0x25, 0x78, 0x76, 0x30, 0xf, 0x5f, 0xff,
    0x0, 0x61, 0x8e, 0xc9, 0x77, 0x45, 0x75, 0x90,
    0x7, 0xcb, 0x9b, 0x50, 0xf1, 0x39, 0xcc, 0x1,
    0x9c, 0x3, 0x88, 0x0, 0xde, 0xe2, 0x1, 0xf2,
    0x6a, 0x80, 0x63, 0xca, 0x30, 0xf, 0x86, 0x70,
    0x3, 0xf9, 0x82, 0xe4, 0x40, 0x3f, 0xea, 0x40,
    0x4, 0x61, 0x80, 0x7f, 0xc7, 0x60, 0x1f, 0xb7,
    0x48, 0x1, 0xff, 0xc2, 0xa2, 0xb7, 0x0, 0xff,
    0xe1, 0x22, 0x80, 0x7c, 0xc4, 0x1, 0xff, 0xc3,
    0x1d, 0x40, 0xf, 0xfe, 0x24, 0x80, 0x7f, 0xf0,
    0x5, 0x5d, 0x88, 0x3, 0xff, 0x82, 0x2a, 0xee,
    0x40, 0xf, 0xc6, 0x40, 0x1f, 0xc5, 0x7d, 0x51,
    0x3b, 0x20, 0x1f, 0xe2, 0xae, 0xa8, 0x85, 0xf1,
    0x80, 0x7c, 0x80, 0x1f, 0xa3, 0x50, 0x3, 0x99,
    0x80, 0x1f, 0x9f, 0x54, 0x3, 0x87, 0x44, 0x3,
    0xde, 0x1, 0xf4, 0xb8, 0x7, 0xea, 0x0, 0xfa,
    0x60, 0x3, 0xf0, 0xb8, 0x7, 0x88, 0x3, 0xe5,
    0x0, 0xfe, 0x30, 0xf, 0x94, 0x3, 0xfd, 0x80,
    0x1e, 0x70, 0xf, 0xfe, 0x30, 0x80, 0x7f, 0xf1,
    0x44, 0x3, 0xff, 0xbe, 0xe0, 0x1f, 0xff, 0xf0,
    0xf, 0xff, 0xf8, 0x7, 0xff, 0xfc, 0x3, 0xff,
    0xfe, 0x1, 0xff, 0xff, 0x0, 0xff, 0xff, 0x80,
    0x7f, 0xff, 0xc0, 0x3f, 0xff, 0xe0, 0x1f, 0xff,
    0x70,

    /* U+FF4E "ｎ" */
    0x0, 0xff, 0xe0, 0x92, 0xbc, 0x3b, 0x18, 0x7,
    0xdb, 0xff, 0xb0, 0x3, 0xb, 0xf6, 0xd4, 0x3c,
    0x4e, 0x73, 0x80, 0x71, 0x80, 0x63, 0x0, 0x9b,
    0xe0, 0x40, 0x3e, 0x18, 0xd1, 0x0, 0xfe, 0x22,
    0x64, 0x88, 0x7, 0xfc, 0x58, 0x1, 0xfd, 0x7a,
    0x60, 0x1f, 0xfc, 0x22, 0x90, 0xf, 0xcc, 0x1,
    0xff, 0xc5, 0x61, 0x0, 0xff, 0xe0, 0x12, 0xbb,
    0x90, 0x3, 0xf9, 0xc0, 0x3f, 0xc7, 0x9b, 0x51,
    0xb, 0xd2, 0x0, 0xfb, 0x0, 0x3f, 0xa7, 0xc,
    0x3, 0x8b, 0x0, 0x3e, 0x40, 0xf, 0xd6, 0xc0,
    0x1f, 0x85, 0x40, 0x3c, 0x20, 0x1f, 0x94, 0x3,
    0xfd, 0x80, 0x1f, 0xfc, 0xe3, 0x0, 0xf8, 0x40,
    0x3f, 0xf8, 0xc2, 0x1, 0xff, 0xff, 0x0, 0xff,
    0xff, 0x80, 0x7f, 0xff, 0xc0, 0x3f, 0xff, 0xe0,
    0x1f, 0xff, 0xf0, 0xf, 0xfe, 0xd0,

    /* U+FF4F "ｏ" */
    0x0, 0xff, 0x8d, 0xa2, 0x65, 0xc, 0x60, 0x1f,
    0xfc, 0x72, 0x9e, 0xc9, 0x76, 0x63, 0xce, 0x74,
    0x90, 0x7, 0xff, 0x8, 0x6b, 0x58, 0x40, 0x3f,
    0xb, 0x6d, 0x8, 0x7, 0xfc, 0x9e, 0xa0, 0x1f,
    0xfc, 0x25, 0xf4, 0x0, 0xfe, 0x4b, 0x10, 0xf,
    0xfe, 0x20, 0xda, 0x0, 0x7c, 0x76, 0x1, 0xff,
    0xc8, 0xb3, 0x0, 0xf6, 0x80, 0x7e, 0x6b, 0xdd,
    0x5b, 0x0, 0x7e, 0xd0, 0xe, 0x81, 0x0, 0xf1,
    0xf4, 0xa1, 0x11, 0x27, 0x8c, 0x3, 0xc3, 0x0,
    0x10, 0xb8, 0x7, 0x8b, 0x4, 0x3, 0xc3, 0x84,
    0x1, 0xe7, 0x10, 0x3, 0x0, 0x7d, 0xc0, 0x1f,
    0xee, 0x0, 0xf9, 0x80, 0x16, 0x1, 0xe3, 0x30,
    0x7, 0xf8, 0xcc, 0x1, 0xec, 0x0, 0x18, 0x7,
    0xac, 0x3, 0xff, 0x81, 0x60, 0x1e, 0x40, 0x20,
    0xf, 0x90, 0x3, 0xff, 0x80, 0x80, 0x1f, 0x8,
    0x80, 0x3e, 0x10, 0xf, 0xfe, 0x0, 0x80, 0x7c,
    0x40, 0x1f, 0x8c, 0x3, 0xff, 0x80, 0x60, 0x1f,
    0xfc, 0x43, 0x0, 0xff, 0xe0, 0x18, 0x7, 0xe1,
    0x0, 0xf8, 0x40, 0x3f, 0xf8, 0x2, 0x1, 0xf1,
    0x10, 0x3, 0xe5, 0x0, 0xff, 0xe0, 0x20, 0x7,
    0xc2, 0x6, 0x1, 0xed, 0x0, 0xff, 0xe0, 0x60,
    0x7, 0x90, 0x1, 0x60, 0x1e, 0x43, 0x0, 0xff,
    0x1a, 0x0, 0x7b, 0x0, 0xc, 0x1, 0xf7, 0x80,
    0x7f, 0xbc, 0x3, 0xe6, 0x0, 0xb, 0x80, 0x78,
    0xf0, 0x40, 0x3c, 0x38, 0x60, 0x1e, 0x81, 0x0,
    0xa0, 0x40, 0x3c, 0x7f, 0x8, 0x44, 0x48, 0xe3,
    0x0, 0xf0, 0xb8, 0x7, 0x68, 0x7, 0xc2, 0xf7,
    0xba, 0xb7, 0x0, 0xfd, 0xa0, 0x1e, 0x3b, 0x0,
    0xff, 0xe4, 0x59, 0x80, 0x7c, 0x96, 0x20, 0x1f,
    0xfc, 0x41, 0xb4, 0x0, 0xfe, 0x4f, 0x50, 0xf,
    0xfe, 0x12, 0xfa, 0x0, 0x7f, 0xc3, 0x5a, 0xa0,
    0x1f, 0xe5, 0xda, 0x10, 0xf, 0xfe, 0x11, 0x57,
    0xe4, 0x3a, 0xa9, 0xe3, 0x3e, 0x88, 0x3, 0xf0,

    /* U+FF50 "ｐ" */
    0x0, 0xff, 0xe0, 0xa, 0x3c, 0x3b, 0x20, 0x7,
    0xf7, 0x7f, 0xee, 0x0, 0xcb, 0x7d, 0x70, 0xf1,
    0x37, 0xf6, 0x60, 0x1f, 0xf0, 0x88, 0x17, 0x69,
    0x0, 0x3f, 0x26, 0x50, 0x7, 0xfc, 0xf7, 0x44,
    0x1, 0xff, 0xc0, 0x5c, 0x0, 0xff, 0x4a, 0x0,
    0x7f, 0xf0, 0xce, 0xc0, 0x3f, 0xf9, 0xe8, 0xa0,
    0x1f, 0xfc, 0x1, 0x69, 0xba, 0x82, 0x0, 0xfd,
    0x60, 0x1f, 0xe1, 0x9e, 0x96, 0x45, 0x7d, 0x90,
    0xf, 0x85, 0x0, 0x3f, 0x27, 0xb0, 0x7, 0xcd,
    0x40, 0x1f, 0x70, 0x7, 0xea, 0x10, 0xf, 0xe5,
    0x40, 0xf, 0x20, 0x7, 0xff, 0x23, 0x80, 0x3c,
    0x24, 0x1, 0xff, 0xc7, 0x40, 0xf, 0x98, 0x3,
    0xff, 0x8e, 0x22, 0x0, 0xf0, 0x80, 0x7f, 0xf2,
    0xc, 0x3, 0xc6, 0x1, 0xff, 0xe4, 0x30, 0xf,
    0xfe, 0x78, 0x80, 0x78, 0xc0, 0x3f, 0xf8, 0xe8,
    0x1, 0xf3, 0x80, 0x7f, 0xf1, 0xf4, 0x3, 0xe2,
    0x0, 0xff, 0xe3, 0x13, 0x0, 0x79, 0x0, 0x3f,
    0x10, 0x7, 0xfa, 0x40, 0x3e, 0xd0, 0xf, 0xd8,
    0xe0, 0x1f, 0xe, 0x20, 0x7, 0x85, 0x80, 0x3f,
    0xa3, 0xe9, 0x91, 0xd, 0x5c, 0x60, 0x1f, 0x40,
    0x7, 0xff, 0x1, 0x66, 0xed, 0x2a, 0x1, 0xf8,
    0xd8, 0x3, 0xff, 0x9a, 0x3a, 0x1, 0xff, 0xcd,
    0x1c, 0x10, 0xf, 0xe1, 0xc2, 0x0, 0xff, 0xe0,
    0x27, 0x90, 0x7, 0xf8, 0x4f, 0x64, 0x80, 0x3f,
    0x25, 0xd8, 0x40, 0x3f, 0xf8, 0x4d, 0xbd, 0x50,
    0xee, 0x8b, 0xeb, 0x40, 0xf, 0xfe, 0x10, 0x80,
    0x42, 0xaf, 0x10, 0x74, 0x10, 0xf, 0xff, 0xf8,
    0x7, 0xff, 0xfc, 0x3, 0xff, 0xfe, 0x1, 0xfa,
    0xab, 0xe1, 0x0, 0xff, 0xe4, 0x0,

    /* U+FF51 "ｑ" */
    0x0, 0xff, 0x1b, 0x44, 0x19, 0x0, 0x3f, 0xf8,
    0xe3, 0x3d, 0x92, 0xee, 0x9b, 0xfb, 0x40, 0xa,
    0x7f, 0xf7, 0x0, 0x79, 0xf9, 0x84, 0x3, 0xe4,
    0xbb, 0x8, 0x20, 0x7, 0xfa, 0xe0, 0x3, 0xff,
    0x80, 0x9e, 0xc4, 0x1, 0xfd, 0x88, 0x1, 0xff,
    0xc2, 0x19, 0x0, 0xfe, 0xa3, 0x0, 0xff, 0xe6,
    0xa2, 0x80, 0x7e, 0x59, 0xba, 0x85, 0x0, 0xff,
    0xe0, 0x48, 0x7, 0xc7, 0xb4, 0xc8, 0xaf, 0x5f,
    0x20, 0x1f, 0xca, 0x40, 0x1e, 0x3c, 0x20, 0xf,
    0x9b, 0x0, 0x3f, 0x70, 0x7, 0xdc, 0x1, 0xfe,
    0x10, 0xf, 0xc8, 0x1, 0xe6, 0x20, 0xf, 0xfe,
    0x31, 0x0, 0x7d, 0x40, 0x1f, 0xfc, 0x77, 0x0,
    0xf8, 0xc0, 0x3f, 0xf8, 0xe6, 0x1, 0xe1, 0x0,
    0xff, 0xe4, 0x8, 0x7, 0x8c, 0x3, 0xff, 0x90,
    0x20, 0x1e, 0x30, 0xf, 0xfe, 0x41, 0x80, 0x78,
    0x40, 0x3f, 0xf9, 0xc, 0x1, 0xf1, 0x0, 0x7f,
    0xf1, 0xc8, 0x3, 0xe5, 0x0, 0xff, 0xe3, 0x89,
    0x0, 0x7a, 0x40, 0x3f, 0xf9, 0x8, 0x1, 0xe1,
    0x90, 0xf, 0xf4, 0x0, 0x7e, 0xa0, 0xf, 0x9a,
    0x40, 0x3e, 0x3c, 0x50, 0xf, 0xc6, 0x80, 0x1f,
    0x37, 0x42, 0xa2, 0xbd, 0xe1, 0x80, 0x7f, 0xa4,
    0x3, 0xf0, 0xbd, 0x5d, 0x42, 0x0, 0x7f, 0xf0,
    0xa, 0x40, 0x3f, 0xf9, 0xed, 0x0, 0x1f, 0xfc,
    0x31, 0x0, 0xff, 0x9e, 0x84, 0x3, 0xff, 0x80,
    0x9e, 0x20, 0x1f, 0xf2, 0xfb, 0x88, 0x7, 0xe3,
    0xbb, 0x8, 0x80, 0x3f, 0xf8, 0x3, 0x1d, 0x92,
    0xef, 0x45, 0x76, 0x20, 0x7, 0xff, 0x18, 0xda,
    0x22, 0x75, 0x10, 0x8, 0x40, 0x3f, 0xf9, 0xe6,
    0x1, 0xff, 0xff, 0x0, 0xff, 0xff, 0x80, 0x7f,
    0xff, 0x4a, 0xab, 0xe0,

    /* U+FF52 "ｒ" */
    0x0, 0xff, 0xe1, 0xa, 0x3c, 0x41, 0xd4, 0x80,
    0x19, 0xff, 0xc0, 0x1e, 0x4b, 0xeb, 0x87, 0x74,
    0x56, 0xe8, 0xc4, 0x3, 0x84, 0x2, 0x2c, 0xb4,
    0x0, 0xfc, 0x42, 0x1, 0xe2, 0x0, 0x2e, 0x98,
    0x7, 0xf8, 0x88, 0x1, 0xe7, 0x5, 0xa0, 0xf,
    0xfe, 0x2, 0x0, 0x7c, 0x47, 0x40, 0x1f, 0xfc,
    0x1d, 0x0, 0xfb, 0xb8, 0x1, 0xe1, 0x46, 0x54,
    0x10, 0x2, 0x0, 0x7c, 0xe4, 0x1, 0x92, 0xfa,
    0xe6, 0xaf, 0xb6, 0xc0, 0x3f, 0xf8, 0x3, 0x76,
    0x40, 0xf, 0x12, 0x0, 0x7f, 0xc3, 0xe8, 0x1,
    0xff, 0xc9, 0xc1, 0x0, 0xff, 0xe4, 0xd1, 0x0,
    0x7f, 0xf2, 0x4d, 0x40, 0x3f, 0xf9, 0x50, 0x1,
    0xff, 0xcb, 0x70, 0xf, 0xff, 0xf8, 0x7, 0xff,
    0xfc, 0x3, 0xff, 0xfe, 0x1, 0xff, 0xff, 0x0,
    0xff, 0xe8, 0x0,

    /* U+FF53 "ｓ" */
    0x0, 0xff, 0x89, 0x15, 0x64, 0x20, 0xf, 0xfe,
    0x21, 0x46, 0xfe, 0xdd, 0x55, 0x7b, 0xf6, 0xc2,
    0x1, 0xfe, 0x2b, 0xd7, 0x20, 0xf, 0xe4, 0x9e,
    0x92, 0x0, 0xf9, 0x75, 0x0, 0x3f, 0xf8, 0x6d,
    0xb2, 0x20, 0x19, 0x68, 0x3, 0xff, 0x8e, 0xd0,
    0x1, 0xac, 0x3, 0xf8, 0x44, 0x1, 0xfc, 0x72,
    0x1, 0x30, 0x80, 0x79, 0xb7, 0xfb, 0x9f, 0xeb,
    0x72, 0x0, 0xdc, 0x1, 0xb0, 0x3, 0xcd, 0x24,
    0x1, 0xc9, 0x1b, 0x66, 0x14, 0x40, 0x18, 0x40,
    0x3d, 0xe0, 0x1f, 0xe4, 0xcc, 0x28, 0x7, 0x8,
    0x7, 0xac, 0x40, 0x3f, 0xe3, 0x0, 0xf6, 0x0,
    0x78, 0xbd, 0xc4, 0x3, 0xff, 0x88, 0xc4, 0x1,
    0xe1, 0x8e, 0xc7, 0x20, 0xf, 0xfe, 0x16, 0x10,
    0x7, 0xe3, 0x8d, 0xe9, 0x50, 0xf, 0xf8, 0x75,
    0x40, 0x3f, 0xc2, 0xd5, 0xf4, 0x80, 0x1f, 0xea,
    0xc4, 0x0, 0xff, 0xe0, 0x2d, 0xe1, 0x80, 0x7f,
    0x1d, 0xeb, 0x90, 0x7, 0xfc, 0x78, 0xe0, 0x1f,
    0xe2, 0x8d, 0xd4, 0x20, 0x7, 0xfa, 0x20, 0x1,
    0xff, 0xc0, 0x27, 0xbf, 0xa5, 0x0, 0xfc, 0xe4,
    0x1, 0xff, 0xc3, 0x5a, 0xe5, 0x0, 0xfa, 0x80,
    0x3f, 0xf8, 0xa3, 0x4a, 0x1, 0xe3, 0x0, 0xa2,
    0xc8, 0x3, 0xff, 0x83, 0xe0, 0x1f, 0xc8, 0xe9,
    0xb2, 0x60, 0x1f, 0xf7, 0x0, 0x78, 0x80, 0x68,
    0x2, 0x6c, 0xc3, 0x98, 0x7, 0x92, 0xd0, 0x3,
    0xda, 0x1a, 0x20, 0x1c, 0x71, 0x9f, 0xed, 0xd7,
    0x7d, 0xa0, 0x7, 0x8d, 0x4, 0x3, 0xff, 0x80,
    0x44, 0x10, 0xf, 0xc3, 0xc0, 0x39, 0x42, 0x1,
    0xff, 0xc7, 0x2c, 0x20, 0x9, 0x7a, 0x90, 0x3,
    0xff, 0x86, 0x31, 0xa4, 0x1, 0xe5, 0xbd, 0x84,
    0x10, 0xf, 0xc2, 0x93, 0xce, 0x1, 0xfe, 0x27,
    0xbe, 0xe6, 0x5d, 0x52, 0xf3, 0xb9, 0x6c, 0x1,
    0xe0,

    /* U+FF54 "ｔ" */
    0x0, 0xfe, 0x66, 0xe5, 0x0, 0xff, 0xe4, 0x8c,
    0xcf, 0x58, 0x7, 0xff, 0x24, 0x80, 0x3f, 0xf9,
    0xec, 0x1, 0xff, 0xcf, 0x20, 0xf, 0xfe, 0x7f,
    0x0, 0x7f, 0xf3, 0xc8, 0x3, 0xff, 0x9c, 0x2c,
    0x1, 0xe1, 0x1f, 0xfe, 0x0, 0x16, 0xf7, 0x3f,
    0xee, 0x20, 0xe, 0x1e, 0xef, 0xfb, 0x40, 0x48,
    0x44, 0x1, 0xff, 0xff, 0x0, 0xff, 0xea, 0x94,
    0x47, 0x98, 0x3, 0xe8, 0x8f, 0xfa, 0x40, 0x5d,
    0xfd, 0x40, 0x1e, 0x17, 0x7f, 0xf9, 0x40, 0x3f,
    0xff, 0xe0, 0x1f, 0xff, 0xf0, 0xf, 0xff, 0xf8,
    0x7, 0xff, 0x5c, 0x40, 0x3c, 0x20, 0x1f, 0xfe,
    0x42, 0x0, 0xf8, 0xc0, 0x3f, 0xf9, 0x4, 0x1,
    0xea, 0x0, 0xff, 0xe4, 0x20, 0x7, 0x99, 0x0,
    0x3f, 0xf8, 0xfa, 0x1, 0xf5, 0xc9, 0x80, 0x63,
    0x7b, 0x90, 0xf, 0xe4, 0x20, 0xf, 0x9b, 0x3f,
    0xf6, 0x42, 0x38, 0x7, 0xfa, 0x40, 0x3f, 0xf8,
    0x82, 0x40, 0x1f, 0xc9, 0x0, 0x1f, 0xfc, 0x44,
    0x0, 0xff, 0x3c, 0x80, 0x7f, 0xf0, 0xf0, 0x3,
    0xfe, 0x6d, 0x61, 0x0, 0xff, 0x23, 0xc8, 0x7,
    0xff, 0x0, 0xa7, 0xb2, 0x5d, 0xf4, 0x56, 0xfd,
    0xc1, 0x80,

    /* U+FF55 "ｕ" */
    0xbc, 0xcf, 0x8, 0x7, 0xf8, 0xb3, 0x3d, 0x48,
    0x67, 0xe0, 0xf, 0xfe, 0x1, 0x9f, 0x90, 0x3,
    0xff, 0xfe, 0x1, 0xff, 0xff, 0x0, 0xff, 0xff,
    0x80, 0x7f, 0xff, 0xc0, 0x3f, 0xff, 0xe0, 0x1f,
    0xfc, 0x31, 0x0, 0xf1, 0x80, 0x7f, 0xf1, 0x8c,
    0x3, 0xc8, 0x1, 0xfe, 0x70, 0xf, 0x84, 0x3,
    0xd4, 0x1, 0xfc, 0xb4, 0x1, 0xf2, 0x80, 0x78,
    0xe0, 0x3, 0xc3, 0x54, 0x0, 0xfd, 0x80, 0x1f,
    0x3e, 0x3a, 0x21, 0xab, 0x94, 0x3, 0xf9, 0x40,
    0x3f, 0x1c, 0x5d, 0xa5, 0x40, 0x3f, 0xf8, 0xe,
    0x1, 0xff, 0xc4, 0x26, 0x0, 0xfa, 0x4, 0x3,
    0xff, 0x84, 0x79, 0xa0, 0x1f, 0xb0, 0x40, 0x3f,
    0xf8, 0xf, 0x82, 0xa0, 0x1f, 0x8b, 0xd4, 0x3,
    0xf9, 0x36, 0x0, 0x2, 0x1, 0xfc, 0x35, 0xb0,
    0xa8, 0x68, 0xd3, 0xd6, 0x40, 0x1b, 0x73, 0x36,
    0x80,

    /* U+FF56 "ｖ" */
    0x4f, 0xff, 0x68, 0x7, 0xff, 0xa, 0x3f, 0xfc,
    0x88, 0x20, 0xe, 0x23, 0x0, 0xff, 0xe0, 0xb0,
    0x7, 0xa, 0x5, 0x0, 0x7a, 0x80, 0x3f, 0xf8,
    0x6, 0x20, 0x1c, 0xc0, 0x6, 0x0, 0xf3, 0x80,
    0x7f, 0xf0, 0x28, 0x3, 0xd4, 0x0, 0x14, 0x0,
    0xe1, 0x40, 0xf, 0xf9, 0xc0, 0x38, 0xc8, 0x2,
    0xe0, 0xf, 0x68, 0x7, 0xf9, 0x4, 0x3, 0xa8,
    0x3, 0x28, 0x80, 0x73, 0x80, 0x7f, 0xb8, 0x3,
    0xcc, 0x1, 0xcc, 0x1, 0xc2, 0x80, 0x1f, 0xca,
    0x1, 0xcc, 0x1, 0xea, 0x0, 0xf7, 0x0, 0x7e,
    0x50, 0xf, 0x50, 0x7, 0x88, 0xc0, 0x39, 0x40,
    0x3f, 0x70, 0x7, 0x11, 0x80, 0x7d, 0x20, 0x1e,
    0x50, 0xf, 0xa, 0x0, 0x75, 0x0, 0x7e, 0x50,
    0xf, 0x70, 0x7, 0x9c, 0x3, 0xcc, 0x1, 0xfc,
    0xc0, 0x1c, 0x82, 0x1, 0xd4, 0x1, 0xc8, 0x20,
    0x1f, 0xd4, 0x1, 0xe7, 0x0, 0xc2, 0x60, 0x1d,
    0xc0, 0x1f, 0xe3, 0x30, 0x7, 0x68, 0x6, 0x60,
    0xe, 0x15, 0x0, 0xff, 0xa8, 0x3, 0x90, 0x40,
    0x2b, 0x0, 0xe7, 0x0, 0xff, 0xe0, 0x38, 0x7,
    0x9c, 0x0, 0x26, 0x1, 0xd4, 0x1, 0xff, 0xc0,
    0x15, 0x0, 0xed, 0x0, 0x38, 0x7, 0x11, 0x80,
    0x7f, 0xf0, 0x78, 0x3, 0x90, 0x43, 0x40, 0x3a,
    0x80, 0x3f, 0xf8, 0x48, 0x40, 0x1c, 0x80, 0x80,
    0x1c, 0xc0, 0x1f, 0xfc, 0x3a, 0x0, 0xef, 0x50,
    0xe, 0x51, 0x0, 0xff, 0xe1, 0xb0, 0x7, 0x2f,
    0x0, 0x77, 0x0, 0x7f, 0xf1, 0x5, 0x0, 0x39,
    0x0, 0x30, 0xa0, 0x7, 0xff, 0x17, 0xc0, 0x3f,
    0xcc, 0x1, 0xff, 0xc6, 0x41, 0x0, 0xfe, 0xa0,
    0xf, 0xfe, 0x3b, 0x0, 0x7e, 0x32, 0x0, 0xff,
    0xe3, 0xd0, 0x7, 0xea, 0x0, 0xff, 0x0,

    /* U+FF57 "ｗ" */
    0x7f, 0xff, 0x38, 0x7, 0xf8, 0xbf, 0xfc, 0xc0,
    0x1f, 0xe3, 0xff, 0xf2, 0xa0, 0x7, 0xac, 0x3,
    0xfc, 0x80, 0x1e, 0xd0, 0xf, 0xf2, 0x0, 0x79,
    0xc, 0x40, 0x38, 0xc0, 0x3f, 0xda, 0x1, 0xe4,
    0x0, 0xff, 0x60, 0x7, 0x18, 0x83, 0x80, 0x79,
    0x0, 0x3f, 0x90, 0x3, 0xe4, 0x0, 0xfe, 0x40,
    0xe, 0x40, 0x6, 0x80, 0x7b, 0x40, 0x3f, 0x20,
    0x7, 0xed, 0x0, 0xfc, 0x80, 0x1e, 0xb0, 0x2,
    0x0, 0x79, 0x0, 0x3f, 0x60, 0x7, 0xe4, 0x0,
    0xfd, 0x80, 0x1c, 0x26, 0x1, 0x28, 0x7, 0x11,
    0x0, 0x3e, 0x40, 0xf, 0xc4, 0x40, 0xf, 0x90,
    0x3, 0x90, 0x3, 0x60, 0x7, 0x90, 0x3, 0xc2,
    0x60, 0x11, 0x80, 0x72, 0x0, 0x78, 0x4c, 0x3,
    0xbc, 0x3, 0x38, 0x7, 0xb0, 0x3, 0xc8, 0x1,
    0xad, 0x0, 0x36, 0x80, 0x79, 0x0, 0x3c, 0x80,
    0x18, 0x4c, 0x3, 0x90, 0x3, 0xd8, 0x1, 0x93,
    0x40, 0x32, 0x0, 0x7b, 0x0, 0x38, 0xc4, 0x3,
    0xac, 0x3, 0x84, 0xc0, 0x39, 0xc0, 0x31, 0xa0,
    0x7, 0x20, 0x7, 0x20, 0x7, 0x20, 0x7, 0x94,
    0x3, 0xc8, 0x1, 0x88, 0x40, 0x24, 0x2, 0x10,
    0xd, 0xa0, 0x18, 0x48, 0x3, 0xac, 0x3, 0xc4,
    0x40, 0xe, 0xb0, 0xc, 0xa0, 0x1b, 0x0, 0xe,
    0x1, 0x9c, 0x3, 0x38, 0x7, 0x9, 0x80, 0x7c,
    0x80, 0x1c, 0x60, 0x1b, 0x0, 0x32, 0x0, 0x30,
    0x3, 0x9, 0x0, 0x58, 0x1, 0xc8, 0x1, 0xfb,
    0x40, 0x3c, 0x80, 0x12, 0x0, 0x63, 0x0, 0x20,
    0x7, 0x28, 0x4, 0xe0, 0x1d, 0xe0, 0x1f, 0x90,
    0x3, 0xc6, 0x0, 0x40, 0xc, 0x80, 0x10, 0x98,
    0x6, 0xc0, 0x0, 0x90, 0x7, 0x20, 0x7, 0xf2,
    0x80, 0x76, 0x0, 0x34, 0x3, 0x68, 0x6, 0x40,
    0xc, 0x80, 0x4, 0x0, 0xe3, 0x10, 0xf, 0xef,
    0x0, 0xe4, 0x0, 0x38, 0x6, 0x40, 0xd, 0x60,
    0x1c, 0x81, 0xa0, 0x1d, 0x60, 0x1f, 0xe4, 0x0,
    0xf1, 0x90, 0x80, 0x42, 0x40, 0x18, 0xc4, 0x3,
    0x68, 0x20, 0x7, 0x20, 0x7, 0xf8, 0x4c, 0x3,
    0x91, 0x0, 0x19, 0xc0, 0x3c, 0x80, 0x19, 0x0,
    0xc0, 0x30, 0x98, 0x7, 0xfd, 0x60, 0x1d, 0x98,
    0x0, 0xd8, 0x1, 0xef, 0x0, 0xc4, 0xc0, 0x1c,
    0x80, 0x1f, 0xfc, 0x5, 0x0, 0xe4, 0x50, 0xc,
    0x80, 0x1e, 0x40, 0xe, 0x80, 0xe, 0xf0, 0xf,
    0xfe, 0x1, 0x10, 0x3, 0xf8, 0xc4, 0x3, 0xc2,
    0x60, 0x18, 0x40, 0x39, 0x0, 0x3f, 0xf8, 0x2a,
    0x1, 0xfc, 0x80, 0x1f, 0x90, 0x3, 0xf8, 0xc4,
    0x3, 0xff, 0x83, 0x60, 0x1f, 0xd8, 0x1, 0xfa,
    0xc0, 0x3f, 0xac, 0x3, 0xff, 0x84, 0x62, 0x1,
    0xf9, 0x0, 0x3f, 0x18, 0x7, 0xf2, 0x0, 0x7f,
    0xf0, 0xd0, 0x3, 0xe4, 0x0, 0xff, 0x28, 0x7,
    0xc2, 0x60, 0x1f, 0x0,

    /* U+FF58 "ｘ" */
    0xd, 0xff, 0xf5, 0x0, 0x7f, 0x9b, 0xff, 0xda,
    0x0, 0xe0, 0xf, 0x2a, 0x80, 0x3f, 0xc, 0x0,
    0x7a, 0x40, 0x6, 0xe0, 0x1e, 0xb1, 0x0, 0xfa,
    0x4, 0x3, 0x95, 0x0, 0x28, 0x20, 0xe, 0x1b,
    0x0, 0xf1, 0xb0, 0x7, 0xd, 0x80, 0x77, 0x0,
    0x79, 0x54, 0x1, 0xde, 0x1, 0xeb, 0x10, 0xe,
    0x38, 0x0, 0xf5, 0x80, 0x65, 0x30, 0xe, 0x55,
    0x0, 0x7c, 0xe6, 0x1, 0xc3, 0x20, 0x14, 0x0,
    0x70, 0xd8, 0x7, 0xf7, 0x0, 0x79, 0x8c, 0x14,
    0x80, 0x3a, 0xc4, 0x3, 0xf8, 0xa4, 0x3, 0xde,
    0x10, 0x1, 0xc8, 0xa0, 0x1f, 0xf3, 0x20, 0x7,
    0x1e, 0x10, 0x7, 0x50, 0x7, 0xff, 0x6, 0x80,
    0x3c, 0x60, 0x1d, 0x22, 0x1, 0xff, 0xc1, 0x1a,
    0x0, 0xff, 0x23, 0x0, 0x7f, 0xf0, 0xd5, 0x40,
    0x1f, 0xd2, 0x1, 0xff, 0xc5, 0x10, 0xf, 0xd0,
    0x40, 0x1f, 0xfc, 0x47, 0x40, 0xf, 0xd6, 0x1,
    0xff, 0xc4, 0x28, 0x0, 0xfe, 0x38, 0x0, 0xff,
    0xe1, 0xf0, 0x7, 0xfc, 0xe8, 0x1, 0xff, 0xc1,
    0x73, 0x0, 0xe7, 0x0, 0xf5, 0x8, 0x7, 0xfc,
    0x50, 0x1, 0xcd, 0xa, 0x1, 0xc3, 0x40, 0x1f,
    0xf7, 0x0, 0x7a, 0x2, 0xc4, 0x3, 0x91, 0x80,
    0x3f, 0xa0, 0xc0, 0x3a, 0x4, 0x6, 0xc0, 0x3d,
    0x26, 0x1, 0xf1, 0xb8, 0x7, 0xb, 0x80, 0x4a,
    0xa0, 0xf, 0x70, 0x7, 0xdc, 0x1, 0xeb, 0x0,
    0xeb, 0x10, 0xe, 0x29, 0x0, 0xe8, 0x20, 0xe,
    0x45, 0x0, 0xe1, 0xa0, 0xf, 0x32, 0x80, 0x46,
    0xe0, 0x1e, 0xa0, 0xf, 0x91, 0xc0, 0x3d, 0x62,
    0x0, 0xe0, 0xf, 0x48, 0x80, 0x7e, 0x83, 0x0,
    0xe1, 0xd0, 0x92, 0x0, 0xe3, 0x60, 0xf, 0xf7,
    0x0, 0x78, 0xe0,

    /* U+FF59 "ｙ" */
    0x0, 0xff, 0xe9, 0x1f, 0xff, 0xb8, 0x3, 0xff,
    0x84, 0xff, 0xfe, 0x43, 0x30, 0x7, 0xa, 0x80,
    0x7f, 0xf0, 0x68, 0x3, 0x89, 0x2, 0x40, 0x3d,
    0xc0, 0x1f, 0xfc, 0x3, 0x20, 0xe, 0xa0, 0x2,
    0x90, 0x7, 0x21, 0x0, 0x7f, 0xd6, 0x1, 0xe6,
    0x0, 0xa8, 0x3, 0xd4, 0x1, 0xff, 0x30, 0x7,
    0x20, 0x80, 0x4e, 0x1, 0xe6, 0x0, 0xff, 0x20,
    0x80, 0x77, 0x0, 0x73, 0x80, 0x70, 0xa8, 0x7,
    0xf6, 0x80, 0x70, 0xa8, 0x7, 0x48, 0x7, 0xa4,
    0x3, 0xf9, 0xc0, 0x39, 0x80, 0x3c, 0x2a, 0x1,
    0xc6, 0x40, 0x1f, 0x28, 0x80, 0x75, 0x0, 0x7d,
    0x20, 0x1e, 0xa0, 0xf, 0xbc, 0x3, 0x8c, 0x80,
    0x3e, 0x33, 0x0, 0x73, 0x0, 0x7c, 0xa0, 0x1d,
    0x40, 0x1f, 0xd0, 0x1, 0xc2, 0xa0, 0x1c, 0xa0,
    0x1e, 0x60, 0xf, 0xe4, 0x20, 0xe, 0x90, 0xe,
    0xe0, 0xe, 0x60, 0xf, 0xfa, 0xc0, 0x38, 0xc8,
    0x3, 0x20, 0x7, 0x50, 0x7, 0xfc, 0xc2, 0x1,
    0xd4, 0x1, 0x28, 0x7, 0x11, 0x80, 0x7f, 0xf0,
    0x18, 0x3, 0x98, 0x2, 0xf0, 0xe, 0xa0, 0xf,
    0xfe, 0xc, 0x80, 0x70, 0xa0, 0x1, 0x40, 0x39,
    0x80, 0x3f, 0xf8, 0x22, 0xa0, 0x1d, 0xc0, 0xa0,
    0x1c, 0xa2, 0x1, 0xff, 0xc2, 0x80, 0xe, 0x50,
    0xf0, 0xe, 0xe0, 0xf, 0xfe, 0x19, 0x20, 0x7,
    0x32, 0x80, 0x61, 0x40, 0xf, 0xfe, 0x27, 0x80,
    0x74, 0x80, 0x73, 0x0, 0x7f, 0xf1, 0x50, 0x80,
    0x3f, 0xd4, 0x1, 0xff, 0xc6, 0xb0, 0xf, 0xe4,
    0x20, 0xf, 0xfe, 0x33, 0x8, 0x7, 0xee, 0x0,
    0xff, 0xe4, 0x30, 0x7, 0xc2, 0xa0, 0x1f, 0xfc,
    0x89, 0x0, 0xf9, 0xc0, 0x3f, 0xf9, 0x22, 0x80,
    0x1e, 0xa0, 0xf, 0xfe, 0x52, 0x0, 0x71, 0x98,
    0x3, 0xff, 0x92, 0xc0, 0x1e, 0x90, 0xf, 0xfe,
    0x54, 0x0, 0x71, 0x28, 0x7, 0xff, 0x26, 0xc4,
    0x3, 0xa0, 0x3, 0xff, 0x86, 0x20, 0x19, 0x31,
    0x0, 0x39, 0x14, 0x3, 0xff, 0x87, 0x3f, 0xdc,
    0xfb, 0x30, 0xf, 0x48, 0x7, 0xff, 0x11, 0x0,
    0x44, 0x1, 0xfa, 0x48, 0x3, 0xff, 0x88, 0x60,
    0x1f, 0xe7, 0x60, 0xf, 0xfe, 0x22, 0x0, 0x7f,
    0xa2, 0x0, 0x1f, 0xfc, 0x5c, 0x0, 0xfc, 0x9a,
    0xe0, 0x1f, 0xfc, 0x6a, 0x96, 0x54, 0x57, 0xae,
    0xb2, 0x0, 0xff, 0xe2, 0x80,

    /* U+FF5B "｛" */
    0x0, 0xff, 0x84, 0x60, 0xf, 0xc7, 0x5d, 0xfd,
    0xd4, 0x80, 0x79, 0xb1, 0x44, 0x3, 0xfc, 0x52,
    0x1, 0xff, 0xc1, 0xb0, 0xe, 0x26, 0x66, 0x0,
    0x72, 0x0, 0x64, 0xd9, 0x92, 0x80, 0x71, 0x0,
    0x6f, 0x0, 0xff, 0xe1, 0x30, 0x7, 0xe1, 0x0,
    0xe3, 0x0, 0xff, 0xe5, 0x88, 0x7, 0x18, 0x7,
    0xff, 0x30, 0x40, 0x30, 0x80, 0x7f, 0x18, 0x7,
    0xff, 0x9, 0x80, 0x33, 0x80, 0x7f, 0x8, 0x6,
    0x10, 0xf, 0xfe, 0x61, 0x80, 0x7f, 0xf0, 0x88,
    0x3, 0x8, 0x7, 0xf2, 0x0, 0x67, 0x0, 0xfd,
    0x40, 0x1c, 0x60, 0x1c, 0x6d, 0x8a, 0x1, 0x98,
    0x3, 0x8b, 0x24, 0xc0, 0x31, 0xc0, 0x7, 0xfc,
    0x53, 0x82, 0x1, 0xff, 0x16, 0x98, 0x7, 0x8c,
    0x40, 0x39, 0x30, 0xc0, 0x38, 0x7b, 0xe4, 0x3,
    0xb8, 0x3, 0xf3, 0x58, 0x6, 0x21, 0x0, 0xfc,
    0x86, 0x1, 0x94, 0x3, 0xf9, 0x80, 0x30, 0x80,
    0x7f, 0xf6, 0xc4, 0x3, 0x8, 0x7, 0xf3, 0x80,
    0x7f, 0xf0, 0x88, 0x3, 0x38, 0x7, 0xf0, 0x80,
    0x61, 0x0, 0xff, 0xe5, 0x88, 0x7, 0x18, 0x7,
    0xff, 0x2c, 0x40, 0x38, 0xc0, 0x3f, 0xf8, 0x4e,
    0x1, 0xfc, 0x40, 0x1a, 0x40, 0x3f, 0x90, 0x3,
    0x1f, 0xe5, 0xb0, 0x7, 0x58, 0x7, 0x8d, 0x3c,
    0x3, 0x8a, 0x80, 0x3f, 0xf8, 0x4b, 0xae, 0x60,
    0x1c,

    /* U+FF5C "｜" */
    0x0, 0xc3, 0xfe, 0x10, 0xf, 0xff, 0xf8, 0x7,
    0xff, 0xfc, 0x3, 0xff, 0xb4,

    /* U+FF5D "｝" */
    0x1, 0x18, 0x3, 0xfe, 0x9e, 0xeb, 0xfa, 0x8c,
    0x3, 0xff, 0x80, 0x2b, 0x8c, 0x1, 0xff, 0xc2,
    0x92, 0x0, 0xec, 0x66, 0x10, 0x7, 0x58, 0x7,
    0x2c, 0xcb, 0x50, 0x3, 0x20, 0x7, 0xf7, 0x80,
    0x62, 0x0, 0xfe, 0x60, 0xf, 0xfe, 0x11, 0x80,
    0x70, 0x80, 0x7f, 0xf2, 0xcc, 0x3, 0x84, 0x3,
    0xff, 0x96, 0x20, 0x18, 0x40, 0x3f, 0xf8, 0x44,
    0x1, 0xfc, 0xe0, 0x19, 0xc0, 0x3f, 0x84, 0x3,
    0x8, 0x7, 0xff, 0x44, 0xc0, 0x3f, 0x84, 0x3,
    0x10, 0x7, 0xf3, 0x80, 0x64, 0x0, 0xfe, 0x30,
    0xe, 0xa0, 0xf, 0xe5, 0x0, 0xcb, 0x8c, 0x60,
    0x1e, 0xb3, 0x0, 0xc7, 0x38, 0x20, 0x1c, 0x39,
    0x24, 0x1, 0xff, 0xc0, 0x3d, 0x20, 0xf, 0xf9,
    0x31, 0x0, 0x38, 0x40, 0x3d, 0x20, 0x1d, 0x1d,
    0xc1, 0x0, 0xc4, 0x40, 0xd, 0x6e, 0x20, 0x1e,
    0x60, 0xc, 0x68, 0x1, 0xf8, 0x40, 0x33, 0x0,
    0x7f, 0xf6, 0xc4, 0x3, 0x8, 0x7, 0xff, 0x9,
    0xc0, 0x3f, 0x9c, 0x3, 0x8, 0x7, 0xf0, 0x80,
    0x62, 0x0, 0xff, 0xe6, 0x18, 0x7, 0x8, 0x7,
    0xff, 0x2c, 0xc0, 0x38, 0x40, 0x3f, 0x38, 0x7,
    0xff, 0xa, 0x40, 0x31, 0x0, 0x73, 0x5e, 0x79,
    0x80, 0x64, 0x0, 0xef, 0x43, 0x0, 0xf5, 0x80,
    0x7f, 0xf0, 0x68, 0x80, 0x3f, 0xc6, 0xfa, 0xa0,
    0x1e,

    /* U+FF5E "～" */
    0x0, 0xff, 0x2c, 0x5e, 0x62, 0xe1, 0x44, 0x3,
    0xff, 0xac, 0x33, 0xf4, 0xe8, 0x66, 0x47, 0xae,
    0xa3, 0x0, 0xff, 0xe9, 0xbf, 0x30, 0x7, 0xf9,
    0x72, 0x40, 0x3f, 0xfa, 0x37, 0x0, 0x1f, 0xfc,
    0x26, 0xd2, 0x0, 0xff, 0xe1, 0xa4, 0x0, 0x7f,
    0x62, 0x0, 0x7f, 0xf1, 0xb, 0x8, 0x3, 0xff,
    0x85, 0x2f, 0xcc, 0x1, 0xeb, 0x30, 0xf, 0xfe,
    0x30, 0xe1, 0x0, 0x7f, 0xf0, 0x20, 0x80, 0x67,
    0x54, 0x2, 0x74, 0x0, 0xf9, 0xaf, 0x72, 0x98,
    0x3, 0xe1, 0xc3, 0x0, 0xff, 0x3b, 0x80, 0x31,
    0x58, 0x0, 0xe0, 0x3, 0xc9, 0xd2, 0x84, 0x6b,
    0x3c, 0xa0, 0x1e, 0x1c, 0x50, 0xf, 0xcf, 0x0,
    0x1e, 0xb0, 0x7, 0x80, 0x79, 0x2c, 0x40, 0x3c,
    0x35, 0x0, 0x1f, 0x55, 0xa0, 0x6, 0x4c, 0x80,
    0xf, 0x22, 0x80, 0x18, 0x3, 0x8e, 0xc0, 0x3f,
    0xcf, 0x20, 0x1f, 0x25, 0xff, 0x6f, 0xd9, 0x80,
    0x78, 0x68, 0x2, 0xac, 0x40, 0xb, 0x40, 0x3f,
    0xf8, 0xd, 0x20, 0x1f, 0xc2, 0x40, 0x1f, 0x87,
    0x44, 0x3, 0x1d, 0xd8, 0xe0, 0x40, 0x3f, 0xf8,
    0x2d, 0x40, 0x1f, 0xfc, 0x51, 0xd3, 0x0, 0xf9,
    0x31, 0xc0, 0x3f, 0xf8, 0x6b, 0x84, 0x1, 0xff,
    0xc2, 0x3f, 0x30, 0xf, 0xfe, 0x79, 0xec, 0x0,
    0x7f, 0xc3, 0x38, 0x20, 0x1f, 0xfd, 0x27, 0xfa,
    0x52, 0x0, 0xc2, 0xb5, 0xcc, 0x1, 0xff, 0xd6,
    0x5a, 0xdf, 0xee, 0x7f, 0x52, 0x80, 0x7f, 0x0
};


/*---------------------
 *  GLYPH DESCRIPTION
 *--------------------*/

static const lv_font_fmt_txt_glyph_dsc_t glyph_dsc[] = {
    {.bitmap_index = 0, .adv_w = 0, .box_w = 0, .box_h = 0, .ofs_x = 0, .ofs_y = 0} /* id = 0 reserved */,
    {.bitmap_index = 0, .adv_w = 740, .box_w = 44, .box_h = 38, .ofs_x = 1, .ofs_y = -1},
    {.bitmap_index = 550, .adv_w = 453, .box_w = 26, .box_h = 26, .ofs_x = 1, .ofs_y = 5},
    {.bitmap_index = 609, .adv_w = 284, .box_w = 14, .box_h = 6, .ofs_x = 2, .ofs_y = 11},
    {.bitmap_index = 621, .adv_w = 250, .box_w = 10, .box_h = 10, .ofs_x = 3, .ofs_y = -1},
    {.bitmap_index = 661, .adv_w = 453, .box_w = 25, .box_h = 38, .ofs_x = 2, .ofs_y = -1},
    {.bitmap_index = 948, .adv_w = 453, .box_w = 23, .box_h = 36, .ofs_x = 3, .ofs_y = 0},
    {.bitmap_index = 1025, .adv_w = 453, .box_w = 25, .box_h = 37, .ofs_x = 1, .ofs_y = 0},
    {.bitmap_index = 1262, .adv_w = 453, .box_w = 25, .box_h = 38, .ofs_x = 1, .ofs_y = -1},
    {.bitmap_index = 1541, .adv_w = 453, .box_w = 26, .box_h = 36, .ofs_x = 1, .ofs_y = 0},
    {.bitmap_index = 1704, .adv_w = 453, .box_w = 25, .box_h = 37, .ofs_x = 1, .ofs_y = -1},
    {.bitmap_index = 1945, .adv_w = 453, .box_w = 25, .box_h = 38, .ofs_x = 2, .ofs_y = -1},
    {.bitmap_index = 2252, .adv_w = 453, .box_w = 25, .box_h = 36, .ofs_x = 2, .ofs_y = 0},
    {.bitmap_index = 2446, .adv_w = 453, .box_w = 25, .box_h = 38, .ofs_x = 2, .ofs_y = -1},
    {.bitmap_index = 2761, .adv_w = 453, .box_w = 25, .box_h = 38, .ofs_x = 1, .ofs_y = -1},
    {.bitmap_index = 3064, .adv_w = 250, .box_w = 10, .box_h = 28, .ofs_x = 3, .ofs_y = -1},
    {.bitmap_index = 3148, .adv_w = 504, .box_w = 29, .box_h = 38, .ofs_x = 2, .ofs_y = -1},
    {.bitmap_index = 3430, .adv_w = 310, .box_w = 16, .box_h = 16, .ofs_x = 2, .ofs_y = 22},
    {.bitmap_index = 3535, .adv_w = 697, .box_w = 40, .box_h = 5, .ofs_x = 2, .ofs_y = 12},
    {.bitmap_index = 3550, .adv_w = 768, .box_w = 9, .box_h = 16, .ofs_x = 38, .ofs_y = 27},
    {.bitmap_index = 3608, .adv_w = 768, .box_w = 9, .box_h = 16, .ofs_x = 1, .ofs_y = 26},
    {.bitmap_index = 3669, .adv_w = 768, .box_w = 18, .box_h = 16, .ofs_x = 29, .ofs_y = 27},
    {.bitmap_index = 3787, .adv_w = 768, .box_w = 18, .box_h = 16, .ofs_x = 1, .ofs_y = 26},
    {.bitmap_index = 3911, .adv_w = 768, .box_w = 17, .box_h = 16, .ofs_x = 1, .ofs_y = -4},
    {.bitmap_index = 3998, .adv_w = 768, .box_w = 17, .box_h = 16, .ofs_x = 1, .ofs_y = -4},
    {.bitmap_index = 4110, .adv_w = 768, .box_w = 46, .box_h = 46, .ofs_x = 1, .ofs_y = -5},
    {.bitmap_index = 4667, .adv_w = 768, .box_w = 44, .box_h = 45, .ofs_x = 2, .ofs_y = -4},
    {.bitmap_index = 4872, .adv_w = 768, .box_w = 44, .box_h = 45, .ofs_x = 3, .ofs_y = -4},
    {.bitmap_index = 5141, .adv_w = 768, .box_w = 44, .box_h = 46, .ofs_x = 2, .ofs_y = -5},
    {.bitmap_index = 5519, .adv_w = 768, .box_w = 47, .box_h = 46, .ofs_x = 1, .ofs_y = -5},
    {.bitmap_index = 5980, .adv_w = 768, .box_w = 44, .box_h = 43, .ofs_x = 2, .ofs_y = -3},
    {.bitmap_index = 6184, .adv_w = 768, .box_w = 10, .box_h = 37, .ofs_x = 7, .ofs_y = -1},
    {.bitmap_index = 6308, .adv_w = 768, .box_w = 22, .box_h = 19, .ofs_x = 13, .ofs_y = 24},
    {.bitmap_index = 6430, .adv_w = 768, .box_w = 34, .box_h = 37, .ofs_x = 7, .ofs_y = 0},
    {.bitmap_index = 6745, .adv_w = 768, .box_w = 28, .box_h = 48, .ofs_x = 10, .ofs_y = -6},
    {.bitmap_index = 7073, .adv_w = 768, .box_w = 44, .box_h = 38, .ofs_x = 2, .ofs_y = -1},
    {.bitmap_index = 7634, .adv_w = 768, .box_w = 34, .box_h = 38, .ofs_x = 8, .ofs_y = -1},
    {.bitmap_index = 8022, .adv_w = 768, .box_w = 8, .box_h = 19, .ofs_x = 20, .ofs_y = 24},
    {.bitmap_index = 8076, .adv_w = 768, .box_w = 15, .box_h = 47, .ofs_x = 31, .ofs_y = -5},
    {.bitmap_index = 8286, .adv_w = 768, .box_w = 15, .box_h = 47, .ofs_x = 2, .ofs_y = -5},
    {.bitmap_index = 8496, .adv_w = 768, .box_w = 35, .box_h = 38, .ofs_x = 7, .ofs_y = -1},
    {.bitmap_index = 8808, .adv_w = 768, .box_w = 36, .box_h = 35, .ofs_x = 6, .ofs_y = 1},
    {.bitmap_index = 8908, .adv_w = 768, .box_w = 12, .box_h = 19, .ofs_x = 7, .ofs_y = -7},
    {.bitmap_index = 8994, .adv_w = 768, .box_w = 36, .box_h = 6, .ofs_x = 6, .ofs_y = 15},
    {.bitmap_index = 9012, .adv_w = 768, .box_w = 11, .box_h = 11, .ofs_x = 8, .ofs_y = 0},
    {.bitmap_index = 9058, .adv_w = 768, .box_w = 46, .box_h = 46, .ofs_x = 1, .ofs_y = -5},
    {.bitmap_index = 9339, .adv_w = 768, .box_w = 28, .box_h = 38, .ofs_x = 10, .ofs_y = -1},
    {.bitmap_index = 9647, .adv_w = 768, .box_w = 28, .box_h = 36, .ofs_x = 10, .ofs_y = 0},
    {.bitmap_index = 9738, .adv_w = 768, .box_w = 28, .box_h = 37, .ofs_x = 10, .ofs_y = 0},
    {.bitmap_index = 9999, .adv_w = 768, .box_w = 28, .box_h = 38, .ofs_x = 9, .ofs_y = -1},
    {.bitmap_index = 10307, .adv_w = 768, .box_w = 29, .box_h = 37, .ofs_x = 10, .ofs_y = -1},
    {.bitmap_index = 10488, .adv_w = 768, .box_w = 27, .box_h = 37, .ofs_x = 10, .ofs_y = -1},
    {.bitmap_index = 10744, .adv_w = 768, .box_w = 28, .box_h = 38, .ofs_x = 10, .ofs_y = -1},
    {.bitmap_index = 11074, .adv_w = 768, .box_w = 28, .box_h = 36, .ofs_x = 10, .ofs_y = 0},
    {.bitmap_index = 11273, .adv_w = 768, .box_w = 28, .box_h = 38, .ofs_x = 10, .ofs_y = -1},
    {.bitmap_index = 11611, .adv_w = 768, .box_w = 28, .box_h = 38, .ofs_x = 10, .ofs_y = -1},
    {.bitmap_index = 11937, .adv_w = 768, .box_w = 10, .box_h = 33, .ofs_x = 7, .ofs_y = -1},
    {.bitmap_index = 12023, .adv_w = 768, .box_w = 12, .box_h = 41, .ofs_x = 6, .ofs_y = -9},
    {.bitmap_index = 12172, .adv_w = 768, .box_w = 39, .box_h = 38, .ofs_x = 4, .ofs_y = -1},
    {.bitmap_index = 12480, .adv_w = 768, .box_w = 36, .box_h = 17, .ofs_x = 6, .ofs_y = 10},
    {.bitmap_index = 12524, .adv_w = 768, .box_w = 39, .box_h = 38, .ofs_x = 5, .ofs_y = -1},
    {.bitmap_index = 12832, .adv_w = 768, .box_w = 22, .box_h = 38, .ofs_x = 1, .ofs_y = -1},
    {.bitmap_index = 13062, .adv_w = 768, .box_w = 44, .box_h = 45, .ofs_x = 2, .ofs_y = -4},
    {.bitmap_index = 13671, .adv_w = 768, .box_w = 36, .box_h = 37, .ofs_x = 6, .ofs_y = -1},
    {.bitmap_index = 14004, .adv_w = 768, .box_w = 30, .box_h = 36, .ofs_x = 10, .ofs_y = 0},
    {.bitmap_index = 14234, .adv_w = 768, .box_w = 32, .box_h = 38, .ofs_x = 9, .ofs_y = -1},
    {.bitmap_index = 14538, .adv_w = 768, .box_w = 32, .box_h = 36, .ofs_x = 9, .ofs_y = 0},
    {.bitmap_index = 14766, .adv_w = 768, .box_w = 26, .box_h = 36, .ofs_x = 12, .ofs_y = 0},
    {.bitmap_index = 14843, .adv_w = 768, .box_w = 25, .box_h = 37, .ofs_x = 13, .ofs_y = -1},
    {.bitmap_index = 14919, .adv_w = 768, .box_w = 33, .box_h = 38, .ofs_x = 7, .ofs_y = -1},
    {.bitmap_index = 15217, .adv_w = 768, .box_w = 32, .box_h = 36, .ofs_x = 8, .ofs_y = 0},
    {.bitmap_index = 15300, .adv_w = 768, .box_w = 28, .box_h = 36, .ofs_x = 10, .ofs_y = 0},
    {.bitmap_index = 15377, .adv_w = 768, .box_w = 25, .box_h = 37, .ofs_x = 10, .ofs_y = -1},
    {.bitmap_index = 15504, .adv_w = 768, .box_w = 32, .box_h = 36, .ofs_x = 10, .ofs_y = 0},
    {.bitmap_index = 15763, .adv_w = 768, .box_w = 25, .box_h = 36, .ofs_x = 13, .ofs_y = 0},
    {.bitmap_index = 15817, .adv_w = 768, .box_w = 36, .box_h = 36, .ofs_x = 6, .ofs_y = 0},
    {.bitmap_index = 16124, .adv_w = 768, .box_w = 30, .box_h = 36, .ofs_x = 9, .ofs_y = 0},
    {.bitmap_index = 16344, .adv_w = 768, .box_w = 36, .box_h = 38, .ofs_x = 6, .ofs_y = -1},
    {.bitmap_index = 16708, .adv_w = 768, .box_w = 29, .box_h = 37, .ofs_x = 11, .ofs_y = -1},
    {.bitmap_index = 16889, .adv_w = 768, .box_w = 38, .box_h = 47, .ofs_x = 6, .ofs_y = -10},
    {.bitmap_index = 17348, .adv_w = 768, .box_w = 31, .box_h = 37, .ofs_x = 10, .ofs_y = -1},
    {.bitmap_index = 17580, .adv_w = 768, .box_w = 30, .box_h = 38, .ofs_x = 9, .ofs_y = -1},
    {.bitmap_index = 17909, .adv_w = 768, .box_w = 32, .box_h = 36, .ofs_x = 8, .ofs_y = 0},
    {.bitmap_index = 17977, .adv_w = 768, .box_w = 32, .box_h = 37, .ofs_x = 8, .ofs_y = -1},
    {.bitmap_index = 18165, .adv_w = 768, .box_w = 34, .box_h = 36, .ofs_x = 7, .ofs_y = 0},
    {.bitmap_index = 18499, .adv_w = 768, .box_w = 48, .box_h = 36, .ofs_x = 0, .ofs_y = 0},
    {.bitmap_index = 19026, .adv_w = 768, .box_w = 32, .box_h = 36, .ofs_x = 8, .ofs_y = 0},
    {.bitmap_index = 19360, .adv_w = 768, .box_w = 32, .box_h = 36, .ofs_x = 8, .ofs_y = 0},
    {.bitmap_index = 19593, .adv_w = 768, .box_w = 30, .box_h = 36, .ofs_x = 9, .ofs_y = 0},
    {.bitmap_index = 19796, .adv_w = 768, .box_w = 13, .box_h = 45, .ofs_x = 34, .ofs_y = -4},
    {.bitmap_index = 19843, .adv_w = 768, .box_w = 46, .box_h = 46, .ofs_x = 1, .ofs_y = -5},
    {.bitmap_index = 20118, .adv_w = 768, .box_w = 13, .box_h = 45, .ofs_x = 1, .ofs_y = -4},
    {.bitmap_index = 20166, .adv_w = 768, .box_w = 17, .box_h = 8, .ofs_x = 16, .ofs_y = 38},
    {.bitmap_index = 20218, .adv_w = 768, .box_w = 48, .box_h = 3, .ofs_x = 0, .ofs_y = -6},
    {.bitmap_index = 20228, .adv_w = 768, .box_w = 13, .box_h = 7, .ofs_x = 15, .ofs_y = 39},
    {.bitmap_index = 20261, .adv_w = 768, .box_w = 26, .box_h = 29, .ofs_x = 11, .ofs_y = -1},
    {.bitmap_index = 20493, .adv_w = 768, .box_w = 28, .box_h = 40, .ofs_x = 11, .ofs_y = -1},
    {.bitmap_index = 20717, .adv_w = 768, .box_w = 27, .box_h = 29, .ofs_x = 11, .ofs_y = -1},
    {.bitmap_index = 20939, .adv_w = 768, .box_w = 28, .box_h = 40, .ofs_x = 9, .ofs_y = -1},
    {.bitmap_index = 21169, .adv_w = 768, .box_w = 28, .box_h = 29, .ofs_x = 10, .ofs_y = -1},
    {.bitmap_index = 21395, .adv_w = 768, .box_w = 28, .box_h = 39, .ofs_x = 12, .ofs_y = 0},
    {.bitmap_index = 21554, .adv_w = 768, .box_w = 30, .box_h = 40, .ofs_x = 10, .ofs_y = -12},
    {.bitmap_index = 21908, .adv_w = 768, .box_w = 27, .box_h = 39, .ofs_x = 11, .ofs_y = 0},
    {.bitmap_index = 22041, .adv_w = 768, .box_w = 10, .box_h = 40, .ofs_x = 19, .ofs_y = 0},
    {.bitmap_index = 22101, .adv_w = 768, .box_w = 28, .box_h = 39, .ofs_x = 12, .ofs_y = 0},
    {.bitmap_index = 22305, .adv_w = 768, .box_w = 19, .box_h = 40, .ofs_x = 19, .ofs_y = -1},
    {.bitmap_index = 22401, .adv_w = 768, .box_w = 44, .box_h = 28, .ofs_x = 2, .ofs_y = 0},
    {.bitmap_index = 22594, .adv_w = 768, .box_w = 27, .box_h = 28, .ofs_x = 11, .ofs_y = 0},
    {.bitmap_index = 22712, .adv_w = 768, .box_w = 30, .box_h = 29, .ofs_x = 9, .ofs_y = -1},
    {.bitmap_index = 22976, .adv_w = 768, .box_w = 28, .box_h = 39, .ofs_x = 11, .ofs_y = -11},
    {.bitmap_index = 23206, .adv_w = 768, .box_w = 28, .box_h = 39, .ofs_x = 9, .ofs_y = -11},
    {.bitmap_index = 23442, .adv_w = 768, .box_w = 24, .box_h = 28, .ofs_x = 14, .ofs_y = 0},
    {.bitmap_index = 23557, .adv_w = 768, .box_w = 27, .box_h = 29, .ofs_x = 10, .ofs_y = -1},
    {.bitmap_index = 23806, .adv_w = 768, .box_w = 28, .box_h = 36, .ofs_x = 10, .ofs_y = -1},
    {.bitmap_index = 23968, .adv_w = 768, .box_w = 26, .box_h = 28, .ofs_x = 11, .ofs_y = -1},
    {.bitmap_index = 24089, .adv_w = 768, .box_w = 30, .box_h = 27, .ofs_x = 9, .ofs_y = 0},
    {.bitmap_index = 24328, .adv_w = 768, .box_w = 44, .box_h = 27, .ofs_x = 2, .ofs_y = 0},
    {.bitmap_index = 24708, .adv_w = 768, .box_w = 28, .box_h = 27, .ofs_x = 10, .ofs_y = 0},
    {.bitmap_index = 24943, .adv_w = 768, .box_w = 30, .box_h = 39, .ofs_x = 9, .ofs_y = -11},
    {.bitmap_index = 25260, .adv_w = 768, .box_w = 15, .box_h = 46, .ofs_x = 32, .ofs_y = -4},
    {.bitmap_index = 25445, .adv_w = 768, .box_w = 4, .box_h = 49, .ofs_x = 22, .ofs_y = -6},
    {.bitmap_index = 25458, .adv_w = 768, .box_w = 15, .box_h = 46, .ofs_x = 1, .ofs_y = -4},
    {.bitmap_index = 25643, .adv_w = 768, .box_w = 46, .box_h = 16, .ofs_x = 1, .ofs_y = 10}
};

/*---------------------
 *  CHARACTER MAPPING
 *--------------------*/

static const uint16_t unicode_list_0[] = {
    0x0, 0x6, 0x8, 0x9, 0xb, 0xc, 0xd, 0xe,
    0xf, 0x10, 0x11, 0x12, 0x13, 0x14, 0x15, 0x1e,
    0x8b, 0x1fef, 0x1ff3, 0x1ff4, 0x1ff7, 0x1ff8, 0x2fdc, 0x2fdd,
    0x5147, 0x533c, 0x65d1, 0x6b40, 0x8dca, 0x91a7
};

/*Collect the unicode lists and glyph_id offsets*/
static const lv_font_fmt_txt_cmap_t cmaps[] =
{
    {
        .range_start = 37, .range_length = 37288, .glyph_id_start = 1,
        .unicode_list = unicode_list_0, .glyph_id_ofs_list = NULL, .list_length = 30, .type = LV_FONT_FMT_TXT_CMAP_SPARSE_TINY
    },
    {
        .range_start = 65281, .range_length = 73, .glyph_id_start = 31,
        .unicode_list = NULL, .glyph_id_ofs_list = NULL, .list_length = 0, .type = LV_FONT_FMT_TXT_CMAP_FORMAT0_TINY
    },
    {
        .range_start = 65355, .range_length = 15, .glyph_id_start = 104,
        .unicode_list = NULL, .glyph_id_ofs_list = NULL, .list_length = 0, .type = LV_FONT_FMT_TXT_CMAP_FORMAT0_TINY
    },
    {
        .range_start = 65371, .range_length = 4, .glyph_id_start = 119,
        .unicode_list = NULL, .glyph_id_ofs_list = NULL, .list_length = 0, .type = LV_FONT_FMT_TXT_CMAP_FORMAT0_TINY
    }
};

/*-----------------
 *    KERNING
 *----------------*/


/*Pair left and right glyphs for kerning*/
static const uint8_t kern_pair_glyph_ids[] =
{
    16, 3,
    16, 16,
    16, 18
};

/* Kerning between the respective left and right glyphs
 * 4.4 format which needs to scaled with `kern_scale`*/
static const int8_t kern_pair_values[] =
{
    -33, -34, -33
};

/*Collect the kern pair's data in one place*/
static const lv_font_fmt_txt_kern_pair_t kern_pairs =
{
    .glyph_ids = kern_pair_glyph_ids,
    .values = kern_pair_values,
    .pair_cnt = 3,
    .glyph_ids_size = 0
};

/*--------------------
 *  ALL CUSTOM DATA
 *--------------------*/

#if LVGL_VERSION_MAJOR == 8
/*Store all the custom data of the font*/
static  lv_font_fmt_txt_glyph_cache_t cache;
#endif

#if LVGL_VERSION_MAJOR >= 8
static const lv_font_fmt_txt_dsc_t font_dsc = {
#else
static lv_font_fmt_txt_dsc_t font_dsc = {
#endif
    .glyph_bitmap = glyph_bitmap,
    .glyph_dsc = glyph_dsc,
    .cmaps = cmaps,
    .kern_dsc = &kern_pairs,
    .kern_scale = 16,
    .cmap_num = 4,
    .bpp = 4,
    .kern_classes = 0,
    .bitmap_format = 1,
#if LVGL_VERSION_MAJOR == 8
    .cache = &cache
#endif
};



/*-----------------
 *  PUBLIC FONT
 *----------------*/

/*Initialize a public general font descriptor*/
#if LVGL_VERSION_MAJOR >= 8
const lv_font_t font_number_bold_48 = {
#else
lv_font_t font_number_bold_48 = {
#endif
    .get_glyph_dsc = lv_font_get_glyph_dsc_fmt_txt,    /*Function pointer to get glyph's data*/
    .get_glyph_bitmap = lv_font_get_bitmap_fmt_txt,    /*Function pointer to get glyph's bitmap*/
    .line_height = 58,          /*The maximum line height required by the font*/
    .base_line = 12,             /*Baseline measured from the bottom of the line*/
#if !(LVGL_VERSION_MAJOR == 6 && LVGL_VERSION_MINOR == 0)
    .subpx = LV_FONT_SUBPX_NONE,
#endif
#if LV_VERSION_CHECK(7, 4, 0) || LVGL_VERSION_MAJOR >= 8
    .underline_position = -6,
    .underline_thickness = 2,
#endif
    .dsc = &font_dsc,          /*The custom font data. Will be accessed by `get_glyph_bitmap/dsc` */
#if LV_VERSION_CHECK(8, 2, 0) || LVGL_VERSION_MAJOR >= 9
    .fallback = NULL,
#endif
    .user_data = NULL,
};



#endif /*#if FONT_NUMBER_BOLD_48*/

