/*******************************************************************************
 * Size: 22 px
 * Bpp: 4
 * Opts: --font C:\Users\Administrator\Downloads\AIWatch\assets\fonts\noto-sans-sc-v40-chinese-simplified-500.ttf --format lvgl --lv-include lvgl.h --bpp 4 --size 22 --range 0x20-0x7F,0x2014,0x2018-0x2019,0x201C-0x201D,0x3001,0x3002,0xFF01-0xFF5E --symbols #AI手表U设计规格文档基于ESP32-.06寸MOLD触控开发板（分辨率*41×5px，Q接口双麦克风阵列）用quareintdo+VGv8界面搭建>屏幕础参数：圆角矩形盘非全议工程置为`Rsl:Chb(B)或按驱动实际多/。局坐标系以左上,X向右Y下通组件范|状态栏时间字体白色F式H顶部题高度约应图钮直径纯背景线性居中方签与距行7含隔强调主粉播放进、绿步红橙番茄钟蓝天气牙紫音乐卡片壁纸页黑省电总览预九宫途菜单冠入各功能模块布结构[]🔋%月日周六对话细节画位=y号粗期灰池百比齐网容器起始9均第~底水平齿轮"_j作cfg每个内嵌m点击事跳转到所需资源尺说明N透条晴云机人彩跑符矢量显示据依赖统TW连同读取压硬路换无外络默认待落山渐变空脉倒影湖大定📍北京半叠加层宽°侧竖排指使在和J可做套供户切商店小共城市名若载如德腾讯服务逆地理编码见只子集一本缓存最近次请求果减少频刷新区太阳其再箭头报留逐等纵刻温的胶囊拖拽提滑查看更合展横包裹简拟现势雨雪雷种缩版重要过推荐国有免费额w及心知科学海经纬K返回解析段当前描述代未来端映射储因备不便并避繁耗流泡像消息深附边你好！什么我帮吗？历史完整项两略戳例写份目划书怎样些适阅长自义滚唤醒录悬浮波拾帧选序核这是力语输采活检测降噪智生案k信支持配三飞阿里识别先型z<将复成微软联记挂{}架仅关后处轻算央环顺针递剩余专注操匀暂停秒&逻辑；送鞋偏紧贴火焰公柱详趋法速确具传感—常峰值库阈窗估幅验离精轨迹该否则健康类歌曲封垂制填充已随喇叭占根出扬声获易带从典遥保启续亮黄言球靠至满二级择协栈管光寄般境增益串固址久化导航键首情卸优框链杂问还决清仓抓命搜索引擎收眼夹习惯缀驼即改响打致原勾除另颜闪而💡准积铺会很快吃道素译灵阴雾霾也绘枚举拉裁聆听呼吸效循灯替真杠阶者造思晰巴普惠丰富霞鹜楷得意泼想把塞几万十扛住必须正副艺术家辅助骤官汉访就抗锯且霜冷热今年四五星汇去缺证英令\都涉运批属被纳围匹考张够独相给渲染走∶ -o C:\Users\Administrator\Downloads\AIWatch\assets\fonts\lvgl\font_title_22.c
 ******************************************************************************/

#ifdef LV_LVGL_H_INCLUDE_SIMPLE
#include "lvgl.h"
#else
#include "lvgl.h"
#endif

#ifndef FONT_TITLE_22
#define FONT_TITLE_22 1
#endif

#if FONT_TITLE_22

/*-----------------
 *    BITMAPS
 *----------------*/

/*Store the image of the glyphs*/
static LV_ATTRIBUTE_LARGE_CONST const uint8_t glyph_bitmap[] = {
    /* U+0020 " " */

    /* U+0021 "!" */
    0x8f, 0xf0, 0x78, 0x4, 0x20, 0x1f, 0x18, 0x8,
    0x7, 0x8, 0x18, 0x38, 0x8, 0x7, 0x8, 0x38,
    0x4, 0x20, 0x60, 0x60, 0x3f, 0x20, 0x57, 0x1,
    0xc8, 0xea, 0x20, 0x3, 0x81, 0x36,

    /* U+0022 "\"" */
    0xf, 0xf4, 0x81, 0xff, 0x98, 0x2, 0x10, 0x10,
    0xf, 0xf8, 0xc0, 0x43, 0x80, 0x80, 0x2, 0x4,
    0x6, 0x1, 0x98, 0x18, 0x18, 0x0, 0x40, 0x40,
    0x40, 0x40, 0x6, 0x10, 0x5, 0x58, 0x80, 0x22,
    0x80,

    /* U+0023 "#" */
    0x0, 0xdd, 0x40, 0x4, 0xf4, 0x0, 0xe1, 0x20,
    0x1, 0x3, 0x0, 0x62, 0xe, 0x0, 0x70, 0x10,
    0x6, 0x60, 0x20, 0x1, 0x8, 0x5, 0x5f, 0x61,
    0x7f, 0xe5, 0x1f, 0xd0, 0x23, 0x10, 0x33, 0x80,
    0x4d, 0xc2, 0x31, 0x7, 0x32, 0x7, 0xca, 0x0,
    0x98, 0x80, 0x4, 0x1c, 0x1, 0xc2, 0xe0, 0x1,
    0x2, 0x0, 0xe2, 0x20, 0x1, 0x80, 0x40, 0x5,
    0xfe, 0x6, 0xff, 0x50, 0x5f, 0xa9, 0x98, 0x80,
    0x8c, 0xc2, 0x6, 0x66, 0x1c, 0x90, 0x9c, 0xc2,
    0xe, 0x60, 0xc0, 0x4, 0xc, 0x0, 0x62, 0x0,
    0xee, 0x2, 0x0, 0x13, 0x80, 0x71, 0x0, 0x61,
    0x20, 0xe, 0x12, 0x0, 0x10, 0x70, 0x4,

    /* U+0024 "$" */
    0x0, 0xc9, 0x2, 0x1, 0xfb, 0x1c, 0x80, 0x3f,
    0xf8, 0xa5, 0x2e, 0x19, 0x22, 0x1, 0x16, 0xb0,
    0x4, 0xdc, 0x60, 0xe, 0x0, 0x4e, 0x51, 0x82,
    0x80, 0x98, 0x43, 0x1a, 0xe5, 0xb0, 0x18, 0x0,
    0xc0, 0x32, 0x0, 0xc, 0x1, 0xa0, 0x1f, 0xa,
    0x83, 0x48, 0x80, 0x7a, 0x8c, 0x1b, 0xdc, 0x3,
    0xd8, 0xe0, 0x31, 0xa6, 0x1, 0xd1, 0xca, 0x5,
    0x84, 0x1, 0xc3, 0x54, 0x0, 0x48, 0x7, 0xca,
    0xc0, 0x80, 0x1f, 0xbc, 0x3, 0x48, 0x80, 0x6c,
    0x1, 0x8, 0x6e, 0x84, 0x44, 0xa8, 0x30, 0x58,
    0x83, 0xdd, 0x98, 0xe, 0x0, 0xfa, 0x4c, 0x2,
    0x8c, 0x0, 0xcd, 0x8e, 0x18, 0xe0, 0x1f, 0xfc,
    0x6c, 0x72, 0x0, 0xc0,

    /* U+0025 "%" */
    0x0, 0x26, 0x7e, 0xb0, 0x7, 0x93, 0xd0, 0x3,
    0x92, 0xc9, 0x4e, 0x58, 0x3, 0xa4, 0xd0, 0x3,
    0xa0, 0x36, 0xbc, 0x20, 0x3, 0x29, 0x78, 0x7,
    0x9, 0x9c, 0x2, 0xa2, 0x60, 0x14, 0x21, 0x80,
    0x71, 0x83, 0x0, 0x44, 0xc, 0x0, 0x62, 0x80,
    0xf, 0xfe, 0x2c, 0x29, 0x80, 0x78, 0x81, 0x80,
    0x22, 0x6, 0x7, 0x18, 0x2, 0x77, 0x18, 0x4,
    0x67, 0x0, 0xa8, 0x98, 0x4a, 0x92, 0xec, 0x43,
    0x1c, 0x1, 0x1, 0xb3, 0x81, 0x0, 0xe3, 0x3,
    0x43, 0x9a, 0x50, 0x60, 0x96, 0x4c, 0x12, 0xc3,
    0xc, 0x4e, 0x10, 0x65, 0x21, 0x40, 0x4, 0xcf,
    0xd6, 0x9, 0x8, 0xf, 0x5, 0x0, 0x20, 0x28,
    0x7, 0xc2, 0xee, 0x10, 0x30, 0x10, 0xc, 0x20,
    0x1f, 0x40, 0x48, 0x7, 0xf0, 0x80, 0x78, 0x59,
    0xc4, 0x0, 0x40, 0xe0, 0x2, 0x6, 0x0, 0xf4,
    0xc, 0x0, 0x56, 0x1c, 0x0, 0xb0, 0xf0, 0xe,
    0x26, 0x90, 0xc, 0x6a, 0x99, 0x6c, 0x4a, 0x1,
    0xd0, 0x2e, 0x1, 0xd4, 0xc4, 0xaa, 0xc0,

    /* U+0026 "&" */
    0x0, 0xc9, 0x9f, 0xd0, 0x1, 0xfe, 0x5b, 0x31,
    0x13, 0xd0, 0x7, 0xf5, 0x83, 0xf6, 0x82, 0x80,
    0x7e, 0x21, 0x8, 0x2, 0x20, 0x10, 0x7, 0xff,
    0x0, 0x48, 0x8, 0x3, 0xe2, 0x0, 0x18, 0xe8,
    0x38, 0x7, 0xf2, 0x86, 0xf9, 0xac, 0x0, 0x7f,
    0x70, 0x8, 0xa2, 0x80, 0x21, 0x44, 0x0, 0x47,
    0x40, 0x13, 0x80, 0x6b, 0xb7, 0x80, 0xf, 0x4,
    0x80, 0x14, 0x1, 0x94, 0x38, 0x1, 0xc0, 0x7b,
    0x60, 0xb2, 0x0, 0x70, 0x15, 0x2, 0x20, 0x48,
    0x24, 0x3, 0x48, 0xc0, 0x40, 0x0, 0x40, 0xc,
    0x0, 0x77, 0x3, 0x70, 0x13, 0x0, 0x8, 0x1,
    0x60, 0x14, 0x38, 0x5, 0x40, 0x10, 0xa0, 0x3c,
    0x11, 0x19, 0x80, 0x14, 0x5a, 0x80, 0x28, 0x41,
    0xf7, 0x52, 0x22, 0x94, 0x4, 0xb0, 0x0, 0xfb,
    0x90, 0x9, 0xc7, 0x35, 0xd9, 0x5c, 0x0,

    /* U+0027 "'" */
    0xf, 0xf4, 0x80, 0x42, 0x1, 0xc2, 0x1c, 0x4,
    0x6, 0xc, 0xc, 0x4, 0x4, 0x15, 0x62,

    /* U+0028 "(" */
    0x0, 0xfe, 0x1d, 0x50, 0xa, 0x48, 0xc0, 0x2,
    0xe2, 0xc0, 0x6, 0x6, 0x0, 0xa8, 0x2c, 0x0,
    0x44, 0x13, 0x0, 0x20, 0x20, 0x5, 0xe1, 0xa0,
    0x12, 0x1, 0x80, 0x46, 0xc, 0x1, 0x8, 0x18,
    0x7, 0xff, 0xc, 0x40, 0xc0, 0x23, 0x1, 0x0,
    0x98, 0x18, 0x2, 0x30, 0xd0, 0xb, 0x40, 0xc0,
    0x24, 0x4, 0x0, 0x85, 0x41, 0x40, 0x2e, 0xf,
    0x0, 0x90, 0x94, 0x80, 0x28, 0xb, 0x0, 0x96,
    0x64,

    /* U+0029 ")" */
    0x0, 0xe7, 0xc0, 0xb, 0x8d, 0x40, 0x16, 0x10,
    0x0, 0x24, 0x24, 0x0, 0x68, 0x70, 0x1, 0xc1,
    0x40, 0x2, 0x40, 0x60, 0x7, 0x4, 0x0, 0x68,
    0x68, 0x0, 0x80, 0x40, 0x2, 0xe, 0x0, 0x70,
    0x10, 0x3, 0x80, 0x61, 0x1, 0x0, 0x18, 0x38,
    0x3, 0x80, 0x80, 0x6, 0x18, 0x0, 0x50, 0x70,
    0x31, 0x22, 0x5, 0x85, 0x0, 0x14, 0x14, 0x14,
    0x94, 0x82, 0x42, 0x0, 0x1b, 0x44, 0x0,

    /* U+002A "*" */
    0x0, 0x9f, 0xc4, 0x3, 0xde, 0x6, 0x1, 0x24,
    0xa9, 0x2, 0x35, 0x6, 0x35, 0x28, 0x4c, 0x94,
    0xa3, 0x10, 0x2, 0x8e, 0x20, 0x31, 0x0, 0x8c,
    0x40, 0x6, 0xa7, 0x61, 0x20, 0x13, 0x96, 0xa5,
    0x0, 0x80, 0x13, 0x44, 0x17, 0x44, 0x0,

    /* U+002B "+" */
    0x0, 0xea, 0xe3, 0x0, 0xfe, 0x11, 0x0, 0x7f,
    0xf7, 0x4b, 0xff, 0x20, 0x67, 0xfd, 0x40, 0x1f,
    0xf0, 0x97, 0xfe, 0x40, 0xcf, 0xfa, 0xc0, 0x3f,
    0xfc, 0x80,

    /* U+002C "," */
    0x2, 0x51, 0x2, 0xda, 0xc0, 0x70, 0x1, 0x1a,
    0xa0, 0x1, 0xc2, 0xdc, 0x1c, 0x0, 0xa2, 0x63,
    0x65, 0x1, 0x68, 0xec, 0x13, 0x90, 0x0,

    /* U+002D "-" */
    0xff, 0xed, 0x0, 0xf0,

    /* U+002E "." */
    0x8, 0xb3, 0x47, 0x4e, 0x10, 0x1, 0xaa, 0x4,
    0x0,

    /* U+002F "/" */
    0x0, 0xf6, 0x78, 0x7, 0xc6, 0x80, 0x1e, 0x40,
    0xc0, 0xf, 0x68, 0x28, 0x7, 0x90, 0x48, 0x3,
    0x84, 0x90, 0x3, 0xce, 0x1e, 0x1, 0xec, 0x4,
    0x0, 0xf2, 0x10, 0x80, 0x71, 0x8a, 0x80, 0x79,
    0x3, 0x0, 0x3d, 0x60, 0x80, 0x1e, 0x34, 0x0,
    0xf2, 0x6, 0x0, 0x7b, 0x41, 0x0, 0x3c, 0x82,
    0x60, 0x1c, 0x24, 0x80, 0x1e, 0x70, 0xc0, 0xf,
    0x60, 0x20, 0x7, 0x90, 0x88, 0x1, 0xc6, 0x28,
    0x1, 0xe4, 0xc, 0x0, 0xf1, 0x3a, 0x80, 0x78,

    /* U+0030 "0" */
    0x0, 0xc, 0xef, 0xe2, 0x80, 0x61, 0xf6, 0x20,
    0x3a, 0x80, 0xa, 0x84, 0x55, 0xac, 0xe, 0x80,
    0x68, 0x16, 0xa5, 0x28, 0x1e, 0x16, 0x2, 0xa0,
    0x17, 0x2, 0x1, 0x82, 0x80, 0x67, 0x0, 0x23,
    0x1, 0x80, 0x62, 0x0, 0x11, 0x80, 0x7f, 0x8,
    0x83, 0xc0, 0x38, 0x40, 0x2, 0x1e, 0x1, 0xc2,
    0x2, 0x60, 0x20, 0x1f, 0x1b, 0x1, 0x0, 0x62,
    0x0, 0x36, 0x2, 0x80, 0x64, 0x0, 0x1a, 0x80,
    0xa8, 0x5, 0x40, 0x80, 0x48, 0x16, 0xa5, 0x26,
    0x10, 0x0, 0xa2, 0x1a, 0xd6, 0x7, 0x30, 0x0,
    0xe3, 0x10, 0x1d, 0x40, 0x0,

    /* U+0031 "1" */
    0x0, 0x8e, 0xff, 0xc0, 0x1c, 0xbd, 0x88, 0x1,
    0xf1, 0x8, 0x7, 0xf3, 0xff, 0x98, 0x3, 0xff,
    0xfe, 0x1, 0xff, 0xde, 0x33, 0xc0, 0x3, 0x38,
    0xb, 0x32, 0x50, 0x6, 0x64, 0x40, 0x1f, 0xf0,

    /* U+0032 "2" */
    0x0, 0xc, 0x6f, 0xf5, 0xa0, 0x6, 0x3f, 0x72,
    0x1, 0x4b, 0x60, 0xb, 0x44, 0xab, 0x28, 0x42,
    0x44, 0x1, 0xa9, 0xaa, 0x6b, 0x80, 0x6, 0x0,
    0x1d, 0x80, 0x62, 0x10, 0xe0, 0xf, 0xe3, 0x0,
    0xff, 0x88, 0x38, 0x3, 0xf3, 0x0, 0x14, 0x3,
    0xf5, 0x82, 0x10, 0x7, 0xd0, 0x41, 0x0, 0x1f,
    0x23, 0x83, 0x98, 0x7, 0x8a, 0x80, 0xe0, 0x3,
    0xc5, 0x82, 0x2d, 0x0, 0xf0, 0xf8, 0x8b, 0x4,
    0x3, 0x8b, 0xc8, 0x2c, 0x51, 0x30, 0x86, 0x8,
    0x2, 0xb2, 0xef, 0x30, 0x8, 0x7, 0xf8,

    /* U+0033 "3" */
    0x0, 0x9f, 0x7f, 0xb1, 0x80, 0x31, 0xf4, 0x10,
    0x9, 0xcd, 0x80, 0x48, 0x25, 0x59, 0x66, 0x8,
    0xc0, 0x7, 0xad, 0x53, 0x4c, 0x0, 0x68, 0x4,
    0xa0, 0x1c, 0x40, 0x1f, 0xe2, 0x20, 0x60, 0x7,
    0x85, 0xb0, 0x9, 0xc0, 0x3b, 0xfa, 0x45, 0xb0,
    0x3, 0xfc, 0x88, 0x0, 0xf7, 0xf5, 0xa1, 0x53,
    0x0, 0x78, 0x52, 0xd0, 0x20, 0x3, 0xfb, 0x80,
    0x4c, 0x3, 0xfe, 0x70, 0x88, 0x0, 0x77, 0x0,
    0x14, 0x9d, 0xd8, 0xc6, 0xb6, 0x80, 0xa2, 0x50,
    0x7, 0x39, 0x48, 0x7, 0x60, 0x7, 0xd6, 0x20,
    0x1, 0xce, 0x8, 0x0,

    /* U+0034 "4" */
    0x0, 0xf3, 0x7f, 0xb4, 0x3, 0xe1, 0x90, 0xf,
    0xf5, 0x80, 0x80, 0x7e, 0x45, 0x16, 0x0, 0xfd,
    0x41, 0x20, 0x1f, 0xa0, 0x49, 0xc0, 0x3e, 0x37,
    0x9, 0x0, 0xfd, 0xe0, 0xc8, 0x1, 0xf3, 0x98,
    0xc0, 0x7, 0xc3, 0x1, 0x62, 0x1, 0xf4, 0x80,
    0x2b, 0xfe, 0x70, 0x2f, 0xe1, 0x0, 0xff, 0xa7,
    0xbb, 0xca, 0x3, 0xde, 0x2, 0x3e, 0x20, 0x31,
    0x10, 0x7, 0xff, 0x60,

    /* U+0035 "5" */
    0x0, 0x57, 0xff, 0xd2, 0x1, 0x8, 0x7, 0xfc,
    0xe0, 0xb7, 0x7e, 0x0, 0x84, 0x35, 0x13, 0x88,
    0x2, 0x30, 0x10, 0xf, 0xe1, 0x2, 0x0, 0xff,
    0xbb, 0x7f, 0x64, 0x40, 0x21, 0x0, 0x29, 0x1,
    0x37, 0x90, 0x0, 0x61, 0x73, 0xf9, 0xc0, 0x78,
    0x2, 0x7a, 0x30, 0x18, 0x50, 0x32, 0x0, 0xfd,
    0xe0, 0x6, 0x0, 0xfc, 0xc0, 0x1, 0x0, 0xfc,
    0xa0, 0x6, 0x7, 0x50, 0xe, 0xb0, 0x13, 0x28,
    0xab, 0x64, 0x5c, 0x20, 0x90, 0x28, 0x4, 0x9b,
    0xa3, 0x6, 0x70, 0x3, 0xeb, 0x10, 0xa, 0x54,
    0x80, 0x0,

    /* U+0036 "6" */
    0x0, 0x8e, 0xbb, 0xf6, 0x0, 0x33, 0x62, 0x88,
    0x13, 0xe8, 0x82, 0x48, 0x1d, 0x64, 0x8b, 0x88,
    0x48, 0x1e, 0x29, 0xb7, 0xd0, 0x19, 0x7, 0x80,
    0x61, 0x0, 0x20, 0x11, 0x80, 0x7d, 0xa0, 0xe1,
    0x1b, 0xd6, 0x80, 0x6, 0x0, 0x6b, 0x90, 0xa5,
    0xa8, 0x4, 0xa1, 0x7f, 0xa6, 0x14, 0x20, 0x16,
    0x20, 0x17, 0x0, 0x1d, 0xc0, 0xc2, 0x1, 0x11,
    0x3, 0x88, 0x14, 0x3, 0x84, 0x7, 0x0, 0xc0,
    0x38, 0x83, 0x94, 0x0, 0xe0, 0x11, 0x88, 0x20,
    0x40, 0x43, 0x8a, 0x70, 0x19, 0x81, 0xd4, 0x23,
    0xac, 0x87, 0x80, 0x2a, 0x93, 0x1, 0x6f, 0x20,

    /* U+0037 "7" */
    0xef, 0xff, 0xe8, 0x0, 0xff, 0x7e, 0xdd, 0xf9,
    0x40, 0x9c, 0xd1, 0x39, 0x94, 0x38, 0x3, 0xe8,
    0x6, 0x30, 0xf, 0x1a, 0x84, 0x0, 0x7d, 0x20,
    0xa2, 0x1, 0xe1, 0x50, 0xe0, 0xf, 0x9c, 0x5,
    0x0, 0x3e, 0xd0, 0x40, 0xf, 0xca, 0x1a, 0x1,
    0xf0, 0x88, 0xc, 0x3, 0xe4, 0x0, 0x30, 0x7,
    0xc4, 0x0, 0x30, 0xf, 0xb8, 0x0, 0x20, 0x1f,
    0x18, 0x8, 0x7, 0xe1, 0x3, 0x0, 0xe0,

    /* U+0038 "8" */
    0x0, 0x15, 0x77, 0xec, 0x0, 0x63, 0xd5, 0x10,
    0x27, 0xd0, 0xb, 0x80, 0xfb, 0xf0, 0x4a, 0x0,
    0x88, 0x1c, 0x20, 0x70, 0xa, 0x2, 0x0, 0x20,
    0x9, 0x40, 0xc0, 0x80, 0x8, 0x1, 0x30, 0x28,
    0xb, 0x5, 0x10, 0x3, 0xc3, 0xc0, 0x12, 0x83,
    0xb2, 0xea, 0xe8, 0x1, 0x18, 0x1, 0xa0, 0x28,
    0x2, 0xb7, 0x77, 0x38, 0x3, 0x50, 0x19, 0xe,
    0x6, 0x38, 0x82, 0x86, 0xc2, 0x40, 0x21, 0xf0,
    0x17, 0x20, 0x10, 0xc, 0x42, 0x1c, 0x41, 0xa0,
    0x18, 0x44, 0x1d, 0x40, 0xce, 0x0, 0x2d, 0x0,
    0x3b, 0x94, 0x23, 0xfd, 0xa6, 0x14, 0x21, 0x54,
    0x41, 0x1, 0x6d, 0x50,

    /* U+0039 "9" */
    0x0, 0x9b, 0x3f, 0xa8, 0x80, 0x3a, 0xa4, 0xc0,
    0x57, 0x54, 0x2, 0x65, 0x7, 0xec, 0x40, 0xa1,
    0x0, 0x58, 0x2c, 0x9, 0xd9, 0x4, 0x0, 0x8,
    0x3c, 0x3, 0x50, 0x38, 0x7, 0xf2, 0x0, 0x90,
    0x8, 0x68, 0x6, 0x60, 0x3, 0x3, 0x83, 0xa8,
    0x1, 0xa8, 0x0, 0x21, 0x2, 0x15, 0xfe, 0x96,
    0x0, 0xc3, 0xec, 0x20, 0x55, 0x20, 0x1, 0x0,
    0xc, 0xf7, 0xea, 0x90, 0x1, 0xc0, 0x3f, 0x20,
    0x0, 0xc0, 0x3f, 0x68, 0x20, 0x4, 0x80, 0x19,
    0x10, 0x1c, 0x0, 0x4b, 0xc5, 0x48, 0xb0, 0x35,
    0x0, 0x10, 0x1d, 0x5b, 0x81, 0x68, 0x4, 0xd8,
    0xa2, 0x5, 0x1a, 0x20, 0x0,

    /* U+003A ":" */
    0xb, 0xf6, 0x54, 0x8, 0x10, 0x1, 0xa4, 0x2f,
    0x3, 0xd1, 0x80, 0x7f, 0xf1, 0x62, 0xcd, 0x1d,
    0x38, 0x40, 0x6, 0xa8, 0x10,

    /* U+003B ";" */
    0xb, 0xf6, 0x5, 0x40, 0x80, 0x10, 0x1, 0x82,
    0x42, 0xf0, 0x1, 0xe8, 0xc0, 0x3f, 0xf9, 0x44,
    0xa2, 0x5, 0xb5, 0x80, 0xe0, 0x2, 0x35, 0x40,
    0x3, 0x85, 0xb8, 0x38, 0x1, 0x44, 0xc6, 0xca,
    0x2, 0xd1, 0xd8, 0x27, 0x20, 0x0,

    /* U+003C "<" */
    0x0, 0xff, 0xe4, 0x94, 0x50, 0x7, 0xcb, 0x7a,
    0xe2, 0x1, 0x86, 0x3a, 0x90, 0x16, 0x0, 0x9,
    0x7c, 0xe2, 0x73, 0xd4, 0x63, 0xb6, 0x82, 0xfb,
    0x8c, 0x20, 0x3, 0x20, 0x2c, 0x82, 0x0, 0xe3,
    0x50, 0x2d, 0xc6, 0x0, 0xe1, 0xae, 0x81, 0x39,
    0xf9, 0x30, 0xc, 0x2f, 0xd6, 0x80, 0xd9, 0xac,
    0x1, 0xc9, 0x7a, 0xe2, 0x5a, 0x1, 0xf1, 0x47,
    0x56, 0x0,

    /* U+003D "=" */
    0x2f, 0xff, 0xf5, 0x80, 0x8f, 0xfc, 0x5d, 0xdf,
    0xea, 0x0, 0xff, 0xec, 0x17, 0xff, 0xfa, 0xc0,
    0x3f, 0xe1,

    /* U+003E ">" */
    0x0, 0xff, 0xe0, 0x16, 0x28, 0x7, 0xf8, 0xeb,
    0xa0, 0x80, 0x3c, 0x50, 0x42, 0xfb, 0x6a, 0x1,
    0xcf, 0xb8, 0xc2, 0x95, 0xd0, 0x20, 0x18, 0xe7,
    0xa9, 0x5, 0xfa, 0x0, 0x3c, 0xb7, 0x20, 0x3,
    0x0, 0xe2, 0x8e, 0x90, 0x2d, 0x0, 0xb, 0x66,
    0xb8, 0xa5, 0xeb, 0xd, 0x74, 0x98, 0xbf, 0x5a,
    0x0, 0xd, 0x40, 0xeb, 0xa0, 0x40, 0x39, 0xb7,
    0x14, 0x3, 0xe0,

    /* U+003F "?" */
    0x0, 0x14, 0xf7, 0xec, 0x8, 0x1, 0x75, 0x84,
    0x9, 0xf0, 0x1, 0xe0, 0xb7, 0x88, 0x4, 0xc1,
    0x59, 0x48, 0x76, 0x21, 0x80, 0x3, 0x0, 0xc6,
    0x6, 0x1, 0xe3, 0x20, 0xc0, 0xf, 0x70, 0x2a,
    0x80, 0x3a, 0xc8, 0x96, 0x1, 0xcc, 0x81, 0xe2,
    0x1, 0xd0, 0xe, 0x40, 0x1c, 0x22, 0xa, 0x0,
    0xf0, 0xcc, 0x88, 0x3, 0xe6, 0x60, 0x7, 0xe9,
    0xa1, 0x0, 0xf4, 0x32, 0xd8, 0x7, 0x84, 0x0,
    0x20, 0x1e, 0xb2, 0x18, 0x0, 0x80,

    /* U+0040 "@" */
    0x0, 0xf0, 0xb5, 0xef, 0xfb, 0x64, 0xc0, 0x3f,
    0xcf, 0xd2, 0x80, 0x86, 0x66, 0xca, 0x0, 0xf8,
    0x72, 0x6, 0x7b, 0x6f, 0x3b, 0x11, 0x74, 0x3,
    0xd8, 0x6b, 0xcc, 0x20, 0x18, 0xed, 0x8a, 0x80,
    0x35, 0x13, 0x50, 0x7, 0xf4, 0xa2, 0x98, 0x1,
    0x14, 0xe4, 0x3, 0xfe, 0x80, 0x90, 0x4, 0x7,
    0x80, 0x43, 0x5d, 0xc6, 0xce, 0x0, 0x19, 0x20,
    0x9, 0xa1, 0x80, 0xb, 0xd4, 0x1, 0x26, 0xa0,
    0x13, 0x88, 0x9c, 0x30, 0x2, 0xe1, 0x6e, 0xe2,
    0x86, 0x0, 0x46, 0x7, 0xe0, 0x80, 0x4, 0x32,
    0x90, 0x1, 0x81, 0x80, 0x71, 0x98, 0x8, 0x1,
    0xa1, 0x60, 0x12, 0x82, 0x80, 0x44, 0x2, 0x20,
    0x10, 0x2, 0x82, 0x80, 0x44, 0x22, 0x0, 0x90,
    0xc0, 0x21, 0x0, 0x38, 0x38, 0x0, 0x84, 0xc0,
    0x28, 0x9, 0x2, 0x2, 0x0, 0x18, 0x78, 0x9f,
    0x81, 0x18, 0xbb, 0x8d, 0x43, 0xc1, 0x0, 0x12,
    0x29, 0xd8, 0xf4, 0x19, 0xd0, 0x7a, 0x0, 0x70,
    0x90, 0x0, 0xfb, 0xad, 0x51, 0x69, 0x55, 0x38,
    0x20, 0x1, 0x51, 0x80, 0x0, 0xc5, 0x28, 0x1,
    0x6a, 0x8c, 0x1, 0xd6, 0x2e, 0xe0, 0xf, 0xfe,
    0x20, 0xe8, 0x45, 0xa0, 0x6, 0x17, 0x50, 0xf,
    0xc7, 0xa6, 0x97, 0xf9, 0x8d, 0xe8, 0xe0, 0xf,
    0xe2, 0xcb, 0x62, 0x33, 0x92, 0x6c, 0x3, 0xc0,

    /* U+0041 "A" */
    0x0, 0xec, 0xff, 0x38, 0x7, 0xf0, 0x98, 0x2,
    0xc0, 0x3f, 0x9c, 0x10, 0xc, 0x40, 0x3f, 0x68,
    0x69, 0x83, 0x80, 0x7c, 0x28, 0x8, 0x80, 0xd0,
    0xf, 0x90, 0x8, 0x98, 0x8, 0x20, 0x1e, 0xf0,
    0x40, 0x40, 0x2, 0x0, 0x79, 0x43, 0x40, 0x8,
    0x1e, 0x1, 0xca, 0x0, 0x40, 0x6, 0x82, 0x80,
    0x77, 0x82, 0x0, 0x48, 0x0, 0x50, 0xc, 0x80,
    0x9f, 0xf6, 0x80, 0x3c, 0x2, 0x41, 0x0, 0xfc,
    0x80, 0x16, 0x80, 0x37, 0x7a, 0x40, 0x50, 0x0,
    0xe0, 0xc4, 0x5c, 0xc0, 0xd, 0x3, 0x10, 0xc0,
    0xf, 0x20, 0x38, 0x58, 0x1, 0x0, 0x3d, 0x80,
    0x26, 0xa0, 0x62, 0x1, 0xe5, 0x0, 0x58,

    /* U+0042 "B" */
    0xdf, 0xfe, 0xeb, 0x60, 0xf, 0xe1, 0x49, 0xc1,
    0x0, 0x93, 0xb9, 0xb6, 0x80, 0x72, 0x1, 0x84,
    0x44, 0x96, 0x40, 0x80, 0x1f, 0xcc, 0x2, 0x1,
    0xfc, 0xa0, 0x80, 0x1f, 0x1d, 0x88, 0x58, 0x4,
    0x9f, 0xf6, 0x21, 0x61, 0x0, 0x7f, 0x17, 0x90,
    0x4, 0x9f, 0xf6, 0xc8, 0x9e, 0x8, 0x7, 0x89,
    0xbc, 0x6, 0x40, 0x3f, 0x9, 0x81, 0x0, 0x7f,
    0x8, 0x7, 0xf8, 0xc8, 0x8, 0x2, 0x11, 0x8e,
    0x30, 0x1, 0x20, 0x4, 0xee, 0xb1, 0xc0, 0x16,
    0x20, 0x1e, 0x13, 0x7e, 0x40,

    /* U+0043 "C" */
    0x0, 0xc9, 0x5d, 0xfd, 0x46, 0x1, 0xd7, 0x65,
    0x10, 0x15, 0xc7, 0x0, 0xb1, 0x0, 0x5e, 0xa0,
    0x82, 0x80, 0x10, 0x60, 0xbd, 0xa, 0xfa, 0xf8,
    0x0, 0x70, 0x2a, 0x0, 0xe8, 0x10, 0x50, 0x5,
    0x80, 0x7f, 0x60, 0x1, 0xc0, 0x3f, 0x88, 0x0,
    0x20, 0x1f, 0xf0, 0x80, 0x7f, 0xf0, 0x4, 0x3,
    0xfc, 0x40, 0x1, 0x0, 0xfe, 0xc0, 0x2, 0x0,
    0x7f, 0x20, 0x2, 0x0, 0x3f, 0x85, 0x80, 0xa8,
    0x3, 0xa2, 0x80, 0x12, 0x40, 0xbb, 0xc, 0xfa,
    0xea, 0x80, 0xc, 0x30, 0x27, 0x98, 0x20, 0x74,
    0x0, 0xe, 0x52, 0x8, 0xa, 0xe4, 0x0,

    /* U+0044 "D" */
    0xdf, 0xfd, 0xd8, 0xe2, 0x1, 0xfc, 0x27, 0x1c,
    0xa0, 0x1c, 0x99, 0x8a, 0x50, 0x5, 0x28, 0x7,
    0x19, 0x96, 0xb0, 0x42, 0xc4, 0x3, 0xf1, 0xc0,
    0xb, 0x0, 0x7f, 0x30, 0x85, 0x80, 0x7f, 0x90,
    0xc, 0x3, 0xfc, 0x60, 0x1f, 0xfc, 0x1, 0x0,
    0x8, 0x7, 0xf0, 0x80, 0x4, 0x3, 0xf8, 0x80,
    0x3f, 0xf8, 0x8, 0x8, 0x1, 0xfc, 0xc0, 0xd,
    0x0, 0xfc, 0x92, 0x2, 0xe0, 0x18, 0xcc, 0xb5,
    0x60, 0xb, 0x10, 0x9, 0x33, 0x14, 0xa0, 0xb,
    0x50, 0xf, 0x84, 0xe3, 0x90, 0x2,

    /* U+0045 "E" */
    0xdf, 0xff, 0xd6, 0x1, 0xff, 0xc0, 0x3b, 0xbf,
    0x48, 0x1, 0xd1, 0x3c, 0x40, 0x1f, 0xfd, 0x44,
    0xff, 0xea, 0x0, 0xff, 0xe0, 0x9d, 0xdf, 0x40,
    0x4, 0xe8, 0x9c, 0x40, 0x1f, 0xfd, 0x57, 0x44,
    0xf8, 0x0, 0x77, 0x7f, 0x0, 0x7f, 0x80,

    /* U+0046 "F" */
    0xdf, 0xff, 0xd6, 0x1, 0xff, 0xc0, 0x3b, 0xbf,
    0x48, 0x1, 0xd1, 0x3c, 0x40, 0x1f, 0xfd, 0x47,
    0x33, 0xe2, 0x0, 0x8f, 0x33, 0xa4, 0x3, 0xff,
    0x82, 0x9f, 0xfd, 0x60, 0x1f, 0xff, 0x10,

    /* U+0047 "G" */
    0x0, 0xc7, 0x5b, 0xfd, 0x8c, 0x1, 0xd5, 0x8a,
    0x40, 0x27, 0x38, 0x20, 0xb, 0x50, 0x17, 0x99,
    0x28, 0x1a, 0x83, 0xa0, 0x27, 0x43, 0x32, 0xb2,
    0x50, 0x24, 0x6, 0xc0, 0x38, 0xd8, 0x14, 0x42,
    0x0, 0x3f, 0xb0, 0x0, 0xe0, 0x1f, 0xc4, 0x0,
    0x10, 0x8, 0x8c, 0xf1, 0x0, 0x4, 0x3, 0x46,
    0x66, 0xf1, 0x1, 0x0, 0xff, 0x18, 0x0, 0x40,
    0x2a, 0xff, 0x40, 0x3, 0x0, 0xe, 0x1, 0xfc,
    0xa0, 0xb, 0x0, 0xff, 0x38, 0x15, 0x80, 0x7f,
    0x41, 0x82, 0x74, 0xb3, 0x2a, 0x0, 0x36, 0x28,
    0xb, 0x4c, 0x94, 0x6, 0x40, 0x2a, 0xb5, 0x20,
    0x13, 0x8f, 0x40,

    /* U+0048 "H" */
    0xdf, 0xb0, 0xf, 0x37, 0xf8, 0x80, 0x3f, 0xff,
    0xe0, 0x1c, 0x9f, 0xfe, 0x90, 0xf, 0xfe, 0x31,
    0xd5, 0x79, 0x80, 0x39, 0xd5, 0x7d, 0xe0, 0x1f,
    0xff, 0xf0, 0xf, 0x0,

    /* U+0049 "I" */
    0xdf, 0xb0, 0xf, 0xff, 0x20,

    /* U+004A "J" */
    0x0, 0xfa, 0x3f, 0xc0, 0x1f, 0xff, 0xf0, 0xf,
    0xff, 0x50, 0x80, 0x67, 0xd1, 0x0, 0x9c, 0xc,
    0xa, 0xb, 0x1d, 0xb0, 0x42, 0x80, 0xa8, 0xa,
    0x24, 0xc0, 0xd8, 0x0, 0xb8, 0xa2, 0x4, 0xf8,
    0x0,

    /* U+004B "K" */
    0xdf, 0xb0, 0xe, 0x7f, 0xf3, 0x0, 0x7e, 0x48,
    0x6, 0x60, 0x7, 0xc3, 0x40, 0x52, 0x1, 0xfb,
    0x44, 0x3c, 0x3, 0xf4, 0x18, 0x51, 0x0, 0x7c,
    0x8e, 0xe, 0xa0, 0x1f, 0x15, 0x0, 0xc0, 0x7,
    0xee, 0x10, 0x14, 0x0, 0xf9, 0xc, 0x2, 0x80,
    0xf, 0xe7, 0x90, 0x36, 0x0, 0xf8, 0xe1, 0x88,
    0x20, 0x3, 0xc3, 0xa0, 0x9, 0x1, 0x80, 0xe,
    0x51, 0x0, 0x22, 0x1, 0xc4, 0x3, 0xfa, 0x40,
    0x16, 0x1, 0xfc, 0x4a, 0xa, 0x60, 0x1f, 0xd6,
    0x0, 0x80, 0xf, 0xe1, 0x70, 0x45,

    /* U+004C "L" */
    0xdf, 0xb0, 0xf, 0xff, 0xf8, 0x7, 0xff, 0xd1,
    0xd1, 0x3c, 0x40, 0x3, 0xbb, 0xf5, 0x0, 0x7f,
    0x80,

    /* U+004D "M" */
    0xdf, 0xf1, 0x80, 0x7d, 0xff, 0x10, 0x5, 0x40,
    0x1e, 0x50, 0xf, 0x9c, 0x3, 0xde, 0x1, 0xe1,
    0x12, 0x0, 0x72, 0x80, 0x79, 0x3, 0x40, 0x32,
    0x82, 0x80, 0x76, 0x3, 0x80, 0x6f, 0xc, 0x0,
    0xe3, 0x30, 0xa0, 0x4, 0xa0, 0x80, 0x1c, 0x74,
    0x1c, 0x0, 0x50, 0x51, 0x0, 0xf3, 0x82, 0x80,
    0x3c, 0x38, 0x3, 0xc2, 0x24, 0x5, 0x5, 0x14,
    0x0, 0xfd, 0xa1, 0xe8, 0xe, 0x1, 0xfc, 0xe0,
    0x9c, 0x14, 0x1, 0xfc, 0x2a, 0x2a, 0x26, 0x1,
    0xfe, 0xf0, 0x3, 0x0, 0x7f, 0xca, 0x0, 0xb0,
    0xf, 0xfe, 0x5, 0xd1, 0x80, 0x7f, 0xf0, 0x11,
    0x40, 0x3e,

    /* U+004E "N" */
    0xdf, 0xf0, 0x80, 0x73, 0x7f, 0x80, 0x34, 0x80,
    0x7f, 0xf0, 0x1c, 0x40, 0x3f, 0xc2, 0x16, 0x1,
    0xfe, 0x90, 0x52, 0x0, 0xfe, 0x14, 0x9, 0x0,
    0xfe, 0x18, 0x4, 0x30, 0xf, 0xe3, 0x40, 0xf0,
    0xf, 0xde, 0x12, 0x6, 0xa0, 0x1f, 0xc4, 0xa1,
    0x0, 0x60, 0x1f, 0xac, 0x9, 0x40, 0x3f, 0x85,
    0xc2, 0x4, 0x3, 0xfa, 0x40, 0x8c, 0x3, 0xf8,
    0x60, 0x24, 0x3, 0xfc, 0xe2, 0x20, 0xf, 0xfa,
    0x0, 0x3f, 0xf8, 0xc, 0x40, 0x10,

    /* U+004F "O" */
    0x0, 0xcd, 0x9f, 0xee, 0xa3, 0x0, 0xf0, 0xec,
    0x98, 0x0, 0x57, 0x20, 0x3, 0xf, 0x90, 0x1c,
    0x53, 0x88, 0x3c, 0x0, 0x50, 0x20, 0xf8, 0xeb,
    0x1e, 0x40, 0xe6, 0x2, 0xc0, 0x70, 0x1, 0x87,
    0x80, 0x12, 0xe, 0x0, 0x90, 0xf, 0x1a, 0x2,
    0x87, 0x80, 0x10, 0x3, 0xec, 0x0, 0x11, 0x80,
    0x4, 0x3, 0xe2, 0x0, 0x30, 0x80, 0x80, 0x7e,
    0x10, 0x0, 0x88, 0x4, 0x3, 0xf0, 0x80, 0x4,
    0xc0, 0x2, 0x1, 0xf1, 0x0, 0x1b, 0x0, 0x8,
    0x1, 0xf5, 0x80, 0x92, 0x80, 0x20, 0x3, 0xc6,
    0x60, 0x70, 0x3, 0x81, 0x48, 0x6, 0x2d, 0x0,
    0x58, 0x2, 0x8, 0x1b, 0x5d, 0xa7, 0x44, 0x20,
    0x80, 0x2c, 0x30, 0x28, 0x96, 0x0, 0x43, 0x80,
    0x61, 0xc9, 0x30, 0x0, 0xae, 0x38, 0x4,

    /* U+0050 "P" */
    0xdf, 0xfe, 0xeb, 0x60, 0xf, 0xe1, 0x49, 0xc1,
    0x0, 0x93, 0x75, 0x94, 0x80, 0x76, 0x1, 0x88,
    0x86, 0xb6, 0xa0, 0xa2, 0x1, 0xfb, 0xc0, 0x4,
    0x1, 0xf8, 0xc0, 0x2, 0x1, 0xfb, 0x0, 0x4,
    0x1, 0xc2, 0x74, 0xa0, 0xa0, 0x12, 0x7f, 0xbb,
    0x14, 0xe, 0xc0, 0x3f, 0x14, 0x60, 0x80, 0x49,
    0xbb, 0x7e, 0xb8, 0x7, 0x88, 0xa0, 0xf, 0xff,
    0xb0,

    /* U+0051 "Q" */
    0x0, 0xcd, 0x9f, 0xee, 0xa3, 0x0, 0xf0, 0xec,
    0x98, 0x0, 0x57, 0x20, 0x3, 0xf, 0x90, 0x1c,
    0x53, 0x88, 0x3c, 0x0, 0x50, 0x20, 0xf8, 0xeb,
    0x1e, 0x40, 0xe6, 0x2, 0xc0, 0x70, 0x1, 0x87,
    0x80, 0x12, 0xe, 0x0, 0x90, 0xf, 0x1a, 0x2,
    0x87, 0x80, 0x10, 0x3, 0xec, 0x0, 0x11, 0x80,
    0x4, 0x3, 0xe2, 0x0, 0x30, 0x80, 0x80, 0x7e,
    0x10, 0x0, 0x88, 0x4, 0x3, 0xf0, 0x80, 0x4,
    0xc0, 0x2, 0x1, 0xf1, 0x0, 0x1b, 0x0, 0x8,
    0x1, 0xf6, 0x0, 0x92, 0x80, 0x24, 0x3, 0xc4,
    0x80, 0xe0, 0x7, 0x3, 0x70, 0xe, 0xe0, 0x5,
    0x80, 0x20, 0x82, 0x2d, 0x51, 0xf8, 0xc2, 0x8,
    0x2, 0xc3, 0x4, 0xab, 0x81, 0x8, 0x70, 0xc,
    0x39, 0x26, 0x1, 0x2e, 0x38, 0x7, 0xcd, 0x8c,
    0x0, 0xf3, 0x0, 0xff, 0x49, 0x5, 0x51, 0x4d,
    0xc, 0x3, 0xec, 0x20, 0x5a, 0xcb, 0x90, 0xf,
    0x87, 0x65, 0x4, 0x4, 0xc0,

    /* U+0052 "R" */
    0xdf, 0xfe, 0xec, 0x70, 0xf, 0xe1, 0x38, 0xe2,
    0x0, 0x93, 0x75, 0x96, 0xa0, 0x32, 0x1, 0x88,
    0x86, 0x94, 0xc0, 0x82, 0x1, 0xfb, 0x40, 0x4,
    0x1, 0xf8, 0x40, 0x3f, 0xef, 0x0, 0x10, 0x7,
    0x8e, 0x54, 0x14, 0x40, 0x9, 0xff, 0x63, 0x1,
    0x58, 0x7, 0xf3, 0xe8, 0x80, 0x49, 0xba, 0x60,
    0x6, 0x0, 0x78, 0x89, 0x22, 0x12, 0x1, 0xfd,
    0x0, 0x4c, 0x1, 0xf9, 0x88, 0x20, 0x3, 0xfa,
    0x0, 0x5c, 0x3, 0xf2, 0x98, 0x40, 0x80, 0x7e,
    0x80, 0x4, 0x0,

    /* U+0053 "S" */
    0x0, 0xcf, 0x9f, 0xec, 0x71, 0x0, 0xc3, 0xb0,
    0x60, 0x3, 0x8f, 0x40, 0xa, 0x88, 0x16, 0x69,
    0x84, 0x5a, 0x0, 0x24, 0x6, 0xa6, 0x59, 0xf7,
    0x90, 0x3, 0x0, 0x30, 0x3, 0xc, 0x0, 0x4c,
    0x0, 0xe0, 0xf, 0xe2, 0x30, 0x4c, 0x40, 0xf,
    0xda, 0x40, 0x77, 0xae, 0x1, 0xe1, 0xd8, 0x10,
    0x28, 0xe6, 0x0, 0xf3, 0xf4, 0x90, 0xc, 0xc0,
    0x7, 0xcd, 0xb4, 0x0, 0x72, 0x0, 0xfc, 0xb4,
    0x0, 0x40, 0x0, 0x80, 0x79, 0x80, 0x31, 0xf3,
    0x80, 0x75, 0x0, 0x14, 0x3c, 0x23, 0xa1, 0x9e,
    0xd8, 0xc, 0xc1, 0xa8, 0x2, 0xf3, 0x8, 0x5,
    0xa0, 0x1, 0xbb, 0x29, 0x0, 0x9c, 0x68, 0x80,

    /* U+0054 "T" */
    0x5f, 0xff, 0xfb, 0x0, 0x3f, 0xf8, 0x29, 0x77,
    0x90, 0x1, 0x77, 0xbc, 0x51, 0x31, 0x0, 0x11,
    0x31, 0x80, 0x7f, 0xff, 0xc0, 0x3f, 0xff, 0xe0,
    0x1f, 0xfc, 0x70,

    /* U+0055 "U" */
    0xff, 0x48, 0x7, 0x9b, 0xfc, 0x20, 0x1f, 0xff,
    0xf0, 0xf, 0xfe, 0xf0, 0x81, 0x80, 0x78, 0x40,
    0x2, 0x60, 0xc0, 0x1e, 0xe0, 0x10, 0x40, 0x30,
    0xf, 0x20, 0x28, 0x68, 0x2, 0x40, 0x33, 0x10,
    0x68, 0x21, 0x83, 0x5b, 0x32, 0xa4, 0x5, 0x80,
    0x1c, 0x20, 0x93, 0x25, 0x0, 0x68, 0x4, 0x5e,
    0xe4, 0x0, 0x26, 0xe3, 0x0, 0x0,

    /* U+0056 "V" */
    0xe, 0xfc, 0x0, 0xfa, 0x7f, 0xc0, 0x7, 0x3,
    0x10, 0xf, 0x38, 0x20, 0x3, 0x40, 0x8, 0x1,
    0xc4, 0x21, 0xa0, 0x4, 0x0, 0x60, 0x7, 0x20,
    0x1, 0xc0, 0x24, 0x7, 0x0, 0xed, 0x3, 0x10,
    0xb, 0x40, 0x48, 0x3, 0x20, 0x58, 0x6, 0x70,
    0x2, 0x0, 0x46, 0x0, 0x40, 0xc, 0x26, 0x1a,
    0x1, 0x58, 0x9, 0x80, 0x72, 0x2, 0x0, 0x48,
    0xe, 0x1, 0xeb, 0x0, 0x18, 0x0, 0xc3, 0x40,
    0x3c, 0x62, 0x16, 0xa, 0x0, 0x40, 0xf, 0x9c,
    0x10, 0x30, 0x10, 0x3, 0xf6, 0x1, 0x82, 0x6,
    0x80, 0x7e, 0x50, 0x3, 0x10, 0x38, 0x7, 0xf2,
    0x4, 0x1, 0x88, 0x7, 0xf6, 0x80, 0x85, 0x80,
    0x7f, 0x9c, 0x2, 0x40, 0xe,

    /* U+0057 "W" */
    0x6f, 0xf1, 0x80, 0x65, 0xff, 0x10, 0x6, 0x6f,
    0xf0, 0x28, 0x1, 0x40, 0x36, 0x0, 0x10, 0x3,
    0x70, 0x10, 0x18, 0x3, 0x80, 0x32, 0x80, 0x30,
    0x3, 0x18, 0x38, 0x0, 0x80, 0xc0, 0x31, 0x80,
    0x1c, 0x3, 0x28, 0x68, 0x1, 0xc1, 0x40, 0x24,
    0x5, 0x2, 0x10, 0x0, 0x88, 0xc, 0x1, 0xa0,
    0x22, 0x0, 0x60, 0x61, 0x82, 0x0, 0x14, 0x0,
    0xa0, 0x4, 0x0, 0x10, 0x0, 0xc1, 0x54, 0x18,
    0x0, 0x20, 0x11, 0x0, 0xc, 0x0, 0xa0, 0x4,
    0x3, 0xf0, 0x40, 0x7, 0x82, 0x80, 0x62, 0xf,
    0x3, 0x3, 0x4, 0x2, 0x10, 0x50, 0x30, 0xc,
    0xe0, 0x40, 0xa0, 0xa0, 0x42, 0xa, 0x6, 0x1a,
    0x1, 0xb4, 0x14, 0x30, 0x30, 0x0, 0xa0, 0x62,
    0x0, 0x70, 0xc, 0x60, 0x22, 0x70, 0x70, 0x6,
    0x6, 0x90, 0x0, 0x80, 0x32, 0x80, 0x14, 0x84,
    0x80, 0x8, 0x8, 0xa0, 0x60, 0x1c, 0x22, 0xd,
    0x4, 0x0, 0x8c, 0x7, 0xc1, 0x40, 0x3c, 0xa0,
    0xc1, 0xa0, 0x18, 0xc1, 0x83, 0xc0, 0x3c, 0x60,
    0x12, 0x0, 0x64, 0x0, 0x94, 0x3, 0xda, 0x1,
    0x18, 0x6, 0xd0, 0x8, 0xc0, 0x20,

    /* U+0058 "X" */
    0x1f, 0xf5, 0x80, 0x73, 0xff, 0x8c, 0x58, 0x10,
    0xc0, 0x34, 0x82, 0x18, 0x40, 0x2, 0x0, 0x26,
    0x10, 0x90, 0x0, 0xb8, 0x21, 0x80, 0x2c, 0x14,
    0x80, 0x28, 0x10, 0x90, 0x52, 0x8, 0x0, 0xe9,
    0x5, 0x29, 0x6, 0x20, 0xe, 0x71, 0xe, 0x30,
    0x80, 0xf, 0xa0, 0xc, 0x18, 0x40, 0x3e, 0x40,
    0xb, 0x40, 0x3f, 0x40, 0x5, 0x0, 0x1f, 0x1a,
    0x84, 0x1, 0xa0, 0x7, 0xa0, 0x11, 0xcc, 0x24,
    0x3, 0x91, 0x1, 0xe1, 0x20, 0x4a, 0x1, 0xa0,
    0xd, 0x1, 0x48, 0x2c, 0x2, 0x53, 0x8, 0x0,
    0xa0, 0x5, 0xc0, 0x10, 0x6, 0x80, 0x12, 0x90,
    0x48, 0x31, 0x4, 0x0, 0x74, 0x0, 0xc0,

    /* U+0059 "Y" */
    0xd, 0xfd, 0x0, 0xf5, 0x7f, 0x80, 0x16, 0x4,
    0x80, 0x18, 0x54, 0x1c, 0x0, 0xc2, 0x1e, 0x1,
    0x98, 0x1, 0x20, 0x14, 0x82, 0x8, 0x5, 0x20,
    0xc2, 0x1, 0x38, 0x2, 0x40, 0xa, 0x21, 0x60,
    0x1c, 0xe0, 0xc0, 0xe, 0x4, 0x20, 0xe, 0x90,
    0x15, 0x24, 0x8, 0x0, 0xf0, 0xa8, 0x75, 0x1,
    0x98, 0x3, 0xe8, 0x4, 0x70, 0x80, 0xf, 0xc4,
    0x80, 0x2, 0x40, 0xf, 0xef, 0x0, 0x58, 0x7,
    0xf9, 0xc0, 0x6, 0x1, 0xff, 0xff,

    /* U+005A "Z" */
    0x3f, 0xff, 0xf2, 0x0, 0x7f, 0xce, 0x77, 0x7e,
    0xa0, 0x2, 0x18, 0x22, 0x7b, 0xc0, 0x12, 0x1,
    0xf2, 0x28, 0x39, 0x0, 0x7d, 0x20, 0x50, 0x1,
    0xf3, 0x90, 0x48, 0x7, 0xc5, 0x0, 0xa8, 0x1,
    0xf4, 0x80, 0x2c, 0x3, 0xe5, 0x40, 0x91, 0x0,
    0xfa, 0xc0, 0xd8, 0x3, 0xe9, 0x10, 0xf0, 0xf,
    0x8d, 0x81, 0x8c, 0x3, 0xef, 0x1, 0x90, 0xf,
    0x98, 0xc1, 0xd1, 0x3e, 0x18, 0x0, 0x35, 0xdf,
    0xce, 0x20, 0x1f, 0xf0,

    /* U+005B "[" */
    0xbf, 0xfc, 0x0, 0x68, 0x80, 0x2, 0x9d, 0xc0,
    0x1f, 0xff, 0xf0, 0xf, 0xfe, 0x3, 0x91, 0x0,
    0x17, 0xba, 0x8a, 0xac,

    /* U+005C "\\" */
    0x6f, 0x50, 0xf, 0x20, 0x60, 0x7, 0x88, 0x8e,
    0x1, 0xf2, 0x9, 0x0, 0x7b, 0x1, 0x0, 0x3c,
    0xa1, 0xa0, 0x1f, 0x1a, 0x0, 0x7c, 0x80, 0x60,
    0x1e, 0xb0, 0xb0, 0xf, 0x18, 0x20, 0x7, 0xc8,
    0x60, 0x1f, 0x68, 0x28, 0x7, 0x90, 0x30, 0x3,
    0xc4, 0x28, 0x1, 0xf3, 0x91, 0x0, 0x3d, 0x80,
    0x80, 0x1e, 0x40, 0xc0, 0xf, 0x9, 0xa0, 0x7,
    0xc8, 0x26, 0x1, 0xec, 0x4, 0x0, 0xf2, 0x5,
    0x80, 0x7c, 0x86, 0x1, 0xf7, 0xb8, 0x80,

    /* U+005D "]" */
    0x2f, 0xfd, 0x5, 0x10, 0x50, 0x9, 0xdd, 0x80,
    0x1f, 0xff, 0xf0, 0xf, 0xfe, 0x91, 0x10, 0x40,
    0x5, 0xba, 0x80, 0x1, 0x55, 0x70,

    /* U+005E "^" */
    0x0, 0xdf, 0xe8, 0x0, 0xf9, 0x80, 0xc, 0x1,
    0xf5, 0x1, 0xa, 0x0, 0x71, 0x19, 0x48, 0x70,
    0x7, 0x50, 0x2a, 0x2, 0x88, 0x6, 0x60, 0xa0,
    0x50, 0x70, 0x9, 0x4, 0xc8, 0x38, 0x28, 0x2,
    0xe0, 0xb0, 0x2, 0x9, 0x90, 0x1, 0x41, 0x80,
    0x27, 0xa, 0x6, 0x4, 0x10, 0xa, 0x81, 0x80,

    /* U+005F "_" */
    0x7a, 0xaf, 0xf8, 0x31, 0x57, 0xfe, 0x10,

    /* U+0060 "`" */
    0x0, 0x28, 0x7, 0x45, 0x38, 0x6, 0x30, 0x84,
    0x0, 0xad, 0x2, 0xc8, 0x2, 0xb4, 0xf, 0x0,
    0xd6, 0x88, 0x0, 0xeb, 0x90,

    /* U+0061 "a" */
    0x0, 0x25, 0x6f, 0xf4, 0x88, 0xe, 0x5a, 0x90,
    0xb, 0x60, 0x8, 0xcf, 0x98, 0x60, 0x27, 0xf,
    0xe8, 0x33, 0x49, 0x5, 0x81, 0x0, 0x73, 0x81,
    0x0, 0x4b, 0x5d, 0xea, 0x2, 0xb, 0xd4, 0xa4,
    0xc6, 0x0, 0x3a, 0x15, 0xec, 0x94, 0x0, 0x48,
    0x15, 0x8, 0x7, 0x30, 0x30, 0x6, 0x30, 0x2,
    0x82, 0x31, 0x26, 0x20, 0x2, 0xc0, 0x13, 0xb6,
    0x6c, 0x0, 0x2c, 0x30, 0x15, 0xeb, 0x0, 0x0,

    /* U+0062 "b" */
    0x1f, 0xf3, 0x80, 0x7f, 0xf8, 0xc4, 0x3, 0xff,
    0x80, 0x77, 0xfd, 0x66, 0x1, 0xd5, 0x88, 0x2,
    0x98, 0x80, 0x18, 0xca, 0xad, 0xc0, 0x14, 0x1,
    0x93, 0x55, 0x22, 0x0, 0x2a, 0x1, 0x60, 0x6,
    0x60, 0x6, 0x0, 0x7e, 0x11, 0x1, 0x0, 0x7f,
    0xf2, 0x44, 0x4, 0x3, 0xf1, 0x80, 0x34, 0x2,
    0xf0, 0xd, 0x0, 0x5, 0x0, 0x9e, 0x95, 0x2d,
    0x1, 0x48, 0x2, 0x35, 0xab, 0x40, 0x3b, 0x0,
    0xd9, 0x24, 0x4, 0xf8, 0x20,

    /* U+0063 "c" */
    0x0, 0x9b, 0x3b, 0xf1, 0x0, 0x3, 0x92, 0x62,
    0x7, 0x6a, 0x14, 0x60, 0x97, 0x8c, 0x6a, 0x88,
    0x6, 0xb4, 0x39, 0xc0, 0xe0, 0x4, 0x0, 0x79,
    0xc0, 0xc4, 0x3, 0xc6, 0xe, 0x1, 0xf1, 0x83,
    0x80, 0x7c, 0xc0, 0x62, 0x1, 0xee, 0x0, 0x40,
    0x6, 0x10, 0x53, 0x6, 0xa4, 0x44, 0xf1, 0x87,
    0x10, 0x2d, 0xd9, 0x82, 0xc0, 0xb6, 0x8, 0x5,
    0x2e, 0x0,

    /* U+0064 "d" */
    0x0, 0xfd, 0x3f, 0xe0, 0xf, 0xfe, 0xe8, 0x80,
    0x61, 0x9e, 0xfc, 0x50, 0xc, 0x5e, 0xc2, 0x7,
    0x4c, 0x1, 0x70, 0x83, 0x5d, 0x28, 0x80, 0x14,
    0xc1, 0xe5, 0x16, 0x94, 0x1, 0xe0, 0x9, 0x0,
    0xc6, 0x0, 0x60, 0x31, 0x0, 0xf8, 0x81, 0xc0,
    0x3f, 0x18, 0x38, 0x7, 0xe6, 0x3, 0x0, 0xfd,
    0x80, 0x7, 0x0, 0xca, 0x0, 0x61, 0x8, 0x82,
    0x36, 0x98, 0x0, 0x6c, 0x0, 0xf7, 0x24, 0xa0,
    0x12, 0xe2, 0x8, 0x26, 0x40, 0x0,

    /* U+0065 "e" */
    0x0, 0x9f, 0x7f, 0xa4, 0x80, 0x21, 0xd8, 0x20,
    0x16, 0xc3, 0x0, 0x69, 0xd, 0x6d, 0x98, 0xf8,
    0x29, 0x86, 0x29, 0x26, 0x81, 0x9b, 0xc1, 0x48,
    0x2, 0x13, 0x5, 0x70, 0x4d, 0xde, 0x30, 0xe3,
    0x1, 0x22, 0xe0, 0x7, 0x98, 0x2f, 0xff, 0xce,
    0xe0, 0x40, 0xf, 0xde, 0x2, 0xe0, 0x1f, 0x29,
    0x84, 0x49, 0x92, 0xdb, 0x80, 0x34, 0x81, 0xb3,
    0x69, 0x2c, 0x0, 0x3b, 0x6, 0x0, 0x39, 0xc0,

    /* U+0066 "f" */
    0x0, 0x8a, 0xbb, 0xf0, 0x80, 0x2c, 0x51, 0x3,
    0x20, 0x3, 0x8, 0x3e, 0xe0, 0x5, 0xe0, 0x8,
    0x23, 0x0, 0x8c, 0x8, 0x3, 0x27, 0x28, 0x17,
    0xf9, 0x0, 0x44, 0x1, 0xf2, 0xe9, 0x0, 0x37,
    0x48, 0x0, 0x27, 0x2, 0x28, 0x3, 0xff, 0xfe,
    0x1, 0xf8,

    /* U+0067 "g" */
    0x0, 0x2d, 0xf7, 0xff, 0x8c, 0x26, 0x90, 0x44,
    0x1, 0xe3, 0x60, 0x6f, 0xea, 0x0, 0x67, 0x9a,
    0x0, 0xc8, 0x1, 0x54, 0x14, 0x1, 0xff, 0xc2,
    0x50, 0x17, 0x0, 0x1a, 0x87, 0x80, 0xa, 0x42,
    0x37, 0x30, 0x6, 0xc0, 0x11, 0x81, 0x9c, 0x51,
    0x80, 0x10, 0xd0, 0xe7, 0x7e, 0xb8, 0x6, 0x50,
    0x30, 0xf, 0xe7, 0x2, 0x62, 0x28, 0x40, 0x31,
    0xa0, 0x4e, 0xed, 0xdf, 0x88, 0x0, 0x30, 0x10,
    0xe, 0x3b, 0x17, 0x73, 0x77, 0xfd, 0xd0, 0x0,
    0x49, 0xd, 0x0, 0xc2, 0xa0, 0x1, 0x30, 0xf1,
    0x0, 0x8b, 0x80, 0x92, 0x1, 0x3b, 0x73, 0x74,
    0x65, 0xe0, 0xb8, 0xa4, 0x43, 0x32, 0x4e, 0x90,
    0x0,

    /* U+0068 "h" */
    0x1f, 0xf3, 0x80, 0x7f, 0xf7, 0xc4, 0x3, 0xfe,
    0x19, 0xef, 0xc4, 0x0, 0xdd, 0x8c, 0x20, 0x76,
    0x40, 0x13, 0x9c, 0x52, 0x80, 0x2c, 0x2, 0x2f,
    0x75, 0xa2, 0x4, 0x0, 0xa8, 0x40, 0x27, 0x2,
    0x0, 0xfc, 0x60, 0x1f, 0xff, 0xf0, 0xc,

    /* U+0069 "i" */
    0x1d, 0xe4, 0x41, 0xf, 0xb8, 0x3, 0x4b, 0xf9,
    0x80, 0x2, 0x3, 0xfe, 0x70, 0xf, 0xff, 0x20,

    /* U+006A "j" */
    0x0, 0x87, 0x39, 0x0, 0x24, 0x31, 0xf0, 0x9,
    0xc0, 0x1a, 0x1, 0x17, 0xf3, 0x0, 0x70, 0x80,
    0x61, 0xff, 0x38, 0x7, 0xff, 0xfc, 0x3, 0xff,
    0x8e, 0x60, 0x1, 0x2, 0x25, 0x80, 0x14, 0x3b,
    0x58, 0xc, 0xc0, 0x10, 0xae, 0x80,

    /* U+006B "k" */
    0x1f, 0xf3, 0x0, 0x7f, 0xfc, 0xcf, 0xfd, 0x20,
    0x1f, 0xe, 0x81, 0xc8, 0x7, 0xd4, 0x22, 0xe0,
    0xf, 0x99, 0x2, 0x88, 0x3, 0xc7, 0x20, 0xe8,
    0x1, 0xe1, 0xe0, 0x4, 0x80, 0x7d, 0x4, 0x0,
    0x80, 0xf, 0xe7, 0x6, 0x30, 0xf, 0xaa, 0xc,
    0x3c, 0x3, 0xcc, 0xa1, 0x0, 0x6c, 0x1, 0xde,
    0x0, 0x44, 0x4, 0x0, 0x7f, 0x48, 0xc, 0x80,
    0x7e, 0x26, 0x6, 0x20,

    /* U+006C "l" */
    0x1f, 0xf3, 0x80, 0x7f, 0xfe, 0xc4, 0x1, 0xa2,
    0x4, 0xb, 0x1, 0xc4, 0x6,

    /* U+006D "m" */
    0x1f, 0xf0, 0x15, 0x77, 0x2c, 0x80, 0xf, 0xdf,
    0x88, 0x1, 0x97, 0x14, 0x44, 0x9e, 0x39, 0x2,
    0x7, 0x64, 0x1, 0x50, 0x45, 0x18, 0x17, 0x9b,
    0xd2, 0x80, 0x2c, 0x2, 0x2f, 0x75, 0xe0, 0x0,
    0xdc, 0x2d, 0x10, 0x20, 0x5, 0x42, 0x0, 0x21,
    0x4, 0x40, 0x4, 0xe0, 0x40, 0x1f, 0x8c, 0x3,
    0xc6, 0x1, 0xff, 0xff, 0x0, 0xff, 0xf4, 0x80,

    /* U+006E "n" */
    0x1f, 0xf0, 0xc, 0xf7, 0xe2, 0x0, 0x65, 0xf6,
    0x10, 0x3b, 0x20, 0xa, 0x82, 0x29, 0x40, 0x16,
    0x1, 0x17, 0xba, 0xd1, 0x2, 0x0, 0x54, 0x20,
    0x13, 0x81, 0x0, 0x7e, 0x30, 0xf, 0xff, 0xf8,
    0x6,

    /* U+006F "o" */
    0x0, 0x9f, 0x7f, 0xa8, 0xc0, 0x30, 0xec, 0x10,
    0xa, 0xe3, 0x80, 0x5a, 0x40, 0xf9, 0x44, 0x10,
    0xa0, 0xa6, 0x11, 0x3, 0x5d, 0x10, 0x80, 0xf0,
    0x3, 0x80, 0x69, 0x2, 0x37, 0x3, 0x0, 0xe4,
    0x0, 0x31, 0x83, 0x80, 0x70, 0x80, 0xc, 0xc0,
    0xe0, 0x1c, 0x20, 0x3, 0x70, 0x30, 0xe, 0x40,
    0x3, 0x78, 0x1, 0xc0, 0x21, 0x90, 0x23, 0x53,
    0x8, 0x82, 0x2e, 0x8, 0x48, 0x3, 0x48, 0x1e,
    0xe8, 0x82, 0x10, 0x0, 0x3b, 0x4, 0x2, 0xb8,
    0xe0, 0x0,

    /* U+0070 "p" */
    0x1f, 0xf0, 0x1d, 0xff, 0x59, 0x80, 0x75, 0x62,
    0x0, 0xa6, 0x20, 0x6, 0x52, 0x9b, 0x70, 0x5,
    0x0, 0x64, 0xd6, 0x48, 0x80, 0xa, 0x80, 0x58,
    0x1, 0x98, 0x1, 0x80, 0x1f, 0x84, 0x40, 0x40,
    0x1f, 0xfc, 0x91, 0x1, 0x0, 0xfc, 0x60, 0xd,
    0x0, 0xbc, 0x3, 0x40, 0x1, 0x40, 0x27, 0xa5,
    0x4b, 0x40, 0x52, 0x0, 0x85, 0x6a, 0xd0, 0xe,
    0xc0, 0x34, 0x51, 0x1, 0x3e, 0x8, 0x7, 0x2e,
    0xfe, 0xc0, 0x7, 0x84, 0x3, 0xff, 0xc0,

    /* U+0071 "q" */
    0x0, 0xc, 0xf7, 0xeb, 0xf, 0xf8, 0xb, 0xd8,
    0x40, 0xa7, 0x0, 0x2e, 0x10, 0x6b, 0xa5, 0x20,
    0x2, 0x98, 0x3c, 0xa2, 0xd2, 0x80, 0x3c, 0x1,
    0x20, 0x18, 0xc0, 0xc, 0x6, 0x20, 0x1f, 0x10,
    0x38, 0x7, 0xe3, 0x7, 0x0, 0xfc, 0xc0, 0x60,
    0x1f, 0xb0, 0x0, 0xe0, 0x19, 0x40, 0xc, 0x21,
    0x10, 0x46, 0xd3, 0x0, 0xd, 0x80, 0x1e, 0xe4,
    0x8c, 0x2, 0x5c, 0x41, 0x4, 0xd4, 0x0, 0xc7,
    0x7d, 0xf6, 0x40, 0x1f, 0xf0, 0x80, 0x7f, 0xf5,
    0xc0,

    /* U+0072 "r" */
    0x1f, 0xf0, 0x15, 0x7f, 0x80, 0x31, 0xe2, 0x81,
    0x80, 0x6e, 0x16, 0x99, 0x0, 0x62, 0xa9, 0x65,
    0x0, 0xc8, 0xa0, 0x1f, 0x60, 0x7, 0xff, 0xe0,

    /* U+0073 "s" */
    0x0, 0xc, 0xef, 0xf5, 0x18, 0x0, 0x71, 0x88,
    0x5, 0x71, 0x1, 0x88, 0x2b, 0xb5, 0x8d, 0x3,
    0x40, 0xd4, 0x4a, 0x70, 0x0, 0x40, 0x6a, 0x1,
    0xe9, 0x10, 0xad, 0x60, 0xc, 0x3e, 0xc0, 0x53,
    0xca, 0x1, 0xc, 0xf3, 0x80, 0xd2, 0x0, 0x61,
    0x8e, 0x10, 0xf0, 0x21, 0x0, 0x85, 0x1, 0xc3,
    0xfc, 0xe2, 0x25, 0x50, 0x20, 0x80, 0xc7, 0x72,
    0x80, 0xa4, 0x76, 0x90, 0x40, 0x9f, 0x4,

    /* U+0074 "t" */
    0x0, 0x14, 0x30, 0x7, 0x9d, 0xd6, 0x1, 0xe2,
    0x0, 0xfd, 0xe0, 0x1e, 0x6e, 0x70, 0x2f, 0xf8,
    0x4, 0x40, 0x1f, 0x36, 0xa0, 0x16, 0xec, 0x2,
    0x40, 0x11, 0x14, 0x1, 0xff, 0xdb, 0x10, 0xf,
    0xc6, 0x4, 0x1, 0xef, 0x0, 0x49, 0xa0, 0x4,
    0xe2, 0xd, 0x96, 0x20, 0x1, 0xd4, 0x0, 0x19,
    0x80,

    /* U+0075 "u" */
    0x4f, 0xf2, 0x0, 0x6c, 0xfc, 0x0, 0xff, 0xff,
    0x80, 0x1c, 0x0, 0x20, 0x1f, 0x8, 0x3, 0x0,
    0x26, 0x30, 0x1, 0x8, 0x34, 0x2c, 0xc8, 0x3,
    0x48, 0x1, 0xe9, 0x96, 0x0, 0x27, 0x82, 0x2,
    0x9a, 0x20, 0x0,

    /* U+0076 "v" */
    0x8f, 0xf0, 0x7, 0xbb, 0xe2, 0xc0, 0xa, 0x1,
    0x8c, 0x42, 0xcc, 0x83, 0x0, 0x35, 0x80, 0x98,
    0x28, 0x38, 0x6, 0x50, 0x70, 0x5, 0x80, 0x98,
    0x0, 0x48, 0x28, 0x0, 0x62, 0x16, 0x0, 0x70,
    0x13, 0x0, 0x9c, 0x10, 0x1, 0xa0, 0xe0, 0x1a,
    0x80, 0xc4, 0x10, 0x34, 0x3, 0x18, 0x82, 0x18,
    0x1, 0x0, 0x39, 0xc3, 0x2c, 0x14, 0x3, 0xda,
    0xe, 0x81, 0xe0, 0x1e, 0x41, 0x11, 0x82, 0x80,
    0x7c, 0xe0, 0x4, 0x0, 0xc0,

    /* U+0077 "w" */
    0x4f, 0xf2, 0x0, 0x43, 0xfe, 0x70, 0xd, 0xbf,
    0x8, 0x0, 0x30, 0x9, 0x0, 0x18, 0x1, 0x9,
    0x6, 0x1, 0x86, 0x0, 0x58, 0x0, 0x40, 0x9,
    0x40, 0x8, 0x8, 0xa, 0x1, 0x20, 0xa0, 0x18,
    0x3, 0x0, 0xc0, 0x18, 0x2, 0x40, 0x24, 0xa6,
    0x8, 0x0, 0x40, 0x40, 0x2, 0x0, 0x10, 0x10,
    0xf, 0x43, 0x0, 0x6, 0x18, 0x1, 0x18, 0x60,
    0x60, 0x6a, 0x2, 0x81, 0x80, 0x14, 0x2, 0x40,
    0x70, 0x50, 0x41, 0x21, 0x25, 0x2, 0x10, 0xb,
    0x0, 0x84, 0xc8, 0x41, 0x1, 0x3c, 0x10, 0x3,
    0x20, 0x1, 0xc1, 0x0, 0x1e, 0x1e, 0xa1, 0x80,
    0x1c, 0x61, 0x61, 0xe0, 0x4, 0x4, 0x30, 0x40,
    0xe, 0x40, 0x20, 0x40, 0x1, 0x9, 0x1, 0x8,
    0x7, 0x60, 0x0, 0x48, 0x2, 0x40, 0x2, 0x0,
    0x40,

    /* U+0078 "x" */
    0x2f, 0xf5, 0x0, 0x6e, 0xfa, 0x2, 0x70, 0x53,
    0x0, 0x30, 0x84, 0x0, 0x20, 0x42, 0x0, 0x16,
    0xe, 0x40, 0x15, 0x82, 0x1b, 0x10, 0xc8, 0x6,
    0x53, 0xf, 0xb0, 0x91, 0x0, 0xef, 0x3, 0x22,
    0x38, 0x7, 0x8c, 0x40, 0x14, 0x1, 0xf3, 0x88,
    0x2, 0x40, 0x3c, 0x30, 0x14, 0x3, 0x0, 0x1d,
    0x60, 0x6a, 0xe0, 0xe4, 0x1, 0x1a, 0x84, 0x4,
    0x8, 0x48, 0x5, 0xe0, 0x68, 0x0, 0x80, 0x45,
    0x5, 0x30, 0xf0, 0x9, 0x8c, 0x2c, 0x0,

    /* U+0079 "y" */
    0x8f, 0xf0, 0x80, 0x77, 0x7c, 0x48, 0x1, 0xc0,
    0x31, 0x88, 0x58, 0xa0, 0x68, 0x6, 0xb0, 0x23,
    0xe, 0x4, 0x10, 0x9, 0x41, 0x40, 0xa, 0x0,
    0x70, 0x0, 0x90, 0x58, 0x4, 0xc1, 0x40, 0x7,
    0x2, 0x30, 0xa, 0x80, 0xc4, 0x34, 0x14, 0x3,
    0x19, 0x3, 0x82, 0x5, 0x80, 0x75, 0x6, 0x98,
    0x11, 0x80, 0x73, 0x2, 0x58, 0x28, 0x7, 0x85,
    0x1, 0xc2, 0xc0, 0x3e, 0xe0, 0x0, 0x98, 0x7,
    0xca, 0x0, 0x60, 0xf, 0xc4, 0x0, 0xb0, 0xf,
    0xd0, 0x4, 0x60, 0x1c, 0x47, 0xa, 0x10, 0x1,
    0xee, 0xc7, 0x5, 0x50, 0x7, 0x84, 0xa, 0x28,
    0x3, 0xc0,

    /* U+007A "z" */
    0x8, 0xff, 0xfc, 0x1, 0xfe, 0x20, 0x4, 0xee,
    0xe6, 0x0, 0x48, 0x0, 0x48, 0xa3, 0x60, 0x54,
    0x0, 0xf5, 0x0, 0xd8, 0x7, 0x95, 0x2, 0x4,
    0x3, 0x86, 0xc0, 0xd8, 0x3, 0xd0, 0x21, 0xc0,
    0x1e, 0x46, 0x8, 0x20, 0xf, 0x48, 0x13, 0x80,
    0x7a, 0x8, 0x20, 0x8b, 0x80, 0x5c, 0x1, 0x5b,
    0xbc, 0x64, 0x1, 0xfe,

    /* U+007B "{" */
    0x0, 0x93, 0x3f, 0xc0, 0x15, 0x9a, 0x40, 0x0,
    0xc0, 0x6d, 0xc0, 0xe, 0x6, 0x1, 0xff, 0x38,
    0x7, 0x84, 0x3, 0xc6, 0x6, 0x1, 0xff, 0x38,
    0x10, 0x0, 0x6e, 0x42, 0x0, 0x6, 0x80, 0x8a,
    0x0, 0x2e, 0x54, 0xb0, 0x8, 0x60, 0x1c, 0x3,
    0x18, 0x18, 0x6, 0x30, 0x30, 0xc, 0x20, 0x1e,
    0x70, 0xf, 0xc2, 0x1, 0xe1, 0x0, 0xca, 0x4,
    0xc4, 0x0, 0x17, 0x9, 0xd0, 0xa, 0x36, 0xe8,

    /* U+007C "|" */
    0xcf, 0x0, 0xff, 0xf3, 0x0,

    /* U+007D "}" */
    0x2f, 0xf5, 0x90, 0x0, 0x9c, 0xd3, 0x80, 0x28,
    0xd0, 0x30, 0xc, 0x20, 0x1, 0x0, 0xff, 0xe0,
    0x88, 0x7, 0xf8, 0x40, 0x40, 0x30, 0x80, 0x7c,
    0x22, 0x30, 0xd, 0x21, 0x94, 0x1, 0x29, 0x2,
    0x80, 0x5e, 0x4f, 0xc0, 0x11, 0x4, 0x8, 0x0,
    0x40, 0x40, 0x30, 0x80, 0x80, 0x7f, 0xf2, 0x44,
    0x3, 0xf8, 0xa0, 0x4, 0x40, 0x5a, 0xe1, 0x0,
    0x2, 0xab, 0xe6, 0x0, 0x0,

    /* U+007E "~" */
    0x0, 0x37, 0x7c, 0x88, 0x4, 0x40, 0x8, 0x91,
    0x6, 0xf4, 0x6, 0xd6, 0x5, 0x2d, 0xe6, 0x1b,
    0xf9, 0x4, 0xd, 0xf2, 0x19, 0xb2, 0x4, 0xd2,

    /* U+00B0 "°" */
    0x0, 0xff, 0x3f, 0xfb, 0x8, 0x0, 0xd0, 0xf4,
    0x3e, 0x0, 0xb5, 0x85, 0xe2, 0x50, 0x2d, 0x0,
    0x18, 0x10, 0xf, 0x0, 0x8, 0x8, 0x19, 0x8a,
    0x52, 0x8, 0x10, 0x95, 0xab, 0x62, 0x0, 0xbd,
    0xce, 0x40,

    /* U+00D7 "×" */
    0x0, 0xff, 0xe2, 0xc6, 0x0, 0x7f, 0xb2, 0x0,
    0x8, 0x78, 0x1, 0xfa, 0xcd, 0x0, 0x1a, 0x66,
    0xb0, 0xf, 0x52, 0x16, 0x80, 0x7, 0x49, 0x28,
    0x3, 0x52, 0x96, 0x8, 0x4, 0x38, 0x4b, 0x40,
    0x9, 0x52, 0xc1, 0x0, 0xe1, 0xc1, 0x59, 0x86,
    0x1c, 0x10, 0xf, 0x87, 0x5, 0x9c, 0x70, 0x40,
    0x3f, 0x89, 0xc0, 0xe, 0x40, 0x1f, 0xe7, 0x60,
    0x16, 0x70, 0xf, 0xe6, 0x80, 0xcd, 0x8, 0x60,
    0xf, 0x96, 0x42, 0xcc, 0xd8, 0x12, 0xa0, 0x1c,
    0xb4, 0x16, 0x80, 0x3, 0xb0, 0xa5, 0x0, 0x92,
    0x82, 0x90, 0x3, 0x25, 0x5, 0x20, 0x2, 0x82,
    0x94, 0x3, 0xcb, 0x41, 0x40, 0xd, 0x95, 0x0,
    0xfc, 0xb3, 0xa0,

    /* U+2014 "—" */
    0xcc, 0xff, 0xe2, 0xc9, 0x9f, 0xff, 0x15, 0x40,

    /* U+2018 "‘" */
    0x0, 0x13, 0x80, 0xb, 0x34, 0x1, 0xc9, 0x40,
    0x47, 0xc0, 0x6, 0xb, 0xc0, 0x60, 0x1, 0x81,
    0x30, 0x30, 0x0,

    /* U+2019 "’" */
    0x0, 0x8, 0x5, 0x7d, 0x60, 0x4, 0x4, 0x30,
    0x60, 0x3, 0x84, 0xd8, 0x28, 0x2, 0x14, 0x43,
    0x6, 0xc0, 0x13, 0x82, 0x0,

    /* U+201C "“" */
    0x0, 0x1b, 0x0, 0x6, 0x0, 0x9, 0x9c, 0x0,
    0xc4, 0x10, 0xa7, 0x80, 0x90, 0xc1, 0x41, 0xb0,
    0x3, 0xa8, 0x0, 0x83, 0x28, 0x44, 0xfc, 0x24,
    0x0, 0x41, 0x0, 0xa, 0xa2, 0x84, 0x84, 0x8a,
    0x20,

    /* U+201D "”" */
    0x0, 0x8, 0x4, 0x20, 0x1, 0xee, 0x40, 0x4f,
    0x60, 0x28, 0x83, 0x83, 0x81, 0xaa, 0x18, 0x0,
    0x58, 0x0, 0x61, 0x90, 0x22, 0x8d, 0x5, 0x1,
    0x98, 0x0, 0x41, 0x98, 0x7d, 0x58, 0x29, 0x38,
    0x6, 0x2c, 0x1, 0xfe, 0x20,

    /* U+3001 "、" */
    0x0, 0xf8, 0x72, 0x0, 0x35, 0x1b, 0xc8, 0x5,
    0x46, 0xd, 0x20, 0x1, 0xc3, 0x6, 0x90, 0xb,
    0xc, 0x19, 0x80, 0x16, 0x91, 0xb8, 0x4, 0x39,
    0x81,

    /* U+3002 "。" */
    0x0, 0x91, 0x48, 0x2, 0x1c, 0xba, 0xd7, 0x0,
    0x51, 0x6f, 0xcc, 0x20, 0xa5, 0x90, 0x32, 0x71,
    0x83, 0x0, 0x44, 0x24, 0x16, 0x1, 0x21, 0x84,
    0x3c, 0x2e, 0x1c, 0x83, 0xca, 0xd3, 0xe0, 0x80,

    /* U+4E00 "一" */
    0x1f, 0xff, 0xfe, 0x41, 0x0, 0x7f, 0xf2, 0x86,
    0xab, 0xff, 0x90, 0x40,

    /* U+4E07 "万" */
    0x0, 0xff, 0xe5, 0x57, 0xff, 0xff, 0x1a, 0xc0,
    0x3f, 0xf9, 0x55, 0xff, 0xb8, 0x1, 0xdf, 0xff,
    0xeb, 0x0, 0xf1, 0x80, 0x4, 0x3, 0xff, 0xb4,
    0x20, 0x20, 0x1f, 0xfc, 0x66, 0x1, 0xff, 0xfe,
    0x80, 0xf, 0xc4, 0x1, 0xff, 0x78, 0x7, 0xee,
    0x6, 0xee, 0xf8, 0xc0, 0x40, 0x3f, 0x28, 0x78,
    0x8f, 0xc0, 0x1f, 0xf1, 0x82, 0x0, 0x7c, 0x20,
    0x60, 0x1f, 0x28, 0x9, 0x0, 0x7c, 0x60, 0xc0,
    0x1f, 0x48, 0x30, 0x7, 0xe1, 0x1, 0x0, 0xf2,
    0x18, 0x50, 0x7, 0xc2, 0x0, 0x30, 0xe, 0x1a,
    0x5, 0x20, 0xf, 0x88, 0x0, 0x20, 0x1d, 0x42,
    0x2b, 0x0, 0xfc, 0xa0, 0x60, 0x18, 0x71, 0x2,
    0x84, 0x3, 0xf5, 0x2, 0x80, 0x45, 0xc6, 0x14,
    0x80, 0x19, 0x7f, 0xf1, 0x85, 0x0, 0x45, 0x5,
    0x8a, 0x1, 0xca, 0x1, 0x8a, 0x4c, 0x3, 0x3e,
    0x98, 0x7, 0xdf, 0xfb, 0x58, 0x3, 0x0,

    /* U+4E09 "三" */
    0x2, 0x33, 0xff, 0xe2, 0x0, 0x57, 0x99, 0xff,
    0xc4, 0x20, 0x0, 0x8f, 0xff, 0x14, 0x2, 0x8e,
    0xef, 0xfe, 0x21, 0x0, 0x7f, 0xfd, 0x8, 0xbf,
    0xf8, 0x22, 0x1, 0xc3, 0xbb, 0xff, 0xc1, 0x70,
    0xf, 0xfe, 0x68, 0xff, 0xff, 0xf0, 0x58, 0x3,
    0xff, 0xfe, 0x1, 0xfb, 0x3f, 0xff, 0xf8, 0xca,
    0x20, 0x1f, 0xfc, 0x7f, 0xdd, 0xff, 0xe3, 0x28,

    /* U+4E0A "上" */
    0x0, 0xfe, 0x77, 0x8, 0x7, 0xff, 0x1a, 0x20,
    0x60, 0x1f, 0xff, 0xf0, 0xf, 0xff, 0x36, 0xf7,
    0x7c, 0x60, 0x1f, 0xfc, 0x11, 0x1f, 0x80, 0x3f,
    0xf8, 0x35, 0x99, 0xf1, 0x80, 0x7f, 0xf0, 0x1c,
    0xcf, 0xe0, 0xf, 0xff, 0xf8, 0x7, 0xff, 0xa8,
    0x8b, 0xe3, 0x0, 0x39, 0x17, 0xfb, 0x77, 0xec,
    0x0, 0x56, 0xef, 0xee, 0x1, 0x1f, 0xfe, 0x3b,
    0x80,

    /* U+4E0B "下" */
    0x12, 0x2f, 0xfe, 0x38, 0x46, 0xef, 0xff, 0x1c,
    0x3, 0xff, 0x95, 0x3f, 0xff, 0x50, 0xf, 0xff,
    0xf0, 0x7, 0xff, 0xa9, 0x80, 0x3f, 0xf8, 0xe3,
    0x3c, 0xc0, 0x1f, 0xfc, 0x61, 0x14, 0xea, 0x0,
    0x7f, 0xf0, 0xc7, 0xd8, 0xa, 0xe8, 0x40, 0x3f,
    0xf8, 0x43, 0x38, 0x60, 0xbe, 0xa0, 0x1f, 0xfc,
    0x33, 0xc8, 0x1, 0xc0, 0xf, 0xfe, 0x2b, 0xe2,
    0x48, 0x7, 0xff, 0x18, 0xec, 0x3, 0xff, 0xfe,
    0x1, 0xff, 0xea,

    /* U+4E0D "不" */
    0x0, 0xff, 0xe5, 0xe7, 0xff, 0xff, 0x19, 0x40,
    0x3f, 0xf9, 0x99, 0xdd, 0xf9, 0x0, 0x1b, 0xdd,
    0xe5, 0x0, 0x84, 0x7e, 0x54, 0x8, 0x21, 0x1f,
    0x0, 0x7f, 0x86, 0x80, 0xe, 0x1, 0xff, 0xc5,
    0xd1, 0x0, 0x94, 0x3, 0xff, 0x87, 0x66, 0x0,
    0x19, 0xad, 0x30, 0xf, 0xf8, 0x71, 0x1, 0x0,
    0x14, 0x25, 0x8c, 0x1, 0xfc, 0x58, 0x61, 0x3c,
    0x0, 0x3f, 0x40, 0x9a, 0x0, 0xf9, 0x30, 0x82,
    0x58, 0x3, 0xd, 0xb0, 0x2e, 0x8, 0x4, 0x35,
    0x62, 0x2b, 0x60, 0xf, 0xa6, 0x40, 0x7e, 0x40,
    0x3c, 0xa0, 0x7e, 0x80, 0x1f, 0xcd, 0x60, 0x3c,
    0x3, 0x3, 0x38, 0x20, 0x1f, 0xf2, 0x59, 0xe8,
    0x1, 0xfd, 0x80, 0x3f, 0xf8, 0x49, 0x82, 0x1,
    0x8, 0x7, 0xff, 0xfc, 0x3, 0xff, 0xa8,

    /* U+4E0E "与" */
    0x0, 0xc6, 0x82, 0x1, 0xff, 0xc4, 0x9b, 0x60,
    0xf, 0xfe, 0x23, 0x81, 0x80, 0x7f, 0xf1, 0x8,
    0x2f, 0xbb, 0xfe, 0x20, 0x8, 0xc0, 0x21, 0x1f,
    0xfe, 0x0, 0x4, 0xa0, 0x7d, 0xdf, 0xfc, 0x3,
    0x0, 0xbc, 0x10, 0x47, 0xff, 0x80, 0x1, 0x94,
    0x30, 0x3, 0xff, 0x88, 0x60, 0xc0, 0x1f, 0xe1,
    0x0, 0xc8, 0x0, 0xdf, 0xff, 0xf7, 0x7c, 0x80,
    0x8, 0x40, 0x47, 0xfe, 0x0, 0x70, 0x1, 0xbb,
    0xfb, 0xbf, 0xe4, 0x1, 0x0, 0xff, 0xe2, 0x30,
    0x11, 0x9f, 0xff, 0x8, 0x0, 0x40, 0xdd, 0x99,
    0xff, 0xc0, 0xd0, 0x10, 0x1, 0x21, 0x9f, 0xff,
    0x1, 0x41, 0x40, 0x42, 0x73, 0x3f, 0xf8, 0x16,
    0x6, 0xa, 0x1, 0xff, 0xc4, 0xb0, 0xc0, 0xf,
    0xf0, 0x88, 0x2, 0x43, 0x4, 0x0, 0xff, 0x27,
    0x7f, 0xd6, 0x6, 0x60, 0xf, 0xf2, 0x80, 0x72,
    0x68, 0x7, 0xff, 0x3, 0xff, 0xac, 0x40, 0x0,

    /* U+4E13 "专" */
    0x0, 0xfc, 0xa6, 0x1, 0xff, 0xc5, 0x3a, 0xc0,
    0xf, 0xfe, 0x0, 0x8f, 0x50, 0x18, 0x8f, 0xe0,
    0x8, 0x7b, 0xb9, 0x80, 0xfb, 0xbe, 0xf0, 0xc,
    0x23, 0x80, 0x30, 0x8f, 0xc4, 0x1, 0xf, 0x76,
    0xa0, 0x2f, 0xee, 0xfb, 0x0, 0x3f, 0x78, 0x20,
    0x7, 0xfd, 0xdf, 0xfc, 0xa0, 0xdf, 0xff, 0xe7,
    0x0, 0xff, 0xe4, 0x77, 0xfe, 0x60, 0x6f, 0xff,
    0xf9, 0xc0, 0x39, 0xc3, 0x40, 0x3f, 0xf8, 0x88,
    0x21, 0x5d, 0xdf, 0x7f, 0x9c, 0x3, 0xdc, 0x0,
    0x11, 0xfc, 0x0, 0xf0, 0xf, 0x57, 0xf7, 0xff,
    0xa8, 0x0, 0xd0, 0x1, 0xf8, 0x40, 0x39, 0x28,
    0x1a, 0x40, 0x3f, 0x3c, 0x18, 0x4, 0xb6, 0xd,
    0x20, 0x1f, 0x8a, 0x1f, 0x3a, 0x65, 0x40, 0xd2,
    0x1, 0xfc, 0x5d, 0x28, 0x2c, 0xc0, 0x4, 0x0,
    0x7f, 0xc2, 0xd7, 0xd0, 0x1, 0x75, 0x10, 0x7,
    0xff, 0x0, 0x5f, 0xe9, 0x1, 0x6c, 0x3, 0xff,
    0x86, 0xb7, 0x8b, 0x20, 0x18,

    /* U+4E14 "且" */
    0x0, 0xc4, 0x5f, 0xfc, 0x10, 0xf, 0x8f, 0x77,
    0xff, 0x82, 0x40, 0x1f, 0xc2, 0x3f, 0xc0, 0x1f,
    0xf1, 0x77, 0x7f, 0x0, 0x7f, 0xfa, 0x4b, 0xff,
    0xf8, 0x3, 0xff, 0xa8, 0x5f, 0xff, 0xc0, 0x1f,
    0xfe, 0x92, 0xcc, 0xfe, 0x0, 0xff, 0xe0, 0x19,
    0xff, 0x0, 0x7f, 0xf0, 0x33, 0x3f, 0x80, 0x3f,
    0xe2, 0x33, 0xfe, 0x0, 0xff, 0xe8, 0x8, 0x9c,
    0xc, 0x47, 0xf8, 0x0, 0x23, 0x5, 0x77, 0x2c,
    0x7, 0xbb, 0xf8, 0x1, 0x9d, 0xc4, 0x30, 0xf,
    0xfe, 0x40,

    /* U+4E24 "两" */
    0x11, 0xff, 0xe4, 0x6f, 0x77, 0xff, 0x1b, 0xdc,
    0x47, 0x80, 0x21, 0x10, 0x4, 0x23, 0xc7, 0x7d,
    0xdc, 0x21, 0xbd, 0xcd, 0x1, 0xee, 0xed, 0x0,
    0xff, 0xe4, 0x91, 0x70, 0x83, 0x91, 0x18, 0x4,
    0x88, 0x6a, 0x40, 0xc, 0xdd, 0xc0, 0xa, 0xdd,
    0x58, 0x3, 0x75, 0x95, 0x80, 0x18, 0xce, 0x0,
    0x11, 0x98, 0x40, 0x6, 0x60, 0xf, 0xbb, 0x30,
    0x0, 0xdc, 0xc6, 0x81, 0xe6, 0x2c, 0xc, 0x3,
    0xc2, 0x1, 0xcc, 0x6, 0x1, 0xff, 0x28, 0x1,
    0xc0, 0x1a, 0x0, 0x40, 0xf, 0xf1, 0x80, 0x21,
    0x40, 0xc0, 0x14, 0x20, 0x1f, 0xd6, 0xa, 0x14,
    0x48, 0xe, 0x3a, 0x1, 0xf9, 0xc, 0x69, 0x99,
    0x40, 0xb0, 0x87, 0x0, 0x1e, 0x19, 0x9, 0x9,
    0xd7, 0x9, 0xa, 0x10, 0xf, 0xbc, 0x88, 0xe0,
    0x34, 0xc, 0x60, 0x35, 0x0, 0x1e, 0xf3, 0xf0,
    0x0, 0xd2, 0x48, 0x4, 0x80, 0x1f, 0xe, 0x10,
    0x4, 0x96, 0x1, 0xc2, 0x1, 0xff, 0xc4, 0xaf,
    0xf5, 0x3, 0x0, 0x7f, 0xf0, 0xbc, 0x0, 0x29,
    0x20,

    /* U+4E2A "个" */
    0x0, 0xff, 0x8c, 0x3, 0xff, 0x91, 0x39, 0x20,
    0x1f, 0xfc, 0x65, 0x60, 0xf, 0xfe, 0x39, 0xd0,
    0x1, 0x94, 0x3, 0xff, 0x86, 0x98, 0x8, 0xc1,
    0x4c, 0x1, 0xff, 0xc1, 0x6b, 0x3, 0xb9, 0x60,
    0x98, 0x0, 0xff, 0xd, 0x48, 0x26, 0x0, 0x25,
    0xc1, 0xf0, 0x80, 0x3e, 0x6f, 0x50, 0x6b, 0xa,
    0xa0, 0x44, 0x81, 0xeb, 0x80, 0x66, 0xd9, 0x10,
    0x99, 0x0, 0xaa, 0x84, 0x1b, 0x8, 0x23, 0x9c,
    0x1, 0x64, 0x9, 0xcc, 0x1, 0xf8, 0xf5, 0xc0,
    0x64, 0x43, 0xce, 0xec, 0x20, 0x1f, 0xf4, 0x6a,
    0x68, 0x81, 0x62, 0x0, 0x7f, 0xf0, 0x8a, 0xcc,
    0x3, 0xff, 0xfe, 0x1, 0xff, 0xff, 0x0, 0xff,
    0xf2, 0x80,

    /* U+4E2D "中" */
    0x0, 0xf8, 0xb3, 0x0, 0x1f, 0xfc, 0x43, 0x30,
    0x7, 0xff, 0x83, 0xbb, 0xed, 0x0, 0x77, 0x7d,
    0xa2, 0x3f, 0x0, 0x42, 0x3f, 0x18, 0x3, 0x37,
    0x75, 0x80, 0x37, 0x7a, 0x80, 0x31, 0x17, 0x30,
    0x0, 0x8b, 0x98, 0x3, 0xff, 0xdc, 0x62, 0x39,
    0x80, 0x2, 0x3c, 0xc0, 0x1b, 0x7b, 0xb5, 0x80,
    0x3b, 0xba, 0x80, 0x3f, 0xf9, 0x5d, 0xff, 0xb4,
    0x1, 0xff, 0xd8, 0x0, 0xbb, 0x8, 0x7, 0xff,
    0x0, 0xf7, 0x11, 0x0, 0x1f, 0xfc, 0x22, 0x20,
    0x7, 0xff, 0xf0,

    /* U+4E30 "丰" */
    0x0, 0xfe, 0x66, 0x0, 0x7f, 0xf1, 0x4a, 0x64,
    0x20, 0x1f, 0xfd, 0x13, 0x3f, 0x9c, 0x0, 0xa6,
    0x7f, 0x0, 0xe6, 0x7d, 0x40, 0xb, 0xcc, 0xf8,
    0x40, 0x47, 0xe0, 0xc, 0x23, 0xfd, 0xdd, 0xf6,
    0x80, 0x3b, 0xbf, 0x0, 0x7f, 0xf2, 0xd1, 0x3e,
    0x0, 0x3a, 0x27, 0x80, 0x35, 0xdf, 0xa4, 0x1,
    0x37, 0x7e, 0x0, 0xc8, 0x9e, 0x20, 0x1, 0x22,
    0x78, 0x3, 0x5d, 0xfb, 0xc0, 0x19, 0x77, 0xe0,
    0xf, 0xfe, 0x51, 0x19, 0xfc, 0xe0, 0x5, 0x33,
    0xf8, 0xb3, 0x3f, 0x50, 0x2, 0xf3, 0x3f, 0x10,
    0x8f, 0xc0, 0x18, 0x47, 0xe3, 0xce, 0xef, 0xb4,
    0x1, 0xdd, 0xfb, 0x40, 0x3f, 0xff, 0xe0, 0x1c,

    /* U+4E32 "串" */
    0x0, 0xf8, 0x62, 0x0, 0x1f, 0xfc, 0x32, 0x77,
    0x8, 0x7, 0xff, 0x3b, 0xff, 0xd8, 0x0, 0xef,
    0xff, 0x0, 0x62, 0x33, 0x80, 0x22, 0x33, 0x88,
    0x3, 0xdd, 0x99, 0x80, 0x19, 0x9a, 0x40, 0x3f,
    0xf9, 0x9f, 0x99, 0x80, 0x19, 0x9a, 0x40, 0x3c,
    0x67, 0x80, 0x22, 0x33, 0x88, 0x3, 0x7f, 0xfb,
    0x0, 0x1d, 0xff, 0xe0, 0xf, 0xfe, 0x3e, 0xff,
    0xfb, 0x0, 0x1d, 0xff, 0xf0, 0x0, 0x48, 0xb0,
    0x4, 0x24, 0x58, 0x40, 0x35, 0xee, 0xec, 0x0,
    0x7e, 0xee, 0xb0, 0xf, 0xfe, 0x55, 0x66, 0x70,
    0x3, 0x33, 0xa8, 0x3, 0x8c, 0xf0, 0x4, 0x46,
    0x78, 0x3, 0xa7, 0xbb, 0x58, 0x3, 0x7b, 0xb4,
    0x80, 0xef, 0xb0, 0x8e, 0x70, 0x1, 0x88, 0xe6,
    0xfe, 0x0, 0xff, 0xec, 0x0,

    /* U+4E3A "为" */
    0x0, 0xf8, 0x55, 0x40, 0x1f, 0xfc, 0x1, 0x77,
    0x0, 0xa, 0xac, 0x3, 0xff, 0x80, 0x51, 0x4,
    0x0, 0xff, 0xe2, 0x1c, 0x5, 0x0, 0x7f, 0xf1,
    0x5c, 0x80, 0xc0, 0x3f, 0xf8, 0x44, 0x54, 0xe8,
    0xa0, 0x9, 0x17, 0xca, 0x40, 0xd, 0xda, 0xf3,
    0x60, 0x1, 0xbb, 0xf5, 0x69, 0x0, 0x7f, 0xf1,
    0xcc, 0x3f, 0xfc, 0xc0, 0xdf, 0xfe, 0xe0, 0xf,
    0xf2, 0x87, 0x80, 0x7f, 0x8, 0x7, 0x84, 0xc1,
    0x5, 0x80, 0x31, 0x80, 0x7f, 0x20, 0x9, 0x64,
    0xb8, 0x4, 0x20, 0x1f, 0xd2, 0xe, 0x1c, 0x10,
    0x80, 0x7, 0x1, 0x0, 0xf2, 0x18, 0x58, 0x1b,
    0x85, 0x0, 0x4, 0xc, 0x3, 0xd0, 0x8, 0x40,
    0x8, 0x21, 0x50, 0x30, 0x10, 0xe, 0x83, 0x9,
    0x0, 0xd3, 0xaa, 0x1c, 0xc, 0x1, 0x95, 0xc2,
    0x8, 0x3, 0x21, 0x0, 0x8, 0xc, 0x2, 0x5a,
    0x4, 0x70, 0xf, 0xe4, 0xe, 0x0, 0x45, 0x1,
    0xd8, 0x7, 0x11, 0x4, 0x4a, 0x20, 0x80, 0x8e,
    0x9, 0x80, 0x1e, 0x4d, 0xee, 0x50, 0x11, 0x82,
    0x54, 0x58, 0x7, 0xce, 0x1, 0x93, 0xc0, 0x25,
    0x70, 0xf, 0xc3, 0xff, 0xac, 0x80, 0x0,

    /* U+4E3B "主" */
    0x0, 0xfc, 0xa0, 0x1f, 0xfc, 0x6a, 0xa6, 0x98,
    0x7, 0xff, 0x12, 0xc, 0xb1, 0x40, 0x3f, 0xf8,
    0x65, 0x88, 0x14, 0xc0, 0x1f, 0x8d, 0x13, 0xef,
    0x0, 0xa, 0x27, 0x18, 0x3, 0xae, 0xff, 0x0,
    0x22, 0xef, 0xbc, 0x0, 0xe6, 0x7e, 0x20, 0x1,
    0x19, 0xf9, 0x40, 0x15, 0x99, 0xef, 0x0, 0x7e,
    0x67, 0xa4, 0x3, 0xff, 0xe7, 0x7f, 0xfd, 0xa0,
    0xd, 0xff, 0xec, 0x0, 0xce, 0x1, 0xff, 0xc2,
    0x10, 0xd, 0x9f, 0xfd, 0x80, 0xc, 0xff, 0xed,
    0x0, 0xff, 0x8, 0x0, 0x40, 0x3f, 0xff, 0x19,
    0xff, 0xf6, 0x80, 0x37, 0xff, 0xed, 0x10, 0xf,
    0xfe, 0x31, 0xe7, 0x77, 0xff, 0x1b, 0xc0,

    /* U+4E3E "举" */
    0x0, 0xfe, 0x23, 0x0, 0xff, 0xe1, 0x15, 0x30,
    0x0, 0xf7, 0x42, 0x1, 0xb7, 0x10, 0x3, 0xce,
    0xb2, 0x60, 0x6a, 0x36, 0x1, 0x39, 0x11, 0x40,
    0x3c, 0xac, 0x1a, 0x0, 0xb0, 0x52, 0x2, 0x80,
    0xa1, 0x0, 0xc2, 0x44, 0xb0, 0x33, 0x11, 0xbc,
    0x81, 0x60, 0x2b, 0x11, 0x4, 0x1, 0xbb, 0x80,
    0xb3, 0x74, 0xf3, 0xba, 0x10, 0x5d, 0xdb, 0xc0,
    0xa, 0x67, 0x80, 0x23, 0x3c, 0x20, 0x3, 0x3c,
    0xa0, 0x9, 0xcc, 0xa4, 0x7, 0xf2, 0x21, 0x9c,
    0x80, 0xd9, 0x95, 0x80, 0x73, 0x50, 0x68, 0x2,
    0xec, 0x21, 0x44, 0xb8, 0x20, 0x1e, 0x99, 0x5,
    0x98, 0x7, 0x87, 0x8, 0xfd, 0x40, 0x26, 0xe6,
    0x13, 0xfb, 0xb8, 0x1, 0xb7, 0x6a, 0x73, 0x1a,
    0xc3, 0x1b, 0x14, 0xc0, 0x44, 0xc0, 0x3, 0x44,
    0x9f, 0x1c, 0x1c, 0xc7, 0xae, 0xc5, 0xd9, 0x95,
    0x80, 0x2f, 0x32, 0xe0, 0x8e, 0xa0, 0x1, 0xa0,
    0x0, 0x8c, 0xe4, 0x0, 0x29, 0x9e, 0x0, 0x8,
    0x80, 0x3f, 0xc2, 0x0, 0x30, 0xf, 0xfb, 0xff,
    0xee, 0x0, 0x6f, 0xff, 0xc6, 0x1, 0x8, 0xfc,
    0x1, 0x84, 0x7e, 0x0, 0xdd, 0xdf, 0x78, 0x3,
    0xbb, 0xf1, 0x80, 0x7f, 0xfd, 0xc0,

    /* U+4E45 "久" */
    0x0, 0xf9, 0x90, 0x3, 0xff, 0x8e, 0x73, 0x66,
    0x1, 0xff, 0xc6, 0xb0, 0x23, 0x0, 0xff, 0xe3,
    0x38, 0x20, 0x8e, 0x30, 0xf, 0xfe, 0xb, 0x80,
    0x1b, 0xbb, 0x67, 0x10, 0x7, 0xf8, 0x60, 0x3,
    0xf0, 0x90, 0x7, 0xfa, 0x0, 0x1d, 0xff, 0x94,
    0x10, 0x3, 0xfc, 0x8c, 0x10, 0x20, 0x19, 0x3,
    0x40, 0x3f, 0x86, 0x80, 0xdc, 0x3, 0x30, 0x83,
    0x80, 0x7e, 0x1c, 0x10, 0xe0, 0xe, 0xb0, 0x61,
    0x0, 0xf8, 0x70, 0x82, 0x88, 0x3, 0x31, 0x0,
    0x80, 0x7e, 0x15, 0x9, 0x50, 0xc, 0x30, 0x0,
    0x50, 0xf, 0xe8, 0xd6, 0x0, 0xea, 0x11, 0x1,
    0x30, 0x7, 0xf1, 0x0, 0x73, 0xa0, 0x54, 0x84,
    0x8, 0x7, 0xff, 0x5, 0xe0, 0x19, 0x18, 0x86,
    0x80, 0x3f, 0xf8, 0xf, 0x0, 0x92, 0x0, 0xe0,
    0x49, 0x0, 0xfe, 0x1a, 0x80, 0x4b, 0x0, 0x8e,
    0x1, 0xa4, 0x3, 0xe4, 0xf5, 0x5, 0xb0, 0xe,
    0x77, 0x3, 0x60, 0x80, 0x49, 0x96, 0x21, 0x14,
    0x1, 0xf4, 0x38, 0x1f, 0x40, 0x3, 0x8c, 0xf,
    0x1c, 0x3, 0xfa, 0x28, 0x41, 0x0, 0x14, 0xb5,
    0x86, 0x1, 0xff, 0x2f, 0xb7, 0x0,

    /* U+4E48 "么" */
    0x0, 0xfc, 0x60, 0x1f, 0xfc, 0x61, 0xcf, 0x50,
    0xf, 0xfe, 0x25, 0x0, 0xa0, 0x7, 0xff, 0xd,
    0xd0, 0x28, 0x40, 0x3f, 0xf8, 0x49, 0x1, 0x8,
    0x1, 0x8, 0x7, 0xf8, 0xac, 0x15, 0xc0, 0x21,
    0xfc, 0x30, 0xf, 0x8b, 0x1, 0x28, 0x3, 0x50,
    0x98, 0x7, 0xc7, 0x82, 0x76, 0x1, 0x9d, 0x2,
    0xc, 0x3, 0x97, 0x4, 0xb4, 0x3, 0x24, 0x2,
    0xb8, 0x7, 0x3d, 0x1, 0xe0, 0x80, 0x45, 0x40,
    0x74, 0x1, 0xe6, 0x25, 0xc1, 0x0, 0x87, 0xc4,
    0x5a, 0x1, 0xf0, 0xed, 0x0, 0x76, 0x90, 0x60,
    0x82, 0x0, 0x7f, 0xf0, 0x2c, 0xc3, 0x8, 0x2e,
    0xd2, 0x1, 0xfe, 0xa4, 0xb, 0x30, 0x7, 0x83,
    0x20, 0x7, 0xea, 0x50, 0xb4, 0x0, 0x91, 0x82,
    0x84, 0x3, 0xd6, 0xa1, 0x68, 0x1, 0xd2, 0x43,
    0x60, 0x18, 0xb5, 0x7, 0x10, 0x48, 0xd1, 0x9e,
    0xc, 0x15, 0x40, 0x6, 0xd2, 0x1, 0xdf, 0xed,
    0xcb, 0x98, 0x71, 0x0, 0x58, 0x7, 0xc2, 0x1,
    0x11, 0xab, 0x3c, 0x40, 0x5, 0xc1, 0x8a, 0x2a,
    0xf3, 0xbf, 0xdb, 0x95, 0x30, 0xef, 0x6, 0x80,
    0x35, 0xd5, 0xc, 0x40, 0x3f, 0xa6, 0xe8,

    /* U+4E49 "义" */
    0x0, 0xfe, 0x47, 0x0, 0xff, 0xe4, 0x54, 0x18,
    0x7, 0xff, 0x1d, 0x82, 0x40, 0x3a, 0xe4, 0x80,
    0x39, 0xac, 0x80, 0x29, 0x5, 0x10, 0x8, 0xd1,
    0x8c, 0x3, 0xb1, 0x2c, 0x2, 0x15, 0x9, 0x0,
    0xa8, 0x10, 0x40, 0x3a, 0x41, 0x80, 0x37, 0x1,
    0x80, 0x5, 0x83, 0x80, 0x3c, 0x66, 0x7, 0x0,
    0x93, 0x2c, 0x0, 0xc0, 0x4a, 0x1, 0xf4, 0x4,
    0x8, 0x4, 0x60, 0x14, 0x85, 0x80, 0x7e, 0x44,
    0x4, 0x0, 0x7a, 0x44, 0x98, 0x3, 0xfa, 0x1,
    0x90, 0x3, 0x1b, 0x4, 0x80, 0x7f, 0x8d, 0xc2,
    0x84, 0x2, 0xe0, 0x54, 0x0, 0xff, 0xa0, 0x87,
    0x40, 0x14, 0x43, 0x60, 0x1f, 0xfc, 0x1f, 0x3,
    0xa8, 0x50, 0xd1, 0x0, 0xff, 0xe0, 0x95, 0x82,
    0xb8, 0x49, 0x80, 0x7f, 0xf0, 0xd0, 0x3, 0x38,
    0x7, 0xff, 0xc, 0xf4, 0x3, 0x7a, 0x0, 0x7f,
    0xf0, 0x63, 0x8, 0x72, 0xc4, 0x57, 0x22, 0x1,
    0xfc, 0xfc, 0xe0, 0x9e, 0x69, 0xe8, 0xd, 0xd0,
    0x20, 0x19, 0x2b, 0xe0, 0x4a, 0xec, 0x20, 0x1,
    0xb9, 0x10, 0x7e, 0xb5, 0x1, 0xa5, 0x3, 0xad,
    0x40, 0xf, 0x37, 0x40, 0x82, 0x48, 0xd, 0xb6,
    0x61, 0x40, 0x3f, 0xcf, 0xd6, 0xba, 0x0,

    /* U+4E50 "乐" */
    0x0, 0xff, 0xe2, 0xa0, 0x80, 0x7c, 0x22, 0x23,
    0x45, 0x68, 0xac, 0xef, 0xb8, 0x0, 0xea, 0xfe,
    0xe6, 0xe5, 0xd4, 0xba, 0x98, 0x81, 0x0, 0x78,
    0x80, 0x6, 0x64, 0x56, 0x78, 0xac, 0xdf, 0xd9,
    0x0, 0xe1, 0x7, 0xcc, 0x5d, 0x45, 0x3a, 0x99,
    0x0, 0x7e, 0x20, 0xe0, 0xd, 0x9a, 0x80, 0x1f,
    0xf2, 0x82, 0x80, 0x7f, 0xf1, 0x44, 0x40, 0x60,
    0x1f, 0xfc, 0x57, 0x3, 0x0, 0xff, 0xe3, 0x48,
    0x1f, 0xff, 0x10, 0x5f, 0xff, 0xc4, 0x1, 0xff,
    0xcb, 0xcc, 0x6e, 0xf8, 0x1, 0x1b, 0xbf, 0x10,
    0x0, 0xcc, 0x45, 0xf0, 0x19, 0x17, 0xc0, 0x1d,
    0x1d, 0x0, 0x1f, 0xa7, 0xcc, 0x3, 0xc4, 0xe3,
    0xa0, 0x1f, 0xb8, 0x34, 0x40, 0x3b, 0xc1, 0x54,
    0x1, 0xf9, 0xd0, 0x74, 0x3, 0x59, 0xd, 0x80,
    0x7f, 0xa8, 0x4e, 0x0, 0x14, 0x81, 0xa2, 0x1,
    0xfe, 0x1a, 0x7, 0x42, 0x40, 0xa3, 0x0, 0x8,
    0xc6, 0x1, 0xe4, 0x50, 0xf2, 0xca, 0x50, 0xb,
    0xfb, 0x82, 0xc, 0x1, 0xd7, 0x36, 0x4, 0xa0,
    0x19, 0x0, 0x5, 0x24, 0x1, 0xc2, 0xc0,

    /* U+4E5D "九" */
    0x0, 0xf8, 0x50, 0xc0, 0x3f, 0xf8, 0xef, 0x7c,
    0x1, 0xff, 0xc9, 0x10, 0xf, 0xfe, 0x38, 0x80,
    0x7f, 0xf7, 0xfc, 0x3, 0xc2, 0x1, 0xf8, 0xff,
    0xf9, 0xc0, 0xff, 0xf7, 0x79, 0x80, 0x7f, 0xf4,
    0xf, 0xbb, 0x90, 0x17, 0xbb, 0x0, 0x7f, 0x84,
    0x79, 0xc3, 0x44, 0x78, 0x3, 0xff, 0x84, 0x40,
    0x40, 0x1f, 0xfc, 0x61, 0x10, 0x20, 0x7, 0xff,
    0x19, 0x0, 0x44, 0x1, 0xff, 0xc6, 0xf0, 0x70,
    0xf, 0xfe, 0x31, 0x28, 0x68, 0x7, 0xff, 0x1a,
    0x0, 0x90, 0x3, 0xfc, 0x22, 0x0, 0xe5, 0x50,
    0x40, 0x7, 0xfc, 0x5c, 0xe0, 0x12, 0x50, 0x2a,
    0x80, 0x3f, 0xe7, 0xd, 0x0, 0x35, 0x81, 0x58,
    0x7, 0xf3, 0x0, 0x30, 0x8, 0x32, 0x40, 0xf0,
    0x40, 0x3e, 0x50, 0xaf, 0xf3, 0x86, 0x4, 0x83,
    0xe0, 0x80, 0x7e, 0x82, 0x0, 0xcc, 0x80, 0xbd,
    0x0, 0x1f, 0xe3, 0xdf, 0xfd, 0x20,

    /* U+4E5F "也" */
    0x0, 0xff, 0xc, 0x38, 0x7, 0xff, 0x8, 0x40,
    0x31, 0xbc, 0x80, 0x7f, 0xf0, 0x53, 0xb0, 0x3,
    0xff, 0xa8, 0x22, 0x0, 0xff, 0xe3, 0x24, 0xf7,
    0x14, 0x3, 0xff, 0x84, 0x35, 0xf6, 0xc0, 0x1f,
    0xfc, 0x11, 0x6f, 0x0, 0x28, 0x1c, 0x10, 0x7,
    0xf8, 0xf3, 0xa4, 0x80, 0x13, 0xd8, 0xec, 0x1,
    0xe3, 0x8b, 0x0, 0x18, 0x2c, 0x0, 0xb0, 0x80,
    0x1c, 0x4, 0x0, 0x3d, 0x8e, 0x1, 0x5f, 0xd2,
    0x80, 0x7e, 0x70, 0x0, 0x99, 0x3c, 0x1, 0xa0,
    0x7, 0xf1, 0x1, 0x0, 0x59, 0xb0, 0x60, 0x1f,
    0xfc, 0x1, 0x1, 0x0, 0x84, 0x3, 0xff, 0x80,
    0x43, 0x0, 0x60, 0x1f, 0xfc, 0x5c, 0xe7, 0x9,
    0x0, 0xff, 0xe2, 0xb2, 0x2d, 0x28, 0x7, 0xff,
    0x16, 0x2e, 0x94, 0x36, 0x40, 0x3f, 0xe2, 0xfe,
    0x0, 0xf1, 0x30, 0x7, 0x38, 0x7, 0xff, 0x4,
    0xc0, 0x80, 0x38, 0x80, 0xc8, 0x3, 0xfd, 0x0,
    0x80, 0x1c, 0x26, 0x1b, 0xdd, 0xfd, 0xe8, 0x16,
    0x1, 0xed, 0x62, 0x11, 0xff, 0x25, 0x90, 0x0,

    /* U+4E60 "习" */
    0x0, 0xff, 0xe2, 0x8, 0x5, 0x7f, 0xff, 0xfc,
    0x2e, 0xf8, 0x0, 0xff, 0xe3, 0x78, 0x5f, 0xff,
    0xff, 0x9, 0x80, 0x3c, 0x26, 0x1, 0xfe, 0x30,
    0xf, 0x6e, 0x40, 0x7, 0xff, 0x12, 0xc1, 0xf0,
    0x40, 0x3f, 0x84, 0x3, 0x3e, 0x9, 0xfa, 0x0,
    0x78, 0x40, 0x3e, 0x3f, 0x31, 0xb6, 0x0, 0xff,
    0xe1, 0xe, 0x28, 0x18, 0x7, 0x38, 0x18, 0x7,
    0xea, 0xb5, 0x0, 0x8, 0x7, 0xff, 0x9, 0x5,
    0xaf, 0x8c, 0x4, 0x4, 0x3, 0xf2, 0xdf, 0x4a,
    0x3, 0x80, 0x7f, 0x2d, 0x7d, 0x20, 0x25, 0x7a,
    0x1, 0x83, 0x80, 0xad, 0x7d, 0x28, 0x14, 0x75,
    0xa8, 0x4, 0x20, 0x21, 0xf4, 0xa0, 0x2f, 0xba,
    0x71, 0x0, 0xc2, 0x0, 0x30, 0x70, 0x6b, 0xe8,
    0x20, 0xf, 0x88, 0x0, 0x21, 0x1f, 0x28, 0x1,
    0xfe, 0xa0, 0x30, 0x0, 0x80, 0x7f, 0x77, 0xfc,
    0xc1, 0x40, 0x1f, 0xfc, 0x7, 0x0, 0x89, 0xd8,
    0x3, 0xff, 0x81, 0x3f, 0xf6, 0xc0, 0x0,

    /* U+4E66 "书" */
    0x0, 0xf8, 0x6a, 0x80, 0x1f, 0xfc, 0x75, 0x50,
    0x7, 0x5e, 0x10, 0x7, 0xff, 0x14, 0x5c, 0xf5,
    0xc0, 0x3f, 0xf8, 0x83, 0x90, 0x11, 0x80, 0x5,
    0xff, 0xee, 0x0, 0x7f, 0xfa, 0x70, 0x98, 0x0,
    0x60, 0x1f, 0xfc, 0x33, 0xca, 0x0, 0x37, 0xff,
    0x68, 0x3, 0xbf, 0xec, 0x0, 0x84, 0x3, 0xf8,
    0xc0, 0x2, 0x1, 0x8, 0x7, 0xff, 0x92, 0xbf,
    0xfd, 0xc0, 0xf, 0xfd, 0xa0, 0x3f, 0xf0, 0x88,
    0x3, 0xff, 0x8e, 0x37, 0xff, 0xee, 0x0, 0x7f,
    0xfd, 0x80, 0x20, 0x1f, 0xfc, 0x67, 0x3, 0x0,
    0xff, 0xe3, 0x10, 0x30, 0x7, 0xff, 0x1b, 0xc0,
    0xc0, 0x3f, 0xf8, 0x22, 0x42, 0x22, 0x70, 0xd0,
    0xf, 0xfe, 0x16, 0xf7, 0x34, 0x44, 0xa0, 0x1f,
    0xfc, 0x11, 0x53, 0x39, 0x70, 0x3, 0xff, 0x87,
    0x59, 0x95, 0x10, 0x7, 0xff, 0x2c,

    /* U+4E8B "事" */
    0x0, 0xfe, 0x89, 0x10, 0xf, 0xfe, 0x33, 0x30,
    0x80, 0x3f, 0x97, 0xff, 0xf0, 0x86, 0x7f, 0xfd,
    0xa0, 0x28, 0x9f, 0x80, 0x2, 0x89, 0xf8, 0x12,
    0xed, 0x33, 0xe0, 0x5, 0xcc, 0xf5, 0x5c, 0x80,
    0x43, 0xbb, 0xe0, 0x5, 0x6e, 0xf7, 0x80, 0x7e,
    0xcc, 0xc0, 0x9, 0xcc, 0xa4, 0x3, 0xfc, 0x89,
    0x80, 0x18, 0x89, 0x78, 0x7, 0xfa, 0x23, 0x0,
    0x16, 0x22, 0x60, 0x30, 0xe, 0x1f, 0xff, 0x8,
    0x67, 0xff, 0x68, 0x7, 0x57, 0xff, 0x84, 0x33,
    0xff, 0xc4, 0x1, 0xbd, 0xdf, 0xc0, 0x4, 0x77,
    0xc2, 0x2, 0x1, 0x96, 0x23, 0xc2, 0x11, 0x1c,
    0x60, 0x1b, 0x7f, 0xff, 0x8, 0x67, 0xfe, 0x20,
    0xcf, 0x55, 0xff, 0x0, 0x9, 0x57, 0x0, 0x9,
    0x5a, 0x2a, 0xbf, 0x8, 0x75, 0x56, 0x20, 0xea,
    0x30, 0x6, 0xff, 0xf8, 0x43, 0x3f, 0xf1, 0x0,
    0x7a, 0x9d, 0xfc, 0x0, 0x47, 0x7c, 0x1, 0xf3,
    0xc4, 0x78, 0x42, 0x62, 0x39, 0xc8, 0x3, 0xe2,
    0xaa, 0x84, 0xc, 0x3, 0x3c, 0x8, 0x7, 0xc4,
    0xea, 0xa2, 0x81, 0x0, 0xff, 0xe1, 0xef, 0xfb,
    0x5c, 0x3, 0xfc,

    /* U+4E8C "二" */
    0x0, 0x22, 0xaf, 0xff, 0xc, 0x3, 0x4d, 0x57,
    0xff, 0xc, 0x40, 0x21, 0x0, 0xff, 0xe3, 0xe7,
    0xff, 0xff, 0xc, 0x40, 0x3f, 0xff, 0xe0, 0x1f,
    0xff, 0xf0, 0xf, 0xfe, 0x9a, 0x33, 0x7f, 0xf1,
    0xfa, 0x67, 0xff, 0x8d, 0x0, 0x1f, 0xfc, 0x80,

    /* U+4E8E "于" */
    0x0, 0x8, 0xff, 0xf1, 0x0, 0x25, 0xee, 0xff,
    0xe2, 0x20, 0x7, 0xff, 0x29, 0x7f, 0xfe, 0x10,
    0xbf, 0xff, 0x20, 0x7, 0xff, 0xfc, 0x3, 0xdb,
    0xff, 0xf8, 0x42, 0xff, 0xfe, 0xc3, 0x0, 0xff,
    0xe3, 0xf, 0xee, 0xfe, 0x0, 0x4e, 0xef, 0xd8,
    0x24, 0x5f, 0x84, 0x8, 0xbf, 0x8, 0x7, 0xff,
    0xfc, 0x3, 0xff, 0xa4, 0x23, 0x10, 0x83, 0x80,
    0x7f, 0xf0, 0xf, 0xba, 0xd0, 0x1, 0x0, 0x7f,
    0xf0, 0xc, 0x80, 0x23, 0xa1, 0x0, 0xff, 0xe0,
    0xef, 0x7f, 0xb1, 0x40, 0x3f, 0x80,

    /* U+4E91 "云" */
    0x0, 0x2f, 0xff, 0xff, 0xa, 0x40, 0x3f, 0xf8,
    0xe6, 0x1, 0x97, 0x77, 0xff, 0x85, 0x60, 0x1c,
    0x45, 0xff, 0xc2, 0x10, 0xf, 0xfe, 0xf6, 0x7f,
    0xff, 0xf1, 0xb8, 0x40, 0x3f, 0xf8, 0xff, 0x99,
    0xca, 0x0, 0x6c, 0xcf, 0xf1, 0x19, 0xe2, 0x50,
    0x39, 0x33, 0xfe, 0x20, 0xe, 0x80, 0x7, 0x80,
    0x45, 0x5a, 0x1, 0xfc, 0x6c, 0xe, 0x60, 0x11,
    0xa9, 0x48, 0x7, 0xee, 0x2, 0x80, 0xc, 0x34,
    0xc, 0x80, 0x1e, 0x92, 0xf, 0x0, 0xf2, 0xa8,
    0x28, 0x40, 0x33, 0x30, 0x24, 0x80, 0x48, 0xd1,
    0x9c, 0xc0, 0x6c, 0x2, 0x69, 0x0, 0x47, 0xfb,
    0xb7, 0x2e, 0x61, 0x80, 0xa, 0x80, 0x3, 0x0,
    0x84, 0x3, 0x9, 0xa2, 0xb4, 0x0, 0x28, 0x0,
    0xa0, 0xf1, 0x57, 0xbd, 0xfd, 0x97, 0x52, 0xfa,
    0x2, 0x80, 0xf, 0x87, 0x54, 0x21, 0x0, 0xf8,
    0xa3, 0x50,

    /* U+4E94 "五" */
    0x4, 0xbb, 0xff, 0xe2, 0x20, 0x0, 0x91, 0x3f,
    0xf8, 0x84, 0x0, 0x4a, 0xae, 0x50, 0x5, 0x57,
    0xe4, 0x0, 0x12, 0xaf, 0x68, 0x12, 0xaf, 0xe2,
    0x0, 0xfd, 0xc0, 0xe0, 0x1f, 0xfc, 0x52, 0x2,
    0x0, 0xff, 0xe0, 0x88, 0xe4, 0xf, 0x11, 0xc6,
    0x20, 0x1e, 0x3e, 0xec, 0x0, 0x8e, 0xed, 0x9c,
    0x60, 0x1f, 0xfc, 0x71, 0x0, 0xe3, 0xff, 0xa8,
    0x7, 0xff, 0x68, 0x0, 0xc0, 0x3f, 0xb4, 0x14,
    0x3, 0x8, 0x0, 0x40, 0x3f, 0x8c, 0xc, 0x3,
    0x30, 0x8, 0x7, 0xf9, 0x43, 0x80, 0x31, 0x81,
    0x0, 0x7f, 0x84, 0x14, 0x3, 0x70, 0x38, 0x7,
    0xf2, 0x0, 0xc, 0x3, 0x8, 0x10, 0x6, 0x34,
    0x4d, 0xe0, 0x4, 0x4e, 0x60, 0x54, 0x4d, 0x17,
    0x79, 0x0, 0x17, 0x7c, 0x0, 0x3b, 0xba, 0x8c,
    0xff, 0xf8, 0x44, 0x67, 0x94,

    /* U+4E9B "些" */
    0x0, 0xe2, 0x97, 0x0, 0xd3, 0x20, 0xf, 0xfe,
    0x8, 0xb5, 0x0, 0x66, 0x60, 0x80, 0x7f, 0xf3,
    0x50, 0x3, 0xb3, 0xc8, 0x3, 0xfe, 0x6d, 0xb8,
    0x0, 0xfe, 0x2f, 0xf7, 0x0, 0x57, 0xf2, 0x42,
    0x1, 0xff, 0x8, 0x8c, 0x2, 0x50, 0x4a, 0xe8,
    0x0, 0xfe, 0x2e, 0xe6, 0x80, 0x53, 0xf6, 0xa0,
    0x1f, 0xfc, 0x67, 0x0, 0xd0, 0x80, 0x1f, 0xfc,
    0x86, 0xb0, 0xf, 0xc4, 0x8d, 0x2, 0x0, 0x20,
    0x8, 0xc4, 0x40, 0x8, 0x30, 0xcc, 0x0, 0x2e,
    0x5c, 0xc8, 0x33, 0xfe, 0xc0, 0x70, 0x3, 0x80,
    0x4, 0x0, 0x48, 0xd2, 0x5c, 0x62, 0x3c, 0x90,
    0x0, 0x78, 0xac, 0xef, 0xdb, 0x96, 0x3, 0xce,
    0xee, 0xb1, 0x0, 0x43, 0xa0, 0x11, 0x9f, 0xff,
    0x0, 0x80, 0x3c, 0x99, 0x9f, 0xfc, 0x28, 0x0,
    0xf0, 0x99, 0xff, 0xf0, 0xb4, 0x3, 0xc9, 0x99,
    0xff, 0xc2, 0x70, 0xf, 0xfe, 0x78, 0x8f, 0xff,
    0x18, 0x2, 0xde, 0xef, 0xfe, 0x38, 0x7, 0xff,
    0x2c,

    /* U+4EAC "京" */
    0x0, 0xfe, 0x5a, 0x10, 0xf, 0xfe, 0x34, 0x2c,
    0x0, 0x7f, 0xf1, 0xa0, 0x18, 0x80, 0x3f, 0xb7,
    0xff, 0xea, 0x0, 0x6f, 0xff, 0xcc, 0x6, 0x1,
    0xff, 0xc6, 0x10, 0xfe, 0xef, 0xfe, 0x33, 0x80,
    0x88, 0xee, 0xff, 0xf8, 0x42, 0x20, 0xc, 0xca,
    0xbf, 0xfc, 0x20, 0xf, 0xc5, 0xbb, 0xfd, 0x40,
    0x1f, 0xf1, 0x17, 0xf3, 0x0, 0x7f, 0xf4, 0xcb,
    0x33, 0xfb, 0x80, 0x3f, 0xe3, 0x3f, 0xe2, 0x0,
    0xfc, 0x9f, 0xfd, 0x60, 0xf, 0xff, 0x0, 0x7c,
    0x88, 0x0, 0x9c, 0x3, 0x89, 0x80, 0x3e, 0x1a,
    0xb7, 0x0, 0xf8, 0x76, 0x58, 0x3, 0xda, 0x26,
    0xe0, 0x1f, 0xc, 0x84, 0xa0, 0x6, 0xa3, 0x1d,
    0x0, 0xfe, 0x66, 0x5, 0x90, 0x2, 0x54, 0x34,
    0x40, 0x27, 0x0, 0xf4, 0x98, 0x78, 0x6, 0xb3,
    0x9, 0xff, 0x58, 0x10, 0x7, 0x68, 0x8c, 0x13,
    0xa8, 0x0, 0xd0, 0x8, 0xe4, 0x3, 0x87, 0x70,
    0x40, 0x4, 0x1, 0x27, 0xfd, 0x88, 0x1, 0xe3,
    0x0, 0x0,

    /* U+4EAE "亮" */
    0x0, 0xfc, 0x95, 0x20, 0x1f, 0xfc, 0x57, 0x56,
    0x30, 0xf, 0xd7, 0x99, 0xf7, 0x80, 0x33, 0x3f,
    0x42, 0x99, 0xfe, 0x0, 0x8c, 0xfe, 0x1e, 0xff,
    0xff, 0xe3, 0x48, 0x5, 0x7f, 0xff, 0xfc, 0xb,
    0x0, 0xfc, 0xb1, 0x1f, 0x94, 0x1c, 0x3, 0xf6,
    0x3b, 0xfe, 0xc0, 0xf, 0xf4, 0xff, 0xfe, 0x90,
    0xf, 0xdd, 0x11, 0xff, 0xc0, 0x90, 0xf, 0x2b,
    0xbf, 0xff, 0x1, 0x40, 0x29, 0xff, 0xff, 0xe3,
    0x28, 0x1, 0x19, 0xbf, 0xf8, 0x44, 0x1, 0xb6,
    0x66, 0xbb, 0x44, 0x6b, 0xb4, 0xcc, 0xc0, 0x1,
    0x11, 0x80, 0x27, 0x75, 0xdd, 0xb7, 0x50, 0x0,
    0x22, 0xc, 0x72, 0x80, 0x8, 0x0, 0xab, 0x80,
    0x3a, 0x75, 0x0, 0x39, 0x42, 0xea, 0xb2, 0x0,
    0x7f, 0xcc, 0x20, 0x80, 0x1f, 0xc7, 0xcc, 0x1,
    0x3c, 0x84, 0x0, 0x70, 0x80, 0x67, 0x1e, 0x6b,
    0xf8, 0x6, 0x70, 0xe, 0x30, 0x7c, 0xc5, 0x6,
    0x92, 0x2, 0x5c, 0x80, 0x7a, 0xc8, 0xc, 0xc2,
    0x8a, 0x97, 0xf6, 0x80, 0x1f, 0x16, 0xff, 0xeb,
    0x0,

    /* U+4EBA "人" */
    0x0, 0xfe, 0x28, 0x80, 0x7, 0xff, 0x1d, 0xde,
    0x0, 0xff, 0xee, 0x90, 0x7, 0xff, 0x7f, 0x80,
    0x4, 0x1, 0xff, 0xc6, 0x20, 0x3, 0x80, 0x7f,
    0xf1, 0x94, 0x1, 0x80, 0x1f, 0xfc, 0x52, 0x10,
    0x3, 0x80, 0x7f, 0xf1, 0x50, 0x4, 0x63, 0x0,
    0xff, 0xe2, 0x50, 0x23, 0x85, 0x0, 0x7f, 0xf0,
    0xc8, 0xc3, 0xb4, 0x18, 0x40, 0x3f, 0xf8, 0x50,
    0x4, 0x88, 0x20, 0x80, 0xf, 0xfe, 0x9, 0xa8,
    0x58, 0x2, 0x1, 0x88, 0x3, 0xff, 0x81, 0xc0,
    0x4c, 0x0, 0x53, 0xf, 0x0, 0xff, 0xa8, 0x83,
    0x80, 0x37, 0x1, 0x58, 0x7, 0xf4, 0xa8, 0x39,
    0x80, 0x62, 0x90, 0x4a, 0x0, 0xfa, 0x98, 0x16,
    0x0, 0x3c, 0xce, 0xb, 0xa4, 0x1, 0x2f, 0x28,
    0x2d, 0x0, 0x7e, 0x88, 0x1, 0x6c, 0x88, 0x70,
    0x84, 0x50, 0x7, 0xf9, 0xec, 0x40, 0x84, 0x2d,
    0xf5, 0xc0, 0x3f, 0xf8, 0x9, 0xd1, 0x40,

    /* U+4EC0 "什" */
    0x0, 0xf2, 0x80, 0x79, 0x10, 0x20, 0x1f, 0xe6,
    0xab, 0x0, 0xea, 0xb5, 0x0, 0xff, 0x58, 0x70,
    0x7, 0xff, 0x15, 0x48, 0x8a, 0x1, 0xff, 0xc5,
    0x80, 0xb0, 0xf, 0xfe, 0x2c, 0x10, 0x30, 0x7,
    0xff, 0x10, 0x9c, 0x3, 0xff, 0x8f, 0xc0, 0x18,
    0x47, 0xe0, 0x21, 0x1e, 0xa, 0x30, 0xd, 0x9d,
    0xdc, 0x0, 0x9e, 0xee, 0x15, 0x9, 0x0, 0xff,
    0xe2, 0x8b, 0x3b, 0x80, 0x2d, 0xff, 0xe1, 0xb,
    0xff, 0xe0, 0x98, 0x0, 0xff, 0xff, 0x80, 0x7f,
    0xff, 0xc0, 0x3f, 0xfe, 0x3, 0xfe, 0x0, 0xfb,
    0xbd, 0x0, 0x38,

    /* U+4EC5 "仅" */
    0x0, 0xf1, 0x0, 0x7f, 0xf2, 0xb, 0x74, 0x20,
    0x1f, 0xfc, 0x68, 0x1, 0x10, 0x7, 0xf0, 0x80,
    0x7c, 0x2a, 0x13, 0xdf, 0xff, 0xdd, 0xc2, 0x0,
    0xeb, 0x3, 0x53, 0x0, 0x8, 0xf8, 0x0, 0x24,
    0x1, 0x91, 0x42, 0x3, 0xc0, 0xbb, 0xbd, 0x80,
    0x40, 0x18, 0x68, 0x0, 0x80, 0x42, 0x42, 0x1,
    0xc8, 0x8, 0x1, 0xa8, 0x40, 0x39, 0xc1, 0xc0,
    0x3a, 0xc3, 0x0, 0x28, 0x40, 0xf, 0x60, 0x68,
    0x6, 0x23, 0x5, 0x0, 0x2b, 0x82, 0x80, 0x72,
    0x8a, 0x10, 0x5, 0x40, 0xa0, 0x12, 0x8a, 0x58,
    0x7, 0x9c, 0x28, 0x2, 0x70, 0xe0, 0xd, 0x56,
    0x1, 0xf5, 0x83, 0x88, 0x38, 0x1a, 0x0, 0x64,
    0x0, 0xfc, 0x4a, 0x16, 0x50, 0x12, 0x1, 0xff,
    0xc3, 0x80, 0x5d, 0x4, 0x50, 0xf, 0xfe, 0x19,
    0x38, 0x5, 0x40, 0x1f, 0xfc, 0x91, 0x0, 0xff,
    0xe2, 0x4b, 0x80, 0x58, 0x40, 0x1f, 0xfc, 0x12,
    0xc6, 0x9, 0xc1, 0x3c, 0x40, 0xf, 0xf0, 0xc6,
    0x98, 0xdb, 0x1f, 0x98, 0xde, 0x20, 0x7, 0xc3,
    0xce, 0xb, 0xe8, 0x0, 0x1c, 0x70, 0x3b, 0x20,
    0xf, 0xc, 0x26, 0x50, 0x80, 0x74, 0x73, 0x49,
    0x0, 0x43, 0xfe, 0x7, 0xb3, 0x0, 0xfc, 0x32,
    0xc0,

    /* U+4ECA "今" */
    0x0, 0xff, 0x44, 0x4, 0x3, 0xff, 0x8c, 0xae,
    0xe8, 0x0, 0xff, 0xe2, 0xa5, 0x0, 0x1c, 0x80,
    0x3f, 0xf8, 0x69, 0x60, 0x6a, 0x3a, 0x80, 0x1f,
    0xfc, 0x16, 0xb0, 0x2d, 0xa5, 0xb, 0x70, 0xf,
    0xfa, 0xa4, 0xf, 0x4, 0x29, 0xc2, 0x30, 0x80,
    0x3e, 0x5e, 0x50, 0x5c, 0x86, 0x0, 0x44, 0x81,
    0xeb, 0x80, 0x64, 0xca, 0x10, 0x9a, 0x36, 0x9a,
    0x0, 0x36, 0x10, 0x47, 0x38, 0xd, 0x18, 0x1e,
    0xb0, 0x1e, 0xa, 0xe9, 0x1, 0xeb, 0x0, 0xe0,
    0xe, 0x95, 0x61, 0x0, 0x47, 0xe4, 0x4f, 0x0,
    0xa7, 0x16, 0x80, 0x7, 0xaa, 0x1, 0xe1, 0xc4,
    0xe0, 0xc, 0x74, 0x20, 0x1a, 0x3f, 0xfe, 0xe4,
    0xcf, 0xfd, 0x20, 0x1e, 0x10, 0xf, 0xfe, 0x10,
    0x80, 0x7a, 0x37, 0x7f, 0xd8, 0x0, 0x38, 0x0,
    0xf0, 0x91, 0x7f, 0xa0, 0x7, 0x40, 0x3f, 0xf8,
    0xb0, 0x81, 0x42, 0x1, 0xff, 0xc4, 0x57, 0x8,
    0x40, 0xf, 0xfe, 0x21, 0xd0, 0x23, 0x80, 0x7f,
    0xf1, 0x7, 0x40, 0xac, 0x3, 0xff, 0x8b, 0xa2,
    0x1e, 0x1, 0xff, 0xc6, 0xd7, 0xb2, 0x0, 0xfc,

    /* U+4ECE "从" */
    0x0, 0xf0, 0x88, 0x3, 0xc4, 0x20, 0x1f, 0xf3,
    0xf6, 0x0, 0x7b, 0x79, 0x40, 0x3f, 0xde, 0x2,
    0x1, 0xf8, 0x40, 0x3f, 0xf8, 0xe, 0x1, 0xc2,
    0x0, 0x60, 0xf, 0xf0, 0x80, 0x80, 0x71, 0x0,
    0xc, 0x3, 0xfc, 0x40, 0x40, 0x1c, 0xe0, 0x1,
    0x0, 0xff, 0x38, 0x78, 0x7, 0x10, 0x8, 0x7,
    0xfc, 0x40, 0x40, 0x1d, 0xc0, 0x1f, 0xfc, 0x11,
    0xa, 0x0, 0xe3, 0x1, 0x0, 0xff, 0x10, 0x5,
    0x20, 0x19, 0x40, 0x3f, 0xf8, 0xe, 0x1, 0x32,
    0x80, 0x4, 0x40, 0x4, 0x0, 0xfe, 0xd0, 0x48,
    0xb, 0x10, 0x50, 0xb, 0x80, 0x3f, 0x90, 0xd,
    0xcc, 0x68, 0x34, 0x8, 0x14, 0x40, 0x3e, 0x13,
    0xc, 0xe, 0x4, 0x43, 0x5, 0x20, 0x38, 0x7,
    0xc8, 0x0, 0x40, 0x27, 0x32, 0x0, 0x2f, 0x4,
    0x8, 0x7, 0xa4, 0x10, 0x2, 0x9d, 0xb0, 0x32,
    0x51, 0x14, 0x0, 0x71, 0x98, 0x3c, 0x2, 0x17,
    0x20, 0x80, 0x4, 0x3, 0x18, 0x6, 0xf0, 0x24,
    0x0, 0x8a, 0x0, 0xd0, 0x0, 0xc6, 0x1a, 0x40,
    0x8, 0x30, 0xb0, 0x8, 0xb0, 0x43, 0x80, 0x37,
    0x0, 0xe8, 0x81, 0x82, 0x30, 0x4, 0xe2, 0x12,
    0x40, 0x18, 0xac, 0x1c, 0x42, 0xe2, 0x80, 0x32,
    0xec, 0xb0, 0x7, 0x93, 0x20, 0x0,

    /* U+4ED3 "仓" */
    0x0, 0xff, 0x2c, 0x8, 0x7, 0xff, 0x18, 0x69,
    0xe8, 0x3, 0xff, 0x8d, 0xa0, 0x5, 0x10, 0xf,
    0xfe, 0x25, 0x98, 0x10, 0xe0, 0x80, 0x7f, 0xf0,
    0x47, 0x10, 0x33, 0x50, 0xbd, 0x0, 0x3f, 0xe3,
    0xf3, 0xb, 0x30, 0xb5, 0x1b, 0x80, 0xf, 0xe8,
    0xc1, 0x16, 0x20, 0x5, 0x50, 0xf, 0xca, 0x1,
    0xcd, 0xce, 0x9, 0xe6, 0x1, 0xcf, 0x84, 0x35,
    0x8a, 0x5, 0xd2, 0x20, 0x4, 0xef, 0xff, 0xb0,
    0x98, 0xe, 0x94, 0x98, 0x1a, 0xc0, 0x3f, 0xf8,
    0x11, 0xcc, 0xc5, 0x8, 0xd9, 0x60, 0x7, 0x7f,
    0xfb, 0x40, 0x2, 0x29, 0x90, 0x4, 0x40, 0x18,
    0x40, 0x3f, 0xfa, 0xc, 0x2, 0x1, 0xff, 0xc7,
    0xc0, 0x50, 0xf, 0xfe, 0x27, 0x7f, 0x38, 0x60,
    0x7, 0xff, 0x11, 0xc8, 0xcc, 0xef, 0x28, 0x7,
    0xff, 0xa, 0x77, 0x59, 0x1, 0x94, 0xc0, 0x1f,
    0xfc, 0x75, 0x2, 0x0, 0xf1, 0x80, 0x18, 0x47,
    0xf3, 0x88, 0x28, 0x7, 0x84, 0xc2, 0x7b, 0xbf,
    0x40, 0x28, 0x80, 0x7d, 0xaa, 0x20, 0x1f, 0x85,
    0xa8, 0x2,

    /* U+4EE3 "代" */
    0x0, 0xff, 0xe8, 0x6e, 0x8c, 0x0, 0x7f, 0xa0,
    0x33, 0x60, 0x1f, 0xc8, 0x46, 0x60, 0xc, 0x60,
    0x2a, 0x98, 0x1, 0xfa, 0x41, 0x80, 0x21, 0x0,
    0xd8, 0x66, 0xb0, 0xf, 0x39, 0xc, 0x0, 0x46,
    0x2, 0x1, 0x69, 0x22, 0x0, 0x31, 0x40, 0x38,
    0x6, 0x10, 0xe, 0x1f, 0xc4, 0x0, 0xde, 0x0,
    0xa0, 0xf, 0x88, 0x4, 0xdd, 0x18, 0x2, 0xa2,
    0x0, 0xe2, 0x46, 0x0, 0x6f, 0xf6, 0x54, 0x58,
    0x2, 0x14, 0x3, 0x5f, 0xed, 0xc8, 0x7, 0x12,
    0xbd, 0x83, 0xb8, 0x1c, 0x40, 0x2, 0x4, 0x8c,
    0x0, 0x5e, 0xfd, 0xa8, 0x60, 0x30, 0x58, 0x0,
    0xab, 0xf6, 0xe5, 0xc0, 0xc4, 0x3, 0xc9, 0x34,
    0x1, 0xfd, 0xa0, 0xa0, 0x1f, 0x98, 0x3, 0xfc,
    0xc0, 0x60, 0x1f, 0xfc, 0x73, 0x0, 0x18, 0x7,
    0xff, 0x1d, 0x1, 0x0, 0x3f, 0xf8, 0xf8, 0x16,
    0x1, 0x3b, 0x80, 0x3f, 0xf8, 0x4c, 0x6, 0x80,
    0xe, 0x83, 0x0, 0xff, 0xe0, 0x8a, 0x4, 0x88,
    0x28, 0x10, 0x7, 0xff, 0xa, 0x40, 0xb2, 0xc,
    0x84, 0x3, 0xff, 0x84, 0x54, 0x4, 0xe1, 0x40,
    0x1f, 0xfc, 0x45, 0xc3, 0x4, 0x70, 0xe, 0xef,
    0x30, 0xf, 0xe3, 0xcf, 0xb0, 0x0,

    /* U+4EE4 "令" */
    0x0, 0xff, 0x90, 0x3, 0xff, 0x90, 0xf7, 0xc2,
    0x1, 0xff, 0xc5, 0x78, 0x1, 0x0, 0xff, 0xe2,
    0xc4, 0x0, 0x2c, 0x30, 0xf, 0xfe, 0x9, 0x63,
    0x84, 0x7a, 0x16, 0x38, 0x7, 0xfc, 0xda, 0x63,
    0x6e, 0x16, 0xe1, 0x18, 0x60, 0x1f, 0x1e, 0x48,
    0x1f, 0x8e, 0x10, 0x45, 0x1, 0xe5, 0x8, 0x4,
    0x97, 0x86, 0xf, 0x83, 0xc7, 0x86, 0xb, 0xc8,
    0xb, 0xd4, 0x61, 0xe8, 0x9, 0xb0, 0x0, 0xb5,
    0x1d, 0x20, 0x1b, 0xa2, 0x5, 0x0, 0x5a, 0xdd,
    0x88, 0x3, 0x52, 0xb, 0x80, 0x4b, 0xb3, 0x46,
    0x0, 0xa4, 0x4f, 0xdd, 0x2, 0x89, 0x30, 0x32,
    0x80, 0x63, 0xbb, 0xfa, 0xa2, 0xef, 0x4e, 0x88,
    0x7, 0x9, 0x9f, 0xfc, 0x1, 0x58, 0x80, 0x71,
    0x66, 0x7f, 0xa8, 0x1, 0xc, 0x1, 0xff, 0x18,
    0x6, 0x69, 0x8, 0x70, 0xf, 0xfa, 0xb2, 0x84,
    0x1a, 0x42, 0x1c, 0x3, 0xff, 0x80, 0x60, 0xbd,
    0xc9, 0x8, 0x70, 0xf, 0xfe, 0xc, 0xe1, 0x0,
    0x82, 0xb8, 0x7, 0xff, 0xc, 0xf5, 0xc0, 0xa,
    0xe0, 0x1f, 0xfc, 0x58, 0xb1, 0x8, 0x60, 0xf,
    0xfe, 0x2a, 0x7a, 0x2b, 0x0, 0x7f, 0xf1, 0x86,
    0xe8, 0x3, 0xe0,

    /* U+4EE5 "以" */
    0x0, 0xff, 0xe1, 0xbd, 0x20, 0x7, 0x6f, 0xb0,
    0x4, 0x60, 0x1e, 0xb5, 0x20, 0xf, 0xf6, 0x61,
    0x40, 0x38, 0x40, 0xc0, 0x3f, 0xd6, 0x14, 0x20,
    0x18, 0xc0, 0x40, 0x3f, 0xce, 0x61, 0x40, 0x18,
    0x41, 0x80, 0x3f, 0xee, 0x4, 0x50, 0x1, 0x0,
    0x8, 0x3, 0xfe, 0x26, 0x9, 0x0, 0x30, 0x8,
    0x7, 0xff, 0x6, 0x1f, 0x0, 0x6, 0xa, 0x1,
    0xff, 0xc1, 0x18, 0x0, 0xb4, 0xc, 0x3, 0xff,
    0x8c, 0x81, 0x80, 0x1f, 0xfc, 0x53, 0x10, 0x50,
    0xf, 0xfe, 0x1, 0x8, 0x5, 0x40, 0x82, 0x1,
    0xfe, 0x3a, 0xd4, 0x0, 0x13, 0x6, 0x80, 0x7f,
    0x7d, 0xe2, 0x81, 0x80, 0x20, 0x1, 0x40, 0x1f,
    0x10, 0x32, 0x3, 0x73, 0x3, 0x28, 0x0, 0xf0,
    0x3, 0xbc, 0x2, 0x5d, 0x91, 0x5, 0x90, 0x5c,
    0x3, 0xb0, 0x8, 0x40, 0x7, 0xb4, 0x40, 0x8,
    0xa0, 0x3a, 0x3b, 0x4, 0xa0, 0x0, 0xc5, 0x61,
    0x0, 0x17, 0x5c, 0x13, 0x40, 0x9, 0x20, 0xae,
    0x0, 0x75, 0x0, 0x8e, 0x88, 0x1e, 0xc4, 0x2,
    0x66, 0x5, 0x0, 0x7c, 0x76, 0x9b, 0x0, 0x1e,
    0x97, 0xd0,

    /* U+4EF6 "件" */
    0x0, 0xe3, 0x10, 0xf, 0x19, 0x80, 0x3f, 0xed,
    0xe3, 0x3, 0x0, 0xe, 0x60, 0x3, 0xfc, 0xc2,
    0x46, 0x39, 0xe0, 0x1f, 0xfc, 0x2b, 0xb, 0x5,
    0x3, 0x0, 0xff, 0xe0, 0xb1, 0x3, 0x6, 0x2,
    0x89, 0x80, 0x4, 0x78, 0x2, 0x19, 0x6, 0x0,
    0x30, 0x37, 0x68, 0x3, 0xbb, 0x78, 0x5, 0x60,
    0xa, 0x4, 0x10, 0xf, 0xf1, 0x80, 0x15, 0x40,
    0x1b, 0xc2, 0x3f, 0xdc, 0x0, 0xff, 0xda, 0x7,
    0x40, 0x19, 0x10, 0xc, 0x1, 0xff, 0x30, 0x19,
    0x80, 0x9, 0x30, 0x20, 0x1f, 0xf2, 0xb6, 0x80,
    0x66, 0x70, 0xf, 0xfe, 0xc, 0x88, 0x4, 0x9f,
    0xfd, 0xc0, 0xf, 0xfe, 0xd0, 0xf, 0xfe, 0x41,
    0x80, 0x79, 0x3b, 0xbb, 0x40, 0x1d, 0xdd, 0xe0,
    0x1f, 0x8, 0xf1, 0x80, 0x4, 0x7c, 0x1, 0xff,
    0xff, 0x0, 0xff, 0xf3, 0x80,

    /* U+4EFD "份" */
    0x0, 0xe5, 0x10, 0xf, 0xfe, 0x39, 0xd7, 0x80,
    0x55, 0x66, 0xb, 0xf0, 0x1, 0xfd, 0x40, 0xe0,
    0x12, 0xa1, 0x3, 0x82, 0x80, 0x7e, 0x16, 0xb,
    0x0, 0x28, 0x18, 0x81, 0x9, 0x10, 0x3, 0xe8,
    0x3, 0x20, 0x4, 0x85, 0x0, 0x4c, 0x16, 0x1,
    0xe2, 0x60, 0x90, 0x2, 0x18, 0xb0, 0x5, 0x40,
    0xc4, 0x1, 0xd2, 0x0, 0x70, 0x5, 0x4, 0x0,
    0x62, 0x40, 0x90, 0xc, 0xc8, 0x1, 0xa8, 0x4d,
    0x80, 0x3a, 0x41, 0x24, 0x0, 0x72, 0x1, 0xa5,
    0x43, 0xc0, 0x3c, 0x70, 0xd, 0x40, 0xa0, 0x62,
    0x0, 0x50, 0x6, 0x7f, 0xfb, 0xa0, 0x1, 0xa0,
    0xc9, 0xc0, 0x17, 0x4b, 0x8, 0x4, 0x23, 0x0,
    0x26, 0x9c, 0x1, 0x64, 0x1, 0x13, 0x4f, 0x58,
    0x1f, 0x74, 0xa0, 0x6a, 0x1, 0xff, 0xc0, 0x30,
    0x50, 0x8, 0x40, 0x40, 0x3f, 0xf8, 0x3a, 0x1e,
    0x1, 0x38, 0x7, 0xff, 0xd, 0x1, 0x0, 0x21,
    0x7, 0x0, 0xff, 0xe0, 0x20, 0x91, 0x0, 0x22,
    0x2, 0x0, 0xff, 0xe0, 0x78, 0x50, 0x7, 0x84,
    0x3, 0xfe, 0x64, 0x17, 0x0, 0x8c, 0x4, 0x3,
    0xfe, 0x69, 0xb, 0x0, 0xd6, 0xa, 0x1, 0xfe,
    0x79, 0x8, 0x50, 0x5f, 0xf3, 0x86, 0x80, 0x7f,
    0x9c, 0xe9, 0xc0, 0xa, 0x44, 0x37, 0x60, 0xf,
    0xbb, 0xc8, 0x31, 0x40, 0x36, 0xeb, 0x20, 0x3,
    0x80,

    /* U+4F18 "优" */
    0x0, 0xe1, 0x0, 0xf0, 0x80, 0x7f, 0xf0, 0x73,
    0xd0, 0x2, 0xfe, 0x10, 0x2a, 0x10, 0xf, 0x8c,
    0x81, 0x0, 0x3e, 0xa5, 0xc1, 0x0, 0xf4, 0x82,
    0x80, 0x78, 0x42, 0x18, 0xb4, 0x3, 0x89, 0x42,
    0x0, 0x3f, 0xa4, 0xcc, 0x80, 0x1a, 0x40, 0x40,
    0xcf, 0x0, 0xc, 0xf4, 0xc9, 0xc8, 0x0, 0x68,
    0x17, 0xd9, 0x98, 0x1, 0x99, 0xaa, 0x73, 0x80,
    0x1c, 0x0, 0x65, 0x33, 0x84, 0x0, 0x67, 0xf2,
    0x84, 0x10, 0x5, 0x39, 0x96, 0x81, 0xe6, 0x7d,
    0x28, 0xe0, 0x1f, 0x9c, 0x1c, 0xc, 0x80, 0x39,
    0x41, 0x8, 0x3, 0xc4, 0x4, 0xb9, 0x20, 0x1c,
    0x31, 0x40, 0x1f, 0x78, 0x78, 0x7, 0xf3, 0x88,
    0x7, 0xca, 0xa, 0x1, 0xff, 0xc6, 0x30, 0x30,
    0xf, 0xfe, 0x2b, 0x2, 0x0, 0x7f, 0xf1, 0xa8,
    0x38, 0x3, 0xe1, 0x0, 0xfe, 0x43, 0x15, 0x0,
    0xfb, 0xe0, 0x3, 0xe1, 0x90, 0xb0, 0xf, 0xc2,
    0xa0, 0x1f, 0x51, 0x22, 0x80, 0x4, 0x3, 0x10,
    0x30, 0x7, 0x3e, 0x21, 0x58, 0x4, 0xe0, 0x9d,
    0xcd, 0xc, 0x0, 0xe7, 0xb4, 0xd0, 0xc, 0x6c,
    0x2, 0x20, 0x36,

    /* U+4F1A "会" */
    0x0, 0xff, 0x13, 0x80, 0x7f, 0xf1, 0xc7, 0x62,
    0x80, 0x3f, 0xf8, 0xa3, 0x80, 0x1, 0x0, 0xff,
    0xe2, 0x1e, 0x10, 0x1, 0x30, 0x40, 0x3f, 0xf8,
    0x2d, 0x84, 0x4e, 0xe2, 0x1f, 0xa8, 0x7, 0xf8,
    0xae, 0x41, 0x34, 0x45, 0x6e, 0x35, 0x86, 0x1,
    0xe1, 0x9d, 0x40, 0x8b, 0x0, 0xd1, 0x62, 0x79,
    0x68, 0x1, 0x4f, 0x30, 0x5, 0x3d, 0xde, 0xa1,
    0x20, 0x4b, 0xd1, 0xe, 0x2, 0xad, 0x1, 0x1f,
    0xc1, 0x3a, 0xc1, 0x62, 0xf, 0x7a, 0xa5, 0xff,
    0xfe, 0x42, 0x9e, 0x60, 0x9, 0x0, 0x3f, 0xf8,
    0x82, 0x1, 0xb7, 0x7e, 0xed, 0xdf, 0xf1, 0x0,
    0x4, 0x8b, 0xe1, 0x22, 0xff, 0x8, 0x0, 0x73,
    0x39, 0x40, 0xb, 0x99, 0x5d, 0xb3, 0x31, 0x80,
    0x46, 0x78, 0x14, 0x1a, 0x8c, 0xc1, 0x52, 0x46,
    0x70, 0x7, 0xc5, 0xa0, 0x92, 0x1, 0x1a, 0x96,
    0x8, 0x7, 0xe2, 0xc1, 0x3b, 0x0, 0xeb, 0x32,
    0xc0, 0xf, 0x97, 0x44, 0x2d, 0xe2, 0x6a, 0xf7,
    0x8c, 0xa, 0xc0, 0x38, 0x68, 0x2, 0x88, 0x3b,
    0x2a, 0x10, 0x80, 0x48, 0xe0, 0x18, 0x40, 0x4,
    0x8a, 0xf1, 0x37, 0x9b, 0xff, 0x48, 0x50, 0x7,
    0x77, 0xed, 0xd4, 0x3b, 0x21, 0x90, 0x4, 0xd3,
    0xa0, 0x0,

    /* U+4F20 "传" */
    0x0, 0xe3, 0x10, 0xe, 0x32, 0x0, 0xff, 0xe0,
    0x6f, 0x20, 0x6, 0xdd, 0x18, 0x7, 0xf9, 0x44,
    0x48, 0x1, 0x10, 0x81, 0x0, 0x7f, 0xa0, 0x21,
    0xff, 0xed, 0x0, 0x77, 0xfe, 0xe0, 0xc, 0xe4,
    0xc, 0x23, 0x80, 0x21, 0x1e, 0x20, 0x8, 0x60,
    0x20, 0x1b, 0xba, 0x10, 0xde, 0xee, 0xc0, 0xa,
    0x80, 0xa, 0x1, 0x8c, 0x44, 0x40, 0x1f, 0x9d,
    0x0, 0x2b, 0xff, 0xb0, 0x7, 0xff, 0xee, 0x58,
    0x0, 0xff, 0xe3, 0xe0, 0x28, 0x80, 0x2f, 0xfd,
    0xc0, 0xe, 0xff, 0xfb, 0xa1, 0x68, 0x3, 0xce,
    0x6, 0x20, 0x1f, 0x86, 0x80, 0x3e, 0xd0, 0x3e,
    0xee, 0xff, 0x30, 0x7, 0xf0, 0xa0, 0x0, 0x47,
    0x80, 0x2, 0x1, 0xfc, 0x3f, 0xdf, 0xfb, 0x44,
    0x15, 0xc0, 0x3f, 0xe1, 0x0, 0xdc, 0x27, 0x40,
    0x1f, 0xfc, 0x1, 0xc5, 0xb, 0x32, 0xd0, 0xf,
    0xfe, 0xc, 0x9d, 0x7a, 0xe, 0x8, 0x7, 0xff,
    0x6, 0x28, 0x2, 0x81, 0x0, 0xff, 0xe1, 0xae,
    0x80, 0x25, 0x80, 0x3f, 0xf8, 0x85, 0xea, 0x12,
    0x40, 0x1f, 0xfc, 0x5a, 0x68, 0x20, 0xf, 0x77,
    0x90, 0x7, 0xf4, 0xb8, 0x6,

    /* U+4F30 "估" */
    0x0, 0xe5, 0x30, 0xe, 0x2a, 0x90, 0xf, 0xf0,
    0xd6, 0x10, 0x6, 0x15, 0x70, 0xf, 0xf4, 0x82,
    0x10, 0x7, 0xff, 0x10, 0x5c, 0x3c, 0x3, 0xff,
    0x8b, 0x0, 0x48, 0x1, 0xff, 0xc4, 0x36, 0x8,
    0xf, 0xfe, 0xc0, 0x1f, 0xff, 0x0, 0x38, 0x0,
    0x80, 0x1f, 0xfc, 0x49, 0x20, 0xd, 0xff, 0xd6,
    0x0, 0xff, 0xf3, 0xb0, 0x7, 0xf9, 0xc0, 0x40,
    0x3f, 0x38, 0x80, 0x7f, 0xf1, 0x5d, 0xa0, 0x3,
    0xff, 0x8f, 0x20, 0x1e, 0xde, 0xeb, 0x0, 0x7b,
    0xb6, 0x0, 0x7f, 0x10, 0x8c, 0x1, 0x8, 0xe2,
    0x0, 0xff, 0xb3, 0xbb, 0xd4, 0x1, 0xff, 0xc1,
    0x11, 0xfc, 0x1, 0xff, 0xeb, 0x10, 0xf, 0x8,
    0x7, 0xff, 0x7, 0x3f, 0xfd, 0x40, 0x1f, 0xfc,
    0x21, 0x1f, 0x0, 0x7f, 0xf0, 0xb7, 0xbb, 0xd8,
    0x6, 0x1, 0xbb, 0xc4, 0x1, 0xfe, 0x20, 0xf,
    0x1f, 0xe8, 0x0,

    /* U+4F4D "位" */
    0x0, 0xff, 0xe8, 0x4a, 0x0, 0x64, 0xc9, 0x0,
    0xff, 0xe0, 0x33, 0x20, 0x3, 0x39, 0xb8, 0x7,
    0xff, 0x2, 0xc2, 0x80, 0x31, 0x88, 0x90, 0x3,
    0xfc, 0xa4, 0x2c, 0x1, 0xce, 0xae, 0x1, 0xfe,
    0xb0, 0x90, 0xde, 0xec, 0xe9, 0xbd, 0xd8, 0xc0,
    0x34, 0x8, 0x38, 0x18, 0x8f, 0xfc, 0x1, 0x8d,
    0xc0, 0x37, 0xf7, 0x7f, 0xc6, 0x0, 0x1e, 0x0,
    0x8, 0x0, 0x4a, 0x10, 0x47, 0x6, 0x50, 0x80,
    0x5a, 0x40, 0x1e, 0x66, 0x78, 0x6, 0x52, 0x50,
    0xf, 0x40, 0x7, 0x38, 0x38, 0x6, 0x20, 0x50,
    0xd, 0x10, 0x50, 0xe, 0x20, 0x20, 0xd, 0xc0,
    0x60, 0x19, 0x1c, 0x3, 0xe3, 0x3, 0x0, 0x8c,
    0x34, 0x3, 0xff, 0x82, 0xc0, 0xa0, 0x12, 0x83,
    0x80, 0x7f, 0xf0, 0x48, 0x38, 0x0, 0x23, 0x10,
    0x7, 0xff, 0x7, 0x80, 0xc0, 0xa, 0xa, 0x1,
    0xff, 0xc2, 0x50, 0x60, 0x1, 0x86, 0x0, 0x7f,
    0xf0, 0x84, 0x48, 0x0, 0xc0, 0x40, 0xf, 0xfe,
    0x0, 0x88, 0xfe, 0x4, 0x48, 0x4, 0x23, 0x0,
    0x7e, 0xce, 0xef, 0x80, 0x1d, 0xd8, 0x40, 0x3e,
    0x70, 0xf, 0xfe, 0x4d, 0xff, 0xff, 0xf0, 0x44,

    /* U+4F4F "住" */
    0x0, 0xf0, 0x80, 0x79, 0x0, 0x3f, 0xf8, 0x2d,
    0xd4, 0x1, 0xb2, 0xdc, 0x3, 0xff, 0x81, 0x61,
    0x80, 0x1a, 0x2, 0x4, 0x3, 0xfc, 0x84, 0x2c,
    0x1, 0x90, 0xc2, 0x40, 0x3f, 0xd0, 0xc, 0x4,
    0x5d, 0x6b, 0x84, 0x58, 0x40, 0x33, 0x18, 0x4b,
    0xee, 0xf4, 0x2d, 0xee, 0xef, 0x0, 0x86, 0x40,
    0x2, 0x22, 0x2e, 0x0, 0x88, 0xb8, 0x2, 0xa0,
    0xc, 0xdb, 0xbc, 0x41, 0x7b, 0xbb, 0x0, 0x10,
    0x80, 0x1f, 0xfc, 0x86, 0x6, 0x0, 0xff, 0xe3,
    0xda, 0xd8, 0x7, 0xff, 0x1d, 0x68, 0x3, 0xaf,
    0xbb, 0x10, 0x5f, 0x76, 0x40, 0xf, 0xe7, 0x11,
    0xc0, 0x10, 0x8e, 0x0, 0xff, 0x67, 0xfe, 0x10,
    0xaf, 0xfc, 0x80, 0x1f, 0xfc, 0x23, 0x1, 0x0,
    0xff, 0xff, 0x80, 0x6f, 0xff, 0x10, 0x5f, 0xff,
    0x18, 0x7, 0xff, 0x25, 0xc0, 0x3e, 0xff, 0xff,
    0xe1, 0x20,

    /* U+4F53 "体" */
    0x0, 0xe1, 0x0, 0xf1, 0xa0, 0x7, 0xff, 0x1,
    0xfa, 0x0, 0x3b, 0xac, 0xc0, 0x3f, 0xea, 0xc,
    0x0, 0xff, 0xe3, 0x19, 0xa, 0x0, 0x7f, 0xf1,
    0xa0, 0x18, 0x48, 0xbc, 0xa, 0x45, 0xc2, 0x1,
    0x1a, 0x5, 0x6e, 0xf8, 0x1, 0x3b, 0xbd, 0x0,
    0x17, 0x80, 0xd, 0x88, 0xb0, 0x7, 0x11, 0x61,
    0x0, 0x31, 0x80, 0x55, 0xbb, 0x78, 0x6, 0x5d,
    0xdd, 0x0, 0x52, 0x1, 0xfa, 0x80, 0x32, 0x88,
    0x7, 0x28, 0x18, 0x80, 0x70, 0xb9, 0x90, 0x30,
    0x48, 0x7, 0x39, 0x70, 0x7, 0xa4, 0x24, 0x1,
    0xa2, 0xe2, 0x1, 0xda, 0x40, 0x1c, 0x2e, 0x4a,
    0x0, 0x78, 0xb, 0x0, 0xff, 0xe0, 0x50, 0x58,
    0x6, 0x61, 0x54, 0x0, 0xff, 0x32, 0x1b, 0x0,
    0x75, 0x85, 0x8, 0x7, 0xe4, 0x90, 0xf0, 0xf,
    0x2a, 0xe, 0x80, 0x7c, 0x96, 0xd, 0x9f, 0xe2,
    0xc, 0xff, 0x10, 0x9e, 0x0, 0x79, 0xc5, 0x60,
    0x3, 0xf7, 0x50, 0x48, 0x7, 0x8f, 0x28, 0x7f,
    0xe2, 0xc, 0xff, 0x3a, 0x6a, 0x80, 0x7c, 0x40,
    0x1f, 0xfc, 0x2, 0x0, 0xff, 0xec, 0x30, 0x80,
    0x7e,

    /* U+4F59 "余" */
    0x0, 0xff, 0x24, 0x0, 0x7f, 0xf1, 0xce, 0xdd,
    0xc0, 0x1f, 0xfc, 0x54, 0xc0, 0x4, 0x20, 0x7,
    0xff, 0xd, 0xac, 0x26, 0x2, 0xd8, 0x3, 0xff,
    0x80, 0x35, 0x21, 0x4c, 0xf2, 0x13, 0x62, 0x1,
    0xfc, 0xbe, 0xa5, 0xaa, 0x0, 0x6b, 0x14, 0xf7,
    0x0, 0xf1, 0xe5, 0xa, 0xe9, 0x0, 0x64, 0xf4,
    0x18, 0xe7, 0x0, 0x15, 0xe1, 0x88, 0x27, 0x75,
    0xfe, 0xee, 0x7a, 0x89, 0xc, 0x7a, 0x13, 0x3,
    0x79, 0x88, 0xe0, 0x0, 0x8e, 0x4d, 0x91, 0x44,
    0x7, 0xec, 0x8e, 0x7f, 0xe0, 0x6, 0x7f, 0xd4,
    0xd, 0xd4, 0x0, 0x22, 0x0, 0x7f, 0x8, 0x7,
    0xc2, 0x1, 0x4e, 0x67, 0xc0, 0xc, 0xcf, 0xc0,
    0x19, 0xc, 0xfe, 0x0, 0x9, 0x9f, 0xc0, 0x1b,
    0xf3, 0x3d, 0x60, 0x9, 0xcc, 0xf8, 0x3, 0x11,
    0x99, 0xdc, 0x66, 0x40, 0x2, 0x19, 0x90, 0x4c,
    0xe0, 0xf, 0x15, 0xd9, 0x40, 0x3d, 0x51, 0x86,
    0x1, 0xf1, 0x60, 0x32, 0x80, 0x7a, 0x90, 0x70,
    0xc0, 0x38, 0xf0, 0x52, 0x40, 0x3f, 0x5a, 0x6,
    0x18, 0x4, 0xd8, 0x29, 0x60, 0x10, 0x80, 0x7a,
    0xd0, 0x34, 0x80, 0x8, 0x2d, 0x60, 0x3f, 0xee,
    0x0, 0x18, 0x6, 0xb2, 0x43, 0x0, 0x17, 0x48,
    0x0, 0x54, 0x0, 0x74, 0x20, 0x1d, 0xb4, 0x20,

    /* U+4F5C "作" */
    0x0, 0xf2, 0x88, 0x4, 0x22, 0x0, 0xff, 0xe1,
    0x25, 0x78, 0x5, 0x7d, 0x0, 0x1f, 0xfc, 0x1f,
    0x6, 0x0, 0xa, 0x85, 0x80, 0x7f, 0xf0, 0xd,
    0x2, 0x40, 0xc, 0x6, 0x60, 0xf, 0xfe, 0x7,
    0x82, 0x88, 0x2, 0x0, 0xff, 0xff, 0x38, 0x4,
    0xc6, 0x10, 0x0, 0x80, 0xf, 0xfb, 0xc0, 0x3,
    0x20, 0x2, 0x1, 0x70, 0xab, 0x0, 0x77, 0x7a,
    0x0, 0x14, 0x1, 0xd4, 0x8, 0xae, 0x2, 0x3f,
    0x0, 0x21, 0x0, 0x34, 0x20, 0x48, 0x4, 0x20,
    0x1f, 0x98, 0x10, 0x2, 0x30, 0x92, 0x0, 0xdf,
    0xfe, 0x0, 0x42, 0x48, 0x5, 0x74, 0xc0, 0x1c,
    0x45, 0xe0, 0x3, 0x58, 0x7, 0x28, 0x7, 0xe,
    0xef, 0x80, 0x3f, 0xfb, 0x22, 0x3f, 0x0, 0x7f,
    0xf1, 0x3b, 0xbc, 0x80, 0x1f, 0xfc, 0x31, 0x1f,
    0x0, 0x7f, 0xf0, 0xc7, 0xbb, 0xc8, 0x1, 0xff,
    0xff, 0x0, 0xff, 0xe0, 0x80,

    /* U+4F60 "你" */
    0x0, 0xe8, 0x50, 0x1, 0x42, 0x0, 0x7f, 0xf0,
    0x8d, 0xe8, 0x41, 0x5f, 0xc0, 0x3f, 0xf8, 0x52,
    0xc, 0x21, 0x61, 0xa0, 0x1f, 0xfc, 0x11, 0x50,
    0xb0, 0x13, 0x7, 0x0, 0xff, 0xe0, 0xd0, 0x21,
    0x4, 0x80, 0x2e, 0xab, 0xef, 0x80, 0x9, 0x10,
    0x10, 0x0, 0x60, 0x2, 0xaf, 0xe0, 0x60, 0xa,
    0x40, 0x4, 0xc, 0x21, 0x77, 0x0, 0x2a, 0xec,
    0xe0, 0xa0, 0xa, 0x20, 0x8, 0x60, 0x25, 0x12,
    0x0, 0x22, 0x5c, 0x6, 0x10, 0xa0, 0x1a, 0x4,
    0x98, 0x3, 0xf7, 0x86, 0x80, 0x83, 0x8, 0x2,
    0x57, 0x80, 0x3f, 0xb6, 0x50, 0x21, 0x24, 0x3,
    0x51, 0xde, 0x98, 0x6, 0x5f, 0xd6, 0x10, 0x1b,
    0x0, 0xf9, 0x8, 0x80, 0x19, 0xc1, 0x84, 0x3,
    0xfc, 0xa0, 0x42, 0x1, 0x89, 0x1, 0x80, 0x3f,
    0xde, 0x14, 0x1, 0xee, 0xa, 0x0, 0xfe, 0x25,
    0x6, 0x0, 0xf2, 0x81, 0x10, 0x3, 0xf5, 0x82,
    0x88, 0x7, 0xc8, 0xa, 0x1, 0xf1, 0xb0, 0x48,
    0x7, 0xec, 0xc, 0x0, 0xf8, 0xe1, 0x8c, 0x3,
    0xf2, 0x23, 0x80, 0x3f, 0x3c, 0x80, 0x4, 0x40,
    0x1c, 0x76, 0xa0, 0x1f, 0xf2, 0xf7, 0x0, 0x2,
    0x1, 0xfc, 0x60, 0x1e, 0x50, 0x1, 0xd8, 0x7,
    0xc0,

    /* U+4F7F "使" */
    0x0, 0xf2, 0x0, 0x78, 0xcc, 0x1, 0xff, 0xc0,
    0x4b, 0xd0, 0xe, 0xdc, 0x20, 0xf, 0xfa, 0x2,
    0x80, 0x38, 0x40, 0x40, 0x3f, 0xc8, 0x63, 0x5f,
    0xfc, 0x0, 0xcf, 0xfe, 0x40, 0x8, 0x68, 0x25,
    0xc4, 0x78, 0x2, 0x11, 0xe7, 0x0, 0xac, 0x41,
    0xeb, 0xbb, 0x84, 0x37, 0xbb, 0x8c, 0x0, 0xaa,
    0x0, 0xd7, 0x7c, 0x21, 0xf7, 0x7a, 0x80, 0x7,
    0x40, 0x1, 0x1, 0x44, 0xe0, 0x1, 0x22, 0x70,
    0x16, 0x0, 0x7c, 0x5f, 0xf0, 0x3, 0x3f, 0xdc,
    0x1, 0x10, 0x8a, 0xc0, 0x3f, 0x84, 0x4, 0x3,
    0xe8, 0xd6, 0x0, 0xff, 0xe3, 0xb1, 0x80, 0x78,
    0xbf, 0xe1, 0xd, 0xff, 0x70, 0x7, 0xf8, 0x4c,
    0xf1, 0x0, 0xc, 0xf9, 0x40, 0x3f, 0xad, 0xf3,
    0x1c, 0x3, 0x99, 0xd6, 0x1, 0xfd, 0xe9, 0x40,
    0xa0, 0xa0, 0x1f, 0xfc, 0x38, 0x45, 0xab, 0xe,
    0x0, 0xff, 0xe2, 0x5a, 0x29, 0x2, 0x80, 0x7f,
    0xf1, 0x48, 0x2, 0xc5, 0x0, 0xff, 0xe0, 0x8b,
    0xf3, 0x3, 0x19, 0xab, 0xed, 0xd0, 0x40, 0x3e,
    0x3e, 0x81, 0x3c, 0x9c, 0xb5, 0x4, 0x8b, 0xe4,
    0x0, 0xf1, 0xba, 0x5e, 0x18, 0x1, 0x2b, 0xed,
    0xd1, 0x20,

    /* U+4F8B "例" */
    0x0, 0xca, 0x60, 0x1f, 0xfc, 0x1, 0x64, 0x0,
    0xd5, 0x88, 0xef, 0xf0, 0x6, 0x29, 0x80, 0x9,
    0x1, 0x72, 0x23, 0xe1, 0x18, 0x3, 0xee, 0xf,
    0xc7, 0x0, 0x9d, 0xe0, 0xee, 0x0, 0x7c, 0xa0,
    0xa9, 0x8, 0x19, 0x11, 0x8, 0x7, 0xe7, 0x0,
    0xe5, 0x3, 0x0, 0xff, 0xe0, 0x40, 0x6, 0x21,
    0x9, 0xad, 0x40, 0xf, 0xd0, 0x0, 0x20, 0x5,
    0x0, 0x19, 0x4b, 0x80, 0x3e, 0x27, 0x0, 0xe5,
    0x7, 0xa4, 0x2, 0x0, 0xf8, 0x85, 0x40, 0x23,
    0x22, 0x42, 0x98, 0x70, 0x7, 0xe8, 0x80, 0x5,
    0x21, 0x60, 0x3, 0x5, 0x0, 0xfc, 0xc6, 0x0,
    0x35, 0x15, 0x20, 0x40, 0x30, 0xf, 0xfe, 0x14,
    0xee, 0xa0, 0x10, 0x3, 0xff, 0x82, 0x7a, 0xf2,
    0xe, 0x18, 0x1, 0xff, 0xc2, 0x20, 0x79, 0x0,
    0x30, 0x7, 0xff, 0x14, 0x41, 0x4, 0x1, 0x54,
    0x0, 0xff, 0xe0, 0xc, 0x4, 0x0, 0x4a, 0xa0,
    0xf, 0xfe, 0x5, 0x2, 0x98, 0x7, 0xff, 0x12,
    0x50, 0x6c, 0x3, 0xe7, 0x7, 0x0, 0xf4, 0x30,
    0x68, 0x80, 0x6a, 0xff, 0x58, 0x10, 0x7, 0xa4,
    0xac, 0xc0, 0x3b, 0x80, 0x2, 0xb0, 0x0, 0x1e,
    0xc0, 0x1d, 0x40, 0xf, 0x27, 0xfb, 0xa8, 0x40,

    /* U+4F9B "供" */
    0x0, 0xe5, 0x30, 0x9, 0x94, 0x3, 0x32, 0x80,
    0x7e, 0x1a, 0xc3, 0x2, 0x9b, 0x0, 0x86, 0x6c,
    0x3, 0xf3, 0x1, 0x18, 0x7, 0xff, 0x1a, 0x42,
    0xc0, 0x3f, 0xf8, 0xd0, 0x20, 0xc0, 0x18, 0x40,
    0x23, 0x1, 0x0, 0xf1, 0x38, 0x38, 0x67, 0xe8,
    0x3, 0xfe, 0xd0, 0x7, 0xfc, 0x1, 0x48, 0x2,
    0xc1, 0xc0, 0x3f, 0xf8, 0x2, 0x0, 0x74, 0x0,
    0xd7, 0xfa, 0x3, 0xff, 0x70, 0xf, 0xfb, 0x81,
    0x60, 0x3, 0xff, 0x91, 0xa0, 0x84, 0x1, 0xff,
    0xc6, 0x83, 0xb0, 0xf, 0xfe, 0x46, 0x0, 0x70,
    0x8c, 0x2, 0x38, 0xc0, 0x47, 0x0, 0x7c, 0xbd,
    0xcc, 0x0, 0x77, 0x5a, 0x0, 0xee, 0x88, 0x3,
    0xc2, 0x1, 0xff, 0xc9, 0x4f, 0xff, 0xfe, 0x11,
    0x0, 0x7f, 0xae, 0x44, 0x2, 0x87, 0x0, 0xff,
    0xe0, 0xc2, 0x20, 0x40, 0x4, 0xf0, 0xc0, 0x1f,
    0xf2, 0xb8, 0x70, 0x4, 0x56, 0x12, 0x80, 0x1f,
    0xcb, 0x41, 0x26, 0x1, 0x92, 0x2, 0x84, 0x3,
    0xe4, 0xa0, 0x76, 0x0, 0xf3, 0xa0, 0xd0, 0x7,
    0xc9, 0xf, 0x0, 0x1f, 0xa4, 0xe0, 0x3, 0x6f,
    0x98, 0x3c, 0x0, 0x7f, 0x16, 0x18, 0x0,

    /* U+4F9D "依" */
    0x0, 0xe7, 0x70, 0x80, 0x66, 0x90, 0xf, 0xfe,
    0xc, 0x40, 0x80, 0x35, 0xb2, 0x80, 0x7f, 0xcc,
    0x6, 0x60, 0xd, 0x61, 0x0, 0x1f, 0xf4, 0x4,
    0x80, 0x73, 0x0, 0x4, 0x3, 0xf9, 0xc4, 0x1,
    0xbb, 0xe0, 0x6, 0x6e, 0xeb, 0x0, 0x8a, 0x2,
    0xc, 0x8b, 0xc0, 0x45, 0xe5, 0x0, 0xa4, 0x0,
    0xcc, 0xdd, 0xc4, 0x0, 0xbd, 0xde, 0xf0, 0x3,
    0xa0, 0x6, 0x22, 0xa8, 0x80, 0x4, 0x5e, 0x10,
    0x48, 0x0, 0xf9, 0x9c, 0x14, 0x34, 0x2, 0x19,
    0x0, 0x38, 0x18, 0x80, 0x67, 0x90, 0x7a, 0x4,
    0x0, 0xe, 0xb5, 0x81, 0xb6, 0x80, 0x67, 0x80,
    0x4, 0x2, 0x83, 0x96, 0x19, 0x48, 0x2, 0x44,
    0x0, 0x75, 0x0, 0x3, 0x0, 0x70, 0x46, 0x92,
    0x69, 0x0, 0x7b, 0xd4, 0x4, 0x3, 0x20, 0x80,
    0x22, 0xc0, 0x3f, 0x71, 0x45, 0x0, 0x74, 0x0,
    0x1c, 0x3, 0xf8, 0xb5, 0xc0, 0x3c, 0xc2, 0xe,
    0x1, 0xff, 0xc7, 0xb0, 0x83, 0x0, 0xff, 0xe2,
    0x8a, 0xa0, 0x68, 0x80, 0x7f, 0xf0, 0x52, 0x7a,
    0xc2, 0x84, 0x58, 0x40, 0x1f, 0xdc, 0x7, 0x6c,
    0x26, 0x3, 0xa0, 0x5a, 0x40, 0x1f, 0x12, 0x80,
    0xe, 0x7a, 0x40, 0x7, 0x82, 0xc4, 0x1, 0xf1,
    0x3, 0x6e, 0x30, 0x80, 0x63, 0xf9, 0x0, 0xdd,
    0xe2, 0x0, 0xf9, 0x20, 0xf, 0xc2, 0x0,

    /* U+4FA7 "侧" */
    0x0, 0xc6, 0x1, 0xff, 0xc2, 0x21, 0x0, 0x8b,
    0x2c, 0x3, 0xff, 0x80, 0x3b, 0x60, 0x12, 0x86,
    0x57, 0xff, 0xc2, 0x48, 0x1, 0xf6, 0x2, 0x80,
    0x1d, 0xf1, 0x0, 0x2a, 0xc4, 0x3, 0x85, 0x4,
    0x80, 0x11, 0x35, 0xe, 0x1, 0xfe, 0x60, 0x10,
    0xd, 0x1a, 0x1, 0xff, 0xc0, 0x90, 0x40, 0xf,
    0xfe, 0x2a, 0x8, 0x10, 0x7, 0xff, 0x16, 0x40,
    0x3f, 0xf8, 0xe8, 0x44, 0x0, 0xff, 0xe3, 0x21,
    0x48, 0x7, 0xff, 0x1f, 0x14, 0x3, 0xff, 0x8e,
    0x20, 0x1f, 0x84, 0x3, 0xff, 0x8e, 0x60, 0x1f,
    0xfc, 0x81, 0x20, 0xf, 0xfe, 0x3a, 0xb0, 0x18,
    0x80, 0x7f, 0xf0, 0x6b, 0xcc, 0x75, 0xa7, 0x86,
    0x38, 0x40, 0x3f, 0xe8, 0x3, 0x9b, 0x0, 0x84,
    0x3, 0xfe, 0x84, 0x74, 0x94, 0x80, 0xf, 0xfe,
    0x0, 0xd3, 0xa4, 0x3, 0x2b, 0xa0, 0x4e, 0x60,
    0xc, 0x3, 0x84, 0x4d, 0x60, 0x15, 0xaa, 0x80,
    0x4c, 0x8e, 0xc0, 0x3, 0xf2, 0x17, 0x20, 0x18,
    0x68, 0x42, 0x3f, 0xd8, 0x40,

    /* U+4FBF "便" */
    0x0, 0xe7, 0x40, 0xf, 0xfe, 0x39, 0x45, 0xc4,
    0x7f, 0xf0, 0x54, 0x3, 0xac, 0x19, 0x8e, 0xff,
    0xfc, 0xe, 0x0, 0xe6, 0xa, 0xaf, 0x40, 0x2,
    0xab, 0xa0, 0x3, 0x40, 0x11, 0xa2, 0xaf, 0x0,
    0xaa, 0xf1, 0x80, 0x42, 0xe1, 0x60, 0x7f, 0xfb,
    0x40, 0x7f, 0xf8, 0x3, 0x58, 0x1, 0xc0, 0x21,
    0x66, 0x18, 0x1, 0x9a, 0x0, 0xe4, 0x50, 0xf,
    0x2c, 0xcb, 0x80, 0x66, 0x60, 0xc, 0x54, 0x1,
    0xf3, 0xaa, 0xa8, 0x5, 0x54, 0xc0, 0x19, 0x84,
    0x84, 0x3, 0x8e, 0xa8, 0xe0, 0xa, 0xa4, 0x80,
    0x64, 0x5f, 0x0, 0xf2, 0x77, 0x2c, 0x1, 0xdc,
    0xd0, 0xe, 0xa2, 0x0, 0xf8, 0x44, 0xc0, 0x23,
    0x10, 0x7, 0xff, 0x5, 0x3f, 0xda, 0x3, 0xff,
    0x0, 0x7f, 0xc2, 0xcd, 0x84, 0x0, 0xcd, 0xc0,
    0x1f, 0xca, 0xab, 0x99, 0x30, 0x3c, 0xcf, 0x0,
    0x7f, 0x8f, 0xc, 0x18, 0x2c, 0x3, 0xff, 0x84,
    0xec, 0x39, 0xe2, 0x86, 0x1, 0xff, 0xc3, 0x97,
    0x0, 0xc8, 0x1, 0xff, 0xc2, 0x29, 0x70, 0x9,
    0x2f, 0xee, 0x59, 0xc, 0x3, 0xc7, 0xba, 0x60,
    0x6e, 0xd7, 0x10, 0x46, 0x9b, 0xf0, 0xf, 0x1c,
    0xb, 0xec, 0x89, 0x47, 0x6d, 0x3a, 0x17, 0x80,
    0x6e, 0xf1, 0x5e, 0x82, 0x0, 0xe2, 0x58, 0xbd,
    0x30,

    /* U+4FDD "保" */
    0x0, 0xf4, 0xa0, 0x7, 0xff, 0x1d, 0x5a, 0x47,
    0x33, 0xfe, 0x10, 0xf, 0x40, 0x59, 0x9f, 0xff,
    0x4, 0x3, 0x94, 0x85, 0x80, 0x5, 0xff, 0xf0,
    0x7, 0xeb, 0x9, 0x0, 0xff, 0xe3, 0x48, 0x83,
    0x80, 0x7f, 0xf1, 0x4d, 0x80, 0x3e, 0x22, 0xf8,
    0x3, 0x87, 0x40, 0x2, 0x1, 0x8b, 0x77, 0xe0,
    0xe, 0xd1, 0x0, 0xe3, 0x44, 0xc0, 0x2, 0x44,
    0xc6, 0x2, 0x41, 0x40, 0x18, 0x6e, 0xf0, 0x87,
    0xdd, 0xe1, 0x1, 0x9a, 0x70, 0xf, 0xfe, 0x3b,
    0xa8, 0x6, 0xee, 0xef, 0x10, 0xde, 0xee, 0x20,
    0xf, 0x8, 0xf8, 0x3, 0x8, 0xf0, 0x7, 0xc3,
    0xff, 0xa8, 0x3, 0x37, 0xfe, 0x20, 0xf, 0xf1,
    0x50, 0x4, 0x2c, 0xa0, 0x1f, 0xfc, 0x12, 0xc0,
    0x81, 0xb, 0xa, 0x40, 0xf, 0xf8, 0xb0, 0x51,
    0xc0, 0xf, 0x41, 0x68, 0x1, 0xfc, 0xba, 0x27,
    0x60, 0x19, 0x60, 0x2d, 0x80, 0x3e, 0x5a, 0x3,
    0xd0, 0xf, 0x3b, 0x82, 0x5c, 0x3, 0xca, 0xcc,
    0xc1, 0x0, 0xfa, 0x24, 0xdc, 0x2, 0x30, 0x30,
    0x99, 0x0, 0x7f, 0x9b, 0x0,

    /* U+4FE1 "信" */
    0x0, 0xe3, 0x30, 0x7, 0x13, 0x0, 0x7f, 0xf0,
    0x7f, 0xc, 0x3, 0x7c, 0xa8, 0x7, 0xfc, 0x66,
    0x23, 0x0, 0xd0, 0x10, 0x1, 0xff, 0x50, 0x58,
    0x7, 0x29, 0x38, 0x80, 0x7f, 0x13, 0x3, 0xff,
    0xf8, 0x97, 0xbf, 0xf8, 0xc0, 0x28, 0x0, 0xa,
    0xa2, 0x7f, 0xf0, 0x44, 0x0, 0x6a, 0x6, 0x15,
    0x77, 0xff, 0xc1, 0x20, 0x7, 0x0, 0x1c, 0x0,
    0xd7, 0x7f, 0xe3, 0x0, 0xa8, 0x80, 0x3b, 0x91,
    0x3f, 0xce, 0x1, 0x38, 0x50, 0x6, 0x8f, 0xff,
    0xf2, 0x0, 0x51, 0x2e, 0x1, 0x96, 0xab, 0xfc,
    0x60, 0x12, 0xb0, 0x7, 0x62, 0xaf, 0xf9, 0xc0,
    0x3f, 0xd3, 0xff, 0xfe, 0x40, 0xf, 0xf4, 0x4c,
    0xff, 0x94, 0x3, 0xfc, 0xcd, 0xff, 0x68, 0x7,
    0xfc, 0x3d, 0xdf, 0x50, 0x7, 0xff, 0x8, 0x47,
    0xe0, 0xf, 0xfe, 0xc0, 0xd5, 0x7e, 0x0, 0xff,
    0xe1, 0x2a, 0xfc, 0x1, 0xff, 0xc2, 0x1f, 0xff,
    0xa8, 0x3, 0xe2, 0xda, 0x0, 0x77, 0x0, 0x3e,
    0x5f, 0x80, 0x0,

    /* U+5012 "倒" */
    0x0, 0xcc, 0xe2, 0x1, 0xff, 0xc0, 0x21, 0x0,
    0xd1, 0x5, 0x5f, 0xc2, 0x1, 0x1e, 0xd0, 0x4,
    0x62, 0x9f, 0x55, 0xf2, 0xd7, 0x88, 0x7, 0xa8,
    0x37, 0x9c, 0x0, 0x8e, 0xf3, 0x8, 0x7, 0xe6,
    0x7, 0x5a, 0x2, 0xbb, 0x6c, 0x10, 0x7, 0xe7,
    0x0, 0x8, 0x50, 0x58, 0x7d, 0x10, 0x7, 0xf4,
    0x0, 0x42, 0xe4, 0xc3, 0x61, 0xc0, 0x1f, 0x9c,
    0x0, 0x41, 0xa0, 0x5d, 0xc8, 0x3, 0x40, 0xf,
    0x14, 0x0, 0x63, 0x0, 0x13, 0x44, 0x3, 0xc0,
    0x3c, 0x80, 0x60, 0x15, 0x67, 0xce, 0xbb, 0xd0,
    0x1, 0xe6, 0x2f, 0x0, 0x94, 0xc6, 0xa4, 0x1,
    0x6, 0x1, 0xf6, 0x10, 0x4, 0x24, 0x40, 0x22,
    0xc0, 0x1f, 0x84, 0x3, 0x7e, 0xe0, 0x3, 0x76,
    0x20, 0xf, 0xfe, 0x4, 0xba, 0x80, 0x1d, 0xe3,
    0x0, 0xff, 0xe0, 0x3c, 0x58, 0x14, 0x44, 0x20,
    0x1f, 0xfc, 0x73, 0x2a, 0xd1, 0x0, 0xff, 0x8c,
    0xa, 0xff, 0x28, 0x48, 0x3, 0xf9, 0x2b, 0xb4,
    0x0, 0x80, 0x98, 0x1, 0xff, 0xa, 0x88, 0x1b,
    0xdf, 0xda, 0x0, 0x70, 0x80, 0x73, 0xb5, 0xf6,
    0x42, 0x0, 0x55, 0xbb, 0x1, 0x0, 0x71, 0x4a,
    0x8, 0x7, 0xbc, 0x88, 0xd, 0x20,

    /* U+503C "值" */
    0x0, 0xe8, 0x60, 0xf, 0x5d, 0x88, 0x3, 0xfc,
    0x4f, 0x20, 0x1c, 0x28, 0x82, 0x0, 0xff, 0x50,
    0x34, 0xd5, 0x6c, 0x0, 0x55, 0x71, 0x80, 0x73,
    0x5, 0xba, 0xae, 0x20, 0x2, 0xaf, 0x80, 0x33,
    0x89, 0x13, 0x37, 0x72, 0x83, 0x6e, 0xf3, 0x0,
    0x43, 0x1, 0x0, 0x45, 0xc2, 0x14, 0x45, 0xc0,
    0x1a, 0x0, 0x8, 0x0, 0x9f, 0xf9, 0x3, 0x3f,
    0xf2, 0x0, 0x48, 0xc0, 0x1c, 0x60, 0x8a, 0xbe,
    0x20, 0x10, 0x1, 0x50, 0x7, 0xe8, 0xaa, 0xf2,
    0x0, 0x66, 0x12, 0x10, 0xf, 0x7c, 0x47, 0x98,
    0x3, 0x21, 0xf1, 0x80, 0x78, 0xdd, 0xfc, 0x1,
    0xec, 0x30, 0xf, 0xb3, 0xff, 0xcc, 0x1, 0xff,
    0xc2, 0x88, 0xf9, 0x80, 0x3f, 0xf8, 0x48, 0xef,
    0xe0, 0xf, 0xfe, 0x1e, 0x7f, 0xf9, 0x80, 0x3f,
    0xf8, 0x5f, 0x11, 0xe6, 0x0, 0xff, 0xe1, 0x1b,
    0xbf, 0x80, 0x3f, 0xf8, 0x79, 0xff, 0xe6, 0x0,
    0xff, 0x23, 0xa8, 0x43, 0xbf, 0x98, 0x25, 0xc4,
    0x3, 0xdd, 0x0, 0x4, 0x88, 0xf0, 0x0, 0xe0,
    0xc0, 0x3f, 0xf9, 0x40,

    /* U+504F "偏" */
    0x0, 0xf1, 0x0, 0x78, 0xcc, 0x1, 0xff, 0x1e,
    0xe0, 0x6, 0x5c, 0xe0, 0xf, 0xfa, 0x41, 0x0,
    0x40, 0xa, 0x24, 0xc0, 0x1f, 0xc6, 0xa1, 0x3f,
    0xdf, 0xf0, 0x84, 0xff, 0xe5, 0x0, 0xde, 0xe,
    0x20, 0x5, 0x5f, 0xc2, 0x1, 0xcc, 0x61, 0x0,
    0x15, 0x57, 0xe5, 0x0, 0xc3, 0x20, 0x1f, 0xfc,
    0x7d, 0x0, 0x18, 0x6, 0xff, 0xfc, 0x80, 0x15,
    0x98, 0x7, 0xca, 0xbf, 0xe6, 0x5, 0x9, 0x0,
    0xf6, 0xef, 0xf2, 0xa8, 0x2e, 0xca, 0x1, 0xe8,
    0x8f, 0xe0, 0xb0, 0x54, 0x0, 0xc2, 0x1, 0x36,
    0x83, 0x68, 0x36, 0x83, 0x0, 0x7c, 0x40, 0x20,
    0x24, 0x3e, 0x43, 0xc4, 0x2, 0x1, 0xf3, 0x81,
    0x0, 0x7f, 0xf1, 0x88, 0x18, 0x1e, 0x86, 0x68,
    0x62, 0x80, 0x3f, 0xbc, 0x34, 0x0, 0xa0, 0x5,
    0x0, 0x28, 0x7, 0xf2, 0x81, 0x3, 0xf8, 0xcf,
    0x8c, 0x78, 0x7, 0xf1, 0x8b, 0x0, 0x7f, 0xf1,
    0x54, 0x10, 0x3, 0xff, 0x8d, 0xa1, 0xc0, 0x1f,
    0xb6, 0xc0, 0xc0, 0x3d, 0x12, 0x82, 0x1e, 0x1a,
    0xe1, 0x96, 0xc9, 0x60,

    /* U+505A "做" */
    0x0, 0xe1, 0x0, 0x84, 0x40, 0x18, 0xc4, 0x3,
    0xf8, 0xfb, 0x0, 0x1f, 0x80, 0x1b, 0x78, 0x3,
    0xfa, 0x41, 0x0, 0x3e, 0x21, 0x20, 0xf, 0xc2,
    0xa1, 0x40, 0x1f, 0x38, 0x20, 0x7, 0xe9, 0x4,
    0x3, 0x30, 0x91, 0x98, 0x74, 0x0, 0x45, 0x80,
    0x22, 0x70, 0xfc, 0xc8, 0x1, 0x98, 0x95, 0x6,
    0xdd, 0xc6, 0x0, 0x80, 0x2, 0xa2, 0x40, 0x4,
    0x40, 0x10, 0x33, 0x0, 0x6, 0x40, 0xaa, 0x0,
    0xaa, 0xec, 0x25, 0x76, 0x0, 0xa6, 0x46, 0x18,
    0x25, 0x60, 0x1f, 0xe1, 0x70, 0xc, 0x42, 0x0,
    0x51, 0x31, 0x0, 0xfd, 0x20, 0x18, 0x44, 0x40,
    0x7, 0x3d, 0x30, 0x1, 0x77, 0x89, 0x62, 0x94,
    0x2, 0x28, 0x20, 0x5, 0x82, 0x1, 0x8, 0x80,
    0x23, 0x2c, 0x50, 0x33, 0x6, 0x80, 0x7f, 0x9b,
    0xfc, 0x80, 0x2, 0x1b, 0xb0, 0x20, 0x7, 0xff,
    0x15, 0xc, 0xe1, 0x0, 0xff, 0xe2, 0xf8, 0x2,
    0x80, 0x3f, 0xf8, 0xce, 0x0, 0x70, 0xf, 0xf8,
    0x8a, 0x70, 0xa, 0x40, 0x12, 0x1, 0xff, 0x26,
    0xe8, 0xc0, 0x12, 0x84, 0x2e, 0xa0, 0x1f, 0xf2,
    0xae, 0xb6, 0x1c, 0xa0, 0xa5, 0x0, 0xfe, 0x6a,
    0xa9, 0x94, 0xb0, 0x52, 0x2, 0x88, 0x3, 0xc7,
    0xb0, 0x1, 0x7a, 0x61, 0x0, 0x1e, 0x64, 0x40,

    /* U+505C "停" */
    0x0, 0xe4, 0x30, 0xe, 0x38, 0x30, 0xf, 0xfa,
    0x71, 0x40, 0x32, 0xbf, 0x80, 0x7f, 0x90, 0x87,
    0x6e, 0xf5, 0x1, 0xed, 0xde, 0x80, 0xd, 0xe1,
    0x26, 0x89, 0x8c, 0x0, 0x48, 0x9c, 0x1, 0x22,
    0x1, 0xaf, 0xff, 0xff, 0x81, 0x80, 0x15, 0x83,
    0x88, 0x27, 0xff, 0xf8, 0x40, 0x28, 0x0, 0x48,
    0x6, 0x48, 0x8f, 0x0, 0x72, 0x38, 0x7, 0xd8,
    0xef, 0xe1, 0x0, 0x8a, 0xc0, 0x3f, 0x47, 0xff,
    0x84, 0x3, 0x88, 0x80, 0x19, 0x6a, 0xbf, 0xc2,
    0x5, 0x18, 0x1, 0xc, 0xc6, 0x67, 0xfa, 0x5c,
    0x1c, 0x40, 0x23, 0x66, 0xff, 0xe0, 0xd0, 0x7,
    0xe4, 0xee, 0xff, 0x0, 0x7f, 0x9d, 0x9b, 0xf9,
    0xc0, 0x3f, 0x16, 0x54, 0x47, 0xf5, 0xe7, 0x80,
    0x7c, 0x6d, 0x99, 0x50, 0x3, 0x32, 0xf3, 0x20,
    0xf, 0xe3, 0x39, 0xc0, 0x6, 0x71, 0x0, 0x7f,
    0xf6, 0x44, 0x3, 0xff, 0x86, 0x57, 0x6f, 0x3,
    0x0, 0xff, 0xe1, 0x92, 0xa1, 0x12, 0x0, 0x3f,
    0xb3, 0x84, 0x3, 0x77, 0xfb, 0x54, 0x3, 0xc0,

    /* U+5065 "健" */
    0x0, 0xc8, 0x60, 0x1f, 0x91, 0x80, 0x3f, 0xd3,
    0x86, 0x0, 0x11, 0x0, 0x5d, 0x22, 0x1, 0xf8,
    0x8a, 0x8f, 0xf7, 0x7a, 0x66, 0x14, 0x3f, 0x31,
    0x0, 0x1d, 0x41, 0x46, 0x62, 0x2, 0x77, 0x80,
    0x4, 0xe6, 0x60, 0xe, 0x60, 0x58, 0xcb, 0x9,
    0x3b, 0xb2, 0x86, 0xd8, 0x80, 0x73, 0x8, 0x10,
    0x2, 0xc4, 0x5f, 0xf2, 0x87, 0x78, 0xa7, 0x90,
    0x2, 0x0, 0x32, 0x93, 0x37, 0x0, 0x11, 0x80,
    0xc, 0x61, 0x2, 0x6, 0x0, 0x80, 0x92, 0x99,
    0x94, 0x2a, 0x45, 0x24, 0x49, 0xc0, 0x34, 0x90,
    0x64, 0x1e, 0xe9, 0x43, 0xf4, 0x40, 0x23, 0x4,
    0x0, 0x13, 0x0, 0x9, 0x81, 0xdc, 0x0, 0x27,
    0x5c, 0x0, 0xc, 0x50, 0x0, 0xaf, 0xfc, 0x84,
    0x75, 0x45, 0xd, 0xaa, 0x38, 0x4, 0xe2, 0x1,
    0x20, 0x1, 0x99, 0x1f, 0xe5, 0xe, 0xff, 0x68,
    0x7, 0xc5, 0xec, 0x4, 0x4d, 0x55, 0x0, 0x11,
    0x56, 0x0, 0xf8, 0x87, 0x4c, 0x31, 0x6a, 0x8a,
    0x15, 0x54, 0x0, 0x7e, 0x74, 0x90, 0x5f, 0xf9,
    0x43, 0xbf, 0xe7, 0x0, 0xfa, 0xc1, 0x4c, 0x51,
    0x20, 0x1, 0xa2, 0x44, 0x1, 0xf1, 0x0, 0x4,
    0x2e, 0xe5, 0xd, 0xbb, 0x94, 0x3, 0xf0, 0x81,
    0x38, 0x7, 0xff, 0x16, 0x5, 0x46, 0x31, 0x86,
    0xb8, 0x40, 0x3f, 0xce, 0xe3, 0xaf, 0x53, 0x9e,
    0xe6, 0x67, 0x58, 0x7, 0x84, 0xf4, 0x6, 0xb5,
    0xd0, 0x8, 0xcf, 0x10, 0x6, 0xfc, 0x6c, 0x10,
    0x8, 0xa2, 0xfb, 0xff, 0xa4, 0x0,

    /* U+50A8 "储" */
    0x0, 0xc4, 0x60, 0x1f, 0x13, 0x10, 0x7, 0xfa,
    0x31, 0x80, 0x3c, 0xb2, 0xa0, 0x15, 0x38, 0x7,
    0x28, 0x17, 0x28, 0x6, 0xf0, 0xc, 0xcb, 0xc0,
    0x19, 0x41, 0x54, 0x74, 0x81, 0xfe, 0x70, 0x8f,
    0xdb, 0xb, 0x0, 0xd2, 0x1c, 0x38, 0x34, 0x28,
    0x80, 0x9, 0x8, 0x8c, 0x40, 0x12, 0x18, 0x20,
    0xe, 0xc8, 0xdd, 0xa0, 0x22, 0x84, 0x2c, 0x3,
    0x48, 0x7, 0x1b, 0x91, 0x9b, 0x3, 0x7c, 0x58,
    0x4c, 0x0, 0xa4, 0x8, 0x7b, 0xfe, 0x79, 0xcc,
    0x20, 0x28, 0x83, 0x66, 0xc, 0xac, 0x2, 0x72,
    0x0, 0x71, 0x16, 0x0, 0x84, 0x8a, 0x11, 0x8c,
    0x0, 0x9b, 0x40, 0x9, 0xdd, 0x48, 0x3, 0x3b,
    0x76, 0x23, 0x5e, 0x0, 0x89, 0x80, 0x33, 0xd8,
    0x59, 0x80, 0x7a, 0x8c, 0x3, 0xe1, 0xa8, 0x0,
    0x5f, 0xfe, 0x20, 0xf, 0xfb, 0x14, 0x0, 0x89,
    0x84, 0x3, 0xff, 0x83, 0xcc, 0x61, 0x57, 0x72,
    0x80, 0x7f, 0xf0, 0x4e, 0x5c, 0x25, 0xde, 0x40,
    0xf, 0xfe, 0x10, 0x80, 0x1e, 0x22, 0x0, 0xff,
    0xe0, 0xbf, 0x38, 0x3, 0xbf, 0xe3, 0x0, 0xff,
    0x20, 0x8, 0x10, 0x7, 0x9c, 0x3, 0xfd, 0x0,
    0x3e, 0x80, 0xe, 0xff, 0x90, 0x3, 0xfc, 0x4d,
    0xc2, 0x1, 0x11, 0x9c, 0x1, 0xff, 0x6c, 0x80,
    0x76, 0x66, 0x40, 0xe, 0x1e, 0xa0, 0xf, 0xab,
    0x84, 0x2, 0xbf, 0x20,

    /* U+50CF "像" */
    0x0, 0xe4, 0x20, 0x9, 0x54, 0x20, 0x1f, 0xfc,
    0x2a, 0xd4, 0x3, 0xab, 0x0, 0xff, 0xe1, 0x30,
    0x89, 0x3, 0x80, 0x7b, 0xfe, 0x90, 0xf, 0xeb,
    0x9, 0xb, 0x20, 0x66, 0x80, 0x3f, 0xe6, 0x20,
    0x6a, 0x42, 0xe9, 0x97, 0x81, 0xc8, 0x7, 0xc3,
    0x20, 0xd4, 0xa0, 0x5d, 0xfe, 0x90, 0x3f, 0xfb,
    0x0, 0x35, 0x80, 0x35, 0x40, 0x2, 0xcd, 0x0,
    0x19, 0xa0, 0x10, 0x9, 0x54, 0x0, 0x5c, 0xd0,
    0x29, 0x96, 0x4, 0x4c, 0xa0, 0x3, 0x1d, 0x0,
    0x62, 0x30, 0x28, 0x85, 0x6, 0xc4, 0x40, 0x19,
    0x40, 0x80, 0x3c, 0x2e, 0xe0, 0x2, 0xbb, 0x98,
    0x3, 0x31, 0xf8, 0x80, 0x43, 0xfc, 0x80, 0xe,
    0xff, 0xed, 0x0, 0xb0, 0x80, 0x30, 0xc7, 0x20,
    0x3, 0x40, 0x25, 0xe9, 0x0, 0xfc, 0xfc, 0xe5,
    0x7c, 0x6, 0xe7, 0x94, 0x3c, 0x1, 0xf9, 0xe2,
    0xf4, 0x7c, 0x1, 0x18, 0x61, 0xae, 0x1, 0xfc,
    0xe1, 0x94, 0xbc, 0x20, 0x6e, 0xe, 0x1, 0xfc,
    0xbd, 0x65, 0x57, 0x2, 0xb, 0x21, 0x0, 0x1f,
    0xca, 0x93, 0xc3, 0xac, 0x60, 0x42, 0xa5, 0x20,
    0x1f, 0xd4, 0xb7, 0x63, 0xaf, 0x0, 0xac, 0x5a,
    0x0, 0x3e, 0x6c, 0xc2, 0x2f, 0xaa, 0x1, 0x0,
    0xd0, 0x31, 0x0, 0x79, 0x4d, 0x72, 0xaf, 0x20,
    0x28, 0x0, 0x97, 0x44, 0x1, 0x18, 0x0, 0xfe,
    0x8c, 0x8, 0xc6, 0x4c, 0x2, 0x44, 0x0, 0x6d,
    0xf1, 0x0, 0xe8, 0xfe, 0x60, 0xf, 0x80,

    /* U+5145 "充" */
    0x0, 0xfc, 0x2c, 0xa0, 0x1f, 0xfc, 0x67, 0x9a,
    0x20, 0xf, 0xfe, 0x2b, 0x10, 0x48, 0x7, 0xf8,
    0x47, 0xf5, 0x89, 0x8, 0xfe, 0x6, 0xee, 0xfd,
    0x22, 0xdd, 0xdf, 0x60, 0x18, 0x7, 0xff, 0x18,
    0x41, 0x7f, 0xf5, 0x80, 0x23, 0xff, 0x5e, 0xff,
    0xec, 0x0, 0xe2, 0xb0, 0x57, 0x0, 0x9a, 0xf5,
    0x0, 0x3f, 0xe, 0x2, 0x50, 0x6, 0x65, 0xb,
    0x50, 0xf, 0x16, 0x9, 0xd8, 0x7, 0xc, 0x18,
    0x52, 0x80, 0x62, 0xd2, 0x1, 0xff, 0xf7, 0x69,
    0x80, 0x29, 0x40, 0x22, 0x0, 0x88, 0x3, 0xf1,
    0xa0, 0x2, 0x8c, 0x2, 0x79, 0xbc, 0x0, 0x2f,
    0xf9, 0xc0, 0xf2, 0xfc, 0x90, 0x80, 0x28, 0x64,
    0x31, 0xc, 0x0, 0xfd, 0x96, 0x20, 0x1e, 0x11,
    0x2, 0x80, 0x7e, 0x10, 0xf, 0xcc, 0x0, 0x30,
    0xf, 0xe4, 0x10, 0xf, 0x48, 0x30, 0x7, 0xfb,
    0x79, 0x40, 0x35, 0x88, 0x58, 0x7, 0xf8, 0xc0,
    0x31, 0xea, 0x4, 0x90, 0x5, 0xe0, 0x20, 0x19,
    0xc1, 0x93, 0x30, 0x41, 0x2c, 0x1, 0x88, 0xb,
    0xff, 0x10, 0x9a, 0x98, 0x26, 0xb0, 0x7, 0x2b,
    0x8, 0x6, 0x2a, 0x1, 0xbd, 0xb2, 0x0, 0xfa,
    0x7b, 0xff, 0x6a, 0x0,

    /* U+5148 "先" */
    0x0, 0xff, 0x2a, 0x80, 0x3f, 0xf8, 0x7b, 0x42,
    0x0, 0xaa, 0x8, 0x7, 0xff, 0x5, 0x9, 0x4,
    0x3, 0xff, 0x8d, 0xa0, 0xa2, 0x22, 0x0, 0x10,
    0x8f, 0x80, 0x3e, 0x60, 0x4e, 0xe6, 0x80, 0x33,
    0xbb, 0xc4, 0x1, 0xcc, 0x0, 0x11, 0xc0, 0x10,
    0x8f, 0x8c, 0x3, 0xa0, 0x27, 0xbb, 0x0, 0x3b,
    0xbe, 0x10, 0xd, 0x22, 0x4c, 0x1, 0xff, 0xc6,
    0xa4, 0xe0, 0xf, 0xfe, 0x31, 0x4, 0x1, 0x9f,
    0x0, 0x14, 0xcf, 0xe2, 0x0, 0x4e, 0x67, 0xe0,
    0x5, 0xe6, 0x7d, 0xc0, 0x3, 0x44, 0xc2, 0x0,
    0x44, 0x80, 0x24, 0x4f, 0x0, 0x22, 0xef, 0x80,
    0xae, 0xf0, 0x15, 0xdf, 0x40, 0x7, 0xc4, 0xe,
    0x1, 0xff, 0xc7, 0xc0, 0xd0, 0xf, 0xfe, 0x30,
    0xa0, 0x20, 0x7, 0xf8, 0x40, 0x3e, 0xb0, 0x23,
    0x0, 0xff, 0x7d, 0x0, 0x73, 0x28, 0x40, 0x7,
    0xfc, 0x28, 0x1, 0xa6, 0x40, 0xca, 0x1, 0x9c,
    0xc, 0x2, 0x30, 0x20, 0x4, 0x73, 0x3, 0x48,
    0x7, 0x10, 0xf, 0xfd, 0x80, 0x80, 0xd, 0x12,
    0xa9, 0x0, 0xf0, 0xc0, 0x80, 0x64, 0x90, 0x2,
    0xde, 0xa8, 0x7, 0xe7, 0xef, 0xfd, 0x62, 0x0,

    /* U+5149 "光" */
    0x0, 0xfe, 0x19, 0x80, 0xf, 0xfe, 0x8, 0xb0,
    0x6, 0x36, 0x70, 0xe, 0x95, 0x0, 0xf7, 0xca,
    0x80, 0x7f, 0x91, 0xa8, 0x80, 0x3a, 0x2, 0xc0,
    0x3f, 0xde, 0xa, 0x40, 0x1c, 0xc4, 0x2c, 0x1,
    0xf8, 0x90, 0x20, 0x3, 0xeb, 0xb, 0x0, 0xfd,
    0x20, 0xc4, 0x1, 0xf3, 0x81, 0x10, 0x3, 0xc6,
    0x83, 0x0, 0x1f, 0x86, 0x74, 0x80, 0x3c, 0x79,
    0x42, 0x1, 0xc8, 0xab, 0x1b, 0xaa, 0xc0, 0x5,
    0x59, 0x85, 0x56, 0x40, 0x4, 0xd5, 0x7d, 0x0,
    0xa, 0xaf, 0xe0, 0x2, 0x2a, 0xe3, 0x0, 0x2a,
    0xc2, 0x0, 0x55, 0xe7, 0x0, 0x4d, 0x56, 0x80,
    0x1a, 0xac, 0x7, 0x55, 0xd2, 0x1, 0xf1, 0x81,
    0x0, 0x7f, 0xf1, 0xf8, 0x14, 0x3, 0xff, 0x8e,
    0x81, 0xe0, 0x1f, 0xfc, 0x64, 0x20, 0x70, 0xf,
    0xf2, 0x80, 0x7d, 0x20, 0xa2, 0x1, 0xfe, 0x9f,
    0x20, 0x8, 0x70, 0x82, 0xc0, 0x3f, 0xe1, 0x3,
    0x1, 0x7e, 0x30, 0xb1, 0x0, 0xf0, 0x80, 0x42,
    0x42, 0x37, 0xc0, 0x16, 0x20, 0x7, 0x30, 0x17,
    0xfd, 0xc0, 0x80, 0x30, 0x53, 0xa6, 0x1, 0xe2,
    0x71, 0x0, 0xc7, 0x0, 0x6, 0xd6, 0x0, 0xfe,
    0x8e, 0xff, 0xd8, 0x40,

    /* U+514B "克" */
    0x0, 0xfe, 0x1d, 0xd0, 0x7, 0xff, 0x20, 0x88,
    0x1, 0xff, 0x2d, 0xdf, 0xd8, 0x0, 0xcb, 0xbf,
    0x9c, 0x0, 0x48, 0x9f, 0x10, 0x0, 0xd1, 0x3e,
    0xd0, 0x3, 0x6e, 0xfd, 0x60, 0xc, 0xdd, 0xfa,
    0xc0, 0x2, 0x45, 0xf2, 0x80, 0xc, 0x8b, 0xe1,
    0x0, 0xe3, 0x3e, 0x40, 0x2, 0x19, 0xf0, 0x7,
    0xc3, 0x99, 0xd4, 0x0, 0xbc, 0xce, 0x30, 0xf,
    0xe6, 0x6f, 0xf0, 0x7, 0xfc, 0x33, 0x3f, 0xe1,
    0x0, 0xff, 0xea, 0xb, 0xbf, 0xf8, 0x40, 0x3f,
    0xe8, 0x8f, 0xf0, 0x7, 0xf0, 0xcc, 0xc0, 0x5,
    0x99, 0x0, 0xe, 0x66, 0x20, 0xf, 0x99, 0x88,
    0x0, 0xb6, 0x62, 0x5, 0x33, 0x42, 0x1, 0xfc,
    0x80, 0x22, 0x0, 0xfe, 0x10, 0xf, 0xd6, 0xe,
    0x1, 0xfe, 0xaa, 0x8, 0x6, 0x1b, 0x20, 0xb0,
    0xf, 0xf3, 0x29, 0x80, 0x5, 0xfd, 0x2, 0x88,
    0x2, 0x10, 0x10, 0x8, 0x48, 0x8, 0x2f, 0xa0,
    0x45, 0x6a, 0x1, 0x88, 0x23, 0xfe, 0xe0, 0x40,
    0x7, 0x1, 0x47, 0x20, 0x7, 0x4a, 0x0, 0x71,
    0x48, 0x1, 0x77, 0x4e, 0x1, 0xf0, 0xdf, 0xff,
    0x69, 0x0,

    /* U+514D "免" */
    0x0, 0xf1, 0xc2, 0x80, 0x7f, 0xf1, 0xbd, 0xf8,
    0x3, 0xff, 0x8b, 0x6, 0x9, 0xff, 0xd2, 0x1,
    0xfe, 0x47, 0x0, 0x22, 0x60, 0x2, 0x80, 0x7f,
    0x1d, 0x84, 0x7d, 0xdd, 0xc0, 0xe, 0x0, 0xfc,
    0x98, 0xa, 0xe0, 0x11, 0xd0, 0x49, 0x0, 0x7c,
    0xf6, 0x0, 0x5f, 0xfd, 0x80, 0x9, 0xff, 0xe3,
    0x2, 0x90, 0x8, 0x8b, 0x0, 0x42, 0x45, 0x80,
    0x31, 0x64, 0x88, 0x7e, 0xed, 0x80, 0xe, 0xdd,
    0xc0, 0x1c, 0x4c, 0x1, 0xe6, 0x2, 0x0, 0xff,
    0xe3, 0x10, 0x30, 0x7, 0xff, 0xb, 0xf7, 0x68,
    0x4, 0xdd, 0xe0, 0xf, 0xe2, 0x2c, 0x1, 0x11,
    0x70, 0x7, 0xdd, 0xff, 0xb0, 0x1, 0x80, 0xf,
    0xfe, 0x30, 0xf, 0xe8, 0x5, 0x10, 0xf, 0xfe,
    0x23, 0x20, 0x40, 0x7, 0xff, 0x11, 0x64, 0x1c,
    0x80, 0x3f, 0x6b, 0x80, 0x74, 0xd0, 0x24, 0x0,
    0x7f, 0x14, 0x80, 0xa, 0x39, 0x81, 0xac, 0x3,
    0xf8, 0xc0, 0x82, 0xf5, 0xc4, 0xaa, 0x40, 0x22,
    0x0, 0x7f, 0x75, 0x80, 0x81, 0xc0, 0x95, 0xaa,
    0x1, 0xd2, 0x40, 0x23, 0x2, 0x48, 0x2f, 0x5a,
    0x80, 0x7c, 0xdb, 0xff, 0xd6, 0x20,

    /* U+5165 "入" */
    0x0, 0xf8, 0x40, 0x3f, 0xf9, 0x3, 0xee, 0x1,
    0xff, 0xc7, 0x61, 0x89, 0x0, 0xff, 0xe3, 0x3b,
    0x81, 0x9c, 0x3, 0xff, 0x8d, 0xe, 0x10, 0x80,
    0x1f, 0xfc, 0x68, 0x30, 0xb1, 0x0, 0xff, 0xe3,
    0x58, 0x2, 0xc0, 0x3f, 0xf8, 0xdc, 0x0, 0x52,
    0x0, 0xff, 0xe2, 0xb8, 0x5, 0x20, 0x1f, 0xfc,
    0x44, 0x10, 0x80, 0x43, 0x0, 0xff, 0xe1, 0xf0,
    0x13, 0xa8, 0x40, 0x7, 0xff, 0x8, 0x54, 0x28,
    0x20, 0x11, 0x0, 0x1f, 0xfc, 0x18, 0x1, 0x60,
    0x25, 0x9, 0x0, 0xff, 0xe0, 0x1b, 0x4, 0x88,
    0x2, 0x0, 0xa0, 0x3, 0xfe, 0xe0, 0x17, 0x0,
    0x89, 0xc1, 0xcc, 0x3, 0xfa, 0x88, 0x34, 0x3,
    0xa0, 0x43, 0x48, 0x3, 0xea, 0x50, 0x83, 0x0,
    0xf5, 0x0, 0xf9, 0x0, 0x61, 0xc5, 0x6, 0x70,
    0xf, 0x92, 0x0, 0xb1, 0x0, 0xd, 0xe6, 0xd,
    0x20, 0x1f, 0xce, 0xe0, 0x1b, 0x20, 0xe1, 0x9,
    0x90, 0x7, 0xfd, 0x12, 0x8, 0x41, 0x15, 0xac,
    0x1, 0xff, 0xc1, 0x6d, 0x80,

    /* U+5168 "全" */
    0x0, 0xff, 0xea, 0x56, 0x10, 0x7, 0xff, 0x19,
    0x94, 0xd4, 0x3, 0xff, 0x8a, 0xb2, 0x0, 0x84,
    0x0, 0xff, 0xe1, 0xad, 0x4, 0x40, 0x2d, 0x40,
    0x3f, 0xf8, 0x2d, 0x40, 0xef, 0x40, 0x53, 0x80,
    0x7f, 0x86, 0xa4, 0x22, 0x0, 0x7, 0x90, 0x8b,
    0x10, 0xf, 0x97, 0xd4, 0x29, 0xc0, 0x33, 0x58,
    0xa7, 0x30, 0x6, 0x3b, 0xa1, 0x2d, 0x50, 0xf,
    0x26, 0x18, 0x4e, 0x20, 0x1e, 0x20, 0x0, 0x7b,
    0x33, 0xf7, 0x0, 0x47, 0x68, 0x70, 0xba, 0x86,
    0x7f, 0xfc, 0x2, 0xe5, 0x74, 0x7, 0xa2, 0xae,
    0xed, 0x80, 0xc, 0xee, 0xd8, 0x35, 0x0, 0x1c,
    0x23, 0xc4, 0x0, 0x21, 0x1e, 0x0, 0xff, 0xe9,
    0x2e, 0x67, 0x0, 0x33, 0x3a, 0x0, 0x3f, 0x11,
    0x9e, 0x20, 0x1, 0x19, 0xf0, 0x7, 0xe7, 0xff,
    0xda, 0x0, 0xdf, 0xfd, 0x60, 0x1f, 0xfc, 0x13,
    0x0, 0x18, 0x7, 0xff, 0x51, 0x37, 0x7e, 0xf0,
    0x7, 0xee, 0xfc, 0xa0, 0x1, 0x22, 0xf8, 0x40,
    0x2, 0x45, 0xf8, 0x3, 0xff, 0x96,

    /* U+516C "公" */
    0x0, 0xff, 0xe7, 0x2e, 0xc0, 0x6, 0x9f, 0x40,
    0xf, 0xfa, 0x48, 0xc0, 0x31, 0x84, 0x0, 0x7f,
    0x94, 0xc3, 0xc0, 0x34, 0x1, 0xb8, 0x7, 0xf4,
    0x2, 0x20, 0x3, 0x14, 0x4, 0x18, 0x7, 0xd2,
    0x41, 0x20, 0x1e, 0x73, 0xe, 0x10, 0xe, 0x56,
    0x8, 0x20, 0xf, 0xb8, 0xb, 0x40, 0x31, 0x58,
    0x1b, 0x80, 0x12, 0xd0, 0x2, 0x2a, 0x3, 0xa0,
    0x1, 0xe0, 0x8b, 0x80, 0x28, 0x4a, 0x10, 0x9,
    0x5c, 0x16, 0x82, 0x84, 0x34, 0x80, 0xa, 0x61,
    0x2, 0x1, 0xa1, 0x40, 0x29, 0x95, 0x98, 0x5,
    0x0, 0x6c, 0x1, 0xea, 0x8a, 0x0, 0x32, 0x0,
    0x50, 0x41, 0xe0, 0x1f, 0x9c, 0x3, 0xe2, 0x70,
    0x63, 0x0, 0xc, 0x40, 0x3, 0xfe, 0xe0, 0x29,
    0x0, 0x91, 0xdc, 0x80, 0x1f, 0xce, 0x61, 0xc0,
    0x19, 0x54, 0x14, 0x20, 0x1f, 0x24, 0x4, 0x18,
    0x7, 0x51, 0xe, 0x80, 0x78, 0xec, 0x11, 0x4d,
    0x15, 0x9e, 0x24, 0xc0, 0xdc, 0x3, 0x16, 0x0,
    0x13, 0x72, 0xea, 0x61, 0xd8, 0x40, 0x10, 0x40,
    0x11, 0x0, 0x70, 0x91, 0xab, 0x3c, 0x4d, 0x8,
    0x70, 0x6, 0x9b, 0xde, 0xfe, 0xdc, 0xa9, 0x87,
    0x65, 0xb0, 0x33, 0x0, 0x4c, 0x84, 0x20, 0x1f,
    0xe5, 0x7d, 0x30,

    /* U+516D "六" */
    0x0, 0xfe, 0x16, 0x0, 0xff, 0xe3, 0xf, 0x4b,
    0x80, 0x7f, 0xf1, 0x45, 0x82, 0x40, 0x3f, 0xf8,
    0xd6, 0x2, 0xe0, 0x1f, 0xfc, 0x52, 0x40, 0x90,
    0xf, 0xfe, 0x37, 0xbe, 0x0, 0x7f, 0x67, 0xff,
    0xeb, 0x7d, 0xff, 0xfb, 0x80, 0x40, 0x3f, 0xf9,
    0x1f, 0x99, 0xff, 0xc7, 0x2, 0x33, 0xff, 0xe3,
    0x10, 0x7, 0x91, 0x0, 0x1e, 0x72, 0x0, 0xff,
    0xaa, 0xec, 0x1, 0xae, 0x38, 0x3, 0xfc, 0xe2,
    0x1e, 0x1, 0xa4, 0xe, 0x0, 0x3f, 0xa4, 0x11,
    0x0, 0x18, 0xa0, 0x1c, 0xc0, 0x3e, 0x91, 0x8,
    0x0, 0xf3, 0x90, 0x70, 0x7, 0x91, 0x81, 0x8c,
    0x3, 0xee, 0x2, 0x80, 0xe, 0x90, 0x19, 0x0,
    0xfc, 0x6c, 0xe, 0x60, 0x15, 0x10, 0x50, 0x7,
    0xfa, 0x44, 0x38, 0x1, 0xa, 0xc, 0x80, 0x1f,
    0xf5, 0x81, 0x38, 0x8, 0x14, 0x80, 0x7f, 0xf0,
    0x14, 0xc3, 0xc2, 0x6f, 0xc0, 0x3f, 0xf8, 0x5d,
    0xc8,

    /* U+5171 "共" */
    0x0, 0xe5, 0x50, 0x7, 0x95, 0x40, 0x1f, 0xf5,
    0x50, 0x80, 0x31, 0x55, 0x0, 0x3f, 0xfc, 0xa2,
    0x38, 0x0, 0x23, 0xe0, 0x0, 0x8e, 0x0, 0x17,
    0x76, 0x0, 0x67, 0x76, 0xc0, 0x7, 0x76, 0x50,
    0xf, 0xfe, 0x51, 0x7f, 0xe0, 0x6, 0xff, 0xed,
    0x0, 0x7f, 0xe5, 0x0, 0xff, 0xfa, 0x22, 0x65,
    0x0, 0x22, 0x78, 0x0, 0xa8, 0x98, 0x2e, 0xf5,
    0x0, 0x26, 0xef, 0x48, 0x2, 0xae, 0xf0, 0x22,
    0x71, 0x99, 0x13, 0xc6, 0x64, 0x4e, 0xb, 0xbe,
    0xcc, 0x5d, 0xfb, 0x72, 0xef, 0x80, 0x3d, 0x3f,
    0x20, 0x1a, 0x7a, 0x0, 0x3f, 0xd2, 0xc1, 0x80,
    0x1b, 0xc1, 0xf0, 0x40, 0x3c, 0x38, 0xc1, 0x2a,
    0x1, 0x9b, 0x4, 0xfd, 0x0, 0x32, 0xf9, 0x85,
    0xb0, 0x7, 0x8f, 0xcc, 0x6d, 0xc0, 0xd, 0x42,
    0x7a, 0x80, 0x1f, 0x87, 0x10, 0x21, 0x81, 0xa2,
    0x18, 0x40, 0x1f, 0xf5, 0xb5, 0x30, 0x0,

    /* U+5173 "关" */
    0x0, 0xf1, 0x80, 0x7e, 0x42, 0x0, 0xfe, 0x1e,
    0xc2, 0x0, 0xfa, 0xf5, 0xc0, 0x3f, 0xb, 0x7,
    0x80, 0x79, 0xc0, 0x5c, 0x3, 0xfa, 0x4, 0x98,
    0x3, 0xc, 0x85, 0x80, 0x7f, 0xd0, 0x26, 0x1,
    0xa0, 0x51, 0x40, 0x3e, 0x2f, 0xfa, 0x46, 0xbf,
    0xf3, 0x2, 0x7f, 0xce, 0x1, 0x84, 0x3, 0xff,
    0x92, 0x7d, 0xde, 0xd0, 0x4, 0xf7, 0x79, 0xc0,
    0x38, 0x47, 0xc6, 0x0, 0x31, 0x1f, 0x0, 0x7f,
    0xf0, 0xc4, 0x3, 0xfc, 0x24, 0x5f, 0x28, 0x0,
    0x8b, 0xf0, 0x80, 0x23, 0x77, 0xeb, 0x0, 0x4e,
    0xef, 0xd6, 0x0, 0xe1, 0x1f, 0x80, 0x30, 0x8f,
    0xc6, 0x0, 0x7e, 0xef, 0x88, 0x2, 0xde, 0xef,
    0x48, 0x7, 0xf3, 0x90, 0x8, 0x70, 0x80, 0x7f,
    0xf0, 0x96, 0x0, 0xf8, 0x89, 0xa2, 0x1, 0xff,
    0xc0, 0x7a, 0x1, 0xe0, 0xf0, 0x3c, 0x30, 0xf,
    0xe4, 0xc8, 0x2, 0xc2, 0x2, 0xb0, 0x2c, 0x81,
    0x0, 0xe6, 0xcb, 0x30, 0x5c, 0x20, 0x9, 0x34,
    0x81, 0xfa, 0x94, 0x1, 0x72, 0x60, 0x77, 0x42,
    0x1, 0xc5, 0xae, 0x0, 0x59, 0x0, 0x51, 0x2d,
    0xe2, 0x0, 0x7f, 0x47, 0x41, 0xf0, 0x0, 0x76,
    0x90, 0x3, 0xff, 0x80, 0x2f, 0x84, 0x0,

    /* U+5176 "其" */
    0x0, 0xe6, 0x60, 0x7, 0xe6, 0x60, 0x7, 0xfa,
    0x64, 0x1, 0xf0, 0xcc, 0x80, 0x3f, 0x84, 0x3,
    0xf8, 0xc0, 0x2, 0x1, 0xcb, 0xfe, 0xe0, 0x7,
    0xff, 0xda, 0x0, 0xef, 0xf3, 0x0, 0x4, 0x60,
    0x8, 0x47, 0xe0, 0x8, 0x46, 0x30, 0x2, 0x77,
    0x3c, 0x1, 0xdd, 0xf8, 0x1, 0xdd, 0x28, 0x7,
    0xe9, 0x9f, 0xa8, 0x3, 0xff, 0x84, 0xcd, 0xf2,
    0x0, 0x7f, 0xf0, 0xb7, 0x7e, 0xb0, 0xf, 0xfe,
    0x11, 0x17, 0xca, 0x1, 0xff, 0xc2, 0xbb, 0xfb,
    0x40, 0x3f, 0xf8, 0x48, 0x9f, 0x18, 0x7, 0xff,
    0xb, 0xff, 0xed, 0x0, 0xff, 0xe4, 0x98, 0x7,
    0xee, 0xff, 0x80, 0x1f, 0xff, 0x70, 0x3, 0xfe,
    0xe0, 0x0, 0x80, 0x7f, 0xf1, 0x84, 0x1, 0xff,
    0xda, 0xb7, 0xff, 0xae, 0x3b, 0xff, 0x80, 0x38,
    0xeb, 0x56, 0xcc, 0x0, 0x57, 0x1d, 0x68, 0x1,
    0xc2, 0xf9, 0x85, 0x6, 0xe3, 0x0, 0x17, 0x41,
    0x25, 0xeb, 0x0, 0x5b, 0x6, 0x51, 0xd2, 0x20,
    0x18, 0x5f, 0x68, 0xca, 0x64, 0x0, 0xd7, 0xcd,
    0x71, 0x0, 0xfe, 0x5c, 0xaa, 0x48, 0x0,

    /* U+5177 "具" */
    0x0, 0xcd, 0x55, 0xff, 0xc0, 0x20, 0xf, 0xb1,
    0x57, 0xff, 0x80, 0xc0, 0x1f, 0xd3, 0xff, 0xf8,
    0x80, 0x3f, 0xf9, 0x6, 0x1, 0xff, 0x4f, 0xff,
    0xe1, 0x0, 0xff, 0x8a, 0x23, 0xf0, 0x7, 0xff,
    0x2, 0xdd, 0xff, 0x8, 0x7, 0xfd, 0x3f, 0xff,
    0x84, 0x3, 0xfe, 0x28, 0x8f, 0xc0, 0x1f, 0xfc,
    0xb, 0x77, 0xfc, 0x20, 0x1f, 0xf4, 0xff, 0xfe,
    0x10, 0xf, 0xf8, 0xa2, 0x3f, 0x0, 0x7f, 0xf0,
    0x21, 0xdf, 0xf1, 0x0, 0x71, 0x77, 0x4a, 0x15,
    0xdd, 0xf8, 0x82, 0xfb, 0x8e, 0x2, 0x30, 0x4,
    0x23, 0xf8, 0x2, 0x11, 0x79, 0x7f, 0xed, 0x36,
    0xff, 0xe6, 0x18, 0xff, 0xd0, 0x1, 0xc, 0x69,
    0xb2, 0x0, 0x42, 0x43, 0x1c, 0xe0, 0x18, 0x63,
    0xdc, 0x17, 0x90, 0x2, 0x1b, 0xd5, 0x18, 0xe7,
    0x2, 0xe7, 0x14, 0xca, 0x10, 0xf, 0x15, 0x61,
    0x8c, 0x39, 0x5a, 0xe5, 0x98, 0x7, 0xf8, 0xf2,
    0x5d, 0xc0,

    /* U+5178 "典" */
    0x0, 0xf8, 0x6a, 0x0, 0x11, 0x42, 0x1, 0xff,
    0xc2, 0x35, 0x50, 0x1, 0x94, 0xc0, 0x3f, 0xfa,
    0x9f, 0xfb, 0x40, 0xbf, 0xc2, 0x1b, 0xff, 0x88,
    0x3, 0xff, 0x92, 0x20, 0x1f, 0x7f, 0xb4, 0xb,
    0xfc, 0x21, 0xbf, 0xe1, 0x0, 0xff, 0xf4, 0xf7,
    0x34, 0xb, 0xb8, 0x21, 0xbd, 0xc1, 0x0, 0xfe,
    0x11, 0x0, 0x42, 0x20, 0x8, 0x44, 0x1, 0xfe,
    0xef, 0xd0, 0x2f, 0xf0, 0x86, 0xff, 0x80, 0x3f,
    0xc2, 0x1, 0xff, 0x8, 0x7, 0xff, 0x40, 0x40,
    0x2, 0x1, 0xff, 0x8, 0x6, 0x3f, 0xe0, 0x7,
    0x7e, 0x81, 0x7f, 0x84, 0x37, 0xfc, 0x0, 0xcf,
    0x30, 0xf, 0xfe, 0x51, 0xff, 0xf6, 0x1d, 0x7f,
    0xe8, 0x3b, 0xff, 0xe3, 0x0, 0xc3, 0x38, 0x76,
    0x40, 0x2, 0xa3, 0xbc, 0x40, 0xf, 0xc, 0x73,
    0x2, 0xf9, 0x0, 0xb, 0x64, 0x4e, 0xec, 0x60,
    0x14, 0xf3, 0x82, 0x65, 0x8, 0x7, 0x37, 0x38,
    0x26, 0x30, 0x2, 0xc9, 0x72, 0xcc, 0x3, 0xfa,
    0x35, 0x1d, 0x80, 0x5, 0xb4, 0x60, 0x1f, 0xfc,
    0x2, 0xb8, 0x0, 0x0,

    /* U+5185 "内" */
    0x0, 0xfd, 0x54, 0x10, 0xf, 0xfe, 0x18, 0xaa,
    0x80, 0x3f, 0xfc, 0x7d, 0xff, 0xee, 0x0, 0x77,
    0xff, 0xc0, 0x20, 0x1f, 0xfc, 0x8c, 0xee, 0xd8,
    0x0, 0xee, 0xf0, 0x7, 0x8, 0xf0, 0x0, 0x47,
    0xe0, 0xf, 0xf2, 0x80, 0x80, 0x7f, 0xf1, 0x30,
    0x0, 0xc0, 0x1f, 0xfc, 0x21, 0x50, 0x4, 0xb8,
    0x7, 0xff, 0x6, 0x0, 0xe8, 0x22, 0x0, 0x1f,
    0xf3, 0x30, 0x3d, 0x64, 0x1e, 0x0, 0x3f, 0x9a,
    0x41, 0xcc, 0x1a, 0x41, 0xe0, 0x3, 0xcd, 0x72,
    0xd, 0x0, 0x13, 0x40, 0x3a, 0x80, 0x79, 0x82,
    0x24, 0x3, 0x9d, 0x51, 0x0, 0x1c, 0xdf, 0x8e,
    0x1, 0xf5, 0x58, 0x80, 0x78, 0x8c, 0x3, 0xff,
    0x9c, 0x23, 0x10, 0x7, 0xff, 0xe, 0xbb, 0x9a,
    0x2, 0x1, 0xff, 0xc1, 0xd0, 0x11, 0x26, 0x80,

    /* U+518D "再" */
    0x18, 0x8f, 0xfe, 0x32, 0x81, 0xbb, 0xff, 0xf1,
    0xb0, 0xe, 0x67, 0xf0, 0x1, 0xa6, 0x7e, 0xa0,
    0x16, 0x6f, 0xc2, 0x16, 0xcd, 0xf1, 0x80, 0x4b,
    0x99, 0xe1, 0xc, 0xce, 0xfc, 0x0, 0xe2, 0x33,
    0xf0, 0x0, 0x4c, 0xf0, 0x18, 0x80, 0x79, 0x77,
    0x70, 0x2, 0xf7, 0x70, 0x7, 0xf8, 0x8b, 0x8,
    0x31, 0x16, 0x0, 0xfe, 0x59, 0x9c, 0x21, 0xd3,
    0x38, 0x3, 0xfc, 0xcd, 0x80, 0x6, 0xcd, 0x80,
    0x3f, 0x8f, 0x77, 0x0, 0x2b, 0x77, 0x0, 0x7f,
    0x31, 0x16, 0x10, 0x72, 0x2c, 0x1, 0xe1, 0xf0,
    0x11, 0xf0, 0x8, 0xf0, 0x0, 0xc4, 0x3f, 0x9c,
    0x13, 0xbb, 0x0, 0x33, 0xbb, 0x0, 0x37, 0xac,
    0x88, 0x1, 0x11, 0x7f, 0xc0, 0x11, 0x13, 0x75,
    0x0, 0xbb, 0xbf, 0xf0, 0x3, 0xb6, 0x40, 0x3f,
    0xfd, 0x53, 0xdd, 0x0, 0x4, 0x3, 0xff, 0x85,
    0xa2, 0x31, 0x50, 0x7, 0x3f, 0x50, 0x7, 0xc9,
    0xff, 0x6a, 0x80, 0x40,

    /* U+5199 "写" */
    0x3, 0x3f, 0xfe, 0x30, 0x96, 0x67, 0xff, 0x19,
    0xc0, 0x24, 0x4f, 0xfe, 0x10, 0x80, 0x61, 0xbb,
    0x6b, 0x15, 0xdf, 0xf2, 0x80, 0x7d, 0x84, 0x20,
    0x1f, 0xfc, 0x3, 0x9b, 0x0, 0x38, 0x3e, 0xef,
    0xec, 0xf9, 0x41, 0x65, 0x1, 0x20, 0x1, 0x17,
    0xf2, 0x31, 0x0, 0x64, 0x2, 0xff, 0xfe, 0xe0,
    0xf, 0xb0, 0x10, 0x3, 0xff, 0x8a, 0x80, 0xd9,
    0x9f, 0xbf, 0xc8, 0x1, 0xc2, 0x40, 0x3, 0x3f,
    0xc0, 0x1f, 0x87, 0xfb, 0xff, 0xf9, 0x81, 0x80,
    0x3e, 0x10, 0xf, 0xe3, 0x3, 0x0, 0xaf, 0xbb,
    0xfe, 0x80, 0x60, 0x10, 0x9, 0x84, 0x7f, 0xe2,
    0x2, 0x20, 0x6, 0xdf, 0xff, 0xfa, 0x84, 0x4c,
    0x1, 0xff, 0xc5, 0x40, 0x30, 0xf, 0xfe, 0x2f,
    0x6, 0x80, 0x7f, 0xf0, 0x17, 0xb7, 0x5c, 0x82,
    0xa0, 0x1f, 0xfc, 0x5, 0x12, 0x20, 0x95, 0x0,
    0x7f, 0xf0, 0xbf, 0xf6, 0xa0, 0x6,

    /* U+51A0 "冠" */
    0x1, 0xcc, 0xff, 0xe3, 0x38, 0x0, 0xcf, 0xff,
    0x8f, 0xc0, 0x18, 0x77, 0x7f, 0xf8, 0x4c, 0x1,
    0xf1, 0x17, 0xff, 0x8, 0x40, 0x31, 0x41, 0x2a,
    0xf9, 0x0, 0x38, 0xfd, 0xe3, 0x40, 0x27, 0x2a,
    0xaf, 0x48, 0x7, 0xc6, 0xe8, 0x1, 0xae, 0xab,
    0xd2, 0xd9, 0x9c, 0x7, 0x98, 0x10, 0x9, 0x57,
    0xe4, 0xf3, 0x3c, 0x1, 0x19, 0xc0, 0x1f, 0xf4,
    0x6e, 0xea, 0x1, 0xdd, 0x10, 0x77, 0xff, 0xf5,
    0x5, 0x11, 0x18, 0x8, 0xa0, 0x1, 0x88, 0x4,
    0x20, 0x10, 0x8a, 0x9d, 0xc0, 0x1f, 0xb7, 0xa8,
    0x17, 0xb4, 0xf, 0xaa, 0x6, 0x4, 0x3, 0xff,
    0x8e, 0xc0, 0xc0, 0x1f, 0xc6, 0x4, 0x1, 0xf5,
    0x4b, 0x80, 0x7f, 0x70, 0x78, 0x7, 0xc4, 0xe4,
    0xc0, 0xe0, 0x1e, 0x50, 0x30, 0xf, 0xcd, 0xb4,
    0x4, 0xb6, 0x60, 0x4, 0x20, 0x40, 0xf, 0xca,
    0xb4, 0xc8, 0x91, 0x0, 0x34, 0xe, 0x1, 0x88,
    0x3, 0x15, 0x51, 0x82, 0xc0, 0xc7, 0x4, 0x52,
    0x0, 0x21, 0x17, 0x6e, 0xfd, 0xc6, 0x28, 0x34,
    0x1a, 0x20, 0x16, 0xa0, 0x11, 0x7c, 0x27, 0xa0,
    0x7, 0xe3, 0x0, 0xc7, 0x7d, 0xff, 0xfb, 0xc,
    0x0,

    /* U+51B3 "决" */
    0x0, 0xff, 0xe0, 0x2b, 0x8, 0x7, 0xf2, 0x80,
    0x7f, 0x5c, 0xa8, 0x7, 0xed, 0xa7, 0x0, 0xff,
    0xe3, 0xf0, 0x42, 0x0, 0x7c, 0x20, 0x20, 0x1f,
    0x8e, 0x2, 0xc8, 0xb, 0xff, 0x0, 0x2b, 0xff,
    0x8, 0x6, 0x74, 0xe, 0x0, 0x8, 0xe0, 0x8,
    0x44, 0x1, 0xfa, 0x8e, 0x0, 0xbb, 0xb0, 0x85,
    0xf7, 0x4, 0x3, 0xe1, 0xc4, 0x0, 0xff, 0xe8,
    0x8, 0x38, 0x7, 0xff, 0x24, 0x40, 0x3f, 0xf8,
    0x27, 0x99, 0xb4, 0x1, 0x99, 0x8, 0x66, 0x4,
    0x3, 0x48, 0xb1, 0x9e, 0x20, 0x0, 0x99, 0x80,
    0x4, 0x66, 0x0, 0x91, 0xb5, 0x33, 0x32, 0x80,
    0x4b, 0x99, 0xc4, 0x1, 0x40, 0x58, 0x99, 0xe6,
    0x3, 0x6, 0x33, 0xe0, 0x9, 0xc, 0x1c, 0x3,
    0x19, 0x83, 0x84, 0xd4, 0x3, 0xe8, 0x7, 0x0,
    0xee, 0x6, 0x28, 0xb, 0x10, 0xe, 0x53, 0x9,
    0x0, 0xd6, 0x43, 0x0, 0xc4, 0x3a, 0x1, 0xd0,
    0xe, 0x20, 0x2, 0xc4, 0xd, 0x10, 0x7, 0x81,
    0xe1, 0x0, 0x8, 0xc2, 0x40, 0x63, 0x4c, 0x70,
    0xc0, 0x22, 0xb0, 0x3d, 0x91, 0x2f, 0xb1, 0x3,
    0x60, 0x3f, 0x30, 0xe, 0x4d, 0x30, 0x21, 0x1,
    0x40, 0x1, 0x6d, 0x60, 0x80, 0x7c, 0x59, 0x54,
    0x0,

    /* U+51B7 "冷" */
    0x0, 0xff, 0xe0, 0x9, 0x80, 0x7f, 0x8c, 0x3,
    0xfa, 0x33, 0x40, 0x3f, 0x66, 0x14, 0x3, 0xe3,
    0x60, 0x20, 0xf, 0xd4, 0x16, 0x20, 0x1c, 0x3c,
    0x1, 0x48, 0x7, 0xcc, 0x63, 0x60, 0x1d, 0x44,
    0x3a, 0x2c, 0xe0, 0x1f, 0x78, 0x29, 0x80, 0x54,
    0x81, 0xa5, 0xa1, 0xe, 0x1, 0xe3, 0x40, 0x40,
    0x5, 0xa8, 0x51, 0x81, 0xd0, 0x44, 0x80, 0x7a,
    0x35, 0xcb, 0x50, 0x29, 0xf2, 0x81, 0x64, 0x1b,
    0x8, 0x3, 0x19, 0x2e, 0x90, 0xda, 0x90, 0xac,
    0x83, 0x40, 0x1f, 0x80, 0x79, 0x50, 0xfd, 0x0,
    0x1e, 0x2e, 0x20, 0xf6, 0x3e, 0x1, 0xf5, 0xe0,
    0x8, 0xc7, 0x58, 0x2, 0x24, 0xe2, 0x0, 0xc2,
    0xc0, 0x3, 0xee, 0xeb, 0xde, 0xec, 0x80, 0x1c,
    0xd3, 0x40, 0x24, 0x5f, 0x80, 0x2, 0xc0, 0x1d,
    0x41, 0x80, 0x5b, 0xbf, 0x78, 0x84, 0x10, 0x6,
    0x42, 0x6, 0x0, 0xfc, 0x3e, 0x2a, 0xe0, 0x1d,
    0xc0, 0xa0, 0x1d, 0x4, 0x0, 0xd2, 0x3a, 0x0,
    0xe2, 0x50, 0x90, 0xd, 0xf, 0xb1, 0x86, 0x5a,
    0x1, 0xeb, 0x2, 0x30, 0xd, 0x12, 0xe, 0x61,
    0x82, 0x1, 0xc2, 0xc1, 0x60, 0x1e, 0x6d, 0x20,
    0x3, 0x80, 0x78, 0x64, 0xd8, 0x3, 0xe2, 0xd6,
    0x9, 0x80, 0xf, 0x36, 0x0, 0x7f, 0xa6, 0x45,
    0x40, 0x1f, 0xfc, 0x76, 0xd2, 0x0, 0xe0,

    /* U+51C6 "准" */
    0x0, 0xfe, 0x34, 0x10, 0x2, 0x88, 0x7, 0xc5,
    0x20, 0x1e, 0x8b, 0x40, 0x8a, 0xb0, 0xf, 0xbd,
    0xa4, 0x3, 0xa, 0xa, 0x84, 0x82, 0xa0, 0x7,
    0xa4, 0x18, 0xc0, 0x29, 0x6, 0x0, 0xb, 0x86,
    0x0, 0x79, 0x14, 0x3c, 0x0, 0x2e, 0xf, 0xbb,
    0x30, 0x2e, 0xed, 0x0, 0x14, 0x1, 0xa8, 0x40,
    0x4, 0x45, 0x8, 0x11, 0x70, 0x4, 0x4a, 0x0,
    0x26, 0x1, 0xff, 0xc2, 0x1d, 0xff, 0x50, 0x6,
    0x8e, 0x59, 0x0, 0x10, 0x7, 0xff, 0xc, 0x85,
    0xd0, 0x0, 0x23, 0xe0, 0x21, 0x18, 0x3, 0xc9,
    0x1, 0x0, 0x5d, 0xd8, 0x1, 0x9d, 0xd1, 0x80,
    0x72, 0x2b, 0xa8, 0x1, 0x13, 0x0, 0x9, 0x12,
    0x10, 0xe, 0x3a, 0x80, 0x1, 0xdd, 0xe1, 0xc,
    0xbb, 0x88, 0x3, 0x16, 0x68, 0x7, 0xff, 0x1e,
    0x81, 0x80, 0x23, 0xff, 0xc2, 0x1d, 0xff, 0x18,
    0x6, 0x60, 0xe0, 0xc, 0x45, 0x80, 0x22, 0x28,
    0x40, 0x26, 0x10, 0x50, 0x8, 0xf7, 0x70, 0x87,
    0x6e, 0xc4, 0x1, 0x58, 0x30, 0x7, 0xff, 0x19,
    0x8, 0x2c, 0x3, 0x1a, 0x26, 0x10, 0x74, 0x4c,
    0x0, 0x80, 0x42, 0x0, 0xeb, 0xbc, 0x0, 0x9b,
    0xbc, 0x21, 0x27, 0xe0, 0x1e, 0x66, 0xff, 0x84,
    0x17, 0x10, 0x3, 0x8e, 0x67, 0xfe, 0x0,

    /* U+51CF "减" */
    0x0, 0xff, 0xe1, 0x1b, 0x91, 0x40, 0x1c, 0x60,
    0x1f, 0xf2, 0x42, 0x7e, 0xa8, 0x5, 0xb8, 0x20,
    0x1f, 0xe1, 0x0, 0x79, 0x52, 0x80, 0x2c, 0x2c,
    0x2, 0x10, 0xf, 0xdc, 0x5e, 0x8e, 0x0, 0x61,
    0x52, 0xc, 0xef, 0xff, 0x48, 0x3f, 0xea, 0x68,
    0x5, 0x21, 0x60, 0x10, 0x99, 0xf0, 0x4, 0x67,
    0x80, 0x26, 0x6, 0x0, 0xbf, 0x33, 0xc0, 0xd9,
    0x98, 0x2, 0x17, 0xa0, 0x8, 0xe6, 0x79, 0xc0,
    0xc0, 0x10, 0x60, 0x1a, 0x14, 0x3, 0x33, 0x70,
    0x0, 0x41, 0x1e, 0x80, 0x3f, 0x8f, 0xff, 0x90,
    0x18, 0x34, 0x34, 0x3, 0xf8, 0x67, 0xea, 0xa2,
    0x13, 0x7, 0x14, 0x0, 0xcc, 0x80, 0x19, 0x81,
    0x56, 0x12, 0x15, 0x17, 0x0, 0xe8, 0xb0, 0x10,
    0x9, 0x3f, 0x0, 0xc, 0x16, 0x16, 0x1, 0x8c,
    0x50, 0xc, 0x40, 0x3e, 0x20, 0x14, 0x20, 0xd,
    0x41, 0xa0, 0x24, 0x1, 0xf6, 0x80, 0x20, 0x3,
    0x9c, 0x1c, 0x81, 0x80, 0x9, 0xf8, 0x0, 0xd0,
    0x1, 0x83, 0x0, 0x10, 0x50, 0x50, 0x34, 0x2,
    0x44, 0x99, 0xc0, 0x22, 0x95, 0xf, 0xe, 0xc,
    0x4, 0x3, 0x6b, 0xb4, 0xd8, 0x8, 0x23, 0x3,
    0x12, 0x2, 0x8a, 0x81, 0x86, 0x48, 0x1e, 0xc,
    0x50, 0x4f, 0x81, 0x94, 0xc0, 0x48, 0x30, 0x6,
    0x3c, 0x18, 0x74, 0x32, 0x44, 0x0, 0x19, 0xc2,
    0x92, 0x0, 0x31, 0xbd, 0x38, 0x3, 0x4c, 0x64,
    0x3, 0x8a, 0xc4, 0x3, 0xa1, 0x40, 0x21, 0xce,
    0x20,

    /* U+51E0 "几" */
    0x0, 0xe2, 0x75, 0x33, 0xe4, 0x74, 0x0, 0xff,
    0xa6, 0x2b, 0x33, 0xae, 0x2c, 0x40, 0x3f, 0xf8,
    0x24, 0x5c, 0x20, 0x1f, 0xfc, 0x38, 0xdd, 0xef,
    0x0, 0xff, 0xff, 0x80, 0x7f, 0xf9, 0x1c, 0x4,
    0x3, 0xff, 0x8e, 0x20, 0x60, 0x1f, 0xfc, 0x72,
    0x6, 0x0, 0xff, 0xe3, 0x10, 0x0, 0xc0, 0x3f,
    0xf8, 0xc8, 0x4, 0x1, 0xff, 0xc0, 0x10, 0xf,
    0x50, 0x28, 0x7, 0xff, 0x2, 0xa8, 0x20, 0x12,
    0x18, 0x50, 0x7, 0xff, 0x1, 0xd4, 0x80, 0x29,
    0x4, 0x20, 0xf, 0xfe, 0x0, 0x81, 0x0, 0x28,
    0x82, 0x40, 0x3e, 0x10, 0x1, 0x0, 0x90, 0x8,
    0x52, 0x84, 0x90, 0x7, 0xe1, 0xc, 0xfe, 0x4,
    0x0, 0xce, 0xc0, 0x1f, 0xd6, 0x20, 0x11, 0x48,
    0x2, 0xae, 0x0, 0x3f, 0xcb, 0xdf, 0xf6, 0x90,
    0x0,

    /* U+51FA "出" */
    0x0, 0xf8, 0xaa, 0x80, 0x1f, 0xfc, 0x31, 0x55,
    0x8, 0x7, 0xe9, 0xb3, 0x0, 0xff, 0x25, 0xd0,
    0x1, 0x10, 0xc0, 0x1f, 0xe1, 0x45, 0x0, 0xff,
    0xff, 0x85, 0x7f, 0xd8, 0x0, 0xef, 0xfa, 0x80,
    0x3f, 0xf9, 0x59, 0xdd, 0xd4, 0x0, 0xde, 0xef,
    0x2, 0x20, 0xc4, 0x73, 0x0, 0xc, 0x47, 0x1a,
    0x22, 0xa8, 0x80, 0x1f, 0xfc, 0xa, 0xa4, 0x80,
    0x7f, 0xff, 0xb9, 0x13, 0x80, 0x8, 0x9e, 0x0,
    0xcf, 0x77, 0xa0, 0x1, 0x57, 0x78, 0xc0, 0xa,
    0x45, 0xff, 0xc2, 0x0, 0xaf, 0x77, 0xff, 0x84,
    0xe0, 0x0,

    /* U+51FB "击" */
    0x0, 0xfe, 0x55, 0x0, 0x7f, 0xf1, 0xaa, 0x84,
    0x1, 0xff, 0xd2, 0x11, 0xf1, 0x0, 0x18, 0x47,
    0xc0, 0x11, 0x77, 0x7b, 0x40, 0x17, 0xdd, 0xe3,
    0x0, 0x18, 0x7, 0xff, 0x1c, 0x7f, 0xfe, 0x0,
    0x6f, 0xff, 0x8c, 0x3, 0xff, 0x92, 0x23, 0xf8,
    0x80, 0xc, 0x23, 0xfa, 0xbb, 0xbe, 0xd0, 0x5,
    0xf7, 0x7d, 0x40, 0x1f, 0xfc, 0x8b, 0xff, 0xfc,
    0x0, 0xdf, 0xff, 0xac, 0x1, 0x12, 0x40, 0x1f,
    0xe2, 0x98, 0x0, 0xcc, 0xd0, 0x7, 0xf9, 0x98,
    0xa0, 0x1f, 0xff, 0x6c, 0x55, 0xc0, 0x5, 0x5d,
    0xa0, 0x60, 0x1e, 0x7a, 0xac, 0x0, 0x8a, 0xa9,
    0x80, 0x40, 0x32, 0x27, 0xff, 0x4, 0x3, 0xea,
    0xbb, 0xff, 0xe0, 0x81, 0x0, 0x0,

    /* U+5206 "分" */
    0x0, 0xf1, 0x80, 0x78, 0x84, 0x3, 0xfe, 0x3c,
    0xf3, 0x0, 0x9f, 0x6c, 0x3, 0xfe, 0x90, 0x23,
    0x0, 0x94, 0x14, 0xc0, 0x3f, 0x8d, 0x42, 0x0,
    0x31, 0x30, 0x70, 0x7, 0xf7, 0x81, 0xa8, 0x7,
    0x48, 0x94, 0x80, 0x7d, 0x6, 0x1e, 0x1, 0xf5,
    0x3, 0x30, 0x3, 0x95, 0xc1, 0xcc, 0x3, 0xe4,
    0x60, 0x94, 0x0, 0x92, 0x81, 0x20, 0x3, 0xfa,
    0x4c, 0x2d, 0x1, 0xac, 0x0, 0x51, 0x1f, 0xee,
    0x60, 0x5, 0x99, 0x1, 0x23, 0x3b, 0xff, 0x85,
    0x6c, 0x5c, 0xd3, 0x31, 0xee, 0xf0, 0x4, 0xef,
    0x98, 0x0, 0xbf, 0x0, 0x3, 0x14, 0x88, 0x88,
    0x2a, 0x23, 0x80, 0x2, 0x20, 0xf, 0xe2, 0x7,
    0x0, 0xc6, 0x1, 0xff, 0xc0, 0x40, 0x12, 0x0,
    0xc2, 0x2, 0x1, 0xfe, 0xe0, 0x40, 0xe, 0x70,
    0x30, 0xf, 0xe3, 0x50, 0x90, 0xe, 0x20, 0x10,
    0xf, 0xc3, 0xc0, 0x86, 0x1, 0xc2, 0xe, 0x1,
    0xf0, 0xe9, 0x4, 0x80, 0x7b, 0x40, 0x80, 0x3c,
    0xbe, 0x61, 0x64, 0x0, 0x10, 0x0, 0xa0, 0x78,
    0x6, 0x2e, 0xa1, 0x16, 0x20, 0x5, 0x9f, 0xee,
    0x10, 0x70, 0xc, 0x4e, 0xf, 0xe6, 0x1, 0x94,
    0x2, 0x2a, 0x10, 0xe, 0x9f, 0x81, 0x0, 0xe8,
    0xff, 0xb5, 0x40, 0x38,

    /* U+5207 "切" */
    0x0, 0xaf, 0x4, 0x3, 0xff, 0x8c, 0xa6, 0x1,
    0xb7, 0x7f, 0xbf, 0xc8, 0x1, 0xf8, 0x48, 0xbf,
    0x80, 0x2, 0x1, 0xf8, 0x77, 0x62, 0x8, 0xdd,
    0x80, 0x2, 0x1, 0xf1, 0xb1, 0x14, 0x20, 0x45,
    0xc0, 0x18, 0x84, 0x3f, 0xd9, 0x26, 0x1, 0x84,
    0x3, 0x9e, 0x3f, 0x40, 0x2, 0x6, 0xc2, 0x0,
    0x10, 0x70, 0x8, 0xc0, 0x1e, 0x2, 0x0, 0xaf,
    0xc9, 0x20, 0x1, 0x80, 0x80, 0x70, 0xb7, 0x70,
    0x41, 0x0, 0x3c, 0x20, 0x40, 0x10, 0x80, 0x4,
    0x40, 0x1f, 0xc2, 0x2, 0x1, 0xe3, 0x0, 0xff,
    0x94, 0xc, 0x3, 0xff, 0x8c, 0x60, 0xe0, 0x10,
    0x80, 0x4, 0x3, 0xe6, 0xd3, 0xb, 0xc, 0x0,
    0x8c, 0x3, 0xf4, 0x74, 0x93, 0x9, 0x83, 0x80,
    0x42, 0x2, 0x1, 0x20, 0x83, 0xa, 0x62, 0xc8,
    0x18, 0x80, 0x4c, 0x6, 0x1, 0x58, 0x1, 0x32,
    0xcc, 0x9c, 0x24, 0x3, 0x18, 0x30, 0x5, 0x21,
    0x96, 0x60, 0x3e, 0x6, 0xa0, 0x1b, 0xc0, 0x80,
    0x26, 0xf3, 0x0, 0xe, 0x90, 0x70, 0x8, 0x80,
    0x9c, 0x3c, 0x3, 0xe2, 0xf3, 0xb, 0x20, 0x2e,
    0xfd, 0x10, 0x70, 0xf, 0x8a, 0x47, 0x10, 0x0,
    0x62, 0x0, 0x2b, 0x10, 0xf, 0xcf, 0xe6, 0x1,
    0xbb, 0xfd, 0xa8, 0x0,

    /* U+5212 "划" */
    0x0, 0x8a, 0x18, 0x3, 0xff, 0x80, 0x8a, 0x1,
    0x99, 0xe8, 0x73, 0x2, 0x1, 0xfa, 0xa8, 0x40,
    0x13, 0x80, 0x89, 0x8f, 0x4, 0x2, 0x22, 0x0,
    0x7e, 0x10, 0xa, 0x94, 0xb0, 0x2, 0xdd, 0x0,
    0x7f, 0x8c, 0x1, 0x49, 0x0, 0x1f, 0xfc, 0x13,
    0x1, 0x0, 0xa4, 0x59, 0x80, 0x1f, 0xc8, 0xac,
    0x0, 0xef, 0xf6, 0xdc, 0xc0, 0x7, 0xe3, 0xba,
    0x80, 0x0, 0x80, 0x9a, 0x34, 0x80, 0x7e, 0x24,
    0x68, 0x0, 0x47, 0xf7, 0x3e, 0x5c, 0x3, 0xf0,
    0xdc, 0xbb, 0x0, 0x68, 0xb8, 0x0, 0xff, 0xe0,
    0xf0, 0x68, 0x12, 0x84, 0x80, 0x7f, 0xf0, 0x4c,
    0x1c, 0x24, 0x18, 0x40, 0x3f, 0xf8, 0x2a, 0x4,
    0xc8, 0x30, 0x1, 0xff, 0xc2, 0x12, 0x9, 0x8,
    0x10, 0xf, 0xfe, 0x1a, 0x0, 0x15, 0x80, 0x3f,
    0xf8, 0x8c, 0x0, 0xb0, 0x3, 0x88, 0x7f, 0x80,
    0x3f, 0xe, 0x0, 0x48, 0x0, 0x9f, 0x0, 0xff,
    0x1f, 0x98, 0xb0, 0x40, 0x0, 0x4c, 0x3, 0xfa,
    0x70, 0x4b, 0xe4, 0x4a, 0x9c, 0x1c, 0x3, 0x8,
    0x80, 0xc0, 0xc1, 0x74, 0x43, 0x41, 0x60, 0x3c,
    0x7, 0xfd, 0xc0, 0x1, 0xa, 0xba, 0x0, 0x8f,
    0x10, 0x9d, 0x40, 0x50, 0x4, 0xe8, 0x0,

    /* U+5217 "列" */
    0x0, 0xff, 0xe3, 0x2b, 0x8, 0x33, 0xbf, 0xf8,
    0xc0, 0x3a, 0xe4, 0x82, 0x23, 0xfe, 0x50, 0x11,
    0x0, 0x7a, 0x5d, 0xc0, 0x13, 0xbf, 0x29, 0x77,
    0x80, 0x79, 0xe2, 0x2, 0x1b, 0x11, 0xc6, 0x1,
    0xff, 0x10, 0x88, 0x80, 0x3f, 0xf8, 0xaa, 0x3,
    0x33, 0x55, 0x14, 0x3, 0xff, 0x81, 0x40, 0x6,
    0x69, 0x55, 0xc0, 0x1f, 0xf2, 0x10, 0x55, 0x62,
    0x2, 0x0, 0xff, 0xa0, 0x25, 0x57, 0x30, 0x60,
    0x7, 0xf9, 0x8c, 0x58, 0x3, 0x20, 0x20, 0x7,
    0xfa, 0x2, 0x1e, 0x80, 0xa, 0x6, 0x20, 0x1f,
    0xed, 0x57, 0x85, 0xd2, 0xe0, 0xb0, 0xf, 0xf8,
    0xe8, 0x74, 0x4b, 0x50, 0x18, 0x3, 0xff, 0x84,
    0x5e, 0x60, 0x7, 0x10, 0xf, 0xfe, 0x18, 0xa8,
    0xc, 0x0, 0x45, 0x36, 0x1, 0xfe, 0x56, 0xb,
    0x0, 0xe6, 0x50, 0xf, 0xe7, 0xa0, 0x75, 0x0,
    0xff, 0xe1, 0x15, 0x40, 0x34, 0x0, 0x7f, 0x84,
    0x2, 0x4d, 0x50, 0x89, 0x0, 0xfd, 0x3f, 0xe0,
    0x1, 0x2, 0x1a, 0x6b, 0x80, 0x7f, 0x50, 0x0,
    0xa4, 0x40, 0x1b, 0x64, 0x1, 0xfe, 0x3f, 0xf6,
    0xb0, 0x0,

    /* U+5219 "则" */
    0x0, 0xff, 0xe3, 0x11, 0x80, 0x48, 0x9f, 0xe0,
    0xf, 0x66, 0x8, 0x1, 0x77, 0xfd, 0x40, 0x6,
    0x50, 0xf, 0xe6, 0x6f, 0x0, 0x69, 0xb0, 0xf,
    0xc3, 0x33, 0xd0, 0x1, 0xff, 0xc4, 0x1f, 0xe0,
    0xf, 0xff, 0xf8, 0x7, 0xff, 0xe4, 0xc0, 0x80,
    0x3f, 0xf8, 0xc2, 0xe, 0x1, 0xff, 0xc6, 0x40,
    0x20, 0x8, 0xc0, 0x3f, 0xef, 0xe0, 0xa0, 0xc5,
    0x1f, 0xd0, 0xf, 0xfe, 0xb, 0x10, 0xfd, 0x48,
    0x6, 0xfe, 0x0, 0xfc, 0x72, 0x17, 0x2, 0xd6,
    0x1, 0xff, 0xc0, 0x6c, 0x6, 0x52, 0xf2, 0x4b,
    0x0, 0x8, 0xc4, 0x20, 0x16, 0x48, 0x34, 0x80,
    0x7, 0x9, 0x44, 0x23, 0xb9, 0xa0, 0x2, 0xa,
    0x2a, 0x90, 0xc, 0x3f, 0xa2, 0x14, 0x0, 0x13,
    0xb0, 0x3, 0x6a, 0x80, 0x78, 0x8c, 0x0, 0x7f,
    0xee, 0xc4, 0x0,

    /* U+522B "别" */
    0x0, 0xff, 0xe3, 0x11, 0x80, 0x55, 0x5f, 0xa4,
    0x3, 0xec, 0xc1, 0x0, 0xaa, 0xfe, 0x70, 0xf,
    0xfe, 0x9, 0x66, 0x6b, 0x0, 0xc9, 0xf6, 0x1,
    0xfc, 0x67, 0x94, 0x3, 0xce, 0x1, 0xff, 0xd2,
    0x11, 0xc6, 0x1, 0xff, 0xc3, 0x2e, 0xed, 0xa0,
    0x1f, 0xfc, 0x11, 0x33, 0xfc, 0xa0, 0x1f, 0xfc,
    0xc, 0xc6, 0xba, 0x66, 0x56, 0x1, 0xff, 0xc2,
    0x24, 0x30, 0xf, 0xfe, 0x1e, 0x7f, 0xb0, 0x13,
    0xff, 0x30, 0x7, 0xf9, 0xc4, 0x40, 0x10, 0x88,
    0x0, 0x60, 0x1f, 0xeb, 0xee, 0x40, 0x47, 0x71,
    0x0, 0x3f, 0xf8, 0x78, 0x6, 0x0, 0x70, 0x10,
    0xf, 0xfe, 0xa, 0x2, 0x80, 0x4, 0x1c, 0x16,
    0xa0, 0x3, 0xf3, 0x2, 0x8, 0x0, 0x80, 0x40,
    0x55, 0x0, 0x3e, 0x18, 0xf, 0x0, 0x8, 0x0,
    0x80, 0x3f, 0xc3, 0xa2, 0x88, 0x0, 0x20, 0x8,
    0x6, 0x11, 0xc0, 0x1, 0xf3, 0x35, 0x7, 0x72,
    0x81, 0x0, 0x37, 0xf7, 0x0, 0x4, 0x2c, 0xba,
    0x20, 0x82, 0x9, 0x60, 0x19, 0x0, 0x4e, 0x80,
    0x11, 0x42, 0x0, 0xaf, 0xf5, 0x88, 0x6, 0xaf,
    0xec, 0x50,

    /* U+5230 "到" */
    0x0, 0xff, 0xe3, 0x8, 0x7, 0xff, 0x1b, 0xb8,
    0x2f, 0xff, 0xfe, 0xe0, 0x65, 0x0, 0xe1, 0x33,
    0x0, 0x44, 0x67, 0x94, 0x26, 0xc0, 0x39, 0xb3,
    0x8, 0xf, 0xbc, 0xb9, 0x8b, 0x0, 0xff, 0x22,
    0x6, 0x42, 0x9a, 0x80, 0x3f, 0xf8, 0x12, 0x16,
    0x21, 0x6, 0xac, 0x1, 0xfe, 0xc2, 0xf, 0xcd,
    0xe3, 0x9, 0x20, 0xf, 0xe3, 0x0, 0x29, 0x81,
    0x20, 0x2, 0x0, 0x3f, 0xae, 0xdb, 0xf9, 0x1b,
    0x7e, 0xd6, 0x1, 0xfc, 0x88, 0x20, 0xfa, 0x20,
    0x4, 0x88, 0x7, 0xf8, 0x47, 0x3, 0x88, 0xc0,
    0x1f, 0xef, 0xee, 0x88, 0x2f, 0xba, 0x60, 0xf,
    0xe3, 0x22, 0x80, 0x22, 0x28, 0xc0, 0x3f, 0xb3,
    0x76, 0x30, 0xcd, 0xd9, 0x40, 0x3f, 0xf9, 0x46,
    0x1, 0xff, 0xc1, 0x36, 0x98, 0xf, 0xd0, 0xf,
    0x85, 0x1c, 0xc3, 0x31, 0x2c, 0x60, 0x1f, 0x9f,
    0xb9, 0x70, 0x0, 0x16, 0xad, 0xb0, 0xe, 0x10,
    0x8, 0x40, 0xde, 0xbb, 0x92, 0xa4, 0x1, 0x6f,
    0xf8, 0x0, 0x2d, 0x7f, 0x90, 0xa2, 0x1, 0xf5,
    0x0, 0x9d, 0x0,

    /* U+5236 "制" */
    0x0, 0xf3, 0x38, 0x7, 0xfc, 0x86, 0x0, 0x4e,
    0x80, 0x88, 0x8, 0x7, 0xf1, 0xdf, 0x80, 0x34,
    0x7c, 0x3, 0xfc, 0xca, 0x1, 0xe4, 0x0, 0x20,
    0x82, 0x26, 0x10, 0x29, 0x90, 0x7, 0x11, 0x2,
    0x2c, 0x1, 0x57, 0x72, 0x0, 0x7f, 0x58, 0x1,
    0x98, 0x0, 0x46, 0x6c, 0x1, 0xf8, 0x58, 0x32,
    0x64, 0x21, 0x53, 0x31, 0x80, 0x7e, 0x16, 0x35,
    0x66, 0x8, 0x33, 0x70, 0x80, 0x7c, 0x4c, 0x73,
    0x30, 0x2, 0x26, 0x71, 0x0, 0x7c, 0x6e, 0xfc,
    0x0, 0x57, 0x7c, 0x40, 0x1f, 0xc, 0x47, 0x8,
    0x5c, 0x46, 0x10, 0xf, 0xe8, 0x8c, 0x21, 0x11,
    0x73, 0x80, 0x7f, 0xb, 0xbe, 0x0, 0x33, 0xb8,
    0x68, 0x3, 0xfe, 0x2a, 0xa0, 0x2, 0x6a, 0x40,
    0x3f, 0xf8, 0x22, 0xaa, 0x10, 0x75, 0x60, 0xc,
    0x2e, 0x1, 0xff, 0xc6, 0x2e, 0xb0, 0xf, 0xfe,
    0xb4, 0xd0, 0x8, 0x7, 0xff, 0x19, 0x42, 0xc0,
    0x2, 0x33, 0x0, 0x43, 0xf8, 0x1, 0xd3, 0xde,
    0xe0, 0x5, 0xee, 0x50, 0x30, 0x7, 0xf8, 0x40,
    0x32, 0x0, 0x5, 0x20, 0x3, 0xdd, 0xe2, 0x1,
    0xf7, 0xfb, 0xac, 0x80,

    /* U+5237 "刷" */
    0x0, 0xff, 0xe3, 0x22, 0x80, 0x4f, 0xf1, 0x1f,
    0x98, 0x3, 0xa6, 0x88, 0x1, 0x40, 0xef, 0xfa,
    0xc1, 0xe0, 0x3, 0xfa, 0x6a, 0xba, 0x0, 0x28,
    0x70, 0xf, 0xe6, 0x55, 0xf0, 0x7, 0xff, 0x8,
    0xc8, 0xb9, 0x80, 0x3f, 0xf8, 0x59, 0xbb, 0xd6,
    0x1, 0xff, 0xc2, 0x44, 0x80, 0x8, 0x92, 0x80,
    0x7f, 0xf0, 0x2e, 0xe4, 0xa, 0xbb, 0x40, 0x7,
    0xff, 0x0, 0xd1, 0x20, 0x44, 0x3a, 0x0, 0x7f,
    0xf0, 0x3a, 0xec, 0x0, 0xab, 0x8b, 0x0, 0xff,
    0x18, 0x0, 0xa0, 0x0, 0xf0, 0x1, 0xff, 0xc0,
    0x11, 0x3, 0x3a, 0x4, 0xb9, 0x88, 0x7, 0xfc,
    0x40, 0x1f, 0xfc, 0x61, 0x7, 0x0, 0xff, 0xe3,
    0x28, 0x10, 0x7, 0xfb, 0xfc, 0x1, 0xe3, 0xc,
    0x0, 0xe3, 0x21, 0x0, 0xff, 0x60, 0x38, 0x7,
    0x3e, 0x91, 0x0, 0x3f, 0xa, 0x9, 0x2e, 0x0,
    0x49, 0x13, 0xa0, 0x1, 0x18, 0xc0, 0x4, 0xe,
    0x10, 0xe0, 0x19, 0xd8, 0x40, 0x17, 0xdc, 0x10,
    0x23, 0xdb, 0x0, 0xc2, 0x1, 0xf7, 0x80, 0xa,
    0x80,

    /* U+523B "刻" */
    0x0, 0xe3, 0x30, 0x7, 0xff, 0x14, 0xf3, 0x44,
    0x3, 0xfb, 0x3d, 0x40, 0x31, 0xa0, 0xc8, 0x7,
    0x84, 0x3, 0xb7, 0xba, 0xf4, 0x7, 0xee, 0xc6,
    0x6e, 0xb0, 0xc, 0x62, 0x30, 0x6, 0x11, 0xce,
    0x1, 0xf7, 0x7f, 0xac, 0x1, 0xbf, 0xfc, 0x80,
    0x1f, 0xc3, 0x41, 0x44, 0x9, 0x48, 0x1, 0xfe,
    0x1d, 0x18, 0x50, 0x4, 0xa8, 0x80, 0x7f, 0x17,
    0x18, 0x75, 0x53, 0xc8, 0xd4, 0x3, 0xff, 0x82,
    0xca, 0xa0, 0x7, 0x0, 0x7f, 0x89, 0xeb, 0x36,
    0x40, 0x14, 0x50, 0x60, 0x1f, 0xd0, 0xa6, 0x92,
    0x12, 0xac, 0xfa, 0x1, 0xff, 0x54, 0x84, 0x31,
    0x40, 0x58, 0x7, 0xf3, 0x72, 0x85, 0x38, 0x78,
    0xaa, 0x80, 0x3f, 0x3c, 0x89, 0x6a, 0x86, 0x11,
    0xd0, 0x7, 0xf3, 0x9b, 0xe9, 0xe, 0x18, 0x48,
    0x4, 0x79, 0x20, 0x1d, 0x90, 0x7, 0xe6, 0x0,
    0xa5, 0x0, 0x8c, 0x80, 0x3e, 0x8c, 0x13, 0xe8,
    0xa, 0x50, 0xf, 0xe5, 0xd7, 0x6, 0xc1, 0x78,
    0xa, 0x40, 0xf, 0xd, 0x50, 0x86, 0xe4, 0x2,
    0x76, 0x25, 0x8, 0xee, 0x18, 0x3d, 0x8b, 0xf2,
    0x0, 0x74, 0xe8, 0x86, 0x8, 0xcc, 0x63, 0xd0,
    0x1, 0xff, 0x27, 0xfb, 0xa4, 0x0,

    /* U+524D "前" */
    0x0, 0xc4, 0x60, 0x1f, 0x8d, 0x0, 0x3e, 0x5d,
    0xd1, 0x0, 0x7d, 0xd7, 0x20, 0x1e, 0x54, 0x1e,
    0x0, 0xf3, 0x10, 0x40, 0x7, 0xd2, 0x4, 0x60,
    0x18, 0xa4, 0x24, 0x40, 0x2e, 0xff, 0xb4, 0x7,
    0x3f, 0xf6, 0x80, 0x27, 0xfe, 0xe2, 0x2f, 0xfe,
    0x46, 0x6e, 0xff, 0xf1, 0xb0, 0xd, 0x57, 0x99,
    0xd0, 0x0, 0x22, 0x0, 0x2e, 0x30, 0x2, 0xab,
    0xd3, 0x10, 0x0, 0x7f, 0x0, 0x8, 0xfc, 0x3,
    0x2c, 0x44, 0x80, 0x1f, 0xfc, 0x3c, 0x77, 0xbc,
    0x3, 0xff, 0x87, 0x37, 0x78, 0x3, 0xff, 0x88,
    0xcd, 0x0, 0x7f, 0xf1, 0x27, 0x76, 0xb0, 0xf,
    0xfe, 0x1e, 0x22, 0x58, 0x1, 0xff, 0xc3, 0x5b,
    0xb9, 0xc0, 0x3f, 0xf8, 0x69, 0x55, 0x30, 0x6,
    0x30, 0xf, 0xf6, 0xaa, 0xda, 0x1, 0xb7, 0xc0,
    0x3f, 0xf9, 0x5e, 0x1, 0xfa, 0x32, 0x41, 0xc0,
    0x27, 0xff, 0x38, 0x70, 0x6, 0x30, 0xd3, 0x24,
    0x80, 0x9, 0x40, 0x2, 0xce, 0x0,

    /* U+5269 "剩" */
    0x0, 0xfe, 0x37, 0x10, 0xe, 0x57, 0x20, 0x45,
    0x68, 0x9d, 0xff, 0x64, 0x60, 0x80, 0x69, 0x86,
    0xb, 0xa9, 0x76, 0x20, 0x36, 0x9f, 0x10, 0xf,
    0xd5, 0x4b, 0xcc, 0x1, 0x64, 0xb1, 0x0, 0x3f,
    0x0, 0x31, 0x0, 0x5, 0x90, 0x9, 0x57, 0x88,
    0x4, 0x3, 0x5d, 0x56, 0x80, 0x5, 0x57, 0x38,
    0x7, 0xb6, 0x23, 0x30, 0x2, 0x23, 0x98, 0x3,
    0xc8, 0xee, 0x8f, 0x80, 0x25, 0x83, 0x77, 0x18,
    0x7, 0x92, 0x64, 0x1, 0xf1, 0x5b, 0x80, 0x7c,
    0x4e, 0xe0, 0xf, 0xa5, 0x44, 0x3, 0xe6, 0xee,
    0x0, 0x7c, 0xbc, 0xc0, 0x1f, 0x13, 0x50, 0x7,
    0xdc, 0x56, 0x60, 0x1e, 0xb9, 0x60, 0x1, 0x81,
    0x18, 0x7c, 0xa0, 0x7, 0xd7, 0xd8, 0x3f, 0x0,
    0x13, 0x80, 0x1c, 0xc0, 0x3c, 0x42, 0x1c, 0x6a,
    0x0, 0xee, 0x5d, 0xa0, 0x3, 0xfc, 0x76, 0x1,
    0xc, 0xd8, 0x80, 0x2a, 0x40, 0x3c, 0x5a, 0x14,
    0x5, 0xe4, 0x9e, 0x80, 0xa8, 0x1, 0xc9, 0x83,
    0x48, 0x0, 0x1d, 0x41, 0xf0, 0xf, 0x9e, 0xc6,
    0x54, 0x3, 0xad, 0xa8, 0x3, 0xe3, 0xa, 0x60,
    0xf, 0xa4, 0x42, 0x3f, 0xc6, 0xc, 0x9c, 0xa0,
    0x10, 0xb0, 0x7, 0xac, 0x0, 0x50, 0x40,

    /* U+526F "副" */
    0x0, 0xff, 0xe2, 0xa2, 0x2, 0xae, 0xff, 0xe3,
    0x0, 0xd5, 0x62, 0x89, 0xff, 0xc0, 0x70, 0xf,
    0xbb, 0xff, 0xfe, 0x4c, 0xf1, 0x0, 0xe5, 0x99,
    0xfe, 0x10, 0xf, 0xef, 0x66, 0xfe, 0x30, 0xf,
    0xfa, 0xff, 0xf8, 0x80, 0x3f, 0xfa, 0xbf, 0x55,
    0xc4, 0x1, 0xff, 0x18, 0x22, 0xaf, 0x0, 0x7f,
    0xf0, 0x27, 0xff, 0xf8, 0x80, 0x3f, 0x25, 0xdf,
    0xfc, 0x1, 0xf8, 0x91, 0xa, 0xa4, 0x49, 0x54,
    0x88, 0x0, 0xff, 0x3f, 0x71, 0x43, 0x3b, 0x80,
    0x1f, 0xfc, 0x7, 0x88, 0x28, 0x44, 0x40, 0x1f,
    0xfc, 0x17, 0x70, 0x1, 0x1d, 0xc0, 0x17, 0x60,
    0x80, 0x79, 0xff, 0xc8, 0x19, 0xfe, 0x0, 0x88,
    0xc0, 0x3f, 0xc2, 0x1, 0xff, 0xc4, 0x7e, 0xe2,
    0x86, 0x77, 0x0, 0x30, 0x8e, 0x0, 0xe2, 0x21,
    0x9c, 0x44, 0x0, 0x8f, 0xba, 0x1, 0x11, 0x84,
    0x66, 0x7c, 0x1, 0x18, 0x80, 0x9d, 0x0,

    /* U+529B "力" */
    0x0, 0xf8, 0xaa, 0x40, 0x3f, 0xf8, 0xac, 0xac,
    0x1, 0xff, 0xfa, 0x4f, 0xff, 0x58, 0x3, 0xff,
    0xf8, 0xc0, 0x3f, 0xf8, 0xe2, 0x99, 0x9e, 0x60,
    0x6, 0x67, 0xc0, 0x18, 0xcf, 0xc2, 0x8, 0x67,
    0xe2, 0x0, 0x18, 0x7, 0xc4, 0x4, 0x1, 0xe3,
    0x0, 0x8, 0x7, 0xc8, 0x1e, 0x1, 0xe1, 0x0,
    0xfe, 0x31, 0x4, 0x0, 0xf3, 0x80, 0x80, 0x7d,
    0x60, 0x24, 0x1, 0xe1, 0x2, 0x0, 0xf9, 0xc1,
    0x80, 0x3e, 0x20, 0x70, 0xf, 0x48, 0x2, 0x40,
    0x3e, 0xf0, 0x20, 0xe, 0x36, 0x7, 0x10, 0xf,
    0x8c, 0x4, 0x3, 0x16, 0x81, 0x40, 0x7, 0xe6,
    0xd, 0x0, 0x8b, 0x4, 0x3c, 0x3, 0xf0, 0x90,
    0x38, 0x1, 0x70, 0x42, 0xc8, 0x3, 0x10, 0x8d,
    0x60, 0x24, 0x11, 0x42, 0x2c, 0x40, 0xe, 0xfe,
    0xe9, 0x41, 0x80, 0x12, 0x49, 0xe6, 0x1, 0xe5,
    0x0, 0x89, 0xe0, 0x0, 0x39, 0x62, 0x1, 0xf4,
    0x7f, 0xdb, 0x0, 0x10,

    /* U+529F "功" */
    0x0, 0xff, 0xe0, 0xb, 0xb0, 0x7, 0xff, 0x18,
    0xe2, 0x40, 0x3e, 0x11, 0xfc, 0x1, 0xc2, 0x1,
    0xf7, 0x77, 0xe2, 0x0, 0xff, 0xe0, 0x22, 0x40,
    0x2, 0x44, 0x18, 0x0, 0x40, 0x3f, 0xae, 0xe1,
    0xf, 0xbb, 0x4f, 0x73, 0x0, 0x7b, 0xaf, 0xf6,
    0x0, 0x7f, 0x8, 0xc0, 0x10, 0x8c, 0x0, 0x20,
    0xf, 0xe9, 0xee, 0x50, 0x17, 0x75, 0x60, 0x60,
    0x1f, 0xe1, 0x10, 0x1, 0xc4, 0x67, 0x1, 0x0,
    0xff, 0xe0, 0x10, 0x18, 0x4, 0xe0, 0x1f, 0xfc,
    0x2e, 0x1, 0x0, 0x84, 0x1c, 0x3, 0xff, 0x80,
    0xa1, 0xa0, 0x11, 0x80, 0x80, 0x7e, 0x12, 0x0,
    0x18, 0x38, 0x4, 0x20, 0x1e, 0x10, 0x8d, 0xeb,
    0x4, 0x1, 0x20, 0xe, 0x30, 0x37, 0xb0, 0x2,
    0x90, 0x8, 0x78, 0x38, 0x6, 0xe0, 0x13, 0xc8,
    0x40, 0x2, 0xd7, 0x41, 0x20, 0x50, 0x6, 0x30,
    0xe3, 0x2, 0x7b, 0xfa, 0x51, 0xe, 0x4, 0x30,
    0xc, 0xc0, 0x41, 0xdb, 0x8, 0x1, 0xa4, 0xc2,
    0x40, 0x38, 0xc1, 0x80, 0x40, 0x3d, 0x4c, 0x12,
    0x40, 0x19, 0x40, 0x4, 0x1, 0xf6, 0xa8, 0x43,
    0x1, 0x7f, 0xd4, 0xa, 0x1, 0xfa, 0x2, 0x9c,
    0x0, 0x44, 0x0, 0x96, 0xc0, 0x3f, 0x2f, 0x28,
    0x6, 0xdf, 0xfa, 0x84, 0x0,

    /* U+52A0 "加" */
    0x0, 0xff, 0xe6, 0xff, 0x84, 0x3, 0xff, 0xba,
    0x20, 0x1d, 0x17, 0x7f, 0x8, 0x1a, 0x20, 0x0,
    0x89, 0x32, 0x2, 0x27, 0xe3, 0xe, 0xbb, 0x0,
    0x2e, 0xe9, 0xb1, 0x0, 0x45, 0xdc, 0x1, 0x9c,
    0xcc, 0x0, 0x33, 0x80, 0x39, 0x13, 0x8, 0x5,
    0x59, 0xa0, 0xc, 0xc8, 0x3, 0xff, 0x8a, 0x20,
    0x1c, 0x20, 0x1f, 0xfc, 0x3, 0x3, 0x0, 0xff,
    0xe3, 0x30, 0x8, 0x7, 0xff, 0x18, 0x81, 0x80,
    0x3f, 0xf8, 0xdc, 0x6, 0x0, 0x10, 0xf, 0xfe,
    0x19, 0x7, 0x80, 0x61, 0x0, 0xff, 0xe0, 0xa0,
    0x28, 0x0, 0xc0, 0x3f, 0xf8, 0x44, 0x20, 0x60,
    0x1, 0x3, 0x0, 0xff, 0xe0, 0x50, 0x20, 0x4,
    0xe0, 0x20, 0x13, 0x80, 0x42, 0x1, 0x98, 0x34,
    0x2, 0x20, 0x60, 0xa, 0xff, 0xe0, 0xd, 0x22,
    0x26, 0x0, 0xb4, 0x8, 0x3, 0xfc, 0x6c, 0xc,
    0x1b, 0xdc, 0x40, 0xc0, 0xb, 0x3f, 0xe1, 0x0,
    0x1a, 0x94, 0x3, 0x88, 0x81, 0x90, 0x3, 0xfe,
    0xaf, 0x0, 0x5e, 0xeb, 0xe4, 0x1, 0xda, 0x60,
    0x17, 0x79, 0x0,

    /* U+52A1 "务" */
    0x0, 0xf8, 0x6e, 0x4, 0x3, 0xff, 0x8d, 0x48,
    0x62, 0x1, 0xff, 0xc5, 0x94, 0x0, 0x4c, 0xfd,
    0xec, 0x1, 0xfa, 0x58, 0x0, 0x8c, 0xdf, 0x4,
    0x8, 0x7, 0x16, 0x30, 0x26, 0xef, 0xce, 0x0,
    0xa1, 0x0, 0xd1, 0xa6, 0x0, 0x47, 0x22, 0xc7,
    0x6e, 0x14, 0x80, 0x1c, 0x20, 0xdd, 0x81, 0x56,
    0x40, 0xfe, 0xc3, 0x8a, 0x1, 0xe9, 0xc9, 0x13,
    0xd3, 0x4d, 0xf8, 0x16, 0xe3, 0x0, 0xfc, 0x60,
    0x6d, 0x4, 0x1, 0xcb, 0xa, 0x62, 0x1, 0xa2,
    0xf7, 0xf2, 0x54, 0x52, 0x64, 0xa0, 0x6f, 0x59,
    0xdf, 0xa0, 0x12, 0x10, 0x1b, 0xdf, 0xd2, 0x3d,
    0x7e, 0x42, 0x98, 0x85, 0x80, 0x26, 0xfb, 0xf2,
    0x10, 0x23, 0x60, 0x0, 0x6f, 0x59, 0xde, 0xc0,
    0x1, 0x40, 0x11, 0xe7, 0xf, 0x11, 0xe2, 0x10,
    0xe, 0x5e, 0xef, 0x8, 0x4f, 0x77, 0x6f, 0x20,
    0x6, 0x64, 0x4e, 0x0, 0x91, 0x3c, 0x0, 0x60,
    0xc, 0x77, 0x7a, 0x84, 0x2e, 0xfd, 0x40, 0x2,
    0x0, 0xfe, 0xd1, 0x44, 0x0, 0x71, 0x1, 0x0,
    0x7e, 0x2c, 0x31, 0xa0, 0xf, 0x20, 0x38, 0x7,
    0x8a, 0x74, 0xcb, 0xc4, 0x3, 0xd4, 0x1e, 0x1,
    0x9b, 0x74, 0xc0, 0xda, 0x20, 0x6, 0xcb, 0xb6,
    0x90, 0xa8, 0x6, 0x72, 0x23, 0xf4, 0x80, 0x64,
    0x34, 0x41, 0x1e, 0x80, 0x70, 0xf6, 0xc0, 0x80,
    0x71, 0x7f, 0xec, 0x30, 0xc,

    /* U+52A8 "动" */
    0x0, 0xff, 0xe0, 0x99, 0x80, 0x3f, 0xf8, 0xd9,
    0x80, 0xe, 0x2d, 0xdf, 0xca, 0x1, 0xff, 0x11,
    0x7e, 0x30, 0xf, 0xf1, 0x7f, 0xfe, 0x60, 0x0,
    0x80, 0x7f, 0xf1, 0x6a, 0xf4, 0x1, 0x76, 0xcf,
    0xa0, 0xf, 0xf2, 0x20, 0xc0, 0x8, 0x83, 0x4,
    0xcd, 0xdf, 0xd5, 0x9b, 0x40, 0xd, 0xd5, 0x1,
    0x91, 0x7f, 0x31, 0x11, 0x80, 0xc8, 0x8c, 0x0,
    0xee, 0x68, 0x3, 0xbb, 0x60, 0x1, 0xc1, 0xc0,
    0xe, 0x2, 0x2, 0xe0, 0x82, 0x38, 0x2, 0x20,
    0x10, 0xc, 0xe0, 0xf, 0xc, 0x4, 0xf6, 0x0,
    0xb8, 0x8, 0x0, 0x20, 0x19, 0x1, 0x81, 0x42,
    0x80, 0x23, 0xe, 0x0, 0x18, 0x8, 0x20, 0xa0,
    0x80, 0xa1, 0x90, 0x1, 0x41, 0x40, 0x31, 0x87,
    0x6, 0x80, 0x4, 0x1, 0x40, 0x42, 0x6, 0x0,
    0x10, 0x12, 0x50, 0x4, 0xef, 0x20, 0x30, 0x28,
    0x20, 0x5, 0xc1, 0xf0, 0x0, 0x96, 0x21, 0x50,
    0x12, 0x90, 0xd0, 0x8, 0xc0, 0x70, 0x0, 0x91,
    0x9d, 0x50, 0xf4, 0x22, 0x60, 0x9, 0xc0, 0x9e,
    0x7e, 0xdc, 0xc0, 0xf, 0x4c, 0x12, 0x1, 0x19,
    0x2, 0x8b, 0x0, 0x7d, 0xe2, 0x4f, 0x3f, 0xec,
    0x3, 0x10, 0xf, 0xee, 0x1f, 0xa, 0x0, 0x93,
    0x80, 0x3f, 0xc7, 0xc4, 0x7, 0xff, 0x59, 0x0,

    /* U+52A9 "助" */
    0x0, 0xff, 0xe0, 0xb4, 0x98, 0x7, 0xd7, 0x99,
    0xe9, 0x0, 0xb1, 0x98, 0x1, 0xf2, 0x99, 0xf9,
    0x40, 0x21, 0x0, 0xff, 0xbb, 0xab, 0x0, 0xf8,
    0x40, 0x3f, 0x84, 0x67, 0x0, 0xff, 0xe5, 0xe6,
    0x48, 0x17, 0x98, 0xfd, 0x20, 0xd, 0xdd, 0x60,
    0x0, 0xce, 0x0, 0x8c, 0xc0, 0x40, 0x1c, 0x23,
    0x0, 0x57, 0x70, 0x2, 0x6e, 0xc0, 0x1f, 0x7f,
    0xd8, 0x0, 0x44, 0x84, 0x1d, 0x10, 0x40, 0x1f,
    0xfc, 0x31, 0x1, 0x0, 0x18, 0x18, 0x7, 0xce,
    0x1, 0x84, 0x3, 0xff, 0x81, 0xff, 0x58, 0x6,
    0x20, 0x30, 0x8, 0x40, 0x40, 0x31, 0x9c, 0x1,
    0xc8, 0xc, 0x1, 0xfe, 0xcc, 0xc0, 0x1b, 0x43,
    0x0, 0x3f, 0xf8, 0x62, 0x20, 0x50, 0x40, 0x0,
    0x80, 0x80, 0x78, 0xdb, 0x80, 0x99, 0x80, 0x44,
    0x0, 0x18, 0x4, 0x2c, 0x21, 0xf9, 0x24, 0x4,
    0x30, 0x16, 0x1, 0x8, 0x10, 0x24, 0x80, 0x44,
    0xd5, 0xdb, 0xe2, 0x26, 0x0, 0x98, 0x1c, 0x1c,
    0x9a, 0xbb, 0x65, 0x45, 0xd8, 0x28, 0x3, 0x78,
    0x18, 0x16, 0xca, 0x88, 0x4, 0xf0, 0xe, 0x83,
    0xfd, 0xc5, 0xc, 0x0, 0xfe, 0x73, 0x78, 0x1,
    0x41, 0x1a, 0x10, 0x3, 0xfd, 0x90, 0x1, 0x5f,
    0xfb, 0x9c, 0x0,

    /* U+52BF "势" */
    0x0, 0xcd, 0x88, 0x1, 0xc9, 0x8c, 0x1, 0xff,
    0x71, 0x90, 0x7, 0x11, 0xf0, 0x7, 0xe8, 0xbb,
    0x38, 0x4d, 0xd9, 0x6e, 0xd2, 0xf, 0x7f, 0xe7,
    0x0, 0xc6, 0x88, 0x0, 0x91, 0x1a, 0x88, 0x0,
    0x90, 0x1, 0xc0, 0x1a, 0xbb, 0x8a, 0x11, 0xdc,
    0x8f, 0xf2, 0x5, 0xfd, 0x0, 0x80, 0x61, 0x18,
    0x83, 0x5a, 0xf, 0x59, 0x80, 0xa0, 0x1f, 0xa2,
    0xf5, 0xc1, 0x61, 0xa8, 0xa4, 0x80, 0x40, 0x40,
    0x3c, 0xa8, 0x40, 0x14, 0x5c, 0xe0, 0x4, 0xe0,
    0xe0, 0x22, 0x0, 0xa6, 0xf9, 0xc2, 0x5d, 0x1,
    0xc0, 0x28, 0xc0, 0x1, 0xa7, 0x10, 0x22, 0x80,
    0x81, 0x80, 0x1e, 0xc2, 0x6c, 0x48, 0x82, 0xbc,
    0x20, 0x16, 0x73, 0x3, 0x1, 0x48, 0x4b, 0x27,
    0xd0, 0xb0, 0x21, 0x10, 0x1, 0xc, 0xf6, 0x60,
    0x4a, 0xa7, 0x0, 0xa, 0x4, 0x4c, 0x78, 0x4,
    0xb3, 0x8, 0x0, 0x24, 0x50, 0xf, 0xb, 0x39,
    0x0, 0x7, 0xff, 0xda, 0x0, 0xef, 0xfe, 0xef,
    0x10, 0x8, 0x4c, 0xfc, 0x1, 0x19, 0xf0, 0x80,
    0x4, 0x3, 0x66, 0x77, 0x0, 0x33, 0x3d, 0xa0,
    0x40, 0x1f, 0xee, 0x4, 0x30, 0xe, 0x60, 0x60,
    0xf, 0xc5, 0xa6, 0x32, 0x1, 0xec, 0x2, 0x0,
    0xf1, 0xd6, 0x90, 0xe9, 0x0, 0x79, 0xc3, 0x0,
    0x34, 0xf6, 0x28, 0x2f, 0x98, 0x1, 0x37, 0x31,
    0xa2, 0x8, 0x1, 0xbc, 0x49, 0xf6, 0x84, 0x2,
    0x42, 0x33, 0x11, 0x2c, 0x40, 0x33, 0x6e, 0xa0,
    0x80, 0x3d, 0xff, 0xb5, 0x0, 0x30,

    /* U+52FE "勾" */
    0x0, 0xf1, 0x80, 0x7f, 0xf1, 0xc7, 0x3c, 0x80,
    0x3f, 0xf8, 0xb2, 0x4, 0x40, 0xf, 0xfe, 0x2b,
    0x82, 0x91, 0x7f, 0x8c, 0x84, 0x3, 0x38, 0x1,
    0xf7, 0x7f, 0xd9, 0xae, 0x1, 0xc, 0x0, 0x8,
    0xbf, 0xe0, 0xf, 0x58, 0x17, 0xee, 0xff, 0xc4,
    0x6, 0x0, 0x35, 0x8, 0x3, 0xf9, 0x10, 0xf,
    0xfe, 0x7, 0x2, 0x28, 0x48, 0x38, 0x80, 0x7c,
    0x60, 0x21, 0x64, 0x12, 0x4, 0xa1, 0x20, 0x3,
    0x0, 0xfe, 0xc0, 0xa2, 0x9, 0x2, 0x70, 0xcc,
    0x10, 0x6, 0x10, 0x70, 0x7e, 0x50, 0x44, 0x4,
    0x80, 0x10, 0x38, 0x3, 0xc2, 0x0, 0x10, 0x4,
    0x83, 0x20, 0x2, 0x4, 0xd8, 0x0, 0x20, 0x3,
    0x0, 0xd2, 0x43, 0x0, 0x1a, 0x2, 0x44, 0xc,
    0x0, 0x20, 0x14, 0x30, 0x24, 0xd5, 0xef, 0x48,
    0x2, 0x1, 0x80, 0x40, 0x33, 0x80, 0x15, 0xd5,
    0x8, 0x44, 0x0, 0x62, 0x20, 0x18, 0x6, 0x40,
    0x46, 0x8a, 0xce, 0xfe, 0xf4, 0x53, 0xe0, 0x60,
    0xd, 0x7f, 0x72, 0xea, 0x62, 0x1, 0x5d, 0xa,
    0x1, 0x80, 0x7f, 0xf0, 0xc, 0xc4, 0x53, 0x18,
    0x60, 0x7, 0xff, 0x1, 0x33, 0x76, 0x90, 0x24,
    0x0, 0xff, 0xe0, 0x28, 0x6, 0x15, 0xc0, 0xf,
    0xfe, 0x9, 0x7f, 0xee, 0xa1, 0x0, 0x0,

    /* U+5300 "匀" */
    0x0, 0xf1, 0xa8, 0x80, 0x7f, 0xf1, 0xa6, 0xa8,
    0x1, 0xff, 0xc5, 0x15, 0xf, 0x0, 0xff, 0xe2,
    0xc0, 0x12, 0x0, 0x7f, 0xf1, 0x9, 0x80, 0xbf,
    0xff, 0xf8, 0x2, 0x1, 0xb8, 0x3, 0xff, 0x8e,
    0xc6, 0x19, 0xdd, 0xfe, 0xd0, 0x0, 0x80, 0xa,
    0x1, 0xcc, 0x47, 0xfc, 0x1, 0xef, 0x11, 0x43,
    0x61, 0x80, 0x7f, 0xf0, 0x70, 0x83, 0x42, 0xcf,
    0x24, 0x3, 0xe1, 0x1, 0x0, 0x50, 0x49, 0x86,
    0xb8, 0x37, 0x28, 0x7, 0x38, 0x6, 0x6c, 0x60,
    0xa, 0x30, 0x86, 0xc4, 0x3, 0xc6, 0x1, 0x18,
    0x7, 0x1e, 0xb5, 0x8, 0x6, 0x10, 0x10, 0xf,
    0xfa, 0x51, 0x14, 0xa0, 0x3, 0x7, 0x0, 0xff,
    0x25, 0x7d, 0xae, 0x80, 0x4, 0x4, 0x3, 0xe5,
    0xaf, 0xb5, 0x2, 0x7a, 0x0, 0x70, 0x18, 0x6,
    0x5b, 0xfa, 0x50, 0x16, 0xcd, 0x82, 0x0, 0x10,
    0x70, 0x6, 0xd4, 0x0, 0x2d, 0xf4, 0x98, 0x7,
    0x28, 0x10, 0x6, 0x95, 0xaf, 0xa4, 0x0, 0x10,
    0x80, 0x4c, 0x20, 0x80, 0x18, 0x69, 0x40, 0x3a,
    0xfb, 0xfe, 0x90, 0x51, 0x0, 0xff, 0xe0, 0x50,
    0x6, 0x16, 0xa0, 0xf, 0xfe, 0x9, 0xff, 0xee,
    0x90, 0x8,

    /* U+5305 "包" */
    0x0, 0xf5, 0x49, 0x0, 0x7f, 0xf1, 0x8d, 0x58,
    0x3, 0xff, 0x8f, 0xe0, 0xc4, 0x1, 0xff, 0xc5,
    0x73, 0x6, 0xdd, 0xfe, 0xfd, 0x40, 0xe, 0x38,
    0x0, 0x88, 0xbf, 0x80, 0x80, 0x38, 0x74, 0xb,
    0xbb, 0xfe, 0x0, 0x38, 0x4, 0x38, 0x22, 0xc1,
    0x1f, 0xfe, 0x0, 0x6, 0x1c, 0x20, 0x1e, 0xfc,
    0xcf, 0x10, 0x7, 0x8, 0x0, 0x68, 0x2c, 0x40,
    0x6, 0x7e, 0x0, 0xc2, 0x6, 0x1, 0x3f, 0x21,
    0x5, 0x7f, 0xe2, 0x0, 0xff, 0xe0, 0x8, 0x4,
    0x20, 0x1f, 0xc2, 0x0, 0x10, 0xf, 0xfe, 0x31,
    0x80, 0x80, 0x7c, 0x21, 0x7b, 0xb8, 0x80, 0x33,
    0x1, 0x80, 0x7c, 0x60, 0x2, 0x2c, 0x0, 0x62,
    0x27, 0x3, 0x80, 0x7c, 0x41, 0x3d, 0xde, 0x7d,
    0xd2, 0x87, 0x80, 0x7f, 0x10, 0x8f, 0x8d, 0xd,
    0x25, 0x40, 0x3f, 0xf8, 0xb7, 0x96, 0xc1, 0xb0,
    0x1, 0xff, 0xc7, 0x12, 0x70, 0xe, 0x60, 0xd0,
    0xf, 0xfa, 0x0, 0x80, 0x3b, 0xc1, 0xbf, 0xff,
    0xe6, 0xb, 0x0, 0xe5, 0x93, 0x10, 0xf, 0xf1,
    0x43, 0x0,

    /* U+5316 "化" */
    0x0, 0xff, 0xe8, 0x6d, 0x90, 0x2, 0xa8, 0x40,
    0x1f, 0xfc, 0x15, 0x24, 0x30, 0x2, 0xa8, 0x40,
    0x3f, 0xf8, 0x30, 0xc, 0x20, 0x1f, 0xfc, 0x56,
    0x20, 0x80, 0xf, 0xf5, 0x30, 0x7, 0x14, 0x81,
    0x88, 0x7, 0xf3, 0xac, 0xb0, 0x6, 0xe0, 0x4,
    0x0, 0x7f, 0x24, 0x2, 0x30, 0x5, 0x6, 0x1,
    0xff, 0x1d, 0x81, 0x50, 0x4, 0xee, 0x0, 0xff,
    0x8f, 0x40, 0x7c, 0x40, 0x7, 0x0, 0x62, 0x1,
    0xfa, 0xf0, 0x45, 0x84, 0x1, 0x1a, 0x16, 0x80,
    0x7f, 0x38, 0x17, 0x90, 0x7, 0x56, 0x8, 0x7,
    0x84, 0x2, 0x4c, 0x10, 0xf, 0x8, 0x80, 0x3c,
    0x9e, 0x0, 0x4b, 0x10, 0xf, 0xfe, 0x9, 0x5d,
    0x84, 0x1, 0x0, 0x1f, 0xfc, 0x21, 0xc4, 0x6,
    0x0, 0xfc, 0xa0, 0x1f, 0x87, 0x57, 0x64, 0x3,
    0xe1, 0xad, 0x0, 0xfc, 0x74, 0x40, 0x1f, 0x8c,
    0xc, 0x3, 0xff, 0x8e, 0xc0, 0x40, 0x1f, 0xfc,
    0x1, 0x4, 0x11, 0xdc, 0xa, 0x1, 0xff, 0xc0,
    0x50, 0x8e, 0xec, 0xa1, 0xa0, 0x1f, 0xfc, 0x9,
    0x30, 0xe, 0x18, 0x40,

    /* U+5317 "北" */
    0x0, 0xf8, 0x88, 0x1, 0x11, 0x0, 0x3f, 0xf8,
    0x43, 0xba, 0x0, 0xb3, 0x50, 0x3, 0xff, 0xf5,
    0x22, 0x0, 0x12, 0x2c, 0xa0, 0x1f, 0xe3, 0xd6,
    0xd0, 0x4, 0x6e, 0xeb, 0x0, 0xfe, 0x7c, 0x20,
    0x40, 0x0, 0x80, 0x7f, 0xf0, 0xf, 0x20, 0xf,
    0x20, 0x1, 0x1f, 0xfb, 0x80, 0x38, 0x42, 0xc,
    0x67, 0xc, 0x3, 0xff, 0x8a, 0xfc, 0xc0, 0x1f,
    0xfc, 0x41, 0x9, 0x80, 0xf, 0xfe, 0x41, 0x0,
    0x7f, 0xfb, 0x17, 0x0, 0x3f, 0xf8, 0x4, 0xc0,
    0x11, 0xcf, 0x51, 0x0, 0x7f, 0xf0, 0x1a, 0x6c,
    0x77, 0x18, 0x44, 0xa0, 0x1f, 0xfc, 0x1, 0x0,
    0x8, 0x0, 0xa7, 0xac, 0x3, 0xff, 0x80, 0x40,
    0x41, 0x37, 0xac, 0x1, 0xf1, 0x81, 0x80, 0x43,
    0x61, 0xe0, 0x88, 0x0, 0xfe, 0x40, 0x8f, 0xfb,
    0x8c, 0x1c, 0x3, 0xff, 0x81, 0x8, 0x1, 0xc5,
    0x42,

    /* U+5339 "匹" */
    0x4, 0x4f, 0xfe, 0x30, 0x85, 0xdf, 0xff, 0x19,
    0x80, 0x23, 0x38, 0x80, 0x6, 0x70, 0x0, 0x4c,
    0xf1, 0x0, 0x59, 0x98, 0x7, 0x32, 0x10, 0xcc,
    0xe5, 0x0, 0xf1, 0x80, 0x7f, 0xf2, 0x4c, 0x3,
    0xff, 0x8a, 0xc0, 0x20, 0x1f, 0xfc, 0x51, 0x6,
    0x0, 0xff, 0xe2, 0xe8, 0x10, 0x7, 0xff, 0x15,
    0x3, 0x40, 0x3f, 0x1d, 0x98, 0x7, 0x11, 0x82,
    0x0, 0x7e, 0x74, 0xb0, 0xe, 0x90, 0x41, 0x0,
    0xe1, 0x0, 0x18, 0x78, 0x6, 0x94, 0x8, 0x0,
    0xc4, 0x19, 0xdc, 0x80, 0x40, 0x8, 0x98, 0x20,
    0xc0, 0x34, 0x8, 0x8, 0x81, 0x8c, 0x2, 0x29,
    0x93, 0x80, 0x72, 0x77, 0xfe, 0x90, 0xe, 0x66,
    0x0, 0x7f, 0xf1, 0x4c, 0xff, 0xf8, 0x84, 0x1,
    0x66, 0x7f, 0xf1, 0x24, 0x8, 0xbf, 0xf8, 0xe0,

    /* U+533A "区" */
    0x44, 0xff, 0xe3, 0x8, 0x5d, 0xff, 0xf1, 0x98,
    0x2, 0x44, 0xff, 0xe2, 0x10, 0x5, 0x77, 0xff,
    0x54, 0x5d, 0xca, 0x1, 0xcb, 0x20, 0x1f, 0x5e,
    0x48, 0x7, 0xe8, 0x6c, 0x10, 0xc, 0x8a, 0x14,
    0x1, 0xfb, 0xc, 0xde, 0x60, 0x2, 0xa0, 0x83,
    0x0, 0xfc, 0x38, 0xa3, 0x8a, 0x1e, 0x28, 0xe0,
    0x1f, 0xf5, 0x38, 0x57, 0x91, 0x2c, 0x3, 0xff,
    0x83, 0x10, 0x0, 0xbc, 0x3, 0xff, 0x84, 0x36,
    0x1, 0x48, 0x7, 0xff, 0x4, 0xb0, 0xc6, 0x41,
    0x30, 0x40, 0x3f, 0xcd, 0xa4, 0x4f, 0x6c, 0x3,
    0xc1, 0x0, 0xf8, 0xae, 0x41, 0x74, 0x40, 0xf0,
    0x4b, 0x4, 0x3, 0xd0, 0x81, 0x14, 0x1, 0x8f,
    0x40, 0x94, 0x3, 0xd4, 0xda, 0xe0, 0x1e, 0x3b,
    0xb2, 0x0, 0x7d, 0x24, 0x1, 0xf9, 0x10, 0x1,
    0xef, 0xff, 0xfe, 0x28, 0x7, 0xff, 0x27, 0xff,
    0xff, 0x8e, 0x0,

    /* U+5341 "十" */
    0x0, 0xfe, 0x55, 0x0, 0x7f, 0xf1, 0x86, 0xa8,
    0x40, 0x1f, 0xff, 0xf0, 0xf, 0xff, 0x81, 0xa2,
    0x7e, 0x0, 0x22, 0x7f, 0x7, 0x5d, 0xfd, 0x40,
    0x9, 0xbb, 0xfc, 0x2, 0x3f, 0x80, 0x30, 0x8f,
    0xe0, 0xce, 0xef, 0xc0, 0xd, 0xee, 0xfc, 0x1,
    0xff, 0xff, 0x0, 0xff, 0xff, 0x80, 0x7f, 0xf7,
    0x0,

    /* U+534A "半" */
    0x0, 0x84, 0x3, 0x16, 0xe8, 0x3, 0x9, 0x0,
    0x74, 0xf3, 0x0, 0x62, 0x20, 0x6, 0x9d, 0xc0,
    0xd, 0x81, 0x22, 0x1, 0xfc, 0xc1, 0x60, 0x19,
    0x4c, 0x20, 0x3, 0xf3, 0x88, 0x9c, 0x3, 0xa0,
    0x18, 0x40, 0x3c, 0x32, 0x16, 0x1, 0xe4, 0x20,
    0x50, 0xf, 0x38, 0x9a, 0x80, 0x7d, 0xde, 0x80,
    0x1e, 0x6e, 0xd0, 0xe, 0x5c, 0xc7, 0xe6, 0x5a,
    0x0, 0xcc, 0xb7, 0x59, 0x88, 0x0, 0x11, 0x9f,
    0x80, 0x23, 0x3f, 0xc0, 0x5, 0xbb, 0xf4, 0x0,
    0x2a, 0xef, 0xd0, 0x0, 0x24, 0x4f, 0x28, 0x1,
    0x51, 0x3c, 0x60, 0x1f, 0xfc, 0x92, 0x2f, 0xce,
    0x0, 0x32, 0x2f, 0xd9, 0xbb, 0xf5, 0x0, 0x33,
    0x77, 0xec, 0x30, 0xf, 0xfe, 0x3e, 0xff, 0xfd,
    0xa0, 0xf, 0xff, 0xdc, 0x1, 0xff, 0xff, 0x0,
    0xff, 0xe6, 0x80,

    /* U+534F "协" */
    0x0, 0xa2, 0x40, 0x3c, 0x2c, 0xa0, 0x1f, 0xf3,
    0x30, 0x40, 0x38, 0xe6, 0x0, 0x3f, 0xfe, 0x6,
    0x89, 0x1, 0x22, 0x1d, 0x0, 0x38, 0x88, 0x20,
    0xa4, 0x1d, 0x76, 0x90, 0x5, 0xda, 0x2c, 0xc0,
    0x24, 0xdd, 0x0, 0x2f, 0x55, 0xc8, 0x80, 0x11,
    0x10, 0x0, 0x20, 0x13, 0x99, 0x80, 0x4, 0x6d,
    0x5b, 0xab, 0x4, 0xdd, 0x10, 0x7, 0x1e, 0x60,
    0x43, 0x30, 0x62, 0x0, 0x10, 0x10, 0xc, 0x62,
    0x1, 0xfe, 0xef, 0x2, 0x2, 0x0, 0x18, 0x7f,
    0x80, 0x3f, 0x90, 0xc, 0x38, 0x38, 0x3, 0x20,
    0x98, 0x7, 0xed, 0xb, 0x4, 0x5, 0x0, 0xd8,
    0x8, 0x1, 0xf9, 0x81, 0x44, 0x80, 0xc0, 0x2,
    0x8, 0x18, 0x1, 0xf4, 0x2, 0x13, 0x2, 0x80,
    0x71, 0xa, 0x0, 0x7f, 0x40, 0x50, 0x70, 0x0,
    0x40, 0x41, 0x40, 0x80, 0x3d, 0x1c, 0x6c, 0x44,
    0x40, 0x1, 0x81, 0x87, 0x49, 0x80, 0x7c, 0x22,
    0x80, 0x80, 0x8, 0x40, 0x41, 0x58, 0x40, 0x3f,
    0x50, 0x9a, 0x80, 0x4c, 0xc, 0x1, 0xff, 0x4a,
    0xe, 0x80, 0x6f, 0x2, 0x0, 0xff, 0x53, 0x6,
    0x88, 0x6f, 0xf9, 0x43, 0x0, 0x3f, 0xd2, 0x78,
    0x60, 0x5, 0x0, 0xc, 0x20, 0x7, 0xdd, 0xe2,
    0x78, 0x60, 0x14, 0x7f, 0xb9, 0xc0, 0x38,

    /* U+5355 "单" */
    0x0, 0xe5, 0x0, 0xfc, 0x82, 0x1, 0xfb, 0x2a,
    0x0, 0x3c, 0x77, 0xc8, 0x1, 0xf7, 0x83, 0xa0,
    0x7, 0x40, 0x22, 0x0, 0x3e, 0x37, 0x9, 0x0,
    0xca, 0x81, 0x40, 0x1e, 0xbc, 0xc2, 0x80, 0x33,
    0x35, 0x0, 0x37, 0x30, 0x1, 0x94, 0xcc, 0x40,
    0x46, 0x78, 0x2, 0x33, 0x80, 0x3d, 0xdf, 0xf6,
    0x0, 0x3f, 0xf6, 0x80, 0x7e, 0x30, 0xf, 0xfe,
    0x3e, 0xff, 0xd8, 0x0, 0xff, 0xda, 0x1, 0xf9,
    0x59, 0xa3, 0x0, 0x33, 0x65, 0x0, 0xfd, 0x73,
    0x37, 0x80, 0x26, 0x74, 0x0, 0x7e, 0xab, 0xbb,
    0x40, 0x17, 0x7a, 0x40, 0x3f, 0x22, 0x61, 0x0,
    0x22, 0x70, 0x7, 0xbb, 0xff, 0xb0, 0x1, 0xff,
    0xf0, 0x7, 0xff, 0x2b, 0x7b, 0xbe, 0xc0, 0x7,
    0x77, 0xec, 0x21, 0x1f, 0x80, 0x21, 0x1f, 0xef,
    0xff, 0xd8, 0x0, 0xff, 0xfd, 0xa0, 0x1f, 0xff,
    0x0,

    /* U+5360 "占" */
    0x0, 0xf5, 0x61, 0x80, 0x7f, 0xf0, 0xdc, 0xd8,
    0x3, 0xff, 0xd3, 0x5b, 0xbf, 0x80, 0x3f, 0xc4,
    0x5f, 0x80, 0x3f, 0xa7, 0xbb, 0xf0, 0x7, 0xf1,
    0x88, 0xfe, 0x0, 0xff, 0xec, 0xe6, 0x78, 0x82,
    0xb3, 0x3c, 0x60, 0x3, 0x3f, 0x0, 0x46, 0x7e,
    0x60, 0xd, 0x99, 0xff, 0x10, 0x7, 0x8c, 0xff,
    0xe0, 0xf, 0xff, 0x8a, 0x19, 0xff, 0x88, 0x3,
    0xd7, 0x99, 0xfe, 0x0, 0xf8, 0x8c, 0xff, 0xc0,
    0x1f, 0x6e, 0x67, 0xf8, 0x80, 0x37, 0x70, 0x3,
    0xfe, 0xdf, 0x50, 0x0,

    /* U+5361 "卡" */
    0x0, 0xfe, 0xac, 0x40, 0xf, 0xfe, 0x33, 0x98,
    0x80, 0x7f, 0xf7, 0x6b, 0xbb, 0xd0, 0x1, 0xff,
    0xc2, 0x11, 0xf8, 0x3, 0xff, 0x83, 0x3d, 0xde,
    0x90, 0xf, 0xfe, 0x9, 0x88, 0xf8, 0x3, 0xff,
    0x98, 0x31, 0x1f, 0x88, 0x22, 0x3f, 0x98, 0xdd,
    0xff, 0x0, 0x9, 0xdf, 0xf5, 0x1a, 0xaf, 0xe0,
    0x9, 0x57, 0xf5, 0x8d, 0x57, 0xe3, 0x9, 0xaa,
    0xfc, 0xe0, 0x1f, 0xfc, 0x1, 0x0, 0xff, 0xe3,
    0xf7, 0xeb, 0x88, 0x7, 0xff, 0x10, 0x8a, 0x8e,
    0xa4, 0x0, 0xff, 0xe1, 0x66, 0x4a, 0xb, 0x7a,
    0xa0, 0x1f, 0xfc, 0x23, 0xae, 0x70, 0x20, 0xf,
    0xfe, 0x28, 0xc7, 0x4a, 0x80, 0x7f, 0xf1, 0x85,
    0x80, 0x3f, 0xfc, 0x0,

    /* U+5373 "即" */
    0x2, 0x64, 0x33, 0xf0, 0x0, 0x47, 0x88, 0x40,
    0x19, 0x37, 0x99, 0xe1, 0x2e, 0xee, 0xde, 0x20,
    0x30, 0x2, 0xae, 0x0, 0xf1, 0x14, 0x1, 0x84,
    0x2a, 0xb8, 0x3, 0x87, 0x76, 0x10, 0xe, 0x30,
    0xf, 0xfe, 0x28, 0x84, 0xff, 0xe0, 0xf, 0xfe,
    0x21, 0x16, 0x0, 0xff, 0xe0, 0x88, 0x56, 0xee,
    0x0, 0xff, 0xea, 0x88, 0x56, 0xee, 0x0, 0xff,
    0xe0, 0x98, 0x0, 0x8b, 0x0, 0x7f, 0xf0, 0x48,
    0x27, 0xff, 0xc2, 0x1, 0xff, 0xc0, 0x30, 0x3,
    0xe0, 0x7, 0xff, 0x1a, 0x8d, 0xc0, 0x3c, 0x44,
    0x10, 0x30, 0xf, 0x40, 0x40, 0x80, 0x61, 0xdd,
    0x0, 0x4, 0x3, 0xb, 0x70, 0x2, 0x0, 0x30,
    0xa1, 0xa5, 0x80, 0x98, 0x57, 0x4a, 0x0, 0x18,
    0x40, 0x35, 0xe5, 0xa0, 0x58, 0x6, 0x5b, 0xf2,
    0x9, 0x0, 0xfe, 0xe0, 0x2a, 0xfa, 0x40, 0xb7,
    0x90, 0xf, 0xe4, 0xcd, 0x50, 0xc, 0xd0, 0x20,
    0x1f, 0xc0,

    /* U+5378 "卸" */
    0x0, 0x86, 0xdc, 0x3, 0xff, 0x8c, 0xc9, 0xc0,
    0x1e, 0x27, 0x7e, 0xe8, 0x10, 0xa, 0x0, 0xa2,
    0x39, 0x1a, 0x23, 0x85, 0xc8, 0x0, 0xa0, 0x4,
    0x77, 0xed, 0x0, 0xc, 0x44, 0x1, 0xd0, 0xf,
    0x20, 0xa, 0xac, 0x0, 0x27, 0x78, 0x80, 0x29,
    0x26, 0x86, 0x1, 0x55, 0x8c, 0x3, 0xfd, 0x6b,
    0x20, 0x1f, 0xfc, 0x68, 0x6c, 0xc6, 0x80, 0xe6,
    0x60, 0xf, 0xf3, 0x99, 0xc4, 0x0, 0x33, 0xc0,
    0x1f, 0xed, 0xff, 0xb8, 0x1, 0xff, 0x80, 0x3f,
    0xe6, 0x70, 0x10, 0x10, 0xf, 0xfe, 0x1d, 0x40,
    0x4, 0x35, 0x51, 0x80, 0x7f, 0xf1, 0x55, 0x66,
    0x0, 0xff, 0xe2, 0xee, 0xca, 0x1, 0xff, 0xc4,
    0x12, 0x28, 0x3, 0xff, 0x92, 0x40, 0x1b, 0x38,
    0x80, 0x40, 0x38, 0x80, 0x6b, 0x3f, 0x40, 0x33,
    0x8, 0x21, 0x3, 0x98, 0x76, 0x80, 0x14, 0xc0,
    0x40, 0x34, 0x66, 0xd8, 0x2, 0x0, 0x2, 0x4,
    0xb1, 0x7d, 0xc0, 0xc, 0x46, 0x40, 0x12, 0xb4,
    0xe7, 0xed, 0x3a, 0x8, 0x7, 0xfd, 0x52, 0xc6,
    0x1, 0xff, 0xc4,

    /* U+5386 "历" */
    0x0, 0x2f, 0x7e, 0xef, 0xff, 0x10, 0x40, 0x6,
    0x20, 0x45, 0xff, 0xc4, 0x0, 0xe2, 0xdd, 0xff,
    0xe2, 0x8, 0x6, 0x62, 0x2f, 0x2a, 0x8c, 0x8b,
    0xe0, 0xf, 0xfe, 0x4, 0x40, 0x3, 0xff, 0x8e,
    0x20, 0x1, 0x0, 0xff, 0xe3, 0x18, 0x7, 0xc2,
    0x1, 0xf0, 0x97, 0xfe, 0xd0, 0x7, 0xff, 0x77,
    0x88, 0x4, 0x20, 0x1f, 0xfc, 0xc2, 0xff, 0xd2,
    0x9, 0xff, 0xc0, 0x1, 0x0, 0xe3, 0x0, 0xee,
    0x2, 0x0, 0xc2, 0x1, 0xef, 0x1, 0x0, 0xe3,
    0xf, 0x0, 0xc6, 0x2, 0x1, 0x84, 0x3c, 0x3,
    0x94, 0x14, 0x3, 0x8, 0x18, 0x6, 0x20, 0x10,
    0xc, 0xa2, 0x23, 0x0, 0xce, 0x2, 0x1, 0x98,
    0x8, 0x3, 0x48, 0x30, 0x7, 0x10, 0x30, 0x6,
    0x20, 0x50, 0x9, 0x4c, 0x24, 0x3, 0xb8, 0x8,
    0x2, 0x30, 0x11, 0x0, 0xe, 0x82, 0x4, 0x3,
    0x8c, 0x38, 0x2, 0x40, 0x50, 0x2, 0x60, 0x23,
    0x80, 0x4, 0x0, 0x48, 0xa, 0x1, 0x50, 0x68,
    0x4d, 0x82, 0x58, 0x0, 0x7b, 0xfd, 0xa0, 0x46,
    0x1, 0x28, 0x38, 0x60, 0x45, 0x80, 0x42, 0x80,
    0x11, 0xf0, 0x6, 0x8e, 0x10, 0x5e, 0x70, 0xe,
    0xbf, 0xfb, 0xc, 0x2,

    /* U+538B "压" */
    0x0, 0x4f, 0xf6, 0x67, 0xff, 0xe, 0x0, 0xa,
    0x2, 0x67, 0xff, 0xc4, 0x0, 0xd1, 0x77, 0xff,
    0xc3, 0x90, 0xc, 0x89, 0xf1, 0x1a, 0xa2, 0x78,
    0x80, 0x3f, 0xe8, 0x81, 0x0, 0x7f, 0xfa, 0x44,
    0x3, 0xc2, 0xe, 0x1, 0xfc, 0x20, 0xb, 0xff,
    0xe0, 0x5, 0xff, 0xf4, 0x80, 0x78, 0x40, 0x3f,
    0xf8, 0x22, 0x1, 0xc7, 0x5f, 0xfc, 0x21, 0x9f,
    0xfd, 0x0, 0x11, 0x0, 0x80, 0x7f, 0x9d, 0x80,
    0x3e, 0x10, 0xf, 0xf1, 0x4c, 0xa0, 0x3, 0x10,
    0x18, 0x7, 0xf8, 0xb0, 0x5e, 0x0, 0x27, 0x7,
    0x0, 0xff, 0x8b, 0x1, 0x84, 0x1, 0xa1, 0xa0,
    0x1f, 0xfc, 0x2, 0xbf, 0x10, 0x1, 0x81, 0x80,
    0x7c, 0x20, 0x1c, 0x82, 0x0, 0x14, 0x6, 0xff,
    0xf8, 0x1, 0x9f, 0xfe, 0x86, 0x4, 0x30, 0xf,
    0xfe, 0x2b, 0xcf, 0x8f, 0xff, 0xff, 0x12, 0x0,

    /* U+539F "原" */
    0x0, 0x15, 0xfd, 0xdf, 0xff, 0xe, 0x40, 0x2,
    0x80, 0x89, 0xff, 0xc3, 0x70, 0xe, 0xcc, 0xf3,
    0xab, 0xe6, 0x7b, 0x40, 0x31, 0x19, 0xf9, 0x14,
    0x4c, 0xfe, 0x0, 0xf0, 0xcc, 0xd8, 0x60, 0x73,
    0x3c, 0x40, 0x1f, 0x13, 0x34, 0x60, 0x5, 0x66,
    0xe1, 0x0, 0xfe, 0x2f, 0xff, 0xc2, 0x1, 0xce,
    0x1, 0xe3, 0x3f, 0xc2, 0x1, 0xf0, 0x80, 0x45,
    0x99, 0xf8, 0x3, 0xff, 0x80, 0x37, 0x7f, 0x80,
    0x3c, 0x20, 0xc0, 0x11, 0xa2, 0x7e, 0x10, 0xe,
    0x20, 0x30, 0x8, 0xae, 0xef, 0xf5, 0xdc, 0x20,
    0x1d, 0xe1, 0xc0, 0x23, 0x2a, 0x90, 0x0, 0xab,
    0x8, 0x80, 0x31, 0x81, 0x1, 0x77, 0xf7, 0x40,
    0x3d, 0xdc, 0x60, 0x12, 0x83, 0x80, 0x13, 0xac,
    0x3, 0x93, 0xa8, 0x3, 0x10, 0x81, 0x1, 0x50,
    0x60, 0x7, 0x29, 0xac, 0x0, 0x48, 0x8, 0x3,
    0xe2, 0x8e, 0x1, 0xc3, 0xe0, 0xee, 0x0, 0x50,
    0x68, 0xe1, 0x12, 0x80, 0x3e, 0x2b, 0x8, 0x51,
    0x20, 0x70, 0x41, 0xf1, 0x9c, 0xc0, 0x18, 0x4,
    0x90, 0x4, 0x3d, 0x62, 0x29, 0xe2, 0xe, 0x32,
    0x18, 0x0, 0xcf, 0xce, 0x0, 0x40, 0xf, 0x3f,
    0xfb, 0x94, 0x3, 0x84, 0x0,

    /* U+53BB "去" */
    0x0, 0xfe, 0x77, 0x0, 0x7f, 0xf1, 0x86, 0x20,
    0x20, 0x1f, 0xfd, 0x42, 0x2f, 0x80, 0x4, 0x5f,
    0x0, 0x63, 0xdd, 0xf6, 0x0, 0x33, 0x77, 0xcc,
    0x1, 0xff, 0xc8, 0x30, 0x8, 0xff, 0xfd, 0xc0,
    0xe, 0xff, 0xf2, 0x80, 0x7f, 0xf8, 0x11, 0x3f,
    0x38, 0x1, 0xd1, 0x3f, 0x5, 0x5d, 0xfd, 0x20,
    0x9, 0xbb, 0xfc, 0xa, 0x45, 0xc0, 0x18, 0x8b,
    0xfc, 0x17, 0xbb, 0xca, 0x5, 0xfb, 0xbf, 0xe0,
    0xf, 0x2a, 0x83, 0x80, 0x26, 0xea, 0x0, 0xff,
    0xd, 0x83, 0x98, 0x4, 0x82, 0xb0, 0x1, 0xfd,
    0x42, 0x90, 0x1, 0x8a, 0x81, 0xd0, 0x3, 0xe8,
    0x41, 0xa0, 0xf, 0x2b, 0x5, 0x8, 0x7, 0x33,
    0x84, 0x2a, 0x99, 0xe2, 0x6a, 0xd0, 0x6, 0x80,
    0x33, 0x48, 0x2, 0x6e, 0xa6, 0x1d, 0x95, 0x8,
    0x0, 0x8c, 0x1, 0x20, 0x4, 0x26, 0x8a, 0xf1,
    0x35, 0x9b, 0xca, 0x10, 0x1, 0x15, 0x77, 0xf6,
    0x5d, 0x43, 0xb2, 0x99, 0xc, 0x2e, 0x0, 0x0,

    /* U+53C2 "参" */
    0x0, 0xfc, 0x30, 0x20, 0x1f, 0xfc, 0x63, 0xf7,
    0xd0, 0x3, 0xd0, 0x80, 0x7f, 0xf0, 0x1b, 0x5,
    0xb0, 0x6, 0xd7, 0xd4, 0x3, 0xf8, 0xf2, 0x46,
    0xa4, 0x4, 0x39, 0x46, 0xa4, 0x3, 0xe9, 0xc3,
    0x1, 0xaf, 0xf7, 0x73, 0x54, 0x0, 0xd6, 0x1,
    0xee, 0x0, 0x9, 0x0, 0x4a, 0xcc, 0x78, 0x60,
    0x48, 0x0, 0xe7, 0xff, 0x76, 0x90, 0x45, 0x4c,
    0xa1, 0xe7, 0xaa, 0x0, 0x2a, 0xbb, 0xef, 0x20,
    0xbb, 0xdb, 0x76, 0xae, 0xbb, 0x0, 0x11, 0x3c,
    0x1, 0x1a, 0x24, 0x48, 0x9e, 0x0, 0x7e, 0xed,
    0x80, 0x2, 0xdd, 0xce, 0x0, 0xbd, 0xdb, 0x80,
    0x2, 0x44, 0x1d, 0x2, 0xd2, 0x69, 0x8a, 0x60,
    0xa6, 0x22, 0x8, 0x6, 0x6c, 0x13, 0x98, 0xdb,
    0x43, 0x34, 0xb0, 0xdc, 0x0, 0x64, 0xd9, 0x2,
    0x3b, 0x73, 0x7e, 0x95, 0x19, 0x80, 0x7d, 0x60,
    0x19, 0x20, 0x8d, 0xa7, 0xce, 0x85, 0xbb, 0x79,
    0x3d, 0x91, 0x2c, 0x45, 0x8d, 0xce, 0xb, 0xf,
    0x3d, 0x68, 0xb8, 0x40, 0x9b, 0x1e, 0x20, 0x32,
    0x20, 0xfb, 0xf6, 0xc0, 0xfb, 0x44, 0xdf, 0x42,
    0xe4, 0x1, 0xe5, 0x33, 0x46, 0x74, 0x12, 0xe4,
    0x86, 0x88, 0x7, 0xe2, 0xec, 0x72, 0x49, 0xea,
    0x33, 0x63, 0x80, 0x7e, 0x35, 0x7a, 0xde, 0xb6,
    0x15, 0xbc, 0x30, 0xf, 0xee, 0xa8, 0x52, 0x23,
    0x57, 0xd2, 0x0, 0x7f, 0xd2, 0xf3, 0x7f, 0xb2,
    0xa0, 0x1f, 0xe0,

    /* U+53CA "及" */
    0x0, 0x3c, 0x47, 0xfa, 0xe9, 0xc0, 0x3f, 0x53,
    0xbf, 0xf9, 0x17, 0x0, 0x3f, 0x53, 0x31, 0x0,
    0xc, 0xdc, 0x0, 0x30, 0xf, 0xcf, 0x33, 0x0,
    0x22, 0x67, 0x10, 0x60, 0x7, 0xff, 0x9, 0x0,
    0x21, 0x20, 0x50, 0xf, 0xf8, 0x40, 0x18, 0x1,
    0x20, 0x8, 0x80, 0x2, 0x1, 0xff, 0x38, 0x5,
    0x80, 0x3f, 0xf7, 0x70, 0x80, 0x3c, 0xe0, 0x1,
    0x50, 0x2, 0x80, 0x4, 0x40, 0x1, 0x20, 0xf,
    0x10, 0x5, 0x0, 0xc, 0xff, 0x77, 0x18, 0x14,
    0x3, 0xef, 0x5, 0x12, 0x40, 0xe, 0x16, 0xf,
    0x0, 0xf9, 0x43, 0x60, 0x24, 0x3, 0xa4, 0x9,
    0x40, 0x3c, 0x26, 0x8, 0xc4, 0x48, 0x0, 0x89,
    0xc2, 0xc0, 0x3e, 0x60, 0x13, 0x9, 0x7, 0x50,
    0x7, 0x1, 0xb0, 0x7, 0xd4, 0xe, 0x0, 0x47,
    0xa, 0x5a, 0x30, 0xe0, 0xf, 0x98, 0x82, 0xc0,
    0x28, 0x40, 0xa5, 0xa, 0x20, 0xf, 0xc, 0x2,
    0x90, 0x6, 0x80, 0xc, 0xe0, 0x1f, 0x68, 0x85,
    0x80, 0x43, 0x38, 0x1, 0xb6, 0x48, 0x3, 0x59,
    0x85, 0x8, 0x25, 0x73, 0x2, 0xf5, 0x90, 0x36,
    0xe3, 0x88, 0x18, 0x3a, 0x82, 0xda, 0x81, 0xdd,
    0xa, 0x6c, 0x90, 0x1d, 0x0, 0x22, 0x60, 0x0,
    0xac, 0xcc, 0xc2, 0x0, 0x66, 0xdc, 0x79, 0x10,

    /* U+53CC "双" */
    0x0, 0xff, 0xe5, 0xcf, 0x77, 0xbf, 0xb, 0xbb,
    0xef, 0xe3, 0x0, 0x18, 0x8f, 0x80, 0x80, 0x47,
    0xe0, 0x10, 0xa, 0xbf, 0xfa, 0x80, 0x88, 0x81,
    0x5f, 0xf7, 0x0, 0x8, 0x3, 0xf1, 0x82, 0x81,
    0x81, 0x0, 0x44, 0x2, 0x20, 0xa, 0x50, 0x2,
    0xc0, 0xe0, 0xd0, 0xd0, 0x9, 0x41, 0x40, 0x25,
    0x6b, 0x20, 0x3, 0x81, 0x83, 0x83, 0x80, 0x5a,
    0x18, 0x1, 0x2b, 0x6, 0x8, 0x88, 0x10, 0x8,
    0x48, 0x80, 0x4, 0x4, 0x0, 0xd2, 0x63, 0x4e,
    0x6, 0x1, 0x20, 0x20, 0x20, 0x9, 0x80, 0x76,
    0x8a, 0x48, 0x20, 0x5, 0xe1, 0xa1, 0xe0, 0xe0,
    0x1e, 0x1a, 0x0, 0xa8, 0x2, 0x40, 0x44, 0x82,
    0x80, 0x3e, 0x40, 0x8, 0xc0, 0x21, 0x50, 0xb0,
    0x33, 0x0, 0x7e, 0x10, 0x5, 0x0, 0x6e, 0x0,
    0xa0, 0x3, 0xf3, 0x88, 0x1, 0x18, 0x2, 0x50,
    0x9, 0x0, 0x3e, 0x18, 0x9, 0x60, 0x80, 0xa,
    0x80, 0x23, 0x0, 0xfa, 0x80, 0x9a, 0x4, 0x46,
    0x14, 0x80, 0x16, 0x90, 0x7, 0x42, 0x7, 0x0,
    0xc5, 0x95, 0xa8, 0x57, 0x8, 0xbc, 0x80, 0x29,
    0x70, 0x93, 0x0, 0x31, 0x7a, 0x5, 0x28, 0xe8,
    0x16, 0xb0, 0xa, 0x3, 0xb0, 0x6, 0xd1, 0x2c,
    0x50, 0x1, 0xe0, 0x85, 0x0, 0xfc, 0x40, 0x3,
    0xa9, 0xf4, 0xc0, 0x31, 0xfb, 0x68, 0x0,

    /* U+53D1 "发" */
    0x0, 0xe1, 0x0, 0x8f, 0x24, 0x2, 0x15, 0x0,
    0xfe, 0x7e, 0xc0, 0x2, 0x9b, 0x0, 0x5f, 0x4a,
    0x1, 0xfa, 0xc2, 0xc0, 0x1c, 0x4, 0x1, 0x50,
    0x52, 0x0, 0x78, 0xcc, 0xc, 0x0, 0x30, 0x70,
    0x9, 0x24, 0x24, 0x3, 0xd2, 0xa, 0x20, 0x4,
    0xd, 0x0, 0xcd, 0x3a, 0x1, 0xca, 0xa0, 0x5e,
    0xe7, 0x80, 0x23, 0xbb, 0xa3, 0xb9, 0x0, 0x10,
    0x80, 0x42, 0x20, 0xc, 0x23, 0xfc, 0x1, 0x25,
    0x77, 0x62, 0x4, 0xee, 0xfe, 0x90, 0xc, 0xa2,
    0x31, 0x10, 0x38, 0x47, 0xf8, 0x3, 0xfa, 0x80,
    0x11, 0xbb, 0xdf, 0xae, 0x1, 0xfc, 0x2c, 0x0,
    0x22, 0xf0, 0x16, 0x80, 0x7f, 0x58, 0x5, 0x99,
    0xd4, 0x0, 0x90, 0xf, 0xc8, 0xa0, 0x15, 0x19,
    0xee, 0x4, 0x30, 0xf, 0x86, 0x80, 0xb8, 0x59,
    0x40, 0xe, 0x81, 0x20, 0x1f, 0xe, 0x88, 0x78,
    0xd0, 0x52, 0x2c, 0x4, 0x90, 0x7, 0x8b, 0xc,
    0x2c, 0x81, 0x20, 0x2e, 0x81, 0x98, 0x1, 0xe5,
    0xc2, 0xb, 0x40, 0x9, 0x40, 0x35, 0x80, 0x78,
    0xac, 0x45, 0x88, 0x0, 0x2a, 0xd0, 0xd, 0xb4,
    0x80, 0x18, 0xb5, 0xb8, 0xc9, 0xf3, 0x54, 0x17,
    0xb8, 0xa0, 0xb7, 0xd2, 0xc2, 0x7, 0x20, 0x7,
    0x83, 0x6, 0xda, 0x11, 0x56, 0xb0, 0x89, 0xa8,
    0x40, 0x39, 0x62, 0xbe, 0x48, 0x3, 0x14, 0xf6,
    0x3f, 0x0,

    /* U+53D6 "取" */
    0x19, 0x9f, 0xf0, 0x7, 0xfc, 0x4c, 0xdf, 0xe1,
    0x0, 0xf0, 0x80, 0x45, 0x20, 0x7, 0x99, 0x10,
    0x2, 0x3b, 0xff, 0xdd, 0xe8, 0x2, 0xc4, 0x14,
    0xcc, 0xa0, 0x66, 0x8, 0x0, 0x47, 0x0, 0x1c,
    0x3, 0x84, 0x3, 0x87, 0x8c, 0x3b, 0xb0, 0x0,
    0xc0, 0x3b, 0x3f, 0xd0, 0x1, 0x94, 0xc, 0x0,
    0x40, 0x40, 0x1f, 0x19, 0x80, 0x3b, 0xc1, 0x40,
    0xe, 0xe, 0x1, 0xed, 0xcc, 0x40, 0x6, 0x50,
    0xc0, 0x6, 0x6, 0x80, 0x7f, 0xf0, 0x8c, 0x10,
    0x0, 0xe0, 0x80, 0x1e, 0x72, 0x27, 0x0, 0x72,
    0x9, 0x18, 0x88, 0xc0, 0x3d, 0x5b, 0xa6, 0x0,
    0xed, 0xa, 0xa0, 0x30, 0x7, 0xc6, 0xaa, 0x0,
    0xf3, 0x83, 0xb0, 0x50, 0x7, 0xdd, 0x54, 0x80,
    0xe, 0x14, 0x0, 0x21, 0x0, 0x7f, 0xf0, 0x8,
    0xc8, 0x1, 0xa0, 0xf, 0x0, 0xf1, 0x85, 0x45,
    0x40, 0x26, 0x28, 0x3, 0xc0, 0x6, 0x1, 0x93,
    0xc4, 0x1d, 0xca, 0x1, 0x3a, 0x2, 0xb0, 0x2,
    0xc, 0x2, 0x60, 0x13, 0x69, 0xb7, 0x6, 0x83,
    0x35, 0x4, 0xb0, 0x68, 0x80, 0xb, 0xb9, 0x92,
    0xc9, 0xe0, 0x12, 0x60, 0x33, 0x24, 0xc7, 0xd0,
    0x0, 0x20, 0x1f, 0x8e, 0xc1, 0x64, 0x1, 0xa6,
    0x30, 0x1, 0xff, 0x1b, 0x3d, 0x0, 0x43, 0x8d,
    0xa0, 0x1f, 0x9f, 0xe4, 0x26, 0x0, 0x3d, 0x22,
    0x0,

    /* U+53D8 "变" */
    0x0, 0xfe, 0x37, 0x10, 0xf, 0xfe, 0x34, 0xc4,
    0x0, 0x3f, 0xc2, 0x45, 0xf7, 0x3, 0x21, 0x17,
    0xc0, 0xa, 0xdd, 0xfa, 0xc0, 0x17, 0xbb, 0xf0,
    0x86, 0x2a, 0xf0, 0x0, 0x55, 0x40, 0x2, 0x55,
    0xe1, 0x7, 0xaa, 0x67, 0x50, 0x86, 0xd5, 0x4,
    0x3e, 0xba, 0xaa, 0x0, 0xc7, 0x34, 0x1, 0xf8,
    0x76, 0xd8, 0x3, 0xdc, 0x10, 0x1, 0xf8, 0x7c,
    0x65, 0x80, 0x35, 0x12, 0x30, 0x7, 0xf1, 0x68,
    0x4a, 0x0, 0xd, 0x46, 0x80, 0x3f, 0xe3, 0xa0,
    0xe0, 0x1, 0xee, 0x8, 0x7, 0xff, 0x1, 0x6e,
    0x80, 0x26, 0xec, 0xc8, 0x7, 0xf3, 0x6, 0x5d,
    0xbe, 0xa8, 0x1, 0x88, 0xcf, 0x8, 0x8c, 0xe2,
    0x21, 0x90, 0x70, 0x7, 0x37, 0x50, 0x3, 0x3b,
    0xbd, 0x0, 0xa, 0x0, 0xf0, 0xac, 0x6, 0xa8,
    0x8e, 0x98, 0xc, 0x10, 0xf, 0xcf, 0x3, 0x70,
    0x7, 0x8e, 0x38, 0x60, 0x1f, 0xe7, 0xa0, 0x7f,
    0xc3, 0x4f, 0x30, 0xf, 0xf8, 0xf4, 0x40, 0x30,
    0xa0, 0x80, 0x79, 0x1e, 0x73, 0xf1, 0xc5, 0x21,
    0x81, 0x6b, 0xb6, 0x5d, 0x48, 0x22, 0xc, 0x62,
    0x93, 0xd6, 0xf3, 0xf4, 0xa2, 0x4d, 0x14, 0x21,
    0xef, 0x5b, 0xd6, 0xc2, 0x1, 0x96, 0xbb, 0x69,
    0xe0, 0xc0,

    /* U+53E0 "叠" */
    0x0, 0xc2, 0x3f, 0xfc, 0x0, 0xf, 0x93, 0xbb,
    0xff, 0x81, 0x20, 0x1e, 0x4b, 0x23, 0x58, 0xbc,
    0xc4, 0x8, 0x14, 0x0, 0x7c, 0xb0, 0x83, 0x17,
    0x98, 0x83, 0xbd, 0x10, 0xf, 0x2b, 0x61, 0xa8,
    0x7, 0x14, 0xc1, 0x0, 0x62, 0x3e, 0x84, 0x7,
    0x8f, 0xec, 0xc4, 0xb3, 0xb8, 0xd0, 0x1, 0x18,
    0x80, 0x48, 0xd0, 0xee, 0xcc, 0x4a, 0x5, 0x65,
    0xa0, 0x52, 0xa5, 0x73, 0x82, 0x3b, 0x21, 0xc6,
    0xe8, 0xc2, 0x10, 0x1, 0xcf, 0x5c, 0xe9, 0x60,
    0x8, 0x58, 0xdd, 0x1c, 0xb8, 0x15, 0x50, 0xc0,
    0x2, 0x98, 0x71, 0xcc, 0x4, 0x41, 0x9b, 0x32,
    0x53, 0x69, 0x94, 0x29, 0x28, 0x83, 0x4d, 0xda,
    0x11, 0xc, 0x20, 0x4d, 0x33, 0x28, 0xcb, 0x13,
    0x4c, 0xe4, 0x9, 0x0, 0x17, 0xe6, 0x7f, 0xf0,
    0x3e, 0xc0, 0x2, 0x88, 0xc, 0xcf, 0xfe, 0x1,
    0x32, 0x20, 0x2e, 0x40, 0x2e, 0xef, 0xc0, 0x11,
    0x5c, 0x0, 0x7b, 0xbb, 0xf0, 0x7, 0xff, 0x3,
    0xbb, 0xf0, 0x7, 0xff, 0x3, 0xbb, 0xf0, 0x7,
    0xff, 0x3, 0xbb, 0xf0, 0x7, 0xab, 0xfe, 0x0,
    0x77, 0x7e, 0x0, 0x6f, 0xfc, 0x1, 0xff, 0xc8,

    /* U+53E3 "口" */
    0x2, 0x2f, 0xfe, 0x20, 0x9e, 0xef, 0xff, 0x12,
    0x80, 0x3f, 0xf9, 0x3, 0xff, 0xff, 0xc0, 0x70,
    0xf, 0xff, 0xf8, 0x7, 0xff, 0xfc, 0x3, 0xff,
    0xac, 0x3b, 0xbf, 0xfc, 0x7, 0x0, 0xe2, 0x2f,
    0xfe, 0x0, 0x7, 0xae, 0xff, 0xf8, 0x4, 0x1,
    0x85, 0x13, 0xff, 0x80, 0xa0, 0x1f, 0xfc, 0x83,
    0xef, 0x0, 0xff, 0xe0, 0x47, 0xd8,

    /* U+53E6 "另" */
    0x0, 0x1e, 0x67, 0xff, 0xa, 0xc0, 0x27, 0x33,
    0xff, 0xe1, 0x28, 0x7, 0x16, 0xef, 0xfa, 0x40,
    0x3e, 0x12, 0x2f, 0xf8, 0x3, 0xff, 0xc2, 0x2c,
    0xdf, 0xed, 0x0, 0xf8, 0xa6, 0x7f, 0xcc, 0x1,
    0xcc, 0xde, 0x40, 0x3, 0x37, 0xc0, 0x11, 0x4c,
    0xf6, 0x81, 0x4c, 0xfa, 0x0, 0x4, 0x5f, 0x68,
    0x0, 0x8b, 0x8c, 0xc4, 0x7b, 0xbf, 0x20, 0x16,
    0xef, 0x66, 0x3c, 0x51, 0x3c, 0x60, 0x12, 0x27,
    0x0, 0x18, 0xae, 0xfe, 0x1, 0xfb, 0xbe, 0x70,
    0x10, 0xf, 0x14, 0x83, 0x0, 0x78, 0x40, 0xc0,
    0x38, 0xbc, 0x45, 0x0, 0x1e, 0x20, 0xe0, 0xc,
    0xd8, 0x43, 0x80, 0x1f, 0x28, 0x10, 0x1c, 0x74,
    0x89, 0x61, 0x0, 0x79, 0x4, 0x1d, 0xb1, 0xc4,
    0x51, 0xa4, 0x1, 0x27, 0xfd, 0x60, 0x44, 0x63,
    0x49, 0xe7, 0x0, 0xe4, 0x10, 0x9, 0x3c, 0x1,
    0x96, 0xc0, 0x1f, 0xbb, 0xfe, 0xb2, 0x0,

    /* U+53EA "只" */
    0x0, 0xb3, 0xff, 0xff, 0x84, 0x80, 0x1c, 0x20,
    0x1f, 0xfc, 0xaa, 0xff, 0xff, 0x8, 0x7, 0xf0,
    0x80, 0x7f, 0xff, 0xc0, 0x3f, 0xfa, 0x35, 0xdd,
    0xfe, 0x10, 0xf, 0xe1, 0x1f, 0xf8, 0x3, 0xf6,
    0x77, 0x7f, 0xf0, 0x90, 0x3, 0x84, 0x7f, 0xf8,
    0x60, 0x1f, 0xcf, 0xae, 0x1, 0xd, 0x71, 0x80,
    0x7f, 0x9a, 0xb, 0xc0, 0x30, 0x8b, 0x14, 0x3,
    0xf3, 0xc8, 0x2c, 0x0, 0x43, 0x6c, 0x14, 0xe0,
    0x1e, 0x98, 0x6, 0xa0, 0xf, 0x4b, 0x84, 0x48,
    0x4, 0x7a, 0xc1, 0x12, 0x1, 0xfa, 0x24, 0x1a,
    0x80, 0x10, 0x43, 0x6e, 0x1, 0xfe, 0x68, 0x4,
    0x30, 0xb8, 0xf4, 0x0, 0xff, 0xe0, 0x3d, 0x79,
    0x80,

    /* U+53ED "叭" */
    0x0, 0xff, 0x1a, 0x8, 0xc, 0x30, 0x6, 0x3f,
    0xf7, 0x76, 0x10, 0x4, 0x5a, 0x81, 0x3e, 0x80,
    0x7c, 0x23, 0x80, 0x26, 0x7, 0x1, 0x7, 0x0,
    0xf0, 0xe6, 0x4, 0x3, 0x18, 0x8, 0x18, 0x8,
    0x7, 0x94, 0xce, 0x0, 0xc2, 0x6, 0x2, 0x6,
    0x1, 0xff, 0xc4, 0x10, 0x8, 0x40, 0x3f, 0xf8,
    0x22, 0x2, 0x1, 0x8, 0x7, 0xff, 0x8, 0x80,
    0xc0, 0x22, 0x2, 0x0, 0xff, 0xe0, 0x30, 0x30,
    0x4, 0xe0, 0xc0, 0x1f, 0xfc, 0x2, 0x2, 0x0,
    0x88, 0x8, 0x3, 0xff, 0x81, 0xa1, 0xe0, 0x17,
    0x87, 0x80, 0x7f, 0xf0, 0x1c, 0x8, 0x2, 0x20,
    0x50, 0xe, 0x45, 0x51, 0x80, 0x4, 0x81, 0x40,
    0x25, 0x3, 0x0, 0xf5, 0x50, 0x40, 0x8, 0x4,
    0x20, 0x10, 0x88, 0x10, 0x3, 0x8c, 0xf0, 0x78,
    0x20, 0x7, 0x20, 0x68, 0x6, 0x4c, 0xcc, 0xa,
    0x1a, 0x1, 0xde, 0xc, 0x0, 0x15, 0xc0, 0xc,
    0xc0, 0x28, 0x1, 0xca, 0x0, 0x70, 0x2a, 0x70,
    0x8, 0x60, 0x18, 0x3, 0xe6, 0x8, 0x20, 0xf,
    0x20, 0xc, 0x0, 0x7d, 0x0, 0x46, 0x1, 0xe5,
    0x8b, 0x0, 0xfc, 0x33, 0xe2, 0x1, 0xf3, 0xa8,
    0x7, 0xf3, 0x10, 0x0,

    /* U+53EF "可" */
    0x0, 0xff, 0xe4, 0x7f, 0xff, 0xf1, 0xf4, 0x3,
    0xff, 0x91, 0xff, 0xff, 0xc3, 0x0, 0x67, 0xe8,
    0x7, 0xff, 0x14, 0x40, 0x38, 0x40, 0x3f, 0xf8,
    0xd9, 0xdf, 0xff, 0x10, 0x7, 0xff, 0x53, 0x3f,
    0xf0, 0x80, 0x7f, 0xff, 0xb3, 0xbb, 0x8, 0x7,
    0xff, 0xc, 0x47, 0x0, 0x7f, 0xf0, 0xeb, 0xbb,
    0xc4, 0x1, 0xfe, 0x62, 0x61, 0x1f, 0x0, 0x7f,
    0xd5, 0xa6, 0x1, 0xff, 0xcd, 0x22, 0xc6, 0x1,
    0xff, 0xc3, 0xbd, 0xdb, 0x0, 0x4, 0x1, 0xff,
    0xc0, 0xa0, 0x8, 0x52, 0xc0, 0x3f, 0xf8, 0x27,
    0xff, 0x75, 0xa0, 0x4,

    /* U+53F2 "史" */
    0x0, 0xfe, 0x45, 0x10, 0xf, 0xfe, 0x35, 0x50,
    0x80, 0x3f, 0xfb, 0x62, 0xe, 0x1, 0xfe, 0x3f,
    0xff, 0x80, 0x17, 0xff, 0xee, 0x0, 0xff, 0xe7,
    0x17, 0xff, 0x8, 0x67, 0xfe, 0xc0, 0xf, 0xff,
    0x29, 0x66, 0x70, 0x86, 0x67, 0x70, 0x7, 0xe3,
    0x3e, 0x0, 0x8c, 0xf1, 0x0, 0x71, 0xe6, 0x2f,
    0x33, 0x0, 0x27, 0x33, 0xda, 0x1, 0x8e, 0x2c,
    0x8c, 0xc4, 0x0, 0x73, 0x3f, 0x80, 0x3e, 0xb0,
    0x2, 0x80, 0x88, 0x3, 0xff, 0x81, 0x20, 0xae,
    0x1a, 0x8, 0x1, 0xff, 0xc1, 0x28, 0x8, 0xa6,
    0xe, 0x0, 0xff, 0xe1, 0x3b, 0x2, 0x81, 0xa0,
    0x7, 0xff, 0xf, 0x80, 0x23, 0x94, 0x0, 0xff,
    0x8e, 0x7a, 0x0, 0x4c, 0x1a, 0xff, 0x25, 0x94,
    0xc8, 0x83, 0x3f, 0x8c, 0x25, 0x5d, 0x98, 0x61,
    0x3, 0x69, 0xac, 0xdd, 0x3d, 0x80, 0xb6, 0x6a,
    0x80, 0xe, 0x7b, 0x69, 0xd4, 0xc4, 0x5, 0x8b,
    0xb9, 0x26, 0x1, 0xf1, 0x2c, 0x56, 0x77, 0xf0,
    0x0,

    /* U+53F3 "右" */
    0x0, 0xfc, 0x74, 0xc0, 0x1f, 0xfc, 0x6b, 0x5d,
    0x0, 0xff, 0xe3, 0x20, 0x68, 0x7, 0xff, 0x18,
    0xc1, 0x0, 0x3f, 0xe5, 0xdd, 0xef, 0x0, 0x7e,
    0xef, 0xf6, 0x1, 0x17, 0x80, 0x22, 0x2f, 0xf8,
    0x1b, 0x33, 0x58, 0x2, 0x73, 0x3f, 0xe0, 0x13,
    0x3c, 0x40, 0x4c, 0x67, 0xfe, 0x20, 0xf, 0x58,
    0x58, 0x7, 0xff, 0x15, 0x88, 0x58, 0x3, 0xff,
    0x88, 0x32, 0x3, 0xbb, 0xff, 0x10, 0x7, 0x50,
    0x4, 0x45, 0xff, 0x0, 0x74, 0x20, 0x0, 0x77,
    0x7f, 0x60, 0x7, 0x99, 0xc1, 0x40, 0x4, 0x5f,
    0x8c, 0x3, 0xa6, 0x40, 0xd2, 0x1, 0xff, 0xc4,
    0x50, 0x69, 0x0, 0xff, 0xe2, 0xec, 0xc8, 0x3,
    0xff, 0x8c, 0x2c, 0x1, 0x84, 0x8b, 0xf1, 0x80,
    0x7f, 0xf0, 0x37, 0x7f, 0x60, 0x7, 0xff, 0x0,
    0x8b, 0xf0, 0x80, 0x7f, 0xc3, 0xbb, 0xfb, 0x80,
    0x3f, 0x8f, 0xbc, 0x3, 0xfb, 0xfc, 0x40,

    /* U+53F7 "号" */
    0x0, 0x16, 0x67, 0xff, 0x6, 0x80, 0x38, 0x4c,
    0xff, 0xf8, 0x2e, 0x1, 0xf1, 0x7f, 0xff, 0x48,
    0x7, 0xff, 0x1c, 0xc0, 0x3f, 0xc2, 0x3f, 0xc6,
    0x1, 0xfc, 0x5d, 0xdf, 0xd2, 0x1, 0xf0, 0xa2,
    0x7f, 0xf0, 0x80, 0x38, 0xae, 0xff, 0xf8, 0x32,
    0x1, 0x66, 0xef, 0xff, 0x19, 0x48, 0xbf, 0xf8,
    0xe7, 0xdf, 0xf1, 0x82, 0xff, 0xff, 0xf0, 0x18,
    0x2, 0x13, 0xe, 0x0, 0xff, 0xe2, 0x38, 0x2,
    0x77, 0x7e, 0xff, 0x58, 0x7, 0xa8, 0x0, 0x45,
    0xf8, 0x3, 0xfb, 0x3b, 0x9f, 0xff, 0x90, 0x8,
    0x3, 0xe1, 0x10, 0x7, 0xe6, 0xf, 0x0, 0xff,
    0xe2, 0x9, 0x2, 0x80, 0x7f, 0xf1, 0x24, 0x4,
    0xc0, 0x3f, 0xe6, 0xfe, 0xe9, 0xc2, 0x40, 0x3f,
    0xf8, 0xc, 0x2, 0x39, 0xdc, 0x1, 0xff, 0xc1,
    0xff, 0xdd, 0x0, 0x1c,

    /* U+5403 "吃" */
    0x0, 0xff, 0x9, 0x0, 0x7f, 0xf1, 0xe3, 0x60,
    0x3, 0xf0, 0xbd, 0x33, 0x4a, 0x1, 0x38, 0x50,
    0x7, 0xe2, 0x85, 0x99, 0xa8, 0x0, 0xc2, 0x46,
    0x23, 0xf0, 0x6, 0x66, 0x0, 0x69, 0x2, 0xee,
    0xfc, 0x40, 0x4, 0x99, 0x0, 0x4e, 0x0, 0x22,
    0xfe, 0x0, 0xfc, 0x70, 0x19, 0xbb, 0xfc, 0x40,
    0x1f, 0x78, 0x39, 0x80, 0x7f, 0xf1, 0x72, 0x7,
    0xbb, 0xdf, 0xe8, 0x0, 0xff, 0x39, 0x88, 0xf8,
    0x0, 0x20, 0x1f, 0xf5, 0x7f, 0xda, 0x40, 0x8,
    0x90, 0xf, 0xfe, 0x11, 0x79, 0x5, 0xb8, 0x7,
    0xff, 0x8, 0xb0, 0x87, 0x10, 0x3, 0xc9, 0xba,
    0x0, 0xe1, 0xc1, 0x2f, 0x30, 0xf, 0xc4, 0x40,
    0xc, 0x38, 0x27, 0x82, 0x1, 0xf8, 0xb7, 0x70,
    0x3, 0x48, 0xf0, 0x40, 0x31, 0xd2, 0x0, 0xa1,
    0x16, 0x7, 0x32, 0xd0, 0xf, 0x3a, 0xf1, 0xf4,
    0x80, 0x75, 0x7, 0x8, 0x7, 0x88, 0x8, 0x3,
    0xf1, 0x3, 0x8, 0x7, 0xe, 0x86, 0x80, 0x7e,
    0x50, 0xae, 0xff, 0xee, 0x40, 0x40, 0xf, 0xd4,
    0xc2, 0x1, 0xf1, 0x58, 0x80,

    /* U+5404 "各" */
    0x0, 0xf8, 0x94, 0x3, 0xff, 0x91, 0xd5, 0x20,
    0x1f, 0xfc, 0x69, 0x30, 0xb2, 0x2f, 0x80, 0x3f,
    0xce, 0xc0, 0xd, 0xdf, 0xd2, 0x1, 0xfa, 0x60,
    0x0, 0xab, 0xe1, 0x0, 0x70, 0x7, 0xd4, 0xc0,
    0x3, 0xba, 0xad, 0x20, 0x4, 0x70, 0xe, 0x4d,
    0x50, 0xa4, 0x3c, 0x20, 0x2, 0xe0, 0xa5, 0x80,
    0x7b, 0x48, 0x9a, 0xb6, 0xa5, 0xb1, 0x54, 0x5,
    0xb0, 0xf, 0xa6, 0x5a, 0x40, 0xa, 0x70, 0x75,
    0x9, 0xa0, 0xf, 0xe6, 0x0, 0x85, 0xd8, 0x3,
    0x52, 0x80, 0x7f, 0xcb, 0x7d, 0x2, 0x77, 0x2,
    0x75, 0xd2, 0x80, 0x18, 0xa3, 0x3e, 0x90, 0x16,
    0xf1, 0x1f, 0xa0, 0x85, 0xaf, 0xed, 0xc0, 0xe,
    0x60, 0x71, 0xb4, 0x80, 0x19, 0xf6, 0x94, 0x41,
    0x4, 0xa, 0x6b, 0x86, 0x37, 0xff, 0xf5, 0x2d,
    0x64, 0xb0, 0x1, 0x94, 0x40, 0x2, 0x45, 0xf8,
    0x2, 0x36, 0x0, 0xfd, 0x5b, 0xbf, 0x84, 0x3,
    0xff, 0xd9, 0x7b, 0xbf, 0x84, 0x3, 0xff, 0x82,
    0x45, 0xf8, 0x3, 0xff, 0x83, 0x7f, 0xff, 0x84,
    0x3, 0xfd, 0xbc, 0x80, 0x1f, 0xbb, 0xd0, 0x3,
    0x0,

    /* U+5408 "合" */
    0x0, 0xff, 0x90, 0x3, 0xff, 0x90, 0xd7, 0x80,
    0x1f, 0xfc, 0x64, 0x90, 0x20, 0xf, 0xfe, 0x2a,
    0x58, 0x0, 0x60, 0x3, 0xff, 0x86, 0xf6, 0xb,
    0x40, 0xf6, 0x20, 0x1f, 0xf0, 0xdc, 0x3, 0x52,
    0xe0, 0xa7, 0xa8, 0x7, 0xf3, 0x7a, 0x4, 0x48,
    0x0, 0xf0, 0xc6, 0xb0, 0xc0, 0x39, 0x76, 0x44,
    0x25, 0xc, 0xf0, 0xfa, 0x1, 0xe5, 0xa0, 0xe,
    0xd1, 0x0, 0x53, 0x99, 0xf2, 0x12, 0x2, 0x59,
    0x8c, 0x2, 0xec, 0xa2, 0x7f, 0xaa, 0xf0, 0xe4,
    0xc1, 0x76, 0x89, 0xae, 0xff, 0xce, 0x7, 0x8c,
    0x1, 0x10, 0x7, 0xff, 0x2f, 0x7f, 0xff, 0xf8,
    0x26, 0x1, 0xfc, 0x45, 0xfe, 0x0, 0xff, 0xe0,
    0x4e, 0xef, 0xf0, 0x7, 0xff, 0xb0, 0x40, 0x3f,
    0xf9, 0x35, 0xff, 0xfc, 0x1, 0xff, 0xc1, 0x11,
    0xfe, 0x0, 0xff, 0xe0, 0x5f, 0x77, 0xf0, 0x7,
    0xfb, 0x39, 0x0, 0x3f, 0xbf, 0xc6, 0x1, 0x0,

    /* U+540C "同" */
    0x4, 0x4f, 0xfe, 0x23, 0xa8, 0xd, 0xdf, 0xff,
    0x12, 0x28, 0x80, 0x24, 0x4f, 0xfe, 0x10, 0x7,
    0xd, 0xdf, 0xff, 0x8, 0x40, 0x3c, 0x57, 0x7f,
    0xea, 0x0, 0xfc, 0x28, 0x9f, 0xf0, 0x7, 0xe3,
    0xff, 0xff, 0x70, 0x7, 0xff, 0x45, 0x3f, 0xd7,
    0x7e, 0x80, 0xf, 0xf1, 0x80, 0x11, 0x3c, 0x60,
    0x1f, 0xfc, 0x6, 0xff, 0xd6, 0x1, 0xff, 0xc2,
    0x10, 0xc, 0xe0, 0x1f, 0xfd, 0x61, 0x1e, 0x70,
    0xf, 0xfe, 0x13, 0x77, 0x6b, 0x0, 0xff, 0xe1,
    0xa2, 0x78, 0xc0, 0x3f, 0xf8, 0xf, 0x77, 0xe8,
    0x0, 0xff, 0x36, 0x48, 0x7, 0xf0, 0x81, 0x80,
    0x70, 0x98, 0x80, 0x7b, 0x3f, 0xc0, 0x1, 0x0,
    0xff, 0xe1, 0x50, 0x0, 0xa8, 0x0,

    /* U+540D "名" */
    0x0, 0xf8, 0x54, 0x80, 0x3f, 0xf8, 0x95, 0x4c,
    0x10, 0xf, 0xfe, 0x14, 0xa0, 0x41, 0x91, 0x72,
    0x80, 0x7d, 0x2c, 0x0, 0x9d, 0xdf, 0x56, 0x0,
    0x62, 0xc6, 0x0, 0x22, 0x78, 0xc0, 0x8, 0x1,
    0x3e, 0x99, 0x67, 0xdd, 0xf9, 0xc0, 0xa0, 0xb,
    0xa0, 0x17, 0x1c, 0x3, 0xd4, 0x81, 0xe0, 0x2,
    0x93, 0xca, 0xa5, 0xe1, 0x0, 0x7, 0x14, 0x2c,
    0x80, 0x27, 0xc3, 0x9, 0x23, 0xc4, 0x6f, 0x31,
    0xc4, 0x0, 0xfc, 0x5a, 0xa3, 0x72, 0x27, 0xe6,
    0x1, 0xfe, 0x51, 0x0, 0xa3, 0x4, 0x3, 0xf1,
    0xc7, 0xd2, 0x0, 0x55, 0xbb, 0xbf, 0x49, 0xaf,
    0xf1, 0xc0, 0x3c, 0x45, 0xc0, 0x42, 0x8, 0x1,
    0x8f, 0xff, 0xf8, 0x2, 0x67, 0xbf, 0x90, 0x70,
    0xf, 0xfe, 0xc, 0x20, 0x7, 0xff, 0x75, 0xc0,
    0x3f, 0xf8, 0xc7, 0xff, 0xfc, 0x1, 0xfe, 0x22,
    0xfe, 0x0, 0xf8, 0xc1, 0x37, 0x7f, 0x80, 0x20,

    /* U+540E "后" */
    0x0, 0xff, 0xe2, 0x12, 0x80, 0x7f, 0xf0, 0x9,
    0x1a, 0x2b, 0x3f, 0x6a, 0x80, 0x1d, 0xfe, 0xed,
    0xff, 0x6d, 0xcb, 0xa9, 0x81, 0x2e, 0x88, 0x7,
    0x84, 0x84, 0x8d, 0x5e, 0x6f, 0x7f, 0x69, 0xc4,
    0x3, 0xd9, 0xfd, 0xb9, 0x50, 0xc8, 0x40, 0x1f,
    0xfd, 0x44, 0x4f, 0xfe, 0x20, 0x7, 0x45, 0xdf,
    0xff, 0xc, 0x3, 0x85, 0x13, 0xff, 0x86, 0x1,
    0xd9, 0x77, 0xff, 0xc3, 0x0, 0xe3, 0x0, 0xff,
    0xe2, 0x88, 0x0, 0x4b, 0xbb, 0xff, 0x80, 0xa0,
    0x11, 0x0, 0x80, 0x4, 0x7f, 0xf8, 0x6, 0x1,
    0x30, 0x10, 0x4, 0x3d, 0xdf, 0x88, 0x3, 0x88,
    0x18, 0x3, 0x8, 0xfe, 0x0, 0xf6, 0x6, 0x80,
    0x7f, 0xf1, 0x90, 0xc, 0x3, 0xff, 0x8a, 0xc0,
    0x28, 0x1, 0x8, 0x7, 0xff, 0x6, 0xc1, 0xc0,
    0x3b, 0xff, 0xf1, 0x0, 0x4a, 0x41, 0x60, 0x1c,
    0x23, 0xf8, 0x3, 0x2c, 0xb9, 0x0, 0x61, 0xee,
    0xfc, 0x40, 0x19, 0xa0, 0x2, 0x2f, 0xe0, 0xf,
    0xdb, 0xec, 0x0,

    /* U+5411 "向" */
    0x0, 0xf9, 0xa5, 0x40, 0x3f, 0xf8, 0x96, 0xd8,
    0x1, 0xff, 0xc3, 0x22, 0x5, 0x0, 0x7f, 0xf0,
    0xd4, 0xc, 0xc0, 0x1f, 0xdd, 0xff, 0xd0, 0x7,
    0xff, 0xfc, 0x22, 0x0, 0xff, 0xe4, 0x67, 0x77,
    0xff, 0x4, 0x3, 0x88, 0x47, 0xff, 0x82, 0x1,
    0xfc, 0x20, 0x1f, 0xfc, 0x41, 0xfe, 0xff, 0xf0,
    0x80, 0x7f, 0xf0, 0xc, 0xf0, 0x7, 0xff, 0x8,
    0xf3, 0x31, 0x0, 0x7f, 0xf9, 0xcf, 0x33, 0x10,
    0x7, 0xff, 0x8, 0xcf, 0x0, 0x7f, 0xf0, 0x8b,
    0xff, 0xc2, 0x1, 0xfc, 0x2b, 0x40, 0x1f, 0xfc,
    0x5a, 0x70, 0xe, 0x10, 0x1, 0x0, 0x7f, 0xf0,
    0xfb, 0xfd, 0xa0, 0x22, 0x0, 0xff, 0xe0, 0x28,
    0x0, 0x4e, 0x83, 0xfc, 0x20, 0x1f, 0xd5, 0xfe,
    0xec, 0x40,

    /* U+5417 "吗" */
    0x0, 0xfc, 0xd3, 0x3f, 0x7c, 0x88, 0x17, 0x7e,
    0x65, 0x61, 0x8c, 0xdf, 0x3, 0x18, 0x8, 0x80,
    0xce, 0x50, 0x9a, 0xaf, 0x80, 0x4, 0x1, 0x1e,
    0xe8, 0x2, 0x36, 0x62, 0xaf, 0x0, 0x79, 0x88,
    0x80, 0x1b, 0xb0, 0x80, 0x22, 0x2, 0x0, 0xff,
    0x8c, 0x8, 0x2, 0x10, 0x60, 0xf, 0xf8, 0x40,
    0x39, 0x80, 0x40, 0x3f, 0xc2, 0x4, 0x1, 0x88,
    0x8, 0x3, 0xfc, 0x60, 0xc0, 0x1b, 0x83, 0x80,
    0x3f, 0xcc, 0x9, 0xff, 0x98, 0x27, 0xec, 0x3,
    0xf0, 0x80, 0x8, 0xb0, 0x6, 0x10, 0xf, 0xcb,
    0xfe, 0xdd, 0xdf, 0xec, 0x3, 0x0, 0x2f, 0xf8,
    0x3, 0xff, 0x80, 0xc1, 0xc0, 0x11, 0x16, 0x3d,
    0xdf, 0xc8, 0x60, 0x20, 0x5, 0xdd, 0xb1, 0xc8,
    0xbf, 0xbc, 0x8, 0x3, 0xe4, 0xff, 0xfc, 0xc4,
    0xa, 0x7d, 0x60, 0x1f, 0xfc, 0x25, 0x1, 0x1,
    0x10, 0x7, 0xff, 0x5, 0x5, 0x0, 0x3f, 0xf8,
    0x4f, 0xb9, 0x61, 0xa0, 0x1f, 0xfc, 0x23, 0x23,
    0x6, 0x60, 0x7, 0xff, 0x9, 0x3f, 0xe9, 0x0,
    0x0,

    /* U+5426 "否" */
    0x2, 0x33, 0xff, 0xe3, 0x8, 0x3, 0xf3, 0x3f,
    0xf8, 0xce, 0x0, 0x73, 0x3f, 0xc0, 0x18, 0xcf,
    0xc4, 0x0, 0xac, 0xcf, 0xbc, 0x40, 0xbb, 0x33,
    0xc8, 0x1, 0xfc, 0xd8, 0x21, 0xe2, 0x40, 0x1f,
    0xfc, 0x12, 0xc9, 0x0, 0x8a, 0xb6, 0xcc, 0x3,
    0xf8, 0x67, 0x4c, 0x1c, 0x2, 0xc1, 0x4c, 0xa2,
    0x0, 0xe4, 0xae, 0x60, 0x4d, 0x90, 0x9, 0xba,
    0x1, 0x76, 0x0, 0x7, 0xd6, 0xa0, 0x77, 0x62,
    0x0, 0xf3, 0xf2, 0x83, 0xd8, 0x1a, 0x2, 0x5e,
    0x20, 0x7, 0xf0, 0xd5, 0x94, 0x0, 0x2b, 0x6d,
    0x0, 0x3f, 0xf8, 0x29, 0xa6, 0x1, 0x11, 0x33,
    0x3b, 0x4c, 0xd9, 0x9e, 0x50, 0xf, 0x9, 0x9f,
    0xff, 0xc, 0x3, 0xf0, 0xff, 0xff, 0x88, 0x3,
    0xff, 0xfe, 0x3, 0xff, 0xfe, 0x20, 0xf, 0xf8,
    0x47, 0xfc, 0x1, 0xff, 0xf, 0x77, 0xf8, 0x80,
    0x3f, 0x1f, 0xf0, 0x7, 0xfb, 0x7d, 0x80, 0x20,

    /* U+542B "含" */
    0x0, 0xff, 0x11, 0x80, 0x7f, 0xf1, 0xc7, 0xf2,
    0x0, 0x3f, 0xf8, 0xa3, 0x84, 0x6, 0x1, 0xff,
    0xc4, 0x3c, 0x21, 0x12, 0x58, 0x80, 0x7f, 0xf0,
    0x5f, 0x8, 0x9f, 0xc8, 0x8f, 0x50, 0xf, 0xf2,
    0xec, 0x2, 0xf3, 0x85, 0xb8, 0xd6, 0x28, 0x7,
    0x9b, 0x68, 0x86, 0x6b, 0xa7, 0x6, 0x2c, 0x8e,
    0xb5, 0xc8, 0x7, 0xe4, 0x81, 0xbd, 0x83, 0x10,
    0xfc, 0x53, 0x60, 0xa, 0x34, 0x86, 0x45, 0xf6,
    0x44, 0x0, 0x36, 0xb0, 0x20, 0x2f, 0xf2, 0x74,
    0x40, 0xdd, 0x19, 0xff, 0xe5, 0x9f, 0xf7, 0x71,
    0x5b, 0x14, 0x3, 0x94, 0xcf, 0xf8, 0x0, 0x68,
    0x1, 0xfa, 0xf3, 0x3f, 0x20, 0xf, 0x88, 0x7,
    0xff, 0x11, 0xdc, 0x1a, 0x40, 0x1f, 0x8f, 0x33,
    0xee, 0x80, 0x7, 0xe6, 0x8, 0x3, 0xce, 0x67,
    0xf0, 0x80, 0x46, 0x70, 0x80, 0x7e, 0x2f, 0xff,
    0xf0, 0x7, 0xff, 0xac, 0xbf, 0xff, 0xc0, 0x1f,
    0xfc, 0x2, 0x2f, 0xe1, 0x0, 0xff, 0x8b, 0x77,
    0xfb, 0x80, 0x3f, 0x93, 0xf4, 0x3, 0xfd, 0xfe,
    0x30, 0x8,

    /* U+542C "听" */
    0x0, 0xff, 0xe2, 0x14, 0x10, 0x7, 0xff, 0xc,
    0xe3, 0x74, 0xf8, 0x40, 0x5f, 0xed, 0xdc, 0x20,
    0x33, 0xdc, 0xc7, 0x20, 0x4b, 0x20, 0x10, 0x1,
    0x16, 0x30, 0x26, 0x10, 0x48, 0xcf, 0xb5, 0x0,
    0xed, 0xd0, 0x80, 0x7b, 0xad, 0xcc, 0x3, 0xe3,
    0x22, 0x0, 0x7f, 0xf9, 0x62, 0x3f, 0x10, 0x7,
    0xff, 0x1, 0xdf, 0xf8, 0x3, 0xff, 0x80, 0xef,
    0x10, 0x1, 0xdc, 0xc0, 0x1f, 0xce, 0x3, 0x11,
    0x80, 0xa2, 0x6, 0x1, 0xff, 0x18, 0x7, 0xff,
    0x18, 0x80, 0x40, 0x3f, 0xe3, 0xdd, 0x8, 0x5,
    0xc0, 0xc0, 0x1f, 0xfc, 0x2, 0x20, 0x6, 0x30,
    0x20, 0xf, 0xfe, 0x6, 0xee, 0x20, 0x40, 0xd0,
    0xf, 0xf0, 0xa1, 0x16, 0x4, 0x0, 0x20, 0x7,
    0xf1, 0xf5, 0x80, 0x77, 0x81, 0x88, 0x7, 0xff,
    0x11, 0x10, 0x14, 0x1, 0xff, 0xc5, 0x90, 0x16,
    0x0, 0xff, 0xe2, 0xea, 0x58, 0x7, 0xff, 0x1e,
    0xd4, 0x3, 0x97, 0xf4, 0x2,

    /* U+542F "启" */
    0x0, 0xfe, 0x39, 0x70, 0xf, 0xfe, 0x2b, 0xb4,
    0x8, 0x7, 0xff, 0x11, 0xc, 0x24, 0x3, 0xfd,
    0x1f, 0xeb, 0xbc, 0x60, 0xd7, 0x7e, 0x20, 0x8,
    0xc0, 0x8, 0x98, 0x0, 0x28, 0x9e, 0x10, 0xe,
    0x5c, 0xcf, 0xf8, 0x3, 0xf6, 0x19, 0xff, 0xc2,
    0x1, 0xff, 0xcf, 0x9e, 0xef, 0xf8, 0x40, 0x39,
    0xc0, 0x2, 0x3f, 0xf0, 0x7, 0xe9, 0xff, 0xff,
    0xe0, 0x98, 0x4, 0x20, 0x40, 0x1f, 0xfc, 0x53,
    0x7, 0xcf, 0xff, 0xfe, 0x4, 0x80, 0x42, 0x4,
    0x20, 0x1f, 0xfc, 0x3, 0x0, 0x10, 0x0, 0x40,
    0x19, 0xff, 0xf9, 0xc0, 0x32, 0x1, 0x80, 0x7f,
    0xf1, 0x74, 0x10, 0x3, 0xff, 0x88, 0x28, 0x18,
    0x1, 0x29, 0x9f, 0xf0, 0x5, 0x20, 0x28, 0x6,
    0x13, 0x99, 0xf9, 0x0, 0x2, 0xe1, 0x0, 0x18,
    0x51, 0x3f, 0x0, 0x43, 0x44, 0xc0, 0x3, 0xd,
    0xbb, 0xfc, 0xe0, 0x12, 0xe8, 0x5, 0xbe, 0x60,
    0x1f, 0xa3, 0xe8,

    /* U+5438 "吸" */
    0x0, 0xf8, 0xd9, 0xbe, 0x96, 0x20, 0x8, 0xb7,
    0xf3, 0x28, 0xa9, 0x9f, 0x9a, 0x44, 0x3, 0x10,
    0x19, 0xed, 0x73, 0x0, 0x3b, 0xc0, 0x3, 0x0,
    0xe4, 0xdc, 0x0, 0x24, 0x40, 0x16, 0x22, 0x3,
    0x0, 0xf1, 0x14, 0x1, 0x84, 0xc, 0x0, 0x60,
    0xa0, 0x1f, 0xfc, 0x13, 0x1, 0x0, 0x20, 0x78,
    0x7, 0xff, 0x4, 0x43, 0x80, 0x18, 0x4, 0x41,
    0x0, 0xff, 0xac, 0x38, 0x0, 0x81, 0x7b, 0xcc,
    0x1, 0xfe, 0x30, 0x50, 0x20, 0x2, 0x0, 0x8,
    0x3, 0xfc, 0x40, 0x42, 0x5f, 0xeb, 0x0, 0x20,
    0x7, 0xf8, 0x80, 0x12, 0x1, 0x30, 0x28, 0x7,
    0xf9, 0x0, 0xc1, 0xc4, 0x1, 0x61, 0xc0, 0x19,
    0xbb, 0xc0, 0x2c, 0xb, 0x70, 0xb0, 0x52, 0x22,
    0x0, 0x70, 0x88, 0x2, 0x50, 0x58, 0x15, 0x7b,
    0x8, 0x0, 0xe5, 0xff, 0xac, 0xc8, 0x48, 0x28,
    0x20, 0x51, 0x40, 0x38, 0xc0, 0x34, 0x84, 0x80,
    0x10, 0x2, 0xd0, 0xc, 0x5d, 0x20, 0x11, 0xa8,
    0x30, 0x2, 0x40, 0x29, 0x80, 0xc, 0x20, 0x10,
    0xf0, 0x38, 0x96, 0x30, 0x53, 0x83, 0xea, 0x80,
    0x7a, 0xc8, 0x90, 0x38, 0x63, 0x6b, 0x14, 0x25,
    0x64, 0x1, 0xd4, 0xde, 0x3, 0x8d, 0xe8, 0x0,
    0x5e, 0x8a, 0x20,

    /* U+5468 "周" */
    0x0, 0xaf, 0xf6, 0xef, 0xfe, 0xfc, 0x40, 0x9,
    0x0, 0x91, 0x3f, 0xe0, 0x31, 0x0, 0xea, 0xcc,
    0xd1, 0xc, 0xce, 0x0, 0xfc, 0x86, 0x7a, 0x60,
    0x8c, 0xf2, 0x0, 0x7e, 0x59, 0x98, 0x42, 0xe6,
    0x50, 0x1, 0xfe, 0xd6, 0x68, 0x0, 0xac, 0xd0,
    0x7, 0xfa, 0x3f, 0xe0, 0x6, 0xff, 0xb8, 0x3,
    0xff, 0x84, 0x20, 0x60, 0x1f, 0xfc, 0x3, 0xff,
    0xc2, 0x1d, 0xff, 0x38, 0x7, 0xe3, 0x55, 0xff,
    0x18, 0x7, 0xe1, 0xaa, 0xff, 0x20, 0x7, 0x10,
    0x8, 0x2, 0xbe, 0xab, 0xc4, 0x1, 0xe1, 0x2,
    0x1, 0x50, 0x55, 0xf0, 0x80, 0x79, 0x41, 0x80,
    0x22, 0xff, 0xc8, 0x1, 0xfb, 0xc0, 0x80, 0x3f,
    0xf8, 0xae, 0x18, 0x1, 0x14, 0xce, 0x60, 0xf,
    0x8c, 0x41, 0x0, 0x33, 0x36, 0x20, 0xf, 0xa0,
    0x10, 0x3, 0x17, 0xff, 0x8c, 0x1c, 0x0, 0x48,
    0x1e, 0x0, 0x1b, 0xe0, 0xc, 0x3b, 0xdc, 0x30,
    0x62, 0xa4, 0x40, 0x4, 0x86, 0x1, 0x84, 0x79,
    0xcc, 0x16, 0xc0, 0x3f, 0xec, 0xff, 0x74, 0x0,

    /* U+547C "呼" */
    0x0, 0xff, 0xea, 0x92, 0xc5, 0xf1, 0x0, 0x99,
    0x16, 0x17, 0x8a, 0xbd, 0xfd, 0xa7, 0x41, 0x80,
    0xbc, 0xdd, 0xc3, 0x2e, 0xa8, 0x60, 0x4, 0x9b,
    0xfa, 0x0, 0xc4, 0x1, 0x6e, 0x77, 0xf0, 0x84,
    0xb2, 0x10, 0x6, 0xdd, 0x10, 0x1, 0xfc, 0x80,
    0x3c, 0x5b, 0xa0, 0xf, 0xc2, 0x72, 0x1, 0xe5,
    0x7, 0x0, 0xfc, 0xa2, 0xa2, 0x1, 0xd6, 0x1c,
    0x1, 0xfc, 0xe0, 0xe0, 0x18, 0x8c, 0xc8, 0x1,
    0xfd, 0x81, 0x80, 0x1a, 0xc2, 0x40, 0x3f, 0xc9,
    0x36, 0x1, 0xaa, 0x14, 0x3, 0xf1, 0xee, 0x5e,
    0x68, 0x86, 0xf5, 0x6e, 0xa8, 0x0, 0x20, 0x13,
    0x91, 0x70, 0x4, 0x45, 0x98, 0x1, 0x9e, 0x40,
    0x9d, 0xdc, 0x0, 0xbe, 0xed, 0xa0, 0x10, 0x8c,
    0x2, 0x3e, 0x6, 0x11, 0xe0, 0x6, 0xf7, 0x40,
    0x1f, 0xfc, 0x22, 0x20, 0x7, 0xff, 0x1a, 0x34,
    0x80, 0x3f, 0xfa, 0x22, 0x1, 0xff, 0xc3, 0x3f,
    0xf8, 0x0, 0x40, 0x1f, 0xfc, 0x13, 0x30, 0x0,
    0xe8, 0x3, 0xc0,

    /* U+547D "命" */
    0x0, 0xff, 0xa8, 0xc0, 0x3f, 0xf8, 0xf6, 0xb8,
    0x1, 0xff, 0xc5, 0x1c, 0x40, 0x4, 0x0, 0x7f,
    0xf0, 0xd7, 0xcc, 0x60, 0x1e, 0xc4, 0x3, 0xfe,
    0x2a, 0xa0, 0x9f, 0xbe, 0xa, 0x73, 0x80, 0x7e,
    0x2a, 0xd5, 0x6, 0xc1, 0x3, 0xf4, 0x8, 0xe8,
    0x10, 0xa, 0x33, 0x54, 0x4, 0x13, 0x77, 0x63,
    0x0, 0x89, 0xfb, 0x14, 0x8, 0xc0, 0xab, 0x40,
    0x8b, 0xe1, 0xf7, 0x0, 0x1b, 0x85, 0xb5, 0xea,
    0x9f, 0xff, 0xee, 0x18, 0xf9, 0xa2, 0x1, 0x96,
    0x31, 0x1e, 0x0, 0x8, 0xf8, 0x9d, 0x40, 0x22,
    0xdc, 0xee, 0xe1, 0xf, 0xee, 0xed, 0xf0, 0xf,
    0x91, 0x20, 0xf, 0x1a, 0x20, 0x80, 0x3f, 0x1d,
    0xdc, 0x20, 0x1d, 0xd7, 0x6c, 0x0, 0xff, 0xf4,
    0x1b, 0x34, 0x1, 0xff, 0xc7, 0x99, 0x84, 0x3,
    0xd3, 0xbe, 0x6, 0x1, 0xf4, 0xcf, 0x8, 0x6,
    0xf2, 0x12, 0x80, 0xf, 0x1b, 0x37, 0x0, 0x73,
    0x7f, 0xb5, 0x40, 0x31, 0x67, 0x0, 0x7f, 0xf2,
    0xc, 0x80, 0x3f, 0xf8, 0xa0,

    /* U+548C "和" */
    0x0, 0xfc, 0x8a, 0x1, 0xff, 0xc1, 0x14, 0x8b,
    0xfb, 0xa4, 0x0, 0xff, 0x4f, 0xf5, 0xba, 0x2,
    0x4a, 0xc5, 0xdf, 0xd4, 0x1e, 0x6a, 0xe0, 0xd,
    0xb6, 0x13, 0x44, 0xfc, 0xd, 0x95, 0x2, 0x1,
    0xf3, 0xdd, 0xd2, 0x1, 0xff, 0xc3, 0xd4, 0x49,
    0x40, 0x3e, 0x10, 0x10, 0xf, 0xfe, 0x0, 0xff,
    0xe0, 0x6, 0x7f, 0xac, 0x3, 0xfc, 0x23, 0x0,
    0x61, 0x18, 0x3, 0xf8, 0x7b, 0xa5, 0x0, 0x47,
    0x72, 0x80, 0x3f, 0xf8, 0x2, 0xa0, 0x8, 0x30,
    0xf, 0xfe, 0x14, 0x0, 0x6d, 0x20, 0xf, 0xfe,
    0x1, 0x31, 0x88, 0x40, 0xf8, 0x80, 0x7f, 0xd2,
    0x12, 0x0, 0x56, 0x29, 0x0, 0xff, 0x32, 0x1a,
    0x80, 0x52, 0x72, 0x1, 0xfc, 0x72, 0x10, 0x1,
    0xd8, 0x20, 0x1f, 0xf2, 0xa0, 0x7, 0xf5, 0x7f,
    0xd8, 0x0, 0x37, 0xa0, 0xf, 0xfe, 0x34, 0x0,
    0x7f, 0xd3, 0xff, 0x60, 0x7, 0xff, 0x4, 0x8a,
    0x0, 0x85, 0x10, 0x1, 0xff, 0x4e, 0xa0, 0x4,
    0x57, 0x40,

    /* U+54CD "响" */
    0x0, 0xff, 0xe0, 0x33, 0x8, 0x3, 0xff, 0x8b,
    0x12, 0xa0, 0x1c, 0xdf, 0x53, 0x30, 0x7, 0x18,
    0x83, 0x0, 0x76, 0x2, 0xb3, 0x42, 0x1, 0xac,
    0x14, 0x40, 0x3e, 0x8a, 0x30, 0x5, 0x7f, 0xce,
    0xb, 0xff, 0xc6, 0x0, 0x55, 0x30, 0x0, 0x40,
    0x48, 0x80, 0x45, 0x80, 0x3f, 0xf8, 0x15, 0xba,
    0xfd, 0xdc, 0x60, 0x1f, 0xfd, 0x5c, 0xff, 0xb8,
    0x3, 0xff, 0x8a, 0xe8, 0x1, 0xff, 0xc5, 0x58,
    0xc0, 0xf, 0xff, 0x1e, 0xf2, 0x80, 0x7f, 0xf1,
    0x84, 0x3, 0xf2, 0xfc, 0x0, 0x7d, 0xbf, 0xf0,
    0x80, 0x79, 0xdd, 0x20, 0x1f, 0xfc, 0x35, 0x88,
    0x9c, 0x3, 0x5f, 0x10, 0x7, 0xe9, 0x70, 0xf,
    0x84, 0x40, 0x1f, 0xfd, 0x5b, 0xe3, 0x1, 0x0,
    0xf8, 0x44, 0xe0, 0x1d, 0x82, 0x4e, 0x40,

    /* U+5524 "唤" */
    0x0, 0xff, 0x1a, 0x8, 0x7, 0xff, 0x1b, 0x6d,
    0x40, 0x3f, 0x84, 0x3, 0xe9, 0x10, 0xc8, 0x86,
    0xb8, 0x6, 0xce, 0xff, 0xb0, 0x0, 0x6c, 0x0,
    0x77, 0x8a, 0x20, 0x1, 0xc4, 0x40, 0x8, 0x74,
    0xf, 0x32, 0x30, 0x18, 0x0, 0xed, 0xd0, 0x0,
    0xb0, 0x53, 0xc, 0xc0, 0x61, 0x80, 0x1f, 0xe7,
    0x20, 0x4f, 0xfb, 0x0, 0x1b, 0xe8, 0x1, 0xf9,
    0x64, 0x5, 0x54, 0x1, 0x28, 0x7, 0xff, 0x1,
    0xc0, 0xea, 0x82, 0x1f, 0x40, 0x1f, 0xfe, 0xf1,
    0x0, 0xff, 0xe1, 0x13, 0x1, 0x34, 0x0, 0x19,
    0x80, 0xf, 0x40, 0x8, 0x44, 0x0, 0x48, 0x0,
    0x4b, 0x80, 0x26, 0x40, 0x4, 0x80, 0xb, 0xb8,
    0x0, 0x4a, 0xac, 0x1, 0x35, 0x56, 0x80, 0x8,
    0x8a, 0x62, 0x55, 0x8c, 0x2, 0x44, 0x2a, 0xc8,
    0x1, 0x6e, 0xd4, 0x1, 0x24, 0x86, 0x39, 0x68,
    0x80, 0x66, 0x10, 0xf, 0x35, 0x84, 0x9c, 0x21,
    0xe1, 0x0, 0x55, 0xc0, 0x18, 0xae, 0x42, 0x58,
    0x1, 0x68, 0x5b, 0x22, 0x1, 0xe6, 0xd4, 0x2c,
    0x60, 0xd, 0x6e, 0xd, 0xe2, 0x1, 0xcc, 0xb1,
    0xa6, 0x1, 0xe8, 0xd5, 0xd1,

    /* U+5546 "商" */
    0x0, 0xfe, 0x24, 0x0, 0xff, 0xe2, 0xa6, 0xd8,
    0x80, 0x7f, 0x8, 0xfc, 0xa0, 0x8, 0x11, 0xfd,
    0x3d, 0xdf, 0x80, 0xd, 0xdd, 0xf7, 0xf9, 0x57,
    0x20, 0x2a, 0xf8, 0x51, 0x57, 0x3b, 0x55, 0x66,
    0xc, 0xaa, 0xd2, 0x29, 0x15, 0x54, 0x80, 0x74,
    0x4, 0x0, 0x68, 0x8, 0x20, 0xe, 0x4a, 0xab,
    0xc1, 0x6a, 0xad, 0x40, 0xda, 0xdf, 0x60, 0x1,
    0xaa, 0xe0, 0x45, 0x58, 0x80, 0xa, 0xa2, 0xc,
    0x0, 0xcf, 0xff, 0x3c, 0xff, 0xb0, 0xf3, 0xfd,
    0x40, 0x1f, 0xd4, 0xf8, 0x0, 0x43, 0xc5, 0x1,
    0x0, 0xf9, 0x39, 0x55, 0x40, 0x7, 0xa0, 0xa9,
    0x10, 0xf, 0xa4, 0x5a, 0x4, 0x72, 0x58, 0xb7,
    0x80, 0x7d, 0x10, 0x6d, 0xee, 0xeb, 0xd8, 0xe0,
    0xf, 0x95, 0x0, 0x13, 0x38, 0xc0, 0x9c, 0x3,
    0xfe, 0x66, 0xe5, 0x0, 0xff, 0xe1, 0x33, 0x72,
    0x80, 0x7f, 0xf0, 0xe6, 0x71, 0x80, 0x7f, 0xf0,
    0x97, 0xbb, 0xc2, 0x1, 0xfe, 0x3f, 0xa1, 0x1e,
    0x59, 0x94, 0x1, 0x80, 0x7f, 0xf0, 0x99, 0xdc,
    0x4b, 0x0,

    /* U+5587 "喇" */
    0x0, 0xfe, 0x75, 0x0, 0xf1, 0x18, 0x7, 0xf0,
    0xc4, 0x80, 0x7b, 0xb0, 0x53, 0x62, 0x24, 0x0,
    0x18, 0x8, 0x4, 0x26, 0x1, 0xb4, 0x9d, 0xec,
    0xff, 0x68, 0x17, 0xfa, 0xe7, 0x4, 0x3, 0xa6,
    0x0, 0xa, 0x86, 0x0, 0x44, 0x18, 0x7, 0xe6,
    0x60, 0x2, 0xaf, 0x40, 0xee, 0xd0, 0x1, 0xff,
    0xc0, 0x59, 0xb0, 0x39, 0x91, 0x80, 0x7f, 0xf0,
    0x3d, 0x94, 0x0, 0xcd, 0x0, 0x7f, 0xf0, 0x4f,
    0xc9, 0xb8, 0x3, 0xff, 0xd6, 0x76, 0x4d, 0x40,
    0x1f, 0xfc, 0x2d, 0x34, 0x0, 0x39, 0x88, 0x7,
    0xee, 0xf0, 0x3, 0xe2, 0x80, 0x27, 0x10, 0x3,
    0xf0, 0x88, 0x2, 0x35, 0x0, 0x53, 0x87, 0x88,
    0x7, 0xbf, 0xe8, 0xe, 0x0, 0x11, 0x22, 0xf,
    0xc2, 0x1, 0xfd, 0x25, 0x20, 0x3e, 0x22, 0x0,
    0xf4, 0xf0, 0x5, 0xc, 0x6c, 0x0, 0x2d, 0x90,
    0xf, 0x84, 0x0, 0x2e, 0x3c, 0x1, 0x8c, 0x3,
    0xfe, 0x16, 0xd2, 0x0, 0xf2, 0x77, 0xc, 0x4,
    0x3, 0xa4, 0xc0, 0x3e, 0x40, 0x13, 0xa0,

    /* U+5668 "器" */
    0x0, 0x15, 0xdf, 0xa0, 0x1, 0x77, 0xf1, 0x80,
    0x66, 0x44, 0xf8, 0x0, 0x89, 0xf3, 0x0, 0x79,
    0x7f, 0xd6, 0x1, 0xef, 0xf9, 0x40, 0x3f, 0xe7,
    0x0, 0xff, 0xe4, 0xb8, 0x7, 0xff, 0x19, 0x7f,
    0xd6, 0x1, 0xef, 0xf9, 0x40, 0x3c, 0xc8, 0x9e,
    0x24, 0x4, 0x40, 0x1a, 0x24, 0xc0, 0x18, 0xae,
    0xfa, 0x6, 0xc6, 0xfc, 0xc, 0xaa, 0xcc, 0x2,
    0x12, 0x2e, 0x3c, 0x7, 0x32, 0x6c, 0x46, 0x92,
    0x20, 0x80, 0x3f, 0x77, 0xb0, 0x0, 0xfb, 0xb6,
    0x20, 0x3e, 0xeb, 0x80, 0x8, 0x98, 0x80, 0x23,
    0x44, 0x0, 0x42, 0x89, 0x94, 0x1, 0x57, 0x6e,
    0x30, 0x3f, 0xcb, 0xb7, 0xc8, 0x9, 0x55, 0xda,
    0x80, 0x23, 0xca, 0x16, 0xc0, 0xe, 0x6b, 0x26,
    0xe9, 0x30, 0x1, 0x66, 0xc, 0x0, 0xdf, 0xec,
    0x0, 0x77, 0xd9, 0x0, 0x1b, 0x34, 0x88, 0xe0,
    0x11, 0x98, 0x80, 0x3c, 0x67, 0x0, 0x48, 0x41,
    0x76, 0x5, 0xcc, 0x70, 0x7, 0xb3, 0x25, 0xa,
    0x90, 0xf, 0xfe, 0x7a, 0xe6, 0x40, 0x18, 0x43,
    0x32, 0x50, 0xf, 0xe3, 0x30, 0x7, 0xc6, 0x70,
    0x7, 0xf2, 0x7f, 0xac, 0x3, 0x8, 0x7f, 0xc8,
    0x1, 0xe4, 0xda, 0x0, 0x27, 0xe0, 0x3, 0xf8,
    0x2, 0xbf, 0x50, 0x0,

    /* U+566A "噪" */
    0x0, 0xfe, 0xee, 0xfc, 0x1, 0xa7, 0xf7, 0x68,
    0x0, 0x84, 0x1d, 0xf0, 0x8, 0x6, 0x30, 0x22,
    0xc0, 0x18, 0xe6, 0x71, 0x0, 0x7d, 0xb8, 0x1,
    0xe3, 0x77, 0xc4, 0x1, 0xf1, 0x18, 0x7, 0x86,
    0x23, 0x8, 0x7, 0xff, 0xb, 0xbb, 0xf0, 0x7,
    0xf8, 0x7f, 0xdd, 0xd4, 0x4f, 0x75, 0xfe, 0x10,
    0xf, 0xe3, 0x77, 0x0, 0x67, 0x71, 0x81, 0x80,
    0x7f, 0x24, 0x48, 0x6, 0x98, 0x50, 0xf, 0xf8,
    0x91, 0x0, 0x19, 0x10, 0x40, 0x1f, 0xf2, 0xdd,
    0x0, 0x6a, 0xb4, 0x0, 0xfe, 0x1c, 0xce, 0x46,
    0xcc, 0xe2, 0x0, 0x95, 0x40, 0x11, 0x17, 0x18,
    0x91, 0x70, 0x80, 0x55, 0x40, 0x3, 0x77, 0x70,
    0x87, 0x77, 0x80, 0x24, 0x4b, 0x49, 0x56, 0x30,
    0xc, 0x6a, 0xb8, 0x2, 0xbb, 0x9d, 0x2a, 0x9c,
    0x40, 0x18, 0x66, 0xaa, 0xe, 0x80, 0xe, 0x1a,
    0xb1, 0x92, 0x19, 0x2c, 0x80, 0x9, 0x1c, 0x2,
    0x4a, 0xe5, 0x2c, 0x60, 0x3, 0x50, 0x3f, 0x40,
    0x80, 0x76, 0xa8, 0x3e, 0x98, 0x6, 0x5d, 0x31,
    0x1, 0x0, 0xe9, 0x97, 0x40, 0x7, 0xc5, 0x98,
    0x80,

    /* U+56CA "囊" */
    0x0, 0xff, 0x2a, 0x80, 0x3f, 0xe1, 0x55, 0xf9,
    0xea, 0x8a, 0xbf, 0x80, 0x22, 0xbb, 0xfa, 0x0,
    0x17, 0x7f, 0x88, 0x0, 0x7d, 0x8c, 0xdc, 0xa0,
    0x6, 0x6f, 0x5f, 0x10, 0x6, 0x67, 0x3d, 0xdc,
    0x0, 0xdd, 0xc4, 0xf8, 0x1, 0xf9, 0x2a, 0xa8,
    0x0, 0x55, 0x65, 0x0, 0xf2, 0x28, 0xd5, 0x74,
    0x0, 0x2a, 0xbd, 0x8a, 0x80, 0x8, 0xae, 0xef,
    0x58, 0x3, 0xbb, 0xd3, 0x50, 0x1, 0xa9, 0x95,
    0x71, 0x64, 0x2a, 0xf0, 0xf0, 0x6, 0xde, 0x12,
    0x4e, 0xe5, 0xb, 0xf0, 0xff, 0x70, 0x58, 0xbb,
    0x40, 0x2, 0x20, 0x2, 0xff, 0xac, 0x3, 0x77,
    0xf8, 0x2, 0x11, 0x0, 0x42, 0x59, 0x8a, 0x0,
    0x63, 0x56, 0x0, 0x2b, 0x3c, 0x84, 0x3, 0x3e,
    0xe6, 0x28, 0x1, 0x9b, 0x98, 0x0, 0x56, 0x63,
    0x6c, 0x3, 0x34, 0x44, 0xc0, 0x8, 0x8c, 0x0,
    0x68, 0x8a, 0xc0, 0x3f, 0xf9, 0xb9, 0xd3, 0x33,
    0x0, 0x22, 0x30, 0x1, 0xa6, 0x6f, 0xc0, 0x7,
    0xd5, 0x56, 0xc2, 0x0, 0x30, 0x4, 0x5d, 0xc4,
    0x17, 0xe0, 0x2b, 0x9d, 0x34, 0xc3, 0x5f, 0x9c,
    0x71, 0xf, 0xa2, 0x64, 0x30, 0x1c, 0x40, 0xa7,
    0x3, 0x66, 0x45, 0x64, 0x1a, 0x4, 0xd8, 0x80,
    0x55, 0x94, 0xee, 0x3, 0xc9, 0x51, 0x7, 0xe8,
    0x28, 0xcf, 0xc0, 0xf, 0x92, 0x73, 0xf6, 0x80,
    0x2, 0xfb, 0xd5, 0x1e, 0x0,

    /* U+56DB "四" */
    0x1a, 0xaf, 0xfe, 0x30, 0x9a, 0xaf, 0xff, 0x18,
    0xc0, 0x2a, 0xa8, 0x0, 0x95, 0x40, 0x4, 0x55,
    0x24, 0x3, 0xca, 0xb2, 0x7, 0x2a, 0x84, 0x19,
    0x54, 0xc0, 0x1f, 0xf0, 0x80, 0x7f, 0xf1, 0x5c,
    0x1c, 0x3, 0xff, 0x8a, 0x40, 0x40, 0x1f, 0xfc,
    0x41, 0x10, 0x8, 0x7, 0xff, 0x11, 0x0, 0xc0,
    0x23, 0x0, 0xff, 0xe0, 0xc8, 0x58, 0x7, 0x10,
    0x0, 0x80, 0x3e, 0x73, 0x6, 0x0, 0x9c, 0x33,
    0xfd, 0xa0, 0x1e, 0x98, 0x9, 0x10, 0xa, 0xd9,
    0x51, 0x54, 0x1, 0xed, 0x8, 0x60, 0xc, 0x33,
    0x57, 0x54, 0x0, 0xf2, 0x73, 0x80, 0x7f, 0xf1,
    0x51, 0x51, 0x3f, 0xf8, 0x0, 0x1e, 0xbb, 0xff,
    0xe1, 0x0, 0x78, 0xcf, 0xff, 0x84, 0x1, 0xec,
    0xcf, 0xfe, 0x10, 0x4, 0x55, 0x40, 0xf, 0xfe,
    0x16, 0xe8, 0x80,

    /* U+56DE "回" */
    0x3f, 0xff, 0xfe, 0x32, 0x80, 0x7f, 0xf2, 0x87,
    0x77, 0xff, 0x84, 0x20, 0x1c, 0x45, 0xff, 0xc2,
    0x0, 0xff, 0xe8, 0xe, 0x67, 0xe2, 0x0, 0xff,
    0x19, 0xff, 0x0, 0x7f, 0xf0, 0x4b, 0xbb, 0x8,
    0x7, 0xff, 0xc, 0x47, 0x0, 0x7f, 0xff, 0xcb,
    0xff, 0x8, 0x7, 0xff, 0x0, 0xcf, 0xf8, 0x3,
    0xfe, 0x1c, 0xcf, 0xc4, 0x1, 0xff, 0xcf, 0x11,
    0xff, 0xe2, 0x0, 0x77, 0x77, 0xff, 0x8, 0x3,
    0xc2, 0x3f, 0xfc, 0x20, 0xe, 0x1e, 0xef, 0xfe,
    0x10, 0x80, 0x0,

    /* U+56E0 "因" */
    0x3d, 0xdf, 0xfe, 0x31, 0x1, 0x17, 0xff, 0x18,
    0x2, 0x4f, 0xff, 0x6e, 0xbb, 0xff, 0x88, 0x3,
    0xfe, 0xfd, 0x20, 0xf, 0xfe, 0x38, 0x80, 0x7f,
    0xf1, 0x4c, 0xc, 0x3, 0xfe, 0x1d, 0xde, 0x10,
    0xcd, 0xdc, 0x40, 0x1f, 0x11, 0x70, 0x0, 0x8b,
    0x84, 0x3, 0xc3, 0xff, 0xa8, 0xb, 0xff, 0x8c,
    0x3, 0xfe, 0xd0, 0x22, 0x0, 0x7f, 0xf1, 0x14,
    0x1, 0xa8, 0x1, 0xff, 0xc2, 0x52, 0x19, 0xb,
    0x40, 0xf, 0xfe, 0x1, 0x58, 0x4b, 0x50, 0x59,
    0x80, 0x7f, 0x8f, 0x4, 0xdc, 0x16, 0x43, 0x8,
    0x3, 0xf4, 0xe0, 0x96, 0x80, 0x4c, 0xe1, 0x82,
    0x1, 0xf0, 0x82, 0xe0, 0x80, 0x68, 0x47, 0x10,
    0xf, 0xa3, 0x28, 0x40, 0x3d, 0x72, 0x1, 0xe4,
    0xff, 0x67, 0xff, 0xfc, 0x40, 0x1c, 0x67, 0xff,
    0xc2, 0x0, 0xe4, 0xcc, 0xff, 0xe1, 0x10, 0x0,

    /* U+56F4 "围" */
    0x2c, 0xcf, 0xfe, 0x31, 0x9, 0x9f, 0xff, 0x18,
    0x40, 0x9, 0xff, 0xea, 0xbf, 0xff, 0x10, 0x7,
    0xfd, 0x54, 0x0, 0xff, 0xe0, 0xd5, 0xdd, 0x80,
    0x37, 0x7c, 0x1, 0xf9, 0x13, 0x18, 0x1, 0x13,
    0x80, 0x3f, 0x77, 0xfe, 0x1, 0xff, 0xe0, 0xf,
    0xea, 0xac, 0x3, 0x55, 0x80, 0x3f, 0xca, 0xb8,
    0x0, 0xab, 0x84, 0x3, 0xfb, 0xfe, 0xe0, 0x1f,
    0xfc, 0x20, 0x1f, 0x15, 0x56, 0xb0, 0x1a, 0xab,
    0xe8, 0x80, 0x3c, 0x2a, 0xbc, 0x0, 0x55, 0x81,
    0x4c, 0x3, 0xc7, 0xdd, 0xb4, 0x1, 0xdd, 0x8,
    0x8, 0x7, 0xc2, 0x38, 0x80, 0x46, 0x1, 0x20,
    0xf, 0xfe, 0x19, 0x7f, 0x2, 0x80, 0x7f, 0xf0,
    0xc9, 0x99, 0x10, 0x0, 0xff, 0xe0, 0xe6, 0x84,
    0xc9, 0xc0, 0x3e, 0x4f, 0xff, 0x66, 0x3f, 0xfc,
    0x40, 0x1c, 0x67, 0xff, 0xc2, 0x0, 0xe4, 0xcc,
    0xff, 0xe1, 0x10, 0x0,

    /* U+56FA "固" */
    0x2c, 0xcf, 0xfe, 0x31, 0x1, 0x9f, 0xff, 0x18,
    0x40, 0x3, 0xbb, 0xff, 0xc2, 0x10, 0xe, 0x22,
    0xf6, 0xe8, 0x8b, 0xc0, 0x1f, 0xfc, 0xf9, 0xaa,
    0xc0, 0xa, 0xae, 0x0, 0xfc, 0xea, 0xb8, 0x0,
    0xab, 0xc0, 0x1f, 0xbb, 0xff, 0x0, 0x3f, 0xf8,
    0x3, 0xff, 0xa3, 0x39, 0x90, 0x3, 0x32, 0xb0,
    0xf, 0xf2, 0x98, 0x0, 0x44, 0x0, 0x35, 0x0,
    0xff, 0xe0, 0x6e, 0x77, 0x33, 0x40, 0x3f, 0xfa,
    0xd1, 0x1e, 0x0, 0xff, 0xe1, 0x33, 0xbe, 0x60,
    0xf, 0xfe, 0x6, 0x7f, 0xfe, 0xe0, 0xf, 0xfe,
    0x50, 0x80, 0x61, 0xff, 0xff, 0xe1, 0x0, 0x78,
    0x47, 0xff, 0x84, 0x1, 0xc3, 0xdd, 0xff, 0xc2,
    0x10, 0x0,

    /* U+56FD "国" */
    0x2d, 0xdf, 0xfe, 0x31, 0x9, 0x17, 0xff, 0x18,
    0x2, 0x1e, 0xef, 0xfe, 0x10, 0x7, 0x84, 0x7f,
    0xf8, 0x40, 0x1f, 0x47, 0x75, 0xff, 0x77, 0x67,
    0x0, 0xff, 0xe8, 0x47, 0x76, 0x1, 0xee, 0xce,
    0x1, 0xff, 0xd1, 0xbb, 0xb0, 0x6, 0xef, 0x0,
    0x7f, 0x91, 0x22, 0x0, 0x22, 0x60, 0xf, 0xf7,
    0xfd, 0xa0, 0x3f, 0x2d, 0xe0, 0x1f, 0xfc, 0x13,
    0x0, 0x85, 0xa4, 0x3, 0xff, 0x8a, 0xec, 0x82,
    0x1, 0xfa, 0xf7, 0x6f, 0x1, 0xdd, 0x20, 0x68,
    0x7, 0xe7, 0x33, 0x80, 0x23, 0x3c, 0x20, 0x1f,
    0xb3, 0xbb, 0x7f, 0xbb, 0xb6, 0x80, 0x78, 0x40,
    0x3f, 0xf8, 0x22, 0x1, 0xef, 0xff, 0xfe, 0xf,
    0x0, 0x78, 0x47, 0xff, 0x84, 0x1, 0xc3, 0xdd,
    0xff, 0xc2, 0x0, 0x80,

    /* U+56FE "图" */
    0x2d, 0xdf, 0xfe, 0x30, 0x88, 0x8b, 0xff, 0x8c,
    0x60, 0x3, 0xff, 0xda, 0xd7, 0xff, 0xf0, 0x80,
    0x7f, 0x73, 0x8, 0x7, 0xff, 0x12, 0xcc, 0x2b,
    0xff, 0x94, 0x3, 0xf0, 0xe2, 0x2, 0xae, 0x30,
    0x3, 0x80, 0x7c, 0xbc, 0x60, 0x2, 0xaa, 0x71,
    0x5, 0x90, 0x7, 0xc8, 0x73, 0xea, 0xff, 0xd6,
    0x18, 0x80, 0x1f, 0x87, 0x18, 0x38, 0x0, 0x21,
    0x6, 0x1, 0xfe, 0x49, 0xeb, 0x2, 0x20, 0x4f,
    0x4a, 0x90, 0x7, 0xb2, 0xd8, 0x52, 0x77, 0x5c,
    0xe6, 0xd5, 0x60, 0x1e, 0x85, 0xaf, 0x39, 0xfa,
    0x48, 0xdd, 0x4c, 0x80, 0x3c, 0x94, 0xa1, 0x16,
    0xe9, 0x5e, 0x44, 0x60, 0xf, 0xe2, 0x96, 0x9,
    0xeb, 0x82, 0x0, 0xff, 0xad, 0xa6, 0xfb, 0xa1,
    0x20, 0xf, 0xfa, 0x7f, 0x69, 0xc9, 0x67, 0x68,
    0x3, 0xff, 0x80, 0x4b, 0x19, 0xf6, 0xd2, 0x1,
    0xf1, 0xee, 0xff, 0x4a, 0x76, 0xe8, 0x40, 0x38,
    0x8b, 0xff, 0x84, 0x1, 0xc7, 0xff, 0xff, 0xc2,
    0x10, 0x0,

    /* U+5706 "圆" */
    0x3c, 0xcf, 0xfe, 0x31, 0x39, 0x9f, 0xff, 0x18,
    0x2, 0x3f, 0xff, 0xfe, 0x10, 0x80, 0x79, 0x3f,
    0xff, 0xc2, 0x1, 0xfe, 0x49, 0x9f, 0x8, 0x7,
    0xff, 0x0, 0x55, 0x7c, 0x1, 0xff, 0xc1, 0x5c,
    0xcf, 0x8, 0x7, 0xf9, 0x37, 0x7f, 0xc2, 0x1,
    0xf9, 0xe2, 0x3f, 0xca, 0x1, 0xfb, 0x15, 0x7f,
    0xda, 0x1, 0xfe, 0xef, 0xf4, 0xbf, 0xfa, 0x40,
    0x3f, 0xf8, 0x74, 0xe0, 0x1f, 0xfc, 0x63, 0x10,
    0xf, 0xfe, 0x8, 0x88, 0x1, 0x20, 0xec, 0x46,
    0x6e, 0x0, 0xfd, 0x5e, 0xfa, 0xc7, 0x53, 0xbd,
    0x2c, 0x1, 0xf3, 0xef, 0x49, 0xc6, 0x1e, 0xba,
    0x56, 0x88, 0x7, 0x90, 0x1a, 0xb9, 0xc0, 0x5,
    0x1f, 0xc, 0x20, 0x1c, 0x72, 0xe7, 0xf5, 0x5f,
    0x68, 0xd0, 0x80, 0x72, 0xaf, 0xff, 0x8, 0x3,
    0x8b, 0xff, 0xff, 0x84, 0x1, 0x0,

    /* U+5728 "在" */
    0x0, 0xfc, 0x42, 0x1, 0xff, 0xc7, 0xee, 0x30,
    0x7, 0xff, 0x14, 0x4c, 0x1c, 0x3, 0xff, 0x80,
    0x23, 0xd0, 0x4, 0x2, 0x3f, 0xe0, 0x8e, 0xee,
    0x60, 0x2e, 0xef, 0xf7, 0x87, 0x88, 0xe0, 0x8,
    0x47, 0xfe, 0x30, 0x7e, 0xec, 0x21, 0x1d, 0xdd,
    0xfd, 0xdd, 0xa0, 0x1c, 0xc2, 0x27, 0x0, 0xdf,
    0xc4, 0x1, 0xfc, 0x52, 0x10, 0x1, 0xff, 0xc5,
    0xd0, 0x36, 0x0, 0xff, 0xe2, 0x50, 0x2, 0x0,
    0x3f, 0x8, 0x7, 0xd4, 0xa0, 0x6, 0xb, 0xff,
    0xc0, 0xc, 0xff, 0xb4, 0x1, 0x8a, 0x1, 0xc2,
    0x45, 0x80, 0x22, 0x29, 0x80, 0xa, 0x36, 0x40,
    0x15, 0x6e, 0xe0, 0x6, 0xee, 0xb0, 0x4, 0x62,
    0x0, 0x7f, 0xf1, 0x84, 0x80, 0x3f, 0xfe, 0xef,
    0xbb, 0xc0, 0xd, 0xde, 0xc0, 0xf, 0xb8, 0x8b,
    0x80, 0x22, 0x2e, 0x0, 0xff, 0xe4, 0x80,

    /* U+5730 "地" */
    0x0, 0x85, 0xc, 0x3, 0xf3, 0x38, 0x7, 0xf1,
    0x5c, 0x0, 0x7e, 0x98, 0x0, 0xff, 0xe1, 0x8b,
    0xa8, 0x7, 0xff, 0x1c, 0xa2, 0x40, 0x3f, 0xfa,
    0x19, 0x44, 0x0, 0x55, 0x50, 0x22, 0xa8, 0x40,
    0x3e, 0x8f, 0x35, 0x70, 0x5, 0x51, 0x80, 0x15,
    0x42, 0x0, 0xc8, 0x0, 0x70, 0xf, 0x33, 0x8,
    0x0, 0xcc, 0x20, 0x1, 0xed, 0x80, 0x1b, 0x54,
    0x3, 0x4c, 0xb8, 0x12, 0x64, 0x1e, 0x0, 0x22,
    0x0, 0x24, 0x80, 0x2, 0x1, 0xf9, 0xf8, 0xc0,
    0x15, 0xa0, 0x1f, 0xfc, 0x33, 0x2, 0x3, 0x50,
    0xe, 0x10, 0xf, 0xf2, 0x77, 0x0, 0x3f, 0xf8,
    0xe6, 0x20, 0x1f, 0xce, 0xe, 0x1, 0xe4, 0xcc,
    0x28, 0x7, 0xc9, 0xa6, 0x6, 0x1, 0xc, 0x80,
    0xc, 0x44, 0x1, 0xf3, 0x19, 0xa8, 0x2, 0x9e,
    0x50, 0x4, 0x72, 0x0, 0x70, 0x81, 0x76, 0x20,
    0x4, 0x80, 0x8, 0xf7, 0x0, 0xfb, 0xbc, 0x2,
    0x8c, 0x20, 0xa7, 0xe7, 0x0, 0xff, 0xe1, 0x19,
    0x84, 0x1e, 0x4, 0x3, 0x84, 0x8, 0x3, 0xc2,
    0x80, 0x60, 0x1f, 0xc4, 0x22, 0xfe, 0xef, 0xa,
    0x0, 0x7f, 0xd4, 0x60, 0x23, 0xc0, 0x92, 0x0,

    /* U+5740 "址" */
    0x0, 0xc8, 0x60, 0x1f, 0x8d, 0x8c, 0x3, 0xf0,
    0xde, 0x80, 0x7e, 0xa9, 0x40, 0xf, 0xff, 0xe2,
    0xa9, 0xc0, 0x55, 0x46, 0x57, 0x20, 0x1f, 0xf5,
    0x52, 0x40, 0x15, 0x50, 0xa2, 0x80, 0x7f, 0xcc,
    0xa8, 0x0, 0x55, 0x78, 0x7, 0xde, 0x1, 0xe9,
    0xaa, 0x0, 0xd5, 0x18, 0x3, 0xe7, 0xff, 0xc0,
    0x1f, 0xfd, 0xb8, 0xff, 0xc0, 0x1f, 0xfd, 0x24,
    0x40, 0x7, 0xff, 0x18, 0x76, 0xfc, 0x3, 0xff,
    0x84, 0x2d, 0x80, 0x2, 0x3f, 0x0, 0xff, 0xe1,
    0x74, 0x90, 0x36, 0xe2, 0x0, 0x7f, 0xf0, 0x90,
    0xa7, 0xe4, 0x80, 0x3f, 0xf8, 0x95, 0xac, 0x1,
    0xff, 0xc7, 0x10, 0xe, 0xbf, 0xc0, 0x3f, 0xf3,
    0x4, 0x7f, 0xe6, 0x0, 0xf9, 0xc0, 0x3f, 0xf9,
    0x39, 0xdd, 0xff, 0xc1, 0x60,

    /* U+5747 "均" */
    0x0, 0xc2, 0x1, 0xf1, 0x80, 0x7f, 0xd9, 0xc8,
    0x1, 0xc7, 0x98, 0x0, 0xff, 0xe3, 0x40, 0x50,
    0x7, 0xff, 0x14, 0x90, 0x58, 0x3, 0xff, 0x8b,
    0xc0, 0x3d, 0xdd, 0xfc, 0x60, 0x45, 0x1, 0x10,
    0x41, 0x8c, 0x0, 0x23, 0xc0, 0x20, 0xbb, 0xa1,
    0x9, 0xdd, 0x1c, 0x85, 0xff, 0xf9, 0x0, 0x2,
    0x44, 0x0, 0x88, 0x34, 0x15, 0x0, 0x3f, 0xa,
    0x6e, 0x8c, 0x2f, 0x74, 0x5, 0x74, 0x40, 0x1c,
    0xe0, 0x1f, 0xc3, 0xb8, 0x8b, 0xa8, 0x1, 0xe3,
    0x0, 0xfc, 0x62, 0xb6, 0x16, 0xc0, 0x10, 0x80,
    0x7f, 0xf0, 0x52, 0xc2, 0x48, 0x0, 0x60, 0x20,
    0x1f, 0x8, 0x6, 0x4c, 0x93, 0x91, 0x0, 0xfc,
    0x33, 0xca, 0x1, 0x8b, 0xb8, 0xca, 0x20, 0x1c,
    0x41, 0x4c, 0x22, 0x0, 0xc, 0x73, 0x95, 0x20,
    0x8, 0x0, 0xec, 0x40, 0xf, 0xc8, 0x31, 0xce,
    0x11, 0xaa, 0x40, 0x40, 0xb8, 0x80, 0xdd, 0x0,
    0x7c, 0xe0, 0xdc, 0xe0, 0x6, 0x7, 0x4, 0x5,
    0xd9, 0x10, 0x1, 0x8a, 0xec, 0x88, 0x4, 0x40,
    0x40, 0x3d, 0x44, 0x1, 0xdf, 0x44, 0x1, 0xd4,
    0x1e, 0x0, 0x10, 0xf, 0x84, 0x0, 0x3f, 0xdd,
    0x18, 0x38, 0x7, 0xff, 0x4, 0x50, 0x46, 0x3b,
    0x10, 0xf, 0xfe, 0x15, 0xff, 0xd8, 0x80, 0x0,

    /* U+5750 "坐" */
    0x0, 0xfe, 0x18, 0x80, 0x7, 0xff, 0xa, 0xe4,
    0x0, 0x6e, 0xe0, 0x8, 0xa9, 0xc0, 0x3e, 0x44,
    0x38, 0x7, 0xe4, 0x5b, 0x0, 0xfb, 0x1, 0x0,
    0x3f, 0x60, 0x58, 0x7, 0xcc, 0x1e, 0x1, 0xf0,
    0xa8, 0x28, 0x7, 0x90, 0x43, 0x0, 0x3e, 0x60,
    0xf, 0xe8, 0x0, 0x34, 0x80, 0x70, 0xc0, 0x3,
    0x8, 0x3, 0x29, 0x85, 0x3, 0x40, 0x6, 0xa0,
    0x35, 0x1c, 0x20, 0x1, 0x58, 0x42, 0xd8, 0x3a,
    0x0, 0x25, 0x3, 0xa9, 0x7, 0x8, 0x70, 0x4d,
    0xc1, 0x21, 0x10, 0x0, 0x70, 0x92, 0xb, 0x31,
    0xe1, 0xb2, 0xd0, 0x9, 0xec, 0x2, 0xc9, 0x60,
    0xb, 0x4f, 0xc1, 0x74, 0x40, 0x3f, 0x13, 0x0,
    0x61, 0xc3, 0x0, 0x27, 0x77, 0xb4, 0x1, 0xdd,
    0xf2, 0x80, 0x61, 0x1f, 0x0, 0x42, 0x3f, 0x18,
    0x4, 0x9d, 0xde, 0xc0, 0x6, 0xf7, 0x79, 0x80,
    0x30, 0x8f, 0xc0, 0x2, 0x11, 0xf0, 0x7, 0xff,
    0x87, 0xbf, 0xfe, 0xd0, 0x7, 0xff, 0xf0, 0x7,
    0xff, 0x2b, 0xbf, 0xff, 0xf8, 0xe0,

    /* U+5757 "块" */
    0x0, 0xc8, 0x60, 0x1f, 0x2a, 0x0, 0x7f, 0x8e,
    0xfc, 0x3, 0xc3, 0x54, 0x0, 0xff, 0xf8, 0x4e,
    0xeb, 0xc0, 0x77, 0x75, 0x80, 0x42, 0x4c, 0x4,
    0x50, 0x29, 0x10, 0x40, 0x4, 0x59, 0x80, 0x2a,
    0xda, 0x1, 0xdd, 0xf, 0x66, 0x2c, 0x1, 0x98,
    0xb0, 0xe, 0x22, 0x0, 0x44, 0x40, 0x23, 0x32,
    0x80, 0x99, 0x94, 0x3, 0xa7, 0x70, 0xf, 0x74,
    0x20, 0x1f, 0xfc, 0xd3, 0x3, 0x0, 0xff, 0xe1,
    0x9e, 0x65, 0xa0, 0x59, 0x90, 0x16, 0x20, 0x7,
    0xe6, 0x33, 0x80, 0x23, 0x31, 0x0, 0xc, 0x40,
    0x3c, 0x96, 0xd9, 0x92, 0x0, 0x53, 0x99, 0x90,
    0x3, 0x8e, 0xd1, 0x6, 0x73, 0x81, 0x7, 0x19,
    0xe1, 0x1, 0x7c, 0x0, 0x8d, 0x0, 0x4, 0x61,
    0xc0, 0xe2, 0x1, 0xdf, 0x0, 0x16, 0x60, 0xc0,
    0x12, 0xa, 0x68, 0x10, 0x1, 0xce, 0xb, 0x9e,
    0x60, 0x13, 0xa0, 0x40, 0x40, 0x32, 0x0, 0x6b,
    0xda, 0x30, 0xc, 0xf0, 0x10, 0x40, 0x6c, 0x14,
    0x60, 0x11, 0x10, 0x3, 0xd, 0x40, 0x33, 0x80,
    0x52, 0x43, 0x8c, 0x1, 0xf2, 0x72, 0x84, 0xc8,
    0x3, 0xb0, 0x82, 0x58, 0x3, 0xc8, 0xa9, 0xac,
    0x1, 0xe1, 0xd6, 0x46, 0x0, 0xfa, 0xac, 0x80,
    0x3f, 0xa6, 0xc0,

    /* U+5782 "垂" */
    0x0, 0xff, 0xe1, 0x8a, 0x0, 0x78, 0x44, 0x46,
    0x8a, 0xd1, 0x37, 0xbf, 0xd7, 0x20, 0x11, 0x7f,
    0x73, 0x72, 0xea, 0x5d, 0x90, 0x85, 0x1f, 0x0,
    0x22, 0x43, 0x44, 0x2b, 0x38, 0x2, 0x37, 0xfa,
    0xe1, 0x40, 0x35, 0xe5, 0xda, 0xa6, 0x0, 0x8,
    0x40, 0x1f, 0xab, 0x77, 0xe0, 0x6, 0x6e, 0xfa,
    0x40, 0xc, 0x45, 0xf0, 0x4, 0x45, 0xf0, 0x3,
    0x75, 0x40, 0xd, 0xd8, 0x1, 0x5b, 0xa0, 0x4,
    0xed, 0x0, 0x4, 0x98, 0x4, 0x8a, 0x0, 0x31,
    0x10, 0x40, 0x88, 0x20, 0x23, 0x30, 0x8, 0xe0,
    0x3, 0x88, 0xc0, 0x23, 0xbf, 0xb9, 0x40, 0xe,
    0xe8, 0x1, 0x7d, 0xc0, 0x5, 0x77, 0x28, 0x84,
    0x40, 0x10, 0x8c, 0x1, 0x8, 0x80, 0x21, 0x1b,
    0x3b, 0x98, 0x3, 0xdd, 0x0, 0x33, 0xb8, 0x21,
    0x7d, 0xca, 0x0, 0xff, 0xe4, 0xde, 0x60, 0x7,
    0x32, 0x0, 0x66, 0x42, 0x17, 0x94, 0x0, 0x53,
    0x0, 0x8c, 0xe0, 0x8, 0xcc, 0x1, 0x1b, 0x80,
    0x33, 0x77, 0xe0, 0x5, 0x6e, 0xfb, 0x0, 0x4,
    0x5f, 0x80, 0xc, 0x45, 0xe1, 0x0, 0xaf, 0x77,
    0xc0, 0xc, 0xdd, 0xeb, 0x0, 0xcc, 0x45, 0xe0,
    0x8, 0x8b, 0x98, 0x3, 0xff, 0x94,

    /* U+578B "型" */
    0x0, 0xff, 0xe2, 0xb2, 0x80, 0x2a, 0xef, 0xf8,
    0x41, 0x50, 0x6, 0x6c, 0x0, 0x89, 0xfe, 0x1,
    0xa9, 0x0, 0xf7, 0xf0, 0x3, 0xb8, 0x61, 0x3c,
    0x20, 0x1f, 0xc2, 0x20, 0x0, 0x89, 0x80, 0x84,
    0x3, 0xf8, 0x4c, 0xc0, 0x3, 0x33, 0x81, 0x98,
    0x40, 0x3f, 0x5e, 0x60, 0x1, 0x98, 0x20, 0x8c,
    0x80, 0xf, 0xd8, 0xa6, 0x0, 0x55, 0x0, 0x4b,
    0xe0, 0x1f, 0x9a, 0xa4, 0x16, 0xa8, 0xa1, 0x74,
    0xc0, 0x1f, 0xe8, 0xf, 0x0, 0xf8, 0x7b, 0x0,
    0x3d, 0x24, 0x45, 0x0, 0xfc, 0x26, 0x44, 0x0,
    0xa9, 0x83, 0xc0, 0x3f, 0xd3, 0xb8, 0xa, 0x16,
    0x9a, 0x40, 0x17, 0x4d, 0xf9, 0x0, 0x3d, 0x16,
    0x28, 0x6, 0xc8, 0x3, 0x23, 0x0, 0x4, 0x0,
    0x97, 0x4e, 0x20, 0x15, 0xff, 0xf8, 0x1, 0x9f,
    0xfd, 0x60, 0x18, 0x8b, 0xe0, 0x8, 0x8b, 0xc0,
    0x1a, 0x77, 0x7c, 0x0, 0xdd, 0xf4, 0x80, 0x7f,
    0xf2, 0xbb, 0xff, 0xf0, 0x3, 0x7f, 0xfe, 0xe0,
    0xf, 0xfe, 0x40,

    /* U+57CE "城" */
    0x0, 0x91, 0x0, 0x1f, 0xc8, 0xc2, 0x30, 0x7,
    0xa6, 0xc4, 0x3, 0xf4, 0x4a, 0x76, 0x8, 0x7,
    0xff, 0x11, 0xc1, 0xa0, 0xb0, 0x3, 0xfc, 0x46,
    0x23, 0x98, 0x19, 0x8a, 0x64, 0x1, 0xf8, 0xb7,
    0x3b, 0xb1, 0x5, 0x72, 0x8c, 0x80, 0x63, 0x0,
    0xf1, 0x9e, 0x0, 0x8c, 0xf0, 0x3, 0xfc, 0x21,
    0xde, 0x0, 0x3c, 0xcc, 0xc1, 0x79, 0x94, 0x0,
    0x11, 0x0, 0x3, 0x40, 0xf, 0x84, 0x4, 0x3,
    0xd7, 0x62, 0xd, 0xb0, 0x1, 0xdd, 0xbe, 0x7c,
    0xc, 0x23, 0xd4, 0x3, 0xfe, 0x44, 0x2, 0x88,
    0x8, 0x28, 0x38, 0x7, 0xf8, 0xff, 0xc2, 0x6,
    0x1c, 0x24, 0x24, 0x1, 0xfe, 0x70, 0x0, 0x80,
    0x81, 0x38, 0x38, 0x7, 0xf0, 0x80, 0x73, 0xb0,
    0x35, 0x85, 0x0, 0x7e, 0x17, 0x1, 0x0, 0xc4,
    0x4, 0x43, 0x30, 0x7, 0x18, 0x6f, 0x60, 0x10,
    0x8, 0x8, 0x10, 0x2, 0x40, 0x32, 0x48, 0x81,
    0x91, 0x80, 0x22, 0x80, 0x80, 0x80, 0xa, 0x2a,
    0x5, 0x6c, 0x7, 0x5a, 0x0, 0xc7, 0x41, 0xa2,
    0x0, 0x18, 0x15, 0x21, 0x11, 0x73, 0xa, 0x28,
    0x9, 0xdd, 0x1f, 0x80, 0x8, 0x1c, 0x1c, 0x36,
    0x8c, 0x1, 0x20, 0xc0, 0x23, 0x61, 0x21, 0x8b,
    0x98, 0x10, 0x7, 0x1b, 0x85, 0x80, 0x13, 0xc8,
    0xef, 0xc2, 0x20, 0x42, 0x1, 0xc2, 0x6e, 0x40,
    0x5, 0x35, 0xc0, 0x39, 0x11, 0x70, 0x7, 0x8b,
    0x20, 0x2, 0x1d, 0xa0, 0x9, 0xbb, 0x86, 0x0,

    /* U+57FA "基" */
    0x0, 0xe9, 0x90, 0x7, 0xcb, 0x28, 0x1, 0xfc,
    0xcc, 0x0, 0xfb, 0xd8, 0xc0, 0x38, 0xaa, 0x96,
    0x0, 0xba, 0xaf, 0x28, 0x45, 0x51, 0xc0, 0xc,
    0xaa, 0x40, 0x2, 0x2a, 0xf8, 0x2, 0x55, 0x60,
    0x1, 0x3f, 0xdc, 0x0, 0xef, 0xff, 0x28, 0x3f,
    0xfa, 0xc0, 0x38, 0x40, 0x11, 0x1f, 0x28, 0x78,
    0x7, 0xfc, 0xce, 0xfe, 0x0, 0xff, 0xe1, 0x7f,
    0xfc, 0xa0, 0x1f, 0xfc, 0x1f, 0xff, 0x94, 0x3,
    0xff, 0x82, 0xce, 0xfe, 0x0, 0xff, 0xe1, 0x4c,
    0x47, 0x94, 0x3, 0xcb, 0xff, 0x80, 0x1f, 0xff,
    0x28, 0x47, 0xfd, 0x62, 0x89, 0x80, 0x24, 0x4e,
    0x20, 0x0, 0xa2, 0x46, 0x97, 0x71, 0x80, 0xf5,
    0xc8, 0x95, 0xed, 0x80, 0x3e, 0xed, 0x0, 0x1,
    0xb7, 0x1d, 0x10, 0x15, 0x60, 0x2, 0x48, 0xdc,
    0x0, 0x6, 0x39, 0xd, 0xb3, 0xfd, 0x80, 0xf,
    0xfa, 0x5c, 0x5f, 0x98, 0xd8, 0x23, 0x30, 0xab,
    0x10, 0x1, 0x57, 0x57, 0xa8, 0x91, 0x33, 0x9c,
    0x12, 0xaa, 0xe0, 0x1a, 0xac, 0x43, 0x5c, 0x80,
    0x4b, 0x77, 0xed, 0x1, 0xbb, 0xf9, 0x40, 0x22,
    0x44, 0xf0, 0x80, 0x11, 0x3e, 0x10, 0x9, 0xbf,
    0xff, 0xf8, 0x8a, 0x0,

    /* U+585E "塞" */
    0x0, 0xfe, 0x38, 0xa0, 0xf, 0xfe, 0x38, 0xba,
    0xb0, 0x7, 0xfa, 0x3f, 0xfe, 0xd0, 0x4, 0xff,
    0xfd, 0x0, 0x18, 0x4c, 0xff, 0xf8, 0x42, 0x1,
    0xe6, 0xcc, 0x99, 0x73, 0x32, 0xb6, 0x64, 0xe0,
    0x1b, 0xc0, 0xdd, 0xd0, 0xac, 0xef, 0x99, 0x61,
    0xdc, 0xa1, 0xe0, 0x7, 0xf3, 0x88, 0x38, 0x2,
    0x23, 0x0, 0x1e, 0x21, 0x7e, 0xe0, 0x1a, 0x3b,
    0x9a, 0x0, 0xee, 0xc0, 0xd, 0xee, 0x38, 0x7,
    0x86, 0x65, 0x60, 0x9, 0x9c, 0x0, 0xb9, 0x90,
    0x80, 0x78, 0x9d, 0xcc, 0x0, 0x77, 0xc0, 0x6,
    0x77, 0x18, 0x7, 0x8f, 0xfd, 0xc0, 0x3f, 0xf8,
    0x43, 0xbf, 0xc4, 0x1, 0xa3, 0x77, 0x78, 0xe,
    0xee, 0x10, 0xfd, 0xdd, 0x0, 0x2, 0x33, 0xc2,
    0x0, 0x33, 0xc0, 0x1, 0x33, 0xc2, 0x0, 0xae,
    0xe9, 0x80, 0x19, 0xcc, 0xfd, 0x80, 0x9, 0xee,
    0xa4, 0x3, 0x26, 0xb8, 0xe1, 0x83, 0xb0, 0x1e,
    0x94, 0x73, 0x0, 0x67, 0xdb, 0x25, 0x1c, 0xff,
    0x0, 0x3f, 0xda, 0x48, 0x33, 0xf2, 0x0, 0xf2,
    0x3b, 0xa5, 0x5c, 0x0, 0x55, 0xd5, 0x8a, 0x1e,
    0x0, 0x8d, 0xc4, 0xa, 0xac, 0x0, 0xaa, 0xc2,
    0x75, 0xcc, 0x1, 0x34, 0xcf, 0xc0, 0x9, 0x9f,
    0x90, 0x3, 0x63, 0x37, 0xc0, 0x6, 0x6f, 0xbc,
    0x3, 0xff, 0x98,

    /* U+586B "填" */
    0x0, 0x91, 0x0, 0x1f, 0x95, 0xcc, 0x3, 0xfa,
    0xac, 0x40, 0x3e, 0x98, 0x50, 0xf, 0xfe, 0x14,
    0xd5, 0x63, 0xb, 0xaa, 0xc8, 0x1, 0xfc, 0xea,
    0xb8, 0x0, 0x4a, 0xb8, 0xc0, 0x3f, 0xbb, 0xfe,
    0xc0, 0x4f, 0xfe, 0x70, 0x1, 0x10, 0x40, 0x88,
    0x20, 0xb1, 0xd, 0x4, 0x88, 0xc4, 0x0, 0x4d,
    0xd0, 0x3, 0x35, 0x83, 0xdd, 0xc2, 0x0, 0x66,
    0x3b, 0xc0, 0x7, 0x22, 0x0, 0x4, 0x84, 0x2,
    0xcf, 0xfb, 0xb8, 0xe0, 0x18, 0xf7, 0x42, 0x1f,
    0xac, 0x1, 0x67, 0x77, 0x38, 0x7, 0xff, 0xe,
    0xff, 0xf9, 0x80, 0x3f, 0xf8, 0x77, 0xdd, 0xcc,
    0x1, 0xff, 0xc3, 0x8b, 0xbe, 0x30, 0xf, 0xfe,
    0xa8, 0x80, 0x51, 0x77, 0xc6, 0x1, 0xfd, 0x5e,
    0xc0, 0x16, 0x7f, 0xf3, 0x80, 0x72, 0xd0, 0x82,
    0x15, 0xfa, 0x86, 0x7f, 0xf3, 0x85, 0x79, 0xa5,
    0x28, 0x2d, 0xed, 0x19, 0xc2, 0x46, 0x70, 0x19,
    0xe1, 0x44, 0x47, 0x52, 0x3, 0x66, 0x28, 0x43,
    0xf2, 0x40, 0x63, 0x30, 0x41, 0x6e, 0x20, 0x19,
    0x36, 0x41, 0x4c, 0x11, 0x4a, 0xe8, 0x3, 0xfa,
    0xec, 0x49, 0xb0, 0x0, 0x1a, 0xb1, 0x5b, 0x0,
    0xfd, 0xb, 0x96, 0x40, 0x1c, 0x9e, 0xb2, 0x0,

    /* U+5883 "境" */
    0x0, 0x91, 0x0, 0x1f, 0x14, 0x38, 0x7, 0xf5,
    0x58, 0x80, 0x7c, 0xf0, 0x40, 0x1f, 0xfc, 0x17,
    0xff, 0xb4, 0x1, 0xbf, 0xf5, 0x80, 0x7f, 0x12,
    0xa8, 0xd5, 0x72, 0x2a, 0xb0, 0x3, 0xf9, 0x68,
    0xe, 0x2a, 0x96, 0x8d, 0x4e, 0x0, 0x33, 0x8,
    0x21, 0x80, 0x58, 0x14, 0x0, 0x90, 0xb0, 0x8,
    0xf3, 0x0, 0xa, 0xc4, 0xff, 0x48, 0x3f, 0xf9,
    0xc2, 0x3f, 0xc8, 0x28, 0x80, 0x1, 0x23, 0xa2,
    0x7f, 0xf0, 0x18, 0xae, 0xc2, 0x19, 0x67, 0x7d,
    0xdf, 0xeb, 0x20, 0xf, 0xc5, 0x55, 0xfe, 0x20,
    0xf, 0xf9, 0x3f, 0xfc, 0x40, 0x1f, 0xfc, 0x14,
    0xff, 0xf1, 0x0, 0x7f, 0xf0, 0x4a, 0xab, 0xc2,
    0x1, 0xfc, 0x86, 0x1, 0x19, 0xf8, 0x3, 0xe1,
    0xe, 0xbb, 0x0, 0xa, 0x67, 0xc2, 0x1, 0x96,
    0xc0, 0x21, 0xe2, 0xfd, 0x3, 0xfb, 0x5, 0xff,
    0x10, 0x3d, 0x20, 0x14, 0xf3, 0x0, 0x10, 0x14,
    0x3, 0xf2, 0x81, 0xd6, 0xb0, 0x6, 0xa0, 0xc0,
    0xf, 0x5a, 0x96, 0x61, 0x40, 0x30, 0xd1, 0x92,
    0x80, 0x79, 0xa4, 0xc, 0x3, 0x1c, 0xfa, 0x8f,
    0x80, 0x1c, 0x12, 0x68, 0x98, 0x3, 0xe6, 0x16,
    0xf2, 0x0, 0x1b, 0xb, 0x29, 0x48, 0x7, 0x8f,
    0x3e, 0x44, 0x3, 0x4f, 0xfd, 0xa6,

    /* U+589E "增" */
    0x0, 0x84, 0x40, 0x1c, 0x22, 0x0, 0xc4, 0x60,
    0x1d, 0x9c, 0x20, 0x12, 0xf6, 0x80, 0x69, 0xca,
    0x0, 0xff, 0x29, 0x99, 0x80, 0x8, 0x80, 0x80,
    0xf, 0xe6, 0x62, 0x88, 0x99, 0x96, 0xa, 0x8a,
    0x1, 0xfa, 0x64, 0xc3, 0x13, 0x20, 0x2, 0xcd,
    0x0, 0x46, 0x6, 0x1, 0x26, 0x63, 0x40, 0xf7,
    0x34, 0x80, 0x7f, 0xc2, 0x1b, 0xe6, 0x0, 0x99,
    0x10, 0xb1, 0x7c, 0x8, 0x8, 0xc0, 0x10, 0x88,
    0x1, 0x2a, 0x40, 0x4, 0x39, 0x0, 0xbb, 0x84,
    0x1d, 0xc2, 0x0, 0x19, 0xa8, 0x1, 0xc, 0x60,
    0x1f, 0xfc, 0x2, 0xfa, 0x16, 0x8b, 0x21, 0x0,
    0xff, 0x26, 0xe6, 0x81, 0xde, 0xe8, 0x80, 0x3f,
    0xae, 0xff, 0xf8, 0x0, 0x1f, 0x90, 0xf7, 0x7f,
    0x90, 0x3, 0xfb, 0x19, 0xbf, 0x80, 0x31, 0x85,
    0x7a, 0x0, 0x5f, 0xfe, 0x0, 0xcb, 0x42, 0x8,
    0x2, 0x1, 0x44, 0x78, 0x2, 0x2a, 0x50, 0x39,
    0xe5, 0x0, 0x9d, 0xfc, 0x1, 0x12, 0xc7, 0x63,
    0x8, 0x6, 0xff, 0xf0, 0x6, 0xa7, 0x10, 0xf,
    0xbf, 0xfc, 0x1, 0xff, 0xc2, 0x66, 0xf0, 0x7,
    0xff, 0xa, 0x67, 0xc0, 0x10,

    /* U+58C1 "壁" */
    0x0, 0xff, 0xe1, 0x1c, 0xa8, 0x7, 0xdb, 0xff,
    0xf0, 0x91, 0x48, 0xd4, 0x45, 0x8, 0x4, 0x60,
    0xcd, 0x84, 0x1, 0x9b, 0xa8, 0x0, 0x6e, 0xd2,
    0x1, 0x86, 0x67, 0x18, 0x2, 0x14, 0x26, 0x63,
    0x27, 0xb0, 0xc, 0x31, 0x18, 0xc0, 0xd, 0xa0,
    0x4c, 0xc1, 0x38, 0x30, 0x8, 0x41, 0xdf, 0x8,
    0x19, 0x10, 0x38, 0x94, 0x94, 0x88, 0x1, 0x8b,
    0xff, 0xcb, 0xb4, 0xb, 0xb4, 0x9, 0xba, 0x0,
    0x10, 0x13, 0xbf, 0x8e, 0x66, 0x40, 0x4, 0xce,
    0x0, 0x30, 0x2, 0x23, 0xc0, 0xcd, 0x78, 0x2b,
    0x36, 0x0, 0x60, 0x0, 0x7f, 0xe7, 0x1, 0xff,
    0xac, 0x17, 0xfe, 0x80, 0x3, 0x1, 0x80, 0x78,
    0x55, 0x61, 0x0, 0x2a, 0xda, 0x6, 0x2c, 0x3,
    0xff, 0x38, 0x2, 0xab, 0x2, 0xd5, 0x4a, 0x7,
    0x71, 0x4c, 0xde, 0x13, 0x0, 0xff, 0x90, 0x5a,
    0x67, 0xa2, 0xb0, 0x41, 0x3e, 0x80, 0x3f, 0x45,
    0xdf, 0x68, 0x3, 0x6e, 0xfc, 0x1, 0xe3, 0x44,
    0xe3, 0x0, 0x1a, 0x27, 0x80, 0x3d, 0x5d, 0xdd,
    0xa0, 0xd, 0xee, 0xf0, 0x7, 0x84, 0x7c, 0x60,
    0x3, 0x11, 0xf0, 0x6, 0xbb, 0xfd, 0xa0, 0xd,
    0xbb, 0xfc, 0x0, 0x44, 0xfc, 0x60, 0x3, 0x44,
    0xfc, 0x1, 0xff, 0xcb,

    /* U+58F0 "声" */
    0x0, 0xfe, 0x19, 0x80, 0xf, 0xfe, 0x31, 0xb3,
    0x0, 0x3f, 0xcf, 0xbb, 0xf8, 0x7, 0x77, 0xf3,
    0x7, 0x11, 0x7c, 0x1, 0x11, 0x7e, 0x10, 0x9f,
    0xff, 0xb4, 0x7, 0xff, 0xf3, 0x80, 0x7f, 0x8,
    0x8, 0x7, 0xfc, 0x9f, 0xfe, 0xc0, 0x7, 0xff,
    0xd0, 0x1, 0x32, 0x27, 0xff, 0x13, 0x40, 0x22,
    0xbb, 0xff, 0xe2, 0x28, 0x6, 0xbf, 0xcc, 0xee,
    0xe6, 0x67, 0xc0, 0x1c, 0x80, 0x67, 0xc2, 0x23,
    0x3f, 0x84, 0x3, 0xdd, 0xff, 0x68, 0xf, 0xff,
    0x0, 0x7f, 0x8, 0x7, 0xff, 0x14, 0x40, 0x4,
    0x59, 0x80, 0x48, 0xb8, 0x3, 0xc6, 0x0, 0xdd,
    0xd6, 0x0, 0xdd, 0xe0, 0xf, 0x38, 0x1, 0x57,
    0xff, 0x80, 0x1, 0xec, 0x7, 0xaa, 0xff, 0xe0,
    0x19, 0x84, 0x2, 0x70, 0xc0, 0xf, 0xfe, 0x6,
    0x60, 0x2, 0x81, 0x24, 0x0, 0xff, 0xe2, 0x23,
    0x84, 0x0, 0x7f, 0xf1, 0x51, 0xd5, 0x40, 0x1f,
    0xfc, 0x68, 0xa0, 0xf, 0xfe, 0x30,

    /* U+5904 "处" */
    0x0, 0xc2, 0x20, 0xf, 0x95, 0x42, 0x1, 0xfe,
    0x9e, 0xa0, 0xf, 0x5d, 0x20, 0x7, 0xf8, 0xc0,
    0x80, 0x3f, 0xf8, 0xea, 0x18, 0x1, 0xff, 0xc6,
    0x21, 0xb, 0xee, 0x7e, 0x90, 0x7, 0xff, 0x5,
    0x0, 0x21, 0x10, 0x10, 0x80, 0x7f, 0xf0, 0x70,
    0x1f, 0xfe, 0x0, 0x18, 0x5, 0x4c, 0x1, 0xf9,
    0x43, 0x0, 0x4, 0x2, 0x1, 0xd2, 0x80, 0x1e,
    0x60, 0x0, 0x80, 0x1c, 0x14, 0x3, 0x20, 0x59,
    0x0, 0x75, 0x80, 0x30, 0x1, 0x81, 0x80, 0x1b,
    0x94, 0x3c, 0x3, 0x29, 0x0, 0x1c, 0x0, 0x80,
    0x60, 0x1d, 0x44, 0x4a, 0x0, 0xb8, 0x21, 0x45,
    0x8, 0x80, 0x80, 0x1e, 0xe0, 0x55, 0x0, 0x2e,
    0x1f, 0xc3, 0xe8, 0x14, 0x3, 0xe3, 0x77, 0x28,
    0x4, 0xe0, 0xa2, 0x8e, 0x1c, 0x1, 0xfa, 0x20,
    0x1, 0xf4, 0x0, 0x9, 0x0, 0x3f, 0xf8, 0xa8,
    0x0, 0x30, 0xf, 0xfe, 0x37, 0x80, 0x6, 0x40,
    0x38, 0x40, 0x3f, 0x87, 0x8, 0x1c, 0x1b, 0x50,
    0x3b, 0xd0, 0x3, 0xf1, 0x61, 0x85, 0xc5, 0x1,
    0x5e, 0xca, 0x99, 0x17, 0x0, 0x23, 0x48, 0x2d,
    0x1, 0x75, 0x40, 0x9a, 0xb3, 0x77, 0x78, 0x0,
    0xc0, 0xb1, 0x0, 0x22, 0xad, 0x85, 0x21, 0x0,
    0xd4, 0x0, 0xb9, 0xd3, 0x0, 0xf1, 0x3d, 0x6f,
    0x7f, 0xe7, 0x0,

    /* U+5907 "备" */
    0x0, 0xfd, 0x2c, 0x20, 0x1f, 0xfc, 0x69, 0x6b,
    0x0, 0xff, 0xe3, 0x43, 0x1, 0x6e, 0x67, 0x7b,
    0x0, 0x7f, 0x4b, 0x80, 0x46, 0x7e, 0xc, 0x0,
    0xf8, 0xf1, 0x80, 0x1b, 0xff, 0xb9, 0x40, 0x6c,
    0x3, 0xd5, 0x86, 0x22, 0xc, 0x50, 0x1, 0x6a,
    0x97, 0x88, 0x7, 0x88, 0x23, 0xb8, 0xa3, 0x5b,
    0xb1, 0xa6, 0x88, 0x7, 0xd1, 0xce, 0x0, 0xa6,
    0x2, 0x20, 0x14, 0x80, 0x7f, 0x84, 0x4d, 0x5c,
    0xc0, 0x18, 0xb7, 0x52, 0xa4, 0x1, 0xa7, 0x3b,
    0x92, 0xa2, 0x73, 0xfe, 0xb5, 0x2, 0x6a, 0xdf,
    0xd3, 0x2, 0x31, 0x12, 0x4f, 0x63, 0x0, 0x12,
    0xbe, 0xdc, 0xc4, 0x1c, 0xc2, 0x2a, 0x86, 0xd7,
    0x9b, 0xae, 0xe6, 0xed, 0x2a, 0x35, 0xd4, 0x0,
    0x35, 0x62, 0x2f, 0x8, 0x88, 0xbc, 0x22, 0x0,
    0xf8, 0x7f, 0xf0, 0x86, 0x7f, 0xc8, 0x1, 0xfe,
    0x10, 0xc, 0x20, 0xe0, 0x13, 0x80, 0x7f, 0xdf,
    0xf8, 0x1, 0x7f, 0xf1, 0x80, 0x7f, 0xcc, 0xd8,
    0x0, 0x4c, 0xd0, 0x7, 0xfc, 0x33, 0x38, 0x43,
    0xa6, 0x64, 0x0, 0xff, 0xe, 0xee, 0x10, 0xcd,
    0xd9, 0x0, 0x3f, 0xe2, 0x2c, 0x1, 0x11, 0x40,
    0x1f, 0xf0, 0xff, 0xff, 0x90, 0x3, 0xf1, 0xff,
    0x0, 0x7f, 0xaf, 0xd4, 0x2,

    /* U+590D "复" */
    0x0, 0xe3, 0x82, 0x0, 0xff, 0xe3, 0xfb, 0xa0,
    0x7, 0xff, 0x19, 0xcc, 0x32, 0xab, 0xff, 0x80,
    0x40, 0x18, 0xe0, 0x0, 0xab, 0xff, 0xc1, 0x10,
    0x8, 0xf0, 0x23, 0xff, 0xff, 0x84, 0x60, 0x5,
    0xc0, 0x40, 0x77, 0xff, 0xe0, 0x28, 0x6, 0x10,
    0x68, 0x8f, 0xfe, 0x17, 0x0, 0x64, 0xc9, 0x0,
    0x17, 0xff, 0xf4, 0x0, 0x7c, 0x60, 0x11, 0x7f,
    0xff, 0x40, 0x7, 0xfc, 0x33, 0x3f, 0xca, 0x1,
    0xff, 0xc0, 0x33, 0xfe, 0x0, 0xff, 0xe0, 0xd,
    0x57, 0xf2, 0x80, 0x7f, 0x1f, 0x58, 0x3, 0x3b,
    0xbf, 0x50, 0x7, 0xe2, 0xb0, 0x1a, 0x88, 0xf7,
    0x30, 0x80, 0x7c, 0xb8, 0x0, 0x16, 0x6f, 0x82,
    0x8, 0x3, 0x86, 0xa8, 0x1, 0x57, 0xff, 0x38,
    0x2, 0xc8, 0x3, 0x9d, 0x4b, 0x78, 0xea, 0xcc,
    0x1b, 0x5c, 0x71, 0x0, 0x3c, 0xd9, 0xa4, 0x38,
    0xc9, 0x9f, 0x24, 0xde, 0x60, 0x1f, 0x85, 0x1a,
    0x31, 0x80, 0x39, 0xea, 0x19, 0xc, 0x40, 0x1b,
    0xfb, 0x72, 0xe6, 0x4d, 0x7d, 0x4a, 0x8, 0xf3,
    0x79, 0xc4, 0xa, 0x48, 0xd1, 0x7d, 0xb2, 0x82,
    0xb5, 0xdb, 0x70, 0xc9, 0x4,

    /* U+5916 "外" */
    0x0, 0xc4, 0x82, 0x1, 0xe6, 0x60, 0x80, 0x7f,
    0xa2, 0xd8, 0x3, 0xd3, 0x22, 0x0, 0xff, 0x20,
    0x20, 0x7, 0xff, 0x18, 0x84, 0xc, 0x0, 0x20,
    0x1f, 0xfc, 0x35, 0x0, 0x7f, 0xdd, 0xec, 0x1,
    0xff, 0xc1, 0xa0, 0x0, 0x8c, 0x1, 0xff, 0xc3,
    0x32, 0xf, 0xee, 0x80, 0xa, 0x1, 0xff, 0xc0,
    0x90, 0x60, 0x8, 0xc0, 0x6, 0x1, 0x52, 0x0,
    0x78, 0xd4, 0x2c, 0x2, 0x40, 0x30, 0xc, 0xd6,
    0xa0, 0x1d, 0xc0, 0xa8, 0x20, 0xb, 0x4, 0x0,
    0xc6, 0x14, 0xc0, 0x11, 0x98, 0x36, 0x7d, 0x4,
    0xc2, 0xc0, 0x37, 0xb8, 0x4b, 0x80, 0xf, 0x2d,
    0xd8, 0x6f, 0x80, 0x4c, 0x3, 0xa1, 0xc2, 0x1c,
    0x0, 0x48, 0x13, 0x20, 0xa, 0x40, 0x3e, 0x86,
    0xb, 0x0, 0xf3, 0x18, 0x1, 0x80, 0x3f, 0x4c,
    0x60, 0x7, 0x8c, 0xc0, 0xe2, 0x1, 0xfc, 0xe0,
    0x1e, 0x1e, 0x2, 0x80, 0xf, 0xfe, 0x20, 0xe9,
    0x7, 0x0, 0x7f, 0xf1, 0xb, 0xc, 0x24, 0xc0,
    0x3f, 0xf8, 0x71, 0xa4, 0x14, 0xc0, 0x1f, 0xfc,
    0x32, 0x50, 0x1b, 0x50, 0xf, 0xfe, 0x21, 0x63,
    0x7a, 0x0, 0x7f, 0xf1, 0x40,

    /* U+591A "多" */
    0x0, 0xfc, 0xd0, 0x80, 0x1f, 0xfc, 0x46, 0x97,
    0x10, 0xf, 0xfe, 0x1c, 0x48, 0x2, 0x73, 0x2f,
    0xb2, 0x0, 0xf8, 0xb1, 0xc0, 0x23, 0x3c, 0x8,
    0xc0, 0x1c, 0x31, 0xa6, 0x6d, 0xff, 0xda, 0x40,
    0xc8, 0x1, 0x97, 0x9c, 0x22, 0x44, 0x2, 0x2f,
    0x24, 0x90, 0xe, 0x54, 0x6e, 0x3a, 0xc7, 0x6,
    0xd2, 0x5b, 0x0, 0xfa, 0xe4, 0x53, 0x6, 0x3e,
    0x42, 0x28, 0x3, 0xfe, 0x15, 0x10, 0x1, 0xe5,
    0xd2, 0x0, 0x7c, 0x6f, 0x7d, 0x20, 0x55, 0x9e,
    0x6e, 0xa0, 0x1c, 0x5f, 0x90, 0x80, 0xb9, 0xaf,
    0xe6, 0x5, 0x9b, 0xaf, 0xc3, 0x25, 0x26, 0xbf,
    0xa3, 0x6d, 0x0, 0xc4, 0x50, 0x1a, 0x85, 0x6c,
    0xa0, 0x26, 0x48, 0x3f, 0x7f, 0xdc, 0x60, 0x6c,
    0x1, 0x9b, 0x2c, 0xcd, 0x70, 0x20, 0x15, 0x98,
    0x70, 0x6, 0x69, 0x32, 0xa9, 0xbd, 0x20, 0x1b,
    0x50, 0xb2, 0x0, 0xcd, 0x17, 0xaa, 0x88, 0x2d,
    0xaf, 0x41, 0xb4, 0x0, 0xf3, 0xa0, 0x0, 0x6c,
    0x0, 0xa2, 0x78, 0x80, 0x1f, 0xc2, 0xb5, 0xe0,
    0x14, 0xe1, 0x0, 0x61, 0x46, 0x8b, 0xde, 0xa5,
    0x3, 0x9f, 0x60, 0xf, 0x15, 0xcb, 0xa1, 0x2,
    0x46, 0xe3, 0x0, 0x7e, 0x34, 0x57, 0xad, 0xfb,
    0x72, 0x0, 0xff, 0x0,

    /* U+591F "够" */
    0x0, 0x8d, 0x44, 0x3, 0xf2, 0x39, 0x0, 0x7e,
    0x8a, 0x40, 0xf, 0x86, 0xa0, 0x40, 0x3e, 0x14,
    0x5, 0x0, 0xfa, 0x84, 0x33, 0xfd, 0xc6, 0x1,
    0x30, 0x3, 0x76, 0xff, 0x10, 0x52, 0x2, 0x20,
    0x80, 0x48, 0x2, 0x90, 0x1, 0x14, 0x0, 0x6b,
    0x52, 0xeb, 0xb3, 0x83, 0x8, 0x1, 0x84, 0xbf,
    0xf1, 0x86, 0xa2, 0x2e, 0x41, 0x54, 0x30, 0x0,
    0x18, 0x9, 0x0, 0xf5, 0xe5, 0x51, 0xfe, 0x82,
    0x84, 0x0, 0x6a, 0x17, 0xff, 0x8, 0x4, 0x63,
    0x80, 0x15, 0x20, 0x4, 0x56, 0x20, 0x84, 0x1,
    0xe5, 0xd0, 0x6, 0x28, 0x7, 0x8c, 0xd6, 0xa0,
    0x1, 0x7, 0xea, 0x26, 0x2e, 0x40, 0xf, 0xfe,
    0x12, 0x3b, 0xb8, 0x48, 0x82, 0xb0, 0x80, 0x1f,
    0xc6, 0x0, 0x98, 0x67, 0x0, 0x55, 0x1e, 0xc8,
    0x3, 0xfc, 0x21, 0x30, 0xf, 0x76, 0x50, 0x32,
    0x0, 0x8e, 0x54, 0x0, 0x20, 0xbc, 0xc5, 0x90,
    0x88, 0x10, 0xb0, 0xe, 0x62, 0x0, 0xcc, 0xd,
    0x19, 0x20, 0xa8, 0x2e, 0x1, 0x8b, 0xba, 0x10,
    0x13, 0xf9, 0x0, 0x36, 0xd0, 0x40, 0x6, 0xaa,
    0x8, 0xe0, 0x30, 0x10, 0x5b, 0x2, 0x4, 0x60,
    0xc, 0xee, 0x0, 0x88, 0x4, 0x3, 0x38, 0x0,
    0xac, 0x3, 0xfc, 0xa0, 0xc0, 0x1, 0x9c, 0x4,
    0xc0, 0xf, 0xcb, 0xdb, 0x21, 0x8b, 0x5c, 0xc0,
    0xf6, 0x20, 0x1f, 0x90, 0x48, 0x59, 0x98, 0xa0,
    0xdd, 0x0, 0x1f, 0xe1, 0xff, 0x74, 0x84, 0x4f,
    0xc8, 0x80, 0x7c,

    /* U+5927 "大" */
    0x0, 0xfe, 0x55, 0x8, 0x7, 0xff, 0x1a, 0xa8,
    0xa0, 0x1f, 0xfc, 0x87, 0x0, 0xff, 0xed, 0x8,
    0x0, 0x40, 0x3f, 0xf8, 0xa6, 0x0, 0x30, 0xf,
    0xe1, 0x33, 0xf9, 0x40, 0x4, 0x67, 0xf8, 0x27,
    0x33, 0xe8, 0x0, 0x66, 0x7e, 0xd0, 0xf0, 0xf,
    0xfe, 0x31, 0x83, 0xff, 0xfc, 0x60, 0x17, 0x7f,
    0xfb, 0x40, 0x3f, 0x9, 0x80, 0x4e, 0x1, 0xff,
    0xc3, 0x70, 0x3, 0x85, 0x80, 0x7f, 0xf0, 0xec,
    0x1a, 0x40, 0x94, 0x3, 0xff, 0x82, 0xa4, 0x14,
    0x2c, 0x16, 0x20, 0x1f, 0xf0, 0xd8, 0x29, 0x84,
    0x8, 0xac, 0x3, 0xfe, 0xa1, 0x8, 0x0, 0xc,
    0x2, 0xb8, 0x7, 0xf5, 0xa0, 0x51, 0x0, 0x4c,
    0x81, 0xc, 0x1, 0xe2, 0xc4, 0x7, 0x50, 0xe,
    0xb2, 0x9, 0x90, 0x6, 0x7d, 0x30, 0x88, 0x0,
    0x7d, 0x86, 0xd, 0xcc, 0x13, 0x0, 0x36, 0xe0,
    0x1f, 0x87, 0x14, 0x6, 0xc6, 0x51, 0xf9, 0x0,
    0x3f, 0xea, 0xb3, 0xf1, 0xb, 0x80, 0xf, 0xfe,
    0x12, 0x61, 0x0,

    /* U+5929 "天" */
    0xc, 0xff, 0xff, 0xe2, 0x50, 0x7, 0xff, 0x20,
    0x40, 0x2d, 0xdf, 0xa4, 0x1, 0xbb, 0xf5, 0x0,
    0x42, 0x45, 0xf0, 0x9, 0x17, 0xc2, 0x1, 0xff,
    0xd5, 0x30, 0xf, 0xf0, 0x99, 0xfd, 0x80, 0x46,
    0x7f, 0x88, 0x13, 0x33, 0xe7, 0x0, 0x66, 0x7e,
    0xf0, 0xf, 0xfe, 0x40, 0x82, 0xff, 0xfc, 0x1,
    0x1f, 0xff, 0xd8, 0x1, 0xf9, 0x40, 0x23, 0x40,
    0xf, 0xfe, 0x1c, 0x2, 0xc0, 0x48, 0x7, 0xff,
    0xa, 0x8, 0x21, 0xc4, 0xa8, 0x3, 0xff, 0x80,
    0xce, 0xe, 0x41, 0x40, 0xb0, 0x1, 0xfe, 0x79,
    0x4, 0x80, 0x2, 0x40, 0x3d, 0x0, 0x7c, 0x57,
    0x0, 0x96, 0x1, 0x9d, 0xc0, 0xba, 0xa0, 0x11,
    0x4e, 0xa0, 0x3d, 0x80, 0x7a, 0x20, 0x5, 0x5a,
    0xe3, 0xc, 0x7, 0x90, 0x1, 0xf9, 0xf5, 0x0,
    0xa4, 0xed, 0x2f, 0xc, 0x3, 0xfc, 0x57, 0x8d,
    0xa4,

    /* U+592A "太" */
    0x0, 0xfe, 0x1a, 0xa0, 0x80, 0x7f, 0xf1, 0x8d,
    0x54, 0x60, 0x1f, 0xfc, 0x93, 0x0, 0xff, 0xee,
    0x8, 0x0, 0x40, 0x3f, 0xf8, 0xce, 0x2, 0x1,
    0xff, 0x4f, 0xff, 0xd6, 0x3, 0xff, 0xfb, 0x80,
    0x6, 0x1, 0xff, 0xc9, 0xbc, 0xcf, 0x84, 0x2,
    0xcc, 0xfc, 0x0, 0x13, 0x3f, 0x80, 0x33, 0x19,
    0xf8, 0x80, 0x3f, 0x8c, 0x41, 0xc2, 0x40, 0x3f,
    0xf8, 0x94, 0x7, 0x20, 0x66, 0x0, 0xff, 0xe1,
    0xb, 0x5, 0xa, 0x87, 0x80, 0x7f, 0xf0, 0xa0,
    0x5, 0x82, 0x0, 0xd8, 0x3, 0xff, 0x80, 0x8c,
    0x10, 0x0, 0x26, 0x8, 0x20, 0xf, 0xf1, 0x50,
    0x3, 0x4, 0x1, 0x2, 0x2f, 0x10, 0xf, 0xc7,
    0x82, 0x0, 0x5c, 0x10, 0x1d, 0x2, 0xd1, 0x0,
    0xf3, 0xe0, 0x8b, 0x74, 0x25, 0x82, 0x7, 0x20,
    0x7e, 0x60, 0x12, 0xec, 0x1, 0x61, 0x13, 0x4,
    0xb0, 0x41, 0xa4, 0x7, 0x28, 0x43, 0x88, 0x1b,
    0x48, 0x0, 0x5a, 0x6, 0x40, 0x6, 0xb1, 0x7,
    0x0, 0x5b, 0x6c, 0x80, 0x71, 0xdf, 0x98, 0x4,
    0x9c, 0xfe, 0x20,

    /* U+592E "央" */
    0x0, 0xfe, 0x2c, 0xb0, 0xf, 0xfe, 0x38, 0x9a,
    0x80, 0x7f, 0xf5, 0xe7, 0x77, 0xb0, 0x7, 0x77,
    0xc6, 0x1, 0xe5, 0x22, 0xe0, 0x8, 0x8b, 0xce,
    0x1, 0xfa, 0x33, 0x29, 0x0, 0x66, 0x60, 0xf,
    0xf8, 0x8c, 0xe5, 0x1, 0x33, 0xc2, 0x1, 0xff,
    0xd8, 0x70, 0x30, 0xf, 0xfe, 0x38, 0x80, 0x80,
    0x7f, 0xc2, 0x30, 0x18, 0x8d, 0xa0, 0x1, 0x1e,
    0x2, 0x10, 0x1, 0x77, 0x8, 0x27, 0xba, 0x70,
    0x3e, 0xec, 0x0, 0x9e, 0x80, 0x0, 0x8f, 0xc0,
    0x1c, 0x23, 0xf7, 0x81, 0x77, 0x7d, 0x20, 0x1b,
    0x3b, 0xbc, 0xe0, 0x1f, 0x86, 0x1, 0xdc, 0x12,
    0x1, 0xff, 0xc3, 0xd1, 0x14, 0xc0, 0xa3, 0x80,
    0x7f, 0xf0, 0xb, 0xc, 0x28, 0x42, 0x82, 0x1c,
    0x3, 0xfc, 0xfa, 0x61, 0x48, 0x0, 0x48, 0x8,
    0xb2, 0x0, 0xe2, 0x7e, 0x80, 0x1c, 0x50, 0xc,
    0xf2, 0x9, 0xb6, 0xa2, 0x3, 0xb0, 0x20, 0xfc,
    0x60, 0x1e, 0x6c, 0x40, 0x4a, 0xa0, 0xb, 0x9c,
    0xf4, 0x0, 0x7f, 0x1d, 0xe3, 0x15, 0x0, 0x23,
    0x18, 0x40, 0x3f, 0xf8, 0x7, 0x3a, 0x20,

    /* U+5934 "头" */
    0x0, 0xff, 0x2d, 0x30, 0x7, 0xf8, 0xf1, 0x80,
    0x36, 0xae, 0x0, 0x7f, 0xa4, 0xe7, 0x9c, 0x3,
    0xff, 0x87, 0x58, 0xa3, 0x1c, 0x20, 0x3, 0x0,
    0xff, 0x8e, 0xb0, 0xdc, 0x40, 0x3f, 0xe2, 0xb5,
    0x0, 0x1e, 0x48, 0x8, 0x8, 0x7, 0xe8, 0x4a,
    0xd5, 0x0, 0xc6, 0x1e, 0x1, 0xfa, 0xac, 0xca,
    0xb0, 0x40, 0x2, 0x2, 0x1, 0xfc, 0x99, 0x22,
    0x30, 0x1, 0xc0, 0x80, 0x3f, 0xe6, 0xfc, 0x0,
    0x8c, 0x1c, 0x3, 0xea, 0xdd, 0xd9, 0x8d, 0xd7,
    0x80, 0x3b, 0x77, 0xd8, 0xe4, 0x5f, 0x80, 0x22,
    0x2f, 0xd9, 0xbb, 0xf8, 0x0, 0xdb, 0xbf, 0x60,
    0x91, 0x7c, 0xe0, 0x8, 0x22, 0xfc, 0x1, 0xf0,
    0xd8, 0x3b, 0xad, 0x0, 0x3f, 0xf8, 0x3, 0x82,
    0x53, 0x49, 0x78, 0x60, 0x1f, 0xcb, 0xe4, 0x3e,
    0x39, 0x44, 0x79, 0x42, 0x1, 0xc9, 0x94, 0x25,
    0x84, 0x0, 0x5d, 0x80, 0x5f, 0x50, 0x49, 0xeb,
    0x30, 0x7d, 0x20, 0xe, 0x7e, 0x41, 0xa9, 0x26,
    0x11, 0x47, 0x40, 0x7, 0xe1, 0xb8, 0xd, 0x69,
    0xce, 0x71, 0x0, 0xff, 0x9f, 0x90,

    /* U+5939 "夹" */
    0x0, 0xff, 0x2a, 0x84, 0x3, 0xff, 0x8d, 0x54,
    0x20, 0xf, 0xfe, 0x99, 0x17, 0xe0, 0x3, 0x11,
    0x7c, 0x1, 0x6e, 0xfe, 0x0, 0x56, 0xef, 0xc0,
    0x10, 0x8f, 0xc0, 0x18, 0x47, 0xe0, 0xb, 0xb9,
    0x2f, 0xdd, 0x80, 0x1d, 0xd6, 0x2c, 0xf7, 0x0,
    0x3a, 0xd9, 0x40, 0x6, 0x0, 0x10, 0x5, 0xa6,
    0x80, 0x7d, 0x21, 0x20, 0x1, 0x0, 0xc2, 0xc1,
    0x60, 0x1f, 0x28, 0x19, 0x3, 0x0, 0x80, 0x2c,
    0x20, 0x40, 0x31, 0x16, 0x67, 0x12, 0xf0, 0x1,
    0x10, 0xd1, 0x48, 0xa1, 0xc, 0xdd, 0x99, 0xf3,
    0x54, 0x7, 0x74, 0xc9, 0xbb, 0xa8, 0x3, 0xff,
    0x90, 0x21, 0xdf, 0xfe, 0x90, 0xd, 0x9f, 0xfe,
    0xa0, 0xf, 0xd6, 0xd, 0x1, 0xc0, 0x1f, 0xfc,
    0x2a, 0x20, 0xb7, 0x22, 0x50, 0x7, 0xff, 0x2,
    0x94, 0x24, 0x83, 0x81, 0x6c, 0x3, 0xf9, 0x35,
    0x41, 0x98, 0x0, 0x3b, 0x4, 0xd5, 0x0, 0xc2,
    0xd9, 0x64, 0x11, 0x20, 0x19, 0x30, 0x4a, 0xb5,
    0xc8, 0x36, 0x4c, 0x13, 0x5c, 0x3, 0xc7, 0xee,
    0x5, 0x16, 0x1a, 0x6f, 0xb6, 0x40, 0x1f, 0x86,
    0x3a, 0x56, 0x40,

    /* U+5957 "套" */
    0x0, 0xfe, 0x79, 0x30, 0xf, 0xfe, 0x31, 0x43,
    0x8, 0x7, 0xfc, 0x97, 0x7e, 0xd0, 0x4, 0xdd,
    0xfe, 0x90, 0x1, 0x22, 0x78, 0x2, 0x44, 0xfe,
    0x70, 0x3, 0x7f, 0xe8, 0x0, 0x67, 0xfc, 0x60,
    0x9d, 0xff, 0x70, 0x7, 0x9e, 0x2, 0xcc, 0x2,
    0xc4, 0x46, 0x10, 0x7, 0xea, 0x80, 0x7, 0x55,
    0x70, 0x81, 0x6b, 0x0, 0x72, 0xf2, 0x80, 0x4a,
    0xbf, 0x1, 0x84, 0xe1, 0x80, 0x2e, 0x85, 0x58,
    0x1b, 0xff, 0xf6, 0x60, 0x8f, 0x10, 0x20, 0xee,
    0x84, 0x1b, 0xff, 0xf3, 0x1e, 0xc4, 0xa0, 0x1e,
    0x20, 0x6, 0x88, 0xfc, 0xa0, 0x7, 0x60, 0xf,
    0xe1, 0x1f, 0xe0, 0xf, 0xfe, 0xc, 0xcf, 0xe5,
    0x0, 0xff, 0xe0, 0x2f, 0x77, 0xe7, 0x0, 0xf2,
    0xe6, 0x4e, 0xb, 0xdb, 0xbf, 0x66, 0x6b, 0x0,
    0x11, 0x9c, 0x1, 0x8c, 0xff, 0xe5, 0x0, 0x3f,
    0xfd, 0xa4, 0xb, 0xff, 0xc8, 0x17, 0xff, 0x70,
    0x7, 0x1e, 0x12, 0xd0, 0x7, 0x68, 0x5a, 0x80,
    0x7d, 0x18, 0x20, 0x73, 0x54, 0xbc, 0xc5, 0x80,
    0x29, 0x40, 0x3c, 0xc0, 0x13, 0x31, 0x56, 0x11,
    0x90, 0x1, 0x48, 0x1, 0xd5, 0x4c, 0xde, 0xff,
    0xbb, 0x75, 0x97, 0xea, 0xea, 0x0,

    /* U+597D "好" */
    0x0, 0x8d, 0x8c, 0x3, 0xff, 0x8d, 0x52, 0x80,
    0x1f, 0xfc, 0x1, 0x0, 0xe2, 0x2, 0x0, 0xd7,
    0xff, 0xf7, 0x60, 0x80, 0x4c, 0xe, 0x1, 0x88,
    0xbe, 0x0, 0x10, 0x4, 0x24, 0x6, 0x2, 0x0,
    0x9d, 0xde, 0x90, 0x5, 0xa, 0x7f, 0x0, 0x3b,
    0xfb, 0xc8, 0x3, 0x86, 0x82, 0x10, 0x0, 0x20,
    0x10, 0x88, 0x3, 0xe1, 0xc1, 0x67, 0x0, 0x27,
    0x30, 0x4f, 0x70, 0x80, 0x80, 0x37, 0x12, 0x48,
    0x7, 0x20, 0x20, 0x0, 0x88, 0x1, 0xf4, 0x0,
    0x70, 0x90, 0x90, 0x18, 0x30, 0x91, 0x60, 0x3,
    0x11, 0x42, 0x8, 0xa, 0x0, 0x40, 0xcc, 0x6e,
    0xe0, 0x5, 0x6e, 0xde, 0x1e, 0x6, 0x0, 0xc0,
    0x46, 0x22, 0xc0, 0x11, 0x16, 0x5, 0x7, 0x31,
    0x41, 0x3b, 0xdd, 0xc2, 0x19, 0xbb, 0x60, 0x70,
    0x3, 0x38, 0x18, 0x3, 0xff, 0x84, 0x3e, 0xe0,
    0x15, 0x0, 0x7f, 0xf1, 0x20, 0x2, 0x90, 0xf,
    0xfe, 0x22, 0x0, 0x49, 0x80, 0x1f, 0xfc, 0x23,
    0xb0, 0x8b, 0x3, 0x60, 0xf, 0xfe, 0x3, 0x60,
    0x33, 0xa5, 0x23, 0x0, 0x61, 0x0, 0xf3, 0x48,
    0x2c, 0x80, 0x16, 0xc0, 0x19, 0xde, 0x0, 0x10,
    0xc, 0xcb, 0x34, 0x1, 0xf2, 0x8, 0xc, 0x10,
    0x7, 0x53, 0x0, 0x7e, 0x8f, 0xf7, 0x38, 0x7,
    0x0,

    /* U+5982 "如" */
    0x0, 0xca, 0xa1, 0x0, 0xff, 0xe3, 0x5d, 0x18,
    0x7, 0xff, 0x18, 0x40, 0x80, 0x31, 0x17, 0xf0,
    0x6, 0x20, 0x20, 0xe, 0xed, 0xdf, 0xc4, 0x1,
    0x20, 0x38, 0x0, 0x40, 0x31, 0x19, 0xe0, 0x9,
    0x3f, 0xd2, 0xb, 0xfe, 0xef, 0x60, 0x7, 0x66,
    0x61, 0x0, 0x38, 0x88, 0x2, 0x11, 0x0, 0xc,
    0x3, 0xfc, 0x7d, 0xc0, 0x7, 0xf7, 0xc, 0x18,
    0x3, 0xff, 0x80, 0x60, 0x60, 0x11, 0x81, 0x0,
    0x7f, 0xf0, 0x10, 0x10, 0x0, 0x40, 0x22, 0x0,
    0xff, 0xe0, 0x60, 0x60, 0x1, 0xc1, 0x40, 0x3f,
    0xf8, 0x28, 0x8, 0x0, 0xf0, 0x30, 0xf, 0xfe,
    0x2, 0x0, 0x28, 0x0, 0x81, 0x60, 0x1f, 0xfc,
    0x4, 0xa0, 0x5d, 0x71, 0x11, 0x80, 0x7f, 0xf0,
    0x57, 0x48, 0x90, 0xe, 0x1, 0xff, 0xc3, 0x2c,
    0x0, 0xb8, 0x3, 0xff, 0x88, 0x40, 0x14, 0x30,
    0x4, 0xc4, 0x58, 0x40, 0x39, 0x30, 0x5, 0x2,
    0x4c, 0x1, 0x5b, 0xb8, 0x3, 0xc, 0x58, 0x3,
    0x6d, 0x54, 0x60, 0x11, 0x16, 0x0, 0x87, 0x9c,
    0x7, 0xc, 0x2a, 0x80, 0x16, 0x6e, 0xe1, 0x0,
    0xa, 0x82, 0x79, 0x80, 0x7f, 0xf0, 0x33, 0x48,
    0x22, 0xec, 0x20, 0x1e, 0xcf, 0x30, 0xc, 0x44,
    0x0,

    /* U+59CB "始" */
    0x0, 0x8d, 0x44, 0x3, 0xe5, 0x30, 0xf, 0xf4,
    0x52, 0x80, 0x78, 0x6b, 0x10, 0x3, 0xf9, 0x81,
    0x40, 0x3d, 0x20, 0x68, 0x1, 0xfc, 0x40, 0x20,
    0x1c, 0x2e, 0x10, 0x0, 0x20, 0xf, 0x10, 0x10,
    0x8, 0x6, 0x90, 0x34, 0xa, 0xd3, 0x0, 0x97,
    0xf4, 0xb, 0xfb, 0xd4, 0x5, 0xc3, 0x80, 0x1e,
    0x1c, 0x1, 0x8, 0x80, 0x21, 0x0, 0x8, 0x58,
    0x31, 0x0, 0x15, 0x45, 0x0, 0x4, 0xe5, 0xc,
    0xe4, 0x7, 0x65, 0x18, 0x23, 0x45, 0x20, 0x72,
    0x0, 0x90, 0xc, 0x18, 0x1e, 0x40, 0x7b, 0x72,
    0xe9, 0xc0, 0x10, 0x0, 0x11, 0x18, 0x0, 0x81,
    0x0, 0x21, 0x23, 0x56, 0x77, 0x2, 0x90, 0x20,
    0x28, 0x18, 0x18, 0x5e, 0xff, 0x6e, 0x54, 0xc4,
    0x1e, 0x48, 0x38, 0x30, 0x14, 0x14, 0x10, 0x80,
    0x3f, 0x43, 0x0, 0x10, 0x2c, 0xb4, 0x30, 0xb,
    0xff, 0xfb, 0x80, 0x2e, 0x21, 0xd4, 0x4, 0x0,
    0xc4, 0x5e, 0x0, 0xe1, 0xd7, 0x0, 0x84, 0x2,
    0x3d, 0xde, 0xc0, 0xf, 0xa0, 0x2, 0x70, 0xf,
    0xfe, 0x2c, 0x80, 0x50, 0xc0, 0x1f, 0xfc, 0x36,
    0x60, 0x5c, 0x80, 0x7f, 0xf1, 0x22, 0x41, 0xd1,
    0xa9, 0x80, 0x7, 0xff, 0xdc, 0x1, 0x89, 0xc1,
    0x60, 0x0, 0xa0, 0x18, 0x47, 0x80, 0x38, 0xa2,
    0x14, 0x1, 0xf1, 0xf7, 0x78, 0x3, 0x9d, 0xc0,
    0x1e, 0x2f, 0xc0, 0xe, 0x1f, 0xe0, 0x0,

    /* U+5B50 "子" */
    0x0, 0x84, 0x7f, 0xf8, 0x24, 0x1, 0xe8, 0xee,
    0xff, 0xe0, 0xee, 0x8, 0x7, 0xff, 0x36, 0x3f,
    0xff, 0xb9, 0x40, 0xb, 0x82, 0x1, 0xff, 0xc1,
    0x5f, 0x51, 0xaa, 0x0, 0x7f, 0xf0, 0x5b, 0xa8,
    0x53, 0xd4, 0x3, 0xff, 0x85, 0x22, 0x17, 0x61,
    0x0, 0xff, 0xe2, 0xe2, 0x0, 0x7f, 0xf4, 0x7b,
    0xff, 0xf0, 0x3, 0x3f, 0xff, 0x0, 0x80, 0x7f,
    0xf2, 0x37, 0x7f, 0x80, 0x15, 0xbb, 0xf8, 0x8,
    0xbf, 0x80, 0xc, 0x45, 0xf8, 0x3, 0xff, 0xfe,
    0x1, 0xff, 0xc6, 0x10, 0x0, 0x80, 0x7f, 0xf0,
    0xbf, 0xee, 0x0, 0x10, 0x7, 0xff, 0x9, 0x80,
    0x23, 0xa0, 0xf, 0xfe, 0x1c, 0xff, 0xd8, 0xa0,
    0x1f, 0xe0,

    /* U+5B57 "字" */
    0x0, 0xfe, 0x44, 0x0, 0x7f, 0xf1, 0x5a, 0xec,
    0x20, 0x1f, 0xc4, 0x5f, 0x20, 0x3, 0x48, 0xbe,
    0x2, 0xdd, 0xfc, 0x0, 0x3d, 0xdf, 0x94, 0x2,
    0x22, 0xff, 0xe1, 0x0, 0x70, 0xee, 0xff, 0xf0,
    0x88, 0x3, 0xff, 0x88, 0x20, 0x1c, 0x6a, 0xe1,
    0x3f, 0xff, 0xdd, 0x60, 0xaa, 0x61, 0xa9, 0x1,
    0x1f, 0xc0, 0x11, 0x4, 0x51, 0x80, 0x68, 0xee,
    0xf3, 0x80, 0x26, 0x40, 0x1f, 0xfc, 0x1a, 0xf6,
    0x3d, 0x60, 0xf, 0xfe, 0x12, 0x82, 0xe1, 0x0,
    0x79, 0x7b, 0xbf, 0x0, 0x17, 0xbb, 0xea, 0x1,
    0x1f, 0xc0, 0x10, 0x8f, 0xe5, 0xff, 0xfc, 0x0,
    0xaf, 0xff, 0xac, 0x3, 0xf8, 0x40, 0x40, 0x3f,
    0xfd, 0xa2, 0x1, 0xff, 0xc3, 0x7f, 0xf8, 0x0,
    0xc0, 0x1f, 0xfc, 0x16, 0x0, 0x8a, 0x48, 0x3,
    0xff, 0x82, 0x3f, 0xf6, 0xb0, 0x7, 0xf0,

    /* U+5B58 "存" */
    0x0, 0xfd, 0x10, 0x20, 0xf, 0xfe, 0x3b, 0xb8,
    0x40, 0x3f, 0xf8, 0xca, 0x2, 0x60, 0x1f, 0xfc,
    0x7, 0xee, 0xea, 0x1, 0xee, 0xff, 0x68, 0x3,
    0xc4, 0x78, 0x2, 0x11, 0xff, 0x18, 0x2, 0x3b,
    0xb2, 0x81, 0xf7, 0x7f, 0xde, 0x1, 0x8, 0xc0,
    0xa1, 0xe2, 0x3f, 0xfc, 0x0, 0xf, 0x50, 0x21,
    0xc6, 0x67, 0xdf, 0xe4, 0x0, 0xf3, 0x20, 0x48,
    0x19, 0xfe, 0x0, 0x68, 0x7, 0x14, 0x83, 0x90,
    0x57, 0x77, 0x58, 0x1, 0x64, 0x3, 0xf, 0x80,
    0x24, 0x0, 0x23, 0xc9, 0x61, 0x14, 0x1, 0x8b,
    0x8, 0x3, 0xfa, 0x68, 0x2d, 0xc0, 0x30, 0xe1,
    0x8, 0x7, 0xf0, 0x82, 0xa0, 0x7, 0xa, 0x96,
    0x8, 0x1, 0xff, 0xf9, 0xc1, 0x7f, 0xf8, 0x42,
    0x70, 0x80, 0x2f, 0x0, 0xff, 0xe1, 0x90, 0x80,
    0x68, 0xff, 0xe7, 0x6, 0xff, 0xe1, 0x0, 0xff,
    0xff, 0x86, 0x77, 0x1c, 0x4, 0x3, 0xff, 0x88,
    0xa2, 0x20, 0x49, 0x0, 0xff, 0x77, 0x88, 0x5,
    0x3f, 0xf5, 0x88, 0x7, 0x80,

    /* U+5B66 "学" */
    0x0, 0xc4, 0x1, 0xb, 0xa8, 0x7, 0x20, 0x80,
    0x71, 0x76, 0x10, 0x1, 0x62, 0xc4, 0x2, 0x4b,
    0xe3, 0x0, 0xc4, 0xe3, 0xc0, 0x4, 0x40, 0xc0,
    0x5, 0x20, 0xe6, 0x1, 0xd2, 0x26, 0x60, 0x7,
    0x81, 0x80, 0x20, 0x8e, 0x0, 0x22, 0xff, 0x84,
    0x33, 0xfd, 0x60, 0xbf, 0xe7, 0x3, 0xff, 0x70,
    0x6, 0x22, 0xff, 0xe1, 0x8, 0x7, 0x16, 0xef,
    0xff, 0xb, 0x0, 0x3f, 0xf8, 0xa2, 0x1, 0xe3,
    0x6a, 0xb, 0xff, 0xfe, 0xee, 0x19, 0x99, 0x80,
    0x32, 0xe0, 0x67, 0xf8, 0x2, 0x52, 0x19, 0x80,
    0xe, 0x8c, 0xce, 0xf7, 0x0, 0x45, 0x88, 0x7,
    0xff, 0x7, 0xf1, 0x17, 0x9c, 0x3, 0xff, 0x8b,
    0x34, 0x20, 0x1f, 0x47, 0xff, 0xe0, 0x4, 0xff,
    0xfe, 0xf, 0x22, 0xfc, 0x1, 0x11, 0x7e, 0x7,
    0xdd, 0xfc, 0x21, 0x9b, 0xbf, 0x80, 0x3f, 0xfd,
    0x2, 0x1, 0xff, 0xc4, 0xbe, 0xe7, 0x80, 0x8,
    0x3, 0xff, 0x85, 0xc2, 0x20, 0x29, 0x10, 0xf,
    0xfe, 0x12, 0xff, 0xda, 0xc0, 0x1f, 0xe0,

    /* U+5B8C "完" */
    0x0, 0xfe, 0x16, 0x50, 0xf, 0xfe, 0x3b, 0x4d,
    0x88, 0x7, 0xff, 0x19, 0x80, 0x64, 0x3, 0xfc,
    0x5f, 0xff, 0x70, 0x1, 0xff, 0xfe, 0x40, 0xf,
    0xfe, 0x70, 0xff, 0xff, 0xf0, 0x84, 0x3, 0xff,
    0xa5, 0x9f, 0xff, 0xf0, 0x7, 0x8b, 0x7c, 0x18,
    0x8b, 0xfe, 0xf, 0xd4, 0x0, 0x88, 0x42, 0xb7,
    0x7f, 0xe0, 0x12, 0x0, 0x84, 0x7f, 0xf8, 0xe0,
    0x16, 0x77, 0x7f, 0xf1, 0xb0, 0x0, 0xc2, 0x3c,
    0x1, 0x8, 0x80, 0x21, 0x1e, 0x70, 0x5, 0xf7,
    0x70, 0x3, 0x7b, 0x94, 0x7, 0xdd, 0xd6, 0x1,
    0xf0, 0x80, 0x8, 0x3, 0xff, 0x8c, 0x80, 0x40,
    0x1f, 0xfc, 0x7e, 0x4, 0x0, 0xff, 0x42, 0x0,
    0x79, 0x90, 0x28, 0x3, 0xfc, 0xb6, 0x20, 0x11,
    0x4c, 0x81, 0x8c, 0x2, 0x10, 0x10, 0xc, 0x40,
    0x21, 0x19, 0xac, 0xf, 0x20, 0x19, 0x80, 0xbb,
    0xaf, 0x4, 0x0, 0x71, 0x82, 0xe4, 0x0, 0x71,
    0x38, 0x8e, 0x2, 0x90, 0x3, 0x67, 0xd1, 0x80,
    0x7d, 0x1d, 0xff, 0xb4, 0x80,

    /* U+5B98 "官" */
    0x0, 0xfe, 0x8c, 0x40, 0xf, 0xfe, 0x28, 0x9f,
    0x80, 0x7e, 0x3d, 0xdf, 0xcc, 0x9, 0xbb, 0xf4,
    0xb9, 0x17, 0xe0, 0x8, 0x8b, 0xe5, 0x0, 0x16,
    0xef, 0xff, 0x9, 0xc0, 0x38, 0x8b, 0xff, 0x85,
    0xe0, 0x5, 0xbe, 0x4f, 0xff, 0xfe, 0x7, 0x35,
    0xf8, 0xa1, 0x80, 0x46, 0x7f, 0x88, 0x0, 0x28,
    0x60, 0x1c, 0x59, 0x9f, 0xbc, 0x3, 0xff, 0xa4,
    0x5b, 0xbf, 0xbc, 0x3, 0xfe, 0x22, 0xfe, 0x0,
    0xff, 0x17, 0xff, 0xfb, 0x80, 0x3f, 0x18, 0x8f,
    0xfc, 0x1, 0xf8, 0x7b, 0xbf, 0xeb, 0x0, 0xfc,
    0x67, 0xfc, 0x40, 0x1f, 0xc5, 0x99, 0xfd, 0x60,
    0x1f, 0xfd, 0x12, 0xff, 0xfe, 0x90, 0xf, 0xf0,
    0x8f, 0xf0, 0x7, 0xf8, 0xbb, 0xbf, 0xa4, 0x44,
    0x0,

    /* U+5B9A "定" */
    0x0, 0xfe, 0x16, 0x40, 0xf, 0xfe, 0x3b, 0x4d,
    0x0, 0x7f, 0xf1, 0xd8, 0x5, 0x80, 0x3f, 0xc5,
    0xff, 0xf7, 0x0, 0x27, 0xff, 0xe4, 0x0, 0xff,
    0xe7, 0xf, 0xff, 0xff, 0x8, 0x80, 0x3f, 0xfa,
    0x25, 0xff, 0xff, 0xc0, 0x50, 0xe, 0x2e, 0xf0,
    0xf, 0xfe, 0x9, 0xe7, 0x20, 0x4, 0x22, 0x2f,
    0xfd, 0xc0, 0xc, 0xff, 0xcc, 0x22, 0x0, 0xf0,
    0xba, 0x80, 0x4, 0x0, 0x20, 0x1f, 0xfc, 0x14,
    0x89, 0x0, 0xff, 0xe3, 0x90, 0x28, 0x7, 0x6e,
    0xf9, 0x80, 0x3e, 0xc0, 0x50, 0xf, 0x11, 0x70,
    0x80, 0x7c, 0x80, 0x60, 0x1d, 0x7b, 0xbc, 0xe0,
    0x1e, 0x30, 0x9, 0x40, 0x33, 0x11, 0x70, 0x7,
    0xd4, 0x6, 0x16, 0x40, 0x1f, 0xfc, 0x32, 0x60,
    0xe6, 0x1c, 0x50, 0xf, 0xfe, 0x14, 0x82, 0x94,
    0xa0, 0xd0, 0x1, 0x4c, 0x84, 0x7c, 0x0, 0xa4,
    0x8, 0x0, 0x5b, 0x80, 0x51, 0x9b, 0xdd, 0xd8,
    0x0, 0xd0, 0xb2, 0x0, 0xa3, 0xa5, 0x48, 0x40,
    0x3c, 0xa0, 0x7, 0xd4, 0x0, 0xe1, 0x6a, 0xde,
    0xff, 0xf4, 0x0,

    /* U+5B9E "实" */
    0x0, 0xfe, 0x35, 0x0, 0xff, 0xe2, 0xa6, 0x51,
    0x80, 0x7f, 0xf1, 0x10, 0x82, 0x0, 0x3f, 0xbb,
    0xff, 0xe2, 0x4, 0xff, 0xf9, 0x80, 0x21, 0x1f,
    0xfe, 0x10, 0x7, 0xb3, 0xb7, 0xbb, 0x55, 0x3f,
    0xbb, 0x20, 0x7, 0x8f, 0x34, 0xc0, 0x17, 0x62,
    0x0, 0xfc, 0x88, 0x32, 0x52, 0xc5, 0x0, 0xfc,
    0x68, 0x41, 0x56, 0x22, 0xa8, 0xc, 0x0, 0x84,
    0x3, 0x45, 0xa0, 0x0, 0xb1, 0x81, 0xee, 0x44,
    0x0, 0x40, 0x1f, 0xc8, 0x73, 0x84, 0x80, 0x40,
    0x1f, 0xfc, 0x6, 0xd3, 0x35, 0x0, 0x18, 0xc,
    0x3, 0xfe, 0x2c, 0x88, 0x0, 0x30, 0x14, 0x3,
    0xf1, 0xee, 0xea, 0xdd, 0x98, 0x1b, 0x77, 0xea,
    0x2, 0x2f, 0xc0, 0x11, 0x17, 0xcc, 0x7f, 0xfe,
    0xd1, 0x7, 0xeb, 0xff, 0xf6, 0x0, 0x78, 0xf0,
    0x4a, 0x2e, 0xdd, 0x4, 0x1, 0xf8, 0x67, 0x4,
    0xb0, 0x25, 0x45, 0xf6, 0x8c, 0x2, 0x26, 0xbe,
    0x60, 0x5c, 0x10, 0x3a, 0xe8, 0x15, 0xca, 0x10,
    0x89, 0x40, 0x4b, 0xa1, 0x0, 0xc2, 0xfd, 0x0,
    0xac, 0x16, 0xb3, 0xd6, 0x80, 0x1f, 0xcf, 0xd0,
    0xe0,

    /* U+5BAB "宫" */
    0x0, 0xfc, 0x4c, 0x60, 0x1f, 0xfc, 0x59, 0x94,
    0x0, 0x7f, 0x84, 0x7e, 0xf0, 0x44, 0x8, 0xfc,
    0x5, 0xdd, 0xf5, 0x80, 0x2f, 0xbb, 0xe5, 0x0,
    0xff, 0xe5, 0xf, 0xff, 0xff, 0x8, 0x40, 0x38,
    0xaa, 0xbf, 0xf8, 0x4, 0x1, 0x8d, 0x45, 0x57,
    0xff, 0x80, 0xc8, 0x6c, 0x59, 0x60, 0x4, 0xff,
    0xfc, 0x60, 0xa, 0xc3, 0x0, 0xff, 0xe6, 0xad,
    0x57, 0xe2, 0x0, 0xff, 0xa, 0xaf, 0xe1, 0x0,
    0xfc, 0x7f, 0xff, 0xfc, 0x4, 0x0, 0xf0, 0x8f,
    0xff, 0x8, 0x3, 0xab, 0xbb, 0xff, 0x85, 0xa0,
    0x1e, 0x23, 0x3f, 0xf1, 0x0, 0x7e, 0xac, 0xcf,
    0xf4, 0x0, 0x7f, 0xf4, 0x23, 0x33, 0xfd, 0x40,
    0x1f, 0xc6, 0x7f, 0xe0, 0xf, 0xe7, 0xff, 0xff,
    0x48, 0x7, 0xab, 0xe0, 0x3, 0xfc, 0xdf, 0xa0,
    0x0,

    /* U+5BB6 "家" */
    0x0, 0xfc, 0x73, 0x40, 0x1f, 0xfc, 0x67, 0x65,
    0x40, 0xf, 0xe1, 0xdd, 0xfa, 0x40, 0x17, 0xbb,
    0xf5, 0x81, 0x91, 0x7e, 0x0, 0x88, 0xbe, 0x60,
    0x8, 0x7f, 0xff, 0xf8, 0x54, 0x1, 0xff, 0xc8,
    0x10, 0x8, 0xc4, 0xcb, 0xff, 0xff, 0x81, 0x40,
    0x22, 0x1, 0xed, 0x33, 0xe0, 0xc, 0x67, 0xb5,
    0x3b, 0x0, 0x30, 0xe6, 0x24, 0x40, 0x19, 0xf9,
    0x98, 0x80, 0x3e, 0x27, 0xda, 0x20, 0x3, 0x80,
    0x69, 0xad, 0x10, 0xa, 0x37, 0x50, 0x4f, 0xd6,
    0x14, 0x20, 0x58, 0xc1, 0x62, 0x1, 0x9, 0x1c,
    0xf4, 0x1c, 0x0, 0xdb, 0x69, 0x96, 0xb0, 0x6,
    0x9d, 0xc6, 0x2b, 0xd3, 0x70, 0x59, 0x0, 0x71,
    0x0, 0x78, 0xdf, 0x71, 0x1b, 0xa0, 0x2, 0x60,
    0x90, 0xe, 0x1c, 0xe8, 0x26, 0xd9, 0x3c, 0x0,
    0x34, 0x2, 0x98, 0x6, 0x15, 0x39, 0xe9, 0x39,
    0xd3, 0x0, 0x10, 0xc0, 0x70, 0x80, 0x69, 0xc6,
    0x38, 0xe6, 0x2b, 0x90, 0x9, 0xcc, 0xb4, 0x3,
    0xa, 0xde, 0xb8, 0xc6, 0xa7, 0x0, 0x80, 0x38,
    0x4f, 0x4c, 0x17, 0xa9, 0x6, 0x39, 0xc0, 0x58,
    0x30, 0x0, 0x58, 0x44, 0xc6, 0x53, 0x5b, 0xe7,
    0x3e, 0xde, 0x11, 0x30, 0x4, 0x58, 0xc6, 0xc1,
    0x94, 0x80, 0x3, 0x2, 0x4, 0xc0, 0xe, 0x19,
    0xc0, 0xf, 0xdd, 0xfe, 0xb2, 0x0, 0xfe,

    /* U+5BB9 "容" */
    0x0, 0xfe, 0x4b, 0xb0, 0x7, 0xff, 0x1d, 0x91,
    0x20, 0xf, 0xf0, 0xee, 0xfd, 0xe0, 0xb, 0xdd,
    0xf8, 0xc0, 0x22, 0x2f, 0xc0, 0x11, 0x17, 0xce,
    0x1, 0x87, 0xfe, 0xef, 0xff, 0x77, 0xfc, 0x40,
    0x1f, 0xc9, 0xd6, 0x1, 0xab, 0xc, 0x3, 0xe1,
    0x79, 0x5, 0xb0, 0xe0, 0xc, 0x65, 0x90, 0x16,
    0xec, 0x1, 0x43, 0xcd, 0x4, 0xa8, 0x5f, 0xa4,
    0xd8, 0xbe, 0x24, 0x10, 0x4, 0x9a, 0xc1, 0x4c,
    0xe, 0x81, 0xc0, 0x9e, 0x66, 0xc3, 0x0, 0xce,
    0x47, 0xaa, 0xd, 0x0, 0x5, 0x90, 0x1c, 0x51,
    0x70, 0xc, 0x7b, 0x84, 0x11, 0x21, 0x7c, 0x4d,
    0x82, 0x15, 0xa8, 0x1, 0xc4, 0x3, 0x6e, 0x16,
    0x83, 0x86, 0x6f, 0x60, 0x20, 0xf, 0x9f, 0x90,
    0xb1, 0x0, 0x3, 0x8c, 0x33, 0xa8, 0x1, 0x85,
    0xba, 0x0, 0x2f, 0xcc, 0xe5, 0x0, 0x15, 0xeb,
    0x0, 0x36, 0x44, 0x40, 0x2, 0x33, 0xf8, 0x0,
    0xa2, 0x58, 0x0, 0xd4, 0xaf, 0x0, 0x7f, 0xfe,
    0x20, 0xee, 0x4d, 0x0, 0x6, 0xd4, 0x3, 0xff,
    0x86, 0xc0, 0x1f, 0xfd, 0x3d, 0xdf, 0xc4, 0x1,
    0xff, 0xc1, 0x22, 0xfc, 0x1, 0xff, 0xc2, 0xff,
    0xfc, 0x20, 0x1f, 0xe1, 0xee, 0x0, 0x7e, 0xef,
    0x40, 0xc,

    /* U+5BBD "宽" */
    0x0, 0xfc, 0x2f, 0x64, 0x1, 0xff, 0xc6, 0x84,
    0xb0, 0xf, 0xe2, 0xbb, 0xfa, 0x80, 0xd, 0x97,
    0x7e, 0x60, 0x14, 0x4f, 0xc0, 0x11, 0xa2, 0x7b,
    0xc0, 0x23, 0xff, 0xb2, 0xfb, 0xfe, 0xcb, 0xef,
    0xf3, 0x0, 0x7f, 0x6d, 0x90, 0x5, 0x36, 0xa0,
    0x1e, 0x26, 0xbf, 0xf8, 0x43, 0x3f, 0xe5, 0xb,
    0xff, 0x73, 0x60, 0xc, 0xba, 0xac, 0x0, 0x15,
    0x58, 0x2, 0x55, 0x34, 0xa8, 0x6, 0xaa, 0x84,
    0x36, 0xaa, 0x50, 0xba, 0xa0, 0x80, 0x7f, 0x7e,
    0x90, 0x5, 0x7a, 0xa0, 0x1f, 0xd7, 0xfe, 0xed,
    0xef, 0xfb, 0xb7, 0xbf, 0xc0, 0x1f, 0xc4, 0x89,
    0xf8, 0xc0, 0x3f, 0xeb, 0xba, 0xc, 0xd7, 0x77,
    0x80, 0x7f, 0xf0, 0x91, 0xdc, 0x20, 0x1f, 0xfc,
    0x5f, 0x0, 0x8, 0x7, 0xff, 0x14, 0xc0, 0x1b,
    0x80, 0x1f, 0xf0, 0x88, 0xc1, 0x10, 0x6, 0x44,
    0x1, 0x45, 0x7, 0x81, 0x0, 0xab, 0x95, 0xac,
    0x6, 0x0, 0x22, 0xba, 0xd, 0x72, 0x0, 0x85,
    0xb6, 0x40, 0xb1, 0x80, 0x3e, 0x60, 0x24, 0x8c,
    0xe9, 0x21, 0x8d, 0x23, 0x1, 0xdd, 0xdc, 0x64,
    0x22, 0x73, 0x4, 0xae, 0x70, 0x0, 0xc0, 0x91,
    0x61, 0x2e, 0x5, 0xab, 0xfb, 0x50, 0xe, 0x7e,
    0xff, 0xed, 0x30,

    /* U+5BC4 "寄" */
    0x0, 0xfe, 0x7a, 0x0, 0xff, 0xe3, 0x4a, 0xa8,
    0x3, 0xf1, 0xff, 0xfe, 0x10, 0xaf, 0xff, 0xa8,
    0x2, 0x22, 0xff, 0xe1, 0x8, 0x6, 0x4d, 0xdf,
    0x2b, 0x7e, 0xef, 0x58, 0x7, 0x3d, 0x57, 0x3a,
    0x4d, 0x57, 0x18, 0x0, 0xf2, 0x6d, 0x57, 0x80,
    0x8, 0xab, 0xec, 0x80, 0x32, 0xcf, 0xfb, 0x44,
    0x0, 0xf7, 0xff, 0x8c, 0xc4, 0x1, 0xc5, 0x1a,
    0x20, 0x4f, 0x7d, 0x6, 0x1, 0xe3, 0xbe, 0xd7,
    0x19, 0xfd, 0xd4, 0x1b, 0xe6, 0x4, 0x0, 0x6c,
    0xa8, 0x22, 0x58, 0x6, 0x62, 0xd, 0xb0, 0x1b,
    0xb2, 0xdc, 0xc8, 0x0, 0x2b, 0x33, 0xf3, 0x0,
    0x26, 0x55, 0x75, 0x5f, 0xfc, 0x19, 0x0, 0x4d,
    0x50, 0xd5, 0x5b, 0x7b, 0xbf, 0x2a, 0x98, 0x0,
    0xca, 0xa0, 0x0, 0xb8, 0xbb, 0xfc, 0x20, 0x1f,
    0xf0, 0xff, 0xf1, 0x0, 0x7f, 0xf0, 0x4c, 0x3,
    0xff, 0x8e, 0x5f, 0xfc, 0x40, 0x1f, 0xfc, 0x25,
    0x5f, 0x84, 0x3, 0xf8, 0x4d, 0x6a, 0xbd, 0x19,
    0x8d, 0x1, 0x0, 0xf6, 0x50, 0x7, 0x88, 0x4c,
    0x89, 0x60, 0x1f, 0xfc, 0x3d, 0xff, 0x6a, 0x80,
    0x40,

    /* U+5BCC "富" */
    0x0, 0xfc, 0x75, 0x60, 0x1f, 0xfc, 0x51, 0x54,
    0x60, 0xf, 0xc3, 0xff, 0xf6, 0x80, 0x27, 0xff,
    0xe5, 0x0, 0x8c, 0xff, 0xf8, 0x42, 0x1, 0x87,
    0x33, 0xff, 0x84, 0xc0, 0x1e, 0xff, 0xff, 0xe0,
    0x48, 0x4, 0x2c, 0xc0, 0x88, 0xff, 0xe0, 0x6e,
    0x33, 0x2, 0x60, 0x40, 0x3f, 0xf8, 0x2, 0x92,
    0x60, 0x11, 0x44, 0x7f, 0xf0, 0x24, 0x3, 0xf2,
    0x7f, 0xfe, 0xb0, 0xf, 0xf3, 0x3b, 0xfe, 0xd0,
    0xf, 0xf1, 0x44, 0x7e, 0x60, 0x70, 0xe, 0x65,
    0x99, 0xff, 0xe0, 0x6b, 0x0, 0x69, 0x9f, 0xfe,
    0x21, 0x0, 0x75, 0x6e, 0xe0, 0x5, 0xee, 0xe6,
    0x0, 0xf8, 0xc4, 0x70, 0x0, 0x47, 0x88, 0x3,
    0xe9, 0xcc, 0xc0, 0xa, 0xcc, 0xc8, 0x1, 0xf4,
    0xee, 0xe0, 0x5, 0xee, 0xe4, 0x0, 0xfa, 0xae,
    0xf0, 0x3, 0xee, 0xf2, 0x0, 0x7c, 0x6c, 0xd8,
    0x0, 0x8c, 0xd8, 0x3, 0xf6, 0x7f, 0xff, 0xce,
    0x1, 0xdf, 0xc6, 0x1, 0xff, 0x47, 0x90, 0x0,

    /* U+5BF8 "寸" */
    0x0, 0xff, 0xe0, 0x14, 0xc0, 0x7, 0xff, 0x19,
    0x9a, 0x0, 0xff, 0xf8, 0x8, 0x8, 0x7, 0xb7,
    0xff, 0xfe, 0xa0, 0x7, 0xff, 0x0, 0x7f, 0xf2,
    0xb3, 0xbb, 0xfe, 0x90, 0x7, 0x77, 0x0, 0x8f,
    0xff, 0x0, 0x80, 0x47, 0xc0, 0x1a, 0x28, 0x3,
    0xff, 0x8c, 0x4e, 0xb2, 0x1, 0xff, 0xc5, 0x2a,
    0x6, 0x60, 0x7, 0xff, 0x15, 0x5c, 0x24, 0x80,
    0x3f, 0xf8, 0xb0, 0x41, 0xc0, 0x1f, 0xfc, 0x6e,
    0x3, 0x20, 0xf, 0xfe, 0x29, 0xcf, 0x10, 0x7,
    0xff, 0x19, 0x84, 0x3, 0xff, 0xba, 0x26, 0x7b,
    0x0, 0x3f, 0xf8, 0x99, 0x99, 0xc1, 0x40, 0x3f,
    0xf8, 0x22, 0xa0, 0x10, 0xad, 0x0, 0x7f, 0xf0,
    0xab, 0xfe, 0xea, 0x10, 0xf, 0x0,

    /* U+5BF9 "对" */
    0x0, 0xff, 0xe2, 0xa, 0xa0, 0x7, 0xff, 0x1c,
    0xaa, 0x80, 0x1f, 0xfc, 0xe4, 0x88, 0xf7, 0xb8,
    0x80, 0x7f, 0xf0, 0x31, 0xdf, 0xc1, 0xa, 0x1,
    0xff, 0xc0, 0xb9, 0x9e, 0x70, 0x3, 0x19, 0xf2,
    0x80, 0x99, 0x84, 0xd, 0x9b, 0xac, 0x2, 0xcc,
    0xe9, 0x0, 0x66, 0x1c, 0x3, 0xe5, 0x2, 0x33,
    0xf0, 0x4, 0x66, 0x20, 0x2, 0xd0, 0x5, 0x80,
    0x83, 0x99, 0xe0, 0x1c, 0xc2, 0x0, 0xda, 0xe0,
    0x82, 0x6, 0x0, 0x7f, 0xf0, 0x47, 0x4, 0xf1,
    0x4, 0x10, 0x23, 0xc8, 0x3, 0xfc, 0x58, 0x44,
    0xb0, 0x31, 0xf, 0xe, 0x0, 0xff, 0x8b, 0xc4,
    0x1, 0x60, 0x7, 0x23, 0x50, 0xf, 0xf8, 0x98,
    0x1, 0x40, 0x15, 0x84, 0x80, 0x7f, 0xf0, 0x18,
    0x0, 0x56, 0x0, 0x60, 0x20, 0xf, 0xfa, 0x4,
    0x20, 0x11, 0xc0, 0x19, 0xc0, 0x1f, 0xe4, 0x70,
    0x87, 0x60, 0x81, 0x3, 0x0, 0xff, 0x15, 0x2,
    0x38, 0x49, 0x50, 0x80, 0x7f, 0xc9, 0x82, 0x54,
    0x1, 0x6a, 0x80, 0x4, 0x88, 0xa0, 0x60, 0x1a,
    0x44, 0xbc, 0x40, 0x3e, 0x4d, 0xd4, 0x83, 0x0,
    0x6c, 0x4c, 0x20, 0xf, 0xc8, 0x0, 0x14, 0x90,
    0x8,

    /* U+5BFC "导" */
    0x2, 0xdd, 0xff, 0xe1, 0x90, 0x4, 0xc4, 0x5f,
    0xfc, 0x30, 0xc, 0xc0, 0xf, 0xff, 0xf8, 0x40,
    0x3f, 0x8, 0x7, 0xff, 0x1f, 0xbf, 0xff, 0xc2,
    0x1, 0xf8, 0xcf, 0xff, 0x82, 0x1, 0xf6, 0x67,
    0xff, 0x6, 0x9c, 0x40, 0xc0, 0xe, 0x42, 0x3f,
    0xe4, 0x78, 0x20, 0x16, 0x8, 0xde, 0xef, 0xf5,
    0x81, 0x98, 0x1, 0x39, 0xe, 0xcd, 0xf0, 0x89,
    0x9e, 0xb0, 0x3, 0x1b, 0xc4, 0xcf, 0xc2, 0x28,
    0x82, 0x80, 0x23, 0x33, 0xfe, 0xd0, 0x7, 0xe6,
    0x54, 0x67, 0xff, 0xc0, 0x20, 0x0, 0x99, 0xcd,
    0x5b, 0xac, 0x3, 0xdd, 0xf6, 0x0, 0x2f, 0x77,
    0x9, 0x10, 0x0, 0x72, 0x45, 0xc6, 0x0, 0x52,
    0x28, 0x40, 0x23, 0xc0, 0x4a, 0x0, 0xff, 0xe2,
    0x1d, 0x82, 0xb0, 0x7, 0xff, 0x11, 0x24, 0x9c,
    0x3, 0xff, 0x8a, 0xd8, 0x39, 0x96, 0x80, 0x4,
    0x3, 0xfe, 0x10, 0x63, 0x31, 0x12, 0x80, 0x3f,
    0xf8, 0x55, 0xff, 0x6a, 0x80, 0x70,

    /* U+5C01 "封" */
    0x0, 0xe8, 0x90, 0xf, 0xf2, 0xa8, 0x3, 0xf3,
    0x30, 0x40, 0x3f, 0xaa, 0x80, 0x1f, 0xfc, 0xe5,
    0xdd, 0x84, 0x3b, 0x74, 0xe0, 0x1f, 0xfc, 0x3,
    0x22, 0x80, 0x22, 0x27, 0x80, 0x7f, 0xf0, 0x1b,
    0xfe, 0x0, 0x77, 0xfa, 0x15, 0xdf, 0x40, 0x2,
    0x1c, 0x3, 0xc2, 0x1, 0xdf, 0x11, 0x9c, 0x0,
    0xf0, 0x20, 0x23, 0xc0, 0x42, 0x36, 0xaa, 0xe4,
    0x0, 0x22, 0x80, 0xf7, 0x60, 0x6, 0x77, 0x4f,
    0x55, 0xac, 0x1, 0x74, 0x22, 0x33, 0xc2, 0x23,
    0x3c, 0x2, 0xa0, 0x1f, 0xd9, 0x98, 0x7, 0x73,
    0x20, 0xfa, 0x20, 0xf, 0xfe, 0x3c, 0x84, 0x0,
    0x7e, 0x7d, 0xd8, 0x43, 0xf7, 0x52, 0xe, 0xa,
    0x40, 0x1f, 0x71, 0x14, 0x0, 0x12, 0x28, 0x0,
    0xe1, 0x60, 0x1f, 0x4f, 0xfc, 0x0, 0xdf, 0xf5,
    0x80, 0x29, 0xac, 0x3, 0xfe, 0x10, 0x30, 0xe,
    0x29, 0x20, 0xf, 0xfe, 0x9, 0x23, 0xc9, 0x80,
    0x7f, 0xc6, 0xb1, 0x42, 0x19, 0x70, 0xcc, 0x0,
    0xff, 0x26, 0x53, 0xa8, 0x4, 0x8f, 0x48, 0x1,
    0x84, 0x3, 0x98, 0x5, 0x22, 0xfb, 0xee, 0x14,
    0x40, 0xff, 0xdc, 0x2, 0x1, 0x17, 0x72, 0xdd,
    0x4, 0x3, 0xc6, 0x40, 0x27, 0x40, 0x10,

    /* U+5C04 "射" */
    0x0, 0xe2, 0x74, 0x0, 0xfe, 0x67, 0x0, 0xfc,
    0xb1, 0x80, 0x1f, 0xd1, 0x1, 0x0, 0xfa, 0xc2,
    0xc4, 0x3, 0xff, 0x86, 0x7f, 0xe3, 0xc, 0xef,
    0x50, 0xf, 0xfe, 0x19, 0x33, 0x40, 0x1f, 0xfc,
    0x66, 0x99, 0x98, 0x0, 0xf3, 0x3c, 0x21, 0x52,
    0x60, 0x19, 0x3f, 0xe6, 0x0, 0x63, 0x37, 0x0,
    0x11, 0x94, 0x3, 0x9d, 0xe0, 0xb, 0xea, 0xb8,
    0x1, 0x14, 0x80, 0x19, 0x22, 0x26, 0x0, 0x22,
    0xaf, 0x8, 0x32, 0x90, 0x6, 0x4f, 0xf9, 0x80,
    0x28, 0x90, 0xf, 0xfe, 0xb, 0xbc, 0x1, 0x91,
    0x90, 0x3, 0xfe, 0x48, 0x89, 0x80, 0x2f, 0x9,
    0x0, 0xfd, 0x78, 0x9, 0xff, 0x30, 0x4, 0x68,
    0x4a, 0x1, 0xf0, 0x88, 0x0, 0x20, 0x1f, 0x78,
    0x70, 0x7, 0xd5, 0xdf, 0xed, 0x0, 0x20, 0x6,
    0x43, 0xd0, 0xf, 0xf1, 0xe0, 0x51, 0x0, 0x76,
    0x30, 0x7, 0xf1, 0xe0, 0x42, 0x80, 0x7f, 0xf1,
    0x1f, 0x1, 0xdc, 0x1, 0xff, 0xc4, 0xc8, 0x9,
    0x80, 0xf, 0xfe, 0x2c, 0x96, 0x30, 0xdd, 0x9c,
    0x4, 0x0, 0x7f, 0xf0, 0x80, 0x80, 0x4b, 0xa6,
    0x2, 0xe8, 0x2a, 0x80, 0x3, 0x20, 0x13, 0xb0,
    0xf, 0xec, 0xff, 0x50, 0x6, 0xdf, 0xec, 0x40,
    0x8,

    /* U+5C06 "将" */
    0x0, 0xe6, 0x50, 0xf, 0x12, 0x0, 0x7f, 0xc3,
    0x36, 0x1, 0xc3, 0xf7, 0x40, 0x1f, 0xfc, 0x52,
    0xc2, 0x6, 0xbb, 0x67, 0xa8, 0x4, 0x60, 0x1f,
    0x2e, 0x90, 0x0, 0xd1, 0x6, 0x1c, 0x0, 0xcc,
    0x28, 0x6, 0x4c, 0xa0, 0x9f, 0xfd, 0x40, 0x9,
    0x0, 0x40, 0x52, 0x0, 0x58, 0x69, 0x36, 0xe0,
    0x6, 0xa0, 0xa2, 0x0, 0x24, 0x85, 0x0, 0x51,
    0xb6, 0xe1, 0x13, 0x52, 0x12, 0xa0, 0x19, 0x91,
    0x0, 0x18, 0x80, 0x78, 0x19, 0x47, 0x18, 0x3,
    0xd7, 0x40, 0x18, 0x56, 0xb0, 0x0, 0xf8, 0xc8,
    0x1, 0xff, 0x47, 0x52, 0x8b, 0xf4, 0x35, 0x40,
    0x7, 0xfd, 0x29, 0x1b, 0xd0, 0x20, 0x1f, 0xf6,
    0x80, 0x58, 0xb3, 0x9d, 0xda, 0xc0, 0xfb, 0x88,
    0x0, 0x1c, 0x30, 0x10, 0x21, 0x1f, 0x80, 0x21,
    0x18, 0xf, 0xcc, 0x80, 0x43, 0xfd, 0x76, 0xff,
    0xd4, 0x5, 0xfe, 0x50, 0xd1, 0x4f, 0x0, 0xc9,
    0x74, 0x40, 0x10, 0x80, 0x80, 0x68, 0x5b, 0x30,
    0xc, 0x8a, 0x3c, 0x1, 0xfe, 0x6a, 0x0, 0xfa,
    0x84, 0xdc, 0x3, 0xff, 0x8f, 0x41, 0xa0, 0x1f,
    0xfc, 0x74, 0xca, 0x0, 0xff, 0xe4, 0x1a, 0xee,
    0xa8, 0x1c, 0x3, 0xff, 0x88, 0x84, 0x41, 0x38,
    0x0, 0xf8, 0x7f, 0x80, 0x3c, 0x3f, 0xf6, 0x18,
    0x4,

    /* U+5C0F "小" */
    0x0, 0xff, 0xe9, 0x8f, 0xf8, 0xc0, 0x3f, 0xff,
    0xe0, 0x1f, 0xfc, 0xec, 0xb4, 0x0, 0xfc, 0xbb,
    0x20, 0x1f, 0x11, 0xa0, 0x7, 0xf0, 0x93, 0x10,
    0x7, 0x90, 0x0, 0x80, 0x1f, 0x90, 0xc2, 0x40,
    0x3d, 0x80, 0x80, 0x1f, 0xe8, 0x4, 0x30, 0xc,
    0x2a, 0x1a, 0x1, 0xfe, 0x42, 0x9, 0x0, 0xce,
    0x0, 0x60, 0xf, 0xfa, 0xc1, 0x44, 0x2, 0xa0,
    0x50, 0xf, 0xfe, 0x3, 0x0, 0x24, 0x0, 0xa6,
    0x12, 0x1, 0xff, 0xc1, 0x60, 0x60, 0x1b, 0x4,
    0x30, 0xf, 0xfe, 0xe, 0x80, 0x98, 0x30, 0xc8,
    0x7, 0xff, 0x9, 0x0, 0xa, 0x31, 0xc4, 0x1,
    0xff, 0xc3, 0x9d, 0x60, 0xf, 0xfe, 0x3b, 0x10,
    0x7, 0xc2, 0x0, 0x20, 0x0, 0x80, 0x7f, 0xf0,
    0x87, 0xbf, 0xd8, 0x0, 0x30, 0xf, 0xfe, 0x10,
    0xb0, 0x4, 0x74, 0x20, 0x1f, 0xfc, 0x39, 0xff,
    0xb1, 0x40, 0x3f, 0xc0,

    /* U+5C11 "少" */
    0x0, 0xfe, 0x19, 0x80, 0xf, 0xfe, 0x39, 0xb3,
    0x0, 0x3f, 0xfb, 0x24, 0x1, 0xfe, 0x10, 0xf,
    0xe3, 0xdc, 0x0, 0xfc, 0x9f, 0x40, 0x1f, 0xa4,
    0x10, 0x3, 0xf2, 0x82, 0xa0, 0x7, 0x89, 0x42,
    0x40, 0x3f, 0xd, 0x85, 0x0, 0x7a, 0x1, 0x84,
    0x3, 0xf9, 0x4c, 0x60, 0x3, 0x1a, 0x84, 0x0,
    0x7f, 0xde, 0xe, 0x40, 0x17, 0x3, 0x88, 0x7,
    0xfc, 0x6a, 0x10, 0x0, 0x82, 0x24, 0x0, 0x7f,
    0xf0, 0x6c, 0x14, 0x42, 0x21, 0x20, 0x1f, 0xfc,
    0x1, 0x1, 0x9e, 0x10, 0x3, 0xa0, 0x7, 0xff,
    0x3, 0x35, 0x18, 0x40, 0x3f, 0xf8, 0x94, 0x40,
    0xa0, 0x1f, 0xfc, 0x2, 0xfe, 0x1, 0xb5, 0xe,
    0x10, 0xf, 0xfe, 0x1a, 0xfa, 0xe, 0x18, 0x7,
    0xff, 0x9, 0x76, 0x84, 0xfc, 0xc0, 0x3f, 0xe2,
    0x5a, 0xfa, 0x21, 0x9c, 0x10, 0xf, 0x91, 0xe6,
    0xfb, 0x69, 0x40, 0xe7, 0x98, 0x3, 0xfa, 0x20,
    0xc8, 0x22, 0x48, 0xdc, 0x60, 0xf, 0xfa, 0x15,
    0xeb, 0x7a, 0xdc, 0x80, 0x3f, 0xf8, 0x0,

    /* U+5C31 "就" */
    0x0, 0xc2, 0xcc, 0x0, 0xf9, 0x60, 0x80, 0x3f,
    0xd3, 0x21, 0x0, 0xf7, 0xbb, 0x22, 0x0, 0x3e,
    0x15, 0x6, 0x0, 0xf0, 0x80, 0x26, 0xcc, 0x2,
    0xef, 0xf9, 0x42, 0x3f, 0xe2, 0x0, 0xcf, 0xe1,
    0xc0, 0x11, 0x8, 0xff, 0x0, 0x78, 0xa0, 0x90,
    0x1, 0x9d, 0xdf, 0xc4, 0x0, 0x70, 0x10, 0x7b,
    0x40, 0xa, 0x2a, 0xbe, 0x38, 0xee, 0x18, 0x6f,
    0x72, 0xb8, 0x2, 0x55, 0xfc, 0xc2, 0x30, 0x4,
    0x23, 0x80, 0x3b, 0xff, 0x30, 0x2, 0x7f, 0xc0,
    0xf, 0xfe, 0x0, 0xff, 0xe2, 0x10, 0x7, 0xfa,
    0xab, 0x20, 0x6, 0x20, 0x2f, 0x80, 0xf, 0xca,
    0xb8, 0x80, 0x40, 0xe, 0x6, 0x2, 0x1, 0xed,
    0xff, 0x30, 0x5f, 0xf2, 0x0, 0x34, 0x14, 0x3,
    0xf2, 0x6a, 0x0, 0x5b, 0xa0, 0x9, 0x3, 0x0,
    0x3f, 0x69, 0x38, 0x4, 0xe6, 0x60, 0x13, 0x26,
    0x0, 0xfc, 0x82, 0x60, 0x14, 0x85, 0x3, 0x2,
    0x80, 0x7e, 0x32, 0x40, 0xc, 0x64, 0xe1, 0x41,
    0x40, 0x18, 0xa0, 0x42, 0x42, 0x40, 0x3a, 0xf5,
    0x89, 0x48, 0x3, 0x9d, 0x81, 0x8c, 0xc0, 0x1c,
    0xc3, 0x21, 0x0, 0x1c, 0x20, 0x41, 0x9a, 0xb6,
    0xe0, 0xe0, 0x3e, 0x10, 0x40, 0x20, 0xf3, 0xe0,
    0xc0, 0x1, 0x74, 0x5, 0x30, 0x3, 0x2b, 0x80,
    0x9, 0x85, 0x8d, 0x8c, 0x2, 0x2f, 0xea, 0x0,
    0xd, 0xd0, 0x6, 0x9f, 0xfa, 0x40,

    /* U+5C3A "尺" */
    0x0, 0x8f, 0x7f, 0x77, 0xff, 0x82, 0x20, 0x1e,
    0x20, 0x22, 0xff, 0xe0, 0x98, 0x7, 0xed, 0xdf,
    0xf6, 0x0, 0x7f, 0xc4, 0x5f, 0xf0, 0x7, 0xff,
    0xf9, 0xc0, 0x1f, 0xff, 0xee, 0x0, 0xff, 0xe9,
    0x8, 0x3, 0xbb, 0x8c, 0x1f, 0xbb, 0x88, 0x3,
    0x88, 0x10, 0x47, 0xa8, 0x10, 0x47, 0x80, 0x3d,
    0xc0, 0x40, 0x1c, 0xe0, 0x66, 0x0, 0xff, 0x10,
    0x70, 0x7, 0xb, 0x7, 0x80, 0x7f, 0x90, 0xc,
    0x3, 0xd6, 0x6, 0xc0, 0x1f, 0x90, 0x0, 0x80,
    0x1e, 0x27, 0x9, 0x40, 0xf, 0xb8, 0x10, 0x3,
    0xf4, 0x18, 0x5a, 0x0, 0x71, 0x28, 0x70, 0x7,
    0xf6, 0x90, 0x5c, 0x88, 0x5, 0xc0, 0x4a, 0x1,
    0xfc, 0x38, 0x60, 0xdd, 0x20, 0x22, 0x9, 0x0,
    0xff, 0x87, 0x20, 0x43, 0xc0, 0x72, 0x50, 0x3,
    0xff, 0x82, 0xfd, 0x4c, 0x0,

    /* U+5C40 "局" */
    0x0, 0xab, 0xf2, 0xef, 0xff, 0x80, 0x40, 0x1c,
    0xa0, 0x68, 0x9f, 0xfc, 0x6, 0x0, 0xfb, 0x3b,
    0xbf, 0xc4, 0x1, 0xfc, 0x42, 0x3f, 0xe0, 0xf,
    0xf1, 0x88, 0xff, 0x80, 0x3f, 0xdb, 0xdd, 0xfe,
    0x20, 0xf, 0xe3, 0x44, 0xff, 0xe0, 0x30, 0x7,
    0xdb, 0x77, 0xff, 0xc0, 0x20, 0xf, 0xb3, 0x77,
    0xfe, 0xff, 0x69, 0x0, 0x4, 0x0, 0x45, 0xff,
    0xc0, 0x0, 0x10, 0x80, 0x8, 0xb, 0xff, 0xff,
    0x81, 0x40, 0x1, 0x0, 0x30, 0x30, 0x15, 0xfd,
    0x57, 0x80, 0x38, 0xc0, 0x4, 0x4, 0x2, 0x80,
    0xab, 0xe1, 0x3, 0x0, 0x8, 0x3, 0x3, 0xc0,
    0x24, 0xff, 0xc2, 0x1, 0x8, 0x7, 0x20, 0x20,
    0x4, 0x20, 0x1f, 0xbc, 0x4, 0x0, 0xa0, 0x44,
    0x0, 0x84, 0x3, 0xf1, 0x1, 0x80, 0x38, 0x14,
    0x3, 0x27, 0xfe, 0x10, 0x9, 0x81, 0x81, 0x10,
    0x14, 0x1, 0xca, 0xbe, 0x11, 0x18, 0x10, 0x39,
    0x31, 0x0, 0x42, 0xd5, 0x5c, 0x9d, 0xc0, 0x6,
    0x81, 0xe4, 0x0, 0x47, 0xd2, 0x1, 0xc8, 0x20,
    0x30, 0x80,

    /* U+5C42 "层" */
    0x0, 0x15, 0xfd, 0xdf, 0xff, 0x9, 0x40, 0x26,
    0x40, 0x44, 0xff, 0xe1, 0x10, 0x7, 0xf, 0xff,
    0xff, 0x1, 0x40, 0x3e, 0x30, 0xf, 0xfe, 0x1,
    0x80, 0x7c, 0x57, 0x7f, 0xfc, 0x7, 0x0, 0xfc,
    0x89, 0xff, 0xc0, 0x10, 0xf, 0x87, 0xbb, 0xff,
    0x84, 0xe0, 0x1c, 0x62, 0x3f, 0xfc, 0x20, 0xf,
    0xcf, 0xff, 0xff, 0xc0, 0x10, 0xe, 0x10, 0x23,
    0x3f, 0xfe, 0x0, 0x80, 0x44, 0xe, 0xb, 0x99,
    0xff, 0xc0, 0x0, 0xc2, 0x4, 0x1, 0xff, 0xc6,
    0xe0, 0x1a, 0xff, 0xff, 0xe1, 0x48, 0x0, 0x83,
    0x88, 0xce, 0x0, 0x8c, 0xff, 0x70, 0x1, 0x41,
    0x63, 0x31, 0x20, 0xc, 0xcd, 0x2f, 0x99, 0x38,
    0x10, 0x81, 0x80, 0x6, 0xc1, 0xcc, 0x2, 0xe4,
    0x90, 0xc, 0x80, 0x60, 0x15, 0x8a, 0x40, 0x6,
    0x90, 0x64, 0x0, 0xb4, 0x10, 0x1, 0x2a, 0x6,
    0xf1, 0x35, 0x7c, 0x0, 0x90, 0x1, 0xa0, 0x50,
    0xb, 0x0, 0x1e, 0x1d, 0x95, 0x8, 0x40, 0xa0,
    0xe, 0x58, 0x80, 0x49, 0x62, 0x6f, 0x37, 0xbf,
    0xb9, 0x40, 0x19, 0xa4, 0x2, 0xda, 0x76, 0x43,
    0x21, 0x0, 0x97, 0xa0, 0x0,

    /* U+5C45 "居" */
    0x0, 0xa7, 0xee, 0xab, 0xff, 0x82, 0x80, 0x19,
    0x81, 0x15, 0x7f, 0xf8, 0x26, 0x1, 0xeb, 0xcc,
    0xff, 0x90, 0x3, 0xf2, 0x99, 0xff, 0xc2, 0x1,
    0xfa, 0xe2, 0x3f, 0xe7, 0x0, 0xfc, 0xae, 0xff,
    0xf1, 0x0, 0x7e, 0x9b, 0xbe, 0x90, 0x5, 0xdf,
    0x28, 0x7, 0x9d, 0x13, 0xc0, 0x28, 0x9c, 0x40,
    0x1e, 0xcc, 0xf8, 0x7, 0x33, 0xd2, 0x1, 0xc4,
    0x67, 0xc2, 0x0, 0x33, 0xf2, 0x80, 0x8, 0x1,
    0xbb, 0xeb, 0x0, 0x6e, 0xfc, 0x0, 0x10, 0x22,
    0xf9, 0x80, 0x48, 0xbc, 0x20, 0x6, 0x1, 0x2,
    0xaa, 0xdc, 0x3, 0x55, 0xc0, 0x1b, 0x41, 0x81,
    0x95, 0x71, 0x80, 0x15, 0x78, 0x40, 0x23, 0xd,
    0x0, 0x8f, 0x33, 0xf0, 0x7, 0x90, 0x10, 0x3,
    0x19, 0xfe, 0x0, 0xe5, 0x0, 0x18, 0x7, 0xff,
    0x16, 0x41, 0x80, 0x31, 0xe6, 0x7e, 0x0, 0xc8,
    0x61, 0x40, 0x1c, 0x67, 0xf8, 0x3, 0x25, 0x29,
    0x80, 0x63, 0xff, 0xfc, 0x1, 0xcb, 0x40, 0x12,
    0x7e, 0x0, 0x7e, 0xff, 0x8, 0x0,

    /* U+5C4F "屏" */
    0x0, 0x15, 0xfd, 0xdf, 0xff, 0xa, 0x80, 0x21,
    0x40, 0x44, 0xff, 0xe1, 0x80, 0x7b, 0xff, 0xff,
    0x81, 0x40, 0x1f, 0x8, 0x7, 0xff, 0x20, 0x77,
    0x7f, 0xf8, 0x16, 0x1, 0xf8, 0x8b, 0xff, 0x80,
    0x20, 0x60, 0x1c, 0x3f, 0xee, 0x53, 0xff, 0xec,
    0x16, 0xfd, 0x0, 0xfc, 0x2c, 0x70, 0x1, 0xa4,
    0x40, 0x3f, 0x89, 0xdc, 0xc6, 0xe, 0xf5, 0xa8,
    0xb, 0xb8, 0x80, 0x39, 0xa2, 0xa, 0x6f, 0x11,
    0x20, 0x1, 0xe2, 0xe, 0x1, 0x8d, 0x6e, 0xd4,
    0x0, 0xbb, 0xa4, 0x1, 0x77, 0x20, 0x1, 0x80,
    0x44, 0x89, 0x0, 0x11, 0x30, 0xa, 0x24, 0x20,
    0x3, 0x6, 0x0, 0xe1, 0x0, 0xff, 0xe0, 0x70,
    0x1e, 0x7f, 0xb8, 0x7, 0xfe, 0xd0, 0x1f, 0xfb,
    0x80, 0x6, 0x1e, 0xc6, 0x60, 0x8, 0xce, 0x0,
    0x8c, 0xe5, 0x0, 0x20, 0x2d, 0x66, 0x10, 0x1f,
    0x32, 0xd0, 0x1c, 0xca, 0xc1, 0x0, 0x6, 0x0,
    0x54, 0xa, 0x0, 0xff, 0xb8, 0x14, 0x0, 0xf4,
    0xc, 0x40, 0x1f, 0xe2, 0x50, 0xe0, 0xb8, 0x5,
    0x90, 0xf, 0xf8, 0xa5, 0x10, 0x12, 0x55, 0x40,
    0xf, 0xfe, 0xb, 0x58, 0x0, 0xb5, 0x40, 0x3c,
    0x5f, 0xc0, 0x18,

    /* U+5C55 "展" */
    0x0, 0xaf, 0xf2, 0xef, 0xff, 0x84, 0x1, 0xc8,
    0x6, 0x89, 0xff, 0xc2, 0x0, 0xfb, 0x7f, 0xff,
    0xec, 0x0, 0xfe, 0x30, 0xf, 0xf8, 0x40, 0x3f,
    0xbf, 0x77, 0xfe, 0xf0, 0xf, 0xe1, 0x22, 0xff,
    0xe0, 0x0, 0x80, 0x7d, 0xdf, 0xee, 0x3, 0xff,
    0xb4, 0xf, 0xfd, 0xc0, 0x1f, 0xe3, 0x2, 0x0,
    0x84, 0x4, 0x3, 0xe1, 0x0, 0x17, 0xfb, 0x40,
    0x7f, 0xec, 0x2, 0xff, 0x90, 0x3, 0xc4, 0x88,
    0x30, 0x2, 0x24, 0x20, 0x4, 0x49, 0x80, 0x23,
    0x1, 0x15, 0xdb, 0x40, 0xae, 0xec, 0x3, 0xbb,
    0x88, 0x2, 0x60, 0x35, 0x66, 0x48, 0x13, 0x35,
    0x60, 0x6c, 0xd8, 0x40, 0x2, 0xd, 0x13, 0x27,
    0x0, 0x4c, 0xcc, 0x0, 0x99, 0xc4, 0x0, 0xd0,
    0x29, 0xa0, 0x2, 0x55, 0x0, 0xf, 0x54, 0x92,
    0x7a, 0x20, 0x2, 0x7, 0xa2, 0xa8, 0x35, 0x55,
    0x80, 0xaa, 0x6b, 0x24, 0x51, 0x0, 0x18, 0x28,
    0x7, 0xc6, 0xc5, 0xf8, 0x51, 0x80, 0x12, 0x0,
    0x98, 0x0, 0x40, 0x21, 0x4c, 0x50, 0x4, 0x38,
    0x6, 0xf0, 0x70, 0x0, 0xa0, 0x4e, 0xf5, 0xfd,
    0x28, 0x46, 0xb9, 0x1, 0xa0, 0x50, 0x2, 0x40,
    0x23, 0x48, 0x80, 0x55, 0x8, 0x91, 0xa4, 0x76,
    0xe6, 0x0, 0xa0, 0x9d, 0xeb, 0x72, 0x0, 0x2e,
    0xda, 0xc9, 0x0,

    /* U+5C5E "属" */
    0x0, 0xab, 0xea, 0xbf, 0xf8, 0x4c, 0x1, 0x28,
    0x2a, 0xff, 0xf0, 0xb0, 0x3, 0xbf, 0xff, 0xf8,
    0x10, 0x1, 0xf3, 0xbf, 0xff, 0x3, 0x0, 0x3e,
    0x88, 0xff, 0xe0, 0x20, 0x7, 0xdb, 0xbf, 0xb2,
    0xe5, 0xdd, 0xb6, 0x1, 0xc5, 0x13, 0xdc, 0xfc,
    0xdc, 0xb9, 0x77, 0x20, 0x80, 0x7b, 0x49, 0x51,
    0x58, 0x1, 0x79, 0xbe, 0xc0, 0x10, 0x80, 0x49,
    0xba, 0xcc, 0x68, 0x4, 0xec, 0x88, 0x0, 0xe1,
    0x8, 0xbb, 0xd4, 0x0, 0xbb, 0xe0, 0x8, 0xc0,
    0xc0, 0x2d, 0xff, 0x70, 0x17, 0xfc, 0x1, 0xcc,
    0x2, 0x1, 0x6f, 0xfb, 0x80, 0xbf, 0xe0, 0xe,
    0x10, 0x60, 0x8b, 0xbd, 0x40, 0xb, 0xbe, 0x0,
    0xb4, 0x8, 0xd0, 0xcf, 0x68, 0x0, 0xcf, 0x54,
    0x0, 0x10, 0x35, 0x22, 0x39, 0xc0, 0x11, 0x18,
    0x5c, 0x0, 0x60, 0xe0, 0xa, 0xff, 0xb8, 0xb,
    0xda, 0xfc, 0x2, 0x40, 0x12, 0x0, 0xa6, 0xa9,
    0xa0, 0x58, 0xd6, 0x1, 0xb8, 0x18, 0x3, 0x23,
    0xb8, 0x11, 0x56, 0x3, 0x0, 0x12, 0x85, 0x0,
    0x6d, 0xdb, 0x2e, 0xa6, 0x8e, 0x40, 0x5, 0x8e,
    0x40, 0x1f, 0xfc, 0x4, 0x52, 0x80,

    /* U+5C71 "山" */
    0x0, 0xf8, 0x55, 0x40, 0x1f, 0xfc, 0x35, 0xab,
    0x0, 0xff, 0xf9, 0x6f, 0x10, 0x7, 0xff, 0x1,
    0x3f, 0x4c, 0x44, 0x1, 0xff, 0xc2, 0x30, 0xf,
    0xff, 0xf8, 0x7, 0xff, 0xfc, 0x3, 0xff, 0xa9,
    0x9f, 0xfa, 0xc0, 0x7f, 0xfa, 0xc0, 0x3f, 0xf9,
    0x19, 0xbb, 0xff, 0xc2, 0x80, 0x1, 0x17, 0xff,
    0xc, 0xc0, 0x0,

    /* U+5CF0 "峰" */
    0x0, 0x95, 0x0, 0x3e, 0x73, 0x0, 0xff, 0x5f,
    0x80, 0x79, 0xe2, 0x40, 0x3f, 0xf8, 0xa5, 0x0,
    0xb9, 0x8f, 0xc5, 0x0, 0xff, 0x87, 0xc0, 0x4,
    0x22, 0x3, 0x30, 0x2, 0x78, 0x3, 0x7b, 0x8e,
    0x90, 0x46, 0xe9, 0x40, 0x98, 0x2, 0x10, 0x8,
    0x43, 0xbc, 0xc4, 0x21, 0x54, 0xe1, 0xc0, 0x1f,
    0xee, 0x43, 0xfc, 0xa, 0xa0, 0x49, 0x80, 0x7f,
    0xd5, 0x82, 0x64, 0x1, 0x20, 0x7, 0xff, 0x4,
    0x5f, 0x88, 0x2, 0xdb, 0x51, 0x0, 0xfd, 0x97,
    0xd0, 0x2d, 0xbd, 0x2, 0x95, 0xe2, 0x1, 0xf1,
    0xa9, 0x47, 0x4e, 0xf3, 0xf5, 0x25, 0x88, 0x7,
    0xdf, 0xe6, 0xbd, 0xd0, 0x3, 0x72, 0x41, 0x40,
    0x3f, 0x84, 0x4e, 0xe1, 0x0, 0x33, 0xb8, 0x40,
    0x3f, 0xea, 0xab, 0x80, 0x15, 0x55, 0x80, 0x7f,
    0xd9, 0xdc, 0xd0, 0x7, 0x75, 0x80, 0x1f, 0xf4,
    0xc4, 0x1c, 0x1, 0x11, 0x58, 0x1, 0x82, 0xc5,
    0x38, 0x0, 0x4c, 0x88, 0xb0, 0x2, 0x24, 0xa4,
    0x4, 0xa, 0x48, 0x80, 0x7, 0x66, 0x60, 0x6,
    0x66, 0xe0, 0xdf, 0xed, 0xbb, 0x3a, 0x4c, 0x44,
    0xe0, 0x8, 0x8d, 0x20, 0x1f, 0x41, 0xab, 0xbd,
    0x0, 0x7, 0x7c, 0xa0, 0x1f, 0xfc, 0xa0,

    /* U+5D4C "嵌" */
    0x0, 0xff, 0x32, 0x80, 0x7f, 0xd3, 0x44, 0x1,
    0x86, 0x68, 0x3, 0x9a, 0x98, 0x2, 0x75, 0x10,
    0xf, 0xfe, 0x7, 0xaf, 0x80, 0x73, 0x19, 0xe5,
    0x0, 0x19, 0xf8, 0x3, 0xea, 0xcc, 0xd6, 0x0,
    0xcc, 0xe5, 0x0, 0xe6, 0x6f, 0xf2, 0x92, 0xb3,
    0x6c, 0x0, 0xbd, 0xb6, 0x65, 0xc, 0x93, 0x2c,
    0x2d, 0x99, 0xca, 0x1, 0xfe, 0x30, 0x7, 0x86,
    0xaa, 0xe9, 0x21, 0xc8, 0xb, 0xcc, 0x80, 0x71,
    0x5c, 0x16, 0xab, 0x34, 0x81, 0x80, 0x46, 0x62,
    0x0, 0x19, 0x8, 0x44, 0x64, 0x3, 0x1e, 0x60,
    0x9e, 0xe6, 0x80, 0x38, 0x81, 0x98, 0x26, 0xf8,
    0x1a, 0x3, 0xc0, 0x42, 0x23, 0x1, 0x17, 0x6,
    0xac, 0xc0, 0x68, 0x20, 0x6, 0x10, 0x1, 0x80,
    0x9, 0x5, 0x4, 0x1c, 0x1c, 0x84, 0x3, 0x57,
    0xfb, 0x40, 0x5, 0x70, 0x4, 0xc, 0x19, 0xc0,
    0x1e, 0x55, 0x20, 0x4, 0x8c, 0x18, 0x4, 0x2,
    0x60, 0x1d, 0x75, 0x50, 0x7, 0xa, 0x0, 0x18,
    0x3, 0xff, 0x89, 0x20, 0x14, 0x8, 0x7, 0xaf,
    0x75, 0xe0, 0x18, 0xdc, 0x31, 0x46, 0x80, 0x3e,
    0x22, 0x8, 0x4, 0x78, 0xe, 0x76, 0x29, 0x42,
    0x1, 0xaf, 0xfd, 0xc0, 0x5, 0xc0, 0x58, 0x1,
    0xd0, 0x5a, 0x0, 0xff, 0x2a, 0x45, 0x0, 0x47,
    0x87, 0x40, 0x7, 0xf4, 0x0, 0xf, 0xf0, 0x5b,
    0x80, 0x71, 0xe0, 0x80,

    /* U+5DE5 "工" */
    0x2, 0x2f, 0xfe, 0x30, 0x3, 0xb7, 0x7f, 0xf8,
    0x9e, 0x0, 0x70, 0xf, 0xfe, 0x3d, 0xff, 0xfb,
    0x0, 0x1d, 0xff, 0xed, 0x0, 0xff, 0xff, 0x80,
    0x7f, 0xff, 0xc0, 0x3f, 0xff, 0x79, 0xbb, 0xf6,
    0x0, 0x3f, 0x77, 0xf1, 0x17, 0xe0, 0x8, 0x48,
    0xbf, 0x6e, 0x67, 0xff, 0x1c,

    /* U+5DE6 "左" */
    0x0, 0xf8, 0x6e, 0x40, 0x3f, 0xf8, 0xc8, 0x87,
    0x0, 0xff, 0xe3, 0x68, 0x28, 0x7, 0xff, 0x18,
    0xc3, 0x0, 0x3f, 0xf8, 0x19, 0xff, 0xc8, 0x11,
    0xff, 0xfe, 0x50, 0x10, 0xf, 0xfe, 0x31, 0x86,
    0xf7, 0x68, 0x2, 0xee, 0xff, 0x98, 0x0, 0x23,
    0xb4, 0x14, 0x47, 0xfe, 0x0, 0xf9, 0x42, 0xc0,
    0x3f, 0xf8, 0xaa, 0x4, 0x60, 0x1f, 0xfc, 0x5e,
    0x3, 0xee, 0xff, 0xe0, 0x0, 0x71, 0x20, 0x38,
    0x8f, 0xff, 0x4, 0x3, 0x40, 0x24, 0xee, 0xe1,
    0x8, 0xdd, 0xe1, 0x0, 0x89, 0x42, 0x0, 0x8b,
    0x80, 0x8b, 0xc0, 0x1b, 0x81, 0x4c, 0x3, 0xff,
    0x88, 0xe6, 0x10, 0x1, 0xff, 0xc4, 0x48, 0x9,
    0x20, 0xf, 0xfe, 0x19, 0xd8, 0x23, 0x0, 0x7f,
    0xf1, 0x8e, 0xc2, 0xff, 0xfc, 0x61, 0x5f, 0xfd,
    0xc7, 0x78, 0x0, 0x70, 0xf, 0xfe, 0x10, 0x82,
    0x0, 0x7f, 0xf1, 0xc0,

    /* U+5DF2 "已" */
    0x1, 0x1f, 0xfe, 0x20, 0x6, 0x2e, 0xef, 0xfe,
    0x21, 0x80, 0x7f, 0xf3, 0xb, 0xff, 0xff, 0x84,
    0x1, 0xf9, 0x10, 0x1, 0xff, 0xc6, 0x2b, 0xb0,
    0x7, 0xff, 0xcf, 0xff, 0xfe, 0x0, 0xff, 0xe9,
    0xf7, 0x7f, 0xc0, 0x1f, 0xe1, 0x1f, 0xfb, 0x74,
    0x60, 0x1f, 0xfc, 0x62, 0x20, 0x7, 0xff, 0x24,
    0xad, 0x40, 0x3f, 0xf8, 0xcc, 0x96, 0x0, 0x30,
    0xf, 0xfe, 0x1e, 0x2, 0x80, 0x4, 0x0, 0xc0,
    0x1f, 0xf1, 0xb0, 0x60, 0x4, 0x81, 0x3f, 0xff,
    0xf6, 0x8, 0x30, 0x5, 0x4c, 0x20, 0x1f, 0xfc,
    0x4, 0xc1, 0x0, 0x86, 0x7b, 0xfb, 0x77, 0xee,
    0xe7, 0xd9, 0x80, 0x0,

    /* U+5DF4 "巴" */
    0x2, 0x32, 0x2f, 0xfe, 0x10, 0x4, 0x9b, 0x9b,
    0xbf, 0xfc, 0x20, 0xf, 0x8, 0xe0, 0x8, 0x47,
    0x80, 0x3e, 0x1e, 0xed, 0xa0, 0x3d, 0xdb, 0xc0,
    0x3f, 0xff, 0xe0, 0x1f, 0xfc, 0x1, 0xff, 0xda,
    0x3, 0xff, 0xb8, 0x3, 0xff, 0xa1, 0xdd, 0xff,
    0x60, 0x7, 0xc2, 0x3f, 0xfc, 0x3, 0xcc, 0x0,
    0x7f, 0xf1, 0x8c, 0xc0, 0x1f, 0xfd, 0xb1, 0xc5,
    0x7, 0x0, 0xff, 0xe1, 0x91, 0xd0, 0x4, 0x20,
    0x1f, 0xfc, 0x14, 0x2, 0x2, 0x0, 0x39, 0x8,
    0xff, 0x92, 0x41, 0x40, 0x50, 0x23, 0x7b, 0xbf,
    0xd6, 0x21, 0x20, 0xb, 0x72, 0x0, 0xff, 0x85,
    0x74, 0x40,

    /* U+5E02 "市" */
    0x0, 0xfc, 0x70, 0x20, 0x1f, 0xfc, 0x6e, 0x78,
    0x0, 0xff, 0xe3, 0x40, 0x31, 0x0, 0x7f, 0x2a,
    0xfe, 0x0, 0xb9, 0x57, 0xf0, 0x55, 0x7f, 0x0,
    0xe, 0xab, 0xf0, 0x2a, 0x27, 0xc4, 0x0, 0x44,
    0xfe, 0xa, 0xbb, 0xfb, 0xc0, 0x17, 0x7f, 0xc0,
    0x1f, 0xfc, 0xcc, 0xdd, 0xf0, 0x3, 0xb7, 0x77,
    0xe9, 0x0, 0x63, 0x22, 0xe0, 0x8, 0x48, 0xb0,
    0x10, 0x7, 0xd7, 0xbb, 0x50, 0x3, 0x77, 0x80,
    0x3f, 0x98, 0x8a, 0x70, 0x1, 0x17, 0x0, 0x7f,
    0xff, 0xc0, 0x3f, 0xf9, 0xc9, 0xba, 0xe0, 0x1,
    0x80, 0x7f, 0xf0, 0x90, 0xc8, 0x41, 0xc4, 0x3,
    0x6e, 0x10, 0x7, 0xef, 0xde, 0xf8, 0x0, 0xe2,
    0x30, 0xf, 0xe1, 0x21, 0x0, 0xff, 0xe7, 0x0,

    /* U+5E03 "布" */
    0x0, 0xfc, 0x44, 0x0, 0xff, 0xe3, 0xc6, 0xc8,
    0x7, 0xff, 0x19, 0x43, 0x40, 0x3f, 0xf8, 0x2,
    0x3c, 0xe0, 0x5, 0x11, 0xff, 0x5, 0x77, 0x74,
    0x0, 0x3b, 0xbf, 0xde, 0x6, 0x23, 0x80, 0x30,
    0x8f, 0xf8, 0xc2, 0x7b, 0xb2, 0x3, 0x7f, 0x33,
    0xff, 0x77, 0xb4, 0x3, 0x95, 0x2, 0x0, 0xc,
    0xc3, 0x0, 0xff, 0x86, 0xc1, 0xc4, 0x3, 0xff,
    0x89, 0xa2, 0x9, 0x99, 0x8, 0x6e, 0x65, 0xfe,
    0x80, 0xd, 0x6, 0x0, 0x33, 0xc0, 0x11, 0x9c,
    0x0, 0x20, 0xa, 0x1c, 0x2, 0xdd, 0xc0, 0xa,
    0xdd, 0x94, 0x2, 0x1b, 0x70, 0x70, 0x1, 0x16,
    0x10, 0x72, 0x2b, 0x40, 0x21, 0x60, 0xa9, 0x0,
    0xff, 0xe2, 0xf6, 0x28, 0x7, 0xff, 0x18, 0xcc,
    0x1, 0xff, 0xd7, 0xf0, 0xf, 0xfe, 0x2b, 0xff,
    0x9c, 0x34, 0x3, 0xca, 0xc0, 0x1f, 0x31, 0x10,
    0xdd, 0xc0, 0x1c, 0x35, 0x20, 0x1f, 0xe, 0xeb,
    0x20, 0x3, 0xff, 0x96,

    /* U+5E26 "带" */
    0x0, 0x85, 0x94, 0x2, 0x56, 0x10, 0x0, 0xb3,
    0x0, 0x3e, 0x59, 0x80, 0xa, 0x24, 0x80, 0x7,
    0x30, 0x1, 0xfc, 0x60, 0x11, 0x83, 0x80, 0x4,
    0x4, 0x3, 0x77, 0xfa, 0xc0, 0x7f, 0xe1, 0xb,
    0xff, 0x60, 0x3, 0xfe, 0x44, 0xc0, 0x12, 0x24,
    0x1, 0x22, 0x4, 0x0, 0x89, 0x3d, 0x5d, 0xc0,
    0x57, 0x71, 0x6, 0x5d, 0xb0, 0x6, 0xee, 0x30,
    0x9, 0xc9, 0xc0, 0x27, 0x31, 0x0, 0x84, 0x80,
    0x39, 0x10, 0xf3, 0xc8, 0x97, 0x43, 0x22, 0x1a,
    0xa1, 0x10, 0x20, 0x57, 0x7f, 0xfc, 0x66, 0x0,
    0x85, 0xdf, 0xc0, 0x5, 0x77, 0xe4, 0x0, 0xe3,
    0x88, 0xf0, 0x2, 0x62, 0x3b, 0x40, 0x3f, 0xf8,
    0x4e, 0x1, 0xc2, 0x1, 0x1b, 0x2e, 0xff, 0xf0,
    0x2, 0xff, 0xfa, 0x18, 0xc0, 0x66, 0x0, 0x4,
    0x67, 0x0, 0x46, 0x70, 0x1, 0x25, 0x0, 0x3d,
    0x39, 0x90, 0x3, 0x33, 0x58, 0x7, 0xff, 0xc2,
    0xba, 0x80, 0x40, 0x3c, 0x22, 0x70, 0xf, 0xb0,
    0xd, 0x60, 0x3, 0xd9, 0xc6, 0x1, 0xf3, 0x76,
    0xd1, 0x0, 0x7f, 0xf3, 0x0,

    /* U+5E27 "帧" */
    0x0, 0x9a, 0x80, 0x3f, 0x4c, 0x80, 0x3f, 0xb1,
    0x44, 0x3, 0xe6, 0x60, 0x80, 0x7f, 0xf2, 0x3f,
    0x76, 0xb0, 0xf, 0xfe, 0x20, 0x91, 0x4a, 0x6,
    0xee, 0x50, 0x98, 0xb3, 0x0, 0xf6, 0xff, 0xdc,
    0x9, 0x10, 0x0, 0x3b, 0x91, 0x0, 0x1e, 0x30,
    0xf, 0x98, 0x0, 0xca, 0x0, 0xbf, 0xf8, 0x1,
    0xdf, 0xee, 0x0, 0xd0, 0xa1, 0x10, 0x0, 0xc6,
    0x7e, 0x0, 0xff, 0xe1, 0xee, 0x67, 0x0, 0x7f,
    0xf1, 0x6f, 0x88, 0x3, 0xff, 0x8c, 0xe2, 0x20,
    0xf, 0xff, 0x90, 0x80, 0x7f, 0xa7, 0x0, 0x40,
    0x31, 0x1, 0x80, 0x7f, 0xb4, 0x15, 0xc0, 0x23,
    0x12, 0x10, 0xe, 0x7e, 0x10, 0x2, 0x75, 0xd,
    0x70, 0xf8, 0x53, 0xf, 0xf0, 0x4, 0x20, 0x1f,
    0x8, 0x59, 0x91, 0x27, 0x9c, 0x3, 0xfe, 0x17,
    0xf4, 0x2f, 0x59, 0x8, 0xd2, 0x0, 0xfc, 0x3d,
    0x2, 0xb8, 0x40, 0xda, 0x65, 0x80, 0x1f, 0x85,
    0xd7, 0x28, 0x40, 0x22, 0xc7, 0x80, 0xd, 0x5e,
    0x20, 0x8, 0xa3, 0x0, 0xfa, 0x18, 0x0,

    /* U+5E2E "帮" */
    0x0, 0xc5, 0x2e, 0x1, 0xff, 0xc5, 0x76, 0xb0,
    0xc, 0x75, 0x5d, 0xf2, 0x35, 0xff, 0x50, 0x1f,
    0xfd, 0x6c, 0xab, 0xc0, 0xcc, 0xd4, 0x48, 0x2,
    0x44, 0x8c, 0x0, 0xbd, 0xc7, 0x3, 0x77, 0x5d,
    0xd4, 0x7, 0x77, 0x40, 0x4, 0x20, 0xe3, 0xa0,
    0x7f, 0xf5, 0x1, 0xff, 0xc6, 0x1, 0xa8, 0x24,
    0x40, 0x55, 0x60, 0x9, 0x56, 0x10, 0xd, 0x3,
    0xa, 0x5, 0x55, 0x80, 0xea, 0xa2, 0x0, 0xc7,
    0x83, 0x45, 0xbb, 0xa8, 0xf, 0x76, 0xb0, 0xe,
    0x26, 0xa, 0x3, 0x31, 0x0, 0x46, 0x70, 0x6,
    0x32, 0x34, 0x0, 0x6f, 0x79, 0x81, 0xff, 0x75,
    0x60, 0x14, 0xee, 0x18, 0xd0, 0xbf, 0x99, 0x68,
    0x0, 0xa2, 0x0, 0x14, 0xbb, 0xa7, 0xc8, 0x90,
    0x2b, 0x82, 0x0, 0x17, 0x72, 0x5c, 0x9c, 0x41,
    0x84, 0xf, 0x5, 0xf3, 0x76, 0xc0, 0x6, 0x4f,
    0x6e, 0xbf, 0x44, 0x0, 0x60, 0x45, 0xc0, 0x11,
    0x17, 0x1, 0x18, 0x7, 0x67, 0xfd, 0x60, 0xf,
    0xfe, 0x0, 0xff, 0xe0, 0x38, 0x7, 0xff, 0x38,
    0x40, 0x6, 0x1, 0xff, 0xc1, 0x1f, 0xf7, 0x0,
    0x4, 0x2, 0x44, 0x8, 0x7, 0xc2, 0xe8, 0x86,
    0xc0, 0xd, 0x56, 0x40, 0x1f, 0xa2, 0xed, 0x26,
    0x0,

    /* U+5E38 "常" */
    0x0, 0xfe, 0x56, 0x10, 0xf, 0xf1, 0xee, 0x84,
    0x2, 0xb9, 0x20, 0xa, 0xf9, 0xc0, 0x31, 0x81,
    0x58, 0x7, 0xe5, 0x41, 0x50, 0x8, 0x45, 0x0,
    0x24, 0x23, 0x3, 0x8, 0xbc, 0x28, 0xc4, 0x6e,
    0xe5, 0x2, 0x6f, 0x70, 0x1, 0x5d, 0xc5, 0xa,
    0xee, 0x68, 0x4, 0x89, 0xff, 0xc2, 0x30, 0xc,
    0x37, 0x7f, 0xfc, 0x28, 0x0, 0xf6, 0xff, 0xff,
    0xc2, 0x1, 0x84, 0x80, 0x26, 0x88, 0xf8, 0x2,
    0x71, 0x71, 0xec, 0x0, 0xa9, 0xdf, 0xe0, 0x8,
    0xfa, 0xc0, 0x3d, 0xdb, 0xbf, 0x0, 0x7f, 0x95,
    0x4e, 0xf1, 0x14, 0xee, 0x55, 0x0, 0x7e, 0x8a,
    0xac, 0x81, 0x35, 0x58, 0x40, 0x3a, 0x37, 0x7c,
    0x81, 0x3b, 0xbb, 0xfc, 0x20, 0x11, 0x17, 0xc0,
    0x11, 0x16, 0x0, 0xfd, 0x5f, 0xf8, 0xc2, 0x3f,
    0xf0, 0x80, 0x7c, 0x20, 0x19, 0xc0, 0x40, 0x31,
    0x80, 0x7f, 0xf6, 0x33, 0xfc, 0x40, 0x20, 0x16,
    0x9b, 0x80, 0x7e, 0xa1, 0x12, 0x50, 0x6, 0x7c,
    0x30, 0xf, 0xcd, 0xdc, 0xb5, 0x0, 0x0,

    /* U+5E45 "幅" */
    0x0, 0xa7, 0x0, 0x3f, 0xf8, 0xea, 0x60, 0x12,
    0x55, 0x7f, 0xc0, 0x1f, 0xc4, 0xab, 0xff, 0x0,
    0x7f, 0x37, 0xff, 0xfc, 0xd, 0x54, 0x30, 0xaf,
    0x70, 0x3a, 0xaf, 0xd2, 0x0, 0xc5, 0x50, 0x1,
    0x43, 0x1, 0x95, 0x48, 0x9c, 0xae, 0x1, 0xe,
    0x88, 0x68, 0x7, 0x47, 0x77, 0x8, 0x7, 0x11,
    0x0, 0x8c, 0x3, 0xff, 0x9b, 0x75, 0x5c, 0x20,
    0x1f, 0xfc, 0x23, 0x55, 0xe0, 0x30, 0xf, 0xf9,
    0x7f, 0xff, 0x68, 0x7, 0xf8, 0xea, 0xbf, 0xd0,
    0x1, 0xfc, 0xca, 0xbf, 0xe4, 0x0, 0xff, 0x9f,
    0xfc, 0x61, 0xfe, 0xd0, 0xf, 0xcc, 0x62, 0x0,
    0x10, 0x0, 0x80, 0x42, 0x1, 0xf8, 0xca, 0x40,
    0xd, 0xfe, 0x20, 0xff, 0x60, 0x8, 0x57, 0x80,
    0x4b, 0xa6, 0x1, 0x33, 0x0, 0xc, 0xc4, 0x0,
    0xc2, 0x1, 0xf9, 0xe6, 0x46, 0x13, 0x30, 0x8,
    0x7, 0xfc, 0xab, 0x18, 0x2a, 0xc0, 0x1f, 0xfc,
    0x12, 0xaa, 0x0, 0x2a, 0x90, 0x2, 0x1, 0xff,
    0x15, 0x57, 0xa0, 0x4, 0x0,

    /* U+5E55 "幕" */
    0x0, 0xf1, 0x29, 0x0, 0x72, 0xa8, 0x3, 0xf0,
    0x8e, 0xba, 0x81, 0x1c, 0x75, 0x41, 0x1e, 0x0,
    0x4f, 0x76, 0x60, 0x5e, 0xed, 0x80, 0xe, 0xed,
    0xe0, 0xc, 0x66, 0xc0, 0x13, 0x36, 0x40, 0x3,
    0x37, 0x0, 0x16, 0x63, 0x30, 0xc4, 0xd9, 0x9b,
    0x48, 0xf3, 0x1b, 0x30, 0x1, 0x8a, 0xa8, 0xc4,
    0xd5, 0x5a, 0x48, 0xea, 0x9e, 0x1, 0xf8, 0xff,
    0xff, 0xd6, 0x1, 0xfe, 0x3f, 0xff, 0xf5, 0x80,
    0x7f, 0x8a, 0xef, 0xfd, 0x0, 0x1f, 0xf1, 0x17,
    0xfb, 0xc0, 0x3f, 0xc5, 0x33, 0xfe, 0x70, 0xf,
    0x84, 0xbb, 0xa3, 0x6, 0xee, 0xfd, 0x42, 0x20,
    0x5, 0xf7, 0x71, 0x83, 0x77, 0x7f, 0xc0, 0xd,
    0x66, 0x80, 0x24, 0x60, 0x2, 0xb0, 0x4, 0xac,
    0xd0, 0x1, 0xa6, 0xc8, 0x7, 0x2e, 0x40, 0x11,
    0x3e, 0xe0, 0x99, 0x32, 0x0, 0x14, 0x6a, 0x0,
    0xe7, 0xf8, 0x1, 0xbf, 0xe7, 0x1, 0xac, 0x61,
    0xf, 0x72, 0x70, 0x16, 0x68, 0x0, 0x8c, 0xc5,
    0x3, 0x53, 0x93, 0xe, 0xad, 0xb0, 0x39, 0x98,
    0x42, 0xa6, 0x54, 0xd, 0x5d, 0x84, 0x6, 0xa0,
    0x1f, 0xe1, 0x88, 0x0, 0x42, 0x60, 0x1f, 0xfc,
    0x21, 0x47, 0x2e, 0x0, 0xfc, 0x7f, 0xa0, 0x1f,
    0x67, 0xea, 0x0, 0x60,

    /* U+5E73 "平" */
    0x1, 0x22, 0xff, 0xe2, 0x8, 0x3, 0x77, 0xff,
    0x8b, 0x40, 0x7, 0x0, 0xff, 0xe2, 0x8, 0x2,
    0xff, 0xfd, 0xc0, 0xe, 0xff, 0xb7, 0xfd, 0x40,
    0x10, 0xef, 0x0, 0x7f, 0xb3, 0xd4, 0x3, 0x8,
    0xcc, 0x1, 0xf9, 0x4, 0x10, 0x3, 0xa4, 0x2c,
    0x3, 0xf7, 0x84, 0x8, 0x7, 0x28, 0x11, 0x80,
    0x78, 0xd0, 0x5c, 0x3, 0xe5, 0x27, 0x0, 0xf5,
    0x84, 0x0, 0x7e, 0xad, 0x40, 0xf, 0x47, 0xb0,
    0x6, 0xef, 0xff, 0xb8, 0x1, 0xdf, 0xff, 0x70,
    0x7, 0xff, 0x1c, 0x73, 0x77, 0xec, 0x0, 0x66,
    0xef, 0xe2, 0x2f, 0xe0, 0x1, 0x17, 0xf0, 0x7,
    0xff, 0xfc, 0x3, 0xff, 0xc2,

    /* U+5E74 "年" */
    0x0, 0xc3, 0x8, 0x1, 0xff, 0xc6, 0x97, 0x90,
    0xf, 0xfe, 0x33, 0x5, 0x80, 0x7f, 0xf1, 0x5c,
    0x42, 0x7f, 0xff, 0xf8, 0x0, 0x18, 0x60, 0x3,
    0xff, 0x84, 0x20, 0x1a, 0x80, 0xff, 0xf8, 0x43,
    0x3f, 0xfb, 0x80, 0x27, 0x40, 0xf0, 0xf, 0xfe,
    0x23, 0x40, 0x39, 0x80, 0x7f, 0xf1, 0x10, 0xd6,
    0xff, 0xfc, 0x21, 0x9f, 0xfc, 0xc0, 0x2, 0xca,
    0x0, 0xff, 0xe5, 0x97, 0xfe, 0x10, 0xcf, 0xfe,
    0x60, 0xf, 0xff, 0x0, 0x8c, 0xc0, 0x62, 0x3c,
    0xe, 0x23, 0xf0, 0x67, 0x72, 0x80, 0x7b, 0xb0,
    0x2, 0xfb, 0xbe, 0x1, 0x0, 0xff, 0xe4, 0x67,
    0xff, 0xf0, 0x86, 0x7f, 0xfc, 0x1, 0xff, 0xff,
    0x0, 0xff, 0x0,

    /* U+5E76 "并" */
    0x0, 0xc6, 0xe0, 0x1f, 0xa1, 0x0, 0x3e, 0x1c,
    0x86, 0x0, 0xf1, 0xbd, 0xa8, 0x7, 0x86, 0x2,
    0x44, 0x3, 0xa4, 0x9, 0x40, 0x3e, 0x72, 0x8,
    0x0, 0xc2, 0xa1, 0x0, 0x1c, 0x23, 0xa8, 0xbc,
    0x47, 0x40, 0xa, 0x8, 0xc0, 0x5d, 0xda, 0xa,
    0x7b, 0xb3, 0x0, 0xf7, 0x64, 0x31, 0x1c, 0x1,
    0x8, 0xe0, 0xc, 0x23, 0x0, 0xf7, 0x61, 0xb,
    0xee, 0xd8, 0x0, 0xfe, 0xe9, 0x0, 0x3f, 0xfc,
    0x6e, 0x1, 0xff, 0xc0, 0xdf, 0xfc, 0x21, 0x9f,
    0xfb, 0x0, 0x1f, 0xfb, 0x8c, 0x3, 0xff, 0x8c,
    0x3d, 0xdb, 0x0, 0x1b, 0xdd, 0xac, 0x1, 0xdd,
    0xbc, 0x4, 0x65, 0x1, 0x21, 0x1c, 0xe0, 0x1,
    0x1c, 0x1, 0xd4, 0x8, 0x1, 0xff, 0xc4, 0x53,
    0xe, 0x0, 0xff, 0xe1, 0x9d, 0x1, 0xa0, 0x7,
    0xff, 0x9, 0xb0, 0x7, 0x40, 0x3f, 0xf8, 0x51,
    0x20, 0x3a, 0x20, 0x1f, 0xfc, 0x28, 0x35, 0xf3,
    0x0, 0xff, 0xe2, 0x65, 0x8, 0x7, 0xe3, 0xff,
    0x0, 0x70,

    /* U+5E8F "序" */
    0x0, 0xff, 0x91, 0x40, 0x3f, 0xf8, 0xe9, 0x74,
    0x20, 0x1f, 0xfc, 0x1, 0x0, 0xe4, 0x10, 0x80,
    0xf, 0xf2, 0x7f, 0x7f, 0xf8, 0x41, 0xbf, 0xfe,
    0x30, 0xe, 0x11, 0xff, 0xe2, 0x80, 0x63, 0xee,
    0xff, 0xe2, 0x10, 0x7, 0x93, 0xff, 0xfe, 0xa0,
    0xf, 0xe7, 0x33, 0xfc, 0x1, 0xff, 0xc1, 0x3c,
    0xc4, 0xfe, 0x65, 0x40, 0x7, 0xa0, 0xf, 0xf9,
    0x2b, 0x31, 0x19, 0x23, 0x70, 0x1, 0xff, 0xc0,
    0x4e, 0x73, 0x73, 0x1f, 0x40, 0xf, 0x84, 0x1d,
    0x26, 0x68, 0x15, 0x0, 0xf, 0x4c, 0xde, 0xa0,
    0x11, 0x80, 0xe3, 0x37, 0x28, 0x6, 0x66, 0x82,
    0x40, 0x21, 0x2, 0x9c, 0xcf, 0x0, 0x2f, 0x31,
    0x60, 0xf, 0x0, 0xb8, 0x3c, 0x4c, 0xfc, 0x0,
    0x53, 0x37, 0x83, 0x98, 0x4, 0xa0, 0x60, 0x1f,
    0xf3, 0x21, 0x40, 0x6, 0x30, 0x50, 0xf, 0xf9,
    0xa3, 0xc0, 0x31, 0x81, 0x8, 0x7, 0xff, 0x1,
    0xc8, 0x3, 0x58, 0x20, 0x7, 0xff, 0x1d, 0xc3,
    0x40, 0x35, 0xee, 0xb8, 0x0, 0x20, 0x1f, 0xa9,
    0x10, 0x1, 0xb4, 0x88, 0x25, 0x40, 0x1f, 0xcb,
    0x60, 0x1c, 0xdf, 0xf6, 0xa8, 0x7, 0xe0,

    /* U+5E93 "库" */
    0x0, 0xff, 0x8c, 0x80, 0x3f, 0xf8, 0xf1, 0x9e,
    0x1, 0xff, 0xc0, 0x35, 0x33, 0xec, 0x2, 0x73,
    0x3f, 0x80, 0x23, 0xca, 0xcc, 0xeb, 0x0, 0x46,
    0x67, 0xc0, 0x1e, 0x33, 0xff, 0xe2, 0x0, 0x71,
    0x66, 0x70, 0x3f, 0xe6, 0x7e, 0x0, 0xff, 0x19,
    0x90, 0x3, 0xff, 0x89, 0xff, 0x60, 0x3, 0x3f,
    0xfe, 0x60, 0xf, 0x88, 0x82, 0x1, 0x11, 0x7e,
    0x30, 0xf, 0xb7, 0x4e, 0xb, 0xfb, 0xfe, 0xdd,
    0xe5, 0x0, 0x9c, 0x4, 0x0, 0x4c, 0x10, 0x5,
    0xba, 0x0, 0xff, 0xe1, 0x70, 0x39, 0x0, 0x7f,
    0xf0, 0x44, 0x1c, 0x18, 0xc1, 0xff, 0xda, 0x0,
    0xff, 0xd2, 0x1, 0x88, 0x8, 0x1c, 0x4, 0x8a,
    0x0, 0x88, 0xb7, 0x0, 0x6f, 0x1, 0x1, 0xfe,
    0xdd, 0xc0, 0xd, 0xdc, 0xe0, 0x18, 0xc3, 0x40,
    0x3f, 0xf8, 0xea, 0xf, 0x9f, 0xfe, 0xd0, 0x7,
    0xff, 0x80, 0x4, 0x20, 0x4c, 0x45, 0xe0, 0x8,
    0x8b, 0xc0, 0xa, 0x4, 0xa, 0xdd, 0xf8, 0x1,
    0xbb, 0xe0, 0x3, 0x7, 0x0, 0x7f, 0xf1, 0xec,
    0xd4, 0x3, 0xff, 0x8e, 0xb8, 0x1, 0xfc, 0x5f,
    0xe0, 0xf, 0x80,

    /* U+5E94 "应" */
    0x0, 0xff, 0x1d, 0x40, 0x7, 0xff, 0x1d, 0xd5,
    0xc4, 0x3, 0xff, 0x8c, 0x84, 0xc, 0x1, 0xfe,
    0x3f, 0xff, 0xc4, 0x11, 0xff, 0xf0, 0x4, 0xe0,
    0x1f, 0xfc, 0xb1, 0xff, 0xff, 0xe2, 0x0, 0x71,
    0x80, 0x70, 0xb2, 0x80, 0x61, 0x93, 0x0, 0xfc,
    0x2c, 0x0, 0x59, 0x90, 0x6, 0x46, 0xc1, 0x0,
    0xfb, 0xe4, 0x81, 0x0, 0xc4, 0x2, 0xc0, 0x41,
    0x0, 0xf9, 0xc2, 0x80, 0x8, 0x8, 0x1, 0x38,
    0x70, 0x7, 0xea, 0x6, 0x0, 0x60, 0x60, 0x0,
    0xc4, 0x14, 0x3, 0xc2, 0x6, 0x22, 0x30, 0x40,
    0x40, 0x5, 0x2, 0x80, 0x70, 0x83, 0x80, 0x1c,
    0x28, 0xc, 0x8, 0x41, 0x82, 0x40, 0x38, 0x80,
    0x40, 0x1a, 0x8, 0x0, 0x30, 0x55, 0x2, 0x18,
    0x7, 0x78, 0x10, 0x1, 0x0, 0x88, 0x11, 0x89,
    0x21, 0xe0, 0x1e, 0x30, 0xe0, 0x9, 0xe8, 0x81,
    0xd, 0xc, 0x90, 0x3, 0xca, 0xa, 0x1, 0x42,
    0x80, 0x68, 0x8, 0x0, 0xf1, 0x8, 0x18, 0x7,
    0xe6, 0x32, 0x50, 0xf, 0x28, 0x19, 0x7f, 0xfe,
    0x90, 0x2f, 0xfe, 0x50, 0xa0, 0xa3, 0x0, 0xff,
    0xe2, 0x8, 0x71, 0xb8, 0xff, 0xff, 0xf1, 0x10,
    0xf, 0x4, 0x3, 0xff, 0x8c,

    /* U+5E95 "底" */
    0x0, 0xff, 0x85, 0x0, 0x3f, 0xf8, 0xe3, 0xd6,
    0x40, 0x1f, 0xf1, 0xa9, 0x9f, 0x11, 0x3, 0x8c,
    0xfe, 0x0, 0x8f, 0x2b, 0x33, 0xc4, 0x7, 0x99,
    0xf2, 0x0, 0x72, 0xaf, 0xff, 0x11, 0x80, 0x31,
    0x55, 0x7f, 0x5c, 0xf9, 0x6d, 0x50, 0x80, 0x3e,
    0xfb, 0xab, 0xce, 0xfe, 0xca, 0x78, 0x80, 0x7,
    0xe1, 0x4, 0x54, 0x33, 0x0, 0xa, 0x2b, 0x60,
    0x3, 0xfe, 0xff, 0xb5, 0x42, 0x1d, 0x48, 0x3,
    0xe1, 0x0, 0x84, 0x3, 0x18, 0x18, 0x7, 0xe7,
    0x0, 0xff, 0x8, 0x8, 0x7, 0xf9, 0xc0, 0x21,
    0xdd, 0xce, 0x11, 0xbb, 0xa4, 0x2, 0x10, 0x10,
    0xc, 0x45, 0x80, 0x22, 0x2c, 0x60, 0x11, 0x1,
    0x80, 0x43, 0xff, 0xc0, 0xf, 0xfd, 0x40, 0x17,
    0x87, 0x0, 0x7f, 0x10, 0x20, 0x7, 0xc6, 0x4,
    0x1, 0xe5, 0xe2, 0x50, 0xd0, 0xf, 0x94, 0x1c,
    0x3, 0xcc, 0x37, 0x60, 0x70, 0x1, 0xd8, 0x80,
    0x8c, 0x40, 0x18, 0x5a, 0xcd, 0x88, 0xc5, 0xc1,
    0xd1, 0x0, 0xc0, 0xa0, 0x2, 0x1, 0xe9, 0x5a,
    0x6, 0x80, 0x84, 0xc0, 0x70, 0xa0, 0xe0, 0x6,
    0x0, 0x9, 0xfd, 0xc2, 0xd1, 0x42, 0xdc, 0x48,
    0x14, 0x54, 0x0, 0x66, 0xcd, 0x82, 0x16, 0xa0,
    0xa7, 0x11, 0x50, 0x2, 0x3c, 0x2, 0xcc, 0x18,
    0x6, 0x96, 0x0, 0x47, 0x71, 0x0,

    /* U+5E97 "店" */
    0x0, 0xff, 0x13, 0x10, 0x7, 0xff, 0x1e, 0xe7,
    0x80, 0x3f, 0xf8, 0xf0, 0x6, 0x60, 0xf, 0xf1,
    0x7f, 0xfd, 0xc0, 0xc, 0xff, 0xf8, 0x80, 0x3f,
    0xf9, 0x26, 0x1, 0xdf, 0xfe, 0xcb, 0xef, 0xff,
    0x84, 0x3, 0xfe, 0xdb, 0x50, 0xf, 0xfe, 0xfd,
    0xf7, 0x78, 0xc0, 0x3f, 0xf8, 0x62, 0x3e, 0x70,
    0xf, 0xfe, 0x15, 0xff, 0xf9, 0x0, 0x21, 0x1,
    0x0, 0xff, 0xe3, 0xb8, 0x18, 0x1, 0x57, 0x8,
    0x6a, 0xaf, 0x8, 0x6, 0x20, 0x60, 0x2a, 0xac,
    0x0, 0x6a, 0xae, 0x20, 0xd, 0xc0, 0x20, 0x19,
    0x9b, 0xf0, 0x7, 0xc6, 0x1a, 0x1, 0xc, 0xcf,
    0xe1, 0x0, 0xf2, 0x1, 0x80, 0x7f, 0xf1, 0x8c,
    0x0, 0x80, 0x10, 0x80, 0x7e, 0x10, 0xe, 0xa0,
    0x20, 0xe, 0xff, 0xfc, 0x1, 0xe6, 0xa, 0x0,
    0xe3, 0x3f, 0xc0, 0x1e, 0xb1, 0x60, 0xc, 0x39,
    0x9f, 0x84, 0x3, 0x93, 0xc4, 0x0, 0x5f, 0xc0,
    0x1f, 0xbb, 0xcc, 0x0,

    /* U+5EA6 "度" */
    0x0, 0xff, 0xd, 0x58, 0x7, 0xff, 0x1c, 0x51,
    0x20, 0xf, 0xf0, 0xef, 0xdd, 0xf8, 0x42, 0xef,
    0xf0, 0x80, 0xc, 0x81, 0x13, 0xc0, 0x12, 0x27,
    0xc6, 0x1, 0xd9, 0x9f, 0xfc, 0x42, 0x0, 0xc2,
    0x67, 0xbe, 0xc, 0xf5, 0x78, 0x19, 0xc0, 0x1f,
    0x8, 0x88, 0xd0, 0x47, 0x21, 0xa8, 0x88, 0x3,
    0xe6, 0xee, 0x68, 0x3, 0xbb, 0x10, 0x4f, 0x72,
    0xc0, 0x3c, 0xac, 0xc5, 0x0, 0x33, 0x60, 0x0,
    0xb3, 0x34, 0x3, 0xc7, 0x32, 0xb0, 0x19, 0x9c,
    0x61, 0x53, 0x26, 0x0, 0x84, 0xc, 0x3, 0x86,
    0xab, 0x10, 0x7, 0xff, 0x15, 0x57, 0x8, 0x7,
    0xe6, 0x6, 0x0, 0x87, 0xff, 0xf2, 0x0, 0x78,
    0xc0, 0x63, 0xff, 0xff, 0x81, 0xa4, 0x1, 0xb8,
    0xb, 0x91, 0x0, 0x4, 0x4f, 0x0, 0x4, 0x80,
    0x31, 0x86, 0xb5, 0xc8, 0x81, 0xdd, 0xe2, 0x1,
    0xe0, 0xe, 0x50, 0x70, 0x1, 0x68, 0xbe, 0x1a,
    0x6b, 0xe, 0x10, 0x6, 0x21, 0x2, 0x0, 0x8f,
    0xc8, 0xf2, 0xc8, 0xfc, 0x80, 0x3a, 0x81, 0x0,
    0xd6, 0x2b, 0x8, 0x3, 0x1e, 0xcb, 0x19, 0x0,
    0x18, 0x38, 0x76, 0x9d, 0x49, 0x23, 0xb1, 0x84,
    0xda, 0x73, 0xc4, 0x3d, 0xd4, 0x6d, 0xeb, 0x7e,
    0xdc, 0x4e, 0x7b, 0x65, 0xd3, 0x84,

    /* U+5EB7 "康" */
    0x0, 0xff, 0x3e, 0x20, 0x7, 0xff, 0x1f, 0xce,
    0x40, 0x3f, 0xe9, 0xff, 0x6e, 0xf3, 0x1, 0x7e,
    0xef, 0xa0, 0x2, 0x20, 0x1, 0x17, 0x8, 0x4,
    0x45, 0xf0, 0x7, 0x5f, 0xff, 0x84, 0x33, 0xff,
    0xd4, 0x1, 0xe2, 0x66, 0xe1, 0xa, 0x66, 0xe0,
    0xf, 0xcd, 0x33, 0xc0, 0x6, 0x99, 0xd0, 0x1,
    0xf9, 0x3f, 0xf8, 0x1, 0x9f, 0xee, 0x0, 0xfe,
    0x38, 0x8f, 0x0, 0x22, 0x30, 0xd, 0xd0, 0x7,
    0x7b, 0xbf, 0x80, 0x8, 0xee, 0x60, 0x2, 0x28,
    0x7, 0x5f, 0xff, 0x84, 0x33, 0xfd, 0xc0, 0xe,
    0xe0, 0x4, 0xe0, 0x4, 0x88, 0xe1, 0x8, 0x8a,
    0x40, 0x46, 0x0, 0x84, 0x4, 0xdd, 0xf8, 0x0,
    0x8e, 0xf0, 0x18, 0x7, 0x18, 0x11, 0x59, 0xff,
    0x0, 0x1f, 0xfe, 0xb7, 0x0, 0xe1, 0x0, 0x19,
    0x64, 0x80, 0x4, 0x1c, 0x82, 0x2d, 0x58, 0x2,
    0x30, 0x30, 0x6e, 0x37, 0x47, 0x10, 0x6, 0xfb,
    0x9e, 0x30, 0x4, 0xa0, 0xa0, 0x1, 0x93, 0xb8,
    0x0, 0x40, 0x0, 0xf0, 0xc0, 0x36, 0x6, 0x1c,
    0xf5, 0x13, 0x68, 0x82, 0x58, 0x9e, 0xb0, 0x6,
    0x50, 0x4f, 0x60, 0x7e, 0x92, 0x0, 0xa, 0x7a,
    0x94, 0xfd, 0x3, 0x2, 0xc, 0x4f, 0x55, 0xd5,
    0x88, 0x18, 0xd, 0x6b, 0xc, 0x83, 0x3f, 0x82,
    0x30, 0x12, 0x2a, 0xc, 0x8, 0x4, 0x53, 0xc6,
    0x0, 0x84, 0x0, 0xee, 0xff, 0x73, 0x80, 0x7f,
    0x0,

    /* U+5EFA "建" */
    0x0, 0xff, 0xe0, 0x2b, 0x0, 0x7e, 0x12, 0x29,
    0x8, 0x3, 0xae, 0x44, 0x3, 0xef, 0xdd, 0xaf,
    0x42, 0x2a, 0xa1, 0xd, 0xaa, 0xc0, 0x13, 0xa2,
    0x0, 0x8, 0x8, 0xab, 0x0, 0xd, 0x57, 0x8,
    0x2, 0x6e, 0xc8, 0x10, 0x19, 0xff, 0x8, 0x77,
    0xf8, 0xc0, 0x3c, 0x68, 0x63, 0xff, 0xc2, 0x1d,
    0xfe, 0x30, 0xe6, 0x0, 0xbc, 0x20, 0xd5, 0x78,
    0x0, 0x8a, 0xa0, 0x2, 0x10, 0x1, 0x4d, 0x10,
    0x35, 0x5c, 0x21, 0x55, 0x18, 0x52, 0x1, 0x50,
    0x27, 0xf8, 0x2f, 0x32, 0x10, 0xcc, 0x8c, 0x3,
    0x48, 0x0, 0x80, 0x26, 0x11, 0x80, 0x6, 0x22,
    0x22, 0x0, 0x51, 0x9f, 0xa2, 0x61, 0xbb, 0x84,
    0x3f, 0x77, 0x8, 0x0, 0xc0, 0x2, 0x25, 0x19,
    0x9c, 0x21, 0x73, 0x38, 0xc0, 0x13, 0x82, 0xa1,
    0xc0, 0xcd, 0x80, 0xa, 0xcd, 0xc0, 0xd, 0x6,
    0xc0, 0x41, 0xff, 0xc2, 0x1d, 0xff, 0x94, 0x0,
    0x83, 0x2a, 0x7, 0x55, 0xc2, 0x1b, 0x55, 0xc2,
    0x0, 0x91, 0x25, 0x5, 0x5e, 0x0, 0x1a, 0xaf,
    0x18, 0x1, 0xc0, 0x2, 0x1f, 0xfc, 0x21, 0xdf,
    0xfc, 0x40, 0x3, 0x0, 0x24, 0x80, 0x72, 0x90,
    0x7, 0xf7, 0x3, 0xb, 0x7c, 0xa8, 0x85, 0xe8,
    0x80, 0x7d, 0x84, 0x93, 0xec, 0xd, 0x5d, 0xfd,
    0xbb, 0xdd, 0xc8, 0x22, 0xa8, 0x6, 0x7a, 0x54,
    0xc4, 0x44, 0x5c, 0x22, 0xb2, 0xfc, 0x10, 0x8,
    0x5a, 0xb3, 0xbf, 0xff, 0x18,

    /* U+5F00 "开" */
    0x0, 0x8, 0xff, 0xf1, 0x80, 0x9, 0xdd, 0xff,
    0xc6, 0x10, 0x0, 0x8e, 0x0, 0x84, 0x70, 0x6,
    0x11, 0x80, 0x9, 0xdd, 0x84, 0x33, 0xbb, 0x68,
    0x3, 0xfb, 0xa1, 0x0, 0xff, 0xff, 0x80, 0x7f,
    0x84, 0x7c, 0xe, 0x23, 0x98, 0x0, 0x42, 0x3d,
    0xdd, 0xc0, 0xb, 0xee, 0xd6, 0x0, 0xde, 0xeb,
    0x40, 0x47, 0x0, 0x61, 0x1c, 0x1, 0x8, 0xe7,
    0x1e, 0xed, 0x80, 0xf, 0xee, 0xda, 0x0, 0xee,
    0xd6, 0x1, 0xca, 0x4, 0x1, 0xff, 0xc6, 0xa0,
    0x40, 0xf, 0xfe, 0x29, 0x98, 0x34, 0x3, 0xff,
    0x8b, 0xe0, 0x68, 0x1, 0xff, 0xc4, 0x93, 0xf,
    0x0, 0xff, 0xe2, 0x4b, 0x3, 0x98, 0x7, 0xff,
    0xe, 0xd8, 0x1a, 0x0, 0x3f, 0xf8, 0x94, 0x73,
    0x20, 0xf, 0xfe, 0x28, 0xe3, 0x0, 0x7f, 0x17,
    0xf8, 0x3, 0x80,

    /* U+5F0F "式" */
    0x0, 0xff, 0x9a, 0xdc, 0x9, 0xc0, 0x3f, 0xf8,
    0x7c, 0x9a, 0x1f, 0x16, 0x20, 0x1f, 0xfc, 0x31,
    0xc, 0x44, 0x60, 0x80, 0x7f, 0xf0, 0x3c, 0x2,
    0x1b, 0x44, 0x8, 0x46, 0xef, 0xfa, 0x1, 0x37,
    0x66, 0x4d, 0x12, 0x2f, 0xf8, 0x2, 0x22, 0xf0,
    0x46, 0x67, 0xf9, 0xc0, 0x19, 0x9e, 0x12, 0x33,
    0xff, 0x58, 0x9, 0x9f, 0x80, 0x3f, 0xf8, 0x2,
    0x2, 0x1, 0xfa, 0xf7, 0x7f, 0x51, 0x0, 0x8,
    0x3, 0xe6, 0x22, 0xfc, 0xc0, 0x13, 0x0, 0x7d,
    0xfb, 0xaa, 0x0, 0x6e, 0xdc, 0x6, 0x4, 0x1,
    0xf1, 0x14, 0xe0, 0x24, 0x58, 0x18, 0x3c, 0x3,
    0xff, 0x8d, 0x80, 0x80, 0x1f, 0xfc, 0x65, 0x2,
    0x10, 0x1, 0x8, 0x7, 0xff, 0x4, 0xc4, 0x10,
    0x0, 0xfe, 0xa0, 0x1e, 0x15, 0x9c, 0xf7, 0x7,
    0xe, 0x0, 0x18, 0x90, 0xa, 0x47, 0x80, 0x29,
    0x8c, 0x44, 0x14, 0x8, 0x61, 0xc0, 0x4d, 0xd6,
    0xe4, 0x0, 0x48, 0xce, 0x60, 0x34, 0xd, 0x45,
    0x7, 0x50, 0x2, 0x46, 0x7d, 0xb9, 0x80, 0x69,
    0x11, 0x59, 0x14, 0x79, 0xf6, 0xe6, 0x1, 0xf8,
    0xb1, 0x0, 0xb8, 0x0,

    /* U+5F15 "引" */
    0x0, 0xff, 0xe2, 0x11, 0x0, 0x13, 0xdd, 0xfc,
    0x1, 0xdb, 0xa0, 0x1, 0x88, 0xff, 0x80, 0x3f,
    0x57, 0xff, 0xc0, 0x1f, 0xfe, 0x6e, 0xff, 0x77,
    0x60, 0xf, 0xf8, 0x84, 0x0, 0x23, 0x80, 0x3f,
    0xe7, 0x1, 0xee, 0xf8, 0x40, 0x3f, 0x10, 0x20,
    0x8f, 0xc0, 0x1f, 0xda, 0x1a, 0x1, 0xff, 0xc4,
    0x70, 0x8e, 0xee, 0xfe, 0x30, 0xf, 0x84, 0x80,
    0x2, 0x3c, 0x2, 0x20, 0xf, 0x87, 0xfb, 0xff,
    0xb8, 0x0, 0x40, 0x1f, 0xc2, 0x1, 0xc6, 0x1,
    0xff, 0xc6, 0x60, 0x20, 0xf, 0xfe, 0x21, 0x3,
    0x0, 0x7f, 0xf1, 0x3c, 0x8, 0x3, 0xfe, 0x11,
    0x0, 0x9, 0xc3, 0xc0, 0x3f, 0xe2, 0xef, 0xf6,
    0x88, 0x38, 0x7, 0xfc, 0x64, 0x1, 0x15, 0x8,
    0x7, 0xff, 0x3, 0x7f, 0xed, 0x50, 0xf, 0x7f,
    0x80,

    /* U+5F20 "张" */
    0x0, 0xff, 0x11, 0x0, 0x3f, 0x87, 0xbb, 0xc0,
    0x3, 0xdf, 0x0, 0xe5, 0x61, 0x3, 0x11, 0xf0,
    0x7, 0xf1, 0x54, 0xa8, 0x17, 0xfe, 0x0, 0xff,
    0xb8, 0x15, 0x0, 0x3f, 0xf8, 0x96, 0x65, 0x60,
    0x1f, 0xfc, 0x4b, 0x41, 0xf1, 0x0, 0xa3, 0xfd,
    0xc0, 0x1f, 0x16, 0xa0, 0xe9, 0x0, 0x62, 0x0,
    0x8, 0x7, 0xc4, 0xe5, 0x86, 0x1, 0xc2, 0x19,
    0xff, 0x12, 0x58, 0x12, 0x74, 0x32, 0x26, 0x10,
    0x60, 0x20, 0x9, 0x6d, 0xc0, 0x17, 0x6a, 0xbb,
    0xe4, 0x2, 0x1, 0x0, 0x8d, 0x8c, 0x0, 0xc6,
    0x0, 0x66, 0xe0, 0xb, 0x75, 0xfa, 0xb3, 0xe0,
    0x53, 0x80, 0x33, 0x38, 0xc8, 0x0, 0x44, 0x2,
    0x0, 0xf8, 0xc4, 0xc0, 0x31, 0x7f, 0x74, 0x0,
    0x10, 0xf, 0x58, 0x50, 0x7, 0x84, 0x40, 0x1f,
    0xe6, 0x6, 0x10, 0xf, 0x8c, 0x4, 0x3, 0xe1,
    0x50, 0x90, 0xf, 0x84, 0x8, 0x3, 0xe2, 0x90,
    0x72, 0x0, 0xf2, 0x83, 0x80, 0x63, 0x6c, 0xf3,
    0x50, 0xf1, 0x0, 0xef, 0x3, 0x0, 0x28, 0xc,
    0x98, 0x2, 0xc4, 0xb4, 0x42, 0xf3, 0xc, 0x18,
    0x3, 0x20, 0x3, 0xad, 0x1, 0xd0, 0x37, 0x2,
    0x33, 0xb, 0xa0, 0x8, 0x3, 0x30, 0xa0, 0x11,
    0xec, 0x30, 0x4f, 0xfb, 0xa0, 0x2, 0xef, 0x30,
    0xf, 0x13, 0x80,

    /* U+5F3A "强" */
    0x7, 0xaa, 0xf0, 0x95, 0x57, 0xf1, 0x0, 0x56,
    0xab, 0xe3, 0x65, 0x5f, 0xe1, 0x0, 0xbe, 0xef,
    0x18, 0x6, 0x4e, 0xee, 0x30, 0xe, 0x34, 0x4c,
    0xe0, 0x1c, 0x23, 0xc0, 0x1f, 0xfc, 0x47, 0x44,
    0xe1, 0x0, 0xe1, 0xca, 0x77, 0x30, 0x6, 0x3b,
    0xbe, 0x20, 0xe, 0x43, 0x58, 0x81, 0x0, 0x16,
    0x66, 0x70, 0x4, 0xcc, 0x40, 0x11, 0x1, 0xcc,
    0xe2, 0x16, 0x6a, 0x80, 0x99, 0xa1, 0x0, 0xbc,
    0x21, 0x9b, 0x5, 0xff, 0xda, 0x5, 0xff, 0x90,
    0x0, 0x40, 0xc0, 0x1c, 0xe0, 0x68, 0x40, 0x4,
    0x30, 0xe, 0x60, 0xb8, 0x86, 0xc0, 0x5, 0xb7,
    0xe0, 0x57, 0xa0, 0x1c, 0x60, 0xce, 0xe2, 0x70,
    0xf, 0xfe, 0x1d, 0xc5, 0xdc, 0x1, 0xd7, 0x5c,
    0x5, 0x56, 0x1, 0xc8, 0xe8, 0x90, 0x8, 0x4,
    0xaa, 0x30, 0x2, 0xa8, 0x3, 0xf8, 0x40, 0xc3,
    0x3f, 0xed, 0x1, 0xfa, 0x6f, 0x40, 0xf, 0x10,
    0x30, 0x7, 0xc6, 0x10, 0xcc, 0x0, 0xf9, 0x80,
    0x80, 0x3e, 0x31, 0xa0, 0x91, 0x0, 0xf7, 0x87,
    0x3d, 0xe6, 0xec, 0x3, 0xd0, 0x0, 0xb0, 0xa,
    0xb7, 0x4a, 0xb, 0xe8, 0x64, 0x40, 0xf, 0x94,
    0x80, 0x1e, 0x44, 0x18, 0x2c, 0x78, 0x9a, 0xbd,
    0xef, 0xf8, 0x85, 0xc0, 0xb, 0xfe, 0xe7, 0x4,
    0x87, 0x65, 0x42, 0x10, 0xb, 0xf9, 0x40,

    /* U+5F53 "当" */
    0x0, 0xf8, 0x6a, 0x82, 0x1, 0xf9, 0x5c, 0x3,
    0x1a, 0xa8, 0xc0, 0x35, 0xc1, 0x1d, 0x42, 0x0,
    0x7f, 0x8d, 0x1c, 0x4d, 0xc2, 0x40, 0x3f, 0xd0,
    0x8, 0x61, 0x2, 0x4c, 0x1, 0xf8, 0x90, 0x24,
    0x2, 0x90, 0x80, 0xf, 0xd2, 0xc, 0x40, 0x13,
    0xb, 0x80, 0x7c, 0x2a, 0x30, 0x1, 0x87, 0xa4,
    0x3, 0xe1, 0xef, 0x10, 0x0, 0xff, 0xfb, 0x40,
    0x1b, 0xff, 0x77, 0xf9, 0x0, 0x3f, 0xf8, 0xc3,
    0xbb, 0xff, 0xc2, 0x10, 0x8, 0x8b, 0xff, 0x84,
    0x1, 0xff, 0xc6, 0x10, 0x9, 0x7f, 0xff, 0xf8,
    0x20, 0x1f, 0xfc, 0xa5, 0xff, 0xff, 0xe0, 0x88,
    0x7, 0xff, 0x24, 0x47, 0xff, 0x86, 0x0, 0x8e,
    0xef, 0xfe, 0x10, 0x7, 0xff, 0x26, 0x3f, 0xff,
    0xf8, 0x42, 0x0,

    /* U+5F55 "录" */
    0x0, 0x19, 0xff, 0xf0, 0x54, 0xc0, 0x38, 0xb3,
    0x3f, 0xf8, 0x35, 0x86, 0x1, 0x8d, 0x13, 0xff,
    0x82, 0x1, 0xf0, 0xdd, 0xff, 0xf0, 0x44, 0x4,
    0x3, 0x9b, 0x77, 0xff, 0x80, 0x20, 0x60, 0x1c,
    0x24, 0x5f, 0xfc, 0x0, 0x0, 0x80, 0x73, 0xff,
    0xff, 0xdc, 0x1, 0xe1, 0x22, 0xff, 0xe0, 0xa8,
    0x0, 0x8a, 0x8, 0xdd, 0xff, 0xe0, 0xd8, 0x3,
    0x75, 0x81, 0xc6, 0x7f, 0x8, 0x0, 0xcf, 0xf2,
    0x83, 0xe7, 0xae, 0xe6, 0x60, 0x7, 0xe6, 0x67,
    0xbc, 0xb0, 0xb, 0x9b, 0x98, 0x3, 0xbc, 0x0,
    0x38, 0x90, 0x60, 0x1b, 0x5c, 0x26, 0xc0, 0x31,
    0xc2, 0x79, 0x96, 0x98, 0x7, 0x46, 0x9, 0x2,
    0x80, 0x4f, 0x62, 0xda, 0x40, 0x1f, 0x1e, 0x8f,
    0x40, 0x2, 0xc0, 0x7, 0x20, 0x1f, 0x9b, 0x30,
    0xe2, 0x60, 0x4, 0xa0, 0x3c, 0x30, 0xc, 0x75,
    0xf2, 0x62, 0xfd, 0xc0, 0x9, 0x6c, 0x4f, 0x29,
    0x0, 0x25, 0x3, 0xae, 0x81, 0x0, 0xe4, 0xf5,
    0x5, 0xbc, 0x3, 0x9d, 0xc5, 0x2b, 0xb7, 0x80,
    0x70, 0xd6, 0x28, 0x78, 0x1, 0x88, 0x0, 0x4c,
    0x84, 0x49, 0x0, 0xe3, 0xaf, 0x30, 0xf, 0xb7,
    0xfd, 0xac, 0x1, 0xfe,

    /* U+5F62 "形" */
    0x0, 0xff, 0xe3, 0x18, 0x80, 0x48, 0xef, 0xfe,
    0x60, 0xc, 0x79, 0xc8, 0x0, 0xd8, 0x8f, 0xf8,
    0x2, 0x4d, 0x6, 0x40, 0x6, 0xc2, 0x0, 0x22,
    0xc, 0x0, 0x88, 0x0, 0x1e, 0xc5, 0x64, 0x2,
    0x47, 0x80, 0x47, 0x74, 0x0, 0xbb, 0x16, 0x40,
    0x3d, 0x0, 0x7f, 0xf1, 0x3c, 0xc6, 0xa0, 0x3,
    0xff, 0x8b, 0x8d, 0xea, 0x0, 0x10, 0xf, 0xfe,
    0x18, 0xc8, 0x80, 0x1b, 0xa8, 0x3, 0xce, 0x0,
    0x30, 0x10, 0xf, 0x2c, 0x87, 0x80, 0x3f, 0xd8,
    0x7, 0xfe, 0xd0, 0x7, 0xf8, 0xc0, 0x11, 0x41,
    0x2a, 0x0, 0x11, 0x0, 0x42, 0x20, 0x8, 0x47,
    0x5b, 0x85, 0x30, 0x5, 0xdc, 0xa0, 0x5e, 0xe8,
    0x7, 0xb8, 0x9c, 0x83, 0x8a, 0x1, 0xe3, 0x3,
    0x0, 0xf9, 0x41, 0x7c, 0xc0, 0x3e, 0x10, 0x10,
    0xf, 0x8f, 0xa8, 0x40, 0x19, 0xa8, 0x1, 0x68,
    0x70, 0x7, 0xe1, 0x0, 0xa0, 0xcc, 0xa0, 0x12,
    0x2, 0x80, 0x7f, 0xce, 0xe0, 0xa1, 0x0, 0x18,
    0x88, 0xc0, 0x3f, 0xd1, 0x0, 0x94, 0x0, 0xa4,
    0x10, 0x3, 0xf8, 0xb1, 0xc2, 0x58, 0x2, 0x35,
    0x8, 0x0, 0xfd, 0x1a, 0x61, 0x4c, 0x1, 0xb8,
    0x14, 0x80, 0x3e, 0xb7, 0x3, 0xd5, 0x0, 0xe9,
    0x2a, 0x0, 0xfd, 0x47, 0x38, 0x40, 0x1e, 0x4d,
    0x0, 0xe1, 0xfe, 0x1, 0xc6, 0x0, 0xf8,

    /* U+5F69 "彩" */
    0x0, 0xfe, 0x15, 0x50, 0x7, 0x90, 0x3, 0x84,
    0xd5, 0xe6, 0xfb, 0x95, 0x43, 0x0, 0xcf, 0x7c,
    0x40, 0xe, 0xe6, 0x54, 0x32, 0x9, 0x2c, 0x8,
    0x5, 0x10, 0x8, 0x20, 0x4, 0xa3, 0x3c, 0xde,
    0xfe, 0xd3, 0x90, 0xd, 0xb8, 0x43, 0x0, 0x4f,
    0xf1, 0x3, 0xa7, 0x0, 0x4f, 0x32, 0xfa, 0x5,
    0x38, 0x6, 0x4b, 0xb0, 0x20, 0xc0, 0x1, 0xc5,
    0x30, 0x4b, 0x14, 0x3, 0x91, 0xa, 0xa1, 0x52,
    0x46, 0x16, 0x29, 0x96, 0x98, 0x8, 0x80, 0x34,
    0x84, 0x87, 0x33, 0xd8, 0x40, 0x1, 0x80, 0x3,
    0xbd, 0x0, 0x11, 0x47, 0x4, 0x21, 0x45, 0x8,
    0x6, 0x1d, 0x31, 0xa0, 0xc, 0xe4, 0x4, 0x40,
    0x55, 0x0, 0x64, 0xf3, 0x1c, 0x20, 0x4, 0xdd,
    0xe1, 0xc, 0xbb, 0x94, 0x6a, 0xc4, 0xfc, 0x80,
    0x24, 0x4e, 0x0, 0x12, 0x24, 0x56, 0xa0, 0xf8,
    0x20, 0x1b, 0xf3, 0x21, 0x0, 0xa7, 0x30, 0xd4,
    0xd9, 0x0, 0x1e, 0x23, 0x32, 0x88, 0x5, 0x2e,
    0x62, 0x12, 0x60, 0x1, 0xeb, 0x20, 0x9, 0x24,
    0x2, 0x60, 0xb3, 0x0, 0xf6, 0x8b, 0x10, 0x0,
    0xa8, 0x20, 0x42, 0x1c, 0x34, 0x40, 0x35, 0x18,
    0x70, 0x0, 0xf0, 0x51, 0xc0, 0x28, 0x43, 0x0,
    0x86, 0xd4, 0x28, 0xc0, 0xf0, 0x4e, 0xc0, 0x3a,
    0xb0, 0x41, 0x3d, 0x2, 0x54, 0x0, 0x64, 0x7a,
    0x1, 0xe1, 0x11, 0x55, 0x88, 0x5b, 0x0, 0x6e,
    0xc1, 0x0, 0xfd, 0xea, 0x7, 0xa8, 0x1, 0xc6,
    0x1, 0xfe, 0xf2, 0x9c, 0x20, 0xf, 0xfb, 0xbc,
    0x40, 0x22, 0xd6, 0x0, 0xf8,

    /* U+5F71 "影" */
    0x0, 0xff, 0xe2, 0x90, 0x6, 0xdf, 0xff, 0xe5,
    0x0, 0xcf, 0xb6, 0x1, 0x18, 0x4d, 0x57, 0x10,
    0x7, 0x34, 0x7, 0x80, 0x71, 0x88, 0xf0, 0x7,
    0x3c, 0x84, 0xa0, 0x7, 0x55, 0xdf, 0x10, 0x0,
    0x6a, 0x2, 0x98, 0x3, 0xdd, 0xff, 0xc8, 0x0,
    0xc5, 0x1b, 0x50, 0xf, 0xbb, 0xff, 0x90, 0x1,
    0xe9, 0xe8, 0x1, 0xeb, 0xaa, 0x49, 0x8d, 0x56,
    0x42, 0xb1, 0x0, 0x67, 0x28, 0x31, 0x14, 0x26,
    0x32, 0x45, 0x30, 0x6, 0xb3, 0x32, 0x4, 0x47,
    0x0, 0xe, 0x23, 0x8, 0x16, 0xa0, 0xf8, 0x87,
    0xee, 0xff, 0xc2, 0xda, 0x47, 0xe4, 0x0, 0x1b,
    0xdd, 0xfe, 0x3c, 0x90, 0x5c, 0x10, 0xc, 0x60,
    0xd1, 0x1c, 0x0, 0x18, 0x1a, 0xa0, 0x7, 0xec,
    0x77, 0xe0, 0x9, 0x39, 0x40, 0x3, 0x48, 0x1,
    0xa6, 0xab, 0x80, 0x3f, 0x5a, 0xc0, 0x3, 0x4c,
    0x19, 0x54, 0x8c, 0x66, 0x0, 0xe8, 0x50, 0xe0,
    0x2, 0x85, 0x60, 0x86, 0x23, 0x60, 0x6, 0x97,
    0xb, 0x20, 0x4, 0x18, 0x7, 0xa, 0xa8, 0x2,
    0xb6, 0xa, 0x40, 0x3, 0x29, 0x30, 0x6, 0x80,
    0xb0, 0x4e, 0x40, 0xb5, 0x0, 0xb8, 0x3a, 0x28,
    0x40, 0xc6, 0xe, 0x2c, 0x4b, 0x10, 0x3, 0x47,
    0x18, 0x28, 0x30, 0x83, 0xec, 0x34, 0x69, 0x80,
    0x78, 0x42, 0x3f, 0xd2, 0x1, 0xd2, 0xe0, 0x1f,
    0x0,

    /* U+5F84 "径" */
    0x0, 0xe2, 0x0, 0xff, 0xe4, 0x16, 0xe8, 0x48,
    0xcf, 0xf2, 0x90, 0x7, 0x87, 0xc1, 0x6, 0xf3,
    0x3f, 0x56, 0xb0, 0x6, 0x2c, 0x24, 0x90, 0xf4,
    0x4f, 0x80, 0x24, 0x0, 0x93, 0x9, 0x2c, 0x0,
    0xd7, 0x7e, 0xd0, 0x4, 0x90, 0x5, 0xe2, 0xb6,
    0x46, 0x1, 0xf3, 0xc8, 0x3b, 0x0, 0x69, 0x8a,
    0xe, 0xc6, 0x0, 0xc3, 0x70, 0x11, 0x0, 0xe,
    0x27, 0x7, 0x32, 0x60, 0x9, 0xf9, 0x0, 0x16,
    0x80, 0x1f, 0x2c, 0x7, 0x0, 0x1b, 0xa0, 0x16,
    0x4c, 0xd7, 0xaa, 0x1, 0x92, 0x80, 0x7, 0x3d,
    0x22, 0x79, 0x4d, 0x96, 0x65, 0x56, 0x0, 0x6b,
    0x0, 0xc2, 0x23, 0xbc, 0x30, 0x9, 0x32, 0x87,
    0x40, 0x64, 0xc, 0x2, 0x8b, 0xf7, 0x33, 0xf9,
    0xb5, 0x80, 0x55, 0x5c, 0x1, 0xb7, 0x33, 0xfd,
    0x0, 0x15, 0xd0, 0x7, 0x7a, 0xae, 0x0, 0xa,
    0xad, 0x80, 0x10, 0x80, 0x79, 0xaa, 0xb0, 0x86,
    0xd5, 0x4e, 0x1, 0xff, 0xff, 0x8a, 0xae, 0x10,
    0xda, 0xae, 0x0, 0xfc, 0xab, 0xe0, 0x0, 0xaa,
    0xf0, 0x7, 0xff, 0x2c,

    /* U+5F85 "待" */
    0x0, 0xe5, 0x10, 0xf, 0x3b, 0x84, 0x3, 0xfc,
    0xd5, 0xe0, 0x1e, 0x98, 0x30, 0xf, 0xe5, 0x90,
    0xa0, 0xf, 0xfe, 0x2a, 0xd0, 0x4a, 0x4, 0x6e,
    0xe1, 0xd, 0xde, 0x10, 0x4, 0xd0, 0x43, 0x0,
    0x8, 0xb8, 0x2, 0x22, 0xc0, 0x12, 0x84, 0xba,
    0x28, 0x57, 0xfe, 0x0, 0x67, 0xfe, 0x10, 0x7,
    0x63, 0xd, 0x51, 0x0, 0x38, 0x40, 0x40, 0x3e,
    0x23, 0xa, 0x15, 0x38, 0x8e, 0x10, 0x98, 0x8e,
    0x0, 0xd4, 0x81, 0x52, 0xef, 0xc0, 0x4, 0x77,
    0xe1, 0x0, 0x52, 0x80, 0x57, 0x33, 0xf8, 0x0,
    0xf3, 0x21, 0x16, 0x28, 0x0, 0x41, 0x59, 0xbf,
    0x8, 0x53, 0x30, 0xc, 0xc1, 0x20, 0x14, 0x66,
    0x7e, 0x10, 0xcc, 0x58, 0x13, 0x5b, 0x80, 0x46,
    0x7f, 0xc0, 0x1, 0x34, 0x0, 0x4a, 0x0, 0x6a,
    0xdd, 0x56, 0xef, 0x0, 0x2b, 0x74, 0x1, 0xf8,
    0x4b, 0xa8, 0x48, 0xb0, 0x83, 0x91, 0x0, 0x3f,
    0xc8, 0x1c, 0x1, 0xff, 0xc7, 0x82, 0x24, 0x0,
    0x7f, 0xf1, 0xe4, 0x18, 0x3, 0xff, 0x8e, 0x8f,
    0x80, 0x1f, 0xfc, 0x88, 0x2d, 0xee, 0x8, 0x10,
    0x7, 0xff, 0x11, 0x4, 0x68, 0x0, 0xf8, 0x7b,
    0x80, 0x1f, 0x4f, 0xfb, 0x9c, 0x3, 0x0,

    /* U+5F88 "很" */
    0x0, 0xe7, 0x30, 0xf, 0xfe, 0x3b, 0x46, 0x10,
    0xef, 0xe6, 0x7e, 0x40, 0xe, 0x59, 0xa, 0x20,
    0x20, 0x33, 0xfc, 0x20, 0x19, 0xa8, 0x1d, 0x40,
    0x37, 0xff, 0x90, 0x3, 0xa6, 0x40, 0xf0, 0x1,
    0x84, 0x3, 0xff, 0x80, 0x61, 0x30, 0x8e, 0x20,
    0x1, 0xaa, 0xf2, 0x0, 0x75, 0xe3, 0xd, 0x43,
    0x0, 0x4a, 0xbe, 0x0, 0xf0, 0x98, 0x58, 0x9b,
    0x80, 0x5f, 0xfe, 0x40, 0xf, 0xa5, 0x43, 0x80,
    0x21, 0x0, 0xff, 0xe0, 0xcb, 0x0, 0x8, 0x2,
    0x1c, 0xcf, 0x28, 0x7, 0x5b, 0x0, 0x7e, 0x33,
    0xf0, 0x80, 0x62, 0x40, 0x60, 0xf, 0xbf, 0x40,
    0xff, 0xee, 0x70, 0x1, 0x34, 0x40, 0x3, 0xc2,
    0x4, 0x66, 0x10, 0x5, 0x61, 0x0, 0x25, 0xc0,
    0x3f, 0xd4, 0x12, 0x7a, 0x86, 0x1, 0xff, 0xc3,
    0x70, 0x7c, 0x25, 0xd2, 0x0, 0xff, 0xe1, 0xb,
    0x80, 0x2a, 0x80, 0x1f, 0xfc, 0x58, 0x10, 0xf0,
    0xf, 0xfe, 0x22, 0x42, 0xd0, 0x2d, 0x88, 0x7,
    0xf9, 0x0, 0x7e, 0xdc, 0x92, 0x41, 0x3d, 0x80,
    0x3f, 0xa8, 0x2, 0x37, 0x50, 0x6b, 0x1, 0xb1,
    0x0, 0xfc, 0xc5, 0x5d, 0x90, 0x40, 0x4, 0xe5,
    0xe1, 0x0, 0x87, 0xfc, 0x0, 0x9d, 0x51, 0x0,
    0xf0, 0xd1, 0x80,

    /* U+5F97 "得" */
    0x0, 0xe5, 0x20, 0xf, 0xfe, 0x3a, 0x56, 0x98,
    0x77, 0xff, 0xf6, 0x0, 0x72, 0x58, 0x41, 0x80,
    0x4c, 0xde, 0x50, 0x10, 0xc, 0xb6, 0xc, 0xe0,
    0x1a, 0x26, 0x7c, 0x1, 0xd3, 0x40, 0xd2, 0x1,
    0xdd, 0xff, 0xd8, 0x1, 0xc4, 0x11, 0x24, 0xe2,
    0x1, 0x3c, 0x47, 0x30, 0x7, 0x4e, 0x38, 0x7c,
    0x48, 0x5, 0x2e, 0xfd, 0x40, 0x1c, 0x46, 0x12,
    0x44, 0x80, 0xb, 0xbf, 0xfb, 0x0, 0x3e, 0x76,
    0xf, 0x0, 0x4b, 0xbf, 0xf5, 0x0, 0x67, 0x80,
    0x1, 0x1, 0xa5, 0xdf, 0xf2, 0x10, 0x2, 0x60,
    0x3, 0xe, 0x67, 0xff, 0x3, 0x80, 0xd8, 0x14,
    0x2, 0x17, 0x7f, 0x98, 0x0, 0xee, 0xa0, 0x34,
    0x7b, 0x0, 0xd1, 0x1f, 0x80, 0x11, 0x6, 0x0,
    0x5c, 0x0, 0x68, 0xdd, 0xfb, 0xc0, 0x1b, 0xb1,
    0x0, 0x7c, 0x24, 0x5f, 0x8, 0x0, 0x8a, 0x0,
    0xfd, 0x3f, 0x8b, 0xdf, 0xf7, 0x0, 0x3f, 0xe2,
    0x0, 0xfe, 0xa5, 0xd0, 0xf, 0xfe, 0x3c, 0xa1,
    0xd8, 0x7, 0xff, 0x1e, 0x85, 0xc0, 0x3f, 0xf8,
    0xe3, 0x98, 0xac, 0xc0, 0x8, 0x7, 0xff, 0xc,
    0x80, 0x8c, 0x86, 0x0, 0x3e, 0x1f, 0xf0, 0x7,
    0xd1, 0xfe, 0xe6, 0x0, 0xc0,

    /* U+5FAA "循" */
    0x0, 0xd2, 0x80, 0x1f, 0xe1, 0x43, 0x0, 0xe8,
    0x68, 0x0, 0x9, 0x1a, 0xbc, 0xe7, 0x72, 0xf1,
    0x40, 0x24, 0x70, 0xe0, 0xfe, 0xdc, 0xa8, 0x63,
    0x13, 0x7a, 0x70, 0x1, 0x50, 0x51, 0x0, 0x4f,
    0x35, 0x9a, 0x0, 0xc8, 0x52, 0x2, 0xc1, 0x75,
    0x0, 0x8, 0x43, 0x29, 0x90, 0x7, 0xc4, 0x6f,
    0x10, 0xc3, 0x0, 0x5d, 0xec, 0x0, 0x5d, 0xe9,
    0xc, 0x82, 0x73, 0x20, 0x2, 0x26, 0x30, 0x2,
    0x27, 0x0, 0x87, 0x3, 0x88, 0x3, 0xbf, 0xec,
    0x2, 0xff, 0xda, 0x0, 0x93, 0x9, 0x0, 0x84,
    0x2, 0x70, 0x70, 0xf, 0x3b, 0x0, 0x7d, 0x37,
    0x70, 0x2d, 0xdd, 0x40, 0xb0, 0x1, 0xf9, 0x51,
    0x0, 0x12, 0x26, 0x7, 0x6, 0x20, 0xf, 0xdd,
    0xff, 0xb8, 0x2, 0x29, 0x90, 0x7, 0xf4, 0xbb,
    0xe9, 0x0, 0xcc, 0x1, 0xc2, 0x20, 0x9, 0xe2,
    0x33, 0x80, 0x7f, 0xc6, 0x1, 0x77, 0xfe, 0xe0,
    0xf, 0xe2, 0x1, 0x0, 0xa5, 0xdf, 0x48, 0x7,
    0xf3, 0x3, 0x0, 0x4f, 0x11, 0x9c, 0x3, 0xf8,
    0x83, 0x40, 0x2e, 0xff, 0xdc, 0x1, 0xfd, 0xe0,
    0x40, 0x15, 0x57, 0x80, 0x3f, 0x90, 0x10, 0x2,
    0x45, 0x5c, 0x80, 0x1f, 0xd4, 0x62, 0x1, 0x77,
    0xfe, 0xe0, 0x30, 0xd, 0xbe, 0x2f, 0x80, 0xc,
    0xf1, 0x0, 0xc3, 0xfa, 0x0,

    /* U+5FAE "微" */
    0x0, 0xcc, 0x20, 0x12, 0xc0, 0x6, 0x46, 0x10,
    0xf, 0xa6, 0x56, 0x1, 0x7b, 0x0, 0x6e, 0x95,
    0x0, 0xf2, 0xb0, 0xdb, 0x60, 0x6, 0x95, 0x6,
    0x5, 0x0, 0xe3, 0xa0, 0xa1, 0xe3, 0x0, 0xca,
    0x40, 0x40, 0x20, 0x18, 0xb0, 0x21, 0x0, 0x3f,
    0x84, 0x44, 0x1, 0xc6, 0x2e, 0xea, 0xa0, 0x80,
    0x7c, 0x80, 0x5f, 0xf8, 0xc7, 0xe0, 0xd5, 0xc4,
    0x3d, 0x47, 0xcc, 0x30, 0x0, 0x80, 0x10, 0x80,
    0x87, 0x4, 0x6a, 0x27, 0x89, 0x83, 0xad, 0x82,
    0xc8, 0x1, 0x4, 0xa, 0xab, 0xbf, 0x30, 0x0,
    0x80, 0x81, 0x80, 0xa, 0xe0, 0x17, 0x7f, 0xfb,
    0x0, 0xa, 0xc, 0x4, 0x7, 0x40, 0x19, 0x4c,
    0xfc, 0x86, 0x1e, 0x24, 0x60, 0x6, 0x5, 0x10,
    0x5, 0xe6, 0xe6, 0x37, 0x57, 0xa4, 0x8a, 0x8,
    0x0, 0x57, 0xa0, 0xd, 0xfd, 0xfe, 0xee, 0x0,
    0xa1, 0x78, 0x60, 0x5, 0x0, 0x1f, 0x33, 0x0,
    0x36, 0x2, 0xa, 0x0, 0x7f, 0x10, 0xcc, 0x90,
    0x0, 0x2a, 0x0, 0x70, 0xf, 0xf1, 0x98, 0x3,
    0x5c, 0x0, 0x5e, 0x1, 0xfe, 0x11, 0x0, 0x10,
    0x13, 0x9c, 0x1, 0x40, 0x1f, 0xc8, 0xa, 0x4,
    0x0, 0xc2, 0x80, 0x13, 0x80, 0xf, 0xde, 0x1a,
    0x4, 0x3c, 0xd4, 0x17, 0xa0, 0xee, 0x0, 0xf1,
    0xa1, 0x20, 0x3, 0x9e, 0x82, 0x50, 0xe0, 0x20,
    0x80, 0x38, 0xe3, 0x80, 0x33, 0x1d, 0xb0, 0x1,
    0xe2, 0x48, 0x2, 0xef, 0x7, 0x30, 0xe, 0xc4,
    0x0, 0xce, 0xc0,

    /* U+5FB7 "德" */
    0x0, 0xe7, 0x10, 0xf, 0x4d, 0x18, 0x7, 0xfa,
    0x63, 0x40, 0x3c, 0xea, 0x1, 0xfe, 0x66, 0xe,
    0xd7, 0xff, 0x8, 0x67, 0xff, 0x10, 0x1, 0x24,
    0x34, 0x75, 0x13, 0x18, 0x1, 0x13, 0xc6, 0x9,
    0x61, 0x46, 0xf, 0x77, 0xbc, 0xe, 0xef, 0xc2,
    0x14, 0x12, 0xae, 0xc3, 0x5b, 0xb6, 0x1, 0xee,
    0xf2, 0x80, 0x2e, 0x58, 0xa2, 0x41, 0x89, 0x84,
    0xd, 0x8, 0xd8, 0x48, 0xc0, 0xa, 0xc1, 0x0,
    0xe2, 0x5, 0x70, 0x1f, 0x64, 0x97, 0x20, 0x1e,
    0x55, 0x4, 0x0, 0x7f, 0xf1, 0x4a, 0x80, 0x38,
    0xe7, 0xc2, 0x64, 0x6f, 0x3c, 0x1, 0xdc, 0x0,
    0x20, 0x8, 0x59, 0x1, 0x58, 0x49, 0x90, 0x3,
    0x59, 0x80, 0x76, 0x7f, 0xff, 0xcc, 0x0, 0x60,
    0xa0, 0xb, 0xbf, 0xff, 0xf8, 0x28, 0x13, 0x48,
    0x1, 0x22, 0x78, 0x8d, 0x13, 0xce, 0x8, 0xa0,
    0x1a, 0xae, 0xf4, 0x12, 0x5d, 0xf8, 0xc0, 0x3f,
    0x28, 0x11, 0x98, 0x9c, 0x40, 0x65, 0x0, 0x3f,
    0x92, 0x9b, 0xb0, 0x2c, 0x18, 0xd, 0xa4, 0x3,
    0xfb, 0x81, 0xc0, 0x26, 0xb7, 0x40, 0x82, 0x70,
    0xf, 0x89, 0x50, 0x40, 0x32, 0x7, 0x6b, 0xc,
    0x80, 0x7d, 0x41, 0xe0, 0xe1, 0x73, 0x2a, 0x52,
    0x17, 0x2, 0x0, 0xf4, 0x5a, 0x7, 0x92, 0x33,
    0x14, 0x60, 0x23, 0x88,

    /* U+5FC3 "心" */
    0x0, 0xf8, 0x48, 0x3, 0xff, 0x8c, 0x39, 0xac,
    0x1, 0xff, 0xc5, 0x14, 0x9, 0xb1, 0x0, 0xff,
    0xe2, 0x4d, 0x2, 0x79, 0x80, 0x7f, 0xf1, 0x17,
    0x48, 0x71, 0x40, 0x3f, 0xf8, 0x85, 0x88, 0x16,
    0x1, 0xff, 0xc0, 0x3c, 0xa0, 0x0, 0xda, 0xe0,
    0x7, 0xf1, 0x80, 0x1c, 0xdc, 0x3, 0x51, 0x0,
    0x1b, 0x4, 0x2, 0x2c, 0xe0, 0xf, 0xfe, 0x5,
    0x9b, 0x0, 0x4c, 0x6, 0x1, 0xff, 0xc0, 0xb0,
    0x90, 0x8, 0x81, 0xc0, 0x3f, 0xf8, 0xc, 0x2,
    0x80, 0xc, 0xd, 0x0, 0xff, 0xe0, 0xa8, 0x70,
    0x1, 0xc0, 0xc0, 0x3f, 0xf8, 0x3e, 0xa, 0x2,
    0x40, 0xa0, 0x1f, 0xfc, 0x15, 0x0, 0x22, 0x0,
    0x44, 0x1, 0xfe, 0x3e, 0x60, 0x40, 0xdf, 0x4,
    0x0, 0xff, 0x98, 0x70, 0x30, 0xb3, 0x93, 0xc0,
    0x3f, 0xe2, 0x3, 0x7, 0xd5, 0x4b, 0x50, 0x3,
    0x81, 0x8, 0x7, 0x58, 0x78, 0x7, 0xf1, 0x0,
    0x3b, 0xff, 0x8c, 0x1c, 0x3, 0xf8, 0x68, 0x80,
    0x3c, 0x56, 0x20, 0x18,

    /* U+5FC5 "必" */
    0x0, 0xff, 0xe8, 0xb7, 0x20, 0x7, 0xff, 0x1e,
    0x86, 0xe4, 0x3, 0xd6, 0xc0, 0x1f, 0xec, 0x80,
    0x6d, 0x20, 0x9, 0xd2, 0x44, 0x3, 0xfc, 0xf6,
    0x25, 0xa8, 0x3, 0x21, 0x2, 0x1, 0xff, 0x27,
    0x98, 0xb0, 0x58, 0x93, 0x80, 0x7f, 0x27, 0xf0,
    0xe, 0x60, 0x91, 0x42, 0x40, 0x3e, 0xb8, 0x0,
    0xf8, 0x86, 0x81, 0x90, 0x3, 0xc2, 0x8e, 0x1,
    0xfb, 0x44, 0xa2, 0x6, 0x1, 0xc8, 0x6, 0x1,
    0xf4, 0x98, 0x7c, 0x3f, 0x0, 0x76, 0x2, 0x0,
    0x7a, 0x18, 0x2c, 0xa0, 0x49, 0xc0, 0x33, 0x85,
    0x80, 0x73, 0xb8, 0x25, 0x0, 0x64, 0x24, 0x2,
    0x41, 0x11, 0x80, 0x68, 0x80, 0x43, 0x0, 0x4e,
    0x22, 0x80, 0x7, 0x83, 0x80, 0x61, 0x70, 0x87,
    0x0, 0xe9, 0x6, 0x1, 0x0, 0x58, 0x0, 0x80,
    0x29, 0x70, 0xf, 0x38, 0xa, 0x8d, 0xf1, 0x2,
    0xc8, 0x2, 0xd8, 0x3, 0x25, 0xa0, 0x33, 0x10,
    0x0, 0x22, 0xaa, 0x0, 0x48, 0x1, 0xc2, 0x9e,
    0x13, 0x21, 0x0, 0x47, 0x28, 0x18, 0x8, 0x7,
    0x88, 0x8, 0x3, 0xb5, 0xc0, 0xf7, 0xc0, 0x4c,
    0x47, 0x15, 0x7, 0x80, 0x74, 0x95, 0xe1, 0x18,
    0x3, 0x3b, 0xb6, 0x90, 0x38, 0x7, 0x26, 0xa0,
    0x5, 0x44, 0x1, 0xe2, 0xa1, 0x0, 0xc0,

    /* U+5FEB "快" */
    0x0, 0x85, 0x94, 0x3, 0xc2, 0xca, 0x1, 0xfe,
    0x29, 0x80, 0xf, 0x1c, 0xd8, 0x7, 0xff, 0x74,
    0x40, 0x40, 0x3f, 0x84, 0x0, 0x72, 0xa9, 0xff,
    0x60, 0x3, 0xff, 0x70, 0x4, 0x7d, 0x60, 0x69,
    0x0, 0x23, 0x0, 0x42, 0x30, 0x7, 0x30, 0x78,
    0x2, 0x88, 0x3b, 0xad, 0x1, 0xee, 0x60, 0x7,
    0x68, 0x18, 0x1, 0x83, 0x80, 0x3f, 0xf8, 0x48,
    0x2e, 0x0, 0x18, 0x90, 0x8, 0x40, 0x3f, 0x84,
    0xd0, 0x3, 0x39, 0x80, 0x71, 0x80, 0x7e, 0x8f,
    0x0, 0xc5, 0x99, 0xc0, 0x5d, 0x98, 0x1, 0xc7,
    0x17, 0x50, 0xc, 0x26, 0x78, 0x2, 0x13, 0x10,
    0x1, 0xf0, 0x7, 0xc7, 0x99, 0x8c, 0x2, 0xcc,
    0xe8, 0x0, 0xfc, 0x67, 0x84, 0x2, 0x73, 0x3c,
    0x20, 0x1f, 0xf1, 0x90, 0x38, 0x40, 0x7, 0xff,
    0x12, 0x1, 0xa4, 0xd, 0xc0, 0x3f, 0xf8, 0x4c,
    0x81, 0x63, 0x1, 0x8, 0x1, 0xff, 0xc0, 0x59,
    0x8, 0x20, 0x73, 0xb, 0x50, 0xf, 0xf4, 0x50,
    0x2b, 0x80, 0x5a, 0x21, 0x54, 0x20, 0xf, 0xb5,
    0xc1, 0xa8, 0x3, 0xe, 0x10, 0x2d, 0x0, 0x7d,
    0xc3, 0x52, 0x1, 0xe2, 0xd7, 0x48, 0x0, 0x8f,
    0xf4, 0xf, 0x94, 0x3, 0xfa, 0x2c, 0x0,

    /* U+6001 "态" */
    0x0, 0xff, 0x77, 0x88, 0x7, 0xff, 0x18, 0x84,
    0x4, 0x3, 0xff, 0x8c, 0xe0, 0x40, 0x1f, 0xf5,
    0xee, 0xfd, 0x40, 0x5f, 0xbb, 0xf5, 0x80, 0x18,
    0x8b, 0xe0, 0xc, 0x45, 0xf2, 0x80, 0x33, 0x77,
    0xd8, 0x1, 0x9b, 0x77, 0xde, 0x0, 0x12, 0x2f,
    0x58, 0x1e, 0x3, 0x1, 0x17, 0x8, 0x7, 0xe3,
    0x70, 0x93, 0x50, 0xe0, 0xf, 0xfe, 0x9, 0x68,
    0x22, 0x85, 0x89, 0xe0, 0x80, 0x7f, 0x97, 0x4,
    0x89, 0x42, 0x2d, 0x3, 0xf4, 0x0, 0xf9, 0x32,
    0x84, 0xe1, 0xd7, 0xd0, 0xf0, 0x45, 0x78, 0xa0,
    0x14, 0x75, 0x98, 0x3e, 0x2f, 0x98, 0xdb, 0x1e,
    0x20, 0x1d, 0x68, 0x3, 0xc4, 0x4d, 0xd0, 0x0,
    0x18, 0x54, 0x70, 0x2b, 0xb2, 0x4, 0x80, 0x1e,
    0xfa, 0x44, 0x2, 0xbb, 0x15, 0x88, 0x4, 0xd3,
    0xc8, 0x1, 0x27, 0x49, 0x7f, 0x4, 0x3, 0xb8,
    0x2, 0x6d, 0x91, 0x0, 0xc6, 0x2a, 0x1, 0x8e,
    0xc2, 0x10, 0x0, 0xc2, 0x86, 0x1, 0xac, 0x10,
    0x3, 0x92, 0x3, 0x81, 0x5, 0x82, 0x40, 0x33,
    0x5, 0x80, 0x79, 0xea, 0x81, 0xdc, 0xd0, 0x52,
    0x0, 0x28, 0x88, 0xcc, 0x2, 0x1, 0x94, 0x0,
    0x80, 0x88, 0x5, 0x0, 0x70, 0x48, 0x8, 0x83,
    0xfb, 0xbb, 0xc4, 0x87, 0x82, 0xc0, 0x17, 0x2e,
    0x0, 0xa2, 0x1, 0x1e, 0x3, 0xe0, 0x4b, 0xc0,

    /* U+600E "怎" */
    0x0, 0xc2, 0x80, 0x1f, 0xfc, 0x76, 0xbc, 0x0,
    0xff, 0xe3, 0x50, 0x50, 0x7, 0xff, 0x15, 0x48,
    0x27, 0xff, 0xff, 0x80, 0xe0, 0x1a, 0x0, 0x6,
    0x1, 0x19, 0xff, 0x10, 0x5, 0x24, 0x4f, 0xcc,
    0x0, 0xe6, 0x7f, 0x28, 0x1, 0x58, 0x38, 0x3,
    0xd, 0xdf, 0xe3, 0x0, 0x2d, 0x4, 0x18, 0x7,
    0x22, 0x7e, 0x70, 0x3, 0x13, 0x38, 0x7, 0xf,
    0xff, 0xe4, 0x0, 0x1e, 0xc8, 0x7, 0x86, 0xab,
    0xf4, 0x0, 0x7f, 0xf0, 0x15, 0x7f, 0x80, 0x3f,
    0xf8, 0x1d, 0xdf, 0xb0, 0x3, 0xf8, 0x40, 0x2,
    0x3f, 0xc0, 0x1f, 0xc4, 0x81, 0x40, 0x1c, 0x46,
    0x1, 0xda, 0xe3, 0xdc, 0xf, 0x5, 0xc1, 0x0,
    0x2e, 0xe8, 0x3, 0x21, 0x60, 0x8, 0x81, 0x34,
    0x4f, 0x0, 0xa, 0x22, 0x50, 0xb, 0x83, 0x0,
    0x38, 0xb0, 0x6c, 0x8, 0x24, 0x20, 0x2, 0x50,
    0x50, 0xf, 0x17, 0xb0, 0x56, 0x90, 0x12, 0x3,
    0x1, 0x10, 0x3, 0xe1, 0x0, 0x21, 0xa, 0x87,
    0x87, 0x85, 0x0, 0x88, 0x3f, 0xbb, 0xc6, 0x9,
    0xc0, 0xa1, 0x38, 0xc0, 0xa, 0x30, 0x11, 0xf1,
    0x50, 0x25, 0xf0, 0x0,

    /* U+601D "思" */
    0x0, 0xab, 0x33, 0xff, 0x85, 0x60, 0x1e, 0x43,
    0x3f, 0xfe, 0x12, 0x80, 0x7e, 0xde, 0xeb, 0x40,
    0x1d, 0xdb, 0x0, 0x3f, 0xc6, 0x23, 0x18, 0x0,
    0x47, 0x80, 0x3f, 0xd7, 0x55, 0x80, 0x15, 0x5a,
    0x0, 0x3f, 0xca, 0xb9, 0x0, 0xa, 0xbc, 0x1,
    0xfe, 0xde, 0xeb, 0x40, 0x1d, 0xdb, 0x0, 0x3f,
    0xc6, 0x23, 0x18, 0x0, 0x47, 0x80, 0x3f, 0xc6,
    0x23, 0x18, 0x0, 0x47, 0x80, 0x3f, 0xdb, 0xdd,
    0x68, 0x3, 0xbb, 0x60, 0x7, 0xe4, 0x4f, 0xfe,
    0x20, 0x7, 0xaa, 0xef, 0x9c, 0xaa, 0xef, 0xd4,
    0x1, 0xff, 0x21, 0xb7, 0xa0, 0x7, 0x8, 0x7,
    0xae, 0x2, 0x69, 0x79, 0x6, 0xdc, 0x0, 0x9d,
    0x40, 0x1c, 0x48, 0xc0, 0xea, 0x43, 0x6e, 0x10,
    0x40, 0xa0, 0x8c, 0x1, 0xa8, 0x1c, 0x3, 0xd1,
    0x36, 0x48, 0x30, 0x10, 0x20, 0x13, 0x85, 0x0,
    0x7c, 0xc8, 0x57, 0x8c, 0x43, 0x0, 0x9, 0x3,
    0x30, 0x7, 0xf2, 0x3, 0x84, 0x3, 0x0, 0x4,
    0x3c, 0x0, 0x41, 0x9d, 0xdd, 0x21, 0xa0, 0xa4,
    0xe2, 0x11, 0xc6, 0x0, 0xf3, 0x1, 0x1f, 0x2b,
    0x0, 0x36, 0x4,

    /* U+6027 "性" */
    0x0, 0x85, 0x94, 0x3, 0xf2, 0xa0, 0x7, 0xf1,
    0x4d, 0x80, 0x65, 0x30, 0x2a, 0xa0, 0x7, 0xff,
    0x12, 0xb0, 0x40, 0x3f, 0xf8, 0xc6, 0x4, 0x20,
    0x1f, 0xe1, 0x37, 0x0, 0x53, 0x2, 0x83, 0x80,
    0x7f, 0xcb, 0x98, 0x0, 0x34, 0x6, 0x82, 0xfe,
    0x80, 0xff, 0xeb, 0x0, 0x10, 0x70, 0x2, 0x85,
    0xd0, 0x3, 0xff, 0x83, 0xe0, 0x40, 0x6, 0x8,
    0x3, 0xff, 0x68, 0xf, 0xfe, 0xb0, 0x2, 0x8b,
    0x80, 0x5a, 0x41, 0x40, 0x1f, 0xfc, 0x3, 0x40,
    0xc, 0x6e, 0x2c, 0x1, 0xff, 0xb, 0x78, 0x6,
    0x1a, 0xe0, 0xf, 0xfe, 0x0, 0xca, 0x80, 0x7a,
    0x7b, 0xad, 0x1, 0xee, 0xc6, 0x1, 0xfe, 0x31,
    0x18, 0x2, 0x11, 0xc0, 0x1f, 0xf5, 0x7f, 0xd8,
    0x0, 0xff, 0xc6, 0x1, 0xff, 0xc2, 0x10, 0x10,
    0xf, 0xff, 0xf8, 0x6, 0x4f, 0xfe, 0xd0, 0x1f,
    0xfe, 0x40, 0xf, 0x84, 0x3, 0xff, 0x82, 0x20,
    0x1f, 0x2f, 0xff, 0xff, 0x5, 0x40,

    /* U+603B "总" */
    0x0, 0xf8, 0x40, 0x3c, 0x22, 0x0, 0xff, 0x93,
    0xf0, 0x3, 0xd1, 0xd2, 0x1, 0xfe, 0x42, 0x24,
    0x80, 0x61, 0x60, 0xc0, 0xf, 0xfb, 0x81, 0x88,
    0x2, 0x80, 0x35, 0x0, 0xff, 0x8c, 0xc2, 0xc0,
    0x3, 0x60, 0xf0, 0xf, 0xe1, 0xff, 0x8c, 0x6f,
    0xfd, 0x80, 0xc, 0xff, 0x18, 0x7, 0xf0, 0x8f,
    0xc0, 0x1, 0x0, 0xff, 0xe0, 0x67, 0x77, 0xbf,
    0xe0, 0xf, 0xff, 0x66, 0x77, 0x7e, 0xf0, 0xf,
    0xfe, 0x0, 0x8f, 0xf8, 0x3, 0xf8, 0x7f, 0xfb,
    0x4e, 0xbf, 0xfc, 0x60, 0x1f, 0xca, 0xa1, 0xa3,
    0xa7, 0x0, 0xc6, 0x60, 0xe, 0x5d, 0x70, 0xaa,
    0x2c, 0x48, 0x43, 0x80, 0xf, 0x34, 0x40, 0x36,
    0x10, 0x7, 0x9a, 0x42, 0xc, 0xd, 0x46, 0xc0,
    0x33, 0x82, 0x0, 0x79, 0xa1, 0xcc, 0x1, 0x60,
    0xa8, 0x0, 0x41, 0x11, 0x80, 0x7c, 0xf0, 0x11,
    0x65, 0x1, 0x0, 0x8, 0x7, 0x0, 0x8, 0x8,
    0x7, 0x8d, 0x19, 0xc4, 0xc4, 0x28, 0xa0, 0x0,
    0x41, 0x5d, 0xde, 0x40, 0x40, 0xbe, 0x10, 0x6d,
    0x10, 0x7, 0x20, 0x8f, 0xc5, 0x22, 0xa, 0x20,

    /* U+606F "息" */
    0x0, 0xfe, 0x1c, 0x93, 0x0, 0xff, 0xe3, 0x39,
    0xb9, 0x0, 0x7f, 0xf0, 0x62, 0x67, 0x80, 0x62,
    0x67, 0x40, 0x7, 0xe6, 0x6e, 0x0, 0x99, 0xbc,
    0x1, 0xfe, 0xef, 0xff, 0xd8, 0x1, 0xff, 0xc0,
    0x88, 0xfe, 0xa0, 0xf, 0xfe, 0x3, 0x3b, 0xfe,
    0x60, 0xf, 0xfe, 0x7, 0x7f, 0xfe, 0xc0, 0xf,
    0xfe, 0x4, 0x47, 0xf5, 0x0, 0x7f, 0xf0, 0x19,
    0xdf, 0xf3, 0x0, 0x7f, 0xf0, 0x3b, 0xff, 0xf6,
    0x0, 0x7f, 0xf0, 0x22, 0x67, 0xf8, 0x3, 0xff,
    0x80, 0xcd, 0xfc, 0xa0, 0x1f, 0xee, 0xff, 0xd2,
    0x11, 0xff, 0xdc, 0x1, 0xf1, 0x81, 0x2a, 0x2,
    0x84, 0x28, 0x6, 0x7b, 0x0, 0xe6, 0xc9, 0x4a,
    0xf0, 0x39, 0xa, 0x20, 0xa, 0x51, 0x80, 0x35,
    0x6, 0x0, 0x73, 0x28, 0x28, 0x28, 0x58, 0x40,
    0x4, 0x66, 0x15, 0x0, 0xf5, 0xd3, 0x84, 0x7a,
    0x10, 0xb8, 0x2, 0x1, 0x80, 0xc1, 0xc0, 0x21,
    0x50, 0x12, 0x1, 0xb0, 0xa0, 0x3, 0x84, 0x83,
    0x1, 0xff, 0x77, 0x81, 0x1, 0xd6, 0x40, 0x19,
    0xa2, 0x7, 0x4, 0x2, 0x3c, 0x9, 0x20, 0x34,
    0x80,

    /* U+60AC "悬" */
    0x0, 0xcb, 0x11, 0xff, 0xc0, 0x10, 0xf, 0xbd,
    0xdf, 0xff, 0x80, 0x40, 0x1f, 0xd3, 0xdd, 0xf8,
    0x3, 0xff, 0x81, 0x3d, 0xdf, 0x80, 0x3f, 0xf8,
    0xb, 0x77, 0xf8, 0x3, 0xff, 0x80, 0xe6, 0x7f,
    0x80, 0x3f, 0xf8, 0x5, 0x33, 0xf8, 0x3, 0xff,
    0x81, 0x5d, 0xdf, 0x84, 0x3, 0xdf, 0xf2, 0x85,
    0x7f, 0xfe, 0x10, 0xcf, 0xf5, 0x2, 0xae, 0x40,
    0x8, 0xd5, 0x63, 0x0, 0x2a, 0xec, 0xa, 0xab,
    0x14, 0x13, 0xb2, 0xa9, 0x74, 0x0, 0x5b, 0xaa,
    0x30, 0x1, 0x7e, 0x44, 0x1f, 0x3b, 0xfd, 0xd2,
    0x1, 0x79, 0x80, 0x62, 0x0, 0xc4, 0x2a, 0x8f,
    0x13, 0x52, 0x3, 0x84, 0x1, 0x33, 0xde, 0xff,
    0x60, 0xae, 0x3b, 0x2b, 0x71, 0x31, 0x0, 0x43,
    0x88, 0x46, 0x83, 0xa3, 0x6a, 0x1, 0x3a, 0xc8,
    0x6, 0x2b, 0xe1, 0x8b, 0x57, 0xb0, 0xa2, 0x2,
    0x97, 0x70, 0x6, 0xe0, 0x61, 0x0, 0xc9, 0x54,
    0x27, 0xc, 0x8, 0x60, 0x4, 0x98, 0xc0, 0x7,
    0x95, 0x41, 0x1e, 0x74, 0x12, 0x66, 0x60, 0xd0,
    0x1, 0x4, 0xdd, 0xed, 0x7, 0x5, 0x60, 0x53,
    0xec, 0x30, 0x5, 0x99, 0x22, 0x62, 0x38, 0x0,
    0x4f, 0x30,

    /* U+60C5 "情" */
    0x0, 0x91, 0x84, 0x3, 0xe6, 0x50, 0xf, 0xf7,
    0xc9, 0x80, 0x78, 0xa6, 0xc0, 0x3f, 0xf8, 0x51,
    0xff, 0xb4, 0x7, 0xff, 0xa0, 0x3, 0xcc, 0x7a,
    0xcd, 0x90, 0x0, 0xcd, 0xd8, 0x0, 0x22, 0x0,
    0x27, 0x56, 0xab, 0x70, 0x2, 0xab, 0x90, 0x1,
    0x18, 0x0, 0xa1, 0x4c, 0xcd, 0x40, 0xc, 0xce,
    0x0, 0x84, 0xc0, 0x8, 0x39, 0x9d, 0x40, 0xc,
    0xce, 0x0, 0x95, 0x80, 0x3, 0x41, 0x77, 0xb0,
    0x1, 0x77, 0xd0, 0x20, 0x24, 0x1, 0x3b, 0xf9,
    0x80, 0xe, 0xfe, 0x24, 0xf, 0x0, 0x8f, 0xff,
    0xff, 0x84, 0x6e, 0x88, 0x0, 0xee, 0xff, 0xff,
    0x40, 0x0, 0xec, 0x80, 0x38, 0x41, 0x9b, 0xe0,
    0xf, 0xfe, 0x1c, 0xcf, 0xd0, 0x1, 0xff, 0xc2,
    0xff, 0xfa, 0x0, 0x3f, 0xf8, 0x4c, 0xdf, 0x0,
    0x7f, 0xf0, 0xe6, 0x7e, 0x80, 0xf, 0xfe, 0x17,
    0xff, 0xd0, 0x1, 0xff, 0xc2, 0x88, 0xf8, 0x40,
    0x3f, 0xf8, 0x4e, 0xff, 0x48, 0x7, 0xff, 0x1f,
    0x31, 0x21, 0xe0, 0x1f, 0xfc, 0x56, 0x30, 0x56,
    0x0, 0x0,

    /* U+60E0 "惠" */
    0x0, 0xfe, 0x2c, 0xb0, 0xf, 0xf2, 0x4c, 0xfd,
    0xe6, 0x93, 0x3f, 0x8c, 0xd, 0x9b, 0xe2, 0x0,
    0x33, 0x7e, 0x50, 0x7e, 0xef, 0xa8, 0x1, 0xdd,
    0xf9, 0x80, 0x2, 0x89, 0xec, 0x0, 0x22, 0x7c,
    0x20, 0x1a, 0xab, 0xcc, 0x0, 0xaa, 0xf5, 0x80,
    0x7d, 0xff, 0xb0, 0x7, 0xff, 0x68, 0x7, 0xf7,
    0xfe, 0xc0, 0x1f, 0xfd, 0xa0, 0x1f, 0xd7, 0x79,
    0xc0, 0x17, 0x7a, 0x40, 0x3f, 0x84, 0x78, 0x0,
    0x23, 0xc0, 0x1f, 0xd5, 0x59, 0x80, 0x15, 0x5a,
    0x0, 0x3e, 0xff, 0xf6, 0x0, 0xff, 0x9c, 0xe,
    0xf8, 0x2, 0x3a, 0xaf, 0xb4, 0x6, 0xa8, 0x60,
    0x77, 0x61, 0x0, 0x32, 0xaf, 0xc2, 0x0, 0x55,
    0x20, 0x80, 0x13, 0xcc, 0x17, 0x75, 0xdd, 0xbe,
    0x46, 0xff, 0xee, 0xff, 0x41, 0x10, 0x0, 0x54,
    0x7, 0x6c, 0x1c, 0x37, 0x0, 0x10, 0xb1, 0x60,
    0x80, 0x19, 0xed, 0x96, 0xc2, 0x2c, 0x1e, 0x40,
    0x7, 0x34, 0x40, 0x15, 0x87, 0x0, 0x72, 0x61,
    0xd8, 0x62, 0x38, 0x40, 0x1, 0x48, 0x50, 0x3,
    0xc7, 0x84, 0x27, 0x70, 0x2a, 0x61, 0x21, 0x20,
    0xc0, 0x79, 0x9e, 0xf0, 0x40, 0x60, 0xa0, 0xc8,
    0x70, 0x28, 0x23, 0x3f, 0xa, 0x40, 0x4d, 0x48,

    /* U+60EF "惯" */
    0x0, 0x89, 0x88, 0x3, 0xff, 0x8e, 0xb2, 0x80,
    0x12, 0x5d, 0xff, 0x80, 0x3f, 0xec, 0x45, 0x52,
    0x24, 0xaa, 0x44, 0x0, 0x7f, 0xc4, 0x19, 0xd6,
    0x13, 0xdc, 0x2, 0x0, 0x84, 0xc0, 0x17, 0x39,
    0xea, 0x1d, 0x76, 0x9, 0xbc, 0x2, 0xf6, 0x7,
    0xce, 0x3, 0x60, 0x20, 0x2, 0x90, 0x0, 0xc8,
    0x2, 0x23, 0xe, 0x1, 0x6, 0xa, 0xd0, 0x49,
    0x92, 0x6, 0x4f, 0x83, 0x6a, 0x81, 0x7, 0x87,
    0x16, 0x90, 0x27, 0x71, 0x3, 0xb9, 0x81, 0xc0,
    0x13, 0x98, 0x5, 0x5c, 0x2a, 0xa4, 0x42, 0xa9,
    0x10, 0xaa, 0x30, 0x1, 0x11, 0x40, 0x27, 0x57,
    0xdd, 0xff, 0x8, 0x0, 0xde, 0x80, 0x3b, 0xa2,
    0x3f, 0xd2, 0x0, 0x18, 0x30, 0xf, 0xaf, 0xff,
    0xd6, 0x1, 0xff, 0xc5, 0xaa, 0x0, 0x1c, 0x3,
    0xff, 0x8a, 0xaa, 0x10, 0xf, 0xfe, 0x48, 0x80,
    0x7f, 0xf1, 0x88, 0x3, 0xff, 0x8b, 0xa8, 0xc1,
    0x60, 0x84, 0x22, 0x6b, 0x0, 0xff, 0x3d, 0x9d,
    0x30, 0x7f, 0xba, 0x2d, 0xc0, 0x3f, 0xc9, 0x3c,
    0xa1, 0x49, 0x42, 0xbb, 0x44, 0x1, 0xf4, 0x7d,
    0xb0, 0x2f, 0x28, 0x3f, 0x48, 0xae, 0x90, 0x7,
    0xa4, 0x52, 0x7a, 0x84, 0x3, 0x37, 0x3a, 0x90,
    0x4, 0xfe, 0xc3, 0xd6, 0xc2, 0x1, 0xfa, 0x28,
    0x0,

    /* U+60F3 "想" */
    0x0, 0xe8, 0x80, 0x7, 0xff, 0x21, 0xdc, 0x1,
    0xa2, 0xab, 0xf0, 0x7, 0xff, 0x5, 0x57, 0xf8,
    0x2, 0x68, 0x88, 0x1, 0x11, 0x10, 0x3, 0xbf,
    0xf0, 0x7, 0x5b, 0xbc, 0x0, 0x77, 0x98, 0x3,
    0xff, 0x81, 0x71, 0x1, 0x0, 0x44, 0x4c, 0x0,
    0xef, 0xfc, 0x1, 0xcc, 0xee, 0x0, 0x99, 0xdc,
    0x40, 0x6, 0x77, 0xc0, 0x1f, 0x38, 0x80, 0x39,
    0x40, 0x34, 0x47, 0x0, 0x78, 0xe0, 0xc0, 0x5,
    0x54, 0x0, 0xae, 0xab, 0x0, 0x70, 0xe8, 0x70,
    0x3, 0xd, 0x50, 0x0, 0xab, 0xc0, 0x18, 0x7c,
    0x60, 0x80, 0x3, 0x92, 0x80, 0xe, 0xff, 0xc0,
    0x18, 0x59, 0x8e, 0x1, 0xcc, 0x1, 0x5d, 0x56,
    0x0, 0xe8, 0x90, 0xf, 0x84, 0x0, 0xab, 0xc0,
    0x1f, 0xd1, 0x0, 0x3, 0xf4, 0xff, 0xfb, 0xbc,
    0x3, 0x13, 0x3, 0x92, 0x87, 0x85, 0x10, 0x4,
    0x35, 0xa0, 0x1c, 0xb3, 0x20, 0xaa, 0xc, 0x28,
    0xf8, 0x4, 0x28, 0x6c, 0x1, 0xac, 0x34, 0x3,
    0xa8, 0x8c, 0x85, 0x42, 0x2, 0x0, 0x23, 0x30,
    0x20, 0x7, 0xbf, 0x8, 0x95, 0x46, 0x11, 0x38,
    0x2, 0x1, 0x80, 0x31, 0x80, 0x8, 0x80, 0x80,
    0x41, 0x1, 0x20, 0x1, 0xb, 0x0, 0x10, 0x6f,
    0x77, 0x40, 0x60, 0x33, 0x30, 0x1, 0x5c, 0x40,
    0xe, 0x30, 0x11, 0xf3, 0x20, 0x2, 0x48, 0x0,

    /* U+610F "意" */
    0x0, 0xfe, 0x79, 0x0, 0xff, 0xe3, 0x53, 0x38,
    0x7, 0xf1, 0xff, 0xfc, 0x41, 0x1f, 0xfe, 0xa0,
    0x1, 0x33, 0x46, 0xc, 0xde, 0x11, 0x23, 0x33,
    0xc0, 0x3, 0x33, 0x38, 0x7c, 0xcf, 0x0, 0xf4,
    0xc9, 0x40, 0x62, 0x33, 0x4, 0xc4, 0x6d, 0x10,
    0xd8, 0x89, 0x89, 0xdf, 0x10, 0x1, 0xdf, 0x10,
    0x1, 0xdf, 0x51, 0xf7, 0x7f, 0xf1, 0xb4, 0x4,
    0x57, 0xdd, 0xff, 0xc1, 0x51, 0x10, 0x4, 0x20,
    0xd3, 0x3f, 0xc4, 0x1, 0xfc, 0x26, 0x7f, 0xc0,
    0x1f, 0xe7, 0xaa, 0xfe, 0x20, 0xf, 0xeb, 0xff,
    0xfe, 0x30, 0xf, 0xeb, 0xff, 0xfe, 0x30, 0xf,
    0xbe, 0x67, 0x30, 0x3c, 0xcf, 0x94, 0x3, 0x91,
    0x9b, 0x0, 0x1c, 0xd9, 0xb1, 0x90, 0x6, 0x4e,
    0x65, 0xfa, 0x99, 0x5, 0x30, 0x1, 0x2b, 0x44,
    0x2, 0x91, 0x20, 0xc, 0xd8, 0x4a, 0x8a, 0x8c,
    0x34, 0x0, 0x92, 0x44, 0x0, 0x71, 0xe9, 0xe5,
    0x24, 0x92, 0x2a, 0x98, 0x24, 0x18, 0x16, 0xef,
    0x9c, 0x14, 0x20, 0x35, 0x6f, 0x8, 0xd, 0x85,
    0x13, 0x86, 0x4, 0x17, 0xa0,

    /* U+611F "感" */
    0x0, 0xff, 0x8b, 0x24, 0x25, 0xc0, 0x3f, 0xf8,
    0x86, 0xa0, 0x8, 0xd1, 0x0, 0x86, 0xfe, 0xab,
    0xe9, 0x3, 0xa3, 0x2, 0xb9, 0x0, 0x1a, 0x2,
    0xaf, 0xc8, 0x0, 0x55, 0x0, 0x15, 0xc0, 0x31,
    0x7f, 0xfe, 0x10, 0xff, 0xee, 0x0, 0xc2, 0x6e,
    0xfe, 0x22, 0x1, 0x0, 0xe3, 0x80, 0x79, 0x22,
    0x3c, 0xea, 0xe, 0x12, 0x60, 0x18, 0x41, 0xdd,
    0xff, 0xe5, 0xf0, 0xd1, 0x70, 0x60, 0x9, 0xc0,
    0x93, 0xff, 0xc2, 0x80, 0xb4, 0x10, 0x20, 0x11,
    0x87, 0x0, 0x11, 0xdc, 0x60, 0x2, 0x29, 0xd,
    0xc4, 0x2, 0xd0, 0x30, 0x6, 0xc4, 0x10, 0x2,
    0x30, 0x7, 0x3, 0x60, 0x82, 0x82, 0x0, 0x2a,
    0x64, 0xa0, 0x9, 0x10, 0x2, 0x7, 0x18, 0x40,
    0x20, 0x39, 0x82, 0xa8, 0x4f, 0x18, 0x60, 0x27,
    0x58, 0x84, 0x41, 0xe0, 0x79, 0x9b, 0xf7, 0xd7,
    0xde, 0x84, 0x82, 0x2, 0x6d, 0x0, 0xa, 0xa0,
    0x5c, 0xa2, 0xa1, 0x5, 0xec, 0xf5, 0x0, 0x24,
    0x20, 0xd5, 0x1, 0x4d, 0x24, 0x2, 0x1e, 0xd1,
    0x0, 0x8d, 0xe8, 0xc0, 0x36, 0x8b, 0x28, 0x18,
    0xa0, 0xc8, 0x5, 0x21, 0x26, 0x1, 0x86, 0x84,
    0x41, 0xfe, 0xe0, 0x71, 0x3, 0x50, 0x60, 0xf,
    0x27, 0x20, 0x10, 0x22, 0x84, 0x85, 0x3, 0x8,
    0x80, 0x19, 0x55, 0xd8, 0x26, 0x1c, 0x20, 0x9,
    0xb8, 0x0, 0x51, 0x1a, 0xaf, 0x19, 0xb8, 0x13,
    0xa0, 0x0,

    /* U+6210 "成" */
    0x0, 0xff, 0x86, 0x20, 0x2, 0xc0, 0x1f, 0xfc,
    0x43, 0x77, 0x6, 0x4e, 0x98, 0x7, 0xff, 0x8,
    0xc0, 0x2c, 0x52, 0xc7, 0x0, 0xff, 0xe2, 0x8,
    0xaa, 0x40, 0x80, 0x32, 0x7f, 0xfe, 0xe0, 0x7,
    0x7f, 0xa4, 0x2b, 0xc8, 0x3, 0xff, 0x9c, 0x3f,
    0xff, 0x8, 0x67, 0xff, 0x88, 0x3, 0xff, 0x80,
    0x40, 0xc0, 0x1, 0x20, 0xf, 0x84, 0x71, 0x8,
    0x1, 0x80, 0xc0, 0x13, 0xb4, 0x1, 0xf7, 0x75,
    0xbc, 0x80, 0x61, 0xe0, 0x6, 0xf, 0x0, 0xf8,
    0x8a, 0x0, 0x38, 0x70, 0x10, 0x28, 0x89, 0x40,
    0x3c, 0x3b, 0xb1, 0x80, 0x46, 0xa, 0x10, 0xc,
    0x1, 0xc2, 0x6, 0x1, 0xf2, 0x80, 0xb9, 0x4,
    0x80, 0x71, 0x80, 0x80, 0x42, 0x2, 0x2, 0x41,
    0x1, 0x2, 0x1, 0xc2, 0xc, 0x1, 0x18, 0x18,
    0x1, 0xc0, 0x4, 0xe0, 0x1e, 0xe0, 0x22, 0x90,
    0x40, 0x40, 0x8, 0x0, 0xe0, 0x4, 0x48, 0x80,
    0x14, 0x3a, 0xf6, 0xc0, 0xc0, 0x10, 0x20, 0x6,
    0x0, 0xb, 0x28, 0x9, 0x82, 0x6a, 0x21, 0xb8,
    0x25, 0xc0, 0x28, 0x0, 0x10, 0x30, 0x38, 0x9,
    0x25, 0xda, 0x47, 0x58, 0x23, 0x80, 0xa8, 0xd0,
    0x48, 0x20, 0x18, 0x3, 0x16, 0x10, 0x53, 0x8d,
    0x2, 0xe0, 0x20, 0x2, 0x42, 0x40, 0x31, 0x51,
    0xea, 0x80, 0x16, 0xc8, 0xe, 0xc0, 0xf, 0xc2,
    0x1, 0xcb, 0x84, 0x1, 0x93, 0x7f, 0x4, 0x0,

    /* U+6211 "我" */
    0x0, 0xff, 0x8, 0xa, 0x18, 0x7, 0xff, 0x4,
    0xde, 0xff, 0x5, 0xee, 0x0, 0xe8, 0x40, 0x31,
    0xbd, 0x6f, 0xe4, 0x20, 0x1a, 0x0, 0x6f, 0x5c,
    0x10, 0x9, 0xa1, 0x48, 0x2, 0xad, 0xe5, 0x30,
    0x70, 0xc3, 0x2d, 0x0, 0x96, 0x73, 0xb4, 0x5,
    0x48, 0x0, 0x20, 0x1b, 0x48, 0xe4, 0x2, 0x63,
    0x10, 0xf, 0xe1, 0x0, 0xf, 0xac, 0x0, 0x78,
    0x40, 0x40, 0x33, 0x81, 0x0, 0x45, 0x42, 0x0,
    0xaf, 0xfb, 0x0, 0x1f, 0xfb, 0x0, 0x1f, 0xfe,
    0x40, 0x31, 0x18, 0x2, 0x11, 0xe0, 0x8, 0x47,
    0x9c, 0x27, 0xba, 0xd0, 0x1e, 0xee, 0x20, 0xbe,
    0xee, 0x30, 0xf, 0xfe, 0xb, 0x1, 0x0, 0x3b,
    0x4, 0x3, 0xf8, 0x51, 0xe0, 0x8, 0x3c, 0x24,
    0x40, 0x40, 0x31, 0x2c, 0x0, 0xf5, 0xc3, 0x7,
    0x82, 0xa9, 0x83, 0xc0, 0x2b, 0xfd, 0xa5, 0x0,
    0xa, 0x45, 0x2, 0x81, 0xd0, 0x49, 0x80, 0x78,
    0xd0, 0x1, 0xd6, 0xe8, 0x6, 0x1, 0x33, 0x0,
    0x34, 0xe7, 0xe4, 0x80, 0x80, 0x72, 0x80, 0x52,
    0x0, 0x70, 0x1, 0x18, 0x7, 0xf4, 0xd0, 0x7,
    0xc, 0x50, 0x7, 0xf9, 0x35, 0x81, 0xc4, 0x1c,
    0x8, 0xc, 0x0, 0x23, 0x30, 0x5, 0x56, 0x43,
    0x71, 0x0, 0x85, 0xb0, 0xf0, 0x3, 0x77, 0x2c,
    0x8, 0x24, 0x1f, 0x90, 0x18, 0xc2, 0x9c, 0x1c,
    0x0, 0xc0, 0x1, 0x4e, 0x3, 0xf8, 0x0, 0xda,
    0xa0, 0x8, 0x10, 0x0, 0xff, 0xba, 0xc8, 0x3,
    0xf0, 0xd7, 0xf9, 0xc0,

    /* U+6216 "或" */
    0x0, 0xff, 0x13, 0xb0, 0x1, 0x0, 0x3f, 0xf8,
    0x6d, 0x12, 0x11, 0x7a, 0x80, 0x1f, 0xfc, 0x17,
    0x0, 0xa5, 0x8a, 0xe0, 0x0, 0x23, 0xfe, 0x70,
    0x0, 0x84, 0x50, 0x68, 0x3, 0x3b, 0xbf, 0xac,
    0x1, 0xdd, 0x50, 0x54, 0x0, 0x7f, 0xf2, 0x3c,
    0x37, 0xff, 0xfc, 0x0, 0xcf, 0xfe, 0x70, 0x3,
    0xd5, 0x7c, 0x0, 0x10, 0x70, 0x4, 0x62, 0x80,
    0x58, 0xab, 0xf0, 0x81, 0x1, 0x0, 0x18, 0xc0,
    0x3d, 0x5b, 0xb0, 0x80, 0x4e, 0x1c, 0x8, 0x20,
    0xa0, 0x1c, 0xc4, 0x50, 0x6, 0x20, 0x20, 0xf0,
    0x60, 0xf, 0xfe, 0x17, 0x83, 0x9a, 0x5, 0x80,
    0x79, 0x88, 0xa0, 0xc, 0xa0, 0x5e, 0xa, 0x40,
    0x1e, 0xad, 0xd8, 0x40, 0x23, 0x0, 0x18, 0x40,
    0x7, 0x6a, 0xaf, 0xc2, 0x0, 0x10, 0x4, 0x10,
    0x7, 0x35, 0x57, 0xa0, 0xc0, 0x2, 0x0, 0x70,
    0x5, 0x18, 0x6, 0x25, 0x8b, 0xed, 0xe0, 0xb0,
    0x8, 0xc0, 0x9, 0x81, 0x19, 0xfb, 0x4e, 0x82,
    0x4f, 0x68, 0x1, 0x40, 0x0, 0x48, 0x10, 0xc0,
    0x8, 0xf7, 0xdc, 0x74, 0xb, 0xc0, 0x49, 0x70,
    0x70, 0x99, 0x6f, 0xdc, 0x21, 0x61, 0xe, 0x21,
    0xb8, 0x34, 0x7, 0x82, 0xb1, 0x0, 0x63, 0x84,
    0xf3, 0x0, 0x44, 0x4, 0x19, 0x40, 0x3f, 0x9e,
    0xc4, 0x3, 0x3f, 0x7c, 0x80, 0x0,

    /* U+6233 "戳" */
    0x0, 0xff, 0xe1, 0x3c, 0x88, 0x7, 0xb3, 0xff,
    0x3f, 0x7f, 0xe8, 0xb, 0x62, 0xc9, 0x0, 0xd6,
    0xcc, 0x40, 0xf6, 0x56, 0x50, 0x10, 0x8, 0x41,
    0x90, 0x3, 0x2c, 0x68, 0x4, 0x97, 0x0, 0x13,
    0x80, 0x38, 0x28, 0x2, 0x52, 0xb0, 0xa, 0x4f,
    0x80, 0x3c, 0x24, 0xaa, 0x10, 0x1, 0x69, 0x48,
    0x0, 0x65, 0xb4, 0x2, 0x10, 0xa, 0xa4, 0xc0,
    0x15, 0x8e, 0x0, 0x1d, 0xb5, 0x40, 0x2, 0x28,
    0x66, 0xfe, 0xf0, 0x1, 0x99, 0xb2, 0x2, 0x29,
    0xf9, 0x2, 0xb0, 0x8, 0xcc, 0xb4, 0x0, 0xc9,
    0x6d, 0x8b, 0x42, 0x2, 0x98, 0x72, 0x8, 0xec,
    0xa6, 0x0, 0xd0, 0x8a, 0x2f, 0x20, 0x6, 0x38,
    0xb0, 0x9, 0xb8, 0x80, 0x25, 0x30, 0xee, 0x1,
    0x76, 0x60, 0xc0, 0xc3, 0xc2, 0xc4, 0x80, 0x3,
    0x40, 0x4c, 0xc0, 0x2, 0x33, 0x4, 0x18, 0x9,
    0x9, 0x40, 0x2d, 0x0, 0x5c, 0xc8, 0x1, 0x32,
    0x82, 0x2, 0x6, 0x90, 0x90, 0x1, 0x18, 0x2,
    0x73, 0x0, 0xc, 0xc7, 0x0, 0x4, 0xc, 0x90,
    0xc0, 0x5, 0x6a, 0x15, 0xdc, 0x0, 0x77, 0x34,
    0x2, 0x10, 0x4, 0x0, 0x64, 0x0, 0x57, 0xf8,
    0x1, 0xfe, 0xb0, 0x8, 0x40, 0x4d, 0x90, 0x3,
    0x96, 0x20, 0x0, 0x88, 0x78, 0x2, 0x0, 0xe,
    0x1f, 0x60, 0x1d, 0x2c, 0xc0, 0x16, 0x62, 0x83,
    0xb8, 0x0, 0x80, 0x46, 0x1, 0xd9, 0xfe, 0x1,
    0xff, 0xae, 0x1, 0x88, 0x90, 0xaa, 0x0, 0xe3,
    0x66, 0xf1, 0xa0, 0x24, 0xc0, 0x38, 0xe8, 0x7,
    0x7c, 0xcf, 0xb2, 0xd6, 0xc1, 0x58, 0xd, 0x0,
    0x2a, 0xf3, 0x0, 0xf9, 0x28, 0x2, 0x9e, 0xc0,
    0x0,

    /* U+6237 "户" */
    0x0, 0xff, 0x1b, 0x0, 0x7f, 0xf1, 0xb, 0x24,
    0x80, 0x3f, 0xf8, 0x64, 0x81, 0x60, 0x1f, 0xf0,
    0x80, 0x6d, 0x2, 0x0, 0xfe, 0x6f, 0xef, 0xfd,
    0x20, 0x9f, 0xfe, 0x0, 0xf0, 0x8f, 0xfc, 0x1,
    0xf1, 0x77, 0x7f, 0xb0, 0x3, 0xff, 0x9c, 0x20,
    0x1f, 0xfc, 0x61, 0x0, 0xff, 0x8, 0x7, 0xc5,
    0xff, 0xfe, 0xc0, 0xe, 0x10, 0x0, 0x8f, 0xf8,
    0x3, 0xdc, 0xd, 0xdd, 0xfe, 0xd0, 0xe, 0x20,
    0xe0, 0xf, 0xf1, 0x66, 0x0, 0x26, 0x2, 0x0,
    0xff, 0x8c, 0xc0, 0x1, 0x20, 0x70, 0xf, 0xfe,
    0x1a, 0x0, 0x90, 0x7, 0xff, 0xf, 0x81, 0xc0,
    0x3f, 0xf8, 0x66, 0x81, 0x40, 0x1f, 0xfc, 0x3e,
    0x4, 0x30, 0xf, 0xfe, 0x1c, 0xc, 0x80, 0x7f,
    0xf1, 0x17, 0x88, 0x3, 0xff, 0x86,

    /* U+6240 "所" */
    0x0, 0xff, 0xe3, 0x90, 0x7, 0xe4, 0x7c, 0xe2,
    0x0, 0xc4, 0xb3, 0xda, 0x40, 0x17, 0xfb, 0xbe,
    0xe0, 0xc6, 0xcb, 0xfd, 0xdb, 0x4c, 0x22, 0x50,
    0xe, 0x12, 0x47, 0xae, 0x91, 0x0, 0x9, 0x2c,
    0x67, 0x38, 0x7, 0x76, 0xdc, 0x28, 0x80, 0x6f,
    0xda, 0x73, 0x0, 0xff, 0xe2, 0x8, 0x7, 0xff,
    0x3, 0xbf, 0xf7, 0x0, 0x7f, 0xf1, 0x4, 0x8a,
    0x0, 0xe1, 0x22, 0xf8, 0x3, 0xbf, 0x75, 0x80,
    0x1e, 0xdd, 0xf9, 0x0, 0x3f, 0xf8, 0x44, 0x40,
    0x8, 0x88, 0xe0, 0x1f, 0xfc, 0x11, 0xdd, 0x80,
    0x77, 0x46, 0x1, 0xbb, 0xfd, 0xc0, 0x13, 0x81,
    0x80, 0x7f, 0xf0, 0x8, 0xbc, 0x2, 0x2, 0x1,
    0xfc, 0x20, 0xd, 0xde, 0xc0, 0x20, 0x60, 0xf,
    0xe2, 0x2, 0x0, 0xfb, 0x43, 0x40, 0x3f, 0x98,
    0x4, 0x3, 0xe4, 0x3, 0x0, 0xfe, 0x20, 0x50,
    0xf, 0x18, 0x82, 0x0, 0x7f, 0x68, 0x78, 0x7,
    0xa0, 0x14, 0x3, 0xfc, 0x80, 0xa0, 0x1c, 0xa8,
    0x12, 0x1, 0xfc, 0xa2, 0x46, 0x1, 0x86, 0x81,
    0x4c, 0x3, 0xf9, 0x5e, 0x80, 0x38, 0x64, 0xe8,
    0x3, 0xfe, 0x87, 0x0, 0xf3, 0x60, 0x7, 0x17,
    0xf0, 0x4,

    /* U+624B "手" */
    0x0, 0xff, 0xe1, 0xa, 0xa8, 0x3, 0xfc, 0x24,
    0x8a, 0xf5, 0x9d, 0xca, 0xa2, 0x80, 0x65, 0xcd,
    0xef, 0xed, 0xba, 0x85, 0x31, 0x12, 0x43, 0x0,
    0x66, 0x32, 0x11, 0x12, 0x20, 0x1, 0x3b, 0xfd,
    0x6e, 0x60, 0x18, 0xff, 0xee, 0xdb, 0xa0, 0x2,
    0x10, 0x7, 0xff, 0x4c, 0x8b, 0xe0, 0x3, 0x11,
    0x78, 0x40, 0x27, 0xdd, 0xf6, 0x0, 0x2f, 0x77,
    0xe0, 0x8, 0x48, 0xbc, 0x20, 0x11, 0x17, 0x98,
    0x2, 0x6d, 0xdf, 0x78, 0x3, 0x77, 0xea, 0x0,
    0xff, 0xe6, 0x8, 0xfc, 0x60, 0x1, 0x1f, 0xe0,
    0xfe, 0xef, 0xb4, 0x1, 0x9d, 0xdf, 0x80, 0x3f,
    0xf9, 0x5f, 0xff, 0xb8, 0x1, 0xbf, 0xff, 0x80,
    0x3f, 0xff, 0x86, 0x0, 0x30, 0xf, 0xfe, 0xc,
    0x7f, 0xda, 0x0, 0x10, 0xf, 0xfe, 0xc, 0x80,
    0x63, 0xb0, 0xf, 0xfe, 0x10, 0xff, 0xec, 0x40,
    0xf, 0xf0,

    /* U+6253 "打" */
    0x0, 0xca, 0xc0, 0x1f, 0xfc, 0x8b, 0x92, 0x0,
    0xff, 0xe6, 0x5e, 0xef, 0xfc, 0x20, 0x1f, 0xca,
    0x45, 0xff, 0x0, 0x70, 0x80, 0x80, 0x22, 0x3c,
    0x0, 0x38, 0x88, 0x43, 0xfe, 0x0, 0x67, 0xf9,
    0x9d, 0xf8, 0x42, 0x5d, 0xe0, 0xf, 0xe1, 0x0,
    0xff, 0xe1, 0x7f, 0xc2, 0x1b, 0xfc, 0x1, 0xff,
    0xf3, 0xaa, 0x70, 0x7, 0xff, 0xd, 0x24, 0x41,
    0xd4, 0x44, 0x1, 0xff, 0xc0, 0x1f, 0xb6, 0x0,
    0xc, 0x68, 0x80, 0x7f, 0xf0, 0x4, 0x85, 0x80,
    0x18, 0xe4, 0x1, 0xff, 0xc2, 0xce, 0x91, 0x0,
    0xff, 0xe3, 0x8, 0x7, 0xff, 0xe0, 0x40, 0x3c,
    0x45, 0x84, 0x4, 0x3, 0x97, 0xfc, 0x0, 0x20,
    0xd, 0xdb, 0xb0, 0x1, 0x80, 0x39, 0x40, 0x5,
    0x20, 0x1d, 0x40, 0x11, 0x49, 0x0, 0x7b, 0xfd,
    0xac, 0x1, 0xcd, 0xff, 0x6b, 0x0, 0x70,

    /* U+625B "扛" */
    0x0, 0xcc, 0xa0, 0x1f, 0xfc, 0x72, 0x9a, 0x0,
    0xff, 0xe6, 0xb4, 0xcf, 0xf9, 0x0, 0x3f, 0xda,
    0xcd, 0xfe, 0x30, 0xc, 0x20, 0x1d, 0x8a, 0xb0,
    0x4, 0xab, 0x8c, 0x1, 0xfe, 0xc0, 0x7, 0xfa,
    0x5e, 0xab, 0x0, 0xd5, 0x64, 0x0, 0x8, 0x80,
    0x21, 0x18, 0x3, 0xff, 0x85, 0xdc, 0xd0, 0x7,
    0x72, 0x0, 0x3f, 0xfe, 0x71, 0xb8, 0x1, 0xff,
    0xc2, 0x59, 0xd0, 0x3, 0x90, 0x80, 0x7f, 0xf0,
    0x4a, 0x98, 0x2, 0x8c, 0xd0, 0xf, 0xfe, 0x9,
    0x23, 0x40, 0x1, 0xcc, 0x3, 0xff, 0x87, 0x72,
    0xa0, 0x1f, 0xff, 0xab, 0xdd, 0xd4, 0x3, 0xbb,
    0xc4, 0x1, 0xf9, 0x88, 0xb0, 0x4, 0x45, 0xc2,
    0x11, 0xfa, 0x2, 0x0, 0xeb, 0xbf, 0xfe, 0x1,
    0x85, 0x80, 0xe, 0x80, 0x6, 0x89, 0xff, 0xc0,
    0x0,

    /* U+626C "扬" */
    0x0, 0x86, 0x1c, 0x3, 0xff, 0x8c, 0x6f, 0x40,
    0x4, 0xcc, 0xfb, 0xbd, 0xc0, 0x3f, 0xc2, 0x67,
    0xf0, 0x85, 0x8, 0x7, 0xf2, 0x66, 0x74, 0x80,
    0x7, 0x4, 0x0, 0xcf, 0x0, 0x4e, 0xe3, 0x3e,
    0x59, 0x6, 0xe1, 0x0, 0xae, 0x14, 0x1, 0x10,
    0x70, 0x0, 0xd4, 0x84, 0xc8, 0x3, 0xae, 0x14,
    0x1, 0x10, 0x70, 0x5f, 0x53, 0xd6, 0x0, 0xf3,
    0x3c, 0x1, 0x3b, 0x83, 0xe8, 0x40, 0x7f, 0x77,
    0x7d, 0x80, 0x7e, 0x20, 0xc, 0x45, 0xe0, 0x70,
    0xf, 0x88, 0x2f, 0x30, 0x0, 0xda, 0x0, 0x68,
    0x38, 0x7, 0x16, 0xe9, 0x10, 0x76, 0xe, 0x5a,
    0xe, 0x60, 0x20, 0xb5, 0xa0, 0x2, 0x1, 0x2,
    0x70, 0x90, 0x50, 0xa3, 0x3, 0xb, 0x50, 0xa,
    0xfd, 0x43, 0x82, 0x5, 0x48, 0xc8, 0x40, 0x41,
    0x99, 0x0, 0x48, 0x0, 0xb3, 0x47, 0x8, 0x8,
    0x6, 0xf, 0x8, 0x95, 0x0, 0x87, 0x10, 0xa8,
    0x18, 0x8d, 0x0, 0xc0, 0x80, 0x3e, 0x30, 0x2c,
    0x11, 0x40, 0x78, 0x3, 0x80, 0x40, 0x3e, 0x2c,
    0xd1, 0xd, 0x17, 0x30, 0x1, 0x83, 0x0, 0x7f,
    0xd6, 0x66, 0x80, 0x9, 0x40, 0x80, 0x21, 0x0,
    0xe1, 0xc4, 0x2d, 0x0, 0x90, 0x4c, 0x0, 0xbf,
    0x80, 0xc0, 0x4, 0xf3, 0x36, 0x8, 0x77, 0xd8,
    0x50, 0x1, 0x40, 0x9, 0x0, 0x4, 0x42, 0xe0,
    0x80, 0x1c, 0x49, 0xd8, 0x0,

    /* U+6279 "批" */
    0x0, 0xd3, 0x0, 0x13, 0x38, 0x80, 0x5, 0x94,
    0x3, 0xf0, 0xb3, 0x0, 0x28, 0x81, 0x80, 0xa,
    0x6c, 0x3, 0xff, 0xcc, 0xee, 0x80, 0x17, 0x71,
    0x0, 0x7f, 0xf0, 0xa2, 0xc, 0x0, 0x88, 0x30,
    0x7, 0xf0, 0xd0, 0x80, 0x22, 0xc, 0x0, 0x88,
    0x30, 0x7, 0xf6, 0xad, 0x80, 0x1d, 0xd0, 0x2,
    0xee, 0x20, 0x6, 0x62, 0xc0, 0x3, 0x66, 0x56,
    0x1, 0xfe, 0x10, 0x13, 0x40, 0x9, 0xb, 0x4,
    0x3, 0xfc, 0x21, 0x59, 0xa0, 0x11, 0xe0, 0x80,
    0x7c, 0x37, 0xea, 0x0, 0x73, 0x20, 0xb, 0x4,
    0x3, 0x2c, 0xf0, 0x1, 0x0, 0x80, 0x3e, 0x10,
    0xe, 0x1a, 0x60, 0xa, 0x35, 0xc0, 0x3f, 0xf8,
    0x22, 0x49, 0x0, 0x2e, 0x40, 0x1f, 0xfc, 0x3d,
    0xb6, 0x0, 0xff, 0xec, 0xa0, 0x7, 0xff, 0xc,
    0x80, 0x3b, 0xb8, 0x40, 0x1f, 0xc2, 0x17, 0xb8,
    0x20, 0x18, 0x44, 0x1, 0xfc, 0x80, 0x6, 0x20,
    0x10, 0x10, 0x3, 0x1, 0x3, 0xf7, 0x81, 0x80,
    0xc, 0x0, 0x75, 0xc6, 0x0, 0xff, 0x11, 0x0,
    0x8, 0x22, 0x39, 0x0, 0x38, 0x5e, 0x28, 0x2,
    0x0, 0x21, 0x90,

    /* U+628A "把" */
    0x0, 0x85, 0x50, 0x3, 0xff, 0x8e, 0x55, 0x20,
    0x15, 0x7e, 0xdd, 0xfe, 0x40, 0xf, 0xf2, 0x81,
    0x22, 0x7e, 0x20, 0xf, 0xfe, 0x3, 0x54, 0x0,
    0x2a, 0x84, 0x1, 0xe7, 0x0, 0xfa, 0x95, 0x80,
    0x95, 0x42, 0x1, 0xb3, 0xec, 0xb, 0xfc, 0x1,
    0xff, 0xc3, 0x61, 0x0, 0x84, 0x40, 0x1f, 0xfc,
    0x3a, 0xec, 0x2, 0xee, 0x0, 0x7f, 0xfc, 0xca,
    0x34, 0xc0, 0x19, 0xfc, 0x5, 0xfe, 0x30, 0xc,
    0x6f, 0x80, 0x7, 0x26, 0x0, 0xff, 0xe1, 0x64,
    0x0, 0x51, 0x8a, 0x0, 0xbf, 0xff, 0x10, 0x6,
    0x55, 0x30, 0x13, 0x98, 0x4, 0xe0, 0x1e, 0x88,
    0x28, 0x2, 0xaa, 0x0, 0xff, 0xe1, 0x2b, 0x98,
    0x7, 0xff, 0x20, 0xc4, 0x3, 0xff, 0x91, 0x7c,
    0xc0, 0x1f, 0xc2, 0x1, 0xfc, 0x40, 0x1f, 0x8,
    0x4, 0x60, 0x80, 0x1e, 0x25, 0x5, 0x3, 0xed,
    0x7, 0x0, 0x90, 0x23, 0xff, 0xda, 0x4, 0x60,
    0x60, 0x27, 0x0, 0x14, 0x30, 0x80, 0x7c, 0x7e,
    0x0,

    /* U+6293 "抓" */
    0x0, 0x91, 0x84, 0x3, 0xff, 0x8f, 0xf2, 0x40,
    0x1f, 0xe3, 0x8b, 0x20, 0xf, 0xf8, 0x4d, 0x62,
    0xb7, 0xf1, 0xd3, 0x80, 0x3f, 0xdf, 0xd9, 0x4e,
    0xa4, 0x60, 0x7, 0xc0, 0xe, 0x70, 0x70, 0x1,
    0x83, 0x50, 0x3, 0x72, 0x3, 0x80, 0x24, 0xff,
    0x18, 0x5f, 0xdb, 0x5, 0xa9, 0x80, 0x42, 0x2,
    0x1, 0x84, 0x40, 0x10, 0x88, 0x3, 0xff, 0x84,
    0x9d, 0xc4, 0xc, 0xea, 0x0, 0xfc, 0x61, 0xe0,
    0x1f, 0xf0, 0x80, 0x7c, 0x20, 0x20, 0x1f, 0xfc,
    0x77, 0x3, 0x0, 0xfc, 0x90, 0xce, 0x6, 0x1,
    0xc2, 0x2, 0x1, 0x85, 0x50, 0x21, 0xf0, 0x40,
    0x40, 0x38, 0x81, 0x80, 0x26, 0xea, 0x0, 0xa2,
    0x6, 0x20, 0x1f, 0x88, 0x2, 0x50, 0x40, 0x6,
    0x39, 0x9, 0x80, 0x7c, 0x40, 0x20, 0x3, 0xfb,
    0x40, 0x8, 0x81, 0x80, 0x3e, 0x70, 0x50, 0xf,
    0xe7, 0x3, 0x0, 0xfb, 0x43, 0x0, 0x3f, 0xb4,
    0x34, 0x3, 0xe3, 0x4, 0x0, 0xfe, 0x40, 0x70,
    0xf, 0x90, 0xc, 0x80, 0x3e, 0x13, 0x22, 0x0,
    0x7e, 0x50, 0x80, 0x7, 0x71, 0x0, 0xa4, 0x14,
    0x3, 0xfa, 0x41, 0x80, 0x4, 0x25, 0x3, 0xa5,
    0x20, 0x1f, 0xc6, 0xda, 0x0, 0xcf, 0xd7, 0x5,
    0xd1, 0x0, 0xb3, 0xc8, 0x3, 0x48, 0x80,

    /* U+6297 "抗" */
    0x0, 0xcc, 0xa0, 0x1e, 0x15, 0x30, 0xf, 0xf1,
    0x4d, 0x80, 0x79, 0xab, 0x80, 0x3f, 0xf8, 0xee,
    0x24, 0x80, 0x1f, 0xfc, 0x77, 0xc, 0x0, 0xff,
    0x84, 0x0, 0x35, 0x58, 0x90, 0xaa, 0xb9, 0x3,
    0xfd, 0xa0, 0xf, 0xf3, 0x2a, 0xe4, 0x42, 0xaf,
    0x8c, 0x8, 0x40, 0x21, 0x11, 0x55, 0x7f, 0xf0,
    0x14, 0x37, 0xb4, 0x7, 0xb8, 0xab, 0xff, 0xc1,
    0x20, 0xf, 0xf3, 0xff, 0xbb, 0xaf, 0xf1, 0x80,
    0x7f, 0xf0, 0x7c, 0x0, 0x23, 0x0, 0x7f, 0xc3,
    0x3a, 0xe0, 0x13, 0x7f, 0xc2, 0x1, 0xe4, 0x8c,
    0x0, 0x31, 0x68, 0x4, 0x20, 0x11, 0x80, 0x72,
    0x5b, 0x88, 0x1, 0xf2, 0x80, 0x43, 0xc0, 0x3f,
    0x90, 0x56, 0x0, 0x60, 0xc0, 0x30, 0x80, 0x7f,
    0xba, 0x94, 0x3, 0xc4, 0x6, 0x1, 0xff, 0xc7,
    0x40, 0x70, 0xf, 0x8c, 0x3, 0xfc, 0x80, 0x24,
    0x1, 0xf6, 0x40, 0x7, 0xf4, 0x83, 0x0, 0x7f,
    0x8, 0x7, 0xea, 0x21, 0x90, 0xf, 0x88, 0x4,
    0x1f, 0xb0, 0xc, 0x2d, 0x42, 0x84, 0x3, 0x30,
    0x6e, 0x7, 0x2, 0x8, 0x8e, 0x43, 0xc2, 0x90,
    0x3, 0xa0, 0x84, 0x48, 0xc0, 0x7f, 0xec, 0x40,
    0x4e, 0x50, 0xf, 0x1e, 0xff, 0xac, 0x0,

    /* U+62A5 "报" */
    0x0, 0xd3, 0x20, 0xf, 0xfe, 0x38, 0xb3, 0x0,
    0x2e, 0xef, 0xef, 0xe1, 0x0, 0xff, 0x8, 0xff,
    0x0, 0x80, 0x7f, 0xf0, 0x7f, 0xfd, 0xa0, 0x1,
    0x0, 0x22, 0x40, 0x4, 0x41, 0x0, 0x7f, 0xf0,
    0xae, 0xd4, 0x0, 0xbb, 0x20, 0x6, 0x10, 0x9,
    0x0, 0xc0, 0x23, 0x31, 0x0, 0x8, 0xcc, 0x1,
    0xa3, 0xfe, 0x90, 0xb0, 0xb, 0x32, 0x0, 0x6e,
    0x28, 0x6, 0xa6, 0x55, 0x34, 0xb8, 0x7, 0xff,
    0x4, 0x40, 0xe6, 0xa9, 0x2e, 0x20, 0x1f, 0xfc,
    0x1e, 0xff, 0xf7, 0x72, 0x0, 0x3e, 0x8b, 0x50,
    0xe, 0x22, 0xc0, 0xf, 0x0, 0x13, 0x68, 0x1,
    0xd0, 0x80, 0x16, 0x5, 0xbb, 0x84, 0x14, 0x13,
    0x64, 0xc0, 0xb, 0x4c, 0x0, 0x42, 0x23, 0x0,
    0x10, 0x48, 0x80, 0x80, 0x6c, 0x0, 0xa5, 0x10,
    0xa, 0x42, 0x0, 0x10, 0x16, 0x1, 0x7e, 0x40,
    0x7, 0xe4, 0x31, 0xa5, 0x31, 0x60, 0xf, 0xfe,
    0x1f, 0x2, 0xd0, 0x58, 0x7, 0xff, 0x10, 0xa0,
    0x2, 0x50, 0xf, 0xfe, 0x21, 0x50, 0x5, 0x0,
    0x1f, 0xfc, 0x35, 0xd2, 0x22, 0x3, 0xea, 0x0,
    0x3b, 0xf8, 0x4, 0x3, 0xae, 0x81, 0x32, 0xe4,
    0xa, 0xcc, 0x10, 0x4, 0xe8, 0x3, 0xa4, 0xa6,
    0xc4, 0x1b, 0x96, 0x4c, 0x2b, 0xfb, 0x10, 0x2,
    0xff, 0x16, 0xb0, 0x6, 0x1a, 0x60,

    /* U+62C9 "拉" */
    0x0, 0x99, 0x40, 0x3e, 0x48, 0x0, 0xfe, 0x19,
    0xb0, 0xf, 0xa5, 0xd4, 0x3, 0xff, 0x8c, 0xa1,
    0xe0, 0x1f, 0xfc, 0x6b, 0x7, 0x0, 0xfc, 0x60,
    0x20, 0x14, 0x46, 0xb4, 0x58, 0x8e, 0xb, 0xfd,
    0x0, 0x7f, 0x8d, 0xdf, 0x91, 0xdf, 0xc0, 0x22,
    0x0, 0x84, 0x68, 0x8f, 0xfe, 0x0, 0x57, 0x70,
    0x7, 0xb8, 0x4e, 0xe3, 0x67, 0x7c, 0x22, 0x57,
    0x0, 0xff, 0x3d, 0xb8, 0x6, 0xb9, 0x40, 0xf,
    0xf8, 0xc3, 0x0, 0x31, 0x2, 0x80, 0x78, 0x5a,
    0x84, 0x14, 0x1c, 0x2, 0x10, 0x1, 0x80, 0x9,
    0x68, 0x1, 0x2a, 0x40, 0x22, 0x20, 0x9, 0x40,
    0x80, 0x2f, 0xa4, 0x0, 0x35, 0x98, 0x0, 0x80,
    0xc0, 0x6, 0xe, 0x1, 0x2a, 0x38, 0xc, 0xa0,
    0x4, 0xa0, 0xa0, 0xe, 0xc, 0x0, 0xa2, 0xe4,
    0x3, 0xee, 0xe, 0x0, 0x20, 0x28, 0x7, 0xff,
    0x4, 0x80, 0xc0, 0x4, 0x6, 0x1, 0xff, 0xc1,
    0x61, 0x30, 0x40, 0x40, 0xf, 0xfe, 0x11, 0x74,
    0x6, 0x6, 0x0, 0x7f, 0x87, 0xfe, 0xef, 0xf9,
    0xc2, 0x3f, 0xe8, 0x2e, 0xf0, 0x30, 0xf, 0xfe,
    0x1f, 0x91, 0x89, 0xc8, 0xf, 0xff, 0xff, 0x5,
    0xc0,

    /* U+62D6 "拖" */
    0x0, 0x9a, 0x8, 0x3, 0x1b, 0x10, 0x7, 0xfd,
    0x4e, 0x20, 0x1a, 0x65, 0x60, 0x1f, 0xfc, 0x65,
    0xa, 0x0, 0xff, 0xe2, 0xb8, 0x2, 0x6a, 0xbe,
    0x81, 0x44, 0x18, 0x22, 0x4, 0x52, 0x0, 0x55,
    0xfe, 0x7b, 0xb0, 0x2, 0x2d, 0x6c, 0x45, 0x77,
    0x4d, 0x5d, 0xee, 0x24, 0x40, 0x0, 0x53, 0x54,
    0x35, 0x10, 0xb3, 0xc8, 0x98, 0xd2, 0xec, 0x61,
    0xb6, 0x80, 0xca, 0x80, 0x1e, 0x40, 0xf, 0xed,
    0x8a, 0x9f, 0x0, 0x96, 0x3e, 0xe8, 0x3, 0xf9,
    0xc4, 0x2, 0x60, 0x17, 0x0, 0x18, 0x7, 0xa6,
    0xcc, 0x2, 0x4f, 0x80, 0x4, 0x58, 0x6, 0x48,
    0x30, 0x54, 0x43, 0xe8, 0x4, 0xa0, 0x8e, 0xe0,
    0xa, 0x2d, 0xc0, 0x5, 0x63, 0x0, 0x17, 0xd8,
    0x7, 0xd8, 0x4e, 0x0, 0xe4, 0x67, 0xa0, 0x40,
    0xe, 0x70, 0x10, 0x4d, 0x83, 0x0, 0xd0, 0xe0,
    0x1e, 0x3d, 0x0, 0xff, 0xe3, 0xa3, 0x5, 0x80,
    0x7f, 0xf1, 0x56, 0x74, 0x3, 0xff, 0x86, 0x3d,
    0x64, 0xc5, 0xda, 0x1, 0xff, 0x38, 0x0, 0x40,
    0x21, 0x21, 0xe, 0xf3, 0x1, 0x0, 0x88, 0x4f,
    0xb7, 0x7b, 0x82, 0xc1, 0x0, 0xa0, 0x80, 0x35,
    0x18, 0x19, 0xf0, 0xab, 0x80,

    /* U+62DF "拟" */
    0x0, 0x91, 0x40, 0x3f, 0xf9, 0x11, 0x44, 0x0,
    0x17, 0x50, 0xf, 0x4e, 0x20, 0x7, 0xf8, 0xa2,
    0x40, 0x80, 0x32, 0x98, 0x80, 0x7f, 0xf0, 0x63,
    0x50, 0x3, 0x84, 0x3, 0x84, 0x3, 0xec, 0x8,
    0x0, 0x84, 0x1c, 0x0, 0xbf, 0xe2, 0xd, 0xf1,
    0x0, 0x90, 0xce, 0x0, 0x18, 0x8, 0x0, 0x46,
    0x0, 0x84, 0x40, 0x1a, 0x82, 0x40, 0x2, 0x4,
    0x0, 0x4e, 0xe1, 0x86, 0xf0, 0x7, 0x30, 0x28,
    0x88, 0x3, 0xff, 0x8c, 0xa0, 0x84, 0x4, 0x1,
    0xff, 0xc4, 0xf3, 0x66, 0x3, 0x0, 0x7e, 0x5a,
    0x10, 0xe, 0x5c, 0x3d, 0x2, 0x0, 0xc6, 0xe6,
    0x10, 0xaa, 0x0, 0xfc, 0x61, 0xe0, 0x14, 0x64,
    0x0, 0xe, 0x90, 0x3, 0xf2, 0x6, 0x0, 0x5a,
    0x2c, 0x0, 0xe5, 0x0, 0xe3, 0xe4, 0x40, 0x1,
    0x0, 0x25, 0xe9, 0x30, 0xf, 0xc, 0x60, 0x96,
    0x80, 0x5, 0xc0, 0x3f, 0xf8, 0x4, 0xe3, 0x6e,
    0xc0, 0xe1, 0x40, 0x1f, 0xe8, 0x0, 0x1f, 0xa4,
    0x1, 0xc0, 0x92, 0x0, 0x7e, 0x34, 0x3, 0xc1,
    0x46, 0x8, 0x6, 0xf, 0x0, 0xf1, 0x81, 0x83,
    0x60, 0x1d, 0x83, 0x20, 0x50, 0x20, 0x86, 0xf1,
    0x80, 0x80, 0x3e, 0x40, 0x1c, 0x7, 0x20, 0x2,
    0x20, 0x98, 0x38, 0x95, 0x0, 0x7d, 0xe9, 0xa0,
    0x1b, 0xb8, 0x40,

    /* U+62E9 "择" */
    0x0, 0xca, 0x80, 0x1f, 0xfc, 0x71, 0xaa, 0x0,
    0x57, 0x7f, 0xdf, 0x44, 0x1, 0xfe, 0x44, 0xfe,
    0x5, 0x0, 0xff, 0xb6, 0x80, 0x77, 0x70, 0x83,
    0x10, 0x4, 0x26, 0x2, 0x30, 0x12, 0xa8, 0x6c,
    0x89, 0x62, 0x52, 0x1, 0x6f, 0x68, 0x3, 0xb8,
    0xc0, 0xa, 0x26, 0x9a, 0x61, 0xf0, 0xc, 0xc2,
    0x1, 0x8, 0x8c, 0x2, 0xf0, 0x65, 0xc, 0x20,
    0xd, 0x7d, 0xc0, 0x1e, 0xe2, 0x80, 0x6, 0xc0,
    0x32, 0x0, 0x7f, 0xf0, 0x4e, 0x79, 0x86, 0x18,
    0x27, 0xa0, 0x80, 0x3f, 0xab, 0x18, 0x1f, 0xde,
    0x71, 0x5, 0xf6, 0x40, 0x38, 0x63, 0x8, 0xe7,
    0xe0, 0xfb, 0x4e, 0xf1, 0x8a, 0x0, 0x9b, 0x40,
    0xe, 0x7b, 0x8c, 0x0, 0x11, 0x10, 0x0, 0xe7,
    0x44, 0x36, 0x4c, 0x1, 0x1a, 0xaf, 0xff, 0x60,
    0x3, 0xff, 0x0, 0x4a, 0xa8, 0x1, 0x72, 0x1,
    0x22, 0x80, 0x22, 0x2c, 0x1, 0x55, 0x18, 0x3,
    0x9b, 0x77, 0x0, 0xee, 0xe0, 0xf, 0xf3, 0x55,
    0x6f, 0x1, 0xaa, 0xe5, 0x0, 0xfd, 0xea, 0xb8,
    0x80, 0xa, 0xbc, 0x40, 0x1f, 0xa3, 0x77, 0x50,
    0x3, 0x77, 0x98, 0x2, 0x30, 0xc, 0x24, 0x59,
    0xc0, 0x48, 0xb8, 0x40, 0xfb, 0x40, 0x80, 0x3f,
    0xf8, 0xa6, 0x20, 0x50, 0x1, 0xff, 0xc6, 0xff,
    0x6a, 0x0, 0x7c, 0x5d, 0xe0, 0x1e,

    /* U+62FD "拽" */
    0x0, 0x9e, 0x40, 0x3e, 0x39, 0x60, 0xf, 0xf5,
    0x30, 0x80, 0x79, 0x99, 0xa0, 0x1f, 0xfc, 0x71,
    0x0, 0xff, 0xe2, 0xff, 0xeb, 0x4, 0xff, 0xd8,
    0x0, 0x14, 0x41, 0x2, 0x20, 0x2, 0x22, 0x0,
    0x44, 0x50, 0x8, 0x0, 0xae, 0xc0, 0xa, 0xb3,
    0x0, 0x6e, 0xb0, 0xf, 0x75, 0xe0, 0x1c, 0x44,
    0x0, 0x88, 0x40, 0x3c, 0x20, 0x1, 0x0, 0xc7,
    0xba, 0x20, 0xed, 0x20, 0x7, 0xfb, 0x0, 0xbf,
    0xd8, 0x1, 0xff, 0xc2, 0x44, 0x18, 0x1, 0x10,
    0x40, 0x1f, 0xfc, 0x2b, 0xb6, 0x0, 0x2e, 0xde,
    0x1, 0xf1, 0x5, 0x71, 0x0, 0x2e, 0xe0, 0x6,
    0xdf, 0x0, 0x62, 0x8c, 0x0, 0x20, 0x8, 0x1,
    0x12, 0x0, 0x12, 0x18, 0x6, 0x47, 0x30, 0x5,
    0x71, 0x80, 0x3f, 0xe4, 0x9, 0xfe, 0xdd, 0x0,
    0x1d, 0xd8, 0x40, 0x80, 0xd, 0xd0, 0x5, 0x81,
    0xc1, 0x5b, 0x20, 0x1, 0x83, 0x0, 0xe2, 0x20,
    0x4, 0x60, 0x94, 0x83, 0x60, 0x1f, 0xfc, 0x35,
    0x3, 0x51, 0xd2, 0x0, 0xff, 0xe1, 0xc, 0x80,
    0x58, 0x6b, 0x42, 0x1, 0xfe, 0x4a, 0xe7, 0x0,
    0x11, 0x0, 0x94, 0x80, 0x23, 0x0, 0x96, 0xba,
    0xd4, 0x17, 0x44, 0xa4, 0x30, 0x8, 0x37, 0xc4,
    0x4, 0x9, 0x44, 0x4f, 0xb4, 0x54, 0xd, 0xe8,
    0x62, 0x8, 0x5, 0x40, 0x7, 0x8c, 0xe8, 0x20,
    0x2, 0x51, 0x0, 0xf8, 0x2, 0x7f, 0x54, 0x2,
    0x73, 0x0, 0xf2, 0xef, 0xf1, 0x80,

    /* U+62FE "拾" */
    0x0, 0xcc, 0xa0, 0x1f, 0x9, 0x80, 0x7f, 0x86,
    0x6c, 0x3, 0xe8, 0xce, 0x0, 0xff, 0xe3, 0xb,
    0x0, 0x80, 0x7f, 0xf1, 0xa4, 0x2, 0x90, 0xf,
    0xc6, 0x2, 0x1, 0xc6, 0xe1, 0x62, 0xca, 0x1,
    0xdd, 0xfa, 0x0, 0xff, 0x28, 0xe, 0x83, 0x25,
    0x5, 0x18, 0x6, 0x21, 0x0, 0x84, 0x76, 0x89,
    0x48, 0x24, 0x6, 0x98, 0x5, 0x9d, 0xc0, 0x1e,
    0xe2, 0xe1, 0x84, 0x91, 0x4a, 0x22, 0xc5, 0x0,
    0xfc, 0x5e, 0x42, 0x17, 0xbb, 0x84, 0x41, 0x44,
    0x1, 0xf1, 0x49, 0x62, 0xa2, 0x7b, 0x1a, 0xc8,
    0x3, 0x85, 0x64, 0xb4, 0xaa, 0xef, 0xc5, 0x28,
    0x0, 0x15, 0xb0, 0x5, 0x36, 0x0, 0x8f, 0xf0,
    0x6, 0xea, 0x50, 0x2, 0xcc, 0xf, 0x77, 0xf1,
    0x0, 0x46, 0x66, 0x1, 0xa6, 0x10, 0x9, 0x13,
    0x80, 0x3d, 0x98, 0x80, 0xf, 0x86, 0xef, 0x80,
    0x3f, 0xfe, 0x2, 0x1, 0xff, 0xca, 0xff, 0xe0,
    0xf, 0x2f, 0x78, 0x18, 0x7, 0x8c, 0xf8, 0x3,
    0xc8, 0x22, 0x39, 0x0, 0xe1, 0xcc, 0xe0, 0xf,
    0xf, 0xfb, 0x10, 0x2, 0x1f, 0xe0, 0xe, 0xff,
    0x10, 0x0,

    /* U+6301 "持" */
    0x0, 0x86, 0x18, 0x3, 0xf3, 0xb0, 0x7, 0xf1,
    0x3e, 0x80, 0x7c, 0x31, 0x0, 0xf, 0xfe, 0xcc,
    0x5d, 0xd8, 0x3, 0x77, 0x94, 0x3, 0x38, 0x38,
    0x4, 0x68, 0x91, 0x0, 0x11, 0x36, 0x80, 0x3b,
    0xec, 0xf, 0xf4, 0x27, 0x32, 0xa0, 0x6, 0x66,
    0x90, 0x1, 0x8, 0x4, 0x2c, 0x4, 0x67, 0x20,
    0x9, 0x9e, 0x10, 0x6, 0x76, 0x2, 0x75, 0xab,
    0x36, 0x90, 0x16, 0x6e, 0x10, 0xf, 0xd3, 0x3c,
    0xe0, 0x9, 0x9e, 0x20, 0xf, 0xd1, 0x33, 0xf3,
    0x0, 0x26, 0x44, 0x1, 0xc9, 0x98, 0x46, 0x6f,
    0xa8, 0xd, 0x98, 0x20, 0xd5, 0x80, 0x3, 0x79,
    0xcc, 0xfc, 0x7, 0x98, 0x1, 0x95, 0x0, 0xba,
    0xd0, 0xcf, 0xe0, 0x8, 0xcc, 0x22, 0x7a, 0xb0,
    0x41, 0xf, 0xdd, 0x4e, 0xee, 0x90, 0x6, 0xe8,
    0x42, 0x15, 0xc0, 0x31, 0x13, 0xa4, 0x48, 0xa5,
    0x3, 0x22, 0x0, 0x7f, 0xd6, 0x1c, 0x1, 0xff,
    0xc7, 0x72, 0x23, 0x80, 0x7f, 0xf1, 0xe4, 0x28,
    0x3, 0xff, 0x8e, 0x8f, 0x80, 0x1f, 0xcb, 0xf8,
    0x4, 0x1, 0xe8, 0xe, 0xe6, 0x3, 0x80, 0x64,
    0x1, 0x48, 0x0, 0xf8, 0x48, 0x40, 0xe0, 0x3,
    0xf, 0xf5, 0x88, 0x7, 0xec, 0xff, 0x61, 0x80,
    0x40,

    /* U+6302 "挂" */
    0x0, 0x86, 0x60, 0x3, 0xe1, 0x76, 0x0, 0xfe,
    0x36, 0x60, 0x7, 0xc5, 0x10, 0x0, 0xff, 0xec,
    0xac, 0xcd, 0xc0, 0x33, 0x38, 0x80, 0x3c, 0x20,
    0x16, 0x33, 0x44, 0x0, 0x66, 0xc2, 0x0, 0xcf,
    0xd0, 0x7, 0xf9, 0x2a, 0xb3, 0x80, 0x2a, 0xb1,
    0x0, 0x1c, 0x40, 0x21, 0x13, 0x9a, 0xad, 0x60,
    0x2a, 0xb8, 0x40, 0x17, 0xda, 0x3, 0xdc, 0x30,
    0xf, 0xfe, 0x4a, 0x7f, 0xec, 0x1, 0xff, 0xe3,
    0x0, 0xff, 0xe7, 0x8c, 0x60, 0xff, 0xee, 0xaa,
    0x7f, 0xf1, 0x82, 0x46, 0x0, 0x1c, 0xf4, 0x3,
    0x15, 0x58, 0x7, 0xd4, 0xe2, 0x0, 0x8c, 0x80,
    0xf, 0xfe, 0x13, 0x32, 0x0, 0x5c, 0xc3, 0xbf,
    0xec, 0x1, 0xff, 0xd2, 0x0, 0x89, 0x50, 0xe,
    0x21, 0x18, 0x2, 0x11, 0xe0, 0xf, 0xf6, 0x77,
    0x58, 0x3, 0xdd, 0xa0, 0x3, 0xff, 0xd0, 0xbf,
    0xfd, 0x80, 0x3f, 0xfc, 0xe0, 0xfd, 0x80, 0x60,
    0x1f, 0xfc, 0x53, 0x11, 0x1c, 0x82, 0xff, 0xff,
    0xf0, 0x5c,

    /* U+6307 "指" */
    0x0, 0x86, 0x60, 0x2, 0x18, 0x70, 0xf, 0xfe,
    0x9, 0xb3, 0x0, 0x23, 0x79, 0x0, 0xe2, 0x40,
    0xf, 0xfe, 0x29, 0x3e, 0x6d, 0xa8, 0x7, 0xff,
    0x4, 0x6b, 0xb6, 0xc, 0xa1, 0xc0, 0x26, 0x65,
    0x0, 0xb3, 0x8, 0x2, 0x53, 0x6a, 0xed, 0x73,
    0x0, 0xa6, 0x4e, 0x0, 0x99, 0x38, 0x5, 0xfb,
    0x2a, 0x20, 0xd, 0xc1, 0x8, 0x83, 0x0, 0x22,
    0xe, 0x1, 0xfe, 0x23, 0x10, 0x77, 0x58, 0xb,
    0xb8, 0x88, 0x0, 0xcb, 0xbe, 0xd1, 0x20, 0xf,
    0xfa, 0x0, 0xd1, 0x38, 0x86, 0x40, 0x3f, 0x9,
    0x3, 0xfe, 0xeb, 0x33, 0x6f, 0x20, 0x7, 0x87,
    0x3a, 0xc0, 0x22, 0x21, 0x9e, 0x20, 0x8, 0x5e,
    0xf4, 0x0, 0x60, 0x2, 0xff, 0xff, 0x18, 0x1c,
    0x20, 0x5, 0x5d, 0x20, 0x12, 0x27, 0x80, 0x31,
    0x2c, 0xd8, 0xa, 0x88, 0x4, 0x57, 0x7e, 0x10,
    0xd, 0x4c, 0xc0, 0xf, 0x8a, 0x67, 0xc2, 0x1,
    0xff, 0xc3, 0x66, 0xf0, 0x7, 0xff, 0xc, 0xbf,
    0xfc, 0x20, 0x1f, 0xfd, 0x82, 0xbb, 0xf0, 0x80,
    0x66, 0xcf, 0x3, 0x0, 0xf2, 0x27, 0x80, 0x39,
    0x4c, 0x86, 0x0, 0x38, 0xbf, 0xfc, 0x20, 0x18,
    0xfb, 0xf9, 0x40, 0x22, 0xec, 0x0, 0xf7, 0x79,
    0x80,

    /* U+6309 "按" */
    0x0, 0xca, 0xa0, 0xf, 0x8d, 0x88, 0x3, 0xf8,
    0x6a, 0xc0, 0x3e, 0x89, 0xa0, 0xf, 0xfe, 0x3e,
    0x82, 0x80, 0x7f, 0xf0, 0x8e, 0xab, 0x80, 0xae,
    0xab, 0x0, 0x63, 0x1, 0x0, 0x32, 0xae, 0x30,
    0x2, 0x2a, 0xe1, 0xe, 0xfd, 0x0, 0x7f, 0xb4,
    0x17, 0x77, 0xf0, 0x80, 0x46, 0x20, 0x10, 0x8b,
    0xc0, 0xc9, 0xb7, 0x88, 0xb0, 0x6, 0xde, 0xe0,
    0xf, 0x71, 0x1b, 0x3, 0x41, 0x40, 0x33, 0x30,
    0x40, 0x3f, 0x1c, 0xa8, 0x38, 0x68, 0x6, 0x89,
    0x0, 0xfe, 0xff, 0xc2, 0x17, 0xff, 0xe6, 0x0,
    0xf8, 0xc0, 0x44, 0x1, 0x8, 0xc0, 0x10, 0x98,
    0x4, 0x60, 0x3d, 0x93, 0xd8, 0x0, 0xee, 0xb4,
    0x1, 0xdc, 0x50, 0x7c, 0xd0, 0x0, 0x91, 0x2,
    0x1, 0x44, 0x0, 0xa0, 0x42, 0x1, 0x41, 0x80,
    0x5b, 0xa4, 0x25, 0x9, 0x0, 0xac, 0x14, 0x3,
    0x3c, 0xe0, 0x9, 0x0, 0x3c, 0x1, 0xca, 0x8,
    0x41, 0x20, 0x1a, 0x18, 0x80, 0x3b, 0x68, 0x4a,
    0xb6, 0xc1, 0xc4, 0x3, 0xff, 0x82, 0xbd, 0x40,
    0x40, 0xa, 0x0, 0xff, 0xe4, 0xeb, 0x80, 0x7f,
    0xf0, 0x9, 0xf6, 0x81, 0x31, 0x2, 0x30, 0x80,
    0xd, 0xbe, 0x6, 0x0, 0xbd, 0x82, 0x25, 0x59,
    0xdd, 0x9, 0xe8, 0x82, 0x10, 0x9f, 0x0, 0x20,
    0x5a, 0xf5, 0x40, 0x25, 0xf3, 0xa1, 0x2, 0xff,
    0x61, 0x80, 0xf, 0xa5, 0x0, 0x3c, 0x38, 0xa0,

    /* U+6362 "换" */
    0x0, 0x9e, 0x4, 0x3, 0x95, 0x88, 0x3, 0xfe,
    0xa7, 0x20, 0xc, 0x35, 0x22, 0x1, 0xff, 0xc6,
    0xb0, 0x4, 0x5d, 0xb3, 0xd4, 0x3, 0xff, 0x80,
    0xaa, 0x0, 0x22, 0x46, 0x10, 0x1, 0xa, 0x20,
    0x81, 0x10, 0x7, 0x40, 0xff, 0xf5, 0x80, 0x38,
    0x2, 0x5b, 0xb0, 0x2, 0x2d, 0x70, 0x12, 0x0,
    0x5, 0x41, 0x46, 0x1, 0x32, 0xa8, 0x0, 0x4b,
    0xa0, 0x4, 0xff, 0xb4, 0x42, 0xbe, 0x40, 0x5,
    0x54, 0x20, 0xea, 0x88, 0x0, 0x15, 0x40, 0x12,
    0x98, 0x18, 0x7, 0xf9, 0x40, 0x6a, 0x80, 0xe,
    0xab, 0x0, 0xff, 0xe9, 0xce, 0x38, 0x7, 0xff,
    0x8, 0x5a, 0x88, 0x14, 0xf8, 0x3, 0xe1, 0x0,
    0xf2, 0x4a, 0x80, 0x17, 0x31, 0x20, 0x31, 0x60,
    0x8, 0x88, 0x16, 0x1, 0x16, 0x40, 0x12, 0x7e,
    0x80, 0x7, 0x40, 0x3, 0xb8, 0x2, 0x70, 0x1a,
    0x62, 0x0, 0xa2, 0xef, 0x0, 0x4b, 0x77, 0xc0,
    0x1f, 0x89, 0x12, 0x20, 0x9, 0x59, 0x13, 0x0,
    0x7f, 0xc9, 0x21, 0x70, 0x1e, 0x20, 0x1f, 0xfc,
    0x16, 0xb0, 0x74, 0x75, 0x2f, 0x30, 0xf, 0x18,
    0x8, 0x15, 0xc8, 0x3c, 0x0, 0x29, 0x47, 0x24,
    0x40, 0x19, 0xe2, 0x7, 0x1a, 0x83, 0x50, 0x1,
    0xaa, 0x1, 0xb8, 0x82, 0xc0, 0xa4, 0x68, 0x5b,
    0xd4, 0x3, 0xcf, 0xaa, 0xe4, 0xf, 0xfa, 0xc0,
    0x5d, 0x22, 0x1, 0xf8, 0xaa, 0x0,

    /* U+636E "据" */
    0x0, 0x9a, 0x4, 0x3, 0xff, 0x8d, 0x4e, 0x60,
    0xa, 0xfd, 0xcc, 0xfe, 0x0, 0xfe, 0x40, 0x23,
    0x3f, 0xe1, 0x0, 0xff, 0x67, 0xff, 0xc2, 0x0,
    0x14, 0x41, 0x82, 0x20, 0x80, 0x2, 0x1, 0xfe,
    0x4b, 0xb0, 0x2, 0x6e, 0x80, 0x16, 0xef, 0xf0,
    0x80, 0x19, 0x54, 0x0, 0x35, 0xd0, 0x3, 0x44,
    0x7c, 0x1, 0x1d, 0x50, 0xc3, 0xa9, 0x40, 0xf,
    0x55, 0x0, 0x26, 0xaa, 0x10, 0xf, 0xf5, 0x2a,
    0xc2, 0xe, 0xab, 0x0, 0x7e, 0x10, 0x7, 0x55,
    0x42, 0x15, 0x5a, 0x0, 0x21, 0xf, 0xf3, 0x88,
    0x1a, 0xac, 0x0, 0x45, 0x59, 0x9, 0xf0, 0x80,
    0x80, 0x36, 0xee, 0x0, 0x66, 0xee, 0xa8, 0x30,
    0x3, 0xf3, 0x80, 0x91, 0x61, 0x2, 0x2c, 0x3a,
    0x50, 0x21, 0x42, 0x40, 0x60, 0x1f, 0xf2, 0xeb,
    0x90, 0x4, 0xc0, 0xd9, 0xff, 0x8, 0x77, 0xfc,
    0x40, 0x1f, 0x60, 0x18, 0x0, 0xd1, 0x38, 0x40,
    0x3f, 0x94, 0x30, 0x1, 0xb7, 0x7c, 0xa0, 0x1f,
    0x84, 0xc1, 0x0, 0x3f, 0xf8, 0x2, 0x30, 0x1b,
    0x1, 0x80, 0x55, 0x5e, 0x40, 0xb, 0xb8, 0x40,
    0x32, 0x14, 0x1, 0x22, 0xaf, 0x0, 0x65, 0x25,
    0xb0, 0xc4, 0x60, 0xb, 0x7f, 0xf8, 0xc0, 0x2a,
    0xda, 0x40, 0x2b, 0x0, 0x67, 0x90, 0x7, 0x67,
    0x90,

    /* U+6392 "排" */
    0x0, 0x99, 0x40, 0x3c, 0xac, 0x0, 0x65, 0x0,
    0xf0, 0xcd, 0x80, 0x7a, 0xa4, 0x6, 0x6c, 0x3,
    0xff, 0xc8, 0x60, 0x20, 0x1, 0xcc, 0x80, 0x38,
    0x73, 0x22, 0xbf, 0xd0, 0x7, 0xf8, 0x8c, 0xe0,
    0xf, 0x19, 0xc2, 0x30, 0x4, 0x22, 0x2e, 0xe8,
    0x3, 0xdd, 0xd1, 0xd7, 0x70, 0x7, 0xb8, 0x23,
    0x80, 0x38, 0x47, 0x0, 0x7f, 0x8, 0xc0, 0x1c,
    0x23, 0x80, 0x3f, 0xbb, 0xa0, 0xf, 0x77, 0x42,
    0x1, 0x85, 0x64, 0x8c, 0xe0, 0xf, 0x19, 0xc2,
    0x6d, 0x40, 0xa, 0x67, 0xcc, 0x80, 0x38, 0x73,
    0x20, 0xd9, 0x40, 0x4, 0xea, 0x80, 0x7f, 0xf0,
    0x66, 0x58, 0x2, 0xc4, 0xfd, 0xd0, 0x7, 0xe,
    0xec, 0xce, 0xc4, 0x1, 0xbc, 0x46, 0x0, 0xf1,
    0x15, 0xc0, 0x1f, 0x47, 0xfc, 0x1, 0xef, 0xfa,
    0x0, 0x3f, 0xf8, 0x82, 0x1, 0xff, 0xe2, 0x3d,
    0xf0, 0x30, 0xf, 0xfe, 0x21, 0x98, 0x4a, 0x40,
    0x3c, 0x20, 0x1f, 0xc0,

    /* U+63A5 "接" */
    0x0, 0x91, 0x40, 0x3f, 0x8, 0x7, 0xfd, 0x34,
    0x20, 0x1e, 0x7e, 0x90, 0xf, 0xfe, 0x19, 0x19,
    0xe0, 0x65, 0x33, 0xc2, 0x1, 0xfd, 0xd9, 0x95,
    0x80, 0x2b, 0x33, 0x20, 0x6, 0x30, 0x30, 0x5,
    0x32, 0xa3, 0x36, 0x45, 0x66, 0x38, 0x27, 0xf8,
    0x43, 0x7c, 0x9a, 0x51, 0x66, 0x73, 0x2d, 0x49,
    0x0, 0x4, 0x40, 0x10, 0x98, 0x2, 0x46, 0x0,
    0xa, 0x48, 0x60, 0x12, 0x77, 0x8, 0x3b, 0x82,
    0x32, 0x80, 0x4, 0x54, 0x1e, 0x23, 0x0, 0x7e,
    0x7e, 0xe6, 0x83, 0xf7, 0x0, 0x17, 0xdc, 0xc0,
    0xf, 0xc4, 0x89, 0x88, 0xd1, 0x3e, 0x0, 0xf3,
    0xca, 0xdd, 0xe3, 0x35, 0x5d, 0xf4, 0x80, 0x9,
    0xc8, 0x25, 0x84, 0x74, 0xa, 0x0, 0x8f, 0x81,
    0xf6, 0x0, 0x7, 0x5b, 0xdd, 0x38, 0x27, 0x77,
    0xc2, 0x62, 0xa0, 0xd, 0x54, 0x55, 0x0, 0x4a,
    0xb0, 0x0, 0x55, 0x42, 0x9d, 0x44, 0x1, 0x45,
    0x70, 0xf, 0xd5, 0x42, 0x1b, 0x54, 0x0, 0xfe,
    0x1b, 0x2, 0x20, 0x1, 0xc4, 0xcc, 0x1, 0xff,
    0x28, 0x0, 0xf7, 0x2e, 0x3, 0xc0, 0x3f, 0xf8,
    0x9, 0xfe, 0xa2, 0x34, 0x0, 0x10, 0x7, 0xff,
    0x4, 0x57, 0x8, 0x3, 0x74, 0x88, 0x5, 0xbe,
    0x40, 0x21, 0x7f, 0xd4, 0xc2, 0xfd, 0xc6, 0x6,
    0xe3, 0x0, 0x20, 0x15, 0x0, 0x30, 0x52, 0x33,
    0xa0, 0x45, 0x3c, 0xa8, 0x60, 0x9, 0xfd, 0x50,
    0x3, 0xf5, 0xb9, 0x80, 0x70, 0xd5, 0x80, 0x0,

    /* U+63A7 "控" */
    0x0, 0x91, 0x80, 0x3f, 0x11, 0x80, 0x7f, 0xa6,
    0x42, 0x1, 0xe5, 0xde, 0x0, 0xff, 0xe3, 0xa8,
    0x92, 0x80, 0x7f, 0xf0, 0xb3, 0x38, 0x42, 0xb3,
    0x35, 0x0, 0x99, 0x88, 0x10, 0xc4, 0xcf, 0x80,
    0x23, 0x3c, 0x80, 0x99, 0x80, 0x5, 0x62, 0x81,
    0x7f, 0xfe, 0xe0, 0x9, 0x91, 0x0, 0x3, 0x47,
    0x1, 0x6, 0xb3, 0x5, 0x90, 0x13, 0x50, 0x3b,
    0xb1, 0x6, 0xd9, 0xfe, 0x34, 0xa8, 0x87, 0x36,
    0xe, 0x58, 0x7, 0xfa, 0x64, 0x3a, 0x41, 0x6e,
    0x7e, 0x80, 0x1f, 0xec, 0x61, 0xc3, 0x0, 0xa2,
    0x86, 0xcc, 0x3, 0xd1, 0xa5, 0x9, 0xe4, 0x1,
    0xcb, 0x72, 0x60, 0x3, 0x82, 0x6, 0x26, 0x63,
    0xee, 0x67, 0xd0, 0x60, 0x7, 0xc7, 0x0, 0x3f,
    0x20, 0x99, 0xff, 0x88, 0x0, 0x62, 0xe0, 0x9,
    0x10, 0x3e, 0xec, 0x0, 0xce, 0xe9, 0xc0, 0x9,
    0xd0, 0x40, 0x1c, 0x23, 0x80, 0x2, 0x38, 0x3,
    0xff, 0xfe, 0x1d, 0xde, 0x0, 0x6f, 0x77, 0x0,
    0x3b, 0x84, 0x2, 0x1, 0xf0, 0x8c, 0x1, 0xf2,
    0x9, 0x48, 0x3, 0xbb, 0xff, 0x84, 0x0,

    /* U+63A8 "推" */
    0x0, 0x8d, 0x44, 0x3, 0x84, 0x3, 0xff, 0x83,
    0xf4, 0xa0, 0x19, 0xba, 0x42, 0x3d, 0x0, 0x3f,
    0xf8, 0x74, 0x1e, 0x1c, 0x12, 0x1, 0xff, 0xc2,
    0x23, 0x16, 0x6, 0x12, 0x40, 0xe, 0x11, 0x80,
    0x84, 0x41, 0x0, 0x2e, 0xf0, 0x16, 0x3b, 0x94,
    0x1b, 0xb8, 0x41, 0x3d, 0x66, 0xa0, 0x8, 0x88,
    0x49, 0xe2, 0x1e, 0x6, 0x44, 0x0, 0x88, 0x9e,
    0x0, 0x68, 0x82, 0x80, 0x22, 0x2e, 0x5, 0xdd,
    0x18, 0x5e, 0xf1, 0x80, 0x35, 0xdd, 0x20, 0x8e,
    0xf2, 0x0, 0x7c, 0x72, 0x1, 0x10, 0x89, 0x81,
    0x84, 0x60, 0xf, 0xd6, 0xa, 0x41, 0x3d, 0xca,
    0x2, 0xee, 0x94, 0x3, 0xda, 0x27, 0x42, 0x0,
    0x33, 0x0, 0x46, 0x70, 0x80, 0xd, 0xcc, 0x19,
    0x8a, 0xe, 0x17, 0x99, 0x2, 0x66, 0x48, 0xf,
    0x90, 0x0, 0x2b, 0x90, 0xf, 0xfe, 0x12, 0x22,
    0x4, 0x25, 0x0, 0xe, 0x17, 0xfe, 0xc0, 0x4f,
    0xf9, 0x0, 0xed, 0xc8, 0x3, 0xf0, 0x88, 0x2,
    0x11, 0x80, 0x3f, 0xe7, 0xb, 0xee, 0x60, 0x27,
    0x74, 0x80, 0x1f, 0xfd, 0x6d, 0x44, 0x58, 0x22,
    0x70, 0x7, 0xff, 0x1, 0xae, 0xce, 0x0, 0xbb,
    0xc2, 0x1d, 0xe6, 0xc, 0x1, 0xc2, 0xcd, 0xfc,
    0x20, 0xe0, 0x2e, 0x40, 0x1d, 0x53, 0x3f, 0xc0,
    0x9, 0xfe, 0x80, 0xd, 0x7c, 0x80, 0x1f, 0xe0,

    /* U+63CF "描" */
    0x0, 0x9e, 0x0, 0x38, 0xa5, 0x0, 0x28, 0x90,
    0xf, 0x53, 0x88, 0x6, 0x66, 0x60, 0x4, 0xec,
    0x20, 0x1f, 0xfd, 0x36, 0x67, 0x3, 0x36, 0x0,
    0x33, 0x14, 0x2, 0x30, 0x30, 0x19, 0x92, 0x80,
    0xcc, 0xc0, 0x8, 0x98, 0x5f, 0xf0, 0x86, 0xfa,
    0x33, 0x8, 0x0, 0xcd, 0x0, 0x15, 0xa8, 0x46,
    0x0, 0x84, 0x53, 0x30, 0x3c, 0xcc, 0x0, 0xb9,
    0x74, 0xee, 0x10, 0x77, 0x10, 0x3, 0xff, 0x96,
    0x9d, 0x0, 0x17, 0xf0, 0x80, 0x7f, 0x8f, 0xb9,
    0xfd, 0xdd, 0xfd, 0xc3, 0x0, 0xe7, 0x93, 0x1,
    0x1f, 0xf9, 0xc5, 0x20, 0x82, 0x59, 0x40, 0xb,
    0xfe, 0x30, 0xef, 0xf0, 0x80, 0x1a, 0xdc, 0x0,
    0xd8, 0xc0, 0x1f, 0xfc, 0x15, 0x55, 0x8, 0x41,
    0x80, 0x4b, 0x76, 0x30, 0xcb, 0xb0, 0x80, 0xa,
    0x94, 0xc0, 0x3e, 0x44, 0x0, 0x9, 0x10, 0x1,
    0xff, 0xc1, 0x4f, 0xf1, 0x6, 0xff, 0x80, 0x3f,
    0xf8, 0x22, 0x0, 0x10, 0x30, 0x0, 0x80, 0x7f,
    0xf0, 0x18, 0x8a, 0x2, 0x28, 0x40, 0x3f, 0xf8,
    0x7, 0xba, 0x10, 0xcd, 0xd0, 0x6, 0xdf, 0x20,
    0x10, 0xe, 0x44, 0x19, 0x22, 0x40, 0x19, 0x40,
    0xa4, 0x3, 0x96, 0xed, 0x9b, 0x77, 0x8, 0x5,
    0x1f, 0xac, 0x1, 0x1f, 0x58, 0x7, 0xdd, 0xe8,

    /* U+63D0 "提" */
    0x0, 0x9e, 0x0, 0x3f, 0xf9, 0x14, 0xe2, 0x0,
    0x1f, 0xff, 0xf1, 0x0, 0x7f, 0xf0, 0x5, 0x9b,
    0xc2, 0x2, 0x1, 0xff, 0xc0, 0x39, 0x9f, 0x10,
    0x6, 0x25, 0x51, 0x3, 0xa9, 0x0, 0xb, 0xff,
    0xc6, 0x1, 0x92, 0xa8, 0x0, 0x9a, 0x40, 0x0,
    0xc4, 0x78, 0x40, 0x31, 0x2a, 0x80, 0x8, 0xa4,
    0x0, 0x37, 0x7f, 0x10, 0x6, 0x4a, 0xa1, 0x5,
    0x51, 0x0, 0x5, 0xff, 0xe3, 0x0, 0xff, 0xe0,
    0xb, 0xbf, 0xf8, 0x80, 0x3f, 0xe8, 0x8f, 0xf0,
    0x80, 0x7c, 0xf2, 0xdd, 0xde, 0xfe, 0xee, 0x80,
    0x1, 0xc1, 0x4, 0xb7, 0x99, 0xf0, 0x81, 0x9f,
    0x78, 0x46, 0x38, 0x1, 0x2a, 0x36, 0x7b, 0x74,
    0x0, 0xdd, 0xe7, 0xc, 0x37, 0x0, 0x52, 0x88,
    0x5e, 0x0, 0x7f, 0xc9, 0x90, 0x40, 0x18, 0x40,
    0x80, 0x37, 0xfe, 0x30, 0xf, 0xf3, 0x81, 0x0,
    0x65, 0x5c, 0x20, 0x1f, 0xed, 0x0, 0x28, 0x5,
    0x55, 0x88, 0x3, 0xf8, 0x90, 0xe, 0xc8, 0x3,
    0xff, 0x89, 0x21, 0x1e, 0x3a, 0x1, 0xfe, 0xcd,
    0x20, 0x19, 0x41, 0x73, 0xb0, 0xb, 0xb7, 0x78,
    0x0, 0xe4, 0x30, 0x1c, 0x1a, 0x0, 0x4e, 0x72,
    0x2, 0x2c, 0xc0, 0xb, 0xee, 0x38, 0x3f, 0x18,
    0x4, 0x31, 0xbd, 0xff, 0xac, 0x0,

    /* U+641C "搜" */
    0x0, 0x9e, 0x44, 0x3, 0xe8, 0x90, 0xf, 0xf5,
    0xb1, 0x0, 0x63, 0xb4, 0x56, 0x0, 0xff, 0xe1,
    0xbe, 0x61, 0x3c, 0xc0, 0x1f, 0xf9, 0x0, 0x3f,
    0xa0, 0xdb, 0x6c, 0xc0, 0x8, 0x80, 0xc, 0x2a,
    0xa3, 0xb, 0x51, 0x40, 0x82, 0x0, 0xd7, 0x62,
    0x0, 0x96, 0xa8, 0x0, 0x7a, 0x50, 0x4, 0x38,
    0x80, 0x4f, 0x4, 0x1, 0x33, 0x40, 0x3, 0x66,
    0x0, 0x1a, 0x8, 0x2, 0x97, 0x0, 0xc5, 0x32,
    0x30, 0xf9, 0x20, 0x6, 0xf9, 0x80, 0x5d, 0xe2,
    0x1, 0xff, 0xc4, 0x30, 0xc, 0x60, 0x1f, 0xc2,
    0x26, 0xd, 0xff, 0x8, 0x7f, 0xc4, 0x1, 0xe2,
    0xc, 0xe4, 0x50, 0x55, 0x80, 0xa, 0xbc, 0xc0,
    0x2f, 0x82, 0x0, 0x31, 0x8f, 0xaa, 0x88, 0x2a,
    0xb8, 0x81, 0x60, 0xc0, 0x15, 0x89, 0x57, 0x78,
    0x82, 0xed, 0x9f, 0x0, 0x4, 0x7d, 0x30, 0x60,
    0x3, 0xa2, 0x60, 0x2, 0x20, 0xc1, 0x40, 0x28,
    0x20, 0xe, 0xd2, 0xa, 0xff, 0xda, 0x0, 0x90,
    0xf, 0xfb, 0xc2, 0x98, 0x0, 0x58, 0xc, 0x80,
    0x1f, 0xf1, 0x60, 0x4c, 0x9b, 0x5, 0x64, 0x3,
    0xff, 0x82, 0x78, 0xd, 0x22, 0xd4, 0x1, 0xfc,
    0x20, 0x11, 0xbf, 0x0, 0x66, 0xa5, 0x0, 0xd9,
    0xe6, 0x6, 0x6c, 0xfc, 0x82, 0x4a, 0xe6, 0x15,
    0xaf, 0xc1, 0xb, 0x2, 0x81, 0x31, 0x12, 0xcf,
    0x5a, 0x8c, 0xf5, 0x31, 0x50, 0x83, 0xfe, 0xb8,
    0x3, 0x7a, 0x98, 0x40, 0x39, 0x67, 0x58, 0x0,

    /* U+642D "搭" */
    0x0, 0x9a, 0x4, 0x3, 0x43, 0x80, 0x68, 0x70,
    0xf, 0xa9, 0xc8, 0x2, 0x17, 0x90, 0x8, 0x5e,
    0x40, 0x3f, 0xe5, 0x69, 0x1, 0x66, 0xa4, 0x5,
    0x98, 0x80, 0x1f, 0xa6, 0x4e, 0x0, 0x99, 0x9c,
    0x1, 0x32, 0xf0, 0xc, 0x20, 0x15, 0x43, 0x0,
    0x22, 0x26, 0x0, 0x44, 0x38, 0xf, 0xfc, 0x41,
    0x9e, 0xee, 0x80, 0x17, 0x3, 0x80, 0x17, 0x72,
    0x80, 0x8c, 0x1, 0x8, 0x80, 0x66, 0xe2, 0x16,
    0x13, 0x60, 0x18, 0xbb, 0x86, 0x19, 0xc0, 0x13,
    0x63, 0x80, 0x2d, 0xd4, 0x3, 0xff, 0x82, 0x38,
    0xc3, 0x8c, 0xbe, 0xa0, 0x1f, 0xce, 0xc0, 0xde,
    0x65, 0x87, 0x32, 0x1a, 0xb3, 0x0, 0xe3, 0xb,
    0x9f, 0x91, 0x6, 0x9b, 0xb6, 0x90, 0x26, 0x58,
    0xc, 0xf0, 0x4, 0x80, 0x34, 0xa8, 0x9c, 0x55,
    0x23, 0xc0, 0x6, 0x10, 0x5, 0xdb, 0xb8, 0xb5,
    0xff, 0xe5, 0x6e, 0x50, 0x18, 0xd3, 0x7, 0x1,
    0xa, 0xaf, 0xf0, 0x6, 0x72, 0x0, 0xf2, 0xaf,
    0xf8, 0x40, 0x3f, 0xf8, 0x3, 0xff, 0xe0, 0xf,
    0xff, 0x50, 0x80, 0x61, 0xbb, 0xf0, 0x7, 0xbb,
    0xcc, 0xc, 0x3, 0x91, 0x3c, 0x1, 0xe4, 0x2,
    0x81, 0x0, 0xc3, 0xff, 0xe0, 0xf, 0x57, 0xeb,
    0x80, 0x6e, 0xf0, 0xf, 0x77, 0x4, 0x0,

    /* U+64AD "播" */
    0x0, 0x9a, 0x4, 0x3, 0xfc, 0x26, 0x80, 0x1e,
    0xa7, 0x30, 0x15, 0x67, 0x89, 0xce, 0xfe, 0xcb,
    0x40, 0xf, 0xe1, 0xa9, 0x87, 0x63, 0x14, 0x67,
    0xb5, 0x0, 0xff, 0x63, 0x9f, 0x78, 0xd, 0xcb,
    0x40, 0x80, 0x5, 0x10, 0x60, 0x88, 0x13, 0xf3,
    0x70, 0xc, 0xa3, 0x60, 0x12, 0x5d, 0x80, 0x13,
    0x68, 0xe, 0x1e, 0x1, 0xa0, 0x5c, 0x2, 0x65,
    0x50, 0x0, 0x96, 0x7f, 0xc0, 0xde, 0x3, 0xe4,
    0x3f, 0xea, 0x3, 0xaa, 0x18, 0x7d, 0x50, 0xce,
    0x0, 0xf1, 0x9d, 0xa0, 0x1f, 0x9b, 0x31, 0x0,
    0x20, 0x1, 0x9, 0xcc, 0x38, 0x7, 0xc4, 0x0,
    0x7b, 0xa, 0x1, 0xd0, 0xa8, 0x0, 0xf1, 0x6,
    0xe9, 0x6e, 0x3, 0x10, 0x0, 0x78, 0x2f, 0x88,
    0x2, 0xd6, 0x20, 0x15, 0x20, 0xe9, 0x82, 0x20,
    0xf, 0x8, 0xe4, 0x62, 0x50, 0x1, 0x5e, 0xc8,
    0x5d, 0x98, 0x76, 0xcc, 0x70, 0x9f, 0x8e, 0x1d,
    0x10, 0x38, 0x4c, 0x19, 0x0, 0xc, 0xc0, 0x2,
    0x3a, 0x20, 0x5c, 0x51, 0x0, 0xf3, 0xe6, 0x0,
    0xf3, 0xc, 0x1, 0xff, 0xc2, 0x68, 0x80, 0x1c,
    0x41, 0xc0, 0x3f, 0xf8, 0x6e, 0xe0, 0x3, 0xb8,
    0x3, 0xff, 0x86, 0xdf, 0xe0, 0x3f, 0xf3, 0x80,
    0x7f, 0xf0, 0x9b, 0x74, 0x7, 0xba, 0x70, 0xe,
    0xab, 0x30, 0x30, 0xe, 0x66, 0x11, 0xb3, 0x0,
    0x3c, 0x48, 0xc, 0x20, 0x19, 0xae, 0xdb, 0x97,
    0x67, 0x0, 0xe9, 0xdf, 0x90, 0x8, 0xfa, 0x0,
    0x3d, 0x1e, 0xc0, 0x0,

    /* U+64CD "操" */
    0x0, 0xa2, 0x40, 0x3f, 0xf9, 0xc, 0xc1, 0x0,
    0xd1, 0x33, 0xf1, 0x80, 0x7f, 0xf0, 0x5d, 0x9b,
    0xe5, 0x0, 0xff, 0xe1, 0x17, 0xfe, 0x30, 0xf,
    0x19, 0x84, 0x14, 0xc0, 0x38, 0xcf, 0x8, 0x7,
    0x1e, 0x60, 0x1, 0x78, 0x1, 0x8b, 0x33, 0x10,
    0x7, 0x13, 0x30, 0x0, 0x8c, 0x1, 0x6e, 0x67,
    0xce, 0x1, 0xc, 0xc8, 0x42, 0xa4, 0x7f, 0xdb,
    0x98, 0xab, 0xcc, 0xbb, 0xe4, 0x3, 0xfc, 0x6e,
    0xe0, 0xc, 0xef, 0x1, 0x80, 0x7f, 0x92, 0x24,
    0x3, 0x4c, 0x48, 0x7, 0xed, 0xf0, 0x1, 0x22,
    0x0, 0x32, 0x24, 0x1, 0x92, 0x44, 0xc, 0x8,
    0x16, 0xe8, 0x3, 0x55, 0xd0, 0x4, 0xb6, 0xc0,
    0x8, 0xf3, 0xcc, 0xe4, 0x6c, 0xce, 0x80, 0x40,
    0x60, 0x3, 0x0, 0x8, 0xb8, 0xc4, 0x8b, 0x8c,
    0x7, 0xe4, 0x40, 0x26, 0xee, 0xe1, 0xe, 0xef,
    0x0, 0x7e, 0x25, 0x58, 0xc0, 0x31, 0xaa, 0xe0,
    0xf, 0xc9, 0x54, 0x92, 0x0, 0xc3, 0x15, 0x50,
    0x7, 0xfa, 0x30, 0x60, 0x86, 0x8b, 0x5c, 0x3,
    0xf8, 0x5f, 0x9c, 0x6d, 0xc0, 0xb, 0x63, 0x1a,
    0xc0, 0x7, 0xd1, 0x1, 0xa8, 0x14, 0xf4, 0x0,
    0xc9, 0x88, 0x56, 0x20, 0x64, 0x32, 0x16, 0xd9,
    0x62, 0x1, 0xe2, 0xbb, 0x78, 0x80,

    /* U+64CE "擎" */
    0x0, 0x96, 0x44, 0x1e, 0x44, 0x2, 0x36, 0x10,
    0xf, 0xa2, 0x69, 0xaa, 0x61, 0xaa, 0x4c, 0x22,
    0x40, 0x3f, 0x1a, 0x80, 0x15, 0x40, 0x5, 0x53,
    0x92, 0x4, 0xc4, 0x70, 0x2, 0xf8, 0x8f, 0xf1,
    0x93, 0xf1, 0x24, 0x0, 0xef, 0xcc, 0x1, 0x41,
    0xe, 0xe2, 0xbf, 0x53, 0x20, 0x4f, 0xf9, 0x82,
    0x78, 0x0, 0xaa, 0x38, 0x99, 0xc0, 0xf0, 0x44,
    0x92, 0x36, 0x26, 0x0, 0xac, 0xe, 0xaa, 0xd5,
    0x6, 0xcf, 0xf0, 0x6e, 0x7, 0x0, 0x6c, 0x70,
    0xee, 0x8, 0x8, 0x9, 0x10, 0x4, 0x0, 0xa6,
    0x1, 0x8b, 0xc2, 0xec, 0x20, 0x40, 0x6d, 0x7a,
    0x20, 0x5, 0xd7, 0x30, 0xe, 0xff, 0x13, 0xe8,
    0x65, 0x22, 0x33, 0xf9, 0x8a, 0x3c, 0x2, 0x7f,
    0x55, 0x73, 0x3c, 0xbc, 0xd7, 0x2c, 0x5d, 0xbe,
    0x78, 0x3, 0x57, 0xfb, 0x19, 0x93, 0xb5, 0x54,
    0xb3, 0x28, 0x18, 0x80, 0x34, 0x55, 0x6b, 0xb0,
    0x3, 0x7f, 0xdd, 0x90, 0x1, 0xe3, 0xbc, 0xcd,
    0xba, 0x0, 0x44, 0xcf, 0x94, 0x3, 0x33, 0xbf,
    0xc0, 0x5, 0x77, 0xf1, 0x0, 0x65, 0xee, 0xf8,
    0x43, 0xfb, 0xbc, 0xe0, 0x16, 0xff, 0xfe, 0x10,
    0xff, 0xfd, 0xc0, 0xa, 0x66, 0xfc, 0x0, 0x66,
    0xfe, 0x0, 0x3c, 0xcf, 0xe1, 0x9, 0x9f, 0xd0,
    0x1, 0xfa, 0x6a, 0x82, 0x1, 0xff, 0xc7, 0x55,
    0x14, 0x80, 0x7f, 0xf1, 0x67, 0xfd, 0xac, 0x1,
    0xfe,

    /* U+652F "支" */
    0x0, 0xff, 0x2a, 0x80, 0x3f, 0xf8, 0xe5, 0x54,
    0x0, 0xff, 0xea, 0x89, 0x9f, 0xce, 0x0, 0x33,
    0xfc, 0x20, 0x7, 0xcc, 0xfa, 0x80, 0x19, 0x9f,
    0x90, 0x0, 0x64, 0x5f, 0x0, 0x42, 0x45, 0xf0,
    0x80, 0x17, 0x77, 0xf0, 0x3, 0xb7, 0x7e, 0x40,
    0xf, 0xfe, 0x70, 0x8f, 0xc0, 0x1, 0x1c, 0x40,
    0x1f, 0x2f, 0x77, 0xb0, 0x1, 0xdd, 0xb7, 0x94,
    0x3, 0xff, 0x90, 0x22, 0x0, 0xe5, 0xfb, 0x1,
    0xef, 0xff, 0x90, 0xd, 0x0, 0x3e, 0x44, 0xd,
    0x80, 0x79, 0xd0, 0x3c, 0x3, 0xfa, 0x41, 0x60,
    0x3, 0x24, 0x4, 0x18, 0x7, 0xf1, 0x58, 0x3c,
    0x80, 0x16, 0xc1, 0x9c, 0x3, 0xfe, 0x4a, 0x6,
    0xdd, 0x50, 0x34, 0x80, 0x7f, 0xf0, 0x56, 0x80,
    0x88, 0xf, 0x20, 0x1f, 0xfc, 0x14, 0xaa, 0x0,
    0x67, 0xb5, 0x0, 0xf8, 0x51, 0xef, 0xed, 0x40,
    0xee, 0xc6, 0x9, 0x5f, 0x90, 0xa6, 0x3, 0xf7,
    0x8, 0x2, 0xd9, 0x84, 0x46, 0x5b, 0x8, 0x1b,
    0xd7, 0x80, 0xc8, 0xa4, 0x67, 0x49, 0x80, 0x64,
    0x9e, 0xc8, 0x52, 0xf0, 0x3, 0xf5, 0xb9, 0x80,
    0x7f, 0x8d, 0xeb, 0x4c, 0x0,

    /* U+6536 "收" */
    0x0, 0xf0, 0x88, 0x2, 0x25, 0x20, 0xf, 0xfe,
    0xf, 0x70, 0x2, 0xba, 0xb0, 0xf, 0xfe, 0x32,
    0x87, 0x80, 0x7e, 0xff, 0x0, 0x7e, 0x30, 0x40,
    0xf, 0xfe, 0x29, 0x80, 0x44, 0x5e, 0x0, 0xff,
    0xa8, 0x1, 0xbb, 0xf0, 0x80, 0x7f, 0x98, 0x0,
    0x45, 0x0, 0x44, 0x1, 0xfe, 0x40, 0x5, 0xee,
    0xca, 0x13, 0xa2, 0x1, 0xfd, 0x0, 0xc, 0x0,
    0x9c, 0x14, 0x3, 0xfc, 0xe6, 0x0, 0x50, 0x0,
    0x90, 0x18, 0x7, 0xfb, 0x82, 0x10, 0x8c, 0x10,
    0x10, 0x3, 0xfe, 0x86, 0x7e, 0xa, 0xf, 0xd,
    0x0, 0xff, 0x86, 0x41, 0x45, 0x8d, 0x41, 0xc0,
    0x3c, 0x4d, 0x80, 0x1e, 0x90, 0xc0, 0x61, 0x0,
    0x88, 0x1, 0xb2, 0x60, 0x1e, 0x70, 0xa, 0xc0,
    0x34, 0x80, 0x4b, 0x40, 0x1f, 0xe3, 0x0, 0xde,
    0x13, 0xf4, 0xa0, 0x1e, 0xa0, 0xa, 0x80, 0x32,
    0x7b, 0x0, 0x7e, 0xb5, 0xa, 0x14, 0xc0, 0xf,
    0xfe, 0x2, 0x6a, 0x6, 0x2e, 0x81, 0xf2, 0x0,
    0x7f, 0x25, 0x91, 0x30, 0xc0, 0xf0, 0x45, 0x20,
    0x1f, 0xc8, 0xed, 0xa6, 0x1, 0x1f, 0xaf, 0x80,
    0x7d, 0xfe, 0x8, 0x90, 0xf, 0xd, 0x10, 0x0,

    /* U+6539 "改" */
    0x0, 0xff, 0xe0, 0x5c, 0x0, 0x7c, 0x2a, 0xbf,
    0x20, 0x0, 0xd1, 0x40, 0x3e, 0x2a, 0xaf, 0xa0,
    0x0, 0xa0, 0x80, 0x1f, 0xa, 0x27, 0x10, 0x6,
    0xc0, 0xc0, 0xf, 0x8a, 0xef, 0xa4, 0x3, 0x28,
    0x5e, 0x67, 0x80, 0x3f, 0xe5, 0x0, 0x9, 0x9f,
    0x80, 0x3f, 0xea, 0x0, 0x6e, 0xca, 0x5, 0xa0,
    0x1f, 0xe1, 0x0, 0x11, 0x60, 0x5, 0x10, 0x17,
    0xff, 0x58, 0x2, 0xc0, 0x4, 0x1, 0x38, 0x18,
    0x7, 0xf8, 0xd4, 0xc, 0x14, 0x4, 0x81, 0x40,
    0x3b, 0xbb, 0xb4, 0xde, 0x43, 0xc1, 0xc0, 0xc4,
    0x3, 0x84, 0x78, 0xb6, 0x14, 0x14, 0x74, 0x2c,
    0x3, 0xff, 0x80, 0x20, 0x5, 0xa, 0x40, 0x60,
    0xf, 0xfe, 0x1c, 0x82, 0x2, 0x88, 0x7, 0xf8,
    0x50, 0x2, 0x30, 0xa, 0x0, 0x3f, 0x96, 0xfa,
    0x40, 0x21, 0x0, 0x9c, 0x3, 0x8, 0x2, 0xbe,
    0x90, 0x10, 0x0, 0x5e, 0x1, 0x52, 0x0, 0x56,
    0x0, 0x50, 0x39, 0xf9, 0x5, 0xc1, 0x16, 0xa0,
    0x5a, 0x80, 0x4, 0x0, 0xdb, 0x8c, 0x5, 0x94,
    0x25, 0xe5, 0x66, 0x15, 0x63, 0x4d, 0xf2, 0x40,
    0x18, 0xc1, 0x70, 0x40, 0x18, 0xc0, 0xe2, 0x72,
    0x1, 0xe2, 0x9c, 0xa1, 0x0, 0xd3, 0x7a, 0x0,

    /* U+653E "放" */
    0x0, 0xcd, 0x62, 0x1, 0xc3, 0x72, 0x20, 0x1f,
    0xe1, 0x47, 0x0, 0xe4, 0x43, 0x8, 0x7, 0xf9,
    0x42, 0x80, 0x3b, 0x41, 0x0, 0x3e, 0x15, 0x59,
    0xcd, 0x15, 0x62, 0x4, 0xc, 0x0, 0xf9, 0x6a,
    0xb1, 0xbd, 0x54, 0xa2, 0x61, 0x17, 0x7e, 0x6,
    0x55, 0x0, 0x11, 0x57, 0x1b, 0x0, 0x48, 0x9e,
    0x2, 0xaa, 0x8, 0x55, 0x72, 0x48, 0x3, 0x32,
    0x0, 0x3e, 0x0, 0x7f, 0xc6, 0x20, 0x3, 0x38,
    0x42, 0x8c, 0x3, 0xd9, 0x8f, 0xd4, 0xf0, 0x8,
    0x80, 0x46, 0x20, 0xf, 0x88, 0xc0, 0xa0, 0xc0,
    0x81, 0x1, 0x1, 0x40, 0x3f, 0x6f, 0x18, 0x28,
    0x1c, 0x86, 0x87, 0x86, 0x80, 0x78, 0x40, 0x85,
    0x83, 0x73, 0x90, 0x10, 0x50, 0x10, 0x3, 0xfc,
    0x20, 0x3, 0x20, 0x50, 0xd1, 0x22, 0x0, 0x70,
    0x80, 0x80, 0x7e, 0xe0, 0x30, 0xb0, 0xf, 0x28,
    0x10, 0x1, 0xc1, 0xc0, 0x24, 0x0, 0x98, 0x3,
    0xd8, 0xa, 0x1, 0xf8, 0x40, 0x21, 0x0, 0xf2,
    0x86, 0x80, 0x4, 0x4, 0x2, 0xd0, 0xa, 0x80,
    0x39, 0x8, 0x10, 0x0, 0x60, 0x60, 0x38, 0x63,
    0x40, 0x94, 0x1, 0xa0, 0x1c, 0x0, 0x22, 0x1,
    0x5f, 0x31, 0xd5, 0xa0, 0x5c, 0x20, 0x83, 0x19,
    0x5d, 0xf0, 0x37, 0xa1, 0x2c, 0x30, 0x59, 0x3,
    0xc0, 0x93, 0xd1, 0x42, 0x12, 0xf7, 0x26, 0xd2,
    0x0, 0x9b, 0xb, 0x40, 0x70, 0xc0, 0x7f, 0xda,
    0x61, 0xb2, 0x1, 0xe3, 0xd3, 0x0,

    /* U+6548 "效" */
    0x0, 0xc7, 0x46, 0x1, 0xe1, 0xb7, 0x0, 0xff,
    0x32, 0xf0, 0x7, 0x95, 0x30, 0x3, 0xfc, 0xa6,
    0x4a, 0x1, 0xd8, 0x18, 0x1, 0xf4, 0xd5, 0x42,
    0x2f, 0xaa, 0x8c, 0xc, 0xc, 0x3, 0xe7, 0x55,
    0x88, 0x55, 0x73, 0x82, 0x5, 0x6e, 0xec, 0x0,
    0x6e, 0x45, 0x66, 0x2d, 0xb3, 0xa, 0x60, 0x1,
    0x22, 0xc6, 0x0, 0x32, 0x8a, 0x23, 0xe6, 0x43,
    0x1a, 0x7, 0xee, 0x48, 0x1f, 0x0, 0x52, 0xc,
    0x21, 0x63, 0x4, 0xc, 0x16, 0x22, 0xe0, 0x41,
    0x0, 0x13, 0x84, 0x0, 0x6, 0x3, 0x98, 0x0,
    0xc0, 0x2, 0xd, 0x0, 0xb8, 0x20, 0x40, 0x1b,
    0x84, 0x72, 0x0, 0xc0, 0x2, 0x2, 0x0, 0xc,
    0xef, 0xd1, 0x52, 0x6f, 0xb0, 0x40, 0x70, 0x31,
    0x31, 0x0, 0x1d, 0xf1, 0x96, 0x70, 0x51, 0x24,
    0xc9, 0x45, 0x6c, 0x2c, 0x3, 0x21, 0x5a, 0x12,
    0x3, 0x80, 0x18, 0xb8, 0x25, 0x81, 0x40, 0x3e,
    0xb0, 0x8, 0x40, 0x32, 0x11, 0x8a, 0x90, 0x7,
    0xc6, 0x1, 0x40, 0x7, 0x50, 0x2, 0x40, 0x3e,
    0x1d, 0x4, 0x7, 0x40, 0xd, 0x60, 0x4, 0x0,
    0xfb, 0x45, 0x2d, 0xc2, 0x84, 0x1, 0x46, 0x0,
    0x84, 0x0, 0xc5, 0x86, 0x54, 0x10, 0x64, 0x3,
    0x6a, 0x38, 0xe1, 0x68, 0x0, 0x2c, 0x32, 0xf1,
    0x0, 0x76, 0x3f, 0xa0, 0xe1, 0xc2, 0x85, 0xc8,
    0x13, 0x26, 0x10, 0x4, 0x47, 0x22, 0x9e, 0x40,
    0xa, 0x60, 0x20, 0x4, 0x58, 0x80, 0x71, 0xdd,
    0x58, 0x80, 0x69, 0xab, 0x0,

    /* U+6570 "数" */
    0x0, 0xe7, 0x91, 0x0, 0xe3, 0x40, 0xf, 0xc7,
    0xaa, 0x14, 0xc6, 0x1d, 0x40, 0xf, 0xb2, 0x0,
    0xf8, 0x89, 0x0, 0x19, 0xc7, 0x40, 0x6, 0x4,
    0x1, 0xf0, 0xb9, 0x18, 0x5, 0x6, 0xe0, 0x20,
    0x60, 0x1f, 0xa, 0x82, 0xb1, 0x2, 0xbd, 0xa9,
    0x20, 0x0, 0x8b, 0x84, 0xa, 0x9d, 0x68, 0x1,
    0xf, 0x14, 0xb8, 0x7, 0xbb, 0xd6, 0x7, 0x55,
    0x0, 0x67, 0xaa, 0x2b, 0x0, 0xc, 0xc0, 0x11,
    0x0, 0x15, 0x5c, 0x1, 0x9f, 0xd0, 0x40, 0x13,
    0x98, 0x20, 0xe8, 0x0, 0x26, 0xa3, 0x10, 0x6b,
    0x2c, 0x48, 0x3, 0xc0, 0x4, 0x22, 0x0, 0x1d,
    0x94, 0x48, 0x5, 0x35, 0x45, 0x0, 0x20, 0x18,
    0x28, 0x4, 0x71, 0x8e, 0x6b, 0x64, 0xb, 0x40,
    0xca, 0x44, 0x40, 0xc0, 0xc, 0xe6, 0x1e, 0xe0,
    0x10, 0xca, 0xc6, 0x2, 0xe0, 0x28, 0x6, 0xcf,
    0xf1, 0x85, 0xff, 0xba, 0x68, 0x5c, 0x21, 0x4,
    0x80, 0x32, 0x28, 0x4, 0xaa, 0x0, 0x60, 0x0,
    0x50, 0x1, 0x20, 0x1d, 0x1c, 0x7, 0xf5, 0x62,
    0x25, 0x0, 0xb4, 0x0, 0xc0, 0x1e, 0xb0, 0x35,
    0xa, 0x1b, 0x0, 0xd8, 0x0, 0x70, 0xf, 0x6a,
    0x5, 0x7a, 0x2a, 0x80, 0x26, 0x50, 0x4, 0x10,
    0x7, 0x15, 0xd8, 0x2, 0x62, 0x0, 0x3c, 0x86,
    0x28, 0xe0, 0x80, 0x64, 0xbb, 0x2, 0xa1, 0xd8,
    0xd4, 0x5, 0x9d, 0x18, 0xfa, 0x1, 0x7d, 0xa2,
    0x32, 0xae, 0xd1, 0xca, 0x36, 0x80, 0xd, 0x31,
    0x80, 0x26, 0x7c, 0xb3, 0x0, 0x20, 0xba, 0xfa,
    0x0, 0x43, 0x8f, 0xa0, 0x9, 0x83, 0x0, 0xf4,
    0x50, 0x80, 0x7a, 0x4, 0x0,

    /* U+6574 "整" */
    0x0, 0xe6, 0x91, 0x0, 0xe1, 0x62, 0x0, 0xf9,
    0x57, 0x4b, 0x4a, 0xac, 0x20, 0xf3, 0x40, 0x1f,
    0x5d, 0x54, 0x0, 0x7a, 0xa8, 0x82, 0x3, 0x91,
    0x31, 0x80, 0x3f, 0x76, 0x30, 0xad, 0xd8, 0xd4,
    0x42, 0x6e, 0xf6, 0x0, 0x5b, 0xb1, 0x85, 0x6e,
    0xb0, 0x68, 0x1, 0x32, 0x10, 0x19, 0x0, 0xc9,
    0x40, 0x7, 0xa2, 0x1d, 0x0, 0x13, 0x30, 0xc3,
    0x18, 0x3, 0xb, 0x90, 0x6b, 0x88, 0x21, 0xc1,
    0x42, 0x92, 0x90, 0x7, 0x2e, 0x90, 0x56, 0x98,
    0x46, 0xb9, 0x3d, 0x4, 0x0, 0x61, 0xdd, 0x10,
    0x1, 0xa, 0xf8, 0x4, 0x20, 0x0, 0x44, 0x0,
    0xf7, 0x90, 0x3, 0xe, 0xd8, 0x6, 0x28, 0x0,
    0x58, 0x60, 0x15, 0x69, 0x5a, 0x82, 0x72, 0x94,
    0x73, 0x96, 0x69, 0x9b, 0x30, 0x0, 0xc3, 0xd4,
    0x23, 0x10, 0xa5, 0xe2, 0x9d, 0x32, 0xc9, 0x24,
    0x0, 0x35, 0x4d, 0x9b, 0xcd, 0xdb, 0x29, 0xb6,
    0xef, 0x6d, 0x40, 0x5, 0xe8, 0x9f, 0x19, 0x91,
    0x3e, 0xd0, 0xd, 0x3f, 0xd9, 0xdf, 0xee, 0x1,
    0xff, 0xfa, 0x80, 0x3d, 0x38, 0xe0, 0x18, 0x62,
    0x3c, 0x1, 0xff, 0xc4, 0x77, 0xf0, 0x7, 0xff,
    0xc, 0x7f, 0xfc, 0x1, 0xd7, 0x73, 0x84, 0xdd,
    0xb4, 0x6, 0xef, 0xf8, 0x0, 0x89, 0x0, 0x48,
    0x83, 0x0, 0x22, 0x7f, 0x0, 0x7f, 0xf2, 0xc0,

    /* U+6587 "文" */
    0x0, 0xfe, 0x4a, 0x90, 0xf, 0xfe, 0x39, 0x2b,
    0x10, 0x7, 0xff, 0x19, 0x84, 0x20, 0x3, 0xff,
    0x8e, 0xc2, 0x60, 0x1f, 0xee, 0xff, 0xfc, 0xe2,
    0xdf, 0xff, 0x80, 0x2, 0x1, 0xff, 0xc9, 0xee,
    0xa4, 0x1, 0xdd, 0xf8, 0x1, 0x1d, 0xd0, 0x0,
    0x46, 0x62, 0x4, 0x11, 0xf2, 0x0, 0x18, 0x46,
    0x0, 0xf5, 0x84, 0x0, 0x7a, 0x1, 0x84, 0x3,
    0xf9, 0x84, 0x9c, 0x3, 0x29, 0x4, 0x0, 0x7f,
    0xd4, 0x10, 0x40, 0x1, 0xb0, 0x71, 0x0, 0xff,
    0x91, 0x43, 0xc0, 0x14, 0x25, 0x0, 0x1f, 0xfc,
    0x1b, 0x12, 0xca, 0x40, 0xe0, 0xf, 0xfe, 0x10,
    0xe8, 0x1a, 0x85, 0x18, 0x7, 0xff, 0xc, 0xc0,
    0x33, 0x80, 0x7f, 0xf0, 0xcf, 0x40, 0x36, 0xa8,
    0x7, 0xff, 0x0, 0x67, 0x8, 0x6f, 0x4, 0x2b,
    0x10, 0x3, 0xf2, 0x57, 0x30, 0x2f, 0xa1, 0xfa,
    0x81, 0xde, 0x28, 0x80, 0x6, 0x7a, 0xd4, 0xf,
    0x28, 0x40, 0x3, 0x58, 0x60, 0x75, 0xd6, 0x22,
    0x21, 0x5, 0xbc, 0x30, 0xf, 0x1e, 0x5b, 0x0,
    0x4, 0x41, 0x53, 0xd4, 0x80, 0x1f, 0xe4, 0x9f,
    0xaa, 0x0,

    /* U+65B0 "新" */
    0x0, 0xe3, 0x30, 0x7, 0xff, 0x1d, 0x33, 0x80,
    0x3f, 0x8e, 0x3a, 0x0, 0x21, 0x19, 0x44, 0x98,
    0x46, 0x7, 0xbb, 0x7e, 0x38, 0xa9, 0x80, 0x2b,
    0xba, 0x10, 0x9e, 0xe8, 0x61, 0x10, 0x4b, 0x3b,
    0xa3, 0x0, 0x63, 0x1a, 0x33, 0x42, 0xac, 0x20,
    0xe, 0xda, 0x62, 0x0, 0xcf, 0x46, 0x53, 0x2a,
    0x16, 0x90, 0x10, 0xf, 0xf8, 0xc5, 0xc0, 0x16,
    0x14, 0x1, 0xff, 0xc1, 0x22, 0x8c, 0x88, 0xe0,
    0x84, 0x1, 0xff, 0xe, 0xe8, 0xcb, 0x74, 0x0,
    0xdd, 0x30, 0x3, 0xbf, 0xfc, 0x42, 0xcd, 0x80,
    0x6, 0xcd, 0x10, 0x7, 0xfd, 0x33, 0x94, 0x3e,
    0x66, 0x40, 0x7, 0xfb, 0x80, 0x7f, 0xc4, 0x17,
    0x79, 0x43, 0x6e, 0xe1, 0x0, 0xff, 0x91, 0x30,
    0x0, 0x51, 0x20, 0x10, 0xf, 0xf7, 0xfe, 0x40,
    0xce, 0xdf, 0x10, 0x10, 0xf, 0xf3, 0xf1, 0x88,
    0x3, 0x20, 0x4, 0xc, 0x3, 0xfd, 0x40, 0x60,
    0x13, 0xa9, 0x90, 0x30, 0x7, 0xf3, 0x13, 0x80,
    0x68, 0x9, 0x50, 0x30, 0xf, 0xc3, 0x1, 0x0,
    0x18, 0x91, 0xb0, 0x30, 0x3, 0xf0, 0xc4, 0x4,
    0x2, 0x10, 0x9d, 0x50, 0x40, 0xf, 0xe6, 0x75,
    0xb5, 0x0, 0x8a, 0x41, 0x80, 0x3f, 0xf8, 0xe,
    0x82, 0xe4, 0x0, 0xa4, 0xb0, 0xf, 0xe0,

    /* U+65B9 "方" */
    0x0, 0xfe, 0x28, 0x90, 0xf, 0xfe, 0x33, 0x3b,
    0x18, 0x7, 0xff, 0x15, 0xc, 0x20, 0x3, 0xff,
    0x8d, 0x20, 0x40, 0x1f, 0xd5, 0xff, 0xfa, 0x81,
    0xbf, 0xfe, 0xb0, 0xf, 0xfe, 0x55, 0x7f, 0xf0,
    0x84, 0xff, 0xff, 0xac, 0x3, 0xe1, 0x3, 0x0,
    0xff, 0xe4, 0x8, 0x7, 0xff, 0x14, 0x80, 0x17,
    0xdd, 0xef, 0xe8, 0x0, 0xfc, 0xc0, 0x10, 0x8f,
    0x80, 0x40, 0x3f, 0x88, 0x7, 0xbb, 0xe3, 0xf,
    0x0, 0xfd, 0x80, 0x82, 0x3f, 0x0, 0x4, 0x3,
    0xf2, 0x7, 0x80, 0x7c, 0x20, 0x40, 0x1f, 0x28,
    0x82, 0x0, 0x7c, 0x40, 0xc0, 0x1f, 0x40, 0x28,
    0x80, 0x78, 0x40, 0x6, 0x1, 0xe7, 0x20, 0x80,
    0xf, 0x88, 0x4, 0x40, 0x1c, 0xb0, 0xc, 0x40,
    0x1f, 0x20, 0x10, 0x7, 0x35, 0x1, 0xc8, 0x7,
    0xea, 0x4, 0x0, 0xd7, 0x20, 0x7a, 0x1, 0x9f,
    0xff, 0x10, 0x50, 0x6, 0x80, 0x6c, 0x10, 0xc,
    0xa0, 0x18, 0xa8, 0x80, 0x31, 0xf4, 0x80, 0x78,
    0xbf, 0xf6, 0xa8, 0x6,

    /* U+65E0 "无" */
    0x0, 0x84, 0x7f, 0xf8, 0xa0, 0x19, 0xbb, 0xbf,
    0xf8, 0xa0, 0x18, 0xc0, 0x3f, 0xf8, 0x82, 0x1,
    0x97, 0xff, 0xd6, 0x5, 0xff, 0xf7, 0x0, 0x7f,
    0xc2, 0x2, 0x1, 0xff, 0xc7, 0x30, 0x70, 0xf,
    0xfe, 0x3f, 0x1, 0x0, 0x7f, 0xd3, 0x55, 0xf3,
    0x83, 0x55, 0x7f, 0x0, 0x1d, 0x57, 0xe0, 0x9,
    0x57, 0xf8, 0x1, 0x73, 0x3f, 0x0, 0x61, 0x99,
    0xf8, 0x0, 0xac, 0xde, 0x50, 0x2, 0x83, 0x37,
    0xe0, 0xf, 0xea, 0x5, 0x0, 0xff, 0xe3, 0xb0,
    0x78, 0x7, 0xff, 0x1a, 0x0, 0x54, 0x3, 0xff,
    0x8a, 0x6e, 0x10, 0x1, 0xfc, 0x82, 0x1, 0xe2,
    0xd0, 0x46, 0x0, 0xfe, 0xee, 0x10, 0x6, 0x4c,
    0x11, 0x50, 0x0, 0xc0, 0x3e, 0x60, 0x30, 0xa,
    0x6c, 0x45, 0x82, 0x1, 0x8c, 0x3, 0x11, 0x88,
    0x82, 0x3d, 0x80, 0xfc, 0x80, 0x2f, 0x4, 0xff,
    0xda, 0x8, 0x1, 0x86, 0x70, 0x40, 0x33, 0x28,
    0x80, 0x72, 0x58, 0x2, 0x2b, 0x98, 0x3, 0xea,
    0xef, 0xfe, 0xb1, 0x0,

    /* U+65E5 "日" */
    0x2, 0x2f, 0xfe, 0x10, 0x2e, 0xef, 0xff, 0x9,
    0x80, 0x3f, 0xf8, 0xc5, 0xff, 0xfe, 0x20, 0xf,
    0xff, 0xc1, 0x6e, 0xff, 0x88, 0x3, 0x88, 0xbf,
    0xc0, 0x1e, 0xcc, 0xff, 0x0, 0x71, 0x19, 0xff,
    0x88, 0x3, 0xff, 0xf0, 0x5f, 0xff, 0xe2, 0x0,
    0xff, 0xe4, 0xee, 0xff, 0x80, 0x38, 0x8b, 0xff,
    0x80, 0x0, 0x5e, 0xc0, 0xf, 0xf6, 0xfb, 0x0,

    /* U+65F6 "时" */
    0x0, 0xff, 0xe2, 0x19, 0x80, 0x3f, 0xf8, 0xc5,
    0x98, 0x0, 0x86, 0xbe, 0x67, 0x80, 0x3f, 0xf8,
    0x26, 0xa0, 0xcd, 0xc2, 0x1, 0xff, 0xc3, 0xbb,
    0x84, 0x0, 0x45, 0xe6, 0x0, 0x11, 0x0, 0x22,
    0x44, 0x80, 0x2d, 0xdf, 0x58, 0x3, 0x74, 0xe0,
    0x1f, 0xfd, 0x2f, 0xff, 0x68, 0x3, 0xfc, 0xe0,
    0x2, 0xbb, 0x84, 0x2, 0x66, 0x0, 0x7f, 0xf0,
    0x11, 0x20, 0x8, 0xe6, 0x44, 0x1, 0xfe, 0x1e,
    0xe8, 0x2, 0x36, 0xe, 0x0, 0xff, 0x18, 0x8e,
    0x0, 0xa0, 0x4d, 0x80, 0x3f, 0xf8, 0xa3, 0x1,
    0x22, 0x1, 0xff, 0xc5, 0x63, 0x5, 0x0, 0xfc,
    0x60, 0x1f, 0xdf, 0xa8, 0x1, 0xf8, 0x7f, 0xe1,
    0x0, 0xe3, 0x20, 0xf, 0xf1, 0x17, 0x8, 0x7,
    0xff, 0x8, 0xb7, 0x78, 0x3, 0xff, 0x82, 0x6d,
    0x40, 0x1f, 0xfc, 0x1, 0x0, 0xe1, 0x97, 0x0,
    0xfc, 0x9f, 0xf6, 0x1, 0x0, 0x7f, 0xf0, 0x90,
    0x40, 0x23, 0xe0, 0xf, 0xfe, 0x1f, 0x7f, 0xd8,
    0x60, 0x10,

    /* U+660E "明" */
    0x1, 0x21, 0x1e, 0x0, 0x36, 0x33, 0x73, 0xdb,
    0x17, 0x6f, 0x77, 0x10, 0x49, 0xcc, 0xf4, 0x24,
    0x80, 0x44, 0x50, 0x7, 0xa2, 0x39, 0x80, 0x31,
    0x6e, 0xc6, 0x1, 0xce, 0xfd, 0x0, 0x1f, 0xfd,
    0x67, 0x7e, 0x90, 0xc, 0x5b, 0xb1, 0x80, 0x74,
    0x47, 0x38, 0x7, 0x11, 0x40, 0x1e, 0x99, 0xe8,
    0x0, 0xc5, 0xff, 0x10, 0x7, 0x33, 0x78, 0x3,
    0xf0, 0x80, 0x4, 0x3, 0xff, 0x8e, 0x60, 0x1,
    0x1e, 0x30, 0xf, 0xf8, 0x40, 0x1d, 0xdd, 0xa0,
    0x18, 0xbb, 0xa3, 0x0, 0x30, 0x0, 0x8b, 0x80,
    0x3c, 0x23, 0x0, 0x58, 0xf, 0xbb, 0xdc, 0x1,
    0x8b, 0xff, 0x89, 0xc2, 0xc0, 0x3f, 0xf8, 0x8a,
    0x22, 0x30, 0xf, 0xc5, 0xfa, 0x1, 0xd0, 0x12,
    0x1, 0xff, 0xc4, 0xa2, 0x17, 0x0, 0xff, 0xe1,
    0xd2, 0x86, 0x80, 0x6a, 0xff, 0x70, 0x10, 0x7,
    0xb8, 0x6c, 0xc0, 0x37, 0x0, 0x47, 0x20, 0x1e,
    0x4e, 0x40, 0xe, 0x4f, 0xfb, 0x10,

    /* U+6613 "易" */
    0x0, 0xd5, 0x5f, 0xfc, 0x22, 0x0, 0xe5, 0x5f,
    0xfe, 0x10, 0x80, 0x7d, 0xdf, 0xff, 0xc2, 0x1,
    0xff, 0xd1, 0xef, 0xff, 0xe1, 0x0, 0xfe, 0x66,
    0xff, 0x0, 0x7f, 0xa6, 0x7f, 0xc2, 0x1, 0xfd,
    0x55, 0xfe, 0x10, 0xf, 0xe5, 0x5f, 0xf0, 0x7,
    0xef, 0xc0, 0x5, 0x7f, 0xff, 0x18, 0x7, 0xe,
    0x82, 0xa0, 0x8f, 0xf8, 0x3, 0xe, 0x8, 0x2f,
    0x77, 0xfd, 0x80, 0x2, 0xf2, 0x2, 0x30, 0x8,
    0xcc, 0x1, 0x18, 0x1, 0x81, 0xf4, 0x4f, 0xb7,
    0xc0, 0x19, 0x8f, 0x1, 0xfc, 0x80, 0x30, 0xc0,
    0x5c, 0x12, 0xd0, 0x83, 0xf, 0x9, 0x0, 0x70,
    0x70, 0x5d, 0xa8, 0xb, 0x5, 0x5c, 0x14, 0xc5,
    0xc0, 0xa, 0x6, 0x0, 0x40, 0x4c, 0x15, 0xa0,
    0x2a, 0xb, 0x0, 0x8c, 0x18, 0x0, 0x33, 0x62,
    0xb4, 0x3, 0xe0, 0xca, 0x0, 0x40, 0x12, 0x0,
    0x90, 0x1e, 0x80, 0xbc, 0x8e, 0x5e, 0xed, 0x40,
    0xe0, 0x10, 0xe6, 0x20, 0x0, 0x4c, 0x78, 0x6,
    0x88, 0x15, 0x80, 0xc, 0x26, 0x1, 0xa3, 0x0,
    0x9, 0xff, 0x50, 0x80,

    /* U+661F "星" */
    0x0, 0x15, 0x57, 0xff, 0xa, 0x40, 0x30, 0xaa,
    0xff, 0xf0, 0x9c, 0x3, 0xc5, 0xff, 0xfe, 0xb0,
    0xf, 0xc7, 0x11, 0xfe, 0xe0, 0xf, 0xc2, 0xef,
    0xfe, 0x50, 0xf, 0xc5, 0xff, 0xfe, 0xb0, 0xf,
    0xc7, 0x33, 0xfe, 0xe0, 0xf, 0xc2, 0xcd, 0xfe,
    0x50, 0xf, 0x1e, 0x1c, 0x7f, 0xd5, 0x3d, 0xff,
    0xdc, 0x1, 0xd0, 0x7a, 0x1, 0x5c, 0x90, 0x7,
    0xf9, 0x90, 0x1e, 0xee, 0x10, 0xcb, 0xbf, 0x20,
    0x0, 0xe4, 0x0, 0x48, 0x90, 0x4, 0x89, 0xe2,
    0x3, 0xd0, 0x4f, 0xfe, 0x0, 0x5f, 0xff, 0x98,
    0x14, 0x4e, 0x80, 0x3f, 0xf8, 0x8d, 0x9b, 0x9f,
    0xfc, 0x0, 0xbf, 0xfe, 0xc0, 0x8, 0xc5, 0x59,
    0xb8, 0x0, 0x4c, 0xdd, 0x60, 0x1d, 0x13, 0x3c,
    0x21, 0xd3, 0x3c, 0xe0, 0x2, 0x55, 0xfc, 0x21,
    0x4a, 0xbf, 0x25, 0x57, 0xf0, 0x1, 0xaa, 0xbe,
    0x80, 0xf, 0xfe, 0x40,

    /* U+6620 "映" */
    0x0, 0xff, 0xe0, 0x1a, 0x88, 0x7, 0xff, 0x1a,
    0x28, 0x80, 0x3d, 0x3f, 0xfd, 0x20, 0x1f, 0xfc,
    0x23, 0x0, 0xe3, 0x0, 0xe7, 0x7, 0x0, 0xfd,
    0x9f, 0x60, 0x16, 0x7f, 0xc6, 0x17, 0xff, 0x70,
    0x7, 0xff, 0x0, 0x88, 0x1, 0x11, 0x0, 0x3f,
    0xf8, 0x59, 0xa8, 0x19, 0xba, 0x0, 0xff, 0xe7,
    0xed, 0x50, 0x3, 0xff, 0x8c, 0x2a, 0x20, 0x1f,
    0x38, 0x8, 0x7, 0xea, 0xd9, 0x0, 0xf8, 0x40,
    0xc0, 0x3f, 0x31, 0x10, 0x7, 0x8c, 0x3b, 0x84,
    0x1d, 0xcf, 0x1, 0xe1, 0x0, 0xf8, 0x40, 0x21,
    0x0, 0x84, 0x2, 0x10, 0xf, 0x87, 0xff, 0x60,
    0x5, 0xdf, 0xf8, 0x40, 0xe, 0x1, 0xfa, 0x80,
    0x26, 0x0, 0xfa, 0xfe, 0xc0, 0x38, 0x58, 0x2c,
    0x20, 0x40, 0x3e, 0x22, 0xc0, 0x16, 0x83, 0x23,
    0x5, 0x80, 0x7b, 0x37, 0x68, 0x1, 0xb3, 0x28,
    0x8, 0x5, 0x70, 0xb, 0x50, 0x40, 0x32, 0xfa,
    0x16, 0x8, 0xd, 0x4, 0x48, 0x1, 0xec, 0x80,
    0x29, 0xa1, 0x5d, 0x10, 0x9, 0x64, 0x1b, 0x40,
    0x3e, 0xa4, 0xca, 0x0, 0xf3, 0x61, 0x48, 0x7,
    0xc7, 0x66, 0x1, 0xf8, 0xf5, 0x0,

    /* U+662F "是" */
    0x0, 0x9a, 0x67, 0xff, 0x84, 0x20, 0x1e, 0xa6,
    0x6f, 0xfe, 0x11, 0x0, 0x7e, 0xbf, 0xff, 0xf0,
    0x80, 0x7f, 0xaf, 0xff, 0xfc, 0x20, 0x1f, 0xe6,
    0x88, 0xff, 0x0, 0x7f, 0xda, 0xef, 0xfe, 0x10,
    0xf, 0xf5, 0xff, 0xff, 0x84, 0x3, 0xf5, 0x33,
    0x7f, 0xf0, 0x88, 0x3, 0xcd, 0x33, 0xff, 0xc2,
    0x10, 0xd, 0xbd, 0xdf, 0xbf, 0xdd, 0xdf, 0xa0,
    0x3, 0xfc, 0x20, 0x1, 0x0, 0xff, 0x6f, 0x73,
    0x63, 0x3b, 0xa0, 0x7, 0xf7, 0x7d, 0x0, 0x1d,
    0x53, 0x40, 0x1c, 0x20, 0x1f, 0xfc, 0x17, 0xe,
    0x0, 0xee, 0xff, 0xf1, 0x0, 0x72, 0x8, 0x70,
    0x7, 0x11, 0x9f, 0xc0, 0x1d, 0xe0, 0x7, 0x20,
    0xd, 0xb9, 0x9e, 0x10, 0xc, 0xc8, 0x8, 0x1e,
    0x60, 0x1f, 0xfc, 0x25, 0x90, 0x6b, 0x42, 0xca,
    0x0, 0x8, 0x7, 0xf2, 0x50, 0x14, 0x85, 0xb0,
    0x20, 0x3, 0xbf, 0xfe, 0xc0, 0x44, 0x16, 0x0,
    0x53, 0xd0, 0x84, 0x1, 0xfa, 0xc0, 0x15, 0x82,
    0x1, 0x85, 0xef, 0x7f, 0xff, 0x38, 0x0,

    /* U+663E "显" */
    0x0, 0xc, 0xcf, 0xff, 0x9, 0xc0, 0x38, 0xd9,
    0xbf, 0xf8, 0x54, 0x1, 0xf0, 0xff, 0xff, 0xa8,
    0x3, 0xff, 0x90, 0x20, 0x1f, 0xc3, 0xff, 0xfe,
    0xb0, 0xf, 0xf3, 0x37, 0xf9, 0x40, 0x3f, 0x86,
    0x67, 0xfd, 0xc0, 0x1f, 0xc3, 0x33, 0xfe, 0xf0,
    0xf, 0xf3, 0x37, 0xf9, 0x0, 0x3e, 0x2f, 0xfd,
    0x9b, 0xfe, 0xec, 0xdf, 0xfb, 0x40, 0x3c, 0x40,
    0x1, 0xcc, 0x0, 0xf, 0x3c, 0x2, 0x40, 0xc,
    0x3d, 0xe0, 0x1f, 0xfc, 0x3, 0xbd, 0x0, 0x85,
    0xc9, 0xc0, 0x3f, 0xef, 0x8, 0x0, 0xd0, 0x10,
    0x20, 0x1f, 0xce, 0x68, 0xa0, 0x18, 0x5c, 0x20,
    0x3, 0xf1, 0x40, 0xd0, 0x7, 0xa5, 0xac, 0x3,
    0xf1, 0x45, 0x8, 0x4, 0x24, 0x43, 0xb0, 0x20,
    0x12, 0x23, 0x1, 0x11, 0x58, 0x8a, 0x1d, 0xdf,
    0x60, 0x3, 0x75, 0x60, 0xd, 0xdf, 0x5b, 0x11,
    0x7f, 0xf2, 0x0,

    /* U+666E "普" */
    0x0, 0xe4, 0x0, 0xf8, 0x50, 0x3, 0xfa, 0xae,
    0x80, 0x3d, 0x17, 0x60, 0xf, 0xd0, 0xa, 0x80,
    0x18, 0x98, 0x20, 0x3, 0x9f, 0x31, 0xc0, 0x9,
    0xdc, 0xc6, 0xe8, 0x1, 0xf9, 0x8a, 0x0, 0x71,
    0x9c, 0x0, 0x22, 0x19, 0x88, 0x2, 0x33, 0x9c,
    0x1, 0x34, 0x7b, 0xfc, 0x3, 0xfe, 0x10, 0xef,
    0xa3, 0xad, 0x0, 0xc7, 0xc0, 0x1f, 0xe9, 0x31,
    0x0, 0xca, 0x46, 0xa0, 0x1f, 0x90, 0xd1, 0x0,
    0x1d, 0x6a, 0xc0, 0x1c, 0x20, 0x2, 0x39, 0x0,
    0xb3, 0xfd, 0x2b, 0x9c, 0x3, 0xfe, 0x0, 0x74,
    0x9e, 0xff, 0xc8, 0x9f, 0xfc, 0x75, 0x8b, 0xb1,
    0x17, 0xff, 0xa, 0xae, 0x80, 0x26, 0x6f, 0xfe,
    0x11, 0x80, 0x7d, 0xff, 0xfe, 0x0, 0xff, 0xe9,
    0x7f, 0xff, 0x80, 0x3f, 0xcc, 0xdf, 0xe0, 0xf,
    0xf4, 0xcf, 0xf8, 0x3, 0xfd, 0x33, 0xfe, 0x0,
    0xff, 0x33, 0x7f, 0x80, 0x3f, 0xdf, 0xff, 0xe0,
    0xf, 0xdd, 0xe0, 0x1f, 0xef, 0xf1, 0x0, 0x0,

    /* U+666F "景" */
    0x0, 0x9f, 0xff, 0xff, 0x84, 0x60, 0x1d, 0xe0,
    0x93, 0x3f, 0xe1, 0x0, 0xfe, 0x13, 0x3f, 0xf0,
    0x7, 0xf9, 0x6a, 0xbf, 0xc2, 0x1, 0xfd, 0x1f,
    0xff, 0xe2, 0x0, 0xfe, 0x8f, 0xff, 0xf1, 0x0,
    0x7d, 0x73, 0x3c, 0xc0, 0xb3, 0x3e, 0x20, 0xc,
    0x24, 0xef, 0xdc, 0x8, 0xef, 0xe0, 0x10, 0x7,
    0x77, 0xe8, 0x1, 0xee, 0xfd, 0x20, 0xcd, 0xfc,
    0xac, 0xdf, 0xd8, 0x11, 0x32, 0x11, 0xf1, 0x8,
    0xfb, 0xa6, 0x4a, 0x1, 0x9d, 0xff, 0xf8, 0x34,
    0x1, 0xfd, 0xff, 0xfd, 0x80, 0x1f, 0xf3, 0xbf,
    0xf5, 0x0, 0x7f, 0xd1, 0x1f, 0xcc, 0x1, 0xfd,
    0xfb, 0x7f, 0xed, 0x0, 0x7f, 0xb3, 0x7f, 0x40,
    0x3e, 0x7d, 0xb8, 0x0, 0xe3, 0xcd, 0xb4, 0x0,
    0xc2, 0xfd, 0x3, 0x50, 0x1, 0xc7, 0x68, 0x8b,
    0xc3, 0x0, 0x64, 0xb, 0x7a, 0xc4, 0xc0, 0x8,
    0x1, 0x2f, 0xc, 0xd8, 0x81, 0x8f, 0xb2, 0x20,
    0x2c, 0xa3, 0x0, 0x18, 0xf2, 0xa5, 0x0, 0x60,
    0x80, 0x29, 0xff, 0x73, 0x0, 0x79, 0x58, 0x0,

    /* U+6670 "晰" */
    0x0, 0xfc, 0x8c, 0x1, 0xf0, 0x80, 0x7f, 0xba,
    0x44, 0x3, 0xc, 0x74, 0x85, 0x7f, 0xe9, 0x0,
    0xf9, 0x73, 0x9c, 0xc, 0x40, 0x6, 0x40, 0x1f,
    0xd4, 0x66, 0x8e, 0xa1, 0x0, 0x66, 0x0, 0x3f,
    0x84, 0x31, 0xc4, 0x3, 0xf5, 0xe2, 0x87, 0xe0,
    0x18, 0x7, 0xff, 0x1, 0x4c, 0x0, 0x26, 0x20,
    0x1f, 0xfc, 0x1e, 0xf0, 0x7, 0x78, 0x80, 0x1d,
    0xf3, 0x0, 0x33, 0x0, 0x1e, 0x60, 0x1, 0x84,
    0x46, 0xb0, 0x1, 0x90, 0x4, 0x80, 0x8, 0x20,
    0x30, 0xb0, 0x4, 0xf0, 0x3, 0xf4, 0x2, 0xd0,
    0xb, 0x80, 0x24, 0x40, 0x21, 0x80, 0x46, 0x1,
    0x38, 0x1, 0x8d, 0x4c, 0x40, 0x3f, 0xe4, 0x13,
    0xb, 0x55, 0x9, 0x80, 0x7f, 0xdc, 0x6c, 0x7,
    0x42, 0xc, 0x1, 0xfe, 0x55, 0x50, 0x6, 0x30,
    0x10, 0xf, 0xbf, 0x80, 0x44, 0xc0, 0x19, 0x3,
    0x40, 0x3e, 0x33, 0xab, 0x0, 0x3b, 0x0, 0xc0,
    0x3e, 0xcc, 0x9c, 0x80, 0x39, 0x1, 0x40, 0x3b,
    0xdc, 0x3, 0xf9, 0x4, 0xc4, 0x3, 0x96, 0x0,
    0x3f, 0xa0, 0x2c, 0x3, 0xff, 0x8b, 0x8, 0xe0,
    0x1, 0x3, 0x0,

    /* U+6674 "晴" */
    0x0, 0xff, 0xe0, 0xcc, 0x0, 0x7f, 0xf1, 0x85,
    0x98, 0x1, 0xe5, 0xff, 0xeb, 0xc, 0xdd, 0xb8,
    0x7, 0x77, 0x58, 0x6, 0x22, 0x0, 0x4a, 0xef,
    0x18, 0x1, 0xdf, 0x10, 0x5, 0x3b, 0x80, 0x14,
    0xc4, 0x60, 0x4, 0x47, 0x0, 0x7f, 0x2e, 0xed,
    0x60, 0xd, 0xdc, 0xe0, 0x1f, 0xc9, 0x77, 0x48,
    0x2, 0xef, 0x38, 0x7, 0xe5, 0xaf, 0xfa, 0x80,
    0x1f, 0xfa, 0x8c, 0x1, 0x3d, 0xc0, 0x1, 0xb3,
    0x61, 0x0, 0x33, 0x73, 0x80, 0x42, 0x1, 0x36,
    0xef, 0x7f, 0xb7, 0x79, 0x0, 0x13, 0xfc, 0x1,
    0xf, 0xff, 0xf8, 0x3, 0xff, 0x80, 0x2c, 0xde,
    0x0, 0xff, 0xe1, 0x1c, 0xcf, 0x84, 0x3, 0xff,
    0x82, 0x5f, 0xfe, 0x10, 0xe, 0xc4, 0x40, 0x7,
    0xa2, 0x3c, 0x1, 0xe5, 0xba, 0x0, 0xe2, 0x77,
    0xf0, 0x7, 0xca, 0xb6, 0x0, 0x45, 0xff, 0xe0,
    0xf, 0x4d, 0x54, 0xe0, 0x1a, 0x67, 0xc0, 0x19,
    0xe5, 0x0, 0x3e, 0x26, 0x6f, 0x8, 0x4, 0x4c,
    0x40, 0x1f, 0xf1, 0x55, 0x4, 0x3, 0xff, 0x8a,
    0x48, 0xa5, 0x20, 0x0,

    /* U+667A "智" */
    0x0, 0xa6, 0x0, 0x3f, 0xf8, 0xa4, 0xc8, 0x1,
    0xff, 0xc5, 0x80, 0x3f, 0xfe, 0x71, 0xff, 0xfb,
    0x80, 0xd4, 0x10, 0x2, 0x44, 0x10, 0x4, 0x23,
    0x80, 0x2f, 0xa, 0xb4, 0xb, 0xb9, 0x40, 0x5,
    0xdd, 0x60, 0x5, 0x64, 0x47, 0x40, 0xf7, 0x78,
    0x3, 0xfd, 0x5, 0x10, 0x0, 0x24, 0x44, 0x60,
    0x1f, 0xdb, 0x98, 0x80, 0x4, 0x66, 0x46, 0x1,
    0xfc, 0x46, 0x54, 0x0, 0x88, 0x9, 0x80, 0xb,
    0x76, 0xf0, 0xc, 0x78, 0x4b, 0xec, 0x9b, 0x0,
    0x11, 0x16, 0x0, 0xab, 0x9, 0xa8, 0x26, 0xce,
    0x87, 0xff, 0xee, 0xf, 0x3b, 0x9, 0x9b, 0x56,
    0xe6, 0x7e, 0x0, 0x97, 0x11, 0x9b, 0xff, 0x84,
    0x20, 0x1f, 0x77, 0x7f, 0x68, 0x7, 0xf8, 0x47,
    0xf8, 0x80, 0x3f, 0xdf, 0xff, 0xe0, 0xf, 0xf3,
    0x37, 0xf2, 0x80, 0x7f, 0xa6, 0x7f, 0xa8, 0x3,
    0xfd, 0x55, 0xfe, 0x0, 0xff, 0x2a, 0xff, 0x80,
    0x3f, 0xdf, 0xff, 0xdc, 0x1, 0xfb, 0xfc, 0x1,
    0xfc, 0x3f, 0xe1, 0x0,

    /* U+6682 "暂" */
    0x0, 0x85, 0xcc, 0x3, 0xff, 0x80, 0x40, 0x46,
    0x6d, 0x8e, 0x33, 0xc2, 0x4a, 0xa7, 0xad, 0xfc,
    0x1c, 0xc8, 0xc0, 0xb3, 0x33, 0xed, 0x52, 0x14,
    0xd1, 0x8e, 0xe4, 0x0, 0x93, 0x3c, 0x88, 0x9,
    0xdf, 0xeb, 0x82, 0x51, 0x6, 0xbc, 0xb4, 0x66,
    0x10, 0x82, 0x90, 0x7, 0x3c, 0x0, 0xba, 0x94,
    0x3b, 0x8c, 0x43, 0xae, 0xfa, 0xb8, 0x0, 0xf0,
    0x0, 0x58, 0x82, 0x30, 0x12, 0x27, 0x2d, 0xdb,
    0x76, 0x10, 0xbd, 0xd3, 0x80, 0x3f, 0xd2, 0xf,
    0xfe, 0x24, 0x30, 0x61, 0xe, 0xb9, 0x32, 0x10,
    0xf, 0xb7, 0xfb, 0x6c, 0x0, 0xac, 0xcb, 0x4,
    0x0, 0xf9, 0x10, 0xd1, 0x20, 0xc, 0xfd, 0x50,
    0xe0, 0xf, 0xa6, 0xe5, 0xd8, 0xc0, 0x40, 0xa,
    0x88, 0x0, 0xfe, 0x28, 0x82, 0xb5, 0x44, 0x0,
    0xe2, 0x2e, 0x6b, 0x0, 0xcc, 0xee, 0x66, 0x3b,
    0xff, 0x33, 0x0, 0x3c, 0x9f, 0xff, 0xe3, 0x0,
    0xfc, 0x8e, 0xff, 0xe3, 0x0, 0xfe, 0x88, 0xff,
    0x0, 0x7f, 0x27, 0xff, 0xf8, 0xc0, 0x3f, 0x24,
    0xcf, 0xf8, 0xc0, 0x3f, 0x99, 0xbf, 0xc0, 0x1f,
    0xc9, 0xff, 0xfe, 0x30, 0xf, 0x27, 0xd8, 0x7,
    0xfb, 0x3d, 0x40, 0x0,

    /* U+66F2 "曲" */
    0x0, 0xe3, 0x30, 0x6, 0x32, 0x0, 0xff, 0xb7,
    0x8, 0x0, 0x79, 0xe0, 0x1f, 0xfe, 0x11, 0x1e,
    0x1, 0x19, 0xc0, 0xc4, 0x78, 0x3f, 0xbb, 0x0,
    0x33, 0xb9, 0x60, 0x3d, 0xdc, 0x20, 0x1f, 0xfc,
    0x9f, 0xf8, 0x43, 0x7f, 0xd8, 0x5, 0xff, 0x0,
    0x7f, 0xfc, 0xbf, 0xe1, 0xd, 0xff, 0x60, 0x17,
    0xfc, 0x1, 0xff, 0xcc, 0xff, 0x80, 0x1b, 0xfe,
    0xb0, 0x2f, 0xf8, 0x3, 0xf0, 0x80, 0x67, 0x0,
    0xff, 0xf2, 0x33, 0x42, 0x14, 0xcc, 0x90, 0x26,
    0x68, 0x3, 0xa6, 0x60, 0x3, 0xcc, 0x94, 0x1,
    0x33, 0x0, 0x72, 0xaf, 0xff, 0x8, 0x3, 0xaa,
    0xbf, 0xf8, 0x40, 0x17, 0xf0, 0x7, 0xff, 0xb,
    0xfc, 0x20,

    /* U+66F4 "更" */
    0x9, 0xbb, 0xff, 0xe3, 0x20, 0x1, 0x13, 0xff,
    0x8e, 0x40, 0xf, 0xcc, 0xfa, 0x80, 0x19, 0x9f,
    0x9c, 0x0, 0x46, 0x7f, 0x38, 0x0, 0xcf, 0xf0,
    0x80, 0x6d, 0xff, 0xed, 0x0, 0x7f, 0xfc, 0x1,
    0xe3, 0x4, 0x4c, 0x40, 0x3, 0x44, 0xc0, 0x1f,
    0xea, 0xbb, 0xbc, 0x1, 0x97, 0x78, 0x3, 0xfd,
    0x11, 0xa4, 0x1, 0x31, 0x18, 0x3, 0xfc, 0xce,
    0xf2, 0x0, 0x19, 0xdf, 0x0, 0x7f, 0xb7, 0xfe,
    0xc0, 0x7, 0x7f, 0xdc, 0x1, 0xfe, 0x30, 0x8,
    0x40, 0x2, 0x1, 0x8, 0x7, 0xfb, 0xbf, 0xed,
    0x0, 0x7f, 0xf0, 0x7, 0xe4, 0x33, 0xe0, 0x8,
    0xcf, 0xe0, 0xf, 0x5b, 0x96, 0xe6, 0x10, 0x1b,
    0x33, 0xe0, 0xf, 0x8, 0xda, 0x26, 0x81, 0x40,
    0x1f, 0xfc, 0x2b, 0x33, 0x76, 0x2, 0x98, 0x7,
    0xff, 0x8, 0x74, 0x3, 0x60, 0x7, 0xff, 0x9,
    0x27, 0xc0, 0x34, 0xfe, 0x43, 0x21, 0x90, 0x80,
    0x6c, 0xfb, 0x61, 0x3b, 0xf9, 0x30, 0x37, 0x9b,
    0xcd, 0xef, 0xe0, 0x5, 0x1, 0xbe, 0xe2, 0x3,
    0x67, 0xdc, 0x32, 0x18, 0x80, 0x18, 0x0, 0xdd,
    0x90, 0x40, 0x1e, 0x47, 0x9b, 0xce, 0xff, 0x40,
    0x0,

    /* U+66FF "替" */
    0x0, 0xe7, 0x81, 0x0, 0xf1, 0x43, 0x0, 0x7f,
    0xa9, 0xcc, 0x3, 0xcc, 0xfa, 0x1, 0xe1, 0xaa,
    0x88, 0x3e, 0xa8, 0x9, 0x55, 0x2, 0x55, 0x44,
    0x1, 0x2a, 0xc0, 0x2, 0x54, 0x2, 0x55, 0x8,
    0x1, 0x56, 0x10, 0x0, 0xff, 0xc2, 0x1d, 0xfc,
    0xd, 0xfe, 0xb0, 0x5f, 0xf8, 0xc0, 0x13, 0x55,
    0x8, 0x5d, 0x50, 0x62, 0xa9, 0x60, 0xb5, 0x54,
    0x80, 0x1d, 0x56, 0x0, 0x2a, 0xc4, 0xca, 0xa0,
    0x9, 0x56, 0x70, 0x7, 0x7f, 0x90, 0x0, 0xff,
    0xe3, 0xef, 0xb0, 0x8, 0xbb, 0xf8, 0x3, 0x2a,
    0x0, 0x1e, 0xc4, 0x0, 0x96, 0x10, 0xa5, 0x60,
    0x1c, 0xd4, 0x15, 0xc6, 0x9a, 0x53, 0x60, 0xcf,
    0x64, 0xb6, 0x40, 0x37, 0x21, 0xa, 0x38, 0xdc,
    0x2e, 0x11, 0x20, 0x38, 0x49, 0xa4, 0x3a, 0x35,
    0x97, 0x71, 0x4c, 0x1, 0x65, 0xdd, 0x5e, 0xd0,
    0x40, 0xdc, 0xe8, 0x9f, 0x9, 0x22, 0x70, 0x4b,
    0x80, 0x78, 0x7f, 0xff, 0xc2, 0x1, 0xfe, 0x10,
    0xf, 0xf0, 0x80, 0x7f, 0xdf, 0xff, 0xe0, 0xf,
    0xfe, 0x3, 0xbf, 0xf8, 0x3, 0xfe, 0x18, 0x8f,
    0xf0, 0x80, 0x7f, 0x86, 0xef, 0xfc, 0x20, 0x1f,
    0xf2, 0x27, 0xf8, 0x3, 0xff, 0x81, 0xff, 0xfe,
    0x0, 0xfe, 0x2e, 0xe0, 0x7, 0xfb, 0xfc, 0x40,
    0x10,

    /* U+6700 "最" */
    0x0, 0xf, 0xff, 0xff, 0x8, 0x80, 0x3f, 0x44,
    0x7f, 0x80, 0x2, 0x1, 0xf9, 0x13, 0xfc, 0x20,
    0x1f, 0xec, 0xcf, 0xf0, 0x80, 0x7f, 0xe, 0xef,
    0xf8, 0x40, 0x3f, 0x85, 0x57, 0xfc, 0x20, 0x1f,
    0xe8, 0x8f, 0xf0, 0x0, 0x40, 0x22, 0x21, 0xee,
    0xff, 0xf0, 0x80, 0x88, 0x1f, 0xbb, 0xff, 0xc7,
    0x48, 0x90, 0x3, 0xcc, 0x98, 0x1, 0x33, 0xfe,
    0x55, 0x31, 0x80, 0x8c, 0x60, 0x41, 0xff, 0xea,
    0xe4, 0x10, 0xc, 0xd1, 0x5, 0x0, 0x6b, 0x37,
    0x8d, 0xd4, 0x3, 0xb7, 0xfd, 0x80, 0xb, 0x80,
    0x9e, 0xe6, 0x0, 0x18, 0x3, 0xad, 0xdd, 0x20,
    0x13, 0x5, 0x88, 0xa0, 0x14, 0x40, 0x39, 0xa2,
    0xa, 0x1, 0xb, 0x94, 0xba, 0x5, 0x80, 0x7b,
    0xbf, 0xda, 0x6, 0x41, 0x6, 0xd0, 0x14, 0x20,
    0x2, 0x33, 0x5, 0xd5, 0xe8, 0xe, 0x80, 0x14,
    0x2, 0x70, 0xb, 0xf0, 0x0, 0xaa, 0x40, 0x9,
    0xd3, 0x18, 0x2, 0xd9, 0x30, 0x55, 0x3c, 0xde,
    0xfe, 0x81, 0xd, 0x99, 0x67, 0x28, 0x36, 0x2c,
    0x54, 0x32, 0x10, 0x6, 0x83, 0x9d, 0x31, 0xad,
    0x67, 0x50,

    /* U+6708 "月" */
    0x0, 0xc2, 0x8c, 0x89, 0xfc, 0xe8, 0x20, 0x19,
    0xee, 0x6e, 0xff, 0xa2, 0xd0, 0x3, 0xe3, 0x3f,
    0xe0, 0xf, 0xe4, 0xcc, 0xfe, 0x20, 0xf, 0xfe,
    0x7b, 0x80, 0x7f, 0x18, 0x7, 0xe3, 0xff, 0xfe,
    0x10, 0xf, 0xfe, 0x68, 0x82, 0xff, 0xff, 0x10,
    0x7, 0xe3, 0x0, 0xff, 0xe2, 0x78, 0x7, 0xff,
    0x18, 0x81, 0xbf, 0xff, 0x88, 0x3, 0xce, 0x1,
    0xff, 0xc5, 0x12, 0xd, 0xff, 0xfe, 0x10, 0xe,
    0x70, 0x22, 0x0, 0x7f, 0x18, 0x7, 0x58, 0x28,
    0x7, 0xff, 0xd, 0x88, 0x24, 0x3, 0xff, 0x84,
    0x52, 0xc, 0x20, 0x1e, 0x11, 0x88, 0xc0, 0x2c,
    0x2, 0x90, 0xf, 0x1f, 0x75, 0xa2, 0xe, 0x14,
    0x5e, 0x1, 0xf1, 0x90, 0x4, 0x74, 0x40, 0x9a,
    0x40, 0x1f, 0xb7, 0xfe, 0xc5, 0x0,

    /* U+6709 "有" */
    0x0, 0xfc, 0xec, 0x20, 0x1f, 0xfc, 0x68, 0x92,
    0x0, 0xff, 0xe2, 0xa0, 0x9, 0x80, 0x7f, 0xcf,
    0xdd, 0xd6, 0x3, 0xdd, 0xfe, 0xd0, 0xf1, 0x1e,
    0x0, 0x84, 0x7f, 0xc6, 0x11, 0xff, 0x90, 0x13,
    0xff, 0xfe, 0xe0, 0xe, 0x24, 0x9, 0x0, 0xff,
    0xe2, 0xe8, 0x3, 0xb3, 0x3e, 0xfc, 0x20, 0xf,
    0x38, 0x4, 0x67, 0xf8, 0xc, 0x40, 0x39, 0x20,
    0x0, 0xff, 0xff, 0x88, 0x3, 0xc9, 0x60, 0x17,
    0x80, 0x7f, 0xf0, 0x96, 0xc1, 0x18, 0x23, 0xff,
    0xf1, 0x0, 0x77, 0x2, 0x58, 0x4, 0x45, 0xf8,
    0x3, 0xd5, 0x16, 0x1, 0x46, 0xef, 0xe2, 0x0,
    0xe1, 0x70, 0xd, 0xe0, 0x1f, 0xfc, 0x87, 0xff,
    0xfc, 0x40, 0x1f, 0xfc, 0x4, 0x4f, 0xc0, 0x1f,
    0xfc, 0x8, 0xbb, 0xfc, 0x40, 0x1f, 0xfc, 0xa1,
    0x0, 0xff, 0xe1, 0x17, 0xfc, 0x40, 0x60, 0x1f,
    0xfc, 0x22, 0x20, 0x0, 0xa4, 0x40, 0x0,

    /* U+670D "服" */
    0x0, 0x5f, 0xfb, 0xbf, 0xda, 0x9, 0xbb, 0xf7,
    0xe9, 0x0, 0x4e, 0x0, 0x10, 0x1, 0x80, 0x91,
    0x7c, 0x4, 0x20, 0x1d, 0xbf, 0xc0, 0x60, 0x12,
    0x77, 0x70, 0x80, 0x7c, 0x60, 0x1f, 0x8, 0xf8,
    0xc0, 0x3f, 0xf8, 0xc8, 0x91, 0x80, 0x7d, 0xdb,
    0xe0, 0x40, 0x1e, 0xdb, 0xb0, 0x88, 0xc0, 0x3c,
    0x42, 0x1, 0xfa, 0xe6, 0x57, 0xc0, 0x1e, 0xdf,
    0xe0, 0x20, 0x9, 0x56, 0x73, 0x30, 0xc1, 0x0,
    0x71, 0x80, 0x7e, 0xaa, 0xf3, 0xc8, 0x4, 0x20,
    0x1f, 0xfc, 0x7, 0x78, 0x1, 0x80, 0x1d, 0xb7,
    0xa0, 0x60, 0x12, 0xa8, 0x2a, 0x20, 0x80, 0x60,
    0x11, 0x81, 0xa1, 0x80, 0x7b, 0x82, 0x80, 0x50,
    0x50, 0x2, 0x10, 0xbb, 0x50, 0x18, 0x6, 0x41,
    0x70, 0x60, 0x70, 0xe, 0x24, 0x48, 0x3, 0xe9,
    0x9, 0x90, 0x58, 0x4, 0x40, 0xc0, 0x1f, 0xe7,
    0x16, 0x15, 0x20, 0x9, 0xc0, 0x80, 0x3f, 0xe7,
    0x0, 0x48, 0x6, 0xd0, 0xf0, 0xf, 0xf1, 0x38,
    0x3, 0xc4, 0x2, 0x50, 0x40, 0xf, 0xe3, 0xc1,
    0x63, 0x36, 0x18, 0x11, 0x65, 0xfe, 0x6, 0x0,
    0x9b, 0x5, 0xa7, 0x4c, 0xb0, 0xca, 0x28, 0x10,
    0x0, 0x70, 0x1, 0x34, 0x4c, 0x80, 0x71, 0x9c,
    0xc1, 0xdc, 0x3, 0xfe, 0xc3, 0x5, 0xfa, 0x76,
    0x0, 0xd3, 0x0,

    /* U+671F "期" */
    0x0, 0x95, 0x0, 0x24, 0x50, 0xf, 0xfe, 0x15,
    0x50, 0x2, 0x9a, 0x10, 0x4, 0xfc, 0x45, 0x3e,
    0xe0, 0x1f, 0xfc, 0x16, 0x7, 0x79, 0x82, 0x42,
    0x70, 0x7, 0x32, 0x20, 0xf8, 0x0, 0xaa, 0xa8,
    0x0, 0x94, 0xc0, 0x6, 0x70, 0x0, 0x48, 0x2,
    0x55, 0x98, 0x2, 0xcf, 0x0, 0x7f, 0xc2, 0x1b,
    0x40, 0x1f, 0xfc, 0x28, 0x88, 0x40, 0xc0, 0x35,
    0xdd, 0x80, 0x1f, 0x3b, 0xc0, 0x1f, 0x22, 0x44,
    0x1, 0xf7, 0x74, 0x1, 0xf7, 0x75, 0x80, 0x1e,
    0x11, 0xc4, 0x1, 0xe1, 0x18, 0x80, 0x3c, 0x3f,
    0xf1, 0x0, 0x7f, 0xf1, 0x51, 0x20, 0xf, 0xa2,
    0x2b, 0x0, 0xf0, 0xdd, 0xc4, 0x1, 0x8, 0x1,
    0xde, 0x50, 0x8, 0x44, 0x2, 0x38, 0xc0, 0xc0,
    0xc0, 0xa, 0xb1, 0x80, 0x5d, 0xc0, 0x7, 0x74,
    0x21, 0xb2, 0xc0, 0xb5, 0x56, 0x80, 0x46, 0x7f,
    0xef, 0x30, 0x20, 0xf, 0xb3, 0x12, 0xf3, 0x94,
    0xf9, 0x86, 0xd0, 0xd0, 0xf, 0xc3, 0x68, 0x0,
    0xc4, 0xa0, 0x2, 0x82, 0x0, 0x7e, 0xa1, 0x45,
    0xa, 0x25, 0x67, 0x1, 0x10, 0x4, 0x60, 0x15,
    0x20, 0xd0, 0x5, 0xc1, 0xd0, 0xc, 0x0, 0xdf,
    0xd0, 0x20, 0xe2, 0xd1, 0x0, 0x8f, 0xa2, 0x8a,
    0x40, 0xa, 0x0, 0x3f, 0x4, 0xd3, 0x0, 0xe1,
    0x5, 0xd1, 0x0, 0x47, 0xfb, 0xc,

    /* U+672A "未" */
    0x0, 0xfe, 0x19, 0x90, 0x7, 0xff, 0x1c, 0xd9,
    0x82, 0x1, 0xff, 0xd6, 0x11, 0xf8, 0x0, 0x62,
    0x3e, 0x0, 0xe2, 0xee, 0xf6, 0x0, 0x37, 0xbb,
    0xc8, 0x1, 0x8c, 0x3, 0xff, 0x88, 0xe0, 0x18,
    0x7f, 0xfd, 0xa0, 0xe, 0xff, 0xf1, 0x80, 0x7f,
    0xf8, 0xeb, 0xbb, 0xed, 0x0, 0x77, 0x7e, 0xb0,
    0x0, 0x8f, 0xe0, 0xc, 0x23, 0xf3, 0x0, 0x27,
    0x33, 0xcc, 0x1, 0x9b, 0x33, 0xde, 0x0, 0x23,
    0x3e, 0x76, 0x0, 0xcc, 0x6, 0x7c, 0x40, 0x1f,
    0x1d, 0x82, 0x80, 0x1c, 0x30, 0xc0, 0x3f, 0xe4,
    0xc0, 0x58, 0x0, 0x4b, 0x6, 0x20, 0x7, 0xf3,
    0xd8, 0x25, 0x0, 0x69, 0x40, 0xb7, 0x0, 0xf0,
    0xdc, 0x2, 0xd8, 0x7, 0xad, 0x42, 0x28, 0x40,
    0x28, 0xe4, 0x7, 0xa0, 0xf, 0xd4, 0xe0, 0xbc,
    0xe0, 0x2a, 0x3, 0x50, 0x1, 0xfe, 0x8a, 0x0,
    0x50, 0x8b, 0xdb, 0xd4, 0x3, 0xff, 0x80, 0xbc,
    0xbe, 0x20, 0x52, 0x20, 0x1f, 0xfc, 0x21, 0xa2,
    0x0,

    /* U+672C "本" */
    0x0, 0xfe, 0x19, 0x90, 0x7, 0xff, 0x1c, 0xd9,
    0x82, 0x1, 0xff, 0xea, 0x11, 0xfe, 0x0, 0x10,
    0x8f, 0xe0, 0x5, 0xf7, 0x7d, 0x80, 0xc, 0xee,
    0xfa, 0x80, 0x3f, 0xf9, 0x95, 0xff, 0xc6, 0xe,
    0x0, 0x60, 0x5f, 0xfe, 0xb0, 0xf, 0x8c, 0xc1,
    0x40, 0xb, 0x5, 0x20, 0xf, 0xfe, 0x4, 0x3,
    0x80, 0x46, 0xc1, 0x0, 0x1f, 0xf2, 0xa0, 0xc8,
    0x6, 0x80, 0x54, 0x0, 0xfe, 0x1b, 0x8, 0x10,
    0xc, 0x2e, 0x14, 0x20, 0x1f, 0xb4, 0x4d, 0x80,
    0x3d, 0x4, 0x3a, 0x1, 0xf5, 0x18, 0x70, 0x7,
    0xee, 0x3, 0xb0, 0xe, 0xa5, 0x7, 0x2, 0x23,
    0x0, 0x8, 0xa1, 0x60, 0x4b, 0x10, 0x1c, 0x50,
    0x87, 0xdd, 0xac, 0x1, 0x9b, 0xb3, 0x38, 0x27,
    0x88, 0x94, 0x25, 0xc0, 0x3f, 0xf8, 0x11, 0x0,
    0x81, 0x9, 0xc6, 0xf, 0xfd, 0xa0, 0xe, 0xff,
    0xc0, 0xfa, 0xc0, 0x11, 0x80, 0x7f, 0xf1, 0x8,
    0x3, 0xff, 0xc4,

    /* U+672F "术" */
    0x0, 0xff, 0x44, 0x4, 0x4, 0x3, 0xff, 0x88,
    0x2e, 0xe2, 0x26, 0x60, 0x40, 0x3f, 0xf8, 0xc2,
    0x7, 0xe8, 0x1, 0xff, 0xc5, 0x3c, 0x31, 0xb5,
    0x0, 0xff, 0xe2, 0x8e, 0x28, 0xb8, 0x7, 0x8,
    0xfc, 0x60, 0x7, 0x11, 0xaf, 0xc, 0x40, 0x29,
    0xee, 0xfb, 0x40, 0x17, 0xdd, 0xb7, 0xb8, 0xe0,
    0x1f, 0xfc, 0xc9, 0xff, 0xf8, 0x3, 0x4f, 0xff,
    0x9c, 0x3, 0xfa, 0x40, 0x34, 0x90, 0x7, 0xff,
    0x9, 0x58, 0x2, 0x40, 0xf0, 0xf, 0xfe, 0x9,
    0x50, 0x30, 0x2, 0xc, 0xac, 0x3, 0xfe, 0x1f,
    0x4, 0x80, 0xb, 0x85, 0x24, 0x3, 0xf8, 0xb0,
    0x86, 0x80, 0x31, 0x50, 0x34, 0x80, 0x7c, 0x58,
    0x43, 0xa2, 0x1, 0xc9, 0x20, 0xd4, 0x1, 0xcd,
    0xa2, 0x2c, 0x30, 0xf, 0x99, 0xc1, 0x70, 0x40,
    0x6e, 0x40, 0x70, 0x80, 0x3f, 0xa1, 0xc0, 0xfc,
    0x44, 0x40, 0x9e, 0x40, 0x1f, 0xf4, 0x40, 0x2c,
    0x42, 0x6a, 0xc4, 0x3, 0xff, 0x82, 0xfa, 0xa0,
    0x12, 0x80, 0x7f, 0xf1, 0x8, 0x3, 0xff, 0x98,

    /* U+673A "机" */
    0x0, 0xc5, 0x2e, 0x1, 0xff, 0xc7, 0x16, 0xb0,
    0xc, 0x24, 0x23, 0x88, 0x40, 0x3f, 0xf8, 0x5d,
    0xbd, 0xdb, 0x7c, 0x3, 0xff, 0x88, 0x23, 0x0,
    0x7f, 0xf1, 0xfb, 0xad, 0x0, 0xf5, 0x77, 0x30,
    0xf, 0xb9, 0x80, 0x1f, 0xfc, 0x11, 0x18, 0x2,
    0x11, 0x80, 0x3f, 0xf8, 0x37, 0xfe, 0x10, 0x2f,
    0xf6, 0x80, 0x7f, 0xf1, 0x4, 0xc, 0x3, 0xff,
    0x8c, 0x80, 0x1, 0x60, 0xf, 0xfe, 0x2f, 0x0,
    0x52, 0x80, 0x20, 0x20, 0x1f, 0xf0, 0xa9, 0x0,
    0x8a, 0xc8, 0x3, 0xff, 0x85, 0x1, 0x40, 0x56,
    0x1e, 0x40, 0x40, 0x1f, 0xe2, 0x63, 0x40, 0x2,
    0xa5, 0xb0, 0x30, 0x7, 0xfa, 0x42, 0x40, 0x35,
    0x36, 0x86, 0x80, 0x7f, 0xa, 0x12, 0x80, 0x61,
    0x4, 0x3, 0x0, 0xfa, 0x10, 0x5e, 0x40, 0x3c,
    0x26, 0x8, 0x1, 0xf1, 0xc8, 0x42, 0x0, 0x7a,
    0x41, 0x80, 0x3f, 0x84, 0x3, 0xf1, 0x38, 0x58,
    0x7, 0x84, 0x19, 0xc0, 0x3f, 0x70, 0x31, 0x0,
    0x62, 0x0, 0x79, 0x10, 0x3, 0xf4, 0x24, 0x80,
    0x79, 0xc0, 0x5, 0x60,

    /* U+6742 "杂" */
    0x0, 0xfc, 0xf0, 0x40, 0x1f, 0xfc, 0x78, 0x73,
    0x0, 0xff, 0xe3, 0x18, 0x0, 0x40, 0x21, 0x0,
    0xfe, 0xdf, 0xfd, 0x80, 0xf, 0xfd, 0xde, 0x20,
    0x1f, 0x8, 0x7, 0xff, 0x27, 0x3f, 0xeb, 0x0,
    0x6f, 0xfe, 0x0, 0xe1, 0x0, 0xf8, 0xa8, 0x18,
    0x80, 0x3f, 0xb2, 0x80, 0x39, 0xb4, 0x4e, 0x40,
    0x3f, 0xc4, 0x80, 0x4, 0x8e, 0x90, 0x5c, 0x0,
    0xf0, 0x87, 0xf7, 0x1, 0x0, 0x1a, 0xe2, 0x55,
    0x40, 0x1, 0x55, 0x0, 0x10, 0x2, 0x3a, 0x40,
    0x12, 0xf9, 0xaa, 0x1, 0xa, 0xa8, 0x0, 0xdf,
    0xfb, 0x8c, 0x0, 0xc9, 0xf9, 0x9e, 0x0, 0x66,
    0x7e, 0x50, 0x7, 0x19, 0xfc, 0x1, 0x19, 0xfe,
    0x20, 0x4, 0xe6, 0x7d, 0x0, 0xc, 0xcf, 0xcc,
    0x0, 0x13, 0x3a, 0xd4, 0x8d, 0x0, 0x6, 0x61,
    0x91, 0x33, 0x84, 0x3, 0x99, 0xe4, 0x80, 0x3d,
    0xb, 0x86, 0x1, 0xf2, 0xc8, 0x41, 0x80, 0x7a,
    0x94, 0x74, 0x80, 0x39, 0xe8, 0x19, 0xc0, 0x3f,
    0x52, 0xe, 0x10, 0x4, 0xf0, 0xd, 0x20, 0x13,
    0x80, 0x7a, 0xcc, 0x64, 0x2, 0x77, 0x44, 0x81,
    0x77, 0x2c, 0x4, 0x3, 0xb5, 0xec, 0x3, 0x43,
    0x80, 0x8, 0xc4, 0xa, 0x80, 0x38, 0x60, 0x3,
    0xfd, 0xbf, 0xed, 0x40, 0xf, 0xf0,

    /* U+6760 "杠" */
    0x0, 0xc8, 0xa2, 0x1, 0xff, 0xc6, 0x9a, 0x50,
    0xf, 0xfe, 0x5a, 0xcc, 0xff, 0x8c, 0x3, 0xfb,
    0x19, 0xbf, 0xca, 0x4, 0x58, 0x8, 0xae, 0x44,
    0x80, 0x24, 0x4c, 0x49, 0xbb, 0x0, 0x27, 0x74,
    0x97, 0x75, 0x0, 0xdd, 0xe4, 0x73, 0x38, 0x2,
    0x33, 0x8, 0x7, 0xfc, 0x79, 0x8d, 0x0, 0x2e,
    0x60, 0x80, 0x3f, 0xf8, 0x4e, 0x0, 0x54, 0x0,
    0xff, 0xe2, 0x50, 0x5, 0x64, 0x1, 0xff, 0xc2,
    0x23, 0x0, 0x28, 0x78, 0x80, 0x7f, 0xf0, 0x6c,
    0x2, 0xe5, 0x25, 0x0, 0xff, 0xe0, 0x13, 0x19,
    0x0, 0x2d, 0x50, 0x3, 0xff, 0x81, 0x21, 0x20,
    0x10, 0xd0, 0x7, 0xff, 0x1, 0x10, 0x4a, 0x1,
    0xff, 0xc5, 0x41, 0x80, 0xf, 0xfe, 0x3e, 0x28,
    0x7, 0xff, 0x1c, 0x80, 0x3d, 0x3b, 0xba, 0x80,
    0x77, 0x78, 0x3, 0xf1, 0x17, 0x0, 0x44, 0x5c,
    0x1, 0xfa, 0x6e, 0xff, 0xec, 0x0, 0xfc, 0x48,
    0x9f, 0xf1, 0x80,

    /* U+6761 "条" */
    0x0, 0xf8, 0x65, 0x84, 0x3, 0xff, 0x8d, 0x4d,
    0x62, 0x1, 0xff, 0xc5, 0x94, 0x3, 0xbb, 0xef,
    0x91, 0x0, 0xfe, 0x96, 0x0, 0xa, 0x27, 0x3,
    0x28, 0x7, 0xc5, 0x8c, 0x0, 0xbf, 0xfd, 0x60,
    0x7, 0x40, 0xe, 0x18, 0xd3, 0x27, 0xb, 0x60,
    0x2, 0xd8, 0x2c, 0x0, 0x7c, 0x80, 0xdb, 0x14,
    0x13, 0xba, 0xa0, 0x6a, 0x0, 0xf8, 0x77, 0x52,
    0x0, 0x5a, 0x2, 0x20, 0x34, 0x80, 0x7f, 0x9,
    0x1, 0xbe, 0x50, 0x6, 0x6e, 0x84, 0x10, 0xe,
    0x69, 0xcf, 0xc8, 0x31, 0x8e, 0xf9, 0x31, 0x7b,
    0xed, 0xb8, 0x0, 0x5b, 0x18, 0x1b, 0xe7, 0x3d,
    0x5b, 0x66, 0xc2, 0x1, 0x20, 0x80, 0x26, 0x2f,
    0xb2, 0xc, 0x5, 0x10, 0x0, 0x27, 0xbf, 0xda,
    0x80, 0x2, 0x3e, 0x5d, 0x57, 0x0, 0x2a, 0xbd,
    0x6a, 0x20, 0x19, 0x57, 0xc8, 0x0, 0x55, 0xf3,
    0x80, 0x7b, 0xf7, 0x7b, 0x0, 0x19, 0xbb, 0xd8,
    0x1, 0xe2, 0x23, 0x62, 0x91, 0x0, 0x6, 0x55,
    0xe6, 0x44, 0x0, 0xf9, 0x2c, 0x4c, 0x3, 0xc4,
    0x4f, 0x10, 0xf, 0x96, 0xc2, 0x50, 0x3, 0xd4,
    0xa3, 0x82, 0x1, 0xd5, 0x40, 0x96, 0x0, 0xfd,
    0x48, 0x5a, 0x1, 0xda, 0x14, 0xc0, 0x77, 0xa0,
    0x1e, 0xb2, 0x28, 0x3, 0x3f, 0x28, 0x0, 0xd4,
    0xca, 0x40, 0x3b, 0xfc, 0x40, 0x1c, 0x20, 0x1b,
    0xbf, 0x58, 0x3, 0x88, 0x40, 0x20,

    /* U+6765 "来" */
    0x0, 0xff, 0x4c, 0x80, 0x3f, 0xf8, 0xe2, 0xcc,
    0x10, 0xf, 0xfe, 0x31, 0x80, 0xc, 0x3, 0xfe,
    0xcf, 0xff, 0x68, 0x3, 0x7f, 0xfe, 0x0, 0xce,
    0x1, 0xff, 0xc4, 0x10, 0xd, 0x7f, 0x6d, 0xff,
    0x70, 0x3, 0xbf, 0xe6, 0x7d, 0xe0, 0xf, 0x43,
    0x40, 0x7, 0xe2, 0x67, 0x10, 0xf, 0xbc, 0x1c,
    0x40, 0x3e, 0x80, 0x53, 0x0, 0xf8, 0xcc, 0xc,
    0x1, 0xe2, 0x50, 0xb0, 0xf, 0xea, 0x43, 0x0,
    0xf3, 0x1c, 0x8, 0x7, 0x67, 0xfd, 0x29, 0x7f,
    0xc0, 0xe, 0xfb, 0x38, 0xff, 0xb0, 0x0, 0x20,
    0x1f, 0xfc, 0x61, 0x0, 0x6f, 0xff, 0x71, 0x80,
    0x63, 0xef, 0xfe, 0xd0, 0xf, 0xd6, 0x64, 0x0,
    0x23, 0xb0, 0xf, 0xfe, 0xd, 0x29, 0x70, 0x3,
    0x89, 0x68, 0x3, 0xfc, 0x36, 0xa3, 0xe4, 0x0,
    0x2f, 0x15, 0xb1, 0x0, 0xf9, 0x3d, 0x7, 0x8,
    0x3, 0x16, 0x8a, 0x7a, 0x0, 0x62, 0xab, 0x13,
    0xf2, 0x0, 0xf1, 0xe1, 0xd, 0xd0, 0x80, 0xe2,
    0x82, 0xe0, 0x80, 0x7e, 0x2d, 0x40, 0x5e, 0x11,
    0x58, 0xd5, 0x0, 0x3f, 0xf8, 0x17, 0x43, 0x22,
    0xb, 0xca, 0x1, 0xff, 0xc2, 0x5e, 0x60,

    /* U+677F "板" */
    0x0, 0xd1, 0x20, 0x1f, 0xfc, 0x11, 0x0, 0xf3,
    0xb0, 0x7, 0xe2, 0x58, 0xbf, 0xc1, 0x0, 0xff,
    0x7f, 0xdd, 0xfb, 0x4e, 0x80, 0x2a, 0x1, 0xff,
    0xc2, 0x24, 0x69, 0xcf, 0xc4, 0x0, 0x22, 0xa8,
    0x0, 0xaa, 0x22, 0x6, 0x76, 0xdc, 0xb1, 0x80,
    0x74, 0xd5, 0x0, 0x15, 0x50, 0x7, 0xff, 0x9,
    0x10, 0x60, 0x4, 0x47, 0x0, 0x7f, 0x8, 0x6,
    0x9b, 0x80, 0x4, 0xdb, 0x0, 0x33, 0xff, 0xdd,
    0xc1, 0x0, 0xd8, 0x0, 0xe0, 0xf, 0x88, 0xa1,
    0x0, 0x8, 0x6, 0x60, 0x1, 0xb8, 0x18, 0x48,
    0x2e, 0xed, 0x60, 0xa0, 0x18, 0xc4, 0x0, 0xb0,
    0x40, 0x7, 0x4, 0x0, 0xb0, 0x30, 0x3, 0x49,
    0x0, 0x24, 0x1c, 0x40, 0x54, 0x54, 0x0, 0xc0,
    0xa0, 0x10, 0xaa, 0x80, 0x7, 0x28, 0x2, 0x1c,
    0x1c, 0xc, 0x8, 0x40, 0x14, 0x5, 0x0, 0x4c,
    0x40, 0x40, 0x82, 0x88, 0x80, 0xe0, 0x8, 0xd8,
    0xc8, 0x3, 0x28, 0x30, 0x2, 0x42, 0xc4, 0xd4,
    0x2, 0x31, 0x90, 0xe, 0xc0, 0xd0, 0x3, 0x80,
    0x5e, 0x1, 0xd4, 0xa0, 0x1c, 0xe0, 0x80, 0x4,
    0x0, 0x98, 0x3, 0x90, 0x3, 0x88, 0x80, 0x60,
    0xd6, 0x1, 0x53, 0x0, 0x7f, 0xac, 0x14, 0xaa,
    0x41, 0x7d, 0x42, 0x68, 0x80, 0x3e, 0x26, 0xf,
    0xd5, 0x8, 0xa0, 0xa7, 0x5, 0xd1, 0x0, 0xf1,
    0x42, 0x2c, 0x2e, 0xb8, 0x5, 0x18, 0x72, 0x20,
    0x1b, 0xfc, 0xf, 0x60, 0xf4, 0x40, 0x1c, 0x78,
    0xc0,

    /* U+6784 "构" */
    0x0, 0xca, 0xa0, 0xe, 0x30, 0xf, 0xfe, 0xd,
    0xd0, 0x80, 0x45, 0x9e, 0x1, 0xff, 0xc6, 0x40,
    0x50, 0xf, 0xfe, 0x36, 0x87, 0x80, 0x7f, 0x11,
    0x42, 0xa, 0x42, 0x48, 0x17, 0xbb, 0xdf, 0xe6,
    0xd, 0xd8, 0x1, 0x7a, 0xd6, 0x0, 0x12, 0x2e,
    0x0, 0x8, 0x19, 0x88, 0x0, 0x26, 0xc, 0x17,
    0xbb, 0xe3, 0x1, 0xc, 0xc4, 0x0, 0x37, 0x30,
    0xa, 0xc8, 0x64, 0x59, 0x80, 0x3b, 0x0, 0x1e,
    0x2a, 0x10, 0xb3, 0x0, 0x18, 0x40, 0xc0, 0x27,
    0x0, 0x1b, 0xfd, 0x95, 0x86, 0x80, 0x78, 0x40,
    0x8, 0x20, 0x1, 0x90, 0x41, 0x31, 0x43, 0x0,
    0x9c, 0x3, 0x70, 0x88, 0x2c, 0x20, 0x18, 0x25,
    0x71, 0x80, 0x2, 0xe, 0x4, 0xae, 0x0, 0x44,
    0x58, 0x48, 0x32, 0x8d, 0x80, 0xc, 0x4, 0x20,
    0x28, 0x2, 0xb2, 0x61, 0x62, 0x61, 0x24, 0x1,
    0x3, 0x32, 0x91, 0x80, 0x62, 0x90, 0x6c, 0x90,
    0x7, 0x0, 0x42, 0x43, 0x0, 0x1c, 0x40, 0x4,
    0x7b, 0xe2, 0x41, 0x0, 0x86, 0x94, 0x3, 0xd7,
    0xf7, 0x8, 0x3d, 0xc2, 0x2, 0x0, 0x20, 0x7,
    0xc8, 0x1, 0xc6, 0xa, 0xc, 0x1, 0xff, 0xc6,
    0xa0, 0x30, 0xf, 0xfe, 0x1f, 0xfc, 0x61, 0x60,
    0x1f, 0xfc, 0x35, 0x0, 0x14, 0x98, 0x7, 0x77,
    0x88, 0x7, 0xd5, 0xfe, 0xd6, 0x0, 0x0,

    /* U+6790 "析" */
    0x0, 0xcf, 0x22, 0x1, 0xfe, 0x10, 0xf, 0xa9,
    0x8c, 0x3, 0xe1, 0x6b, 0xeb, 0x0, 0xff, 0xe0,
    0x1b, 0xce, 0xf4, 0xa0, 0x3a, 0x0, 0x7f, 0xd9,
    0xc, 0x44, 0x59, 0xec, 0x40, 0xf, 0xfe, 0xd,
    0x76, 0xd3, 0x8, 0x6, 0xee, 0x88, 0x37, 0xb8,
    0x82, 0x8, 0x20, 0x1f, 0x84, 0x60, 0x8, 0x44,
    0x1, 0xff, 0xc1, 0xff, 0x58, 0x3, 0x3f, 0xc8,
    0x1, 0xff, 0xc2, 0xc0, 0x5, 0x0, 0x77, 0x7f,
    0xfe, 0x0, 0x94, 0x0, 0xc6, 0x1, 0xff, 0xc3,
    0x32, 0x0, 0xb4, 0x40, 0x2f, 0xfb, 0x40, 0x7f,
    0xe0, 0x4, 0x80, 0x83, 0x8d, 0x80, 0x80, 0x7f,
    0xc2, 0xaa, 0x30, 0xa3, 0x60, 0xf, 0xfe, 0xc,
    0x4, 0x80, 0x51, 0xc2, 0x4, 0x1, 0xfc, 0x6c,
    0x46, 0x1, 0x21, 0x10, 0x4, 0x3, 0xf9, 0x82,
    0x0, 0x3c, 0xc0, 0xa0, 0x1f, 0xca, 0xea, 0x1,
    0xec, 0xf, 0x0, 0xff, 0x40, 0x7, 0xc8, 0x8,
    0x1, 0xff, 0xc5, 0x22, 0x9, 0x0, 0x7f, 0xf1,
    0x60, 0x24, 0x3, 0xff, 0x8d, 0xa, 0xe0, 0x1f,
    0xe0,

    /* U+679A "枚" */
    0x0, 0xd1, 0x20, 0x1e, 0x65, 0x10, 0xf, 0xf9,
    0x98, 0x20, 0x1d, 0x34, 0xa0, 0x1f, 0xfc, 0x64,
    0x0, 0x20, 0x7, 0xff, 0x1b, 0x41, 0x40, 0x3f,
    0xf8, 0xec, 0xc, 0xdf, 0x28, 0x17, 0x74, 0x21,
    0xdd, 0x3, 0x0, 0xe, 0x67, 0xd6, 0x0, 0x11,
    0x80, 0x21, 0x10, 0x48, 0x1, 0x9b, 0x0, 0x4c,
    0x5, 0xfe, 0xa0, 0x6, 0xff, 0x9c, 0x0, 0xb3,
    0x38, 0x1, 0x90, 0x1, 0xb4, 0x0, 0x60, 0x90,
    0x0, 0x70, 0x9, 0x0, 0x6, 0x1, 0xca, 0x0,
    0xb0, 0xe0, 0x23, 0x22, 0x0, 0x30, 0x10, 0x3,
    0x8c, 0x80, 0xa, 0xab, 0x2f, 0xb0, 0xa0, 0x2,
    0x86, 0x80, 0x75, 0x0, 0x43, 0x45, 0xa4, 0xa0,
    0xc0, 0x84, 0xe, 0x1, 0x85, 0x94, 0x42, 0x83,
    0x80, 0x4, 0x62, 0xde, 0xa, 0x20, 0x1a, 0x43,
    0x80, 0xa, 0xc5, 0x0, 0x9, 0x9, 0x40, 0x90,
    0xc, 0x4e, 0x48, 0x1, 0x49, 0x48, 0x1, 0x48,
    0x0, 0xa6, 0x1, 0xa8, 0x2c, 0x3, 0xb4, 0x40,
    0x23, 0x0, 0x60, 0x7, 0x49, 0x30, 0x7, 0xf4,
    0x88, 0x2, 0x50, 0x3, 0xe, 0x80, 0x7e, 0x1b,
    0x60, 0x93, 0xb, 0x70, 0xf, 0xfe, 0x3, 0xfa,
    0x4, 0xb6, 0x98, 0x46, 0x18, 0x7, 0xf6, 0xc0,
    0x96, 0xb0, 0xe, 0x28, 0x1f, 0x0, 0x7f, 0x71,
    0x4e, 0x90, 0x6, 0xaa, 0x17, 0x0, 0x77, 0x78,
    0x81, 0xeb, 0x0, 0x7c, 0xba, 0x60,

    /* U+679C "果" */
    0x0, 0x8e, 0xab, 0xff, 0x85, 0x20, 0x1e, 0x65,
    0x5f, 0xfe, 0x13, 0x0, 0x7e, 0x2e, 0xec, 0x0,
    0x9e, 0xea, 0x80, 0x3f, 0xe1, 0x1e, 0x2, 0x11,
    0xc0, 0x1f, 0xe2, 0xff, 0xc2, 0x17, 0xff, 0x58,
    0x7, 0xfc, 0x89, 0x80, 0x24, 0x48, 0xc0, 0x3f,
    0xc5, 0x77, 0x84, 0x2e, 0xf4, 0x0, 0x7f, 0xc2,
    0x3c, 0x4, 0x23, 0x80, 0x3f, 0xc5, 0xdd, 0x80,
    0x13, 0xdd, 0x50, 0x7, 0xe6, 0x55, 0xf0, 0x4,
    0xab, 0xcc, 0x1, 0xe3, 0xaa, 0xf0, 0x85, 0xd5,
    0x74, 0x80, 0x68, 0xff, 0xfc, 0x21, 0x7f, 0xff,
    0x68, 0x7, 0xff, 0x24, 0xc0, 0x11, 0xff, 0xda,
    0x20, 0x1d, 0x1f, 0xfd, 0xc0, 0x1f, 0x2e, 0x8b,
    0x8, 0x40, 0xc5, 0x88, 0x7, 0xf1, 0x55, 0x1,
    0xe4, 0x0, 0x7e, 0x49, 0xec, 0x1, 0xe1, 0x8d,
    0x50, 0xa8, 0x0, 0xc3, 0xaa, 0x33, 0xac, 0x1,
    0x57, 0x38, 0x26, 0xa8, 0x7, 0xd5, 0x62, 0x53,
    0xe6, 0x1e, 0x7, 0x76, 0x20, 0xf, 0xe4, 0xe9,
    0x16, 0x30, 0x5d, 0xc4, 0x0, 0xff, 0xe0, 0xb7,
    0x48, 0x0,

    /* U+67B6 "架" */
    0x0, 0xc6, 0xa2, 0x1, 0xff, 0xc7, 0xfa, 0x20,
    0xf, 0xfe, 0x28, 0x88, 0x80, 0x2, 0x22, 0x10,
    0x9a, 0xaf, 0x48, 0x5, 0x9d, 0xc1, 0xc, 0xee,
    0x6f, 0x83, 0x2a, 0xf9, 0x80, 0x25, 0x42, 0x0,
    0x22, 0x8, 0xc, 0x2, 0xdd, 0xb0, 0x3, 0xa6,
    0xe0, 0x12, 0xed, 0xc0, 0x20, 0x11, 0x16, 0x0,
    0xfb, 0xc3, 0x0, 0xc, 0xc, 0x1, 0xff, 0xc1,
    0x35, 0x5, 0x0, 0x68, 0x10, 0x4, 0x23, 0x18,
    0x7, 0x1e, 0x83, 0xc, 0xc9, 0xc3, 0x40, 0x2e,
    0xeb, 0x40, 0x30, 0xe8, 0x9c, 0x93, 0x30, 0x11,
    0x41, 0x57, 0xf0, 0x0, 0x6d, 0x70, 0x7, 0x75,
    0xd5, 0x73, 0x55, 0xf8, 0x2, 0x5a, 0x0, 0x88,
    0x82, 0x8, 0xe0, 0x1f, 0xf4, 0xee, 0xfd, 0xe0,
    0x3b, 0xbf, 0x9c, 0x0, 0x45, 0xf8, 0x40, 0x4,
    0x5f, 0xb8, 0x1, 0x7f, 0xfd, 0xa4, 0x1, 0x8b,
    0xbf, 0xfa, 0x40, 0x3e, 0x3f, 0x24, 0x1, 0x42,
    0xc2, 0x0, 0xff, 0xa3, 0x9, 0xa8, 0x1, 0x68,
    0x5a, 0xe0, 0x1f, 0x93, 0x5c, 0x22, 0x40, 0x35,
    0xb8, 0x47, 0x30, 0x6, 0x6c, 0xb2, 0x26, 0x38,
    0x7, 0xa2, 0xc4, 0x53, 0xf2, 0x0, 0xc3, 0x18,
    0xd3, 0x0, 0xfc, 0x9d, 0x2, 0x18, 0x0, 0xa9,
    0xe7, 0x0, 0xff, 0xe0, 0x3f, 0x62, 0x80,

    /* U+67D3 "染" */
    0x0, 0x88, 0x3, 0xe5, 0x71, 0x0, 0xff, 0x26,
    0xf4, 0x8, 0x6, 0xb8, 0x0, 0xff, 0x96, 0x4d,
    0xf0, 0x3, 0x8, 0x4, 0x20, 0x1f, 0x8, 0x9b,
    0x6e, 0x5b, 0xfe, 0x0, 0x77, 0xf7, 0x98, 0x7,
    0x57, 0xd1, 0xa2, 0xc, 0xe0, 0x8, 0xcc, 0x1,
    0xfb, 0x91, 0x71, 0x1, 0x73, 0xc, 0xf, 0x98,
    0x20, 0xf, 0x96, 0xf6, 0x18, 0x2, 0x17, 0xa,
    0x0, 0xf2, 0x0, 0x71, 0x6, 0xa8, 0x2, 0xc5,
    0x8, 0x3, 0xdd, 0xc1, 0x0, 0xa2, 0x2, 0xe1,
    0x4a, 0x12, 0x1, 0xf3, 0x8, 0x80, 0x12, 0xe3,
    0x89, 0xca, 0x16, 0x40, 0x13, 0x6, 0xf1, 0x88,
    0x1, 0x58, 0x70, 0x88, 0x27, 0x73, 0xa0, 0x14,
    0xa1, 0x9d, 0x40, 0x5, 0xac, 0x20, 0x4c, 0xc2,
    0x91, 0x0, 0x22, 0xbd, 0xd6, 0x20, 0x1, 0xfe,
    0x2a, 0xa9, 0xaa, 0x0, 0x2a, 0xbf, 0x40, 0x2,
    0xd5, 0x7e, 0x40, 0x2, 0xaf, 0xf0, 0x3, 0xb3,
    0x3a, 0x80, 0x3d, 0x79, 0x9d, 0xe0, 0x2, 0x33,
    0xc1, 0x60, 0xc0, 0x5, 0xa, 0x3, 0x3c, 0x40,
    0x1e, 0x8c, 0x17, 0x80, 0x5, 0x30, 0xe4, 0x0,
    0x7e, 0x4d, 0x70, 0x98, 0x0, 0xd3, 0x0, 0xfc,
    0xc0, 0x19, 0xb2, 0xc8, 0x98, 0xc0, 0x1e, 0x7c,
    0x21, 0x9e, 0x91, 0xd, 0x30, 0x7d, 0x30, 0xf,
    0xc7, 0xb0, 0x22, 0x31, 0xa, 0x7e, 0x80, 0xf,
    0xfe, 0x3, 0xf4, 0xd0, 0x0,

    /* U+67E5 "查" */
    0x0, 0xff, 0x44, 0x88, 0x7, 0xff, 0x1d, 0x98,
    0x40, 0x1f, 0xfd, 0x4c, 0xff, 0xfc, 0x21, 0x9f,
    0xff, 0x60, 0x1, 0x88, 0xb8, 0x40, 0x3c, 0x24,
    0x5c, 0xe0, 0xa, 0xdd, 0xe5, 0x2, 0x10, 0x50,
    0x2c, 0xdd, 0xd6, 0x1, 0xe2, 0xd4, 0x2c, 0x0,
    0x4b, 0x1f, 0xa0, 0x7, 0xf3, 0xe9, 0x1e, 0x8,
    0x5, 0x30, 0x37, 0x42, 0x1, 0xcd, 0xb0, 0xd,
    0x82, 0x1, 0xcf, 0x62, 0xbd, 0x26, 0x3, 0xd2,
    0x43, 0x30, 0x23, 0x55, 0x88, 0xcb, 0x8a, 0xd,
    0xa2, 0x2d, 0x29, 0xf9, 0xee, 0xd7, 0x6d, 0xee,
    0xb7, 0x39, 0xac, 0x40, 0xf5, 0x80, 0x2b, 0xbf,
    0xc4, 0x0, 0x19, 0x50, 0xf, 0xce, 0xff, 0x84,
    0x3, 0xff, 0x83, 0x99, 0xf8, 0xc0, 0x3f, 0xf8,
    0x39, 0x9f, 0x8c, 0x3, 0xff, 0x82, 0xef, 0xf8,
    0x3, 0xff, 0x85, 0x77, 0xf8, 0xc0, 0x3f, 0xc3,
    0xbb, 0xff, 0xc0, 0x60, 0xe, 0x3c, 0xcb, 0xbb,
    0xff, 0x81, 0x99, 0x48, 0x1, 0xcc, 0xff, 0xf8,
    0xca, 0x0, 0x4f, 0xff, 0xfe, 0x36, 0x0,

    /* U+67F1 "柱" */
    0x0, 0xca, 0xa0, 0xf, 0xc6, 0x1, 0xff, 0x5d,
    0x8, 0x7, 0xaf, 0x18, 0x3, 0xff, 0x8f, 0xc1,
    0x0, 0x1f, 0xfc, 0x75, 0x21, 0x50, 0xf, 0x11,
    0x42, 0xa, 0x42, 0x67, 0xc8, 0x80, 0x33, 0x88,
    0x1, 0xbb, 0x0, 0x2f, 0x6b, 0xb3, 0x33, 0x25,
    0x66, 0x5c, 0x0, 0x33, 0x80, 0x2, 0x66, 0x44,
    0xe0, 0x0, 0xa2, 0x60, 0x6, 0x63, 0xc0, 0x19,
    0x88, 0x9b, 0xbc, 0x0, 0xdb, 0xba, 0x0, 0x35,
    0x80, 0x38, 0x3, 0xff, 0x8c, 0xa0, 0x3, 0x60,
    0xf, 0xfe, 0x21, 0x90, 0x0, 0xa4, 0x80, 0x3f,
    0xf8, 0x72, 0x1, 0x48, 0x73, 0x77, 0x60, 0x6,
    0x77, 0x4a, 0x0, 0x25, 0x50, 0x82, 0xaa, 0x80,
    0x47, 0x0, 0x42, 0x31, 0x80, 0x20, 0x24, 0x2,
    0xa6, 0x67, 0xfe, 0x0, 0x67, 0xfc, 0xc0, 0x6a,
    0x46, 0x1, 0xff, 0xc6, 0x33, 0x40, 0x7, 0xff,
    0x23, 0x94, 0x3, 0xff, 0x90, 0x40, 0x1f, 0xfd,
    0x6, 0xbb, 0xe0, 0x7, 0x5d, 0xe2, 0x0, 0xfd,
    0xe8, 0x9c, 0x0, 0x24, 0x4c, 0x20, 0x1f, 0xa3,
    0x33, 0xff, 0x80, 0x60,

    /* U+6807 "标" */
    0x0, 0xd1, 0x0, 0xf, 0xfe, 0x43, 0x38, 0x80,
    0x7f, 0xf3, 0x7b, 0xff, 0xf5, 0x80, 0x7f, 0xf0,
    0xc, 0x47, 0xf8, 0x3, 0xc2, 0x6, 0x1, 0x6f,
    0x77, 0xea, 0x0, 0x17, 0xfc, 0x0, 0xdf, 0xd0,
    0xf, 0xfe, 0x10, 0x88, 0x3, 0x8, 0x80, 0x3f,
    0xf8, 0x25, 0xdc, 0x70, 0x4, 0xf6, 0x57, 0x77,
    0xfc, 0x20, 0x12, 0x80, 0x24, 0xc0, 0x47, 0xff,
    0x80, 0x1, 0x11, 0x0, 0x2d, 0x1b, 0xff, 0xa4,
    0xf, 0xff, 0x84, 0x1, 0x60, 0x13, 0x8d, 0x0,
    0x63, 0x0, 0xfe, 0x16, 0x31, 0x9, 0x37, 0x5,
    0x40, 0xe, 0x47, 0x0, 0xd2, 0x14, 0x1, 0x7f,
    0x5, 0xd8, 0x40, 0x35, 0x41, 0x0, 0x9, 0xc5,
    0x80, 0x23, 0x22, 0x9, 0x88, 0x6, 0x90, 0xb0,
    0x2, 0x83, 0x0, 0x7a, 0x82, 0xc0, 0x39, 0x81,
    0x80, 0xe, 0x52, 0x1, 0xe6, 0x5, 0x0, 0xe1,
    0x30, 0x50, 0x6, 0x8, 0x7, 0x30, 0xa1, 0x0,
    0x7a, 0xc3, 0x80, 0x2, 0x1, 0xc3, 0x1, 0xe0,
    0x1f, 0x20, 0x20, 0x7, 0xe1, 0x84, 0x40, 0x81,
    0x83, 0x80, 0xc, 0x50, 0x40, 0x3f, 0x35, 0x86,
    0x7c, 0x80, 0x80, 0x5d, 0x62, 0x1, 0xff, 0x20,
    0x0, 0xe0, 0x3, 0xfd, 0x9a, 0x20, 0x1a, 0x7f,
    0xd8, 0x40, 0x1e,

    /* U+6808 "栈" */
    0x0, 0xca, 0x80, 0x1e, 0x45, 0x10, 0xf, 0xfa,
    0xa8, 0x1, 0xe9, 0xa2, 0x39, 0x0, 0xff, 0xe3,
    0xbc, 0xb6, 0x8, 0x7, 0xff, 0xc, 0x40, 0x14,
    0xa7, 0x60, 0x18, 0x88, 0x60, 0x24, 0x40, 0xc,
    0xe0, 0x21, 0x69, 0x88, 0x1, 0x76, 0xe0, 0x3,
    0x74, 0x80, 0x48, 0x80, 0xae, 0xe2, 0x4c, 0x0,
    0x4a, 0x62, 0x0, 0x33, 0x7, 0xed, 0x80, 0x42,
    0x24, 0x6a, 0x0, 0xa7, 0x20, 0x1, 0x98, 0x41,
    0x25, 0x0, 0x27, 0xf5, 0xcb, 0x0, 0x76, 0x0,
    0x20, 0x1, 0xdb, 0x54, 0x1, 0x0, 0xc6, 0x20,
    0x19, 0x40, 0xe, 0x60, 0x19, 0x81, 0x5e, 0xb7,
    0xf1, 0x80, 0x25, 0x0, 0x9, 0x70, 0xac, 0x5e,
    0x0, 0x21, 0x48, 0x50, 0x80, 0x29, 0x0, 0xac,
    0x9e, 0x9d, 0x0, 0x25, 0xbe, 0xfd, 0x50, 0x1,
    0x99, 0x80, 0xc, 0xec, 0xc8, 0xbe, 0x40, 0xc4,
    0x1a, 0x9a, 0x0, 0x78, 0x50, 0x5, 0x1, 0x2e,
    0x82, 0x61, 0xe1, 0x28, 0x36, 0x6, 0x78, 0x3,
    0xfb, 0x1, 0xe9, 0x87, 0x4, 0xc, 0xd0, 0x1,
    0xfe, 0x40, 0x15, 0x1c, 0x30, 0xb, 0x50, 0x3,
    0xfd, 0x0, 0x17, 0x93, 0x60, 0x80, 0x80, 0x7e,
    0x18, 0xe7, 0x0, 0x8c, 0x3c, 0xcc, 0x1, 0xf9,
    0x6f, 0x9c, 0x53, 0x54, 0x38, 0x94, 0x8, 0x3,
    0xf7, 0x20, 0x26, 0x59, 0x58, 0x9e, 0x92, 0x80,
    0x7f, 0x54, 0x75, 0x98, 0x0, 0x71, 0x0, 0xe0,
    0x0,

    /* U+680F "栏" */
    0x0, 0xd3, 0x20, 0xe, 0x20, 0xe, 0x33, 0x0,
    0x79, 0x98, 0x1, 0x9f, 0x5c, 0x3, 0x76, 0x28,
    0x7, 0xfc, 0xc1, 0x4, 0x0, 0x52, 0x22, 0x80,
    0x7f, 0xc3, 0x1, 0x20, 0x8, 0x9, 0x0, 0x9a,
    0x64, 0x0, 0x99, 0x18, 0x1, 0xcf, 0x41, 0x89,
    0x10, 0x1, 0x6b, 0x30, 0x0, 0xcc, 0x5d, 0xff,
    0x1c, 0xfc, 0x82, 0x7f, 0x94, 0x22, 0xa4, 0x1,
    0x54, 0x43, 0x0, 0xff, 0x18, 0x1a, 0x98, 0x0,
    0xd4, 0xbb, 0xbf, 0xe6, 0x0, 0xbc, 0x1, 0x24,
    0x0, 0x11, 0xff, 0x0, 0x65, 0x0, 0xb8, 0x3,
    0xff, 0x86, 0xa0, 0x13, 0x1b, 0x80, 0x7f, 0xf0,
    0xa4, 0x40, 0x10, 0x1, 0x6e, 0xff, 0x20, 0x0,
    0xcc, 0xe0, 0x1, 0xb7, 0x2, 0x2f, 0xe1, 0x0,
    0x78, 0x50, 0x4, 0x80, 0xd, 0xdf, 0xe5, 0x3,
    0x3c, 0x1, 0xe2, 0x2f, 0xe0, 0x1, 0x94, 0x80,
    0x7f, 0xf1, 0xf9, 0x40, 0x3f, 0xf8, 0xe6, 0x1,
    0xff, 0xcf, 0xcf, 0xff, 0xfe, 0x0, 0x7, 0xff,
    0x47, 0x3f, 0xff, 0xf8, 0x0,

    /* U+6837 "样" */
    0x0, 0xca, 0x80, 0x1c, 0x40, 0x1e, 0x40, 0xf,
    0xd, 0x50, 0x3, 0x6e, 0x88, 0x3, 0x2d, 0xf0,
    0x7, 0xff, 0x1, 0x43, 0x80, 0x37, 0x3, 0x0,
    0x7f, 0xf0, 0x20, 0xd, 0x0, 0x4, 0x81, 0x20,
    0x11, 0x11, 0x40, 0x48, 0x80, 0x66, 0x43, 0x13,
    0x37, 0x82, 0x11, 0x0, 0x1d, 0xb6, 0x0, 0xdd,
    0x16, 0x61, 0xe, 0xb3, 0x4, 0x9, 0x9c, 0x0,
    0x53, 0x20, 0x1, 0x9c, 0x89, 0x84, 0x0, 0x89,
    0xc0, 0x9, 0xc8, 0x0, 0x6e, 0xd, 0xde, 0xc0,
    0x1b, 0xbd, 0x0, 0x1b, 0x0, 0x16, 0x1, 0xff,
    0xc6, 0x70, 0x2, 0xa8, 0x13, 0x77, 0x0, 0xee,
    0xe1, 0x0, 0x88, 0x40, 0x4a, 0x84, 0x44, 0x50,
    0x4, 0x45, 0x80, 0x35, 0x0, 0x56, 0xc, 0xbf,
    0xf6, 0x0, 0x3f, 0xf0, 0x80, 0x4e, 0x40, 0x6,
    0x57, 0x0, 0xc2, 0x2, 0x1, 0xf3, 0x85, 0x0,
    0x54, 0x1, 0xc2, 0x2, 0x1, 0xe1, 0x81, 0x60,
    0xd, 0x7f, 0xfb, 0x0, 0x1f, 0xfc, 0x62, 0x4c,
    0x1, 0xc2, 0x3c, 0x1, 0x8, 0xf8, 0x26, 0x0,
    0x3a, 0xbb, 0xb6, 0x80, 0xf7, 0x71, 0x2, 0x0,
    0x7f, 0xff, 0xc0, 0x3f, 0xe0,

    /* U+6838 "核" */
    0x0, 0xca, 0xa0, 0xf, 0xc8, 0x40, 0x1f, 0xea,
    0xa0, 0x7, 0xd1, 0x7c, 0x1, 0xff, 0xc7, 0x90,
    0x33, 0x0, 0x7f, 0xf0, 0x4a, 0xef, 0x50, 0x3,
    0x6e, 0xf0, 0x81, 0x10, 0xc0, 0x4, 0x46, 0x44,
    0xe0, 0x0, 0xa2, 0x63, 0xf, 0xdc, 0x0, 0x6e,
    0x8a, 0x66, 0x40, 0x4, 0xcf, 0x88, 0x1c, 0xc4,
    0x0, 0x66, 0x56, 0x63, 0xa8, 0x63, 0x37, 0x80,
    0x15, 0x96, 0x0, 0xdc, 0x30, 0x5, 0x8b, 0x18,
    0x17, 0x50, 0x7, 0xbc, 0x1, 0x60, 0x13, 0x28,
    0xc0, 0x96, 0x9, 0x80, 0x79, 0x40, 0xa, 0xa0,
    0xf9, 0x1, 0xee, 0x68, 0x94, 0x0, 0x72, 0x0,
    0x45, 0x62, 0x1, 0x1a, 0x0, 0x5e, 0x20, 0x1d,
    0xc0, 0x14, 0xa, 0x77, 0xfb, 0x8, 0x1, 0x65,
    0x58, 0xa0, 0x2, 0x55, 0x0, 0x16, 0x14, 0x40,
    0xb1, 0x86, 0xd1, 0xa, 0x62, 0x0, 0x80, 0xe0,
    0x9, 0xc0, 0xf, 0xa6, 0x58, 0x85, 0x60, 0xc8,
    0x6, 0xa4, 0x80, 0x18, 0x7a, 0x1, 0xb4, 0x89,
    0x80, 0x72, 0x0, 0x31, 0x80, 0xe, 0x17, 0x4c,
    0x90, 0x4d, 0x11, 0x68, 0x6, 0xa5, 0x0, 0xf4,
    0xd9, 0x84, 0xd8, 0x4, 0x40, 0x19, 0x0, 0x3f,
    0x97, 0x58, 0x19, 0x7, 0x14, 0x3, 0xfc, 0x2d,
    0xb4, 0x44, 0xc9, 0xb6, 0xa, 0x60, 0xf, 0xc7,
    0xd2, 0x43, 0x3a, 0x60, 0x9, 0x70, 0x91, 0x0,
    0xf8, 0xd9, 0x2b, 0x98, 0x3, 0xa2, 0x18, 0x20,
    0x1b, 0xfc, 0x0, 0x9b, 0x50, 0xf, 0xce, 0x60,

    /* U+6839 "根" */
    0x0, 0xcf, 0x20, 0x1f, 0xfc, 0x8a, 0x61, 0x0,
    0x57, 0xf6, 0x67, 0xc2, 0x1, 0xff, 0x38, 0x9,
    0x9f, 0xe0, 0xf, 0xfe, 0xe, 0x7f, 0xf0, 0x80,
    0x73, 0xbc, 0x41, 0xe, 0x60, 0x1f, 0xfc, 0x11,
    0x88, 0x80, 0xd, 0x16, 0x0, 0xea, 0xae, 0x10,
    0xc, 0x31, 0x7, 0x0, 0x3c, 0x58, 0x0, 0x95,
    0x78, 0x3, 0xce, 0xec, 0x0, 0x63, 0x98, 0x3,
    0x3f, 0xf8, 0x3, 0xf6, 0x0, 0x28, 0x3, 0xfc,
    0x20, 0x1f, 0x30, 0x0, 0x5c, 0x2, 0xcc, 0xf0,
    0x80, 0x79, 0x4, 0x0, 0x90, 0x40, 0x11, 0x9f,
    0x0, 0x7d, 0xe0, 0x41, 0x0, 0xe0, 0xc, 0xf1,
    0xe, 0xff, 0x71, 0x80, 0x44, 0x8c, 0x0, 0x2a,
    0x50, 0xc, 0xe0, 0x80, 0x59, 0xa0, 0x14, 0x85,
    0x0, 0x4a, 0x1, 0xd4, 0x1c, 0x98, 0x40, 0x20,
    0x68, 0x66, 0x0, 0xfe, 0x32, 0x4b, 0x17, 0xc1,
    0x3, 0x29, 0x0, 0xff, 0xac, 0x1, 0x70, 0x1,
    0xbd, 0x40, 0x3f, 0xe6, 0x20, 0xe0, 0xe, 0x20,
    0xf, 0xf0, 0xab, 0x70, 0x2d, 0x0, 0x7f, 0xf0,
    0x8, 0x33, 0xaa, 0xce, 0x41, 0x75, 0x0, 0x3f,
    0x90, 0x2, 0x15, 0x80, 0x69, 0x2, 0xd0, 0xf,
    0xe4, 0x6, 0xce, 0xa5, 0x0, 0x36, 0xac, 0x80,
    0x76, 0xf8, 0x80, 0x3e, 0x4c, 0x3, 0xc5, 0x40,
    0x0,

    /* U+683C "格" */
    0x0, 0xd1, 0x20, 0x1e, 0x55, 0x0, 0x7f, 0xf0,
    0x19, 0x82, 0x1, 0xd7, 0x46, 0x1, 0xff, 0xc6,
    0x71, 0x0, 0x19, 0x94, 0x40, 0x3f, 0xf8, 0x23,
    0x0, 0xc, 0xca, 0xb8, 0xc0, 0x3f, 0xf8, 0x1a,
    0x0, 0x66, 0x90, 0x4, 0xc0, 0x2e, 0xe8, 0x43,
    0xb9, 0x70, 0x60, 0x33, 0x30, 0x83, 0x0, 0x61,
    0x18, 0x2, 0x14, 0x70, 0x11, 0x40, 0x22, 0x8c,
    0x80, 0x6f, 0xf6, 0x0, 0x3b, 0xd0, 0x23, 0xc5,
    0xda, 0x82, 0x4, 0x3, 0xc8, 0x0, 0xa0, 0xbb,
    0x38, 0xd0, 0x48, 0xab, 0x0, 0x7d, 0x40, 0x4,
    0x70, 0x40, 0x3, 0x0, 0x5a, 0x1, 0xf1, 0x10,
    0x0, 0x50, 0x60, 0x6, 0xd0, 0xa, 0x2c, 0x80,
    0x3a, 0xc0, 0x29, 0xb, 0x3c, 0x90, 0x6f, 0xa1,
    0x4d, 0x93, 0x0, 0xb, 0x28, 0x82, 0xad, 0x86,
    0x13, 0x2, 0x98, 0x60, 0xdc, 0x0, 0x90, 0x90,
    0xa, 0xcc, 0x40, 0x13, 0xdd, 0x69, 0x81, 0x78,
    0x13, 0x99, 0x80, 0x21, 0xce, 0x0, 0x22, 0x70,
    0x87, 0x10, 0x30, 0x40, 0x7, 0x10, 0x5, 0x77,
    0xc4, 0x1, 0x92, 0x10, 0x3, 0xff, 0x90, 0xe0,
    0x1f, 0xfd, 0x4d, 0xde, 0x30, 0xf, 0xfe, 0x21,
    0x17, 0x0, 0x7f, 0xf1, 0x7f, 0xf8, 0xc0, 0x3f,
    0x77, 0x88, 0x5, 0xdc, 0x0, 0xec, 0xf3, 0x0,
    0x0,

    /* U+6846 "框" */
    0x0, 0xd3, 0x0, 0x1f, 0xfc, 0x71, 0x65, 0x0,
    0x84, 0x7f, 0xf8, 0x0, 0x1f, 0xc5, 0xdd, 0xff,
    0xc0, 0x20, 0xf, 0xf8, 0x8b, 0xfc, 0x60, 0x22,
    0x30, 0x31, 0x10, 0x0, 0xb7, 0x7f, 0xc2, 0x5d,
    0xcd, 0x1, 0xee, 0x30, 0x1, 0x73, 0x1b, 0xfe,
    0xcc, 0x98, 0xc, 0x88, 0x1, 0x11, 0x1c, 0x0,
    0x67, 0x10, 0x0, 0xce, 0x10, 0x1d, 0xd3, 0x80,
    0x33, 0x44, 0x0, 0xdf, 0xee, 0x2, 0xff, 0x9c,
    0x3, 0x20, 0x3, 0x40, 0x3f, 0xf8, 0xa2, 0x60,
    0x3, 0xb0, 0xc, 0x45, 0x1, 0x16, 0x0, 0xd2,
    0x0, 0x24, 0x44, 0x0, 0x7, 0x75, 0x80, 0xd,
    0xd8, 0x2, 0x17, 0x30, 0x5, 0xe, 0x0, 0x5,
    0x98, 0x80, 0x6, 0x68, 0x2, 0x90, 0x90, 0x0,
    0xfa, 0x0, 0x53, 0x2a, 0x2, 0x99, 0x80, 0x6,
    0xe4, 0x80, 0x10, 0x80, 0x7f, 0xf1, 0x20, 0x3,
    0xf4, 0x6e, 0xb8, 0xb, 0x76, 0x80, 0x38, 0x50,
    0xf, 0xc2, 0x66, 0x0, 0x8c, 0xe1, 0x0, 0x38,
    0x7, 0xf4, 0xf7, 0x3f, 0xee, 0xea, 0x40, 0x3f,
    0xfa, 0xa5, 0xff, 0xfe, 0x70, 0xf, 0xe2, 0x2f,
    0xfe, 0x0, 0x80, 0x7e, 0x2d, 0xdf, 0xfe, 0x3,
    0x0,

    /* U+6848 "案" */
    0x0, 0xfe, 0x27, 0x40, 0xf, 0xfe, 0x3b, 0x45,
    0x0, 0x7f, 0xc5, 0xff, 0xf5, 0x80, 0xff, 0xfe,
    0x90, 0xe, 0x44, 0xe2, 0x34, 0x4f, 0x88, 0x3,
    0xc7, 0x77, 0xa0, 0x82, 0xef, 0xea, 0x0, 0xc7,
    0x50, 0x1, 0xe, 0x84, 0x80, 0x7c, 0xb5, 0x40,
    0x4, 0xd5, 0xff, 0xdc, 0x21, 0x5f, 0xff, 0x6d,
    0x68, 0x3, 0x59, 0xb0, 0x4, 0xcd, 0xc0, 0x13,
    0x36, 0x0, 0x2c, 0xcc, 0x80, 0x3d, 0x33, 0x80,
    0x3, 0xd3, 0x34, 0x0, 0x75, 0x90, 0xf, 0x72,
    0xf7, 0xd8, 0xbc, 0x40, 0x3f, 0xaf, 0xf6, 0x4,
    0x48, 0x40, 0x3, 0xb6, 0x20, 0xe, 0x39, 0xac,
    0xed, 0x81, 0x3, 0x69, 0x63, 0x59, 0xdd, 0x48,
    0x80, 0xd, 0x94, 0x88, 0xb1, 0x7c, 0xe4, 0xf3,
    0xba, 0x94, 0x21, 0x10, 0x5, 0xdf, 0xd9, 0x4e,
    0x82, 0x88, 0x20, 0x1, 0x35, 0xf4, 0x0, 0x5d,
    0xcf, 0xff, 0x80, 0x19, 0xff, 0xdd, 0xfe, 0x0,
    0x22, 0x7c, 0x1, 0xe4, 0x4f, 0x28, 0x2, 0xae,
    0xf5, 0x8, 0x8, 0x0, 0x81, 0xe2, 0xef, 0x50,
    0x7, 0x14, 0x72, 0x9f, 0x80, 0x3d, 0xcf, 0x28,
    0xc0, 0x38, 0x9a, 0xf5, 0xc6, 0xb0, 0x40, 0x28,
    0xd4, 0x5c, 0xd8, 0x40, 0x1f, 0x94, 0x18, 0xe5,
    0x0, 0xf1, 0x5d, 0x8c, 0x9e, 0xc8, 0x7d, 0xaf,
    0x9c, 0x3, 0xfc, 0x99, 0xaf, 0x24,

    /* U+6863 "档" */
    0x0, 0xd1, 0x20, 0x1f, 0x2c, 0x10, 0x7, 0xf3,
    0xb0, 0x7, 0xdc, 0xec, 0x1, 0xff, 0xc1, 0x3e,
    0x70, 0xf, 0xaf, 0x90, 0x3, 0xf1, 0xc, 0x80,
    0x78, 0x50, 0x54, 0x3, 0xf0, 0xb0, 0xa8, 0x7,
    0x30, 0x28, 0x87, 0x74, 0x0, 0xee, 0x4d, 0x7,
    0x0, 0x75, 0x4, 0x80, 0x4, 0x60, 0x0, 0x88,
    0xcc, 0x28, 0x1, 0x94, 0x90, 0xc0, 0x1f, 0xe8,
    0x0, 0x77, 0xd0, 0x6f, 0x0, 0x67, 0x99, 0x0,
    0x76, 0x80, 0x2c, 0x1a, 0xa6, 0xe9, 0x2, 0xa3,
    0x22, 0x88, 0x2, 0x50, 0x2, 0xab, 0xd5, 0x70,
    0x0, 0x55, 0x73, 0x0, 0x14, 0x2, 0x1b, 0xda,
    0xaf, 0xe2, 0x0, 0xdc, 0x40, 0x8, 0x1d, 0x55,
    0xfe, 0x10, 0x8, 0x91, 0x40, 0xc, 0x56, 0x1,
    0xff, 0xc1, 0x80, 0xa0, 0xb, 0xf, 0xff, 0xf8,
    0xc0, 0x6, 0xa8, 0x40, 0x10, 0x81, 0x17, 0xf0,
    0x4, 0x21, 0x0, 0x1c, 0x3b, 0xbf, 0xc6, 0x0,
    0x2b, 0x30, 0xf, 0xfe, 0x3a, 0x0, 0x7b, 0x33,
    0xfc, 0x60, 0x1f, 0xc2, 0x67, 0xfe, 0x0, 0xff,
    0xe, 0x67, 0xf8, 0x3, 0xfe, 0x33, 0xff, 0x80,
    0x0,

    /* U+68C0 "检" */
    0x0, 0xd2, 0xe0, 0x1f, 0x24, 0x10, 0x7, 0xf0,
    0xb5, 0x0, 0x7d, 0x6e, 0x80, 0x1f, 0xfc, 0x69,
    0x0, 0x58, 0x7, 0xff, 0x15, 0x98, 0x26, 0x58,
    0x20, 0x1c, 0xcf, 0x0, 0x4e, 0xc0, 0x5, 0x90,
    0xdc, 0x33, 0x61, 0x0, 0x6b, 0x86, 0x0, 0x44,
    0x1, 0x28, 0x28, 0xc3, 0x10, 0xb1, 0x0, 0x28,
    0x81, 0x80, 0x22, 0xf, 0x61, 0x2a, 0x1, 0x5a,
    0x8d, 0xc8, 0x82, 0xba, 0x80, 0x1b, 0x60, 0xa,
    0xb3, 0x39, 0x98, 0xc, 0xe0, 0x12, 0x0, 0x2f,
    0x42, 0xd4, 0xcf, 0xeb, 0xb1, 0xb0, 0x0, 0x48,
    0x0, 0xa5, 0xc9, 0x1f, 0xff, 0x12, 0x60, 0x4,
    0xe0, 0x2, 0x24, 0x88, 0x6, 0x57, 0x0, 0x91,
    0x44, 0x2, 0xb1, 0x0, 0x41, 0x8f, 0x58, 0x3,
    0xe0, 0x2, 0x8a, 0x30, 0x2, 0x13, 0x0, 0x17,
    0x45, 0x50, 0x43, 0x40, 0xc0, 0x8c, 0xc4, 0x0,
    0x80, 0xb0, 0x8, 0xc3, 0x1, 0x0, 0xc1, 0x42,
    0x82, 0x40, 0x21, 0x42, 0x0, 0xe4, 0xc, 0x6,
    0xf, 0x6, 0x15, 0x0, 0xae, 0x0, 0x3c, 0x60,
    0xa0, 0x44, 0xe5, 0x19, 0x0, 0xcc, 0x60, 0x1f,
    0x4f, 0x80, 0x35, 0xe4, 0x5c, 0x3, 0xff, 0x82,
    0xc6, 0x1, 0x29, 0xc8, 0x7, 0xfc, 0x5f, 0xff,
    0x50, 0x47, 0xfb, 0x80, 0x3f, 0x84, 0x7f, 0xf8,
    0x4, 0x1, 0xf8, 0xbb, 0xbf, 0xf8, 0x18, 0x0,

    /* U+6977 "楷" */
    0x0, 0xca, 0x80, 0x13, 0xb0, 0x6, 0x55, 0x0,
    0x7e, 0x1a, 0x90, 0x0, 0xc4, 0x0, 0x21, 0xab,
    0x0, 0xff, 0xe6, 0x32, 0x0, 0x7f, 0xc3, 0x32,
    0x80, 0x8, 0xae, 0x68, 0x0, 0x24, 0xa0, 0x45,
    0x0, 0x4c, 0xd0, 0x0, 0x75, 0x11, 0xe0, 0x8,
    0xdb, 0x0, 0x6e, 0x0, 0x59, 0x8d, 0x0, 0x8e,
    0xec, 0x20, 0xe, 0x31, 0x0, 0x1a, 0x80, 0x4,
    0xce, 0x0, 0xb1, 0x10, 0x60, 0x7, 0xc8, 0x0,
    0x65, 0x80, 0x42, 0x8c, 0x0, 0x10, 0x6, 0x60,
    0xc0, 0x2c, 0x0, 0x48, 0x48, 0xf, 0x5c, 0x8,
    0xd, 0xd9, 0x80, 0x80, 0x25, 0x0, 0x32, 0x38,
    0x1, 0x65, 0x8d, 0x81, 0x10, 0x2e, 0x20, 0x4,
    0x0, 0x11, 0x2a, 0xf3, 0xe9, 0xdd, 0x9b, 0xff,
    0xa0, 0x2, 0xf0, 0xa, 0x41, 0xae, 0x65, 0xc0,
    0xd, 0x99, 0xa0, 0x2, 0x34, 0x50, 0x2, 0x61,
    0x33, 0x40, 0x13, 0x36, 0x50, 0xb, 0xc3, 0x80,
    0x22, 0x0, 0xb7, 0xff, 0xb8, 0x3, 0x88, 0xd4,
    0x3, 0xe3, 0x0, 0xe1, 0x0, 0xe9, 0x80, 0xf,
    0xdd, 0xff, 0xe0, 0x20, 0x9, 0xd0, 0x3, 0xf2,
    0x33, 0x78, 0x4, 0x3, 0xff, 0x83, 0x53, 0x3e,
    0x3, 0x0, 0xff, 0xe0, 0xd4, 0xcf, 0x50, 0x18,
    0x7, 0xff, 0x5, 0x19, 0xb9, 0x40, 0x40, 0x3f,
    0xf8, 0x3b, 0xff, 0xdc, 0x4, 0x1, 0xc3, 0xfa,
    0x1, 0x7f, 0x10, 0x7, 0xf, 0xe8, 0x0,

    /* U+6A21 "模" */
    0x0, 0x86, 0xa0, 0x3, 0xa6, 0x80, 0x28, 0xa1,
    0x0, 0xf1, 0xaa, 0x80, 0x39, 0x94, 0x2, 0x65,
    0x30, 0xf, 0xfb, 0xbf, 0xc0, 0xf, 0xf8, 0x43,
    0x7f, 0xc0, 0x1f, 0xca, 0x66, 0x0, 0x11, 0x98,
    0x2, 0x33, 0x0, 0x15, 0xe0, 0x9, 0xdd, 0x79,
    0x80, 0x6, 0xe6, 0x4, 0x37, 0x30, 0x0, 0x98,
    0x50, 0x4, 0x40, 0x5d, 0xc8, 0x87, 0x79, 0x51,
    0x58, 0x2, 0x8a, 0x40, 0x5, 0x50, 0xe2, 0x8,
    0x88, 0x89, 0x11, 0x10, 0x0, 0x91, 0x48, 0x0,
    0xaa, 0x0, 0x1f, 0xff, 0xb4, 0x3, 0xe4, 0x0,
    0x38, 0x4, 0x4e, 0xfe, 0xa0, 0xf, 0x88, 0x1,
    0x2, 0x0, 0x18, 0x8f, 0x38, 0x7, 0x90, 0x0,
    0x43, 0x60, 0x3, 0xff, 0xf7, 0x0, 0x7b, 0xc0,
    0x29, 0x56, 0x3, 0xcc, 0xf6, 0x80, 0x70, 0xa1,
    0x80, 0x19, 0xd8, 0xcc, 0x0, 0x33, 0x10, 0x0,
    0xd4, 0x2, 0x80, 0xa0, 0x0, 0xc1, 0x66, 0x61,
    0xa, 0xcc, 0xac, 0x0, 0x2c, 0x28, 0x1, 0xd,
    0x56, 0xb1, 0x8, 0xaa, 0xe0, 0x15, 0x80, 0xc,
    0x6a, 0xb9, 0x0, 0x6, 0xab, 0xc0, 0x8, 0x60,
    0xc, 0x5f, 0xf7, 0x10, 0x10, 0x17, 0x7f, 0xc0,
    0x2, 0x0, 0xfe, 0xa2, 0x1d, 0x42, 0xd1, 0x0,
    0xff, 0x85, 0xf9, 0x7, 0x42, 0x88, 0xf9, 0xc8,
    0x3, 0xf4, 0x74, 0xa, 0x61, 0x80, 0xe2, 0x4,
    0x6a, 0x0, 0x7d, 0x62, 0xd9, 0x64, 0x1, 0xd,
    0xd9, 0x19, 0x0, 0x22, 0xfd, 0x3, 0xe9, 0x30,
    0xf, 0x92, 0xe4, 0x0,

    /* U+6A2A "横" */
    0x0, 0xd3, 0x0, 0x1c, 0xf2, 0x1, 0x44, 0x80,
    0x7e, 0x66, 0x0, 0x74, 0xb0, 0x80, 0x19, 0x82,
    0x1, 0xff, 0x1d, 0x50, 0x42, 0xaa, 0x10, 0xaa,
    0x30, 0x7, 0xf3, 0x2a, 0x80, 0x8, 0xaa, 0x0,
    0x22, 0xe0, 0x7, 0xf2, 0xff, 0x84, 0x37, 0xfc,
    0x0, 0xdf, 0xa0, 0x6, 0xf7, 0x80, 0xf7, 0x14,
    0x46, 0x0, 0x8, 0x80, 0x21, 0x10, 0x0, 0x84,
    0x2, 0x11, 0x57, 0x70, 0x1, 0xbd, 0xc0, 0x6,
    0xf7, 0x8, 0x3f, 0xd4, 0x0, 0xff, 0x32, 0x26,
    0x0, 0x8c, 0xc8, 0x91, 0x80, 0x58, 0x0, 0x10,
    0x9b, 0xbd, 0x1, 0x19, 0x8b, 0xb8, 0x40, 0x27,
    0x0, 0x50, 0x3, 0xff, 0x40, 0x47, 0xfe, 0x50,
    0x9, 0x4, 0x0, 0x8e, 0x0, 0x17, 0x70, 0x4,
    0xee, 0x30, 0xe, 0xe0, 0x0, 0xac, 0x18, 0x14,
    0x44, 0x11, 0x12, 0x0, 0x61, 0x56, 0x0, 0x40,
    0x4, 0x7f, 0xe8, 0x8, 0xff, 0x38, 0x6, 0x80,
    0xa0, 0x1, 0x61, 0x81, 0x44, 0x4, 0x6, 0x20,
    0x60, 0x11, 0xb1, 0x98, 0x2, 0x30, 0x0, 0xbb,
    0xa4, 0x25, 0xdc, 0x80, 0x10, 0x84, 0x80, 0x7c,
    0x7b, 0xa8, 0x8, 0xdd, 0x30, 0x4, 0x54, 0xa0,
    0x1e, 0x55, 0x3b, 0x95, 0x67, 0x72, 0x2b, 0x0,
    0x14, 0x3, 0xea, 0xb1, 0x2a, 0xab, 0x1a, 0x68,
    0xc0, 0x3f, 0xcd, 0xe8, 0xa4, 0x3, 0xa7, 0x92,
    0x1, 0xfc, 0x7b, 0x22, 0xd8, 0x40, 0x37, 0x42,
    0xdc, 0x40, 0x1f, 0x1b, 0x26, 0x48, 0x80, 0x65,
    0xf3, 0x62, 0x0, 0xdf, 0xc0, 0xb, 0xb1, 0x80,
    0x7c, 0x39, 0x0,

    /* U+6A59 "橙" */
    0x0, 0xd2, 0xe0, 0x1f, 0x85, 0x44, 0x3, 0xf0,
    0xb5, 0x80, 0x23, 0x31, 0xde, 0xcf, 0x4c, 0x52,
    0x1, 0xff, 0x11, 0x98, 0x40, 0x5c, 0x23, 0x19,
    0x40, 0x3f, 0xd7, 0xfe, 0x40, 0x51, 0x30, 0x1b,
    0x40, 0x9, 0x1a, 0x40, 0xd9, 0x99, 0x85, 0x43,
    0x20, 0x80, 0x36, 0xfa, 0x0, 0x7c, 0xb8, 0x2,
    0x6d, 0x4e, 0x82, 0x40, 0x8, 0x47, 0xa2, 0x40,
    0xe, 0x83, 0x0, 0x45, 0xc1, 0x80, 0x3a, 0xee,
    0x0, 0xae, 0x0, 0xa, 0xe8, 0x0, 0x76, 0x61,
    0x81, 0x22, 0x60, 0x60, 0xa3, 0x0, 0xc8, 0x0,
    0x49, 0x90, 0x5e, 0xff, 0xed, 0x94, 0x1c, 0x40,
    0x8, 0xc0, 0x13, 0xe2, 0x9d, 0x55, 0xf0, 0xa9,
    0xa0, 0x1, 0x40, 0x22, 0xef, 0x15, 0x5f, 0xeb,
    0xd0, 0xb, 0x84, 0xc, 0xce, 0x1, 0x67, 0xff,
    0x8, 0x0, 0x40, 0x4, 0x8c, 0x0, 0x96, 0x10,
    0xf, 0xfe, 0x14, 0x5, 0x0, 0x16, 0x40, 0x2c,
    0xff, 0xe1, 0x0, 0xc4, 0xaa, 0x30, 0xe, 0xc5,
    0x45, 0x5c, 0x4a, 0xa1, 0x0, 0x12, 0x48, 0x7,
    0x98, 0x12, 0x2a, 0xa2, 0x59, 0x0, 0xd4, 0x60,
    0x1f, 0x68, 0x58, 0x1, 0x80, 0xcc, 0x1, 0x84,
    0x3, 0xf2, 0x82, 0x0, 0x2c, 0x20, 0x3, 0xfe,
    0x8b, 0xb4, 0x80, 0xdf, 0x10, 0x7d, 0xdc, 0x1,
    0xf9, 0x13, 0x1, 0xa0, 0x80, 0x11, 0x30, 0x80,
    0x7d, 0x9f, 0xff, 0xfc, 0x11,

    /* U+6B21 "次" */
    0x0, 0xfe, 0x26, 0x30, 0xf, 0xfe, 0x3d, 0x4f,
    0x80, 0x7f, 0xc7, 0xaa, 0x1, 0xc8, 0x8, 0x1,
    0xff, 0x49, 0x55, 0x90, 0x4, 0x61, 0x80, 0x1f,
    0xf5, 0x50, 0x13, 0x50, 0x18, 0x1, 0x7f, 0xff,
    0x69, 0x80, 0x4b, 0xa6, 0xe, 0x14, 0x1, 0xfe,
    0x25, 0x0, 0xc5, 0x96, 0x64, 0x61, 0x5d, 0xcd,
    0xee, 0xb0, 0x0, 0xe0, 0x1e, 0x40, 0x80, 0x25,
    0x1d, 0xd3, 0x8, 0x90, 0x10, 0x40, 0x3e, 0x35,
    0xb, 0x0, 0xfa, 0xc3, 0x80, 0x3f, 0x48, 0x13,
    0x0, 0xc, 0x30, 0xc, 0xc2, 0xa0, 0x1f, 0x1d,
    0x53, 0x80, 0x39, 0x40, 0x9a, 0x40, 0x3e, 0x6c,
    0x65, 0x30, 0x0, 0x80, 0x4, 0x6, 0x5c, 0x3,
    0xc3, 0x0, 0x20, 0x19, 0x0, 0x23, 0x0, 0xfe,
    0xb1, 0x27, 0x0, 0xdc, 0x1, 0x48, 0x7, 0xe4,
    0x50, 0x80, 0xc, 0x68, 0x12, 0xa, 0x40, 0x1e,
    0x1a, 0x4, 0x50, 0xd, 0xc0, 0x4c, 0xe1, 0xc0,
    0x1e, 0xb1, 0xa, 0x0, 0xd6, 0x41, 0xc1, 0x22,
    0x74, 0x1, 0x85, 0xc2, 0x4, 0x0, 0x38, 0x81,
    0x26, 0x3, 0x40, 0xb6, 0x20, 0x1, 0xd8, 0x70,
    0x2, 0xf9, 0x84, 0x30, 0x4, 0x92, 0x9, 0xee,
    0x1, 0x38, 0x1, 0xa8, 0x45, 0x6e, 0x1, 0xcd,
    0x42, 0x2d, 0x0, 0xf3, 0x35, 0xe8, 0x1, 0xf2,
    0xf4, 0x50, 0x0,

    /* U+6B4C "歌" */
    0x0, 0xff, 0xe0, 0x9b, 0x98, 0x7, 0xd3, 0x3f,
    0xf0, 0xdc, 0x58, 0x7, 0xcc, 0xdf, 0xf1, 0x98,
    0x30, 0x3, 0xef, 0xff, 0xb0, 0x13, 0xc9, 0x0,
    0x95, 0x68, 0x40, 0xb, 0xbf, 0xf4, 0x0, 0x4,
    0xc, 0x1, 0x35, 0x53, 0xd9, 0x80, 0x4, 0xe1,
    0xc0, 0x3d, 0x60, 0x8, 0x8c, 0x0, 0x30, 0x9,
    0x1e, 0x40, 0x3c, 0xa1, 0x88, 0x87, 0x60, 0x30,
    0xc, 0x8f, 0x20, 0x1c, 0x84, 0x43, 0xec, 0x5,
    0x5, 0x0, 0x84, 0xe1, 0xc0, 0x3a, 0x42, 0xc0,
    0x36, 0x6, 0x0, 0x5d, 0xff, 0xa0, 0x2, 0xf5,
    0x60, 0x20, 0xc, 0x80, 0x5b, 0xbf, 0x60, 0x2f,
    0x80, 0x7a, 0x3c, 0x40, 0x48, 0xbe, 0x0, 0x89,
    0x80, 0x40, 0x6, 0x1, 0x8f, 0xff, 0xee, 0x3,
    0xfc, 0x2, 0x0, 0x20, 0x7, 0x17, 0xff, 0x50,
    0x7, 0x90, 0x1, 0x60, 0x1f, 0x9d, 0xc0, 0x20,
    0x1e, 0xc0, 0x1, 0x90, 0x7, 0x9a, 0x20, 0x20,
    0x1e, 0x24, 0x19, 0xb, 0x0, 0xf3, 0x3b, 0x84,
    0x3, 0xd6, 0xc, 0xc0, 0x62, 0x0, 0xf4, 0x40,
    0x3, 0xc8, 0xc1, 0x21, 0x1, 0xc0, 0x18, 0x5f,
    0xfe, 0xb0, 0x8, 0x68, 0x20, 0x41, 0xc8, 0xe4,
    0x0, 0x5d, 0x0, 0x2, 0x79, 0x1, 0xc1, 0x47,
    0x0, 0xbc, 0x19, 0xc0, 0x3c, 0x50, 0xe3, 0x8,
    0x76, 0x1, 0x8a, 0xc9, 0x80, 0x3e, 0xff, 0x72,
    0xce, 0x0, 0x79, 0x34, 0x40,

    /* U+6B63 "正" */
    0x0, 0xff, 0xe5, 0x77, 0xff, 0xff, 0x16, 0x0,
    0x3f, 0xf9, 0x7d, 0xff, 0xf5, 0x80, 0xff, 0xfd,
    0x0, 0x1f, 0xfe, 0x26, 0x60, 0x7, 0xff, 0x18,
    0x66, 0x42, 0x1, 0xff, 0xce, 0x1c, 0xcf, 0x30,
    0x7, 0xff, 0x8, 0xcf, 0xdc, 0x1, 0xff, 0xc2,
    0xcc, 0xf4, 0x80, 0x7f, 0xf0, 0x44, 0xcf, 0xc2,
    0x1, 0xff, 0xff, 0x0, 0xff, 0xe2, 0x18, 0x4,
    0x20, 0x20, 0x1f, 0xdf, 0xee, 0x0, 0x6f, 0xfd,
    0x40, 0xf, 0xff, 0xc6, 0x1, 0xff, 0xc9,

    /* U+6B65 "步" */
    0x0, 0xff, 0x4e, 0x18, 0x7, 0xff, 0x19, 0x4d,
    0xc0, 0x3f, 0xf8, 0x19, 0xe8, 0x1, 0xd7, 0x7e,
    0xa0, 0xf, 0x8, 0x7, 0xe4, 0x4f, 0x0, 0x7f,
    0xf0, 0x9e, 0xef, 0xb4, 0x3, 0xff, 0x85, 0x88,
    0x9c, 0x60, 0x10, 0x8c, 0x60, 0x42, 0x38, 0x4,
    0x7f, 0x83, 0xba, 0x10, 0x9e, 0xe8, 0x82, 0xbb,
    0xbe, 0xa0, 0xf, 0xfe, 0x57, 0xff, 0x77, 0xfb,
    0x0, 0x1f, 0xff, 0xac, 0x3, 0xa3, 0xa0, 0x3,
    0xf1, 0x6b, 0x80, 0x79, 0x5c, 0x2c, 0x3, 0xf7,
    0x15, 0x0, 0x72, 0xd0, 0x41, 0x80, 0x7d, 0x6,
    0x12, 0x1, 0x9e, 0x81, 0x9c, 0x3, 0xe8, 0x70,
    0x74, 0x0, 0x8a, 0x1, 0xa4, 0x3, 0xc3, 0x2e,
    0xb, 0x0, 0x18, 0xae, 0x24, 0x3, 0xa, 0x7,
    0xb0, 0x3d, 0x0, 0x79, 0x1c, 0x3, 0x9d, 0xc0,
    0x22, 0xa8, 0x0, 0xff, 0xa, 0xcf, 0x51, 0x83,
    0x7a, 0x80, 0x7c, 0xaf, 0x5b, 0xd4, 0xc2, 0x27,
    0xe9, 0x10, 0xf, 0xdd, 0xa, 0x40, 0x4d, 0x7d,
    0x2, 0x1, 0xfe, 0x85, 0x8b, 0xed, 0x94, 0x0,
    0xff, 0xe0, 0x0,

    /* U+6BB5 "段" */
    0x0, 0xf9, 0xd8, 0x3, 0xff, 0x8a, 0x73, 0xf1,
    0x2c, 0x7, 0x9f, 0x76, 0xfc, 0x0, 0xf5, 0x7e,
    0x30, 0x25, 0x30, 0x39, 0x82, 0x20, 0xc, 0x3,
    0xce, 0x3, 0x5f, 0x6a, 0x1, 0x93, 0xfc, 0x20,
    0x1f, 0x30, 0x5a, 0x80, 0x70, 0x81, 0x0, 0x7f,
    0xf0, 0x31, 0x13, 0x0, 0x8, 0x38, 0x3, 0xff,
    0x80, 0xd7, 0x78, 0x1, 0x60, 0x60, 0x3, 0x0,
    0xfe, 0x27, 0x7c, 0xc, 0x62, 0x80, 0x1, 0x9,
    0x87, 0x0, 0xe8, 0x8e, 0x79, 0xa, 0x0, 0xa8,
    0x19, 0xe8, 0x3, 0xfc, 0xa5, 0x48, 0x1, 0x37,
    0xf7, 0x34, 0x3, 0xab, 0xbb, 0x13, 0x75, 0xdf,
    0x7d, 0x28, 0x7, 0xff, 0x1, 0x13, 0xe0, 0x42,
    0x0, 0xf5, 0x77, 0x60, 0xe2, 0x27, 0xfd, 0xa0,
    0x7, 0x0, 0xff, 0xe0, 0xb, 0x92, 0x0, 0x28,
    0x10, 0x40, 0x3c, 0x68, 0xd3, 0x68, 0x12, 0x12,
    0x2, 0xe1, 0xe0, 0x12, 0x52, 0x4, 0xdc, 0xb2,
    0x10, 0x1a, 0x95, 0xe8, 0x22, 0x0, 0x21, 0x50,
    0x8, 0xda, 0x71, 0x80, 0x16, 0x28, 0x63, 0x40,
    0x19, 0xe0, 0x1, 0x59, 0x2c, 0x60, 0x11, 0x88,
    0x0, 0x40, 0x38, 0x9d, 0x0, 0x3e, 0x19, 0xd0,
    0xd, 0xd0, 0x20, 0x1f, 0xe3, 0xce, 0x60, 0x5e,
    0xd2, 0x7, 0xea, 0x0, 0xfe, 0x32, 0x4, 0xca,
    0x12, 0xd9, 0x10, 0xe0, 0xa, 0xfd, 0x40, 0x36,
    0xf5, 0x98, 0x6, 0x6e, 0xc4, 0x0,

    /* U+6BCF "每" */
    0x0, 0xe6, 0xb6, 0x0, 0xff, 0xe3, 0xc2, 0x8,
    0x7, 0xff, 0x19, 0xc4, 0x32, 0xab, 0xff, 0x80,
    0x40, 0x18, 0xa0, 0x0, 0x8a, 0xbf, 0xfc, 0x1,
    0x0, 0xdc, 0x3, 0x99, 0xff, 0xc2, 0x30, 0xa,
    0xc, 0x3c, 0xcf, 0xff, 0x84, 0x1, 0x3b, 0x81,
    0x7b, 0xf3, 0x3f, 0xbf, 0x8, 0x2, 0x29, 0x7,
    0xd0, 0x1, 0x9f, 0xf0, 0x18, 0x6, 0x2f, 0x98,
    0xe0, 0x5f, 0xe2, 0x3b, 0xff, 0xc0, 0x1f, 0xb,
    0x1, 0x6, 0x80, 0x14, 0xee, 0x0, 0x38, 0xc0,
    0x3e, 0x60, 0x20, 0x18, 0xc2, 0x74, 0x0, 0xfc,
    0x79, 0x91, 0x5, 0x5d, 0xd0, 0x21, 0xf7, 0x80,
    0xc, 0xc8, 0x98, 0xce, 0x0, 0x91, 0x31, 0x82,
    0x20, 0xc0, 0x4, 0x66, 0x15, 0xee, 0x50, 0xf,
    0xfa, 0x1, 0xbb, 0xfe, 0xe0, 0x7, 0x74, 0x60,
    0x22, 0x30, 0x20, 0x2, 0xa9, 0xbd, 0x40, 0x6,
    0x4, 0x23, 0x0, 0x6f, 0x5, 0x0, 0x15, 0x50,
    0x6c, 0x41, 0x80, 0x40, 0x3e, 0x50, 0x6d, 0xdd,
    0x0, 0x39, 0xb6, 0x7, 0xba, 0x20, 0xc, 0x40,
    0x2, 0x2e, 0x0, 0x11, 0x0, 0x22, 0x20, 0x7,
    0x77, 0xff, 0xfc, 0xa1, 0x1f, 0xe2, 0x0, 0xff,
    0xe0, 0xcc, 0xca, 0xa, 0x1, 0xff, 0xc4, 0x26,
    0x60, 0xc9, 0x0, 0x7f, 0xf1, 0x2f, 0xfd, 0xcc,
    0x1, 0xc0,

    /* U+6BD4 "比" */
    0x2, 0x65, 0x0, 0xf1, 0x3b, 0x80, 0x3f, 0x24,
    0xc0, 0x7, 0x9a, 0x24, 0x3, 0xff, 0xe8, 0xac,
    0x1, 0xff, 0xc5, 0x6a, 0x94, 0x0, 0xff, 0xe1,
    0xbc, 0x80, 0xb0, 0x4, 0x5f, 0xfc, 0x20, 0x1a,
    0x60, 0xf, 0xc8, 0x3, 0xff, 0x80, 0x38, 0xc0,
    0xf8, 0x20, 0x1d, 0xdd, 0xc2, 0x1, 0x18, 0xdc,
    0x0, 0x78, 0x84, 0x78, 0x3, 0x2f, 0xa0, 0x7,
    0xff, 0x16, 0x84, 0x3, 0xff, 0x8a, 0x20, 0x1f,
    0xfc, 0xc1, 0x10, 0x7, 0xff, 0x18, 0xbd, 0xc0,
    0x3f, 0xf8, 0xae, 0x36, 0x1, 0xf2, 0x48, 0x7,
    0xe1, 0x7, 0x0, 0xc7, 0x3d, 0x6c, 0x1, 0xf8,
    0xc0, 0x83, 0x80, 0xb1, 0x84, 0xc, 0x1c, 0x4,
    0x80, 0x2d, 0xf, 0x27, 0x0, 0x8e, 0x3b, 0x0,
    0xc0, 0x1b, 0xff, 0x20, 0x39, 0x0, 0x1f, 0x71,
    0xc4, 0x2, 0xa2, 0x0, 0xc3, 0x42, 0x19, 0xf0,
    0x40, 0x1e, 0x5d, 0xff, 0xdc, 0xa0,

    /* U+6C14 "气" */
    0x0, 0xe4, 0x20, 0xf, 0xfe, 0x45, 0xe9, 0x80,
    0x7f, 0xf1, 0x98, 0x8, 0xc0, 0x3f, 0xf8, 0xd6,
    0x5, 0xff, 0xff, 0xc1, 0x30, 0xc, 0xc4, 0x8,
    0x9f, 0xfc, 0x21, 0x0, 0x86, 0x42, 0xae, 0xff,
    0xf8, 0x44, 0x1, 0x68, 0x26, 0x7f, 0xff, 0xf0,
    0x28, 0x3, 0x49, 0x84, 0xfa, 0xaf, 0xff, 0x3,
    0x0, 0x24, 0x60, 0xa2, 0x6a, 0xaf, 0xfe, 0x3,
    0x0, 0x49, 0xb3, 0x9b, 0xbf, 0xee, 0xfd, 0x10,
    0xe, 0x26, 0x32, 0x2f, 0xf0, 0x81, 0x18, 0x7,
    0xd5, 0xff, 0xff, 0x0, 0x7f, 0xf2, 0x84, 0x4,
    0x3, 0xff, 0x8e, 0x60, 0xc0, 0x1f, 0xfc, 0x76,
    0x3, 0x0, 0xff, 0xe3, 0x90, 0x70, 0x7, 0xff,
    0x1f, 0xc0, 0xc1, 0x4c, 0x3, 0xff, 0x88, 0x80,
    0x80, 0x78, 0x1, 0xff, 0xc4, 0x22, 0x4, 0x78,
    0x7, 0xff, 0x1a, 0x1, 0xd9, 0x0, 0x3f, 0xf8,
    0xab, 0x2, 0x28, 0x0,

    /* U+6C34 "水" */
    0x0, 0xff, 0x44, 0x8, 0x3, 0xff, 0x8e, 0xce,
    0xc0, 0x1f, 0xff, 0xa2, 0x20, 0x7, 0xf8, 0x40,
    0x2, 0x4, 0x1, 0xbf, 0x58, 0x2, 0x6f, 0xfe,
    0xed, 0x0, 0xac, 0x2, 0xb2, 0x5, 0x0, 0xff,
    0x18, 0x8, 0x10, 0x2, 0x90, 0x30, 0xc0, 0x26,
    0xee, 0xce, 0xa, 0x1, 0xa2, 0x54, 0x30, 0xc0,
    0x38, 0x47, 0x20, 0x68, 0x6, 0x76, 0x1c, 0x30,
    0xf, 0xe1, 0x30, 0x70, 0x8, 0xc0, 0x18, 0x60,
    0x1f, 0xe9, 0x3, 0x10, 0xa, 0x44, 0x10, 0x3,
    0xfc, 0x2e, 0x12, 0x1, 0x86, 0xc2, 0x4c, 0x3,
    0xfa, 0x0, 0x94, 0x3, 0x95, 0x41, 0xa4, 0x1,
    0xf2, 0x30, 0x40, 0x7, 0xd4, 0x43, 0x86, 0x1,
    0xc7, 0x60, 0xaa, 0x0, 0xfd, 0xe2, 0x2c, 0x60,
    0x9, 0x34, 0xa, 0xc0, 0x3f, 0x8b, 0x4, 0x27,
    0xc, 0x20, 0x45, 0xe2, 0x1, 0xfe, 0x2f, 0x30,
    0x21, 0xc, 0x5c, 0x20, 0x2, 0x24, 0x20, 0x1e,
    0x1c, 0x9a, 0x20, 0x5, 0x10, 0x5, 0x37, 0x60,
    0x2, 0x80, 0x79, 0x90, 0x3, 0xf2, 0x80, 0x9d,
    0x8, 0x7, 0xf0,

    /* U+6C42 "求" */
    0x0, 0xfe, 0x18, 0x80, 0x0, 0x50, 0x3, 0xff,
    0x86, 0x6e, 0xe0, 0x6, 0x5d, 0x88, 0x3, 0xff,
    0x8d, 0xc6, 0x9b, 0x0, 0x1f, 0xfc, 0x31, 0x3,
    0xc8, 0x1, 0x0, 0xd5, 0xff, 0xf6, 0x80, 0x3b,
    0xfe, 0x80, 0x6f, 0xb0, 0x1, 0x80, 0x7f, 0xf2,
    0x67, 0xff, 0xed, 0x0, 0x6f, 0xff, 0xd6, 0x1,
    0xd, 0x30, 0x7, 0xd4, 0x1, 0x9f, 0x4c, 0x3,
    0x22, 0xcb, 0x0, 0x79, 0xc0, 0x24, 0x82, 0xb0,
    0xc, 0xb4, 0x12, 0xa0, 0x1e, 0x70, 0x3b, 0x5,
    0x80, 0xe, 0x58, 0xa, 0x20, 0xe, 0x84, 0xd0,
    0x5a, 0x0, 0xf9, 0xd0, 0x44, 0x1, 0x9c, 0x2c,
    0x56, 0x80, 0x3f, 0xab, 0xcd, 0xb4, 0x1, 0x2,
    0x0, 0xa0, 0xf, 0xf0, 0x96, 0x48, 0x6, 0xa0,
    0x2, 0x0, 0x7f, 0x15, 0x61, 0x95, 0x0, 0x48,
    0xe1, 0x68, 0x1, 0xe1, 0x8d, 0x50, 0x7d, 0x70,
    0xd, 0x8, 0x16, 0xe0, 0x19, 0xf9, 0xc1, 0x36,
    0x0, 0x3e, 0xb4, 0x8, 0xb3, 0x0, 0x58, 0xd,
    0x59, 0x0, 0x7f, 0x5b, 0x2, 0x68, 0x87, 0x3f,
    0x28, 0x11, 0x4e, 0x1, 0xf4, 0xd9, 0x68, 0x81,
    0x40, 0x5, 0x3b, 0xaa, 0x2, 0x0, 0xf2, 0x69,
    0x80, 0x7d, 0xc0, 0x1, 0x4f, 0x0, 0xff, 0x0,

    /* U+6C47 "汇" */
    0x0, 0xd, 0x10, 0x4, 0x23, 0xff, 0xc1, 0x0,
    0xa1, 0x75, 0xc1, 0x3b, 0xbf, 0xf8, 0x18, 0x1,
    0x4c, 0x4, 0x58, 0x7, 0xff, 0x19, 0xf0, 0x48,
    0x0, 0x3f, 0xff, 0xed, 0x0, 0xe3, 0xf9, 0x0,
    0xff, 0xe4, 0x8, 0x7, 0xff, 0x14, 0xa8, 0x80,
    0x3f, 0xf8, 0xf2, 0xbb, 0x20, 0x1f, 0xfc, 0x6b,
    0x80, 0x6d, 0x0, 0xff, 0xe3, 0x3e, 0x95, 0x80,
    0x7f, 0xf1, 0xcb, 0x58, 0x3, 0xff, 0x92, 0x80,
    0x1f, 0xfc, 0x82, 0xb9, 0x0, 0xff, 0xe3, 0xc8,
    0x7, 0xff, 0x21, 0x10, 0x10, 0x1, 0xff, 0xc6,
    0x90, 0x61, 0x0, 0xff, 0xe2, 0xb9, 0x4, 0x0,
    0x61, 0x1f, 0xf8, 0x0, 0x50, 0x10, 0x20, 0x10,
    0xf7, 0x7f, 0xc8, 0x2, 0x22, 0x70, 0x3, 0x80,
    0x7f, 0xf0, 0xcf, 0xf8, 0x2, 0x3f, 0xff, 0xfe,
    0xa, 0x0,

    /* U+6C49 "汉" */
    0x0, 0xff, 0xe6, 0x3f, 0x38, 0x7, 0xff, 0x1f,
    0x86, 0x39, 0x47, 0xff, 0xfe, 0xe1, 0x0, 0xa7,
    0x90, 0x6c, 0x3, 0xff, 0x80, 0x22, 0x0, 0xc3,
    0x75, 0x41, 0xd0, 0x2f, 0xff, 0x68, 0x18, 0x7,
    0xca, 0x80, 0x45, 0x80, 0x39, 0xc1, 0x40, 0x3f,
    0xe4, 0x4, 0x0, 0xef, 0xc, 0x0, 0xab, 0xa0,
    0x3, 0xb4, 0x34, 0x3, 0x94, 0x10, 0x2, 0x31,
    0x7e, 0x60, 0x9, 0x5, 0x8, 0x2, 0x40, 0x31,
    0x0, 0xa7, 0x54, 0x68, 0x3, 0x38, 0x50, 0x5,
    0xe1, 0x40, 0x1c, 0x55, 0x4e, 0x0, 0xd4, 0xc,
    0x0, 0x34, 0x6, 0x0, 0xf9, 0x48, 0x3, 0x19,
    0x85, 0xc2, 0x1, 0xc0, 0x3f, 0x9c, 0x80, 0x34,
    0x4, 0x3a, 0x4, 0x80, 0x7e, 0x28, 0xf0, 0xc,
    0x88, 0x8, 0x9, 0x10, 0xf, 0xd0, 0xa, 0x1,
    0xd0, 0x1, 0x30, 0x7, 0xe3, 0x51, 0x80, 0xc,
    0x3e, 0x1, 0x20, 0x7, 0xee, 0x9, 0x0, 0xc5,
    0x86, 0x26, 0x16, 0xa0, 0x1e, 0x62, 0x23, 0x80,
    0x4f, 0xa4, 0x4c, 0xc3, 0x5, 0x40, 0x6, 0x29,
    0x8, 0x0, 0x36, 0xc0, 0x2e, 0x10, 0x4b, 0x83,
    0xf2, 0x80, 0x4, 0x48, 0xa0, 0xb2, 0x44, 0xaa,
    0x8, 0x5, 0x16, 0x43, 0x62, 0x7, 0x92, 0x0,
    0x57, 0xad, 0x50, 0xf, 0x26, 0xc6, 0x88,

    /* U+6C60 "池" */
    0x0, 0xff, 0xe0, 0xaa, 0x80, 0x3e, 0x3f, 0xb3,
    0x0, 0xf8, 0xaa, 0xc0, 0x3e, 0x61, 0x4c, 0x90,
    0x1, 0x90, 0x7, 0xff, 0x1, 0x79, 0xc1, 0x84,
    0xb3, 0xc0, 0x3f, 0xf8, 0x51, 0x94, 0x20, 0x1f,
    0xe4, 0xd4, 0x0, 0xe3, 0x50, 0xf, 0xc2, 0xd9,
    0x65, 0x20, 0x1f, 0xfc, 0x14, 0x0, 0x49, 0x80,
    0x65, 0xe8, 0x10, 0xe, 0x27, 0xd9, 0x0, 0x25,
    0x58, 0x8, 0x60, 0xbf, 0xb0, 0x2, 0x80, 0x10,
    0x40, 0x15, 0xab, 0x80, 0x53, 0xa8, 0x3a, 0xdc,
    0xe0, 0x5, 0xbd, 0x1, 0x0, 0xf8, 0xae, 0x69,
    0x44, 0x0, 0x34, 0x80, 0x1c, 0xe0, 0xe0, 0x19,
    0x84, 0xf7, 0x40, 0x60, 0x1f, 0xfc, 0x35, 0x12,
    0x0, 0xff, 0x10, 0x8, 0x7, 0x5f, 0x88, 0x7,
    0xe6, 0xe9, 0xc, 0x0, 0xcc, 0x26, 0x20, 0x1f,
    0x90, 0x41, 0x58, 0x3, 0x40, 0x58, 0x7, 0xe3,
    0x2f, 0xf5, 0x0, 0x67, 0x12, 0x60, 0xf, 0x17,
    0xe8, 0x4, 0x9c, 0xc0, 0x30, 0x16, 0x1, 0xff,
    0xc1, 0x21, 0xf0, 0x80, 0x26, 0x0, 0x18, 0x10,
    0x80, 0x7d, 0xa1, 0xe2, 0xe1, 0x0, 0x10, 0x90,
    0x77, 0x7d, 0xe8, 0xe, 0x38, 0xca, 0x1, 0xb9,
    0x4, 0x7e, 0x2, 0xb1,

    /* U+6CD5 "法" */
    0x0, 0x88, 0x3, 0xfa, 0x64, 0x1, 0xf9, 0xb7,
    0xc, 0x3, 0xe6, 0x60, 0x80, 0x7c, 0x64, 0x79,
    0x42, 0x1, 0xff, 0xc3, 0x5d, 0x80, 0x40, 0xf,
    0xfe, 0x33, 0xed, 0xc, 0xff, 0xe0, 0x7, 0x7f,
    0xd8, 0x1, 0xe2, 0x40, 0xf, 0xfe, 0x18, 0x90,
    0x7, 0x4f, 0xfe, 0x0, 0x77, 0xfd, 0x80, 0xb,
    0xdb, 0x20, 0xf, 0xfe, 0x29, 0x2, 0x6c, 0x0,
    0x7f, 0xf1, 0x23, 0x94, 0xc, 0x9, 0x57, 0x80,
    0xe, 0xab, 0x8c, 0x0, 0x35, 0x74, 0x15, 0x5e,
    0x0, 0x4d, 0x56, 0x90, 0xc, 0x82, 0x1a, 0xab,
    0x80, 0x25, 0x5e, 0xc0, 0xe, 0x42, 0x5a, 0xab,
    0xc0, 0x1d, 0x55, 0xcc, 0x1, 0xd3, 0xa4, 0x1,
    0x48, 0x30, 0x80, 0x7f, 0x9c, 0x8a, 0x0, 0x29,
    0x84, 0x2, 0x75, 0x0, 0x78, 0x64, 0x20, 0x2,
    0x80, 0x91, 0x4, 0x35, 0x60, 0xe, 0x81, 0x35,
    0x0, 0x39, 0x11, 0x80, 0x2e, 0x9, 0x10, 0x8,
    0xd8, 0x20, 0x0, 0x70, 0x16, 0xaf, 0x35, 0xe0,
    0xb, 0x0, 0xb8, 0x15, 0x0, 0x18, 0x0, 0x9a,
    0x86, 0x53, 0x0, 0x29, 0x81, 0x18, 0x58, 0x7,
    0x12, 0x34, 0x56, 0x77, 0xb8, 0x40, 0x17, 0xd0,
    0x80, 0x5b, 0xfb, 0x72, 0xea, 0x62, 0x14, 0x90,

    /* U+6CE1 "泡" */
    0x0, 0x19, 0x80, 0x38, 0x65, 0x40, 0x3f, 0xe1,
    0xdc, 0xb2, 0x0, 0x99, 0x92, 0x1, 0xff, 0xc,
    0x8a, 0x6a, 0x80, 0x28, 0x28, 0x3, 0xff, 0x80,
    0xfe, 0xa0, 0xe0, 0xa4, 0x11, 0xdd, 0xef, 0xe2,
    0x0, 0xc3, 0x5a, 0x41, 0x0, 0x1, 0x1f, 0x80,
    0x40, 0x3e, 0x20, 0x82, 0x1e, 0xff, 0xf8, 0x3,
    0x90, 0xc0, 0x24, 0x70, 0xb1, 0x0, 0xfe, 0x30,
    0x2b, 0xcb, 0x21, 0xa0, 0x5, 0x76, 0x66, 0xb0,
    0xf, 0x1b, 0x82, 0x6a, 0xea, 0x8, 0x9, 0x9e,
    0x50, 0xf, 0xc, 0x72, 0x92, 0x1d, 0x98, 0x67,
    0xfb, 0x80, 0x21, 0x0, 0x8, 0x4, 0x35, 0x80,
    0x1c, 0x20, 0x1e, 0x30, 0xf, 0xc2, 0x1, 0xff,
    0xc0, 0x10, 0x10, 0xf, 0x22, 0x0, 0x36, 0xff,
    0xb8, 0x2, 0x60, 0x20, 0xf, 0x45, 0xa0, 0x6,
    0x22, 0xc2, 0x9c, 0xc, 0x1, 0xc6, 0x61, 0x40,
    0xb, 0x77, 0x9e, 0xd0, 0x30, 0x3, 0xa0, 0x18,
    0x3, 0xfb, 0x11, 0x10, 0xc0, 0x18, 0xd0, 0x24,
    0x3, 0xf9, 0x2e, 0xcf, 0x4c, 0x1, 0x78, 0x30,
    0x80, 0x7f, 0xf0, 0x52, 0x40, 0x8, 0x61, 0x60,
    0x10, 0x83, 0x80, 0x7c, 0x62, 0x20, 0x7, 0x2,
    0x90, 0x4, 0xa1, 0x5d, 0xdf, 0x60, 0x30, 0x2,
    0x9e, 0x0, 0x34, 0x28, 0x8f, 0xf2, 0xc0, 0x0,

    /* U+6CE2 "波" */
    0x0, 0x98, 0x3, 0xfa, 0xf4, 0x40, 0x3f, 0x44,
    0xf3, 0x0, 0x7c, 0xa4, 0x60, 0x1f, 0xa9, 0x46,
    0x70, 0x3, 0xff, 0x8a, 0x55, 0x41, 0x51, 0xbf,
    0xbb, 0x84, 0x3e, 0xee, 0xfb, 0x40, 0xc, 0xbf,
    0x20, 0x80, 0x89, 0x0, 0x9, 0x12, 0x4, 0x70,
    0xe, 0x10, 0xd, 0x99, 0x0, 0x2b, 0x31, 0x20,
    0x26, 0x2, 0xc0, 0x1e, 0x13, 0x38, 0x41, 0xcc,
    0xdc, 0xc, 0x0, 0xd9, 0xd4, 0x0, 0xff, 0xe0,
    0xa8, 0x50, 0x2, 0x48, 0x97, 0x40, 0x10, 0x80,
    0x42, 0x1, 0xbf, 0x8, 0x0, 0xbb, 0x1, 0xa0,
    0x1b, 0xfe, 0x0, 0x6f, 0xfb, 0x7c, 0x3, 0x9f,
    0x5c, 0xc, 0x3, 0x11, 0x9e, 0x0, 0x38, 0x7,
    0x88, 0x3, 0x1b, 0x5, 0x66, 0x63, 0xe, 0x0,
    0xf1, 0x28, 0x30, 0x3d, 0x84, 0x88, 0x1, 0xc,
    0x54, 0x3, 0xd7, 0x4c, 0x40, 0x44, 0x61, 0xb0,
    0x4, 0x4, 0x80, 0x78, 0x58, 0x13, 0x83, 0x82,
    0x5, 0x5a, 0xc, 0x9c, 0x3, 0xd2, 0x8, 0x48,
    0x6, 0x3, 0x61, 0x2e, 0x1c, 0x1, 0xe1, 0x70,
    0xf1, 0x30, 0x50, 0x2, 0x80, 0x44, 0x60, 0x1e,
    0x90, 0x34, 0x70, 0x31, 0x3, 0xc0, 0x8, 0xb0,
    0xc0, 0x31, 0x38, 0x48, 0x58, 0x52, 0x56, 0x18,
    0xdd, 0x1, 0xe5, 0xa8, 0x1, 0x80, 0xd5, 0x88,
    0x56, 0xd4, 0x1b, 0xd1, 0x79, 0x41, 0x29, 0x41,
    0x37, 0xc1, 0xa6, 0x8e, 0x5b, 0x64, 0x40, 0x3,
    0x5a, 0xf0, 0xa0,

    /* U+6CE8 "注" */
    0x0, 0xff, 0xe0, 0xa0, 0x7, 0xf9, 0x39, 0xc0,
    0x3e, 0xcb, 0x70, 0xf, 0xed, 0x18, 0xe6, 0x0,
    0xe8, 0x8, 0x10, 0xf, 0xd3, 0x86, 0x32, 0x40,
    0x19, 0xc, 0x24, 0x3, 0xf8, 0xf2, 0x64, 0x67,
    0xe4, 0x46, 0x99, 0xe2, 0x0, 0xf3, 0x32, 0x73,
    0x39, 0xd2, 0xb3, 0x34, 0x80, 0x7e, 0xe3, 0x3e,
    0x0, 0x8c, 0xf8, 0x0, 0xd8, 0xa0, 0x13, 0x66,
    0x70, 0x86, 0x67, 0x40, 0x2, 0x8e, 0xb5, 0x0,
    0x3f, 0xf8, 0xb9, 0x64, 0x48, 0x0, 0xff, 0xe3,
    0x26, 0xcf, 0x0, 0x7f, 0xf2, 0x18, 0x80, 0x13,
    0xff, 0x84, 0x33, 0xfe, 0xd0, 0xf, 0x98, 0x80,
    0xc0, 0x3f, 0xc6, 0x1, 0xe1, 0x9c, 0xa, 0xff,
    0xc0, 0xb, 0xff, 0xb8, 0x3, 0xd0, 0xa, 0x1,
    0xe1, 0x7, 0x0, 0xfe, 0x36, 0x8, 0x0, 0xff,
    0xe3, 0x78, 0x29, 0x80, 0x7f, 0xf1, 0x5c, 0xc2,
    0xc0, 0x3f, 0xf8, 0xa5, 0x1, 0x2, 0x7d, 0xde,
    0x10, 0xce, 0xee, 0x30, 0x11, 0x13, 0x80, 0x4,
    0x7c, 0x1, 0x8, 0xf0, 0x0, 0xff, 0xc0, 0x3,
    0xee, 0xff, 0xe1, 0x18,

    /* U+6CFC "泼" */
    0x0, 0xff, 0xe0, 0x9, 0x0, 0x7f, 0x96, 0xc4,
    0x2, 0x45, 0x20, 0x6d, 0xa0, 0x15, 0x0, 0xf4,
    0xa7, 0xa0, 0x2, 0x29, 0x43, 0x43, 0x42, 0xa9,
    0x0, 0x1d, 0x8c, 0x36, 0xc2, 0x60, 0xa0, 0xe0,
    0x61, 0x44, 0xee, 0x0, 0xe9, 0x81, 0x46, 0x4,
    0x20, 0x20, 0x50, 0x1f, 0x11, 0x0, 0x79, 0xfc,
    0xe4, 0x30, 0xe0, 0x0, 0x46, 0x61, 0xa5, 0x20,
    0x8, 0x80, 0x2, 0xe2, 0x11, 0x8e, 0x0, 0xcc,
    0xd7, 0x9e, 0x0, 0xbd, 0x90, 0x3, 0x82, 0x24,
    0x1, 0x22, 0x7c, 0x0, 0xe1, 0x6e, 0x41, 0xfb,
    0xb4, 0x0, 0x3e, 0xef, 0xd2, 0x0, 0x5f, 0x41,
    0xf0, 0xd, 0x40, 0xc, 0xcd, 0xfc, 0xe0, 0x18,
    0x6e, 0x6c, 0x2, 0x16, 0x0, 0x19, 0xe0, 0x1e,
    0x0, 0xf3, 0x0, 0x68, 0x0, 0x7f, 0xee, 0x0,
    0x50, 0x7, 0xa9, 0x40, 0x4, 0xc0, 0x4, 0x0,
    0x98, 0xc, 0xc0, 0x1c, 0x6b, 0x42, 0x1e, 0x2,
    0x14, 0x40, 0x50, 0x1e, 0x1, 0xe9, 0x5, 0x19,
    0x21, 0xf9, 0x1c, 0x4f, 0x6, 0x30, 0xe, 0x25,
    0xe, 0x96, 0xb, 0x16, 0x71, 0xb2, 0x39, 0x0,
    0xf4, 0x1, 0x99, 0x82, 0x14, 0x1, 0x60, 0x12,
    0x0, 0x78, 0x94, 0x25, 0xca, 0x5c, 0x6, 0x70,
    0x2, 0x7c, 0x20, 0xd, 0x0, 0x4a, 0x1a, 0xc7,
    0x3c, 0xc0, 0xff, 0x84, 0x7b, 0x48, 0x0, 0xb4,
    0x80, 0xc, 0x8c, 0x9, 0xb0, 0x7, 0xac, 0xb,
    0x22, 0x3, 0x6a, 0x1, 0x9d, 0xd9, 0x64, 0x1,
    0xa7, 0x9f, 0xc4,

    /* U+6D3B "活" */
    0x0, 0xff, 0xe2, 0x8a, 0x0, 0x6a, 0xd6, 0x0,
    0xfc, 0x4b, 0x39, 0xd7, 0x20, 0x1, 0x11, 0x4e,
    0xa0, 0x34, 0xde, 0xfe, 0xd3, 0x18, 0x1f, 0x0,
    0x6, 0xec, 0x44, 0xf0, 0xf6, 0x42, 0x10, 0x4,
    0x67, 0xe3, 0x80, 0x64, 0xd8, 0xa0, 0x8b, 0xdf,
    0xe1, 0x6, 0x30, 0xf, 0xe7, 0x10, 0x14, 0x20,
    0xf, 0xfe, 0x58, 0x81, 0x80, 0x7a, 0xf5, 0x40,
    0x3, 0xff, 0xe0, 0x6, 0xff, 0xf0, 0xb9, 0x56,
    0x18, 0x80, 0x7f, 0xf0, 0x44, 0x59, 0x44, 0x74,
    0x1f, 0xfe, 0x10, 0xef, 0xfd, 0xc0, 0x5, 0xd9,
    0x90, 0x7, 0xff, 0x1d, 0x80, 0x3f, 0xf9, 0x34,
    0x0, 0x5f, 0xfc, 0x21, 0xdf, 0xf8, 0x3, 0x9d,
    0x68, 0x3, 0xff, 0x8d, 0x21, 0xc0, 0x13, 0x7f,
    0xfc, 0x1, 0xe8, 0x13, 0x40, 0xf, 0xfe, 0x21,
    0x38, 0x40, 0x7, 0xff, 0x16, 0x41, 0x10, 0x1,
    0xff, 0xc4, 0x54, 0x8, 0x0, 0xe6, 0xff, 0xf8,
    0x3, 0x60, 0x31, 0x80, 0x78, 0x47, 0xe0, 0xd,
    0x31, 0x0, 0xf, 0x37, 0x77, 0xc0, 0x1c, 0xe2,
    0x1, 0x97, 0xa4, 0x3, 0xef, 0xf0, 0x0,

    /* U+6D41 "流" */
    0x0, 0xff, 0xe0, 0x13, 0x90, 0x7, 0xf5, 0xf3,
    0x0, 0x7d, 0x51, 0x60, 0x1f, 0xc2, 0x29, 0xc1,
    0x0, 0xea, 0x6, 0x0, 0xfe, 0xab, 0x13, 0x8b,
    0xcc, 0xda, 0x0, 0xfc, 0xcd, 0x40, 0x19, 0x3d,
    0x65, 0xc, 0xf0, 0x6, 0x33, 0xce, 0x1, 0xc3,
    0x41, 0xdd, 0x50, 0x2, 0xfb, 0x8e, 0xdd, 0xcc,
    0x0, 0xfc, 0x22, 0xb, 0x9, 0x41, 0x6, 0x63,
    0x88, 0x80, 0x15, 0xf0, 0x20, 0x10, 0xe8, 0xb3,
    0x0, 0x4e, 0x2, 0x50, 0x3, 0x9f, 0xd4, 0x1f,
    0x8c, 0x1f, 0xfd, 0xdb, 0x20, 0xa, 0x10, 0x5,
    0x61, 0x8f, 0x86, 0x80, 0x62, 0x34, 0x56, 0x70,
    0x1a, 0x0, 0x8f, 0x22, 0xc2, 0x2f, 0xbf, 0xb7,
    0x2e, 0xa6, 0x38, 0xe0, 0x3, 0x9c, 0x40, 0x9f,
    0x20, 0x17, 0x54, 0x23, 0x57, 0xc, 0x3, 0xcc,
    0x0, 0x72, 0x20, 0x19, 0x18, 0x9, 0x8, 0x7,
    0xc7, 0x36, 0x1, 0x18, 0x7, 0xff, 0xe, 0x0,
    0x80, 0x40, 0x3f, 0xf8, 0x88, 0x80, 0xb0, 0x20,
    0xe0, 0xf, 0xfe, 0x14, 0x3, 0x10, 0x60, 0x18,
    0x7, 0xe1, 0x40, 0x9, 0x8c, 0x20, 0x9, 0x1,
    0x40, 0x3f, 0x1d, 0xa0, 0xc, 0x3, 0x88, 0x78,
    0x28, 0x80, 0x7f, 0x9c, 0x24, 0x45, 0x1, 0xa4,
    0x36, 0x1, 0xe1, 0x9, 0xe0, 0x10, 0x85, 0x80,
    0x4, 0x6, 0x88, 0x1, 0xbd, 0x82, 0x88, 0xcc,
    0xc4, 0x0, 0xa6, 0x0, 0x2f, 0x18, 0x7, 0xc5,
    0xbf, 0xe9, 0x0,

    /* U+6D4B "测" */
    0x0, 0xff, 0xe5, 0xc6, 0xa0, 0x0, 0x8b, 0xe1,
    0x0, 0xdf, 0x40, 0x4, 0x2b, 0xb1, 0x6e, 0xfd,
    0x0, 0xa6, 0x1, 0xd9, 0x20, 0x88, 0x4, 0x99,
    0xa0, 0x2, 0xaa, 0x0, 0x79, 0xb6, 0x1c, 0xd,
    0x91, 0xd8, 0x3, 0xff, 0x80, 0x4e, 0x1, 0xe,
    0xb0, 0x7, 0xff, 0x4e, 0x39, 0xc0, 0x3f, 0xf8,
    0xc4, 0x31, 0xa6, 0x1, 0xff, 0xc4, 0xac, 0x22,
    0x38, 0x7, 0xff, 0x14, 0xf6, 0x90, 0x3, 0xff,
    0x8e, 0xa0, 0x1f, 0xfc, 0x81, 0x0, 0xff, 0xe3,
    0x97, 0x38, 0x4, 0x60, 0x20, 0x1f, 0xfc, 0x5,
    0xe, 0x0, 0x84, 0xc, 0x3, 0xff, 0x81, 0x41,
    0xa0, 0x13, 0x3, 0x0, 0x88, 0x3, 0xf2, 0x10,
    0xa0, 0xfc, 0x70, 0x9, 0xf4, 0x7, 0xc8, 0x7,
    0x78, 0x30, 0x4, 0x88, 0x6f, 0xc1, 0x0, 0xfc,
    0x48, 0x12, 0x0, 0x3a, 0x18, 0xf0, 0xc0, 0xf,
    0xd4, 0x8, 0x21, 0x38, 0x18, 0x25, 0x45, 0x41,
    0x37, 0x80, 0x61, 0x13, 0xe0, 0x1, 0x5f, 0x20,
    0x2, 0x46, 0x0, 0xa1, 0x1c, 0x0, 0x19, 0x0,
    0x11, 0x42, 0x1, 0x9d, 0x82, 0x3f, 0xb0, 0x40,

    /* U+6D6E "浮" */
    0x0, 0x88, 0x3, 0xff, 0x82, 0x6c, 0x40, 0x15,
    0x6c, 0x88, 0x0, 0x8d, 0x19, 0xe6, 0xf7, 0xf2,
    0x7c, 0x2, 0xd0, 0x6e, 0x78, 0xdc, 0xb9, 0x86,
    0x42, 0x22, 0x3c, 0x80, 0x4f, 0xca, 0x1d, 0x6a,
    0xcf, 0x13, 0x1b, 0xfb, 0x22, 0xe0, 0x18, 0x6a,
    0xe4, 0xcc, 0xb0, 0xf7, 0x6, 0x0, 0xb6, 0xa0,
    0xf, 0x20, 0x0, 0x8d, 0x41, 0x1, 0xc0, 0x58,
    0x20, 0x0, 0x24, 0x1, 0xde, 0x12, 0x1a, 0x1a,
    0x10, 0x10, 0x20, 0xd, 0xd5, 0x10, 0x4, 0x88,
    0xb0, 0x46, 0x80, 0x13, 0x70, 0x9, 0x1, 0x76,
    0x0, 0x1c, 0xb3, 0xdc, 0x7d, 0xe7, 0x39, 0x0,
    0xa3, 0x94, 0x34, 0x0, 0x23, 0xf8, 0x0, 0x82,
    0x1, 0xd, 0x6a, 0x80, 0x3f, 0xfd, 0xa4, 0x7,
    0x82, 0x1, 0xc4, 0x1, 0xf9, 0x70, 0x9b, 0x4,
    0x3, 0xc5, 0x40, 0x1f, 0x50, 0xd4, 0x80, 0x7e,
    0xb5, 0xad, 0xde, 0xe0, 0x4, 0x6e, 0xeb, 0x0,
    0x85, 0x83, 0x88, 0xb8, 0x40, 0x4, 0x5c, 0xc0,
    0x14, 0x2, 0x23, 0xff, 0xb8, 0x1, 0xff, 0xda,
    0x0, 0x26, 0x8, 0x0, 0xf0, 0x80, 0x7f, 0xa0,
    0x10, 0xc0, 0x3f, 0xf8, 0x86, 0xa1, 0xe0, 0x1f,
    0xfc, 0x55, 0x4, 0x40, 0x6, 0x1b, 0xb6, 0x0,
    0x80, 0x7c, 0xd7, 0x0, 0x1c, 0x20, 0x86, 0x56,
    0x1, 0xf9, 0xc, 0x3, 0xd7, 0xfe, 0xd5, 0x0,
    0xf0,

    /* U+6D77 "海" */
    0x0, 0xfc, 0x46, 0x1, 0xff, 0xc0, 0x2e, 0x91,
    0x0, 0xa3, 0x18, 0x3, 0xfe, 0x70, 0x6e, 0x70,
    0x15, 0x4, 0x0, 0xff, 0x97, 0x98, 0x24, 0x64,
    0x1, 0xbf, 0xff, 0xc0, 0x1a, 0x6e, 0x81, 0xc0,
    0x4, 0x5f, 0xc6, 0x1, 0xc8, 0x8a, 0x5, 0xfd,
    0xdf, 0xec, 0x0, 0xf3, 0xa0, 0x37, 0xdd, 0xfb,
    0x7e, 0x40, 0x9, 0xce, 0x0, 0x64, 0x93, 0x4,
    0x4f, 0x10, 0x28, 0x3, 0x6, 0x34, 0x86, 0xd8,
    0x7, 0xa4, 0x2f, 0xb9, 0x60, 0xe0, 0x8, 0xc2,
    0x25, 0x80, 0x4, 0x10, 0x58, 0xe8, 0xc5, 0xc0,
    0x40, 0x23, 0xd6, 0x90, 0x2, 0x81, 0x80, 0x34,
    0x14, 0x18, 0x3, 0xe9, 0x7, 0xfb, 0x6, 0xff,
    0x70, 0xc7, 0xd0, 0x2f, 0xa0, 0x4, 0x88, 0x12,
    0x0, 0x88, 0x44, 0x45, 0x0, 0x44, 0x1, 0xbe,
    0xd7, 0x58, 0x37, 0x40, 0xbb, 0xb4, 0x4, 0x6a,
    0x0, 0x5, 0x4, 0xc0, 0x80, 0x82, 0x93, 0x0,
    0x1e, 0x2, 0x1, 0x98, 0x1c, 0x0, 0xa0, 0x12,
    0x51, 0x98, 0x8, 0xc, 0x3, 0x48, 0x50, 0x0,
    0x43, 0xfe, 0xa0, 0xcf, 0x50, 0xae, 0x0, 0x20,
    0x91, 0x81, 0x8, 0x19, 0xfc, 0x0, 0x25, 0x0,
    0x78, 0x50, 0x0, 0xbb, 0xf3, 0x3d, 0xc0, 0x3b,
    0x60, 0x28, 0xc, 0x1, 0xf9, 0x6e, 0xb0, 0x1c,
    0x2, 0x1c, 0x81, 0x0, 0xfc, 0xc8, 0xa2, 0x90,
    0x1, 0x8d, 0xc0, 0x3f, 0x8f, 0xfe, 0xb1, 0x0,
    0x80,

    /* U+6D88 "消" */
    0x0, 0x88, 0x3, 0xf9, 0xe0, 0x40, 0x3f, 0x3e,
    0xd0, 0x80, 0x16, 0x80, 0x29, 0x72, 0x0, 0x26,
    0x30, 0x4, 0x22, 0x5f, 0x40, 0x95, 0x70, 0xf,
    0xbc, 0xf0, 0x2, 0x6f, 0x41, 0x90, 0xe0, 0x81,
    0x0, 0xe3, 0x40, 0x80, 0xc, 0x37, 0x1e, 0x4,
    0xa1, 0x20, 0x1d, 0xe0, 0xe4, 0x1, 0xe7, 0x20,
    0x4, 0x96, 0x0, 0x61, 0x43, 0x80, 0xc, 0x80,
    0x1c, 0x4f, 0x20, 0x82, 0x16, 0xb8, 0xa8, 0x1,
    0x4d, 0xd8, 0x80, 0x25, 0xbb, 0xc0, 0x7, 0xbb,
    0x35, 0x88, 0x3, 0xc5, 0x35, 0x80, 0x31, 0x2a,
    0xfc, 0x1, 0xcd, 0xe8, 0x14, 0x1, 0x92, 0xab,
    0xe0, 0xf, 0xd, 0xc7, 0x0, 0x62, 0x2f, 0xc0,
    0x1f, 0x9c, 0x80, 0x32, 0x6e, 0xfc, 0x1, 0xfc,
    0x80, 0x1c, 0xab, 0xf0, 0x7, 0xe2, 0xba, 0x0,
    0x9a, 0xab, 0xe0, 0xf, 0xd6, 0x1a, 0x1, 0x35,
    0xdf, 0xc0, 0x1f, 0x13, 0x3, 0x0, 0x64, 0x4f,
    0x80, 0x3e, 0x80, 0x61, 0x0, 0x9b, 0xff, 0xe0,
    0xf, 0x1a, 0x85, 0x80, 0x7f, 0xf1, 0xbc, 0x14,
    0x80, 0x3f, 0xf8, 0xa4, 0x61, 0x0, 0x1f, 0xc3,
    0xff, 0x0, 0x4, 0x0, 0x5b, 0x4, 0x1, 0xfc,
    0x2a, 0x22, 0x4b, 0x0, 0x0,

    /* U+6D89 "涉" */
    0x0, 0x84, 0x3, 0xf9, 0xe0, 0x80, 0x3f, 0x4f,
    0x48, 0x80, 0x7d, 0x4e, 0xc0, 0x1f, 0x84, 0x1b,
    0x94, 0x0, 0xee, 0x0, 0xff, 0xe0, 0xc7, 0x20,
    0x60, 0x2, 0x20, 0x1, 0xaf, 0xff, 0x18, 0x6,
    0x1b, 0x99, 0x0, 0x7f, 0x19, 0xe1, 0x0, 0xf3,
    0x0, 0x7f, 0x5e, 0x66, 0x20, 0x1, 0x18, 0x7,
    0xff, 0x23, 0xf2, 0xcc, 0x1, 0xfe, 0x0, 0x7f,
    0x88, 0x2f, 0xff, 0x88, 0x28, 0x53, 0x1c, 0x4,
    0x78, 0x3, 0x8, 0xf0, 0x1, 0xfd, 0x80, 0xc3,
    0xbb, 0xc0, 0xe, 0xef, 0x10, 0x0, 0x67, 0x50,
    0x2, 0x9d, 0x40, 0xf, 0x43, 0x8, 0x7, 0x10,
    0x6, 0x72, 0x60, 0xe, 0x27, 0x93, 0x0, 0xe4,
    0x30, 0x2, 0x89, 0x90, 0x7, 0x50, 0x19, 0x0,
    0x74, 0xe1, 0x84, 0x4, 0x80, 0x71, 0x38, 0x48,
    0x7, 0x21, 0x9, 0xa1, 0x1a, 0x80, 0x63, 0xe0,
    0x35, 0x0, 0xe8, 0x6, 0x4, 0xcf, 0x0, 0xe,
    0x5f, 0x18, 0x70, 0x7, 0x21, 0x84, 0x80, 0xc,
    0xc0, 0x13, 0xc9, 0x85, 0x90, 0x7, 0x40, 0x30,
    0x80, 0x72, 0x5d, 0x88, 0x71, 0x0, 0x39, 0xc,
    0x2c, 0x0, 0x4d, 0x3d, 0x68, 0xd, 0xe6, 0x1,
    0xe2, 0x6, 0x20, 0x7, 0xcb, 0x8, 0x9b, 0x64,
    0x40, 0x3e, 0x6c, 0x80, 0xa, 0xd, 0xef, 0xa4,
    0x80, 0x3f, 0x0,

    /* U+6DF1 "深" */
    0x0, 0x19, 0x80, 0x3f, 0xf8, 0xc3, 0xb9, 0x42,
    0x11, 0x55, 0xff, 0xc0, 0x10, 0x19, 0x5, 0xe2,
    0x55, 0xff, 0xe0, 0x98, 0x1, 0xf9, 0xc, 0x80,
    0x1b, 0xbf, 0xc6, 0x1, 0xc3, 0x7a, 0x1, 0x11,
    0xd0, 0x91, 0x15, 0x88, 0x3, 0xf0, 0x85, 0x38,
    0x53, 0xc8, 0x1c, 0x59, 0xcc, 0x18, 0x10, 0x80,
    0x67, 0x88, 0x20, 0xd8, 0x1d, 0x86, 0xbb, 0x84,
    0x3f, 0xa0, 0x3, 0x4b, 0x86, 0x88, 0x1, 0x20,
    0x7c, 0x40, 0xa, 0xf, 0xc6, 0x16, 0xc1, 0x66,
    0x6, 0x60, 0x75, 0x2b, 0x0, 0x46, 0x98, 0xb8,
    0x79, 0x62, 0x1, 0x66, 0x80, 0x2c, 0xe4, 0x2,
    0x2c, 0xa4, 0x4, 0xd3, 0x0, 0xf8, 0x70, 0xc0,
    0x39, 0x40, 0x1b, 0xdd, 0xb4, 0x7, 0xbb, 0x88,
    0x3, 0x31, 0x81, 0x88, 0xe0, 0x8, 0x47, 0xc0,
    0x1a, 0xf4, 0x3b, 0xfe, 0x40, 0xd, 0x5f, 0xf1,
    0x80, 0x4a, 0x48, 0x1, 0x9d, 0x4, 0x2, 0xb1,
    0x0, 0xf4, 0x4, 0x80, 0x4d, 0x1, 0x40, 0x30,
    0x3a, 0x1, 0xca, 0x46, 0x60, 0x3, 0x48, 0x53,
    0x0, 0x1c, 0xcd, 0x40, 0x1a, 0x2, 0x40, 0x66,
    0x41, 0x2a, 0x1, 0xb8, 0x56, 0xc4, 0x14, 0x88,
    0xa1, 0x8c, 0x14, 0xc0, 0x1c, 0x5a, 0x9, 0x21,
    0xa1, 0x60, 0xe, 0x3c, 0x50, 0xf, 0x8f, 0x16,
    0x2, 0x20, 0xc0, 0x3, 0xc3, 0x0, 0xfe, 0x3a,
    0x0,

    /* U+6E05 "清" */
    0x0, 0xff, 0xe0, 0x14, 0xb8, 0x7, 0xf3, 0x73,
    0x0, 0x7c, 0xed, 0x60, 0x1f, 0xde, 0x33, 0x85,
    0x7f, 0xfa, 0x80, 0xff, 0xf9, 0x40, 0x29, 0xb1,
    0x37, 0xd6, 0x6c, 0x20, 0x6, 0x6f, 0x0, 0x64,
    0xf9, 0x56, 0xaa, 0xcc, 0x0, 0xaa, 0xd6, 0x60,
    0x1c, 0x2c, 0x5, 0x99, 0x9c, 0x1, 0x99, 0xb8,
    0x3, 0x18, 0x6, 0x2c, 0xcc, 0xe0, 0xc, 0xcd,
    0xc0, 0x15, 0x65, 0x8, 0x24, 0x5d, 0xe4, 0x0,
    0x5d, 0xea, 0x81, 0xf, 0x15, 0xe5, 0xd7, 0x7e,
    0x30, 0x3, 0xbf, 0x88, 0x17, 0x98, 0x1, 0x3f,
    0xff, 0xfc, 0x23, 0x0, 0xa7, 0x14, 0x7, 0xff,
    0xfe, 0x20, 0xf, 0x18, 0x6, 0x16, 0x6f, 0x80,
    0x2, 0x1, 0xe3, 0x70, 0x8, 0xe6, 0x7e, 0x30,
    0xf, 0xd3, 0xc, 0x0, 0x2f, 0xff, 0x8c, 0x3,
    0xe1, 0x50, 0x40, 0x9, 0xdf, 0xe0, 0xf, 0xd2,
    0x6, 0x40, 0x2, 0x88, 0xf8, 0x80, 0x3e, 0x60,
    0x90, 0x8, 0xbf, 0xfe, 0x20, 0xf, 0x30, 0x89,
    0x40, 0x33, 0xbf, 0xc0, 0x1f, 0x40, 0x48, 0x6,
    0x28, 0x8f, 0x8c, 0x4, 0x2, 0x20, 0x3, 0x0,
    0x7f, 0x16, 0x60, 0xc0, 0xc0, 0x22, 0xfa, 0x10,
    0xf, 0xe2, 0x13, 0x28, 0x10, 0x0,

    /* U+6E10 "渐" */
    0x0, 0x88, 0x3, 0x23, 0x8, 0x7, 0xe2, 0x0,
    0xd3, 0xb2, 0x20, 0xd, 0x95, 0x0, 0xe2, 0x6c,
    0xd6, 0x0, 0x84, 0x1b, 0xd0, 0x8, 0x18, 0x2,
    0xef, 0xd9, 0x30, 0xf0, 0xa, 0x34, 0xc6, 0x3d,
    0x3, 0x7f, 0xd2, 0x20, 0x6f, 0x7f, 0x20, 0x18,
    0xb2, 0xe8, 0x40, 0x2, 0x38, 0x83, 0x21, 0x0,
    0x3f, 0x23, 0x68, 0x3f, 0x75, 0x0, 0x1f, 0xe1,
    0x0, 0xca, 0x1a, 0x84, 0x1, 0xff, 0x3f, 0x48,
    0x80, 0x30, 0x1a, 0xe4, 0x3, 0x55, 0x72, 0x7,
    0x83, 0x73, 0x82, 0x18, 0x80, 0x79, 0x57, 0x88,
    0x23, 0x50, 0x8, 0xc5, 0x0, 0xe, 0x1, 0xae,
    0xc0, 0xb, 0x70, 0x1, 0x5d, 0x97, 0xc1, 0xf4,
    0xf, 0xe0, 0x0, 0x88, 0x2, 0x41, 0x0, 0xc8,
    0x8, 0x4, 0x1, 0x17, 0x80, 0x7f, 0xf0, 0x4,
    0x23, 0xf7, 0x40, 0x9a, 0xe6, 0x20, 0x1f, 0xef,
    0x90, 0xf, 0x9, 0x89, 0x80, 0x7f, 0x28, 0xa8,
    0x0, 0xe8, 0x13, 0xbc, 0x4, 0x3, 0xfb, 0x82,
    0xa7, 0xf1, 0xc0, 0x8, 0xa0, 0xc0, 0x1f, 0x89,
    0x1, 0x80, 0x6, 0xa0, 0x97, 0x81, 0xa0, 0x1f,
    0xac, 0x18, 0x23, 0xf2, 0x0, 0x2c, 0x3, 0x0,
    0xf8, 0x58, 0x28, 0x4, 0x3, 0xc8, 0x8, 0x1,
    0xf3, 0x1, 0x98, 0x3, 0xe3, 0x25, 0x0, 0xfc,
    0xf5, 0x20, 0x1f, 0x8d, 0x64, 0x3, 0xf9, 0x54,
    0x1, 0xc5, 0xf6, 0x14, 0x60, 0x17, 0xe8, 0x0,

    /* U+6E29 "温" */
    0x0, 0x88, 0x3, 0xff, 0x90, 0x7b, 0xa5, 0x0,
    0x2d, 0xdf, 0xf8, 0xc0, 0x33, 0x91, 0x2b, 0x8,
    0x88, 0x9f, 0xe6, 0x0, 0xc9, 0xb2, 0x26, 0x60,
    0x4, 0x7f, 0xf9, 0x40, 0x3f, 0x37, 0xd0, 0x80,
    0x7f, 0xf1, 0xc5, 0x40, 0x28, 0xff, 0xf2, 0x80,
    0x78, 0x40, 0x3e, 0x37, 0x7f, 0x10, 0x7, 0x47,
    0x51, 0x0, 0x75, 0xc4, 0x79, 0xc0, 0x3b, 0x85,
    0x76, 0x0, 0x34, 0xe6, 0x79, 0x0, 0x39, 0xba,
    0x0, 0xc0, 0x30, 0x99, 0xf8, 0x40, 0x3e, 0x7d,
    0xa0, 0x3, 0xff, 0xff, 0x94, 0x3, 0xc4, 0x20,
    0x53, 0x3f, 0xfc, 0x0, 0xf, 0xb0, 0x85, 0x9b,
    0xff, 0x80, 0x20, 0x1c, 0xe7, 0x20, 0x4, 0xd5,
    0xd, 0xc0, 0x6d, 0x10, 0xf, 0xa4, 0x20, 0x0,
    0x24, 0x60, 0x44, 0x1, 0x20, 0xf, 0xa0, 0x4c,
    0xc0, 0x1f, 0xfc, 0x51, 0x70, 0xf0, 0xf, 0xfe,
    0x35, 0x82, 0x18, 0x7, 0xff, 0x14, 0xd4, 0x20,
    0x37, 0x1, 0x75, 0x83, 0x7c, 0x1f, 0x44, 0x3d,
    0x80, 0x91, 0x4c, 0x8, 0x2, 0x20, 0x1, 0x8,
    0x0, 0x80, 0x2, 0x20, 0x1b, 0xa0, 0x7, 0xff,
    0xff, 0xd, 0xc0,

    /* U+6E32 "渲" */
    0x0, 0xff, 0xe0, 0xa, 0x18, 0x7, 0xf4, 0x59,
    0x0, 0x7d, 0x37, 0xe0, 0x1f, 0x85, 0x53, 0x60,
    0x3, 0xd8, 0x6, 0x40, 0x1f, 0xe, 0xb8, 0x3b,
    0xbf, 0xfa, 0xc0, 0x1b, 0xff, 0xa8, 0x3, 0x46,
    0x33, 0x80, 0x11, 0x3f, 0x8c, 0x3, 0xe3, 0x90,
    0x0, 0xdd, 0xff, 0x78, 0x6, 0x10, 0xe, 0x10,
    0xff, 0xff, 0x9, 0x0, 0xe7, 0x38, 0x5, 0xde,
    0x89, 0xfd, 0x5d, 0x0, 0x4, 0x18, 0xd4, 0x0,
    0xd, 0xdf, 0xf3, 0x0, 0x43, 0x38, 0x44, 0x10,
    0x4, 0xff, 0xff, 0x80, 0x38, 0xf6, 0xd4, 0x3,
    0x23, 0x37, 0x80, 0x2, 0x1, 0xe4, 0x0, 0xef,
    0x99, 0xf0, 0x80, 0x7e, 0x15, 0x0, 0xdd, 0x11,
    0xe1, 0x0, 0xfd, 0x35, 0x0, 0x12, 0xbb, 0xf8,
    0x3, 0xf9, 0x83, 0x40, 0x2b, 0xff, 0xf0, 0x80,
    0x7c, 0xc2, 0x25, 0x0, 0xba, 0x23, 0xc2, 0x1,
    0xf4, 0x4, 0x80, 0x65, 0x77, 0xf0, 0x7, 0xce,
    0x22, 0x70, 0x4, 0xff, 0xff, 0x84, 0x3, 0x48,
    0x30, 0x7, 0xff, 0x19, 0xc4, 0x52, 0x15, 0xdd,
    0xff, 0xc2, 0x10, 0x76, 0x91, 0x1, 0x1f, 0xfe,
    0x18, 0x5, 0x2e, 0x0, 0xbf, 0xff, 0xfe, 0x10,
    0x80,

    /* U+6E56 "湖" */
    0x0, 0x8, 0x7, 0xff, 0x23, 0x79, 0x80, 0x26,
    0xf7, 0x0, 0xaf, 0xf3, 0x1f, 0xe8, 0x0, 0x28,
    0xcd, 0x80, 0x6f, 0x0, 0x94, 0xc, 0xc0, 0x2,
    0x0, 0x4e, 0x10, 0x7, 0xfd, 0xdc, 0xa0, 0xe,
    0x3d, 0x93, 0x36, 0x2, 0x19, 0x84, 0x0, 0x22,
    0x60, 0xf, 0x93, 0x30, 0xa0, 0x79, 0x87, 0x0,
    0xfc, 0x6c, 0x0, 0x56, 0x60, 0x4, 0xcc, 0x50,
    0x6, 0x64, 0x1, 0x74, 0xf2, 0x9c, 0xcc, 0xf,
    0x32, 0x30, 0x1, 0x98, 0x3, 0x41, 0xd, 0x20,
    0x7, 0xfb, 0xb9, 0x60, 0x12, 0xeb, 0x1a, 0x0,
    0x7f, 0x84, 0x4e, 0x1, 0xd3, 0x80, 0xbb, 0x60,
    0xee, 0x50, 0x0, 0x80, 0x7f, 0xd2, 0x44, 0x0,
    0x44, 0x80, 0x88, 0x0, 0xe0, 0x1e, 0x30, 0xa,
    0xaa, 0x0, 0xef, 0xf5, 0x80, 0x71, 0xe3, 0x0,
    0x15, 0x48, 0x0, 0x10, 0x1, 0x10, 0x3, 0xd4,
    0x2, 0x1, 0xf1, 0x2, 0xee, 0xb0, 0x3, 0x9c,
    0x14, 0x3, 0xe5, 0x2, 0x0, 0xf9, 0x84, 0xc8,
    0x1, 0xfe, 0xe0, 0x6, 0x6, 0x80, 0x7d, 0x41,
    0x40, 0x11, 0x16, 0x75, 0x4, 0x0, 0xf1, 0x98,
    0x1c, 0x2, 0xdd, 0xc6, 0x8, 0x20, 0x1e, 0x90,
    0x51, 0xa, 0x70, 0x8, 0xdc, 0x20, 0x23, 0x38,
    0xc, 0x2d, 0xa4, 0x0, 0xd0, 0x1, 0x12, 0x29,
    0x86, 0x99, 0x92, 0xc0, 0x64, 0xc0, 0x3e, 0x1b,
    0xa0, 0x2, 0xff, 0x59, 0x0,

    /* U+6E90 "源" */
    0x0, 0xa, 0x0, 0x7f, 0xf2, 0x32, 0xec, 0x40,
    0xdf, 0xeb, 0xbf, 0xf5, 0x0, 0x50, 0x29, 0xab,
    0x80, 0x4, 0x4f, 0xf2, 0x80, 0x4b, 0xe8, 0xe,
    0x0, 0x6c, 0xcc, 0x6d, 0x79, 0x98, 0x3, 0xd,
    0xe9, 0x0, 0x3c, 0xce, 0x3, 0x65, 0x33, 0xc0,
    0x1e, 0x20, 0xc, 0xae, 0xec, 0x0, 0x33, 0xbc,
    0x1, 0x12, 0x0, 0x7d, 0x31, 0x0, 0xa, 0x23,
    0x8, 0x3, 0xee, 0xc4, 0x1, 0xf7, 0x7f, 0xf1,
    0x0, 0x6b, 0x4, 0xd4, 0x0, 0x8c, 0x0, 0xa6,
    0x7e, 0x0, 0xcd, 0xc8, 0x2a, 0x2, 0x1, 0xaf,
    0x33, 0x84, 0x3, 0x86, 0xf0, 0x40, 0x21, 0x0,
    0x55, 0xdf, 0x8, 0x7, 0xc4, 0x0, 0x60, 0x70,
    0x2, 0x27, 0x8c, 0x3, 0xe3, 0x0, 0x10, 0x10,
    0x3, 0xfb, 0x9f, 0xdc, 0x20, 0xf, 0xe, 0x58,
    0x4, 0x28, 0xa8, 0x81, 0x2, 0x45, 0x50, 0x80,
    0x66, 0x0, 0x18, 0x10, 0x45, 0xd5, 0x4, 0x36,
    0xba, 0x80, 0x3a, 0x83, 0x90, 0x10, 0x1f, 0x9c,
    0x3, 0x55, 0xc0, 0x6, 0x52, 0x15, 0xc0, 0xf0,
    0x90, 0x60, 0xd, 0x0, 0xe4, 0x1, 0x48, 0x48,
    0xa0, 0x3c, 0xb, 0x88, 0x6, 0x25, 0x9, 0x0,
    0x21, 0x83, 0x48, 0x21, 0xb8, 0xc0, 0x7, 0xa0,
    0x10, 0xc3, 0x81, 0x8d, 0xc3, 0xca, 0x75, 0x2e,
    0xc2, 0x2, 0x5, 0x3a, 0x61, 0x51, 0x65, 0x2a,
    0x80, 0xc6, 0xa8, 0x81, 0x70, 0x9, 0x88, 0x2,
    0x72, 0x6, 0xa0, 0xc, 0x3f, 0xee, 0x80, 0xf,
    0x0,

    /* U+6ED1 "滑" */
    0x0, 0xff, 0xe6, 0x46, 0xa0, 0x5, 0x17, 0x7f,
    0xd0, 0x1, 0xc2, 0x57, 0x20, 0x4, 0x4f, 0xf1,
    0x80, 0x74, 0xd8, 0xb5, 0x80, 0x5d, 0xff, 0xd8,
    0x1, 0xf9, 0x3d, 0x24, 0x2, 0xef, 0xfa, 0x40,
    0x3f, 0xe1, 0xb2, 0x0, 0xa2, 0x64, 0x6, 0x1,
    0xff, 0xc5, 0x66, 0x38, 0x7, 0xfa, 0xf5, 0x0,
    0x17, 0xa6, 0x1d, 0xbc, 0xb, 0xb8, 0x9, 0xba,
    0x1, 0x72, 0xba, 0x16, 0x23, 0x38, 0x4c, 0x48,
    0x4c, 0xe2, 0x20, 0xe, 0x48, 0xaa, 0x0, 0x37,
    0x33, 0x76, 0xe6, 0x60, 0xe, 0x6f, 0x95, 0x0,
    0x77, 0xff, 0xf6, 0x0, 0x78, 0x58, 0x37, 0x84,
    0x15, 0x7c, 0x60, 0x3f, 0xc0, 0x1c, 0x46, 0x2,
    0x0, 0xaa, 0xf7, 0x0, 0x42, 0x1, 0xd1, 0x88,
    0x1, 0x7f, 0xfb, 0x40, 0x3f, 0xa, 0x83, 0x0,
    0x4e, 0xfe, 0x50, 0xf, 0xd0, 0x8, 0x40, 0x15,
    0x57, 0xb8, 0x3, 0xe1, 0x60, 0xf0, 0xd, 0xbb,
    0xeb, 0x0, 0xfa, 0x0, 0xd0, 0x3, 0x55, 0x7a,
    0x0, 0x3c, 0x4c, 0x10, 0x1, 0xca, 0xbf, 0x0,
    0x79, 0x84, 0xd0, 0x3, 0xfa, 0x26, 0x40, 0x20,
    0x19, 0x3f, 0xc0, 0x1f, 0xf3, 0x21, 0x40, 0x7,
    0x9, 0x80, 0x6e, 0xf0, 0xd, 0x1f, 0xed, 0x40,
    0x8,

    /* U+6EDA "滚" */
    0x0, 0xff, 0xe0, 0x3d, 0x88, 0x7, 0xf4, 0xe9,
    0x80, 0x7d, 0x48, 0xc0, 0x1f, 0xdc, 0x58, 0xa7,
    0x99, 0xc4, 0x11, 0x99, 0xd6, 0x1, 0x3d, 0x5,
    0x59, 0x9f, 0x0, 0x46, 0x7c, 0xa0, 0x19, 0x6d,
    0x63, 0xfd, 0x63, 0x1f, 0xf4, 0x85, 0x7f, 0xb8,
    0x3, 0x92, 0x80, 0xb, 0x62, 0x80, 0x10, 0x85,
    0x48, 0x7, 0x10, 0x4, 0x33, 0x43, 0x8f, 0xf2,
    0xf, 0x82, 0xda, 0x40, 0xb, 0xd6, 0x0, 0x7b,
    0xe, 0xd, 0x7, 0x82, 0x1f, 0x99, 0x60, 0x3,
    0x82, 0x68, 0x25, 0x78, 0x30, 0x65, 0xa2, 0xe0,
    0x71, 0x58, 0x0, 0xba, 0x2a, 0xcf, 0x47, 0x83,
    0x2c, 0x38, 0xf, 0x1, 0x50, 0x1, 0x17, 0xc3,
    0x4, 0x60, 0x84, 0x7f, 0x58, 0x1, 0xdc, 0x1,
    0xe1, 0x70, 0x2, 0x0, 0x4, 0x40, 0x15, 0xd0,
    0x50, 0x7, 0xca, 0x41, 0xf9, 0xf2, 0x4, 0x40,
    0x65, 0xcc, 0x10, 0x7, 0xaf, 0x44, 0xcd, 0x30,
    0x3f, 0x61, 0x0, 0x5b, 0xa6, 0x0, 0xca, 0x26,
    0x29, 0xac, 0x1a, 0x4c, 0x4b, 0x5e, 0x68, 0xe0,
    0x1a, 0x41, 0xb2, 0xc8, 0x0, 0x60, 0x9, 0x5,
    0x19, 0xb1, 0x0, 0x8c, 0xc3, 0x26, 0x6b, 0x30,
    0xc, 0x8a, 0x0, 0x40, 0xe, 0x90, 0x63, 0xec,
    0x40, 0x0, 0x9b, 0xad, 0x18, 0x6b, 0x0, 0x44,
    0xa1, 0x20, 0x20, 0x46, 0x1d, 0x91, 0x81, 0x88,
    0x13, 0xa6, 0xc, 0x2a, 0x20, 0x15, 0x80, 0x9,
    0xae, 0x40, 0x17, 0x22, 0x23, 0x4, 0xeb, 0x0,
    0xd0, 0xbb, 0xa9, 0x40, 0xc, 0xdd, 0xa0,

    /* U+6EE1 "满" */
    0x0, 0xff, 0x3c, 0x0, 0x49, 0x4, 0x1, 0xe4,
    0xc3, 0x0, 0xe8, 0x70, 0xb, 0x5d, 0x80, 0x3d,
    0xe7, 0x8e, 0xbb, 0xb0, 0x3, 0x76, 0x60, 0xbd,
    0xd5, 0x0, 0x57, 0x1, 0x1c, 0x45, 0x0, 0x8,
    0xa0, 0x8, 0x88, 0xc0, 0x19, 0xed, 0xef, 0xfe,
    0x0, 0x7f, 0xcc, 0x17, 0xfe, 0xc0, 0xe, 0x48,
    0x0, 0xd1, 0x0, 0xb, 0x61, 0x80, 0x3f, 0xd1,
    0xff, 0x44, 0x3f, 0xeb, 0x8d, 0xff, 0x80, 0x11,
    0xaa, 0x0, 0xf3, 0x3c, 0x0, 0x33, 0x0, 0xc,
    0xf0, 0x0, 0x89, 0x56, 0x2f, 0x99, 0x84, 0xf3,
    0x0, 0xb9, 0x98, 0x1, 0x58, 0x4a, 0x61, 0x77,
    0x84, 0xee, 0xc0, 0xb7, 0xf6, 0x60, 0x11, 0xee,
    0x10, 0xa2, 0x60, 0x2, 0x20, 0x0, 0x80, 0x8e,
    0x1, 0xc4, 0x1, 0xf, 0x68, 0x27, 0x60, 0x37,
    0x18, 0x7, 0xcc, 0xa0, 0x10, 0x80, 0x4, 0x4e,
    0x2, 0x26, 0x0, 0xfa, 0xe9, 0x0, 0x24, 0x5,
    0x22, 0x3, 0x80, 0x7e, 0x42, 0x14, 0x0, 0xb0,
    0x1, 0xfa, 0x0, 0x70, 0xf, 0xa0, 0x18, 0x2,
    0x25, 0x39, 0x44, 0x19, 0xa4, 0x3, 0xc8, 0x61,
    0x20, 0x17, 0x4, 0xb0, 0x2, 0x60, 0xc4, 0x3,
    0xa0, 0x18, 0x40, 0x29, 0x55, 0xb, 0x92, 0xa6,
    0x8, 0x6, 0x53, 0xb, 0x0, 0xcb, 0x40, 0x3f,
    0xe0, 0x0, 0x80, 0x7c, 0xa4, 0x1, 0xf8, 0x48,
    0x11, 0x9c, 0x3, 0x2e, 0x40, 0x7, 0xff, 0x0,
    0xa4, 0xd5, 0x0,

    /* U+706B "火" */
    0x0, 0xfe, 0x15, 0x50, 0x7, 0xff, 0x1c, 0xaa,
    0x82, 0x1, 0xff, 0xf2, 0x70, 0x0, 0x80, 0x7f,
    0xf0, 0x73, 0x4c, 0x3, 0xfc, 0x9d, 0x22, 0x1,
    0x84, 0xc8, 0x40, 0x2, 0x2, 0x1, 0xda, 0x28,
    0x20, 0x19, 0xc0, 0x48, 0x0, 0x60, 0x60, 0x1c,
    0xc1, 0x60, 0x1d, 0x60, 0xc0, 0x17, 0x0, 0x80,
    0x67, 0x1, 0x60, 0xc, 0xa4, 0x14, 0x1, 0x20,
    0x18, 0x6, 0x90, 0x80, 0xc, 0x36, 0xa, 0x40,
    0x11, 0x0, 0xc, 0x0, 0xc2, 0x4c, 0x1, 0x86,
    0xce, 0xc0, 0x23, 0x10, 0x5, 0x0, 0x15, 0x52,
    0x1, 0xe5, 0xc1, 0x0, 0xa8, 0x4, 0x18, 0x40,
    0xe9, 0x0, 0x3f, 0xe1, 0x60, 0x85, 0x8, 0x0,
    0xff, 0xe1, 0xd0, 0xb, 0x40, 0x32, 0x80, 0x7f,
    0xf0, 0x5d, 0x2, 0xc0, 0x9c, 0x28, 0xc0, 0x3f,
    0xe7, 0x80, 0x55, 0x0, 0x20, 0xc3, 0x14, 0x3,
    0xf0, 0xd4, 0x2, 0x50, 0x6, 0xc3, 0xa, 0xb2,
    0x0, 0xc3, 0x1c, 0xa0, 0xd6, 0x1, 0xec, 0x50,
    0x4d, 0xc7, 0x0, 0x5b, 0x80, 0xd4, 0x80, 0x7e,
    0xab, 0x30, 0x3d, 0x0, 0x52, 0xcf, 0x28, 0x7,
    0xf9, 0x33, 0xf, 0x60,

    /* U+706F "灯" */
    0x0, 0xc2, 0xca, 0x1, 0xff, 0xc7, 0x29, 0x80,
    0xf, 0xfe, 0x62, 0xf7, 0x7f, 0xc0, 0x1f, 0xe3,
    0x11, 0xff, 0x80, 0x3f, 0x8d, 0xf7, 0x78, 0x0,
    0xfb, 0xb0, 0x0, 0x7d, 0x80, 0x36, 0x41, 0x17,
    0x83, 0x48, 0xa0, 0x1, 0x80, 0x72, 0x6, 0x80,
    0x7f, 0xf0, 0x58, 0xc, 0x0, 0x38, 0x28, 0x1,
    0xff, 0xc1, 0x30, 0x60, 0x9, 0x5c, 0x3, 0xff,
    0x85, 0xa0, 0x6e, 0xe, 0x96, 0x1, 0xff, 0xc2,
    0x63, 0x0, 0xd2, 0x40, 0x1f, 0xfc, 0x2c, 0xd0,
    0x20, 0x10, 0xf, 0xfe, 0x28, 0x87, 0x1, 0x80,
    0x7f, 0xf1, 0xcc, 0x18, 0x40, 0x3f, 0xf8, 0xc8,
    0x0, 0xd0, 0xf, 0xfe, 0x2a, 0x80, 0xb1, 0xd8,
    0x7, 0xff, 0x12, 0x41, 0xa4, 0xd2, 0x0, 0x3f,
    0xf8, 0x4a, 0x61, 0x21, 0xc3, 0x60, 0x1f, 0xfc,
    0x12, 0xb0, 0x71, 0x2, 0xf3, 0x2, 0x2c, 0x60,
    0x1f, 0x78, 0x94, 0x0, 0x42, 0x0, 0xed, 0xd8,
    0x41, 0xc0, 0x3b, 0x8b, 0x0, 0x3e, 0xa0, 0x8,
    0xa4, 0x80, 0x38, 0xf4, 0x40, 0x3e, 0x6f, 0xfb,
    0x58, 0x3, 0x80,

    /* U+7070 "灰" */
    0x0, 0xf4, 0x40, 0x80, 0x3f, 0xf8, 0xce, 0xe1,
    0x0, 0xff, 0xe2, 0x88, 0x0, 0x40, 0x3f, 0xf8,
    0x3b, 0xff, 0x70, 0x3, 0x7f, 0xff, 0xe2, 0x0,
    0xff, 0xe5, 0x6f, 0xfd, 0x0, 0x7f, 0xff, 0xfc,
    0x2, 0x0, 0xee, 0x5, 0x0, 0xd3, 0xf0, 0x1,
    0xff, 0x28, 0x78, 0x6, 0x30, 0xf0, 0xf, 0xf8,
    0xc1, 0x41, 0x40, 0x2, 0x2, 0x0, 0x64, 0x0,
    0xf1, 0x80, 0xd, 0x2a, 0x41, 0xc0, 0xc0, 0x11,
    0x64, 0x1, 0xd6, 0x8, 0x18, 0x18, 0x4, 0x2,
    0xe, 0x2a, 0x40, 0x1c, 0xa1, 0xa0, 0xa0, 0x80,
    0x20, 0xe3, 0x21, 0x0, 0x1c, 0x64, 0xe, 0x84,
    0x62, 0x60, 0x4, 0x20, 0x72, 0x0, 0xe8, 0x4,
    0x14, 0x98, 0x4, 0x0, 0x49, 0xf4, 0x0, 0x72,
    0xa0, 0x40, 0x1, 0x90, 0x28, 0x0, 0x32, 0x1,
    0xe1, 0xb0, 0x43, 0x0, 0xcc, 0x43, 0xa2, 0xc8,
    0x1, 0xd8, 0x21, 0x20, 0x18, 0xe4, 0x24, 0xac,
    0x2c, 0xc0, 0x21, 0x0, 0x51, 0x0, 0x49, 0x80,
    0x6e, 0xa, 0xc1, 0xa8, 0x0, 0x1c, 0x95, 0x0,
    0x15, 0x58, 0x1e, 0x80, 0x52, 0xa3, 0x72, 0x20,
    0x2c, 0x0, 0x1c, 0x50, 0x7c, 0x10, 0xd, 0x4e,
    0xc, 0xa0, 0x1c, 0x34, 0xbb, 0x0, 0x1f, 0x46,
    0x4a, 0x0,

    /* U+7075 "灵" */
    0x0, 0xb7, 0x7f, 0xf8, 0x74, 0x1, 0xc2, 0x45,
    0xff, 0xc3, 0x70, 0xe, 0x1f, 0xff, 0xfe, 0xe,
    0x0, 0x7f, 0x3b, 0xff, 0xf0, 0x24, 0x3, 0xf0,
    0xc4, 0x7f, 0xf0, 0x14, 0x3, 0xf0, 0xff, 0xff,
    0xf0, 0x30, 0x3, 0xf1, 0x17, 0xff, 0x5, 0x80,
    0x3e, 0x1d, 0xdf, 0xfe, 0xd, 0x0, 0x7c, 0x28,
    0x9f, 0xfc, 0x40, 0xf, 0x5d, 0xfc, 0xed, 0x17,
    0x7d, 0x20, 0x1f, 0x33, 0x0, 0x31, 0x90, 0x80,
    0x67, 0x40, 0xf, 0xa2, 0x48, 0x0, 0x60, 0x2,
    0x0, 0x86, 0x2c, 0x80, 0x39, 0xc5, 0x8, 0x0,
    0xa0, 0x3, 0x0, 0xac, 0x18, 0x80, 0x31, 0x40,
    0x78, 0x5, 0x40, 0x8, 0x0, 0x1a, 0x8c, 0x0,
    0x73, 0xa, 0xa0, 0x1, 0xc, 0x9, 0x1c, 0x18,
    0x6c, 0x40, 0x39, 0x3a, 0x80, 0x5, 0x40, 0xde,
    0x10, 0xeb, 0xea, 0x1, 0xfe, 0x6d, 0x13, 0x92,
    0xb0, 0x8c, 0x20, 0xf, 0xc4, 0xfd, 0x20, 0x9a,
    0x0, 0x4c, 0x13, 0xcc, 0x39, 0x88, 0x2, 0x7b,
    0x60, 0x4a, 0xac, 0x40, 0x23, 0xf7, 0x3, 0x8c,
    0xe2, 0xf, 0x12, 0x6b, 0xd5, 0x0, 0xf0, 0xc7,
    0xd2, 0x93, 0x90, 0x37, 0x6c, 0xa0, 0x7, 0xfc,
    0xb5, 0xb0, 0x0,

    /* U+70B9 "点" */
    0x0, 0xfc, 0x2a, 0xa1, 0x0, 0xff, 0xe2, 0x95,
    0x50, 0x80, 0x3f, 0xf9, 0xa, 0x67, 0xf0, 0x80,
    0x7f, 0xf0, 0x27, 0x33, 0xe6, 0x0, 0xff, 0xe0,
    0x99, 0xfc, 0x40, 0x1f, 0xfc, 0xc, 0xcf, 0xca,
    0x1, 0xff, 0xcc, 0x4f, 0xfe, 0xc0, 0x6, 0x7f,
    0xf7, 0x0, 0x7f, 0xf4, 0x13, 0xff, 0xfd, 0x80,
    0x1f, 0xfe, 0x74, 0xcc, 0xff, 0x70, 0x7, 0xf8,
    0xcf, 0xfc, 0x40, 0x1f, 0x26, 0xef, 0xff, 0xb,
    0x0, 0x38, 0xed, 0x88, 0x80, 0x64, 0x43, 0x73,
    0x22, 0x2c, 0x0, 0x74, 0x36, 0x83, 0x6b, 0x0,
    0x2e, 0x98, 0x1, 0x6b, 0x0, 0x12, 0x20, 0x20,
    0x8, 0x30, 0x1, 0xc1, 0x20, 0xe, 0x7, 0x30,
    0x1a, 0x7, 0x10, 0x60, 0x50, 0x2, 0x8, 0x90,
    0x9, 0xc3, 0x82, 0xc4, 0xe0, 0x0, 0x60, 0x20,
    0x13, 0x86, 0x80, 0x20, 0x48, 0xea, 0x9a, 0x1,
    0xc, 0xd8, 0x5, 0x7b, 0x20, 0x16, 0xf1, 0x80,

    /* U+70ED "热" */
    0x0, 0xd1, 0x84, 0x1, 0xdb, 0x80, 0x1f, 0xfc,
    0x3, 0x30, 0x80, 0x71, 0x18, 0x7, 0xff, 0x24,
    0x40, 0x3f, 0xab, 0x30, 0x81, 0x98, 0x79, 0xab,
    0x1, 0xaa, 0x77, 0xb0, 0x6, 0x73, 0x30, 0x4,
    0x7a, 0xea, 0x80, 0x5, 0x50, 0x87, 0x0, 0x6c,
    0xdd, 0x8, 0x56, 0xdf, 0xf5, 0x80, 0xf7, 0x20,
    0x3, 0xc2, 0x44, 0x50, 0x62, 0x11, 0x80, 0xa,
    0x23, 0x0, 0x7f, 0xd3, 0x52, 0x24, 0x40, 0x20,
    0xd, 0xe0, 0x18, 0x9a, 0x90, 0x15, 0x6b, 0xd9,
    0xf, 0x0, 0xfc, 0x7b, 0x2a, 0x0, 0x3b, 0xcf,
    0x10, 0x7, 0x80, 0x7e, 0x32, 0x59, 0x20, 0xf4,
    0x5, 0xd0, 0x3, 0x58, 0x98, 0x7, 0xb6, 0x99,
    0x80, 0x1d, 0x0, 0x64, 0x9e, 0x0, 0xf5, 0x70,
    0xf, 0xf3, 0xa0, 0xee, 0x95, 0xd0, 0x8, 0x90,
    0x40, 0x37, 0x48, 0x2, 0x15, 0x1, 0x42, 0x15,
    0x22, 0x4b, 0x40, 0x40, 0x2c, 0xa0, 0xa4, 0x1a,
    0x36, 0x80, 0x1d, 0x0, 0x4e, 0x1, 0x65, 0xf5,
    0x0, 0x1f, 0xd0, 0x3, 0xcf, 0x7b, 0x0, 0x1a,
    0xb8, 0x81, 0xac, 0xc0, 0xb3, 0x0, 0x4, 0xda,
    0x20, 0xd, 0x2, 0x84, 0x1c, 0x88, 0x2, 0x21,
    0xa0, 0x22, 0x6, 0x40, 0x23, 0x60, 0x90, 0x7,
    0x7, 0x80, 0x1c, 0x38, 0x1, 0x40, 0xc6, 0x3,
    0xa1, 0x4, 0x0, 0x30, 0x20, 0x6, 0x82, 0x0,
    0x5, 0xc2, 0x0, 0x69, 0x9c, 0x2, 0x78, 0xf0,
    0x2, 0x4e, 0x80, 0x52, 0xd2, 0x0,

    /* U+7130 "焰" */
    0x0, 0xca, 0x80, 0x1e, 0x35, 0x0, 0xff, 0xaa,
    0x0, 0x3d, 0x14, 0xc0, 0x1f, 0xfc, 0x52, 0x40,
    0x70, 0x0, 0x80, 0x7f, 0xf0, 0xac, 0x1, 0xdf,
    0xee, 0xe2, 0x80, 0x7e, 0x65, 0x3, 0x60, 0x1,
    0x10, 0x40, 0x40, 0x25, 0xd1, 0x0, 0xae, 0xc1,
    0xe0, 0xff, 0xba, 0x90, 0x25, 0x0, 0x19, 0x0,
    0x42, 0x4c, 0xe6, 0x30, 0x0, 0x18, 0xe, 0x0,
    0xb8, 0x4, 0x0, 0xe1, 0xd0, 0x16, 0x1, 0x58,
    0x31, 0x80, 0x46, 0x42, 0x0, 0xa3, 0x80, 0x65,
    0x24, 0x6, 0x29, 0x0, 0xca, 0xe0, 0x7, 0xff,
    0x63, 0x5c, 0xed, 0xae, 0xf8, 0x8c, 0x2, 0x18,
    0x60, 0x3, 0x31, 0x36, 0xb1, 0x4b, 0xf6, 0xf7,
    0x4e, 0x3c, 0xc2, 0x2, 0x0, 0x10, 0x6, 0x6b,
    0x1a, 0xac, 0x20, 0x1c, 0xc0, 0x60, 0x18, 0x4c,
    0x0, 0x35, 0x52, 0x80, 0x71, 0x3, 0x0, 0x61,
    0x0, 0xf9, 0xc0, 0x3b, 0x0, 0x16, 0x1, 0xbf,
    0xe5, 0xef, 0xf1, 0x80, 0x72, 0x2, 0x22, 0x0,
    0x25, 0x59, 0x9d, 0x54, 0x1, 0xce, 0x9, 0x64,
    0xee, 0x1, 0xaa, 0x8e, 0x6a, 0x88, 0x1, 0xa4,
    0x38, 0x38, 0x3, 0xff, 0x87, 0x42, 0x4a, 0x7,
    0xae, 0x3, 0xff, 0xf2, 0x0, 0x9, 0x43, 0x80,
    0x22, 0x0, 0x91, 0x3e, 0x0, 0x8a, 0x64, 0x60,
    0x1e, 0x1b, 0xbf, 0x90, 0x2, 0x66, 0x0, 0x70,
    0xff, 0x0, 0x7d, 0x7e, 0xe0,

    /* U+7247 "片" */
    0x0, 0xff, 0x86, 0x20, 0x1, 0xfc, 0x7f, 0xe0,
    0xe, 0x37, 0x70, 0x80, 0x7f, 0xff, 0xc0, 0x3f,
    0xf8, 0x9f, 0xfd, 0xa0, 0xe, 0xff, 0xd8, 0x1,
    0xff, 0xc7, 0x10, 0xf, 0x6e, 0xff, 0xf0, 0x7c,
    0x2, 0x70, 0x12, 0x2f, 0xfe, 0x10, 0x4, 0x20,
    0x1f, 0xfc, 0x73, 0x1, 0xdd, 0xff, 0x50, 0x7,
    0x84, 0x0, 0x45, 0xfe, 0x60, 0xf, 0x68, 0xd,
    0x57, 0xe5, 0x0, 0xfc, 0xe1, 0x2a, 0xbf, 0xb4,
    0x3, 0xe1, 0x20, 0x40, 0xf, 0xfe, 0x24, 0x80,
    0xc, 0x3, 0xff, 0x88, 0xc0, 0xc0, 0x1f, 0xfc,
    0x4a, 0x10, 0xb0, 0xf, 0xfe, 0x18, 0xa0, 0x39,
    0x0, 0x7f, 0xf0, 0xc7, 0x52, 0x0, 0x3f, 0xf8,
    0xa7, 0x60, 0x1f, 0xf3, 0xfe, 0x0, 0x40,

    /* U+7248 "版" */
    0x0, 0xf4, 0x40, 0x3, 0xfc, 0x26, 0x1, 0xb7,
    0xc4, 0x19, 0xc0, 0x24, 0x55, 0x3c, 0xe7, 0x73,
    0xc, 0x3, 0xfe, 0x4b, 0xaa, 0x43, 0x18, 0x89,
    0x18, 0x3, 0xfe, 0x70, 0x3, 0xcd, 0xef, 0xf5,
    0xa8, 0x7, 0xff, 0x4, 0xe1, 0x90, 0x80, 0x3f,
    0xfa, 0x6c, 0xc1, 0x6, 0x40, 0x0, 0x8f, 0xe0,
    0xc, 0x61, 0x12, 0x0, 0x9f, 0x0, 0x17, 0x77,
    0xca, 0x1, 0x18, 0x5e, 0x66, 0x90, 0xe, 0x22,
    0x80, 0xc, 0x1, 0xc8, 0x67, 0x88, 0x0, 0x62,
    0xbb, 0xb0, 0x81, 0x80, 0x7f, 0xf0, 0x91, 0x0,
    0x2, 0x12, 0x0, 0xc6, 0x1d, 0xd9, 0xc1, 0xc1,
    0xf0, 0x50, 0x14, 0x10, 0x3, 0xc2, 0x3b, 0xc0,
    0x40, 0xe, 0x1a, 0x16, 0x1a, 0x1, 0x84, 0x5f,
    0xe9, 0x0, 0x8c, 0x8, 0x4d, 0x90, 0xc5, 0x0,
    0x21, 0x3, 0x0, 0xf7, 0x0, 0x85, 0x5, 0x83,
    0x0, 0x62, 0x6, 0x0, 0xf1, 0x87, 0x3, 0x0,
    0x52, 0x1, 0x94, 0x8, 0x3, 0xca, 0xa, 0x1,
    0xc2, 0x1, 0xbc, 0x30, 0x3, 0x88, 0x40, 0xc3,
    0x0, 0x2a, 0x0, 0xce, 0xe, 0x1, 0xd4, 0x8,
    0x58, 0x63, 0x40, 0xb4, 0x20, 0x82, 0x44, 0x0,
    0xc2, 0xe0, 0x7a, 0x63, 0x8b, 0x40, 0xba, 0x8,
    0xd6, 0x1, 0xc3, 0x5, 0xe, 0xbe, 0x40, 0xb8,
    0x5c, 0x0, 0x96, 0x0, 0x9b, 0xe1, 0xf4, 0x22,
    0x84, 0x2, 0x3d, 0x20,

    /* U+7259 "牙" */
    0x0, 0x26, 0x67, 0xff, 0x12, 0x0, 0x22, 0x33,
    0xff, 0xe2, 0x80, 0x4f, 0x77, 0xfe, 0x80, 0x5,
    0xdd, 0x20, 0x10, 0xa1, 0xc1, 0x22, 0x7c, 0x2,
    0x89, 0x10, 0x7, 0x61, 0x98, 0x3, 0xff, 0x8c,
    0x80, 0xe0, 0x1f, 0xfc, 0x53, 0x2, 0x20, 0x7,
    0xff, 0x15, 0x1, 0x0, 0x3f, 0xf8, 0xd8, 0xd,
    0xff, 0xf6, 0x0, 0xff, 0xea, 0x0, 0x90, 0x3,
    0xff, 0x88, 0x20, 0x17, 0x77, 0xda, 0x20, 0x1b,
    0xbb, 0x58, 0x4, 0x23, 0xe3, 0xf1, 0x3c, 0x1,
    0x1e, 0x0, 0xfe, 0x4c, 0x23, 0xd0, 0xf, 0xfe,
    0x1c, 0x58, 0xae, 0x8, 0x7, 0xff, 0x5, 0x79,
    0xc1, 0xe8, 0x3, 0xff, 0x82, 0x77, 0x42, 0x2b,
    0x80, 0xf, 0xfe, 0x2, 0x5e, 0x20, 0x37, 0x20,
    0x7, 0xff, 0x7, 0x90, 0x13, 0x24, 0x2, 0x11,
    0x98, 0x3, 0xf5, 0x2e, 0x59, 0x80, 0x68, 0xee,
    0x50, 0x10, 0x7, 0xd4, 0x60, 0x1e, 0xd0, 0x0,
    0xa7, 0x0, 0x70,

    /* U+72B6 "状" */
    0x0, 0xe5, 0x60, 0xf, 0x2a, 0x0, 0x7f, 0xf0,
    0x2e, 0x48, 0x3, 0x15, 0x50, 0x1, 0x4, 0x1,
    0xff, 0xc7, 0x57, 0xf0, 0xc, 0x28, 0x1, 0xff,
    0xc1, 0x55, 0x14, 0x80, 0x5f, 0x66, 0x1, 0xff,
    0xc1, 0xb1, 0x63, 0x0, 0x40, 0x70, 0x7, 0xff,
    0x4, 0x65, 0x88, 0x0, 0xc6, 0x52, 0x1, 0x8,
    0xe6, 0x1, 0x1c, 0xd0, 0x1, 0xb8, 0x10, 0x40,
    0x1d, 0xda, 0xc0, 0x1d, 0xde, 0x0, 0x8a, 0xb4,
    0x40, 0x3f, 0xf8, 0xea, 0x1, 0xbf, 0xf5, 0x0,
    0x2b, 0xff, 0x80, 0x3c, 0x20, 0x1e, 0xd0, 0x7,
    0x80, 0x7f, 0xac, 0x3, 0xe3, 0x0, 0x28, 0x7,
    0xe1, 0xd4, 0x0, 0xf9, 0x0, 0x81, 0x40, 0x3c,
    0x7e, 0x46, 0x1, 0xe5, 0x1, 0x90, 0x90, 0xe,
    0x3c, 0x14, 0xc1, 0x0, 0xe9, 0x7, 0x42, 0x34,
    0x0, 0xc6, 0x2b, 0x60, 0x1e, 0x53, 0xb, 0xb,
    0x9, 0x0, 0xec, 0xa0, 0xf, 0xc, 0x2, 0x90,
    0x31, 0x12, 0x0, 0x31, 0x0, 0x7d, 0x44, 0x10,
    0x1, 0x48, 0x3b, 0x0, 0x7f, 0xa9, 0x2, 0x88,
    0x2, 0x47, 0x9, 0x80, 0xf, 0xd2, 0xa0, 0xea,
    0x1, 0xd0, 0xa0, 0xe8, 0x1, 0xf4, 0xab, 0xc0,
    0x7, 0xd4, 0xf2, 0x80, 0x1d, 0xde, 0x55, 0x0,
    0x1f, 0xd0, 0xc0,

    /* U+72EC "独" */
    0x0, 0xff, 0xe0, 0xa2, 0x80, 0x7e, 0x4c, 0x10,
    0x5, 0xb0, 0x7, 0x55, 0xc, 0x3, 0xed, 0x3f,
    0x17, 0x48, 0x10, 0xf, 0xfe, 0x14, 0xb0, 0xf4,
    0x5, 0x8, 0x7, 0xff, 0xe, 0x40, 0x27, 0x40,
    0x22, 0xc2, 0xc, 0x45, 0x80, 0x30, 0x80, 0x50,
    0x9, 0xbb, 0x80, 0x15, 0xbb, 0x84, 0x0, 0x7e,
    0x1, 0x28, 0x4, 0x2a, 0xa0, 0x1, 0x2a, 0x0,
    0x61, 0xd1, 0x68, 0xc, 0x0, 0x8a, 0xa8, 0x21,
    0xd5, 0x40, 0xc, 0x3b, 0x32, 0x40, 0x40, 0xf,
    0xfe, 0x21, 0xb0, 0x8, 0x10, 0x7, 0xff, 0x1e,
    0x40, 0x3f, 0xf9, 0x10, 0x80, 0x1, 0x0, 0x1e,
    0x60, 0x43, 0x31, 0xa0, 0x1e, 0x77, 0x8, 0x0,
    0xc0, 0x23, 0x30, 0x4, 0x66, 0x0, 0xe8, 0x80,
    0x69, 0x1, 0xa7, 0xfe, 0x0, 0x67, 0xf6, 0x78,
    0x80, 0xa8, 0x51, 0x98, 0x3, 0xe1, 0x0, 0xf,
    0x60, 0x4, 0x3f, 0x6a, 0x1, 0x8, 0x7, 0xe1,
    0x30, 0x70, 0x8, 0x90, 0x0, 0x20, 0x1f, 0xf5,
    0x4, 0x0, 0x78, 0x80, 0x80, 0x2, 0x48, 0xc2,
    0x1b, 0xa9, 0x0, 0x20, 0x7, 0x50, 0x3b, 0x7f,
    0x6d, 0xc8, 0x0, 0x48, 0x2, 0xe0, 0x3, 0x7f,
    0x9c, 0x38, 0x80, 0x38, 0x91, 0xa2, 0x9c, 0x14,
    0x41, 0xc0, 0x5, 0x28, 0xb3, 0x79, 0xdf, 0xb7,
    0x2e, 0xb0, 0x4c, 0x0,

    /* U+7387 "率" */
    0x0, 0xfc, 0x75, 0x40, 0xf, 0xfe, 0x28, 0xaa,
    0x98, 0x3, 0xf1, 0xf7, 0x7d, 0x80, 0x9, 0xee,
    0xfb, 0x1c, 0x47, 0xf0, 0x4, 0x23, 0xf1, 0x27,
    0xf7, 0xfe, 0xe2, 0xb, 0xfb, 0xdf, 0xfb, 0xbf,
    0x82, 0x3d, 0x40, 0x28, 0x28, 0x43, 0xbc, 0x10,
    0x6e, 0x70, 0x7, 0xd, 0x48, 0x43, 0x7, 0xde,
    0x5, 0x8b, 0xc8, 0x10, 0x1, 0xb4, 0x98, 0xdc,
    0x0, 0xe8, 0x14, 0xad, 0x3, 0x6a, 0x1, 0x16,
    0x60, 0xea, 0xe8, 0x1, 0x2c, 0xd, 0x5e, 0x80,
    0x1e, 0xba, 0x56, 0xb0, 0xae, 0xc6, 0x58, 0x70,
    0xc, 0x75, 0xce, 0xd, 0xa2, 0xe6, 0x0, 0x9c,
    0x39, 0xc2, 0x7, 0xc5, 0x4c, 0xf9, 0x0, 0x3c,
    0xb8, 0x1, 0x7d, 0x4f, 0x59, 0xd6, 0xec, 0x6a,
    0x11, 0x4c, 0xfd, 0xea, 0xc3, 0x52, 0x68, 0x14,
    0x80, 0x17, 0xba, 0xb3, 0x98, 0x55, 0x0, 0xd,
    0x85, 0x57, 0x7f, 0x60, 0x3, 0x2e, 0xfe, 0xa5,
    0x44, 0xf8, 0xc0, 0x2, 0x89, 0xf2, 0xe6, 0x7e,
    0xb0, 0x4, 0xe6, 0x7e, 0x33, 0xfc, 0x80, 0x4,
    0x33, 0xfc, 0x1, 0xff, 0xf0,

    /* U+73AF "环" */
    0x2, 0x2f, 0x8, 0x91, 0x3f, 0xe3, 0x5d, 0xdf,
    0x3b, 0xae, 0xff, 0xed, 0x13, 0x30, 0x0, 0x8c,
    0x88, 0x89, 0x8c, 0x0, 0x28, 0x9d, 0x98, 0x20,
    0xcc, 0x22, 0x2e, 0xf5, 0x0, 0xf5, 0xdd, 0x40,
    0x1f, 0xfc, 0x1b, 0x7, 0x0, 0xff, 0xe2, 0xa9,
    0x6, 0x80, 0x7f, 0xf1, 0x60, 0x2, 0x80, 0xe,
    0xee, 0x10, 0x76, 0x0, 0x67, 0x20, 0x5, 0xbc,
    0x0, 0x61, 0x10, 0x4, 0x40, 0x11, 0xc0, 0x5,
    0x20, 0xec, 0x1, 0x7f, 0x84, 0x37, 0x80, 0x3,
    0xc0, 0x42, 0x9, 0x21, 0x26, 0x1, 0x8c, 0xc,
    0x2, 0xd2, 0xe, 0x0, 0x99, 0x43, 0x80, 0x3f,
    0xe, 0x18, 0x49, 0x80, 0x6a, 0x22, 0x48, 0x7,
    0xf9, 0xd8, 0x3, 0xd2, 0x1c, 0x1, 0xc6, 0xc7,
    0x91, 0x0, 0xf, 0x93, 0x5c, 0x2, 0x20, 0xd9,
    0x70, 0x70, 0xf, 0xe2, 0x3, 0xbf, 0x0, 0x95,
    0x80, 0x3f, 0xf8, 0x2e, 0x80, 0x93, 0xf4, 0x60,
    0x1f, 0xfc, 0x15, 0x9e, 0xb6, 0x0, 0xff, 0xe2,
    0xb, 0x8, 0x7, 0xff, 0x6c,

    /* U+73B0 "现" */
    0x0, 0xfe, 0x45, 0x5f, 0xe4, 0x0, 0xbb, 0xff,
    0xd3, 0x15, 0x5f, 0xe0, 0xf, 0xf0, 0x80, 0x1a,
    0x23, 0x9c, 0x3, 0xbb, 0xf8, 0x7, 0xfd, 0x0,
    0xa, 0x77, 0xea, 0x0, 0xff, 0xe2, 0x9f, 0x50,
    0x7, 0xff, 0x1d, 0xc4, 0x40, 0x1f, 0xfd, 0x18,
    0xee, 0x0, 0xf7, 0x4, 0x3, 0xff, 0x84, 0x22,
    0x0, 0x84, 0x46, 0x1, 0xe1, 0x0, 0xfa, 0x7f,
    0x40, 0x1f, 0xe2, 0x0, 0xc2, 0x6, 0x1, 0xfc,
    0x60, 0x20, 0x1f, 0x10, 0x8, 0x7, 0xff, 0x1f,
    0x83, 0x40, 0x3f, 0xf8, 0x7d, 0xa6, 0x8, 0x1a,
    0x65, 0xb8, 0x1, 0xfc, 0x26, 0x44, 0x3, 0x20,
    0x7a, 0x2, 0x20, 0x7, 0xc3, 0x7d, 0x0, 0x14,
    0x1, 0x80, 0x62, 0x20, 0x1, 0x23, 0xc0, 0x8,
    0x2, 0x0, 0x54, 0x19, 0x0, 0xcd, 0xa8, 0x56,
    0xe2, 0x7, 0x1b, 0x40, 0x74, 0x16, 0x1, 0xc2,
    0x0, 0x21, 0x38, 0xdc, 0x72, 0x5, 0xc0, 0x75,
    0x0, 0xe2, 0x6, 0xe, 0xc7, 0x20, 0x0, 0xd5,
    0x1, 0xe0, 0x18, 0x1e, 0x21, 0x22, 0x40, 0x1f,
    0x2a, 0x86, 0xa0, 0x0, 0x6a, 0x2e, 0xe0, 0xb0,
    0xf, 0xc9, 0x7e, 0xa0, 0x1a, 0xbf, 0xee, 0x50,

    /* U+7403 "球" */
    0x0, 0xff, 0xe0, 0xbc, 0x0, 0x8, 0x3, 0x8c,
    0xfc, 0x20, 0x1d, 0x2e, 0x35, 0xaa, 0x1, 0x2e,
    0x67, 0xa0, 0x3, 0xf4, 0x15, 0x30, 0x1, 0x8c,
    0xc0, 0x1, 0x3f, 0x0, 0xfc, 0x58, 0x4a, 0x0,
    0x3c, 0xc1, 0x6, 0x61, 0x37, 0x78, 0x43, 0xb7,
    0x3, 0xa4, 0x3, 0xf8, 0x8b, 0x80, 0x22, 0x2e,
    0x0, 0xfc, 0x5f, 0xfc, 0x0, 0xcf, 0xfd, 0x60,
    0x1f, 0xc7, 0x20, 0x1c, 0xc0, 0x7, 0x70, 0x0,
    0xbb, 0x84, 0x1b, 0xc7, 0x4d, 0x0, 0x1b, 0x40,
    0xe2, 0x6, 0x0, 0x11, 0x0, 0x42, 0x10, 0x2e,
    0x40, 0x11, 0x87, 0x4, 0x98, 0x17, 0xf8, 0x83,
    0x3c, 0xc6, 0x42, 0x0, 0x41, 0x28, 0x99, 0x80,
    0x1f, 0x8, 0x4, 0xe5, 0xa2, 0x20, 0x2, 0x9c,
    0x80, 0x7f, 0xf0, 0x75, 0xb0, 0x3, 0x68, 0x7,
    0xff, 0x8, 0xfc, 0x80, 0x31, 0x80, 0x7f, 0x84,
    0xc1, 0x70, 0x60, 0x41, 0xc3, 0x80, 0x3e, 0x20,
    0xde, 0x87, 0xa0, 0x77, 0x0, 0x24, 0x8e, 0x40,
    0x23, 0x9d, 0x0, 0x85, 0x20, 0x22, 0x0, 0x1b,
    0xc1, 0xa4, 0x0, 0xac, 0x42, 0xf9, 0xca, 0x10,
    0xe0, 0x1c, 0x56, 0xd, 0x60, 0x8f, 0x9d, 0x6,
    0x17, 0x4e, 0x1, 0xf2, 0x58, 0xe8, 0x14, 0x18,
    0x6, 0x15, 0xc, 0xff, 0x8, 0x8, 0x1, 0x3d,
    0x80, 0x3f, 0xea, 0x1, 0x3b, 0x0, 0xc2, 0x0,

    /* U+7406 "理" */
    0x0, 0xfe, 0x89, 0x9f, 0xf3, 0x80, 0x37, 0xff,
    0xc4, 0xac, 0xdf, 0xeb, 0x0, 0xff, 0xe0, 0x4c,
    0xc0, 0x9, 0x93, 0x80, 0x6d, 0xfb, 0x4, 0xff,
    0x10, 0x1, 0x9a, 0x3, 0x66, 0x58, 0x7, 0xff,
    0xa, 0xaa, 0x3, 0xaa, 0x40, 0x7, 0xff, 0x9,
    0x56, 0x0, 0x2a, 0x90, 0x3, 0xff, 0x85, 0xdf,
    0xe0, 0x2f, 0xf5, 0x80, 0x69, 0xeb, 0x4, 0xec,
    0x0, 0x84, 0x2, 0x10, 0x3, 0x80, 0x63, 0x10,
    0x8, 0x44, 0x1, 0x10, 0x88, 0x8, 0x44, 0xe0,
    0x1a, 0x69, 0x80, 0x15, 0x20, 0x16, 0xf7, 0x0,
    0x7b, 0x96, 0x1, 0x8d, 0x74, 0x11, 0x50, 0x11,
    0x56, 0x20, 0x2, 0xae, 0x40, 0xf, 0xf4, 0xd5,
    0x5e, 0x0, 0xaa, 0xd0, 0x1, 0xff, 0x8, 0xe0,
    0x0, 0x8e, 0x0, 0xfe, 0x40, 0xfe, 0xeb, 0x0,
    0x1d, 0xdc, 0x1, 0x84, 0x13, 0xec, 0xc8, 0xb0,
    0x4, 0x45, 0x94, 0x1, 0x1b, 0x40, 0x12, 0x6,
    0xef, 0x0, 0x37, 0x75, 0x80, 0x18, 0x85, 0x6b,
    0xac, 0xc0, 0x3f, 0xf8, 0x57, 0x9d, 0x4a, 0x31,
    0xbb, 0xe0, 0x6, 0xef, 0x40, 0x29, 0x80, 0x61,
    0x22, 0xe0, 0x8, 0x8b, 0xc0, 0x1f, 0x4f, 0xff,
    0xff, 0x6, 0x80,

    /* U+751F "生" */
    0x0, 0xff, 0x2a, 0x80, 0x3f, 0xf8, 0x27, 0xd4,
    0x1, 0x55, 0x8, 0x3, 0xff, 0x81, 0x42, 0x20,
    0xf, 0xfe, 0x33, 0x86, 0x80, 0x7f, 0xf1, 0x54,
    0x40, 0x8c, 0xe0, 0x3, 0x99, 0xf8, 0x80, 0x34,
    0x80, 0x2f, 0x32, 0x0, 0x56, 0x67, 0xbc, 0x2,
    0x53, 0x1, 0x22, 0xc0, 0x11, 0x17, 0x98, 0x2,
    0xb0, 0x6e, 0xdd, 0xc0, 0xd, 0xdf, 0xac, 0x1,
    0x62, 0x28, 0x0, 0xff, 0xe2, 0xc1, 0x50, 0x80,
    0x7f, 0xf1, 0x4f, 0x50, 0x3, 0xff, 0x90, 0xbf,
    0xfe, 0x0, 0x6f, 0xff, 0x80, 0x38, 0xc0, 0x3f,
    0xf9, 0xd, 0xff, 0xdc, 0x0, 0xdf, 0xff, 0x0,
    0x7f, 0xc2, 0x1, 0xff, 0xff, 0xcf, 0xff, 0xc0,
    0xd, 0xff, 0xfb, 0x80, 0x40, 0x3f, 0xf9, 0x19,
    0xdd, 0xff, 0xc6, 0xf0,

    /* U+7528 "用" */
    0x0, 0xff, 0xe5, 0xff, 0xff, 0xf1, 0x10, 0x3,
    0xff, 0x9b, 0xdf, 0xf7, 0x0, 0x3f, 0xf8, 0xc0,
    0x3f, 0xfc, 0x7d, 0xff, 0x70, 0x3, 0xff, 0x8c,
    0x3, 0xff, 0x9f, 0xdf, 0xf7, 0x0, 0x3f, 0xf8,
    0xc0, 0x3f, 0xf9, 0xe2, 0x1, 0xff, 0xc7, 0xff,
    0xdc, 0x0, 0xff, 0xe3, 0x0, 0xc4, 0x1, 0xff,
    0xc7, 0x60, 0x3f, 0xfd, 0xa0, 0xf, 0xfe, 0x20,
    0xc, 0x60, 0xa0, 0x18, 0xc0, 0x3e, 0x10, 0xd,
    0x81, 0xe0, 0x1f, 0xfc, 0x41, 0x40, 0x70, 0xf,
    0xfe, 0x24, 0x2, 0x8, 0x7, 0xff, 0x0, 0x40,
    0x8, 0xc1, 0xe0, 0x1f, 0xcb, 0xdd, 0x10, 0x32,
    0x9a, 0xa0, 0x7, 0xc2, 0xa, 0x23, 0xa0, 0x87,
    0x28, 0x3, 0xc3, 0xfc, 0x0, 0xff, 0xb9, 0xc0,

    /* U+7535 "电" */
    0x0, 0xfc, 0x88, 0x0, 0xff, 0xe2, 0x9d, 0xd8,
    0x3, 0xff, 0xa6, 0x48, 0x45, 0x98, 0x0, 0x64,
    0x5e, 0x0, 0x93, 0x6f, 0x77, 0x50, 0x3, 0x37,
    0x7c, 0x60, 0x1c, 0x45, 0x80, 0x21, 0x22, 0xc0,
    0x1f, 0x16, 0xee, 0xc0, 0x7, 0x6e, 0xe1, 0x0,
    0xff, 0xe7, 0x16, 0xee, 0xc0, 0x7, 0x6e, 0xe1,
    0x0, 0xf8, 0x8b, 0x0, 0x42, 0x45, 0x80, 0x3e,
    0x1e, 0xed, 0x60, 0xe, 0xee, 0x0, 0xf8, 0xc4,
    0x73, 0x80, 0x4, 0x7c, 0x1, 0xe3, 0x0, 0xf8,
    0x40, 0x3f, 0xe1, 0xff, 0xd8, 0x0, 0xef, 0xfc,
    0x20, 0x1f, 0xfc, 0xe2, 0xff, 0xd8, 0x0, 0xff,
    0xfa, 0x98, 0x16, 0xa4, 0x3, 0xff, 0x84, 0x92,
    0x82, 0xa8, 0x1, 0x84, 0x3, 0xf8, 0x81, 0x80,
    0x3e, 0x30, 0x2, 0x88, 0xf3, 0x0, 0x8, 0x3,
    0xe1, 0x20, 0xae, 0xee, 0x90, 0x60, 0xf, 0xee,
    0x30, 0xf, 0xa, 0xc8, 0x0,

    /* U+753B "画" */
    0x0, 0xff, 0xe4, 0xf, 0xff, 0xff, 0x1a, 0x40,
    0x47, 0xff, 0x91, 0xdd, 0xff, 0xc6, 0x80, 0xf,
    0xfe, 0x60, 0xee, 0xee, 0xe6, 0xee, 0x40, 0xe,
    0x77, 0x1, 0x91, 0x0, 0x2, 0x20, 0x1, 0x90,
    0x83, 0xca, 0x4, 0x40, 0x80, 0xd, 0xba, 0x20,
    0xdd, 0x40, 0x5, 0x6c, 0x60, 0x1f, 0xfc, 0xe6,
    0xff, 0x10, 0x7f, 0xa4, 0x3, 0xff, 0x80, 0x48,
    0x80, 0x2, 0x20, 0x80, 0x3f, 0xf8, 0x9, 0x76,
    0x20, 0xbb, 0x80, 0x3f, 0xfa, 0x8d, 0xfe, 0x20,
    0xff, 0x48, 0x7, 0xf8, 0xcf, 0x88, 0x86, 0x78,
    0x40, 0x3f, 0xe, 0x66, 0xdd, 0x66, 0x64, 0x0,
    0xff, 0xe4, 0x88, 0x7, 0x6f, 0xff, 0xff, 0x4,
    0x80, 0x21, 0x1f, 0xfe, 0x20, 0x6, 0xee, 0xff,
    0xe2, 0x18, 0x0,

    /* U+754C "界" */
    0x0, 0xaf, 0x77, 0xff, 0x84, 0x80, 0x1c, 0xa4,
    0x67, 0x88, 0xa3, 0x3c, 0x44, 0x10, 0xf, 0xb7,
    0xba, 0xc0, 0x1e, 0xec, 0x40, 0x1f, 0xfc, 0x31,
    0x0, 0xff, 0xe1, 0x67, 0xfd, 0x80, 0xf, 0xfc,
    0x40, 0x1f, 0xca, 0xcd, 0x18, 0x1, 0x9b, 0x8,
    0x7, 0xf4, 0xce, 0xf0, 0x19, 0x9c, 0x60, 0x1f,
    0xd1, 0x77, 0x68, 0xd, 0xde, 0x20, 0xf, 0xe4,
    0x4c, 0x20, 0x4, 0x4c, 0x1, 0xfb, 0xbf, 0xd6,
    0x0, 0x8f, 0xf3, 0x81, 0x77, 0xf9, 0x40, 0x3e,
    0x8b, 0x7, 0x70, 0x2, 0x10, 0xb0, 0xc0, 0x3e,
    0x2c, 0x70, 0x88, 0x0, 0x6b, 0x42, 0xc8, 0x10,
    0x9, 0x2b, 0x4c, 0x5b, 0x20, 0x3, 0x50, 0x20,
    0x3f, 0x49, 0x8c, 0xa8, 0x37, 0xf9, 0x10, 0x1,
    0x91, 0x1f, 0x86, 0xc, 0xe3, 0xed, 0xb2, 0x22,
    0x6, 0x0, 0xf8, 0xf2, 0xe5, 0x0, 0xa4, 0x80,
    0x16, 0x4, 0x1, 0xfc, 0x8c, 0x1, 0xe6, 0x30,
    0xa0, 0xf, 0xfe, 0x24, 0x48, 0x31, 0x0, 0x7f,
    0xf0, 0x97, 0x9c, 0x16, 0x40, 0x3f, 0xf8, 0x6a,
    0x44, 0xaa, 0x0, 0x7f, 0xf1, 0x73, 0x54, 0x3,
    0xee, 0xf4, 0x0, 0xe0,

    /* U+7559 "留" */
    0x0, 0xf2, 0xc8, 0x7, 0xff, 0x8, 0xde, 0xfe,
    0x9a, 0xa, 0x67, 0xef, 0x91, 0xf, 0xc8, 0x42,
    0x6c, 0x81, 0x66, 0xf8, 0x18, 0x0, 0x20, 0xdd,
    0xb2, 0x60, 0x79, 0x80, 0x5, 0xe6, 0x0, 0x2,
    0x4, 0x1a, 0x25, 0x26, 0x0, 0x33, 0x0, 0xa1,
    0x98, 0x3, 0xf3, 0xb7, 0x80, 0x46, 0xa, 0x0,
    0x10, 0x10, 0xf, 0x29, 0x99, 0x0, 0x14, 0x1a,
    0x0, 0x30, 0x30, 0x0, 0x81, 0x35, 0x18, 0x40,
    0x13, 0x3, 0x80, 0x18, 0x18, 0xc, 0x82, 0x64,
    0xa0, 0x3, 0x4f, 0x8, 0x2, 0x26, 0x81, 0x3,
    0x0, 0x5, 0xab, 0x9c, 0x2c, 0x99, 0xc3, 0x74,
    0xc1, 0xa0, 0xaf, 0x9d, 0x2a, 0x31, 0xe9, 0x32,
    0x1, 0x76, 0x65, 0xa0, 0x2, 0x2, 0xab, 0xc3,
    0x95, 0x51, 0x19, 0x98, 0x3, 0x2a, 0xff, 0xf0,
    0xd8, 0x3, 0xcf, 0xff, 0x68, 0x3, 0xff, 0x8,
    0x7, 0xe1, 0x0, 0xff, 0x8, 0x7, 0xe6, 0xff,
    0xb4, 0x1, 0xff, 0x80, 0x3f, 0xce, 0xf3, 0x0,
    0x1d, 0xf0, 0x7, 0xf3, 0xc4, 0x60, 0x18, 0x8c,
    0x20, 0x1f, 0x9f, 0x76, 0xf0, 0x1d, 0xdc, 0x20,
    0x1f, 0xfc, 0x3, 0x0, 0xff, 0xe1, 0xbe, 0xee,
    0xff, 0x6e, 0xe1, 0x0, 0xf3, 0x74, 0x0, 0x7f,
    0xbb, 0xd0, 0x0,

    /* U+7565 "略" */
    0x0, 0xff, 0x85, 0x0, 0x3f, 0x84, 0x3, 0xfa,
    0x6e, 0xc0, 0x1f, 0x4f, 0x7f, 0xf6, 0x0, 0x5,
    0xc3, 0xc4, 0x62, 0x0, 0xe3, 0x0, 0x18, 0x6,
    0xa0, 0x5, 0xf7, 0x5b, 0xa1, 0x0, 0xb2, 0x7,
    0x8, 0x0, 0xe8, 0x6, 0xab, 0x0, 0x4, 0x40,
    0x1f, 0xcb, 0x0, 0xe, 0xaa, 0x58, 0x87, 0x80,
    0x7f, 0x1d, 0x1, 0x87, 0x88, 0x68, 0xb1, 0x80,
    0x77, 0x88, 0x4, 0x53, 0x8c, 0x5b, 0x66, 0x69,
    0x0, 0xef, 0x70, 0xf2, 0x3d, 0x60, 0x93, 0x32,
    0x6, 0x80, 0x79, 0x0, 0x8, 0x1, 0xc6, 0x40,
    0x12, 0x80, 0x7a, 0xe0, 0x6c, 0x80, 0x28, 0xc1,
    0x45, 0xb, 0xb1, 0x0, 0x7f, 0xb, 0xf3, 0x84,
    0x5d, 0x50, 0x53, 0x6c, 0xc0, 0x3e, 0x28, 0x10,
    0x81, 0x66, 0x1c, 0x88, 0x31, 0x0, 0x7c, 0x72,
    0x0, 0x89, 0x9d, 0x2, 0x2f, 0x10, 0x5, 0x40,
    0xd1, 0x83, 0x10, 0x4d, 0x56, 0x80, 0x32, 0x0,
    0x94, 0x0, 0xa2, 0x1, 0x9d, 0x57, 0x20, 0x7,
    0xb7, 0x7c, 0x1, 0xff, 0xc3, 0x22, 0xe1, 0x0,
    0xff, 0xe0, 0xcf, 0x0, 0x7f, 0x7e, 0x67, 0x0,
    0x70, 0x80, 0x7f, 0x9, 0x9e, 0x0, 0xff, 0xe2,
    0x6f, 0xfe, 0xc0, 0xf, 0xfe, 0xe, 0xf9, 0x0,
    0x63, 0xfd, 0x0, 0x0,

    /* U+756A "番" */
    0x0, 0xff, 0xe2, 0x11, 0x80, 0x7f, 0x9, 0x1a,
    0x2b, 0x45, 0x5e, 0xfe, 0xe2, 0x80, 0x72, 0xff,
    0xbb, 0x72, 0xea, 0x5d, 0x54, 0x8, 0xf4, 0xe0,
    0x1c, 0x8c, 0x80, 0x71, 0x32, 0x0, 0x7f, 0x68,
    0xa9, 0x90, 0x7, 0xc, 0xf8, 0x13, 0x31, 0xc0,
    0x30, 0xa9, 0x28, 0x7, 0xe4, 0x61, 0x80, 0xf,
    0x58, 0x39, 0x80, 0x74, 0x5d, 0xc8, 0xb, 0x7a,
    0x0, 0xbb, 0x28, 0x1d, 0xdd, 0x0, 0x4, 0x4c,
    0x40, 0x68, 0x60, 0x4, 0x40, 0x1, 0x13, 0x80,
    0x19, 0xff, 0xb9, 0x0, 0x30, 0x82, 0xf7, 0xfe,
    0xc0, 0xf, 0x27, 0xa1, 0x60, 0x3, 0xc9, 0x7d,
    0x40, 0x3f, 0x1d, 0xd8, 0x5b, 0x48, 0x0, 0x3a,
    0xa3, 0x5a, 0xc0, 0x19, 0x6f, 0x10, 0x6a, 0x40,
    0x8, 0xa0, 0xa, 0xa0, 0x94, 0xfd, 0x90, 0x4a,
    0x8, 0x2f, 0x5d, 0xa8, 0x6, 0xee, 0xe5, 0x0,
    0xc4, 0x1d, 0x1c, 0x8, 0xab, 0x91, 0xa, 0xb9,
    0x3, 0x2a, 0x80, 0x2, 0x70, 0xb, 0xfb, 0xa0,
    0x7, 0x76, 0x10, 0x15, 0x10, 0xf, 0xa5, 0xde,
    0x0, 0x3b, 0xe1, 0x0, 0xff, 0x9e, 0x22, 0x0,
    0x44, 0x60, 0xf, 0xfe, 0x7, 0x7f, 0xc0, 0xf,
    0xfc, 0x20, 0x1f, 0xf2, 0x26, 0x0, 0x22, 0x61,
    0x0, 0xff, 0xaa, 0xee, 0x0, 0x5d, 0xe0, 0xf,
    0xfe, 0x4, 0x55, 0x7f, 0x0, 0x7f, 0xbb, 0x8e,
    0xab, 0xfd, 0xfe, 0x20, 0x8,

    /* U+767D "白" */
    0x0, 0xf9, 0x5d, 0x0, 0x3f, 0xf8, 0x73, 0x14,
    0x1, 0xff, 0xc2, 0x13, 0x9, 0x0, 0xfe, 0x22,
    0xe8, 0x0, 0x21, 0x17, 0xc0, 0xd, 0xde, 0x60,
    0x6, 0x6e, 0xfc, 0x20, 0x1f, 0xfc, 0x9e, 0xff,
    0xff, 0x70, 0x7, 0xff, 0xc3, 0x33, 0xff, 0x80,
    0x1, 0xe2, 0x33, 0xff, 0x10, 0x7, 0xaa, 0xef,
    0xfd, 0x20, 0x1e, 0x44, 0xff, 0x9c, 0x3, 0xff,
    0xe1, 0xdf, 0xff, 0xee, 0x0, 0xff, 0xe6, 0x66,
    0xef, 0xfb, 0x0, 0x3c, 0x45, 0xff, 0xc0, 0x0,
    0xdd, 0xc1, 0x0, 0xff, 0xf, 0xf8, 0x40,

    /* U+767E "百" */
    0x13, 0x3f, 0xfe, 0x31, 0x3e, 0x67, 0xff, 0x1c,
    0xc8, 0xbe, 0x0, 0xc4, 0x5f, 0x2a, 0xb7, 0x7e,
    0x80, 0x2f, 0xdd, 0xfa, 0xc0, 0x3f, 0x68, 0x20,
    0x7, 0xff, 0x0, 0xcf, 0x94, 0x4, 0xcf, 0xc2,
    0x1, 0x93, 0x33, 0x80, 0xf, 0x99, 0xe8, 0x0,
    0xf9, 0x13, 0xfc, 0x20, 0x1f, 0x8a, 0xef, 0xfc,
    0x80, 0x1f, 0xfe, 0x42, 0xff, 0xff, 0x28, 0x7,
    0xf0, 0x8f, 0xf8, 0x3, 0xf8, 0xbb, 0xbf, 0xca,
    0x1, 0xff, 0xe4, 0x23, 0x3f, 0xf3, 0x80, 0x7f,
    0x66, 0x7f, 0x88, 0x3, 0xf9, 0x13, 0xfc, 0x1,
    0xfc, 0x57, 0x7f, 0xe5, 0x0, 0xc0,

    /* U+7684 "的" */
    0x0, 0xd0, 0xc2, 0x1, 0x85, 0xcc, 0x3, 0xf8,
    0x5e, 0x4c, 0x3, 0x24, 0x48, 0x7, 0xf2, 0x1,
    0x90, 0x6, 0xf0, 0xf0, 0xf, 0xec, 0xa, 0x0,
    0xe5, 0x6, 0x22, 0x8c, 0x80, 0xff, 0xcc, 0x13,
    0xfe, 0xd0, 0x50, 0x6, 0x6e, 0xd9, 0xaa, 0x1,
    0x11, 0x60, 0xb, 0x80, 0x6, 0x78, 0x3, 0x93,
    0x76, 0xc0, 0x1, 0xa0, 0xfe, 0x66, 0x50, 0x10,
    0xf, 0xef, 0x8, 0x0, 0xff, 0xe2, 0x18, 0x13,
    0x0, 0x70, 0x83, 0x80, 0x7e, 0x3c, 0xe8, 0xc0,
    0xf, 0xe4, 0xff, 0xb8, 0x2, 0x34, 0x38, 0x0,
    0x9c, 0x4, 0x2, 0x22, 0x84, 0x3, 0x70, 0x39,
    0x80, 0x4, 0xc, 0x0, 0x9b, 0xb7, 0x80, 0x62,
    0x80, 0xe0, 0x1, 0x80, 0x7f, 0xf0, 0x9c, 0x88,
    0xe0, 0x20, 0x20, 0x1f, 0xfc, 0x19, 0x24, 0x0,
    0x8, 0x7, 0xff, 0x9, 0x34, 0xc8, 0xc, 0x2,
    0x61, 0x18, 0xc0, 0x3f, 0x84, 0x18, 0x2, 0x2e,
    0xeb, 0x40, 0x3f, 0x94, 0x8, 0x3, 0x19, 0xf3,
    0x80, 0x44, 0x1, 0x50, 0x78, 0x4, 0x99, 0x9d,
    0x40, 0x17, 0x7f, 0xc6, 0xe, 0x5, 0x1c, 0x1,
    0xfd, 0x60, 0x11, 0xd8, 0x80, 0xba, 0x80, 0x7f,
    0x3f, 0xfd, 0x88, 0x0,

    /* U+76CA "益" */
    0x0, 0xf0, 0x80, 0x7e, 0x30, 0xf, 0xf1, 0xfe,
    0x0, 0x7c, 0x79, 0xc2, 0x1, 0xf8, 0xcc, 0x50,
    0x1, 0xef, 0x6, 0x10, 0xf, 0xee, 0x7, 0x30,
    0xc, 0xa6, 0x50, 0x1, 0xe1, 0x1c, 0x68, 0x2c,
    0x23, 0xbc, 0x24, 0x47, 0x0, 0x5f, 0xdd, 0x90,
    0x6b, 0xbb, 0x28, 0x5f, 0x76, 0x70, 0x2, 0x19,
    0xff, 0xf1, 0x88, 0x1, 0x59, 0x9b, 0x6f, 0x33,
    0xa2, 0x73, 0x39, 0x40, 0x3c, 0xdf, 0xe, 0x1,
    0xd, 0xd7, 0x41, 0x0, 0x7c, 0xdd, 0x21, 0x4e,
    0x1, 0xe, 0x30, 0xbe, 0xda, 0x0, 0x4f, 0xd2,
    0x2d, 0xca, 0x1, 0xc7, 0x3d, 0x2, 0x96, 0x80,
    0x4, 0x14, 0xab, 0x22, 0xfe, 0x35, 0xc8, 0x64,
    0x0, 0x1f, 0x1d, 0x6e, 0xff, 0xf0, 0x52, 0x40,
    0x30, 0x80, 0xd, 0x50, 0x9, 0x54, 0x0, 0x55,
    0x8, 0x7, 0xfa, 0x6b, 0x81, 0x2a, 0xc0, 0xaa,
    0x84, 0x1, 0xff, 0xfc, 0xcc, 0x38, 0x56, 0x50,
    0x36, 0x60, 0xb, 0x30, 0x61, 0x99, 0x0, 0xc,
    0xc0, 0x11, 0x80, 0x46, 0x40, 0x3, 0x30, 0x4,
    0x66, 0x0, 0x77, 0x7f, 0xf2, 0x0,

    /* U+76D8 "盘" */
    0x0, 0xfe, 0x2b, 0x70, 0xf, 0xfe, 0x3a, 0xa6,
    0x80, 0x7f, 0xf0, 0x9f, 0xff, 0x40, 0x2f, 0xff,
    0x80, 0x3f, 0x78, 0x1, 0x13, 0xf1, 0x0, 0x7f,
    0xf0, 0x26, 0xec, 0xc1, 0x37, 0x76, 0x0, 0x7f,
    0xf0, 0x85, 0x11, 0xac, 0x1, 0xff, 0xc1, 0x10,
    0x10, 0x19, 0xb1, 0xe0, 0x1, 0x80, 0x78, 0xbf,
    0xe6, 0x8, 0xff, 0xac, 0x5f, 0xfd, 0xa0, 0xf,
    0xf8, 0x4c, 0xf0, 0x0, 0x4c, 0xff, 0x10, 0x0,
    0xce, 0x11, 0x66, 0x20, 0x7, 0xb3, 0x89, 0x77,
    0x33, 0x0, 0x33, 0x20, 0x8, 0x64, 0x24, 0x0,
    0x68, 0xde, 0xa0, 0x1f, 0xe2, 0xc2, 0x23, 0x80,
    0x6, 0xb0, 0xe, 0x7b, 0xc0, 0x40, 0x3c, 0x65,
    0xe0, 0x1c, 0x7c, 0xda, 0x64, 0xba, 0x1, 0xc5,
    0x8f, 0x37, 0x7f, 0xbd, 0x9c, 0x61, 0x40, 0x38,
    0x9d, 0x13, 0xff, 0x85, 0xa0, 0x1f, 0xb7, 0xf0,
    0x13, 0xfc, 0x3, 0xfe, 0x70, 0xf, 0xff, 0x29,
    0xe6, 0x8, 0x33, 0x20, 0x4c, 0xd0, 0x1c, 0xc3,
    0x83, 0xe6, 0x1, 0xcc, 0xc0, 0x1, 0x30, 0x8,
    0xc8, 0x0, 0x66, 0x0, 0x8c, 0xc0, 0x9f, 0xff,
    0xfc, 0x80,

    /* U+76EE "目" */
    0x1, 0x1f, 0xfe, 0x10, 0x3f, 0x77, 0xff, 0xa,
    0x40, 0x3f, 0xf8, 0xcd, 0xff, 0xfe, 0x60, 0xf,
    0xfe, 0x41, 0x80, 0x7f, 0x8c, 0x3, 0x2f, 0xff,
    0xf9, 0x40, 0x3f, 0xf9, 0xd, 0xff, 0xfe, 0x60,
    0xf, 0xfe, 0xc3, 0x7f, 0xff, 0x98, 0x3, 0xff,
    0x90, 0xdf, 0xff, 0xe6, 0x0, 0xff, 0xec, 0x37,
    0xff, 0xf9, 0x80, 0x3f, 0xf9, 0x9, 0xdd, 0xfe,
    0x40, 0xc, 0x42, 0x3f, 0xe2, 0x0, 0x0,

    /* U+76F4 "直" */
    0x0, 0xfe, 0x18, 0x70, 0xf, 0xfe, 0x3a, 0xbc,
    0x0, 0x7f, 0xc5, 0xbb, 0xf5, 0x80, 0x37, 0x7f,
    0x40, 0x0, 0x48, 0xbe, 0x0, 0x88, 0xbf, 0x80,
    0x7, 0xff, 0xf2, 0x4, 0xff, 0xfe, 0xa0, 0xe,
    0xbb, 0xe4, 0xb, 0xbf, 0x84, 0x3, 0xe4, 0x4e,
    0x0, 0x12, 0x27, 0x8c, 0x3, 0xfb, 0xbb, 0xfc,
    0x1, 0xff, 0xc0, 0x11, 0xff, 0x0, 0x7f, 0xf0,
    0x3f, 0xff, 0xc0, 0x1f, 0xfc, 0x7, 0x7f, 0xf0,
    0x7, 0xff, 0x2, 0x23, 0xfc, 0x1, 0xff, 0xc0,
    0xff, 0xff, 0x0, 0x7f, 0xf0, 0x1d, 0xff, 0xc0,
    0x1f, 0xfc, 0x8, 0x8f, 0xf0, 0x7, 0xff, 0x3,
    0xff, 0xfc, 0x1, 0xff, 0xc0, 0x66, 0xff, 0x0,
    0x7f, 0xf0, 0x26, 0x7f, 0xc0, 0x1f, 0x6e, 0xc0,
    0xd, 0xdf, 0xf0, 0x3, 0x76, 0x10, 0x22, 0x80,
    0x4, 0x5f, 0xe0, 0x8, 0x88, 0x0, 0xee, 0xff,
    0xe4, 0x8,

    /* U+76F8 "相" */
    0x0, 0xcd, 0x24, 0x1, 0xff, 0xc6, 0xa6, 0x60,
    0x4, 0x24, 0x5f, 0xc0, 0x1f, 0xf7, 0xee, 0xff,
    0x10, 0x7, 0xff, 0x0, 0x8b, 0xc0, 0x1f, 0xfc,
    0x3c, 0xdd, 0xe1, 0x0, 0xe, 0x64, 0x61, 0x79,
    0x82, 0x0, 0xff, 0x8c, 0xf0, 0x4, 0x66, 0x10,
    0x1, 0x80, 0x70, 0x80, 0xb, 0xb9, 0x60, 0xa,
    0xee, 0x18, 0x3, 0x7f, 0xf8, 0x3, 0x8, 0x88,
    0x2, 0x11, 0x0, 0x62, 0x2e, 0x0, 0xf5, 0x0,
    0x28, 0x40, 0x37, 0x6e, 0xf0, 0x80, 0x62, 0x30,
    0xb, 0x40, 0x3f, 0xf8, 0x70, 0x4, 0x8, 0x74,
    0x1, 0xff, 0xc1, 0x25, 0x50, 0x87, 0x9a, 0x98,
    0x3, 0xb7, 0x78, 0x40, 0x29, 0x9, 0x0, 0xb9,
    0x4c, 0x2, 0x22, 0xe0, 0x9, 0x91, 0x6, 0x1,
    0x15, 0x0, 0x5b, 0xff, 0xc0, 0x11, 0x4, 0x0,
    0x7f, 0x18, 0x7, 0x8, 0x1, 0x2c, 0xc0, 0x3f,
    0xf8, 0xe8, 0x1, 0xfe, 0xcc, 0xf0, 0x80, 0x7f,
    0xf0, 0x88, 0xcf, 0x80, 0x3f, 0xf8, 0x77, 0xbb,
    0xc0, 0x1f, 0xfc, 0x35, 0x22, 0xe1, 0x0, 0xf6,
    0x7a, 0x0, 0x5f, 0xc2, 0x1, 0xdd, 0xe4,

    /* U+7701 "省" */
    0x0, 0xfe, 0x18, 0x80, 0x7, 0xff, 0x8, 0x84,
    0x0, 0x6e, 0xc0, 0x11, 0x18, 0x7, 0xf7, 0xf3,
    0x0, 0x78, 0xf7, 0x14, 0x3, 0xe7, 0x21, 0x60,
    0xf, 0x1c, 0x85, 0x30, 0x7, 0x1c, 0x5, 0x80,
    0x7c, 0x21, 0x21, 0x2e, 0x1, 0x16, 0x83, 0xa8,
    0x7, 0x8f, 0x26, 0xa4, 0x21, 0x40, 0x70, 0x52,
    0x0, 0x38, 0x63, 0x8, 0xf5, 0x9c, 0x34, 0x7,
    0x56, 0xc0, 0x33, 0x80, 0x1c, 0x23, 0x4, 0x23,
    0x20, 0x0, 0x74, 0x2, 0xb3, 0xd4, 0x0, 0x6e,
    0x70, 0xc, 0x60, 0x2d, 0x37, 0xfd, 0x4c, 0x20,
    0x5, 0x8, 0x99, 0xc6, 0x0, 0x1a, 0x64, 0x0,
    0xf9, 0x59, 0xbe, 0x0, 0xba, 0x2e, 0xc0, 0x5f,
    0xff, 0xc6, 0x1, 0xc4, 0xe8, 0xe0, 0x4e, 0xff,
    0xc6, 0x1, 0xff, 0x44, 0x7f, 0x0, 0x7f, 0xc5,
    0xff, 0xfc, 0x60, 0x1f, 0xe2, 0x88, 0xfe, 0x30,
    0xf, 0xf9, 0xdf, 0xf8, 0x3, 0xfe, 0x2f, 0xff,
    0xe3, 0x0, 0xff, 0x15, 0x57, 0xf1, 0x80, 0x7f,
    0xca, 0xbf, 0xc0, 0x1f, 0xf1, 0x7f, 0xff, 0x18,
    0x7, 0xe3, 0xec, 0x0, 0xfe, 0xcf, 0x50, 0x0,

    /* U+770B "看" */
    0x0, 0xff, 0xe1, 0x89, 0xa8, 0x80, 0x63, 0x77,
    0xa2, 0x13, 0x54, 0xbc, 0xef, 0xec, 0xad, 0x0,
    0xcf, 0x11, 0x3b, 0x99, 0x56, 0x15, 0x53, 0x45,
    0x78, 0x6, 0x4d, 0xee, 0xce, 0x7, 0xdb, 0x75,
    0x2e, 0xa6, 0x1, 0x8e, 0x2e, 0xf3, 0x81, 0xd5,
    0x7e, 0x40, 0x9, 0xd5, 0x78, 0x2, 0x55, 0xfc,
    0x40, 0x12, 0x7f, 0xe6, 0x4, 0xff, 0xfe, 0x60,
    0x5, 0x5d, 0xed, 0x60, 0x4b, 0xbf, 0xf3, 0x2,
    0x27, 0x10, 0x4, 0x89, 0xfe, 0xe0, 0xef, 0xfb,
    0x0, 0x19, 0xff, 0xff, 0x40, 0x6, 0x1c, 0x0,
    0x4d, 0x57, 0xf3, 0x0, 0x7b, 0x40, 0x25, 0x5f,
    0xf7, 0x80, 0x76, 0x18, 0x1, 0x7f, 0xff, 0x40,
    0x7, 0x1e, 0x98, 0xb8, 0x2f, 0xff, 0xe8, 0x0,
    0xc7, 0x84, 0x4c, 0xd0, 0x4, 0xcf, 0xe2, 0x0,
    0xc6, 0xad, 0xa4, 0x1, 0x11, 0x7e, 0x60, 0xe,
    0xa9, 0x0, 0xeb, 0xbf, 0xc8, 0x1, 0xff, 0x1f,
    0x77, 0xe7, 0x0, 0xff, 0x8e, 0x23, 0xf3, 0x80,
    0x7f, 0xf0, 0x19, 0xbf, 0x0, 0x7f, 0xf0, 0x13,
    0xff, 0xf3, 0x80, 0x60,

    /* U+771F "真" */
    0x0, 0xfe, 0x66, 0x10, 0x7, 0xff, 0x16, 0x25,
    0x80, 0x3f, 0x16, 0xef, 0xe1, 0xa, 0xdd, 0xf8,
    0xc0, 0x8b, 0xf0, 0x0, 0x48, 0xbe, 0x72, 0xff,
    0xfa, 0x81, 0x3f, 0xff, 0x20, 0x5, 0x5f, 0xfa,
    0x81, 0x3f, 0xfb, 0x0, 0x3c, 0x20, 0xd3, 0x3f,
    0x98, 0x4, 0x3, 0xf8, 0xcf, 0xf0, 0x7, 0xfc,
    0xd5, 0x5f, 0x98, 0x3, 0xfd, 0x7f, 0xff, 0xac,
    0x3, 0xfd, 0x7f, 0xff, 0xac, 0x3, 0xfc, 0xd7,
    0x7f, 0x98, 0x3, 0xfc, 0x64, 0x5f, 0x8c, 0x3,
    0xfc, 0xb1, 0x1f, 0x94, 0x3, 0xfd, 0x7d, 0xdf,
    0xac, 0x3, 0xb3, 0xfc, 0x81, 0x7f, 0xff, 0xac,
    0xb, 0xfd, 0xaa, 0x67, 0xff, 0xc6, 0x49, 0xcc,
    0xb6, 0xca, 0xb3, 0x32, 0x1b, 0xd6, 0x65, 0x20,
    0x4, 0xae, 0x81, 0xf0, 0xd, 0xc6, 0x93, 0xf4,
    0x60, 0xdd, 0x6a, 0x2f, 0xd2, 0x1, 0x9b, 0x35,
    0x81, 0x72, 0x19, 0x1a, 0xfa, 0x4, 0x3, 0xe2,
    0x9f, 0x86, 0x80,

    /* U+773C "眼" */
    0x1, 0x0, 0xf3, 0x64, 0x3b, 0xfc, 0xc0, 0xb,
    0xef, 0xfd, 0x21, 0x6, 0xf1, 0x1f, 0x58, 0x6,
    0x13, 0x20, 0xe, 0x7a, 0xae, 0x80, 0xf, 0x7e,
    0x60, 0x3, 0xa9, 0x57, 0x90, 0x3, 0xff, 0x85,
    0x33, 0xef, 0x0, 0xf6, 0x5e, 0x1, 0x80, 0x48,
    0xcd, 0xc6, 0x1, 0xe2, 0x42, 0x0, 0xec, 0xee,
    0xeb, 0x0, 0xf6, 0xfe, 0x81, 0x80, 0x42, 0x3e,
    0x70, 0xf, 0x18, 0x18, 0x7, 0x4c, 0x47, 0x50,
    0x7, 0x8c, 0xc, 0x3, 0x91, 0xdf, 0x98, 0x3,
    0xdb, 0xfa, 0x6, 0x1, 0x3d, 0x0, 0x1a, 0xaa,
    0x80, 0xc, 0x48, 0x40, 0x1d, 0x4b, 0x40, 0x5,
    0x50, 0xda, 0x80, 0x59, 0x78, 0x6, 0x1, 0xca,
    0xc, 0x53, 0x63, 0x80, 0x1f, 0xfc, 0x26, 0xd,
    0x62, 0xb9, 0x0, 0xb3, 0x1a, 0x1, 0xfa, 0xc0,
    0xb, 0xa8, 0x1, 0x88, 0xcc, 0x1, 0xf8, 0x9c,
    0x10, 0x80, 0x3b, 0x7b, 0xa9, 0x0, 0x91, 0xee,
    0x60, 0xc7, 0x54, 0x0, 0x20, 0x62, 0x30, 0x20,
    0x84, 0xc2, 0x10, 0x69, 0x5, 0x58, 0xd7, 0x88,
    0x6, 0x20, 0x1, 0xbe, 0x58, 0xe, 0xa8, 0x8,
    0x80, 0x3e, 0x66, 0x76, 0x41, 0x80, 0x6a, 0xca,
    0x0,

    /* U+77E2 "矢" */
    0x0, 0xe7, 0x71, 0x0, 0x7f, 0xf1, 0x86, 0x20,
    0xc0, 0x1f, 0xfc, 0x67, 0x1, 0x40, 0xf, 0xfe,
    0x35, 0x80, 0xf7, 0x7f, 0xf0, 0xc, 0x3, 0x98,
    0x80, 0x2, 0x3f, 0xfc, 0x7, 0x0, 0xe8, 0x3,
    0xcc, 0xa0, 0x1, 0x99, 0xf2, 0x0, 0x69, 0x10,
    0xd3, 0x39, 0x0, 0x4c, 0xfe, 0x0, 0xcc, 0xc0,
    0x91, 0x0, 0xff, 0xe2, 0xbb, 0x2b, 0x0, 0x7f,
    0xf1, 0xee, 0x8, 0xb9, 0x0, 0x48, 0xbf, 0x8,
    0x2, 0xb7, 0x7e, 0x80, 0x6, 0xef, 0xec, 0x0,
    0x8, 0x7, 0xff, 0x26, 0xbf, 0xfe, 0x20, 0x0,
    0xff, 0xfd, 0xa0, 0x1f, 0xc8, 0x40, 0x1, 0x60,
    0xf, 0xfe, 0x24, 0x82, 0x50, 0x48, 0x80, 0x7f,
    0xf0, 0xa8, 0x82, 0x14, 0xc3, 0x4, 0x3, 0xfe,
    0x1b, 0x50, 0x93, 0xd, 0x12, 0xc2, 0x0, 0xfe,
    0x5f, 0x40, 0x86, 0x0, 0xe, 0x89, 0x6b, 0x80,
    0x70, 0xbe, 0xd0, 0x8a, 0xdc, 0x3, 0x1e, 0x10,
    0x47, 0xca, 0x0, 0x32, 0x8, 0x1f, 0xd0, 0x3,
    0xc5, 0xb0, 0x0, 0x69, 0x0, 0x71, 0xcf, 0x40,
    0x80, 0x7f, 0x3f, 0xca, 0x70, 0x0,

    /* U+77E5 "知" */
    0x0, 0xd, 0x38, 0x7, 0xff, 0x15, 0x55, 0x60,
    0x1f, 0xfc, 0x5c, 0x4, 0x0, 0xf0, 0xf7, 0x7d,
    0x80, 0x5, 0x7, 0xee, 0xe6, 0x1, 0x1f, 0x88,
    0xc, 0x80, 0x2, 0x3e, 0x0, 0xf, 0x75, 0x60,
    0x14, 0x83, 0x78, 0x3, 0x3f, 0xce, 0x1, 0x8,
    0xce, 0x0, 0x35, 0x8, 0x1, 0x0, 0xff, 0xe1,
    0x9, 0xb0, 0x80, 0x7f, 0xf1, 0xb, 0x24, 0x3,
    0x8, 0x7, 0xff, 0x1, 0x3f, 0xf0, 0x86, 0xff,
    0xc4, 0x1, 0xff, 0xd0, 0x4f, 0xfb, 0x40, 0x1f,
    0xf8, 0x80, 0x3f, 0xf8, 0xc, 0x0, 0x10, 0xf,
    0xfe, 0x26, 0x0, 0x34, 0x3, 0xff, 0x88, 0xa0,
    0x3, 0xb0, 0xf, 0xfe, 0x12, 0x10, 0x68, 0xa4,
    0x80, 0x7f, 0xf0, 0x60, 0x18, 0xb4, 0x19, 0x80,
    0x1, 0x33, 0x94, 0x3, 0x41, 0x84, 0x1, 0xc0,
    0x41, 0x80, 0x33, 0x29, 0x0, 0x9d, 0xc1, 0x22,
    0x0, 0x74, 0xa3, 0x0, 0x19, 0xc0, 0x12, 0x40,
    0x33, 0x0, 0x35, 0xa0, 0x0, 0x73, 0x30, 0x1,
    0x21, 0xe4, 0x3, 0xe1, 0x98, 0x0, 0x8f, 0x70,

    /* U+77E9 "矩" */
    0x0, 0x14, 0x20, 0x7, 0xff, 0x1d, 0xdd, 0xc0,
    0x1c, 0x55, 0x5f, 0xd0, 0x1, 0x68, 0x68, 0x7,
    0xa, 0xaf, 0xf8, 0x2, 0x40, 0x8d, 0xdc, 0xa0,
    0x1, 0x99, 0xfa, 0x0, 0x23, 0x0, 0x11, 0x63,
    0x0, 0x1b, 0x37, 0xca, 0x0, 0x30, 0x3d, 0x0,
    0x7f, 0x98, 0x3, 0xff, 0x83, 0x41, 0x66, 0x2,
    0x1, 0xc4, 0x67, 0xf0, 0x4, 0xe0, 0xc0, 0x1f,
    0xd9, 0x9e, 0xe0, 0xb, 0xe0, 0x40, 0x3f, 0x91,
    0x38, 0x3, 0x9f, 0xe2, 0xc0, 0x62, 0xe, 0x0,
    0x2b, 0xbd, 0x40, 0x1d, 0xae, 0xe5, 0x0, 0x3b,
    0xa4, 0x3, 0xff, 0x83, 0x37, 0x67, 0x0, 0x5d,
    0xb4, 0x3, 0xff, 0x82, 0x48, 0x8f, 0x5, 0x44,
    0x18, 0x0, 0xbb, 0xb7, 0x80, 0x7e, 0xd0, 0x53,
    0x0, 0xe1, 0x1e, 0x0, 0xfc, 0xa0, 0xd, 0x20,
    0x8, 0x7f, 0xfd, 0xa0, 0x1c, 0xa0, 0x6e, 0x3e,
    0x1, 0x18, 0x7, 0xff, 0x2, 0x2, 0x60, 0xca,
    0xc0, 0x3f, 0xf8, 0x50, 0x44, 0x50, 0xd0, 0x10,
    0xf, 0xfe, 0xb, 0x38, 0x70, 0x0, 0x6e, 0x80,
    0x5, 0xff, 0xf8, 0xc6, 0x2, 0xc, 0x2, 0x40,
    0xf, 0xfe, 0x8, 0xe4, 0xb8, 0x7, 0x8f, 0xff,
    0xfc, 0x60,

    /* U+7801 "码" */
    0x4, 0x4f, 0x8c, 0x8, 0xbe, 0x42, 0x0, 0xae,
    0xfe, 0xf4, 0xdd, 0xfa, 0xf4, 0x2, 0x65, 0x0,
    0x95, 0x56, 0xe6, 0x7e, 0x20, 0x10, 0xa, 0x69,
    0x82, 0xaa, 0x73, 0xd8, 0xec, 0xcb, 0x80, 0x80,
    0x39, 0x1, 0x0, 0x32, 0xdc, 0x0, 0x4e, 0xe,
    0x1, 0x88, 0xa1, 0x0, 0xc4, 0x4, 0x1, 0x10,
    0x10, 0x6, 0x40, 0x50, 0xe, 0x10, 0xf0, 0xb,
    0x83, 0x80, 0x34, 0x83, 0xd5, 0x44, 0x1c, 0x4,
    0x1, 0x8, 0x10, 0x4, 0x80, 0x12, 0xac, 0x20,
    0x40, 0xc0, 0x11, 0x3, 0x0, 0x50, 0x0, 0x9d,
    0x50, 0x9, 0x3, 0x3f, 0xe4, 0xc, 0xfb, 0x53,
    0x0, 0x29, 0x0, 0x78, 0x8b, 0x0, 0x61, 0x50,
    0x10, 0xf, 0xbf, 0xdb, 0xbb, 0xfd, 0x20, 0x61,
    0x4e, 0x1, 0xff, 0xc3, 0xe0, 0xe0, 0x50, 0xf,
    0xa6, 0xab, 0xe2, 0x10, 0x10, 0xf, 0xe7, 0x55,
    0xf9, 0x94, 0x8, 0x3, 0x66, 0xa0, 0x3, 0x37,
    0x7e, 0x42, 0x5, 0x0, 0xe2, 0x10, 0x1, 0x17,
    0xe1, 0x1c, 0x1, 0xaf, 0xfe, 0x30, 0xf, 0xcc,
    0xa, 0x1, 0x79, 0xb0, 0x7, 0xf4, 0xee, 0x40,
    0x70, 0x4, 0xd8, 0x40, 0x1f, 0xde, 0x46, 0x2e,
    0xa0, 0x1f, 0xfc, 0x36, 0xff, 0x74, 0x0, 0x0,

    /* U+7840 "础" */
    0x0, 0xff, 0xe1, 0x3b, 0x0, 0x7a, 0xae, 0xfd,
    0x0, 0x18, 0xa2, 0x40, 0x3c, 0xa8, 0x9e, 0x30,
    0x75, 0x0, 0xf3, 0x38, 0x3, 0x71, 0x41, 0x73,
    0x12, 0x31, 0x0, 0xf, 0x44, 0x0, 0x4, 0x60,
    0xe, 0x33, 0x10, 0x7, 0xff, 0xd, 0x1, 0x0,
    0x3f, 0xf8, 0xa4, 0x26, 0x1, 0xff, 0xc6, 0x50,
    0xb0, 0xf, 0xfe, 0x34, 0x4, 0x66, 0x44, 0x0,
    0x2f, 0xd0, 0x7, 0xf8, 0x40, 0x24, 0x0, 0x8c,
    0xe1, 0x11, 0x9c, 0x20, 0x3, 0x3c, 0x0, 0x90,
    0x6, 0x7b, 0x80, 0x59, 0x98, 0x1, 0x99, 0x81,
    0x48, 0x0, 0x20, 0x19, 0xed, 0x40, 0x3c, 0x96,
    0xc8, 0x2, 0x1, 0xed, 0x4d, 0x0, 0xf1, 0xa7,
    0x8c, 0xb8, 0x7, 0xff, 0x1d, 0x80, 0x3f, 0xfc,
    0x1f, 0x4a, 0x1, 0xff, 0xc6, 0x25, 0x20, 0xc,
    0x6f, 0x60, 0x7, 0x74, 0x80, 0x7a, 0xb3, 0x23,
    0x0, 0x24, 0x30, 0x2, 0x20, 0x20, 0x1b, 0x89,
    0xcc, 0xe0, 0xc6, 0x6f, 0xc0, 0x1c, 0xfa, 0x40,
    0x19, 0xa6, 0x7f, 0x40, 0x0,

    /* U+786C "硬" */
    0xb, 0xbf, 0x9b, 0x37, 0x7f, 0xe0, 0x2, 0x27,
    0xde, 0x45, 0xff, 0xc0, 0x0, 0x66, 0x14, 0x13,
    0x31, 0x1d, 0xff, 0x68, 0x3, 0xff, 0x80, 0x6,
    0x60, 0x7, 0x99, 0x84, 0x3, 0x18, 0x8, 0x7,
    0xf2, 0x2, 0x80, 0x4f, 0xff, 0x70, 0xf, 0xfe,
    0xb0, 0x8, 0x84, 0x84, 0x2, 0xf0, 0x35, 0x40,
    0x2, 0xa9, 0x1, 0xc0, 0x25, 0x5, 0x0, 0xf4,
    0xd5, 0x0, 0x6a, 0x92, 0x1, 0xd0, 0xf, 0x55,
    0x28, 0x3, 0xe2, 0x0, 0x31, 0xb, 0x0, 0xc8,
    0x1, 0x2a, 0xda, 0x0, 0x57, 0x60, 0x3, 0xb9,
    0x80, 0x34, 0x0, 0x27, 0x68, 0x3, 0x57, 0xf0,
    0xf, 0xfb, 0x40, 0x24, 0x30, 0x2, 0x93, 0x0,
    0x78, 0xc0, 0x3f, 0x20, 0x7, 0xfa, 0xbf, 0x40,
    0x7f, 0xda, 0x1, 0xa1, 0x80, 0x3d, 0x8c, 0xd1,
    0x0, 0x19, 0xb5, 0x0, 0x1c, 0x3, 0xf2, 0x74,
    0xd0, 0x44, 0xce, 0x60, 0xf, 0xf2, 0x9c, 0x1d,
    0x2, 0x0, 0x7f, 0xb3, 0x78, 0x0, 0x34, 0x18,
    0x46, 0x60, 0xf, 0xf8, 0x88, 0x1, 0x21, 0x80,
    0x9, 0x0, 0x3f, 0xd7, 0xff, 0x42, 0x61, 0x80,
    0x6, 0xfa, 0x58, 0xc4, 0x2, 0xf3, 0x60, 0xa,
    0xac, 0xcd, 0xbf, 0x68, 0x2d, 0x39, 0xc2, 0x0,
    0x6c, 0x20, 0xa, 0xd6, 0xf0, 0x81, 0x2f, 0xee,
    0x16, 0x4,

    /* U+786E "确" */
    0x0, 0xff, 0x89, 0xc8, 0x3, 0xf3, 0xbf, 0xc8,
    0x0, 0x88, 0x38, 0x7, 0xe9, 0x88, 0xf7, 0x0,
    0xa8, 0x4d, 0xdb, 0xe8, 0x3, 0x5c, 0x90, 0xc,
    0xcb, 0x82, 0xc0, 0x6, 0x88, 0x5, 0x40, 0x9,
    0x59, 0xc2, 0x99, 0x88, 0x85, 0x1f, 0xfa, 0x1,
    0x50, 0x3, 0x90, 0x10, 0x0, 0x34, 0x14, 0x0,
    0x28, 0x1b, 0x0, 0xe2, 0x13, 0x0, 0xe, 0x8,
    0x5f, 0x73, 0x40, 0x7f, 0xe3, 0x0, 0x28, 0x58,
    0x0, 0xc8, 0x3, 0xe1, 0x0, 0xf4, 0x4, 0x55,
    0x22, 0xe8, 0x1b, 0xb8, 0x5, 0xdc, 0x30, 0x8,
    0xc0, 0x25, 0x59, 0x0, 0x6, 0x2, 0x6, 0x1,
    0xef, 0x0, 0x46, 0x18, 0x6, 0x5f, 0xe0, 0x1f,
    0xf1, 0x80, 0x10, 0xc0, 0x6, 0x67, 0x0, 0xe6,
    0x50, 0x3, 0x30, 0x2, 0x41, 0x20, 0xf, 0xcd,
    0x34, 0x5, 0x32, 0x30, 0xa, 0xe8, 0x3, 0xc6,
    0xa, 0x88, 0x2, 0x44, 0x18, 0x4, 0xa0, 0x1f,
    0x70, 0x1d, 0xd8, 0x1, 0x76, 0x0, 0xff, 0xe0,
    0x10, 0x1b, 0xb8, 0x0, 0xee, 0x0, 0xfa, 0xf5,
    0x0, 0x8, 0x1d, 0x10, 0x2, 0x88, 0x18, 0x7,
    0xc4, 0x0, 0x31, 0x11, 0x0, 0x7f, 0xf0, 0x6b,
    0xfe, 0x80, 0x60, 0xf, 0xfe, 0x1, 0x1b, 0x0,
    0x19, 0x2, 0x80, 0x21, 0x66, 0x59, 0x80, 0x80,
    0x17, 0xc, 0x0, 0xc8, 0xe4, 0x1, 0x75, 0x9a,
    0x2, 0x90, 0x7, 0xeb, 0x80, 0xf, 0x2f, 0xfa,
    0x80,

    /* U+793A "示" */
    0x0, 0xff, 0xe6, 0x77, 0xff, 0xff, 0xa, 0x40,
    0x3f, 0xf9, 0xdd, 0xff, 0xff, 0xc2, 0x90, 0xf,
    0xff, 0xd, 0xf7, 0x7f, 0xf1, 0xac, 0x1c, 0x47,
    0xff, 0x8c, 0xe1, 0xbb, 0xfa, 0x40, 0x1b, 0xbf,
    0xc0, 0x24, 0x5f, 0x28, 0x0, 0x8b, 0xf0, 0x80,
    0x66, 0x94, 0x0, 0xfc, 0xb6, 0x20, 0x1f, 0x5b,
    0x18, 0x7, 0xe8, 0x4b, 0x0, 0xf2, 0x90, 0x30,
    0x7, 0xe9, 0x5, 0x40, 0xe, 0x80, 0x61, 0x0,
    0xfc, 0x8a, 0x12, 0x1, 0xa0, 0x86, 0x0, 0x3f,
    0xd0, 0x4, 0xe0, 0x4, 0x70, 0xb1, 0x0, 0xff,
    0x12, 0x84, 0x0, 0xd8, 0x22, 0x80, 0x7f, 0xf0,
    0x20, 0x0, 0xe3, 0x47, 0x40, 0x1, 0x19, 0x80,
    0x3e, 0x23, 0x55, 0x2, 0xe0, 0x80, 0x33, 0xb9,
    0x40, 0x20, 0x1e, 0xca, 0x20, 0xf, 0x50, 0x4,
    0x74, 0x1, 0xff, 0xc3, 0x7f, 0xfb, 0x10, 0x3,
    0xf8,

    /* U+79BB "离" */
    0x0, 0xfc, 0x72, 0xa0, 0x1f, 0xfc, 0x56, 0x64,
    0x0, 0x7f, 0x2d, 0xdf, 0xdc, 0x5, 0xd7, 0x7f,
    0x51, 0x22, 0x7e, 0x0, 0xa, 0x27, 0xe7, 0xfe,
    0xcc, 0x7e, 0x4f, 0x7f, 0xd1, 0x3f, 0xb9, 0xbf,
    0xc0, 0x3, 0xce, 0x5, 0x9f, 0x73, 0xb8, 0x10,
    0xbc, 0x50, 0xf, 0xcd, 0xc9, 0x18, 0x98, 0xe0,
    0x1f, 0xfc, 0x4, 0xb5, 0x12, 0xc, 0x70, 0xf,
    0xf8, 0x69, 0xe7, 0xb7, 0x9e, 0x48, 0x3, 0xf8,
    0xe1, 0x53, 0xee, 0x60, 0x52, 0xd0, 0x3, 0xc6,
    0x2, 0xc8, 0xcc, 0x46, 0x69, 0x58, 0x80, 0x3c,
    0x3f, 0xfd, 0x80, 0xe, 0xff, 0xe7, 0x0, 0x9a,
    0xef, 0xd8, 0x0, 0xab, 0xbd, 0xbf, 0x20, 0xe,
    0x44, 0xf0, 0x4, 0x89, 0xc4, 0x8, 0x1, 0xa3,
    0xfd, 0xc0, 0xb, 0xfd, 0x3b, 0xff, 0x60, 0x7,
    0xf5, 0x3, 0xa0, 0x19, 0x50, 0x80, 0x80, 0x7e,
    0xa4, 0xf, 0x8a, 0xd1, 0x15, 0x0, 0x7f, 0x94,
    0x1, 0xe, 0xa6, 0x40, 0x88, 0x0, 0xfe, 0x75,
    0x8a, 0xce, 0xfd, 0xe7, 0x40, 0xf, 0xe8, 0xa7,
    0x53, 0x10, 0x1, 0x84, 0x40, 0x4, 0x3, 0xff,
    0x84, 0x4c, 0xea, 0x50, 0x0, 0x8f, 0x70, 0xf,
    0xf7, 0x7f, 0xb5, 0x0,

    /* U+79CD "种" */
    0x0, 0xff, 0xe1, 0x44, 0x0, 0x3f, 0x85, 0x6b,
    0xcc, 0x3, 0xb, 0xb8, 0x3, 0x85, 0xeb, 0x7a,
    0x94, 0x28, 0x3, 0xff, 0x80, 0x32, 0xa4, 0x0,
    0x8e, 0x90, 0xf, 0xfe, 0xe, 0x77, 0x88, 0x28,
    0x80, 0x7f, 0xf0, 0x88, 0x40, 0x3d, 0x1b, 0xb7,
    0x80, 0x37, 0x73, 0x81, 0x14, 0x20, 0xc4, 0x5e,
    0x10, 0x1, 0x16, 0xe5, 0xdd, 0x80, 0x17, 0xbc,
    0x0, 0x8c, 0xb0, 0x6, 0x61, 0x80, 0xc, 0x66,
    0x10, 0x0, 0x9a, 0x80, 0x8, 0xd4, 0x0, 0x66,
    0xe0, 0x1, 0xe6, 0x24, 0x0, 0xd9, 0x20, 0x1f,
    0xfc, 0x39, 0x0, 0x3a, 0x0, 0x7f, 0xf0, 0xd8,
    0x40, 0x2b, 0x20, 0x1, 0x89, 0x80, 0x4, 0x5e,
    0x1, 0xac, 0x44, 0x14, 0x1e, 0x0, 0x9e, 0xd0,
    0x7, 0x71, 0xc0, 0xc1, 0xca, 0x40, 0xe, 0xd0,
    0x1, 0xff, 0xc0, 0x38, 0x17, 0x0, 0xa5, 0x40,
    0x15, 0xfc, 0x0, 0xff, 0x40, 0x1d, 0x4, 0x0,
    0x7a, 0x2d, 0x0, 0x3c, 0xdb, 0x16, 0x6c, 0x1,
    0xe2, 0x41, 0x0, 0xf0, 0x90, 0x96, 0x0, 0x7f,
    0xff, 0xc0, 0x3f, 0xee, 0xf2, 0x0, 0xf0, 0xff,
    0x80, 0x38,

    /* U+79D1 "科" */
    0x0, 0xff, 0xe2, 0x33, 0x4, 0x3, 0xc2, 0xb3,
    0xea, 0x1, 0xf4, 0x49, 0x80, 0x4d, 0x3b, 0xd4,
    0xc1, 0xc0, 0x9, 0x70, 0xf, 0xeb, 0x62, 0x0,
    0x37, 0x58, 0x13, 0xc5, 0x0, 0x7e, 0xfd, 0xf2,
    0xa, 0x10, 0x1, 0x79, 0x2d, 0x80, 0x7c, 0x44,
    0x0, 0xfc, 0x38, 0x4c, 0x20, 0x1e, 0x22, 0xc0,
    0xa4, 0x40, 0x8, 0x7f, 0x4, 0x3, 0x97, 0x76,
    0x0, 0x4e, 0xe9, 0x40, 0x22, 0x10, 0xf, 0x9,
    0x98, 0x80, 0x23, 0x30, 0xd6, 0x90, 0x7, 0xe4,
    0xcc, 0x58, 0x0, 0xf3, 0x8, 0x65, 0xa8, 0x1,
    0xfe, 0xb0, 0x1, 0xb8, 0x2, 0x64, 0x16, 0xa0,
    0x1f, 0x90, 0x80, 0x3, 0x8, 0x0, 0x6a, 0x1,
    0x0, 0xfd, 0x22, 0x41, 0x61, 0x40, 0x12, 0xf2,
    0x0, 0x7c, 0xc4, 0xc0, 0x6, 0x86, 0x0, 0xc2,
    0x6, 0x21, 0xfd, 0x45, 0x21, 0x20, 0x13, 0xc1,
    0xac, 0x5e, 0xfe, 0x0, 0x8, 0x59, 0x41, 0xc4,
    0x3, 0xb6, 0x9d, 0x8, 0xc, 0x1, 0x3d, 0x8e,
    0x70, 0x1, 0xe7, 0x58, 0xad, 0xfc, 0x10, 0x41,
    0x0, 0x60, 0x7, 0xd3, 0x4e, 0xa4, 0x1, 0xff,
    0xfa,

    /* U+79D2 "秒" */
    0x0, 0xf8, 0x80, 0x38, 0x65, 0xc0, 0x3f, 0xc9,
    0x1b, 0xa7, 0x0, 0xc4, 0xd6, 0x1, 0xf5, 0x6f,
    0xdb, 0x91, 0x3c, 0x3, 0xff, 0x84, 0xc6, 0x60,
    0x5, 0x6c, 0x0, 0x7f, 0x8, 0x6, 0xce, 0xc2,
    0x6, 0x0, 0x9a, 0x90, 0x3, 0x5f, 0x8, 0x7,
    0xff, 0x3, 0x54, 0x40, 0x31, 0x84, 0x0, 0x9,
    0x9a, 0x20, 0xa6, 0x60, 0x28, 0x38, 0x6, 0x90,
    0x60, 0x3, 0xcc, 0xc0, 0x6, 0x99, 0x18, 0x81,
    0x0, 0x61, 0x40, 0x60, 0x66, 0x94, 0x0, 0x6c,
    0xc5, 0x4, 0x0, 0xf7, 0x5, 0x1, 0xcc, 0xb4,
    0x0, 0x33, 0x2d, 0xd, 0x0, 0xf2, 0x81, 0x80,
    0x69, 0x0, 0x14, 0x2, 0x83, 0x80, 0x7d, 0x7c,
    0x1, 0x30, 0x80, 0x9, 0xd7, 0xa8, 0x40, 0x3d,
    0x24, 0x20, 0x14, 0x9, 0x4, 0x84, 0x2, 0x80,
    0x79, 0x1a, 0x0, 0x28, 0x19, 0x0, 0x3c, 0x70,
    0x7, 0xe9, 0x6, 0x0, 0x1b, 0x8b, 0x80, 0x4e,
    0x60, 0x18, 0xff, 0x24, 0x86, 0x40, 0xa, 0x10,
    0x1, 0xff, 0xc0, 0x86, 0xa, 0x10, 0x3, 0x2b,
    0x0, 0x7f, 0x86, 0x9c, 0x25, 0x0, 0x35, 0x0,
    0x7f, 0xc, 0x72, 0x85, 0x30, 0x7, 0xff, 0x0,
    0x9a, 0xf9, 0xc0, 0xf5, 0x40, 0x3f, 0xf8, 0x3,
    0x92, 0x80, 0x97, 0x84, 0x1, 0xff, 0xc1, 0x18,
    0x48, 0xdb, 0x40, 0xf, 0xc0,

    /* U+79EF "积" */
    0x0, 0xfc, 0x20, 0x1f, 0xfc, 0x63, 0x7b, 0xe5,
    0x0, 0xff, 0xe0, 0xbd, 0x6f, 0xe4, 0x20, 0xe0,
    0xff, 0xff, 0x20, 0x3, 0x14, 0xc, 0x1, 0xbd,
    0x20, 0x1f, 0xfc, 0x1b, 0xfd, 0xd0, 0x9, 0x0,
    0x61, 0xff, 0xe2, 0x0, 0xff, 0xe7, 0x8, 0xc6,
    0x2, 0x38, 0x3, 0xff, 0x83, 0x9d, 0xcd, 0x0,
    0x77, 0x4a, 0x1, 0xff, 0xc0, 0x62, 0x20, 0x4,
    0x45, 0x0, 0x7f, 0xf0, 0x6f, 0x74, 0x60, 0x8,
    0xdd, 0x28, 0x7, 0xff, 0x8, 0x8c, 0x1, 0x48,
    0x1, 0xf, 0xff, 0x10, 0x7, 0xa0, 0x2, 0x2b,
    0x30, 0xf, 0xfe, 0x11, 0xa9, 0x80, 0xf0, 0x68,
    0xff, 0xff, 0x20, 0x5, 0xc1, 0x0, 0x3, 0x64,
    0x0, 0xff, 0xe0, 0xc9, 0x2a, 0x80, 0x28, 0xb0,
    0x6, 0x59, 0x1, 0xdd, 0x0, 0x67, 0x8, 0x0,
    0xc2, 0x20, 0x33, 0x21, 0x1, 0x22, 0x98, 0x5,
    0x30, 0x40, 0x1f, 0x50, 0x28, 0x0, 0x60, 0x3c,
    0x2, 0x77, 0x0, 0x7c, 0x4c, 0x12, 0x1, 0x30,
    0x19, 0x80, 0x3f, 0xe9, 0x4, 0x30, 0x8, 0x58,
    0x24, 0x3, 0xfc, 0xe8, 0x12, 0x1, 0xd6, 0xa,
    0x20, 0x1f, 0xce, 0xe9, 0x20, 0xe, 0x26, 0xa1,

    /* U+7A0B "程" */
    0x0, 0xff, 0xe7, 0xa, 0xd7, 0x10, 0x5d, 0xff,
    0x50, 0x0, 0x5e, 0xb7, 0xa9, 0x42, 0x85, 0x13,
    0xfc, 0x1, 0x42, 0x88, 0x2, 0x7a, 0x0, 0x5,
    0xff, 0xda, 0x1, 0x87, 0xbf, 0x8, 0x14, 0x3,
    0xfc, 0x60, 0x1c, 0x20, 0x1f, 0xfc, 0x92, 0x2c,
    0xa, 0x44, 0x0, 0x84, 0x78, 0xc0, 0x31, 0xee,
    0xc0, 0x9, 0xde, 0x0, 0x17, 0x77, 0x68, 0x6,
    0x13, 0x31, 0x0, 0x46, 0xc2, 0x89, 0xfe, 0x0,
    0x16, 0x62, 0xc0, 0x15, 0x94, 0x17, 0x7f, 0xd4,
    0x1, 0xd6, 0x0, 0xa3, 0xa, 0xdd, 0xdd, 0xcd,
    0xdd, 0x0, 0x12, 0x90, 0x5, 0x86, 0x24, 0x58,
    0x44, 0x45, 0x84, 0x2, 0x81, 0x20, 0x90, 0xdb,
    0xff, 0xb4, 0x7, 0xff, 0x48, 0x1, 0xc9, 0x80,
    0xb, 0xc, 0x1, 0xff, 0xc1, 0x38, 0x18, 0x0,
    0x9e, 0xf, 0x32, 0xd0, 0x1c, 0xcc, 0x20, 0xa1,
    0x20, 0x1e, 0x73, 0x38, 0x2, 0x33, 0xe0, 0x64,
    0x70, 0xf, 0x27, 0xfd, 0xa0, 0xf, 0xfc, 0x40,
    0xb, 0x0, 0xff, 0xe0, 0x88, 0x7, 0xff, 0x8,
    0xd5, 0x78, 0x5, 0x57, 0x80, 0x3f, 0xa2, 0xab,
    0x40, 0x2, 0xab, 0x84, 0x3, 0xff, 0x94,

    /* U+7A7A "空" */
    0x0, 0xfc, 0x4e, 0xe0, 0xf, 0xfe, 0x2a, 0x44,
    0x8, 0x3, 0xff, 0x88, 0xc2, 0x16, 0x1, 0xf8,
    0xff, 0xff, 0x8, 0x37, 0xff, 0xdc, 0x1, 0x8,
    0xf8, 0x4, 0x7e, 0x0, 0xe2, 0xee, 0xf7, 0xf7,
    0x7d, 0x80, 0x1f, 0x8b, 0xc, 0x2, 0xa9, 0x10,
    0xf, 0xf4, 0x69, 0xc8, 0x1, 0x10, 0xdd, 0x24,
    0x28, 0x83, 0xdf, 0x6e, 0x70, 0x8a, 0x0, 0x27,
    0x40, 0xb6, 0xdc, 0xd0, 0x56, 0x48, 0xa6, 0xb8,
    0x7, 0x3f, 0x38, 0x36, 0xb0, 0x78, 0xa5, 0xd8,
    0x80, 0x3f, 0x47, 0x31, 0x38, 0x3e, 0x14, 0xee,
    0xff, 0xd9, 0x5a, 0x20, 0x3, 0x22, 0xff, 0xe1,
    0x38, 0x7, 0x5f, 0xff, 0x0, 0x2f, 0xff, 0x90,
    0x3, 0xff, 0xfe, 0x1, 0xf1, 0x77, 0x7e, 0x0,
    0x5f, 0x77, 0xd8, 0x2, 0x3f, 0x80, 0x21, 0x1f,
    0xc0,

    /* U+7A97 "窗" */
    0x0, 0xfc, 0x2a, 0xc0, 0x1f, 0xfc, 0x54, 0xa9,
    0x20, 0xf, 0xc5, 0x55, 0xf7, 0x0, 0x36, 0xab,
    0xe6, 0x15, 0x5f, 0x90, 0x2, 0x55, 0xfb, 0x0,
    0x3, 0xff, 0x63, 0xf7, 0xfd, 0x2d, 0xbf, 0xe7,
    0x0, 0xf1, 0xd6, 0x3b, 0x0, 0x58, 0xdb, 0x8b,
    0xe4, 0x43, 0xd8, 0xcc, 0x2a, 0x69, 0xa9, 0x5,
    0x73, 0x9d, 0x52, 0x20, 0x1f, 0x26, 0xdb, 0x67,
    0x74, 0xc0, 0x1, 0x8e, 0x72, 0xa7, 0xe, 0x78,
    0xe5, 0x7e, 0x0, 0x1b, 0xbe, 0x6f, 0x79, 0x70,
    0x31, 0x88, 0xc0, 0x14, 0x47, 0xce, 0xc0, 0x1c,
    0x7f, 0xec, 0x7d, 0xff, 0xeb, 0x0, 0xff, 0xa1,
    0xd8, 0xce, 0x50, 0x70, 0xf, 0xf4, 0x20, 0x5e,
    0x65, 0x50, 0x1, 0xfe, 0x67, 0x6a, 0xff, 0x71,
    0xc, 0x80, 0x7f, 0x9a, 0x72, 0xba, 0xfc, 0xb4,
    0x40, 0x3f, 0xe6, 0x5e, 0x4, 0x12, 0x10, 0xf,
    0xfe, 0x2, 0x4f, 0x8a, 0xb1, 0x6b, 0x80, 0x7f,
    0x96, 0xdd, 0xdb, 0x53, 0xca, 0x60, 0x1f, 0xc6,
    0x4b, 0x3c, 0xae, 0xe6, 0xd3, 0x80, 0xf, 0xe8,
    0x58, 0x8f, 0xc8, 0x1, 0xf8, 0xff, 0xff, 0xd6,
    0x1, 0xe9, 0xed, 0x0, 0xff, 0x27, 0xf8, 0x0,

    /* U+7AD6 "竖" */
    0x0, 0xff, 0xe5, 0x9, 0x0, 0x1b, 0xd8, 0x6a,
    0xbe, 0xbf, 0x50, 0xa, 0xf4, 0xc0, 0x31, 0xaa,
    0xfc, 0x81, 0xe0, 0x1f, 0xe2, 0x70, 0x6c, 0xcc,
    0x0, 0xe0, 0xf, 0xfa, 0x41, 0xcc, 0xe5, 0x2,
    0x40, 0xf, 0xf8, 0x5c, 0x68, 0xa, 0x42, 0x40,
    0x3f, 0xf8, 0x30, 0x4b, 0x3e, 0xa, 0x80, 0x1f,
    0xfc, 0x2f, 0x6, 0x23, 0xa0, 0xf, 0xfe, 0x10,
    0xd0, 0x4, 0x4a, 0x1, 0xff, 0xc0, 0x39, 0xe7,
    0x4, 0x21, 0xad, 0x73, 0x0, 0xfe, 0xb6, 0x4,
    0xdb, 0xd8, 0x12, 0x8f, 0x0, 0x57, 0x98, 0x12,
    0x96, 0x1, 0x59, 0x0, 0x1f, 0xa5, 0x34, 0x3,
    0xc9, 0x48, 0x80, 0x22, 0x0, 0x73, 0x58, 0x80,
    0x27, 0xbb, 0xe0, 0x6, 0xf7, 0x7c, 0x1, 0x18,
    0x8f, 0xc0, 0x10, 0x8f, 0xc0, 0x15, 0x7f, 0xac,
    0x9b, 0xff, 0xd2, 0x4f, 0xff, 0x0, 0x79, 0xc9,
    0x80, 0x3d, 0xa5, 0xe0, 0x1f, 0xc6, 0x40, 0xa0,
    0x1c, 0x80, 0xc0, 0x1f, 0xe5, 0x21, 0x0, 0xca,
    0x8, 0x20, 0x1d, 0x3b, 0xb9, 0x82, 0x77, 0x75,
    0x2, 0x6e, 0xec, 0x2, 0x2e, 0x12, 0x2f, 0x0,
    0x44, 0x5c, 0x0,

    /* U+7AEF "端" */
    0x0, 0xc6, 0x1, 0xf8, 0xa1, 0x0, 0x3f, 0x56,
    0x28, 0x4, 0xee, 0x0, 0x3b, 0xb0, 0x0, 0xce,
    0x20, 0x14, 0x4, 0x0, 0x53, 0x0, 0x1f, 0x5c,
    0x18, 0x4, 0x46, 0x62, 0x0, 0xff, 0xe1, 0xe6,
    0x42, 0x5d, 0x8a, 0x0, 0x21, 0x20, 0x11, 0x80,
    0x31, 0x9c, 0x46, 0x78, 0x1, 0xbd, 0x0, 0xdd,
    0xc2, 0x0, 0xb7, 0x7e, 0x74, 0x4f, 0xf8, 0xc0,
    0x12, 0x24, 0x4c, 0xb1, 0xab, 0xbf, 0xf0, 0x80,
    0xa2, 0x80, 0x88, 0xeb, 0x33, 0x6e, 0x67, 0xac,
    0xc, 0x3c, 0xc, 0x9, 0x8c, 0xf1, 0x19, 0xf9,
    0x40, 0x2, 0x40, 0xc1, 0xd9, 0xff, 0x90, 0x1b,
    0xff, 0x70, 0x0, 0xdc, 0x8, 0x14, 0x3, 0x98,
    0x28, 0x3, 0xe6, 0x20, 0xe0, 0x32, 0xdd, 0xbc,
    0x83, 0x3f, 0x7f, 0xca, 0x0, 0x21, 0x2, 0x10,
    0x12, 0x21, 0x80, 0x71, 0x0, 0xc, 0x0, 0x20,
    0x2e, 0xa0, 0x12, 0x72, 0xf, 0xb8, 0x74, 0x80,
    0x6b, 0xb0, 0x92, 0xd2, 0x0, 0x7f, 0xf0, 0x52,
    0xff, 0xc0, 0x2b, 0xa0, 0x1f, 0xfc, 0x1b, 0x74,
    0x2, 0x6a, 0xe0, 0xf, 0xfe, 0xa, 0xb5, 0x76,
    0xca, 0xb8, 0x7, 0xff, 0x6, 0xa5, 0x44, 0x3,
    0xff, 0x80, 0xd4, 0x1, 0xff, 0xc8, 0x33, 0x38,
    0x7, 0xe3, 0xda, 0xb, 0xe0, 0x8f, 0x7f, 0xc1,

    /* U+7B26 "符" */
    0x0, 0x8e, 0x94, 0x3, 0xc9, 0x4a, 0x1, 0xfd,
    0x4b, 0x80, 0x1e, 0xf5, 0xd0, 0xf, 0xc2, 0xc0,
    0x97, 0x79, 0x4d, 0x1, 0x6e, 0xfa, 0x40, 0x10,
    0x0, 0x24, 0x4d, 0xbe, 0x0, 0x24, 0x4f, 0x1,
    0xb0, 0x63, 0x3, 0x7f, 0x80, 0xc7, 0xb4, 0x1,
    0x9f, 0xed, 0x1d, 0x7, 0x38, 0x6, 0x15, 0x70,
    0xa1, 0x29, 0xf, 0x0, 0x86, 0x12, 0x0, 0xd9,
    0x86, 0xb1, 0x4, 0x0, 0x33, 0xf8, 0x6, 0x6b,
    0x0, 0x7b, 0x61, 0x3, 0xb8, 0x3, 0x36, 0x10,
    0x7, 0x9c, 0x85, 0x40, 0x3f, 0xf8, 0x85, 0x1,
    0x2b, 0xdd, 0xf8, 0x43, 0x7b, 0x0, 0x2f, 0x0,
    0x31, 0x88, 0xfe, 0x0, 0x84, 0x80, 0x16, 0x40,
    0x13, 0x7f, 0xfe, 0x0, 0x67, 0xf0, 0x52, 0x0,
    0x79, 0xe0, 0x3, 0x84, 0x4, 0x2, 0x60, 0x81,
    0x0, 0x8a, 0x1d, 0x0, 0x3f, 0xdd, 0xe, 0x1,
    0x8a, 0x2, 0x84, 0x3, 0xf8, 0x9c, 0x3, 0xce,
    0x43, 0x60, 0x1f, 0xfc, 0x6e, 0x4, 0x10, 0xf,
    0xfe, 0x29, 0xd7, 0x8, 0x7, 0xff, 0x19, 0x40,
    0x3f, 0xf9, 0x33, 0xff, 0x8, 0x10, 0x7, 0xff,
    0xa, 0x80, 0x22, 0xa0, 0xf, 0xbb, 0x82, 0x1,
    0xc7, 0xff, 0x6a, 0x80, 0x40,

    /* U+7B2C "第" */
    0x0, 0xca, 0x80, 0x1f, 0x39, 0x80, 0x7f, 0xae,
    0xc4, 0x1, 0xcb, 0x1a, 0x1, 0xfd, 0x2, 0x17,
    0x33, 0x82, 0x80, 0x66, 0x7a, 0x0, 0x4, 0xe0,
    0x6, 0x6f, 0x0, 0x4c, 0xdc, 0xa0, 0x3e, 0x13,
    0xe4, 0x1b, 0xfd, 0x1, 0x3e, 0xe0, 0x7f, 0xed,
    0xa, 0x25, 0x60, 0xb0, 0xa0, 0x81, 0x46, 0x8,
    0x33, 0x20, 0x5, 0x6f, 0x8c, 0xc1, 0x6e, 0x6f,
    0x4c, 0x66, 0x91, 0xc8, 0x3, 0x54, 0xcd, 0xd,
    0x33, 0x24, 0x4c, 0xce, 0xe9, 0x0, 0xc5, 0x55,
    0xe5, 0x0, 0x55, 0x70, 0x7, 0xca, 0xbe, 0xf0,
    0x45, 0x5e, 0x0, 0xf9, 0xff, 0xfa, 0x81, 0x3f,
    0xf8, 0x3, 0xee, 0x0, 0x19, 0xc0, 0x11, 0x9f,
    0xc0, 0x1c, 0x41, 0x79, 0x95, 0x2, 0x66, 0x7c,
    0x1, 0xca, 0x13, 0x77, 0x50, 0x25, 0xdf, 0x6f,
    0xc8, 0x4, 0x22, 0x2, 0x44, 0x80, 0x24, 0x4e,
    0x20, 0x50, 0x8, 0x7b, 0x9f, 0xe8, 0x0, 0x8f,
    0xff, 0xa0, 0x1c, 0x3, 0x8, 0x82, 0x60, 0x1c,
    0x1c, 0x3, 0xbc, 0x8, 0x3, 0x93, 0x98, 0x73,
    0x40, 0x3e, 0x50, 0xf0, 0x9, 0x2e, 0xc2, 0x9e,
    0x60, 0x1d, 0xdd, 0x10, 0x38, 0x1, 0x6d, 0x2,
    0x2c, 0x40, 0x3c, 0xe0, 0x2, 0xa1, 0x0, 0x2b,
    0x33, 0x9c, 0x3, 0xf4, 0xf7, 0x35, 0x40, 0x0,

    /* U+7B49 "等" */
    0x0, 0xd0, 0x80, 0x1e, 0x27, 0x30, 0xf, 0xf3,
    0x3c, 0x80, 0x7a, 0xe2, 0x80, 0x3f, 0x86, 0x40,
    0xb3, 0x35, 0x93, 0x3, 0xe6, 0x78, 0x2, 0xb0,
    0x8, 0xcf, 0x2f, 0x0, 0x4, 0xcf, 0xc0, 0x7,
    0x50, 0xd6, 0x8, 0xff, 0x21, 0x8f, 0xe0, 0xf,
    0x7f, 0xc0, 0x52, 0x14, 0x56, 0x18, 0x0, 0x40,
    0xa0, 0x37, 0x16, 0x0, 0xc5, 0xf4, 0xa0, 0x57,
    0x60, 0x0, 0x80, 0x69, 0xb7, 0x0, 0xe1, 0x5c,
    0xff, 0x5f, 0xfc, 0x0, 0xbf, 0xf7, 0x5f, 0xf8,
    0x3, 0xc8, 0x9f, 0x0, 0x5, 0x13, 0x94, 0x3,
    0xd1, 0x77, 0xe0, 0x6, 0xdd, 0xf5, 0x0, 0x6b,
    0xbf, 0xe0, 0x6, 0x5d, 0xfe, 0x0, 0x22, 0x7f,
    0x0, 0x48, 0x9f, 0x80, 0x1f, 0xff, 0xfc, 0x16,
    0x7, 0xff, 0xc0, 0x10, 0x8f, 0xff, 0x0, 0xc0,
    0x47, 0x0, 0x47, 0xdd, 0xff, 0xc0, 0x50, 0x6e,
    0xe9, 0xc0, 0x2, 0x67, 0x80, 0xcf, 0xe0, 0x8,
    0xce, 0x20, 0x1, 0x66, 0x4c, 0x0, 0xdc, 0xce,
    0x60, 0x7c, 0xc9, 0x40, 0x3d, 0x4, 0x7e, 0x40,
    0x1f, 0xfc, 0x52, 0xd3, 0x1c, 0x0, 0xff, 0xe3,
    0xe1, 0xd0, 0x5f, 0x71, 0x83, 0x80, 0x3f, 0xf8,
    0x38, 0x81, 0xa2, 0x32, 0xb0, 0x7, 0xff, 0x11,
    0xbf, 0xdd, 0x40, 0x1e,

    /* U+7B7E "签" */
    0x0, 0x92, 0xc, 0x3, 0xce, 0xe1, 0x0, 0xff,
    0x7b, 0xa8, 0x7, 0xc, 0x40, 0xc0, 0x3f, 0x89,
    0x2, 0xae, 0xf1, 0xc0, 0x2, 0x6e, 0xf9, 0x40,
    0x28, 0x0, 0x1a, 0x26, 0x96, 0x0, 0x22, 0x78,
    0x80, 0x8, 0xa3, 0xe6, 0x17, 0xfe, 0x40, 0xaf,
    0xc0, 0x1e, 0xff, 0x38, 0x15, 0x5, 0x84, 0x4,
    0x0, 0x80, 0x10, 0xd, 0x86, 0xc0, 0x31, 0xba,
    0xa8, 0x11, 0xa4, 0xfc, 0x41, 0xc0, 0x10, 0xb8,
    0x1, 0x86, 0x68, 0x2, 0x9d, 0xc1, 0x73, 0x9b,
    0x21, 0xa6, 0x0, 0xfe, 0x6e, 0x71, 0xb8, 0xc7,
    0x4d, 0x92, 0x0, 0xf8, 0x5f, 0xa4, 0x5b, 0x90,
    0x1, 0x18, 0x4d, 0xb8, 0xa2, 0x0, 0x3b, 0xe8,
    0x14, 0x6, 0xff, 0xec, 0x26, 0x23, 0xae, 0xa0,
    0x37, 0x6, 0xdb, 0x64, 0x4f, 0xd7, 0xb6, 0xa3,
    0x0, 0xd, 0xf9, 0x20, 0x9b, 0xb4, 0xed, 0xde,
    0x24, 0x5a, 0xe2, 0x0, 0x8, 0x16, 0x48, 0x5,
    0xd2, 0x40, 0x11, 0x5f, 0x80, 0x7c, 0x64, 0xc6,
    0x0, 0x90, 0x80, 0xa, 0x81, 0x80, 0x3e, 0x19,
    0x8, 0x0, 0x28, 0xa8, 0x80, 0x1c, 0x28, 0x3,
    0xf3, 0x8a, 0x18, 0x1, 0xc1, 0xc1, 0xc1, 0x48,
    0x3, 0xf9, 0x88, 0x2, 0xd6, 0x40, 0x90, 0x80,
    0xf, 0xf4, 0x69, 0x80, 0x12, 0x4a, 0x5, 0x48,
    0x3, 0xd5, 0xbb, 0xfe, 0xe7, 0x5, 0xdd, 0xc8,
    0x0, 0x72, 0x2f, 0xf0, 0x80, 0x44, 0x58, 0x40,

    /* U+7B80 "简" */
    0x0, 0xce, 0xa2, 0x1, 0xe7, 0x40, 0xf, 0xe2,
    0x8a, 0x0, 0xf1, 0xc4, 0x80, 0x7f, 0x40, 0x3,
    0x73, 0x30, 0x68, 0x15, 0xe5, 0xdd, 0x20, 0x4,
    0x50, 0x1, 0x9f, 0x84, 0x0, 0x86, 0x89, 0x28,
    0x15, 0x4, 0xf9, 0x85, 0x7f, 0x70, 0x23, 0xdc,
    0x13, 0xfd, 0x81, 0xe2, 0xac, 0x1e, 0x10, 0x4,
    0x6, 0xe1, 0x2, 0x86, 0x1, 0x63, 0xdc, 0x91,
    0xc6, 0x1, 0xee, 0x80, 0x2b, 0xa3, 0x0, 0x86,
    0x19, 0x98, 0x6b, 0xdf, 0xf7, 0x7f, 0xd5, 0x4f,
    0xd0, 0xc, 0xec, 0x3a, 0x23, 0xfe, 0x0, 0xf5,
    0x5c, 0x24, 0x9f, 0x77, 0xf6, 0x80, 0x72, 0x20,
    0x2d, 0xdd, 0x11, 0xf0, 0x80, 0x7f, 0xf0, 0x25,
    0xdf, 0xe2, 0x0, 0xff, 0xe0, 0x8f, 0xfe, 0x60,
    0xf, 0xfe, 0x18, 0xb3, 0x70, 0x7, 0xff, 0x8,
    0x42, 0x67, 0x0, 0x7f, 0xf0, 0xc4, 0x5f, 0xf9,
    0x40, 0x3f, 0xf8, 0x63, 0x11, 0x98, 0x3, 0xff,
    0x88, 0xef, 0x8c, 0x3, 0xff, 0x85, 0xdf, 0xff,
    0x18, 0x7, 0xff, 0x22, 0xed, 0xe0, 0x20, 0x1f,
    0xfc, 0x47, 0x42, 0x24, 0x0, 0x5d, 0xe2, 0x1,
    0xfe, 0xcf, 0xf6, 0xa0, 0x0,

    /* U+7B97 "算" */
    0x0, 0x86, 0x54, 0x3, 0xc5, 0x8, 0x1, 0xfe,
    0x96, 0xe0, 0xf, 0x43, 0xe8, 0x7, 0xf1, 0x38,
    0x27, 0xfe, 0xd4, 0x50, 0x6f, 0xff, 0x0, 0x5e,
    0x1, 0x85, 0x54, 0xf4, 0x0, 0x10, 0x2, 0x2a,
    0x98, 0x1, 0x84, 0x7f, 0x60, 0x55, 0x47, 0x14,
    0xfe, 0x70, 0x5, 0x52, 0x40, 0x10, 0x7c, 0xc4,
    0xe, 0xcc, 0xa0, 0xd6, 0x67, 0x1, 0x20, 0x6,
    0x4c, 0x39, 0x90, 0x24, 0xca, 0x2, 0x67, 0x3,
    0x48, 0x7, 0xf7, 0x77, 0xfa, 0x40, 0x3f, 0xee,
    0xef, 0xf4, 0x80, 0x7f, 0xdd, 0xdf, 0xe9, 0x0,
    0xff, 0xbb, 0xbf, 0xd2, 0x1, 0xff, 0x55, 0x7f,
    0x9c, 0x3, 0xfe, 0x22, 0xff, 0x80, 0x3f, 0x88,
    0x91, 0x15, 0x57, 0x44, 0x10, 0x9c, 0x3, 0xc3,
    0xba, 0xc0, 0x2d, 0xde, 0x0, 0x6e, 0xa8, 0x3,
    0x3d, 0x56, 0xd0, 0x2a, 0xae, 0x0, 0x75, 0x56,
    0x0, 0x6a, 0xae, 0x10, 0x2, 0xaf, 0x0, 0x9,
    0x57, 0x8, 0x57, 0xfd, 0x60, 0x8, 0xff, 0xe0,
    0x6, 0x7f, 0xe1, 0x0, 0x8a, 0x6c, 0x11, 0xc0,
    0x3f, 0xf8, 0x43, 0xba, 0x60, 0x7b, 0x0, 0xff,
    0xe1, 0x8d, 0xb, 0xf4, 0x0, 0x7f, 0xf1, 0x5f,
    0xa0, 0x40, 0x3f, 0x7f, 0x8c, 0x3, 0x80,

    /* U+7BA1 "管" */
    0x0, 0x9a, 0x50, 0x3, 0xc3, 0x4e, 0x1, 0xfd,
    0x6c, 0x1, 0xf3, 0xae, 0x0, 0x7e, 0x52, 0xb,
    0xff, 0xd6, 0x10, 0x9, 0xff, 0xd8, 0x0, 0x80,
    0x11, 0x0, 0x1d, 0xda, 0xe2, 0xc, 0x0, 0x37,
    0x75, 0x4, 0x91, 0xf7, 0x8, 0x2e, 0x1e, 0x83,
    0x27, 0x0, 0xa2, 0xc, 0x2, 0x2e, 0x0, 0x42,
    0x82, 0x70, 0xe9, 0x81, 0xbb, 0x84, 0x2, 0x86,
    0xa8, 0x86, 0x95, 0xe0, 0x1c, 0xc4, 0x40, 0x33,
    0x4, 0x0, 0x77, 0xfc, 0x0, 0x47, 0x7f, 0xc0,
    0x1b, 0xff, 0xff, 0x84, 0x40, 0x1e, 0x49, 0xf9,
    0x9f, 0xf2, 0x80, 0x76, 0x64, 0xc0, 0xcd, 0xfe,
    0xcf, 0xc4, 0x0, 0x19, 0x80, 0xd, 0xff, 0xfa,
    0x0, 0x4, 0x62, 0x1, 0xe6, 0x88, 0xfd, 0x60,
    0x1f, 0xfc, 0x7, 0x7f, 0xc6, 0x1, 0xff, 0x37,
    0xff, 0xfa, 0x40, 0x3f, 0x9a, 0x67, 0xfe, 0x70,
    0xf, 0xe6, 0x6f, 0xfa, 0xc0, 0x3f, 0x37, 0xff,
    0xf5, 0x0, 0x7f, 0x9a, 0x23, 0xfc, 0x1, 0xff,
    0x3b, 0xff, 0x10, 0x7, 0xf9, 0x7f, 0xff, 0xa4,
    0x3, 0xf4, 0x7d, 0x0, 0x7f, 0x37, 0xe0, 0x0,

    /* U+7BAD "箭" */
    0x0, 0xd2, 0xe2, 0x1, 0xc5, 0x2a, 0x1, 0xfe,
    0x46, 0x80, 0xf, 0x53, 0x70, 0x7, 0xfa, 0x40,
    0x1d, 0xff, 0x70, 0xb8, 0x27, 0xff, 0x68, 0x5,
    0x44, 0x1, 0x8d, 0x11, 0x40, 0x3, 0x0, 0x91,
    0x20, 0x4, 0xa8, 0x6f, 0xa0, 0x4d, 0x9a, 0xf,
    0x65, 0x80, 0xdd, 0xa4, 0x1, 0xc3, 0x64, 0x40,
    0x57, 0x8, 0x4a, 0x14, 0x14, 0x60, 0xe, 0x7e,
    0x40, 0x94, 0x12, 0x1, 0xb4, 0xa, 0xa6, 0x40,
    0x7, 0x4c, 0xe1, 0x4, 0xc9, 0x9d, 0xe2, 0x1d,
    0x33, 0x80, 0xc, 0xd9, 0x40, 0x6, 0xcd, 0x80,
    0x26, 0x6e, 0x0, 0x7f, 0xff, 0xf2, 0x0, 0x25,
    0xff, 0xfa, 0x80, 0xc, 0xa0, 0x6, 0xd7, 0x0,
    0xf1, 0xbb, 0xc4, 0x1, 0xa6, 0xc0, 0x2, 0x5c,
    0x1, 0xe5, 0x88, 0xc0, 0x1f, 0xfc, 0x56, 0xff,
    0xa8, 0x3, 0xff, 0x8d, 0x11, 0x18, 0x7, 0xff,
    0x15, 0x5d, 0xe9, 0x0, 0xff, 0xe2, 0xaf, 0xfd,
    0x40, 0x1f, 0xfc, 0x68, 0x88, 0xc0, 0x34, 0xd8,
    0x7, 0xfc, 0xce, 0xf4, 0x80, 0x66, 0x50, 0x7,
    0x80, 0x80, 0x7e, 0x3d, 0xb0, 0x30, 0x9, 0xbb,
    0x8e, 0x1e, 0x1, 0xf8, 0xc0, 0xd6, 0xc0, 0x26,
    0x0, 0x13, 0x38, 0x0,

    /* U+7C7B "类" */
    0x0, 0xfe, 0x45, 0x10, 0xf, 0xfe, 0x2, 0xe1,
    0x80, 0x53, 0x44, 0x1, 0x65, 0x18, 0x7, 0x88,
    0xf4, 0x80, 0x3e, 0x83, 0x72, 0x0, 0xf3, 0xa8,
    0xf0, 0x7, 0x8d, 0xc3, 0xc4, 0x3, 0x11, 0x52,
    0x28, 0x45, 0x2, 0x93, 0x24, 0x81, 0x10, 0x41,
    0x37, 0x6c, 0x17, 0xdd, 0x0, 0x27, 0x69, 0x27,
    0x77, 0x3, 0x99, 0xf8, 0x3, 0xc6, 0x7e, 0x50,
    0x3c, 0xce, 0xa0, 0xf, 0xa3, 0x33, 0x48, 0x7,
    0x1e, 0x49, 0x69, 0x5, 0x39, 0xde, 0xa8, 0x7,
    0x96, 0xf0, 0xdb, 0x48, 0x0, 0xd1, 0xd0, 0x75,
    0xaa, 0x0, 0x5f, 0xa4, 0x5d, 0x90, 0x0, 0x80,
    0x42, 0xfd, 0x7, 0x50, 0xb, 0x13, 0xd4, 0x40,
    0x11, 0x80, 0x79, 0xfa, 0x20, 0x0, 0x76, 0x10,
    0xc, 0x20, 0x2, 0x0, 0xf3, 0x80, 0x1b, 0xbb,
    0xf0, 0x3, 0xbb, 0xf6, 0x80, 0x4, 0x7e, 0x0,
    0xc2, 0x3f, 0x18, 0x37, 0xff, 0xa4, 0x3, 0x37,
    0xff, 0xb8, 0x3, 0xe5, 0x90, 0x6d, 0x16, 0xa1,
    0x0, 0xff, 0x2e, 0x50, 0x24, 0x96, 0x8a, 0xfc,
    0x10, 0x6, 0x48, 0xbf, 0xa3, 0x7, 0xb0, 0x1,
    0xe2, 0xb, 0xee, 0xa5, 0xc8, 0x8e, 0x80, 0x4f,
    0xd0, 0x1, 0x8a, 0xec, 0x80, 0x4d, 0x44, 0xcf,
    0x3b, 0xa8, 0x10, 0xf, 0x92, 0xfe, 0xe3, 0x80,

    /* U+7C89 "粉" */
    0x0, 0xcf, 0x20, 0x1f, 0xe1, 0x0, 0xfe, 0xa6,
    0x11, 0x0, 0x43, 0xf8, 0xf, 0xce, 0x1, 0xd9,
    0x40, 0x1a, 0x3c, 0xc1, 0x41, 0x80, 0xc3, 0x0,
    0x39, 0xd0, 0x3, 0x28, 0x98, 0x68, 0x60, 0x20,
    0x20, 0x7, 0x60, 0x90, 0x0, 0xcc, 0xe0, 0x7,
    0x7, 0x0, 0x20, 0x30, 0x6, 0x30, 0x40, 0x2,
    0x6, 0x82, 0x8a, 0x8, 0x3, 0x82, 0xc0, 0x32,
    0x80, 0x80, 0x3c, 0x90, 0x2c, 0x3c, 0x2, 0x52,
    0x24, 0x0, 0x43, 0xce, 0x0, 0x8c, 0x1b, 0x13,
    0x40, 0xd, 0x0, 0xea, 0x3, 0xfd, 0xe4, 0x1d,
    0xd2, 0x7, 0x0, 0x72, 0xa8, 0x20, 0x0, 0x22,
    0x0, 0xc2, 0x62, 0x1b, 0xff, 0xe5, 0xf, 0x1,
    0xee, 0x38, 0x3, 0x7b, 0x3c, 0x3, 0xfb, 0x8,
    0x3, 0x28, 0x3, 0xc0, 0x3, 0xfe, 0x30, 0xdf,
    0xf1, 0x0, 0x80, 0x64, 0x20, 0x1, 0x50, 0x6,
    0x20, 0x20, 0x1, 0x81, 0x80, 0x68, 0x1, 0x3,
    0x57, 0x0, 0x8, 0x88, 0x2, 0x10, 0x10, 0x9,
    0xd, 0x4c, 0x38, 0x64, 0x0, 0x80, 0x80, 0x1f,
    0xd2, 0x12, 0x0, 0x38, 0xa0, 0x7, 0x86, 0x0,
    0x4, 0x4, 0x2, 0x32, 0x33, 0x0, 0x4c, 0x80,
    0x2a, 0xa, 0x0, 0x20, 0x30, 0x8, 0xcd, 0xe0,
    0x1f, 0x58, 0x40, 0x4, 0xc0, 0xc0, 0x1b, 0x4c,
    0x3, 0xce, 0xa4, 0xe0, 0x16, 0x1, 0x0, 0x61,
    0x0, 0xf3, 0xc0, 0xf8, 0x26, 0xe9, 0x83, 0x40,
    0x3f, 0xe6, 0x3c, 0x20, 0x42, 0x20, 0xb2, 0x0,
    0x7d, 0xbe, 0x20, 0x38, 0x40, 0x17, 0xfb, 0xa4,
    0x3, 0x0,

    /* U+7C97 "粗" */
    0x0, 0xc8, 0xc2, 0x1, 0xff, 0xc3, 0x34, 0xf,
    0x92, 0x7, 0x33, 0x77, 0x7e, 0x20, 0x7, 0x40,
    0x6, 0x38, 0xa7, 0x11, 0xfc, 0x1, 0x29, 0x88,
    0x4, 0x81, 0x80, 0x4, 0xff, 0xc2, 0x1, 0xb4,
    0x10, 0x2, 0xc0, 0x50, 0xf, 0xfe, 0x2, 0x6,
    0x80, 0x48, 0x80, 0xf, 0xfe, 0x8, 0x80, 0x80,
    0x10, 0x38, 0x3, 0xff, 0x85, 0xd2, 0xe0, 0x7c,
    0x80, 0x12, 0x77, 0x61, 0x0, 0x87, 0xfb, 0xcc,
    0x2f, 0xb8, 0xa0, 0x10, 0x8e, 0x0, 0xe1, 0x10,
    0x6, 0x11, 0x80, 0x7, 0xff, 0x80, 0x30, 0xf7,
    0x20, 0x0, 0xfd, 0xc4, 0x0, 0x38, 0x6, 0x10,
    0xf, 0x58, 0x1, 0xcc, 0x3, 0xff, 0x86, 0x86,
    0x1, 0x69, 0x0, 0x4a, 0x45, 0x84, 0x3, 0xa0,
    0x4c, 0x28, 0x7c, 0x2, 0x1d, 0xdc, 0x1, 0xc8,
    0x6c, 0xe0, 0xd2, 0x46, 0x1, 0x19, 0xe0, 0xe,
    0x90, 0x90, 0x9, 0xa8, 0xc0, 0x9, 0x99, 0x84,
    0x2, 0x22, 0x38, 0x80, 0x65, 0x0, 0xff, 0xe0,
    0x13, 0xc0, 0x7, 0xff, 0x1e, 0x0, 0x3c, 0xd9,
    0x60, 0x99, 0x98, 0x43, 0x6c, 0x3, 0xf0, 0x98,
    0x4, 0x67, 0x80, 0x25, 0x0, 0xff, 0xe4, 0x80,

    /* U+7CBE "精" */
    0x0, 0xd2, 0xe0, 0x1f, 0xaa, 0x40, 0x3f, 0x8,
    0x9a, 0xc0, 0xc4, 0x3, 0xa, 0xb8, 0x7, 0xd9,
    0x40, 0x1b, 0x36, 0x3f, 0xee, 0x1, 0xff, 0xd6,
    0x0, 0xb4, 0x0, 0x8c, 0x2b, 0x59, 0xa5, 0x0,
    0x33, 0x6c, 0x0, 0x20, 0x20, 0x1, 0x1, 0xd6,
    0xee, 0xe0, 0x5, 0xde, 0x70, 0x1, 0x86, 0x80,
    0x2d, 0x4, 0x5b, 0xb5, 0x80, 0x37, 0x72, 0x0,
    0x46, 0x1, 0xbc, 0x6, 0xee, 0xa0, 0x5, 0xde,
    0x50, 0x3, 0x50, 0x0, 0xe8, 0x89, 0x7f, 0xf4,
    0x80, 0x3f, 0xf5, 0x18, 0x4c, 0x9c, 0x1, 0x32,
    0x16, 0x6c, 0x20, 0x6, 0x6e, 0x70, 0x77, 0x0,
    0x4e, 0xe3, 0xdd, 0xef, 0xf6, 0xef, 0x20, 0x44,
    0xc, 0x1, 0x90, 0x0, 0xef, 0xff, 0xdc, 0x1,
    0x84, 0xc0, 0x14, 0x20, 0x1, 0x6, 0x6f, 0x0,
    0x80, 0x66, 0x0, 0x86, 0x80, 0x34, 0xcf, 0x80,
    0x3d, 0x22, 0x6, 0xa8, 0xc0, 0x17, 0xff, 0x80,
    0x39, 0x45, 0xc0, 0x10, 0x6, 0x1, 0x44, 0x78,
    0x3, 0xac, 0x28, 0x0, 0x56, 0xa0, 0x13, 0xbf,
    0x80, 0x31, 0xa, 0x90, 0x4, 0x80, 0x1b, 0xff,
    0xc0, 0x18, 0x96, 0x0, 0x3f, 0xa6, 0x7c, 0x1,
    0xd4, 0x40, 0x1f, 0xcc, 0xde, 0x0, 0xff, 0xe3,
    0x9d, 0x50, 0x4, 0x3, 0xff, 0x8a, 0x6a, 0xa2,
    0x80, 0xe, 0x1f, 0xc0, 0xd, 0xfe, 0x0, 0xdf,
    0xed, 0x60, 0x0,

    /* U+7CFB "系" */
    0x0, 0xff, 0xe1, 0xa, 0x28, 0x7, 0xf1, 0x1a,
    0xb4, 0x56, 0x77, 0x2e, 0x94, 0x2, 0x8e, 0xff,
    0xb7, 0x2a, 0x5d, 0x4c, 0x44, 0x8e, 0x20, 0x17,
    0x8, 0x88, 0x86, 0x1, 0x45, 0xef, 0xf5, 0xc2,
    0x0, 0x4d, 0xfd, 0xba, 0x50, 0x2d, 0x74, 0x22,
    0x30, 0x7, 0xfa, 0xd8, 0xf0, 0x80, 0xb, 0xb2,
    0xe0, 0x1f, 0x1e, 0xa2, 0xe8, 0x9, 0xdd, 0x2,
    0xb8, 0x7, 0x9b, 0x8, 0x17, 0xba, 0xc4, 0x9,
    0xa0, 0xf, 0x94, 0x4, 0xd5, 0x80, 0x36, 0xb2,
    0x90, 0x7, 0x8f, 0xfb, 0x25, 0x40, 0x11, 0xe4,
    0xb5, 0xe2, 0x1, 0xf0, 0xce, 0x1a, 0xeb, 0x80,
    0x15, 0xcb, 0x0, 0x38, 0x67, 0x98, 0x1f, 0xd1,
    0xe2, 0xad, 0x0, 0xac, 0x2, 0x8e, 0x60, 0x9,
    0xea, 0x61, 0xd5, 0x8, 0x41, 0x20, 0x1, 0xe0,
    0x4, 0x57, 0x89, 0x0, 0x57, 0x7f, 0x73, 0x41,
    0xc8, 0x1f, 0xfd, 0x32, 0x87, 0x61, 0x6, 0x10,
    0x60, 0x2a, 0xb2, 0x0, 0x87, 0x31, 0x20, 0x1e,
    0xc9, 0xc1, 0x54, 0x0, 0x8b, 0x4, 0xa4, 0x3,
    0xdc, 0x66, 0xf3, 0x0, 0x93, 0x8, 0x98, 0x1,
    0xf1, 0x62, 0xe, 0x28, 0x35, 0x89, 0xe0, 0x80,
    0x42, 0x2, 0x1, 0x5b, 0x5, 0x2b, 0x3b, 0x60,
    0x8b, 0xbf, 0xc0, 0x3, 0x0, 0xd2, 0xcc, 0x50,
    0x89, 0x0, 0xa, 0x0, 0x6, 0x4, 0x3, 0xa6,
    0x40, 0x1f, 0x57, 0xfb, 0x9c, 0x3, 0xf8,

    /* U+7D20 "素" */
    0x0, 0xff, 0x44, 0x0, 0x3f, 0xf8, 0xe4, 0xee,
    0x10, 0xf, 0xfb, 0x7f, 0xfd, 0xa0, 0xe, 0xff,
    0xf8, 0x3, 0x5b, 0xbf, 0x98, 0x0, 0xef, 0xf4,
    0x0, 0x66, 0xce, 0xee, 0x10, 0x7, 0xf7, 0x76,
    0x38, 0x7, 0x74, 0xcf, 0x38, 0x2, 0x26, 0x7b,
    0xc0, 0x3d, 0x5f, 0xfd, 0xc0, 0xf, 0xff, 0x58,
    0x6, 0xef, 0xff, 0xb8, 0x1, 0xff, 0xfc, 0x0,
    0x75, 0x5f, 0x0, 0x4a, 0xbf, 0xe0, 0x4, 0xd5,
    0x69, 0x10, 0x19, 0xaa, 0xb8, 0xaa, 0xb8, 0x3,
    0x92, 0xf1, 0x11, 0x44, 0x93, 0xb6, 0xee, 0x0,
    0xfc, 0x76, 0x80, 0x4, 0xbb, 0x98, 0x93, 0x1c,
    0x3, 0xf1, 0x9a, 0x6a, 0xd8, 0x2, 0x5c, 0xb4,
    0xd3, 0x0, 0xfd, 0x8b, 0xf6, 0xc4, 0xfd, 0x46,
    0x1e, 0x58, 0xa0, 0x1c, 0xbd, 0xf8, 0xa0, 0x4e,
    0xdd, 0xcd, 0xe7, 0x0, 0x54, 0x0, 0x6a, 0x10,
    0xc, 0x6e, 0x20, 0x28, 0xcf, 0xc, 0xe, 0xc0,
    0x15, 0x5e, 0xe4, 0x77, 0x35, 0x42, 0x65, 0x1e,
    0xd3, 0x90, 0xc0, 0x12, 0xa3, 0xec, 0x58, 0x7,
    0xae, 0x3a, 0xd, 0xc0, 0x32, 0xe5, 0xc, 0x50,
    0x7, 0xae, 0x45, 0xf9, 0x40, 0x2b, 0xa3, 0x36,
    0xbd, 0x6e, 0x94, 0x8, 0x0, 0xde, 0xc3, 0x4e,
    0x0, 0xa5, 0xbc, 0x20, 0xf2, 0x20, 0xb2, 0x0,
    0x43, 0x36, 0xce, 0x0, 0x1a, 0x40, 0x9, 0x7f,
    0xdd, 0x20, 0x1e, 0x49, 0x0, 0x0,

    /* U+7D22 "索" */
    0x0, 0xfe, 0x2a, 0x90, 0xf, 0xfe, 0x33, 0x2b,
    0x80, 0x7f, 0x9b, 0x33, 0xeb, 0x1, 0xcc, 0xfc,
    0x41, 0xc6, 0x7f, 0x0, 0x46, 0x7f, 0x80, 0x11,
    0xff, 0xf5, 0x80, 0x3f, 0xff, 0x10, 0x7, 0xfc,
    0x20, 0x1f, 0xee, 0xff, 0xfa, 0xc0, 0x7f, 0xff,
    0x60, 0x4, 0x67, 0xe0, 0x1, 0x9f, 0xc4, 0x1,
    0xdb, 0x99, 0x40, 0x82, 0xe6, 0x5f, 0x99, 0x40,
    0x7, 0xc5, 0x56, 0x17, 0x40, 0x57, 0x96, 0x1,
    0xea, 0xa1, 0xd6, 0xaa, 0x59, 0x4f, 0xea, 0x22,
    0x40, 0x9, 0x5e, 0x8, 0xa0, 0xa0, 0x4, 0x99,
    0x30, 0x3, 0x2e, 0x94, 0x5, 0x4c, 0x2, 0x2b,
    0xd9, 0x30, 0x3, 0x6f, 0x99, 0x35, 0x38, 0x7,
    0x93, 0xf6, 0x4d, 0x27, 0xd6, 0x26, 0xc, 0x22,
    0x40, 0x37, 0x5a, 0x0, 0x49, 0x32, 0x87, 0x78,
    0x4c, 0x1a, 0x40, 0x27, 0x17, 0x8a, 0xbc, 0xd1,
    0xc, 0xed, 0xcc, 0x71, 0x38, 0x80, 0x27, 0xa3,
    0xf8, 0xc, 0x8c, 0x2, 0x9e, 0x61, 0xff, 0x8,
    0x4, 0x36, 0xea, 0xe0, 0x1e, 0xe1, 0x9c, 0x1,
    0x0, 0x9b, 0x90, 0xb0, 0xc0, 0x3c, 0xfc, 0x66,
    0xd7, 0x0, 0x4c, 0x81, 0x74, 0xb3, 0x74, 0x40,
    0x20, 0x1, 0xc8, 0x8, 0x70, 0x97, 0xba, 0x0,
    0x21, 0x10, 0x60, 0x80, 0x33, 0xe4, 0xb8, 0x2,
    0x10, 0x2, 0x8f, 0xf7, 0x38, 0x7, 0x8d, 0x80,

    /* U+7D27 "紧" */
    0x0, 0xe2, 0x20, 0x7, 0xff, 0x8, 0x8c, 0x1,
    0xbe, 0x9, 0x99, 0xf6, 0xfc, 0x0, 0x3f, 0x4,
    0x3, 0x9, 0x9f, 0xc4, 0x2, 0x1, 0xfc, 0xb8,
    0x5, 0xdf, 0xed, 0x0, 0x40, 0x7, 0xf8, 0xd8,
    0xac, 0xb, 0x2, 0x44, 0x3, 0xfe, 0x93, 0x5f,
    0xd1, 0x66, 0x0, 0x7f, 0xf0, 0x68, 0x3, 0x40,
    0x7, 0xfc, 0xd5, 0xd2, 0x1, 0xba, 0x98, 0x82,
    0x24, 0x40, 0x5, 0x90, 0xa2, 0xb9, 0xf8, 0x80,
    0xb3, 0x40, 0xac, 0x0, 0x80, 0x34, 0xbf, 0xa5,
    0x13, 0xbe, 0x86, 0x80, 0x8, 0xf2, 0xb, 0x29,
    0xf, 0x27, 0x4, 0x5, 0xe4, 0x2, 0x4c, 0x30,
    0x2c, 0xff, 0x61, 0x8c, 0x8, 0x7, 0xc8, 0x6,
    0xa6, 0x1, 0xa3, 0x9f, 0x74, 0x40, 0x1e, 0xf8,
    0x13, 0x2, 0x9f, 0x70, 0x2a, 0x2d, 0x50, 0x9,
    0x2f, 0xed, 0x0, 0x5e, 0x3f, 0x75, 0xd0, 0x0,
    0xa7, 0x0, 0x4a, 0x0, 0x61, 0x51, 0x2, 0x12,
    0x45, 0x30, 0x85, 0xb, 0x6a, 0xa4, 0x6f, 0x78,
    0x86, 0x65, 0x15, 0x98, 0x75, 0x6, 0x96, 0x88,
    0x84, 0x3, 0xaf, 0x30, 0x87, 0x0, 0x3, 0xac,
    0x26, 0xa0, 0xf, 0x53, 0x1d, 0xd8, 0x81, 0xf1,
    0x4a, 0xe6, 0x2e, 0xc2, 0x2, 0x3, 0x38, 0x69,
    0xa8, 0xeb, 0x3a, 0x81, 0x88, 0x81, 0x72, 0x0,
    0x8f, 0x21, 0xd0, 0x29, 0x80, 0x24, 0xff, 0x74,
    0x0, 0x79, 0xe0, 0x0,

    /* U+7D2B "紫" */
    0x0, 0xf6, 0x58, 0x4, 0x59, 0x40, 0x1f, 0xc4,
    0x40, 0x13, 0x50, 0x8, 0x4d, 0xc0, 0x33, 0x0,
    0x6e, 0xd1, 0x0, 0xc, 0xcc, 0x1, 0x92, 0xbe,
    0x70, 0x40, 0x3f, 0x33, 0x40, 0x2, 0xfb, 0x50,
    0x58, 0x10, 0xf, 0xdd, 0xd0, 0x4, 0x4d, 0x5f,
    0x48, 0x1, 0xf8, 0x47, 0x0, 0x5b, 0x2a, 0x0,
    0xc8, 0x0, 0xe3, 0x1, 0x79, 0xb0, 0x0, 0x88,
    0x2, 0x23, 0x51, 0x93, 0xe, 0xd0, 0x4, 0x3b,
    0x10, 0xf, 0x7f, 0xda, 0xa, 0x6c, 0x0, 0x36,
    0x9c, 0xb3, 0x3b, 0x19, 0x13, 0x2b, 0xc1, 0x5e,
    0xfe, 0x4b, 0xd5, 0x92, 0x81, 0xd8, 0xc5, 0xda,
    0xa0, 0x0, 0x84, 0x5, 0x1c, 0xc3, 0x1e, 0x97,
    0xab, 0xe0, 0x1f, 0x9f, 0x5c, 0x0, 0x31, 0x72,
    0x83, 0x3a, 0x1, 0xf8, 0xc1, 0xa2, 0x50, 0x2,
    0x7f, 0x2e, 0xd2, 0x0, 0xf2, 0x7c, 0x4, 0x20,
    0xbf, 0x40, 0x31, 0x96, 0x98, 0x6, 0x18, 0xfe,
    0x81, 0x0, 0x3f, 0x7f, 0x69, 0x80, 0x31, 0x0,
    0x26, 0x70, 0xc, 0x44, 0x0, 0x24, 0x4d, 0xe3,
    0x5, 0xa0, 0x1, 0x53, 0x2a, 0x9f, 0xb8, 0x0,
    0x97, 0x2d, 0x29, 0x83, 0x0, 0x8a, 0xd2, 0xa8,
    0xc0, 0x1c, 0x3e, 0xdc, 0xee, 0xc4, 0x0, 0x2e,
    0xc0, 0xdb, 0x0, 0x70, 0xdd, 0xc, 0x69, 0x80,
    0x26, 0x89, 0xbd, 0x26, 0xec, 0x0, 0x30, 0x2,
    0xfa, 0x96, 0x10, 0x4c, 0x6c, 0x88, 0x72, 0x20,
    0x5c, 0x40, 0x21, 0xaa, 0x69, 0x0, 0x1c, 0x80,
    0x27, 0xff, 0x74, 0x0, 0x79, 0x48, 0x0,

    /* U+7E41 "繁" */
    0x0, 0x8c, 0xc0, 0x1f, 0x84, 0xc0, 0x3f, 0xd9,
    0x87, 0x66, 0xe2, 0x9, 0xc5, 0x0, 0xfd, 0x40,
    0x8, 0x99, 0xe7, 0x7, 0x9, 0xbb, 0xd2, 0x0,
    0xa5, 0x9, 0xbb, 0xd3, 0xab, 0x20, 0x13, 0xa2,
    0x46, 0x2, 0x66, 0x9, 0xaa, 0xae, 0x69, 0x58,
    0x13, 0x30, 0x81, 0xb4, 0x3, 0x3e, 0x15, 0xa5,
    0x18, 0x1c, 0x44, 0x64, 0x41, 0xa2, 0x8, 0x0,
    0x3f, 0x81, 0x5c, 0x31, 0x81, 0x35, 0xb2, 0x57,
    0x81, 0x20, 0x10, 0xd9, 0x85, 0xb, 0xeb, 0x3,
    0xc8, 0x2, 0xc0, 0xa, 0x40, 0x19, 0x14, 0x17,
    0x59, 0x38, 0x29, 0xa, 0x64, 0x0, 0x5a, 0x20,
    0xc, 0x81, 0x9a, 0x17, 0x1, 0xd1, 0xac, 0x9b,
    0xc6, 0xbb, 0x82, 0x0, 0x85, 0xaa, 0x90, 0x1,
    0x72, 0xd7, 0x44, 0x39, 0x46, 0xa2, 0x0, 0x5a,
    0x65, 0xc7, 0x29, 0x60, 0xea, 0xc1, 0x0, 0x2e,
    0x48, 0x7, 0x7e, 0x28, 0x14, 0xf7, 0x20, 0x29,
    0x0, 0x3f, 0xc6, 0xae, 0x80, 0x1a, 0x78, 0xab,
    0x94, 0x3, 0xf4, 0x1b, 0xa0, 0x13, 0xc8, 0xc6,
    0x8, 0xaa, 0x80, 0x1c, 0xff, 0x6c, 0x1, 0x13,
    0xcc, 0x3b, 0x8c, 0x41, 0x74, 0x40, 0x22, 0x3,
    0x78, 0x9b, 0xc2, 0x8, 0xfe, 0xce, 0xf5, 0x50,
    0x80, 0x4b, 0xfa, 0x31, 0xc8, 0x6c, 0x1, 0x4f,
    0x59, 0xd4, 0x0, 0x63, 0x9e, 0x63, 0xa0, 0xc,
    0x21, 0x6a, 0x99, 0x83, 0x0, 0xa3, 0x18, 0xab,
    0x1e, 0xa8, 0xa0, 0x11, 0x56, 0xa9, 0xe2, 0x80,
    0x21, 0xeb, 0x54, 0x1d, 0x54, 0xa, 0xc0, 0x11,
    0x56, 0x52, 0x80, 0x50, 0xa0, 0x11, 0x7f, 0xba,
    0x80, 0x3c, 0x6a, 0x0,

    /* U+7EA2 "红" */
    0x0, 0xe7, 0x20, 0xf, 0xfe, 0x39, 0xc6, 0x90,
    0x7, 0xff, 0x1a, 0x41, 0x48, 0x16, 0xab, 0xfd,
    0x0, 0x18, 0x94, 0x20, 0x1, 0xaa, 0xbf, 0xf0,
    0x6, 0x90, 0x62, 0x0, 0x5c, 0x46, 0x0, 0x1c,
    0x46, 0x0, 0x91, 0x3, 0x1, 0x72, 0x6e, 0xf8,
    0x1, 0x2e, 0xf2, 0x80, 0x6, 0x82, 0xc5, 0x51,
    0x8c, 0x3, 0xff, 0x83, 0x82, 0x1f, 0xb4, 0xe,
    0x60, 0x1f, 0xfc, 0x12, 0x0, 0x29, 0x1, 0xc0,
    0x7, 0xff, 0x9, 0xe7, 0x1c, 0x7, 0x40, 0x3f,
    0xf8, 0x70, 0xc0, 0xe1, 0x42, 0x1, 0xff, 0xc4,
    0x3d, 0xa, 0x41, 0x30, 0xf, 0xfe, 0x12, 0x60,
    0x84, 0x7f, 0x60, 0x7, 0xff, 0xa, 0xc0, 0x22,
    0x14, 0x60, 0xf, 0xfe, 0x11, 0x8c, 0xe7, 0xf5,
    0xc8, 0x7, 0xff, 0xb, 0x39, 0x8c, 0x3, 0xff,
    0x92, 0x8f, 0x5b, 0x80, 0x1f, 0xfc, 0x2a, 0xdf,
    0xb8, 0x52, 0x1b, 0xdd, 0xc0, 0xa, 0xdd, 0xc8,
    0x8, 0x40, 0x4d, 0x3b, 0xa6, 0x22, 0xc0, 0x11,
    0x16, 0x10, 0x8b, 0xed, 0x96, 0x20, 0xeb, 0xbf,
    0xf9, 0x0,

    /* U+7EA6 "约" */
    0x0, 0xc4, 0xe2, 0x1, 0xd4, 0xe0, 0x1f, 0xf5,
    0xc5, 0x0, 0x65, 0x55, 0x80, 0x7f, 0x85, 0x82,
    0x0, 0x36, 0x5, 0x80, 0x7f, 0xa4, 0x10, 0xc0,
    0x33, 0x82, 0x0, 0x7f, 0xb, 0x84, 0x80, 0x65,
    0x10, 0xed, 0xdd, 0xfc, 0x60, 0xb, 0x7, 0x23,
    0xe6, 0xe, 0x0, 0x11, 0x70, 0x8, 0x1, 0x54,
    0x50, 0x1e, 0x22, 0x34, 0xc, 0xdd, 0xe1, 0x0,
    0x1d, 0x3, 0x57, 0x99, 0x9f, 0xc1, 0xcc, 0x8b,
    0x8c, 0x4, 0x40, 0x4, 0x50, 0x7, 0xb, 0x8c,
    0x80, 0x7f, 0x13, 0x56, 0x10, 0x49, 0xd, 0xe5,
    0xd0, 0x7, 0x18, 0x18, 0x4a, 0xd1, 0x33, 0x0,
    0x32, 0x2d, 0x0, 0x7f, 0x3b, 0x24, 0x80, 0x4,
    0xb, 0x5, 0x64, 0x2, 0x10, 0x10, 0x78, 0x2,
    0xbd, 0xfc, 0x0, 0x16, 0x3, 0x38, 0x7, 0x14,
    0x0, 0x19, 0x8, 0x5c, 0x2, 0x2b, 0x8, 0x11,
    0x0, 0x81, 0x1, 0x34, 0xe7, 0x72, 0x80, 0x32,
    0x3d, 0x9, 0x81, 0x80, 0x3f, 0x65, 0x8c, 0x40,
    0x3e, 0x85, 0x1, 0x1, 0x0, 0xf8, 0x96, 0x4,
    0x3, 0xe6, 0x7, 0x1, 0x47, 0x9c, 0xfd, 0xa7,
    0x20, 0xf, 0xb4, 0x8, 0x16, 0xe1, 0x8c, 0xd,
    0xa4, 0x80, 0x3e, 0x50, 0xf0, 0x63, 0x69, 0xcf,
    0xc9, 0x61, 0x0, 0xaf, 0xb9, 0xe4, 0xe, 0x5,
    0x92, 0xc6, 0x1, 0xfb, 0x44, 0x40, 0x76, 0x20,
    0x1f, 0xfc, 0x26, 0xff, 0xb1, 0x0, 0x0,

    /* U+7EA7 "级" */
    0x0, 0xc2, 0x40, 0x1f, 0xfc, 0x88, 0xd7, 0x0,
    0xff, 0xe3, 0xb8, 0x20, 0x17, 0xff, 0xf3, 0x80,
    0x79, 0x85, 0xc, 0x3, 0xfe, 0x40, 0xf, 0x40,
    0x40, 0x0, 0xbf, 0xc2, 0x1b, 0xfe, 0x0, 0x18,
    0x7, 0x38, 0xb1, 0x94, 0x88, 0x0, 0x40, 0xc1,
    0x1, 0x0, 0x38, 0x60, 0x60, 0x21, 0xa0, 0x3,
    0x8, 0x60, 0x60, 0x6, 0x1d, 0x6, 0x4a, 0x51,
    0x90, 0x10, 0x10, 0x2, 0x81, 0x90, 0x80, 0x10,
    0xc1, 0xe9, 0x42, 0x80, 0x4, 0x2, 0x2, 0x41,
    0x7b, 0xc8, 0xa, 0x8, 0xe2, 0xa, 0x80, 0x7,
    0x0, 0x1a, 0x88, 0x20, 0x1, 0x80, 0x1f, 0x76,
    0x11, 0x58, 0x4, 0x40, 0xa, 0x4e, 0xfa, 0x1,
    0x20, 0x8, 0x74, 0x34, 0xd8, 0xc3, 0xc0, 0xc,
    0x20, 0x6, 0x7, 0x0, 0xde, 0x21, 0xba, 0x95,
    0x5, 0x3, 0x9, 0x0, 0x48, 0x50, 0x0, 0x7c,
    0x40, 0x2, 0xb2, 0xe0, 0x61, 0xe0, 0xe4, 0xc2,
    0x46, 0x0, 0x10, 0x3, 0x5f, 0xd3, 0xa, 0x1,
    0x1c, 0x7, 0xc0, 0x40, 0x6, 0xaf, 0x94, 0x3,
    0x96, 0xc0, 0x40, 0x72, 0x20, 0xa2, 0x80, 0x65,
    0x1, 0x7d, 0xc6, 0xd6, 0xd, 0x0, 0x30, 0x0,
    0x80, 0x39, 0xb3, 0xa0, 0x8e, 0x70, 0x49, 0x2,
    0x10, 0x0, 0xd0, 0x1, 0xa4, 0xc1, 0xb3, 0xf,
    0x21, 0x43, 0x6e, 0x13, 0x0, 0xf6, 0x40, 0x6,
    0x9f, 0x93, 0xa, 0x11, 0x27, 0x20, 0x53, 0x3c,
    0x82, 0x60, 0x84, 0xb0, 0x6, 0x93, 0xa3, 0x74,
    0xd5, 0x0, 0x36, 0xa5, 0x8, 0x7, 0xc5, 0x88,
    0x11, 0x64, 0x1, 0x8a, 0xd0, 0x0,

    /* U+7EAC "纬" */
    0x0, 0xc5, 0x24, 0x1, 0xe3, 0xdb, 0x0, 0xff,
    0x53, 0x58, 0x7, 0x9c, 0x94, 0x3, 0xfc, 0xc1,
    0x60, 0x1f, 0xfc, 0x65, 0x15, 0x20, 0x4, 0x77,
    0x56, 0x3, 0xdd, 0xa8, 0x3, 0x40, 0x40, 0x4,
    0x42, 0x30, 0x4, 0x23, 0x98, 0x2, 0x62, 0x72,
    0x27, 0x2d, 0x7f, 0xd6, 0x0, 0xff, 0xd8, 0x0,
    0x18, 0x19, 0x9, 0x12, 0x0, 0xf0, 0x80, 0x7d,
    0xa2, 0x17, 0xe8, 0x6e, 0x5d, 0xd5, 0x80, 0xf7,
    0x56, 0x1, 0x18, 0xa, 0x80, 0x38, 0x0, 0x23,
    0x0, 0x42, 0x33, 0x0, 0x53, 0x5a, 0xe1, 0x4,
    0x5, 0xff, 0x58, 0x3, 0xfe, 0xd0, 0x9, 0x94,
    0x5c, 0xdc, 0x3, 0xf0, 0x80, 0x7e, 0x1d, 0x1d,
    0x14, 0x2c, 0xdd, 0xac, 0x7, 0x76, 0xfd, 0x10,
    0x1e, 0x11, 0x7f, 0x5a, 0x19, 0x14, 0x1, 0x11,
    0x40, 0x40, 0xe, 0x0, 0x85, 0x1d, 0x3b, 0xb5,
    0x0, 0x3b, 0xa2, 0x1, 0x6, 0x19, 0xdf, 0xb8,
    0x21, 0x1e, 0x1, 0x1c, 0x1, 0xa7, 0x98, 0x80,
    0x3f, 0xf8, 0x44, 0x40, 0xe, 0x15, 0x8c, 0xf2,
    0x0, 0xfc, 0x40, 0xc0, 0x5, 0x9d, 0xea, 0x73,
    0x20, 0xf, 0x87, 0x30, 0x18, 0x0, 0x96, 0x21,
    0x59, 0xed, 0x20, 0xf, 0x8, 0x1a, 0xb8, 0x2,
    0xa3, 0x7a, 0x98, 0x40, 0x3f, 0xb3, 0x68, 0x2,
    0x67, 0x20, 0xf, 0xfe, 0x30,

    /* U+7EAF "纯" */
    0x0, 0xc5, 0x2, 0x1, 0xe1, 0xba, 0x0, 0xff,
    0x53, 0xd8, 0x7, 0x8d, 0x14, 0x3, 0xfc, 0xc1,
    0x20, 0x1f, 0xfc, 0x66, 0x14, 0x30, 0x6, 0x77,
    0x5a, 0x0, 0xee, 0xe1, 0x0, 0xac, 0x20, 0x2,
    0x21, 0x18, 0x2, 0x11, 0xe3, 0x0, 0x31, 0x29,
    0x8e, 0xa7, 0x7f, 0xda, 0x0, 0xff, 0xe2, 0x1,
    0x81, 0xb0, 0x92, 0xe0, 0xf, 0xfe, 0x8, 0xe8,
    0xa3, 0xcb, 0x85, 0x9f, 0x58, 0x7, 0xa3, 0x94,
    0x4, 0xc1, 0x65, 0x82, 0x44, 0x5, 0xc0, 0x3c,
    0x22, 0x30, 0x2, 0x34, 0x18, 0x23, 0x0, 0x7f,
    0xf0, 0xee, 0x50, 0xc6, 0x80, 0x3f, 0xf8, 0xa3,
    0xa1, 0xa2, 0x2, 0x1, 0xff, 0xc2, 0x1f, 0x13,
    0xac, 0xfa, 0x0, 0xfe, 0x30, 0xd, 0xc2, 0x6,
    0xc6, 0x6d, 0x0, 0x1f, 0xe8, 0x3, 0xfc, 0xa0,
    0x1e, 0x69, 0xcf, 0xc6, 0x1, 0x18, 0x2, 0x11,
    0x0, 0x77, 0xfa, 0x58, 0xc0, 0x23, 0xee, 0xb4,
    0x1, 0xdc, 0x60, 0xf, 0xc6, 0xd5, 0x40, 0xf,
    0xe8, 0xa4, 0x0, 0x24, 0x5f, 0xe4, 0xab, 0x80,
    0x63, 0x0, 0xc2, 0x5a, 0x61, 0x4e, 0x80, 0x4d,
    0x58, 0x1, 0xfe, 0xd0, 0x9, 0x16, 0xbb, 0x65,
    0x44, 0x3, 0x8, 0x3, 0xfb, 0x8a, 0x4, 0x15,
    0x45, 0x10, 0xf, 0xea, 0x20, 0x11, 0xa4, 0x40,

    /* U+7EB3 "纳" */
    0x0, 0xc6, 0xc0, 0x1f, 0xa6, 0x80, 0x3f, 0xaa,
    0x5c, 0x3, 0xe6, 0x50, 0xf, 0xe6, 0x6, 0x0,
    0xff, 0xe2, 0xb8, 0x30, 0x80, 0x7f, 0xf1, 0x64,
    0x20, 0x3, 0xff, 0x8a, 0xe3, 0x2, 0x58, 0x59,
    0xbb, 0x70, 0x3, 0x75, 0xfa, 0x40, 0x32, 0x2e,
    0x12, 0x6e, 0x64, 0x50, 0x80, 0x8, 0x80, 0x42,
    0x1a, 0x28, 0xfc, 0x88, 0x50, 0x7, 0xfb, 0x0,
    0xbf, 0xc6, 0x0, 0x13, 0x5, 0x81, 0x9, 0x0,
    0xe6, 0x1, 0x0, 0x38, 0x0, 0x51, 0xe8, 0x82,
    0x48, 0x3, 0xa4, 0xc, 0x3, 0xd7, 0x0, 0x48,
    0xc0, 0x1e, 0x20, 0x1, 0x80, 0x78, 0xa8, 0x68,
    0x3, 0xc6, 0x20, 0xf, 0x0, 0xe1, 0xc0, 0x78,
    0xce, 0x30, 0xa, 0x41, 0x8c, 0xc8, 0x1, 0xb8,
    0x41, 0x98, 0x66, 0x10, 0x1, 0xa8, 0x54, 0x4,
    0x0, 0x79, 0x22, 0xff, 0x48, 0x1, 0xc0, 0xa6,
    0x86, 0x64, 0x0, 0xbb, 0xed, 0xd0, 0x3, 0x8c,
    0x6c, 0x1, 0x4, 0x20, 0x10, 0x80, 0x64, 0x73,
    0x0, 0x7e, 0x88, 0x1, 0x35, 0x40, 0x22, 0x59,
    0xcf, 0xb8, 0x50, 0x0, 0x98, 0x7, 0xf6, 0xd3,
    0x18, 0xad, 0x38, 0x7, 0xf3, 0x80, 0x46, 0xb3,
    0xbd, 0x4a, 0x20, 0x1e, 0x5e, 0xe1, 0x81, 0x6,
    0x53, 0x10, 0x7, 0xf9, 0x4, 0x67, 0x10, 0xf,
    0xed, 0xd0, 0x6, 0x1f, 0xf7, 0x40, 0x0,

    /* U+7EB5 "纵" */
    0x0, 0xc6, 0x60, 0xc, 0x8c, 0x60, 0x13, 0x30,
    0x3, 0xf4, 0x63, 0x80, 0x5d, 0x28, 0x0, 0x29,
    0x90, 0x7, 0xc2, 0x80, 0xa0, 0x10, 0x80, 0x80,
    0x7f, 0xf0, 0x24, 0x10, 0x80, 0x3f, 0xc2, 0x1,
    0xf3, 0x4, 0x0, 0x67, 0x3, 0x0, 0x8, 0x18,
    0x7, 0x9c, 0x54, 0xda, 0x0, 0x30, 0x80, 0x1c,
    0x3, 0xe1, 0x90, 0xb0, 0x87, 0x50, 0x10, 0xc,
    0x20, 0x40, 0x1d, 0xa2, 0x53, 0xe2, 0x8a, 0x6,
    0xc, 0x0, 0x30, 0xf, 0x8c, 0x9, 0xc0, 0x12,
    0x0, 0x10, 0x30, 0x0, 0x80, 0x7c, 0x8f, 0x42,
    0x10, 0x40, 0x20, 0x1, 0x0, 0x70, 0x7, 0xd7,
    0x6, 0x26, 0xe0, 0x2, 0x0, 0x8, 0x0, 0x80,
    0x2, 0x1, 0xc7, 0x23, 0xa0, 0x13, 0x0, 0x20,
    0x0, 0xc0, 0x4, 0x0, 0xc5, 0x80, 0x75, 0xd8,
    0x1a, 0x0, 0x63, 0x12, 0x0, 0x68, 0x6, 0xd0,
    0x1, 0x20, 0x20, 0x18, 0x10, 0x42, 0x0, 0x82,
    0x0, 0x79, 0xef, 0xb9, 0x0, 0x81, 0xc2, 0x92,
    0xe, 0x46, 0x40, 0x17, 0xfa, 0x10, 0x40, 0x94,
    0x4, 0xe2, 0x4c, 0x35, 0x41, 0x40, 0x3c, 0xb5,
    0xfe, 0xe0, 0x70, 0x61, 0x1, 0x4b, 0xa, 0x0,
    0x9e, 0xfe, 0x94, 0x59, 0x2, 0x80, 0x64, 0x18,
    0xc, 0x88, 0xc0, 0xa, 0x41, 0x6b, 0xe7, 0x3,
    0x30, 0x50, 0x84, 0x80, 0x2c, 0x24, 0x82, 0xed,
    0xd2, 0x84, 0x61, 0x0, 0x68, 0x12, 0x20, 0x6,
    0x22, 0x81, 0x90, 0x2, 0x2d, 0x74, 0x3, 0xd7,
    0x60, 0xd, 0xd8, 0x0,

    /* U+7EB8 "纸" */
    0x0, 0xe6, 0x0, 0xff, 0xe0, 0x10, 0x80, 0x79,
    0xa7, 0x0, 0x3e, 0x37, 0xae, 0xdd, 0x0, 0x7a,
    0x82, 0x80, 0x7, 0xfe, 0xef, 0xc8, 0x51, 0x25,
    0x20, 0xc, 0x86, 0x2c, 0x0, 0x70, 0x8, 0xd0,
    0x1, 0xdb, 0x24, 0x1, 0xa0, 0x20, 0x3, 0x8f,
    0xb2, 0xc0, 0x2, 0x1, 0xe4, 0x33, 0x30, 0x51,
    0x0, 0x1c, 0x3, 0xff, 0x81, 0x21, 0xe0, 0xeb,
    0xc0, 0x1f, 0xfc, 0x2b, 0x22, 0x25, 0x40, 0x70,
    0x7, 0xff, 0x4, 0x50, 0xa, 0x14, 0x20, 0x80,
    0x3f, 0x8, 0x6, 0x12, 0x69, 0x50, 0x37, 0x0,
    0x93, 0xfe, 0x0, 0x77, 0xfb, 0x0, 0x1b, 0x28,
    0xa3, 0xa0, 0x1c, 0x23, 0x0, 0x42, 0x27, 0x0,
    0x87, 0xc2, 0x84, 0x8, 0x0, 0x9d, 0xd1, 0x86,
    0x77, 0x2c, 0x2, 0xc2, 0x1e, 0xdf, 0xc0, 0xf,
    0x38, 0x38, 0x7, 0x79, 0x0, 0xa9, 0x11, 0xc0,
    0x3c, 0x40, 0x40, 0x1f, 0x24, 0x5f, 0xec, 0x80,
    0x7b, 0x83, 0x80, 0x3b, 0x7e, 0xdd, 0x0, 0x3f,
    0x8c, 0x8, 0x8, 0x40, 0x4, 0x1, 0x8d, 0xdc,
    0x1, 0xe5, 0x7, 0x7, 0xf2, 0x1, 0x58, 0xcf,
    0xc8, 0xb0, 0xc, 0x70, 0x64, 0x41, 0x31, 0x10,
    0x75, 0x39, 0x81, 0xc7, 0x90, 0x27, 0x63, 0xb2,
    0x84, 0x78, 0x10, 0x19, 0x9e, 0xff, 0x1c, 0xe4,
    0x0, 0x27, 0xb, 0x20, 0xcc, 0x21, 0xc, 0xc4,
    0x20, 0x7, 0x9f, 0x71, 0xc4, 0x54, 0x22, 0x90,
    0xf, 0xf7, 0x7c, 0x10, 0x6, 0x5e, 0xe2, 0x0,

    /* U+7EBF "线" */
    0x0, 0xc4, 0x1, 0xf3, 0xb8, 0x3, 0xfe, 0xdc,
    0x10, 0xe, 0x88, 0x5, 0x61, 0x80, 0x79, 0x40,
    0x44, 0x1, 0xf0, 0x91, 0xe3, 0x80, 0x74, 0x4,
    0x0, 0x7e, 0x18, 0xc2, 0x20, 0x6, 0x42, 0x22,
    0x80, 0x7e, 0x13, 0x65, 0xf2, 0x0, 0xa4, 0x24,
    0x1d, 0x1, 0x1e, 0x40, 0x1d, 0x94, 0xea, 0xe0,
    0x6, 0x25, 0x42, 0x8b, 0x4b, 0x86, 0x0, 0x91,
    0xe7, 0x14, 0xe, 0x43, 0xd7, 0x41, 0xd1, 0xa2,
    0x84, 0x2e, 0xd0, 0xc6, 0x0, 0xf0, 0x5, 0x50,
    0xa, 0x2, 0x5d, 0x50, 0x4, 0x0, 0x4a, 0xc1,
    0x60, 0xcc, 0x0, 0x70, 0x7, 0x30, 0x56, 0x7e,
    0xd4, 0x3, 0xfc, 0xa8, 0x41, 0x82, 0xd6, 0xf9,
    0x80, 0xc, 0x4d, 0xa0, 0x2, 0x83, 0x47, 0x0,
    0x6a, 0x90, 0x80, 0x5b, 0xd9, 0xae, 0x0, 0x67,
    0x3, 0xad, 0xba, 0xbe, 0xe6, 0x80, 0x90, 0x25,
    0xf8, 0x3c, 0x80, 0x1d, 0x48, 0xa4, 0x10, 0x20,
    0x11, 0x15, 0x5, 0x80, 0x80, 0x1a, 0xb7, 0xe4,
    0x3, 0x90, 0x27, 0x5, 0xd4, 0x1b, 0xbe, 0x54,
    0x80, 0x40, 0x3b, 0x1, 0xc5, 0xa0, 0x2, 0x10,
    0x2, 0x4e, 0xf8, 0x6, 0x29, 0x0, 0x44, 0x80,
    0x81, 0x3d, 0xfd, 0xb1, 0x20, 0x0, 0xa7, 0x44,
    0x3, 0xf, 0x9d, 0x42, 0xa, 0xd7, 0xd2, 0xde,
    0xb0, 0x3d, 0x4, 0x22, 0x5, 0xad, 0xaf, 0xa9,
    0x40, 0x6d, 0x1, 0xba, 0x15, 0x41, 0x74, 0x8,
    0x72, 0x80, 0x18, 0x6a, 0x7e, 0x44, 0x1, 0x4c,
    0x22, 0x81,

    /* U+7EC4 "组" */
    0x0, 0xd0, 0xa0, 0x1f, 0xfc, 0x61, 0x7a, 0x20,
    0x1, 0x5d, 0xfe, 0x70, 0xe, 0x90, 0x62, 0x0,
    0x32, 0x27, 0xed, 0x0, 0xe7, 0xb, 0x0, 0xe3,
    0xcc, 0xcc, 0x1, 0xe8, 0x7, 0x20, 0xe, 0x73,
    0x3d, 0xc0, 0x1c, 0x2e, 0x30, 0xf, 0x22, 0x1,
    0xff, 0xc1, 0xa0, 0xb0, 0x18, 0x63, 0x0, 0xff,
    0xe0, 0x4a, 0x1, 0x47, 0x4, 0x10, 0x1, 0x3b,
    0xb4, 0x0, 0x67, 0x0, 0x43, 0x81, 0xb8, 0x6,
    0x11, 0xc0, 0x1d, 0xd, 0x32, 0x0, 0x70, 0x6,
    0x4f, 0xfd, 0x0, 0x19, 0xa5, 0xa8, 0x28, 0x80,
    0x3f, 0xf8, 0x94, 0x6e, 0xa0, 0x1f, 0xfc, 0x4a,
    0x50, 0x5, 0x6f, 0x88, 0x1, 0xc0, 0x37, 0x80,
    0x6a, 0x50, 0x3, 0xa8, 0x28, 0x80, 0xf, 0xff,
    0x38, 0x6, 0xd0, 0x48, 0xbf, 0xda, 0x0, 0xc6,
    0x78, 0x3, 0x9f, 0xed, 0xd0, 0x3, 0xc9, 0x99,
    0xa0, 0x3, 0xe2, 0x69, 0xde, 0x0, 0xff, 0xe0,
    0xb6, 0x7e, 0xcb, 0x3, 0x80, 0x7f, 0xf0, 0x78,
    0xc9, 0xab, 0xb7, 0x57, 0x60, 0x4b, 0xbd, 0x0,
    0xb6, 0xb3, 0xdb, 0x2a, 0x20, 0x28, 0x1, 0x22,
    0x60, 0x9, 0x8, 0x44, 0x1, 0xff, 0xc7,

    /* U+7EC6 "细" */
    0x0, 0xe7, 0x20, 0xf, 0xfe, 0x31, 0xc6, 0x90,
    0x2b, 0xbf, 0xf8, 0x80, 0x34, 0x82, 0x90, 0x4c,
    0x47, 0xf9, 0xc0, 0x23, 0x50, 0x80, 0xc, 0xab,
    0x0, 0x15, 0x44, 0x1, 0xde, 0xe, 0x40, 0x1a,
    0x2a, 0x80, 0xa, 0xa3, 0x80, 0x65, 0x32, 0x80,
    0x30, 0xf, 0xfe, 0x10, 0xd8, 0x48, 0xe, 0x60,
    0x3, 0xff, 0x80, 0x38, 0x24, 0x47, 0xe0, 0x50,
    0xf, 0xfe, 0x9, 0x1, 0x4c, 0x1, 0x48, 0x7,
    0xff, 0x0, 0x44, 0x8e, 0xa0, 0xf, 0x0, 0x90,
    0xcc, 0x0, 0x33, 0x20, 0x5, 0xd7, 0x48, 0x14,
    0x40, 0x14, 0xe6, 0x0, 0x19, 0x81, 0x0, 0xc3,
    0xe3, 0x2a, 0x1, 0x89, 0x10, 0x0, 0x44, 0x0,
    0x62, 0xe2, 0x27, 0x56, 0x48, 0x3, 0xee, 0xc0,
    0xb, 0xb2, 0x80, 0x7, 0x40, 0x4, 0xea, 0x42,
    0x1, 0xff, 0xc0, 0x10, 0x3, 0x4d, 0xf7, 0x20,
    0x3, 0xff, 0x83, 0xfe, 0x96, 0x41, 0x0, 0xff,
    0xe3, 0x92, 0xc3, 0x80, 0x7f, 0xf0, 0x5a, 0x73,
    0xf6, 0x9e, 0xc0, 0x1b, 0xdc, 0x0, 0x77, 0x14,
    0x0, 0x32, 0xc6, 0x2, 0xb3, 0xa0, 0x10, 0x88,
    0x0, 0x22, 0x0, 0x84, 0x9a, 0xbb, 0x94, 0xc2,
    0x0, 0xdf, 0xff, 0x28, 0x5, 0xb2, 0xa2, 0x1,
    0xff, 0xcd, 0xed, 0x20, 0xf, 0x57, 0xa8,

    /* U+7ECF "经" */
    0x0, 0xc2, 0x20, 0xf, 0xfe, 0x45, 0xf3, 0x0,
    0xc, 0xff, 0x29, 0x80, 0x78, 0x54, 0x8, 0x1,
    0xb9, 0x9f, 0x56, 0x50, 0x7, 0x48, 0x22, 0x0,
    0xe, 0x89, 0xe0, 0xb, 0xc0, 0x30, 0xb0, 0x40,
    0x5, 0x37, 0x7d, 0x0, 0x4, 0x50, 0xd, 0x22,
    0xc6, 0x12, 0x20, 0x1c, 0x78, 0x5, 0x40, 0x18,
    0x9c, 0x60, 0x1d, 0xa8, 0x3, 0x36, 0x1, 0x60,
    0x80, 0x43, 0xe0, 0x8f, 0x50, 0x10, 0x0, 0x2c,
    0x90, 0x1, 0xb0, 0x6, 0x72, 0x5, 0x95, 0x6,
    0x32, 0x9d, 0x30, 0x54, 0x18, 0xe8, 0x10, 0x70,
    0x68, 0x20, 0x29, 0xbd, 0x60, 0x6e, 0xab, 0xd5,
    0x17, 0xf3, 0x1f, 0x93, 0x20, 0xf0, 0xc1, 0x7e,
    0x91, 0x0, 0x15, 0x61, 0x91, 0x80, 0xa, 0x82,
    0x88, 0x5b, 0x2c, 0x8c, 0xfc, 0x1f, 0xa0, 0x2,
    0xd1, 0xe, 0xe9, 0x17, 0x33, 0xfc, 0x40, 0x5a,
    0x1, 0x20, 0x1b, 0x1a, 0xac, 0x20, 0x5, 0x5c,
    0x20, 0x40, 0x7, 0xad, 0xec, 0x34, 0xaa, 0xc0,
    0x55, 0x58, 0x80, 0x1d, 0xf0, 0xa4, 0x1, 0xff,
    0xc5, 0x10, 0x1, 0x35, 0x72, 0x80, 0x7f, 0xf0,
    0x45, 0xeb, 0xb6, 0x54, 0x4, 0x3, 0xff, 0x82,
    0x50, 0xa2, 0x26, 0xbe, 0x3a, 0xae, 0x2, 0xaa,
    0xe3, 0x31, 0x3e, 0x74, 0xa0, 0x5a, 0xae, 0x10,
    0x2, 0xaf, 0x38, 0x6c, 0x18, 0x7, 0xff, 0x18,

    /* U+7ED3 "结" */
    0x0, 0xcc, 0x80, 0x1f, 0x1e, 0xd8, 0x7, 0xf4,
    0xdb, 0x0, 0x79, 0xc9, 0x40, 0x3f, 0x30, 0xb,
    0x0, 0x7f, 0xf1, 0x60, 0x24, 0x0, 0x5f, 0xfa,
    0xc0, 0x7f, 0xf5, 0x0, 0x18, 0x49, 0xc0, 0x40,
    0x3f, 0xf8, 0x2, 0x3, 0x1, 0x20, 0xdc, 0x9f,
    0xfa, 0x80, 0x1f, 0xfa, 0xc2, 0xc5, 0x50, 0x64,
    0x38, 0x3, 0x8, 0x8, 0x7, 0x3a, 0x83, 0xf7,
    0x0, 0xa0, 0x3, 0xff, 0x80, 0x60, 0x2, 0x10,
    0x7, 0x4, 0x7f, 0xd6, 0x3, 0xff, 0x91, 0x11,
    0xba, 0x10, 0x93, 0x1, 0x0, 0xff, 0xe0, 0x39,
    0x70, 0xb3, 0x0, 0x13, 0xdd, 0xfe, 0x40, 0x5,
    0x9a, 0x48, 0x9a, 0x0, 0x8f, 0xf8, 0x7, 0x10,
    0x1b, 0xb9, 0x9e, 0x3b, 0xbf, 0xd8, 0x4, 0x60,
    0x2, 0x12, 0x5d, 0x2, 0x2f, 0xe3, 0x3, 0x5,
    0x9c, 0xfd, 0xa6, 0x0, 0xbf, 0xfb, 0x0, 0x37,
    0xd3, 0x18, 0x7, 0xff, 0x0, 0x40, 0x3e, 0x14,
    0x7a, 0xb0, 0xf, 0xfe, 0x1, 0xc5, 0xf7, 0x2e,
    0x15, 0x40, 0x1f, 0xfc, 0x5, 0x74, 0x10, 0x36,
    0xac, 0x0, 0xbf, 0xfb, 0x40, 0x25, 0x69, 0xcf,
    0xc9, 0x52, 0x0, 0x84, 0x78, 0x3, 0x1c, 0xb1,
    0x80, 0x7e, 0xee, 0xed, 0x0, 0xff, 0xe0, 0xf,
    0x70, 0x3, 0x8b, 0xfc, 0x0,

    /* U+7ED8 "绘" */
    0x0, 0xc8, 0x1, 0xf8, 0x88, 0x1, 0xfc, 0x57,
    0xa0, 0x1f, 0x76, 0xa8, 0x7, 0xe5, 0x4, 0x0,
    0xf2, 0x98, 0x68, 0x7, 0xea, 0xa, 0x0, 0xe1,
    0xb0, 0x3, 0xa0, 0x7, 0x90, 0x8c, 0xc0, 0x1d,
    0xa2, 0x96, 0x16, 0x80, 0x1d, 0xe1, 0x3, 0x42,
    0x0, 0xb3, 0x2b, 0x49, 0xb, 0x40, 0x8, 0xd0,
    0xd2, 0x56, 0xc2, 0xd0, 0x7c, 0x0, 0xd2, 0x16,
    0xe0, 0xe, 0xa, 0x57, 0xf, 0xd4, 0xb, 0x31,
    0x19, 0xdc, 0x11, 0x2c, 0x41, 0x34, 0xa, 0x84,
    0x3, 0x5d, 0xdc, 0xf0, 0x18, 0xc0, 0xa8, 0x0,
    0xb1, 0x9d, 0x63, 0x3f, 0x9f, 0x14, 0x3e, 0x9c,
    0x24, 0x41, 0x8a, 0x33, 0x3e, 0x3, 0x0, 0x9c,
    0xd1, 0x8c, 0x8d, 0x9b, 0xfe, 0x0, 0x24, 0x3,
    0x7e, 0x25, 0xcc, 0xff, 0xc2, 0x76, 0x0, 0x22,
    0x32, 0x63, 0xb9, 0x40, 0x8, 0xef, 0xc2, 0x60,
    0x9, 0xed, 0x92, 0x48, 0x81, 0x83, 0x5c, 0x42,
    0x62, 0x0, 0xe, 0xf6, 0x10, 0x43, 0x0, 0x1b,
    0x4, 0x1, 0xf5, 0x0, 0x61, 0x3, 0x8e, 0xba,
    0x0, 0x78, 0x40, 0x81, 0x92, 0x30, 0x0, 0x63,
    0x71, 0xc5, 0x68, 0x1c, 0xc9, 0xc0, 0x8e, 0xc2,
    0x44, 0x9, 0xc8, 0x91, 0xd4, 0x77, 0x0, 0x5f,
    0xed, 0xc8, 0x0, 0x58, 0x1b, 0x5e, 0xb8, 0x80,
    0x10, 0x2, 0x24, 0x67, 0x99, 0x2, 0x90, 0x4a,
    0x0, 0x75, 0x67, 0x7e, 0xdc, 0xc3, 0x31, 0xd8,
    0xc0,

    /* U+7ED9 "给" */
    0x0, 0xc2, 0x20, 0xf, 0x84, 0x80, 0x3f, 0xe9,
    0xe7, 0x0, 0xf4, 0x6e, 0x80, 0x3f, 0xcc, 0x4,
    0x1, 0xe6, 0x2, 0x0, 0xfe, 0x51, 0x12, 0x80,
    0x73, 0x80, 0x4e, 0x1, 0xfa, 0x2, 0x0, 0x38,
    0xa0, 0x28, 0x20, 0xc0, 0x3c, 0xc4, 0x6c, 0x54,
    0x20, 0xe, 0x5, 0x54, 0x86, 0x90, 0x7, 0x40,
    0x78, 0x4a, 0xd8, 0x51, 0x8d, 0x83, 0x28, 0xf9,
    0x0, 0x54, 0x26, 0xd6, 0x81, 0x14, 0xa1, 0x6,
    0x44, 0x90, 0x2c, 0x40, 0x25, 0x3, 0xa4, 0x8,
    0xe5, 0x0, 0x4e, 0xed, 0x80, 0x22, 0xa1, 0x20,
    0x37, 0x0, 0x1b, 0xf8, 0xe2, 0xa2, 0x7b, 0x17,
    0x4, 0x3f, 0x30, 0x0, 0xe0, 0x3e, 0x3a, 0xbb,
    0xf1, 0x51, 0x0, 0x43, 0x41, 0x64, 0x1, 0x8,
    0xff, 0x0, 0x61, 0xc1, 0x2c, 0xbe, 0x71, 0xee,
    0xfe, 0x10, 0xb, 0x88, 0x9, 0xd0, 0xc8, 0x2,
    0x44, 0xe0, 0xf, 0xcb, 0x17, 0xda, 0xa0, 0x1,
    0xbb, 0xe0, 0xf, 0x6f, 0xd3, 0xa0, 0x80, 0x7f,
    0xf1, 0x8, 0x2, 0x36, 0xa6, 0x0, 0xff, 0xe1,
    0x2c, 0x67, 0xe4, 0xaf, 0x80, 0x4, 0x3, 0x8,
    0x7, 0xa9, 0xcc, 0x52, 0x32, 0x40, 0x2f, 0xfd,
    0xc0, 0x1e, 0x78, 0xce, 0xb7, 0x30, 0xc, 0x67,
    0x88, 0x3, 0xd0, 0xe6, 0x1, 0xf0, 0xe6, 0x6d,
    0x0, 0xff, 0xe1, 0xf, 0xf0, 0x7, 0x7f, 0x84,
    0x0,

    /* U+7EDC "络" */
    0x0, 0xff, 0xe7, 0x14, 0x8, 0x7, 0x66, 0x8,
    0x3, 0xfe, 0xa7, 0xa0, 0xc, 0x86, 0x24, 0x1,
    0xff, 0x30, 0x78, 0x6, 0x90, 0x2b, 0xbd, 0xf8,
    0x20, 0x19, 0x84, 0xd0, 0x2, 0x72, 0x0, 0x22,
    0x60, 0x32, 0x0, 0xd0, 0x1e, 0x1, 0x1c, 0x1,
    0xee, 0xe5, 0x4, 0x30, 0x9, 0xc5, 0x4d, 0x35,
    0xb4, 0x0, 0x60, 0x44, 0x65, 0x9, 0x0, 0x8e,
    0x6, 0xc2, 0xa, 0x45, 0x24, 0x30, 0x4e, 0x82,
    0x88, 0x0, 0x38, 0x3, 0xbe, 0x63, 0xcd, 0x6c,
    0xe3, 0xd8, 0x30, 0xa0, 0x10, 0x80, 0x46, 0x0,
    0xa1, 0x90, 0x4, 0x80, 0x42, 0xe0, 0x1d, 0x17,
    0xa6, 0xc, 0x80, 0x2, 0x9e, 0x0, 0x87, 0x58,
    0x3, 0x3a, 0x51, 0x9a, 0x41, 0x73, 0x58, 0x1b,
    0xb5, 0xa, 0x7e, 0xc8, 0x0, 0xce, 0x30, 0xd5,
    0x86, 0xb, 0xb2, 0x25, 0x78, 0x80, 0xa4, 0xf,
    0x20, 0x37, 0x2b, 0x92, 0x6d, 0xd9, 0x9b, 0xdd,
    0x68, 0x1, 0x0, 0x11, 0xbd, 0xab, 0x11, 0x9f,
    0xe6, 0x40, 0x1, 0x25, 0xfe, 0x42, 0x0, 0x6e,
    0xee, 0xb0, 0xe, 0xdb, 0x40, 0x9, 0xc, 0x2,
    0x11, 0xe0, 0xf, 0xe4, 0x9e, 0xbb, 0x0, 0x7f,
    0xf0, 0x96, 0xba, 0xd8, 0x4b, 0x80, 0x21, 0x1f,
    0x0, 0x75, 0x28, 0x89, 0xb3, 0x58, 0x2, 0xee,
    0xea, 0x2, 0x0, 0x91, 0x6f, 0xa4, 0xc0, 0x38,
    0xcf, 0x80, 0x6, 0x1, 0x5d, 0x20, 0x7, 0xec,
    0xce, 0xb0, 0x10, 0xf, 0xfe, 0x7, 0x78, 0x7,
    0x27, 0xe0, 0x0,

    /* U+7EDF "统" */
    0x0, 0xcb, 0x2, 0x1, 0xe7, 0xb1, 0x0, 0xff,
    0x73, 0xd0, 0x7, 0xb1, 0x24, 0x3, 0xf8, 0x90,
    0x20, 0x3, 0xde, 0xc, 0x1, 0xfd, 0x0, 0x66,
    0x1, 0xbb, 0xde, 0x5, 0x77, 0xa8, 0x2, 0x25,
    0xf, 0x0, 0x1a, 0x27, 0x1, 0xa2, 0x70, 0x5,
    0x0, 0xc6, 0xfa, 0xd9, 0x91, 0x0, 0x33, 0x3c,
    0x0, 0x55, 0xc, 0x4, 0x91, 0xc, 0xca, 0x41,
    0xa6, 0x1e, 0x26, 0x40, 0x74, 0x9, 0x3e, 0x24,
    0xc0, 0x72, 0x14, 0x40, 0xa7, 0xc0, 0x11, 0x0,
    0x15, 0xc0, 0x1c, 0x5, 0xa0, 0xea, 0x0, 0x63,
    0x33, 0x0, 0x4, 0x44, 0x80, 0x8, 0x36, 0xd1,
    0x1, 0xac, 0xdf, 0x30, 0x91, 0x0, 0x76, 0x90,
    0x1b, 0x81, 0x0, 0x4c, 0xa6, 0x40, 0x20, 0x9,
    0x0, 0x99, 0x83, 0xa0, 0x4, 0x4, 0x57, 0xac,
    0xc6, 0xf6, 0x82, 0x0, 0x1a, 0x42, 0x1e, 0x74,
    0x7e, 0xd5, 0xd0, 0xff, 0x50, 0xaf, 0x0, 0x12,
    0x0, 0x99, 0x31, 0x18, 0x6, 0x10, 0xe, 0x40,
    0xf, 0x24, 0x5f, 0x90, 0x10, 0x8, 0x7, 0xfa,
    0xed, 0xf6, 0xe8, 0x1, 0x38, 0x10, 0x7, 0xf9,
    0x10, 0x0, 0x27, 0xd3, 0xc, 0x4, 0x0, 0xf3,
    0xb0, 0x4, 0x71, 0xba, 0x82, 0x62, 0x60, 0xb0,
    0xf, 0x74, 0x90, 0x76, 0x39, 0x12, 0x39, 0xfc,
    0x10, 0xc0, 0x3c, 0x40, 0x60, 0x64, 0xfb, 0xa7,
    0x6d, 0x21, 0xa0, 0x9, 0xc2, 0xb1, 0x8, 0x43,
    0xf6, 0x8, 0x0, 0x60, 0x7e, 0x20, 0x17, 0x88,
    0x8c, 0x60, 0x0, 0x40, 0x1c, 0x99, 0x81, 0x0,
    0xc9, 0xdf, 0xee, 0x50,

    /* U+7EED "续" */
    0x0, 0xc6, 0x40, 0x1f, 0x24, 0xa8, 0x7, 0xf7,
    0xe9, 0x80, 0x7b, 0x1b, 0x40, 0x3f, 0x11, 0x91,
    0x80, 0x12, 0xee, 0x70, 0x7b, 0xb9, 0x80, 0x35,
    0x85, 0x80, 0x44, 0x89, 0x0, 0x48, 0x97, 0x80,
    0x42, 0xc4, 0xc0, 0x13, 0x7f, 0xcc, 0xd, 0xff,
    0x48, 0x5, 0x1, 0x1, 0x6, 0x1, 0xc2, 0x2,
    0x1, 0xe3, 0x64, 0x52, 0x7e, 0x3f, 0xfc, 0xe0,
    0xff, 0xf9, 0x47, 0x83, 0x93, 0xc2, 0x4, 0xcf,
    0xf8, 0x0, 0xea, 0x41, 0x56, 0x46, 0xa5, 0x9c,
    0xdd, 0x8e, 0xec, 0xc1, 0x89, 0x21, 0x4d, 0x80,
    0x38, 0x2, 0x17, 0xd6, 0x44, 0x1, 0x1b, 0x80,
    0x35, 0xb0, 0x1c, 0x80, 0x16, 0xba, 0xa2, 0x1,
    0x16, 0x40, 0x4, 0x6e, 0x76, 0xe8, 0x5, 0x39,
    0x6e, 0x2, 0x0, 0x31, 0x0, 0x1e, 0x1, 0xe4,
    0x18, 0x4d, 0x89, 0x88, 0x18, 0x7, 0x16, 0x0,
    0x5, 0xa9, 0xaf, 0x20, 0x7b, 0x80, 0x59, 0x99,
    0x8, 0xb, 0x3a, 0x54, 0x54, 0xcf, 0x0, 0x46,
    0x78, 0x83, 0xf4, 0xc0, 0xe5, 0xfb, 0xfe, 0xb0,
    0x6, 0xe7, 0xfc, 0xc0, 0x2, 0x7d, 0xc6, 0xd0,
    0x8, 0xa8, 0x1e, 0xb1, 0xc0, 0x23, 0xdd, 0x41,
    0x2d, 0xd0, 0x1, 0x30, 0x4e, 0x28, 0xe2, 0xc0,
    0x2, 0x44, 0x8e, 0xa4, 0x1, 0x9b, 0x13, 0xd0,
    0x2c, 0x54, 0xc1, 0x2c, 0xd7, 0x10, 0x0, 0xfb,
    0x3, 0xe0, 0x80, 0x54, 0xe7, 0x60, 0x60, 0x1c,
    0x3a, 0xdb, 0x0, 0x1e, 0x88, 0x80,

    /* U+7EFF "绿" */
    0x0, 0xc6, 0x40, 0x1f, 0xfc, 0x8f, 0xd6, 0x0,
    0xb3, 0x3f, 0x7e, 0x0, 0x70, 0x98, 0x38, 0x4,
    0x67, 0xf8, 0xc, 0x3, 0xa4, 0x14, 0x40, 0x2f,
    0xff, 0xc0, 0x1f, 0x30, 0x40, 0x6, 0x59, 0x9f,
    0x50, 0x8, 0x6, 0x71, 0x52, 0x9a, 0x10, 0xf6,
    0x6f, 0x28, 0x18, 0x4, 0x32, 0x16, 0x2c, 0xa6,
    0x15, 0xff, 0xec, 0x1, 0x0, 0xb4, 0x45, 0x1c,
    0xc, 0x42, 0x3f, 0x98, 0x0, 0x20, 0x3, 0x1,
    0x60, 0x18, 0xc, 0xee, 0xfa, 0x80, 0xf9, 0x41,
    0x1e, 0x40, 0x16, 0x20, 0xe6, 0x78, 0x0, 0x67,
    0xc2, 0x17, 0x1c, 0xa, 0xa0, 0x5, 0x7e, 0x64,
    0x21, 0x99, 0x76, 0x20, 0x1, 0x1c, 0xa8, 0x2,
    0x5c, 0xa0, 0xf, 0x26, 0xd8, 0x0, 0xec, 0x1e,
    0xb7, 0x81, 0x51, 0x68, 0x4, 0x0, 0xb6, 0x1e,
    0x0, 0xc0, 0x2, 0xa8, 0x90, 0x1, 0x66, 0xe2,
    0x0, 0xfa, 0x2d, 0x40, 0x1, 0x2, 0xce, 0x7d,
    0x0, 0x5b, 0x38, 0x1, 0xb0, 0x80, 0x2d, 0xfa,
    0x63, 0x1, 0x0, 0xa6, 0xc8, 0x3, 0x20, 0x7,
    0xc7, 0x1b, 0xe0, 0x7a, 0xe5, 0xa2, 0x18, 0x14,
    0xe0, 0x12, 0x4f, 0x63, 0x91, 0x1b, 0x9, 0x74,
    0x80, 0x7, 0x81, 0x1a, 0x81, 0x2c, 0x25, 0x1b,
    0x8c, 0x55, 0x40, 0xe, 0x3d, 0x33, 0x28, 0x2b,
    0xee, 0x9c, 0x80, 0x1a, 0xa1, 0x78, 0x20, 0x11,
    0x67, 0x88, 0x44, 0x8, 0x3, 0xf0, 0x99, 0x48,
    0x6, 0x10,

    /* U+7F00 "缀" */
    0x0, 0xce, 0x20, 0x1f, 0xfc, 0x75, 0x8b, 0x4,
    0xaa, 0xde, 0xaa, 0xaa, 0xde, 0x80, 0x1b, 0xc3,
    0x80, 0x95, 0x70, 0x7e, 0xaa, 0xe0, 0x30, 0xc,
    0xa4, 0x80, 0xdf, 0xf3, 0x86, 0x47, 0xfc, 0xa0,
    0x80, 0x13, 0x5, 0x80, 0x50, 0xc0, 0xc0, 0xe9,
    0x42, 0x25, 0x23, 0x0, 0xac, 0x58, 0xe4, 0xd6,
    0x7c, 0x54, 0x75, 0x7b, 0x81, 0x60, 0x13, 0x14,
    0x4, 0xb3, 0x35, 0x0, 0x18, 0x13, 0x40, 0x13,
    0x0, 0xa, 0x40, 0x6d, 0x4d, 0x45, 0x80, 0x12,
    0xa0, 0xc0, 0x16, 0x8, 0x30, 0x2, 0x10, 0x20,
    0xf0, 0x96, 0xc5, 0x99, 0x81, 0x8, 0x76, 0x8,
    0x70, 0xc0, 0x88, 0x82, 0x6a, 0x4e, 0x28, 0xa,
    0x7b, 0x6b, 0x0, 0x63, 0xa0, 0x50, 0x55, 0x24,
    0x2, 0x1d, 0xe5, 0x0, 0x48, 0x80, 0x4e, 0x52,
    0x26, 0xd3, 0x98, 0xdf, 0x79, 0xdc, 0xcb, 0xe0,
    0x0, 0x90, 0x1b, 0xf9, 0xa6, 0x71, 0x7, 0xb9,
    0x9e, 0x2, 0x1, 0xb0, 0x2, 0x1b, 0xd7, 0xfc,
    0xa1, 0x8e, 0x1f, 0xe7, 0xc, 0x1, 0x2, 0x9e,
    0xc8, 0x1b, 0x51, 0x51, 0x4e, 0x7, 0x6, 0x16,
    0x0, 0x7e, 0xb0, 0x82, 0xa2, 0xd7, 0x4, 0x82,
    0x14, 0xd0, 0xb0, 0x7, 0x25, 0x7d, 0x7, 0x80,
    0x48, 0x0, 0x91, 0x51, 0x80, 0x1, 0x4f, 0x5a,
    0x94, 0x22, 0x0, 0x2d, 0x30, 0x10, 0xf, 0x98,
    0x56, 0xf5, 0xe2, 0x82, 0xa0, 0x1, 0x34, 0x0,
    0x1c, 0x20, 0x29, 0xea, 0x41, 0xe6, 0x1c, 0x57,
    0xac, 0x61, 0xce, 0x23, 0xd3, 0x6, 0x10, 0x0,
    0xc3, 0xf9, 0x80, 0x11, 0x5f, 0x8c, 0x75, 0xd8,
    0xc0,

    /* U+7F13 "缓" */
    0x0, 0xc8, 0x60, 0x1f, 0xf0, 0xa1, 0x80, 0x7a,
    0x31, 0xc1, 0x19, 0xe2, 0x6b, 0x3b, 0xfa, 0xf4,
    0x80, 0x31, 0x18, 0x30, 0x1c, 0xc3, 0xb2, 0x91,
    0x11, 0x99, 0x46, 0x1, 0xac, 0x18, 0x41, 0xa5,
    0x7b, 0xd8, 0xb2, 0xe1, 0xa4, 0x3, 0xb, 0x5,
    0x80, 0x4, 0x4a, 0x80, 0x66, 0x10, 0x90, 0x51,
    0x0, 0xa0, 0x1c, 0x9a, 0x85, 0x43, 0x83, 0x41,
    0x49, 0xca, 0x0, 0x23, 0x61, 0x90, 0x85, 0x88,
    0x0, 0x2b, 0x13, 0xb4, 0xe, 0x9c, 0xb, 0x0,
    0xef, 0xc5, 0x3d, 0x41, 0x15, 0x10, 0xa0, 0x1,
    0x5c, 0x0, 0xc4, 0xa0, 0x9, 0x6f, 0xf0, 0x87,
    0x7f, 0xfa, 0xc0, 0x92, 0xf4, 0x82, 0x82, 0xee,
    0x10, 0xab, 0xbf, 0x50, 0x2, 0xd2, 0x89, 0x54,
    0xc8, 0x90, 0x1, 0x13, 0xe5, 0x0, 0x95, 0xca,
    0x84, 0x5d, 0xf4, 0x9, 0xff, 0xf8, 0x0, 0x94,
    0x0, 0xee, 0x50, 0x3, 0x1, 0x26, 0x75, 0x59,
    0x80, 0x6, 0xc0, 0x4, 0x26, 0xe2, 0xc, 0x0,
    0x66, 0xca, 0x96, 0x0, 0x10, 0x29, 0xcf, 0xc8,
    0x1, 0x0, 0xb7, 0xfe, 0x20, 0xa0, 0xb, 0xf5,
    0x8c, 0x9, 0x82, 0x40, 0x2f, 0x10, 0x82, 0x62,
    0x0, 0xe2, 0x7c, 0xd9, 0x37, 0xc, 0x62, 0xc9,
    0x71, 0x80, 0x8, 0x63, 0x75, 0x6, 0x95, 0x0,
    0xa7, 0x2a, 0x4c, 0x14, 0x20, 0x11, 0xb9, 0x12,
    0x3a, 0xfd, 0x6, 0xca, 0x10, 0x2, 0xba, 0x51,
    0x2, 0x6c, 0xd7, 0x16, 0x51, 0xdc, 0xd7, 0x8,
    0xd6, 0x5, 0xae, 0x30, 0x93, 0x0, 0x9a, 0x30,
    0xed, 0x6b, 0x9c, 0xa7, 0xa5, 0x5c, 0xc0,

    /* U+7F16 "编" */
    0x0, 0xc6, 0x1, 0xf8, 0x54, 0x3, 0xf8, 0x73,
    0x80, 0x3e, 0xda, 0x70, 0xf, 0xce, 0xa, 0x1,
    0x84, 0x1, 0x41, 0x20, 0x1f, 0xa8, 0x3c, 0x0,
    0x7f, 0xdf, 0xe9, 0x1, 0xff, 0xc2, 0x0, 0x33,
    0x90, 0x3, 0x95, 0x7e, 0x0, 0xe9, 0x8, 0xb,
    0x50, 0x2, 0xd5, 0x7c, 0x20, 0x11, 0x29, 0xa3,
    0xa6, 0x80, 0x16, 0xab, 0xe1, 0x0, 0xb4, 0x1,
    0x90, 0x32, 0x1, 0x2a, 0xfc, 0x1, 0x28, 0x0,
    0xcc, 0x12, 0x20, 0x4, 0xff, 0xfe, 0x14, 0x6,
    0x60, 0xb, 0x83, 0x80, 0x80, 0x7f, 0x87, 0xe5,
    0x3, 0x40, 0x32, 0xff, 0xff, 0x28, 0x2, 0x9,
    0xcc, 0x0, 0x40, 0x12, 0x0, 0x10, 0x3, 0xca,
    0xe0, 0xb, 0xe2, 0x10, 0xa, 0xa4, 0x6c, 0x66,
    0xc0, 0x5, 0x40, 0x7, 0x45, 0xe, 0x2, 0x0,
    0xff, 0x10, 0x14, 0xef, 0xd9, 0x28, 0x30, 0x54,
    0x8d, 0xc, 0xd0, 0x5, 0xfa, 0xc4, 0x72, 0x26,
    0x26, 0x8, 0x0, 0x50, 0x0, 0x80, 0x73, 0x66,
    0x19, 0x80, 0xa0, 0xe, 0x91, 0xf1, 0x9b, 0x0,
    0x14, 0xfc, 0x99, 0xab, 0xc3, 0x0, 0x3f, 0xe6,
    0x60, 0x2e, 0x61, 0x58, 0x14, 0x3, 0xfe, 0x47,
    0xea, 0x30, 0x41, 0x42, 0x0, 0xfb, 0xb8, 0x2,
    0x10, 0x20, 0x12, 0x5c, 0x0, 0x67, 0xc0, 0xf9,
    0x53, 0x50,

    /* U+7F29 "缩" */
    0x0, 0xc6, 0xe0, 0x1f, 0x3d, 0x0, 0x7f, 0xd5,
    0xe, 0x1, 0xec, 0x56, 0x0, 0xff, 0x38, 0x30,
    0x45, 0xde, 0x40, 0x9b, 0xbe, 0x20, 0x9, 0x85,
    0x84, 0x15, 0x13, 0x0, 0x48, 0x9c, 0x20, 0x15,
    0x85, 0x80, 0x6e, 0xff, 0xfc, 0x1, 0xca, 0x4c,
    0x54, 0xc0, 0x6, 0x60, 0x80, 0x78, 0xcc, 0x20,
    0x8, 0x18, 0x25, 0xac, 0xe9, 0x93, 0x55, 0x79,
    0x94, 0x82, 0xc8, 0xe3, 0x42, 0x4, 0x85, 0x79,
    0x57, 0xe7, 0x0, 0x20, 0x13, 0x2, 0x20, 0x28,
    0x3e, 0x7f, 0xc2, 0x1b, 0xfe, 0xe0, 0x4, 0x42,
    0xc0, 0x12, 0x2, 0xc0, 0x80, 0x1, 0x11, 0x10,
    0x3, 0x9d, 0xc6, 0x10, 0x41, 0x0, 0x14, 0x7f,
    0x1, 0x7f, 0xcc, 0x1, 0x1c, 0x1b, 0x92, 0x30,
    0x7, 0x19, 0x11, 0x8, 0x3, 0x16, 0x0, 0x3b,
    0x68, 0x4, 0x3, 0x7e, 0xea, 0xec, 0x1, 0xb4,
    0x0, 0x66, 0x7a, 0xa2, 0x80, 0x7f, 0xf0, 0x50,
    0x67, 0xb6, 0x11, 0x40, 0x3b, 0x3f, 0xe9, 0x0,
    0xd7, 0xcc, 0x20, 0x8c, 0x1, 0xf2, 0x24, 0x1,
    0xf1, 0x47, 0x5c, 0x0, 0x7b, 0x2e, 0xe9, 0x0,
    0xcd, 0x9a, 0xe2, 0x94, 0x1, 0xff, 0xc3, 0xa3,
    0x17, 0xeb, 0x40, 0xf, 0x65, 0xdd, 0x20, 0x1a,
    0x6b, 0xa0, 0x40, 0x3f, 0x91, 0x20, 0xe, 0x55,
    0x0, 0x7f, 0xd9, 0xff, 0x48, 0x7, 0xff, 0x2,
    0xb4, 0x63, 0x8c, 0x2, 0x6f, 0x60,

    /* U+7F3A "缺" */
    0x0, 0x2b, 0x0, 0x7f, 0xa6, 0x0, 0x3f, 0x4c,
    0x84, 0x3, 0xf0, 0xb3, 0x0, 0x3e, 0x13, 0x0,
    0x8, 0xe0, 0xf, 0xfe, 0x12, 0x0, 0x3b, 0xba,
    0x0, 0x3f, 0xf8, 0x3e, 0x1, 0x85, 0x11, 0xc1,
    0xdd, 0x0, 0xf7, 0x58, 0x0, 0x15, 0x1f, 0x40,
    0xdb, 0xb3, 0x0, 0x88, 0x2, 0x11, 0x88, 0x0,
    0xc1, 0x20, 0x1f, 0xbf, 0xda, 0x0, 0xfe, 0x0,
    0xcf, 0x8e, 0x1, 0xfe, 0x30, 0x10, 0xf, 0x27,
    0xe6, 0x10, 0x33, 0x28, 0x0, 0xff, 0xe0, 0x11,
    0x9c, 0x1, 0x19, 0x88, 0x2, 0x30, 0x30, 0xf,
    0x37, 0xfc, 0x81, 0x9f, 0xea, 0x8b, 0xb6, 0x1,
    0x5e, 0x80, 0xd8, 0x1, 0x64, 0x3, 0xa5, 0x4d,
    0x10, 0x20, 0x4, 0x30, 0x2, 0x8, 0x6b, 0x8,
    0x4, 0x2d, 0x9f, 0x32, 0x20, 0xa, 0x26, 0x61,
    0x0, 0xff, 0x23, 0x31, 0xc0, 0x22, 0x66, 0x80,
    0x3f, 0xf8, 0x48, 0xc, 0x12, 0x1, 0xff, 0xc4,
    0x51, 0x14, 0x91, 0xa8, 0x7, 0xcc, 0x17, 0x20,
    0x1a, 0xc1, 0x82, 0xc2, 0xc4, 0x2, 0x70, 0xe2,
    0x7, 0x70, 0x5, 0x42, 0x12, 0xc, 0x43, 0x82,
    0x0, 0x73, 0x68, 0xad, 0xd0, 0x2, 0x94, 0x28,
    0x40, 0x1e, 0x5, 0xe6, 0x11, 0x92, 0xea, 0x44,
    0xeb, 0x60, 0x75, 0x0, 0x8b, 0x0, 0xc8, 0x3,
    0xf0, 0x96, 0x54, 0x0, 0x71, 0xef, 0x88,

    /* U+7F51 "网" */
    0x1, 0x1f, 0xfe, 0x21, 0x8, 0x17, 0x77, 0xff,
    0x13, 0x78, 0x80, 0x21, 0x1f, 0xfe, 0x10, 0x7,
    0xf, 0x77, 0xff, 0x8, 0x40, 0x3f, 0x9a, 0xd0,
    0x2, 0x4b, 0x50, 0xf, 0xc4, 0x0, 0xf4, 0x1,
    0x0, 0x1a, 0x18, 0x7, 0xcf, 0xa6, 0xa, 0x0,
    0xe6, 0xd, 0x5, 0x0, 0xf9, 0x3, 0x48, 0xc5,
    0x46, 0x51, 0xc0, 0xc0, 0x3e, 0x39, 0x1d, 0x4,
    0x1d, 0xb, 0x23, 0x0, 0xfe, 0x65, 0x0, 0x78,
    0x1c, 0x80, 0x10, 0x3, 0xfd, 0x40, 0x3, 0x0,
    0x30, 0x0, 0x80, 0x3f, 0xc4, 0x0, 0x81, 0x0,
    0xca, 0x40, 0x1f, 0xd6, 0x4, 0x34, 0xe, 0x1,
    0x48, 0x7, 0xe2, 0x61, 0xd3, 0x42, 0x90, 0xd3,
    0x43, 0x0, 0xfa, 0x42, 0x43, 0xb2, 0xc5, 0x8a,
    0x4, 0x40, 0x1e, 0x84, 0x27, 0x2, 0x66, 0xc,
    0x2, 0x79, 0x0, 0x70, 0x98, 0x78, 0x5, 0x21,
    0x62, 0x0, 0x10, 0xf, 0xd, 0xe9, 0x0, 0x59,
    0x6a, 0x1, 0x84, 0x40, 0x1e, 0x20, 0xe, 0x40,
    0x4, 0xff, 0xb8, 0x0, 0x40, 0x1f, 0xfc, 0x1a,
    0x0, 0x9, 0xd8, 0x0,

    /* U+7F6E "置" */
    0xa, 0xff, 0xff, 0xe2, 0x48, 0x6, 0x48, 0x82,
    0x2, 0xc4, 0x10, 0x12, 0x20, 0xa0, 0x1e, 0xc7,
    0x71, 0x86, 0x3b, 0xb0, 0x31, 0xdd, 0xe0, 0x1e,
    0xba, 0xa2, 0x85, 0x56, 0xb, 0xaa, 0x48, 0x6,
    0x23, 0x6, 0x60, 0x99, 0x2a, 0x84, 0xc1, 0x98,
    0x7, 0xc0, 0x35, 0xdd, 0xe8, 0x1, 0xee, 0xf9,
    0x43, 0x77, 0xf4, 0x80, 0xee, 0xfe, 0x18, 0xaa,
    0xf8, 0x0, 0x75, 0x5f, 0x85, 0x15, 0x59, 0x9c,
    0x0, 0x7c, 0xce, 0xd5, 0x50, 0x6, 0x66, 0x2a,
    0xc6, 0x67, 0x55, 0xcc, 0xe0, 0x1f, 0xbf, 0xff,
    0xa0, 0x3, 0xfd, 0x99, 0xfd, 0x60, 0x1f, 0xef,
    0xff, 0xee, 0x0, 0xff, 0x7f, 0xff, 0x70, 0x7,
    0xfb, 0x77, 0xfa, 0xc0, 0x3f, 0xce, 0xff, 0xc4,
    0x1, 0xfe, 0x88, 0xff, 0x0, 0x70, 0x8c, 0x0,
    0xcc, 0xff, 0x0, 0x4, 0x6c, 0xee, 0x0, 0x3b,
    0xbf, 0xb4, 0x1, 0xdc, 0xf8, 0x8f, 0xfe, 0x40,

    /* U+8003 "考" */
    0x0, 0xfe, 0x87, 0x0, 0xff, 0xe3, 0xb, 0xc0,
    0x7, 0xca, 0x1, 0xfe, 0x30, 0xf, 0xd7, 0x4e,
    0x1, 0xa7, 0xff, 0x68, 0x3, 0xff, 0x4d, 0x21,
    0xb8, 0x6, 0xf5, 0x5c, 0x60, 0x5, 0x59, 0x19,
    0x4b, 0x40, 0x39, 0xaa, 0xb6, 0x80, 0x2a, 0x96,
    0x0, 0x2c, 0x10, 0xf, 0xfe, 0x11, 0xe2, 0x1e,
    0x8, 0x6, 0x7f, 0xff, 0x70, 0x3, 0xf0, 0x80,
    0xfb, 0xfe, 0xb0, 0x13, 0x3f, 0x80, 0x38, 0xcf,
    0xe0, 0x6c, 0xcf, 0x20, 0x0, 0xf7, 0xf3, 0x3d,
    0x0, 0x1e, 0x7e, 0x70, 0x3, 0x45, 0x57, 0x28,
    0x7, 0xc, 0x74, 0x8, 0x4, 0xab, 0xf6, 0x0,
    0x49, 0x5c, 0xe2, 0x80, 0x9, 0xff, 0xfd, 0x20,
    0x14, 0xa8, 0x26, 0x40, 0xb, 0x0, 0x7f, 0xf0,
    0x2d, 0xb6, 0xce, 0x40, 0x7f, 0xff, 0x50, 0x6,
    0x69, 0x20, 0x16, 0x2, 0x33, 0xf0, 0x0, 0x80,
    0x3f, 0xe, 0x7e, 0xe6, 0x78, 0xc3, 0x40, 0x3f,
    0xf8, 0xc6, 0xe, 0x1, 0xff, 0xc5, 0x60, 0x22,
    0x0, 0x7f, 0xf0, 0x23, 0xb7, 0x69, 0xb, 0x0,
    0xff, 0xe0, 0xd8, 0x91, 0x42, 0xec, 0x1, 0xff,
    0xc1, 0x3f, 0xfd, 0xd0, 0x1, 0xc0,

    /* U+8005 "者" */
    0x0, 0xfc, 0x52, 0xc0, 0x1f, 0xfc, 0x66, 0x66,
    0x80, 0x78, 0xa8, 0x80, 0x3f, 0xf8, 0xde, 0xb0,
    0x1, 0xbb, 0xff, 0x58, 0x27, 0xfe, 0xbb, 0x11,
    0xd0, 0x6, 0x22, 0xe0, 0x8, 0x8a, 0x14, 0x40,
    0xe8, 0x7, 0x66, 0xee, 0xb0, 0x4d, 0xd8, 0x80,
    0x70, 0x40, 0x3f, 0xf8, 0x45, 0x86, 0x58, 0x40,
    0x1b, 0x3b, 0xbd, 0x60, 0x9f, 0xa6, 0x5, 0x9d,
    0xd6, 0x0, 0x8f, 0xc0, 0x1f, 0x84, 0x78, 0x37,
    0xff, 0xd4, 0x20, 0x9, 0xff, 0xfb, 0x40, 0x3c,
    0x99, 0x42, 0x9a, 0xc0, 0x1f, 0xfc, 0x4, 0xeb,
    0x30, 0x3, 0xf6, 0x67, 0x8c, 0x2, 0x17, 0xdb,
    0x10, 0xc, 0x67, 0xf9, 0x80, 0x5, 0xd0, 0x42,
    0xa0, 0x3f, 0xff, 0x88, 0x3, 0x13, 0x94, 0xf4,
    0x0, 0x80, 0x7e, 0x30, 0xe, 0x8d, 0x60, 0xd,
    0xff, 0xf8, 0x40, 0x3f, 0xf8, 0xc, 0xdf, 0x80,
    0x3f, 0xf8, 0x3, 0x33, 0xf8, 0x80, 0x3f, 0xe1,
    0xbb, 0xfc, 0x40, 0x1f, 0xfc, 0x4, 0x4f, 0xc0,
    0x1f, 0xfc, 0x1f, 0xff, 0xc2, 0x1, 0xfc, 0x5d,
    0xc0, 0xf, 0xdd, 0xea, 0x0,

    /* U+800C "而" */
    0xbc, 0xcf, 0xfe, 0x3a, 0x99, 0xff, 0xf1, 0xea,
    0xbf, 0x8, 0x2, 0xab, 0xf5, 0xa2, 0xaf, 0xc6,
    0xe, 0xab, 0xf9, 0x0, 0x3e, 0x12, 0xb, 0x0,
    0xff, 0x5f, 0x77, 0x80, 0x1b, 0xdd, 0xdf, 0xec,
    0x0, 0x30, 0x8f, 0x0, 0x42, 0x3e, 0x0, 0x10,
    0x6, 0xae, 0xe1, 0x84, 0xf7, 0x18, 0x17, 0xb9,
    0x60, 0x1f, 0x8, 0x9c, 0xc, 0x46, 0x3, 0x11,
    0x38, 0x7, 0xff, 0xfc, 0x3, 0xff, 0xfe, 0x1,
    0xff, 0xdb, 0x10, 0xd, 0xe0, 0x3b, 0xf8, 0x4,
    0x1, 0xf5, 0x7a, 0x80, 0x1f, 0xe2, 0x84, 0x93,
    0xc0,

    /* U+8017 "耗" */
    0x0, 0xc2, 0xc8, 0x1, 0xff, 0x10, 0x7, 0xc5,
    0x3e, 0x1, 0xfc, 0x77, 0xae, 0x1, 0x84, 0x4e,
    0xe, 0x22, 0x0, 0xe5, 0xcc, 0x20, 0x80, 0x68,
    0xee, 0x58, 0x1f, 0x72, 0x40, 0xe3, 0xa8, 0xd2,
    0xb9, 0xc0, 0x2e, 0x44, 0x8, 0x1, 0x11, 0xf5,
    0x8e, 0x60, 0x76, 0xa0, 0x1c, 0xd7, 0x6d, 0x4,
    0xbb, 0x34, 0xdf, 0xe0, 0x10, 0x7, 0xc3, 0x76,
    0xc0, 0x4b, 0xb1, 0x1a, 0x0, 0x71, 0x2c, 0x18,
    0x4, 0x88, 0x0, 0x91, 0x0, 0x3, 0x6b, 0x1,
    0xfd, 0xa7, 0xb0, 0x0, 0xff, 0xac, 0xf, 0xfc,
    0x51, 0x92, 0xa0, 0x1, 0x47, 0x9a, 0x0, 0xe7,
    0x7, 0x0, 0xb5, 0x1e, 0x0, 0x1d, 0x70, 0xc4,
    0x0, 0xcf, 0xf6, 0x2, 0x7f, 0xcb, 0x70, 0xc0,
    0x20, 0x1f, 0x31, 0x10, 0x2, 0x22, 0x80, 0x3e,
    0x25, 0x7a, 0x30, 0xad, 0xc0, 0x9, 0x37, 0x42,
    0x6d, 0x60, 0x3f, 0xb5, 0xa, 0xa0, 0xa, 0xc0,
    0x26, 0x60, 0x76, 0x4a, 0x80, 0x44, 0xaf, 0x4e,
    0x0, 0x55, 0x8, 0x10, 0x49, 0x9c, 0xac, 0x0,
    0xfd, 0xa8, 0x51, 0x2, 0xb0, 0xb0, 0x69, 0xe,
    0xcc, 0x54, 0x0, 0x80, 0x7d, 0xe2, 0xec, 0x0,
    0x64, 0xe0, 0xf, 0xe3, 0xb3, 0x6, 0x38, 0x0,
    0xd6, 0x60, 0x1f, 0xe4, 0xb0, 0x8d, 0x0, 0xff,
    0xe0, 0x8, 0x4, 0xa1, 0xc0, 0x62, 0x1, 0xfe,
    0x10, 0x6, 0xe6, 0x24, 0x10, 0x3, 0xff, 0x85,
    0x22, 0x46, 0x60, 0x72,

    /* U+8046 "聆" */
    0x0, 0xff, 0xe1, 0x2c, 0x98, 0x7, 0xb7, 0xbb,
    0xe5, 0x0, 0xd4, 0xca, 0x1, 0xe2, 0x11, 0xf8,
    0xc0, 0x26, 0x0, 0x78, 0x7, 0xbc, 0x83, 0xfc,
    0x41, 0xec, 0x0, 0x18, 0x0, 0x31, 0x80, 0x7f,
    0xf1, 0x34, 0x53, 0x3, 0x44, 0x3, 0xf8, 0xc0,
    0x34, 0x18, 0x51, 0xb8, 0xe8, 0x7, 0xdf, 0xe1,
    0x0, 0x99, 0xc2, 0x80, 0x10, 0x66, 0xa0, 0xf,
    0x22, 0x0, 0x26, 0x90, 0x71, 0xe8, 0xe, 0x5,
    0xb0, 0xe, 0xbb, 0x10, 0x24, 0x83, 0x42, 0x1b,
    0xb1, 0x58, 0x22, 0x0, 0x3f, 0x25, 0x3c, 0x80,
    0x34, 0x6c, 0x12, 0xe5, 0x0, 0x32, 0xa8, 0x80,
    0xb, 0x2, 0x30, 0x56, 0x9, 0x23, 0x0, 0x75,
    0x50, 0x3, 0xbf, 0xba, 0xbe, 0xe6, 0xc8, 0x7,
    0xa2, 0x0, 0x1c, 0x86, 0x7c, 0x0, 0x10, 0xf,
    0x3b, 0x88, 0x3, 0x56, 0x66, 0xf0, 0x4, 0x80,
    0x7f, 0x90, 0x40, 0x3d, 0xe1, 0x22, 0x1, 0x11,
    0x2, 0x70, 0x82, 0xd4, 0x1, 0xa, 0xe, 0x66,
    0x60, 0x8, 0xb4, 0x0, 0xc6, 0x0, 0x76, 0x3,
    0x6a, 0xc8, 0xe, 0x0, 0xc4, 0x8d, 0x39, 0xe4,
    0x10, 0x40, 0x78, 0x46, 0xe, 0x40, 0x1d, 0x72,
    0xc6, 0x1, 0xf1, 0x60, 0x82, 0x88, 0x7, 0xff,
    0x14, 0x79, 0xb, 0xc4, 0x3, 0xff, 0x8d, 0x6b,
    0x22, 0x1, 0xfd, 0xbe, 0x1, 0xfa, 0x9c, 0x3,
    0x0,

    /* U+8054 "联" */
    0x0, 0xff, 0xe0, 0x10, 0x6, 0x22, 0x0, 0x6e,
    0xef, 0xd0, 0x3d, 0x82, 0x1, 0x76, 0xb8, 0x4,
    0x23, 0xfe, 0x71, 0xa0, 0x1, 0x98, 0x58, 0x2,
    0xf0, 0x1f, 0xf7, 0x2, 0x48, 0x48, 0xa1, 0x84,
    0x4, 0x88, 0x7, 0xff, 0xa, 0x18, 0xd1, 0x4,
    0xe0, 0x1e, 0x10, 0x1, 0x80, 0x5f, 0xe9, 0x6f,
    0xb0, 0x2f, 0xf3, 0x0, 0x77, 0xfb, 0x40, 0x21,
    0x18, 0x2, 0x11, 0xc6, 0x1, 0xc8, 0x83, 0x0,
    0xbb, 0xad, 0x0, 0x77, 0x65, 0x0, 0xc3, 0x76,
    0xd0, 0xf, 0xfe, 0xe0, 0xdd, 0xb0, 0x0, 0xb7,
    0x76, 0x0, 0x2e, 0xf8, 0x40, 0x32, 0x20, 0x80,
    0x4, 0x89, 0x8, 0x1, 0x13, 0x80, 0x30, 0xff,
    0xb8, 0x0, 0xd9, 0x93, 0x80, 0x33, 0x38, 0x40,
    0x3f, 0x84, 0xce, 0x0, 0x98, 0xcf, 0x0, 0x7c,
    0x60, 0x90, 0x60, 0x5, 0x0, 0x48, 0x7, 0x90,
    0x6, 0xfb, 0x40, 0xe, 0xa0, 0x84, 0x4, 0x6c,
    0x1, 0x86, 0xc0, 0x8, 0x20, 0x15, 0x38, 0x48,
    0x3c, 0x84, 0x10, 0x4, 0x28, 0xd3, 0x9f, 0xc0,
    0x8a, 0x32, 0x43, 0x28, 0x81, 0xc1, 0x0, 0xae,
    0x58, 0xc0, 0x3a, 0x58, 0x2c, 0x42, 0x84, 0x5e,
    0xa0, 0x1f, 0xec, 0x60, 0x95, 0x0, 0xe, 0x8,
    0xa8, 0x80, 0x3f, 0xa0, 0x69, 0x80, 0x31, 0x7a,
    0xd1, 0x0, 0x78, 0x7e, 0xd3, 0x94, 0x3, 0xc3,
    0x4a, 0x0,

    /* U+80CC "背" */
    0x0, 0xf0, 0xc3, 0x80, 0x6, 0x1c, 0x3, 0xff,
    0x82, 0x4f, 0x20, 0x3, 0x79, 0x0, 0x8d, 0x0,
    0x25, 0xaa, 0xda, 0x2, 0x1, 0xc2, 0xf9, 0x8b,
    0x40, 0x1, 0x2a, 0xe1, 0x0, 0xf0, 0xf4, 0x1a,
    0x52, 0x0, 0x1f, 0xff, 0x60, 0x8, 0x7, 0x3d,
    0xfd, 0xa8, 0x7, 0xc2, 0x80, 0x1e, 0x18, 0x40,
    0x2, 0xb8, 0x84, 0x56, 0x7f, 0x40, 0x8, 0x6,
    0x13, 0x22, 0xba, 0x10, 0x19, 0x45, 0x61, 0xc0,
    0x40, 0x4, 0x21, 0x9b, 0xb2, 0x2, 0x6, 0x7e,
    0xd3, 0xd1, 0xa8, 0x5, 0x8e, 0xcd, 0x9f, 0x4,
    0x8, 0x6, 0x65, 0x6a, 0x53, 0x35, 0x88, 0x30,
    0x64, 0x18, 0x7, 0x33, 0x7f, 0xc0, 0xd8, 0x1,
    0xfd, 0xff, 0xfc, 0xe0, 0x1f, 0xf4, 0x47, 0xf3,
    0x80, 0x7f, 0xce, 0xff, 0xc0, 0x1f, 0xfc, 0xf,
    0xff, 0xe7, 0x0, 0xff, 0x9d, 0xff, 0xc0, 0x1f,
    0xf4, 0x47, 0xf0, 0x7, 0xff, 0x3, 0xff, 0xf9,
    0x80, 0x3f, 0xf9, 0x2, 0x1, 0xff, 0xc5, 0x5c,
    0xc3, 0x87, 0x0, 0x7f, 0xf0, 0xd0, 0xcc, 0x2a,
    0xc0, 0x10,

    /* U+80F6 "胶" */
    0x0, 0xff, 0xe0, 0xbe, 0x10, 0x7, 0xeb, 0xfc,
    0xc7, 0xf1, 0x0, 0x6e, 0x3e, 0x0, 0xfc, 0x80,
    0x66, 0x1, 0x10, 0x6, 0x80, 0x34, 0x0, 0xf8,
    0x43, 0x74, 0x60, 0x8, 0x99, 0xa0, 0xf, 0x66,
    0x66, 0x0, 0xe2, 0x23, 0x0, 0x19, 0xb8, 0xd,
    0x9b, 0x60, 0x7, 0xfa, 0xae, 0x2a, 0xee, 0xa7,
    0xbb, 0x48, 0x7, 0x55, 0x14, 0x0, 0x88, 0xaa,
    0x3a, 0x22, 0x5c, 0x50, 0xc0, 0x39, 0x54, 0x1,
    0x9c, 0x88, 0x60, 0x9, 0xa, 0x30, 0xf, 0x66,
    0x4, 0x0, 0x70, 0x1c, 0x1, 0x2b, 0x86, 0x88,
    0x6, 0x13, 0x32, 0x2, 0xe8, 0x41, 0x80, 0x68,
    0x31, 0xb0, 0xf, 0xeb, 0x10, 0x88, 0x0, 0x4d,
    0xec, 0xe, 0x1, 0xf0, 0x87, 0x47, 0x3, 0x0,
    0x54, 0x1f, 0x5a, 0x1, 0x8, 0xbf, 0xc8, 0x0,
    0x71, 0x41, 0x60, 0x33, 0x2, 0xa8, 0x3, 0xc4,
    0x40, 0xe, 0x80, 0x81, 0x80, 0x70, 0xe, 0x10,
    0x4d, 0xd2, 0x80, 0x63, 0x51, 0xe4, 0x19, 0x0,
    0xe2, 0x2, 0x0, 0xfd, 0x60, 0x15, 0x88, 0x7,
    0x30, 0x70, 0x7, 0xe2, 0x0, 0xb4, 0x3, 0xda,
    0x6, 0x1, 0xf2, 0xe0, 0x4, 0xf4, 0x20, 0x19,
    0x1, 0x80, 0x38, 0x6a, 0x80, 0xdf, 0x0, 0xbe,
    0xe2, 0x2, 0x64, 0x46, 0xd5, 0x9, 0xe5, 0x1a,
    0x90, 0x7b, 0x11, 0x46, 0x1, 0x99, 0x41, 0x8,
    0x5f, 0x81, 0xbd, 0x40, 0x24, 0xe8, 0x1e, 0x2,
    0xc9, 0x2, 0xfe, 0x84, 0xe9, 0x10, 0xf, 0x3f,
    0x18, 0x0,

    /* U+80FD "能" */
    0x0, 0x99, 0x44, 0x3, 0x9e, 0x4, 0x3, 0xf8,
    0xa6, 0x90, 0x4, 0x2, 0x97, 0x30, 0xf, 0xe8,
    0x4, 0x5c, 0xe1, 0x0, 0xf9, 0xb5, 0x0, 0x24,
    0x50, 0x90, 0xb0, 0xa0, 0xc, 0xd1, 0xd2, 0x5e,
    0x0, 0x2a, 0x8, 0x3, 0x20, 0x44, 0x0, 0x85,
    0xb9, 0xbe, 0xd8, 0x2, 0xc4, 0x23, 0x72, 0x80,
    0x10, 0x2, 0xb, 0x9b, 0x4, 0x1, 0x68, 0x23,
    0x3c, 0xd5, 0x81, 0x8, 0x2, 0xc, 0x2, 0xa8,
    0x4, 0xfb, 0x98, 0x65, 0x4d, 0xe1, 0x0, 0xf9,
    0x1c, 0x1, 0x37, 0x7d, 0xfc, 0x20, 0x61, 0xd5,
    0x56, 0x9, 0x0, 0x1d, 0x13, 0x80, 0xcc, 0x10,
    0x6, 0xab, 0x18, 0x48, 0x6, 0xef, 0xf8, 0x80,
    0x24, 0xed, 0xde, 0xf4, 0x0, 0xd1, 0x18, 0x80,
    0x2f, 0xe0, 0x22, 0x8c, 0x3, 0xcc, 0xef, 0x0,
    0x7e, 0x18, 0xeb, 0x0, 0xee, 0xff, 0x88, 0x3,
    0x9a, 0x79, 0xc0, 0x44, 0x1, 0xff, 0xc0, 0x10,
    0xb6, 0x6, 0xda, 0x10, 0xd, 0xdf, 0xf1, 0x0,
    0x42, 0x5, 0x5f, 0x24, 0x1, 0xe6, 0x77, 0x80,
    0x3d, 0xea, 0x1, 0x33, 0x0, 0x34, 0x46, 0x20,
    0xf, 0xf7, 0xc9, 0x80, 0x7f, 0xf0, 0x58, 0x3,
    0x20, 0x10, 0x6, 0x2e, 0xe1, 0x1, 0x82, 0x85,
    0xff, 0xe2, 0x20, 0x80, 0x62, 0x20, 0x94, 0x8,
    0x4a, 0x91, 0x72, 0x78, 0x0,

    /* U+8109 "脉" */
    0x0, 0xff, 0xe0, 0x29, 0x80, 0x7f, 0xb3, 0xf7,
    0x5f, 0xe1, 0x0, 0xd, 0x67, 0x49, 0x80, 0x7c,
    0x60, 0x44, 0x0, 0x18, 0x5, 0x4, 0x2d, 0x9a,
    0x40, 0x1f, 0x7f, 0x88, 0x3, 0xb, 0xee, 0x28,
    0x11, 0x0, 0x3c, 0x20, 0x1, 0x0, 0x88, 0xb3,
    0x46, 0xd0, 0x7, 0xff, 0xb, 0x77, 0x56, 0x82,
    0x80, 0x7c, 0x2e, 0xe3, 0x0, 0x88, 0xb0, 0x7,
    0x18, 0x7, 0xa2, 0x0, 0x1b, 0x77, 0x0, 0x18,
    0x17, 0x24, 0x3, 0xa2, 0x0, 0x10, 0x91, 0xc,
    0x2, 0xc2, 0xb0, 0xf, 0xb, 0xb8, 0xc0, 0x19,
    0xba, 0xc8, 0x20, 0x6f, 0x15, 0x90, 0xf, 0xf3,
    0x98, 0x3, 0x40, 0x2, 0x4b, 0x40, 0x1c, 0x26,
    0x70, 0x2, 0xb1, 0xc1, 0x80, 0x35, 0x0, 0x7d,
    0x98, 0x0, 0xe5, 0x3, 0x0, 0x84, 0x3, 0x84,
    0x0, 0x88, 0x0, 0xc8, 0x4a, 0x1, 0x28, 0xb0,
    0x6, 0x30, 0x5b, 0xb1, 0x80, 0x50, 0x1c, 0x1,
    0x48, 0x48, 0x80, 0x4c, 0x6, 0x1, 0xcc, 0x62,
    0x80, 0x10, 0xb0, 0x50, 0x4, 0x41, 0xe0, 0x19,
    0x64, 0x2c, 0x3, 0xa0, 0x52, 0x80, 0x1e, 0x4,
    0x1, 0xa4, 0x11, 0x40, 0x38, 0x68, 0x14, 0xc1,
    0x1, 0x40, 0x36, 0x35, 0x80, 0x46, 0x6, 0x9,
    0x72, 0x64, 0x50, 0xd7, 0x98, 0x14, 0x81, 0x77,
    0x4, 0x4, 0x0, 0x8c, 0x6, 0xd4, 0x18, 0x5,
    0x0, 0x11, 0x18, 0x8a, 0x0, 0x3c, 0x32, 0xe0,
    0xdf, 0xae, 0x1, 0xb7, 0xf9, 0xc0, 0x3c,

    /* U+817E "腾" */
    0x0, 0xfe, 0x35, 0x0, 0x44, 0x4, 0x11, 0x0,
    0x19, 0xff, 0xdd, 0xfe, 0x0, 0x45, 0x18, 0x3b,
    0x84, 0x26, 0xcc, 0x2, 0xf0, 0x0, 0x80, 0x4,
    0x3c, 0x28, 0x80, 0x81, 0x9, 0x4c, 0x3, 0xb3,
    0xd4, 0x0, 0xba, 0x21, 0xa0, 0x51, 0xa2, 0x10,
    0x60, 0x1f, 0xde, 0xc2, 0xc0, 0x13, 0xb0, 0xab,
    0xa8, 0x7, 0xf5, 0x7f, 0xac, 0x7, 0xff, 0xcc,
    0x1, 0xbe, 0x54, 0x3, 0xa0, 0x24, 0x3, 0xfe,
    0x36, 0x0, 0x3f, 0xfc, 0x61, 0x1f, 0xfe, 0xe0,
    0xc, 0xd2, 0x0, 0x26, 0x20, 0x0, 0xb3, 0x40,
    0x1, 0x66, 0x0, 0x6b, 0x65, 0x5, 0xc2, 0x7,
    0xe9, 0x9b, 0x88, 0x7a, 0x0, 0x3f, 0x6d, 0x0,
    0x1f, 0xff, 0x71, 0x12, 0x34, 0x40, 0x2b, 0x75,
    0xb, 0x9, 0x87, 0x7c, 0x60, 0xb8, 0xc8, 0x20,
    0x20, 0xd0, 0x0, 0x6f, 0x6b, 0x79, 0x88, 0x50,
    0x68, 0xcc, 0x80, 0x6, 0xf, 0x0, 0x1c, 0x60,
    0xce, 0xe9, 0xd, 0x97, 0x10, 0x0, 0x84, 0x3a,
    0x80, 0x46, 0x0, 0x88, 0x80, 0xa, 0xd0, 0x1,
    0x38, 0x80, 0x78, 0xf7, 0x5d, 0xde, 0x10, 0x10,
    0x1, 0x10, 0x3, 0x92, 0x2a, 0x93, 0x39, 0x4,
    0x8, 0x2, 0x16, 0x0, 0xec, 0x77, 0xfb, 0x84,
    0x4c, 0x0, 0x40, 0xd0, 0xc, 0x31, 0xff, 0xf5,
    0xa8, 0x18, 0x3, 0x1, 0x17, 0x14, 0x3, 0xf2,
    0x4c, 0xc1, 0x80, 0xc, 0x33, 0x31, 0x8c, 0x0,
    0x7c, 0xec, 0xc2, 0x64, 0x0, 0x26, 0x1, 0xff,
    0x38, 0x7, 0xc7, 0xff, 0x48, 0x4,

    /* U+81EA "自" */
    0x0, 0xf0, 0xe5, 0x18, 0x7, 0xff, 0x5, 0xd,
    0x48, 0x3, 0xff, 0x83, 0x80, 0xa2, 0x1, 0xf2,
    0xee, 0xf3, 0x2, 0xee, 0xfc, 0x46, 0x45, 0xc0,
    0x11, 0x17, 0xc2, 0x0, 0x4d, 0xdf, 0xf8, 0x3,
    0xc4, 0x5f, 0xf0, 0x7, 0xff, 0x29, 0x3b, 0xbf,
    0xe0, 0xf, 0x8, 0xff, 0xc0, 0x1c, 0x9f, 0xff,
    0xf0, 0x7, 0xff, 0x6d, 0x3f, 0xff, 0xe0, 0xf,
    0x8, 0xff, 0xc0, 0x1c, 0x9d, 0xdf, 0xf0, 0x7,
    0xff, 0x29, 0xc4, 0x7f, 0xe0, 0xe, 0x3e, 0xef,
    0xf8, 0x3, 0xc2, 0x3f, 0xf0, 0x7, 0x27, 0x77,
    0xfc, 0x1, 0x37, 0x58, 0x7, 0xfd, 0xfe, 0x30,

    /* U+81F3 "至" */
    0x13, 0x3f, 0xfe, 0x30, 0x36, 0x67, 0xff, 0x18,
    0x49, 0x13, 0x80, 0x22, 0x44, 0xfe, 0x15, 0xbb,
    0xc6, 0x0, 0xdd, 0x5d, 0xa8, 0xa6, 0xef, 0x0,
    0x72, 0xb8, 0x59, 0x0, 0x54, 0xd8, 0x80, 0x1f,
    0x25, 0x4, 0xa0, 0x6, 0xb5, 0x1b, 0x70, 0xe,
    0x7b, 0x0, 0x65, 0xdb, 0x31, 0xbc, 0x80, 0x8,
    0x90, 0x8, 0xe0, 0x2, 0x54, 0x41, 0x98, 0x84,
    0x8, 0x0, 0xd4, 0x0, 0x30, 0x4a, 0xbc, 0xc6,
    0xf7, 0xfd, 0xdb, 0xec, 0x1, 0xdf, 0x6a, 0x86,
    0x76, 0xe0, 0x7, 0x4c, 0x50, 0x7, 0xf1, 0x9c,
    0x1, 0xe7, 0x0, 0xc6, 0x7e, 0x40, 0x2, 0x19,
    0xf8, 0x3, 0x6e, 0x67, 0x48, 0x2, 0xf3, 0x3c,
    0x1, 0x9d, 0x13, 0x88, 0x0, 0x89, 0xf0, 0x6,
    0x9b, 0xbe, 0xf0, 0x5, 0xdf, 0xc0, 0x1f, 0xfd,
    0xed, 0xff, 0xfb, 0x40, 0x1f, 0xff, 0xb8, 0x3,
    0xff, 0x90,

    /* U+81F4 "致" */
    0x0, 0xff, 0xe0, 0xcc, 0x88, 0x3, 0xe7, 0x7f,
    0xf0, 0x1, 0x98, 0x1, 0xfa, 0x23, 0xfc, 0x6,
    0x2, 0x40, 0x1f, 0x4c, 0x8c, 0x1, 0x13, 0x38,
    0x14, 0x14, 0x3, 0xf3, 0x30, 0x1, 0x2e, 0x0,
    0x66, 0x4, 0x2, 0x5d, 0xf8, 0x2, 0x53, 0x26,
    0x8, 0x92, 0x1, 0x10, 0x1, 0x13, 0xc2, 0x0,
    0x80, 0x90, 0x4, 0x4, 0x84, 0x80, 0x33, 0x23,
    0x3, 0xc1, 0xc, 0x20, 0x8d, 0xe9, 0x4, 0x35,
    0x0, 0x19, 0xce, 0x14, 0x60, 0x3, 0x0, 0x19,
    0x1, 0x80, 0x30, 0x80, 0x4, 0x0, 0x50, 0x50,
    0xa, 0xeb, 0x7a, 0xaf, 0x3e, 0x4, 0x2, 0x50,
    0x21, 0x3, 0x0, 0x91, 0x48, 0x6a, 0x82, 0xa,
    0x3, 0x61, 0x60, 0x80, 0x60, 0x1f, 0xfc, 0x2,
    0xca, 0x41, 0x32, 0xd0, 0xb0, 0xd, 0x5f, 0xf0,
    0x3, 0xbf, 0xd0, 0x80, 0xe1, 0x28, 0xa, 0x1,
    0x88, 0xa1, 0x0, 0x9, 0x14, 0x0, 0xb0, 0x40,
    0x42, 0x0, 0xd1, 0xba, 0xe0, 0x7, 0xee, 0xa0,
    0x0, 0x44, 0x0, 0x78, 0x7, 0xff, 0x18, 0x80,
    0x3f, 0xf8, 0x4f, 0x15, 0xa0, 0xb, 0x0, 0xa8,
    0xc0, 0x21, 0x7a, 0xcf, 0x0, 0x4b, 0xa9, 0x13,
    0x10, 0x28, 0xc7, 0x4c, 0x0, 0x70, 0xa6, 0x0,
    0x25, 0x8a, 0x6d, 0x30, 0xa5, 0xd2, 0x1c, 0x90,
    0x25, 0x7a, 0xdf, 0xda, 0x75, 0x50, 0x15, 0xa8,
    0xe, 0x20, 0x20, 0x85, 0x42, 0x90, 0x7, 0x7b,
    0xea, 0x0, 0x43, 0x71, 0xc2,

    /* U+822A "航" */
    0x0, 0xc3, 0x2c, 0x1, 0xe4, 0x93, 0x0, 0xff,
    0x23, 0x68, 0x7, 0xb5, 0xa0, 0x3, 0xfd, 0x81,
    0xc0, 0x1e, 0xb0, 0x42, 0x0, 0xfa, 0xfd, 0x82,
    0xbf, 0xc8, 0x1, 0x12, 0x13, 0x0, 0x7f, 0x1a,
    0x20, 0x1, 0x9f, 0xf9, 0xa, 0xff, 0xf0, 0x7,
    0x77, 0xdb, 0x7, 0x91, 0x7f, 0xc0, 0x1d, 0x56,
    0x20, 0x3, 0xdd, 0xff, 0x80, 0x3a, 0x81, 0x80,
    0x30, 0xa2, 0xc, 0xc8, 0xa4, 0x1, 0xf1, 0xae,
    0x80, 0x69, 0xbb, 0x66, 0x2e, 0xa4, 0x3, 0x9c,
    0xe, 0xe8, 0x3, 0xe5, 0x50, 0x80, 0x71, 0xf9,
    0x86, 0xf7, 0xb0, 0x7, 0x45, 0x54, 0x1, 0xc2,
    0xa0, 0x4, 0x55, 0x0, 0x7f, 0xf0, 0xca, 0x8c,
    0x23, 0x29, 0x80, 0x38, 0x40, 0x3f, 0xf8, 0x9,
    0x24, 0x1, 0xff, 0xc5, 0x10, 0x71, 0xb0, 0xc,
    0x20, 0x60, 0x1f, 0xe3, 0x20, 0x67, 0x0, 0xc4,
    0xc, 0x1, 0xfe, 0x11, 0x4, 0xf8, 0x6, 0x50,
    0x20, 0xf, 0x49, 0x1, 0x82, 0x80, 0x88, 0x2,
    0x21, 0x21, 0x0, 0xf3, 0x20, 0x58, 0x60, 0x7,
    0xac, 0x28, 0x2, 0x70, 0xc, 0x60, 0xc0, 0x80,
    0xf4, 0xe0, 0x6c, 0xc, 0x1, 0x8, 0x26, 0x3,
    0x11, 0xa8, 0x81, 0x28, 0xa9, 0xc, 0x8, 0x4,
    0x4a, 0x6, 0xa6, 0x5b, 0x60, 0x5, 0xef, 0xa5,
    0xf7, 0x0, 0xea, 0xff, 0x50, 0x0,

    /* U+822C "般" */
    0x0, 0xec, 0xb1, 0x0, 0xff, 0xe3, 0x11, 0xb0,
    0x80, 0x45, 0xbf, 0xbb, 0x7d, 0x80, 0x73, 0xf6,
    0x81, 0x4f, 0x40, 0x9, 0x1, 0x14, 0xa, 0x1,
    0xd6, 0x20, 0x13, 0xb, 0x0, 0x49, 0xff, 0x0,
    0x7f, 0x6f, 0x74, 0x1, 0xff, 0xc7, 0x91, 0x10,
    0x4, 0xc0, 0x20, 0x1f, 0xfc, 0x7, 0x78, 0x3,
    0x60, 0x68, 0x7, 0x11, 0x0, 0x39, 0x11, 0x0,
    0x11, 0xb0, 0x28, 0x4, 0x43, 0xba, 0x40, 0xe,
    0x82, 0x20, 0x4, 0x2c, 0x40, 0x17, 0xc3, 0xb9,
    0x80, 0x30, 0x9e, 0x90, 0x0, 0xf2, 0x40, 0x31,
    0x34, 0x40, 0x93, 0xcc, 0x3f, 0xf0, 0x5, 0xbf,
    0xfe, 0xef, 0x40, 0x1, 0x0, 0x8, 0xb0, 0x4,
    0x40, 0x46, 0x78, 0x0, 0xa0, 0x9a, 0x21, 0xb9,
    0xba, 0x0, 0x94, 0x17, 0x32, 0xe0, 0x21, 0x0,
    0x84, 0x49, 0xc8, 0x1, 0xa4, 0x1c, 0x40, 0x16,
    0x14, 0x1, 0xc4, 0x83, 0x20, 0x18, 0x58, 0x2c,
    0x9, 0x85, 0xc0, 0x22, 0x7, 0x8, 0x25, 0x0,
    0xd0, 0x2a, 0xfe, 0x12, 0x1, 0x9c, 0xc, 0x19,
    0xd0, 0x3, 0xe, 0x84, 0x11, 0xb8, 0x6, 0xd0,
    0xd0, 0x4, 0x8, 0x7, 0x8, 0x6, 0x10, 0xc,
    0x80, 0xe0, 0x1c, 0x60, 0x31, 0xa0, 0x11, 0xf4,
    0x10, 0x11, 0x89, 0x4, 0x66, 0x0, 0x67, 0x9c,
    0x1f, 0xf0, 0xc1, 0xf0, 0x4d, 0x18, 0x1, 0xa6,
    0x62, 0x8b, 0x16, 0xd8, 0x3, 0xca, 0x4d, 0x11,
    0x5c, 0x0, 0x17, 0xfd, 0xa8, 0x5d, 0x24, 0x1,
    0x96, 0xcc, 0x0,

    /* U+8272 "色" */
    0x0, 0xf9, 0xd4, 0x3, 0xff, 0x8e, 0x71, 0x42,
    0x1, 0xff, 0xc5, 0x1d, 0x0, 0x6e, 0x65, 0xbe,
    0xc0, 0x1f, 0xf6, 0x88, 0x0, 0xcf, 0x10, 0x68,
    0x7, 0xfb, 0xc, 0x77, 0xff, 0x38, 0xd, 0x0,
    0x7e, 0x1c, 0x31, 0xc2, 0x0, 0x99, 0xc7, 0x4,
    0x3, 0xe3, 0xf3, 0x1, 0xb9, 0x9b, 0xe4, 0xa,
    0xe6, 0x70, 0x4, 0x38, 0x20, 0x13, 0x36, 0x0,
    0x8d, 0x9b, 0x80, 0x21, 0x73, 0x60, 0x2a, 0xac,
    0x0, 0x8a, 0xac, 0x1, 0xe8, 0xce, 0x5, 0x5e,
    0x10, 0x55, 0xe0, 0xf, 0xfe, 0xa1, 0x9f, 0x8,
    0x39, 0x9c, 0x80, 0x1f, 0xe4, 0xcc, 0xc0, 0xa,
    0xcc, 0xac, 0x3, 0xfe, 0x33, 0xc4, 0x43, 0x3e,
    0x0, 0xff, 0x3e, 0x66, 0xdd, 0x66, 0x72, 0xa8,
    0x3, 0xff, 0x91, 0x54, 0x72, 0x0, 0xff, 0xe4,
    0x4e, 0x90, 0x4, 0x20, 0x1f, 0xfc, 0x21, 0x10,
    0x10, 0x4, 0x60, 0xa2, 0x1, 0xff, 0x40, 0x18,
    0x6, 0x41, 0x2e, 0xef, 0xfb, 0xd8, 0x24, 0x3,
    0xe, 0xa9, 0x8, 0xff, 0x80, 0xe5, 0x40,

    /* U+827A "艺" */
    0x0, 0xe5, 0x50, 0x80, 0x61, 0x54, 0x0, 0xff,
    0x5d, 0x10, 0x6, 0x5a, 0xa0, 0x7, 0x8, 0xf8,
    0x1c, 0x47, 0x80, 0x47, 0x83, 0x3b, 0xb0, 0x2,
    0xfb, 0xb5, 0x0, 0x3b, 0xb5, 0xb0, 0x8e, 0x0,
    0x84, 0x70, 0x4, 0x23, 0xd7, 0xdd, 0x84, 0x33,
    0xbb, 0x58, 0xf, 0x76, 0xa0, 0xe, 0x53, 0x10,
    0xc, 0xe6, 0x80, 0x1f, 0xeb, 0xc2, 0x0, 0xc7,
    0x94, 0x1, 0xf5, 0x7f, 0xff, 0xf0, 0x54, 0x3,
    0xff, 0x8e, 0x60, 0x1d, 0x5f, 0xfe, 0xe6, 0x0,
    0xc, 0x7b, 0x0, 0x7f, 0xcb, 0xec, 0xf, 0xee,
    0x1, 0xff, 0xd, 0xd0, 0xae, 0xc0, 0x80, 0x7f,
    0xcb, 0xc8, 0x57, 0x44, 0x1, 0xff, 0xc0, 0x9a,
    0x8, 0xd4, 0x0, 0xff, 0xe0, 0xcb, 0xe, 0x38,
    0x7, 0xf2, 0x6b, 0x0, 0x9, 0x83, 0xcc, 0x3,
    0xfc, 0x25, 0x80, 0x6, 0x1, 0x30, 0xf, 0xfb,
    0x83, 0x40, 0x8, 0x22, 0xdf, 0xff, 0xf9, 0x1,
    0x40, 0x2c, 0x51, 0x0, 0xff, 0x8a, 0x88, 0x2,
    0x2a, 0xef, 0xf7, 0x77, 0xdf, 0xed, 0x50,

    /* U+8282 "节" */
    0x0, 0xe5, 0x61, 0x0, 0xc2, 0xca, 0x1, 0xfe,
    0xb9, 0x20, 0xc, 0xb3, 0x60, 0x1f, 0xe1, 0x0,
    0xf0, 0x80, 0x80, 0x77, 0x7f, 0xe0, 0x6, 0x7f,
    0xea, 0x0, 0x7f, 0xed, 0x30, 0xf, 0xfe, 0x30,
    0xef, 0xfe, 0x10, 0xcf, 0xfd, 0x60, 0x3f, 0xfb,
    0x0, 0x3f, 0xf9, 0xb5, 0x66, 0x1, 0x96, 0xe8,
    0x3, 0xdb, 0xff, 0x5d, 0xbf, 0xfb, 0xae, 0xdf,
    0xee, 0x0, 0xff, 0xe5, 0xef, 0xfe, 0x80, 0x2f,
    0xff, 0x50, 0x7, 0xf8, 0x40, 0x40, 0x3c, 0x20,
    0x1f, 0xff, 0xf0, 0x32, 0x21, 0x80, 0x7f, 0xf0,
    0xc7, 0x37, 0x50, 0xa, 0x1, 0xff, 0xc1, 0x13,
    0x1, 0x25, 0x90, 0xf, 0xfe, 0x16, 0x7f, 0x6d,
    0x10, 0x7, 0xff, 0x78,

    /* U+82E5 "若" */
    0x0, 0xf5, 0xe0, 0x80, 0x62, 0xcb, 0x0, 0xff,
    0x94, 0xcc, 0x1, 0xc6, 0xa0, 0x1e, 0x9d, 0xdc,
    0x21, 0xbb, 0xe0, 0x1d, 0xdd, 0x40, 0x45, 0xc0,
    0x11, 0x16, 0x0, 0x88, 0xb3, 0x5, 0x77, 0x60,
    0x5, 0xf7, 0x6b, 0x0, 0x77, 0x6d, 0x1, 0x1f,
    0x3, 0x5b, 0x0, 0xb0, 0x8, 0xf8, 0x3, 0xd9,
    0x86, 0x58, 0x10, 0x2c, 0xc0, 0x7, 0xfc, 0x47,
    0xe0, 0xa0, 0x11, 0x90, 0x7, 0xb7, 0xff, 0xc8,
    0xb, 0xff, 0xfd, 0xc0, 0x23, 0xe0, 0x8, 0x47,
    0xfc, 0x41, 0x9d, 0xda, 0x80, 0x1b, 0xdd, 0xfe,
    0xc0, 0xe, 0x1a, 0x7, 0x20, 0xf, 0xfe, 0x27,
    0x8, 0x26, 0x67, 0xf8, 0x3, 0x87, 0x0, 0x23,
    0x3f, 0xf8, 0x3, 0x1f, 0x98, 0x1, 0xb7, 0x7f,
    0x80, 0x3a, 0x70, 0x44, 0x80, 0x24, 0x5f, 0x8c,
    0x3, 0x90, 0xf, 0xc, 0x3, 0xff, 0x89, 0x91,
    0x84, 0x1, 0xff, 0xc5, 0x17, 0x0, 0xcf, 0xff,
    0xfb, 0x80, 0x3f, 0xf8, 0x4, 0x5f, 0x84, 0x3,
    0xfe, 0x7d, 0xdf, 0xde, 0x1, 0xfd, 0x1f, 0x0,
    0x1f, 0x87, 0xfc, 0x0,

    /* U+82F1 "英" */
    0x0, 0xe3, 0xb9, 0x0, 0xe1, 0xba, 0x0, 0xff,
    0x9d, 0x10, 0x1, 0xc6, 0x88, 0x0, 0xf9, 0xf7,
    0x6b, 0x2, 0xdd, 0xf0, 0xe, 0xee, 0x60, 0x7,
    0x11, 0x40, 0x11, 0x17, 0x0, 0x44, 0x58, 0x40,
    0x13, 0xff, 0x50, 0xf, 0xff, 0x60, 0x3, 0xff,
    0x38, 0x7, 0x84, 0xc, 0xa, 0x20, 0x2, 0x2,
    0x1, 0xff, 0x26, 0x78, 0x33, 0xb0, 0x16, 0x60,
    0x3, 0xf8, 0x8a, 0x10, 0x22, 0x0, 0x91, 0x4,
    0x8, 0x82, 0x1, 0xef, 0xdd, 0xe9, 0x0, 0x6e,
    0xfa, 0x80, 0x3f, 0x22, 0xac, 0x20, 0x5, 0x5c,
    0x60, 0x1f, 0xe9, 0xaa, 0xc0, 0x35, 0x5c, 0x1,
    0xff, 0xd4, 0x10, 0x8, 0x40, 0xc0, 0x3c, 0xe0,
    0x1b, 0xfc, 0x41, 0x9f, 0xf5, 0x1, 0x7f, 0xe9,
    0x3, 0xfd, 0x0, 0x8, 0xfe, 0x0, 0xc2, 0x3f,
    0x80, 0x1d, 0xdf, 0x58, 0x6, 0xde, 0xef, 0x60,
    0x7, 0xe5, 0xa0, 0x69, 0xc, 0x40, 0xf, 0xfe,
    0x1, 0x55, 0x1, 0x25, 0x98, 0x17, 0x22, 0x1,
    0xf0, 0xb5, 0xea, 0x83, 0xd8, 0x2, 0x60, 0x1b,
    0xa9, 0x44, 0x0, 0x5b, 0xd2, 0x80, 0xbb, 0x0,
    0x19, 0xf5, 0x1, 0x6b, 0xb4, 0x49, 0x41, 0x27,
    0xa8, 0x80, 0x3c, 0x57, 0xb0, 0x61, 0x62, 0x11,
    0xf6, 0xc2, 0x1, 0xfe, 0x27, 0xcf, 0x60,

    /* U+8303 "范" */
    0x0, 0xea, 0xa0, 0x7, 0xd, 0x50, 0x3, 0xfc,
    0x2a, 0xa1, 0x0, 0xc6, 0xaa, 0x0, 0xf5, 0xf7,
    0x60, 0x7, 0x77, 0x68, 0x3, 0xbb, 0x60, 0x30,
    0x8c, 0x1, 0x84, 0x70, 0x4, 0x23, 0xc1, 0xbf,
    0xf7, 0x0, 0x37, 0xff, 0x68, 0x3, 0xbf, 0xed,
    0x0, 0xfc, 0x60, 0x1f, 0x8, 0x7, 0xd2, 0xc3,
    0xfe, 0x10, 0xc, 0x5f, 0xe0, 0xf, 0x91, 0xa7,
    0xc, 0x7, 0xff, 0xfc, 0x40, 0x12, 0x69, 0x9b,
    0x14, 0x3, 0xff, 0x88, 0x59, 0x6, 0xa0, 0x17,
    0x7f, 0xf0, 0x80, 0x74, 0x8, 0x3e, 0x0, 0x7f,
    0xf0, 0xe5, 0xfa, 0x44, 0x3, 0xff, 0x89, 0x30,
    0xd, 0xc2, 0x1, 0xfe, 0x10, 0xe, 0x7e, 0x66,
    0x0, 0x7c, 0x5f, 0xf0, 0x0, 0x80, 0x30, 0xcc,
    0xaa, 0x0, 0x38, 0x90, 0x49, 0x28, 0x3, 0xe9,
    0x45, 0x0, 0xf5, 0xf6, 0xda, 0x80, 0x7a, 0x18,
    0x3c, 0x3, 0xfe, 0xd7, 0x10, 0x3, 0xb8, 0x28,
    0x80, 0x3f, 0xe2, 0x83, 0x6, 0x80, 0x85, 0x1,
    0x0, 0x28, 0x7, 0x98, 0x0, 0x47, 0x20, 0xae,
    0x1, 0x18, 0x5f, 0xff, 0xa4, 0x14, 0xd, 0x52,
    0x80, 0x37, 0x20, 0x80, 0x7c, 0x96, 0x0, 0xab,
    0x0, 0xe2, 0xbe, 0xff, 0xfa, 0xc4, 0x0,

    /* U+8304 "茄" */
    0x0, 0xf5, 0x58, 0x7, 0x1e, 0x48, 0x7, 0xfc,
    0x88, 0x0, 0xe7, 0x34, 0x0, 0xf4, 0xee, 0xe1,
    0xd, 0xde, 0xb0, 0x2d, 0xdd, 0x40, 0x45, 0xc0,
    0x2, 0x2e, 0x0, 0x88, 0xb3, 0x5, 0xff, 0xe0,
    0x7, 0xff, 0x58, 0xf, 0xfe, 0xc0, 0xc, 0x23,
    0x0, 0x7e, 0x30, 0xf, 0xec, 0xe5, 0x60, 0xe,
    0x66, 0x50, 0x7, 0xf1, 0x84, 0xc8, 0x3, 0x8a,
    0x5c, 0x3, 0xc6, 0x70, 0x83, 0x9a, 0xa1, 0x7,
    0x7f, 0xfc, 0x21, 0xd9, 0x80, 0x5, 0x65, 0x5d,
    0x0, 0x44, 0x58, 0x3, 0x22, 0x40, 0x4, 0x40,
    0x3, 0xc0, 0x2c, 0xdd, 0x80, 0x34, 0xdc, 0x80,
    0xdd, 0x9c, 0x3, 0xff, 0x86, 0xc0, 0x40, 0x18,
    0x40, 0x3f, 0xf8, 0x24, 0xc, 0x0, 0x10, 0xf,
    0xfe, 0x1f, 0x86, 0x80, 0xc, 0xc, 0x3, 0xff,
    0x82, 0xe0, 0x80, 0x1, 0x1, 0x0, 0xff, 0xe0,
    0x20, 0x88, 0xc0, 0xe, 0xe, 0x1, 0xff, 0xc0,
    0x80, 0x70, 0x8, 0x80, 0x80, 0x2e, 0xec, 0x1,
    0x9c, 0xc2, 0xc0, 0x2, 0x20, 0x10, 0xc, 0x23,
    0x0, 0x45, 0x0, 0xe4, 0xb7, 0x80, 0x60, 0x1b,
    0x7f, 0xe0, 0x8, 0xa1, 0x20, 0x19, 0x8, 0x60,
    0x3, 0x18, 0x7, 0xcf, 0x60, 0x3, 0xee, 0x90,
    0x1, 0xde, 0x20, 0x17, 0xf8, 0x40,

    /* U+8350 "荐" */
    0x0, 0xf4, 0x40, 0x3, 0xd3, 0x0, 0x1f, 0xe2,
    0x77, 0x0, 0x70, 0xb3, 0x80, 0x70, 0xff, 0xed,
    0x0, 0x7f, 0xf7, 0x0, 0x3f, 0xf6, 0x89, 0x9e,
    0x10, 0x1, 0x9f, 0x10, 0x0, 0xcf, 0x38, 0x66,
    0x6f, 0x0, 0x57, 0xe6, 0x5a, 0x0, 0xcc, 0xd4,
    0x1, 0xc3, 0x5, 0x3c, 0x1, 0xa2, 0x0, 0x1e,
    0xab, 0xbe, 0x20, 0x2b, 0xbd, 0x98, 0xbb, 0xca,
    0x8, 0x9c, 0x60, 0x12, 0x27, 0xf8, 0x83, 0x37,
    0x6b, 0x0, 0x46, 0xef, 0xfc, 0xe0, 0x45, 0xa0,
    0x15, 0xc8, 0xbf, 0x19, 0x10, 0x3, 0xac, 0xc2,
    0xc2, 0xff, 0xfe, 0xec, 0x0, 0xea, 0x40, 0x91,
    0xc, 0x66, 0xe1, 0x0, 0x20, 0x4, 0x36, 0xa0,
    0x5, 0x0, 0x3c, 0xcd, 0x66, 0x22, 0xb8, 0x0,
    0x27, 0xa0, 0x7, 0xfb, 0x94, 0x79, 0x0, 0x26,
    0x12, 0xd2, 0x0, 0x25, 0xdf, 0x18, 0xd, 0xde,
    0xa2, 0xcd, 0x20, 0x8, 0x91, 0x38, 0x2, 0x44,
    0xca, 0x6, 0x1, 0xcd, 0xff, 0xca, 0x13, 0xff,
    0xc0, 0x1f, 0xfc, 0x13, 0x0, 0xff, 0xe5, 0x18,
    0x7, 0xff, 0xd, 0x2e, 0xce, 0x1, 0xff, 0xc5,
    0x44, 0x85, 0x14, 0x3, 0xfb, 0x78, 0xc0, 0x37,
    0xfd, 0x60, 0x1e,

    /* U+83B7 "获" */
    0x0, 0xf3, 0x49, 0x0, 0x63, 0x96, 0x0, 0xff,
    0xe0, 0x6b, 0x30, 0x3, 0x2b, 0x68, 0x7, 0xd5,
    0xdd, 0x90, 0x2f, 0xbb, 0x48, 0x27, 0x76, 0xb0,
    0x8, 0x47, 0x0, 0x42, 0x38, 0x2, 0x11, 0xc0,
    0x15, 0x7f, 0xe4, 0xb, 0xff, 0xd2, 0x9, 0xff,
    0xac, 0x3, 0x18, 0x3, 0x55, 0x80, 0x32, 0x47,
    0x0, 0x7e, 0xbc, 0x80, 0xe2, 0x20, 0x6, 0xe9,
    0x49, 0x90, 0x7, 0xa4, 0x9f, 0xdd, 0x88, 0x3,
    0x8, 0x8d, 0x5a, 0xc0, 0x38, 0xa4, 0x2, 0xc2,
    0x0, 0xf1, 0xe2, 0x22, 0x80, 0x21, 0x8b, 0x0,
    0x88, 0x47, 0x88, 0xc, 0x65, 0x24, 0x40, 0x18,
    0xe3, 0x48, 0xb, 0xbd, 0xd8, 0x1, 0xbd, 0xa9,
    0x94, 0x0, 0xe8, 0xe5, 0x30, 0xc5, 0x22, 0xc0,
    0x11, 0x17, 0x0, 0xd, 0xc0, 0x5c, 0x16, 0x77,
    0x6f, 0x0, 0x36, 0xee, 0x90, 0xc, 0x58, 0x0,
    0x10, 0xc, 0x80, 0x7, 0x0, 0xfc, 0xda, 0x52,
    0x6, 0x1, 0xb4, 0x0, 0x2a, 0x1, 0xec, 0x90,
    0xa6, 0x0, 0xe3, 0x40, 0xb0, 0x80, 0xf, 0x59,
    0xea, 0x88, 0x18, 0x5, 0xe0, 0xe8, 0x82, 0x80,
    0xe, 0x7c, 0x20, 0x20, 0x60, 0x4, 0x98, 0xc0,
    0x48, 0x3a, 0x80, 0x7e, 0xa0, 0xc0, 0x96, 0xd,
    0x0, 0x14, 0x85, 0x40, 0x6, 0x6c, 0xd6, 0x4,
    0xc6, 0xb, 0x30, 0x9, 0xa0, 0x1e, 0xc0, 0x25,
    0x32, 0x25, 0x1a, 0x16, 0xa0, 0x7, 0x3d, 0x94,
    0x80, 0x47, 0xfe, 0xd5, 0x8, 0xd2, 0x0, 0xf9,
    0x34, 0x80,

    /* U+83DC "菜" */
    0x0, 0xf3, 0xc0, 0x80, 0x62, 0x86, 0x0, 0xff,
    0xe0, 0x43, 0x90, 0x6, 0x47, 0xb0, 0xf, 0xbb,
    0xff, 0x0, 0x33, 0xff, 0x48, 0x17, 0xfe, 0xd0,
    0x2, 0x99, 0xe0, 0x8, 0xcf, 0x0, 0x46, 0x79,
    0xc0, 0x17, 0x99, 0x84, 0x33, 0x3a, 0x80, 0xf3,
    0xb3, 0x14, 0x1, 0xf5, 0xc8, 0x1a, 0x33, 0xe1,
    0x97, 0xec, 0x80, 0x62, 0xee, 0x7f, 0xaa, 0x73,
    0x17, 0x30, 0xc6, 0x22, 0x30, 0x20, 0x8, 0x8c,
    0x8, 0x86, 0x8a, 0xcc, 0x8a, 0xbd, 0xfe, 0x8a,
    0x20, 0xd, 0xb7, 0x6d, 0xcb, 0xa2, 0x76, 0x54,
    0x20, 0x5, 0x63, 0x0, 0x61, 0xb9, 0x40, 0x8,
    0x45, 0x20, 0x1a, 0x4, 0xd8, 0x3, 0xd, 0x85,
    0x0, 0x52, 0xc, 0x1, 0x13, 0x87, 0x0, 0x79,
    0x4c, 0x8, 0x0, 0x24, 0xc0, 0x15, 0x4, 0x10,
    0x7, 0xdb, 0xc4, 0x0, 0x12, 0x60, 0xa, 0x31,
    0xc0, 0x3b, 0x7b, 0x9f, 0xdd, 0xb0, 0x7, 0xbb,
    0x6f, 0x75, 0x80, 0x3, 0x11, 0xf8, 0x2, 0x11,
    0xfe, 0x0, 0x77, 0xfe, 0xe5, 0x0, 0xf4, 0xff,
    0xf6, 0x80, 0x79, 0xbd, 0x4a, 0x80, 0x6c, 0x27,
    0x10, 0x3, 0xf3, 0x6c, 0x8b, 0x6b, 0x0, 0x13,
    0x48, 0xee, 0xca, 0x1, 0x15, 0x7c, 0x91, 0x2e,
    0x40, 0x38, 0xb5, 0xc1, 0x2b, 0xe8, 0x9, 0x80,
    0x63, 0x50, 0x3, 0xf4, 0x73, 0x88, 0x10, 0x3,
    0xab, 0x9c, 0x3, 0xfe, 0x18, 0xeb, 0x80,

    /* U+843D "落" */
    0x0, 0xf3, 0x30, 0x3, 0xcc, 0xc0, 0xf, 0xfe,
    0x4, 0xc8, 0x80, 0x31, 0x4c, 0x80, 0x3e, 0xbf,
    0xfc, 0x0, 0xdf, 0xfd, 0xa0, 0xf, 0xfd, 0xc0,
    0x2, 0x2e, 0x0, 0x9, 0x16, 0x10, 0x1, 0x16,
    0x50, 0x4, 0xee, 0xe1, 0xf, 0xdd, 0xde, 0x3,
    0xbb, 0xac, 0x3, 0x52, 0x4, 0xb8, 0x81, 0x7f,
    0x1b, 0xc8, 0x7, 0xe7, 0x5b, 0xb2, 0xc0, 0xf,
    0x80, 0xd8, 0xf4, 0xe5, 0x90, 0x6, 0x7b, 0x24,
    0xc0, 0x6, 0x90, 0x1, 0x9b, 0x1a, 0x50, 0x7,
    0x26, 0xbe, 0x8e, 0x18, 0x16, 0xff, 0xb8, 0xc0,
    0xe0, 0x2, 0x35, 0x0, 0x43, 0xf9, 0xa2, 0x96,
    0xb2, 0x79, 0x9b, 0x0, 0x36, 0xd6, 0xa0, 0x31,
    0xc5, 0xd5, 0x2, 0x6c, 0x5b, 0x0, 0x3b, 0x10,
    0xad, 0xcb, 0x5c, 0xf, 0xc0, 0x33, 0xc1, 0x0,
    0x62, 0xba, 0x36, 0x4, 0x8d, 0xc5, 0x29, 0xc5,
    0x17, 0xdd, 0x41, 0x80, 0x4b, 0x82, 0xb6, 0xe4,
    0x95, 0xac, 0x75, 0xce, 0x44, 0x61, 0x0, 0xec,
    0x67, 0x40, 0x4a, 0xff, 0xdc, 0xe5, 0x9a, 0x40,
    0x1a, 0x8e, 0x63, 0x40, 0x91, 0x3c, 0x0, 0x33,
    0x0, 0x67, 0x51, 0xb0, 0x9, 0x2e, 0xfc, 0x1,
    0xf2, 0x40, 0x50, 0x80, 0x7f, 0xf1, 0xa, 0x81,
    0x90, 0x3, 0x35, 0x57, 0x80, 0x3d, 0x42, 0x72,
    0x1, 0xe5, 0x5f, 0x0, 0x7a, 0x17, 0x40, 0x3c,
    0xdf, 0xfe, 0x0, 0xe0,

    /* U+84DD "蓝" */
    0x0, 0xf3, 0x38, 0x80, 0x61, 0x76, 0x0, 0xff,
    0xe0, 0x4c, 0x10, 0x6, 0x28, 0x80, 0x7, 0xdb,
    0xff, 0x80, 0x19, 0xff, 0xb0, 0x7, 0xff, 0x68,
    0x1, 0x13, 0x80, 0x4, 0x89, 0x84, 0x0, 0x89,
    0xc0, 0x9, 0xbb, 0xc4, 0x1f, 0x77, 0xb0, 0xa,
    0xef, 0x48, 0x7, 0xd8, 0xe8, 0x1, 0x3c, 0xde,
    0x80, 0x7e, 0x1d, 0xb0, 0x27, 0xb0, 0xa, 0x90,
    0x3, 0xfe, 0x25, 0x0, 0xf1, 0x90, 0x5f, 0xff,
    0x0, 0x7f, 0xf0, 0x64, 0x0, 0x89, 0xca, 0x1,
    0xff, 0xc0, 0x25, 0xe, 0xe2, 0xed, 0xda, 0x80,
    0x3f, 0xf8, 0x1e, 0xe, 0x28, 0x12, 0x60, 0x1f,
    0xfc, 0x25, 0x28, 0x1, 0xa0, 0xf0, 0xf, 0xb,
    0xc8, 0x0, 0x58, 0x23, 0x40, 0x24, 0x40, 0x8,
    0x7, 0xaf, 0xa6, 0x9c, 0xa6, 0x7e, 0x25, 0x70,
    0xf, 0x23, 0x37, 0xff, 0xa, 0x80, 0x3f, 0x47,
    0x68, 0x27, 0x71, 0x3, 0x7a, 0x80, 0x3f, 0xc2,
    0x23, 0x1, 0x18, 0x0, 0x62, 0x20, 0xf, 0xfe,
    0x84, 0x44, 0x13, 0x16, 0xb, 0x10, 0x40, 0x88,
    0x80, 0xe2, 0x0, 0x7, 0x70, 0x4, 0xea, 0x0,
    0x77, 0x0, 0x19, 0xcc, 0x0, 0xee, 0x0, 0xff,
    0xe5, 0x80,

    /* U+884C "行" */
    0x0, 0xe2, 0x10, 0xf, 0xfe, 0x38, 0xe7, 0x30,
    0x7, 0xff, 0x14, 0x70, 0x4d, 0x80, 0x7f, 0xff,
    0xd4, 0x1, 0xe, 0x11, 0x34, 0x2, 0x11, 0xff,
    0x18, 0x1, 0x3c, 0x89, 0x82, 0x0, 0x1e, 0xef,
    0xf4, 0x80, 0xd8, 0xa6, 0xa, 0xa8, 0x3, 0xff,
    0x84, 0x2e, 0xeb, 0x12, 0xaa, 0x20, 0x7, 0xff,
    0xa, 0x20, 0x0, 0xf0, 0x54, 0x0, 0xff, 0xe2,
    0xd9, 0x5, 0xa7, 0xff, 0xff, 0x0, 0x40, 0x2b,
    0x40, 0xa1, 0x0, 0xff, 0xe2, 0x52, 0x0, 0x1c,
    0x13, 0xff, 0xe0, 0x7, 0x7f, 0x84, 0x58, 0xa0,
    0x1f, 0xfc, 0x73, 0x30, 0x48, 0x80, 0x7f, 0xf1,
    0x4a, 0xad, 0x80, 0x3f, 0xf8, 0xea, 0x80, 0x1f,
    0xff, 0xf0, 0xf, 0xfe, 0x68, 0x80, 0x4, 0x3,
    0xff, 0x87, 0x7f, 0xee, 0x0, 0xff, 0xe3, 0x68,
    0x4, 0x54, 0x1, 0xfb, 0x34, 0x80, 0x39, 0xbf,
    0xed, 0x50, 0xc,

    /* U+8868 "表" */
    0x0, 0xff, 0x44, 0x88, 0x7, 0xff, 0x1d, 0x98,
    0x60, 0x1f, 0xf3, 0xe6, 0x7c, 0x21, 0xb9, 0x9f,
    0x0, 0x6e, 0x33, 0xf8, 0x2, 0x33, 0xf8, 0x40,
    0x29, 0xff, 0xf8, 0x1, 0xbf, 0xff, 0x8, 0x6,
    0x4a, 0xaf, 0x0, 0x3a, 0xab, 0xc2, 0x1, 0xc6,
    0xab, 0xe0, 0x1, 0xaa, 0xf8, 0xc0, 0x39, 0xff,
    0xfc, 0x0, 0xcf, 0xff, 0x10, 0x6, 0x11, 0xfc,
    0x0, 0x71, 0x1f, 0xc0, 0x7, 0xee, 0xfc, 0x0,
    0xbe, 0xef, 0xb4, 0x0, 0x48, 0x9e, 0x0, 0xe4,
    0x4f, 0xc0, 0x5, 0xbb, 0xd4, 0x20, 0xc, 0x40,
    0xdb, 0xbd, 0xb5, 0x0, 0x1e, 0x5f, 0x52, 0xc3,
    0xf0, 0x80, 0xa, 0xa7, 0xc4, 0x3, 0x26, 0xd0,
    0x86, 0x98, 0x22, 0x6, 0x4b, 0x54, 0xb4, 0x40,
    0xf, 0xb6, 0x40, 0x2, 0x0, 0xd2, 0xd, 0xa4,
    0xda, 0x60, 0x17, 0x91, 0x26, 0x80, 0x3c, 0x52,
    0x0, 0x59, 0x0, 0xe8, 0xbd, 0x60, 0xf, 0x1b,
    0x34, 0xb, 0x0, 0x1e, 0x40, 0xc, 0x6b, 0x3d,
    0x92, 0x32, 0xe0, 0xfc, 0xc0, 0x1f, 0x40, 0xd,
    0x30, 0x9c, 0x8, 0x45, 0x8, 0xa7, 0xcc, 0x3,
    0x9, 0x0, 0x12, 0x7b, 0x1c, 0x2, 0x5f, 0x71,
    0x63, 0x0, 0xc2, 0xb1, 0xd6, 0xc2, 0x1, 0xe1,
    0x8e, 0x90,

    /* U+88AB "被" */
    0x0, 0xca, 0x1, 0xfc, 0xf2, 0x1, 0xfd, 0x54,
    0x60, 0xf, 0xd2, 0xc2, 0x1, 0xfa, 0x2, 0x44,
    0x3, 0xff, 0x8c, 0x4c, 0x24, 0x0, 0x2a, 0xc8,
    0x80, 0x84, 0x45, 0xac, 0x22, 0xdd, 0x9c, 0xf3,
    0x85, 0xd4, 0xdd, 0xc0, 0x6, 0x77, 0x14, 0x99,
    0x88, 0xa1, 0x20, 0x13, 0x0, 0xa6, 0x40, 0x8,
    0x97, 0x2, 0x2b, 0xff, 0x50, 0x21, 0x0, 0x19,
    0xa1, 0x6, 0x67, 0x2, 0x0, 0x7a, 0x2, 0x0,
    0x3f, 0xd8, 0x1a, 0x1, 0xd0, 0x4a, 0x66, 0x0,
    0xfe, 0xbb, 0x20, 0x6, 0x47, 0xb, 0xac, 0x20,
    0x6f, 0xf0, 0x87, 0x7f, 0x5a, 0x0, 0x43, 0x40,
    0xc, 0x58, 0x20, 0xc, 0x45, 0x80, 0xc, 0x1,
    0x68, 0x80, 0x9, 0x9c, 0xc0, 0xc1, 0xb7, 0x6f,
    0x2, 0x20, 0xe, 0x18, 0x0, 0x44, 0xe2, 0x20,
    0xb1, 0x61, 0x0, 0x58, 0x28, 0x0, 0xcc, 0x36,
    0x7, 0x63, 0x7c, 0x7, 0x21, 0x0, 0x2c, 0x12,
    0x0, 0x26, 0xc6, 0x0, 0x2a, 0xa5, 0x41, 0x9c,
    0x58, 0xe8, 0x18, 0x40, 0x29, 0x20, 0xd, 0x46,
    0x60, 0x20, 0xb0, 0xc4, 0x29, 0x0, 0xff, 0x94,
    0x10, 0x0, 0xa0, 0x15, 0x80, 0x7f, 0xf0, 0x24,
    0x34, 0x1, 0x20, 0x14, 0x28, 0x7, 0xf9, 0x4c,
    0x5d, 0xb9, 0x82, 0x4c, 0x6b, 0x14, 0x3, 0xf4,
    0x4, 0xdc, 0x89, 0xeb, 0x63, 0x81, 0xd2, 0x0,
    0x7d, 0x8c, 0xf0, 0x75, 0x84, 0x0, 0x8d, 0x67,
    0x40,

    /* U+88C1 "裁" */
    0x0, 0xf6, 0x50, 0x7, 0x4e, 0x10, 0x8, 0x7,
    0xf0, 0x9a, 0x0, 0x72, 0x98, 0xbf, 0x28, 0x7,
    0x55, 0xdb, 0x0, 0x6e, 0xe8, 0x7, 0x0, 0x18,
    0x52, 0x80, 0x64, 0x48, 0x80, 0x8, 0x91, 0x80,
    0x64, 0xb0, 0xa2, 0x0, 0xbb, 0xad, 0x0, 0x77,
    0x56, 0x2, 0xe, 0x9, 0x8, 0x60, 0x18, 0x44,
    0x60, 0x23, 0x80, 0x3e, 0x7b, 0x10, 0x6, 0xff,
    0xdc, 0x3, 0xff, 0xca, 0x17, 0xff, 0xb8, 0x0,
    0x23, 0xc0, 0x1, 0x1e, 0x0, 0x84, 0x71, 0x80,
    0x33, 0xbb, 0x3a, 0xf7, 0x74, 0x4, 0x77, 0x6d,
    0x0, 0xf9, 0x56, 0x0, 0xc2, 0x1c, 0x0, 0xb8,
    0x0, 0x8a, 0xef, 0x10, 0x55, 0xdd, 0x4, 0x6,
    0x8, 0x85, 0x0, 0x85, 0x13, 0x0, 0x48, 0x91,
    0xb0, 0x30, 0x40, 0x58, 0x4, 0x7f, 0xeb, 0x0,
    0x5f, 0xfb, 0x7a, 0xc8, 0xd, 0xc, 0x58, 0x3,
    0x96, 0xc2, 0x70, 0x45, 0x98, 0x10, 0x20, 0xb0,
    0x80, 0xe, 0x9a, 0x0, 0xb, 0xf7, 0x6, 0x84,
    0x1c, 0x0, 0x4c, 0x1, 0xb5, 0x80, 0x6, 0xf4,
    0x1, 0x38, 0x0, 0x40, 0x1c, 0x6, 0x20, 0x8,
    0x4d, 0x0, 0x97, 0x44, 0x30, 0x49, 0x0, 0x6,
    0xb, 0xe4, 0xb, 0x66, 0x0, 0x38, 0xaf, 0x31,
    0x5c, 0x0, 0x90, 0x38, 0x4c, 0x2, 0x70, 0x3c,
    0x73, 0x1d, 0xba, 0x13, 0x80, 0x92, 0x41, 0x10,
    0x5, 0x40, 0x6, 0xbb, 0x3, 0xc8, 0xa6, 0x39,
    0x96, 0x9a, 0x0, 0x6e, 0xaf, 0x94, 0x0, 0x31,
    0xbd, 0x80, 0x35, 0x40, 0xa0, 0x3, 0x12, 0x80,
    0x7b, 0x20, 0x2, 0x1a, 0xfd, 0x20,

    /* U+88F9 "裹" */
    0x0, 0xfe, 0x14, 0x40, 0x7, 0xff, 0x1c, 0xee,
    0xc2, 0x1, 0xfe, 0xcf, 0xff, 0xb4, 0x1, 0xdf,
    0xff, 0x28, 0x2, 0x62, 0x3f, 0xf8, 0xce, 0x0,
    0x57, 0xf9, 0x9e, 0x88, 0xd3, 0x3c, 0x8e, 0x40,
    0x1c, 0x2d, 0x99, 0x80, 0x1b, 0x99, 0x10, 0xb8,
    0x7, 0xe7, 0xdd, 0xb0, 0x1, 0xbb, 0x8c, 0x3,
    0xfc, 0xfd, 0xd6, 0x0, 0x37, 0xba, 0x30, 0xf,
    0xf3, 0xff, 0xd8, 0x0, 0xcf, 0xf8, 0xc0, 0x3f,
    0x4e, 0x63, 0x76, 0xa0, 0x5, 0x6e, 0xd9, 0x84,
    0x0, 0xd9, 0xfd, 0x99, 0xd4, 0x0, 0xbc, 0xce,
    0xff, 0x30, 0x2, 0x9d, 0xf2, 0x80, 0x7e, 0x37,
    0x7c, 0xa0, 0x6, 0x8b, 0x5, 0x50, 0xbe, 0x80,
    0xf4, 0x99, 0x98, 0x2a, 0xc, 0x7, 0x3f, 0x1d,
    0xab, 0xa1, 0x0, 0x49, 0xb3, 0x99, 0x9b, 0x66,
    0x3, 0x6d, 0x5f, 0x6a, 0xdb, 0x20, 0xa, 0x0,
    0xf, 0x5d, 0x38, 0x80, 0x1e, 0x51, 0x6f, 0xe4,
    0xdf, 0xd5, 0xa0, 0xae, 0x61, 0x30, 0x80, 0xa3,
    0x3a, 0x90, 0x1, 0xd0, 0x14, 0x8f, 0xa9, 0x1a,
    0x20, 0x11, 0x21, 0xac, 0xd0, 0x18, 0x0, 0x8e,
    0xd8, 0x1, 0xa6, 0x1, 0xdb, 0xf4, 0xc6, 0x7,
    0x7d, 0xbe, 0x13, 0x86, 0xb9, 0xd2, 0xc0, 0x1,
    0x0, 0xa4, 0x0, 0x8b, 0x1e, 0x0, 0x3c, 0xb5,
    0x16, 0x10, 0xf, 0x43, 0x67, 0xdb, 0x98, 0x6,
    0x4a, 0xfc, 0x70,

    /* U+8981 "要" */
    0x6b, 0xbf, 0xfe, 0x32, 0xfa, 0x27, 0xff, 0x1b,
    0x63, 0x77, 0x8c, 0x23, 0x74, 0x80, 0xfb, 0xbd,
    0x22, 0x46, 0x79, 0xc0, 0x4c, 0xc2, 0x1e, 0x67,
    0x88, 0x41, 0xfb, 0xb2, 0x4, 0xf7, 0x14, 0x23,
    0xbb, 0x58, 0x6, 0x36, 0x60, 0x4, 0xcc, 0x0,
    0x99, 0x86, 0x1, 0xeb, 0x99, 0x28, 0x54, 0xc9,
    0x82, 0x66, 0xa0, 0xf, 0xfe, 0x74, 0x7f, 0x94,
    0x2b, 0xfc, 0xc1, 0x3f, 0xe9, 0x0, 0xc4, 0xab,
    0xc0, 0x4, 0x55, 0xfd, 0x80, 0x5, 0xaa, 0xd2,
    0x0, 0x9a, 0xaf, 0xce, 0x15, 0x99, 0xe0, 0x7,
    0x66, 0x7f, 0x5a, 0x19, 0xf0, 0x4, 0x67, 0xfe,
    0x5e, 0xff, 0xac, 0x1, 0x7f, 0xfb, 0x80, 0x11,
    0xff, 0x70, 0x4, 0x56, 0x6, 0xa0, 0x1b, 0x40,
    0xdc, 0x3, 0xed, 0x0, 0x1f, 0x72, 0xa9, 0xe6,
    0x3a, 0x1, 0xfb, 0xfa, 0xdc, 0xc5, 0x54, 0x0,
    0x27, 0x10, 0xe, 0x12, 0x47, 0xc4, 0x30, 0xe,
    0x39, 0xec, 0x72, 0x6, 0xed, 0xb9, 0x73, 0x26,
    0xbf, 0xfa, 0x94, 0xe, 0x30, 0x59, 0x15, 0xe6,
    0xfb, 0x65, 0x0, 0x25, 0xaf, 0xa5, 0xc1,

    /* U+89C1 "见" */
    0x0, 0xc6, 0x7f, 0xfc, 0x21, 0x0, 0xf1, 0xe6,
    0x7f, 0xf0, 0x90, 0x3, 0xf8, 0x47, 0xfc, 0x1,
    0xff, 0xf, 0x77, 0xf8, 0x40, 0x3f, 0xf8, 0x64,
    0x20, 0x1f, 0xfc, 0x74, 0xde, 0x0, 0xff, 0xe4,
    0x88, 0x7, 0xff, 0x1c, 0x40, 0xc0, 0x3f, 0xf8,
    0xe6, 0x2, 0x1, 0xff, 0xc7, 0x10, 0x70, 0xf,
    0xfe, 0x3f, 0x1, 0x0, 0x7f, 0xf1, 0xd4, 0x3c,
    0x3, 0xff, 0x8e, 0x61, 0x1c, 0x80, 0x1f, 0xf1,
    0x44, 0x0, 0xc, 0x2, 0xa2, 0x20, 0x4, 0x41,
    0xc0, 0x3c, 0x2e, 0xc0, 0xb, 0x6, 0x0, 0xe6,
    0x72, 0x50, 0xf, 0xea, 0x20, 0x90, 0xf, 0xd7,
    0xc0, 0x1e, 0x1a, 0x50, 0xa1, 0x0, 0xfc, 0x20,
    0x1c, 0x2f, 0xea, 0x10, 0xa0, 0x11, 0x80, 0x63,
    0x2, 0x0, 0x35, 0xf4, 0x8, 0xad, 0xc0, 0x4,
    0x13, 0xff, 0xb0, 0x10, 0x0, 0x28, 0x5, 0x3c,
    0x80, 0x14, 0x20, 0x7, 0x92, 0x0, 0xf, 0x1b,
    0xa6, 0x0, 0xe1, 0xbf, 0xff, 0x58, 0x0,

    /* U+89C4 "规" */
    0x0, 0xc8, 0xa0, 0x1f, 0xfc, 0x89, 0xa2, 0x0,
    0x9e, 0x23, 0xf3, 0x80, 0x7f, 0xf0, 0x25, 0xdf,
    0xf4, 0x80, 0x78, 0xc0, 0x3e, 0xab, 0xbd, 0x40,
    0x1d, 0xbf, 0xe1, 0xd, 0xff, 0x0, 0x48, 0x9c,
    0xe0, 0x1c, 0xc2, 0x20, 0x8, 0x44, 0x1, 0xcc,
    0xc0, 0xf, 0xaf, 0xb8, 0x41, 0xbd, 0xc0, 0xe,
    0x99, 0x0, 0x7f, 0xf5, 0x8c, 0x3, 0xff, 0x86,
    0x9f, 0xf1, 0x7, 0x7f, 0x8c, 0x3, 0xff, 0x80,
    0x20, 0x1f, 0x9c, 0x3, 0x84, 0x3, 0xcb, 0xff,
    0x0, 0x3f, 0xe4, 0x0, 0x84, 0xc, 0x3, 0xf8,
    0x40, 0x4, 0x1, 0xe2, 0x6, 0x0, 0xfe, 0x50,
    0x6, 0x8, 0x3, 0x34, 0x50, 0x11, 0xcb, 0x70,
    0x3, 0x8c, 0x0, 0x38, 0x0, 0x22, 0x5, 0x0,
    0x38, 0x8, 0x80, 0x1d, 0x61, 0x68, 0x56, 0x1,
    0x29, 0x0, 0x71, 0x0, 0x62, 0x30, 0x4a, 0x14,
    0x40, 0xd, 0x83, 0x0, 0x6b, 0xd0, 0xa, 0x1,
    0x80, 0x69, 0x90, 0x34, 0x53, 0x40, 0x31, 0x90,
    0x1, 0x14, 0x2c, 0x0, 0x92, 0x3a, 0x65, 0x40,
    0x1c, 0x22, 0x3, 0xb0, 0x72, 0x0, 0x9f, 0x88,
    0x98, 0x2e, 0xf, 0x32, 0x44, 0x1, 0xaa, 0x40,
    0x6, 0xd0, 0x6d, 0x10, 0x35, 0x16, 0x61, 0x48,
    0x2, 0xac, 0x3, 0xab, 0x24, 0x3, 0x57, 0xfd,
    0xa6, 0x0,

    /* U+89C8 "览" */
    0x0, 0xf4, 0x40, 0x2, 0x89, 0x20, 0xf, 0x9e,
    0x44, 0x5, 0xd8, 0x2, 0x76, 0x30, 0xf, 0xa9,
    0x88, 0x3, 0xc8, 0x0, 0xab, 0xbe, 0x50, 0xf,
    0xf6, 0x80, 0x11, 0x3d, 0xa0, 0x1f, 0xc2, 0xc1,
    0x98, 0x7c, 0xdd, 0xa4, 0x3, 0xfa, 0x41, 0x8e,
    0x5f, 0xc8, 0xa1, 0x0, 0xfc, 0x4e, 0x10, 0x14,
    0x47, 0x40, 0x19, 0xcc, 0x40, 0x31, 0x54, 0x88,
    0x3, 0x81, 0x50, 0x2, 0xac, 0x20, 0x17, 0x60,
    0x56, 0x0, 0x8e, 0x6d, 0x0, 0x30, 0xe6, 0x48,
    0x8c, 0xcf, 0xaa, 0x0, 0x38, 0xcf, 0xff, 0x86,
    0x1, 0xfb, 0xff, 0xfa, 0xc0, 0x3f, 0xf8, 0x2b,
    0xd0, 0x1, 0xff, 0xc5, 0x31, 0x0, 0xff, 0xe3,
    0x8, 0x78, 0x7, 0xff, 0x16, 0xc2, 0xa4, 0x40,
    0x3f, 0x8a, 0xec, 0x0, 0x63, 0x12, 0x63, 0x4,
    0xee, 0x0, 0x79, 0x10, 0x33, 0x20, 0xa1, 0x0,
    0xc2, 0x24, 0xe5, 0x0, 0x8e, 0x79, 0x86, 0xd0,
    0x3, 0xe2, 0x12, 0x5a, 0xec, 0x60, 0x7f, 0x40,
    0x30, 0xfc, 0xcd, 0x20, 0x8e, 0xa2, 0x93, 0xd0,
    0x20, 0x9, 0x22, 0x19, 0xe0, 0x63, 0x2d, 0xfb,
    0x61, 0x0, 0xc9, 0xbf, 0xfe, 0x90,

    /* U+89D2 "角" */
    0x0, 0xf1, 0x29, 0x0, 0x7f, 0xf1, 0x7a, 0xb8,
    0x3, 0x84, 0x3, 0xfc, 0xe6, 0x7, 0xff, 0xdd,
    0x82, 0x1, 0xf1, 0xc0, 0x1, 0x13, 0x80, 0x21,
    0x0, 0xf1, 0xe0, 0x27, 0xdd, 0xe3, 0x2, 0xd0,
    0xf, 0x26, 0x0, 0x55, 0x5b, 0xdc, 0x6, 0xeb,
    0xf0, 0x82, 0x2c, 0x2, 0x45, 0x5c, 0x1, 0x1a,
    0xa8, 0xc, 0x43, 0xc0, 0x40, 0x19, 0x98, 0x1,
    0x19, 0x98, 0x3, 0x3c, 0xe0, 0x0, 0xcf, 0x10,
    0x21, 0x9e, 0x10, 0xc, 0xc0, 0x1f, 0x18, 0x38,
    0x6, 0x10, 0xf, 0xdf, 0xf8, 0x42, 0xff, 0xf0,
    0x7, 0xf1, 0x9e, 0x0, 0x8c, 0xf0, 0x7, 0x84,
    0x7, 0x33, 0x10, 0x66, 0x70, 0x80, 0x73, 0x81,
    0x80, 0x7f, 0xf1, 0x44, 0xb, 0xff, 0x10, 0x67,
    0xfe, 0x10, 0xe, 0xd0, 0x0, 0x8e, 0x0, 0x84,
    0x70, 0x7, 0x90, 0x2b, 0xbb, 0x10, 0x67, 0x76,
    0x10, 0xc, 0x46, 0x8, 0x1, 0xff, 0xc4, 0x80,
    0x51, 0x0, 0xff, 0xe1, 0xb2, 0x84, 0x0, 0x7e,
    0x2f, 0xf8, 0x40, 0x81, 0xa, 0x48, 0x3, 0xf1,
    0x18, 0x0, 0xe4, 0x40, 0xb5, 0x80, 0x3d, 0xbe,
    0x61, 0x9f, 0xec, 0x60,

    /* U+89E3 "解" */
    0x0, 0x85, 0xcc, 0x3, 0xff, 0x8e, 0xf1, 0x40,
    0x1c, 0x8e, 0xfe, 0x8a, 0x40, 0xd, 0xa0, 0xb3,
    0x72, 0x21, 0xd1, 0x1e, 0x75, 0xd0, 0x8, 0x50,
    0xd, 0x91, 0xac, 0x22, 0xec, 0x0, 0xbb, 0x40,
    0x8, 0x5, 0x21, 0x1f, 0xe1, 0x9, 0x2, 0x47,
    0x4, 0x4c, 0x1e, 0x0, 0x17, 0x17, 0x4, 0x14,
    0x30, 0xa, 0x43, 0x0, 0xc, 0x2, 0x0, 0xd0,
    0x1f, 0xf5, 0x82, 0x7d, 0x3, 0x28, 0xb1, 0xe,
    0x1, 0x1, 0x10, 0x0, 0xa0, 0x3, 0x50, 0x1a,
    0x90, 0xa1, 0x9e, 0x60, 0x50, 0x2c, 0x10, 0xaa,
    0x6, 0xd0, 0x0, 0x86, 0xd0, 0x3d, 0xdd, 0xa2,
    0x0, 0x25, 0x0, 0xfd, 0x15, 0x45, 0x2b, 0x48,
    0x20, 0xf, 0x7d, 0x7, 0x78, 0x5, 0x82, 0x30,
    0x8, 0x7, 0xe6, 0x10, 0x56, 0x0, 0x94, 0x2f,
    0x0, 0xbf, 0xd4, 0x1, 0xd3, 0x61, 0x72, 0x0,
    0x42, 0x4, 0x10, 0x2, 0x23, 0x40, 0x27, 0x0,
    0xfd, 0x1, 0xb7, 0x80, 0x77, 0x67, 0x0, 0x84,
    0x3a, 0x83, 0xb8, 0x0, 0xda, 0x20, 0xf, 0xf1,
    0x2, 0x0, 0xd, 0x40, 0x13, 0x5f, 0xed, 0x3,
    0xff, 0x98, 0x4, 0x12, 0xa8, 0x1b, 0x60, 0xe,
    0x22, 0x80, 0x22, 0x28, 0xc1, 0x43, 0x0, 0x3e,
    0x6d, 0xdc, 0x7, 0xbb, 0x28, 0x68, 0x20, 0x7,
    0xff, 0x18, 0x58, 0x4c, 0x19, 0x91, 0x80, 0x20,
    0x1f, 0xfc, 0x6, 0x80, 0x1, 0xcf, 0x99, 0x48,
    0x7, 0xfc, 0x32, 0xc0, 0x19, 0xbf, 0x4c, 0x3,
    0x17, 0xe0, 0x6,

    /* U+89E6 "触" */
    0x0, 0x86, 0x10, 0x3, 0xf0, 0xc3, 0x80, 0x7e,
    0x47, 0xe0, 0xf, 0xc4, 0xf2, 0x1, 0xfb, 0xc1,
    0x67, 0x58, 0x3, 0xff, 0x86, 0x2a, 0x0, 0x62,
    0x91, 0x0, 0xff, 0xe1, 0x30, 0x37, 0xe8, 0x28,
    0x82, 0xbb, 0xa0, 0x5, 0xde, 0x0, 0x86, 0x42,
    0xc1, 0x43, 0x80, 0x13, 0x10, 0x40, 0x4, 0x44,
    0x20, 0xb, 0x10, 0xec, 0x80, 0xbd, 0x0, 0xae,
    0xc0, 0xb, 0x30, 0x8, 0x94, 0x2, 0x30, 0x10,
    0x20, 0x0, 0xa2, 0x1, 0x10, 0xe0, 0x11, 0x60,
    0xe, 0x38, 0x73, 0x0, 0x7f, 0xf0, 0x8c, 0xc2,
    0x2, 0x0, 0x30, 0xf, 0xfe, 0x2f, 0xb0, 0x7a,
    0x80, 0x7f, 0xf1, 0x60, 0x1, 0x0, 0x18, 0x6a,
    0xc1, 0x29, 0x40, 0x3c, 0x2e, 0xe0, 0x76, 0x0,
    0xca, 0x80, 0x5, 0x10, 0xe, 0x10, 0x0, 0x80,
    0xc, 0x1, 0xbb, 0x50, 0x3, 0x76, 0x10, 0x8,
    0xc7, 0xd8, 0x3d, 0x40, 0x2, 0x44, 0x60, 0x11,
    0x41, 0x80, 0x61, 0x7, 0x0, 0x38, 0x7, 0xf2,
    0xaa, 0x40, 0x22, 0x5, 0x87, 0x8, 0x60, 0xf,
    0xcc, 0xe, 0x1, 0x30, 0x68, 0x7, 0x84, 0x91,
    0xa4, 0x7, 0x40, 0xc, 0x0, 0xc0, 0x30, 0xf,
    0x4e, 0xdc, 0xa8, 0x0, 0x80, 0x1a, 0x0, 0x60,
    0x40, 0x9, 0xdc, 0x1a, 0x6, 0xaf, 0x37, 0xde,
    0x8, 0x0, 0x46, 0x0, 0x4e, 0x8, 0x9d, 0x7f,
    0x2a, 0x19, 0x4, 0x15, 0xc0, 0x15, 0x0, 0x1,
    0x36, 0xf8, 0x0, 0xfe, 0xa8, 0x0,

    /* U+8A00 "言" */
    0x0, 0xfc, 0xf6, 0x60, 0x1f, 0xfc, 0x5f, 0x4d,
    0x10, 0xf, 0xfe, 0x24, 0x10, 0xd8, 0x7, 0xe8,
    0xaa, 0xfc, 0x40, 0xb5, 0x5f, 0x99, 0x57, 0xf0,
    0x4, 0xab, 0xfb, 0x37, 0x7f, 0xf8, 0xe4, 0x5f,
    0xfc, 0x80, 0xb, 0x3f, 0xff, 0xf8, 0x1c, 0x1,
    0xeb, 0x55, 0xff, 0xe0, 0x30, 0x7, 0x9e, 0xab,
    0xff, 0x81, 0x0, 0x1e, 0x8b, 0xbf, 0xfe, 0x4,
    0x80, 0x79, 0x13, 0xff, 0x82, 0xe0, 0x1e, 0xcf,
    0xff, 0xfe, 0x7, 0x0, 0x7f, 0xf3, 0xbf, 0xff,
    0xf8, 0x42, 0x1, 0xf2, 0x27, 0xf8, 0x3, 0xfd,
    0x57, 0x7f, 0xc0, 0x1f, 0xfd, 0x2c, 0xcf, 0xed,
    0x0, 0xff, 0x11, 0x9f, 0xe2, 0x0, 0xff, 0x77,
    0xff, 0xf0, 0x7, 0xef, 0xe1, 0x0, 0xfe, 0xff,
    0x8, 0x0,

    /* U+8BA1 "计" */
    0x0, 0xff, 0xe0, 0x9a, 0x8, 0x7, 0xe9, 0x80,
    0xf, 0xdd, 0x68, 0x1, 0xf1, 0x33, 0xd0, 0x7,
    0xff, 0x14, 0xb4, 0x56, 0x80, 0x3f, 0xf8, 0xa5,
    0x82, 0xa4, 0x1, 0xff, 0xc5, 0x2c, 0xa2, 0x0,
    0xff, 0xe3, 0x12, 0x80, 0x7f, 0xf0, 0x8a, 0x22,
    0xfb, 0x11, 0x19, 0xf1, 0x6, 0x19, 0xe2, 0x67,
    0x78, 0x10, 0x97, 0x33, 0x80, 0xd, 0x99, 0xb9,
    0x9b, 0x0, 0x7f, 0xf1, 0x1c, 0xa6, 0x61, 0x0,
    0x27, 0xff, 0x10, 0x57, 0xfe, 0xb0, 0xf, 0xff,
    0xf8, 0x7, 0xff, 0x12, 0x2c, 0x3, 0xff, 0x8d,
    0x8e, 0x80, 0x1f, 0xfc, 0x41, 0x0, 0x16, 0x80,
    0x7f, 0xf0, 0xfc, 0x0, 0x7a, 0x40, 0x1f, 0xfc,
    0x32, 0x7, 0xc0, 0xf, 0xfe, 0x2f, 0xcc, 0x0,
    0x7f, 0xf0, 0xc0,

    /* U+8BA4 "认" */
    0x0, 0xc6, 0x1, 0xfa, 0x31, 0x0, 0x3f, 0xaf,
    0x14, 0x3, 0xe3, 0x31, 0x0, 0x7f, 0x68, 0x53,
    0x80, 0x7e, 0x30, 0xf, 0xe6, 0x90, 0x86, 0x0,
    0xe7, 0x0, 0xff, 0xe0, 0x34, 0x93, 0x80, 0x7f,
    0xf1, 0xdb, 0x44, 0x3, 0x84, 0x4, 0x3, 0xff,
    0x8e, 0x40, 0xe0, 0x1f, 0x7f, 0xf3, 0x80, 0x7e,
    0x50, 0xf, 0xfe, 0x7, 0x80, 0x7e, 0x10, 0xf,
    0xbb, 0xa6, 0x0, 0xf8, 0x80, 0x1a, 0x1, 0xf0,
    0x8e, 0x0, 0xf9, 0x80, 0xe, 0x1, 0xff, 0xc6,
    0xc0, 0x1, 0x10, 0x3, 0xff, 0x8a, 0x60, 0x40,
    0xa0, 0x1f, 0xfc, 0x41, 0x40, 0x90, 0xa0, 0xf,
    0xfe, 0xb, 0x80, 0x1c, 0xd, 0xc, 0x94, 0x3,
    0xfc, 0x7b, 0x6, 0x10, 0x14, 0x14, 0x10, 0x1,
    0xf8, 0x41, 0x9, 0x4a, 0x4, 0x4c, 0xc, 0x44,
    0x80, 0xf, 0x98, 0x1, 0x34, 0xae, 0x16, 0x1,
    0x48, 0x3b, 0x0, 0x74, 0x0, 0x35, 0x96, 0xc1,
    0x54, 0x1, 0x23, 0x84, 0xb8, 0x6, 0x90, 0xf2,
    0xd, 0x4, 0xa0, 0xe, 0x86, 0xd, 0x0, 0xc3,
    0xe0, 0x14, 0x55, 0x80, 0x7d, 0x35, 0x40,

    /* U+8BAE "议" */
    0x0, 0x8, 0x7, 0xf2, 0x0, 0x7f, 0x27, 0xc0,
    0x7, 0xdd, 0x64, 0x1, 0x21, 0x0, 0x4c, 0x2e,
    0xc0, 0xb, 0xf2, 0x6, 0x8, 0x0, 0xaf, 0x48,
    0x0, 0x56, 0x12, 0x40, 0x40, 0x81, 0x20, 0xa4,
    0x6, 0x2, 0x40, 0x12, 0x30, 0x88, 0x3c, 0x30,
    0x5, 0x41, 0x41, 0x41, 0x40, 0x3a, 0x7c, 0xc1,
    0x41, 0xc0, 0x1e, 0x86, 0x18, 0x18, 0x1, 0xe1,
    0x0, 0x18, 0x91, 0x1, 0x6d, 0x1, 0x1, 0x0,
    0x1d, 0xff, 0x80, 0x24, 0x5, 0x0, 0xc6, 0x20,
    0x60, 0x1, 0x0, 0xfb, 0xc2, 0x80, 0x35, 0x82,
    0x80, 0x5f, 0xda, 0x1, 0xca, 0x4, 0x40, 0x9,
    0x83, 0x80, 0x30, 0x98, 0x7, 0x98, 0x20, 0x0,
    0xa2, 0x24, 0x0, 0xff, 0xe0, 0x50, 0x29, 0x84,
    0x4, 0x80, 0x7f, 0xf0, 0x4d, 0x42, 0x18, 0x85,
    0xc0, 0x3f, 0xf8, 0x50, 0x9, 0x21, 0x0, 0x1f,
    0xfc, 0x3, 0x0, 0x13, 0x80, 0x4c, 0x1, 0xfe,
    0x3d, 0xf0, 0x8, 0xc0, 0x23, 0x0, 0xff, 0x61,
    0x30, 0xd, 0xa0, 0x5, 0x8a, 0x1, 0xe4, 0x0,
    0xa6, 0x8f, 0xd0, 0x2f, 0x88, 0x2a, 0x44, 0x3,
    0x50, 0x3, 0x52, 0xf0, 0x4b, 0x50, 0x71, 0x41,
    0xba, 0x48, 0x1, 0x1, 0xe5, 0x28, 0xf, 0xa4,
    0x0, 0x1a, 0xa0, 0x83, 0x80, 0x4f, 0xe0, 0xa,
    0x6d, 0x80, 0xf, 0x2f, 0x4d, 0x10,

    /* U+8BAF "讯" */
    0x0, 0xff, 0xe6, 0x1f, 0x28, 0x4, 0xef, 0xfa,
    0x35, 0x80, 0x39, 0x86, 0x94, 0x1, 0x11, 0xf9,
    0xca, 0x0, 0x39, 0x64, 0x29, 0x1, 0xdc, 0xc0,
    0x7, 0x79, 0x0, 0xc0, 0x3c, 0xce, 0x4, 0x11,
    0x10, 0xc, 0x46, 0x0, 0xfe, 0x8c, 0x60, 0xf,
    0xfe, 0x41, 0x80, 0x7f, 0xf1, 0x7, 0x75, 0xfe,
    0xa0, 0xf, 0xf0, 0x80, 0x71, 0x91, 0x0, 0xc,
    0x1, 0xff, 0xc4, 0x2e, 0xe5, 0x0, 0x45, 0xba,
    0xf0, 0x1d, 0xd8, 0x3, 0xe1, 0x18, 0x3, 0x11,
    0x4, 0x0, 0x45, 0x0, 0x7f, 0xf0, 0x4b, 0x75,
    0x80, 0xd, 0xd8, 0xc0, 0xc0, 0x3f, 0xe2, 0x28,
    0x4, 0x8a, 0x0, 0xff, 0xe5, 0x8, 0x8, 0x7,
    0xf9, 0xc4, 0x3, 0xff, 0x8f, 0x51, 0x20, 0x1f,
    0x84, 0x4, 0x40, 0x1e, 0x35, 0xc, 0x0, 0xfc,
    0x40, 0x70, 0x40, 0x16, 0x80, 0x7, 0x50, 0x3,
    0xf2, 0x83, 0x95, 0x80, 0x5, 0x80, 0x1e, 0x40,
    0x1f, 0xde, 0x1c, 0xdc, 0x0, 0x10, 0x7, 0x88,
    0x7, 0xf9, 0xc1, 0x9, 0x0, 0x2a, 0xf0, 0xf,
    0xfe, 0x0, 0xc8, 0x21, 0x80, 0x4a, 0x1, 0xe1,
    0xfe, 0x0, 0xe6, 0xfb, 0x0,

    /* U+8BB0 "记" */
    0x0, 0xff, 0xe5, 0xd5, 0x0, 0x38, 0x47, 0xfc,
    0x1, 0xa, 0x2e, 0x8, 0x2, 0xbb, 0xbf, 0xbc,
    0x2, 0x1f, 0x23, 0xc1, 0x0, 0xff, 0xe2, 0xe,
    0x9, 0x38, 0x57, 0xff, 0xd8, 0x1, 0xf0, 0xe4,
    0x30, 0x7, 0xff, 0x18, 0x9c, 0x3, 0xff, 0x87,
    0x77, 0x7f, 0x94, 0x3, 0xff, 0x86, 0x89, 0x0,
    0x8, 0x3, 0xff, 0x87, 0x77, 0x10, 0x6, 0x3f,
    0xff, 0xb0, 0x3, 0x22, 0x60, 0xf, 0xfe, 0x87,
    0xff, 0x58, 0x7, 0xff, 0x8, 0x40, 0x39, 0x37,
    0x0, 0x3f, 0xf8, 0xe4, 0x40, 0xf, 0xfe, 0x88,
    0xb0, 0x7, 0xf9, 0xcc, 0x3, 0xd9, 0xf0, 0xe0,
    0x1f, 0xd9, 0x85, 0x0, 0x8c, 0x10, 0x54, 0x3,
    0xfc, 0xc0, 0xc0, 0x12, 0x80, 0x22, 0xd8, 0x4,
    0x80, 0x38, 0xc8, 0xc, 0x0, 0xe0, 0xc, 0x70,
    0x20, 0x6, 0xff, 0xf6, 0x2, 0x80, 0x4e, 0x1c,
    0x60, 0x15, 0x98, 0x7, 0xc9, 0x60,

    /* U+8BBE "设" */
    0x0, 0xff, 0xe6, 0xe, 0x58, 0x7, 0x37, 0xfb,
    0xba, 0xff, 0x8, 0x7, 0xc9, 0x82, 0x1, 0x8,
    0x0, 0x46, 0x0, 0xfc, 0x38, 0x66, 0xd0, 0xe,
    0x7f, 0xf8, 0x3, 0xfd, 0xa4, 0x22, 0x0, 0x70,
    0x70, 0x4, 0x20, 0x1f, 0xc3, 0xf8, 0x20, 0x5,
    0x2, 0x0, 0xff, 0xe1, 0x10, 0x80, 0x18, 0xc5,
    0x0, 0x23, 0x3, 0x0, 0xd7, 0x6d, 0xfa, 0x0,
    0x3c, 0x85, 0x80, 0x66, 0xd, 0xff, 0x0, 0x11,
    0x4, 0x8, 0x9, 0x1, 0xa, 0x1, 0xa5, 0xc,
    0xe0, 0x5, 0xda, 0x40, 0x24, 0xac, 0x70, 0xe,
    0x2b, 0xcc, 0x80, 0x8, 0x90, 0x6, 0xdc, 0xff,
    0xfe, 0xa0, 0xf, 0xf0, 0x80, 0x7f, 0xf2, 0x65,
    0x42, 0x3f, 0xf8, 0x43, 0x80, 0x3f, 0xe8, 0x8,
    0x20, 0x9, 0xc4, 0xd0, 0x3, 0xf8, 0x40, 0x9c,
    0x3c, 0x0, 0x90, 0x1e, 0x1, 0xfc, 0x7e, 0xa1,
    0x8, 0x58, 0xd6, 0x12, 0x60, 0x1f, 0x87, 0x4,
    0x80, 0x14, 0x47, 0x21, 0xc, 0x1, 0xf3, 0x80,
    0x54, 0xe0, 0x7, 0x30, 0xb, 0x4c, 0x3, 0xea,
    0x0, 0x62, 0xa4, 0xf4, 0x89, 0xa8, 0x2e, 0x61,
    0xc8, 0x3, 0xdc, 0x6d, 0x6c, 0x29, 0x79, 0x5a,
    0xa0, 0x71, 0x82, 0x1, 0x6f, 0x88, 0x32, 0x46,
    0xda, 0x0, 0xa, 0xba, 0x52, 0xc4,

    /* U+8BBF "访" */
    0x0, 0x8c, 0x3, 0xf0, 0xc5, 0x0, 0x7e, 0x4c,
    0xc0, 0x7, 0xc2, 0xea, 0x60, 0x1f, 0x29, 0x1e,
    0x0, 0x7c, 0x81, 0x60, 0x1f, 0xe, 0x11, 0xd8,
    0x7, 0xb4, 0xbc, 0x3, 0xf0, 0xf8, 0xf8, 0x7f,
    0xf4, 0x94, 0x7f, 0xf0, 0x6, 0x2e, 0x40, 0xf,
    0xfe, 0x57, 0xfc, 0x0, 0xdf, 0xff, 0x87, 0xba,
    0xff, 0x10, 0x7, 0x8c, 0x3, 0xe3, 0x11, 0x80,
    0x3f, 0x84, 0x3, 0xe2, 0xcc, 0x80, 0x3f, 0xbb,
    0xb7, 0xf2, 0x80, 0xc, 0xe1, 0x0, 0xe2, 0x0,
    0x8, 0xe0, 0x13, 0x0, 0xff, 0x98, 0xb, 0xff,
    0x18, 0x18, 0x7, 0xfc, 0x40, 0xc0, 0x1e, 0x10,
    0xf, 0xfb, 0x80, 0xc0, 0x30, 0x83, 0x80, 0x7e,
    0x26, 0x4, 0xd, 0x0, 0xc6, 0x2, 0x1, 0xf5,
    0x6c, 0x9, 0x82, 0x0, 0x61, 0x3, 0x0, 0xe1,
    0x7, 0xb, 0x70, 0x31, 0x0, 0x84, 0x0, 0x20,
    0x19, 0x80, 0x2d, 0x58, 0xa, 0x0, 0xc4, 0x4,
    0x1, 0x86, 0x40, 0x1c, 0x50, 0x24, 0xc0, 0x1a,
    0xc1, 0x80, 0x30, 0xa0, 0x78, 0xb3, 0x84, 0x80,
    0x2f, 0xb8, 0xe1, 0xa0, 0x1d, 0x7c, 0x0, 0x73,
    0x84, 0x0, 0x68, 0x88, 0x19, 0x80, 0x1e, 0x10,
    0x0, 0xe3, 0x80, 0x4d, 0xff, 0x48, 0x4,

    /* U+8BC1 "证" */
    0x0, 0xff, 0xe6, 0x26, 0x98, 0x7, 0xff, 0x1f,
    0xb, 0x14, 0x1, 0x1f, 0xff, 0xf6, 0x0, 0x50,
    0xe1, 0x4c, 0x1, 0xff, 0xc6, 0x87, 0xc, 0x8,
    0xff, 0xe3, 0xa, 0xff, 0xb0, 0x3, 0xa2, 0x68,
    0x3, 0xff, 0x90, 0xc0, 0x1f, 0xfc, 0x5b, 0xb6,
    0x7d, 0x0, 0x42, 0x86, 0x1, 0xff, 0x22, 0xc,
    0x14, 0x2, 0x2b, 0xe0, 0xf, 0xfb, 0xb9, 0x80,
    0x20, 0x1f, 0x84, 0x2b, 0xba, 0x50, 0x0, 0x8c,
    0x1, 0xff, 0xc1, 0x11, 0x8c, 0x3, 0xff, 0x86,
    0x21, 0x3d, 0xd3, 0x0, 0x7f, 0xf1, 0x4c, 0x46,
    0x0, 0xff, 0xe9, 0xa9, 0x0, 0x7f, 0xf1, 0xe2,
    0xac, 0x3, 0xff, 0x8c, 0x2e, 0x1a, 0x1, 0xff,
    0xc4, 0xa0, 0x1, 0x6a, 0x0, 0x7f, 0xf0, 0xc5,
    0xc0, 0xb0, 0xbf, 0x0, 0xbf, 0xc6, 0x15, 0xff,
    0x8c, 0x0, 0x20, 0x3a, 0x20, 0x1f, 0xfc, 0x6e,
    0xe0, 0x5, 0xff, 0xff, 0xc1, 0x30,

    /* U+8BC6 "识" */
    0x0, 0xff, 0xe6, 0x1e, 0x98, 0x7, 0xff, 0x1e,
    0x8b, 0x10, 0x2, 0x3f, 0xff, 0xee, 0x0, 0xd2,
    0xe1, 0x6a, 0x1, 0xff, 0xc6, 0x87, 0xf, 0x0,
    0xc5, 0xff, 0xd8, 0x1, 0xfa, 0x26, 0x80, 0x3f,
    0xf9, 0xc, 0x1, 0xff, 0xc5, 0xbb, 0x67, 0xd0,
    0x7, 0xff, 0x15, 0x10, 0x60, 0xa0, 0x1f, 0xfc,
    0x5b, 0xb4, 0x80, 0x80, 0x7f, 0xf1, 0x51, 0x20,
    0xf, 0x8b, 0xff, 0xb0, 0x3, 0xff, 0xae, 0x7f,
    0xff, 0xdc, 0x1, 0xff, 0xd3, 0x33, 0x0, 0x3a,
    0xc8, 0x0, 0xda, 0xc0, 0x1f, 0xcd, 0x90, 0xa,
    0x28, 0x40, 0x3, 0x28, 0x10, 0xf, 0x86, 0x43,
    0x2, 0x41, 0x80, 0x25, 0x31, 0x80, 0xe, 0xa0,
    0x0, 0xdb, 0xb1, 0x85, 0x80, 0x68, 0x6, 0x10,
    0x8, 0x5c, 0x7, 0x10, 0xa0, 0x18, 0x80, 0x32,
    0x10, 0x48, 0x4, 0x20, 0x3c, 0x41, 0xc2, 0x29,
    0x0, 0xf5, 0x83, 0x0, 0x6e, 0xe0, 0x5, 0x8f,
    0xa0, 0x1f, 0x3c, 0x78, 0x0,

    /* U+8BD1 "译" */
    0x0, 0x88, 0x3, 0xff, 0x91, 0x5a, 0x60, 0x15,
    0xdf, 0xf6, 0x7b, 0x80, 0x6c, 0xd, 0x0, 0xa,
    0x27, 0xf1, 0x85, 0x80, 0x66, 0x31, 0x90, 0x1e,
    0xa0, 0x1d, 0xee, 0xac, 0x1, 0xe0, 0x1d, 0xc0,
    0x80, 0x1, 0x56, 0x1e, 0x11, 0x15, 0x4, 0x18,
    0x7, 0x15, 0x68, 0x6, 0x93, 0x36, 0x46, 0xa,
    0xb8, 0x7, 0xca, 0x1, 0xed, 0x3, 0x70, 0x5a,
    0x0, 0xef, 0xfd, 0xc0, 0x18, 0xa0, 0x3, 0x23,
    0x88, 0x7, 0xe1, 0x2, 0x6c, 0xd6, 0x3, 0x60,
    0x18, 0xeb, 0x71, 0xe, 0xe5, 0x81, 0x6, 0x49,
    0x81, 0x56, 0x4f, 0x30, 0x1, 0x28, 0x40, 0x44,
    0xe0, 0x14, 0x82, 0x5e, 0xae, 0xf0, 0x4f, 0x4a,
    0x40, 0x7, 0xe7, 0xeb, 0x40, 0x1, 0x9, 0x80,
    0xb5, 0xa8, 0x7, 0xf1, 0xff, 0xe0, 0x6, 0xff,
    0xce, 0x1, 0xfe, 0x32, 0x2c, 0x1, 0x11, 0x60,
    0xf, 0xf0, 0xee, 0xe1, 0xd, 0xdc, 0xa0, 0x1f,
    0x8d, 0x88, 0xb8, 0x41, 0x88, 0xb8, 0x3, 0xc5,
    0x93, 0xbb, 0xc0, 0xb, 0xdd, 0xd8, 0x1, 0x98,
    0x2, 0x64, 0x4e, 0x0, 0x12, 0x27, 0x0, 0x6a,
    0x0, 0x64, 0xdd, 0xf0, 0x87, 0xdd, 0xea, 0x0,
    0x84, 0x1, 0xc6, 0x1, 0xff, 0xc5, 0x1b, 0xf1,
    0x0, 0xff, 0xe2, 0x0,

    /* U+8BDD "话" */
    0x0, 0xff, 0xe2, 0x8b, 0x0, 0x72, 0x72, 0x0,
    0x7c, 0x4a, 0xf7, 0xdc, 0x9b, 0x0, 0xc6, 0x36,
    0xa0, 0x6, 0xce, 0xfd, 0xa8, 0x41, 0x26, 0xe0,
    0xc, 0xf0, 0x14, 0xa0, 0x3, 0x32, 0x2a, 0x0,
    0x3f, 0x65, 0x40, 0x39, 0xdc, 0x6, 0xd, 0xfb,
    0x75, 0x0, 0x20, 0x1f, 0xe8, 0xc6, 0x0, 0xff,
    0xe4, 0x18, 0x7, 0xff, 0x17, 0x31, 0xdf, 0x20,
    0xb, 0xee, 0xd8, 0x3, 0xdd, 0xce, 0x6, 0x61,
    0x5, 0x0, 0x38, 0x8e, 0x0, 0x84, 0x7b, 0xc3,
    0x31, 0x20, 0x1b, 0x3f, 0xf5, 0x80, 0xff, 0xf4,
    0x1, 0x99, 0x0, 0x3f, 0x9c, 0x3, 0xff, 0xb6,
    0x68, 0x98, 0x5, 0x13, 0x0, 0x7f, 0xd9, 0x77,
    0x40, 0x2, 0xef, 0x10, 0x7, 0xe1, 0x0, 0x95,
    0x7e, 0x0, 0xff, 0x27, 0xb0, 0x2, 0xea, 0xbc,
    0x1, 0xf0, 0x81, 0xd8, 0x98, 0x7, 0xff, 0x12,
    0x80, 0x3, 0x8a, 0x1, 0xff, 0xc3, 0x26, 0x0,
    0x79, 0x80, 0x5d, 0xde, 0xf0, 0xf, 0x10, 0x3,
    0xc4, 0x3, 0x84, 0x78, 0x3, 0xf6, 0xf8, 0x7,
    0xbb, 0xff, 0xc0, 0x1f, 0x10, 0x7, 0x77, 0x4,
    0x3, 0xdf, 0xe2, 0x0,

    /* U+8BE5 "该" */
    0x0, 0x88, 0x3, 0xf9, 0x64, 0x40, 0x3e, 0x8d,
    0x60, 0xf, 0xd0, 0xd2, 0x1, 0xf6, 0x4, 0xa8,
    0x7, 0xd6, 0xc, 0x1, 0xf2, 0x40, 0x51, 0xf,
    0x77, 0x48, 0xf, 0xf7, 0x56, 0x1, 0x3a, 0x2,
    0x0, 0x8f, 0x0, 0x61, 0x19, 0x80, 0x35, 0x5b,
    0xf, 0xfe, 0x10, 0x9f, 0xfe, 0xd0, 0xc, 0x28,
    0x1, 0xd4, 0x28, 0xc0, 0x8, 0x30, 0x2, 0x7f,
    0xf0, 0x80, 0x4c, 0xa3, 0x40, 0x7, 0x76, 0x80,
    0x7f, 0x86, 0xa4, 0xe, 0x2b, 0xe0, 0x28, 0x0,
    0x9f, 0xf0, 0x6, 0x65, 0x0, 0x13, 0x28, 0x2,
    0x10, 0x3, 0xc2, 0x1, 0x28, 0x45, 0x5c, 0x80,
    0x15, 0xcc, 0xc0, 0x1f, 0xc5, 0xee, 0xa5, 0x20,
    0xd4, 0x3b, 0x92, 0x1, 0xfe, 0x2b, 0x90, 0x89,
    0xd, 0x11, 0x40, 0x7, 0xe1, 0x8d, 0x41, 0xb7,
    0xb, 0x30, 0xd1, 0x0, 0xfd, 0xae, 0xd, 0xe8,
    0x38, 0x81, 0x66, 0x1, 0xf9, 0xe9, 0xb6, 0x45,
    0x3c, 0xc2, 0xd0, 0x3, 0xf6, 0x46, 0x49, 0xc,
    0xd8, 0x80, 0x20, 0x40, 0x38, 0x44, 0x4, 0x70,
    0x31, 0xcc, 0xd, 0xa6, 0x6f, 0x30, 0xd, 0x80,
    0x7, 0x8b, 0xe7, 0x3, 0xb9, 0x2c, 0x41, 0xc5,
    0x0, 0x98, 0x2e, 0x35, 0x80, 0xab, 0x10, 0x2,
    0xb6, 0x3, 0x0, 0xaf, 0x10, 0x25, 0xf3, 0x54,
    0x3, 0xd3, 0xac,

    /* U+8BE6 "详" */
    0x0, 0x88, 0x3, 0xc7, 0x22, 0x1, 0x86, 0xd8,
    0x3, 0x36, 0xc0, 0x7, 0x43, 0x40, 0x6, 0x64,
    0xa0, 0xc, 0x40, 0xf4, 0x1, 0xa4, 0x18, 0x80,
    0x29, 0x8, 0x0, 0xc9, 0x82, 0xb6, 0x1, 0x12,
    0x85, 0x0, 0x18, 0x4d, 0x0, 0x38, 0xf4, 0x30,
    0x6, 0xa8, 0xc4, 0x4a, 0xa4, 0x81, 0x53, 0x0,
    0x71, 0xf3, 0x81, 0xaa, 0x8c, 0x95, 0x60, 0x0,
    0xae, 0x80, 0x78, 0x40, 0x5, 0x77, 0xa0, 0x1,
    0x77, 0xa0, 0xb, 0x76, 0xff, 0x0, 0x48, 0x99,
    0x40, 0x51, 0x31, 0x80, 0x91, 0x40, 0x1f, 0xfc,
    0x63, 0xbb, 0x80, 0x39, 0xb7, 0x70, 0xe, 0xee,
    0x0, 0x91, 0x20, 0xe, 0x12, 0x28, 0x2, 0x22,
    0xc0, 0x1f, 0xf3, 0xff, 0xd8, 0x0, 0xff, 0xc0,
    0x1f, 0xfc, 0x31, 0x1, 0x0, 0xff, 0xe3, 0x88,
    0x8, 0x7, 0xff, 0xa, 0xbf, 0xf6, 0x0, 0x3f,
    0xf8, 0x80, 0x3e, 0x86, 0x11, 0xc0, 0x10, 0x8f,
    0x18, 0x7, 0xb1, 0xd7, 0xbb, 0x68, 0xf, 0x77,
    0x8, 0x4, 0x20, 0x3, 0x34, 0x0, 0x7f, 0xf1,
    0x28, 0x0, 0xd8, 0x20, 0x1f, 0xfc, 0x44, 0x9,
    0x90, 0x7, 0xff, 0x1b, 0x29, 0x80, 0x3f, 0xf8,
    0x80,

    /* U+8BED "语" */
    0x0, 0xff, 0xe6, 0x26, 0x90, 0x0, 0xb7, 0x7f,
    0xf8, 0xc, 0x1, 0x69, 0x61, 0x80, 0x91, 0x7f,
    0xf0, 0x4, 0x2, 0x96, 0x1c, 0x33, 0x7f, 0xdc,
    0x0, 0xef, 0xfe, 0x70, 0xd, 0x2a, 0x16, 0x1,
    0x88, 0x8, 0x40, 0x3f, 0xea, 0x98, 0x6, 0xdd,
    0x60, 0x16, 0xed, 0xfa, 0x1, 0xf9, 0x80, 0x2,
    0x44, 0x0, 0x88, 0xa0, 0x20, 0xd, 0x76, 0xdf,
    0x80, 0x3, 0xff, 0x88, 0x33, 0xfd, 0xc0, 0x20,
    0x19, 0x10, 0x40, 0x80, 0x18, 0x48, 0xc, 0x0,
    0x60, 0x60, 0x1a, 0x20, 0xa0, 0x12, 0x25, 0x0,
    0x4, 0x4a, 0xc0, 0x91, 0x2, 0xe, 0xe8, 0x0,
    0xae, 0xe6, 0x0, 0x5d, 0xcc, 0x0, 0xbb, 0x28,
    0x7, 0xcc, 0xdf, 0xfc, 0x30, 0xf, 0xa6, 0x7f,
    0xf8, 0x44, 0x1, 0xf9, 0x3f, 0xff, 0xd6, 0x1,
    0xff, 0xc1, 0x33, 0xf1, 0x0, 0x7f, 0xd1, 0x80,
    0x99, 0x9e, 0x80, 0xf, 0xe3, 0xd7, 0x40, 0xf,
    0xfe, 0x23, 0x80, 0x9, 0x64, 0x3, 0xff, 0x89,
    0x40, 0xa, 0xa0, 0x82, 0x66, 0x7a, 0x80, 0x3e,
    0x50, 0xd5, 0x0, 0xc6, 0x7e, 0x0, 0xfd, 0x7c,
    0x40, 0x19, 0x3f, 0xfd, 0x40, 0x1f, 0x8, 0x80,
    0x24, 0xeb, 0x0, 0xf2, 0xfd, 0x80, 0x0,

    /* U+8BF4 "说" */
    0x0, 0x88, 0x3, 0x8e, 0x44, 0x3, 0x1c, 0x20,
    0x7, 0x36, 0xc0, 0x6, 0x96, 0xb0, 0xd, 0x4f,
    0xe0, 0x1c, 0xa0, 0xf0, 0x1, 0x58, 0x2a, 0x0,
    0x5, 0x83, 0xc0, 0x38, 0xf0, 0x1d, 0xc0, 0x1,
    0x70, 0x80, 0x3, 0x1, 0xa0, 0x7, 0x8e, 0xc3,
    0xc1, 0x58, 0x0, 0xac, 0xc8, 0x6, 0x61, 0x0,
    0x79, 0x32, 0x2, 0x25, 0xc1, 0xa6, 0x40, 0x5,
    0x94, 0x0, 0xf8, 0xc0, 0x33, 0xc4, 0x78, 0x80,
    0x30, 0xff, 0xf0, 0x6, 0xa7, 0x7f, 0x30, 0x7,
    0xff, 0x38, 0x7b, 0x98, 0x1, 0xff, 0xc7, 0x11,
    0x10, 0x7, 0xb3, 0x77, 0xc8, 0x1, 0xff, 0xc2,
    0x12, 0x2f, 0x0, 0x7f, 0xf0, 0x77, 0xec, 0x7,
    0xf4, 0x7, 0xfc, 0xc0, 0x1f, 0xfc, 0x1, 0x2,
    0x0, 0xff, 0xe2, 0x29, 0x86, 0x83, 0x0, 0x7f,
    0xf0, 0xe2, 0xa8, 0x8, 0x1a, 0x1, 0xff, 0xc0,
    0x30, 0x3, 0x87, 0x91, 0x82, 0x80, 0x79, 0x88,
    0x3, 0x50, 0x0, 0x6d, 0xa4, 0x10, 0x80, 0x3d,
    0x9a, 0x40, 0x3, 0x70, 0x6, 0x24, 0xa0, 0x48,
    0x6, 0x10, 0x3, 0x1, 0x80, 0xc, 0x1, 0xc3,
    0xac, 0x14, 0x40, 0x2, 0x0, 0x7f, 0x8c, 0x84,
    0x2, 0x9f, 0x12, 0x3, 0xc5, 0x0, 0xce, 0x1,
    0xc, 0x0, 0x66, 0x0, 0xe, 0x60, 0xc0, 0x3a,
    0x3f, 0xee, 0x50,

    /* U+8BF7 "请" */
    0x0, 0xff, 0xe0, 0xc4, 0x88, 0x7, 0xc9, 0xc6,
    0x1, 0xf9, 0x98, 0x60, 0x1f, 0x18, 0xe2, 0x0,
    0x37, 0xff, 0x8, 0x6f, 0xfe, 0x40, 0x3, 0xc0,
    0x59, 0x85, 0x33, 0x60, 0x2, 0x33, 0x70, 0x4,
    0xf0, 0xa, 0xd, 0x55, 0x80, 0x1b, 0x55, 0x59,
    0x0, 0x67, 0xa6, 0x5, 0xcc, 0xc0, 0x9, 0xcc,
    0xa0, 0x3, 0xca, 0x0, 0x4c, 0xcc, 0x0, 0x9c,
    0xca, 0x0, 0x6e, 0xd9, 0xf6, 0x9, 0x17, 0x78,
    0x1, 0x97, 0x75, 0x39, 0xa2, 0xc, 0x10, 0x31,
    0xdf, 0x80, 0xa, 0xef, 0xa0, 0xae, 0xd2, 0x2,
    0x11, 0xff, 0xff, 0xc1, 0x4, 0x48, 0x3, 0xbb,
    0xff, 0xf9, 0xc0, 0x3f, 0xc2, 0xc, 0xde, 0x0,
    0xff, 0xe1, 0xcc, 0xf9, 0xc0, 0x3f, 0xf8, 0x5f,
    0xfe, 0x70, 0xf, 0xf0, 0x80, 0x51, 0x1e, 0x0,
    0xff, 0x27, 0x80, 0x4e, 0xff, 0x0, 0x7e, 0x1b,
    0x14, 0x0, 0x7f, 0xf9, 0xc0, 0x3c, 0xc0, 0x15,
    0x20, 0x1, 0xdf, 0xc0, 0x1f, 0x58, 0x3, 0x14,
    0x2, 0x88, 0xf3, 0x80, 0x7e, 0xd3, 0x0, 0xf8,
    0xf7, 0x18, 0x4, 0x3, 0x5e, 0x90, 0x7, 0xe3,
    0x38, 0x15, 0x80,

    /* U+8BFB "读" */
    0x0, 0xff, 0xe0, 0xbc, 0x90, 0x7, 0xe5, 0xe4,
    0x0, 0xfd, 0x6c, 0xc0, 0xf, 0xc4, 0x36, 0xe0,
    0x2, 0xbb, 0xc6, 0x17, 0x7a, 0x0, 0x33, 0xc8,
    0x43, 0x80, 0xa2, 0x60, 0x9, 0x13, 0x0, 0x73,
    0x50, 0x78, 0x1f, 0xfe, 0x30, 0xaf, 0xfb, 0x0,
    0x3c, 0xb9, 0x0, 0xab, 0xc6, 0x1e, 0xaa, 0x68,
    0x20, 0xf, 0x18, 0x2, 0xab, 0x80, 0xb, 0x54,
    0x97, 0x80, 0x2f, 0xfd, 0xa0, 0x6, 0x6f, 0xf0,
    0x3, 0xc0, 0x40, 0x31, 0x80, 0x26, 0x47, 0x93,
    0x6a, 0x13, 0x22, 0x5, 0x3, 0xee, 0x58, 0x28,
    0x4, 0x21, 0x58, 0xe6, 0x80, 0x64, 0xc0, 0x10,
    0x89, 0xc0, 0x34, 0xec, 0x59, 0x60, 0x8, 0x1f,
    0x40, 0x7, 0xfb, 0xb, 0x4b, 0xb4, 0x3, 0x8,
    0x80, 0x3f, 0xcb, 0xe9, 0x0, 0x20, 0xe0, 0x1f,
    0xfc, 0x14, 0xcd, 0x70, 0xca, 0x4, 0xcc, 0xd6,
    0x1, 0xf8, 0xcf, 0x9, 0x80, 0x46, 0x79, 0x40,
    0x3e, 0x7b, 0xff, 0xce, 0x3, 0xd9, 0xff, 0x70,
    0x7, 0x92, 0x8, 0x40, 0xa, 0xe1, 0x57, 0x90,
    0x1, 0xf2, 0x80, 0xb, 0x4, 0x1e, 0x81, 0xd2,
    0x9, 0xf0, 0x80, 0x3a, 0x40, 0x18, 0x49, 0x90,
    0xf, 0x0, 0x5a, 0xa7, 0x88, 0x1, 0xef, 0x17,
    0xb3, 0x2b, 0x80, 0xd, 0x50, 0x36, 0x20, 0x16,
    0x78, 0x1, 0xd2, 0x75, 0x0, 0x3c, 0xf3, 0x42,

    /* U+8C03 "调" */
    0x0, 0x84, 0x3, 0xff, 0x8e, 0x9c, 0xc0, 0x14,
    0xfe, 0xe6, 0x7d, 0xfe, 0x50, 0x0, 0x84, 0xb0,
    0x1, 0x40, 0x8c, 0xfe, 0x0, 0x18, 0x1, 0x68,
    0x25, 0x40, 0x2d, 0xff, 0x6d, 0xef, 0xfa, 0x0,
    0x39, 0x68, 0x30, 0x2, 0x30, 0x2, 0x5a, 0x0,
    0x7f, 0x2d, 0x48, 0x6, 0x49, 0x90, 0x4c, 0x94,
    0x3, 0xf2, 0x80, 0x71, 0xb0, 0x4, 0xd8, 0x1,
    0xae, 0xd9, 0xf2, 0x1, 0xcf, 0xf2, 0x13, 0xf2,
    0x1, 0x91, 0x6, 0xe, 0x1, 0xc4, 0x4e, 0xe,
    0x21, 0x0, 0xd7, 0x69, 0x0, 0xf1, 0xee, 0x9c,
    0x1f, 0x70, 0x3, 0x22, 0x40, 0x1e, 0x39, 0x9f,
    0x40, 0x7, 0xfc, 0x20, 0x2c, 0xec, 0xd9, 0x40,
    0x3f, 0xf8, 0x55, 0xdf, 0xf9, 0xc0, 0x3f, 0xe3,
    0x10, 0xa, 0x20, 0xe0, 0x1f, 0xfc, 0x11, 0x20,
    0x0, 0xbb, 0xa4, 0x3, 0xfe, 0x68, 0x6, 0x0,
    0x8, 0x7, 0xff, 0x4, 0x65, 0xc3, 0x0, 0x2f,
    0xf7, 0x0, 0x7e, 0x40, 0x0, 0x90, 0x20, 0x5,
    0x11, 0x90, 0x3, 0xd2, 0x0, 0xd2, 0x12, 0xe,
    0x97, 0x7c, 0x60, 0x1c, 0x40, 0xe, 0x40, 0x60,
    0x2, 0x30, 0x5, 0x5b, 0x0, 0x60, 0x2, 0xbe,
    0x15, 0x49, 0x0, 0xfb, 0x48, 0x55, 0x40, 0x12,
    0x8, 0x15, 0x88, 0x7, 0xcf, 0xfd, 0x40,

    /* U+8D34 "贴" */
    0x0, 0xff, 0xe1, 0x22, 0x80, 0x7e, 0x33, 0xf8,
    0x80, 0x35, 0x50, 0x40, 0x3c, 0x39, 0x9f, 0x78,
    0x7, 0xff, 0xc, 0x95, 0x70, 0x7, 0xff, 0x15,
    0x2a, 0xb0, 0x7, 0xe2, 0x11, 0xc0, 0x1c, 0x3f,
    0x60, 0x1f, 0xd9, 0xdd, 0x94, 0x3, 0xff, 0x88,
    0x24, 0x58, 0x40, 0x3f, 0xf8, 0x9f, 0xbb, 0x90,
    0x3, 0xff, 0xfe, 0x0, 0xff, 0x84, 0x3b, 0xfe,
    0xe0, 0xe, 0x30, 0x10, 0xf, 0xfe, 0x38, 0x81,
    0x80, 0x71, 0x7f, 0xf8, 0x3, 0xe4, 0xf, 0x0,
    0xff, 0xe2, 0xd, 0xdb, 0x1, 0x4b, 0x38, 0x3,
    0xff, 0x84, 0x86, 0x85, 0x3a, 0x26, 0x1, 0xff,
    0xc3, 0xb0, 0xae, 0xf, 0x0, 0x8c, 0x3, 0xfe,
    0x85, 0x27, 0x45, 0x28, 0x0, 0xf, 0xff, 0x80,
    0x35, 0xb8, 0xf8, 0x2, 0xc0, 0x80, 0x21, 0x1f,
    0x0, 0x6f, 0x2c, 0x20, 0x0, 0xed, 0x0, 0xb,
    0xbb, 0xc0, 0x19, 0x34, 0x80, 0x31, 0x0, 0x3b,
    0x0, 0x3d, 0xfc, 0x0,

    /* U+8D39 "费" */
    0x0, 0xf0, 0xcb, 0x0, 0x6, 0x5c, 0x3, 0xe2,
    0x44, 0xce, 0xd2, 0x88, 0x96, 0x84, 0x4c, 0x20,
    0x4, 0xbb, 0xd2, 0x0, 0xbb, 0x38, 0x2, 0xef,
    0x28, 0x1, 0xf7, 0x75, 0x80, 0xee, 0xa8, 0x1,
    0xba, 0x50, 0xc, 0x29, 0xea, 0xad, 0x1, 0x55,
    0x78, 0x1, 0x54, 0xc0, 0x1d, 0x25, 0x10, 0x60,
    0x4, 0x41, 0x40, 0x11, 0x3, 0x0, 0xf2, 0xff,
    0xa8, 0x1b, 0xfd, 0x80, 0x7f, 0xf9, 0x0, 0x6,
    0xb, 0xfe, 0xa0, 0x6f, 0xf6, 0x1, 0xff, 0xf4,
    0x80, 0x92, 0xc0, 0x80, 0x1a, 0x20, 0x80, 0x8,
    0x88, 0x40, 0x40, 0xb6, 0x70, 0x42, 0xa5, 0xdd,
    0x0, 0x6e, 0x7e, 0x61, 0xa7, 0x3b, 0x88, 0x56,
    0xa0, 0x10, 0x93, 0x3, 0xa0, 0xb2, 0x93, 0x90,
    0x1, 0xba, 0xab, 0x43, 0x85, 0x4b, 0x6c, 0x80,
    0xe7, 0x0, 0x11, 0x57, 0xfe, 0x30, 0x8, 0x84,
    0x1, 0xff, 0xbb, 0x7b, 0xfe, 0x0, 0xff, 0xe1,
    0x56, 0xa0, 0x7, 0xff, 0x10, 0xd0, 0x14, 0x3,
    0xff, 0x86, 0x5c, 0x10, 0xac, 0x40, 0x1f, 0xd3,
    0x21, 0x8d, 0x24, 0x5a, 0x9d, 0xd2, 0x41, 0x0,
    0x9, 0x1b, 0xef, 0x9c, 0x1e, 0xcb, 0xe9, 0x49,
    0x23, 0x60, 0xae, 0xd2, 0xc4, 0x71, 0xd0, 0x1,
    0x2d, 0x7d, 0x21, 0x3c, 0x41, 0xa7, 0x3f, 0x1c,
    0x40, 0x3e, 0x5b, 0xe8, 0xb0,

    /* U+8D44 "资" */
    0x0, 0xff, 0x22, 0x0, 0x3f, 0xe6, 0x93, 0x0,
    0xeb, 0xb0, 0x80, 0x7f, 0xad, 0xb2, 0xcc, 0x1,
    0x0, 0x8, 0x99, 0xee, 0x81, 0x0, 0x6d, 0x92,
    0x61, 0x1b, 0x80, 0x19, 0xbc, 0x2e, 0x1, 0x93,
    0x65, 0x87, 0x42, 0x7e, 0xc0, 0x1f, 0xe7, 0x6,
    0x10, 0xe, 0x69, 0xb1, 0x66, 0x7, 0x0, 0x8,
    0x14, 0x2c, 0x3, 0x85, 0xac, 0x2a, 0x41, 0x54,
    0x0, 0xc2, 0xdd, 0x10, 0x0, 0x5a, 0xfa, 0x50,
    0x94, 0x16, 0x82, 0xac, 0x75, 0xc8, 0x2, 0xd9,
    0x41, 0x6b, 0xa4, 0xba, 0x9, 0x54, 0xb0, 0x8e,
    0x83, 0xa, 0x5a, 0xe9, 0x46, 0xb4, 0x3c, 0x60,
    0x2, 0x72, 0x8b, 0xb8, 0x1a, 0x94, 0x2, 0x66,
    0x56, 0x18, 0x6, 0x1a, 0xda, 0x40, 0x8, 0xbf,
    0xf3, 0x57, 0xff, 0xe6, 0x50, 0xf, 0x88, 0xbf,
    0xc0, 0x1f, 0xe1, 0xdd, 0xca, 0xad, 0xdc, 0x20,
    0x1f, 0xfc, 0x13, 0x75, 0x0, 0xff, 0xe3, 0x50,
    0x28, 0x7, 0xff, 0x15, 0x18, 0x2a, 0x54, 0x40,
    0x85, 0xc0, 0x38, 0xbb, 0x80, 0xf6, 0x13, 0x4d,
    0x5d, 0x75, 0xc6, 0x1, 0xc2, 0xb3, 0xd0, 0x12,
    0xd1, 0x8c, 0x29, 0x3f, 0x26, 0x0, 0x9e, 0xe5,
    0xb0, 0xb6, 0xb0, 0x0, 0xe7, 0xa9, 0x1, 0xb0,
    0xc3, 0x0, 0xda, 0xfe, 0x48, 0x3, 0xcb, 0x7a,
    0xce, 0x60, 0xbd, 0x92, 0x80, 0x1f, 0xf1, 0x4c,
    0x0,

    /* U+8D56 "赖" */
    0x0, 0xc6, 0x80, 0x1f, 0x21, 0x0, 0x7f, 0xba,
    0xc4, 0x3, 0x8e, 0xe4, 0x3, 0xff, 0x80, 0x60,
    0x1d, 0x20, 0x97, 0xbe, 0x40, 0xa, 0xff, 0x88,
    0x37, 0xfe, 0x23, 0x50, 0x2, 0x10, 0x20, 0x3,
    0x4c, 0xe0, 0x1, 0x19, 0xef, 0xc, 0xff, 0x8,
    0x98, 0x0, 0xf9, 0x91, 0x6, 0x66, 0x93, 0x63,
    0x6, 0x18, 0x0, 0xd1, 0x11, 0x4, 0x44, 0xca,
    0x7, 0x33, 0x7, 0xc8, 0x80, 0xbb, 0xc0, 0x6,
    0x77, 0x6e, 0x2, 0xb3, 0x0, 0xc, 0xc2, 0x0,
    0x93, 0x90, 0x3b, 0x40, 0x32, 0xfe, 0xeb, 0xd4,
    0x3, 0x84, 0x78, 0xc0, 0x3d, 0xda, 0x1, 0xff,
    0xc7, 0x11, 0x0, 0x7c, 0x96, 0xa3, 0x74, 0x1,
    0xff, 0xc3, 0x14, 0x0, 0x22, 0x0, 0x3c, 0x66,
    0x0, 0xe1, 0xff, 0x20, 0x5, 0x9f, 0x60, 0x18,
    0x44, 0x1, 0xf2, 0x20, 0x2, 0xc3, 0x0, 0xc2,
    0xc, 0x1, 0xe1, 0xa1, 0x10, 0x48, 0x62, 0x0,
    0x48, 0x1a, 0x1, 0xea, 0x18, 0x30, 0x7a, 0x9,
    0x19, 0x97, 0x81, 0xa4, 0xd1, 0x5, 0x21, 0xb0,
    0x4, 0xb5, 0x80, 0xc0, 0xa7, 0xf7, 0x4a, 0x21,
    0xa3, 0xc0, 0x1c, 0xa2, 0xb, 0x81, 0xf4, 0x8d,
    0xa4, 0xf, 0xa4, 0x1, 0xe4, 0xca, 0xb, 0x31,
    0xb8, 0x2d, 0x20, 0x30, 0xf, 0x9c, 0xdb, 0x90,
    0x2, 0x7a, 0x62, 0x0, 0xdb, 0xe2, 0x0, 0x3f,
    0x91, 0x0, 0xe5, 0x90,

    /* U+8D70 "走" */
    0x0, 0xfe, 0x17, 0x70, 0x7, 0xff, 0x1c, 0xe2,
    0x0, 0x1f, 0xfc, 0x71, 0x0, 0xff, 0xe1, 0xe7,
    0xff, 0x60, 0x3, 0xff, 0xe0, 0xf, 0x31, 0x17,
    0x0, 0x44, 0x5f, 0x0, 0x7a, 0xb7, 0x7c, 0x0,
    0xdd, 0xf8, 0x3, 0xff, 0x9c, 0xf7, 0x7f, 0x78,
    0x2, 0xef, 0xf3, 0x80, 0x31, 0x13, 0xe2, 0x0,
    0x22, 0x7e, 0xc0, 0x5, 0x6e, 0xfd, 0x60, 0xd,
    0xdf, 0xd4, 0x0, 0x12, 0x23, 0x5b, 0x91, 0x18,
    0x0, 0x45, 0xf8, 0x40, 0x3b, 0x5b, 0x0, 0x3f,
    0xf8, 0xe4, 0x1e, 0x1, 0xd7, 0x7f, 0x10, 0x7,
    0x90, 0x8, 0x3, 0x91, 0x3e, 0x10, 0xe, 0x30,
    0x6, 0x80, 0x76, 0xef, 0xc6, 0x1, 0xd6, 0x0,
    0x63, 0x0, 0xc4, 0x5f, 0x0, 0x79, 0x81, 0x43,
    0x84, 0x3, 0xff, 0x86, 0xc2, 0x54, 0xa5, 0xea,
    0x1, 0xff, 0xc1, 0x18, 0x8, 0xa, 0x41, 0x80,
    0x2, 0x10, 0x80, 0x7c, 0x38, 0x26, 0xa0, 0xb,
    0x91, 0x0, 0x5e, 0xf7, 0xff, 0x84, 0x4e, 0x5a,
    0x1, 0x9b, 0xa9, 0x8c, 0x40, 0x3c, 0xa2, 0x15,
    0x82, 0x1, 0xe5, 0x9c, 0xef, 0xff, 0x50, 0x0,

    /* U+8D77 "起" */
    0x0, 0xe5, 0x50, 0x7, 0xff, 0x22, 0xe8, 0x3,
    0xb, 0xbf, 0xe0, 0xf, 0x84, 0x4, 0x2, 0x28,
    0x8f, 0xc0, 0x13, 0x7f, 0xc0, 0xe, 0xff, 0x41,
    0x4c, 0xf8, 0x3, 0x8c, 0xf0, 0x0, 0x8c, 0xdc,
    0x2c, 0xde, 0x0, 0xe5, 0xcc, 0x84, 0x37, 0x30,
    0xc0, 0x1f, 0xfd, 0x6f, 0xfc, 0x21, 0xff, 0x83,
    0xbf, 0x33, 0x0, 0x71, 0x16, 0x0, 0x88, 0xa0,
    0x10, 0x33, 0xc0, 0x1d, 0xbb, 0xa0, 0x23, 0x76,
    0x0, 0xbb, 0xfe, 0x56, 0x0, 0xce, 0xa0, 0x1f,
    0xe1, 0x0, 0xaa, 0x40, 0x34, 0x40, 0x2, 0xf0,
    0xf, 0xfe, 0x18, 0x80, 0x80, 0x4f, 0xfe, 0xd0,
    0xf, 0xc8, 0x20, 0x3, 0x3, 0x0, 0xc6, 0x67,
    0x0, 0xfd, 0xdc, 0x20, 0x10, 0xe, 0x8c, 0xc5,
    0x0, 0x7e, 0x70, 0x30, 0x70, 0x3, 0x80, 0x7c,
    0x41, 0xdb, 0xb7, 0x11, 0x4, 0x8, 0x1, 0x3c,
    0x1, 0xe8, 0x11, 0x11, 0x42, 0x29, 0x0, 0x70,
    0x18, 0xb0, 0x7, 0x97, 0xbf, 0xfb, 0x90, 0x0,
    0x61, 0xe8, 0x0, 0xb5, 0x20, 0xf, 0xfe, 0xa,
    0x1, 0xdb, 0x1, 0xd6, 0xff, 0xff, 0xc4, 0xa0,
    0x80, 0x9, 0xd8, 0x42, 0x0, 0xff, 0x19, 0x2d,
    0x78, 0x4, 0x4f, 0x7b, 0xff, 0xfe, 0xc0,

    /* U+8D8B "趋" */
    0x0, 0xe9, 0xa0, 0xf, 0x18, 0x80, 0x7f, 0xf0,
    0x1d, 0x44, 0x3, 0x36, 0x50, 0x7, 0xff, 0x1e,
    0x81, 0x6a, 0x9b, 0x48, 0x1, 0x16, 0xec, 0x21,
    0xfb, 0x60, 0x86, 0x2, 0xaa, 0x25, 0x10, 0xc,
    0x45, 0x0, 0x4, 0x98, 0x24, 0x27, 0xb9, 0x60,
    0x4a, 0x1, 0x17, 0xfc, 0x0, 0xef, 0xd9, 0x24,
    0x61, 0x17, 0x5, 0x80, 0x7e, 0x10, 0x8, 0x98,
    0x38, 0xcc, 0xca, 0xa, 0x60, 0x15, 0xe6, 0x42,
    0x19, 0x8e, 0x81, 0xac, 0xc4, 0x80, 0x33, 0x0,
    0x12, 0x99, 0xc0, 0x2, 0x33, 0x14, 0x33, 0x78,
    0x3, 0xbf, 0xba, 0x60, 0x7e, 0xe2, 0xb4, 0xcf,
    0x40, 0x7, 0x8, 0x8, 0xc1, 0xe2, 0x20, 0xf,
    0x8c, 0x3, 0xd9, 0xe0, 0x1f, 0x37, 0xff, 0x68,
    0x7, 0x8c, 0x3, 0x46, 0xe8, 0xc8, 0xcf, 0x88,
    0x3, 0xc2, 0x1, 0xcc, 0xc0, 0x4c, 0xcf, 0x0,
    0x7e, 0x40, 0x4, 0x5d, 0x86, 0xab, 0xe0, 0xe,
    0x20, 0x5, 0x8, 0x6, 0x15, 0x5f, 0x20, 0x7,
    0x30, 0x8, 0x98, 0x3, 0x1e, 0x67, 0xf0, 0x5,
    0x81, 0xe, 0x0, 0x85, 0x20, 0x33, 0xfe, 0x0,
    0x98, 0x1e, 0x20, 0x0, 0xad, 0xff, 0x77, 0x7e,
    0xf2, 0x31, 0x41, 0x7, 0xf9, 0x52, 0x10, 0x11,
    0xfc, 0x64, 0x79, 0x0, 0x19, 0xab, 0x7b, 0xff,
    0xfb, 0x0,

    /* U+8DD1 "跑" */
    0x0, 0xff, 0xe0, 0x28, 0x80, 0x7f, 0xa6, 0x7e,
    0x0, 0x2d, 0x58, 0x7, 0xf0, 0xb3, 0x7c, 0x0,
    0xe0, 0xe0, 0xc, 0x20, 0x1e, 0x3d, 0xd8, 0x80,
    0x4, 0x81, 0x7f, 0xfb, 0xbc, 0xc0, 0x33, 0x91,
    0x42, 0x0, 0x90, 0x1, 0x9f, 0x0, 0x7f, 0xf0,
    0x55, 0xb, 0xf3, 0x39, 0x0, 0x3c, 0xca, 0xb0,
    0x85, 0x4, 0x0, 0x7f, 0xf0, 0x4a, 0xaa, 0x20,
    0x80, 0xaf, 0xfd, 0x60, 0x1e, 0x18, 0x88, 0x1,
    0x10, 0x71, 0x3, 0x55, 0x0, 0x4e, 0x1, 0xce,
    0xf0, 0x13, 0xb8, 0x14, 0x3a, 0xac, 0x3, 0x84,
    0x0, 0x3f, 0x0, 0x1f, 0xfc, 0x73, 0x1, 0x0,
    0x17, 0xf8, 0x3, 0xff, 0x90, 0x24, 0x8, 0x1b,
    0xfc, 0x1, 0x10, 0x18, 0x7, 0xc5, 0xda, 0x2,
    0x4, 0x88, 0x7, 0x61, 0x1, 0x0, 0xff, 0x94,
    0x3e, 0xed, 0x27, 0x20, 0xa0, 0x1f, 0xfc, 0x57,
    0x88, 0x55, 0x0, 0x3f, 0x15, 0x72, 0x0, 0x70,
    0xbb, 0x94, 0x98, 0x3, 0x36, 0x0, 0x14, 0x3,
    0xfe, 0x79, 0x61, 0xd0, 0x1, 0x82, 0xdf, 0x20,
    0x0, 0x40, 0x3d, 0xa0, 0x42, 0x20, 0x5b, 0xfa,
    0x40, 0x1, 0x86, 0xe6, 0x79, 0xc1, 0x3, 0x7e,
    0x90, 0x3, 0xa5, 0x40, 0xcf, 0xc5, 0x40,

    /* U+8DDD "距" */
    0x0, 0x3b, 0xfc, 0x60, 0x89, 0xfe, 0x10, 0x18,
    0x8f, 0x94, 0xae, 0xff, 0xc4, 0x1, 0x15, 0x54,
    0xa0, 0x1c, 0x89, 0xf8, 0x40, 0x26, 0x55, 0xb4,
    0x3, 0xd, 0xdf, 0xe2, 0x0, 0xff, 0xe6, 0xba,
    0x25, 0xc0, 0x18, 0x4c, 0xfe, 0x0, 0xe3, 0xbb,
    0x98, 0x3, 0xb3, 0x3d, 0xc0, 0x10, 0xbb, 0xc0,
    0x7, 0x72, 0x80, 0x48, 0x9c, 0x1, 0xe8, 0x88,
    0x1, 0x10, 0x30, 0x0, 0xdd, 0xea, 0x0, 0xf3,
    0xa0, 0x7, 0xff, 0x1c, 0x63, 0x80, 0x29, 0x93,
    0x0, 0x7f, 0xf1, 0xd9, 0x98, 0x0, 0x13, 0x3c,
    0xa0, 0x1f, 0xf6, 0x62, 0x0, 0x2c, 0xcd, 0x60,
    0x1f, 0xf1, 0x98, 0x80, 0x24, 0x4f, 0x80, 0x3f,
    0xf8, 0x43, 0x77, 0xe9, 0x0, 0xfe, 0x8d, 0xb0,
    0xf, 0xfe, 0x9, 0x82, 0xe0, 0x1, 0xc8, 0x80,
    0x1f, 0xfc, 0x1d, 0x0, 0x19, 0x3d, 0xfc, 0x80,
    0x7, 0xff, 0xf5, 0x2, 0x2d, 0x76, 0xc2, 0x0,
    0x7f, 0xf0, 0x80,

    /* U+8DEF "路" */
    0x0, 0xff, 0xe0, 0xd4, 0x0, 0x7f, 0x77, 0x7c,
    0xa0, 0x4, 0x56, 0x0, 0xfe, 0x11, 0x0, 0x42,
    0x20, 0xb, 0xc0, 0x66, 0x6f, 0x40, 0xe, 0x2e,
    0xe9, 0x80, 0x23, 0x40, 0x3, 0x34, 0x1c, 0x1,
    0xff, 0xc1, 0xc0, 0x6, 0xec, 0x41, 0xc0, 0x1f,
    0xfc, 0x8, 0x0, 0x8c, 0x80, 0x88, 0x80, 0x1c,
    0x57, 0x73, 0x84, 0xb8, 0x20, 0x58, 0x48, 0x58,
    0x7, 0xc8, 0x90, 0x82, 0x8b, 0xd9, 0xae, 0xa1,
    0xb0, 0x7, 0x77, 0x40, 0xe, 0xe4, 0xfc, 0x7,
    0x1, 0x7, 0x0, 0x78, 0x47, 0x0, 0x88, 0x4,
    0x0, 0xe0, 0x13, 0x80, 0x70, 0xf4, 0x80, 0x7e,
    0x8a, 0x2, 0xa, 0x90, 0xe, 0x13, 0x1, 0xb,
    0xb3, 0x1e, 0x38, 0x56, 0xc8, 0x37, 0x38, 0x7,
    0xe4, 0x44, 0xe1, 0x96, 0x28, 0x35, 0x88, 0xa0,
    0x80, 0x3e, 0xcc, 0x48, 0x81, 0x67, 0xfd, 0x62,
    0x12, 0x40, 0x1c, 0x20, 0x66, 0x6e, 0x10, 0x44,
    0xe0, 0x26, 0x0, 0xff, 0xe1, 0x5d, 0xf0, 0x7,
    0xf0, 0x83, 0xdd, 0x80, 0x3f, 0xf8, 0x2a, 0xb,
    0xa0, 0x8, 0x47, 0x0, 0xff, 0xe0, 0xd8, 0x0,
    0x85, 0x67, 0x70, 0x2, 0xdc, 0xcc, 0x6, 0x1,
    0x23, 0x57, 0x72, 0x98, 0x80, 0x2, 0x4, 0x67,
    0x80, 0x3a, 0xe5, 0x44, 0x3, 0xc2, 0x1f, 0xfc,
    0x6, 0x1, 0xff, 0xc1, 0xee, 0x0, 0x77, 0xe8,
    0x0,

    /* U+8DF3 "跳" */
    0x0, 0xff, 0xe0, 0x10, 0x80, 0x90, 0x7, 0x86,
    0xef, 0xc6, 0x0, 0x1d, 0xc0, 0xcd, 0x10, 0xf,
    0x22, 0x79, 0xc0, 0x3f, 0xf8, 0x8b, 0xdc, 0x60,
    0x28, 0x30, 0xf, 0xd6, 0xa0, 0x1c, 0x22, 0x0,
    0x7b, 0xf8, 0x7, 0xcc, 0x96, 0x1, 0xfd, 0xa6,
    0x64, 0x0, 0xf5, 0x4, 0x0, 0x70, 0x88, 0x2,
    0xa0, 0xe0, 0xe, 0x43, 0x26, 0x0, 0xcb, 0xdc,
    0x60, 0x3, 0x82, 0x0, 0x74, 0x4, 0x0, 0x42,
    0xaa, 0x0, 0x22, 0xb8, 0xa3, 0x0, 0x73, 0xa2,
    0x80, 0x6a, 0xa2, 0x85, 0x50, 0xc2, 0xe0, 0x3,
    0xae, 0xc0, 0x18, 0x7d, 0x80, 0x6, 0x20, 0x1c,
    0x20, 0x15, 0x88, 0x7, 0xf6, 0xf3, 0x0, 0xe0,
    0x38, 0x4, 0xbe, 0x60, 0x1f, 0x88, 0xcd, 0x1c,
    0x40, 0x1c, 0x83, 0x8a, 0x1, 0xf6, 0x62, 0xdc,
    0x14, 0x8, 0x2, 0xa7, 0xa, 0x40, 0xf, 0xc8,
    0x5b, 0x81, 0xc0, 0x1a, 0x20, 0x88, 0x0, 0xfd,
    0x3a, 0x58, 0x6, 0x1, 0xcf, 0x60, 0x1c, 0x21,
    0x5f, 0xc0, 0x2a, 0x8, 0x1, 0xc4, 0xc0, 0x7,
    0x9, 0x40, 0x41, 0x40, 0x80, 0x60, 0xf, 0x34,
    0xb8, 0xc8, 0x0, 0x5a, 0xfa, 0x59, 0x81, 0x0,
    0x1e, 0x20, 0x21, 0x36, 0xbe, 0x94, 0x9, 0x90,
    0x50, 0x80, 0x18, 0x3f, 0xa4, 0x1c, 0x32, 0x50,
    0x3, 0x8, 0x4a, 0x80, 0x5e, 0x23, 0x3, 0x90,
    0x7, 0xe8, 0xd6, 0x0, 0xc9, 0xdf, 0xf4, 0x0,

    /* U+8F68 "轨" */
    0x0, 0xc6, 0xc4, 0x1, 0xe5, 0x40, 0xf, 0xfa,
    0xa6, 0x0, 0x38, 0x6a, 0x40, 0x3f, 0xe4, 0xf,
    0x0, 0xff, 0xe2, 0x7f, 0xc4, 0x15, 0xff, 0x0,
    0x7f, 0xf3, 0x8c, 0x0, 0x20, 0x1d, 0xfe, 0x40,
    0x9f, 0xfc, 0x9f, 0xc0, 0x3f, 0xee, 0xa0, 0xe,
    0x14, 0x4, 0x53, 0x0, 0x84, 0x2, 0x10, 0xf,
    0xce, 0xc, 0xca, 0x80, 0x2, 0x77, 0x0, 0xfb,
    0x0, 0x3e, 0xb0, 0xa0, 0xf, 0xe7, 0x0, 0xfc,
    0xc4, 0x66, 0x10, 0x70, 0xc, 0x60, 0x20, 0x1f,
    0xa4, 0xf, 0xe8, 0xf, 0xfc, 0x40, 0xc0, 0x40,
    0x1f, 0x90, 0x8, 0x80, 0x11, 0x10, 0xc0, 0x43,
    0x80, 0x3f, 0x5f, 0xee, 0xac, 0x13, 0x74, 0x21,
    0xa0, 0x40, 0x1f, 0xfc, 0x73, 0x6, 0x0, 0xff,
    0xe0, 0x18, 0x25, 0xf2, 0x2, 0x9, 0x0, 0x7c,
    0x31, 0x7b, 0xf0, 0x0, 0x41, 0x12, 0x2, 0x0,
    0x7e, 0x17, 0x42, 0x0, 0xd5, 0xcb, 0xc1, 0xe0,
    0x1c, 0xac, 0x0, 0x67, 0xae, 0xb0, 0x45, 0x12,
    0x50, 0x50, 0xe, 0x29, 0x30, 0x98, 0x51, 0x0,
    0xe8, 0x7, 0x0, 0xf7, 0x80, 0x80, 0x7f, 0x2a,
    0x86, 0x40, 0x21, 0x4, 0x60, 0x20, 0xf, 0xe3,
    0x1b, 0x10, 0x8, 0x94, 0x44, 0xe0, 0x1e, 0x4f,
    0xb0, 0x6e, 0x50, 0xe, 0xaf, 0xf4, 0x0,

    /* U+8F6C "转" */
    0x0, 0xca, 0x80, 0x1f, 0x8d, 0x88, 0x3, 0xfa,
    0xec, 0x40, 0x1f, 0x4c, 0xa8, 0x3, 0xf1, 0x8,
    0x88, 0x3, 0xe4, 0xc, 0x0, 0xe1, 0xff, 0x68,
    0xf, 0xfc, 0x79, 0xff, 0x8, 0x5f, 0xfc, 0xc0,
    0x1, 0x10, 0x4, 0x23, 0x3, 0x88, 0x80, 0x21,
    0x1c, 0x60, 0x3d, 0xc2, 0xf, 0xee, 0x8e, 0xfb,
    0x8a, 0x11, 0xdd, 0x94, 0x2, 0x22, 0x2b, 0xc0,
    0x80, 0x72, 0x2, 0x80, 0x7e, 0x50, 0xea, 0x73,
    0x9, 0xff, 0x84, 0x37, 0xff, 0x88, 0x1, 0x42,
    0x80, 0x1f, 0xfc, 0x65, 0x22, 0x21, 0x2, 0xa4,
    0xff, 0x88, 0x2b, 0xff, 0xc4, 0x14, 0x7, 0x60,
    0x8, 0xb2, 0x1, 0x20, 0x40, 0xf, 0xcc, 0x6e,
    0xe0, 0x2, 0x39, 0x83, 0x80, 0x3f, 0xba, 0xfc,
    0x30, 0x4, 0xe4, 0x40, 0x82, 0x60, 0x42, 0x80,
    0x2, 0x38, 0x8, 0x80, 0x1f, 0xc2, 0x41, 0x9d,
    0xff, 0x60, 0x2, 0x84, 0x2, 0x13, 0x62, 0xd,
    0xef, 0x0, 0x8, 0x5, 0xe0, 0xc8, 0x0, 0x2f,
    0xec, 0x90, 0x8, 0x90, 0x1, 0x92, 0x30, 0x65,
    0x20, 0x11, 0x0, 0x9, 0x40, 0x19, 0xb2, 0x8,
    0x6d, 0xce, 0x1e, 0x1, 0xdb, 0xfb, 0x44, 0x2,
    0x1, 0x27, 0x20, 0x4, 0x40, 0x1c, 0x40, 0x1f,
    0xe1, 0xb8, 0x0, 0x69, 0x0, 0x7f, 0xf1, 0x5f,
    0x4, 0xbc, 0x3, 0xff, 0x8c, 0x7e, 0x72, 0x1,
    0xfb, 0x7c, 0x80, 0x3f, 0xe, 0x20, 0x4,

    /* U+8F6E "轮" */
    0x0, 0xce, 0x80, 0x1f, 0x14, 0x28, 0x7, 0xf1,
    0x44, 0x0, 0x3e, 0xb7, 0xa0, 0xf, 0xe7, 0x5,
    0x0, 0xf0, 0xb0, 0x1, 0x0, 0x3d, 0xfe, 0xa0,
    0x6f, 0xf7, 0x0, 0x56, 0x1, 0x48, 0x7, 0xff,
    0x4, 0xc0, 0x8, 0xa1, 0x68, 0x52, 0x1, 0xdf,
    0xe0, 0x3f, 0xfb, 0x40, 0x68, 0x15, 0x24, 0x19,
    0x80, 0x1c, 0x81, 0x6a, 0x80, 0x1, 0xc1, 0x15,
    0x81, 0x40, 0x4a, 0x0, 0x6d, 0x4, 0xa8, 0x1,
    0xc2, 0xd, 0x10, 0x3, 0x98, 0x5a, 0x80, 0x4e,
    0x46, 0x1, 0x59, 0x0, 0xd0, 0x80, 0x5a, 0x41,
    0xc0, 0x5, 0x15, 0x10, 0x11, 0x59, 0x48, 0x31,
    0x80, 0x6f, 0x3a, 0x0, 0x50, 0x3f, 0x1, 0x76,
    0x61, 0x80, 0x39, 0xb8, 0x70, 0x40, 0x8, 0x4,
    0x40, 0x1, 0x30, 0x80, 0x62, 0xb9, 0x8, 0x0,
    0xd7, 0xfb, 0xa0, 0x3d, 0xb0, 0xd, 0x1a, 0x83,
    0x36, 0x1, 0xff, 0xc2, 0x10, 0x50, 0x7e, 0x60,
    0xf, 0x9, 0xb0, 0x1e, 0xfa, 0x0, 0x49, 0xd0,
    0x1, 0xe1, 0xfe, 0xc9, 0x0, 0x1a, 0x38, 0x8,
    0x48, 0x80, 0x4a, 0x40, 0x1, 0x11, 0x2c, 0x0,
    0xf5, 0x98, 0x7, 0xef, 0xd3, 0x0, 0x76, 0xd3,
    0x81, 0x0, 0x78, 0x40, 0x33, 0x81, 0x0, 0x7f,
    0xf0, 0x8, 0x33, 0x76, 0xe2, 0x20, 0x80, 0x7f,
    0xf0, 0x3c, 0x80, 0x8a, 0x11, 0x48, 0x7, 0xff,
    0x4, 0xf7, 0xff, 0xb9, 0x0, 0x0,

    /* U+8F6F "软" */
    0x0, 0xe3, 0x0, 0xf0, 0x98, 0x80, 0x7f, 0xc5,
    0x9c, 0x1, 0xcd, 0x92, 0x1, 0xff, 0x20, 0x20,
    0x7, 0x68, 0x68, 0x7, 0xed, 0xda, 0x41, 0x77,
    0x66, 0x7, 0x1, 0x1e, 0x20, 0x8, 0x8a, 0x0,
    0x88, 0xae, 0x2, 0xb, 0xee, 0xdb, 0xe2, 0x1b,
    0xa8, 0x2, 0xdd, 0xd2, 0xa0, 0x3, 0x3c, 0x40,
    0x22, 0x2, 0x26, 0x84, 0x30, 0x91, 0x7, 0xc2,
    0x73, 0x37, 0x2, 0x80, 0x65, 0x14, 0xbe, 0x0,
    0xa, 0x83, 0x89, 0x0, 0x10, 0x30, 0x2, 0x60,
    0x60, 0xe, 0x90, 0x41, 0xad, 0x30, 0xd0, 0x40,
    0xa, 0x2, 0xcc, 0xc, 0x46, 0xf, 0x7, 0x0,
    0x9c, 0x4c, 0x1, 0x2, 0x19, 0xa0, 0x3d, 0xcc,
    0xc2, 0x0, 0x80, 0x5b, 0x80, 0x16, 0x0, 0x90,
    0x80, 0x8, 0x82, 0x60, 0x2, 0x4, 0x0, 0x10,
    0x4, 0x9f, 0xdb, 0xe0, 0x5b, 0xa4, 0x0, 0xee,
    0x0, 0xff, 0xe3, 0x20, 0x1, 0xc0, 0x3f, 0x89,
    0x0, 0xaf, 0x60, 0x1, 0xa0, 0x1, 0x40, 0xc,
    0x59, 0xdf, 0xb4, 0x0, 0x42, 0x0, 0xb, 0x3,
    0x84, 0x0, 0x62, 0x31, 0x1, 0x30, 0x6, 0x74,
    0x4, 0x1, 0xc0, 0x9a, 0x80, 0x6a, 0xce, 0xe6,
    0x81, 0x18, 0x82, 0x30, 0x40, 0x40, 0x59, 0x0,
    0x4a, 0x62, 0x1, 0xe3, 0xa0, 0x64, 0x6, 0x41,
    0xc4, 0x0, 0xff, 0x16, 0x9, 0xc8, 0x5, 0x44,
    0x36, 0x40, 0x1f, 0xc5, 0x9, 0x80, 0x18, 0x71,
    0x24, 0x80, 0x38, 0x7f, 0x40, 0xf, 0x60, 0x1e,
    0x1b, 0x60,

    /* U+8F7B "轻" */
    0x0, 0xcc, 0x80, 0x1f, 0xfc, 0x79, 0xb0, 0xc,
    0xae, 0xff, 0x58, 0x80, 0x64, 0x3, 0x0, 0xd1,
    0x1f, 0x93, 0x40, 0x1f, 0xeb, 0x3, 0xff, 0x9a,
    0xe2, 0x39, 0xc0, 0x12, 0x0, 0x11, 0x0, 0x42,
    0x31, 0xb3, 0xbf, 0x8, 0x22, 0x80, 0x3b, 0x82,
    0x2f, 0xee, 0x94, 0x3, 0xa1, 0x86, 0x80, 0x31,
    0x8a, 0x21, 0x40, 0x3e, 0xd7, 0xd, 0x10, 0xd,
    0x61, 0xf1, 0x44, 0x1, 0x8f, 0x88, 0x0, 0xc0,
    0x1c, 0xc2, 0xa0, 0x1c, 0x53, 0x82, 0x4, 0x15,
    0xa8, 0x0, 0x51, 0x41, 0x10, 0x8, 0xa3, 0x58,
    0x1f, 0xf6, 0xc8, 0x97, 0x21, 0x40, 0xbc, 0x41,
    0x9d, 0xc0, 0x6e, 0x80, 0x2, 0x6c, 0x86, 0x82,
    0x81, 0x10, 0x2, 0x24, 0xba, 0x23, 0x3e, 0x5b,
    0x40, 0xaf, 0xdd, 0x18, 0x6e, 0x8a, 0x33, 0x3f,
    0x58, 0x7, 0xfc, 0x8a, 0xb0, 0x0, 0x95, 0x60,
    0xc, 0x4a, 0x61, 0xbe, 0xb1, 0x55, 0x8, 0x7d,
    0x54, 0x3, 0xbf, 0xb4, 0x1, 0x10, 0x80, 0x7f,
    0xc2, 0x40, 0x6c, 0x0, 0xdd, 0x20, 0x7, 0xff,
    0x3, 0xbf, 0x24, 0xc0, 0x3f, 0xf8, 0x82, 0x1,
    0xf5, 0x57, 0x8, 0x7d, 0x55, 0x20, 0x1f, 0xca,
    0xbc, 0x0, 0x25, 0x59, 0xc0, 0x3f, 0xf9, 0x20,

    /* U+8F7D "载" */
    0x0, 0xe7, 0x91, 0x0, 0xcb, 0x28, 0x2, 0x1,
    0xfd, 0x6c, 0x40, 0x1b, 0x58, 0x97, 0xa0, 0x3,
    0x5f, 0xfc, 0x61, 0x9f, 0xee, 0x0, 0xc8, 0x4e,
    0xe0, 0x8, 0xd5, 0x60, 0x1, 0x2a, 0x90, 0x2,
    0x11, 0x60, 0xc1, 0x0, 0x22, 0xaa, 0x30, 0xea,
    0xa8, 0x3c, 0x2, 0x1d, 0xc2, 0xc, 0xee, 0xc6,
    0x19, 0xdd, 0xa0, 0x23, 0xb9, 0xbb, 0x3, 0x91,
    0x40, 0x67, 0x11, 0x60, 0x8, 0x8b, 0x30, 0x5e,
    0x63, 0x44, 0xb7, 0x33, 0xa8, 0x1b, 0x33, 0x58,
    0x6, 0x60, 0x21, 0x0, 0xe1, 0x3, 0x0, 0x65,
    0x0, 0x17, 0xfd, 0x0, 0x7f, 0xfd, 0xce, 0x2,
    0x4, 0x6e, 0x0, 0x66, 0x0, 0x4c, 0xdf, 0x10,
    0x30, 0x50, 0x28, 0x0, 0xe4, 0x83, 0x64, 0xe,
    0x66, 0x81, 0x2, 0x6, 0xa, 0x0, 0xa8, 0x9c,
    0x81, 0x94, 0x40, 0x31, 0x3, 0x9, 0x90, 0x4,
    0xa0, 0xff, 0xe0, 0x7, 0x7f, 0x94, 0x18, 0x24,
    0x24, 0x3, 0x29, 0xa2, 0x40, 0x4, 0x49, 0x80,
    0xc0, 0x4, 0xa0, 0x1a, 0xb2, 0xee, 0x10, 0xbb,
    0x8c, 0x34, 0x1, 0x0, 0x40, 0x18, 0x48, 0xd4,
    0x42, 0x6a, 0xf4, 0x38, 0x0, 0xa0, 0xfa, 0x4f,
    0xfd, 0xb9, 0x40, 0x6, 0x54, 0x37, 0x40, 0x3,
    0x1, 0x10, 0x8, 0x8, 0xd5, 0xc0, 0x17, 0xbf,
    0x10, 0x6, 0x8, 0x2c, 0x2, 0x5f, 0xdc, 0xa8,
    0x10, 0x42, 0x89, 0x8, 0x94, 0x1d, 0x44, 0x0,
    0x7f, 0xd6, 0x10, 0xe1, 0x6a, 0x5, 0x20, 0x1f,
    0x7f, 0x0, 0xf, 0x9c, 0x2, 0xaf, 0xd2, 0x0,

    /* U+8F85 "辅" */
    0x0, 0xd0, 0xa0, 0x1f, 0x9e, 0x45, 0xc, 0x3,
    0x89, 0xec, 0x3, 0xf5, 0x31, 0x56, 0x38, 0x0,
    0x44, 0x80, 0xa2, 0x30, 0x7, 0xc3, 0xe7, 0x4,
    0x4e, 0xe4, 0x82, 0x77, 0x4d, 0x77, 0x88, 0x32,
    0x80, 0x60, 0xc8, 0x80, 0x11, 0x10, 0xf9, 0x13,
    0x0, 0x5, 0xc, 0x50, 0x77, 0x0, 0xbf, 0x75,
    0x91, 0xff, 0x88, 0x33, 0xfe, 0xe0, 0x2, 0x2,
    0xb4, 0x90, 0x7, 0xf8, 0x40, 0x37, 0x85, 0xe3,
    0x8, 0x3, 0x7f, 0xe2, 0xc, 0xfe, 0xf4, 0x0,
    0x29, 0x18, 0x7, 0xc8, 0x80, 0x1, 0xa0, 0x6,
    0x70, 0x64, 0x40, 0x22, 0x0, 0x2b, 0xb2, 0x6,
    0x5b, 0x0, 0x50, 0x9, 0x62, 0x11, 0x60, 0x15,
    0x51, 0x2, 0xe9, 0x80, 0x26, 0x64, 0xc8, 0x0,
    0xb2, 0x1, 0x2a, 0x80, 0x8, 0xa0, 0x1a, 0x64,
    0xcc, 0x50, 0x96, 0x0, 0xbf, 0xc6, 0x1d, 0xea,
    0x1, 0xfe, 0x10, 0xe, 0x70, 0x10, 0x30, 0xc,
    0x28, 0xca, 0x19, 0xc8, 0x0, 0xbb, 0x20, 0x5d,
    0x98, 0x0, 0x7f, 0xd7, 0x20, 0x11, 0xb8, 0x1,
    0x10, 0x0, 0x44, 0x0, 0x46, 0x0, 0x36, 0x0,
    0x66, 0xc, 0x1, 0xfe, 0x40, 0xef, 0x50, 0xb,
    0x7f, 0x25, 0x40, 0x3f, 0xc2, 0x6, 0x1, 0x10,
    0x7, 0xff, 0x19, 0xc0, 0x3f, 0xf8, 0x83, 0x8e,
    0x2, 0x1, 0xff, 0xc2, 0x11, 0x80, 0xa, 0x40,

    /* U+8F91 "辑" */
    0x0, 0xd0, 0xa0, 0x1f, 0xfc, 0x71, 0x7a, 0x0,
    0xd9, 0xff, 0xfa, 0x0, 0x21, 0x12, 0x1, 0x8,
    0xc0, 0x13, 0x3b, 0xe4, 0x1, 0x0, 0xbb, 0x94,
    0x5, 0xdd, 0x8, 0x2, 0xe2, 0x36, 0x0, 0x70,
    0x88, 0x2, 0x11, 0x80, 0x2b, 0x88, 0xd8, 0x1,
    0xdd, 0xc0, 0x1f, 0xee, 0x84, 0x0, 0xce, 0xf9,
    0x0, 0x40, 0x32, 0x3, 0xb4, 0x88, 0x3, 0x3f,
    0xff, 0x40, 0x6, 0xd0, 0xda, 0x63, 0x9, 0xff,
    0x6e, 0x66, 0xef, 0xda, 0x0, 0x9c, 0x50, 0x3,
    0x10, 0x0, 0x8c, 0xf0, 0x81, 0x38, 0x1, 0x84,
    0x8c, 0xc0, 0xe7, 0x6a, 0x17, 0xff, 0x9c, 0x27,
    0x40, 0x12, 0x7, 0x80, 0xa, 0xe0, 0xa, 0x67,
    0x9c, 0x3, 0x9c, 0x99, 0x80, 0x4, 0x50, 0x8,
    0x99, 0xb0, 0x7, 0xa3, 0x66, 0x46, 0x13, 0x0,
    0x15, 0xff, 0xe7, 0x0, 0xff, 0xe0, 0x8, 0x5,
    0xe, 0xfc, 0x1, 0xf1, 0xa9, 0x86, 0xf2, 0x0,
    0xe, 0x23, 0x0, 0x71, 0x6f, 0xe5, 0x0, 0x44,
    0xe0, 0xa, 0xff, 0xcc, 0x1, 0x88, 0x80, 0x28,
    0x0, 0xcd, 0x30, 0x0, 0x80, 0x4, 0xd0, 0x29,
    0xc0, 0x17, 0xdc, 0xb3, 0x1, 0x2b, 0x50, 0xbf,
    0xf7, 0x61, 0x1, 0xc0, 0x1, 0x4, 0x3, 0x89,
    0x0, 0x2, 0x48, 0xac, 0x0, 0x4c, 0x0, 0xff,
    0x6f, 0xfb, 0xb6, 0xea, 0x5c, 0x34, 0xc0, 0x3f,
    0xc4, 0x1, 0xff, 0xc5, 0xcf, 0x20, 0xf, 0xe8,
    0xe6, 0x0, 0x0,

    /* U+8F93 "输" */
    0x0, 0x91, 0x84, 0x3, 0xf3, 0x98, 0x7, 0xf7,
    0xc9, 0x0, 0x7c, 0xf1, 0x80, 0x1f, 0xcc, 0x6,
    0x1, 0xe6, 0x80, 0x3, 0x80, 0x70, 0xff, 0x88,
    0x3f, 0xe1, 0x0, 0x44, 0x85, 0x14, 0x48, 0x7,
    0x10, 0x4, 0x45, 0x0, 0xdb, 0x8e, 0x2e, 0x1b,
    0x6a, 0x0, 0x7, 0x64, 0x2b, 0x76, 0x6e, 0x41,
    0xd3, 0x1, 0xd5, 0x2b, 0xc3, 0x0, 0x60, 0x33,
    0x98, 0xc8, 0x0, 0x73, 0xfe, 0xe5, 0x2, 0x28,
    0x0, 0x84, 0xd0, 0x83, 0xb9, 0x2a, 0xbf, 0x3e,
    0xe0, 0x81, 0xa, 0x80, 0x63, 0x63, 0xff, 0x17,
    0xd5, 0x51, 0x2e, 0x0, 0xb0, 0x7, 0x5, 0x30,
    0x55, 0x67, 0xa0, 0xe9, 0x16, 0xc0, 0x3, 0x3,
    0xa0, 0x14, 0x80, 0x13, 0x74, 0x60, 0x1, 0x30,
    0xe, 0x26, 0x82, 0x1, 0x80, 0x2, 0x3b, 0x8c,
    0x3, 0xfb, 0x65, 0xe0, 0x25, 0xc0, 0x2a, 0xa0,
    0x7, 0xff, 0xf, 0x94, 0x0, 0x59, 0x82, 0x0,
    0xfe, 0x14, 0x8a, 0x6, 0xa1, 0x3, 0x66, 0x10,
    0x7, 0xe1, 0xeb, 0x70, 0xa, 0x44, 0x6, 0xa8,
    0x1, 0xfc, 0x28, 0xb2, 0xe1, 0xc, 0x0, 0x2c,
    0xc0, 0x80, 0x7f, 0x5d, 0x36, 0x80, 0x73, 0x19,
    0x90, 0x1, 0xf4, 0x1, 0xff, 0xd9, 0x2b, 0x41,
    0x6, 0xcc, 0x7, 0x0, 0x7f, 0xc2, 0x4c, 0x72,
    0xa, 0x22, 0x66, 0x0,

    /* U+8FA8 "辨" */
    0x0, 0x84, 0xc0, 0x3c, 0x8c, 0x1, 0x22, 0x0,
    0x3e, 0xec, 0x0, 0xf7, 0x48, 0x80, 0xdc, 0x80,
    0x7c, 0xc0, 0xe0, 0x1f, 0xc2, 0xc4, 0xc0, 0x1a,
    0xad, 0xc2, 0x2e, 0xc0, 0x1c, 0xb9, 0x86, 0x9,
    0xca, 0x0, 0x22, 0x4, 0x0, 0x88, 0x1, 0x0,
    0xc6, 0x60, 0x8, 0xdc, 0x1, 0xeb, 0x7f, 0xab,
    0x63, 0xcc, 0x0, 0x5b, 0x5f, 0xf6, 0x24, 0x80,
    0x5, 0x78, 0x1d, 0x44, 0xc0, 0xc0, 0x21, 0x54,
    0x4, 0x43, 0x80, 0x48, 0x80, 0xd0, 0x41, 0x0,
    0xe4, 0xc, 0xc, 0x13, 0x0, 0x88, 0x41, 0xc,
    0x58, 0x4, 0x2, 0x10, 0x20, 0x47, 0x0, 0xe,
    0x38, 0xf9, 0x9b, 0x34, 0x18, 0x0, 0xf6, 0x4d,
    0xe0, 0xd6, 0x40, 0x62, 0x20, 0x8, 0xcc, 0x4,
    0x20, 0x28, 0x46, 0x1, 0x20, 0x8b, 0xfd, 0x20,
    0xff, 0xe7, 0x30, 0x70, 0x7f, 0xf3, 0x5, 0x7f,
    0x8c, 0x3, 0xf6, 0x70, 0x8, 0x80, 0x3f, 0xd1,
    0x32, 0x7, 0x99, 0x1, 0x1, 0x10, 0x3, 0x8c,
    0x3, 0x2b, 0x0, 0x4c, 0xc0, 0x1, 0x82, 0x9f,
    0xf9, 0x82, 0x7f, 0x80, 0x1f, 0xa8, 0xf, 0xba,
    0x0, 0x50, 0x60, 0xa2, 0x0, 0x24, 0x40, 0x0,
    0x88, 0xe1, 0x44, 0x40, 0x16, 0x5, 0x2b, 0xb3,
    0x5, 0x5d, 0x0, 0x44, 0x62, 0x40, 0x15, 0x83,
    0x80, 0x7f, 0xf0, 0x24, 0x24, 0x2, 0x75, 0x28,
    0x0, 0xff, 0xa5, 0x9, 0xc0, 0xb, 0x1, 0xe0,
    0x1f, 0xfc, 0xb, 0x3c, 0x0, 0x95, 0x58, 0x40,
    0x1f, 0xfc, 0x2, 0xc1, 0x0, 0xd4, 0x60, 0x1e,
    0x9f, 0x50, 0x8,

    /* U+8FB9 "边" */
    0x0, 0x94, 0x3, 0xf3, 0x39, 0x80, 0x7f, 0x65,
    0x40, 0x7, 0xd7, 0xc, 0x1, 0xfd, 0x0, 0xee,
    0x0, 0xf1, 0x80, 0x80, 0x7f, 0x25, 0x4, 0x28,
    0x7, 0xce, 0x1, 0xfe, 0x57, 0x0, 0x3f, 0xfe,
    0x10, 0xcf, 0xfe, 0x50, 0xe, 0x8d, 0x5f, 0x0,
    0xff, 0xe3, 0x90, 0x47, 0x75, 0x80, 0xe, 0xec,
    0x20, 0x18, 0x47, 0x80, 0x2, 0x30, 0x0, 0x47,
    0x8c, 0x4, 0x1, 0xdd, 0xbc, 0x3, 0x94, 0x14,
    0x3, 0x18, 0x6, 0x10, 0xf, 0xec, 0x3, 0x0,
    0xc2, 0xe, 0x0, 0xef, 0xc0, 0xf, 0x94, 0x2c,
    0x3, 0xc2, 0x1, 0xff, 0x30, 0x9, 0x80, 0x42,
    0x0, 0x30, 0xf, 0xfa, 0x2, 0x40, 0x31, 0x80,
    0x4, 0x3, 0xfd, 0x42, 0x27, 0x0, 0xcc, 0x4,
    0x1, 0xfe, 0x95, 0xa, 0x0, 0xed, 0x6, 0x0,
    0xfe, 0xb6, 0x9, 0x40, 0x3f, 0xef, 0x60, 0xd0,
    0xe, 0x80, 0x10, 0x81, 0xa6, 0x0, 0x19, 0x8,
    0x1, 0x58, 0x3, 0x5a, 0x0, 0x34, 0x79, 0x40,
    0x36, 0x77, 0x3e, 0x80, 0x35, 0x20, 0xe4, 0x16,
    0xca, 0x10, 0x4, 0x22, 0x1, 0x46, 0xa4, 0x35,
    0xa, 0x37, 0xb1, 0x6b, 0xdf, 0xfe, 0xee, 0x5c,
    0xab, 0x1b, 0xaa, 0x0, 0x13, 0xa1, 0x4, 0x3,
    0xf0, 0x91, 0x2, 0x2c, 0x3, 0x9e, 0xfb, 0xfd,
    0xdc, 0xff, 0xdd, 0xa0,

    /* U+8FC7 "过" */
    0x0, 0xff, 0xe1, 0x95, 0xd0, 0x7, 0xd, 0xe0,
    0x7, 0xfc, 0x28, 0x80, 0xf, 0x31, 0xe0, 0x7,
    0xff, 0x18, 0x70, 0x8e, 0xc0, 0x3f, 0xf8, 0xc3,
    0xe0, 0x88, 0x8e, 0xef, 0xb0, 0x7, 0xb9, 0x60,
    0x18, 0xaa, 0xd0, 0x47, 0xf0, 0x4, 0x22, 0x70,
    0xe, 0x54, 0x9, 0xee, 0xfa, 0xc0, 0x1d, 0xcc,
    0x0, 0xfe, 0x10, 0x11, 0xe7, 0x1, 0x18, 0x2,
    0x22, 0xe0, 0x2, 0xf4, 0x80, 0x7f, 0xf0, 0x37,
    0x76, 0x0, 0x1c, 0x19, 0x40, 0x3f, 0xe4, 0x32,
    0x0, 0xc5, 0x41, 0x62, 0x1, 0xfe, 0xbc, 0xc0,
    0x7, 0x2a, 0xd, 0x80, 0x7f, 0xf1, 0xe8, 0x74,
    0x3, 0xff, 0x8e, 0x3c, 0xe0, 0x1f, 0xfc, 0xc7,
    0x0, 0xff, 0x84, 0x3, 0x87, 0xfe, 0xb0, 0x20,
    0xf, 0x16, 0x0, 0x1c, 0x3, 0x9, 0x80, 0x5,
    0x38, 0x3, 0x97, 0x48, 0x83, 0x1a, 0xc4, 0x0,
    0xcf, 0xf7, 0x59, 0x9, 0x18, 0x95, 0x2, 0x6f,
    0xa9, 0x4e, 0xff, 0x73, 0x7b, 0x9f, 0xee, 0xdc,
    0x2, 0x62, 0xb0, 0x1a, 0xc6, 0x10, 0x11, 0x10,
    0x88, 0x3, 0x10, 0x84, 0xf8, 0x6, 0x39, 0xef,
    0xed, 0xdd, 0xdc, 0xff, 0x68, 0x0,

    /* U+8FD0 "运" */
    0x0, 0x8, 0x7, 0x84, 0x7f, 0xe0, 0x8, 0xb3,
    0x4c, 0x2, 0x4e, 0xef, 0xf7, 0x80, 0x46, 0xe5,
    0x90, 0x0, 0x72, 0x2f, 0xf8, 0x2, 0x1a, 0x90,
    0x79, 0x3, 0xdd, 0xff, 0x60, 0x7, 0x36, 0x2c,
    0x80, 0x7f, 0xf1, 0xce, 0x80, 0xd1, 0x3f, 0xf8,
    0x22, 0x1, 0xf7, 0x5d, 0xff, 0xf0, 0x5c, 0x3f,
    0xf7, 0x2, 0xb3, 0x40, 0x13, 0x37, 0xc4, 0x1,
    0xf4, 0x4c, 0xc2, 0xf, 0x32, 0xca, 0x99, 0x90,
    0x3f, 0xdc, 0x1, 0xe6, 0x10, 0x90, 0x5a, 0xe0,
    0xf, 0xfe, 0x15, 0x84, 0x8, 0x29, 0x93, 0x80,
    0x7f, 0xf0, 0x18, 0x85, 0xc0, 0x2e, 0x8, 0x20,
    0xf, 0xf1, 0x48, 0x49, 0xa2, 0xbd, 0x0, 0x30,
    0x3, 0xfd, 0xa0, 0x8, 0xcb, 0xa8, 0x70, 0x0,
    0xa0, 0x7, 0xff, 0x0, 0x91, 0x5e, 0x2a, 0xd8,
    0x24, 0x3, 0x28, 0x9, 0x6, 0xf7, 0xed, 0xd4,
    0x3a, 0xa4, 0xb7, 0x80, 0x4b, 0x60, 0xd, 0x62,
    0x10, 0xf, 0xe9, 0x20, 0x2, 0x50, 0x45, 0x8c,
    0xe2, 0x90, 0x7, 0xc4, 0xb3, 0x1, 0x40, 0xce,
    0x9e, 0x87, 0x5b, 0xff, 0xf6, 0xd3, 0x70, 0x59,
    0x48, 0x0, 0x6e, 0xca, 0x40, 0x1f, 0xc2, 0x80,
    0xb8, 0x1, 0xc9, 0x5b, 0xfe, 0xee, 0xbf, 0xf7,
    0x10,

    /* U+8FD1 "近" */
    0x0, 0xff, 0xe2, 0x8a, 0x8, 0x6, 0x9b, 0x0,
    0xe5, 0x65, 0x68, 0x9c, 0xee, 0x5e, 0x8, 0x0,
    0x51, 0x16, 0x1, 0xaa, 0x6a, 0x5d, 0x8c, 0x49,
    0x6c, 0xc0, 0x3, 0x84, 0x92, 0x1, 0xcd, 0x35,
    0x9d, 0xfb, 0x4c, 0x40, 0x10, 0xf8, 0x32, 0x80,
    0x68, 0x65, 0x31, 0x0, 0xfe, 0x2a, 0x85, 0x0,
    0xff, 0xe3, 0xab, 0x80, 0x72, 0x19, 0xff, 0x0,
    0x7f, 0xf0, 0x2b, 0x33, 0xf8, 0x1, 0x9b, 0xb6,
    0x0, 0x4, 0x0, 0xef, 0x80, 0xa, 0xef, 0x0,
    0x8, 0xb8, 0x0, 0x60, 0x8, 0x8c, 0x21, 0x11,
    0x80, 0x19, 0xb8, 0x1, 0x84, 0x8, 0x3, 0xff,
    0x80, 0x45, 0x0, 0x66, 0x6, 0x0, 0xff, 0xe3,
    0xe0, 0x18, 0x7, 0xff, 0x1d, 0x3, 0x0, 0x3f,
    0xf8, 0xc6, 0x40, 0x80, 0x1f, 0xfc, 0x68, 0x5,
    0x0, 0xff, 0xe1, 0xd, 0x80, 0xa6, 0x8c, 0x0,
    0x7f, 0xf0, 0x4f, 0xd4, 0x42, 0xf2, 0x88, 0x3,
    0xb3, 0x48, 0x3, 0xe, 0x8a, 0x76, 0xa2, 0xdf,
    0xee, 0x5d, 0xdd, 0xcd, 0xef, 0xf0, 0x89, 0xca,
    0xc0, 0xae, 0xc8, 0x4, 0x68, 0x91, 0x98, 0x84,
    0x8, 0x42, 0x7c, 0x3, 0x25, 0xff, 0x6e, 0x66,
    0xdd, 0x77, 0x34, 0x0,

    /* U+8FD4 "返" */
    0x0, 0xff, 0xe3, 0x8, 0x80, 0x33, 0x48, 0x7,
    0x9, 0x1a, 0x33, 0xcd, 0xf7, 0x3c, 0x80, 0x3,
    0xd, 0x40, 0x12, 0x76, 0xe5, 0xcc, 0x32, 0x8,
    0x95, 0xc0, 0x3, 0xa0, 0xb2, 0x0, 0x70, 0x2,
    0xb3, 0xc5, 0x67, 0x72, 0xd4, 0x2, 0x3b, 0x6,
    0x30, 0x8, 0xaa, 0x61, 0xd4, 0xc4, 0x3, 0xe4,
    0x9d, 0x30, 0x8, 0x8c, 0xfe, 0x41, 0x0, 0xf3,
    0x10, 0x7, 0x66, 0x7d, 0x7c, 0x1, 0xfe, 0x70,
    0x3, 0x37, 0x84, 0xc, 0x2, 0x9b, 0xba, 0x80,
    0x2, 0x7, 0x37, 0x33, 0x94, 0x28, 0x2, 0x44,
    0xe0, 0xc, 0xf1, 0xae, 0x0, 0x34, 0x6, 0x0,
    0xba, 0xe4, 0x3, 0x10, 0x1e, 0x4, 0x50, 0x78,
    0x38, 0x6, 0x34, 0x40, 0x6, 0xd0, 0xe4, 0xc1,
    0x5f, 0x31, 0x80, 0xf, 0xf9, 0x41, 0x40, 0xf0,
    0x2, 0xb0, 0xf, 0xf9, 0x40, 0x4c, 0x1, 0x60,
    0x15, 0x90, 0x7, 0xfa, 0x1, 0xc1, 0x35, 0x82,
    0xc, 0x70, 0xc0, 0x3f, 0x31, 0x4, 0x5d, 0x88,
    0x98, 0xf8, 0x83, 0x82, 0x1, 0xa0, 0x5, 0xea,
    0x47, 0x81, 0xf4, 0xc0, 0x16, 0x70, 0x20, 0x2,
    0xd5, 0x0, 0x76, 0x20, 0x2f, 0xc0, 0x7, 0x63,
    0x80, 0x58, 0x47, 0xb4, 0x2d, 0xbf, 0xb9, 0x77,
    0xb3, 0x7b, 0xfc, 0x60, 0xe3, 0xa4, 0xbd, 0x26,
    0x4, 0x68, 0x98, 0xc8, 0x40, 0x6, 0x13, 0xa2,
    0x1, 0x36, 0x7e, 0xe5, 0xde, 0xcc, 0x6f, 0x78,
    0x0,

    /* U+8FD8 "还" */
    0x0, 0x84, 0x3, 0xff, 0x91, 0x3c, 0xc0, 0x10,
    0x8f, 0xff, 0x4, 0x2, 0xe0, 0x96, 0x6, 0xee,
    0xff, 0xe0, 0x78, 0x4, 0xee, 0x9, 0x50, 0xf,
    0xfe, 0x34, 0x20, 0x73, 0x7f, 0xf3, 0x80, 0xff,
    0xee, 0x0, 0xea, 0x9b, 0x0, 0xe2, 0x70, 0x80,
    0xf, 0xf0, 0xb0, 0x7, 0xb0, 0x0, 0xc0, 0x1f,
    0x8, 0xf0, 0x7, 0x48, 0x80, 0x4a, 0x1, 0xee,
    0xed, 0xe0, 0x19, 0x98, 0x1, 0x3d, 0x60, 0x7,
    0x8, 0x7, 0xcd, 0x20, 0xa0, 0x6, 0x13, 0xc0,
    0xd, 0xdf, 0x80, 0x1a, 0x24, 0x16, 0x0, 0x3,
    0x82, 0x78, 0x1, 0xf8, 0xb1, 0xc1, 0xa8, 0x3,
    0x16, 0x9, 0xe0, 0x7, 0xc2, 0x40, 0xf2, 0x1,
    0xe2, 0xd0, 0x21, 0x0, 0xf1, 0xed, 0xc0, 0x7,
    0xe3, 0xbf, 0x10, 0xf, 0x8d, 0x0, 0x3f, 0xc8,
    0x20, 0x1f, 0xfc, 0xe9, 0x1, 0x10, 0x7, 0xff,
    0x16, 0x94, 0x1, 0xe6, 0x1, 0x8a, 0x20, 0x1,
    0xfa, 0x94, 0x72, 0x47, 0x29, 0x48, 0x0, 0xee,
    0x0, 0x9, 0xac, 0x49, 0x28, 0x51, 0xb5, 0x8a,
    0xd6, 0xff, 0xfb, 0xb2, 0x9c, 0x49, 0xd1, 0x0,
    0x4, 0xe9, 0x41, 0x0, 0xfe, 0x1c, 0x8, 0xa0,
    0xe, 0x6b, 0xef, 0xf7, 0x73, 0xff, 0xb9, 0x0,

    /* U+8FD9 "这" */
    0x0, 0xff, 0xe0, 0x12, 0x0, 0x7f, 0x88, 0x40,
    0x3e, 0x3d, 0xb1, 0x0, 0xfc, 0x9b, 0x84, 0x1,
    0xe3, 0x30, 0x40, 0x7, 0xe4, 0x32, 0xf1, 0x0,
    0xf4, 0x83, 0x88, 0x7, 0xec, 0x22, 0x6a, 0xff,
    0xf5, 0x0, 0xf7, 0xff, 0x0, 0x6f, 0x1a, 0x11,
    0xff, 0x0, 0x42, 0x20, 0xc, 0x5c, 0xc9, 0xd5,
    0xfd, 0xdd, 0x80, 0xf, 0xee, 0x0, 0x7e, 0x5b,
    0xf4, 0x0, 0xd6, 0xa, 0x1, 0xc2, 0x45, 0x8,
    0x2b, 0xd, 0xc8, 0x0, 0x58, 0x20, 0x3, 0xb7,
    0x77, 0x80, 0x26, 0xc5, 0xb4, 0xac, 0x14, 0x80,
    0x39, 0x48, 0x80, 0x1c, 0x9e, 0x65, 0xaa, 0x36,
    0x1, 0xe9, 0xdc, 0x0, 0xf0, 0xe0, 0x80, 0x4,
    0x40, 0x1f, 0xfc, 0x47, 0x10, 0xb, 0x48, 0x3,
    0xff, 0x82, 0x57, 0x1, 0x3a, 0x44, 0xd4, 0x0,
    0xff, 0x25, 0x6a, 0xd, 0xb1, 0x62, 0x5, 0xb0,
    0x7, 0xe1, 0xb5, 0x6, 0xe4, 0x0, 0xd, 0xa8,
    0x40, 0x80, 0x69, 0x1, 0x3a, 0x7e, 0x90, 0xf,
    0x54, 0x60, 0x80, 0x7, 0x1c, 0x1, 0xa1, 0x2,
    0x1, 0xf9, 0xc8, 0x2, 0xc3, 0x9, 0xb1, 0xab,
    0x52, 0x0, 0xf0, 0x9a, 0xc1, 0x83, 0x3, 0xb2,
    0x61, 0xa5, 0x6f, 0xff, 0xbb, 0x29, 0xc8, 0x24,
    0xa0, 0x0, 0x59, 0x4a, 0x20, 0x1f, 0xc4, 0x20,
    0x58, 0x1, 0xcb, 0x5d, 0xfd, 0xdb, 0xff, 0x68,
    0x0,

    /* U+8FDB "进" */
    0x0, 0x84, 0x3, 0xc6, 0x82, 0x1, 0x21, 0x80,
    0x70, 0xef, 0x90, 0x7, 0x7d, 0xa0, 0x0, 0xaf,
    0x40, 0x38, 0x5c, 0x70, 0x80, 0x3f, 0xf8, 0xd4,
    0x83, 0x84, 0x1, 0xff, 0xc6, 0xb3, 0x16, 0xae,
    0xe1, 0x85, 0x77, 0x34, 0x7, 0xb9, 0x20, 0x1d,
    0xba, 0x41, 0x18, 0x2, 0x11, 0x0, 0x42, 0x23,
    0x0, 0xe1, 0x20, 0xae, 0xe0, 0x84, 0xf7, 0x30,
    0x1, 0xdc, 0xb0, 0xf, 0xc2, 0x31, 0x1, 0x88,
    0xc0, 0x23, 0x80, 0x13, 0x55, 0x48, 0x7, 0x84,
    0x3, 0xfc, 0xca, 0xb3, 0x80, 0x62, 0x0, 0xf0,
    0x80, 0x75, 0x4c, 0x0, 0x4f, 0xfe, 0x10, 0xbf,
    0xf6, 0x80, 0x3f, 0xe1, 0x5, 0x66, 0x0, 0x7f,
    0xf1, 0x44, 0x3, 0xe7, 0xfb, 0x2, 0xff, 0xb4,
    0x7, 0xfe, 0x0, 0xff, 0x70, 0x20, 0x7, 0xff,
    0x18, 0xd4, 0x28, 0x3, 0xff, 0x8a, 0x5a, 0x8,
    0x60, 0x1f, 0xfc, 0x18, 0x1, 0x43, 0x31, 0x50,
    0x7, 0xff, 0x0, 0xb5, 0x80, 0x17, 0x68, 0xf1,
    0x0, 0xc5, 0x74, 0x1, 0x87, 0x8, 0xfb, 0x51,
    0x6b, 0x75, 0x97, 0x7a, 0x27, 0xbf, 0xca, 0x2e,
    0x5a, 0x25, 0x76, 0x51, 0x23, 0x44, 0xc6, 0x42,
    0x0, 0x50, 0x9f, 0x10, 0x9, 0x2b, 0xb9, 0xb9,
    0x9b, 0x75, 0xdc, 0xf0,

    /* U+8FDE "连" */
    0x0, 0xff, 0x8c, 0x3, 0xff, 0x80, 0xfc, 0x40,
    0x1e, 0xcf, 0x40, 0xf, 0xf7, 0x8f, 0x80, 0x42,
    0x26, 0x0, 0x30, 0x8f, 0xc0, 0x14, 0x21, 0x50,
    0x37, 0x72, 0x40, 0x1b, 0xdd, 0xef, 0x0, 0xd4,
    0x2a, 0x84, 0x86, 0x0, 0x14, 0x4f, 0x9c, 0x3,
    0xd, 0x42, 0x22, 0xec, 0x9, 0xd3, 0xbf, 0x77,
    0xa4, 0x3, 0x91, 0xc0, 0x29, 0xf, 0x5, 0x9f,
    0x0, 0xff, 0xe1, 0x40, 0xa2, 0x0, 0x3f, 0xed,
    0xff, 0xb8, 0xd, 0xc1, 0x3f, 0xd0, 0x9, 0xff,
    0x58, 0x4, 0xc4, 0x20, 0x11, 0x0, 0x7f, 0xce,
    0x1, 0x5e, 0xe0, 0x4, 0x39, 0xff, 0xa0, 0x13,
    0xfe, 0xc0, 0xf, 0xf1, 0x80, 0x7f, 0xf2, 0x33,
    0x3d, 0x0, 0x99, 0x9a, 0x40, 0x3f, 0x19, 0xf8,
    0x2, 0x33, 0xca, 0x1, 0xfb, 0x77, 0xcc, 0x5,
    0xbb, 0xc0, 0x1f, 0x88, 0xbd, 0xc0, 0xc4, 0x58,
    0x40, 0x35, 0x80, 0x80, 0x7f, 0xf1, 0xa9, 0x80,
    0x1a, 0x40, 0x1f, 0xfc, 0x39, 0x51, 0xc8, 0x2d,
    0x94, 0x20, 0x3, 0xfd, 0x88, 0x91, 0xa9, 0x5,
    0x82, 0xcd, 0xec, 0x5a, 0xf7, 0xff, 0xbb, 0x97,
    0x2a, 0xc3, 0x6, 0xa0, 0x4, 0xe8, 0x41, 0x0,
    0xfc, 0x24, 0x40, 0x7d, 0x0, 0xe7, 0xbe, 0xff,
    0x77, 0x3f, 0xf7, 0x68, 0x0,

    /* U+8FF0 "述" */
    0x0, 0xff, 0xe0, 0x91, 0x0, 0x3f, 0x88, 0x3,
    0xf8, 0xb7, 0x41, 0x18, 0x20, 0x19, 0xb7, 0x0,
    0x3f, 0xf8, 0x4, 0x78, 0x20, 0x13, 0x11, 0xd0,
    0x7, 0xfd, 0x4a, 0x54, 0x1, 0xbc, 0x55, 0xc0,
    0x8c, 0xf3, 0x80, 0xc, 0xd2, 0xbe, 0x40, 0x11,
    0x50, 0x48, 0xee, 0x66, 0xa0, 0x6, 0x64, 0xb7,
    0xc0, 0x19, 0x27, 0xc5, 0xc, 0xe2, 0x0, 0x84,
    0xcf, 0x28, 0x7, 0x30, 0x85, 0xe6, 0x54, 0x1,
    0xb7, 0x32, 0x90, 0x7, 0x76, 0xd0, 0xe, 0x90,
    0x8, 0x70, 0x40, 0x38, 0x47, 0x10, 0x6, 0x81,
    0x40, 0x3, 0x16, 0x80, 0x77, 0xfc, 0x1, 0xc4,
    0xe1, 0xe0, 0x9, 0x33, 0x50, 0x7, 0xff, 0x3,
    0x81, 0xd8, 0x2, 0xd1, 0x57, 0x0, 0xff, 0x49,
    0x94, 0x0, 0x61, 0xa0, 0x83, 0x0, 0xfd, 0xc,
    0x1c, 0x1, 0xe4, 0x70, 0xf0, 0xf, 0x85, 0x82,
    0x4c, 0x3, 0xe8, 0x6d, 0x0, 0xf8, 0x76, 0x58,
    0x3, 0xfa, 0x44, 0x3, 0x30, 0x1, 0xd, 0x80,
    0x3f, 0xf8, 0x43, 0x72, 0x0, 0xbb, 0x20, 0x4,
    0x6c, 0xe0, 0x1f, 0xe, 0x21, 0x6f, 0x2a, 0x5f,
    0xe5, 0xd8, 0xca, 0xaf, 0x37, 0xbc, 0x44, 0xc5,
    0x84, 0x35, 0x8c, 0x26, 0x8a, 0xb9, 0xc, 0x84,
    0xc4, 0x2b, 0xc4, 0x2, 0x39, 0xee, 0x6e, 0x66,
    0xdd, 0x77, 0x30, 0x0,

    /* U+8FF9 "迹" */
    0x0, 0xff, 0xe0, 0x35, 0x98, 0x7, 0xf1, 0x18,
    0x7, 0xef, 0x4f, 0x0, 0xfc, 0x39, 0x88, 0x0,
    0xfa, 0x0, 0xd4, 0x3, 0xe1, 0xa1, 0x7c, 0x19,
    0xee, 0xde, 0x0, 0xae, 0xee, 0x10, 0x2, 0x61,
    0x1c, 0x98, 0x8f, 0x0, 0x42, 0x3c, 0x1, 0x8b,
    0x5e, 0x2b, 0xfe, 0x40, 0xcf, 0x20, 0xef, 0xf8,
    0x40, 0x3a, 0x0, 0x2, 0x1, 0xff, 0xc9, 0x8f,
    0x30, 0xf, 0x27, 0x40, 0x5, 0x7f, 0xf6, 0x80,
    0x10, 0xc, 0x0, 0x20, 0x13, 0x8b, 0x0, 0x7c,
    0x60, 0x64, 0xa0, 0xe0, 0x60, 0x11, 0xb0, 0xa8,
    0x2, 0xff, 0x40, 0x29, 0xe, 0x2, 0x1, 0x0,
    0xd4, 0x1c, 0x1, 0xf1, 0xa9, 0xa1, 0x9, 0x0,
    0x71, 0x8a, 0x0, 0x7d, 0x61, 0x0, 0x80, 0xe0,
    0x1e, 0x40, 0x40, 0xf, 0x46, 0x20, 0x58, 0x78,
    0x7, 0xa6, 0xd0, 0x3, 0xe3, 0x6, 0x21, 0x50,
    0xf, 0x1a, 0x0, 0x7f, 0x1c, 0x85, 0x80, 0x88,
    0xc0, 0x3f, 0xe1, 0x1, 0xd0, 0x55, 0xf, 0x70,
    0x40, 0x40, 0x3c, 0x3e, 0x0, 0xc0, 0xa5, 0xa0,
    0x16, 0x36, 0xc0, 0xf, 0x17, 0x91, 0x14, 0xfb,
    0x20, 0x2, 0x9c, 0x93, 0x0, 0x12, 0x8, 0x78,
    0x9e, 0xd5, 0x8b, 0xef, 0xf6, 0xee, 0xef, 0xf6,
    0xd8, 0x84, 0xe, 0x80, 0x13, 0xa1, 0x4, 0x44,
    0x58, 0x40, 0x2, 0xa0, 0x5, 0xf1, 0x0, 0xcf,
    0x7d, 0xfd, 0xdb, 0xfe, 0xea, 0x0,

    /* U+9001 "送" */
    0x0, 0xb, 0x0, 0x71, 0x41, 0x0, 0x74, 0xb8,
    0x80, 0x6c, 0x97, 0x0, 0xca, 0xf2, 0x1, 0x8d,
    0xa0, 0xc0, 0x34, 0x84, 0x20, 0x4, 0xe2, 0x8a,
    0x1, 0x40, 0x39, 0x0, 0x64, 0x80, 0xa1, 0x0,
    0xa0, 0x34, 0x0, 0x68, 0x30, 0x1, 0xe7, 0x31,
    0x40, 0xdd, 0x58, 0x2e, 0xeb, 0x0, 0x77, 0x4a,
    0x1, 0xdd, 0xaa, 0x4, 0x50, 0x11, 0x40, 0x11,
    0x10, 0xc0, 0x38, 0x88, 0x0, 0xee, 0xda, 0x0,
    0xee, 0xe6, 0x0, 0x1a, 0x24, 0x60, 0x1, 0x1c,
    0x60, 0x1, 0x1e, 0x0, 0xbe, 0xee, 0xd0, 0xf,
    0xfe, 0x2a, 0xa1, 0x80, 0x55, 0xdd, 0xc0, 0xe,
    0xef, 0x8, 0x4d, 0xf0, 0x4, 0xc2, 0x38, 0x2,
    0x11, 0xf0, 0x7, 0xec, 0xff, 0xca, 0x0, 0x6f,
    0xfe, 0x10, 0xf, 0xf8, 0x54, 0x0, 0xd4, 0x1,
    0xff, 0xc4, 0xa0, 0x3d, 0x15, 0xb0, 0xf, 0xfe,
    0x8, 0xe2, 0xf, 0x16, 0x12, 0x60, 0x80, 0x7f,
    0xb, 0xf1, 0x8e, 0x10, 0x16, 0x11, 0xe8, 0x7,
    0x40, 0x8, 0x2c, 0x2, 0xf9, 0x0, 0x43, 0x82,
    0x1, 0xd6, 0xa0, 0xc, 0x6a, 0xca, 0x10, 0xe,
    0x1c, 0xc0, 0x5, 0x68, 0x5a, 0xe7, 0xb8, 0xe2,
    0x1, 0xe1, 0x13, 0x4b, 0x9a, 0x7, 0x14, 0x50,
    0xb5, 0xf7, 0xff, 0xbb, 0x25, 0x8c, 0xcc, 0xc3,
    0x0, 0x2f, 0xc1, 0x88, 0x7, 0xe1, 0x25, 0x9,
    0x80, 0xc, 0x2f, 0x9d, 0xfd, 0xdb, 0xfe, 0xed,
    0x10,

    /* U+9002 "适" */
    0x0, 0xff, 0xe2, 0x8a, 0x88, 0x6, 0x85, 0x0,
    0xf1, 0x1a, 0xbc, 0xdf, 0x72, 0xa4, 0x2, 0x57,
    0xa5, 0x0, 0xaf, 0xf7, 0x2a, 0x19, 0x4, 0x93,
    0xc0, 0x25, 0x70, 0xa3, 0x0, 0x72, 0xb3, 0xc0,
    0x2, 0xff, 0x6d, 0xc0, 0x34, 0x28, 0x68, 0x1,
    0x6a, 0x61, 0xc4, 0x18, 0x3, 0xfa, 0x8e, 0x0,
    0x47, 0xe0, 0x61, 0x1e, 0x0, 0xec, 0x61, 0xee,
    0xf0, 0x2, 0xfb, 0xb8, 0x80, 0x3e, 0x44, 0xf0,
    0x0, 0x51, 0x38, 0xc2, 0x23, 0x38, 0xdd, 0xf8,
    0x43, 0x2e, 0xf8, 0x41, 0xdf, 0x50, 0x7, 0xff,
    0x17, 0x31, 0x40, 0x18, 0x7f, 0xf0, 0x86, 0xff,
    0xdc, 0x1, 0x19, 0x9c, 0x3, 0xe5, 0x52, 0x1a,
    0xa9, 0x0, 0x3f, 0xf8, 0x43, 0x54, 0xbc, 0xaa,
    0x48, 0x7, 0xff, 0x64, 0xcf, 0xce, 0x1, 0xff,
    0xc2, 0x1c, 0xcf, 0x50, 0x7, 0xc8, 0x4, 0x80,
    0x31, 0x1f, 0xf0, 0x6, 0x99, 0x0, 0x2e, 0x8d,
    0xdf, 0xfc, 0xc0, 0x15, 0xb0, 0xe7, 0x2a, 0xb3,
    0xb2, 0xa9, 0x35, 0x55, 0xe7, 0x79, 0x1, 0x8e,
    0x18, 0xd6, 0x30, 0x1a, 0xa9, 0x95, 0x64, 0x31,
    0x11, 0x4, 0x69, 0x0, 0x47, 0x3d, 0xfb, 0x99,
    0xb7, 0x5d, 0xd0, 0x0,

    /* U+9006 "逆" */
    0x0, 0xfc, 0x2c, 0x1, 0xe5, 0x10, 0xc, 0xc4,
    0x1, 0xd9, 0x2e, 0x1, 0x9a, 0xbc, 0x2, 0x69,
    0xc3, 0x0, 0xd2, 0x10, 0x40, 0x14, 0x5, 0x80,
    0x4c, 0xa3, 0xa4, 0x1, 0x23, 0x5, 0x0, 0x20,
    0x51, 0x40, 0x35, 0x28, 0xf9, 0x77, 0x4c, 0xd,
    0xfe, 0x70, 0x4e, 0xe8, 0x2, 0xa3, 0x83, 0x11,
    0x80, 0x2, 0x1, 0xc2, 0x30, 0x6, 0xc5, 0x1f,
    0xdd, 0x7f, 0xb8, 0x1, 0xff, 0x66, 0x3c, 0x3,
    0xf6, 0xe8, 0x3, 0xf6, 0x60, 0x42, 0xfb, 0xac,
    0x0, 0xff, 0xe2, 0x38, 0x8c, 0x40, 0x1f, 0xfc,
    0x4c, 0xfe, 0x0, 0xff, 0xe7, 0xe6, 0x3c, 0x1,
    0x99, 0x0, 0x7f, 0xf0, 0x4c, 0xc2, 0x0, 0x33,
    0x80, 0x3f, 0xef, 0xfc, 0xc0, 0x9f, 0xfc, 0x20,
    0x1f, 0xf1, 0xb0, 0x70, 0x7, 0xff, 0x11, 0x70,
    0xd, 0x40, 0x3f, 0xe1, 0x10, 0x2e, 0x50, 0xf,
    0x0, 0x7f, 0x16, 0x0, 0x3c, 0xd8, 0xc1, 0x3c,
    0x80, 0x3f, 0x16, 0x13, 0xe1, 0xe4, 0xae, 0x58,
    0x80, 0x70, 0xac, 0xaf, 0xb, 0x41, 0xea, 0xad,
    0x9b, 0x99, 0xb7, 0xb9, 0x4c, 0xf2, 0x52, 0x1,
    0x56, 0x31, 0x10, 0xcf, 0x10, 0x80, 0x4, 0x97,
    0x0, 0x38, 0xe7, 0x7f, 0xbb, 0xbf, 0xee, 0x0,

    /* U+9009 "选" */
    0x0, 0xff, 0xe0, 0x3c, 0x88, 0x7, 0xd4, 0xe0,
    0x1d, 0x18, 0x81, 0x4c, 0x40, 0x1e, 0x45, 0x88,
    0x0, 0x66, 0x37, 0x0, 0xff, 0x25, 0x83, 0xb8,
    0x0, 0xa2, 0x11, 0x64, 0x1b, 0x77, 0x80, 0x24,
    0xa0, 0x82, 0x8, 0x0, 0x22, 0x0, 0x2, 0x89,
    0x84, 0x2, 0x58, 0xb2, 0x82, 0x27, 0x7f, 0x84,
    0x2f, 0xff, 0x8, 0x6, 0x74, 0x0, 0xa4, 0x40,
    0x6, 0xe, 0x1, 0xff, 0xc0, 0x8d, 0x40, 0xf,
    0xfe, 0x37, 0x67, 0x76, 0x20, 0xce, 0xee, 0xa,
    0xff, 0xb8, 0x4, 0x7c, 0x1, 0x8, 0xf0, 0x18,
    0x88, 0x2, 0xff, 0xa8, 0xf, 0xf0, 0xb, 0xff,
    0x4, 0xf7, 0x80, 0x7b, 0x41, 0x40, 0x3f, 0xf8,
    0xcc, 0x1a, 0x1, 0xe2, 0x0, 0xff, 0x48, 0x92,
    0x0, 0x7a, 0x34, 0x80, 0x3c, 0x34, 0xc1, 0xc0,
    0x1, 0x3, 0x11, 0x31, 0x18, 0x7, 0x17, 0x28,
    0x51, 0x80, 0xc, 0x7, 0xb8, 0x64, 0x20, 0x18,
    0x5d, 0xcb, 0xaa, 0x1, 0xc, 0x99, 0xc9, 0x20,
    0x1, 0xa0, 0x5, 0x5, 0x10, 0x7, 0x36, 0x65,
    0x68, 0x3, 0xa8, 0x76, 0xaf, 0x8a, 0x20, 0x1f,
    0x8e, 0xa, 0x8c, 0xb5, 0x2a, 0xe, 0xbb, 0xfb,
    0x7b, 0xaf, 0xf6, 0x31, 0x40, 0x78, 0x80, 0x1f,
    0x58, 0x80, 0x48, 0x46, 0x0, 0xa, 0x81, 0xf1,
    0x0, 0x62, 0x9d, 0xfe, 0xed, 0xff, 0x75, 0x80,

    /* U+900F "透" */
    0x0, 0xff, 0xe2, 0x90, 0x6, 0x86, 0x0, 0xc6,
    0x8a, 0xcf, 0x15, 0x7b, 0xfb, 0x0, 0x4, 0x79,
    0x80, 0x0, 0xe5, 0xd4, 0xc3, 0xab, 0x3b, 0x4d,
    0x80, 0x12, 0x81, 0xdc, 0x3, 0x98, 0xde, 0xf1,
    0xc, 0xa9, 0x63, 0x0, 0x96, 0x82, 0xd, 0xee,
    0xd5, 0x30, 0x21, 0x71, 0x1c, 0x20, 0x5, 0x79,
    0x39, 0x77, 0xe0, 0x2, 0xbb, 0xf1, 0x0, 0x50,
    0xc1, 0xdf, 0xf3, 0x0, 0x64, 0xef, 0xf8, 0xc0,
    0x3f, 0x1e, 0x32, 0x88, 0x3a, 0x62, 0x0, 0x7f,
    0x14, 0xe1, 0xc5, 0x0, 0x26, 0x8a, 0xec, 0x81,
    0x5f, 0xf7, 0x1e, 0xb1, 0x63, 0x83, 0x30, 0x57,
    0x51, 0x16, 0x66, 0x11, 0x0, 0xe, 0x1c, 0xb3,
    0xfc, 0xed, 0xfe, 0xb, 0xb8, 0xe7, 0xbc, 0x2,
    0x7a, 0x55, 0x0, 0x11, 0x40, 0x6, 0x2a, 0x80,
    0x1f, 0x8a, 0xa8, 0x3, 0x74, 0x0, 0xee, 0x9c,
    0x3, 0xfc, 0xc0, 0x80, 0x30, 0xb2, 0x0, 0x20,
    0xf, 0xe1, 0x80, 0x90, 0x17, 0xa6, 0x30, 0x60,
    0xf, 0xcb, 0xe2, 0xc6, 0x1, 0x88, 0xc0, 0x80,
    0x38, 0x45, 0x74, 0x2d, 0x20, 0x17, 0x7e, 0x82,
    0x8, 0x4, 0xc0, 0xe, 0x34, 0xc9, 0x0, 0xd6,
    0xee, 0x9b, 0x0, 0xae, 0x0, 0x81, 0xc1, 0xc4,
    0x3, 0x2c, 0x41, 0x84, 0xca, 0x90, 0x27, 0x74,
    0x69, 0x7d, 0xfd, 0xba, 0xee, 0x7f, 0xbb, 0x6,
    0x42, 0x98, 0xb, 0x29, 0x44, 0x4, 0x88, 0x22,
    0x0, 0x88, 0xcd, 0xaa, 0x1, 0x96, 0xbb, 0xfb,
    0xb7, 0xfe, 0xd0,

    /* U+9010 "逐" */
    0x0, 0x4b, 0x80, 0x55, 0x5e, 0xba, 0xaf, 0x40,
    0x0, 0xda, 0x20, 0x0, 0x55, 0xf2, 0x2a, 0xfc,
    0x0, 0x3b, 0x7, 0x70, 0x7f, 0xea, 0x0, 0x47,
    0xff, 0x68, 0x4, 0x92, 0x10, 0x20, 0x1, 0x9a,
    0x7, 0x70, 0x4, 0x42, 0x1, 0xcc, 0xfa, 0x22,
    0x7f, 0x60, 0x3, 0x10, 0x0, 0x73, 0x90, 0x3,
    0xa0, 0x97, 0xa0, 0x5b, 0xe4, 0x7c, 0x7, 0x5,
    0x50, 0x3, 0xe5, 0x45, 0xd9, 0x2b, 0x2, 0x8c,
    0x26, 0xa0, 0xa, 0xfb, 0xac, 0xb, 0xa2, 0x7d,
    0x28, 0x7, 0x29, 0x90, 0x6, 0x61, 0x1c, 0x0,
    0x6d, 0x83, 0xd7, 0x0, 0xb8, 0x3, 0xb7, 0xf0,
    0x2, 0xb9, 0x38, 0xc2, 0xa0, 0x9, 0xe4, 0x3,
    0xc2, 0x1, 0x53, 0xfb, 0x96, 0x28, 0x0, 0xc5,
    0xa8, 0x3, 0xf8, 0x60, 0x5f, 0x4d, 0xf0, 0x1f,
    0x5, 0x68, 0x3, 0xf9, 0xb6, 0x6, 0xe1, 0xc0,
    0x4b, 0x5, 0xc4, 0x3, 0xc7, 0xf2, 0x4d, 0xe8,
    0x1a, 0x4, 0x5, 0xb8, 0x20, 0x1e, 0x37, 0x76,
    0xcb, 0xac, 0x30, 0x58, 0x0, 0xc4, 0x3, 0x20,
    0x12, 0x44, 0x8, 0x32, 0x9c, 0x1c, 0xc0, 0x3e,
    0x99, 0x0, 0x2e, 0xc6, 0x0, 0x98, 0x9c, 0x80,
    0xf, 0xad, 0x86, 0xf9, 0x53, 0x3b, 0x27, 0x7e,
    0xaa, 0xbc, 0xde, 0x50, 0x30, 0xc4, 0x1a, 0xc6,
    0x3, 0x55, 0x33, 0x15, 0x48, 0x64, 0x28, 0x11,
    0x84, 0x1, 0x1c, 0xf7, 0xee, 0x67, 0x6f, 0x73,
    0xc4,

    /* U+9012 "递" */
    0x0, 0xfe, 0x63, 0x0, 0xc8, 0xa2, 0x1, 0x89,
    0x80, 0x39, 0x27, 0x40, 0x35, 0x51, 0x40, 0x21,
    0xc9, 0x60, 0xc, 0x8a, 0x2c, 0x0, 0x91, 0x64,
    0x0, 0x86, 0x82, 0x48, 0x1b, 0x30, 0x81, 0x59,
    0xac, 0xb, 0x96, 0x1, 0x22, 0x87, 0x0, 0x99,
    0x84, 0xc, 0xc4, 0x0, 0x33, 0x28, 0x6, 0xb1,
    0x61, 0x7f, 0xfd, 0xc0, 0xf, 0xf8, 0x80, 0x38,
    0x7a, 0x84, 0x1b, 0xea, 0x68, 0x1, 0x33, 0x10,
    0x7, 0xfa, 0xc1, 0x59, 0x0, 0xc, 0xd0, 0x6,
    0x78, 0x8c, 0x0, 0x20, 0xdd, 0x58, 0x3, 0x77,
    0x60, 0x2, 0x9d, 0xe6, 0x1, 0x4, 0x22, 0x28,
    0x0, 0x8b, 0x80, 0xa, 0xb0, 0x4, 0xa0, 0x9f,
    0xee, 0x0, 0x7f, 0xf6, 0x4, 0x55, 0x80, 0x61,
    0x4, 0x20, 0x9, 0x12, 0x30, 0x70, 0xf, 0x93,
    0xbe, 0x40, 0x35, 0xdd, 0xe0, 0x20, 0x1f, 0xcb,
    0x84, 0xa0, 0x1c, 0xa0, 0x40, 0x1f, 0x1d, 0xd0,
    0xcd, 0x80, 0x59, 0xd2, 0x18, 0x1, 0xe1, 0xe4,
    0x3d, 0x60, 0xd, 0x44, 0x90, 0x80, 0x15, 0x80,
    0xaf, 0xd6, 0x10, 0x7, 0x36, 0x5b, 0x80, 0x7,
    0x54, 0x1, 0x72, 0x20, 0x10, 0xcd, 0x0, 0x70,
    0x8b, 0x48, 0x9d, 0xa8, 0x8b, 0xfe, 0xdc, 0xa9,
    0xdd, 0x77, 0xfb, 0x96, 0x3, 0xc4, 0xae, 0xca,
    0x22, 0x23, 0x38, 0x88, 0x20, 0x12, 0x23, 0x8,
    0x2, 0x4a, 0xee, 0x6e, 0x66, 0xde, 0xe7, 0xf8,
    0x0,

    /* U+9014 "途" */
    0x0, 0xff, 0xe0, 0xca, 0x80, 0x7f, 0x24, 0x0,
    0x7e, 0x96, 0xa1, 0x0, 0xf8, 0x69, 0xf8, 0xc0,
    0x3a, 0x58, 0x1, 0xa2, 0x1, 0xe1, 0xf4, 0x1c,
    0x60, 0x0, 0xe3, 0xe, 0xb9, 0xf3, 0x80, 0x78,
    0x6d, 0x80, 0x81, 0x7c, 0xcb, 0xca, 0x24, 0x23,
    0x54, 0x3, 0xd3, 0xa1, 0x94, 0x25, 0xc6, 0x44,
    0x4a, 0x2, 0xae, 0x40, 0xe, 0x23, 0x30, 0xb9,
    0x66, 0xee, 0xa0, 0x81, 0x24, 0x0, 0xf3, 0xd7,
    0x4b, 0x31, 0x40, 0xc, 0xd3, 0xf6, 0x80, 0x33,
    0xfe, 0xe0, 0x50, 0x19, 0x95, 0x80, 0xcc, 0xc0,
    0x1, 0x0, 0x31, 0x10, 0x2, 0x7b, 0xbd, 0xa0,
    0x37, 0x7d, 0x20, 0xa, 0xdc, 0x0, 0xb5, 0x13,
    0x18, 0x1, 0x13, 0xc0, 0x1f, 0xab, 0xfb, 0xfd,
    0xa0, 0xf, 0xf6, 0xff, 0xb4, 0x3, 0xfd, 0xfa,
    0x26, 0x2, 0xd, 0xb0, 0x1, 0xff, 0x40, 0xb8,
    0x80, 0x67, 0x17, 0x50, 0xf, 0xe4, 0x71, 0xb0,
    0xe, 0x1a, 0xb, 0x10, 0xf, 0x8a, 0xc2, 0x84,
    0xc, 0x3, 0x23, 0xc, 0x0, 0x63, 0x1, 0x3b,
    0x94, 0x3f, 0xd0, 0x30, 0xa, 0x1e, 0x0, 0x23,
    0xc0, 0x6, 0x3b, 0x1, 0xaa, 0x9f, 0xc0, 0x21,
    0x81, 0x0, 0x1e, 0xa, 0x31, 0x64, 0x98, 0x55,
    0x20, 0x80, 0x31, 0x29, 0x6, 0x82, 0x5c, 0xe0,
    0xb6, 0x7f, 0x6e, 0xee, 0xff, 0x6d, 0x18, 0x41,
    0x58, 0x0, 0xfa, 0x50, 0x44, 0x45, 0x84, 0x0,
    0x26, 0x20, 0xd8, 0x1, 0xcd, 0x7d, 0xfd, 0xdb,
    0xfe, 0xec, 0x0,

    /* U+901A "通" */
    0x0, 0x20, 0x80, 0x69, 0xaa, 0xfe, 0xf6, 0x0,
    0x96, 0xf0, 0x80, 0x24, 0x55, 0xfe, 0xb, 0x0,
    0x95, 0xb, 0xc, 0x1, 0xbf, 0xaf, 0xbf, 0xed,
    0x30, 0x4c, 0x0, 0xd6, 0xa3, 0xa6, 0x1, 0x43,
    0xee, 0x6e, 0x8e, 0x2c, 0x40, 0x3a, 0x90, 0x40,
    0x35, 0x6b, 0x19, 0x3, 0xb8, 0x3, 0xf5, 0xe9,
    0x86, 0x6e, 0xbd, 0x0, 0x27, 0xff, 0x8c, 0x3,
    0xc4, 0x0, 0x32, 0x66, 0x80, 0x2, 0x48, 0x0,
    0x70, 0x2, 0xae, 0x40, 0xd, 0x77, 0x18, 0x7e,
    0xdb, 0x0, 0x6a, 0xae, 0x0, 0xdf, 0xf1, 0x87,
    0x7f, 0x98, 0x3, 0x33, 0x14, 0x3, 0xce, 0xf0,
    0x1, 0x5d, 0xc0, 0x1d, 0x32, 0xb0, 0xf, 0x44,
    0x46, 0x17, 0x10, 0x60, 0xf, 0xfe, 0xc, 0xcc,
    0x61, 0x53, 0x26, 0x0, 0xff, 0xe0, 0xb3, 0x40,
    0x4, 0x66, 0x0, 0x7f, 0xf0, 0xbf, 0xe3, 0xe,
    0xff, 0x30, 0x7, 0xff, 0x24, 0xc0, 0x3c, 0x60,
    0x20, 0x1f, 0xeb, 0xf5, 0x6, 0x0, 0x8f, 0x0,
    0x14, 0xe, 0xe0, 0xa, 0x60, 0x7d, 0x9f, 0x8,
    0x0, 0x7a, 0x2a, 0xb6, 0xea, 0x0, 0x25, 0x70,
    0x49, 0x83, 0x21, 0xd, 0x17, 0xaa, 0x49, 0x57,
    0xee, 0x5d, 0xec, 0xde, 0xfd, 0x0, 0x31, 0xc0,
    0x1, 0xba, 0xc, 0xe4, 0x4c, 0x64, 0x20, 0x62,
    0x11, 0xa0, 0x18, 0x5f, 0x3b, 0xfd, 0xdc, 0xff,
    0xec, 0x0,

    /* U+901F "速" */
    0x0, 0xff, 0xe0, 0xe, 0x58, 0x7, 0xe1, 0xa5,
    0x0, 0xfe, 0x35, 0x0, 0xfc, 0xeb, 0x4c, 0x0,
    0x8a, 0xad, 0xa0, 0x35, 0x5e, 0x0, 0x34, 0x4,
    0xa8, 0x2a, 0xf1, 0x80, 0x15, 0x7c, 0x1, 0x3b,
    0x5, 0x16, 0x77, 0x6c, 0x0, 0x77, 0x78, 0x3,
    0x49, 0xb9, 0x8, 0xf8, 0x0, 0x23, 0xe0, 0xe,
    0xc8, 0x1, 0xff, 0xda, 0x0, 0xff, 0xe0, 0xf,
    0xf8, 0x59, 0x88, 0x0, 0x66, 0x28, 0x7, 0x4c,
    0xf0, 0x4, 0x73, 0x2a, 0x1, 0x99, 0x58, 0x7,
    0x33, 0x70, 0x7, 0x8c, 0x4, 0x0, 0x60, 0x1d,
    0x77, 0x0, 0x71, 0x7f, 0xb4, 0x1, 0xfe, 0xd0,
    0xe, 0x44, 0x80, 0x21, 0x66, 0x94, 0x3, 0x33,
    0x4e, 0x1, 0xfe, 0x99, 0x98, 0x3, 0x25, 0x4c,
    0x0, 0x7f, 0xc5, 0xa6, 0xc0, 0x7, 0x2c, 0x70,
    0xf, 0xf9, 0xf4, 0xa2, 0x0, 0x31, 0x63, 0x16,
    0x20, 0x1f, 0xb6, 0x2, 0x5c, 0x3, 0x27, 0x9a,
    0x38, 0x6, 0x20, 0x0, 0xca, 0x6b, 0x0, 0x78,
    0x72, 0x98, 0x2, 0x4d, 0x0, 0x7b, 0xd9, 0x0,
    0x46, 0xa0, 0x19, 0x40, 0x24, 0xb0, 0xbd, 0x3c,
    0x93, 0x0, 0xe, 0x58, 0x4, 0x4b, 0x48, 0x36,
    0x14, 0x85, 0xaa, 0xd9, 0xfb, 0x99, 0xb7, 0xf6,
    0x95, 0x42, 0xca, 0xa0, 0xa, 0xad, 0x48, 0x86,
    0x78, 0x80, 0x2, 0x62, 0x13, 0x60, 0x1c, 0x95,
    0xbf, 0xee, 0xeb, 0xfe, 0xec, 0x0,

    /* U+9020 "造" */
    0x0, 0xfc, 0x24, 0x0, 0x89, 0x10, 0xf, 0x99,
    0x80, 0x1d, 0x7a, 0xe0, 0xcc, 0x30, 0xf, 0x1c,
    0xc9, 0xc0, 0x21, 0x50, 0x50, 0xf, 0xf1, 0xe0,
    0x43, 0x80, 0x24, 0x1, 0xbe, 0x21, 0xbf, 0xf8,
    0x80, 0x7, 0x61, 0x6, 0x4e, 0x0, 0x22, 0x0,
    0x44, 0x58, 0x3, 0x24, 0xd1, 0xf8, 0x27, 0xee,
    0x84, 0x37, 0x78, 0x80, 0x33, 0x28, 0x7b, 0x50,
    0x7, 0xff, 0x14, 0x75, 0xbb, 0xfe, 0x10, 0xdf,
    0xfe, 0x14, 0x55, 0x90, 0x8, 0xbc, 0x0, 0x22,
    0xf0, 0x4d, 0x56, 0x1d, 0xdf, 0x7f, 0xb7, 0x7c,
    0x34, 0xca, 0x1, 0x86, 0x67, 0xfc, 0x40, 0x7,
    0x9b, 0x0, 0xc6, 0xcd, 0xff, 0x0, 0x7f, 0xc5,
    0xdd, 0xe3, 0x0, 0xff, 0xe1, 0x8, 0xf8, 0x3,
    0xff, 0xae, 0x5f, 0xfe, 0x30, 0xf, 0xc2, 0x0,
    0x34, 0x4f, 0xf3, 0x80, 0x43, 0xa0, 0xc, 0x11,
    0x5d, 0xff, 0x8c, 0x0, 0x38, 0x6d, 0x45, 0xec,
    0x1, 0xfe, 0x39, 0x6b, 0x24, 0x95, 0xc0, 0x9f,
    0xec, 0xbb, 0x66, 0x37, 0x5f, 0x8c, 0xb2, 0x34,
    0x0, 0x2e, 0x83, 0x13, 0x44, 0x19, 0x88, 0x80,
    0x1, 0x23, 0xf1, 0x0, 0xcf, 0x9f, 0xee, 0xee,
    0xff, 0xb8, 0x40,

    /* U+903B "逻" */
    0x0, 0xff, 0xe6, 0x4e, 0x0, 0x43, 0xff, 0xff,
    0xc0, 0xa0, 0x9, 0x4f, 0x0, 0x30, 0xa1, 0x2,
    0x20, 0x9, 0xc, 0x4, 0x2, 0xd2, 0x3c, 0x0,
    0x96, 0xe8, 0x2e, 0xc3, 0x57, 0xc0, 0x1c, 0x38,
    0x26, 0xc0, 0x1f, 0xfc, 0x61, 0xaa, 0x30, 0x1,
    0x6a, 0xc2, 0xa8, 0x37, 0x50, 0x1, 0xf2, 0x28,
    0x4, 0x2a, 0x60, 0xaa, 0x3, 0x55, 0x0, 0x62,
    0x2e, 0x1, 0xff, 0x9c, 0x1f, 0xff, 0xd6, 0x0,
    0xdd, 0xd8, 0x1, 0x89, 0xc2, 0x80, 0x30, 0x80,
    0x61, 0x18, 0x3, 0x87, 0xc0, 0x1b, 0xff, 0xba,
    0x80, 0x2e, 0xe7, 0x80, 0x62, 0xc2, 0x6, 0x6e,
    0x0, 0x10, 0x7, 0xf3, 0x69, 0x2d, 0xc4, 0xcd,
    0x80, 0x32, 0x1, 0xfc, 0x40, 0xfd, 0x7e, 0x80,
    0x94, 0x14, 0x20, 0x1f, 0xc9, 0xf0, 0x90, 0x37,
    0xb6, 0x12, 0x80, 0x1f, 0xfc, 0x27, 0x60, 0x20,
    0x96, 0x0, 0xff, 0xe1, 0x2e, 0x30, 0x1e, 0xb0,
    0x7, 0xe8, 0x1, 0x0, 0x67, 0xd1, 0x9a, 0xb0,
    0x80, 0x3f, 0x5b, 0x0, 0x34, 0x90, 0x9f, 0x71,
    0x40, 0x3f, 0xad, 0xb, 0xa0, 0xb4, 0x66, 0x44,
    0x1, 0xe2, 0x47, 0x64, 0x40, 0x78, 0xbd, 0x8b,
    0x5f, 0x7f, 0x75, 0xff, 0x6d, 0xc1, 0x22, 0x1c,
    0x80, 0x9, 0xd2, 0x82, 0x2, 0x30, 0x6, 0x11,
    0x28, 0x54, 0x0, 0x73, 0x5f, 0x7f, 0x76, 0xff,
    0xbb, 0x82,

    /* U+9053 "道" */
    0x0, 0xfe, 0x47, 0x0, 0xe5, 0x40, 0xf, 0x39,
    0x0, 0x75, 0x42, 0x80, 0x45, 0x56, 0x40, 0x19,
    0xe3, 0x8, 0x3, 0x58, 0x40, 0x5, 0x21, 0x4,
    0x1, 0x9d, 0x47, 0xc4, 0xb3, 0x12, 0x3, 0x98,
    0xe4, 0xb, 0xcc, 0x50, 0x5, 0x46, 0x54, 0x24,
    0x50, 0x91, 0x98, 0x46, 0x22, 0x98, 0x3, 0x69,
    0xc1, 0xf7, 0x71, 0x5, 0x77, 0x76, 0x0, 0x61,
    0xc3, 0x0, 0x2b, 0xba, 0x48, 0x9, 0xdf, 0x0,
    0x7f, 0xd1, 0x13, 0x0, 0x22, 0x38, 0x80, 0x2a,
    0xbb, 0xa8, 0x3, 0x6f, 0xff, 0x84, 0x3, 0x95,
    0x13, 0x0, 0x65, 0x66, 0xf0, 0x80, 0x76, 0x5d,
    0x80, 0x3d, 0x13, 0x3e, 0x0, 0xf1, 0xa2, 0x80,
    0x7b, 0x7f, 0xfc, 0x20, 0x1f, 0xfc, 0x2a, 0x77,
    0xf0, 0x80, 0x7f, 0xf0, 0x9e, 0x23, 0xc0, 0x1f,
    0xfc, 0x3d, 0xff, 0xf0, 0x80, 0x7f, 0xf0, 0xae,
    0x23, 0xc2, 0x1, 0xf1, 0x80, 0x80, 0x4, 0x19,
    0xdf, 0xc0, 0x3, 0x0, 0xc7, 0x80, 0xc, 0x1c,
    0xff, 0xff, 0x8, 0x4, 0x98, 0x35, 0x65, 0xce,
    0x40, 0x1f, 0x85, 0x68, 0x45, 0x61, 0x4a, 0x98,
    0x71, 0xbd, 0xb9, 0x79, 0x8d, 0xee, 0x52, 0x8,
    0x99, 0x8a, 0x0, 0x2c, 0xa5, 0x2, 0x34, 0x33,
    0x10, 0x80, 0xb8, 0x2, 0x64, 0x1, 0xcb, 0x5d,
    0xfe, 0xee, 0xbf, 0xee, 0x90,

    /* U+9065 "遥" */
    0x0, 0xff, 0xe2, 0xa, 0x30, 0x7, 0x8, 0x80,
    0x23, 0x45, 0x68, 0x9a, 0xdf, 0xeb, 0x9b, 0x0,
    0x87, 0x3d, 0x40, 0x13, 0x75, 0x2e, 0xce, 0x2a,
    0xf3, 0x96, 0x1, 0xa, 0xd, 0x48, 0x45, 0x3f,
    0x7d, 0x3e, 0x54, 0x6, 0xb8, 0x6, 0x9a, 0x6,
    0x82, 0xf7, 0x50, 0x35, 0x80, 0x4, 0xa, 0x0,
    0x72, 0xe2, 0x48, 0x58, 0x48, 0x30, 0x30, 0x48,
    0xb9, 0x80, 0x78, 0xec, 0x40, 0x48, 0x86, 0x13,
    0xa0, 0x66, 0x80, 0xf, 0xf8, 0x48, 0x22, 0x6b,
    0xe4, 0xd6, 0x60, 0x2, 0xaf, 0xfb, 0x80, 0x70,
    0x0, 0x8c, 0x66, 0x66, 0xe0, 0x8, 0xc8, 0x80,
    0x16, 0x95, 0x7f, 0xb8, 0x7, 0xff, 0x70, 0x5,
    0x3b, 0x80, 0x15, 0xa6, 0xc4, 0x40, 0x31, 0x1e,
    0x0, 0xfd, 0x68, 0xef, 0x30, 0x1, 0xdf, 0xc0,
    0x1f, 0xb3, 0xb7, 0xb9, 0xa0, 0xe, 0xeb, 0x7b,
    0x80, 0x1f, 0xdf, 0xa0, 0x26, 0x2, 0x31, 0xef,
    0x88, 0x7, 0xff, 0x56, 0xaf, 0x40, 0x6e, 0xdc,
    0x1, 0xf2, 0x80, 0x90, 0x18, 0x22, 0xc, 0x0,
    0x88, 0x30, 0x30, 0xc, 0x96, 0x0, 0xc4, 0xdf,
    0xff, 0xf6, 0x80, 0x47, 0x61, 0x5a, 0x77, 0x26,
    0x1, 0xf8, 0x92, 0x4c, 0x34, 0x21, 0x4b, 0x11,
    0xb3, 0xfb, 0x77, 0x77, 0xed, 0xb1, 0x84, 0x1b,
    0x80, 0x6, 0xec, 0xa2, 0x22, 0x2c, 0x20, 0x1,
    0x30, 0x3, 0x68, 0x7, 0x25, 0x77, 0xf7, 0x6f,
    0xfb, 0xb0, 0x0,

    /* U+907F "避" */
    0x0, 0xff, 0xe1, 0x9c, 0x8, 0x7, 0x14, 0x0,
    0x68, 0xf9, 0x99, 0x80, 0xc, 0xf2, 0x1, 0xd2,
    0xf6, 0x1, 0x38, 0x33, 0x54, 0x0, 0x50, 0x60,
    0xe, 0xa1, 0x47, 0x0, 0x87, 0xb8, 0x0, 0x9f,
    0xf0, 0xf, 0xfb, 0x0, 0x3, 0x41, 0x6, 0x0,
    0x21, 0x10, 0x3, 0x91, 0x3c, 0xa0, 0x12, 0x30,
    0x80, 0x7e, 0x7c, 0x6b, 0xb0, 0xac, 0x0, 0x68,
    0xe3, 0x0, 0x1d, 0xd8, 0x2, 0x22, 0x18, 0x2a,
    0x84, 0x3, 0x8, 0x0, 0x40, 0x8, 0x80, 0x70,
    0x70, 0x65, 0xf, 0x0, 0x84, 0x70, 0x18, 0x37,
    0xfd, 0x73, 0x23, 0x9a, 0xf, 0xb0, 0x3e, 0xec,
    0x2c, 0x2, 0x38, 0x15, 0xc, 0xc0, 0x4, 0x40,
    0x9, 0x10, 0x2, 0x30, 0x7e, 0xed, 0x9f, 0xe1,
    0xf, 0xf8, 0xb, 0x74, 0x40, 0xc, 0x0, 0x2c,
    0x18, 0x7, 0xff, 0xc, 0xd0, 0x83, 0xdd, 0x42,
    0x3f, 0xc2, 0x1f, 0xec, 0x0, 0xf5, 0x82, 0x80,
    0x76, 0xaa, 0x80, 0xa, 0xa4, 0x0, 0xf3, 0x85,
    0x0, 0x72, 0xd5, 0x4, 0x2a, 0x90, 0x1, 0xec,
    0xa3, 0xf, 0x75, 0x0, 0xff, 0xe0, 0x90, 0x52,
    0x80, 0x16, 0xc, 0x3, 0xfe, 0x3e, 0x0, 0x3e,
    0xbe, 0xf7, 0x5e, 0x1, 0x55, 0x0, 0x32, 0x60,
    0xb7, 0x49, 0xce, 0xea, 0xae, 0x26, 0x55, 0xdc,
    0xcd, 0xf1, 0x51, 0x69, 0x16, 0xf8, 0x33, 0x22,
    0xb3, 0x4a, 0xa4, 0x32, 0x20, 0x8b, 0x64, 0x2,
    0x17, 0xcf, 0xec, 0xce, 0xdd, 0x77, 0xe8, 0x0,

    /* U+90E8 "部" */
    0x0, 0xc7, 0x4, 0x1, 0xff, 0xc6, 0xb7, 0x80,
    0xe, 0x17, 0x7e, 0x91, 0x0, 0xea, 0x5, 0x10,
    0xc, 0x71, 0x1c, 0xd8, 0xb, 0xff, 0x68, 0x3,
    0xbf, 0xe2, 0x0, 0x14, 0x40, 0x41, 0xc0, 0x48,
    0xbe, 0x12, 0x21, 0x80, 0x19, 0xdc, 0x41, 0xc0,
    0x9a, 0x27, 0xbb, 0x84, 0x30, 0x40, 0x30, 0x98,
    0xa0, 0x4, 0xc2, 0xc0, 0x5, 0x1, 0x10, 0x7,
    0x38, 0x48, 0x6, 0xe0, 0xa0, 0x7, 0x84, 0x80,
    0x7a, 0x81, 0x80, 0x32, 0x83, 0x81, 0x28, 0x20,
    0x7, 0x9, 0xa8, 0x80, 0x3f, 0xdc, 0x9, 0xfa,
    0x0, 0xef, 0xa0, 0x8, 0xc1, 0x80, 0x22, 0x2f,
    0xfe, 0x0, 0x4, 0x52, 0x72, 0x0, 0xdd, 0xff,
    0xa0, 0x3, 0x31, 0x30, 0x80, 0x8, 0xcf, 0xf1,
    0x0, 0x7a, 0x81, 0x80, 0x1d, 0x99, 0xfa, 0x40,
    0x3c, 0x61, 0xa0, 0x19, 0x13, 0x8c, 0x3, 0xf3,
    0x80, 0x80, 0x69, 0xbb, 0xd2, 0x1, 0xfa, 0xc0,
    0x80, 0x3f, 0xf8, 0x95, 0xee, 0x1a, 0x1, 0x84,
    0x3, 0x18, 0x7, 0xbc, 0x92, 0x90, 0x3, 0x67,
    0xfe, 0x90, 0xf, 0x2e, 0xda, 0x80, 0x70, 0x99,
    0xe0, 0xf, 0xfe, 0x26, 0x67, 0x59, 0x10, 0x3,
    0xfc,

    /* U+90FD "都" */
    0x0, 0xe4, 0x40, 0x7, 0xff, 0x22, 0xe8, 0x2,
    0x26, 0x23, 0x44, 0xe6, 0x0, 0xfc, 0x20, 0x14,
    0x4a, 0xe5, 0xdf, 0x4e, 0x88, 0x17, 0xfc, 0x0,
    0xff, 0x52, 0x83, 0x80, 0x11, 0x20, 0x1, 0x88,
    0x19, 0xe0, 0x1, 0x99, 0x42, 0x0, 0x2a, 0xbb,
    0x20, 0x30, 0x0, 0x73, 0x20, 0x1c, 0x80, 0x17,
    0x0, 0xe1, 0x40, 0x90, 0xf, 0xc3, 0x41, 0x40,
    0x1e, 0x60, 0x61, 0x1, 0xff, 0xc0, 0x3c, 0x21,
    0x7e, 0x60, 0x1a, 0x82, 0xc0, 0x22, 0x2c, 0x1,
    0x88, 0xa1, 0x0, 0x90, 0x94, 0x80, 0x3, 0xbb,
    0x94, 0xb, 0xb7, 0x62, 0x0, 0xb0, 0x3, 0xf0,
    0xea, 0x8f, 0x88, 0x80, 0x3d, 0x8, 0xb0, 0x1,
    0x97, 0x88, 0x7, 0x7f, 0xbc, 0x40, 0x3a, 0xc5,
    0xc8, 0xf, 0x28, 0x0, 0x8a, 0xb0, 0x7, 0xf4,
    0x85, 0x80, 0x98, 0x80, 0x2e, 0xaa, 0x10, 0xf,
    0xca, 0x8, 0x5, 0x7e, 0x21, 0x55, 0x84, 0x3,
    0xf1, 0x81, 0x0, 0x10, 0x40, 0xa, 0xb8, 0x3,
    0xf9, 0x0, 0x40, 0x3d, 0xff, 0x84, 0x3, 0x8b,
    0x36, 0x81, 0x0, 0x3f, 0xf8, 0x84, 0x24, 0x7,
    0x60, 0x1e, 0xff, 0xc2, 0x1, 0xef, 0xce, 0xc1,
    0x0, 0xf2, 0xae, 0x0, 0xf8, 0x8c, 0x40, 0x3f,
    0x55, 0x61, 0x0, 0xff, 0xe1, 0xf7, 0x80, 0x6e,
    0xf1, 0xe, 0xe0, 0x80, 0x78,

    /* U+914D "配" */
    0x1f, 0xff, 0xf1, 0xe6, 0x7e, 0x10, 0x11, 0x80,
    0x30, 0x8c, 0xe6, 0x7f, 0xc3, 0xdd, 0x4, 0xa0,
    0x77, 0x49, 0x99, 0xe1, 0x0, 0xff, 0xe1, 0x19,
    0xf8, 0x3, 0x35, 0xd8, 0x25, 0x2, 0xec, 0xc0,
    0x1f, 0xf7, 0xa2, 0x0, 0x32, 0x23, 0xc0, 0x3f,
    0xf8, 0x3c, 0x72, 0x17, 0xa0, 0x1f, 0xfc, 0x31,
    0x73, 0x27, 0x30, 0x0, 0xf7, 0xe6, 0x61, 0x0,
    0xf3, 0x88, 0x7, 0x18, 0x81, 0x9e, 0x0, 0xf8,
    0xd4, 0x3, 0xf6, 0xee, 0x0, 0xf3, 0x18, 0x8b,
    0x78, 0x3, 0x9, 0x16, 0x65, 0x30, 0xb, 0xfc,
    0x1b, 0x54, 0x0, 0xfe, 0x9a, 0x10, 0xa, 0x4c,
    0x5, 0x10, 0x1, 0xff, 0xc3, 0xff, 0xee, 0x0,
    0xff, 0xe1, 0xbb, 0xf2, 0x80, 0x7f, 0xb5, 0x80,
    0x28, 0x8e, 0xb0, 0xf, 0xf1, 0x40, 0x5, 0x33,
    0xd6, 0x1, 0xfc, 0x20, 0x40, 0x13, 0x37, 0x28,
    0x0, 0xc0, 0x44, 0x1, 0x20, 0x30, 0x5, 0xdd,
    0xda, 0x0, 0x11, 0x7, 0x7f, 0xd4, 0x1e, 0x1,
    0x8, 0xf1, 0x90, 0x85, 0x90, 0x7, 0x32, 0x84,
    0x68, 0x7, 0xe, 0xc0, 0x2e, 0xff, 0xf4, 0x80,

    /* U+9192 "醒" */
    0xaa, 0x5e, 0x55, 0xda, 0xa8, 0x31, 0x77, 0xf8,
    0x0, 0xaa, 0x43, 0x54, 0x42, 0xa8, 0xd1, 0x3f,
    0x84, 0x3b, 0x94, 0x16, 0x47, 0xdc, 0x20, 0x7,
    0x7f, 0xe2, 0x0, 0x84, 0x60, 0x71, 0x71, 0x10,
    0x5, 0x11, 0xc6, 0x1, 0x23, 0xc0, 0x49, 0xa3,
    0xb8, 0x2, 0x67, 0x7c, 0x20, 0x17, 0x41, 0x82,
    0x80, 0x22, 0x0, 0x17, 0x7f, 0xe2, 0x0, 0xeb,
    0x8, 0x5, 0x30, 0xd, 0x73, 0x38, 0xc0, 0x39,
    0x1, 0xf, 0x1c, 0x3, 0x2b, 0x36, 0x10, 0xf,
    0x84, 0x3, 0xb1, 0xaf, 0xde, 0x3f, 0xe1, 0x0,
    0x8c, 0x8, 0x3, 0x91, 0x8c, 0x1e, 0x80, 0x3e,
    0x94, 0x7, 0xb4, 0x0, 0x70, 0x55, 0x81, 0x5d,
    0xce, 0x1, 0x34, 0x84, 0xd8, 0x0, 0xd4, 0x9,
    0x0, 0x8, 0x97, 0x0, 0x58, 0x40, 0x4c, 0x81,
    0xc1, 0x9f, 0xe0, 0x2f, 0xfa, 0x40, 0x2b, 0xbe,
    0x40, 0xb8, 0x30, 0x10, 0x30, 0xf, 0x91, 0x38,
    0x0, 0xc3, 0xfe, 0xe0, 0x1f, 0xf8, 0x3, 0x7f,
    0xf2, 0x0, 0x15, 0x98, 0xa0, 0x6, 0x68, 0x3,
    0x33, 0x72, 0x0, 0xe, 0x65, 0x40, 0x53, 0x30,
    0x6, 0x99, 0xe0, 0x1, 0x4c, 0xd4, 0x5, 0x33,
    0x88, 0x1, 0xff, 0xc8, 0xc, 0xd9, 0x40, 0xc,
    0xdc, 0x1, 0xfe, 0x11, 0xff, 0x0,

    /* U+91C7 "采" */
    0x0, 0xff, 0xe2, 0x12, 0x8, 0x7, 0xe1, 0x23,
    0x45, 0x78, 0xab, 0xdf, 0xdb, 0xd0, 0xe, 0xef,
    0xf7, 0x6e, 0x5d, 0x43, 0xaa, 0x10, 0x0, 0x9d,
    0x0, 0x31, 0x0, 0x88, 0x8d, 0x15, 0x9e, 0x6f,
    0x3b, 0xf6, 0xd0, 0x3, 0x67, 0xf7, 0x37, 0x2c,
    0x96, 0x19, 0xc, 0x43, 0xac, 0x80, 0x3a, 0x7c,
    0xc0, 0x25, 0x37, 0x0, 0xce, 0x2a, 0x60, 0x1d,
    0xc1, 0xe0, 0x15, 0x85, 0x0, 0x69, 0x8, 0x10,
    0xe, 0x72, 0x35, 0x0, 0x38, 0x10, 0x80, 0x20,
    0x4d, 0x80, 0x3e, 0xb0, 0x90, 0x0, 0xa4, 0x8,
    0x13, 0x87, 0x0, 0x7e, 0x76, 0xf0, 0x1, 0x24,
    0x0, 0x10, 0x20, 0x80, 0x38, 0x46, 0x8, 0x21,
    0x13, 0x0, 0x8, 0x5f, 0x58, 0x47, 0x0, 0x37,
    0xbb, 0xeb, 0x0, 0x6f, 0x73, 0x7b, 0xb6, 0x80,
    0x1c, 0x3, 0xff, 0x8c, 0xe0, 0xb, 0xff, 0xeb,
    0x0, 0xe1, 0xcf, 0xfe, 0xb0, 0xf, 0x96, 0xc1,
    0x0, 0xc, 0x38, 0x80, 0x1f, 0xf3, 0xd0, 0x2c,
    0x80, 0x25, 0x82, 0xdc, 0x3, 0xf0, 0xdc, 0x2,
    0xd0, 0x6, 0x96, 0x8, 0xb1, 0x0, 0xe7, 0xe4,
    0x8, 0xa0, 0xf, 0x4c, 0x2, 0x74, 0x8, 0xf,
    0x40, 0xd, 0xb8, 0x7, 0xe7, 0xc1, 0x7, 0xf1,
    0x14, 0x3, 0xf2, 0x0, 0x7f, 0x8f, 0x9c, 0x2c,
    0x41, 0xba, 0x0, 0x3f, 0xf8, 0x51, 0xca, 0x0,

    /* U+91CC "里" */
    0x0, 0xb3, 0x77, 0xff, 0x85, 0x80, 0x1c, 0x45,
    0xff, 0xc4, 0x0, 0xfb, 0x7f, 0xee, 0x1, 0xff,
    0xd8, 0x1, 0xff, 0xd2, 0x9b, 0xbb, 0x40, 0x6e,
    0xf7, 0x80, 0x7f, 0x22, 0x63, 0x0, 0x22, 0x63,
    0x0, 0xfe, 0xcf, 0xfb, 0x40, 0x7f, 0xf5, 0x80,
    0x7f, 0x8, 0x4, 0x60, 0x1e, 0x70, 0xf, 0xe9,
    0xaa, 0xb4, 0x6, 0xab, 0x40, 0x7, 0xf2, 0x2a,
    0xc6, 0x0, 0x55, 0xc8, 0x1, 0xf6, 0x67, 0xa4,
    0x1, 0x99, 0xf0, 0x7, 0x11, 0x9f, 0x28, 0x0,
    0xcf, 0xc4, 0x1, 0x84, 0x8b, 0xcc, 0x0, 0x22,
    0xf8, 0x40, 0x28, 0xdd, 0xf5, 0x0, 0x37, 0x7e,
    0x90, 0xb, 0x88, 0xbc, 0x1, 0x11, 0x7d, 0xc0,
    0x13, 0xee, 0xfb, 0x0, 0x1b, 0xbf, 0x30, 0x7,
    0xff, 0x28, 0x7f, 0xff, 0x60, 0x3, 0xff, 0xf5,
    0x0, 0x7f, 0xf2, 0x40,

    /* U+91CD "重" */
    0x0, 0xff, 0xe0, 0x92, 0x31, 0x80, 0x61, 0x67,
    0x74, 0x4d, 0x5e, 0x6f, 0xfb, 0x6e, 0x74, 0x3,
    0xc, 0xc4, 0x1d, 0x95, 0xc, 0x8d, 0x1a, 0x2b,
    0x40, 0x3b, 0x31, 0xba, 0xef, 0xd0, 0x1c, 0xb9,
    0x75, 0x30, 0xa, 0x2a, 0x65, 0x10, 0xba, 0xf0,
    0x1a, 0xaf, 0xd0, 0xab, 0xf8, 0x80, 0xa, 0xbf,
    0x93, 0x7f, 0xfe, 0xd0, 0x1f, 0xff, 0xd8, 0x0,
    0xbf, 0xfe, 0xd0, 0x1f, 0xff, 0x20, 0x6, 0x70,
    0x68, 0x89, 0x40, 0x11, 0x18, 0x40, 0x3f, 0x63,
    0x35, 0xc0, 0x6, 0x6c, 0x60, 0x1f, 0xab, 0xba,
    0xb0, 0x7, 0x76, 0x20, 0xf, 0xd3, 0x99, 0x48,
    0x3, 0x33, 0x10, 0x7, 0xee, 0x55, 0xbc, 0x0,
    0xab, 0x8c, 0x3, 0xf3, 0xcc, 0xcc, 0x0, 0x99,
    0xc2, 0x1, 0xec, 0xff, 0xec, 0x0, 0x7f, 0xf9,
    0x0, 0x23, 0xaa, 0xf7, 0x0, 0x2a, 0xbe, 0x50,
    0x3, 0xaa, 0xf8, 0x80, 0xa, 0xbf, 0x10, 0x1,
    0x3f, 0xfd, 0xa0, 0x3f, 0xff, 0x38, 0x55, 0xdf,
    0xd8, 0x3, 0x77, 0xfa, 0x91, 0x3f, 0x8, 0x1,
    0x13, 0xf8,

    /* U+91CF "量" */
    0x0, 0x84, 0x7f, 0xf8, 0x40, 0x1e, 0x2e, 0xef,
    0xfe, 0x10, 0x80, 0x7c, 0x5f, 0xff, 0xe0, 0xf,
    0xf1, 0x7f, 0xff, 0x80, 0x3f, 0xc3, 0xbb, 0xfe,
    0x0, 0xff, 0xc, 0xcf, 0xf8, 0x3, 0xf1, 0xbb,
    0x8c, 0xff, 0xce, 0xe1, 0x0, 0xa2, 0x60, 0x47,
    0xff, 0x85, 0x32, 0x80, 0x66, 0xff, 0xe4, 0x7,
    0x7e, 0xdd, 0xff, 0xf0, 0xb3, 0xf8, 0x2, 0xab,
    0xb5, 0x56, 0xbb, 0x55, 0x6b, 0xb4, 0x0, 0x7d,
    0x1f, 0xf8, 0x1, 0xff, 0xa4, 0x3, 0xfa, 0x3b,
    0xb0, 0x3, 0xbb, 0x48, 0x7, 0xf4, 0x77, 0x60,
    0x7, 0x76, 0x90, 0xf, 0xe8, 0xee, 0xc0, 0xe,
    0xed, 0x20, 0x1f, 0x4e, 0xef, 0x80, 0x1b, 0xbe,
    0xa0, 0xc, 0x3f, 0x99, 0xda, 0x0, 0xcc, 0xf7,
    0x90, 0x4, 0x33, 0x3e, 0x70, 0x4, 0xcf, 0xc6,
    0x1, 0x9d, 0xfd, 0x0, 0x7, 0x7f, 0x84, 0x1,
    0xff, 0xfc, 0x0, 0xff, 0xfe, 0x0, 0xff, 0xe5,
    0x0,

    /* U+9488 "针" */
    0x0, 0x84, 0x40, 0x1f, 0xc4, 0x40, 0xf, 0xd7,
    0xca, 0x1, 0xfb, 0x34, 0xc0, 0x3c, 0x4a, 0x8,
    0x1, 0xff, 0xc5, 0x90, 0x7, 0x7f, 0xc2, 0x1,
    0xff, 0xc0, 0x84, 0x0, 0x8, 0xe0, 0xf, 0xfe,
    0x3, 0x38, 0x5f, 0xf7, 0x61, 0x0, 0xff, 0x88,
    0xd, 0xcc, 0xf0, 0x80, 0x7f, 0xf0, 0x11, 0xcb,
    0x33, 0xa4, 0x8b, 0x84, 0x14, 0x8b, 0x4, 0x10,
    0x80, 0x43, 0xf9, 0xbb, 0x80, 0x13, 0xbb, 0x78,
    0x3, 0x38, 0x83, 0x39, 0xc8, 0x47, 0x0, 0x42,
    0x33, 0x0, 0x7f, 0x67, 0x76, 0x10, 0xce, 0xea,
    0xc2, 0xf7, 0x44, 0x19, 0xb8, 0x1, 0xff, 0xc1,
    0x52, 0x20, 0x4, 0x46, 0x1, 0xff, 0xc1, 0xef,
    0xf1, 0x6, 0x7f, 0x80, 0x3f, 0xfe, 0x25, 0x48,
    0x1, 0xff, 0xc5, 0xed, 0x53, 0x0, 0xff, 0xe1,
    0x21, 0x1, 0xc, 0xb8, 0x7, 0xff, 0xb, 0xc0,
    0xf, 0xcc, 0x1, 0xff, 0xc3, 0xa0, 0xe8, 0x0,
    0xff, 0xe1, 0x0,

    /* U+949F "钟" */
    0x0, 0x8c, 0xc0, 0x1f, 0xd1, 0x0, 0xf, 0xdf,
    0x86, 0x1, 0xf9, 0xdc, 0x1, 0xf2, 0x19, 0x18,
    0x7, 0xff, 0x16, 0x40, 0xbf, 0xf0, 0x7, 0xff,
    0x6, 0x8, 0x8, 0xb1, 0x80, 0x7f, 0xf0, 0x15,
    0xc3, 0x77, 0xb0, 0xff, 0xf0, 0x3, 0xff, 0x5a,
    0x3, 0x23, 0x36, 0x30, 0x0, 0x99, 0x80, 0x6,
    0x70, 0x38, 0xe9, 0x4c, 0xf5, 0x80, 0x13, 0x30,
    0x0, 0xcc, 0x78, 0x4, 0x5d, 0x0, 0x7, 0x8b,
    0x0, 0xff, 0xe1, 0x2b, 0x88, 0x4b, 0x98, 0x7,
    0xff, 0x5a, 0x26, 0x42, 0x17, 0x30, 0x0, 0x11,
    0x80, 0x2, 0x27, 0x0, 0x9d, 0x98, 0x0, 0x56,
    0x70, 0x2, 0x77, 0x0, 0x1d, 0xcb, 0x0, 0xaa,
    0xa0, 0x4, 0x55, 0x0, 0x3f, 0xf8, 0x2a, 0xb0,
    0x83, 0x2a, 0x80, 0xb, 0xfe, 0x0, 0x7f, 0xb0,
    0x3, 0xfe, 0x2b, 0x90, 0xf, 0x1e, 0xe8, 0x3,
    0xe2, 0x91, 0x43, 0x0, 0xf8, 0x84, 0x3, 0x8,
    0x56, 0xb1, 0x80, 0x7f, 0xf0, 0x94, 0x0, 0x85,
    0x26, 0x1, 0xff, 0xc2, 0xa0, 0x4, 0xeb, 0x0,
    0x7f, 0xf0, 0xe5, 0xbd, 0x80, 0x3f, 0xf8, 0x40,

    /* U+94AE "钮" */
    0x0, 0x98, 0xc0, 0x3f, 0xf8, 0xe3, 0x3a, 0x1,
    0x92, 0x23, 0xf7, 0x49, 0x0, 0x4c, 0x8, 0x1,
    0x8d, 0xdf, 0xf0, 0xb3, 0x0, 0x29, 0x5, 0xff,
    0xc8, 0xef, 0x0, 0x15, 0xdc, 0x0, 0x70, 0x3,
    0x88, 0x7, 0x9, 0xc4, 0x40, 0xa, 0x88, 0x8,
    0x8, 0x1c, 0x6, 0xff, 0xee, 0x0, 0x88, 0x4,
    0x2, 0x10, 0x30, 0x9, 0x1d, 0x57, 0x10, 0x4,
    0x20, 0x40, 0x1c, 0x20, 0x72, 0xf5, 0x5c, 0x80,
    0x13, 0x3, 0x80, 0x4, 0x4, 0x2, 0x6a, 0x80,
    0x4, 0x41, 0x40, 0x45, 0xa0, 0x23, 0x28, 0x18,
    0x6, 0x67, 0x20, 0x77, 0x1a, 0xf7, 0x1c, 0x17,
    0xb9, 0x60, 0x20, 0x1f, 0xfc, 0x97, 0x0, 0xb3,
    0x74, 0x41, 0xbb, 0x2f, 0xf8, 0x83, 0x3f, 0xd2,
    0x4, 0x1, 0x19, 0x10, 0x0, 0x45, 0x0, 0x44,
    0x4, 0x0, 0xe0, 0x10, 0xb, 0xfe, 0x10, 0xff,
    0x80, 0x2, 0x0, 0x10, 0x0, 0x87, 0x80, 0x78,
    0xc0, 0x3c, 0x40, 0x40, 0x11, 0x1, 0x0, 0x7f,
    0x88, 0x0, 0xc0, 0xe0, 0x13, 0x80, 0x80, 0x7e,
    0x5e, 0x90, 0x6, 0x81, 0x0, 0x44, 0xc, 0x1,
    0xe2, 0xa, 0x13, 0x0, 0x10, 0x70, 0x4, 0x20,
    0x40, 0x1d, 0x40, 0x3, 0xc7, 0xff, 0x28, 0x4f,
    0xfc, 0x0, 0xff, 0x18, 0x4, 0xa1, 0x18, 0x60,
    0x1f, 0xfc, 0x5c, 0xc3, 0x80, 0x3b, 0xbf, 0xf8,
    0x26,

    /* U+94FA "铺" */
    0x0, 0x89, 0x40, 0x3f, 0xa2, 0x41, 0x44, 0x3,
    0xa2, 0x90, 0x3, 0xf2, 0xb1, 0xd7, 0xa0, 0x4,
    0x4a, 0x0, 0x44, 0x10, 0x7, 0xc5, 0xa1, 0x20,
    0x14, 0x80, 0x2e, 0xf4, 0x5d, 0xe2, 0xd, 0x93,
    0xa, 0x6, 0x40, 0x66, 0xd8, 0x68, 0x98, 0x0,
    0x68, 0x44, 0x42, 0x90, 0xd9, 0x9c, 0xb7, 0xff,
    0x84, 0x3b, 0xfe, 0xe2, 0x37, 0x46, 0x6c, 0x22,
    0x66, 0xc2, 0xc, 0xca, 0x61, 0xd, 0x19, 0x9e,
    0x53, 0x99, 0xc0, 0x8, 0x95, 0x93, 0x1, 0xd8,
    0x0, 0x44, 0x14, 0x0, 0x95, 0x40, 0x5, 0x50,
    0x3, 0x91, 0xc8, 0x1d, 0xc2, 0x0, 0x25, 0x51,
    0x82, 0xa9, 0x0, 0x3f, 0xf8, 0x2d, 0x54, 0x30,
    0xaa, 0x20, 0x5, 0x3b, 0xa2, 0xd, 0xd5, 0x0,
    0x4a, 0xa0, 0x2, 0xa8, 0x3, 0x29, 0x10, 0x0,
    0x44, 0x70, 0x2, 0x6e, 0x84, 0x37, 0x44, 0x1,
    0x67, 0xf8, 0x43, 0xbf, 0x40, 0x4, 0x58, 0x8,
    0x8c, 0x1, 0xe3, 0x1, 0x0, 0xcd, 0x76, 0x30,
    0xbb, 0x20, 0x7, 0xff, 0x9, 0x10, 0x0, 0x44,
    0x0, 0x7f, 0xc, 0xd0, 0x1, 0x7f, 0xc6, 0x1f,
    0xe4, 0x0, 0xf1, 0x7, 0x33, 0x0, 0x6, 0x1,
    0xff, 0xc0, 0x60, 0xa, 0x30, 0x3, 0xff, 0x87,
    0x20, 0xd, 0x70, 0xf, 0xec, 0x40, 0x30, 0xa,
    0xd3, 0xc8, 0x3, 0xe6, 0x20, 0x71, 0x71,

    /* U+94FE "链" */
    0x0, 0x9, 0x0, 0x7f, 0x8d, 0x4, 0x3, 0xe6,
    0xd5, 0x0, 0xb, 0xa0, 0x6, 0xab, 0x40, 0xf,
    0xa8, 0x1c, 0x0, 0x71, 0x20, 0x19, 0x1, 0x0,
    0x3c, 0x64, 0x1b, 0xfe, 0x74, 0x24, 0x7d, 0xf2,
    0xc, 0xdd, 0xc4, 0x10, 0x0, 0x33, 0x87, 0x83,
    0xbc, 0xc0, 0x23, 0x3e, 0x5, 0x43, 0xfc, 0xc9,
    0x14, 0xf2, 0x39, 0x3, 0x6b, 0x7b, 0xa2, 0x60,
    0x81, 0x1c, 0x0, 0xc6, 0x1, 0x45, 0x1b, 0x90,
    0xc, 0x6f, 0x7d, 0xd7, 0x80, 0x74, 0x87, 0x0,
    0x7e, 0xa3, 0x0, 0x12, 0x6f, 0xfb, 0x9, 0xc2,
    0x30, 0x17, 0x31, 0x0, 0x2, 0xc3, 0xc, 0xa3,
    0x0, 0x9, 0x80, 0xc, 0x2, 0x33, 0x10, 0x7,
    0xee, 0xe0, 0x0, 0x77, 0xfd, 0x80, 0xbf, 0xea,
    0x0, 0x55, 0xc, 0x2a, 0x88, 0x1, 0x88, 0x3,
    0xf8, 0x55, 0x40, 0x4, 0x53, 0x0, 0x8f, 0x33,
    0x2, 0xe6, 0x42, 0x2e, 0xe1, 0x6, 0xf3, 0x80,
    0x4e, 0x67, 0x0, 0x46, 0x70, 0x0, 0x46, 0x3,
    0x10, 0xc, 0x9f, 0xf5, 0x82, 0x7f, 0xc2, 0x1,
    0xff, 0xc3, 0x70, 0x10, 0xf, 0xe2, 0xd1, 0x0,
    0x10, 0x7, 0xff, 0x13, 0x9, 0x60, 0x1, 0x0,
    0x10, 0x88, 0xc0, 0x3e, 0x30, 0x5, 0x73, 0xa,
    0x3e, 0xa8, 0x97, 0x48, 0x12, 0xa0, 0x2, 0x80,
    0x1a, 0x2a, 0x39, 0x72, 0x55, 0xdf, 0xfb, 0x68,
    0x2, 0xf0, 0xe2, 0x44, 0x59, 0x3, 0x6b, 0x10,
    0x7, 0xa, 0x80, 0x17, 0xc4, 0x1, 0x4a, 0x1,
    0x14, 0xef, 0xff, 0x70, 0x80,

    /* U+952E "键" */
    0x0, 0xa1, 0x40, 0x3f, 0xd0, 0xc0, 0x1f, 0x13,
    0xc8, 0x0, 0x9d, 0xd4, 0xe0, 0x13, 0x68, 0x7,
    0xd6, 0xe, 0xab, 0x44, 0x16, 0x1b, 0xfc, 0x29,
    0xfe, 0xe0, 0x8, 0x58, 0x12, 0xa8, 0x31, 0x0,
    0x34, 0x77, 0x0, 0x1c, 0xc0, 0x34, 0x0, 0x19,
    0xa4, 0x73, 0xa, 0x28, 0x80, 0xa4, 0x20, 0x4,
    0x8c, 0x3d, 0x33, 0x10, 0x70, 0x37, 0x7f, 0x85,
    0x3d, 0xc7, 0xcd, 0xc1, 0xc8, 0xce, 0x2, 0x56,
    0x7, 0x66, 0x0, 0x18, 0x0, 0xc2, 0x70, 0xd9,
    0x98, 0xe0, 0x2c, 0x26, 0x61, 0x49, 0x71, 0x92,
    0x6, 0x60, 0x1, 0x5a, 0xd4, 0x37, 0xdf, 0xb8,
    0x29, 0xce, 0x1, 0x86, 0x54, 0x2e, 0x78, 0x8,
    0x0, 0x6e, 0xe0, 0x3, 0xb3, 0x0, 0x3f, 0x9b,
    0xf5, 0x41, 0x26, 0x40, 0x93, 0x28, 0x0, 0xb7,
    0x4a, 0x1f, 0xaa, 0x60, 0xc0, 0xdf, 0xe0, 0x4f,
    0xf8, 0x80, 0x4, 0x40, 0x0, 0x97, 0xe1, 0x9c,
    0xac, 0xc0, 0x3, 0x34, 0x60, 0xf, 0xf2, 0x87,
    0x7d, 0x84, 0x82, 0x9c, 0xc8, 0x52, 0x66, 0x10,
    0xf, 0xc2, 0x8a, 0x1f, 0xdf, 0xe1, 0x4f, 0xfa,
    0x40, 0x3f, 0xb8, 0x0, 0xee, 0x55, 0x0, 0x15,
    0x6f, 0x0, 0xf1, 0x6b, 0x20, 0x0, 0xe6, 0xa8,
    0x29, 0x55, 0x30, 0x7, 0xb0, 0x89, 0x20, 0xf,
    0x20, 0xf, 0xfe, 0x2, 0x80, 0x31, 0xdc, 0x32,
    0x5b, 0x5, 0xd6, 0x1, 0xf4, 0x80, 0x38, 0x34,
    0x35, 0xa8, 0x5f, 0x7b, 0x2e, 0xf0, 0x80, 0x2c,
    0x38, 0x54, 0x64, 0xc1, 0x7a, 0x54, 0xcc, 0x89,
    0x38, 0x80, 0xb, 0xc4, 0x1b, 0x18, 0x3, 0x35,
    0x6f, 0xfe, 0xc0,

    /* U+952F "锯" */
    0x0, 0x84, 0x80, 0x3f, 0xf9, 0x13, 0xae, 0x1,
    0xc, 0xfc, 0x47, 0xe3, 0x0, 0x85, 0x81, 0x40,
    0x23, 0x60, 0x77, 0xfc, 0xa0, 0x14, 0x8, 0x6f,
    0xf9, 0x40, 0x2c, 0xcf, 0x20, 0x6, 0x56, 0x0,
    0x8, 0xc0, 0x11, 0x9f, 0xc2, 0x1, 0x15, 0x4,
    0xff, 0x74, 0xa0, 0x3, 0x99, 0xf3, 0x80, 0x44,
    0x28, 0xa6, 0x78, 0x3, 0x33, 0x78, 0x80, 0x36,
    0x8e, 0x67, 0x0, 0x43, 0xba, 0xc0, 0x6, 0xec,
    0xc0, 0x3, 0xf7, 0x0, 0x3c, 0x0, 0x44, 0x58,
    0x4, 0x8a, 0x0, 0xcb, 0x4, 0x10, 0xe0, 0x20,
    0x77, 0x6c, 0x1, 0xbb, 0xc2, 0x1, 0xff, 0xc0,
    0x44, 0x10, 0x1, 0x13, 0x18, 0x57, 0x70, 0x83,
    0xb8, 0xce, 0x9, 0xfe, 0xd0, 0x7, 0xfe, 0x20,
    0x11, 0x80, 0x2, 0x20, 0x20, 0x30, 0x1, 0x80,
    0x80, 0x7a, 0x2e, 0xc0, 0xb, 0xb3, 0x88, 0x0,
    0x44, 0x60, 0x23, 0x80, 0x23, 0x44, 0x10, 0x22,
    0x7, 0x81, 0xbb, 0x9a, 0x0, 0xee, 0x98, 0x3,
    0xfc, 0x80, 0xa0, 0x6c, 0xd8, 0x40, 0x3f, 0x8e,
    0xd8, 0x84, 0x82, 0xa6, 0x71, 0x0, 0x7c, 0x41,
    0x89, 0x0, 0xa0, 0x1f, 0xfc, 0x29, 0x0, 0xd,
    0x18, 0x68, 0x2, 0x6e, 0xf1, 0x80, 0x79, 0x81,
    0x7c, 0x48, 0x18, 0x2, 0x44, 0xc0, 0x1f, 0x4c,
    0x50, 0xa6, 0x48, 0x5, 0x1f, 0xf8, 0x80, 0x3c,
    0xce, 0x1, 0x1b, 0x4, 0xfb, 0x80, 0x6d, 0xf6,
    0x0,

    /* U+957F "长" */
    0x0, 0xce, 0xe1, 0x0, 0xff, 0xe3, 0x4c, 0x28,
    0x7, 0xc5, 0xd8, 0x60, 0x1f, 0xfc, 0x43, 0xc1,
    0x11, 0x0, 0x7f, 0xf0, 0xe3, 0x4, 0xb0, 0x40,
    0x3f, 0xf8, 0x27, 0xae, 0xb, 0xa2, 0x1, 0xff,
    0xc0, 0x4b, 0xc2, 0x1a, 0xa0, 0x7, 0xff, 0x4,
    0xa9, 0x1, 0x7d, 0x40, 0x3f, 0xf8, 0x45, 0x8b,
    0x94, 0x20, 0x1f, 0x84, 0x78, 0x4, 0x47, 0x64,
    0x23, 0xfc, 0x1d, 0xd8, 0x1, 0x5d, 0xdf, 0xfc,
    0xa, 0x1, 0x0, 0xff, 0xe3, 0x8, 0x77, 0xfc,
    0x21, 0x7f, 0xea, 0x2, 0xff, 0xfa, 0x80, 0x3f,
    0xca, 0x24, 0xc0, 0x1f, 0xfc, 0x6b, 0x9, 0x20,
    0xf, 0xfe, 0x2a, 0xa0, 0x78, 0x80, 0x7f, 0xf1,
    0x68, 0x4b, 0x8, 0x3, 0xff, 0x84, 0x2a, 0x7a,
    0x25, 0xac, 0x1, 0xf8, 0x43, 0xab, 0x7a, 0x9c,
    0xf0, 0x42, 0x75, 0x84, 0x3, 0x40, 0x1, 0x54,
    0x40, 0x82, 0x5, 0xea, 0x5, 0x38, 0x1, 0x8c,
    0x0, 0x6f, 0x9f, 0x68, 0x0, 0x1a, 0xc5, 0xf,
    0x0, 0xd0, 0xfd, 0x90, 0x60, 0x1f, 0x1d, 0x79,
    0x0,

    /* U+95EA "闪" */
    0x0, 0x12, 0x80, 0x7f, 0xf1, 0x47, 0x69, 0x0,
    0x19, 0xdd, 0xfd, 0xfe, 0x90, 0x19, 0xb, 0x20,
    0x11, 0xff, 0x0, 0xc, 0x0, 0xca, 0x1e, 0x19,
    0xbb, 0xfc, 0xc0, 0x1d, 0x44, 0x48, 0x12, 0x2f,
    0xee, 0x0, 0x99, 0x81, 0x2d, 0x0, 0x3, 0x95,
    0x0, 0xfc, 0x53, 0x0, 0x92, 0x1, 0x5b, 0x78,
    0x7, 0xff, 0x15, 0x3, 0xc0, 0x3f, 0xf8, 0x82,
    0x60, 0x80, 0x1f, 0xfc, 0x49, 0x0, 0x18, 0x7,
    0xff, 0x11, 0x80, 0x18, 0x40, 0x1f, 0xfc, 0x27,
    0x11, 0x18, 0xe0, 0x80, 0x7f, 0xf0, 0xa, 0x2,
    0x30, 0xc7, 0x4, 0x3, 0xfc, 0x3e, 0x6, 0xc1,
    0xa2, 0x5a, 0x1, 0xfc, 0x58, 0x43, 0xc0, 0x1,
    0xd0, 0x39, 0x0, 0xfd, 0xc4, 0x1a, 0x40, 0x11,
    0xd0, 0x38, 0x7, 0xef, 0x1c, 0x30, 0xe, 0x56,
    0xd0, 0xf, 0xc7, 0xc6, 0x1, 0xf4, 0x98, 0x7,
    0xff, 0x27, 0xc0, 0x3f, 0xf8, 0x65, 0xff, 0x38,
    0x10, 0x7, 0xff, 0x4, 0x88, 0x0, 0x15, 0x82,
    0xfe, 0x0, 0xff, 0xb7, 0xfd, 0xd4, 0x0,

    /* U+95EE "问" */
    0x0, 0xff, 0xe4, 0xb7, 0x18, 0x4, 0x67, 0xfe,
    0x54, 0x0, 0x18, 0xe1, 0x82, 0x66, 0x7f, 0xaa,
    0xc8, 0x16, 0x43, 0x49, 0xcc, 0xff, 0xc0, 0x1c,
    0xce, 0x30, 0x79, 0x9f, 0xe0, 0xc, 0xa9, 0x15,
    0x40, 0xf, 0xfe, 0x11, 0x55, 0x1, 0x40, 0x3f,
    0xf9, 0x3b, 0xfb, 0xbd, 0x80, 0x1f, 0xfc, 0x2,
    0x2, 0x2f, 0x0, 0x7f, 0xf0, 0x47, 0xfe, 0xd0,
    0xf, 0xfe, 0x19, 0x80, 0x46, 0x1, 0xff, 0xeb,
    0x2b, 0xba, 0x80, 0x3f, 0xf8, 0x88, 0x98, 0x3,
    0xff, 0x89, 0xbb, 0xd8, 0x1, 0xff, 0xc0, 0x78,
    0x22, 0xf0, 0x7, 0xff, 0x2, 0x1c, 0x3, 0xff,
    0xa6, 0x60, 0x1f, 0xfc, 0x12, 0xff, 0x80, 0x2,
    0x1, 0xff, 0xc1, 0x21, 0x0, 0x15, 0x1, 0x7f,
    0x0, 0x7f, 0xdd, 0xfe, 0xd5, 0x0,

    /* U+95F4 "间" */
    0x0, 0xff, 0xe4, 0xaf, 0x30, 0x0, 0x4c, 0xff,
    0xca, 0x60, 0x1, 0x14, 0xb0, 0x36, 0x67, 0xfa,
    0xb0, 0xc1, 0x24, 0x25, 0x4, 0xcf, 0xfc, 0x1,
    0xcc, 0xa6, 0xed, 0x99, 0xfe, 0x10, 0x0, 0xaa,
    0x56, 0x18, 0x7, 0xff, 0x8, 0xaa, 0xc0, 0x21,
    0x1f, 0xc0, 0x1f, 0xf0, 0xf7, 0x7e, 0x20, 0xf,
    0xfe, 0x0, 0xb3, 0x61, 0x0, 0xff, 0xe1, 0x14,
    0xce, 0x20, 0xf, 0xfe, 0xb1, 0xff, 0xe3, 0x0,
    0xff, 0xe1, 0xa, 0xae, 0x10, 0xf, 0xfe, 0x11,
    0x55, 0x62, 0x0, 0xff, 0xeb, 0x1e, 0x66, 0x30,
    0xf, 0xfe, 0x19, 0x9e, 0x0, 0xff, 0xe0, 0x8f,
    0xff, 0xe2, 0x0, 0xff, 0xed, 0x96, 0xf0, 0x80,
    0x80, 0x7f, 0xf0, 0x88, 0x4, 0x9c, 0x80,

    /* U+9605 "阅" */
    0x0, 0xff, 0xe4, 0xa7, 0x30, 0x4, 0x67, 0xfe,
    0x53, 0x0, 0x38, 0xca, 0x82, 0x66, 0x7f, 0xab,
    0x4, 0xe, 0x82, 0x89, 0xd5, 0x7f, 0xc0, 0x1c,
    0xac, 0xc2, 0x39, 0xaa, 0xd3, 0x2a, 0xa8, 0x40,
    0x23, 0x29, 0x90, 0x6e, 0x18, 0x5, 0xd8, 0x60,
    0x1c, 0x59, 0x80, 0xa, 0x3, 0x80, 0xc, 0x4a,
    0x60, 0x1f, 0xf2, 0x98, 0x19, 0x48, 0x40, 0x7,
    0xfd, 0xde, 0x65, 0x9a, 0x0, 0xdf, 0x0, 0xff,
    0xe0, 0x2a, 0xf8, 0x40, 0x3f, 0xf8, 0x35, 0x5e,
    0x30, 0xf, 0xfe, 0x9, 0x17, 0x80, 0x3f, 0xf8,
    0x5b, 0xbe, 0x20, 0xf, 0xfa, 0x5c, 0x0, 0x2a,
    0x0, 0x78, 0x0, 0xff, 0x3c, 0x10, 0x6c, 0x2,
    0xc3, 0x80, 0x7f, 0xc4, 0x41, 0x30, 0xc, 0x22,
    0x0, 0xfe, 0x1f, 0x9, 0x0, 0xe4, 0xe2, 0x0,
    0xf9, 0xfc, 0x8d, 0xc0, 0xc1, 0x6e, 0x0, 0x80,
    0x3e, 0xc1, 0x5c, 0x0, 0xb, 0x12, 0x83, 0x88,
    0x80, 0x3d, 0x59, 0x40, 0x1a, 0x77, 0xb5, 0xf8,
    0x0, 0x20, 0x18, 0x4c, 0x3, 0xf9, 0x0, 0xa0,
    0xb, 0xbc, 0x3, 0xff, 0x81, 0x7f, 0xae, 0x0,

    /* U+9608 "阈" */
    0x0, 0x13, 0x0, 0x7f, 0xf1, 0xb2, 0x58, 0x7,
    0x77, 0xfd, 0xfc, 0x40, 0xa, 0x9, 0x43, 0x22,
    0xff, 0x0, 0x80, 0x48, 0xe1, 0x61, 0xff, 0x65,
    0x7f, 0xf0, 0x7, 0xa0, 0xc8, 0x3, 0x4d, 0x1e,
    0x98, 0x0, 0x40, 0x5, 0xda, 0x1b, 0x84, 0x1,
    0x18, 0x13, 0xe8, 0x80, 0x70, 0x98, 0x4c, 0xa2,
    0x33, 0x5, 0x91, 0x24, 0x3, 0xf3, 0xbf, 0x80,
    0xa, 0xe6, 0xe0, 0x1f, 0xbb, 0xbd, 0x1, 0x5d,
    0xd0, 0x7, 0xf2, 0xae, 0x32, 0x0, 0xac, 0x80,
    0x3f, 0x3d, 0xde, 0x56, 0x3, 0x75, 0x70, 0xf,
    0xe1, 0xff, 0x8, 0x10, 0x76, 0x8a, 0x0, 0x7f,
    0xa, 0x20, 0x40, 0x44, 0xc8, 0xe0, 0x1f, 0xf5,
    0xd8, 0x2, 0x51, 0xb, 0x0, 0xfe, 0x6f, 0xfc,
    0xc0, 0xe0, 0x25, 0x4, 0x1, 0xf3, 0x45, 0x67,
    0xf2, 0x18, 0x18, 0x32, 0x0, 0x78, 0x65, 0xd1,
    0xde, 0xa0, 0x1, 0x68, 0xa0, 0x7, 0x87, 0x3f,
    0xae, 0x9c, 0x5b, 0x88, 0x88, 0x40, 0x1f, 0x18,
    0x4, 0x4a, 0xd2, 0x3b, 0x96, 0x1, 0xff, 0xc1,
    0xa9, 0x0, 0x1f, 0xe6, 0x4, 0x8, 0x3, 0xff,
    0x82, 0x64, 0x66, 0x29, 0x2, 0xfe, 0x0, 0xff,
    0xbb, 0xfd, 0xac, 0x0,

    /* U+9633 "阳" */
    0x7, 0x7e, 0xb2, 0x0, 0xff, 0xe0, 0xc, 0x47,
    0x26, 0x8f, 0xff, 0xf8, 0x80, 0x3, 0x32, 0x30,
    0x41, 0x0, 0x8, 0xf8, 0x3, 0x8d, 0x98, 0x0,
    0x80, 0xb, 0xbb, 0xc2, 0x1, 0xe4, 0x33, 0x80,
    0x3f, 0xf8, 0x9e, 0x10, 0x1, 0xff, 0xc4, 0x34,
    0x24, 0x0, 0xff, 0xe2, 0x11, 0x93, 0x0, 0x7f,
    0xf1, 0x7, 0x46, 0x48, 0x2, 0xee, 0xf0, 0x80,
    0x78, 0x60, 0x20, 0x2, 0x11, 0xf0, 0x7, 0xe6,
    0x4, 0x0, 0xbb, 0xff, 0x80, 0x3f, 0x84, 0x40,
    0x10, 0x80, 0x70, 0x80, 0x7c, 0xa2, 0x20, 0xf,
    0xfe, 0x1d, 0x7d, 0x3, 0x80, 0x7f, 0xf0, 0xf0,
    0xcd, 0x12, 0x1, 0xff, 0xc3, 0x6c, 0xc3, 0x80,
    0x7f, 0xf3, 0x3b, 0xbc, 0x20, 0x1f, 0xfc, 0x11,
    0x1f, 0x0, 0x7f, 0xf0, 0xbf, 0xfc, 0x1, 0xff,
    0xc8, 0x10, 0x0, 0xfe, 0x80, 0x7b, 0x30, 0x1,
    0xee, 0xf2,

    /* U+9634 "阴" */
    0x1e, 0xee, 0xf9, 0x7, 0xff, 0x66, 0x77, 0xf8,
    0x80, 0x47, 0x81, 0x87, 0x80, 0x6, 0x7c, 0x0,
    0x10, 0x0, 0xff, 0xa8, 0x10, 0x40, 0xf, 0xbb,
    0xc0, 0x1f, 0xb0, 0x34, 0x2, 0xe2, 0x2f, 0x0,
    0x7c, 0xe0, 0xe0, 0x1f, 0xfc, 0x43, 0x14, 0x10,
    0xb, 0xcc, 0xf8, 0x80, 0x3d, 0x61, 0xa0, 0x19,
    0xb3, 0x38, 0x3, 0xfb, 0x80, 0x39, 0x13, 0x80,
    0x3e, 0x83, 0x73, 0x0, 0xa6, 0xef, 0x88, 0x3,
    0xe9, 0x9, 0x0, 0xff, 0xe2, 0xa8, 0x20, 0x4,
    0x60, 0x1f, 0xfc, 0x31, 0x3, 0xa, 0xff, 0xe2,
    0x0, 0xf9, 0x0, 0x26, 0x0, 0x8, 0xf0, 0x7,
    0xdf, 0x60, 0x80, 0x41, 0xdd, 0xe2, 0x0, 0xf2,
    0x92, 0xd0, 0x8, 0x8, 0x7, 0xff, 0x2, 0xb6,
    0x85, 0x0, 0xc0, 0x3f, 0xf8, 0xba, 0x16, 0x1,
    0xff, 0xc4, 0x16, 0x5, 0x0, 0xff, 0xe2, 0x58,
    0x29, 0x0, 0x4f, 0xfe, 0x20, 0x20, 0xf, 0xb,
    0xd, 0x80, 0x64, 0x0, 0x14, 0x88, 0xb7, 0xc0,
    0x21, 0xcc, 0x8, 0x6, 0x3f, 0xf6, 0xb0, 0x0,

    /* U+9635 "阵" */
    0x0, 0xff, 0xe0, 0x32, 0x88, 0x7, 0xd3, 0x3b,
    0xa0, 0x40, 0x34, 0xd2, 0x80, 0x78, 0x59, 0xb0,
    0xbd, 0x80, 0x48, 0x0, 0x50, 0xf, 0xc3, 0x76,
    0x0, 0x77, 0xfd, 0x60, 0xe, 0xff, 0xe3, 0x0,
    0x1a, 0x30, 0x12, 0x10, 0x88, 0x2, 0x11, 0xf0,
    0x7, 0x20, 0x50, 0x6f, 0x68, 0xf, 0xf7, 0x78,
    0xc0, 0x36, 0x3, 0x0, 0x54, 0xc, 0x8, 0x80,
    0xf, 0xe4, 0x51, 0x0, 0x9c, 0x28, 0xae, 0x80,
    0x3f, 0xc2, 0x1, 0x30, 0xa1, 0x0, 0x7f, 0xf0,
    0x21, 0x18, 0x6, 0x3, 0x84, 0x40, 0x23, 0xc0,
    0x1c, 0xc1, 0x60, 0xe2, 0x15, 0xd8, 0x0, 0xee,
    0xc0, 0x1e, 0x32, 0x17, 0x2, 0x28, 0x2, 0x22,
    0xc0, 0x1e, 0x60, 0x21, 0xfd, 0xdc, 0x3, 0xbb,
    0x80, 0x3c, 0xe0, 0x20, 0x1f, 0xfc, 0x45, 0xe2,
    0x2, 0x0, 0xf8, 0x40, 0x3f, 0x20, 0x95, 0x27,
    0xff, 0x68, 0x3, 0xff, 0x48, 0x4, 0x3f, 0xaa,
    0xe2, 0x3c, 0x1, 0x8, 0xf0, 0x7, 0xc7, 0xdd,
    0xda, 0x3, 0xdd, 0xa0, 0x3, 0xff, 0xe6,

    /* U+9636 "阶" */
    0x0, 0xff, 0xe0, 0x36, 0xc0, 0x7, 0x87, 0xbb,
    0xbe, 0x0, 0x34, 0x93, 0x80, 0x78, 0xc4, 0x78,
    0x18, 0x2, 0x30, 0x8, 0x80, 0x3e, 0x1f, 0xf2,
    0x3, 0x0, 0x50, 0x1, 0x70, 0x7, 0xf0, 0xa0,
    0x50, 0x1, 0x50, 0x38, 0xcd, 0x60, 0x1f, 0x98,
    0x14, 0x80, 0xac, 0x20, 0x74, 0x52, 0x40, 0x3e,
    0xa0, 0x90, 0x1f, 0x14, 0x70, 0x1a, 0x6, 0xa0,
    0xe, 0x42, 0x33, 0xb0, 0x89, 0x40, 0x12, 0x50,
    0x2e, 0x90, 0x4, 0xe0, 0x69, 0x64, 0x4c, 0x10,
    0xc, 0xb6, 0x2c, 0x40, 0x11, 0xe0, 0x54, 0xbe,
    0x45, 0x8, 0x2, 0x6d, 0x7e, 0x80, 0x38, 0xdc,
    0x66, 0x5, 0xd4, 0x2, 0x74, 0x31, 0x10, 0x7,
    0xa8, 0x10, 0x3, 0xff, 0x8c, 0x60, 0x40, 0x1f,
    0xfc, 0x42, 0x24, 0x81, 0x80, 0x4, 0x4, 0x3,
    0xfe, 0x8d, 0x70, 0xb0, 0xf, 0xfe, 0x27, 0xa2,
    0xd3, 0x1, 0x80, 0x80, 0x7f, 0xf0, 0x16, 0xe9,
    0x40, 0x8, 0xa, 0x1, 0xff, 0xc6, 0xa0, 0xc0,
    0xf, 0xfe, 0x2b, 0x90, 0x30, 0x7, 0xff, 0x11,
    0xa0, 0x1c, 0x40, 0x3f, 0xf8, 0x8e, 0x88, 0x80,
    0xf, 0xf1, 0x77, 0x80, 0x61, 0xbb, 0x0, 0x77,
    0x79, 0x0, 0x40,

    /* U+963F "阿" */
    0x7, 0x7d, 0x6a, 0x1, 0xff, 0xc2, 0x18, 0x8c,
    0x95, 0x3f, 0xff, 0xfc, 0xa, 0x0, 0x14, 0xc8,
    0x1, 0xa0, 0x1f, 0xfc, 0x36, 0x62, 0x81, 0xa7,
    0xff, 0xee, 0x1, 0xfa, 0x0, 0xd6, 0x14, 0x1,
    0xff, 0xc6, 0x50, 0x60, 0x13, 0x22, 0xc2, 0x1,
    0xfc, 0x64, 0xc0, 0xd, 0xcd, 0xde, 0x0, 0xfe,
    0x70, 0x20, 0xc, 0xab, 0x0, 0x7f, 0xc8, 0xe8,
    0xc0, 0x15, 0x52, 0xc0, 0x3f, 0xf8, 0x10, 0x16,
    0x1, 0xff, 0xc7, 0x42, 0x10, 0xf, 0xfe, 0x30,
    0x81, 0x0, 0x7f, 0xf1, 0x45, 0xc0, 0x80, 0x1d,
    0xcf, 0x0, 0xff, 0xab, 0x88, 0x82, 0x0, 0x33,
    0x89, 0x80, 0x3f, 0xbc, 0xdb, 0xc0, 0x2d, 0xdd,
    0x40, 0x1f, 0xcb, 0x92, 0x41, 0x12, 0x1, 0xff,
    0xc7, 0x46, 0x0, 0xff, 0xf0, 0x36, 0x65, 0xe0,
    0x40, 0x1f, 0xfc, 0x24, 0x33, 0x84, 0xfc, 0x0,
    0x3d, 0x60, 0x1f, 0xc5, 0xff, 0xb0, 0xc0, 0x0,

    /* U+9644 "附" */
    0x0, 0xff, 0x24, 0x18, 0x6, 0x76, 0x0, 0xe,
    0xee, 0xf9, 0x10, 0x7, 0xbb, 0x0, 0x43, 0x10,
    0x0, 0x88, 0xb0, 0x31, 0x80, 0xa0, 0xa8, 0x7,
    0xf8, 0xff, 0x40, 0x88, 0x10, 0xe, 0x1, 0xff,
    0xc1, 0x70, 0x50, 0x16, 0xb, 0x0, 0xff, 0xe0,
    0xe0, 0x50, 0x58, 0x5, 0xbb, 0xbc, 0x7, 0x64,
    0x3, 0x21, 0x10, 0xd4, 0x4, 0x44, 0x58, 0x40,
    0x4, 0x40, 0x8, 0x88, 0xa3, 0xa0, 0x2, 0x3e,
    0xed, 0xa0, 0xe, 0xa0, 0x8, 0xc1, 0x24, 0x40,
    0x30, 0x8e, 0x30, 0x11, 0x80, 0x21, 0x73, 0xe2,
    0xb0, 0x9, 0x6c, 0x3, 0xfe, 0xa0, 0xcc, 0x28,
    0x5, 0xe8, 0xa0, 0x1f, 0xe2, 0x14, 0x10, 0xd,
    0x1, 0x20, 0x1f, 0xf1, 0x88, 0x7, 0x11, 0x9c,
    0x1, 0xfe, 0x30, 0xf, 0xa4, 0x28, 0x3, 0xf2,
    0xd8, 0x90, 0x7, 0x94, 0xf4, 0x3, 0xf1, 0xa0,
    0x58, 0x7, 0xd8, 0x80, 0x1f, 0x9e, 0xf9, 0x80,
    0x3f, 0xf8, 0xa2, 0x82, 0x1, 0xff, 0xd3, 0x30,
    0xf, 0xfe, 0x36, 0x7e, 0x81, 0x0, 0x7f, 0xf0,
    0x1c, 0x2, 0xa0, 0x1, 0xf8, 0x0, 0x7f, 0x0,
    0x38, 0x7e, 0xc0, 0x26, 0xff, 0x61, 0x80, 0x0,

    /* U+9645 "际" */
    0xa, 0xae, 0xf3, 0x0, 0xff, 0xe0, 0x8a, 0xaf,
    0x7, 0x4, 0xff, 0xff, 0x8, 0x6, 0xcc, 0x18,
    0x28, 0x8, 0xff, 0xc0, 0x10, 0x99, 0x88, 0x28,
    0x23, 0xbb, 0xf8, 0x3, 0xc8, 0x26, 0x40, 0x1f,
    0xfc, 0x5e, 0xa, 0x0, 0xff, 0xe3, 0x28, 0x38,
    0x5f, 0x77, 0xfc, 0x1, 0xca, 0x10, 0xe, 0x23,
    0xff, 0x0, 0x75, 0xb, 0x16, 0x7f, 0xdc, 0x0,
    0xdf, 0xfc, 0x1, 0xe9, 0xa, 0x0, 0xc2, 0x0,
    0x30, 0xf, 0xf2, 0x2, 0x1, 0xb1, 0x0, 0x62,
    0x81, 0x0, 0xf8, 0x40, 0x42, 0xa5, 0x0, 0x35,
    0x3b, 0x0, 0x78, 0x68, 0x4, 0x1c, 0x1c, 0x3,
    0x50, 0x50, 0x7, 0x37, 0x38, 0x52, 0xa, 0x8,
    0x6, 0x23, 0x22, 0x0, 0x64, 0x42, 0xd3, 0x78,
    0x78, 0x7, 0xac, 0x14, 0x3, 0x15, 0xd2, 0x92,
    0x12, 0x0, 0x79, 0x82, 0xc0, 0x3f, 0x48, 0x40,
    0x7, 0xc2, 0x46, 0x1, 0xfa, 0x55, 0x42, 0x46,
    0x1, 0xc8, 0xc0, 0x1f, 0x8a, 0x81, 0xb7, 0x0,
    0x2, 0x0, 0x99, 0x0, 0x7f, 0xc8, 0x2, 0x74,
    0x1, 0xe0,

    /* U+964D "降" */
    0x0, 0xff, 0x8d, 0x88, 0x3, 0xe2, 0xbb, 0xdf,
    0x0, 0x1b, 0xa5, 0xc0, 0x3e, 0x14, 0x4c, 0xe,
    0x80, 0xa, 0x20, 0xfa, 0xa5, 0xf2, 0x0, 0x64,
    0xcb, 0x1, 0x40, 0x85, 0x0, 0x2a, 0xc8, 0x38,
    0x1, 0x84, 0xcc, 0xc, 0x12, 0xe0, 0xf, 0xfa,
    0xc0, 0xa0, 0x3, 0xd4, 0x13, 0x4c, 0x4a, 0x18,
    0x29, 0x61, 0xc0, 0x1e, 0x32, 0x51, 0xb6, 0xca,
    0x63, 0xeb, 0xb, 0x30, 0xf, 0x50, 0x78, 0xc,
    0x88, 0xb8, 0x2, 0x17, 0x0, 0xfb, 0x42, 0x40,
    0x56, 0xba, 0x1, 0x8, 0x73, 0xa5, 0x44, 0x2,
    0x48, 0x38, 0xfa, 0x51, 0x7e, 0x89, 0xa4, 0x16,
    0xb0, 0xe, 0x71, 0x6b, 0x7c, 0xe8, 0x1d, 0xb4,
    0xbe, 0xad, 0x10, 0xe, 0x51, 0x71, 0xfc, 0xc8,
    0x43, 0x31, 0xb2, 0x20, 0x1e, 0x10, 0x14, 0x33,
    0xc0, 0x2, 0x33, 0x84, 0x3, 0x12, 0x20, 0x7,
    0xf3, 0xbf, 0xc0, 0xd, 0xff, 0x8c, 0x3, 0x65,
    0x89, 0x12, 0xb1, 0xc0, 0x2, 0x6, 0x1, 0xf9,
    0xcd, 0x7c, 0x14, 0x10, 0x0, 0x20, 0x60, 0x1f,
    0xa7, 0x28, 0x84, 0x83, 0x7f, 0xc0, 0xd, 0xff,
    0xb8, 0x3, 0xf2, 0x80, 0xc, 0xe0, 0x1, 0x19,
    0xc8, 0x1, 0xf9, 0x3f, 0xd9, 0x90, 0x86, 0x66,
    0xa0, 0xf, 0xfe, 0xf8,

    /* U+9664 "除" */
    0x0, 0xff, 0xe0, 0xc4, 0x88, 0x7, 0x16, 0xee,
    0xfa, 0x10, 0xc, 0x8e, 0xc0, 0x1e, 0x12, 0x2c,
    0xa, 0x60, 0x11, 0x50, 0x2, 0xc0, 0x3e, 0x5f,
    0xc0, 0x32, 0x0, 0x16, 0xb, 0x1a, 0xd0, 0x7,
    0xe4, 0xa, 0x0, 0x1e, 0xb, 0x4e, 0x92, 0xe0,
    0x80, 0x7a, 0xc1, 0xc1, 0xb0, 0x5a, 0x40, 0x70,
    0x8f, 0x98, 0x3, 0x9, 0xa0, 0x64, 0x83, 0xc8,
    0x4, 0x38, 0x81, 0x2e, 0x1, 0x38, 0x70, 0xa0,
    0x92, 0xee, 0xbf, 0xdb, 0x8c, 0xc4, 0x70, 0x9,
    0x43, 0x82, 0x39, 0x8, 0xa0, 0x1, 0x15, 0x76,
    0x0, 0xc6, 0xe8, 0xa0, 0x9, 0xff, 0x80, 0x1f,
    0xf1, 0x0, 0x7a, 0x42, 0x40, 0x3f, 0xf8, 0xc2,
    0x46, 0xd7, 0x7c, 0x0, 0xbb, 0xe2, 0x0, 0xe1,
    0xf, 0x44, 0xe0, 0x2, 0x27, 0x30, 0x4, 0x26,
    0x60, 0x8d, 0xdd, 0x80, 0xc, 0xdd, 0xc8, 0x1,
    0x6e, 0x2, 0x89, 0x45, 0x19, 0x80, 0x6, 0xbc,
    0x64, 0x1, 0xa9, 0x62, 0x81, 0x15, 0x4, 0x3,
    0x79, 0xd0, 0x7, 0x35, 0x38, 0x2, 0x42, 0x0,
    0x3a, 0xd, 0x18, 0x3, 0xf4, 0x92, 0x20, 0x3,
    0xdc, 0x12, 0x20, 0x1e, 0x36, 0x1a, 0x0, 0xf8,
    0x98, 0x1c, 0x3, 0xc7, 0x54, 0x19, 0xdd, 0x0,
    0x80, 0x51, 0x6c, 0x1, 0xf2, 0xa0, 0x61, 0x15,
    0x60, 0x10, 0xa0, 0x1f, 0xd0, 0x7, 0xcb, 0xfe,
    0xd5, 0x0, 0xf0,

    /* U+968F "随" */
    0x0, 0xff, 0xe0, 0x8a, 0x8, 0x7, 0x9d, 0xf4,
    0x88, 0x7, 0x9e, 0xe4, 0x3, 0x8a, 0x23, 0x35,
    0x28, 0x7, 0x68, 0x60, 0x7, 0xc5, 0x26, 0xf,
    0x52, 0x19, 0xfe, 0x40, 0xbf, 0xfc, 0x20, 0x6,
    0x62, 0x87, 0xab, 0x22, 0x40, 0x12, 0x27, 0x8,
    0x6, 0x41, 0x3b, 0x9, 0x8b, 0x20, 0xdb, 0xbe,
    0x0, 0xc2, 0x4e, 0x3, 0x3c, 0xe, 0x41, 0x15,
    0x4f, 0xc2, 0x0, 0xce, 0x1a, 0x0, 0x63, 0x34,
    0x0, 0x15, 0x60, 0x31, 0x0, 0xdc, 0xe, 0x1,
    0x16, 0x0, 0x5f, 0xf2, 0x80, 0x7a, 0x42, 0x21,
    0xfe, 0xd5, 0x73, 0x8, 0x89, 0x40, 0x3c, 0x2c,
    0x80, 0x82, 0x17, 0x0, 0x7, 0x78, 0x3, 0xf6,
    0x7, 0x5a, 0x80, 0x77, 0xfc, 0xa0, 0x1f, 0x38,
    0x70, 0x7, 0xd1, 0x12, 0x80, 0x7c, 0x20, 0x1f,
    0xce, 0xf0, 0x7, 0xcd, 0xe1, 0xc0, 0x1f, 0x7f,
    0xca, 0x1, 0xec, 0x32, 0x70, 0xf, 0xe1, 0x0,
    0xfa, 0xf7, 0x42, 0x8, 0x1, 0xf7, 0x28, 0x10,
    0x6, 0x12, 0x0, 0x60, 0x2, 0xc2, 0x64, 0x0,
    0xa9, 0xd1, 0x0, 0xfa, 0x8d, 0x59, 0x71, 0x98,
    0x0, 0x56, 0x20, 0xf, 0x8d, 0x4e, 0xa6, 0x47,
    0x9d, 0x97, 0x98, 0xdf, 0x20, 0xe, 0x36, 0xe0,
    0x3, 0x6a, 0x81, 0xa1, 0x98, 0x84, 0x89, 0xf6,
    0x1, 0x49, 0x0, 0x45, 0x5d, 0xfd, 0xff, 0x70,
    0x0,

    /* U+9694 "隔" */
    0x8d, 0xdb, 0xbd, 0x55, 0x99, 0xff, 0x59, 0x16,
    0x10, 0xe2, 0x33, 0xff, 0x94, 0x1, 0x9c, 0xa1,
    0xaf, 0xff, 0xff, 0x70, 0x4, 0x2e, 0xe, 0xd,
    0xff, 0xfd, 0x60, 0x18, 0x49, 0x4, 0x2, 0x47,
    0x7f, 0x3, 0x80, 0x64, 0xe, 0x0, 0xdb, 0x11,
    0xe0, 0xf, 0x78, 0x28, 0x6, 0xd8, 0x8f, 0x0,
    0x78, 0xc0, 0xc0, 0x32, 0x3b, 0xf8, 0x1c, 0x3,
    0x48, 0xf0, 0x1, 0xbf, 0xff, 0xa8, 0x3, 0x98,
    0x91, 0x1f, 0xff, 0xee, 0x90, 0xd, 0x81, 0x80,
    0x3, 0x75, 0x77, 0x99, 0xd0, 0x3, 0xf0, 0x80,
    0x12, 0x97, 0xa2, 0xa, 0x70, 0x1, 0x9c, 0xf8,
    0x4, 0x2, 0x26, 0x92, 0x43, 0xf0, 0xe, 0x7c,
    0x50, 0xa0, 0x9, 0x38, 0x6a, 0xc0, 0x80, 0x3d,
    0x32, 0xd2, 0x0, 0xba, 0x5, 0xc0, 0x12, 0xe0,
    0x1c, 0xcc, 0x20, 0xd, 0x5f, 0x80, 0xff, 0xe7,
    0x0, 0xff, 0xf7, 0x4c, 0x0, 0x80, 0x7f, 0xf1,
    0xd, 0xa, 0xa9, 0xe6, 0x1, 0x93, 0xa0, 0x0,
    0x7f, 0x1, 0x5f, 0xa4,

    /* U+96C6 "集" */
    0x0, 0xe2, 0x41, 0x0, 0x90, 0x40, 0x3f, 0xf8,
    0x5d, 0x70, 0x0, 0x8b, 0x80, 0xf, 0xfe, 0xb,
    0x98, 0x58, 0x8a, 0xc1, 0x8c, 0x47, 0xc0, 0x1c,
    0xb0, 0x0, 0xde, 0xe6, 0x0, 0x33, 0xbb, 0xac,
    0x3, 0x1d, 0x0, 0x1d, 0xf1, 0x0, 0x1d, 0xfd,
    0xe0, 0x12, 0x60, 0x5, 0xff, 0x84, 0x1, 0xff,
    0xda, 0xa0, 0x2, 0xb0, 0x20, 0x4, 0x46, 0x30,
    0x4, 0x47, 0x70, 0x4, 0x59, 0x50, 0x9, 0xff,
    0xa8, 0x13, 0xff, 0xac, 0x3, 0x1a, 0x80, 0x13,
    0xff, 0x50, 0x27, 0xff, 0x58, 0x7, 0xf4, 0x46,
    0x30, 0x4, 0x47, 0x70, 0x7, 0xe4, 0x77, 0xd2,
    0x8, 0xef, 0xca, 0x1, 0xf9, 0x3f, 0xf5, 0x2,
    0x7f, 0xfc, 0x80, 0x1f, 0x2a, 0xe0, 0x15, 0x5f,
    0xcc, 0x1, 0x92, 0xf2, 0xaa, 0xb0, 0x1a, 0xaf,
    0xc4, 0x0, 0xdf, 0xeb, 0xcf, 0xfb, 0x80, 0x1f,
    0xff, 0xb4, 0x0, 0xe8, 0x9e, 0x0, 0xf2, 0x27,
    0x9c, 0x1, 0x57, 0x7b, 0x98, 0x4, 0x0, 0x40,
    0xdd, 0x77, 0xa8, 0x3, 0x97, 0x28, 0x9b, 0x0,
    0x1a, 0xc5, 0x58, 0xc0, 0x1c, 0x93, 0xd4, 0x65,
    0x92, 0x60, 0x14, 0xe1, 0x9a, 0x7e, 0x94, 0xa,
    0xd8, 0x4e, 0xb4, 0xc0, 0x3c, 0x79, 0x68, 0xb,
    0x0, 0x54, 0xd9, 0x85, 0x0, 0xff, 0x25, 0xec,
    0x78, 0x0,

    /* U+96E8 "雨" */
    0x34, 0x4f, 0xfe, 0x31, 0xed, 0xdf, 0xff, 0x1b,
    0x54, 0x8b, 0xe1, 0x0, 0x11, 0x7e, 0x5b, 0xdd,
    0xfb, 0xc0, 0x1b, 0xbf, 0xac, 0x3, 0xff, 0x93,
    0x9d, 0xdf, 0x0, 0x3b, 0xbd, 0xfc, 0x0, 0x21,
    0x1f, 0x0, 0x42, 0x3e, 0x1, 0x0, 0xdb, 0xdd,
    0xb4, 0x1, 0xdd, 0xe0, 0xf, 0x1b, 0x38, 0x88,
    0xc0, 0x3, 0x8, 0x23, 0x0, 0x78, 0xe6, 0x56,
    0x20, 0x11, 0xbd, 0x59, 0x0, 0x7c, 0x7e, 0x88,
    0xf4, 0x0, 0x1f, 0xa2, 0x35, 0x0, 0x3e, 0x1b,
    0x92, 0x70, 0x8, 0x6e, 0x4d, 0x0, 0x3e, 0x10,
    0x6c, 0x30, 0x8, 0x81, 0xb0, 0x3, 0xe5, 0xfb,
    0x10, 0xc, 0xdb, 0x42, 0x1, 0xf9, 0x91, 0x1e,
    0x80, 0x13, 0x9a, 0xfa, 0x0, 0x7c, 0x75, 0x3,
    0x68, 0x0, 0x1c, 0x71, 0xb2, 0x0, 0xfc, 0xf6,
    0xe8, 0x1, 0xa2, 0xe4, 0x80, 0x3f, 0x92, 0x0,
    0x3c, 0x8c, 0x1, 0xff, 0xc5, 0x3b, 0xb8, 0x3,
    0xff, 0x88, 0x6a, 0x88, 0x19, 0x0, 0x77, 0x88,
    0x6, 0x1f, 0xf0, 0x5, 0xfb, 0xdc, 0x60,

    /* U+96EA "雪" */
    0x1, 0xbb, 0xfb, 0x31, 0x77, 0xf0, 0x4, 0x68,
    0x9f, 0x19, 0x91, 0x3e, 0x0, 0x8b, 0xff, 0xdc,
    0x3, 0xff, 0xf0, 0x2, 0xbf, 0xfe, 0xe0, 0x1f,
    0xff, 0xc2, 0x20, 0x44, 0xf1, 0x80, 0x11, 0x3c,
    0x1, 0xd3, 0x55, 0xaf, 0x40, 0x6e, 0xab, 0x58,
    0x80, 0x77, 0xf7, 0x58, 0x1, 0x17, 0x76, 0x60,
    0x8, 0x40, 0x15, 0x5a, 0x0, 0x22, 0xaa, 0xce,
    0x60, 0xa, 0xf0, 0x32, 0x28, 0x40, 0x21, 0x22,
    0xc9, 0xbe, 0x20, 0x7, 0x88, 0xd2, 0x1, 0x1c,
    0x46, 0x90, 0xe, 0x5f, 0xfd, 0x83, 0x9a, 0x5f,
    0xfb, 0x0, 0x3a, 0xff, 0xfd, 0x98, 0xff, 0xee,
    0x0, 0xe3, 0x44, 0xff, 0xe0, 0x0, 0x80, 0x74,
    0x5d, 0xff, 0xf0, 0x0, 0x3e, 0x2a, 0xaf, 0xfe,
    0x0, 0x7, 0xc2, 0xab, 0xff, 0xc0, 0x0, 0xf8,
    0xff, 0xff, 0xf8, 0x0, 0x1f, 0x55, 0x7f, 0xf0,
    0x40, 0x3e, 0x55, 0xff, 0xe0, 0x80, 0x7d, 0xff,
    0xff, 0xc1, 0x0, 0xe0,

    /* U+96F7 "雷" */
    0x1, 0xbb, 0xfb, 0x31, 0x77, 0xf0, 0x4, 0x68,
    0x9f, 0x19, 0x91, 0x3e, 0x0, 0x8b, 0xff, 0xdc,
    0x3, 0xff, 0xf0, 0x2, 0xbf, 0xfe, 0xe0, 0x1f,
    0xff, 0xc2, 0x20, 0x45, 0x5e, 0x30, 0x2, 0xaf,
    0x80, 0x3a, 0x6e, 0xfb, 0x40, 0x6a, 0xef, 0x50,
    0x80, 0x77, 0xf7, 0x5a, 0x1, 0x1f, 0x76, 0x40,
    0x8, 0x40, 0x15, 0x5b, 0xc0, 0x22, 0xaa, 0xca,
    0x60, 0xa, 0xf0, 0x32, 0x29, 0x40, 0x31, 0x16,
    0x4d, 0xf1, 0x0, 0x34, 0x46, 0xa0, 0x8, 0xa2,
    0x37, 0x0, 0x72, 0x7f, 0xec, 0x19, 0xb3, 0xff,
    0xd6, 0x1, 0xcf, 0xbb, 0xeb, 0x8d, 0xdf, 0x10,
    0x6, 0xe2, 0x1, 0x18, 0xc8, 0x82, 0x38, 0x88,
    0x20, 0x1e, 0xec, 0xcb, 0xc0, 0x73, 0x30, 0x80,
    0x7e, 0xea, 0xac, 0x3, 0x55, 0x84, 0x3, 0xf1,
    0x2a, 0xc8, 0x0, 0x55, 0xc0, 0x1f, 0xd9, 0xff,
    0x70, 0xf, 0xfe, 0x10, 0xf, 0xd9, 0x77, 0x60,
    0xd, 0xde, 0x10, 0xf, 0xe5, 0x58, 0xc0, 0xa,
    0xb8, 0x3, 0xfb, 0x3b, 0xb7, 0xfb, 0xbb, 0x8,
    0x7, 0xa3, 0x4c, 0x3, 0xfd, 0xde, 0x60, 0x0,

    /* U+96FE "雾" */
    0x0, 0x27, 0xff, 0xff, 0x10, 0xc0, 0x32, 0xdd,
    0xfa, 0x40, 0x17, 0x7f, 0x10, 0x5, 0x5f, 0x55,
    0xe9, 0x0, 0x55, 0x7d, 0xe2, 0x0, 0x11, 0x4d,
    0xdf, 0x40, 0x2, 0xef, 0xc0, 0x20, 0x1c, 0xb1,
    0x55, 0x62, 0x80, 0xbd, 0xde, 0x0, 0xfe, 0xec,
    0xca, 0xc0, 0x22, 0xdd, 0xc8, 0x1, 0xd1, 0x45,
    0xb9, 0x95, 0x80, 0x45, 0xbb, 0x92, 0xa8, 0x20,
    0x3, 0x50, 0xfd, 0x87, 0xa3, 0x44, 0x15, 0x56,
    0x44, 0x28, 0x7, 0x85, 0x61, 0xed, 0xf7, 0x18,
    0x8b, 0x40, 0x7, 0xcb, 0xb0, 0x0, 0x79, 0x9f,
    0xcc, 0xc0, 0xc, 0x5d, 0x44, 0x3, 0x1d, 0xff,
    0xad, 0x40, 0xad, 0x80, 0x31, 0x4c, 0x7f, 0x3c,
    0x77, 0xfe, 0xb6, 0x9d, 0x40, 0xc, 0x28, 0x43,
    0x10, 0x50, 0xf, 0x8e, 0xf3, 0x17, 0x68, 0x3,
    0xba, 0x97, 0x70, 0x34, 0xd5, 0xdd, 0x2e, 0xf0,
    0x32, 0xe0, 0x15, 0xe6, 0xff, 0x64, 0xb7, 0x59,
    0xa3, 0x45, 0x5e, 0x6f, 0x20, 0x1, 0x1f, 0x7f,
    0xf9, 0x2, 0x3f, 0xfc, 0x1, 0xe6, 0x77, 0xe0,
    0x9, 0xdf, 0x80, 0x40, 0x3c, 0x51, 0x16, 0xa8,
    0x27, 0xc4, 0x70, 0x10, 0x7, 0x95, 0xef, 0xa8,
    0xe2, 0xc0, 0x7, 0x31, 0x60, 0x80, 0x1e, 0xc8,
    0x54, 0xae, 0x70, 0x8, 0xd9, 0xd0, 0xe4, 0x3,
    0xd3, 0xdc, 0xa5, 0x0, 0xf7, 0xfd, 0x82, 0x1,
    0x80,

    /* U+9700 "需" */
    0x0, 0x4d, 0x57, 0xae, 0xd5, 0x5f, 0x0, 0x67,
    0x55, 0xf2, 0x21, 0x57, 0xe1, 0x0, 0xf, 0xf7,
    0x78, 0x1, 0xdd, 0xf0, 0x1, 0x3b, 0xbf, 0x0,
    0x3b, 0xbf, 0x58, 0x1, 0x26, 0x7c, 0x0, 0x99,
    0xf2, 0x80, 0x62, 0x50, 0xc, 0xc0, 0x6, 0x0,
    0xc5, 0x80, 0x1c, 0x91, 0x18, 0x40, 0x28, 0x8d,
    0xa0, 0x12, 0x64, 0x1d, 0xde, 0x10, 0xa, 0xef,
    0x62, 0x64, 0x81, 0x8d, 0xd5, 0x61, 0x0, 0xaa,
    0xb8, 0x4c, 0x80, 0x2f, 0xfe, 0x1a, 0x90, 0xff,
    0xe3, 0x0, 0x2d, 0xdf, 0xe9, 0xab, 0xbf, 0xd4,
    0x6a, 0xbf, 0x21, 0x99, 0x15, 0x7e, 0x76, 0xee,
    0xfa, 0x81, 0x3f, 0xbb, 0xed, 0x0, 0x5f, 0x77,
    0x50, 0x27, 0x77, 0x7f, 0x38, 0x4, 0xe2, 0x44,
    0x31, 0x3, 0x30, 0x8c, 0x44, 0x1, 0xf0, 0xe,
    0xec, 0xc0, 0x16, 0x62, 0x81, 0xf3, 0x10, 0x1,
    0xff, 0xed, 0x38, 0xb0, 0xf0, 0xf, 0xfe, 0x19,
    0x39, 0x8a, 0x80, 0x5b, 0xa2, 0x1, 0xfd, 0x0,
    0x2f, 0xc0, 0xef, 0x70, 0x80,

    /* U+971C "霜" */
    0x0, 0xd, 0x57, 0xd7, 0x55, 0xf8, 0x3, 0x95,
    0x7e, 0x45, 0x5f, 0xc0, 0x10, 0x9e, 0xef, 0xac,
    0x1, 0xbb, 0xf1, 0x8, 0x6e, 0xfe, 0xb0, 0x6,
    0xef, 0xe8, 0x0, 0xaa, 0xef, 0xa4, 0x1, 0x77,
    0xe7, 0x0, 0xe4, 0xc8, 0x8b, 0x9c, 0x5, 0x62,
    0x30, 0xe8, 0x7, 0xae, 0x66, 0xe0, 0x8, 0x66,
    0x73, 0x80, 0x6c, 0xf2, 0xca, 0xaa, 0x0, 0x22,
    0xbb, 0xd8, 0x9f, 0x20, 0x11, 0xee, 0x63, 0x78,
    0xd, 0x4b, 0x77, 0x84, 0x3, 0xc7, 0x9a, 0x44,
    0x1c, 0xc4, 0x5d, 0xf4, 0x40, 0x0, 0x46, 0x65,
    0x1, 0x33, 0x82, 0x1d, 0xff, 0x0, 0x3f, 0x31,
    0x60, 0xc, 0xc9, 0x0, 0x1f, 0xfc, 0x1, 0xbb,
    0x30, 0x1, 0x66, 0x48, 0x0, 0xff, 0xe0, 0xc,
    0x66, 0x0, 0xc8, 0x66, 0x0, 0xa6, 0x78, 0x3,
    0xdc, 0x1, 0x45, 0x88, 0x4, 0x89, 0xc0, 0x1d,
    0x44, 0xe0, 0x2c, 0x98, 0x40, 0xd, 0xde, 0x0,
    0xd2, 0xa9, 0x20, 0x9, 0x73, 0x30, 0x3, 0x33,
    0x80, 0x23, 0x62, 0xa0, 0xd, 0x18, 0x20, 0x4,
    0x4e, 0x0, 0x8e, 0xb0, 0x40, 0x38, 0x80, 0x28,
    0x8e, 0x0, 0xca, 0x20, 0x1f, 0x88, 0x9f, 0xfc,
    0x22, 0x0,

    /* U+971E "霞" */
    0x0, 0x55, 0x7f, 0xf1, 0x0, 0x30, 0xbb, 0xf9,
    0x56, 0x77, 0xf8, 0x2, 0x22, 0x77, 0x7a, 0x80,
    0x1d, 0xdf, 0x18, 0x84, 0x66, 0x7d, 0x40, 0xc,
    0xcf, 0xce, 0x1, 0x5e, 0x5d, 0xdb, 0x80, 0xe,
    0xbb, 0xda, 0xc0, 0x1c, 0xfb, 0x77, 0x29, 0x0,
    0x85, 0xde, 0x71, 0x0, 0xbd, 0xc6, 0xae, 0xe6,
    0x0, 0x86, 0xef, 0x36, 0x3a, 0x82, 0xc3, 0x4c,
    0xe7, 0x0, 0x86, 0x67, 0x42, 0x41, 0x80, 0x4,
    0x5f, 0xf9, 0xa, 0xf4, 0xbb, 0xb4, 0x18, 0x80,
    0x57, 0x5b, 0xbd, 0x86, 0xb9, 0x9f, 0x40, 0x7,
    0x6e, 0xe1, 0x0, 0x37, 0x77, 0x40, 0x7, 0xce,
    0xf8, 0x2, 0x36, 0x6e, 0xc0, 0xf, 0xaa, 0xb0,
    0x80, 0x1a, 0xab, 0x98, 0xb8, 0x3, 0xbf, 0xfc,
    0xed, 0x33, 0xe8, 0x50, 0xe, 0xff, 0xf1, 0x4d,
    0xdf, 0xab, 0xc0, 0x3a, 0xab, 0xc5, 0x46, 0x3b,
    0xfa, 0x21, 0x20, 0x1c, 0x45, 0xf0, 0x48, 0xee,
    0xc3, 0x28, 0x1, 0xd1, 0x1e, 0x60, 0x73, 0x2,
    0x1, 0x32, 0x0, 0xef, 0xff, 0x77, 0x34, 0xc0,
    0x21, 0xad, 0xd0, 0x7, 0xf8, 0x8d, 0xaf, 0xfe,
    0xb6, 0x38, 0x0,

    /* U+973E "霾" */
    0x0, 0xa6, 0x7e, 0xa9, 0x9f, 0xc0, 0x1c, 0x45,
    0xe5, 0x53, 0x11, 0x7c, 0x1, 0x1b, 0x6e, 0xfa,
    0xc0, 0x1b, 0xbf, 0x30, 0x84, 0xca, 0xef, 0xd2,
    0x0, 0xbb, 0xf4, 0x4a, 0x0, 0x59, 0x11, 0xa7,
    0xc0, 0x72, 0x23, 0x74, 0x0, 0x7b, 0xbb, 0x68,
    0x4, 0x5d, 0xd9, 0x0, 0x35, 0x73, 0x2a, 0xf0,
    0x4, 0xea, 0xba, 0x53, 0x94, 0x0, 0x2d, 0x98,
    0xb8, 0xd0, 0x9, 0x33, 0x38, 0x84, 0x0, 0x26,
    0xf1, 0x95, 0x2a, 0x2a, 0x55, 0x11, 0xd5, 0x40,
    0x1e, 0xc8, 0x61, 0xaf, 0x0, 0x31, 0x80, 0x15,
    0x40, 0x4, 0x51, 0x16, 0xb5, 0x68, 0xc6, 0x5d,
    0x80, 0x1d, 0xc0, 0x7, 0x70, 0x80, 0x22, 0xeb,
    0x91, 0x20, 0xab, 0x0, 0x5d, 0x80, 0x17, 0x63,
    0x0, 0xc, 0x48, 0x28, 0x82, 0x28, 0x5, 0xfe,
    0x32, 0xff, 0x20, 0x0, 0x4a, 0x37, 0x18, 0x1d,
    0x0, 0x2f, 0xf1, 0x97, 0xf9, 0x0, 0x2a, 0x5b,
    0xe5, 0xb0, 0x90, 0x8a, 0xa8, 0x1, 0x55, 0x84,
    0x5d, 0x89, 0x5b, 0x80, 0x42, 0xe6, 0x70, 0x0,
    0xce, 0x0, 0xc, 0xe6, 0x37, 0x94, 0xc0, 0xae,
    0x66, 0x0, 0x4c, 0xd0, 0x0, 0x18, 0xe6, 0x9d,
    0x60, 0x18, 0xff, 0x84, 0x3f, 0xed, 0x0, 0x43,
    0x45, 0xf5, 0x29, 0x47, 0xfe, 0x10, 0xff, 0xdc,
    0x19, 0xae, 0xe6, 0x53, 0xf0, 0xf, 0xfe, 0x0,

    /* U+975E "非" */
    0x0, 0xf8, 0xd0, 0x40, 0x6, 0x61, 0x0, 0xff,
    0xe0, 0xc5, 0xb8, 0x3, 0x71, 0x40, 0x3f, 0xfa,
    0x2, 0x67, 0xca, 0x1, 0xe3, 0x3f, 0x0, 0x23,
    0x33, 0x84, 0x3, 0xd1, 0x99, 0xca, 0x2, 0x45,
    0xc0, 0x1f, 0x88, 0xb8, 0x42, 0x37, 0x79, 0x0,
    0x3d, 0x7b, 0xbc, 0x80, 0x1f, 0xfc, 0xb2, 0x2e,
    0x50, 0xf, 0x19, 0x17, 0x0, 0x13, 0x77, 0x84,
    0x3, 0xd1, 0xbb, 0xb0, 0x0, 0xe4, 0x5c, 0x1,
    0xf8, 0x8b, 0x28, 0x0, 0xf7, 0x79, 0x0, 0x3d,
    0x7b, 0xba, 0xc0, 0x3f, 0xf9, 0x62, 0x3e, 0x60,
    0xf, 0x10, 0x8f, 0xdd, 0xde, 0x20, 0xf, 0x4f,
    0x77, 0x50, 0x7, 0xff, 0xc, 0x47, 0xef, 0xff,
    0x20, 0x7, 0xaf, 0xbb, 0xa8, 0x3, 0xff, 0xfe,
    0x1, 0xfc,

    /* U+9760 "靠" */
    0x0, 0xcc, 0x80, 0x14, 0x48, 0x80, 0x7f, 0xf0,
    0x16, 0x68, 0xce, 0x76, 0x73, 0x3f, 0x0, 0x70,
    0xd0, 0xe, 0x64, 0x0, 0x9c, 0xcf, 0x8, 0x6,
    0xc0, 0x7d, 0xdc, 0x0, 0xad, 0xdf, 0x8, 0x1,
    0xb0, 0x81, 0x3b, 0xb0, 0x2, 0xbb, 0xbd, 0x98,
    0x3, 0x65, 0x53, 0x37, 0x2a, 0xcc, 0xdf, 0x81,
    0x6a, 0x9f, 0xff, 0xfc, 0x3a, 0xa0, 0x4, 0x55,
    0x5f, 0xfc, 0x30, 0xf, 0x8b, 0xff, 0xfd, 0xa0,
    0x1f, 0xc6, 0xcd, 0xfe, 0x50, 0xf, 0xe1, 0x99,
    0xff, 0x40, 0x7, 0xc5, 0xff, 0x80, 0x1d, 0xf8,
    0x3, 0xff, 0x80, 0x25, 0xee, 0xf0, 0x7, 0x87,
    0xbb, 0xb4, 0x1e, 0x67, 0xc0, 0x1f, 0x4c, 0xf5,
    0x81, 0x32, 0xaf, 0x0, 0x7c, 0xab, 0xce, 0x0,
    0x8d, 0xde, 0x0, 0xfb, 0x77, 0x98, 0x1, 0x79,
    0x9c, 0x1, 0xf6, 0x67, 0x30, 0x3d, 0x5d, 0xf0,
    0x7, 0xd7, 0x7d, 0x29, 0x6a, 0xbe, 0x0, 0xf9,
    0xdf, 0xd9, 0x8d, 0xdf, 0x0, 0x78, 0x7f, 0xfd,
    0x0, 0x1f, 0xfc, 0x90,

    /* U+9762 "面" */
    0x0, 0xff, 0xe4, 0x67, 0xff, 0xff, 0x1b, 0x9c,
    0x3, 0xff, 0x8c, 0x77, 0xff, 0xf3, 0x2, 0x7f,
    0xfe, 0xd0, 0xf, 0xc8, 0x1a, 0x1, 0xfe, 0xce,
    0xee, 0xf2, 0x9, 0xee, 0xfb, 0x0, 0x2, 0x3e,
    0x0, 0xc2, 0x3f, 0x80, 0x36, 0x7f, 0x1, 0x7f,
    0xdc, 0x5, 0xfe, 0xb0, 0xf, 0xfe, 0x91, 0x5d,
    0xda, 0x1, 0xff, 0xc4, 0x44, 0x8c, 0x3, 0xff,
    0x86, 0x5f, 0xf7, 0x0, 0x7f, 0xf5, 0xcb, 0xfe,
    0xe0, 0xf, 0xfe, 0x23, 0x34, 0x80, 0x1f, 0xfc,
    0x32, 0x99, 0xa8, 0x3, 0xff, 0xa7, 0x9f, 0xc0,
    0x5f, 0xf7, 0x1, 0x7f, 0xac, 0x3, 0xe1, 0x1f,
    0xfe, 0x0, 0x7, 0xd9, 0xdd, 0xff, 0xc0, 0xb0,
    0x8,

    /* U+978B "鞋" */
    0x0, 0x24, 0x18, 0x1, 0xa0, 0x3, 0x86, 0x1c,
    0x3, 0xec, 0x75, 0x0, 0x6b, 0x88, 0x6, 0x37,
    0x90, 0xe, 0x1b, 0x70, 0x9b, 0xb2, 0x6, 0xd8,
    0x7, 0xfc, 0x68, 0x1, 0x22, 0x0, 0x6, 0x8f,
    0xbb, 0x0, 0xee, 0xca, 0x5, 0xee, 0x11, 0xfe,
    0x40, 0xef, 0xe2, 0x20, 0x4, 0x45, 0x18, 0x7,
    0x5c, 0xc9, 0x40, 0x29, 0xff, 0x68, 0x3, 0xfe,
    0x60, 0xe, 0x36, 0x60, 0x80, 0x7e, 0x10, 0xf,
    0xa3, 0xf8, 0x7, 0xfc, 0x20, 0x23, 0x80, 0x47,
    0x0, 0x4d, 0x55, 0x0, 0xd5, 0x47, 0xdd, 0x60,
    0x3, 0xbb, 0x0, 0x31, 0x54, 0x80, 0x5, 0x58,
    0x4, 0x7f, 0x88, 0x3, 0x77, 0x8a, 0x79, 0x81,
    0xf7, 0x69, 0x97, 0x75, 0x80, 0x1f, 0xfc, 0x32,
    0x89, 0x0, 0xfd, 0x56, 0x29, 0x66, 0x1, 0xff,
    0xc2, 0x31, 0x54, 0x0, 0x28, 0x88, 0x37, 0xfd,
    0xa0, 0x3f, 0xf3, 0x80, 0x27, 0xba, 0x2, 0xee,
    0x80, 0x3f, 0xde, 0x5, 0x77, 0x68, 0x15, 0xdd,
    0x3b, 0xfe, 0xd0, 0x1f, 0xfa, 0x0, 0x51, 0x23,
    0x0, 0x22, 0x60, 0xf, 0xf8, 0xff, 0xee, 0x1,
    0xff, 0xb4, 0x3, 0xff, 0x8a, 0x60, 0x15, 0xff,
    0xda, 0x3, 0xff, 0x84, 0x3, 0xfc, 0xe0, 0x1f,
    0xe3, 0x0, 0xff, 0x67, 0xff, 0xf8, 0x80,

    /* U+97F3 "音" */
    0x0, 0xfc, 0xb7, 0x40, 0x1f, 0xfc, 0x57, 0x45,
    0x30, 0xf, 0xe7, 0xdd, 0xf7, 0x80, 0x33, 0x77,
    0xd4, 0x0, 0xe2, 0x2f, 0x80, 0x22, 0x2f, 0x38,
    0x2, 0x7f, 0xd2, 0x6f, 0xff, 0xe8, 0x15, 0xff,
    0x68, 0x7, 0x11, 0xb8, 0x80, 0x75, 0x89, 0x80,
    0x7e, 0x41, 0x7, 0x0, 0xc6, 0x60, 0x80, 0xd,
    0x39, 0x98, 0x42, 0x33, 0x38, 0x1, 0xb9, 0x95,
    0xa9, 0x9e, 0x0, 0x9, 0x9e, 0x0, 0x8c, 0xf2,
    0xef, 0x77, 0xff, 0x1b, 0xc4, 0x7f, 0xf9, 0x0,
    0x17, 0xff, 0xff, 0x8, 0x80, 0x3e, 0x34, 0x4f,
    0xe0, 0xf, 0xf7, 0x5d, 0xff, 0x0, 0x7f, 0xa2,
    0x3f, 0xc0, 0x1f, 0xe5, 0x77, 0xfe, 0x0, 0xff,
    0x67, 0x77, 0xf0, 0x7, 0xf8, 0x47, 0xfc, 0x1,
    0xfe, 0xfb, 0xbf, 0xe0, 0xf, 0xf1, 0x22, 0x7f,
    0x0, 0x7f, 0xb7, 0xff, 0xf8, 0x3, 0xf7, 0xf8,
    0x80, 0x3f, 0xbf, 0xc4, 0x0,

    /* U+9875 "页" */
    0x3, 0x3f, 0xfe, 0x46, 0x67, 0xff, 0x1b, 0x85,
    0x13, 0xe1, 0x0, 0x12, 0x27, 0xe2, 0xbb, 0xf9,
    0x81, 0x36, 0xef, 0xe9, 0x0, 0xf8, 0x5c, 0x3c,
    0x3, 0xfe, 0x3f, 0xfd, 0xc0, 0xb, 0xff, 0xf8,
    0x3, 0xe1, 0x1f, 0xf8, 0x3, 0xf0, 0xf7, 0x7f,
    0xa8, 0x3, 0xff, 0x83, 0x9e, 0xa0, 0x1f, 0xff,
    0xf0, 0x0, 0x80, 0x80, 0x7f, 0xf1, 0x48, 0x18,
    0x3, 0xff, 0x89, 0x0, 0x24, 0xc2, 0x1, 0xf8,
    0xf3, 0x40, 0xe, 0xe0, 0x88, 0x4f, 0x4b, 0x6e,
    0x80, 0x38, 0xcc, 0x99, 0x0, 0xed, 0x2e, 0x2d,
    0xb6, 0x60, 0x18, 0xe3, 0x6c, 0xc6, 0xa0, 0x6,
    0x3d, 0xc1, 0xba, 0x1, 0xbf, 0x1c, 0x89, 0x3c,
    0xa0, 0x18, 0x63, 0x94, 0x1e, 0x99, 0x11, 0x1b,
    0xa6, 0x0, 0xfc, 0x35, 0x87, 0x60,

    /* U+9876 "顶" */
    0x1, 0x1f, 0xcf, 0x55, 0xff, 0x2, 0xf7, 0x7d,
    0xb6, 0xab, 0xff, 0x0, 0x91, 0x40, 0x11, 0x36,
    0xee, 0x80, 0x6, 0xef, 0x2, 0x6e, 0xc2, 0x1b,
    0xaa, 0x12, 0x2b, 0x82, 0x8, 0xb8, 0x3, 0xfe,
    0xce, 0xe3, 0x4, 0x77, 0x61, 0x0, 0xff, 0x88,
    0x44, 0x1, 0x8, 0xe3, 0x0, 0xff, 0xe0, 0xf7,
    0xff, 0x8, 0x7, 0xff, 0xc, 0x42, 0xac, 0x40,
    0x3f, 0xf8, 0xe8, 0x83, 0x0, 0xff, 0xff, 0x80,
    0x7f, 0x84, 0xc, 0x3, 0xff, 0x8c, 0x40, 0x22,
    0x0, 0xff, 0xe1, 0xba, 0x85, 0x3, 0x80, 0x25,
    0x8c, 0x3, 0xfe, 0x9a, 0x37, 0xd, 0xe9, 0x79,
    0x10, 0xe, 0x10, 0x30, 0xc, 0xb8, 0x12, 0x2,
    0xda, 0x40, 0x17, 0x7f, 0x80, 0x2, 0x0, 0x4b,
    0xa0, 0x86, 0x4d, 0x32, 0xd5, 0x0, 0x38, 0x0,
    0x64, 0x0, 0x96, 0x85, 0x6e, 0x0, 0x2c, 0x50,
    0x80, 0x4, 0xf7, 0xf3, 0x0, 0x12, 0x2b, 0x50,
    0x3, 0xa9, 0xf0, 0x0,

    /* U+9879 "项" */
    0x0, 0xfc, 0xfb, 0xbf, 0xfc, 0x1, 0x1, 0x1f,
    0xb8, 0x8b, 0xff, 0x80, 0x61, 0x9d, 0xde, 0xdf,
    0xfc, 0x0, 0x7f, 0xfe, 0x20, 0x62, 0x0, 0x88,
    0x8e, 0x1, 0x20, 0x2, 0x40, 0x3e, 0xbd, 0xc0,
    0x1d, 0xd1, 0xde, 0x62, 0xc0, 0x1b, 0x99, 0x50,
    0x7, 0xfc, 0xa6, 0x60, 0x8, 0xcf, 0x38, 0x7,
    0xff, 0x7, 0x3f, 0xfa, 0x80, 0x3f, 0xf8, 0x62,
    0x11, 0xce, 0x2, 0x1, 0xff, 0xc5, 0x11, 0x78,
    0x7, 0xff, 0xb4, 0xc8, 0x3, 0xff, 0x88, 0xe0,
    0x3d, 0x8e, 0x1, 0x8c, 0x3c, 0x3, 0xc3, 0x19,
    0x60, 0x1, 0x57, 0x0, 0xce, 0x4, 0x1, 0xe1,
    0x73, 0x4, 0xaf, 0xa2, 0x66, 0x19, 0x88, 0x10,
    0x19, 0xec, 0x2, 0x69, 0xeb, 0x50, 0xa, 0x24,
    0x38, 0x19, 0x79, 0x61, 0x80, 0x29, 0x61, 0x0,
    0xf1, 0xe1, 0x1c, 0x88, 0xa3, 0x8, 0x3, 0xfc,
    0x97, 0x84, 0x9a, 0xb, 0xc6, 0x6d, 0x50, 0xf,
    0xd3, 0x68, 0x33, 0x62, 0x0, 0x1c, 0x70, 0xb1,
    0x0, 0xfa, 0x56, 0xb9, 0x80, 0x3d, 0x15, 0xa2,

    /* U+987A "顺" */
    0x1, 0xd9, 0x0, 0xdf, 0x87, 0x99, 0xfe, 0x50,
    0x1, 0x10, 0x10, 0x80, 0x2, 0xe6, 0x7f, 0xe2,
    0x0, 0xeb, 0x80, 0x9, 0x3f, 0xe9, 0x2, 0xff,
    0xce, 0x1, 0xff, 0xc2, 0xc0, 0xb0, 0xf, 0xfe,
    0x26, 0x7f, 0x94, 0x27, 0xfe, 0xa0, 0xf, 0xfe,
    0x48, 0x80, 0x7f, 0xf0, 0xbb, 0xff, 0x60, 0x7,
    0xff, 0x1a, 0x60, 0x3, 0xff, 0x8e, 0x2c, 0xa0,
    0x1f, 0x84, 0x3, 0xff, 0xba, 0x60, 0x60, 0x1f,
    0xfd, 0x43, 0x1, 0x0, 0xf0, 0x80, 0x80, 0x7f,
    0x98, 0x18, 0x3, 0xcc, 0x1c, 0x1, 0xf2, 0xa0,
    0xe8, 0x30, 0x89, 0x70, 0x1, 0xa0, 0x40, 0x1f,
    0x4d, 0x93, 0x1, 0xf8, 0xd3, 0x80, 0xc, 0x18,
    0x17, 0x0, 0x38, 0x7c, 0x1e, 0x7, 0x18, 0x2,
    0x41, 0x20, 0xa6, 0x0, 0xcb, 0xe4, 0x90, 0xf4,
    0x12, 0xe0, 0x40, 0xe0, 0x1f, 0x55, 0x5, 0xec,
    0x0, 0xb6, 0x10, 0x44, 0xcb, 0x0, 0xee, 0xc8,
    0x5d, 0x80, 0xc, 0x97, 0x84,

    /* U+987B "须" */
    0x0, 0xe1, 0x20, 0xf, 0xfe, 0x46, 0xea, 0x1f,
    0x77, 0xfe, 0xc0, 0xe, 0xa3, 0x19, 0xe2, 0x2f,
    0xfe, 0x0, 0x6, 0xb5, 0x1d, 0x19, 0xee, 0xc2,
    0xd, 0xdd, 0xbc, 0x0, 0x5a, 0x83, 0xa6, 0x0,
    0x11, 0xe0, 0xb1, 0x1e, 0x0, 0x31, 0x13, 0xc,
    0x2, 0x7e, 0xe7, 0x80, 0x33, 0xba, 0xd0, 0x9,
    0x37, 0x44, 0x4, 0x0, 0xf1, 0x10, 0x4, 0x23,
    0x88, 0x3, 0x10, 0x0, 0xf7, 0x42, 0x0, 0x6f,
    0xfe, 0xc0, 0xf, 0xc7, 0xa0, 0xa2, 0x1, 0x8a,
    0x5c, 0x3, 0xf9, 0x70, 0x5a, 0x0, 0x39, 0x99,
    0x40, 0x1f, 0xd, 0x50, 0x1e, 0x40, 0x3f, 0xf8,
    0x8e, 0xa1, 0x50, 0x1, 0xff, 0xc5, 0x6a, 0xd5,
    0x0, 0xff, 0x8, 0x7, 0xe5, 0x20, 0x4, 0xf3,
    0x0, 0x61, 0x0, 0xff, 0xe0, 0xa3, 0xa, 0x80,
    0x62, 0x5, 0x0, 0xff, 0x1d, 0x84, 0x1f, 0x27,
    0x85, 0x6, 0x88, 0x95, 0x40, 0x1c, 0x98, 0xa,
    0xe0, 0xd6, 0xce, 0x44, 0xe, 0xaa, 0x80, 0x34,
    0x58, 0x2d, 0x0, 0x67, 0x80, 0xe1, 0x13, 0xe9,
    0x80, 0x58, 0xe0, 0xd4, 0x1, 0x26, 0x40, 0x59,
    0xaf, 0xa1, 0x64, 0x0, 0x38, 0x6a, 0x40, 0x3,
    0xb6, 0x69, 0xa8, 0x0, 0x1b, 0x90, 0x73, 0x2,
    0xe5, 0x0, 0x86, 0x52, 0xec, 0x40, 0x1c, 0xd8,
    0xe6,

    /* U+9884 "预" */
    0x1c, 0xcf, 0x7d, 0xe, 0xef, 0xfc, 0x20, 0x67,
    0xe0, 0x52, 0x2f, 0xfe, 0x0, 0xf, 0xff, 0x18,
    0x31, 0xff, 0xe6, 0x6, 0xff, 0xc2, 0x0, 0x41,
    0x6, 0x32, 0x90, 0xe, 0x50, 0xd0, 0xf, 0x1d,
    0xfc, 0xc8, 0x7c, 0x0, 0x7d, 0xd1, 0x85, 0x77,
    0x46, 0x0, 0x39, 0x16, 0xa, 0x20, 0x8, 0x46,
    0x0, 0x8, 0xe0, 0xc, 0xdc, 0x81, 0x48, 0x1,
    0x93, 0xff, 0x8c, 0x2, 0x4a, 0xa5, 0x88, 0xc,
    0xfc, 0x38, 0x5, 0x1c, 0xa0, 0x1c, 0x4a, 0xb8,
    0x0, 0x40, 0xc0, 0x18, 0x44, 0x60, 0x1c, 0xf9,
    0x90, 0x2, 0xe0, 0x1d, 0xc0, 0x1f, 0xf0, 0x99,
    0xc2, 0xb, 0xe1, 0xa0, 0x1f, 0xfc, 0x75, 0x24,
    0x0, 0xff, 0xe3, 0xac, 0x0, 0x71, 0x81, 0x0,
    0x7f, 0xf0, 0x21, 0x40, 0x39, 0xc1, 0xc0, 0x3f,
    0xf8, 0x62, 0xb8, 0x44, 0x3, 0xb, 0x61, 0x0,
    0xff, 0x8a, 0x9e, 0x41, 0xd6, 0x9e, 0x48, 0x3,
    0xff, 0x83, 0x48, 0x33, 0xb, 0x82, 0x1, 0xff,
    0xc0, 0x4d, 0x51, 0xd1, 0xc3, 0x36, 0x8, 0x2,
    0xbb, 0xc4, 0x4, 0x7, 0x2c, 0x8f, 0xc, 0x7,
    0xc, 0xb0, 0x1, 0xe2, 0x5, 0x20, 0x1, 0x83,
    0xac, 0x20, 0xd, 0x87, 0x0, 0x5, 0xff, 0x6b,
    0x0, 0x49, 0x8a, 0x1, 0xf6, 0x28, 0x0,

    /* U+9891 "频" */
    0x0, 0xe3, 0x94, 0x0, 0xff, 0xe3, 0xb3, 0xc,
    0x3, 0x8, 0xff, 0x0, 0x4f, 0x40, 0x1f, 0x57,
    0x77, 0xf0, 0x5, 0x8a, 0x1, 0x47, 0x72, 0x35,
    0x12, 0x0, 0x91, 0x20, 0xf, 0xe5, 0x57, 0x3d,
    0xdc, 0x21, 0xd7, 0x70, 0x7, 0xe8, 0xbb, 0x30,
    0x44, 0x34, 0x42, 0x62, 0x6, 0x1, 0x38, 0x0,
    0xc3, 0xc0, 0x21, 0x77, 0x10, 0x1, 0xde, 0x50,
    0x3f, 0x30, 0xf9, 0x7, 0xff, 0x8c, 0x17, 0xff,
    0x48, 0x7, 0xff, 0x1a, 0x74, 0x3, 0x8f, 0xff,
    0x10, 0x77, 0xfc, 0x60, 0x11, 0x10, 0x3, 0xe5,
    0x92, 0x0, 0xcc, 0x60, 0x19, 0xc0, 0x3f, 0x4b,
    0x18, 0x4, 0x33, 0xe0, 0x1c, 0x20, 0x1e, 0x23,
    0x41, 0x0, 0x98, 0x2c, 0x3, 0x9, 0x80, 0x7a,
    0x3, 0xc0, 0x34, 0x82, 0x80, 0x63, 0x10, 0xe,
    0x14, 0x34, 0x0, 0xa4, 0x54, 0x80, 0x21, 0x13,
    0x0, 0x70, 0xff, 0x0, 0x14, 0x9c, 0x20, 0x0,
    0x44, 0x40, 0xd0, 0x33, 0x80, 0x2, 0x40, 0xb,
    0x30, 0xa2, 0x1, 0xd8, 0x90, 0xeb, 0x4c, 0x50,
    0xe, 0x7c, 0x18, 0x50, 0xd, 0x6, 0x82, 0x9e,
    0x60, 0x10, 0xb6, 0xc0, 0x53, 0x80, 0x49, 0x8e,
    0x55, 0x14, 0x38, 0xc0, 0xd, 0x92, 0x5e, 0x50,
    0xb, 0x2c, 0xd7, 0x4, 0x17, 0x6, 0x48, 0x3e,
    0x3a, 0x84, 0x3, 0x43, 0xed, 0x8, 0x4, 0x79,
    0x44,

    /* U+9898 "题" */
    0x0, 0x45, 0x57, 0xc1, 0x55, 0xfe, 0x0, 0x91,
    0x59, 0xb2, 0xa8, 0x55, 0x7f, 0xc2, 0x1, 0xb7,
    0x32, 0x0, 0xf, 0xfd, 0x0, 0xbf, 0xf8, 0x40,
    0x37, 0x7f, 0xc0, 0x18, 0x89, 0x21, 0xe4, 0x50,
    0x7, 0xa2, 0x66, 0x0, 0x97, 0x74, 0x21, 0x5b,
    0xb1, 0x0, 0x73, 0x3b, 0xc0, 0x1c, 0xb3, 0x38,
    0x80, 0x3e, 0xee, 0xc0, 0x1d, 0x8c, 0xdc, 0x1,
    0xd1, 0x33, 0xea, 0x0, 0xed, 0xb0, 0xf, 0x28,
    0x99, 0xf8, 0x10, 0x3, 0x13, 0x80, 0x70, 0xd5,
    0x7f, 0x80, 0x39, 0xc0, 0x38, 0x73, 0x30, 0x3,
    0x32, 0xd0, 0x8, 0x80, 0x80, 0x3c, 0x6b, 0x24,
    0x60, 0x67, 0x80, 0x26, 0xe, 0x0, 0xfb, 0xd4,
    0x40, 0x11, 0x11, 0x80, 0x5a, 0x6, 0x1, 0xf2,
    0x80, 0x67, 0x79, 0x11, 0x88, 0xe2, 0x2c, 0x9e,
    0x20, 0x8, 0xc0, 0x80, 0x1f, 0xf3, 0x89, 0xc8,
    0xb6, 0x1e, 0x10, 0x7, 0xa4, 0x3, 0xc9, 0xa8,
    0x71, 0x30, 0x38, 0x80, 0x2, 0x1, 0x43, 0x0,
    0xd7, 0x62, 0x4d, 0x0, 0x3c, 0x85, 0x0, 0x14,
    0x2d, 0x80, 0xa, 0x0, 0xf4, 0xbb, 0x8, 0x4,
    0xd1, 0xa0, 0x9, 0x5, 0x98, 0xa, 0xfd, 0x80,
    0xea, 0xaa, 0xee, 0xc8, 0x13, 0x7, 0x0, 0x3f,
    0x4a, 0x81, 0x22, 0xae, 0x44, 0xc0, 0x27, 0xf2,
    0x1, 0xb, 0x56, 0xf7, 0xff, 0xf5, 0x80,

    /* U+989C "颜" */
    0x0, 0xe8, 0xa0, 0xf, 0xfe, 0x41, 0xa9, 0x80,
    0x48, 0xcd, 0xf9, 0x40, 0xb, 0x55, 0x20, 0x65,
    0x52, 0x7e, 0x67, 0xf8, 0x1, 0x8a, 0xb0, 0x4,
    0xaa, 0x69, 0xcc, 0x80, 0x19, 0x97, 0x0, 0x27,
    0x95, 0x5d, 0xd3, 0x3f, 0x11, 0x98, 0x81, 0xcc,
    0xe2, 0x0, 0x84, 0x4a, 0x62, 0xc, 0x62, 0x4e,
    0xef, 0x1, 0x77, 0x80, 0x3b, 0x81, 0x42, 0x42,
    0x1, 0xa2, 0x2, 0xd, 0x11, 0x8, 0x0, 0x7e,
    0x83, 0x2d, 0xc2, 0x28, 0x1, 0x19, 0x99, 0x40,
    0x31, 0x80, 0x48, 0x80, 0x2, 0x38, 0x0, 0x8e,
    0x20, 0x66, 0x0, 0xf2, 0x7f, 0xdc, 0xaf, 0x80,
    0x19, 0x9c, 0x3, 0xfc, 0x53, 0xcb, 0xe2, 0x1,
    0xce, 0x1, 0xf9, 0xb3, 0x59, 0x31, 0xc0, 0x3f,
    0xf8, 0x6f, 0x6d, 0x97, 0x6c, 0x30, 0xc, 0x62,
    0x1, 0xfc, 0xf2, 0x18, 0xe0, 0x40, 0x18, 0x4c,
    0x3, 0xc2, 0x6, 0xb7, 0x86, 0xf8, 0x20, 0x11,
    0x7, 0x0, 0x79, 0x81, 0x29, 0x17, 0x6a, 0xd4,
    0x2, 0x40, 0x30, 0xf, 0x10, 0x5d, 0x6d, 0x36,
    0x26, 0x27, 0xad, 0x2, 0x2c, 0xf8, 0x80, 0x38,
    0x15, 0x41, 0x76, 0x18, 0x90, 0x4, 0x1b, 0xba,
    0xac, 0x40, 0x24, 0x5, 0xcd, 0x43, 0xd7, 0x3,
    0xb7, 0x38, 0x78, 0x4c, 0x20, 0x32, 0x40, 0x34,
    0xac, 0x23, 0xdc, 0x46, 0xc0, 0x3, 0xd1, 0x78,
    0x1d, 0x73, 0x75, 0xa8, 0x0, 0xd9, 0xf6, 0x40,
    0x32, 0xd4, 0x0,

    /* U+989D "额" */
    0x0, 0xc2, 0xee, 0x0, 0xff, 0xe4, 0x44, 0x8,
    0x2, 0x57, 0x7f, 0xe0, 0x4, 0x55, 0x2c, 0x1,
    0xb5, 0x49, 0xf8, 0x8f, 0xe1, 0x5, 0x5c, 0x1,
    0x2a, 0x9a, 0x6a, 0xa0, 0x4, 0xd5, 0x42, 0x1,
    0x7d, 0xdb, 0xbf, 0xc4, 0x6, 0xaa, 0x60, 0x56,
    0x55, 0x80, 0x2, 0x20, 0xab, 0x30, 0x0, 0x88,
    0xe6, 0x58, 0xf, 0x33, 0x10, 0x3, 0x3a, 0x84,
    0x2e, 0x75, 0x39, 0x59, 0x80, 0x2, 0x66, 0x9c,
    0x2, 0x75, 0x0, 0x33, 0x9, 0xcc, 0x0, 0xd3,
    0x39, 0x40, 0x34, 0x40, 0x77, 0xfc, 0xc0, 0xc6,
    0x0, 0xc6, 0xee, 0x36, 0x80, 0x42, 0xa5, 0x79,
    0x34, 0xc5, 0x20, 0x1c, 0xca, 0x1, 0xc3, 0x9a,
    0x22, 0x65, 0xe, 0x0, 0xff, 0xe1, 0x8, 0xb0,
    0x3, 0x64, 0x0, 0x70, 0x88, 0x3, 0x86, 0xb9,
    0xc2, 0x3e, 0x1, 0xf4, 0x40, 0x33, 0x80, 0x70,
    0xb0, 0x2e, 0xb8, 0x3e, 0xac, 0x8, 0x0, 0x80,
    0x40, 0x3d, 0xf0, 0xbb, 0xff, 0x6a, 0x28, 0x4,
    0xe1, 0xa0, 0x1e, 0x32, 0x2, 0x66, 0x80, 0x3d,
    0x80, 0x60, 0x10, 0x80, 0x72, 0xcc, 0xc0, 0x13,
    0x7a, 0x30, 0x35, 0x2f, 0xa0, 0x7, 0xff, 0xa,
    0x81, 0x95, 0x5a, 0xa0, 0x1e, 0x7a, 0xa8, 0x2,
    0x2c, 0x41, 0x87, 0x80, 0xa8, 0x0, 0xf2, 0xac,
    0x0, 0x9d, 0x31, 0xd1, 0x7, 0xa0, 0x74, 0x0,
    0xcd, 0xff, 0x0, 0x30, 0x1b, 0xcc, 0x2, 0x5b,
    0x44, 0x0, 0x17, 0xe4, 0x2, 0xfe, 0x5e, 0x91,
    0x0, 0xe4, 0xb0,

    /* U+98CE "风" */
    0x0, 0xaf, 0xfd, 0xbb, 0xfe, 0xff, 0x8, 0x7,
    0x98, 0x0, 0x45, 0xfe, 0x0, 0xff, 0xa3, 0x77,
    0xfc, 0x1, 0xff, 0x11, 0x7e, 0x2, 0x20, 0x7,
    0xff, 0x5, 0x40, 0x33, 0x6c, 0x0, 0x80, 0x7f,
    0xd7, 0x4e, 0x1, 0x50, 0x58, 0x7, 0xff, 0x6,
    0x2, 0x10, 0x8, 0xc8, 0xc0, 0x3f, 0xf8, 0x27,
    0x21, 0x43, 0x61, 0x40, 0x1f, 0xfc, 0x11, 0x6,
    0x51, 0xf6, 0x6, 0x0, 0xff, 0x8c, 0x3, 0x58,
    0x88, 0x1c, 0x40, 0x3f, 0xe1, 0x6, 0x0, 0xc,
    0x80, 0x30, 0x2, 0x30, 0x30, 0xe, 0x10, 0x1,
    0x0, 0x56, 0x0, 0x90, 0xf, 0xf8, 0xc0, 0x40,
    0x28, 0x30, 0x1, 0x40, 0x0, 0x40, 0x40, 0x39,
    0xc0, 0x80, 0x8, 0xe1, 0x74, 0xe, 0x60, 0xe0,
    0x1f, 0x60, 0x28, 0x1d, 0x83, 0x22, 0xa8, 0x38,
    0x4, 0x1c, 0x44, 0x1, 0x20, 0x62, 0x60, 0x1c,
    0x80, 0x2c, 0x9, 0x88, 0x8, 0x94, 0x0, 0x22,
    0x2, 0x10, 0x16, 0x80, 0x42, 0xe4, 0x4d, 0xf,
    0x74, 0x10, 0xb0, 0x41, 0x69, 0xc1, 0x0, 0xd1,
    0xa8, 0xe0, 0xfa, 0x2, 0x4c, 0x1c, 0x0, 0x61,
    0x0, 0xfc, 0x46, 0x2c, 0x60, 0x4e, 0x6a, 0x1,
    0xff, 0xc1, 0xe2, 0x9, 0x0, 0x46, 0x80, 0x7f,
    0xf0, 0x8b, 0x7d, 0x40,

    /* U+98DE "飞" */
    0x33, 0xff, 0x94, 0xc4, 0x3, 0xee, 0xcc, 0xff,
    0x56, 0x30, 0x7, 0xff, 0x31, 0x88, 0x1, 0xbf,
    0xff, 0xe6, 0xf, 0x0, 0x34, 0xe9, 0x0, 0x7f,
    0xf1, 0x16, 0x42, 0x48, 0x3, 0xff, 0x80, 0x20,
    0x2b, 0x41, 0x2c, 0x1, 0xff, 0xc1, 0xf0, 0x6a,
    0xa, 0x60, 0xf, 0xfe, 0x10, 0x80, 0x56, 0xa0,
    0x1f, 0xfc, 0x33, 0x0, 0xb4, 0x40, 0x3f, 0xf8,
    0x62, 0x0, 0x16, 0xf6, 0x0, 0xff, 0xe1, 0x30,
    0xf, 0xa8, 0xce, 0x8, 0x7, 0xff, 0x0, 0xc0,
    0x45, 0x56, 0x46, 0xc0, 0x1f, 0xfc, 0x1, 0x10,
    0x18, 0x26, 0xbb, 0x80, 0x3f, 0xf8, 0x2a, 0xa,
    0x1, 0x40, 0x7, 0xff, 0x8, 0xc3, 0x0, 0x27,
    0x30, 0xf, 0xfe, 0xe, 0x2, 0x80, 0x5b, 0x80,
    0x1f, 0xfc, 0x14, 0x10, 0x80, 0x3, 0x8, 0x7,
    0xff, 0xa, 0x1, 0xdc, 0x66, 0x50, 0xf, 0xfe,
    0x13, 0x20, 0x46, 0x6, 0x0, 0x7f, 0xf0, 0xed,
    0xc4, 0x11, 0xc0,

    /* U+9996 "首" */
    0x0, 0xcd, 0x62, 0x1, 0xe1, 0xb8, 0x20, 0xf,
    0xb5, 0x30, 0x3, 0xd0, 0x8c, 0x60, 0x1f, 0x59,
    0x12, 0x0, 0x31, 0xb0, 0x68, 0x80, 0x57, 0x99,
    0x88, 0x13, 0x33, 0x80, 0x1f, 0x99, 0x5a, 0x99,
    0xe0, 0x1, 0x9f, 0x0, 0x46, 0x79, 0x3f, 0x77,
    0xe8, 0x0, 0x5e, 0xef, 0xe1, 0x22, 0xfb, 0xc0,
    0xd0, 0x8b, 0xf0, 0x1, 0xfb, 0xb9, 0xc0, 0xfb,
    0xbc, 0xc0, 0x1b, 0xc4, 0x78, 0x2, 0x11, 0xf8,
    0x3, 0xcd, 0xff, 0xfe, 0x50, 0xf, 0xfe, 0x38,
    0x80, 0x7e, 0x6f, 0xff, 0xf2, 0x0, 0x7f, 0x33,
    0x7f, 0x80, 0x3f, 0x9a, 0x67, 0xfc, 0xa0, 0x1f,
    0x9a, 0xab, 0xfc, 0xa0, 0x1f, 0xca, 0xbf, 0xe0,
    0xf, 0xe6, 0xff, 0xff, 0x28, 0x7, 0xff, 0x1c,
    0x40, 0x3f, 0x37, 0xff, 0xf9, 0x0, 0x3f, 0x8c,
    0xff, 0xc0, 0x1f, 0xcd, 0x99, 0xfe, 0x50, 0xc,

    /* U+9A71 "驱" */
    0x5, 0x77, 0xd8, 0xe0, 0x2, 0x2f, 0xf0, 0x80,
    0x26, 0x23, 0x1c, 0x0, 0xee, 0xff, 0xa8, 0x1,
    0x15, 0x58, 0x3, 0xc6, 0x7f, 0x88, 0x0, 0x82,
    0xca, 0xa1, 0x10, 0x4, 0x59, 0x9e, 0xfc, 0x90,
    0xa, 0xe0, 0x0, 0x24, 0x1, 0x86, 0x48, 0x0,
    0x59, 0x80, 0x8, 0x40, 0x40, 0x27, 0x0, 0xc8,
    0xde, 0x0, 0xa0, 0xb0, 0x8, 0xc0, 0xc0, 0x80,
    0x40, 0x32, 0xb1, 0x48, 0x30, 0x30, 0x4, 0xc0,
    0x20, 0x20, 0x40, 0x1d, 0x24, 0xd4, 0x2a, 0x20,
    0x10, 0x87, 0x3, 0x7, 0x80, 0x7b, 0x81, 0x43,
    0x80, 0x31, 0x6, 0x2f, 0x86, 0x28, 0x7, 0x19,
    0x0, 0x10, 0x3, 0x70, 0x2d, 0x28, 0x25, 0x0,
    0x7f, 0x28, 0x6, 0xa5, 0x9a, 0xa8, 0x3, 0xe6,
    0x20, 0x5, 0x88, 0x4, 0x74, 0xca, 0xb0, 0x8,
    0x6, 0x18, 0xb, 0x51, 0x80, 0xe, 0x26, 0xa3,
    0x3, 0x0, 0xd4, 0x2a, 0x96, 0xc, 0x40, 0x97,
    0xdb, 0x2a, 0xc0, 0xc0, 0x14, 0x20, 0xd8, 0xb,
    0x85, 0x1, 0x21, 0x46, 0x78, 0x80, 0x80, 0x56,
    0x34, 0x20, 0x9, 0x88, 0x3, 0x7e, 0x39, 0x81,
    0x1, 0x0, 0x47, 0xc8, 0x1, 0xb, 0x80, 0x7e,
    0xc0, 0xd0, 0x1, 0x77, 0x7f, 0x10, 0x5, 0x35,
    0x45, 0x4, 0x0, 0x84, 0x7f, 0x80, 0x30, 0xaa,
    0x86, 0x44, 0x5f, 0xff, 0xf1, 0x0, 0x51, 0xfe,
    0xe6, 0x0, 0xff, 0xe1, 0x0,

    /* U+9A7C "驼" */
    0x0, 0xff, 0xe0, 0x93, 0x0, 0x7e, 0x23, 0x3c,
    0xa6, 0x1, 0xdd, 0x30, 0x1, 0xf7, 0x66, 0x6a,
    0xc4, 0x0, 0xd2, 0xe, 0x20, 0x1e, 0xb6, 0x6c,
    0x0, 0x70, 0xc, 0xa4, 0x84, 0x1, 0xe7, 0x1e,
    0x99, 0x20, 0xf, 0x7f, 0xe2, 0x4c, 0xff, 0xc2,
    0x0, 0x7a, 0x0, 0x38, 0x18, 0x0, 0x8b, 0xf0,
    0x6, 0x10, 0x10, 0x0, 0x80, 0x80, 0x33, 0x77,
    0xe0, 0xc, 0x60, 0xe0, 0x2, 0x10, 0xb, 0xb8,
    0x1, 0xfe, 0x60, 0x20, 0x8, 0xc3, 0xbc, 0x4,
    0x3, 0x87, 0xfc, 0x20, 0x40, 0x20, 0x20, 0xc0,
    0x1f, 0x86, 0xbc, 0xc0, 0x2e, 0x7, 0x9d, 0x4,
    0x92, 0x0, 0xe7, 0xf5, 0x1b, 0x0, 0x88, 0x0,
    0xc6, 0x0, 0x61, 0x0, 0xa3, 0xa0, 0x4f, 0x20,
    0x2, 0xad, 0xee, 0xc2, 0x2, 0x1, 0x38, 0x9d,
    0xe1, 0x80, 0x71, 0x8, 0xe0, 0x1, 0x80, 0x4b,
    0x98, 0x40, 0xf, 0xc2, 0xd4, 0x62, 0x2, 0x1,
    0x51, 0x80, 0x7c, 0x73, 0xbd, 0x2a, 0xa0, 0x10,
    0xf, 0xf3, 0x90, 0x2b, 0x11, 0x1a, 0xd4, 0xc,
    0x3, 0xfd, 0x5a, 0x29, 0x3b, 0xa9, 0x47, 0x6,
    0x0, 0xff, 0x18, 0x9, 0x31, 0x0, 0x58, 0x6,
    0x1, 0x88, 0x3, 0x18, 0x90, 0x6, 0x7a, 0xa3,
    0x86, 0x0, 0xc, 0x37, 0xff, 0x60, 0x28, 0x6,
    0x15, 0x50, 0xba, 0x0, 0x3c, 0xc0, 0x3c, 0xb0,
    0x1, 0x9b, 0xfd, 0xd0, 0x1, 0x1e, 0x7f, 0xfa,
    0x80, 0x0,

    /* U+9A8C "验" */
    0x0, 0xff, 0xe1, 0x44, 0x4, 0x3, 0xd3, 0x77,
    0xbe, 0xc8, 0x3, 0x1b, 0xb8, 0x3, 0xe5, 0x44,
    0xc0, 0x80, 0x1d, 0xc0, 0x7, 0x0, 0xf6, 0x7f,
    0xe4, 0x3, 0x0, 0xa4, 0x80, 0x12, 0x80, 0x1e,
    0x55, 0x0, 0x61, 0x0, 0x3b, 0xe, 0xd0, 0x5a,
    0x80, 0x75, 0xc0, 0x1, 0x84, 0x0, 0xd0, 0x1a,
    0x4b, 0x21, 0x4c, 0x1, 0x84, 0x40, 0x3, 0x30,
    0x44, 0x85, 0x18, 0x1, 0xa0, 0x26, 0x84, 0x2,
    0x70, 0x0, 0x8a, 0x9c, 0x1a, 0x73, 0x35, 0xa0,
    0x2a, 0x80, 0x80, 0x40, 0x41, 0xa0, 0xb3, 0x4c,
    0xfd, 0xb6, 0x88, 0x1, 0x2, 0x3, 0x3, 0x2d,
    0x34, 0xff, 0xf3, 0x25, 0x80, 0x18, 0x19, 0x92,
    0xc, 0xc1, 0x3, 0x0, 0x3c, 0x0, 0x4c, 0x40,
    0x3, 0x1, 0x94, 0x0, 0x49, 0xd6, 0x8, 0x63,
    0x80, 0x16, 0x60, 0x0, 0xf3, 0x79, 0x91, 0x1,
    0xf8, 0x38, 0x18, 0x10, 0x78, 0x70, 0x0, 0x59,
    0xc, 0xe1, 0x1, 0x40, 0xd0, 0xd0, 0x70, 0x51,
    0x40, 0xc, 0x4d, 0x4a, 0x20, 0x1, 0x24, 0x6,
    0xd, 0x50, 0x90, 0x1, 0xdf, 0x6c, 0xa9, 0x98,
    0x40, 0xe, 0x4, 0x44, 0xd9, 0x6, 0x0, 0x90,
    0xda, 0xfd, 0x84, 0x80, 0x11, 0xa4, 0x36, 0xe6,
    0xa2, 0x0, 0x3e, 0xd9, 0x40, 0x20, 0x60, 0x1,
    0x10, 0x2, 0xb0, 0x90, 0xc, 0x20, 0x19, 0x0,
    0x9b, 0xff, 0xcc, 0x19, 0xfc, 0x1, 0xa2, 0xa9,
    0x1, 0x66, 0x45, 0xfe, 0x50, 0xd, 0xca, 0xa0,
    0x83, 0x5d, 0xdf, 0xf5, 0x80, 0x66, 0xff, 0x73,
    0x80, 0x7f, 0xf0, 0x80,

    /* U+9AA4 "骤" */
    0x4, 0x77, 0xda, 0xaf, 0x33, 0xaa, 0x51, 0x56,
    0x71, 0xe, 0x88, 0xc5, 0xfa, 0xcc, 0x77, 0x2b,
    0x75, 0x55, 0xe, 0x13, 0x55, 0x40, 0x1d, 0x10,
    0xed, 0x4, 0x5d, 0xb1, 0x81, 0x40, 0xd9, 0xd5,
    0x0, 0x40, 0x3, 0x96, 0x0, 0x99, 0x11, 0x4,
    0xc0, 0x19, 0xc0, 0xe1, 0xe0, 0x1, 0xcb, 0x0,
    0x59, 0xf2, 0x30, 0x6, 0x70, 0x10, 0x10, 0x0,
    0xe5, 0x80, 0xf, 0x40, 0x14, 0x0, 0x10, 0x10,
    0x30, 0x20, 0x2, 0x7f, 0x5, 0x8d, 0x0, 0x38,
    0x0, 0x60, 0x41, 0xc0, 0xee, 0x24, 0xee, 0x1,
    0xe3, 0x32, 0x4e, 0x40, 0x43, 0xc0, 0x80, 0x74,
    0x91, 0xa4, 0x1e, 0x9e, 0x59, 0xec, 0x18, 0x35,
    0x54, 0x9, 0x7b, 0x72, 0xa8, 0x5c, 0x7d, 0x30,
    0x40, 0x40, 0xb4, 0x0, 0x94, 0xaf, 0xec, 0x45,
    0x64, 0x32, 0x30, 0x2, 0xb5, 0x5d, 0x98, 0x6,
    0x62, 0x6a, 0x1, 0xff, 0x64, 0x40, 0x5, 0x2a,
    0x88, 0xf0, 0x73, 0x6d, 0x81, 0xf, 0x5, 0xcc,
    0x8, 0x4, 0x6d, 0x22, 0x2, 0xbe, 0x94, 0xa1,
    0x15, 0x42, 0xc1, 0x2b, 0xfc, 0x96, 0xe0, 0x4a,
    0x3b, 0x70, 0x9, 0x67, 0x8, 0xd, 0x9, 0xef,
    0xcc, 0x1a, 0xf5, 0xff, 0x40, 0x83, 0x44, 0x0,
    0x3d, 0xb0, 0x80, 0xe2, 0x8, 0xf8, 0x30, 0x15,
    0x29, 0xea, 0x0, 0x10, 0x8, 0x49, 0x53, 0x60,
    0xb1, 0x40, 0xd, 0x23, 0x52, 0x0, 0x1b, 0xac,
    0xc, 0x73, 0x7d, 0x20, 0xc, 0xda, 0xd0, 0x0,
    0x16, 0x53, 0x57, 0x3e, 0x80, 0xf, 0x8a, 0x44,

    /* U+9AD8 "高" */
    0x0, 0xfc, 0x75, 0x20, 0x1f, 0xfc, 0x65, 0x61,
    0x0, 0xfd, 0x13, 0x3f, 0x50, 0x3, 0xa6, 0x7e,
    0x46, 0x6f, 0xe0, 0x9, 0x9b, 0xe3, 0xcd, 0xdf,
    0xfe, 0x33, 0x11, 0x4f, 0x55, 0xff, 0xc0, 0x42,
    0x20, 0x80, 0x5e, 0xef, 0xff, 0xc0, 0xa0, 0xf,
    0xd1, 0xff, 0xfa, 0x40, 0x3f, 0xd8, 0xcd, 0xfb,
    0x0, 0x3f, 0xc9, 0x33, 0xf9, 0x40, 0x3f, 0x57,
    0xff, 0xff, 0x3, 0x0, 0x22, 0xff, 0xff, 0xe3,
    0x0, 0x63, 0x3f, 0xfe, 0x10, 0x7, 0xe, 0x63,
    0x7b, 0x77, 0xec, 0xc8, 0x3, 0xf7, 0xef, 0x77,
    0xd2, 0x1, 0xff, 0xc0, 0x89, 0x9c, 0xe0, 0x1f,
    0xfc, 0x26, 0x6e, 0xc0, 0xf, 0xfe, 0x17, 0x7f,
    0xeb, 0x0, 0xff, 0xe1, 0x33, 0xbf, 0xb0, 0x3,
    0xfc, 0xcc, 0x98, 0x8f, 0xb, 0xc0, 0x7, 0xe8,
    0x90, 0xf, 0xd0, 0xe3, 0x0, 0x5f, 0xc0, 0x1f,
    0xf2, 0x7f, 0xb9, 0xc0,

    /* U+9E5C "鹜" */
    0x0, 0x11, 0x7c, 0x80, 0x11, 0x41, 0x0, 0x7e,
    0xfd, 0xdf, 0x5d, 0x0, 0x21, 0xc4, 0x3, 0xf6,
    0x6b, 0x4e, 0xb8, 0xd, 0x81, 0xa8, 0x67, 0xfe,
    0xe0, 0x8, 0x4c, 0xa7, 0x5d, 0x78, 0x45, 0x80,
    0x7, 0x70, 0x5, 0x20, 0x9, 0xab, 0x11, 0x0,
    0x16, 0xbf, 0x80, 0x3, 0x52, 0x22, 0xf7, 0x0,
    0x18, 0x89, 0x44, 0x0, 0x4a, 0x4, 0xfa, 0x3b,
    0xc3, 0x40, 0x1a, 0xa8, 0x40, 0xe2, 0x7a, 0x49,
    0xb0, 0x4c, 0x0, 0x24, 0x0, 0xd1, 0xef, 0x50,
    0x0, 0x1a, 0x93, 0x8e, 0x60, 0x1, 0x74, 0xa0,
    0x4, 0xfe, 0x1a, 0x2c, 0x3d, 0x4c, 0xeb, 0x7f,
    0xea, 0x26, 0x80, 0x4, 0x48, 0x91, 0x10, 0xb1,
    0x9f, 0x5c, 0xf2, 0x2c, 0xf3, 0x74, 0x1, 0xd0,
    0x8, 0xe6, 0x0, 0x77, 0xe4, 0xd0, 0x21, 0x0,
    0xf1, 0x7e, 0x8b, 0x77, 0xfe, 0xb0, 0x30, 0xf,
    0xf8, 0xd9, 0x9e, 0xc0, 0xf3, 0x1, 0xa0, 0x1f,
    0xf0, 0xc6, 0xac, 0x90, 0xa8, 0x32, 0x80, 0x7f,
    0x1c, 0xcd, 0x64, 0x77, 0xea, 0xa0, 0x9f, 0x91,
    0x0, 0xe1, 0x13, 0x37, 0x1b, 0x37, 0x81, 0x80,
    0x3d, 0xdf, 0xff, 0xfc, 0x13, 0x1, 0x0, 0x77,
    0xff, 0xff, 0x8, 0xc0, 0x44, 0x1, 0x33, 0x7f,
    0xf0, 0xc8, 0x8, 0x80, 0x14, 0x4c, 0xff, 0xf0,
    0x38, 0x26, 0xc1, 0x40, 0x3f, 0xf8, 0x82, 0xce,
    0x87, 0x0, 0x1f, 0xfc, 0x46, 0xff, 0xb0, 0x40,
    0x0,

    /* U+9EA6 "麦" */
    0x0, 0xfe, 0x99, 0x0, 0x7f, 0xf1, 0x85, 0x98,
    0x1, 0xff, 0x67, 0xff, 0xb8, 0x1, 0xff, 0xf6,
    0x80, 0x4c, 0x67, 0xe2, 0x0, 0x19, 0xfc, 0xc0,
    0x15, 0x66, 0x7c, 0x0, 0xcc, 0xfa, 0xc0, 0x32,
    0xdd, 0xf6, 0x80, 0x2e, 0xfc, 0xe0, 0x1d, 0xa8,
    0x9c, 0x60, 0x4, 0x4f, 0x68, 0x7, 0x47, 0xff,
    0x70, 0x3, 0xff, 0xd4, 0x1, 0x22, 0xaf, 0xce,
    0x0, 0x55, 0xfc, 0x81, 0x75, 0x5f, 0x48, 0x2,
    0xab, 0xf5, 0x84, 0xc4, 0x70, 0x4, 0xf1, 0x1f,
    0xd2, 0xc, 0xef, 0x80, 0x2a, 0x87, 0x7c, 0xce,
    0xf9, 0x80, 0x30, 0xd4, 0x0, 0x2b, 0xff, 0xbb,
    0xdc, 0x3, 0xcb, 0xea, 0x0, 0x55, 0xf0, 0x4,
    0x60, 0x19, 0x76, 0x85, 0x4, 0x36, 0xab, 0x70,
    0x1, 0x90, 0x3, 0x31, 0x1d, 0xdb, 0x2, 0x28,
    0x1, 0x16, 0xd, 0x20, 0x1c, 0x7d, 0x88, 0x5,
    0xa4, 0xbf, 0xe7, 0x8, 0x90, 0xf, 0x84, 0x3,
    0x90, 0x3, 0x22, 0x0, 0x3f, 0x89, 0x67, 0x74,
    0xc0, 0x19, 0x33, 0xa9, 0xd0, 0x80, 0x13, 0xfb,
    0x4c, 0x44, 0x7d, 0xff, 0x6b, 0x8, 0x96, 0x2f,
    0x78, 0x68, 0xd, 0xa7, 0x75, 0x4, 0x0, 0x29,
    0xed, 0x96, 0x31, 0x81, 0x3f, 0xc9, 0x62, 0x0,
    0xfc, 0x4d, 0x39, 0xcc, 0x0,

    /* U+9EC4 "黄" */
    0x0, 0xf4, 0x48, 0x80, 0x68, 0x92, 0x0, 0xff,
    0x99, 0x84, 0x1, 0x99, 0x82, 0x1, 0xf4, 0x66,
    0x42, 0x19, 0x9c, 0x21, 0x99, 0x80, 0x31, 0x9e,
    0x0, 0x8c, 0xf0, 0x4, 0x67, 0x8, 0x5, 0x7f,
    0xf0, 0x3, 0x3f, 0xf0, 0x2, 0xff, 0xe1, 0x0,
    0x8, 0xf0, 0x1, 0xc4, 0x70, 0x0, 0x47, 0x81,
    0x3b, 0xb8, 0x1, 0x7d, 0xd8, 0x1, 0x5d, 0xda,
    0x5c, 0x8b, 0xf0, 0x4, 0x45, 0xfb, 0x8f, 0x77,
    0xf6, 0x0, 0xee, 0xfe, 0x70, 0xa, 0xff, 0xfb,
    0x0, 0x7f, 0xfc, 0x80, 0x1c, 0xe0, 0xae, 0xf1,
    0x80, 0x1d, 0xf0, 0x80, 0x80, 0x7d, 0xd1, 0x17,
    0x80, 0xc4, 0x62, 0x0, 0xfe, 0xbf, 0xfb, 0x0,
    0x7f, 0xf1, 0x80, 0x7f, 0x34, 0x44, 0x80, 0x8,
    0x8c, 0x20, 0x1f, 0xda, 0xef, 0x40, 0xb, 0xbe,
    0x20, 0xf, 0xe9, 0xcc, 0xc0, 0x39, 0x98, 0xc0,
    0x3e, 0x53, 0x10, 0x8, 0xce, 0x0, 0xc6, 0x66,
    0x0, 0xe9, 0xcf, 0x62, 0xac, 0xcb, 0x44, 0x49,
    0xd8, 0x60, 0x18, 0x5f, 0x71, 0x40, 0x40, 0x32,
    0x9b, 0xee, 0x30, 0x5, 0x9d, 0x4, 0x73, 0xce,
    0x1, 0xc, 0x75, 0x21, 0xcf, 0x8, 0x7a, 0x46,
    0xe3, 0x0, 0x7e, 0x5b, 0xd6, 0xa1,

    /* U+9ED1 "黑" */
    0x0, 0x56, 0x67, 0xb7, 0x33, 0xe2, 0x0, 0xe4,
    0x33, 0xf1, 0x19, 0xfc, 0x20, 0x1f, 0x74, 0xef,
    0xb8, 0x37, 0xe4, 0xf0, 0x80, 0x7f, 0xa2, 0x40,
    0x3a, 0x64, 0x1, 0xff, 0xc0, 0x84, 0x20, 0x8,
    0x95, 0xc4, 0x3, 0xfe, 0x73, 0x10, 0x9, 0x6,
    0x0, 0x3f, 0xea, 0xa3, 0xc3, 0x83, 0x6a, 0xdd,
    0x84, 0x3, 0xf9, 0x13, 0x0, 0x48, 0x98, 0x3,
    0xf7, 0x7f, 0xf3, 0x3, 0x7f, 0xf8, 0xc0, 0x3a,
    0x67, 0xcc, 0xd, 0x33, 0xf0, 0x7, 0x33, 0x78,
    0x2, 0x66, 0xf8, 0x3, 0xbb, 0xbc, 0xa0, 0xbd,
    0xdf, 0x0, 0x70, 0x8f, 0x88, 0xc, 0x47, 0xe0,
    0xb, 0x7f, 0xfe, 0x70, 0x6f, 0xff, 0xda, 0xe,
    0x45, 0xff, 0xc6, 0x70, 0xad, 0xb9, 0xdd, 0xfd,
    0x9b, 0xaf, 0xad, 0xd5, 0x0, 0xa, 0x6c, 0x43,
    0xb8, 0x0, 0x6f, 0x80, 0x7, 0xc6, 0x0, 0x68,
    0x6, 0x10, 0x0, 0x88, 0x10, 0x18, 0x1, 0xe2,
    0x74, 0x0, 0x55, 0x5, 0x80, 0x8, 0x8, 0x8,
    0x80, 0xa0, 0x54, 0xa, 0xe0, 0x27, 0x24, 0x0,
    0x55, 0x8, 0x2, 0x9d, 0x80, 0x9, 0x8, 0x40,

    /* U+9ED8 "默" */
    0x0, 0xff, 0xe1, 0xc3, 0x0, 0x7d, 0x99, 0xfa,
    0xc0, 0x33, 0xe9, 0x8, 0x6, 0x13, 0x17, 0x33,
    0x3b, 0x89, 0x40, 0x39, 0xb7, 0x40, 0x1e, 0x4e,
    0xb0, 0xbd, 0x50, 0xf, 0x35, 0x1c, 0x80, 0x7a,
    0xc0, 0x5, 0x20, 0x1f, 0x95, 0x4c, 0x80, 0x1b,
    0x8c, 0x81, 0x54, 0x20, 0x1f, 0xad, 0xd0, 0x3,
    0x94, 0x1, 0xbc, 0x0, 0x47, 0x74, 0x2, 0x3b,
    0x7b, 0x80, 0x6c, 0xfd, 0xd, 0x37, 0xd, 0x88,
    0x38, 0x2, 0x23, 0x0, 0x64, 0x84, 0x8, 0x81,
    0x6, 0xc4, 0x18, 0x1, 0x11, 0x48, 0x0, 0x7f,
    0xe7, 0xa, 0xff, 0x72, 0x3b, 0xb4, 0x0, 0xef,
    0x30, 0x0, 0x66, 0x67, 0xb, 0x99, 0x40, 0x4,
    0x40, 0x3, 0x0, 0xe3, 0x66, 0x80, 0x2, 0xcc,
    0x50, 0xb, 0xc0, 0x8, 0x1, 0xc5, 0xff, 0x30,
    0x4f, 0xfb, 0x40, 0x25, 0x0, 0x58, 0x7, 0x23,
    0x3c, 0x30, 0x4d, 0xdb, 0x0, 0x2, 0x64, 0xa6,
    0x20, 0x1b, 0xa6, 0x1c, 0x2, 0x44, 0x10, 0x1,
    0x81, 0x7c, 0x24, 0x3, 0x4c, 0x5d, 0xb3, 0x7b,
    0xf7, 0x80, 0x14, 0x14, 0xa2, 0xc0, 0x18, 0xef,
    0x8a, 0x47, 0xc7, 0x58, 0x18, 0x90, 0x81, 0x86,
    0x0, 0x22, 0x3c, 0x14, 0x21, 0x56, 0xa1, 0x80,
    0x80, 0x4, 0x83, 0xa0, 0x2, 0xc1, 0xc8, 0x44,
    0x59, 0xb7, 0xa2, 0xc6, 0x0, 0x19, 0xb, 0x41,
    0x66, 0x8, 0x5, 0x78, 0x8a, 0x44, 0x90, 0xc,
    0xca, 0x2c, 0x3d, 0x0, 0xbe, 0xc, 0x80, 0x5f,
    0xe0, 0xf, 0x56, 0x10,

    /* U+9F50 "齐" */
    0x0, 0xfe, 0x5c, 0x70, 0xf, 0xfe, 0x38, 0x9c,
    0x10, 0x7, 0xfa, 0x26, 0x7e, 0xd0, 0x6, 0xcc,
    0xfc, 0x80, 0x6, 0x6f, 0xe0, 0x9, 0x9b, 0xe2,
    0x0, 0x66, 0xeb, 0x0, 0x11, 0xbb, 0xd6, 0x0,
    0x5d, 0xd9, 0xc0, 0x4, 0x51, 0xe0, 0x43, 0x91,
    0x47, 0x20, 0x74, 0x45, 0x8, 0x7, 0x8e, 0xc2,
    0xa0, 0xb, 0xc8, 0x9a, 0x1, 0xff, 0xc0, 0x4b,
    0x7, 0xfd, 0x13, 0xc1, 0x0, 0xff, 0xe0, 0xba,
    0x0, 0x65, 0x20, 0xf, 0xf1, 0x34, 0xf6, 0x20,
    0x6, 0x6c, 0xeb, 0x75, 0x20, 0x1, 0x6f, 0xec,
    0xb0, 0x89, 0xf7, 0xfd, 0x8a, 0x22, 0x48, 0xad,
    0xc0, 0x27, 0x1, 0x56, 0x9f, 0x82, 0x0, 0x1d,
    0x65, 0x42, 0x98, 0x70, 0x2, 0xfb, 0x94, 0x12,
    0xc0, 0x1e, 0xda, 0x4a, 0xcf, 0x20, 0x0, 0x88,
    0x3, 0xff, 0x98, 0x60, 0x1f, 0xfc, 0x96, 0x1,
    0x0, 0xff, 0xe3, 0x98, 0x28, 0x7, 0xff, 0x19,
    0xc0, 0x6, 0x1, 0xff, 0xc5, 0x68, 0x7, 0x0,
    0xff, 0xe2, 0xb4, 0x81, 0xc0, 0x7, 0xff, 0x15,
    0x9a, 0xc0, 0xf, 0xfe, 0x3c, 0xc8, 0x3, 0xfb,
    0xfc, 0x60, 0x1c,

    /* U+9F7F "齿" */
    0x0, 0xfe, 0xbc, 0x20, 0xf, 0xfe, 0x1, 0xcb,
    0x0, 0x4a, 0x62, 0x1, 0xff, 0xc0, 0x66, 0x60,
    0x7, 0x6d, 0x57, 0x80, 0x3f, 0xf8, 0x42, 0xab,
    0xe0, 0xf, 0xfe, 0x15, 0x77, 0x78, 0x3, 0xff,
    0x84, 0xc2, 0x3e, 0x0, 0x99, 0xdd, 0x0, 0xae,
    0xf0, 0x84, 0x3b, 0xfe, 0x1b, 0x88, 0x10, 0x2,
    0x22, 0x0, 0x24, 0x47, 0xe2, 0x89, 0x9f, 0xfe,
    0x39, 0x2a, 0x7f, 0x33, 0x77, 0x52, 0xb3, 0x67,
    0xcf, 0x61, 0x6, 0x62, 0x80, 0x72, 0x98, 0x80,
    0x62, 0x56, 0x0, 0xff, 0x19, 0x9, 0x0, 0x7f,
    0xf1, 0x7c, 0x6, 0x0, 0x3f, 0xf8, 0x8c, 0x60,
    0x2f, 0x84, 0x1, 0xff, 0xc1, 0x59, 0xd, 0xf4,
    0x3d, 0x50, 0xf, 0xfa, 0x28, 0x2c, 0x86, 0xdc,
    0x2a, 0x40, 0x3f, 0x99, 0xc6, 0xd0, 0x2, 0x8a,
    0x5, 0x0, 0xfe, 0x6b, 0xf4, 0x0, 0xe5, 0xcc,
    0x0, 0x7e, 0x2f, 0xbe, 0xff, 0xfb, 0x3f, 0x0,
    0x39, 0xc4, 0x7f, 0xf8, 0x40, 0x1e, 0x3e, 0xef,
    0xfe, 0x16, 0x0, 0x60,

    /* U+FF01 "！" */
    0x3, 0x31, 0x13, 0x31, 0x20, 0x1f, 0x8c, 0x0,
    0x22, 0x0, 0x18, 0x4, 0x20, 0x21, 0xe0, 0x60,
    0x20, 0x20, 0x60, 0xe0, 0x21, 0x86, 0xc0, 0xf8,
    0x40, 0x2, 0x1, 0xed, 0x84, 0x10, 0x64, 0x10,
    0x61, 0xee, 0x40,

    /* U+FF02 "＂" */
    0x9, 0x93, 0x0, 0x1a, 0x64, 0x2, 0xcc, 0xd0,
    0x6, 0xb3, 0x4, 0x40, 0x1, 0x0, 0x8, 0x0,
    0x40, 0x23, 0x0, 0x18, 0x6, 0x10, 0xe0, 0x7,
    0x1, 0x0, 0x14, 0x8, 0x0, 0x40, 0xc0, 0x2,
    0x6, 0x0, 0x30, 0x10, 0x3, 0x80, 0x80, 0x2,
    0x1c, 0x0, 0x7d, 0x10, 0x1, 0x6b, 0x80,

    /* U+FF03 "＃" */
    0x0, 0xe7, 0xc0, 0xd, 0xac, 0x1, 0xfb, 0x4,
    0x2, 0x22, 0x18, 0x7, 0xe6, 0x60, 0x4, 0xe0,
    0xc0, 0x1f, 0x88, 0x80, 0x11, 0x1, 0x0, 0x69,
    0xaa, 0x81, 0x2a, 0xb0, 0x5d, 0x51, 0x41, 0x15,
    0x60, 0x25, 0x58, 0x81, 0x56, 0xd0, 0xdf, 0xf5,
    0x5, 0xff, 0xc4, 0x7f, 0xf4, 0x0, 0x62, 0x6,
    0x0, 0x8d, 0x80, 0x3f, 0x70, 0x10, 0x4, 0x24,
    0x1, 0xf8, 0xc4, 0x2, 0x20, 0xe0, 0xc, 0x95,
    0x52, 0x5, 0x55, 0x21, 0x55, 0x80, 0xd5, 0x61,
    0x12, 0xac, 0x80, 0x6a, 0xb0, 0x3f, 0xfb, 0x81,
    0xff, 0xe7, 0xe, 0xff, 0x80, 0x31, 0x87, 0x0,
    0x44, 0x2, 0x1, 0xf3, 0x1, 0x0, 0x4c, 0x40,
    0x1f, 0x88, 0x18, 0x2, 0x26, 0x0, 0xfe, 0x42,
    0x0, 0x97, 0x0, 0x38,

    /* U+FF04 "＄" */
    0x0, 0xf5, 0x70, 0x7, 0xfc, 0xc2, 0x1, 0xff,
    0x10, 0x8, 0x7, 0xc9, 0x7e, 0x21, 0xd8, 0xc0,
    0x19, 0xad, 0x0, 0x31, 0xce, 0x10, 0xc, 0x81,
    0xef, 0xfb, 0xa0, 0x4d, 0xc1, 0xc0, 0x1a, 0x40,
    0x1, 0x7f, 0xa5, 0x1, 0x0, 0xfc, 0x2a, 0x0,
    0x40, 0x6, 0x98, 0x7, 0xe3, 0x60, 0x3c, 0xc3,
    0x8, 0x7, 0xa6, 0x42, 0x7, 0x3d, 0x44, 0x1,
    0xcd, 0xd4, 0x80, 0x5, 0xd8, 0x0, 0xf2, 0xdf,
    0x38, 0x1, 0xd8, 0x3, 0xe1, 0x8e, 0x10, 0xb0,
    0xf, 0xe1, 0x60, 0x30, 0x59, 0x0, 0xf8, 0xc0,
    0x82, 0xdb, 0xa0, 0xc8, 0x89, 0x48, 0x14, 0x14,
    0x22, 0x7c, 0xdd, 0x5a, 0x83, 0x30, 0x13, 0xa9,
    0x44, 0x0, 0x2b, 0x92, 0x1, 0x96, 0xb8, 0xc3,
    0xa8, 0xc0, 0x3f, 0xf9, 0x28, 0x80, 0xe,

    /* U+FF05 "％" */
    0x0, 0x36, 0x6c, 0x88, 0x7, 0xa3, 0x0, 0x3d,
    0x12, 0x2c, 0xcc, 0x0, 0xe2, 0x7b, 0x0, 0xe2,
    0x72, 0xdb, 0x72, 0x70, 0xd, 0x2, 0xe0, 0x1c,
    0x81, 0x40, 0x9, 0xb, 0x0, 0x89, 0x64, 0x3,
    0xde, 0x6, 0x0, 0x10, 0x30, 0xa, 0x45, 0xc0,
    0x3f, 0xf8, 0x2, 0x1, 0x1a, 0x40, 0x7, 0xc2,
    0x2, 0x1, 0x8, 0x80, 0x1e, 0x4c, 0x0, 0x32,
    0x0, 0xb4, 0x30, 0x0, 0x60, 0x80, 0x87, 0x0,
    0xdd, 0x9b, 0x62, 0xa, 0x2c, 0x85, 0xe1, 0xc1,
    0x6, 0xa9, 0x27, 0x4e, 0x9a, 0x0, 0xd0, 0xbd,
    0x37, 0x45, 0x38, 0xf, 0xe, 0x58, 0x53, 0x30,
    0x1f, 0x4c, 0xb2, 0x2, 0x11, 0x0, 0x82, 0x60,
    0xf, 0x4, 0x0, 0xb, 0x30, 0xc1, 0x8a, 0x0,
    0x40, 0x80, 0x21, 0xe, 0x0, 0xfa, 0x10, 0xc0,
    0x21, 0x0, 0xe1, 0x0, 0xf3, 0x8c, 0x80, 0x4,
    0xc, 0x2, 0x20, 0xe0, 0xf, 0x4a, 0x90, 0x4,
    0xa2, 0x80, 0xa, 0x4, 0x0, 0xe8, 0x18, 0x0,
    0xd0, 0x15, 0x16, 0x6c, 0x40, 0x18, 0x5d, 0x88,
    0x3, 0x16, 0x13, 0xa3, 0x48, 0x7, 0xf, 0x48,
    0x7, 0x8f, 0x3f, 0xd2, 0x0,

    /* U+FF06 "＆" */
    0x0, 0xc9, 0x10, 0x50, 0xf, 0xf5, 0xd9, 0xdd,
    0x58, 0x20, 0x1f, 0x42, 0x15, 0xe1, 0x9a, 0x40,
    0x3e, 0x50, 0x94, 0x38, 0x4, 0x0, 0xf8, 0xc1,
    0x80, 0x33, 0x80, 0x7c, 0x40, 0x80, 0x8, 0xe,
    0x0, 0xfa, 0xc2, 0xcf, 0xd, 0x14, 0x3, 0xe7,
    0x2, 0xc3, 0x6b, 0x0, 0xfc, 0x60, 0x11, 0xc8,
    0x4, 0x9f, 0xc0, 0x6, 0xc0, 0x8, 0xdc, 0x2,
    0xc0, 0x50, 0x49, 0x9, 0xf7, 0x8, 0x80, 0x1,
    0x83, 0x83, 0xc1, 0x58, 0x21, 0xc1, 0xe9, 0xc4,
    0x4a, 0xa, 0x18, 0x1, 0x43, 0x82, 0xc0, 0x40,
    0x0, 0xc3, 0xc0, 0x34, 0x38, 0x4, 0x40, 0x5,
    0x6, 0x60, 0x4, 0xac, 0x1, 0x5c, 0x4, 0x18,
    0x4f, 0xf7, 0xd0, 0x95, 0x90, 0x3a, 0x86, 0x39,
    0x0, 0x81, 0x46, 0xa6, 0xb9, 0xa8, 0x2, 0x37,
    0xfb, 0xf5, 0xc0, 0x28, 0xc0,

    /* U+FF07 "＇" */
    0x59, 0x90, 0xe3, 0x30, 0xc0, 0x30, 0x80, 0xf,
    0x80, 0x2, 0x40, 0x40, 0xc0, 0xc0, 0x40, 0x40,
    0xe, 0x80,

    /* U+FF08 "（" */
    0x0, 0xc3, 0x6a, 0x1, 0xda, 0x9a, 0x1, 0xa4,
    0xd2, 0x0, 0x22, 0x61, 0xa0, 0xd, 0x21, 0x22,
    0x1, 0xa, 0x3, 0x80, 0x66, 0x6, 0x0, 0xed,
    0xc, 0x0, 0xe7, 0x7, 0x0, 0xe2, 0x2, 0x0,
    0xff, 0xe4, 0x88, 0x8, 0x7, 0x28, 0x28, 0x7,
    0x18, 0x60, 0x7, 0x58, 0x30, 0x7, 0x19, 0xa,
    0x0, 0x74, 0x4, 0x80, 0x72, 0x99, 0x38, 0x7,
    0x68, 0x42, 0x0, 0x61, 0xb0, 0xc0, 0xe, 0x4f,
    0x80,

    /* U+FF09 "）" */
    0x5, 0xb1, 0x0, 0xed, 0x4d, 0x0, 0xe8, 0x43,
    0x90, 0xe, 0xa1, 0x62, 0x0, 0xc3, 0x21, 0x20,
    0x1c, 0xe0, 0x82, 0x1, 0xcc, 0xe, 0x1, 0xd8,
    0x18, 0x1, 0xce, 0xe, 0x1, 0xc4, 0x4, 0x1,
    0xff, 0xc9, 0x10, 0x10, 0xe, 0x50, 0x50, 0xe,
    0xc0, 0x30, 0xe, 0x60, 0xb0, 0xc, 0xa2, 0x46,
    0x1, 0xa0, 0x20, 0x3, 0x41, 0x1a, 0x80, 0x48,
    0xe3, 0xa0, 0x1b, 0x2, 0x84, 0x3, 0x47, 0xa0,
    0x6,

    /* U+FF0A "＊" */
    0x0, 0xfa, 0x2c, 0x3, 0xff, 0x84, 0x2c, 0x1,
    0xff, 0xc2, 0x33, 0x0, 0x7e, 0x10, 0xf, 0xfe,
    0x12, 0x74, 0x0, 0x61, 0x10, 0x6, 0x6e, 0x85,
    0x67, 0xe7, 0x0, 0xf2, 0x6c, 0x95, 0xc, 0xe1,
    0xc6, 0xa8, 0x0, 0xee, 0xc7, 0x38, 0x40, 0x3,
    0xd8, 0x2a, 0x40, 0xc4, 0x5f, 0x60, 0xf, 0x3e,
    0x88, 0x5, 0x54, 0x10, 0xf, 0x93, 0xc4, 0x2,
    0xa7, 0x0, 0xf0, 0xd5, 0x93, 0x98, 0x48, 0xc6,
    0x98, 0x4, 0xfc, 0xaa, 0xe8, 0x70, 0x6e, 0x82,
    0xc9, 0x15, 0x84, 0xda, 0x10, 0xe, 0x7e, 0x76,
    0x85, 0xcb, 0x20, 0x8, 0x44, 0x1, 0xc, 0x74,
    0x1, 0x80, 0x7f, 0xf0, 0x4, 0x40, 0x1f, 0x19,
    0x80, 0x3f, 0xfa, 0x53, 0xa0, 0x1f, 0x0,

    /* U+FF0B "＋" */
    0x0, 0xff, 0xe5, 0xf7, 0x0, 0x3f, 0xff, 0xe0,
    0x1f, 0xfd, 0xe, 0xff, 0xf0, 0x8b, 0xff, 0xdc,
    0xa6, 0x7e, 0x0, 0x19, 0xf9, 0x6f, 0x33, 0xc2,
    0x2c, 0xcf, 0x58, 0x7, 0xff, 0xfc, 0x3, 0xff,
    0x80, 0xaa, 0x0, 0xf8,

    /* U+FF0C "，" */
    0x0, 0x8, 0x5, 0x5d, 0xc3, 0x15, 0x1, 0x91,
    0x20, 0x3, 0x86, 0xd0, 0x8, 0x0, 0xc2, 0xc1,
    0x64, 0x5e, 0x68, 0xb0, 0x2a, 0x74, 0x80,

    /* U+FF0D "－" */
    0x0, 0xff, 0xe2, 0x77, 0xff, 0xff, 0xb, 0x94,
    0xcf, 0xff, 0x84, 0xa0,

    /* U+FF0E "．" */
    0x0, 0xf4, 0xff, 0x11, 0x18, 0x6, 0xc, 0x2,
    0x21, 0xb4, 0x68,

    /* U+FF0F "／" */
    0x0, 0xff, 0xe4, 0x30, 0x7, 0xff, 0x22, 0x28,
    0x3, 0xff, 0x8f, 0x9, 0x80, 0x1f, 0xfc, 0x68,
    0x4c, 0x0, 0xff, 0xe3, 0x42, 0x60, 0x7, 0xff,
    0x1a, 0x13, 0x0, 0x3f, 0xf8, 0xd0, 0x98, 0x1,
    0xff, 0xc6, 0x84, 0xc0, 0xf, 0xfe, 0x34, 0x26,
    0x0, 0x7f, 0xf1, 0xa1, 0x30, 0x3, 0xff, 0x8d,
    0x9, 0x80, 0x1f, 0xfc, 0x68, 0x4c, 0x0, 0xff,
    0xe3, 0x42, 0x60, 0x7, 0xff, 0x1a, 0x13, 0x0,
    0x3f, 0xf8, 0xd0, 0x98, 0x1, 0xff, 0xc6, 0x84,
    0xc0, 0xf, 0xfe, 0x34, 0x26, 0x0, 0x7f, 0xf1,
    0xa1, 0x30, 0x3, 0xff, 0x8d, 0x9, 0x80, 0x1f,
    0xfc, 0x68, 0x4c, 0x0, 0xff, 0xe3, 0x9, 0x60,
    0x7, 0xff, 0x1c,

    /* U+FF10 "０" */
    0x0, 0xf1, 0x98, 0x3, 0xf8, 0xab, 0xf3, 0x1f,
    0x44, 0x1, 0xc7, 0x8a, 0x4, 0x40, 0x5c, 0x30,
    0xd, 0xc2, 0x5b, 0xb8, 0x87, 0x80, 0x26, 0x20,
    0xe2, 0x0, 0x17, 0x1, 0x30, 0x3, 0x40, 0xcc,
    0x1, 0x8c, 0xc1, 0xa0, 0x4, 0x4, 0x0, 0xf2,
    0x2, 0x0, 0x6e, 0x0, 0xf7, 0x0, 0x42, 0x0,
    0x30, 0xf, 0x18, 0x0, 0x40, 0x3f, 0xf8, 0x42,
    0x0, 0x30, 0xf, 0x18, 0x0, 0x40, 0x43, 0xc0,
    0x3d, 0xe0, 0x20, 0x4, 0x4, 0x0, 0xf2, 0x3,
    0x80, 0x38, 0x9, 0x0, 0x32, 0x10, 0x68, 0x1,
    0xc, 0x29, 0x0, 0x9, 0x40, 0x88, 0x0, 0xb4,
    0x86, 0xfb, 0x96, 0x25, 0x40, 0x18, 0x71, 0xc0,
    0x46, 0x7c, 0x10, 0xe, 0x18, 0xfe, 0xea, 0x4,
    0x2,

    /* U+FF11 "１" */
    0x0, 0xe1, 0x32, 0x0, 0xf8, 0xda, 0xbb, 0x2c,
    0x3, 0xd7, 0x92, 0xa0, 0x1f, 0xda, 0xcd, 0x0,
    0x7f, 0x34, 0xcc, 0x1, 0xff, 0xff, 0x0, 0xff,
    0xf3, 0x8, 0xf0, 0x0, 0xc4, 0x70, 0x67, 0x76,
    0x0, 0x2f, 0x76, 0x10, 0xf, 0xfe, 0x8,

    /* U+FF12 "２" */
    0x0, 0xe2, 0x33, 0x8, 0x7, 0xcf, 0xba, 0xcc,
    0x75, 0x90, 0x4, 0x39, 0x4, 0x24, 0x20, 0x9a,
    0x40, 0xc, 0x31, 0xae, 0xde, 0xa0, 0x7, 0x0,
    0x38, 0xf1, 0x40, 0x25, 0x70, 0x31, 0x3, 0xc2,
    0x0, 0xec, 0x0, 0x10, 0x7, 0xf1, 0x0, 0x4,
    0x3, 0xfa, 0x80, 0x88, 0x1, 0xf9, 0x4c, 0x2c,
    0x3, 0xf1, 0x50, 0x1b, 0x0, 0x7c, 0x58, 0x3,
    0xc0, 0x1f, 0x16, 0x8, 0x69, 0x0, 0x78, 0xf0,
    0x45, 0x86, 0x1, 0xe5, 0xc1, 0x2c, 0x30, 0xf,
    0x45, 0x1, 0xf8, 0x11, 0x70, 0x5b, 0x80, 0xf,
    0x77, 0xe0, 0x60, 0xf, 0xf8,

    /* U+FF13 "３" */
    0x0, 0xe2, 0x33, 0x8, 0x7, 0xd1, 0xdb, 0x98,
    0xec, 0x40, 0x8, 0xf9, 0xc4, 0x46, 0x40, 0x76,
    0xc0, 0x8, 0x13, 0xbe, 0xcd, 0xd1, 0x4, 0x0,
    0x2d, 0xf1, 0x0, 0x22, 0x80, 0x12, 0x0, 0x40,
    0x7, 0x84, 0x3, 0xff, 0x81, 0x0, 0x44, 0x0,
    0xe2, 0x47, 0xe3, 0x1e, 0x0, 0xe2, 0xdb, 0x81,
    0x4f, 0x30, 0xf, 0x19, 0x0, 0x13, 0x48, 0x3,
    0x8b, 0x37, 0xe8, 0x8f, 0x4, 0x3, 0xf2, 0xe0,
    0xb, 0x0, 0x7f, 0x9, 0x7, 0x4, 0xc0, 0x7,
    0x84, 0x80, 0x49, 0x9f, 0x10, 0x2, 0x3d, 0x0,
    0x59, 0x58, 0x1d, 0xff, 0x73, 0xc, 0x1c, 0xc1,
    0x39, 0x84, 0x4, 0x40, 0x77, 0x0, 0x10, 0xcf,
    0x6e, 0x63, 0xb1, 0x0, 0x0,

    /* U+FF14 "４" */
    0x0, 0xff, 0xe4, 0xb7, 0xfc, 0x60, 0x1f, 0x8a,
    0x40, 0x3f, 0xf8, 0x1c, 0xa, 0x1, 0xfe, 0x83,
    0x19, 0x0, 0xfe, 0x37, 0x8, 0x10, 0xf, 0xee,
    0x4, 0x60, 0xf, 0xea, 0x21, 0xa0, 0xf, 0xe5,
    0x50, 0x50, 0x80, 0x7e, 0x1b, 0x6, 0x40, 0xf,
    0xed, 0x11, 0x59, 0x14, 0xc0, 0x6, 0x21, 0x33,
    0x0, 0xee, 0xeb, 0x0, 0x56, 0xc0, 0x11, 0x7c,
    0x1, 0x88, 0x4f, 0x77, 0xf0, 0x3, 0x36, 0x0,
    0x3f, 0xfc, 0xc5, 0x98, 0x30, 0x0,

    /* U+FF15 "５" */
    0x0, 0x11, 0x9f, 0xf0, 0x5, 0x39, 0x9f, 0xc2,
    0x0, 0x70, 0xf, 0xe1, 0x0, 0x8, 0x47, 0xff,
    0xc0, 0x11, 0x80, 0x80, 0x7f, 0x84, 0x8, 0x3,
    0xff, 0x80, 0x2f, 0x57, 0x28, 0x1, 0x84, 0x1,
    0x50, 0xa8, 0xd7, 0x82, 0x1, 0x18, 0xbd, 0xe5,
    0xa8, 0x1e, 0x0, 0x7, 0x3a, 0x10, 0xd2, 0x9c,
    0x9, 0x40, 0x3f, 0xa0, 0x1, 0x80, 0x1f, 0xe2,
    0x2, 0x0, 0xff, 0x10, 0x10, 0x23, 0x0, 0x79,
    0x80, 0x1e, 0x35, 0x34, 0x60, 0x13, 0x48, 0xb,
    0xc, 0x2, 0xe7, 0xf7, 0xc8, 0xe, 0x80, 0x1b,
    0x58, 0x0, 0x20, 0x6, 0xf3, 0x0, 0x8a, 0x7f,
    0x73, 0x7e, 0x44, 0x0,

    /* U+FF16 "６" */
    0x0, 0xe1, 0x33, 0x8, 0x7, 0x93, 0x3b, 0x31,
    0xd8, 0x60, 0x13, 0x59, 0x81, 0x10, 0xf, 0x18,
    0x12, 0x41, 0x37, 0x6e, 0x62, 0x70, 0x90, 0x3b,
    0x20, 0x0, 0xce, 0x8a, 0x10, 0x78, 0x7, 0xec,
    0x1, 0x30, 0x0, 0x88, 0x3, 0x18, 0x20, 0xcf,
    0xf7, 0x4e, 0x0, 0x70, 0x6f, 0x61, 0x30, 0x18,
    0xc0, 0x10, 0x30, 0xbe, 0xcf, 0x70, 0x36, 0x10,
    0x7, 0xa0, 0x5, 0x6, 0x14, 0xe0, 0x82, 0x1,
    0xc8, 0x5, 0x80, 0x80, 0x1f, 0x8d, 0x40, 0x10,
    0x1, 0xca, 0xe, 0x4c, 0xe, 0xe0, 0x0, 0xc9,
    0x7, 0x4, 0xa0, 0x47, 0xf7, 0x18, 0x1d, 0x0,
    0x17, 0x24, 0x2, 0x7, 0x70, 0x1, 0x9b, 0x7f,
    0xbf, 0x10, 0x0,

    /* U+FF17 "７" */
    0x22, 0xff, 0xe0, 0x76, 0xef, 0xfb, 0x1c, 0x3,
    0xfc, 0x57, 0xff, 0xf5, 0x0, 0xf0, 0x7, 0xc3,
    0x61, 0x64, 0x1, 0xf5, 0xa, 0xa8, 0x3, 0xe4,
    0x40, 0x58, 0x7, 0xe9, 0x7, 0x10, 0xf, 0x94,
    0x82, 0x40, 0x3f, 0x48, 0x28, 0x80, 0x7c, 0x26,
    0x1e, 0x1, 0xf9, 0xc0, 0x8, 0x1, 0xfb, 0xc0,
    0x44, 0x1, 0xf9, 0x40, 0x80, 0x3f, 0x8c, 0x18,
    0x3, 0xfe, 0x30, 0xf, 0xc2, 0x0, 0x10, 0xf,
    0xc3, 0xdc, 0x80, 0xe,

    /* U+FF18 "８" */
    0x0, 0x8e, 0x2a, 0x90, 0x60, 0x1d, 0x78, 0xea,
    0xa7, 0xcb, 0x0, 0xad, 0x2, 0x37, 0x20, 0x12,
    0xc0, 0x90, 0x2d, 0xc8, 0xde, 0xc1, 0x9, 0x80,
    0x8, 0x1, 0x90, 0x41, 0x9c, 0x0, 0x40, 0x1f,
    0x39, 0x90, 0x79, 0x0, 0x4a, 0x24, 0x61, 0xe2,
    0x5b, 0x6c, 0x96, 0x1c, 0x0, 0x28, 0x0, 0x24,
    0xd8, 0xd9, 0x80, 0x26, 0x43, 0x50, 0x40, 0xb,
    0x50, 0x66, 0xf, 0xab, 0xee, 0x18, 0x52, 0x50,
    0x30, 0x80, 0x47, 0x84, 0x10, 0x61, 0xa0, 0x1e,
    0x50, 0x22, 0x6, 0x0, 0x78, 0xc0, 0xe8, 0x19,
    0xc0, 0x33, 0x20, 0x53, 0xa0, 0x47, 0x5d, 0xba,
    0x41, 0x1c, 0x2e, 0x8c, 0x51, 0x2, 0x75, 0x60,
    0x12, 0xe7, 0xf7, 0x3f, 0x14, 0x0,

    /* U+FF19 "９" */
    0x0, 0xc4, 0x84, 0x1, 0xf3, 0xf6, 0xde, 0xf4,
    0x0, 0x6a, 0x81, 0x11, 0x88, 0x9f, 0x44, 0x15,
    0x41, 0x1d, 0x9d, 0x20, 0x56, 0x1c, 0x6, 0xe0,
    0x13, 0x40, 0x29, 0xb0, 0x20, 0x7, 0x38, 0x2,
    0xcc, 0x3, 0xf1, 0x81, 0xa8, 0x28, 0x7, 0x19,
    0x81, 0xb8, 0xa, 0xc8, 0x5, 0xf0, 0x2, 0x56,
    0x4, 0xdf, 0xe8, 0x35, 0x1, 0x9, 0xb4, 0x11,
    0x1c, 0x60, 0x1, 0xc0, 0x9, 0x7d, 0xcc, 0x70,
    0x40, 0x30, 0xf, 0xc6, 0x21, 0x60, 0x20, 0x1e,
    0xf0, 0x23, 0x1f, 0xa2, 0x0, 0x16, 0x18, 0x70,
    0x20, 0xae, 0xf7, 0x34, 0xc2, 0x4c, 0x17, 0x10,
    0x4, 0x40, 0x78, 0xc0, 0x11, 0xdf, 0x66, 0x3b,
    0xc, 0x2,

    /* U+FF1A "：" */
    0x0, 0x8, 0x5, 0x7d, 0xa2, 0x48, 0x4, 0xe6,
    0x20, 0x5, 0x1c, 0x8b, 0x30, 0x27, 0x40, 0xf,
    0xfe, 0x79, 0x3a, 0x0, 0xec, 0x59, 0x98, 0x2,
    0x52, 0x40, 0x27, 0xb, 0xed, 0x10,

    /* U+FF1B "；" */
    0x0, 0x8, 0x5, 0x9d, 0x80, 0x86, 0x6, 0x8c,
    0x1, 0x31, 0x64, 0x61, 0x1, 0xb9, 0x80, 0x7f,
    0xf2, 0x92, 0x58, 0x6, 0xda, 0x54, 0xc0, 0x2f,
    0x28, 0x10, 0x10, 0x7d, 0x2, 0x0, 0x50, 0x68,
    0x43, 0x22, 0x2d, 0xd2, 0xc3, 0xaa, 0xc0, 0x0,

    /* U+FF1C "＜" */
    0x0, 0xff, 0xe1, 0x9c, 0x80, 0x7f, 0xf0, 0x8e,
    0xf1, 0x90, 0x3, 0xfe, 0x2a, 0xc4, 0x3b, 0x40,
    0xf, 0xe2, 0xad, 0x52, 0xac, 0x40, 0xf, 0xc3,
    0x3a, 0xa5, 0x5a, 0xa0, 0x1f, 0x86, 0x79, 0x8a,
    0xb5, 0x40, 0x3f, 0xc, 0x73, 0xc, 0xea, 0x80,
    0x7f, 0x3f, 0x38, 0xcf, 0x30, 0x7, 0xf2, 0xf4,
    0x3, 0xf3, 0x0, 0x7f, 0xcb, 0x2, 0xf, 0x2,
    0x1, 0xff, 0xc0, 0x6e, 0x91, 0x7e, 0x80, 0xf,
    0xfe, 0xb, 0x74, 0xb, 0xf3, 0x80, 0x7f, 0xf0,
    0x5f, 0xa0, 0x63, 0x9c, 0x3, 0xff, 0x82, 0xfc,
    0xe3, 0x1c, 0xc0, 0x1f, 0xfc, 0x1, 0x8e, 0x61,
    0x9d, 0x60, 0xf, 0xfe, 0x0, 0xcf, 0x31, 0x4e,
    0x98, 0x7, 0xff, 0x0, 0x67, 0x54, 0x88, 0x1,
    0xff, 0xc2, 0x2a, 0xe1,

    /* U+FF1D "＝" */
    0xef, 0xff, 0xfe, 0x17, 0x10, 0x8f, 0xff, 0x8,
    0xb3, 0xbb, 0xff, 0x85, 0x80, 0x1f, 0xfd, 0x4c,
    0xdd, 0xff, 0xe1, 0x61, 0x17, 0xff, 0x10,

    /* U+FF1E "＞" */
    0x9, 0x30, 0xf, 0xfe, 0x1a, 0x36, 0x59, 0x80,
    0x7f, 0xf0, 0x52, 0xcd, 0x32, 0x88, 0x3, 0xff,
    0x80, 0x99, 0x44, 0xbb, 0x44, 0x1, 0xff, 0xc0,
    0x5d, 0xa2, 0x5d, 0x91, 0x0, 0xff, 0xe0, 0x2e,
    0xd1, 0x37, 0x48, 0x80, 0x7f, 0xf0, 0x17, 0x64,
    0x5b, 0xa0, 0x40, 0x3f, 0xf8, 0xd, 0xd2, 0x2f,
    0xce, 0x1, 0xff, 0xc1, 0x6e, 0x70, 0x8e, 0x50,
    0xf, 0xf8, 0x61, 0xc0, 0x61, 0x40, 0x3f, 0xd1,
    0xce, 0x33, 0xcc, 0x1, 0xfc, 0xfc, 0xe3, 0x1c,
    0xc0, 0x1f, 0xcf, 0xd0, 0x31, 0xce, 0x1, 0xfc,
    0xdd, 0x2, 0xfc, 0xe0, 0x1f, 0xcd, 0xb2, 0x2d,
    0xd0, 0x20, 0x1f, 0x8f, 0x64, 0x9b, 0xa4, 0x40,
    0x3f, 0xc4, 0x45, 0xd9, 0x10, 0xf, 0xfe, 0x0,
    0xf5, 0x10, 0x7, 0xff, 0x8,

    /* U+FF1F "？" */
    0x0, 0x9e, 0xf7, 0x20, 0x80, 0x23, 0xe8, 0x42,
    0x37, 0xd3, 0x1, 0xd1, 0x3a, 0xc8, 0x0, 0x70,
    0xd, 0x3e, 0x29, 0xbc, 0x1, 0x10, 0x12, 0x0,
    0x31, 0x80, 0x4, 0x3, 0xec, 0x0, 0x18, 0x7,
    0x95, 0xc2, 0x40, 0x3c, 0xb4, 0x10, 0xc0, 0x1c,
    0x74, 0xe, 0xe0, 0xf, 0x40, 0x1c, 0x0, 0x7c,
    0x81, 0x20, 0x1f, 0xa6, 0x4e, 0x1, 0xf9, 0x98,
    0x40, 0x1f, 0xc2, 0x1, 0xf8, 0x7b, 0x90, 0x1,
    0xf2, 0x8, 0x28, 0x7, 0xc8, 0x21, 0x40, 0x1f,
    0xf, 0x71, 0xc0, 0x30,

    /* U+FF20 "＠" */
    0x0, 0xfc, 0x4a, 0xce, 0xc6, 0x1, 0xff, 0xc0,
    0x6d, 0xd5, 0x4c, 0x4e, 0x73, 0x0, 0x7e, 0x3d,
    0x93, 0x7b, 0xdc, 0xb7, 0x9, 0xa0, 0xf, 0x26,
    0x14, 0x74, 0x21, 0x1a, 0x47, 0x2a, 0xa8, 0x3,
    0x15, 0x85, 0xb8, 0x7, 0xea, 0x55, 0x80, 0x2f,
    0xb, 0x40, 0xf, 0xf5, 0x84, 0x0, 0x18, 0x99,
    0x0, 0x3, 0x3f, 0xe9, 0x8d, 0x10, 0x16, 0x22,
    0x5, 0x84, 0x0, 0x7, 0xd8, 0x8d, 0x9c, 0xc4,
    0x1, 0xe0, 0xe2, 0x48, 0x20, 0xd, 0x17, 0xdc,
    0x80, 0x50, 0x8, 0x80, 0x90, 0x30, 0x0, 0x66,
    0x28, 0x0, 0xc6, 0x1, 0xc2, 0x40, 0x40, 0xb,
    0xb, 0x0, 0xb4, 0x34, 0x2, 0x20, 0x3f, 0x1,
    0x0, 0x18, 0x10, 0x4, 0xc0, 0xe0, 0x16, 0x82,
    0x0, 0x71, 0x0, 0x80, 0x8, 0xc0, 0x80, 0x6,
    0x88, 0x1f, 0x2, 0x0, 0x60, 0x5a, 0xb6, 0x8,
    0x30, 0xae, 0x84, 0x81, 0x86, 0x0, 0x15, 0x43,
    0x52, 0xda, 0x13, 0xd4, 0x18, 0x40, 0x80, 0xa2,
    0x0, 0xac, 0xad, 0x83, 0xd7, 0x6a, 0xe3, 0x0,
    0x9c, 0x20, 0x2, 0x35, 0x20, 0x1, 0x44, 0xa8,
    0x7, 0x41, 0x33, 0x80, 0x7f, 0xf1, 0x7c, 0x62,
    0xcc, 0x3, 0x95, 0xc0, 0x3f, 0x17, 0xa2, 0x33,
    0xae, 0xaf, 0xaa, 0x40, 0x3f, 0x86, 0xf1, 0x8d,
    0x56, 0x28, 0xf0, 0xf, 0x0,

    /* U+FF21 "Ａ" */
    0x0, 0xf2, 0xbb, 0x90, 0x3, 0xfe, 0x1a, 0x88,
    0x48, 0x7, 0xfc, 0xc0, 0x20, 0x46, 0x1, 0xfe,
    0xa0, 0x63, 0xa, 0x0, 0xfe, 0x22, 0x5, 0x50,
    0x18, 0x3, 0xfa, 0x80, 0x88, 0xe0, 0x5, 0x0,
    0xfc, 0xc1, 0x40, 0x28, 0x1c, 0x1, 0xf2, 0x8,
    0x28, 0x3, 0x41, 0x4, 0x3, 0xdc, 0x6, 0x40,
    0x7, 0x0, 0x30, 0x7, 0x94, 0x28, 0x2, 0x15,
    0xa, 0x0, 0xe6, 0x0, 0x5e, 0x66, 0x40, 0x23,
    0x0, 0xd4, 0x0, 0x23, 0x3c, 0x20, 0xa, 0x0,
    0x88, 0xc1, 0xf3, 0x3c, 0x60, 0xc0, 0x15, 0x0,
    0x28, 0xcf, 0xd4, 0x0, 0x50, 0x2, 0x81, 0x90,
    0x7, 0x9c, 0x1, 0xc0, 0x64, 0x14, 0x1, 0xf0,
    0xa8, 0x20, 0xa1, 0x99, 0xc0, 0x3f, 0x71, 0x99,
    0x0,

    /* U+FF22 "Ｂ" */
    0x0, 0xff, 0xe1, 0x77, 0xff, 0xd9, 0x2, 0x1,
    0xff, 0x1b, 0xf9, 0x80, 0x65, 0xff, 0xda, 0xe0,
    0x3e, 0x1, 0xfc, 0x50, 0x80, 0x60, 0x1f, 0xf1,
    0x0, 0x7f, 0xf0, 0x50, 0x10, 0x3, 0x9, 0x9c,
    0x8d, 0xa4, 0x32, 0x1, 0x93, 0x32, 0xb9, 0x22,
    0x61, 0x0, 0x61, 0x44, 0xc6, 0x5, 0xb0, 0x1,
    0x92, 0xef, 0x67, 0xc8, 0x3c, 0x0, 0x7f, 0x99,
    0x41, 0x80, 0x3f, 0xe2, 0x1, 0x0, 0xff, 0x90,
    0x4, 0x3, 0xf0, 0xa5, 0x98, 0x30, 0x4, 0xbf,
    0xfb, 0xad, 0x1, 0x60, 0x3, 0xf0, 0x93, 0x5d,
    0x0, 0x0,

    /* U+FF23 "Ｃ" */
    0x0, 0xf0, 0xa2, 0xa0, 0x80, 0x7e, 0x6d, 0xeb,
    0xab, 0xeb, 0x30, 0xc, 0x37, 0x24, 0x0, 0x10,
    0x2, 0x63, 0x80, 0x5a, 0x80, 0x77, 0xfd, 0xf8,
    0x62, 0xa0, 0x7, 0x30, 0x5c, 0x40, 0x8, 0xf3,
    0x4, 0x0, 0x80, 0x2a, 0x0, 0xf8, 0x80, 0x8,
    0x0, 0xa0, 0xf, 0xf8, 0xc0, 0x8, 0x1, 0xff,
    0x70, 0x0, 0x80, 0x3f, 0xf9, 0xdc, 0x0, 0x20,
    0xf, 0xf8, 0xc0, 0x16, 0x1, 0xff, 0x20, 0x1,
    0x84, 0x3, 0xfe, 0x80, 0x1a, 0x0, 0xf9, 0xc4,
    0x0, 0xe8, 0x9, 0xac, 0x20, 0x2b, 0x91, 0x80,
    0x15, 0x20, 0x14, 0xf7, 0xf5, 0x18, 0x28, 0x4,
    0x37, 0x48, 0x1, 0xc9, 0x90, 0x1, 0xcb, 0x7f,
    0xb9, 0xbf, 0x66, 0x0,

    /* U+FF24 "Ｄ" */
    0x1, 0x1e, 0x0, 0xfe, 0x6e, 0xee, 0xfe, 0xa5,
    0x0, 0xff, 0xe0, 0xa, 0xd6, 0x98, 0x7, 0xbb,
    0xfd, 0xd6, 0xa0, 0x58, 0x60, 0x1f, 0x85, 0x2a,
    0xc0, 0x1a, 0x1, 0xff, 0x24, 0x80, 0xb8, 0x7,
    0xfc, 0xc0, 0xb, 0x0, 0xff, 0xe0, 0x18, 0x10,
    0x7, 0xff, 0x1, 0x80, 0x40, 0x3f, 0xf8, 0x2,
    0x1, 0xff, 0xc2, 0x70, 0x10, 0xf, 0xf8, 0x4c,
    0x10, 0x3, 0xfe, 0x80, 0x7, 0x80, 0x7f, 0x9d,
    0x80, 0xd4, 0x3, 0x18, 0x91, 0xbe, 0x40, 0xf,
    0x0, 0x76, 0xf6, 0xe4, 0x18, 0x27, 0x90, 0x7,
    0xe1, 0x36, 0xcb, 0x10, 0x8,

    /* U+FF25 "Ｅ" */
    0x3, 0x3f, 0xf1, 0x0, 0x33, 0x3f, 0xde, 0x1,
    0xff, 0xc0, 0x10, 0xc, 0xff, 0xff, 0x60, 0x7,
    0xff, 0x7c, 0x95, 0x7c, 0x1, 0xe5, 0xaa, 0xf0,
    0x7, 0x84, 0x8b, 0xc0, 0x1e, 0x6d, 0xdf, 0x0,
    0x7f, 0xf8, 0x44, 0x8b, 0xf0, 0x6, 0x6d, 0xdf,
    0xc2, 0x1, 0xff, 0xc1,

    /* U+FF26 "Ｆ" */
    0x23, 0x3f, 0xf0, 0x46, 0x67, 0xf9, 0x0, 0x3f,
    0xe7, 0x0, 0xf, 0xff, 0xe3, 0x0, 0xff, 0xed,
    0x91, 0x78, 0x40, 0x30, 0xee, 0xfa, 0x40, 0x3f,
    0xf8, 0x83, 0xff, 0xe8, 0x0, 0xff, 0xff, 0x57,
    0xf0, 0x7, 0xf0,

    /* U+FF27 "Ｇ" */
    0x0, 0xf8, 0xd1, 0x50, 0x40, 0x3e, 0x29, 0xfc,
    0xba, 0xbe, 0xb2, 0x0, 0xcb, 0xac, 0x1, 0x8,
    0x1, 0x35, 0x40, 0xb, 0x40, 0x7, 0xdf, 0xef,
    0xb3, 0x24, 0x1, 0xa0, 0x6, 0x41, 0x0, 0x49,
    0x98, 0x10, 0x80, 0x5, 0x18, 0x7, 0xc2, 0x0,
    0x70, 0x25, 0x0, 0xff, 0x8, 0x81, 0x0, 0x3f,
    0xe2, 0x0, 0x70, 0x6, 0x3d, 0xde, 0xc0, 0xf,
    0xe2, 0x2f, 0x80, 0x1c, 0x1, 0x8e, 0xee, 0x60,
    0x0, 0x88, 0x10, 0x3, 0x91, 0x2f, 0x0, 0x9c,
    0x9, 0x40, 0x3f, 0xeb, 0x0, 0x51, 0x80, 0x7f,
    0x8a, 0x80, 0x19, 0x26, 0x0, 0x14, 0xa0, 0xc,
    0xb4, 0x0, 0x6c, 0xff, 0x75, 0x98, 0x20, 0x4,
    0xbc, 0xe2, 0x1, 0xc9, 0x74, 0x1, 0x86, 0x3b,
    0x99, 0x8d, 0xfb, 0x40,

    /* U+FF28 "Ｈ" */
    0x23, 0x30, 0x7, 0xe2, 0x33, 0x46, 0x68, 0x7,
    0xe8, 0xcd, 0x0, 0xff, 0xfe, 0xc, 0xcf, 0xe7,
    0x0, 0xe6, 0x6f, 0xc4, 0x1, 0xca, 0xbf, 0x88,
    0x3, 0xd, 0x57, 0xe7, 0x0, 0xff, 0xff, 0x80,
    0x7f, 0xc0,

    /* U+FF29 "Ｉ" */
    0x23, 0x3f, 0xfa, 0x33, 0x3f, 0xda, 0x1, 0xff,
    0xc0, 0xaf, 0xfb, 0x40, 0x13, 0xff, 0x70, 0x7,
    0xff, 0xfc, 0x3, 0xff, 0xc2, 0x24, 0x53, 0x0,
    0x4, 0x8b, 0x5e, 0xed, 0x60, 0x8, 0xdd, 0xb0,
    0x3, 0xff, 0x80,

    /* U+FF2A "Ｊ" */
    0x0, 0xfc, 0x66, 0x10, 0xf, 0x87, 0x31, 0x20,
    0x1f, 0xff, 0xf0, 0xf, 0xff, 0xf, 0x84, 0x10,
    0x6, 0x40, 0x1, 0x53, 0xe2, 0x80, 0x16, 0xc0,
    0xb, 0x2, 0x2a, 0xff, 0x50, 0x84, 0x81, 0x7a,
    0x80, 0x62, 0xa6, 0x0, 0xd, 0x7e, 0xe6, 0xe9,
    0x40, 0x0,

    /* U+FF2B "Ｋ" */
    0x33, 0x10, 0x7, 0xc6, 0x70, 0x6e, 0x40, 0x7,
    0xa7, 0x30, 0xa0, 0x1f, 0xd0, 0xc1, 0xc, 0x1,
    0xf9, 0xdc, 0xe, 0xe0, 0xf, 0xcd, 0x0, 0xd0,
    0x1, 0xf9, 0x64, 0x16, 0x40, 0x3f, 0x25, 0x2,
    0x50, 0x7, 0xe4, 0xb0, 0x1, 0x80, 0x7e, 0x6b,
    0x0, 0x9c, 0xc0, 0x3e, 0x30, 0x5, 0x90, 0x70,
    0x7, 0xf6, 0x24, 0x81, 0x48, 0x7, 0xd6, 0x60,
    0x8c, 0xc, 0x60, 0x1c, 0xa8, 0x1, 0x49, 0x7,
    0x0, 0x7f, 0xd2, 0x5, 0x20, 0x1f, 0xe4, 0x60,
    0x64, 0x0, 0xff, 0x49, 0x5, 0x0, 0x7f, 0xd2,
    0x3, 0x20,

    /* U+FF2C "Ｌ" */
    0x23, 0x30, 0x7, 0xf5, 0x66, 0x0, 0x3f, 0xff,
    0xe0, 0x1f, 0xff, 0xf0, 0xf, 0x11, 0x7e, 0x0,
    0xdb, 0xbf, 0x84, 0x3, 0xff, 0x80,

    /* U+FF2D "Ｍ" */
    0x33, 0x80, 0x3f, 0xc6, 0x76, 0xe6, 0x18, 0x3,
    0xf3, 0x66, 0x34, 0x2, 0xb0, 0xf, 0xd4, 0x1,
    0xe2, 0x40, 0xf, 0x19, 0x80, 0x39, 0x3, 0xc0,
    0x3d, 0x20, 0x80, 0x1b, 0x81, 0x8, 0x3, 0xa,
    0x86, 0x80, 0x61, 0x40, 0xb0, 0xd, 0x20, 0xa6,
    0x1, 0x87, 0x81, 0x84, 0x2, 0x60, 0xe3, 0x0,
    0xc6, 0xa2, 0xc, 0x0, 0x61, 0x24, 0x10, 0xf,
    0x48, 0x50, 0x2, 0x82, 0xc0, 0x3f, 0x38, 0x12,
    0x19, 0x85, 0x80, 0x3f, 0x9c, 0x3a, 0x81, 0x80,
    0x3f, 0xd4, 0xa, 0xc1, 0x20, 0x1f, 0xe2, 0x50,
    0x2, 0x88, 0x7, 0xfd, 0x20, 0x9, 0x0, 0xff,
    0xe0, 0x1c, 0xc8, 0xc0, 0x3f, 0xf8, 0x2c, 0xc0,
    0xf, 0x80,

    /* U+FF2E "Ｎ" */
    0x13, 0x30, 0x7, 0xe1, 0x33, 0x4e, 0x62, 0x40,
    0x3e, 0x9c, 0xd0, 0x9, 0x90, 0x3, 0xff, 0x83,
    0x40, 0x1f, 0xf2, 0x8, 0xa4, 0x3, 0xfe, 0xb0,
    0x64, 0x0, 0xfe, 0x75, 0x40, 0xa1, 0x0, 0xfc,
    0x21, 0x20, 0x36, 0x1, 0xf8, 0xc0, 0xa4, 0x15,
    0x40, 0x1f, 0xe6, 0x40, 0xb1, 0xf, 0x0, 0xfd,
    0x20, 0x36, 0x1, 0xfe, 0x29, 0x5, 0x41, 0x0,
    0xfe, 0x64, 0x9, 0x30, 0xf, 0xf5, 0x1, 0x48,
    0x7, 0xf8, 0x64, 0xc, 0x3, 0xfe, 0x64, 0x0,
    0xff, 0xe0, 0xd0, 0x80, 0x0,

    /* U+FF2F "Ｏ" */
    0x0, 0xf1, 0x22, 0x8, 0x3, 0xf8, 0xa7, 0xf6,
    0xed, 0xbf, 0x24, 0x1, 0xcb, 0xac, 0x0, 0x11,
    0x0, 0x1b, 0x10, 0x2, 0x3a, 0x0, 0x47, 0x76,
    0x80, 0x1b, 0x30, 0x7, 0x0, 0x31, 0xc4, 0x0,
    0x2f, 0x80, 0xe, 0x4, 0x20, 0x83, 0x0, 0xf1,
    0xc0, 0x12, 0xf0, 0x1, 0x80, 0x3f, 0x30, 0x3,
    0xd8, 0x8, 0x40, 0x3f, 0x9, 0x3, 0x90, 0x30,
    0x7, 0xf9, 0x80, 0xc0, 0xe, 0x1, 0xfe, 0x70,
    0x32, 0x1, 0x0, 0xff, 0x8, 0xa, 0x81, 0x10,
    0x3, 0xf1, 0x10, 0x17, 0x40, 0x16, 0x1, 0xfa,
    0xc0, 0x14, 0x86, 0xc, 0xa0, 0x1e, 0x56, 0x3,
    0x30, 0x70, 0x2, 0xa4, 0xc0, 0x5, 0x34, 0x0,
    0xe0, 0x1, 0x60, 0x83, 0x67, 0xfb, 0x58, 0x7,
    0x8, 0x2, 0x3f, 0x71, 0x0, 0xc2, 0xde, 0x60,
    0x1c, 0x31, 0xdb, 0x98, 0xde, 0x91, 0x0, 0x80,

    /* U+FF30 "Ｐ" */
    0x1, 0x1e, 0x0, 0xfa, 0xbb, 0xbb, 0xfd, 0xb2,
    0x40, 0x1f, 0xe2, 0x6d, 0x60, 0x8, 0x7f, 0xf7,
    0x51, 0x4, 0x98, 0x7, 0xc2, 0xb8, 0x0, 0xa0,
    0xf, 0xe1, 0x20, 0x20, 0xf, 0xfe, 0x0, 0x80,
    0x7f, 0x21, 0x6, 0x80, 0x42, 0x31, 0x24, 0xd8,
    0xb, 0x80, 0x7, 0xba, 0xdb, 0x60, 0x2c, 0x0,
    0xf8, 0x49, 0x6b, 0x48, 0x2, 0x1f, 0xfb, 0xb6,
    0x94, 0x3, 0xff, 0xf1, 0x7b, 0x80, 0x1f, 0xe0,

    /* U+FF31 "Ｑ" */
    0x0, 0xf1, 0xa2, 0x8, 0x3, 0xfc, 0x53, 0xf9,
    0x76, 0xde, 0x91, 0x0, 0xf2, 0xeb, 0x0, 0x4,
    0x40, 0x2d, 0xe8, 0x1, 0x8e, 0x80, 0x11, 0xdd,
    0x9c, 0x6, 0xc8, 0x2, 0xd0, 0x6, 0x38, 0x80,
    0x6, 0x2c, 0x1, 0xe0, 0x5, 0x10, 0x83, 0x0,
    0xf2, 0x38, 0x12, 0x87, 0x80, 0x18, 0x3, 0xf4,
    0x80, 0x30, 0x18, 0xc, 0x40, 0x3f, 0x9, 0x2,
    0x81, 0x3, 0x80, 0x7f, 0x84, 0x4, 0x3, 0xff,
    0x8c, 0x40, 0xc0, 0x1f, 0xe1, 0x6, 0x5, 0x2,
    0x10, 0xf, 0xc4, 0x40, 0x30, 0xd0, 0x3, 0x0,
    0x7e, 0xa0, 0x5, 0x82, 0x18, 0x41, 0x80, 0x78,
    0xdc, 0x10, 0xc0, 0x1c, 0x0, 0xc6, 0x0, 0xcf,
    0x80, 0x32, 0x1, 0x16, 0x8, 0x4f, 0xee, 0xbe,
    0x0, 0xb0, 0x80, 0x31, 0xf3, 0x88, 0x11, 0x0,
    0xa3, 0x48, 0x3, 0xe8, 0xec, 0x0, 0x16, 0xb8,
    0x7, 0xfc, 0x74, 0x5, 0xac, 0x20, 0x1, 0x0,
    0xfc, 0xb4, 0x5, 0x3d, 0xfe, 0xe4, 0x0, 0xfc,
    0xba, 0xa0, 0x1c, 0x40, 0x1f, 0xc5, 0x5f, 0xdb,
    0xaf, 0x60,

    /* U+FF32 "Ｒ" */
    0x1, 0x1f, 0x0, 0x7d, 0x1d, 0xde, 0xfe, 0xb4,
    0x0, 0xff, 0x85, 0x2e, 0x80, 0x30, 0xff, 0xee,
    0xb4, 0x5, 0x60, 0xf, 0xc2, 0x96, 0x21, 0xa0,
    0x1f, 0xf2, 0x83, 0x0, 0x7f, 0xca, 0xc, 0x1,
    0xfc, 0x76, 0x21, 0xc0, 0x10, 0xe6, 0x5b, 0xf8,
    0x81, 0xa, 0x1, 0x8c, 0xe2, 0x0, 0x36, 0x38,
    0x7, 0x5d, 0xcc, 0x0, 0xd3, 0x0, 0xe1, 0x44,
    0xa4, 0x42, 0x40, 0x3f, 0xea, 0x2, 0x80, 0xf,
    0xf2, 0x28, 0x39, 0x80, 0x7f, 0xac, 0x1, 0xc0,
    0x1f, 0xe1, 0x90, 0x27, 0x0, 0xff, 0x31, 0x84,
    0x14, 0xee, 0x0, 0x7d, 0x9b, 0xa3,

    /* U+FF33 "Ｓ" */
    0x0, 0xe2, 0x45, 0x41, 0x0, 0xf9, 0x77, 0x57,
    0x57, 0xd8, 0x80, 0x1a, 0x28, 0x80, 0x2, 0x0,
    0x3b, 0xa0, 0x1, 0xb8, 0x26, 0xff, 0x7d, 0xa0,
    0x60, 0x2, 0xc0, 0x14, 0x40, 0x12, 0x5e, 0x30,
    0x0, 0x40, 0x6, 0x1, 0xe3, 0x0, 0xb0, 0x1,
    0xe8, 0x1, 0xfc, 0xaa, 0x2, 0xbd, 0x82, 0x0,
    0xfa, 0xa0, 0x0, 0x4f, 0xb8, 0xa0, 0x1e, 0x7f,
    0x93, 0x0, 0x1d, 0x69, 0x0, 0x79, 0xb3, 0x9c,
    0x40, 0xbc, 0x3, 0xf0, 0xc7, 0x20, 0x12, 0x80,
    0x7f, 0xa4, 0x0, 0x40, 0xb2, 0x1, 0xf3, 0x0,
    0x4, 0xa9, 0xb9, 0xcc, 0x0, 0x2d, 0x40, 0x7,
    0x27, 0x1, 0x8c, 0xff, 0x74, 0x88, 0x58, 0x84,
    0x6b, 0x8, 0x7, 0x2e, 0xa0, 0x4, 0x53, 0xdc,
    0xcc, 0x6f, 0xd1, 0x0, 0x0,

    /* U+FF34 "Ｔ" */
    0x22, 0xff, 0xe1, 0x6e, 0xff, 0xf0, 0x84, 0x3,
    0xff, 0x80, 0x3d, 0xff, 0xac, 0x1, 0x7f, 0xfb,
    0x80, 0x3f, 0xff, 0xe0, 0x1f, 0xff, 0xf0, 0xf,
    0xfe, 0xca, 0x77, 0x10, 0x3, 0x80,

    /* U+FF35 "Ｕ" */
    0x23, 0x30, 0x7, 0xe2, 0x33, 0x5e, 0x68, 0x7,
    0xe8, 0xcd, 0x0, 0xff, 0xff, 0x80, 0x7f, 0xf6,
    0x44, 0x4, 0x3, 0xfe, 0xf0, 0xf, 0xf0, 0x81,
    0x98, 0x0, 0x80, 0x1f, 0x20, 0x3a, 0x80, 0x20,
    0x3, 0xce, 0x0, 0xf1, 0x70, 0x3b, 0x30, 0x1,
    0x4c, 0x1, 0x28, 0x42, 0x2, 0x67, 0xfb, 0x58,
    0x7, 0xc0, 0x2b, 0x81, 0x0, 0xe6, 0xf2, 0x0,
    0xcf, 0xdc, 0xcc, 0x6f, 0xc8, 0x80, 0x0,

    /* U+FF36 "Ｖ" */
    0x13, 0x30, 0x80, 0x7e, 0x13, 0x30, 0x86, 0x62,
    0x0, 0x3f, 0x4e, 0x60, 0x4, 0xc1, 0xc0, 0x3f,
    0x28, 0x20, 0x85, 0x0, 0xa0, 0x7, 0x88, 0x81,
    0xa0, 0x6, 0x0, 0x68, 0x7, 0xa8, 0x0, 0xc0,
    0x12, 0x83, 0x0, 0x79, 0x41, 0x40, 0x37, 0x0,
    0x10, 0x3, 0x19, 0x7, 0x0, 0x64, 0x10, 0xe0,
    0xd, 0x60, 0x28, 0x1, 0xce, 0xa, 0x1, 0x94,
    0x1c, 0x3, 0xd4, 0x0, 0x50, 0x1, 0x90, 0x50,
    0x7, 0x8c, 0x83, 0xc0, 0x16, 0x4, 0x60, 0x1f,
    0x50, 0x28, 0x1, 0x42, 0x80, 0x3f, 0x28, 0x1,
    0x4c, 0x81, 0x40, 0x3f, 0x11, 0x87, 0xd8, 0x19,
    0x0, 0x7f, 0x50, 0x2b, 0x5, 0x0, 0x7f, 0x9c,
    0x0, 0x20, 0xe0, 0x1f, 0xe1, 0x50, 0x2, 0x88,
    0x7, 0x0,

    /* U+FF37 "Ｗ" */
    0x13, 0x30, 0x7, 0xc6, 0x60, 0xf, 0x8c, 0xc2,
    0x99, 0x83, 0x0, 0xe4, 0xcc, 0x30, 0x7, 0xe,
    0x61, 0x10, 0x0, 0x40, 0xe, 0xc0, 0x6, 0x80,
    0x72, 0x0, 0x10, 0x48, 0x30, 0x3, 0x94, 0x0,
    0x80, 0x1d, 0x80, 0x42, 0xe, 0xa, 0x1, 0x88,
    0x82, 0x20, 0x40, 0xc, 0xa0, 0x80, 0xc, 0x1,
    0x20, 0x9, 0x1, 0x10, 0x18, 0x1, 0x8c, 0x3c,
    0x0, 0x80, 0x7, 0x0, 0xb4, 0x33, 0x0, 0xa0,
    0x12, 0x0, 0x10, 0x0, 0x42, 0x18, 0x1, 0x20,
    0x22, 0x0, 0x88, 0x0, 0x30, 0x12, 0x0, 0x90,
    0x10, 0x0, 0x80, 0x24, 0x41, 0x4, 0x0, 0x60,
    0x20, 0x6, 0xc0, 0x20, 0x6, 0x3, 0x80, 0x10,
    0x34, 0x0, 0xa1, 0xa0, 0x19, 0x0, 0x8, 0xa,
    0x18, 0x0, 0xf0, 0x40, 0x21, 0x4, 0x0, 0xc4,
    0x20, 0x62, 0x40, 0x80, 0x4, 0x0, 0x1b, 0x80,
    0xc, 0x3, 0x94, 0x31, 0x0, 0xc4, 0x0, 0x26,
    0x17, 0xa0, 0x80, 0x1e, 0xc0, 0x5c, 0x4, 0x0,
    0xd6, 0x8, 0x60, 0x60, 0x1e, 0x40, 0x16, 0xb,
    0x0, 0xc8, 0x6, 0x81, 0x80, 0x1e, 0x30, 0x8,
    0x4c, 0x3, 0x18, 0x80, 0x48, 0x1, 0xf2, 0x0,
    0x10, 0x3, 0xc8, 0x0, 0x30, 0xc,

    /* U+FF38 "Ｘ" */
    0x13, 0x30, 0x80, 0x7c, 0x66, 0x13, 0xcc, 0x50,
    0x7, 0xa7, 0x30, 0x65, 0x0, 0x8a, 0x1, 0x8d,
    0x82, 0x8, 0x1c, 0x82, 0xc0, 0x37, 0x81, 0x38,
    0x5, 0xc0, 0x30, 0x0, 0x63, 0xe, 0x0, 0xc6,
    0xc0, 0xe4, 0x10, 0xc, 0x60, 0x1d, 0x22, 0x1d,
    0x2, 0x29, 0x0, 0xfa, 0xc0, 0xdc, 0x2c, 0x3,
    0xf2, 0xa0, 0x1, 0x14, 0x3, 0xf1, 0x20, 0x1,
    0x4, 0x3, 0xf4, 0x81, 0x88, 0x50, 0x7, 0xcc,
    0x81, 0xd0, 0x8, 0xa0, 0x1c, 0x30, 0xe, 0x4c,
    0x61, 0x62, 0x1, 0xac, 0x45, 0x0, 0xe, 0x1,
    0xb0, 0x9, 0x54, 0x16, 0x1, 0x13, 0x82, 0xa0,
    0xd, 0x82, 0x28, 0x6, 0x81, 0xa, 0x8, 0x10,
    0x90, 0xf, 0x50, 0xc, 0x80,

    /* U+FF39 "Ｙ" */
    0x23, 0x30, 0x7, 0xe2, 0x33, 0x3, 0x66, 0x1c,
    0x3, 0xec, 0xc4, 0x82, 0x20, 0x24, 0x3, 0xd0,
    0x21, 0x0, 0x9, 0x1, 0x80, 0xc, 0x2e, 0xc,
    0x40, 0x2, 0x60, 0x71, 0x0, 0xa0, 0x6, 0x0,
    0x34, 0x0, 0x20, 0x0, 0x4c, 0x12, 0x20, 0x18,
    0x60, 0x18, 0x42, 0x0, 0x9c, 0x3, 0xce, 0x21,
    0x4, 0xa1, 0x0, 0x1f, 0xac, 0x1b, 0x80, 0xd4,
    0x3, 0xf2, 0x98, 0x18, 0x78, 0x7, 0xfa, 0x0,
    0xa, 0x60, 0x1f, 0xe5, 0x0, 0x68, 0x7, 0xff,
    0xfc, 0x3, 0xc0,

    /* U+FF3A "Ｚ" */
    0x1, 0x22, 0xff, 0x84, 0x1f, 0x77, 0xfe, 0x90,
    0x30, 0xf, 0xfb, 0x41, 0x7f, 0xfe, 0xc0, 0x2,
    0xa8, 0x3, 0xf0, 0xe8, 0x15, 0x0, 0x7f, 0x58,
    0x87, 0x80, 0x7f, 0x32, 0x84, 0x90, 0x7, 0xe3,
    0x90, 0x56, 0x0, 0xfe, 0xe0, 0x2a, 0x0, 0xfe,
    0xa2, 0xf, 0x0, 0xfe, 0x65, 0x9, 0x20, 0xf,
    0xc5, 0x20, 0xac, 0x1, 0xfd, 0xe0, 0x54, 0x1,
    0xfd, 0x44, 0x1e, 0x1, 0xfc, 0xca, 0xe, 0x4,
    0x5f, 0x82, 0x40, 0xf, 0xbb, 0xfa, 0x44, 0x3,
    0xff, 0x82,

    /* U+FF3B "［" */
    0x7, 0x7e, 0x32, 0x88, 0xe4, 0x0, 0x1f, 0xfc,
    0xe0, 0x1f, 0xff, 0xf0, 0xf, 0xfe, 0xd9, 0x33,
    0x46, 0x0, 0x19, 0x9a, 0xc0,

    /* U+FF3C "＼" */
    0x6, 0x0, 0xff, 0xe4, 0xd4, 0x0, 0x7f, 0xf2,
    0x31, 0x20, 0x3, 0xff, 0x91, 0x89, 0x0, 0x1f,
    0xfc, 0x8c, 0x48, 0x0, 0xff, 0xe4, 0x62, 0x40,
    0x7, 0xff, 0x23, 0x12, 0x0, 0x3f, 0xf9, 0x18,
    0x90, 0x1, 0xff, 0xc8, 0xc4, 0x80, 0xf, 0xfe,
    0x46, 0x24, 0x0, 0x7f, 0xf2, 0x31, 0x20, 0x3,
    0xff, 0x91, 0x89, 0x0, 0x1f, 0xfc, 0x8c, 0x48,
    0x0, 0xff, 0xe4, 0x62, 0x40, 0x7, 0xff, 0x23,
    0x12, 0x0, 0x3f, 0xf9, 0x18, 0x90, 0x1, 0xff,
    0xc8, 0xc4, 0x80, 0xf, 0xfe, 0x46, 0x24, 0x0,
    0x7f, 0xf2, 0x31, 0x20, 0x3, 0xff, 0x91, 0x89,
    0x0, 0x1f, 0xfc, 0x8c, 0x21,

    /* U+FF3D "］" */
    0x37, 0x7e, 0x4, 0x88, 0xe1, 0x7f, 0xf8, 0xc0,
    0x3f, 0xff, 0xe0, 0x1f, 0xfd, 0xb3, 0x66, 0x88,
    0x1, 0x73, 0x30, 0x80, 0x0,

    /* U+FF3E "＾" */
    0x0, 0xe, 0x6a, 0x80, 0x6c, 0x21, 0xa4, 0x0,
    0x59, 0x56, 0x15, 0x98, 0xfe, 0xa0, 0x65, 0x88,

    /* U+FF3F "＿" */
    0x11, 0xff, 0xe5, 0x66, 0x7f, 0xf2, 0x80,

    /* U+FF40 "｀" */
    0x4c, 0xd6, 0x0, 0x25, 0x14, 0x98, 0x1, 0xa8,
    0x34, 0x40, 0xb, 0xba, 0x0,

    /* U+FF41 "ａ" */
    0x0, 0xe1, 0x21, 0x0, 0xf2, 0x57, 0xf6, 0xf6,
    0xb0, 0x5, 0x96, 0xa0, 0x22, 0x2, 0x97, 0x0,
    0x21, 0x4f, 0x75, 0x84, 0x10, 0x21, 0x1a, 0xc2,
    0x0, 0x39, 0x0, 0x20, 0x7, 0xa, 0x2e, 0x0,
    0x8, 0x0, 0x53, 0xdc, 0xba, 0x70, 0x7, 0x83,
    0xeb, 0x1b, 0xd6, 0x68, 0x4, 0x90, 0x11, 0xb0,
    0xa6, 0x40, 0x16, 0x0, 0xb8, 0x6, 0x10, 0xb,
    0xc0, 0x54, 0x2, 0x6f, 0x0, 0x98, 0x1, 0x5f,
    0xdf, 0x2a, 0x40, 0x1, 0xd4, 0x0, 0x9, 0xdd,
    0x90, 0x7c, 0xa, 0xff, 0xbf, 0x10, 0x27, 0x9c,

    /* U+FF42 "ｂ" */
    0x36, 0x50, 0xf, 0xf5, 0x4d, 0x0, 0x7f, 0xfa,
    0xc8, 0xc4, 0x3, 0xc2, 0x29, 0xfd, 0xce, 0xb2,
    0x0, 0xc3, 0xec, 0x2, 0x0, 0x4d, 0x30, 0xc,
    0x75, 0xfd, 0xee, 0x0, 0xf0, 0xd, 0xaa, 0x1,
    0x42, 0x81, 0x90, 0x7, 0xf7, 0x0, 0x10, 0x3,
    0xf9, 0x80, 0x2, 0x1, 0xff, 0xca, 0x40, 0x1,
    0x0, 0x7f, 0x58, 0x1, 0x40, 0x2a, 0x20, 0x1,
    0x59, 0x3, 0x0, 0x42, 0xbb, 0xdc, 0xd4, 0x3,
    0x90, 0x9, 0xac, 0xc4, 0x40, 0x2f, 0x80, 0x9,
    0xf8, 0x4c, 0xec, 0xde, 0x80, 0x8,

    /* U+FF43 "ｃ" */
    0x0, 0xf1, 0x98, 0x80, 0x3c, 0x97, 0xf9, 0x8d,
    0xd3, 0x0, 0x53, 0x68, 0x0, 0x10, 0x29, 0x70,
    0x76, 0x2, 0xbf, 0xef, 0x93, 0x61, 0x80, 0x2d,
    0x40, 0x9, 0xb0, 0x5c, 0x1, 0x0, 0x1f, 0xb8,
    0x0, 0x80, 0x1f, 0xfc, 0x8e, 0x0, 0x28, 0x7,
    0xe7, 0x0, 0x40, 0x7, 0xe1, 0x70, 0x3c, 0x30,
    0x9, 0xb9, 0x82, 0x14, 0xf, 0x3f, 0xbe, 0x47,
    0x40, 0x15, 0x43, 0x0, 0x8, 0x14, 0xd8, 0x4,
    0xb9, 0xd9, 0x8e, 0xd6, 0x0,

    /* U+FF44 "ｄ" */
    0x0, 0xff, 0x2b, 0x18, 0x7, 0xfa, 0xa6, 0x80,
    0x3f, 0xfc, 0x6, 0x84, 0x1, 0xf9, 0xfb, 0x2f,
    0x74, 0xa2, 0x1, 0xae, 0x4, 0x4, 0x45, 0x42,
    0x1, 0x42, 0x1, 0xef, 0x73, 0x58, 0x3, 0x38,
    0x16, 0x10, 0x0, 0xa4, 0x2, 0x40, 0x5, 0x80,
    0x7f, 0x10, 0x1, 0x40, 0x3f, 0xf9, 0x46, 0x0,
    0x50, 0xf, 0xe4, 0x0, 0x50, 0x7, 0xf0, 0xa8,
    0x1d, 0x88, 0x1, 0x34, 0x3, 0x59, 0x2, 0x77,
    0x3e, 0xc8, 0x40, 0x21, 0xc5, 0x0, 0x8, 0x1e,
    0x30, 0x6, 0x1a, 0xfd, 0xce, 0xc3, 0x8f, 0x90,

    /* U+FF45 "ｅ" */
    0x0, 0xf0, 0x90, 0x80, 0x7e, 0x18, 0xee, 0x6f,
    0x6b, 0x0, 0x71, 0x7b, 0x88, 0x8c, 0x4a, 0x68,
    0x2, 0x1c, 0x12, 0xce, 0xce, 0xa0, 0x56, 0x0,
    0x48, 0x87, 0x98, 0x4, 0xb0, 0x16, 0x0, 0x50,
    0x42, 0x0, 0xe3, 0x2, 0x10, 0x20, 0x4f, 0xff,
    0x58, 0x0, 0xc0, 0x21, 0x44, 0xfe, 0x30, 0x20,
    0x5b, 0xbf, 0xe1, 0x5, 0x4, 0x30, 0xf, 0xf4,
    0x88, 0x63, 0x88, 0x4, 0x94, 0x1, 0xe, 0x10,
    0x47, 0x75, 0xf6, 0xae, 0x1, 0x16, 0xc1, 0x80,
    0x88, 0x12, 0x9c, 0x3, 0x9f, 0x3f, 0xb9, 0xf6,
    0xa0, 0x0,

    /* U+FF46 "ｆ" */
    0x0, 0xf1, 0x4e, 0x6e, 0x4a, 0x0, 0x72, 0xeb,
    0x19, 0x1b, 0x78, 0x6, 0x1a, 0x1, 0xac, 0xc4,
    0xf0, 0x6, 0x70, 0x6, 0xa9, 0x99, 0x94, 0x3,
    0x78, 0x9, 0x80, 0x7e, 0x13, 0x3, 0x11, 0xe0,
    0x7, 0xfb, 0x94, 0xb, 0xbb, 0x58, 0x7, 0xff,
    0x0, 0xc0, 0x1f, 0xf2, 0x81, 0x7f, 0xe9, 0x0,
    0xff, 0xff, 0x80, 0x7f, 0xf8, 0xeb, 0xf4, 0x3,
    0xc0,

    /* U+FF47 "ｇ" */
    0x0, 0xe2, 0x44, 0x8, 0x7, 0xe5, 0xed, 0xbb,
    0x77, 0xfe, 0xb0, 0x3, 0xd0, 0xa4, 0x38, 0x80,
    0x8, 0xa0, 0x18, 0x7, 0xb7, 0x8f, 0x10, 0xed,
    0x90, 0x40, 0x5, 0x0, 0x42, 0xe1, 0x20, 0x1f,
    0xfc, 0x11, 0x0, 0x90, 0x1, 0x60, 0x11, 0x30,
    0x60, 0x4, 0x34, 0xd, 0x91, 0x3a, 0x6, 0xe0,
    0x18, 0x40, 0x4d, 0xd8, 0x5f, 0x0, 0x30, 0xd8,
    0xf7, 0xf7, 0x50, 0x1, 0xca, 0x2, 0x60, 0x22,
    0x0, 0xf9, 0x8, 0x33, 0xff, 0x76, 0xd1, 0x80,
    0x56, 0x1, 0xe1, 0x25, 0xc3, 0x6, 0x95, 0xff,
    0xbb, 0x9b, 0x20, 0xa, 0x8, 0x8, 0x0, 0x84,
    0x44, 0xc4, 0x1, 0x8, 0x38, 0x7, 0x8c, 0x83,
    0x41, 0x42, 0xa5, 0x8, 0x89, 0x38, 0xc, 0x81,
    0x4c, 0xd, 0x7b, 0xab, 0x62, 0xa9, 0x0, 0xa7,
    0xaa, 0x1e, 0x27, 0x74, 0xa0, 0x0,

    /* U+FF48 "ｈ" */
    0x48, 0x80, 0x7, 0xf6, 0x3b, 0x80, 0x3f, 0xfc,
    0xc2, 0x8c, 0x80, 0x1f, 0x47, 0x5c, 0xdf, 0x18,
    0x6, 0xd7, 0x12, 0x10, 0x1d, 0x0, 0xc7, 0x5d,
    0xbc, 0xc0, 0x2a, 0x1, 0x62, 0x80, 0x50, 0x0,
    0xd0, 0x8, 0x80, 0x30, 0x80, 0x4, 0x3, 0xf8,
    0x40, 0x3f, 0xff, 0xc0,

    /* U+FF49 "ｉ" */
    0x1b, 0xc4, 0x94, 0x3a, 0xe0, 0x1, 0x35, 0x4e,
    0x82, 0xb0, 0x81, 0x10, 0x45, 0xba, 0x60, 0xf,
    0xff, 0x0,

    /* U+FF4B "ｋ" */
    0x88, 0x20, 0x7, 0xf3, 0xb8, 0xc0, 0x3f, 0xfd,
    0x22, 0x42, 0x1, 0xf9, 0x7b, 0x64, 0x3, 0xe4,
    0xa0, 0x78, 0x0, 0xf2, 0x58, 0x34, 0x0, 0x78,
    0xec, 0x1a, 0x40, 0x3c, 0x78, 0x9, 0x20, 0x1e,
    0xdd, 0x0, 0x14, 0x40, 0x3c, 0xa2, 0x60, 0x36,
    0x1, 0xf1, 0xe5, 0x2, 0xb0, 0x7, 0x1e, 0x2,
    0xa8, 0x24, 0x80, 0x35, 0x80, 0x54, 0x41, 0xe0,
    0x1f, 0xdc, 0x5, 0x20, 0x1f, 0x8e, 0x1, 0x94,

    /* U+FF4C "ｌ" */
    0x59, 0x80, 0xe, 0xf6, 0x60, 0x7, 0xff, 0xfc,
    0x3, 0xff, 0x9c, 0x60, 0x20, 0x1d, 0xe0, 0x8,
    0x0, 0x8, 0x98, 0x41, 0xff, 0xb9, 0x1, 0x86,
    0x0, 0x10, 0x8, 0xb3, 0xb3, 0x7e, 0x40,

    /* U+FF4D "ｍ" */
    0x12, 0x10, 0x0, 0xa2, 0xa0, 0x7, 0x1a, 0xa8,
    0x80, 0x13, 0xb0, 0x11, 0xd7, 0x57, 0xc6, 0x7,
    0xb9, 0x54, 0xd8, 0x0, 0x93, 0x5c, 0x48, 0x0,
    0x3b, 0x18, 0x44, 0x10, 0x3, 0xa0, 0x0, 0x8e,
    0xbb, 0x78, 0xc0, 0x5d, 0x7b, 0x7a, 0x80, 0x1e,
    0x1, 0x7a, 0x80, 0x6, 0x0, 0xd, 0x42, 0x0,
    0x53, 0x6, 0x0, 0x84, 0x3, 0x28, 0x3, 0x80,
    0x39, 0x80, 0xc0, 0x3f, 0xf8, 0xa6, 0x1, 0xff,
    0xff, 0x0, 0xff, 0xf1, 0x80,

    /* U+FF4E "ｎ" */
    0x12, 0x10, 0x0, 0xab, 0x28, 0x80, 0x27, 0x60,
    0x23, 0xaa, 0x6b, 0x94, 0x2, 0x4d, 0x71, 0x20,
    0xa, 0x84, 0x0, 0x47, 0x5d, 0xbe, 0xa0, 0x6,
    0x0, 0xbd, 0x40, 0x2b, 0x0, 0x68, 0x4, 0x20,
    0x18, 0x40, 0x2, 0x1, 0xfc, 0x20, 0x1f, 0xff,
    0xe0,

    /* U+FF4F "ｏ" */
    0x0, 0xe1, 0x33, 0x8, 0x7, 0xe4, 0xce, 0xcc,
    0x76, 0x20, 0x7, 0x45, 0x98, 0x8, 0x80, 0xee,
    0x0, 0x26, 0x70, 0x3d, 0xee, 0x69, 0x83, 0xb0,
    0x2, 0x0, 0x70, 0x80, 0x5, 0x82, 0x10, 0x6,
    0x21, 0x20, 0x1e, 0x90, 0x13, 0x50, 0x1, 0x80,
    0x78, 0xc0, 0xc, 0x1, 0xff, 0xc1, 0x35, 0x0,
    0x18, 0x7, 0x8c, 0x0, 0xa6, 0x21, 0x40, 0x1e,
    0xa0, 0x13, 0x8, 0x2, 0xc2, 0x0, 0x16, 0x10,
    0x40, 0x1, 0x9c, 0xf, 0x7b, 0x9a, 0x60, 0xec,
    0x1, 0x45, 0x98, 0x8, 0x80, 0xee, 0x0, 0x39,
    0x33, 0xb3, 0x1d, 0x88, 0x1, 0x0,

    /* U+FF50 "ｐ" */
    0x1, 0x0, 0x85, 0x54, 0x60, 0x1a, 0x7a, 0x4a,
    0xfa, 0xa9, 0x9c, 0xa0, 0x19, 0xf5, 0x4, 0xc4,
    0x6, 0x90, 0x2, 0x12, 0xbe, 0xce, 0xa0, 0x4,
    0x80, 0x6d, 0x40, 0x9, 0x58, 0x8, 0xc0, 0x3f,
    0xa8, 0x0, 0xa0, 0x1f, 0xc4, 0x0, 0x10, 0xf,
    0xe3, 0x0, 0xff, 0xe0, 0x38, 0x0, 0x80, 0x3f,
    0xa4, 0x0, 0x80, 0x14, 0x88, 0x0, 0x68, 0xc1,
    0x84, 0x2, 0x6e, 0xe6, 0xf2, 0x81, 0x48, 0x4,
    0x32, 0x42, 0x40, 0x6, 0xd0, 0xc, 0x2d, 0xba,
    0xbc, 0xf9, 0x0, 0xfc, 0x48, 0x60, 0x1f, 0xfd,
    0x31, 0x1, 0x0, 0xff, 0x0,

    /* U+FF51 "ｑ" */
    0x0, 0xc2, 0x8a, 0x80, 0x10, 0x80, 0x69, 0xeb,
    0xab, 0xe6, 0x8e, 0x90, 0x6, 0x30, 0x0, 0xc8,
    0x65, 0xc0, 0x28, 0x30, 0x5e, 0xcd, 0xe8, 0x0,
    0xce, 0x5, 0x42, 0x0, 0x17, 0x0, 0x90, 0x1,
    0x60, 0x1f, 0xc4, 0x0, 0x50, 0xf, 0xfe, 0x51,
    0x0, 0x18, 0x3, 0xf9, 0x40, 0x12, 0x1, 0xfc,
    0x2a, 0x7, 0x20, 0x11, 0xe0, 0x6, 0xb1, 0x6,
    0xfd, 0xec, 0x30, 0xc, 0x3e, 0x80, 0x2, 0x12,
    0xb2, 0x0, 0xc3, 0x7d, 0x97, 0xba, 0x43, 0x0,
    0xf0, 0x9a, 0x10, 0x0, 0x40, 0x3f, 0xfb, 0x42,
    0x0,

    /* U+FF52 "ｒ" */
    0x2, 0x20, 0x6, 0x46, 0x51, 0x0, 0x6e, 0x84,
    0x1f, 0xee, 0x6b, 0xc0, 0x31, 0xdc, 0x0, 0x90,
    0x20, 0x6, 0xe4, 0x46, 0x76, 0xfd, 0x80, 0x63,
    0x5b, 0x30, 0x8, 0x40, 0x31, 0x50, 0x7, 0xfa,
    0x80, 0x3f, 0xff, 0xe0, 0x1c,

    /* U+FF53 "ｓ" */
    0x0, 0xe2, 0x20, 0x80, 0x79, 0x73, 0xf7, 0x5d,
    0xae, 0x20, 0x7, 0xa3, 0x3, 0x41, 0x28, 0xc0,
    0x4, 0x1, 0xfe, 0x5f, 0x62, 0xc8, 0x6, 0x60,
    0xc, 0x74, 0x80, 0x6, 0x5, 0xc5, 0x10, 0xf,
    0x4c, 0x9, 0xd7, 0x63, 0x88, 0x6, 0x7e, 0xb6,
    0x13, 0x8e, 0x80, 0xe, 0x49, 0xec, 0x40, 0x76,
    0x1, 0x0, 0xe3, 0xb1, 0xc, 0x3e, 0xb3, 0x0,
    0xca, 0x20, 0x4a, 0x9, 0x9f, 0xb9, 0xd4, 0x5,
    0x2d, 0xd0, 0x60, 0x46, 0x25, 0x1a, 0x20, 0x2f,
    0x9f, 0xdc, 0xfd, 0x70, 0x0,

    /* U+FF54 "ｔ" */
    0x0, 0x85, 0xd8, 0x3, 0xfc, 0xb1, 0x0, 0xf,
    0xf0, 0x80, 0x7f, 0xc2, 0x40, 0x1, 0x1f, 0x7,
    0x7f, 0x40, 0xf, 0x77, 0x58, 0x18, 0x7, 0xf8,
    0xc3, 0x7f, 0xcc, 0x3, 0xff, 0xd2, 0x1, 0xff,
    0xec, 0x10, 0x10, 0xf, 0xf7, 0x80, 0x4, 0x3,
    0xf9, 0x0, 0x14, 0x20, 0x1, 0x20, 0xc, 0x6a,
    0x9, 0xdd, 0xbc, 0x3, 0xa9, 0xc4, 0x4, 0x67,
    0x0, 0xf4, 0x77, 0x37, 0xfa, 0x80,

    /* U+FF55 "ｕ" */
    0x12, 0x20, 0x7, 0x88, 0x83, 0x1b, 0x80, 0x1e,
    0xdd, 0x48, 0x7, 0xff, 0xf8, 0x40, 0x3f, 0x84,
    0x0, 0x40, 0x19, 0x0, 0x2d, 0x0, 0x48, 0x80,
    0xc5, 0x80, 0x4a, 0x40, 0x9d, 0xfc, 0xea, 0x60,
    0x17, 0x90, 0x4, 0x33, 0x4a, 0x1, 0x16, 0xeb,
    0x37, 0x98, 0x27, 0xe0,

    /* U+FF56 "ｖ" */
    0x2, 0x20, 0x7, 0xe2, 0x20, 0xe, 0xea, 0x0,
    0x3c, 0xdb, 0xa1, 0x12, 0x83, 0x0, 0x7a, 0x81,
    0x44, 0x24, 0x5, 0x0, 0x31, 0x18, 0x70, 0x0,
    0xc8, 0x38, 0x3, 0x50, 0x12, 0x0, 0x54, 0xa,
    0x20, 0x13, 0x5, 0x0, 0x66, 0x0, 0x38, 0x1,
    0x4, 0x18, 0x3, 0xa, 0x85, 0x0, 0x38, 0x14,
    0x40, 0x3a, 0x40, 0xc8, 0x14, 0x38, 0x3, 0xc6,
    0x40, 0xaa, 0x1, 0x40, 0xf, 0xac, 0x2b, 0x81,
    0x80, 0x3f, 0x30, 0x12, 0x4, 0x80, 0x7f, 0x30,
    0x1, 0x4, 0x3, 0x0,

    /* U+FF57 "ｗ" */
    0x12, 0x20, 0x7, 0x88, 0x80, 0x1e, 0x12, 0x17,
    0xdd, 0x10, 0x6, 0x5d, 0xd3, 0x0, 0x77, 0x6a,
    0x38, 0x1, 0x0, 0x37, 0x80, 0x34, 0x3, 0x20,
    0x1, 0x4, 0xc3, 0x40, 0x32, 0x8, 0x20, 0x80,
    0x5a, 0x8, 0x21, 0x60, 0x80, 0x11, 0x8a, 0x20,
    0x10, 0x2, 0x70, 0xc0, 0x2, 0x80, 0x10, 0x1,
    0x61, 0xfa, 0x1e, 0x0, 0x21, 0x5, 0x0, 0x11,
    0x3, 0x40, 0xa, 0x8, 0x80, 0x50, 0x2, 0x81,
    0x10, 0x2, 0x50, 0x70, 0x22, 0x18, 0x91, 0x1,
    0x3, 0x1, 0x40, 0x35, 0x80, 0x92, 0x5, 0x80,
    0x14, 0x34, 0x10, 0x2c, 0x3, 0x19, 0x2, 0x68,
    0x28, 0x2, 0xc1, 0xd0, 0x4, 0xc0, 0x39, 0x43,
    0x50, 0x48, 0x0, 0x62, 0x2f, 0x4, 0x0, 0xf5,
    0x82, 0x3, 0x80, 0x67, 0x4, 0xf, 0x0, 0xf1,
    0x88, 0x3, 0x40, 0x36, 0x80, 0x4a, 0x1, 0x0,

    /* U+FF58 "ｘ" */
    0x1, 0x22, 0x0, 0x78, 0x88, 0x20, 0x5b, 0xa7,
    0x0, 0xcd, 0xba, 0x20, 0x37, 0x8, 0x30, 0x0,
    0xc8, 0x39, 0x80, 0x20, 0xc3, 0x80, 0x16, 0x5,
    0x0, 0x1b, 0x80, 0xa1, 0x14, 0x38, 0x3, 0x8a,
    0x41, 0xe8, 0x1c, 0xc0, 0x3c, 0xc6, 0x2, 0x50,
    0x1, 0xf1, 0x18, 0x0, 0xc4, 0x3, 0xef, 0x5,
    0x11, 0x58, 0x7, 0xa0, 0x86, 0xa8, 0xa, 0xc0,
    0x19, 0x1c, 0x2c, 0x11, 0x82, 0x48, 0x0, 0x34,
    0xa, 0xa0, 0x4, 0x90, 0x78, 0x2, 0xc4, 0x56,
    0x1, 0xbc, 0xa, 0x80,

    /* U+FF59 "ｙ" */
    0x2, 0x20, 0x7, 0xe2, 0x20, 0xe, 0xea, 0x0,
    0x3c, 0xbb, 0xa1, 0x13, 0x3, 0x0, 0x7b, 0x81,
    0x4, 0x2c, 0x5, 0x80, 0x30, 0xa0, 0x78, 0x0,
    0x94, 0x2c, 0x3, 0x30, 0xa, 0x0, 0x52, 0x4,
    0x60, 0x15, 0x3, 0x0, 0x63, 0x30, 0x48, 0x0,
    0xc8, 0x28, 0x3, 0xa4, 0x14, 0x42, 0x81, 0x8,
    0x3, 0x94, 0x81, 0x81, 0xc3, 0x80, 0x3e, 0xb0,
    0xa4, 0x11, 0x28, 0x7, 0xcc, 0x25, 0x20, 0xc0,
    0x1f, 0xcc, 0x4, 0x14, 0x1, 0xfd, 0x20, 0x3,
    0x20, 0xf, 0xfe, 0x4, 0x80, 0x7f, 0xa0, 0x5,
    0x40, 0x3f, 0xc, 0x30, 0x58, 0x7, 0xcb, 0xfc,
    0xe0, 0xca, 0x1, 0xf6, 0x80, 0xa, 0x64, 0x1,
    0xfa, 0x3f, 0xda, 0xc0, 0x1f, 0x80,

    /* U+FF5B "｛" */
    0x0, 0xa3, 0x34, 0xc0, 0x10, 0xe2, 0xa2, 0x0,
    0x40, 0xf8, 0x20, 0x0, 0x81, 0x0, 0x7f, 0xc2,
    0x2, 0x1, 0x9c, 0x3, 0xc2, 0x6, 0x1, 0x84,
    0xc, 0x0, 0x2e, 0x84, 0x20, 0xa, 0x81, 0xf0,
    0xb, 0xd0, 0x64, 0x2, 0x4b, 0x24, 0x0, 0xe7,
    0x2, 0x0, 0xc2, 0x6, 0x1, 0x9c, 0x3, 0xc2,
    0x2, 0x1, 0xff, 0x8, 0x10, 0x6, 0x50, 0x96,
    0x10, 0x4, 0x2a, 0xa5, 0x40,

    /* U+FF5C "｜" */
    0x1, 0x4a, 0x0, 0xff, 0xee, 0x39, 0x0,

    /* U+FF5D "｝" */
    0x3d, 0xc8, 0x0, 0x85, 0x45, 0xe0, 0x0, 0x51,
    0xe0, 0xa0, 0x18, 0x80, 0xc0, 0x3c, 0x60, 0x1e,
    0x10, 0xc, 0x20, 0xe0, 0x1e, 0x10, 0xc, 0x20,
    0xc0, 0x1c, 0x46, 0xe2, 0x1, 0x79, 0x45, 0x0,
    0x50, 0x49, 0xc0, 0x12, 0x95, 0xa8, 0x0, 0x41,
    0xc0, 0x3c, 0x20, 0x1e, 0x70, 0xc, 0x20, 0x20,
    0x1e, 0x30, 0xc, 0x20, 0x60, 0x1, 0x6a, 0x4,
    0x0, 0x14, 0xaa, 0xa0, 0x0,

    /* U+FF5E "～" */
    0x0, 0xe2, 0x43, 0x10, 0xf, 0xfe, 0x22, 0xee,
    0xaf, 0x3a, 0x88, 0x3, 0xff, 0x83, 0x14, 0x40,
    0x20, 0x5, 0xd4, 0x0, 0xf1, 0xea, 0x80, 0x19,
    0xc1, 0x7b, 0x9f, 0x64, 0x16, 0xc0, 0x18, 0xb4,
    0xa4, 0x1, 0x40, 0xd4, 0x20, 0x4, 0xc3, 0x9,
    0xb6, 0x59, 0xd1, 0x16, 0x80, 0x32, 0xa4, 0x3,
    0x87, 0x18, 0x12, 0x69, 0x80, 0xb0, 0x40, 0x25,
    0x0, 0xfd, 0x38, 0xc6, 0x4b, 0x5a, 0x40, 0x0
};


/*---------------------
 *  GLYPH DESCRIPTION
 *--------------------*/

static const lv_font_fmt_txt_glyph_dsc_t glyph_dsc[] = {
    {.bitmap_index = 0, .adv_w = 0, .box_w = 0, .box_h = 0, .ofs_x = 0, .ofs_y = 0} /* id = 0 reserved */,
    {.bitmap_index = 0, .adv_w = 79, .box_w = 0, .box_h = 0, .ofs_x = 0, .ofs_y = 0},
    {.bitmap_index = 0, .adv_w = 121, .box_w = 4, .box_h = 17, .ofs_x = 2, .ofs_y = 0},
    {.bitmap_index = 30, .adv_w = 182, .box_w = 9, .box_h = 8, .ofs_x = 1, .ofs_y = 10},
    {.bitmap_index = 63, .adv_w = 201, .box_w = 12, .box_h = 17, .ofs_x = 0, .ofs_y = 0},
    {.bitmap_index = 158, .adv_w = 201, .box_w = 11, .box_h = 23, .ofs_x = 1, .ofs_y = -3},
    {.bitmap_index = 258, .adv_w = 331, .box_w = 20, .box_h = 17, .ofs_x = 0, .ofs_y = 0},
    {.bitmap_index = 401, .adv_w = 249, .box_w = 16, .box_h = 17, .ofs_x = 0, .ofs_y = 0},
    {.bitmap_index = 520, .adv_w = 105, .box_w = 4, .box_h = 8, .ofs_x = 1, .ofs_y = 10},
    {.bitmap_index = 535, .adv_w = 125, .box_w = 6, .box_h = 25, .ofs_x = 1, .ofs_y = -5},
    {.bitmap_index = 600, .adv_w = 125, .box_w = 5, .box_h = 25, .ofs_x = 1, .ofs_y = -5},
    {.bitmap_index = 663, .adv_w = 170, .box_w = 9, .box_h = 9, .ofs_x = 1, .ofs_y = 9},
    {.bitmap_index = 702, .adv_w = 201, .box_w = 12, .box_h = 12, .ofs_x = 0, .ofs_y = 3},
    {.bitmap_index = 728, .adv_w = 105, .box_w = 5, .box_h = 9, .ofs_x = 1, .ofs_y = -5},
    {.bitmap_index = 751, .adv_w = 126, .box_w = 6, .box_h = 2, .ofs_x = 1, .ofs_y = 6},
    {.bitmap_index = 755, .adv_w = 105, .box_w = 4, .box_h = 4, .ofs_x = 1, .ofs_y = 0},
    {.bitmap_index = 764, .adv_w = 137, .box_w = 9, .box_h = 23, .ofs_x = 0, .ofs_y = -5},
    {.bitmap_index = 836, .adv_w = 201, .box_w = 11, .box_h = 17, .ofs_x = 1, .ofs_y = 0},
    {.bitmap_index = 921, .adv_w = 201, .box_w = 11, .box_h = 17, .ofs_x = 1, .ofs_y = 0},
    {.bitmap_index = 953, .adv_w = 201, .box_w = 12, .box_h = 17, .ofs_x = 0, .ofs_y = 0},
    {.bitmap_index = 1032, .adv_w = 201, .box_w = 12, .box_h = 17, .ofs_x = 0, .ofs_y = 0},
    {.bitmap_index = 1116, .adv_w = 201, .box_w = 12, .box_h = 17, .ofs_x = 0, .ofs_y = 0},
    {.bitmap_index = 1176, .adv_w = 201, .box_w = 12, .box_h = 17, .ofs_x = 0, .ofs_y = 0},
    {.bitmap_index = 1258, .adv_w = 201, .box_w = 11, .box_h = 17, .ofs_x = 1, .ofs_y = 0},
    {.bitmap_index = 1346, .adv_w = 201, .box_w = 11, .box_h = 17, .ofs_x = 1, .ofs_y = 0},
    {.bitmap_index = 1409, .adv_w = 201, .box_w = 11, .box_h = 17, .ofs_x = 1, .ofs_y = 0},
    {.bitmap_index = 1501, .adv_w = 201, .box_w = 12, .box_h = 17, .ofs_x = 0, .ofs_y = 0},
    {.bitmap_index = 1594, .adv_w = 105, .box_w = 4, .box_h = 13, .ofs_x = 1, .ofs_y = 0},
    {.bitmap_index = 1615, .adv_w = 105, .box_w = 5, .box_h = 18, .ofs_x = 1, .ofs_y = -5},
    {.bitmap_index = 1653, .adv_w = 201, .box_w = 12, .box_h = 12, .ofs_x = 0, .ofs_y = 3},
    {.bitmap_index = 1711, .adv_w = 201, .box_w = 12, .box_h = 8, .ofs_x = 0, .ofs_y = 5},
    {.bitmap_index = 1729, .adv_w = 201, .box_w = 12, .box_h = 12, .ofs_x = 0, .ofs_y = 3},
    {.bitmap_index = 1788, .adv_w = 173, .box_w = 10, .box_h = 17, .ofs_x = 0, .ofs_y = 0},
    {.bitmap_index = 1858, .adv_w = 342, .box_w = 20, .box_h = 21, .ofs_x = 1, .ofs_y = -4},
    {.bitmap_index = 2042, .adv_w = 219, .box_w = 14, .box_h = 17, .ofs_x = 0, .ofs_y = 0},
    {.bitmap_index = 2137, .adv_w = 235, .box_w = 12, .box_h = 17, .ofs_x = 2, .ofs_y = 0},
    {.bitmap_index = 2214, .adv_w = 227, .box_w = 13, .box_h = 17, .ofs_x = 1, .ofs_y = 0},
    {.bitmap_index = 2301, .adv_w = 246, .box_w = 13, .box_h = 17, .ofs_x = 2, .ofs_y = 0},
    {.bitmap_index = 2379, .adv_w = 211, .box_w = 10, .box_h = 17, .ofs_x = 2, .ofs_y = 0},
    {.bitmap_index = 2418, .adv_w = 199, .box_w = 10, .box_h = 17, .ofs_x = 2, .ofs_y = 0},
    {.bitmap_index = 2449, .adv_w = 247, .box_w = 13, .box_h = 17, .ofs_x = 1, .ofs_y = 0},
    {.bitmap_index = 2540, .adv_w = 261, .box_w = 13, .box_h = 17, .ofs_x = 2, .ofs_y = 0},
    {.bitmap_index = 2568, .adv_w = 109, .box_w = 3, .box_h = 17, .ofs_x = 2, .ofs_y = 0},
    {.bitmap_index = 2573, .adv_w = 193, .box_w = 11, .box_h = 17, .ofs_x = 0, .ofs_y = 0},
    {.bitmap_index = 2606, .adv_w = 234, .box_w = 13, .box_h = 17, .ofs_x = 2, .ofs_y = 0},
    {.bitmap_index = 2684, .adv_w = 196, .box_w = 10, .box_h = 17, .ofs_x = 2, .ofs_y = 0},
    {.bitmap_index = 2701, .adv_w = 292, .box_w = 15, .box_h = 17, .ofs_x = 2, .ofs_y = 0},
    {.bitmap_index = 2791, .adv_w = 258, .box_w = 13, .box_h = 17, .ofs_x = 2, .ofs_y = 0},
    {.bitmap_index = 2861, .adv_w = 265, .box_w = 15, .box_h = 17, .ofs_x = 1, .ofs_y = 0},
    {.bitmap_index = 2972, .adv_w = 228, .box_w = 12, .box_h = 17, .ofs_x = 2, .ofs_y = 0},
    {.bitmap_index = 3029, .adv_w = 265, .box_w = 15, .box_h = 21, .ofs_x = 1, .ofs_y = -4},
    {.bitmap_index = 3162, .adv_w = 231, .box_w = 12, .box_h = 17, .ofs_x = 2, .ofs_y = 0},
    {.bitmap_index = 3237, .adv_w = 214, .box_w = 13, .box_h = 17, .ofs_x = 0, .ofs_y = 0},
    {.bitmap_index = 3333, .adv_w = 215, .box_w = 13, .box_h = 17, .ofs_x = 0, .ofs_y = 0},
    {.bitmap_index = 3360, .adv_w = 258, .box_w = 13, .box_h = 17, .ofs_x = 2, .ofs_y = 0},
    {.bitmap_index = 3414, .adv_w = 209, .box_w = 15, .box_h = 17, .ofs_x = -1, .ofs_y = 0},
    {.bitmap_index = 3515, .adv_w = 315, .box_w = 20, .box_h = 17, .ofs_x = 0, .ofs_y = 0},
    {.bitmap_index = 3673, .adv_w = 210, .box_w = 13, .box_h = 17, .ofs_x = 0, .ofs_y = 0},
    {.bitmap_index = 3768, .adv_w = 195, .box_w = 14, .box_h = 17, .ofs_x = -1, .ofs_y = 0},
    {.bitmap_index = 3838, .adv_w = 214, .box_w = 12, .box_h = 17, .ofs_x = 1, .ofs_y = 0},
    {.bitmap_index = 3906, .adv_w = 125, .box_w = 5, .box_h = 23, .ofs_x = 2, .ofs_y = -5},
    {.bitmap_index = 3926, .adv_w = 137, .box_w = 9, .box_h = 23, .ofs_x = 0, .ofs_y = -5},
    {.bitmap_index = 3997, .adv_w = 125, .box_w = 6, .box_h = 23, .ofs_x = 0, .ofs_y = -5},
    {.bitmap_index = 4019, .adv_w = 201, .box_w = 11, .box_h = 10, .ofs_x = 1, .ofs_y = 7},
    {.bitmap_index = 4067, .adv_w = 198, .box_w = 13, .box_h = 2, .ofs_x = 0, .ofs_y = -3},
    {.bitmap_index = 4074, .adv_w = 216, .box_w = 7, .box_h = 7, .ofs_x = 2, .ofs_y = 14},
    {.bitmap_index = 4095, .adv_w = 202, .box_w = 10, .box_h = 13, .ofs_x = 1, .ofs_y = 0},
    {.bitmap_index = 4159, .adv_w = 221, .box_w = 12, .box_h = 18, .ofs_x = 1, .ofs_y = 0},
    {.bitmap_index = 4228, .adv_w = 182, .box_w = 10, .box_h = 13, .ofs_x = 1, .ofs_y = 0},
    {.bitmap_index = 4286, .adv_w = 222, .box_w = 11, .box_h = 18, .ofs_x = 1, .ofs_y = 0},
    {.bitmap_index = 4356, .adv_w = 199, .box_w = 11, .box_h = 13, .ofs_x = 1, .ofs_y = 0},
    {.bitmap_index = 4420, .adv_w = 122, .box_w = 9, .box_h = 18, .ofs_x = 0, .ofs_y = 0},
    {.bitmap_index = 4462, .adv_w = 203, .box_w = 12, .box_h = 18, .ofs_x = 1, .ofs_y = -5},
    {.bitmap_index = 4559, .adv_w = 219, .box_w = 11, .box_h = 18, .ofs_x = 1, .ofs_y = 0},
    {.bitmap_index = 4598, .adv_w = 101, .box_w = 4, .box_h = 18, .ofs_x = 1, .ofs_y = 0},
    {.bitmap_index = 4614, .adv_w = 102, .box_w = 7, .box_h = 23, .ofs_x = -2, .ofs_y = -5},
    {.bitmap_index = 4652, .adv_w = 202, .box_w = 12, .box_h = 18, .ofs_x = 1, .ofs_y = 0},
    {.bitmap_index = 4712, .adv_w = 105, .box_w = 5, .box_h = 18, .ofs_x = 1, .ofs_y = 0},
    {.bitmap_index = 4725, .adv_w = 332, .box_w = 18, .box_h = 13, .ofs_x = 1, .ofs_y = 0},
    {.bitmap_index = 4781, .adv_w = 220, .box_w = 11, .box_h = 13, .ofs_x = 1, .ofs_y = 0},
    {.bitmap_index = 4814, .adv_w = 216, .box_w = 12, .box_h = 13, .ofs_x = 1, .ofs_y = 0},
    {.bitmap_index = 4888, .adv_w = 222, .box_w = 12, .box_h = 18, .ofs_x = 1, .ofs_y = -5},
    {.bitmap_index = 4959, .adv_w = 222, .box_w = 11, .box_h = 18, .ofs_x = 1, .ofs_y = -5},
    {.bitmap_index = 5032, .adv_w = 144, .box_w = 9, .box_h = 13, .ofs_x = 1, .ofs_y = 0},
    {.bitmap_index = 5056, .adv_w = 169, .box_w = 10, .box_h = 13, .ofs_x = 0, .ofs_y = 0},
    {.bitmap_index = 5119, .adv_w = 139, .box_w = 9, .box_h = 17, .ofs_x = 0, .ofs_y = 0},
    {.bitmap_index = 5168, .adv_w = 218, .box_w = 11, .box_h = 13, .ofs_x = 1, .ofs_y = 0},
    {.bitmap_index = 5203, .adv_w = 192, .box_w = 12, .box_h = 13, .ofs_x = 0, .ofs_y = 0},
    {.bitmap_index = 5272, .adv_w = 292, .box_w = 18, .box_h = 13, .ofs_x = 0, .ofs_y = 0},
    {.bitmap_index = 5385, .adv_w = 185, .box_w = 12, .box_h = 13, .ofs_x = 0, .ofs_y = 0},
    {.bitmap_index = 5456, .adv_w = 191, .box_w = 12, .box_h = 18, .ofs_x = 0, .ofs_y = -5},
    {.bitmap_index = 5546, .adv_w = 173, .box_w = 11, .box_h = 13, .ofs_x = 0, .ofs_y = 0},
    {.bitmap_index = 5598, .adv_w = 125, .box_w = 7, .box_h = 23, .ofs_x = 0, .ofs_y = -5},
    {.bitmap_index = 5662, .adv_w = 99, .box_w = 2, .box_h = 26, .ofs_x = 2, .ofs_y = -6},
    {.bitmap_index = 5667, .adv_w = 125, .box_w = 7, .box_h = 23, .ofs_x = 0, .ofs_y = -5},
    {.bitmap_index = 5728, .adv_w = 201, .box_w = 12, .box_h = 4, .ofs_x = 0, .ofs_y = 7},
    {.bitmap_index = 5752, .adv_w = 136, .box_w = 8, .box_h = 9, .ofs_x = 0, .ofs_y = 10},
    {.bitmap_index = 5786, .adv_w = 352, .box_w = 16, .box_h = 16, .ofs_x = 3, .ofs_y = 1},
    {.bitmap_index = 5885, .adv_w = 317, .box_w = 18, .box_h = 2, .ofs_x = 1, .ofs_y = 6},
    {.bitmap_index = 5893, .adv_w = 352, .box_w = 5, .box_h = 7, .ofs_x = 17, .ofs_y = 13},
    {.bitmap_index = 5912, .adv_w = 352, .box_w = 5, .box_h = 8, .ofs_x = 0, .ofs_y = 12},
    {.bitmap_index = 5933, .adv_w = 352, .box_w = 9, .box_h = 7, .ofs_x = 13, .ofs_y = 13},
    {.bitmap_index = 5966, .adv_w = 352, .box_w = 9, .box_h = 8, .ofs_x = 0, .ofs_y = 12},
    {.bitmap_index = 6003, .adv_w = 352, .box_w = 7, .box_h = 8, .ofs_x = 1, .ofs_y = -2},
    {.bitmap_index = 6028, .adv_w = 352, .box_w = 8, .box_h = 8, .ofs_x = 0, .ofs_y = -2},
    {.bitmap_index = 6060, .adv_w = 352, .box_w = 22, .box_h = 3, .ofs_x = 0, .ofs_y = 7},
    {.bitmap_index = 6072, .adv_w = 352, .box_w = 21, .box_h = 21, .ofs_x = 0, .ofs_y = -3},
    {.bitmap_index = 6199, .adv_w = 352, .box_w = 20, .box_h = 18, .ofs_x = 1, .ofs_y = -1},
    {.bitmap_index = 6255, .adv_w = 352, .box_w = 21, .box_h = 20, .ofs_x = 0, .ofs_y = -1},
    {.bitmap_index = 6312, .adv_w = 352, .box_w = 21, .box_h = 20, .ofs_x = 1, .ofs_y = -2},
    {.bitmap_index = 6379, .adv_w = 352, .box_w = 22, .box_h = 20, .ofs_x = 0, .ofs_y = -2},
    {.bitmap_index = 6490, .adv_w = 352, .box_w = 19, .box_h = 22, .ofs_x = 1, .ofs_y = -3},
    {.bitmap_index = 6618, .adv_w = 352, .box_w = 20, .box_h = 21, .ofs_x = 1, .ofs_y = -2},
    {.bitmap_index = 6751, .adv_w = 352, .box_w = 21, .box_h = 19, .ofs_x = 1, .ofs_y = -1},
    {.bitmap_index = 6825, .adv_w = 352, .box_w = 20, .box_h = 20, .ofs_x = 1, .ofs_y = -2},
    {.bitmap_index = 6970, .adv_w = 352, .box_w = 22, .box_h = 21, .ofs_x = 0, .ofs_y = -2},
    {.bitmap_index = 7068, .adv_w = 352, .box_w = 18, .box_h = 21, .ofs_x = 2, .ofs_y = -2},
    {.bitmap_index = 7143, .adv_w = 352, .box_w = 20, .box_h = 21, .ofs_x = 1, .ofs_y = -2},
    {.bitmap_index = 7239, .adv_w = 352, .box_w = 18, .box_h = 21, .ofs_x = 2, .ofs_y = -2},
    {.bitmap_index = 7348, .adv_w = 352, .box_w = 20, .box_h = 22, .ofs_x = 1, .ofs_y = -3},
    {.bitmap_index = 7507, .adv_w = 352, .box_w = 20, .box_h = 21, .ofs_x = 1, .ofs_y = -2},
    {.bitmap_index = 7602, .adv_w = 352, .box_w = 22, .box_h = 21, .ofs_x = 0, .ofs_y = -2},
    {.bitmap_index = 7768, .adv_w = 352, .box_w = 22, .box_h = 21, .ofs_x = 0, .ofs_y = -2},
    {.bitmap_index = 7926, .adv_w = 352, .box_w = 20, .box_h = 21, .ofs_x = 1, .ofs_y = -2},
    {.bitmap_index = 8085, .adv_w = 352, .box_w = 22, .box_h = 21, .ofs_x = 0, .ofs_y = -2},
    {.bitmap_index = 8252, .adv_w = 352, .box_w = 21, .box_h = 21, .ofs_x = 0, .ofs_y = -2},
    {.bitmap_index = 8403, .adv_w = 352, .box_w = 22, .box_h = 22, .ofs_x = 0, .ofs_y = -3},
    {.bitmap_index = 8529, .adv_w = 352, .box_w = 22, .box_h = 21, .ofs_x = 0, .ofs_y = -2},
    {.bitmap_index = 8673, .adv_w = 352, .box_w = 19, .box_h = 21, .ofs_x = 1, .ofs_y = -3},
    {.bitmap_index = 8808, .adv_w = 352, .box_w = 21, .box_h = 21, .ofs_x = 1, .ofs_y = -2},
    {.bitmap_index = 8926, .adv_w = 352, .box_w = 21, .box_h = 22, .ofs_x = 1, .ofs_y = -3},
    {.bitmap_index = 9081, .adv_w = 352, .box_w = 20, .box_h = 16, .ofs_x = 1, .ofs_y = 0},
    {.bitmap_index = 9121, .adv_w = 352, .box_w = 20, .box_h = 21, .ofs_x = 1, .ofs_y = -3},
    {.bitmap_index = 9199, .adv_w = 352, .box_w = 20, .box_h = 19, .ofs_x = 1, .ofs_y = -2},
    {.bitmap_index = 9321, .adv_w = 352, .box_w = 20, .box_h = 18, .ofs_x = 1, .ofs_y = -1},
    {.bitmap_index = 9438, .adv_w = 352, .box_w = 22, .box_h = 21, .ofs_x = 0, .ofs_y = -2},
    {.bitmap_index = 9575, .adv_w = 352, .box_w = 21, .box_h = 22, .ofs_x = 0, .ofs_y = -3},
    {.bitmap_index = 9713, .adv_w = 352, .box_w = 20, .box_h = 22, .ofs_x = 1, .ofs_y = -3},
    {.bitmap_index = 9858, .adv_w = 352, .box_w = 22, .box_h = 21, .ofs_x = 0, .ofs_y = -2},
    {.bitmap_index = 9985, .adv_w = 352, .box_w = 21, .box_h = 22, .ofs_x = 0, .ofs_y = -3},
    {.bitmap_index = 10068, .adv_w = 352, .box_w = 22, .box_h = 22, .ofs_x = 0, .ofs_y = -3},
    {.bitmap_index = 10237, .adv_w = 352, .box_w = 22, .box_h = 21, .ofs_x = 0, .ofs_y = -2},
    {.bitmap_index = 10389, .adv_w = 352, .box_w = 22, .box_h = 21, .ofs_x = 0, .ofs_y = -2},
    {.bitmap_index = 10563, .adv_w = 352, .box_w = 22, .box_h = 21, .ofs_x = 0, .ofs_y = -2},
    {.bitmap_index = 10709, .adv_w = 352, .box_w = 22, .box_h = 22, .ofs_x = 0, .ofs_y = -3},
    {.bitmap_index = 10875, .adv_w = 352, .box_w = 22, .box_h = 22, .ofs_x = 0, .ofs_y = -3},
    {.bitmap_index = 11038, .adv_w = 352, .box_w = 21, .box_h = 20, .ofs_x = 1, .ofs_y = -2},
    {.bitmap_index = 11192, .adv_w = 352, .box_w = 21, .box_h = 21, .ofs_x = 0, .ofs_y = -2},
    {.bitmap_index = 11309, .adv_w = 352, .box_w = 22, .box_h = 22, .ofs_x = 0, .ofs_y = -3},
    {.bitmap_index = 11494, .adv_w = 352, .box_w = 21, .box_h = 21, .ofs_x = 0, .ofs_y = -2},
    {.bitmap_index = 11649, .adv_w = 352, .box_w = 22, .box_h = 21, .ofs_x = 0, .ofs_y = -2},
    {.bitmap_index = 11819, .adv_w = 352, .box_w = 21, .box_h = 22, .ofs_x = 0, .ofs_y = -3},
    {.bitmap_index = 11976, .adv_w = 352, .box_w = 21, .box_h = 22, .ofs_x = 0, .ofs_y = -3},
    {.bitmap_index = 12099, .adv_w = 352, .box_w = 22, .box_h = 22, .ofs_x = 0, .ofs_y = -2},
    {.bitmap_index = 12259, .adv_w = 352, .box_w = 22, .box_h = 21, .ofs_x = 0, .ofs_y = -2},
    {.bitmap_index = 12381, .adv_w = 352, .box_w = 22, .box_h = 21, .ofs_x = 0, .ofs_y = -2},
    {.bitmap_index = 12534, .adv_w = 352, .box_w = 22, .box_h = 21, .ofs_x = 0, .ofs_y = -2},
    {.bitmap_index = 12710, .adv_w = 352, .box_w = 22, .box_h = 21, .ofs_x = 0, .ofs_y = -2},
    {.bitmap_index = 12835, .adv_w = 352, .box_w = 22, .box_h = 21, .ofs_x = 0, .ofs_y = -2},
    {.bitmap_index = 13004, .adv_w = 352, .box_w = 22, .box_h = 21, .ofs_x = 0, .ofs_y = -2},
    {.bitmap_index = 13166, .adv_w = 352, .box_w = 21, .box_h = 22, .ofs_x = 0, .ofs_y = -3},
    {.bitmap_index = 13334, .adv_w = 352, .box_w = 22, .box_h = 22, .ofs_x = 0, .ofs_y = -3},
    {.bitmap_index = 13493, .adv_w = 352, .box_w = 22, .box_h = 22, .ofs_x = 0, .ofs_y = -3},
    {.bitmap_index = 13676, .adv_w = 352, .box_w = 21, .box_h = 22, .ofs_x = 0, .ofs_y = -3},
    {.bitmap_index = 13817, .adv_w = 352, .box_w = 22, .box_h = 22, .ofs_x = 0, .ofs_y = -3},
    {.bitmap_index = 13994, .adv_w = 352, .box_w = 22, .box_h = 21, .ofs_x = 0, .ofs_y = -2},
    {.bitmap_index = 14143, .adv_w = 352, .box_w = 22, .box_h = 22, .ofs_x = 0, .ofs_y = -3},
    {.bitmap_index = 14282, .adv_w = 352, .box_w = 21, .box_h = 21, .ofs_x = 0, .ofs_y = -2},
    {.bitmap_index = 14448, .adv_w = 352, .box_w = 22, .box_h = 21, .ofs_x = 0, .ofs_y = -2},
    {.bitmap_index = 14596, .adv_w = 352, .box_w = 21, .box_h = 21, .ofs_x = 0, .ofs_y = -2},
    {.bitmap_index = 14744, .adv_w = 352, .box_w = 22, .box_h = 21, .ofs_x = 0, .ofs_y = -2},
    {.bitmap_index = 14920, .adv_w = 352, .box_w = 21, .box_h = 22, .ofs_x = 0, .ofs_y = -3},
    {.bitmap_index = 15064, .adv_w = 352, .box_w = 22, .box_h = 22, .ofs_x = 0, .ofs_y = -3},
    {.bitmap_index = 15270, .adv_w = 352, .box_w = 22, .box_h = 22, .ofs_x = 0, .ofs_y = -3},
    {.bitmap_index = 15458, .adv_w = 352, .box_w = 22, .box_h = 22, .ofs_x = 0, .ofs_y = -3},
    {.bitmap_index = 15657, .adv_w = 352, .box_w = 21, .box_h = 22, .ofs_x = 1, .ofs_y = -3},
    {.bitmap_index = 15821, .adv_w = 352, .box_w = 22, .box_h = 22, .ofs_x = 0, .ofs_y = -3},
    {.bitmap_index = 15981, .adv_w = 352, .box_w = 22, .box_h = 22, .ofs_x = 0, .ofs_y = -3},
    {.bitmap_index = 16145, .adv_w = 352, .box_w = 22, .box_h = 22, .ofs_x = 0, .ofs_y = -3},
    {.bitmap_index = 16299, .adv_w = 352, .box_w = 21, .box_h = 22, .ofs_x = 0, .ofs_y = -3},
    {.bitmap_index = 16457, .adv_w = 352, .box_w = 22, .box_h = 21, .ofs_x = 0, .ofs_y = -2},
    {.bitmap_index = 16598, .adv_w = 352, .box_w = 22, .box_h = 22, .ofs_x = 0, .ofs_y = -2},
    {.bitmap_index = 16740, .adv_w = 352, .box_w = 21, .box_h = 21, .ofs_x = 1, .ofs_y = -2},
    {.bitmap_index = 16911, .adv_w = 352, .box_w = 21, .box_h = 21, .ofs_x = 0, .ofs_y = -2},
    {.bitmap_index = 17040, .adv_w = 352, .box_w = 21, .box_h = 21, .ofs_x = 1, .ofs_y = -2},
    {.bitmap_index = 17167, .adv_w = 352, .box_w = 22, .box_h = 22, .ofs_x = 0, .ofs_y = -3},
    {.bitmap_index = 17334, .adv_w = 352, .box_w = 22, .box_h = 21, .ofs_x = 0, .ofs_y = -2},
    {.bitmap_index = 17485, .adv_w = 352, .box_w = 21, .box_h = 20, .ofs_x = 0, .ofs_y = -2},
    {.bitmap_index = 17615, .adv_w = 352, .box_w = 22, .box_h = 22, .ofs_x = 0, .ofs_y = -3},
    {.bitmap_index = 17763, .adv_w = 352, .box_w = 19, .box_h = 21, .ofs_x = 2, .ofs_y = -2},
    {.bitmap_index = 17875, .adv_w = 352, .box_w = 21, .box_h = 21, .ofs_x = 1, .ofs_y = -3},
    {.bitmap_index = 18007, .adv_w = 352, .box_w = 20, .box_h = 21, .ofs_x = 1, .ofs_y = -3},
    {.bitmap_index = 18133, .adv_w = 352, .box_w = 22, .box_h = 21, .ofs_x = 0, .ofs_y = -3},
    {.bitmap_index = 18294, .adv_w = 352, .box_w = 22, .box_h = 21, .ofs_x = 0, .ofs_y = -2},
    {.bitmap_index = 18463, .adv_w = 352, .box_w = 22, .box_h = 22, .ofs_x = 0, .ofs_y = -3},
    {.bitmap_index = 18646, .adv_w = 352, .box_w = 22, .box_h = 21, .ofs_x = 0, .ofs_y = -2},
    {.bitmap_index = 18821, .adv_w = 352, .box_w = 22, .box_h = 22, .ofs_x = 0, .ofs_y = -3},
    {.bitmap_index = 19022, .adv_w = 352, .box_w = 22, .box_h = 21, .ofs_x = 0, .ofs_y = -3},
    {.bitmap_index = 19135, .adv_w = 352, .box_w = 18, .box_h = 21, .ofs_x = 2, .ofs_y = -2},
    {.bitmap_index = 19217, .adv_w = 352, .box_w = 20, .box_h = 21, .ofs_x = 1, .ofs_y = -2},
    {.bitmap_index = 19319, .adv_w = 352, .box_w = 21, .box_h = 22, .ofs_x = 1, .ofs_y = -3},
    {.bitmap_index = 19491, .adv_w = 352, .box_w = 21, .box_h = 21, .ofs_x = 0, .ofs_y = -3},
    {.bitmap_index = 19663, .adv_w = 352, .box_w = 21, .box_h = 21, .ofs_x = 0, .ofs_y = -2},
    {.bitmap_index = 19830, .adv_w = 352, .box_w = 21, .box_h = 22, .ofs_x = 0, .ofs_y = -3},
    {.bitmap_index = 19984, .adv_w = 352, .box_w = 21, .box_h = 22, .ofs_x = 0, .ofs_y = -3},
    {.bitmap_index = 20099, .adv_w = 352, .box_w = 21, .box_h = 22, .ofs_x = 0, .ofs_y = -3},
    {.bitmap_index = 20253, .adv_w = 352, .box_w = 20, .box_h = 21, .ofs_x = 1, .ofs_y = -2},
    {.bitmap_index = 20400, .adv_w = 352, .box_w = 21, .box_h = 22, .ofs_x = 0, .ofs_y = -3},
    {.bitmap_index = 20556, .adv_w = 352, .box_w = 21, .box_h = 21, .ofs_x = 0, .ofs_y = -2},
    {.bitmap_index = 20701, .adv_w = 352, .box_w = 20, .box_h = 22, .ofs_x = 1, .ofs_y = -3},
    {.bitmap_index = 20867, .adv_w = 352, .box_w = 20, .box_h = 21, .ofs_x = 1, .ofs_y = -2},
    {.bitmap_index = 21001, .adv_w = 352, .box_w = 20, .box_h = 21, .ofs_x = 1, .ofs_y = -2},
    {.bitmap_index = 21168, .adv_w = 352, .box_w = 20, .box_h = 21, .ofs_x = 1, .ofs_y = -2},
    {.bitmap_index = 21295, .adv_w = 352, .box_w = 20, .box_h = 22, .ofs_x = 1, .ofs_y = -3},
    {.bitmap_index = 21427, .adv_w = 352, .box_w = 21, .box_h = 22, .ofs_x = 0, .ofs_y = -3},
    {.bitmap_index = 21600, .adv_w = 352, .box_w = 21, .box_h = 22, .ofs_x = 0, .ofs_y = -3},
    {.bitmap_index = 21747, .adv_w = 352, .box_w = 22, .box_h = 22, .ofs_x = 0, .ofs_y = -3},
    {.bitmap_index = 21936, .adv_w = 352, .box_w = 20, .box_h = 22, .ofs_x = 1, .ofs_y = -3},
    {.bitmap_index = 22112, .adv_w = 352, .box_w = 21, .box_h = 22, .ofs_x = 0, .ofs_y = -3},
    {.bitmap_index = 22283, .adv_w = 352, .box_w = 22, .box_h = 22, .ofs_x = 0, .ofs_y = -3},
    {.bitmap_index = 22489, .adv_w = 352, .box_w = 21, .box_h = 22, .ofs_x = 0, .ofs_y = -3},
    {.bitmap_index = 22664, .adv_w = 352, .box_w = 21, .box_h = 22, .ofs_x = 0, .ofs_y = -3},
    {.bitmap_index = 22826, .adv_w = 352, .box_w = 22, .box_h = 21, .ofs_x = 0, .ofs_y = -2},
    {.bitmap_index = 22972, .adv_w = 352, .box_w = 22, .box_h = 21, .ofs_x = 0, .ofs_y = -2},
    {.bitmap_index = 23120, .adv_w = 352, .box_w = 22, .box_h = 21, .ofs_x = 0, .ofs_y = -2},
    {.bitmap_index = 23241, .adv_w = 352, .box_w = 20, .box_h = 19, .ofs_x = 1, .ofs_y = -1},
    {.bitmap_index = 23353, .adv_w = 352, .box_w = 20, .box_h = 20, .ofs_x = 2, .ofs_y = -2},
    {.bitmap_index = 23476, .adv_w = 352, .box_w = 21, .box_h = 21, .ofs_x = 1, .ofs_y = -2},
    {.bitmap_index = 23525, .adv_w = 352, .box_w = 20, .box_h = 21, .ofs_x = 1, .ofs_y = -2},
    {.bitmap_index = 23640, .adv_w = 352, .box_w = 22, .box_h = 22, .ofs_x = 0, .ofs_y = -3},
    {.bitmap_index = 23815, .adv_w = 352, .box_w = 20, .box_h = 21, .ofs_x = 1, .ofs_y = -2},
    {.bitmap_index = 23936, .adv_w = 352, .box_w = 18, .box_h = 22, .ofs_x = 3, .ofs_y = -3},
    {.bitmap_index = 24012, .adv_w = 352, .box_w = 21, .box_h = 21, .ofs_x = 0, .ofs_y = -2},
    {.bitmap_index = 24112, .adv_w = 352, .box_w = 20, .box_h = 20, .ofs_x = 1, .ofs_y = -2},
    {.bitmap_index = 24242, .adv_w = 352, .box_w = 21, .box_h = 21, .ofs_x = 0, .ofs_y = -2},
    {.bitmap_index = 24389, .adv_w = 352, .box_w = 22, .box_h = 21, .ofs_x = 0, .ofs_y = -3},
    {.bitmap_index = 24553, .adv_w = 352, .box_w = 21, .box_h = 20, .ofs_x = 0, .ofs_y = -2},
    {.bitmap_index = 24673, .adv_w = 352, .box_w = 21, .box_h = 21, .ofs_x = 0, .ofs_y = -3},
    {.bitmap_index = 24838, .adv_w = 352, .box_w = 21, .box_h = 21, .ofs_x = 1, .ofs_y = -2},
    {.bitmap_index = 24974, .adv_w = 352, .box_w = 22, .box_h = 21, .ofs_x = 0, .ofs_y = -2},
    {.bitmap_index = 25169, .adv_w = 352, .box_w = 22, .box_h = 20, .ofs_x = 0, .ofs_y = -2},
    {.bitmap_index = 25345, .adv_w = 352, .box_w = 22, .box_h = 20, .ofs_x = 0, .ofs_y = -2},
    {.bitmap_index = 25528, .adv_w = 352, .box_w = 22, .box_h = 21, .ofs_x = 0, .ofs_y = -2},
    {.bitmap_index = 25714, .adv_w = 352, .box_w = 22, .box_h = 21, .ofs_x = 0, .ofs_y = -3},
    {.bitmap_index = 25899, .adv_w = 352, .box_w = 21, .box_h = 21, .ofs_x = 0, .ofs_y = -2},
    {.bitmap_index = 26069, .adv_w = 352, .box_w = 20, .box_h = 21, .ofs_x = 1, .ofs_y = -2},
    {.bitmap_index = 26229, .adv_w = 352, .box_w = 18, .box_h = 20, .ofs_x = 2, .ofs_y = -3},
    {.bitmap_index = 26283, .adv_w = 352, .box_w = 19, .box_h = 21, .ofs_x = 1, .ofs_y = -3},
    {.bitmap_index = 26410, .adv_w = 352, .box_w = 21, .box_h = 19, .ofs_x = 0, .ofs_y = -2},
    {.bitmap_index = 26507, .adv_w = 352, .box_w = 21, .box_h = 21, .ofs_x = 1, .ofs_y = -3},
    {.bitmap_index = 26671, .adv_w = 352, .box_w = 20, .box_h = 21, .ofs_x = 1, .ofs_y = -3},
    {.bitmap_index = 26755, .adv_w = 352, .box_w = 21, .box_h = 22, .ofs_x = 1, .ofs_y = -3},
    {.bitmap_index = 26892, .adv_w = 352, .box_w = 21, .box_h = 22, .ofs_x = 0, .ofs_y = -3},
    {.bitmap_index = 27019, .adv_w = 352, .box_w = 20, .box_h = 21, .ofs_x = 1, .ofs_y = -3},
    {.bitmap_index = 27135, .adv_w = 352, .box_w = 21, .box_h = 21, .ofs_x = 1, .ofs_y = -2},
    {.bitmap_index = 27284, .adv_w = 352, .box_w = 22, .box_h = 22, .ofs_x = 0, .ofs_y = -3},
    {.bitmap_index = 27437, .adv_w = 352, .box_w = 22, .box_h = 22, .ofs_x = 0, .ofs_y = -3},
    {.bitmap_index = 27565, .adv_w = 352, .box_w = 20, .box_h = 20, .ofs_x = 1, .ofs_y = -2},
    {.bitmap_index = 27667, .adv_w = 352, .box_w = 19, .box_h = 21, .ofs_x = 1, .ofs_y = -2},
    {.bitmap_index = 27795, .adv_w = 352, .box_w = 21, .box_h = 22, .ofs_x = 0, .ofs_y = -3},
    {.bitmap_index = 27934, .adv_w = 352, .box_w = 19, .box_h = 22, .ofs_x = 2, .ofs_y = -3},
    {.bitmap_index = 28040, .adv_w = 352, .box_w = 20, .box_h = 21, .ofs_x = 1, .ofs_y = -3},
    {.bitmap_index = 28185, .adv_w = 352, .box_w = 22, .box_h = 21, .ofs_x = 0, .ofs_y = -3},
    {.bitmap_index = 28313, .adv_w = 352, .box_w = 22, .box_h = 22, .ofs_x = 0, .ofs_y = -3},
    {.bitmap_index = 28459, .adv_w = 352, .box_w = 21, .box_h = 22, .ofs_x = 1, .ofs_y = -3},
    {.bitmap_index = 28592, .adv_w = 352, .box_w = 20, .box_h = 22, .ofs_x = 0, .ofs_y = -3},
    {.bitmap_index = 28723, .adv_w = 352, .box_w = 21, .box_h = 20, .ofs_x = 1, .ofs_y = -2},
    {.bitmap_index = 28894, .adv_w = 352, .box_w = 20, .box_h = 21, .ofs_x = 0, .ofs_y = -3},
    {.bitmap_index = 29038, .adv_w = 352, .box_w = 20, .box_h = 21, .ofs_x = 1, .ofs_y = -2},
    {.bitmap_index = 29177, .adv_w = 352, .box_w = 22, .box_h = 21, .ofs_x = 0, .ofs_y = -2},
    {.bitmap_index = 29318, .adv_w = 352, .box_w = 20, .box_h = 21, .ofs_x = 0, .ofs_y = -2},
    {.bitmap_index = 29456, .adv_w = 352, .box_w = 20, .box_h = 21, .ofs_x = 1, .ofs_y = -2},
    {.bitmap_index = 29567, .adv_w = 352, .box_w = 21, .box_h = 21, .ofs_x = 1, .ofs_y = -2},
    {.bitmap_index = 29724, .adv_w = 352, .box_w = 20, .box_h = 21, .ofs_x = 1, .ofs_y = -2},
    {.bitmap_index = 29870, .adv_w = 352, .box_w = 20, .box_h = 21, .ofs_x = 1, .ofs_y = -2},
    {.bitmap_index = 30013, .adv_w = 352, .box_w = 22, .box_h = 21, .ofs_x = 0, .ofs_y = -3},
    {.bitmap_index = 30185, .adv_w = 352, .box_w = 21, .box_h = 20, .ofs_x = 1, .ofs_y = -2},
    {.bitmap_index = 30338, .adv_w = 352, .box_w = 22, .box_h = 21, .ofs_x = 0, .ofs_y = -2},
    {.bitmap_index = 30527, .adv_w = 352, .box_w = 20, .box_h = 19, .ofs_x = 1, .ofs_y = -2},
    {.bitmap_index = 30642, .adv_w = 352, .box_w = 20, .box_h = 20, .ofs_x = 1, .ofs_y = -2},
    {.bitmap_index = 30717, .adv_w = 352, .box_w = 20, .box_h = 20, .ofs_x = 1, .ofs_y = -2},
    {.bitmap_index = 30837, .adv_w = 352, .box_w = 20, .box_h = 20, .ofs_x = 1, .ofs_y = -2},
    {.bitmap_index = 30961, .adv_w = 352, .box_w = 20, .box_h = 20, .ofs_x = 1, .ofs_y = -2},
    {.bitmap_index = 31059, .adv_w = 352, .box_w = 20, .box_h = 20, .ofs_x = 1, .ofs_y = -2},
    {.bitmap_index = 31167, .adv_w = 352, .box_w = 20, .box_h = 20, .ofs_x = 1, .ofs_y = -2},
    {.bitmap_index = 31305, .adv_w = 352, .box_w = 20, .box_h = 20, .ofs_x = 1, .ofs_y = -2},
    {.bitmap_index = 31423, .adv_w = 352, .box_w = 21, .box_h = 21, .ofs_x = 0, .ofs_y = -2},
    {.bitmap_index = 31542, .adv_w = 352, .box_w = 22, .box_h = 21, .ofs_x = 0, .ofs_y = -2},
    {.bitmap_index = 31702, .adv_w = 352, .box_w = 22, .box_h = 21, .ofs_x = 0, .ofs_y = -2},
    {.bitmap_index = 31811, .adv_w = 352, .box_w = 21, .box_h = 22, .ofs_x = 0, .ofs_y = -3},
    {.bitmap_index = 31987, .adv_w = 352, .box_w = 21, .box_h = 21, .ofs_x = 0, .ofs_y = -2},
    {.bitmap_index = 32129, .adv_w = 352, .box_w = 22, .box_h = 22, .ofs_x = 0, .ofs_y = -3},
    {.bitmap_index = 32300, .adv_w = 352, .box_w = 20, .box_h = 21, .ofs_x = 1, .ofs_y = -2},
    {.bitmap_index = 32466, .adv_w = 352, .box_w = 20, .box_h = 20, .ofs_x = 1, .ofs_y = -1},
    {.bitmap_index = 32605, .adv_w = 352, .box_w = 22, .box_h = 22, .ofs_x = 0, .ofs_y = -3},
    {.bitmap_index = 32805, .adv_w = 352, .box_w = 21, .box_h = 21, .ofs_x = 0, .ofs_y = -2},
    {.bitmap_index = 32969, .adv_w = 352, .box_w = 22, .box_h = 21, .ofs_x = 0, .ofs_y = -2},
    {.bitmap_index = 33148, .adv_w = 352, .box_w = 22, .box_h = 21, .ofs_x = 0, .ofs_y = -2},
    {.bitmap_index = 33316, .adv_w = 352, .box_w = 21, .box_h = 22, .ofs_x = 0, .ofs_y = -3},
    {.bitmap_index = 33490, .adv_w = 352, .box_w = 20, .box_h = 21, .ofs_x = 0, .ofs_y = -2},
    {.bitmap_index = 33647, .adv_w = 352, .box_w = 22, .box_h = 21, .ofs_x = 0, .ofs_y = -2},
    {.bitmap_index = 33819, .adv_w = 352, .box_w = 21, .box_h = 22, .ofs_x = 0, .ofs_y = -3},
    {.bitmap_index = 33953, .adv_w = 352, .box_w = 22, .box_h = 22, .ofs_x = 0, .ofs_y = -3},
    {.bitmap_index = 34132, .adv_w = 352, .box_w = 22, .box_h = 22, .ofs_x = 0, .ofs_y = -3},
    {.bitmap_index = 34305, .adv_w = 352, .box_w = 22, .box_h = 21, .ofs_x = 0, .ofs_y = -2},
    {.bitmap_index = 34462, .adv_w = 352, .box_w = 22, .box_h = 21, .ofs_x = 0, .ofs_y = -2},
    {.bitmap_index = 34619, .adv_w = 352, .box_w = 20, .box_h = 21, .ofs_x = 1, .ofs_y = -2},
    {.bitmap_index = 34791, .adv_w = 352, .box_w = 22, .box_h = 22, .ofs_x = 0, .ofs_y = -3},
    {.bitmap_index = 34994, .adv_w = 352, .box_w = 21, .box_h = 22, .ofs_x = 1, .ofs_y = -3},
    {.bitmap_index = 35133, .adv_w = 352, .box_w = 21, .box_h = 19, .ofs_x = 1, .ofs_y = -2},
    {.bitmap_index = 35254, .adv_w = 352, .box_w = 22, .box_h = 21, .ofs_x = 0, .ofs_y = -2},
    {.bitmap_index = 35401, .adv_w = 352, .box_w = 22, .box_h = 22, .ofs_x = 0, .ofs_y = -3},
    {.bitmap_index = 35552, .adv_w = 352, .box_w = 20, .box_h = 21, .ofs_x = 1, .ofs_y = -2},
    {.bitmap_index = 35702, .adv_w = 352, .box_w = 21, .box_h = 21, .ofs_x = 0, .ofs_y = -2},
    {.bitmap_index = 35857, .adv_w = 352, .box_w = 22, .box_h = 21, .ofs_x = 0, .ofs_y = -2},
    {.bitmap_index = 36023, .adv_w = 352, .box_w = 21, .box_h = 22, .ofs_x = 0, .ofs_y = -3},
    {.bitmap_index = 36200, .adv_w = 352, .box_w = 21, .box_h = 22, .ofs_x = 0, .ofs_y = -3},
    {.bitmap_index = 36369, .adv_w = 352, .box_w = 22, .box_h = 22, .ofs_x = 0, .ofs_y = -3},
    {.bitmap_index = 36560, .adv_w = 352, .box_w = 21, .box_h = 21, .ofs_x = 1, .ofs_y = -3},
    {.bitmap_index = 36658, .adv_w = 352, .box_w = 20, .box_h = 22, .ofs_x = 1, .ofs_y = -3},
    {.bitmap_index = 36777, .adv_w = 352, .box_w = 22, .box_h = 22, .ofs_x = 0, .ofs_y = -3},
    {.bitmap_index = 36918, .adv_w = 352, .box_w = 21, .box_h = 22, .ofs_x = 1, .ofs_y = -3},
    {.bitmap_index = 37061, .adv_w = 352, .box_w = 22, .box_h = 22, .ofs_x = 0, .ofs_y = -3},
    {.bitmap_index = 37202, .adv_w = 352, .box_w = 20, .box_h = 21, .ofs_x = 1, .ofs_y = -2},
    {.bitmap_index = 37307, .adv_w = 352, .box_w = 22, .box_h = 22, .ofs_x = 0, .ofs_y = -3},
    {.bitmap_index = 37454, .adv_w = 352, .box_w = 20, .box_h = 21, .ofs_x = 1, .ofs_y = -2},
    {.bitmap_index = 37607, .adv_w = 352, .box_w = 20, .box_h = 22, .ofs_x = 1, .ofs_y = -3},
    {.bitmap_index = 37720, .adv_w = 352, .box_w = 21, .box_h = 22, .ofs_x = 1, .ofs_y = -3},
    {.bitmap_index = 37903, .adv_w = 352, .box_w = 22, .box_h = 22, .ofs_x = 0, .ofs_y = -3},
    {.bitmap_index = 38073, .adv_w = 352, .box_w = 21, .box_h = 22, .ofs_x = 1, .ofs_y = -3},
    {.bitmap_index = 38244, .adv_w = 352, .box_w = 20, .box_h = 22, .ofs_x = 1, .ofs_y = -3},
    {.bitmap_index = 38397, .adv_w = 352, .box_w = 20, .box_h = 22, .ofs_x = 1, .ofs_y = -3},
    {.bitmap_index = 38533, .adv_w = 352, .box_w = 21, .box_h = 22, .ofs_x = 1, .ofs_y = -3},
    {.bitmap_index = 38635, .adv_w = 352, .box_w = 22, .box_h = 21, .ofs_x = 0, .ofs_y = -2},
    {.bitmap_index = 38796, .adv_w = 352, .box_w = 20, .box_h = 21, .ofs_x = 1, .ofs_y = -3},
    {.bitmap_index = 38930, .adv_w = 352, .box_w = 22, .box_h = 21, .ofs_x = 0, .ofs_y = -2},
    {.bitmap_index = 39097, .adv_w = 352, .box_w = 22, .box_h = 22, .ofs_x = 0, .ofs_y = -3},
    {.bitmap_index = 39266, .adv_w = 352, .box_w = 22, .box_h = 22, .ofs_x = 0, .ofs_y = -3},
    {.bitmap_index = 39443, .adv_w = 352, .box_w = 22, .box_h = 22, .ofs_x = 0, .ofs_y = -3},
    {.bitmap_index = 39567, .adv_w = 352, .box_w = 22, .box_h = 21, .ofs_x = 0, .ofs_y = -2},
    {.bitmap_index = 39710, .adv_w = 352, .box_w = 22, .box_h = 22, .ofs_x = 0, .ofs_y = -3},
    {.bitmap_index = 39900, .adv_w = 352, .box_w = 22, .box_h = 20, .ofs_x = 0, .ofs_y = -2},
    {.bitmap_index = 40017, .adv_w = 352, .box_w = 21, .box_h = 20, .ofs_x = 0, .ofs_y = -2},
    {.bitmap_index = 40163, .adv_w = 352, .box_w = 21, .box_h = 21, .ofs_x = 0, .ofs_y = -3},
    {.bitmap_index = 40320, .adv_w = 352, .box_w = 21, .box_h = 21, .ofs_x = 0, .ofs_y = -3},
    {.bitmap_index = 40462, .adv_w = 352, .box_w = 21, .box_h = 21, .ofs_x = 0, .ofs_y = -3},
    {.bitmap_index = 40625, .adv_w = 352, .box_w = 22, .box_h = 20, .ofs_x = 0, .ofs_y = -2},
    {.bitmap_index = 40804, .adv_w = 352, .box_w = 20, .box_h = 20, .ofs_x = 0, .ofs_y = -2},
    {.bitmap_index = 40962, .adv_w = 352, .box_w = 18, .box_h = 21, .ofs_x = 2, .ofs_y = -2},
    {.bitmap_index = 41013, .adv_w = 352, .box_w = 21, .box_h = 21, .ofs_x = 1, .ofs_y = -2},
    {.bitmap_index = 41180, .adv_w = 352, .box_w = 21, .box_h = 22, .ofs_x = 0, .ofs_y = -3},
    {.bitmap_index = 41368, .adv_w = 352, .box_w = 20, .box_h = 18, .ofs_x = 1, .ofs_y = -1},
    {.bitmap_index = 41413, .adv_w = 352, .box_w = 21, .box_h = 21, .ofs_x = 0, .ofs_y = -2},
    {.bitmap_index = 41537, .adv_w = 352, .box_w = 21, .box_h = 20, .ofs_x = 1, .ofs_y = -2},
    {.bitmap_index = 41629, .adv_w = 352, .box_w = 20, .box_h = 20, .ofs_x = 2, .ofs_y = -2},
    {.bitmap_index = 41719, .adv_w = 352, .box_w = 21, .box_h = 21, .ofs_x = 1, .ofs_y = -2},
    {.bitmap_index = 41823, .adv_w = 352, .box_w = 21, .box_h = 21, .ofs_x = 0, .ofs_y = -2},
    {.bitmap_index = 41955, .adv_w = 352, .box_w = 21, .box_h = 21, .ofs_x = 1, .ofs_y = -2},
    {.bitmap_index = 42104, .adv_w = 352, .box_w = 21, .box_h = 22, .ofs_x = 1, .ofs_y = -3},
    {.bitmap_index = 42247, .adv_w = 352, .box_w = 20, .box_h = 21, .ofs_x = 1, .ofs_y = -2},
    {.bitmap_index = 42416, .adv_w = 352, .box_w = 20, .box_h = 21, .ofs_x = 1, .ofs_y = -2},
    {.bitmap_index = 42559, .adv_w = 352, .box_w = 21, .box_h = 21, .ofs_x = 1, .ofs_y = -2},
    {.bitmap_index = 42700, .adv_w = 352, .box_w = 22, .box_h = 21, .ofs_x = 0, .ofs_y = -2},
    {.bitmap_index = 42872, .adv_w = 352, .box_w = 20, .box_h = 20, .ofs_x = 1, .ofs_y = -2},
    {.bitmap_index = 42965, .adv_w = 352, .box_w = 21, .box_h = 21, .ofs_x = 1, .ofs_y = -2},
    {.bitmap_index = 43064, .adv_w = 352, .box_w = 20, .box_h = 22, .ofs_x = 1, .ofs_y = -3},
    {.bitmap_index = 43202, .adv_w = 352, .box_w = 22, .box_h = 22, .ofs_x = 0, .ofs_y = -3},
    {.bitmap_index = 43361, .adv_w = 352, .box_w = 22, .box_h = 22, .ofs_x = 0, .ofs_y = -3},
    {.bitmap_index = 43516, .adv_w = 352, .box_w = 22, .box_h = 22, .ofs_x = 0, .ofs_y = -3},
    {.bitmap_index = 43681, .adv_w = 352, .box_w = 22, .box_h = 22, .ofs_x = 0, .ofs_y = -3},
    {.bitmap_index = 43863, .adv_w = 352, .box_w = 22, .box_h = 22, .ofs_x = 0, .ofs_y = -3},
    {.bitmap_index = 43995, .adv_w = 352, .box_w = 22, .box_h = 21, .ofs_x = 0, .ofs_y = -2},
    {.bitmap_index = 44169, .adv_w = 352, .box_w = 22, .box_h = 22, .ofs_x = 0, .ofs_y = -3},
    {.bitmap_index = 44362, .adv_w = 352, .box_w = 21, .box_h = 22, .ofs_x = 0, .ofs_y = -3},
    {.bitmap_index = 44559, .adv_w = 352, .box_w = 21, .box_h = 21, .ofs_x = 0, .ofs_y = -3},
    {.bitmap_index = 44674, .adv_w = 352, .box_w = 21, .box_h = 21, .ofs_x = 1, .ofs_y = -2},
    {.bitmap_index = 44830, .adv_w = 352, .box_w = 19, .box_h = 22, .ofs_x = 1, .ofs_y = -3},
    {.bitmap_index = 44943, .adv_w = 352, .box_w = 21, .box_h = 22, .ofs_x = 1, .ofs_y = -3},
    {.bitmap_index = 45122, .adv_w = 352, .box_w = 22, .box_h = 21, .ofs_x = 0, .ofs_y = -3},
    {.bitmap_index = 45305, .adv_w = 352, .box_w = 18, .box_h = 21, .ofs_x = 2, .ofs_y = -2},
    {.bitmap_index = 45412, .adv_w = 352, .box_w = 21, .box_h = 21, .ofs_x = 1, .ofs_y = -3},
    {.bitmap_index = 45576, .adv_w = 352, .box_w = 22, .box_h = 22, .ofs_x = 0, .ofs_y = -3},
    {.bitmap_index = 45759, .adv_w = 352, .box_w = 22, .box_h = 22, .ofs_x = 0, .ofs_y = -3},
    {.bitmap_index = 45972, .adv_w = 352, .box_w = 21, .box_h = 22, .ofs_x = 1, .ofs_y = -3},
    {.bitmap_index = 46157, .adv_w = 352, .box_w = 22, .box_h = 21, .ofs_x = 0, .ofs_y = -2},
    {.bitmap_index = 46305, .adv_w = 352, .box_w = 22, .box_h = 22, .ofs_x = 0, .ofs_y = -3},
    {.bitmap_index = 46472, .adv_w = 352, .box_w = 22, .box_h = 22, .ofs_x = 0, .ofs_y = -3},
    {.bitmap_index = 46643, .adv_w = 352, .box_w = 22, .box_h = 22, .ofs_x = 0, .ofs_y = -3},
    {.bitmap_index = 46808, .adv_w = 352, .box_w = 21, .box_h = 22, .ofs_x = 0, .ofs_y = -3},
    {.bitmap_index = 46989, .adv_w = 352, .box_w = 22, .box_h = 22, .ofs_x = 0, .ofs_y = -3},
    {.bitmap_index = 47192, .adv_w = 352, .box_w = 22, .box_h = 21, .ofs_x = 0, .ofs_y = -2},
    {.bitmap_index = 47372, .adv_w = 352, .box_w = 21, .box_h = 20, .ofs_x = 1, .ofs_y = -2},
    {.bitmap_index = 47512, .adv_w = 352, .box_w = 22, .box_h = 21, .ofs_x = 0, .ofs_y = -2},
    {.bitmap_index = 47687, .adv_w = 352, .box_w = 22, .box_h = 22, .ofs_x = 0, .ofs_y = -3},
    {.bitmap_index = 47854, .adv_w = 352, .box_w = 22, .box_h = 21, .ofs_x = 0, .ofs_y = -2},
    {.bitmap_index = 48038, .adv_w = 352, .box_w = 21, .box_h = 21, .ofs_x = 1, .ofs_y = -2},
    {.bitmap_index = 48194, .adv_w = 352, .box_w = 22, .box_h = 20, .ofs_x = 0, .ofs_y = -2},
    {.bitmap_index = 48349, .adv_w = 352, .box_w = 22, .box_h = 21, .ofs_x = 0, .ofs_y = -2},
    {.bitmap_index = 48483, .adv_w = 352, .box_w = 22, .box_h = 21, .ofs_x = 0, .ofs_y = -2},
    {.bitmap_index = 48635, .adv_w = 352, .box_w = 22, .box_h = 21, .ofs_x = 0, .ofs_y = -2},
    {.bitmap_index = 48788, .adv_w = 352, .box_w = 21, .box_h = 20, .ofs_x = 0, .ofs_y = -2},
    {.bitmap_index = 48950, .adv_w = 352, .box_w = 22, .box_h = 21, .ofs_x = 0, .ofs_y = -2},
    {.bitmap_index = 49096, .adv_w = 352, .box_w = 21, .box_h = 21, .ofs_x = 0, .ofs_y = -2},
    {.bitmap_index = 49264, .adv_w = 352, .box_w = 22, .box_h = 22, .ofs_x = 0, .ofs_y = -3},
    {.bitmap_index = 49441, .adv_w = 352, .box_w = 22, .box_h = 21, .ofs_x = 0, .ofs_y = -2},
    {.bitmap_index = 49625, .adv_w = 352, .box_w = 20, .box_h = 21, .ofs_x = 1, .ofs_y = -2},
    {.bitmap_index = 49774, .adv_w = 352, .box_w = 21, .box_h = 21, .ofs_x = 1, .ofs_y = -2},
    {.bitmap_index = 49968, .adv_w = 352, .box_w = 22, .box_h = 22, .ofs_x = 0, .ofs_y = -3},
    {.bitmap_index = 50160, .adv_w = 352, .box_w = 22, .box_h = 22, .ofs_x = 0, .ofs_y = -3},
    {.bitmap_index = 50364, .adv_w = 352, .box_w = 21, .box_h = 22, .ofs_x = 1, .ofs_y = -3},
    {.bitmap_index = 50546, .adv_w = 352, .box_w = 22, .box_h = 22, .ofs_x = 0, .ofs_y = -3},
    {.bitmap_index = 50771, .adv_w = 352, .box_w = 19, .box_h = 22, .ofs_x = 0, .ofs_y = -3},
    {.bitmap_index = 50881, .adv_w = 352, .box_w = 22, .box_h = 22, .ofs_x = 0, .ofs_y = -3},
    {.bitmap_index = 51043, .adv_w = 352, .box_w = 21, .box_h = 22, .ofs_x = 1, .ofs_y = -3},
    {.bitmap_index = 51165, .adv_w = 352, .box_w = 22, .box_h = 22, .ofs_x = 0, .ofs_y = -3},
    {.bitmap_index = 51284, .adv_w = 352, .box_w = 22, .box_h = 21, .ofs_x = 0, .ofs_y = -2},
    {.bitmap_index = 51397, .adv_w = 352, .box_w = 21, .box_h = 21, .ofs_x = 0, .ofs_y = -2},
    {.bitmap_index = 51586, .adv_w = 352, .box_w = 22, .box_h = 21, .ofs_x = 0, .ofs_y = -2},
    {.bitmap_index = 51741, .adv_w = 352, .box_w = 22, .box_h = 21, .ofs_x = 0, .ofs_y = -2},
    {.bitmap_index = 51878, .adv_w = 352, .box_w = 22, .box_h = 22, .ofs_x = 0, .ofs_y = -3},
    {.bitmap_index = 52053, .adv_w = 352, .box_w = 22, .box_h = 22, .ofs_x = 0, .ofs_y = -3},
    {.bitmap_index = 52220, .adv_w = 352, .box_w = 22, .box_h = 22, .ofs_x = 0, .ofs_y = -3},
    {.bitmap_index = 52402, .adv_w = 352, .box_w = 21, .box_h = 21, .ofs_x = 1, .ofs_y = -2},
    {.bitmap_index = 52563, .adv_w = 352, .box_w = 21, .box_h = 21, .ofs_x = 0, .ofs_y = -2},
    {.bitmap_index = 52728, .adv_w = 352, .box_w = 22, .box_h = 21, .ofs_x = 0, .ofs_y = -2},
    {.bitmap_index = 52907, .adv_w = 352, .box_w = 22, .box_h = 22, .ofs_x = 0, .ofs_y = -3},
    {.bitmap_index = 53089, .adv_w = 352, .box_w = 22, .box_h = 22, .ofs_x = 0, .ofs_y = -3},
    {.bitmap_index = 53287, .adv_w = 352, .box_w = 22, .box_h = 22, .ofs_x = 0, .ofs_y = -3},
    {.bitmap_index = 53441, .adv_w = 352, .box_w = 22, .box_h = 22, .ofs_x = 0, .ofs_y = -3},
    {.bitmap_index = 53610, .adv_w = 352, .box_w = 22, .box_h = 21, .ofs_x = 0, .ofs_y = -2},
    {.bitmap_index = 53748, .adv_w = 352, .box_w = 22, .box_h = 22, .ofs_x = 0, .ofs_y = -3},
    {.bitmap_index = 53917, .adv_w = 352, .box_w = 22, .box_h = 22, .ofs_x = 0, .ofs_y = -3},
    {.bitmap_index = 54109, .adv_w = 352, .box_w = 22, .box_h = 22, .ofs_x = 0, .ofs_y = -3},
    {.bitmap_index = 54299, .adv_w = 352, .box_w = 21, .box_h = 22, .ofs_x = 0, .ofs_y = -3},
    {.bitmap_index = 54476, .adv_w = 352, .box_w = 21, .box_h = 21, .ofs_x = 1, .ofs_y = -2},
    {.bitmap_index = 54608, .adv_w = 352, .box_w = 22, .box_h = 22, .ofs_x = 0, .ofs_y = -3},
    {.bitmap_index = 54808, .adv_w = 352, .box_w = 22, .box_h = 21, .ofs_x = 0, .ofs_y = -2},
    {.bitmap_index = 54959, .adv_w = 352, .box_w = 22, .box_h = 22, .ofs_x = 0, .ofs_y = -3},
    {.bitmap_index = 55143, .adv_w = 352, .box_w = 21, .box_h = 22, .ofs_x = 0, .ofs_y = -3},
    {.bitmap_index = 55319, .adv_w = 352, .box_w = 22, .box_h = 22, .ofs_x = 0, .ofs_y = -3},
    {.bitmap_index = 55493, .adv_w = 352, .box_w = 22, .box_h = 22, .ofs_x = 0, .ofs_y = -3},
    {.bitmap_index = 55693, .adv_w = 352, .box_w = 22, .box_h = 22, .ofs_x = 0, .ofs_y = -3},
    {.bitmap_index = 55868, .adv_w = 352, .box_w = 22, .box_h = 22, .ofs_x = 0, .ofs_y = -3},
    {.bitmap_index = 56072, .adv_w = 352, .box_w = 22, .box_h = 21, .ofs_x = 0, .ofs_y = -2},
    {.bitmap_index = 56246, .adv_w = 352, .box_w = 22, .box_h = 22, .ofs_x = 0, .ofs_y = -3},
    {.bitmap_index = 56439, .adv_w = 352, .box_w = 22, .box_h = 22, .ofs_x = 0, .ofs_y = -3},
    {.bitmap_index = 56596, .adv_w = 352, .box_w = 21, .box_h = 22, .ofs_x = 1, .ofs_y = -3},
    {.bitmap_index = 56756, .adv_w = 352, .box_w = 21, .box_h = 21, .ofs_x = 1, .ofs_y = -2},
    {.bitmap_index = 56924, .adv_w = 352, .box_w = 22, .box_h = 22, .ofs_x = 0, .ofs_y = -3},
    {.bitmap_index = 57122, .adv_w = 352, .box_w = 22, .box_h = 21, .ofs_x = 0, .ofs_y = -2},
    {.bitmap_index = 57327, .adv_w = 352, .box_w = 22, .box_h = 22, .ofs_x = 0, .ofs_y = -3},
    {.bitmap_index = 57548, .adv_w = 352, .box_w = 22, .box_h = 21, .ofs_x = 0, .ofs_y = -2},
    {.bitmap_index = 57732, .adv_w = 352, .box_w = 22, .box_h = 21, .ofs_x = 0, .ofs_y = -2},
    {.bitmap_index = 57886, .adv_w = 352, .box_w = 22, .box_h = 21, .ofs_x = 0, .ofs_y = -2},
    {.bitmap_index = 58061, .adv_w = 352, .box_w = 21, .box_h = 22, .ofs_x = 0, .ofs_y = -3},
    {.bitmap_index = 58201, .adv_w = 352, .box_w = 22, .box_h = 21, .ofs_x = 0, .ofs_y = -3},
    {.bitmap_index = 58341, .adv_w = 352, .box_w = 16, .box_h = 21, .ofs_x = 3, .ofs_y = -3},
    {.bitmap_index = 58397, .adv_w = 352, .box_w = 21, .box_h = 22, .ofs_x = 1, .ofs_y = -3},
    {.bitmap_index = 58535, .adv_w = 352, .box_w = 20, .box_h = 21, .ofs_x = 1, .ofs_y = -3},
    {.bitmap_index = 58669, .adv_w = 352, .box_w = 20, .box_h = 21, .ofs_x = 0, .ofs_y = -3},
    {.bitmap_index = 58817, .adv_w = 352, .box_w = 20, .box_h = 20, .ofs_x = 1, .ofs_y = -2},
    {.bitmap_index = 58941, .adv_w = 352, .box_w = 21, .box_h = 22, .ofs_x = 1, .ofs_y = -3},
    {.bitmap_index = 59099, .adv_w = 352, .box_w = 22, .box_h = 21, .ofs_x = 0, .ofs_y = -3},
    {.bitmap_index = 59242, .adv_w = 352, .box_w = 21, .box_h = 19, .ofs_x = 1, .ofs_y = -1},
    {.bitmap_index = 59365, .adv_w = 352, .box_w = 20, .box_h = 22, .ofs_x = 1, .ofs_y = -3},
    {.bitmap_index = 59501, .adv_w = 352, .box_w = 21, .box_h = 21, .ofs_x = 0, .ofs_y = -3},
    {.bitmap_index = 59645, .adv_w = 352, .box_w = 20, .box_h = 21, .ofs_x = 1, .ofs_y = -2},
    {.bitmap_index = 59800, .adv_w = 352, .box_w = 21, .box_h = 21, .ofs_x = 1, .ofs_y = -2},
    {.bitmap_index = 59948, .adv_w = 352, .box_w = 20, .box_h = 22, .ofs_x = 0, .ofs_y = -3},
    {.bitmap_index = 60088, .adv_w = 352, .box_w = 20, .box_h = 22, .ofs_x = 1, .ofs_y = -3},
    {.bitmap_index = 60252, .adv_w = 352, .box_w = 19, .box_h = 22, .ofs_x = 2, .ofs_y = -3},
    {.bitmap_index = 60350, .adv_w = 352, .box_w = 22, .box_h = 21, .ofs_x = 0, .ofs_y = -3},
    {.bitmap_index = 60511, .adv_w = 352, .box_w = 22, .box_h = 22, .ofs_x = 0, .ofs_y = -3},
    {.bitmap_index = 60688, .adv_w = 352, .box_w = 21, .box_h = 20, .ofs_x = 1, .ofs_y = -2},
    {.bitmap_index = 60842, .adv_w = 352, .box_w = 19, .box_h = 21, .ofs_x = 0, .ofs_y = -3},
    {.bitmap_index = 60952, .adv_w = 352, .box_w = 21, .box_h = 21, .ofs_x = 0, .ofs_y = -2},
    {.bitmap_index = 61079, .adv_w = 352, .box_w = 22, .box_h = 21, .ofs_x = 0, .ofs_y = -3},
    {.bitmap_index = 61258, .adv_w = 352, .box_w = 21, .box_h = 22, .ofs_x = 0, .ofs_y = -3},
    {.bitmap_index = 61440, .adv_w = 352, .box_w = 22, .box_h = 21, .ofs_x = 0, .ofs_y = -2},
    {.bitmap_index = 61577, .adv_w = 352, .box_w = 22, .box_h = 21, .ofs_x = 0, .ofs_y = -2},
    {.bitmap_index = 61708, .adv_w = 352, .box_w = 22, .box_h = 21, .ofs_x = 0, .ofs_y = -2},
    {.bitmap_index = 61852, .adv_w = 352, .box_w = 22, .box_h = 21, .ofs_x = 0, .ofs_y = -2},
    {.bitmap_index = 62000, .adv_w = 352, .box_w = 22, .box_h = 22, .ofs_x = 0, .ofs_y = -3},
    {.bitmap_index = 62174, .adv_w = 352, .box_w = 21, .box_h = 21, .ofs_x = 0, .ofs_y = -2},
    {.bitmap_index = 62305, .adv_w = 352, .box_w = 22, .box_h = 22, .ofs_x = 0, .ofs_y = -3},
    {.bitmap_index = 62495, .adv_w = 352, .box_w = 22, .box_h = 21, .ofs_x = 0, .ofs_y = -2},
    {.bitmap_index = 62654, .adv_w = 352, .box_w = 22, .box_h = 22, .ofs_x = 0, .ofs_y = -3},
    {.bitmap_index = 62855, .adv_w = 352, .box_w = 21, .box_h = 22, .ofs_x = 0, .ofs_y = -3},
    {.bitmap_index = 63038, .adv_w = 352, .box_w = 21, .box_h = 21, .ofs_x = 0, .ofs_y = -2},
    {.bitmap_index = 63183, .adv_w = 352, .box_w = 22, .box_h = 22, .ofs_x = 0, .ofs_y = -3},
    {.bitmap_index = 63373, .adv_w = 352, .box_w = 22, .box_h = 20, .ofs_x = 0, .ofs_y = -2},
    {.bitmap_index = 63519, .adv_w = 352, .box_w = 22, .box_h = 21, .ofs_x = 0, .ofs_y = -2},
    {.bitmap_index = 63694, .adv_w = 352, .box_w = 22, .box_h = 21, .ofs_x = 0, .ofs_y = -2},
    {.bitmap_index = 63883, .adv_w = 352, .box_w = 22, .box_h = 21, .ofs_x = 0, .ofs_y = -2},
    {.bitmap_index = 64026, .adv_w = 352, .box_w = 22, .box_h = 21, .ofs_x = 0, .ofs_y = -2},
    {.bitmap_index = 64174, .adv_w = 352, .box_w = 22, .box_h = 22, .ofs_x = 0, .ofs_y = -3},
    {.bitmap_index = 64345, .adv_w = 352, .box_w = 22, .box_h = 21, .ofs_x = 0, .ofs_y = -2},
    {.bitmap_index = 64538, .adv_w = 352, .box_w = 21, .box_h = 21, .ofs_x = 0, .ofs_y = -2},
    {.bitmap_index = 64679, .adv_w = 352, .box_w = 22, .box_h = 21, .ofs_x = 0, .ofs_y = -2},
    {.bitmap_index = 64836, .adv_w = 352, .box_w = 22, .box_h = 22, .ofs_x = 0, .ofs_y = -3},
    {.bitmap_index = 65036, .adv_w = 352, .box_w = 22, .box_h = 22, .ofs_x = 0, .ofs_y = -3},
    {.bitmap_index = 65213, .adv_w = 352, .box_w = 22, .box_h = 22, .ofs_x = 0, .ofs_y = -3},
    {.bitmap_index = 65390, .adv_w = 352, .box_w = 22, .box_h = 21, .ofs_x = 0, .ofs_y = -2},
    {.bitmap_index = 65551, .adv_w = 352, .box_w = 22, .box_h = 21, .ofs_x = 0, .ofs_y = -2},
    {.bitmap_index = 65733, .adv_w = 352, .box_w = 21, .box_h = 21, .ofs_x = 0, .ofs_y = -2},
    {.bitmap_index = 65886, .adv_w = 352, .box_w = 22, .box_h = 21, .ofs_x = 0, .ofs_y = -2},
    {.bitmap_index = 66070, .adv_w = 352, .box_w = 22, .box_h = 22, .ofs_x = 0, .ofs_y = -3},
    {.bitmap_index = 66261, .adv_w = 352, .box_w = 22, .box_h = 22, .ofs_x = 0, .ofs_y = -3},
    {.bitmap_index = 66465, .adv_w = 352, .box_w = 22, .box_h = 22, .ofs_x = 0, .ofs_y = -3},
    {.bitmap_index = 66676, .adv_w = 352, .box_w = 22, .box_h = 21, .ofs_x = 0, .ofs_y = -2},
    {.bitmap_index = 66865, .adv_w = 352, .box_w = 22, .box_h = 21, .ofs_x = 0, .ofs_y = -2},
    {.bitmap_index = 67044, .adv_w = 352, .box_w = 22, .box_h = 22, .ofs_x = 0, .ofs_y = -3},
    {.bitmap_index = 67233, .adv_w = 352, .box_w = 21, .box_h = 19, .ofs_x = 1, .ofs_y = -1},
    {.bitmap_index = 67304, .adv_w = 352, .box_w = 21, .box_h = 21, .ofs_x = 0, .ofs_y = -2},
    {.bitmap_index = 67451, .adv_w = 352, .box_w = 22, .box_h = 22, .ofs_x = 0, .ofs_y = -3},
    {.bitmap_index = 67641, .adv_w = 352, .box_w = 22, .box_h = 22, .ofs_x = 0, .ofs_y = -3},
    {.bitmap_index = 67819, .adv_w = 352, .box_w = 20, .box_h = 22, .ofs_x = 1, .ofs_y = -3},
    {.bitmap_index = 67945, .adv_w = 352, .box_w = 22, .box_h = 21, .ofs_x = 0, .ofs_y = -2},
    {.bitmap_index = 68069, .adv_w = 352, .box_w = 22, .box_h = 21, .ofs_x = 0, .ofs_y = -2},
    {.bitmap_index = 68216, .adv_w = 352, .box_w = 22, .box_h = 21, .ofs_x = 0, .ofs_y = -2},
    {.bitmap_index = 68384, .adv_w = 352, .box_w = 22, .box_h = 20, .ofs_x = 0, .ofs_y = -2},
    {.bitmap_index = 68498, .adv_w = 352, .box_w = 22, .box_h = 21, .ofs_x = 0, .ofs_y = -2},
    {.bitmap_index = 68673, .adv_w = 352, .box_w = 21, .box_h = 21, .ofs_x = 1, .ofs_y = -2},
    {.bitmap_index = 68837, .adv_w = 352, .box_w = 21, .box_h = 21, .ofs_x = 0, .ofs_y = -2},
    {.bitmap_index = 69005, .adv_w = 352, .box_w = 22, .box_h = 21, .ofs_x = 0, .ofs_y = -2},
    {.bitmap_index = 69181, .adv_w = 352, .box_w = 22, .box_h = 21, .ofs_x = 0, .ofs_y = -2},
    {.bitmap_index = 69376, .adv_w = 352, .box_w = 22, .box_h = 21, .ofs_x = 0, .ofs_y = -2},
    {.bitmap_index = 69524, .adv_w = 352, .box_w = 22, .box_h = 21, .ofs_x = 0, .ofs_y = -2},
    {.bitmap_index = 69727, .adv_w = 352, .box_w = 21, .box_h = 22, .ofs_x = 0, .ofs_y = -3},
    {.bitmap_index = 69878, .adv_w = 352, .box_w = 22, .box_h = 22, .ofs_x = 0, .ofs_y = -3},
    {.bitmap_index = 70073, .adv_w = 352, .box_w = 21, .box_h = 22, .ofs_x = 0, .ofs_y = -3},
    {.bitmap_index = 70225, .adv_w = 352, .box_w = 21, .box_h = 22, .ofs_x = 0, .ofs_y = -3},
    {.bitmap_index = 70410, .adv_w = 352, .box_w = 21, .box_h = 22, .ofs_x = 1, .ofs_y = -3},
    {.bitmap_index = 70603, .adv_w = 352, .box_w = 22, .box_h = 21, .ofs_x = 0, .ofs_y = -2},
    {.bitmap_index = 70768, .adv_w = 352, .box_w = 22, .box_h = 21, .ofs_x = 0, .ofs_y = -2},
    {.bitmap_index = 70947, .adv_w = 352, .box_w = 21, .box_h = 21, .ofs_x = 0, .ofs_y = -2},
    {.bitmap_index = 71132, .adv_w = 352, .box_w = 22, .box_h = 21, .ofs_x = 0, .ofs_y = -2},
    {.bitmap_index = 71298, .adv_w = 352, .box_w = 22, .box_h = 22, .ofs_x = 0, .ofs_y = -3},
    {.bitmap_index = 71490, .adv_w = 352, .box_w = 22, .box_h = 21, .ofs_x = 0, .ofs_y = -2},
    {.bitmap_index = 71645, .adv_w = 352, .box_w = 22, .box_h = 22, .ofs_x = 0, .ofs_y = -3},
    {.bitmap_index = 71806, .adv_w = 352, .box_w = 21, .box_h = 22, .ofs_x = 0, .ofs_y = -3},
    {.bitmap_index = 71995, .adv_w = 352, .box_w = 22, .box_h = 22, .ofs_x = 0, .ofs_y = -3},
    {.bitmap_index = 72196, .adv_w = 352, .box_w = 22, .box_h = 22, .ofs_x = 0, .ofs_y = -3},
    {.bitmap_index = 72365, .adv_w = 352, .box_w = 22, .box_h = 21, .ofs_x = 0, .ofs_y = -2},
    {.bitmap_index = 72572, .adv_w = 352, .box_w = 22, .box_h = 21, .ofs_x = 0, .ofs_y = -2},
    {.bitmap_index = 72767, .adv_w = 352, .box_w = 22, .box_h = 21, .ofs_x = 0, .ofs_y = -2},
    {.bitmap_index = 72923, .adv_w = 352, .box_w = 22, .box_h = 22, .ofs_x = 0, .ofs_y = -3},
    {.bitmap_index = 73070, .adv_w = 352, .box_w = 21, .box_h = 21, .ofs_x = 0, .ofs_y = -2},
    {.bitmap_index = 73240, .adv_w = 352, .box_w = 22, .box_h = 21, .ofs_x = 0, .ofs_y = -3},
    {.bitmap_index = 73403, .adv_w = 352, .box_w = 21, .box_h = 21, .ofs_x = 1, .ofs_y = -2},
    {.bitmap_index = 73531, .adv_w = 352, .box_w = 22, .box_h = 21, .ofs_x = 0, .ofs_y = -2},
    {.bitmap_index = 73729, .adv_w = 352, .box_w = 21, .box_h = 22, .ofs_x = 0, .ofs_y = -3},
    {.bitmap_index = 73918, .adv_w = 352, .box_w = 20, .box_h = 22, .ofs_x = 0, .ofs_y = -3},
    {.bitmap_index = 74021, .adv_w = 352, .box_w = 22, .box_h = 22, .ofs_x = 0, .ofs_y = -3},
    {.bitmap_index = 74209, .adv_w = 352, .box_w = 21, .box_h = 20, .ofs_x = 0, .ofs_y = -2},
    {.bitmap_index = 74340, .adv_w = 352, .box_w = 22, .box_h = 22, .ofs_x = 0, .ofs_y = -3},
    {.bitmap_index = 74511, .adv_w = 352, .box_w = 22, .box_h = 21, .ofs_x = 0, .ofs_y = -2},
    {.bitmap_index = 74691, .adv_w = 352, .box_w = 20, .box_h = 21, .ofs_x = 1, .ofs_y = -2},
    {.bitmap_index = 74840, .adv_w = 352, .box_w = 21, .box_h = 20, .ofs_x = 0, .ofs_y = -2},
    {.bitmap_index = 74981, .adv_w = 352, .box_w = 22, .box_h = 21, .ofs_x = 0, .ofs_y = -3},
    {.bitmap_index = 75141, .adv_w = 352, .box_w = 22, .box_h = 21, .ofs_x = 0, .ofs_y = -2},
    {.bitmap_index = 75325, .adv_w = 352, .box_w = 22, .box_h = 20, .ofs_x = 0, .ofs_y = -2},
    {.bitmap_index = 75488, .adv_w = 352, .box_w = 21, .box_h = 21, .ofs_x = 0, .ofs_y = -2},
    {.bitmap_index = 75596, .adv_w = 352, .box_w = 20, .box_h = 21, .ofs_x = 0, .ofs_y = -3},
    {.bitmap_index = 75700, .adv_w = 352, .box_w = 20, .box_h = 21, .ofs_x = 2, .ofs_y = -2},
    {.bitmap_index = 75825, .adv_w = 352, .box_w = 20, .box_h = 20, .ofs_x = 1, .ofs_y = -2},
    {.bitmap_index = 75932, .adv_w = 352, .box_w = 21, .box_h = 21, .ofs_x = 0, .ofs_y = -3},
    {.bitmap_index = 76088, .adv_w = 352, .box_w = 20, .box_h = 22, .ofs_x = 1, .ofs_y = -3},
    {.bitmap_index = 76259, .adv_w = 352, .box_w = 21, .box_h = 22, .ofs_x = 1, .ofs_y = -3},
    {.bitmap_index = 76431, .adv_w = 352, .box_w = 22, .box_h = 22, .ofs_x = 0, .ofs_y = -3},
    {.bitmap_index = 76620, .adv_w = 352, .box_w = 18, .box_h = 22, .ofs_x = 2, .ofs_y = -3},
    {.bitmap_index = 76699, .adv_w = 352, .box_w = 20, .box_h = 20, .ofs_x = 1, .ofs_y = -2},
    {.bitmap_index = 76785, .adv_w = 352, .box_w = 20, .box_h = 22, .ofs_x = 1, .ofs_y = -3},
    {.bitmap_index = 76949, .adv_w = 352, .box_w = 22, .box_h = 21, .ofs_x = 0, .ofs_y = -2},
    {.bitmap_index = 77099, .adv_w = 352, .box_w = 22, .box_h = 21, .ofs_x = 0, .ofs_y = -2},
    {.bitmap_index = 77253, .adv_w = 352, .box_w = 16, .box_h = 20, .ofs_x = 3, .ofs_y = -2},
    {.bitmap_index = 77316, .adv_w = 352, .box_w = 22, .box_h = 21, .ofs_x = 0, .ofs_y = -2},
    {.bitmap_index = 77438, .adv_w = 352, .box_w = 21, .box_h = 22, .ofs_x = 0, .ofs_y = -3},
    {.bitmap_index = 77589, .adv_w = 352, .box_w = 21, .box_h = 22, .ofs_x = 0, .ofs_y = -3},
    {.bitmap_index = 77741, .adv_w = 352, .box_w = 21, .box_h = 21, .ofs_x = 0, .ofs_y = -2},
    {.bitmap_index = 77889, .adv_w = 352, .box_w = 20, .box_h = 21, .ofs_x = 1, .ofs_y = -2},
    {.bitmap_index = 78020, .adv_w = 352, .box_w = 21, .box_h = 20, .ofs_x = 1, .ofs_y = -2},
    {.bitmap_index = 78181, .adv_w = 352, .box_w = 22, .box_h = 21, .ofs_x = 0, .ofs_y = -2},
    {.bitmap_index = 78331, .adv_w = 352, .box_w = 20, .box_h = 21, .ofs_x = 0, .ofs_y = -2},
    {.bitmap_index = 78475, .adv_w = 352, .box_w = 22, .box_h = 21, .ofs_x = 0, .ofs_y = -2},
    {.bitmap_index = 78637, .adv_w = 352, .box_w = 21, .box_h = 21, .ofs_x = 0, .ofs_y = -3},
    {.bitmap_index = 78805, .adv_w = 352, .box_w = 21, .box_h = 21, .ofs_x = 0, .ofs_y = -2},
    {.bitmap_index = 78946, .adv_w = 352, .box_w = 22, .box_h = 20, .ofs_x = 0, .ofs_y = -2},
    {.bitmap_index = 79124, .adv_w = 352, .box_w = 21, .box_h = 22, .ofs_x = 0, .ofs_y = -3},
    {.bitmap_index = 79317, .adv_w = 352, .box_w = 21, .box_h = 21, .ofs_x = 0, .ofs_y = -3},
    {.bitmap_index = 79438, .adv_w = 352, .box_w = 20, .box_h = 22, .ofs_x = 1, .ofs_y = -3},
    {.bitmap_index = 79602, .adv_w = 352, .box_w = 21, .box_h = 22, .ofs_x = 0, .ofs_y = -3},
    {.bitmap_index = 79756, .adv_w = 352, .box_w = 21, .box_h = 21, .ofs_x = 0, .ofs_y = -2},
    {.bitmap_index = 79909, .adv_w = 352, .box_w = 22, .box_h = 21, .ofs_x = 0, .ofs_y = -2},
    {.bitmap_index = 80090, .adv_w = 352, .box_w = 22, .box_h = 21, .ofs_x = 0, .ofs_y = -2},
    {.bitmap_index = 80250, .adv_w = 352, .box_w = 22, .box_h = 21, .ofs_x = 0, .ofs_y = -2},
    {.bitmap_index = 80409, .adv_w = 352, .box_w = 20, .box_h = 20, .ofs_x = 1, .ofs_y = -1},
    {.bitmap_index = 80522, .adv_w = 352, .box_w = 20, .box_h = 22, .ofs_x = 1, .ofs_y = -3},
    {.bitmap_index = 80682, .adv_w = 352, .box_w = 21, .box_h = 21, .ofs_x = 1, .ofs_y = -2},
    {.bitmap_index = 80837, .adv_w = 352, .box_w = 21, .box_h = 22, .ofs_x = 0, .ofs_y = -3},
    {.bitmap_index = 81013, .adv_w = 352, .box_w = 21, .box_h = 22, .ofs_x = 0, .ofs_y = -3},
    {.bitmap_index = 81178, .adv_w = 352, .box_w = 21, .box_h = 21, .ofs_x = 0, .ofs_y = -2},
    {.bitmap_index = 81354, .adv_w = 352, .box_w = 22, .box_h = 22, .ofs_x = 0, .ofs_y = -3},
    {.bitmap_index = 81526, .adv_w = 352, .box_w = 22, .box_h = 21, .ofs_x = 0, .ofs_y = -2},
    {.bitmap_index = 81718, .adv_w = 352, .box_w = 21, .box_h = 22, .ofs_x = 0, .ofs_y = -3},
    {.bitmap_index = 81875, .adv_w = 352, .box_w = 22, .box_h = 22, .ofs_x = 0, .ofs_y = -3},
    {.bitmap_index = 82042, .adv_w = 352, .box_w = 21, .box_h = 22, .ofs_x = 0, .ofs_y = -3},
    {.bitmap_index = 82194, .adv_w = 352, .box_w = 22, .box_h = 21, .ofs_x = 0, .ofs_y = -2},
    {.bitmap_index = 82358, .adv_w = 352, .box_w = 21, .box_h = 21, .ofs_x = 1, .ofs_y = -2},
    {.bitmap_index = 82534, .adv_w = 352, .box_w = 22, .box_h = 22, .ofs_x = 0, .ofs_y = -3},
    {.bitmap_index = 82744, .adv_w = 352, .box_w = 21, .box_h = 21, .ofs_x = 0, .ofs_y = -2},
    {.bitmap_index = 82904, .adv_w = 352, .box_w = 22, .box_h = 22, .ofs_x = 0, .ofs_y = -3},
    {.bitmap_index = 83091, .adv_w = 352, .box_w = 20, .box_h = 22, .ofs_x = 1, .ofs_y = -3},
    {.bitmap_index = 83282, .adv_w = 352, .box_w = 22, .box_h = 22, .ofs_x = 0, .ofs_y = -3},
    {.bitmap_index = 83472, .adv_w = 352, .box_w = 21, .box_h = 22, .ofs_x = 0, .ofs_y = -3},
    {.bitmap_index = 83656, .adv_w = 352, .box_w = 20, .box_h = 22, .ofs_x = 1, .ofs_y = -3},
    {.bitmap_index = 83844, .adv_w = 352, .box_w = 21, .box_h = 22, .ofs_x = 0, .ofs_y = -3},
    {.bitmap_index = 84051, .adv_w = 352, .box_w = 22, .box_h = 22, .ofs_x = 0, .ofs_y = -3},
    {.bitmap_index = 84271, .adv_w = 352, .box_w = 22, .box_h = 20, .ofs_x = 0, .ofs_y = -1},
    {.bitmap_index = 84417, .adv_w = 352, .box_w = 21, .box_h = 22, .ofs_x = 0, .ofs_y = -3},
    {.bitmap_index = 84608, .adv_w = 352, .box_w = 22, .box_h = 22, .ofs_x = 0, .ofs_y = -3},
    {.bitmap_index = 84822, .adv_w = 352, .box_w = 22, .box_h = 21, .ofs_x = 0, .ofs_y = -2},
    {.bitmap_index = 85003, .adv_w = 352, .box_w = 22, .box_h = 21, .ofs_x = 0, .ofs_y = -2},
    {.bitmap_index = 85179, .adv_w = 352, .box_w = 21, .box_h = 22, .ofs_x = 0, .ofs_y = -3},
    {.bitmap_index = 85362, .adv_w = 352, .box_w = 22, .box_h = 21, .ofs_x = 0, .ofs_y = -2},
    {.bitmap_index = 85566, .adv_w = 352, .box_w = 22, .box_h = 22, .ofs_x = 0, .ofs_y = -3},
    {.bitmap_index = 85766, .adv_w = 352, .box_w = 21, .box_h = 21, .ofs_x = 1, .ofs_y = -2},
    {.bitmap_index = 85968, .adv_w = 352, .box_w = 21, .box_h = 21, .ofs_x = 1, .ofs_y = -2},
    {.bitmap_index = 86127, .adv_w = 352, .box_w = 21, .box_h = 22, .ofs_x = 0, .ofs_y = -3},
    {.bitmap_index = 86302, .adv_w = 352, .box_w = 22, .box_h = 21, .ofs_x = 0, .ofs_y = -2},
    {.bitmap_index = 86486, .adv_w = 352, .box_w = 21, .box_h = 22, .ofs_x = 0, .ofs_y = -3},
    {.bitmap_index = 86659, .adv_w = 352, .box_w = 21, .box_h = 21, .ofs_x = 0, .ofs_y = -2},
    {.bitmap_index = 86852, .adv_w = 352, .box_w = 22, .box_h = 22, .ofs_x = 0, .ofs_y = -3},
    {.bitmap_index = 87037, .adv_w = 352, .box_w = 22, .box_h = 23, .ofs_x = 0, .ofs_y = -3},
    {.bitmap_index = 87240, .adv_w = 352, .box_w = 22, .box_h = 22, .ofs_x = 0, .ofs_y = -3},
    {.bitmap_index = 87452, .adv_w = 352, .box_w = 21, .box_h = 21, .ofs_x = 0, .ofs_y = -2},
    {.bitmap_index = 87650, .adv_w = 352, .box_w = 22, .box_h = 21, .ofs_x = 0, .ofs_y = -2},
    {.bitmap_index = 87844, .adv_w = 352, .box_w = 22, .box_h = 21, .ofs_x = 0, .ofs_y = -2},
    {.bitmap_index = 88061, .adv_w = 352, .box_w = 22, .box_h = 21, .ofs_x = 0, .ofs_y = -2},
    {.bitmap_index = 88276, .adv_w = 352, .box_w = 21, .box_h = 21, .ofs_x = 0, .ofs_y = -2},
    {.bitmap_index = 88454, .adv_w = 352, .box_w = 22, .box_h = 22, .ofs_x = 0, .ofs_y = -3},
    {.bitmap_index = 88644, .adv_w = 352, .box_w = 22, .box_h = 21, .ofs_x = 0, .ofs_y = -2},
    {.bitmap_index = 88827, .adv_w = 352, .box_w = 20, .box_h = 20, .ofs_x = 1, .ofs_y = -2},
    {.bitmap_index = 88975, .adv_w = 352, .box_w = 20, .box_h = 20, .ofs_x = 1, .ofs_y = -2},
    {.bitmap_index = 89103, .adv_w = 352, .box_w = 21, .box_h = 22, .ofs_x = 0, .ofs_y = -3},
    {.bitmap_index = 89261, .adv_w = 352, .box_w = 21, .box_h = 22, .ofs_x = 0, .ofs_y = -3},
    {.bitmap_index = 89410, .adv_w = 352, .box_w = 20, .box_h = 20, .ofs_x = 1, .ofs_y = -2},
    {.bitmap_index = 89491, .adv_w = 352, .box_w = 22, .box_h = 21, .ofs_x = 0, .ofs_y = -2},
    {.bitmap_index = 89687, .adv_w = 352, .box_w = 22, .box_h = 22, .ofs_x = 0, .ofs_y = -3},
    {.bitmap_index = 89872, .adv_w = 352, .box_w = 22, .box_h = 22, .ofs_x = 0, .ofs_y = -3},
    {.bitmap_index = 90058, .adv_w = 352, .box_w = 21, .box_h = 21, .ofs_x = 0, .ofs_y = -2},
    {.bitmap_index = 90204, .adv_w = 352, .box_w = 22, .box_h = 22, .ofs_x = 0, .ofs_y = -3},
    {.bitmap_index = 90406, .adv_w = 352, .box_w = 21, .box_h = 21, .ofs_x = 1, .ofs_y = -2},
    {.bitmap_index = 90587, .adv_w = 352, .box_w = 22, .box_h = 22, .ofs_x = 0, .ofs_y = -3},
    {.bitmap_index = 90786, .adv_w = 352, .box_w = 22, .box_h = 22, .ofs_x = 0, .ofs_y = -3},
    {.bitmap_index = 90992, .adv_w = 352, .box_w = 17, .box_h = 22, .ofs_x = 3, .ofs_y = -3},
    {.bitmap_index = 91080, .adv_w = 352, .box_w = 20, .box_h = 19, .ofs_x = 1, .ofs_y = -1},
    {.bitmap_index = 91202, .adv_w = 352, .box_w = 22, .box_h = 21, .ofs_x = 0, .ofs_y = -2},
    {.bitmap_index = 91399, .adv_w = 352, .box_w = 22, .box_h = 22, .ofs_x = 0, .ofs_y = -3},
    {.bitmap_index = 91581, .adv_w = 352, .box_w = 22, .box_h = 22, .ofs_x = 0, .ofs_y = -3},
    {.bitmap_index = 91784, .adv_w = 352, .box_w = 22, .box_h = 21, .ofs_x = 0, .ofs_y = -2},
    {.bitmap_index = 91927, .adv_w = 352, .box_w = 20, .box_h = 21, .ofs_x = 1, .ofs_y = -2},
    {.bitmap_index = 92070, .adv_w = 352, .box_w = 20, .box_h = 21, .ofs_x = 1, .ofs_y = -2},
    {.bitmap_index = 92170, .adv_w = 352, .box_w = 21, .box_h = 22, .ofs_x = 0, .ofs_y = -3},
    {.bitmap_index = 92318, .adv_w = 352, .box_w = 22, .box_h = 22, .ofs_x = 0, .ofs_y = -3},
    {.bitmap_index = 92493, .adv_w = 352, .box_w = 21, .box_h = 22, .ofs_x = 1, .ofs_y = -3},
    {.bitmap_index = 92660, .adv_w = 352, .box_w = 21, .box_h = 22, .ofs_x = 0, .ofs_y = -3},
    {.bitmap_index = 92834, .adv_w = 352, .box_w = 21, .box_h = 22, .ofs_x = 0, .ofs_y = -3},
    {.bitmap_index = 92997, .adv_w = 352, .box_w = 22, .box_h = 22, .ofs_x = 0, .ofs_y = -3},
    {.bitmap_index = 93199, .adv_w = 352, .box_w = 22, .box_h = 21, .ofs_x = 0, .ofs_y = -2},
    {.bitmap_index = 93390, .adv_w = 352, .box_w = 22, .box_h = 21, .ofs_x = 0, .ofs_y = -2},
    {.bitmap_index = 93578, .adv_w = 352, .box_w = 22, .box_h = 21, .ofs_x = 0, .ofs_y = -2},
    {.bitmap_index = 93740, .adv_w = 352, .box_w = 22, .box_h = 22, .ofs_x = 0, .ofs_y = -3},
    {.bitmap_index = 93863, .adv_w = 352, .box_w = 22, .box_h = 21, .ofs_x = 0, .ofs_y = -2},
    {.bitmap_index = 94033, .adv_w = 352, .box_w = 22, .box_h = 21, .ofs_x = 0, .ofs_y = -2},
    {.bitmap_index = 94226, .adv_w = 352, .box_w = 22, .box_h = 22, .ofs_x = 0, .ofs_y = -3},
    {.bitmap_index = 94440, .adv_w = 352, .box_w = 22, .box_h = 21, .ofs_x = 0, .ofs_y = -2},
    {.bitmap_index = 94627, .adv_w = 352, .box_w = 20, .box_h = 20, .ofs_x = 1, .ofs_y = -2},
    {.bitmap_index = 94778, .adv_w = 352, .box_w = 22, .box_h = 21, .ofs_x = 0, .ofs_y = -3},
    {.bitmap_index = 94913, .adv_w = 352, .box_w = 22, .box_h = 22, .ofs_x = 0, .ofs_y = -3},
    {.bitmap_index = 95091, .adv_w = 352, .box_w = 20, .box_h = 22, .ofs_x = 1, .ofs_y = -3},
    {.bitmap_index = 95249, .adv_w = 352, .box_w = 20, .box_h = 22, .ofs_x = 0, .ofs_y = -3},
    {.bitmap_index = 95405, .adv_w = 352, .box_w = 22, .box_h = 22, .ofs_x = 0, .ofs_y = -3},
    {.bitmap_index = 95608, .adv_w = 352, .box_w = 22, .box_h = 22, .ofs_x = 0, .ofs_y = -3},
    {.bitmap_index = 95806, .adv_w = 352, .box_w = 20, .box_h = 22, .ofs_x = 1, .ofs_y = -3},
    {.bitmap_index = 95912, .adv_w = 352, .box_w = 21, .box_h = 21, .ofs_x = 0, .ofs_y = -2},
    {.bitmap_index = 96019, .adv_w = 352, .box_w = 22, .box_h = 21, .ofs_x = 0, .ofs_y = -2},
    {.bitmap_index = 96170, .adv_w = 352, .box_w = 21, .box_h = 21, .ofs_x = 1, .ofs_y = -2},
    {.bitmap_index = 96352, .adv_w = 352, .box_w = 22, .box_h = 22, .ofs_x = 0, .ofs_y = -3},
    {.bitmap_index = 96509, .adv_w = 352, .box_w = 21, .box_h = 21, .ofs_x = 1, .ofs_y = -2},
    {.bitmap_index = 96635, .adv_w = 352, .box_w = 22, .box_h = 21, .ofs_x = 0, .ofs_y = -2},
    {.bitmap_index = 96809, .adv_w = 352, .box_w = 21, .box_h = 22, .ofs_x = 0, .ofs_y = -3},
    {.bitmap_index = 96976, .adv_w = 352, .box_w = 22, .box_h = 21, .ofs_x = 0, .ofs_y = -2},
    {.bitmap_index = 97102, .adv_w = 352, .box_w = 22, .box_h = 21, .ofs_x = 0, .ofs_y = -2},
    {.bitmap_index = 97235, .adv_w = 352, .box_w = 22, .box_h = 21, .ofs_x = 0, .ofs_y = -2},
    {.bitmap_index = 97407, .adv_w = 352, .box_w = 22, .box_h = 22, .ofs_x = 0, .ofs_y = -3},
    {.bitmap_index = 97563, .adv_w = 352, .box_w = 21, .box_h = 21, .ofs_x = 0, .ofs_y = -2},
    {.bitmap_index = 97742, .adv_w = 352, .box_w = 22, .box_h = 21, .ofs_x = 0, .ofs_y = -2},
    {.bitmap_index = 97903, .adv_w = 352, .box_w = 22, .box_h = 22, .ofs_x = 0, .ofs_y = -3},
    {.bitmap_index = 98070, .adv_w = 352, .box_w = 22, .box_h = 22, .ofs_x = 0, .ofs_y = -3},
    {.bitmap_index = 98249, .adv_w = 352, .box_w = 21, .box_h = 21, .ofs_x = 0, .ofs_y = -2},
    {.bitmap_index = 98404, .adv_w = 352, .box_w = 22, .box_h = 21, .ofs_x = 0, .ofs_y = -2},
    {.bitmap_index = 98588, .adv_w = 352, .box_w = 21, .box_h = 22, .ofs_x = 0, .ofs_y = -3},
    {.bitmap_index = 98763, .adv_w = 352, .box_w = 22, .box_h = 22, .ofs_x = 0, .ofs_y = -3},
    {.bitmap_index = 98895, .adv_w = 352, .box_w = 20, .box_h = 21, .ofs_x = 1, .ofs_y = -2},
    {.bitmap_index = 99076, .adv_w = 352, .box_w = 21, .box_h = 22, .ofs_x = 0, .ofs_y = -3},
    {.bitmap_index = 99261, .adv_w = 352, .box_w = 21, .box_h = 22, .ofs_x = 1, .ofs_y = -3},
    {.bitmap_index = 99449, .adv_w = 352, .box_w = 22, .box_h = 22, .ofs_x = 0, .ofs_y = -3},
    {.bitmap_index = 99601, .adv_w = 352, .box_w = 22, .box_h = 22, .ofs_x = 0, .ofs_y = -3},
    {.bitmap_index = 99768, .adv_w = 352, .box_w = 22, .box_h = 21, .ofs_x = 0, .ofs_y = -2},
    {.bitmap_index = 99946, .adv_w = 352, .box_w = 22, .box_h = 21, .ofs_x = 0, .ofs_y = -2},
    {.bitmap_index = 100113, .adv_w = 352, .box_w = 22, .box_h = 19, .ofs_x = 0, .ofs_y = -1},
    {.bitmap_index = 100244, .adv_w = 352, .box_w = 22, .box_h = 22, .ofs_x = 0, .ofs_y = -3},
    {.bitmap_index = 100429, .adv_w = 352, .box_w = 22, .box_h = 22, .ofs_x = 0, .ofs_y = -3},
    {.bitmap_index = 100621, .adv_w = 352, .box_w = 22, .box_h = 22, .ofs_x = 0, .ofs_y = -3},
    {.bitmap_index = 100796, .adv_w = 352, .box_w = 22, .box_h = 22, .ofs_x = 0, .ofs_y = -3},
    {.bitmap_index = 100987, .adv_w = 352, .box_w = 22, .box_h = 21, .ofs_x = 0, .ofs_y = -2},
    {.bitmap_index = 101177, .adv_w = 352, .box_w = 22, .box_h = 22, .ofs_x = 0, .ofs_y = -3},
    {.bitmap_index = 101379, .adv_w = 352, .box_w = 21, .box_h = 21, .ofs_x = 0, .ofs_y = -2},
    {.bitmap_index = 101547, .adv_w = 352, .box_w = 21, .box_h = 22, .ofs_x = 1, .ofs_y = -3},
    {.bitmap_index = 101755, .adv_w = 352, .box_w = 21, .box_h = 21, .ofs_x = 0, .ofs_y = -2},
    {.bitmap_index = 101939, .adv_w = 352, .box_w = 22, .box_h = 22, .ofs_x = 0, .ofs_y = -3},
    {.bitmap_index = 102134, .adv_w = 352, .box_w = 22, .box_h = 21, .ofs_x = 0, .ofs_y = -2},
    {.bitmap_index = 102314, .adv_w = 352, .box_w = 22, .box_h = 22, .ofs_x = 0, .ofs_y = -3},
    {.bitmap_index = 102525, .adv_w = 352, .box_w = 22, .box_h = 22, .ofs_x = 0, .ofs_y = -3},
    {.bitmap_index = 102705, .adv_w = 352, .box_w = 22, .box_h = 21, .ofs_x = 0, .ofs_y = -2},
    {.bitmap_index = 102863, .adv_w = 352, .box_w = 22, .box_h = 21, .ofs_x = 0, .ofs_y = -3},
    {.bitmap_index = 103032, .adv_w = 352, .box_w = 22, .box_h = 21, .ofs_x = 0, .ofs_y = -2},
    {.bitmap_index = 103196, .adv_w = 352, .box_w = 22, .box_h = 21, .ofs_x = 0, .ofs_y = -2},
    {.bitmap_index = 103389, .adv_w = 352, .box_w = 22, .box_h = 22, .ofs_x = 0, .ofs_y = -3},
    {.bitmap_index = 103557, .adv_w = 352, .box_w = 22, .box_h = 22, .ofs_x = 0, .ofs_y = -3},
    {.bitmap_index = 103742, .adv_w = 352, .box_w = 22, .box_h = 21, .ofs_x = 0, .ofs_y = -2},
    {.bitmap_index = 103914, .adv_w = 352, .box_w = 22, .box_h = 22, .ofs_x = 0, .ofs_y = -3},
    {.bitmap_index = 104087, .adv_w = 352, .box_w = 22, .box_h = 21, .ofs_x = 0, .ofs_y = -2},
    {.bitmap_index = 104267, .adv_w = 352, .box_w = 22, .box_h = 22, .ofs_x = 0, .ofs_y = -3},
    {.bitmap_index = 104457, .adv_w = 352, .box_w = 22, .box_h = 22, .ofs_x = 0, .ofs_y = -3},
    {.bitmap_index = 104650, .adv_w = 352, .box_w = 22, .box_h = 21, .ofs_x = 0, .ofs_y = -2},
    {.bitmap_index = 104814, .adv_w = 352, .box_w = 21, .box_h = 22, .ofs_x = 1, .ofs_y = -3},
    {.bitmap_index = 104982, .adv_w = 352, .box_w = 21, .box_h = 22, .ofs_x = 1, .ofs_y = -3},
    {.bitmap_index = 105166, .adv_w = 352, .box_w = 21, .box_h = 22, .ofs_x = 1, .ofs_y = -3},
    {.bitmap_index = 105369, .adv_w = 352, .box_w = 22, .box_h = 20, .ofs_x = 0, .ofs_y = -2},
    {.bitmap_index = 105562, .adv_w = 352, .box_w = 21, .box_h = 21, .ofs_x = 1, .ofs_y = -2},
    {.bitmap_index = 105755, .adv_w = 352, .box_w = 22, .box_h = 22, .ofs_x = 0, .ofs_y = -3},
    {.bitmap_index = 105958, .adv_w = 352, .box_w = 22, .box_h = 21, .ofs_x = 0, .ofs_y = -3},
    {.bitmap_index = 106144, .adv_w = 352, .box_w = 22, .box_h = 22, .ofs_x = 0, .ofs_y = -3},
    {.bitmap_index = 106334, .adv_w = 352, .box_w = 21, .box_h = 22, .ofs_x = 1, .ofs_y = -3},
    {.bitmap_index = 106497, .adv_w = 352, .box_w = 22, .box_h = 22, .ofs_x = 0, .ofs_y = -3},
    {.bitmap_index = 106683, .adv_w = 352, .box_w = 22, .box_h = 22, .ofs_x = 0, .ofs_y = -3},
    {.bitmap_index = 106864, .adv_w = 352, .box_w = 22, .box_h = 22, .ofs_x = 0, .ofs_y = -3},
    {.bitmap_index = 107059, .adv_w = 352, .box_w = 22, .box_h = 21, .ofs_x = 0, .ofs_y = -2},
    {.bitmap_index = 107259, .adv_w = 352, .box_w = 21, .box_h = 21, .ofs_x = 1, .ofs_y = -2},
    {.bitmap_index = 107420, .adv_w = 352, .box_w = 22, .box_h = 22, .ofs_x = 0, .ofs_y = -3},
    {.bitmap_index = 107601, .adv_w = 352, .box_w = 21, .box_h = 21, .ofs_x = 0, .ofs_y = -3},
    {.bitmap_index = 107753, .adv_w = 352, .box_w = 21, .box_h = 20, .ofs_x = 1, .ofs_y = -2},
    {.bitmap_index = 107927, .adv_w = 352, .box_w = 22, .box_h = 21, .ofs_x = 0, .ofs_y = -2},
    {.bitmap_index = 108111, .adv_w = 352, .box_w = 21, .box_h = 19, .ofs_x = 0, .ofs_y = -1},
    {.bitmap_index = 108227, .adv_w = 352, .box_w = 20, .box_h = 20, .ofs_x = 1, .ofs_y = -1},
    {.bitmap_index = 108373, .adv_w = 352, .box_w = 21, .box_h = 21, .ofs_x = 1, .ofs_y = -2},
    {.bitmap_index = 108502, .adv_w = 352, .box_w = 21, .box_h = 21, .ofs_x = 0, .ofs_y = -2},
    {.bitmap_index = 108633, .adv_w = 352, .box_w = 21, .box_h = 21, .ofs_x = 0, .ofs_y = -2},
    {.bitmap_index = 108785, .adv_w = 352, .box_w = 22, .box_h = 21, .ofs_x = 0, .ofs_y = -2},
    {.bitmap_index = 108970, .adv_w = 352, .box_w = 21, .box_h = 21, .ofs_x = 0, .ofs_y = -2},
    {.bitmap_index = 109153, .adv_w = 352, .box_w = 22, .box_h = 22, .ofs_x = 0, .ofs_y = -3},
    {.bitmap_index = 109358, .adv_w = 352, .box_w = 22, .box_h = 22, .ofs_x = 0, .ofs_y = -3},
    {.bitmap_index = 109577, .adv_w = 352, .box_w = 22, .box_h = 22, .ofs_x = 0, .ofs_y = -3},
    {.bitmap_index = 109770, .adv_w = 352, .box_w = 21, .box_h = 21, .ofs_x = 1, .ofs_y = -2},
    {.bitmap_index = 109915, .adv_w = 352, .box_w = 20, .box_h = 22, .ofs_x = 1, .ofs_y = -3},
    {.bitmap_index = 110058, .adv_w = 352, .box_w = 20, .box_h = 22, .ofs_x = 1, .ofs_y = -3},
    {.bitmap_index = 110168, .adv_w = 352, .box_w = 20, .box_h = 21, .ofs_x = 1, .ofs_y = -2},
    {.bitmap_index = 110271, .adv_w = 352, .box_w = 20, .box_h = 22, .ofs_x = 1, .ofs_y = -3},
    {.bitmap_index = 110423, .adv_w = 352, .box_w = 20, .box_h = 22, .ofs_x = 1, .ofs_y = -3},
    {.bitmap_index = 110587, .adv_w = 352, .box_w = 20, .box_h = 21, .ofs_x = 1, .ofs_y = -3},
    {.bitmap_index = 110709, .adv_w = 352, .box_w = 20, .box_h = 21, .ofs_x = 1, .ofs_y = -3},
    {.bitmap_index = 110853, .adv_w = 352, .box_w = 21, .box_h = 21, .ofs_x = 1, .ofs_y = -2},
    {.bitmap_index = 110996, .adv_w = 352, .box_w = 21, .box_h = 22, .ofs_x = 1, .ofs_y = -3},
    {.bitmap_index = 111159, .adv_w = 352, .box_w = 21, .box_h = 21, .ofs_x = 1, .ofs_y = -3},
    {.bitmap_index = 111287, .adv_w = 352, .box_w = 21, .box_h = 22, .ofs_x = 1, .ofs_y = -3},
    {.bitmap_index = 111447, .adv_w = 352, .box_w = 21, .box_h = 20, .ofs_x = 1, .ofs_y = -2},
    {.bitmap_index = 111593, .adv_w = 352, .box_w = 21, .box_h = 21, .ofs_x = 1, .ofs_y = -2},
    {.bitmap_index = 111765, .adv_w = 352, .box_w = 21, .box_h = 22, .ofs_x = 1, .ofs_y = -3},
    {.bitmap_index = 111952, .adv_w = 352, .box_w = 21, .box_h = 22, .ofs_x = 1, .ofs_y = -3},
    {.bitmap_index = 112137, .adv_w = 352, .box_w = 20, .box_h = 21, .ofs_x = 1, .ofs_y = -3},
    {.bitmap_index = 112277, .adv_w = 352, .box_w = 22, .box_h = 21, .ofs_x = 0, .ofs_y = -2},
    {.bitmap_index = 112455, .adv_w = 352, .box_w = 20, .box_h = 21, .ofs_x = 1, .ofs_y = -3},
    {.bitmap_index = 112598, .adv_w = 352, .box_w = 20, .box_h = 20, .ofs_x = 1, .ofs_y = -2},
    {.bitmap_index = 112730, .adv_w = 352, .box_w = 20, .box_h = 21, .ofs_x = 1, .ofs_y = -3},
    {.bitmap_index = 112882, .adv_w = 352, .box_w = 22, .box_h = 21, .ofs_x = 0, .ofs_y = -3},
    {.bitmap_index = 113067, .adv_w = 352, .box_w = 20, .box_h = 21, .ofs_x = 1, .ofs_y = -3},
    {.bitmap_index = 113208, .adv_w = 352, .box_w = 21, .box_h = 20, .ofs_x = 0, .ofs_y = -2},
    {.bitmap_index = 113370, .adv_w = 352, .box_w = 21, .box_h = 20, .ofs_x = 1, .ofs_y = -2},
    {.bitmap_index = 113525, .adv_w = 352, .box_w = 21, .box_h = 20, .ofs_x = 0, .ofs_y = -2},
    {.bitmap_index = 113709, .adv_w = 352, .box_w = 21, .box_h = 21, .ofs_x = 0, .ofs_y = -2},
    {.bitmap_index = 113815, .adv_w = 352, .box_w = 21, .box_h = 21, .ofs_x = 1, .ofs_y = -2},
    {.bitmap_index = 113955, .adv_w = 352, .box_w = 20, .box_h = 20, .ofs_x = 1, .ofs_y = -2},
    {.bitmap_index = 114052, .adv_w = 352, .box_w = 22, .box_h = 21, .ofs_x = 0, .ofs_y = -2},
    {.bitmap_index = 114227, .adv_w = 352, .box_w = 20, .box_h = 22, .ofs_x = 1, .ofs_y = -3},
    {.bitmap_index = 114352, .adv_w = 352, .box_w = 20, .box_h = 20, .ofs_x = 1, .ofs_y = -2},
    {.bitmap_index = 114462, .adv_w = 352, .box_w = 22, .box_h = 20, .ofs_x = 0, .ofs_y = -2},
    {.bitmap_index = 114594, .adv_w = 352, .box_w = 22, .box_h = 20, .ofs_x = 0, .ofs_y = -2},
    {.bitmap_index = 114738, .adv_w = 352, .box_w = 22, .box_h = 20, .ofs_x = 0, .ofs_y = -2},
    {.bitmap_index = 114871, .adv_w = 352, .box_w = 22, .box_h = 21, .ofs_x = 0, .ofs_y = -2},
    {.bitmap_index = 115048, .adv_w = 352, .box_w = 22, .box_h = 21, .ofs_x = 0, .ofs_y = -3},
    {.bitmap_index = 115223, .adv_w = 352, .box_w = 22, .box_h = 21, .ofs_x = 0, .ofs_y = -2},
    {.bitmap_index = 115408, .adv_w = 352, .box_w = 22, .box_h = 21, .ofs_x = 0, .ofs_y = -3},
    {.bitmap_index = 115591, .adv_w = 352, .box_w = 22, .box_h = 21, .ofs_x = 0, .ofs_y = -2},
    {.bitmap_index = 115786, .adv_w = 352, .box_w = 22, .box_h = 22, .ofs_x = 0, .ofs_y = -3},
    {.bitmap_index = 115989, .adv_w = 352, .box_w = 22, .box_h = 21, .ofs_x = 0, .ofs_y = -3},
    {.bitmap_index = 116161, .adv_w = 352, .box_w = 21, .box_h = 20, .ofs_x = 1, .ofs_y = -2},
    {.bitmap_index = 116292, .adv_w = 352, .box_w = 20, .box_h = 21, .ofs_x = 1, .ofs_y = -2},
    {.bitmap_index = 116412, .adv_w = 352, .box_w = 22, .box_h = 21, .ofs_x = 0, .ofs_y = -3},
    {.bitmap_index = 116601, .adv_w = 352, .box_w = 22, .box_h = 22, .ofs_x = 0, .ofs_y = -3},
    {.bitmap_index = 116795, .adv_w = 352, .box_w = 22, .box_h = 22, .ofs_x = 0, .ofs_y = -3},
    {.bitmap_index = 117007, .adv_w = 352, .box_w = 21, .box_h = 20, .ofs_x = 0, .ofs_y = -2},
    {.bitmap_index = 117215, .adv_w = 352, .box_w = 20, .box_h = 22, .ofs_x = 1, .ofs_y = -3},
    {.bitmap_index = 117339, .adv_w = 352, .box_w = 22, .box_h = 22, .ofs_x = 0, .ofs_y = -3},
    {.bitmap_index = 117532, .adv_w = 352, .box_w = 21, .box_h = 22, .ofs_x = 1, .ofs_y = -3},
    {.bitmap_index = 117705, .adv_w = 352, .box_w = 21, .box_h = 21, .ofs_x = 0, .ofs_y = -2},
    {.bitmap_index = 117871, .adv_w = 352, .box_w = 21, .box_h = 20, .ofs_x = 1, .ofs_y = -2},
    {.bitmap_index = 118023, .adv_w = 352, .box_w = 22, .box_h = 21, .ofs_x = 0, .ofs_y = -2},
    {.bitmap_index = 118227, .adv_w = 352, .box_w = 22, .box_h = 22, .ofs_x = 0, .ofs_y = -3},
    {.bitmap_index = 118382, .adv_w = 352, .box_w = 21, .box_h = 21, .ofs_x = 1, .ofs_y = -2},
    {.bitmap_index = 118522, .adv_w = 352, .box_w = 4, .box_h = 18, .ofs_x = 3, .ofs_y = -1},
    {.bitmap_index = 118557, .adv_w = 352, .box_w = 10, .box_h = 9, .ofs_x = 6, .ofs_y = 11},
    {.bitmap_index = 118604, .adv_w = 352, .box_w = 16, .box_h = 17, .ofs_x = 3, .ofs_y = 0},
    {.bitmap_index = 118712, .adv_w = 352, .box_w = 13, .box_h = 22, .ofs_x = 4, .ofs_y = -3},
    {.bitmap_index = 118823, .adv_w = 352, .box_w = 20, .box_h = 18, .ofs_x = 1, .ofs_y = -1},
    {.bitmap_index = 118980, .adv_w = 352, .box_w = 15, .box_h = 18, .ofs_x = 4, .ofs_y = -1},
    {.bitmap_index = 119097, .adv_w = 352, .box_w = 4, .box_h = 9, .ofs_x = 9, .ofs_y = 11},
    {.bitmap_index = 119115, .adv_w = 352, .box_w = 8, .box_h = 22, .ofs_x = 14, .ofs_y = -3},
    {.bitmap_index = 119180, .adv_w = 352, .box_w = 8, .box_h = 22, .ofs_x = 0, .ofs_y = -3},
    {.bitmap_index = 119245, .adv_w = 352, .box_w = 16, .box_h = 18, .ofs_x = 3, .ofs_y = -1},
    {.bitmap_index = 119348, .adv_w = 352, .box_w = 16, .box_h = 17, .ofs_x = 3, .ofs_y = 0},
    {.bitmap_index = 119384, .adv_w = 352, .box_w = 5, .box_h = 9, .ofs_x = 3, .ofs_y = -3},
    {.bitmap_index = 119407, .adv_w = 352, .box_w = 16, .box_h = 3, .ofs_x = 3, .ofs_y = 7},
    {.bitmap_index = 119419, .adv_w = 352, .box_w = 5, .box_h = 5, .ofs_x = 3, .ofs_y = 0},
    {.bitmap_index = 119430, .adv_w = 352, .box_w = 22, .box_h = 21, .ofs_x = 0, .ofs_y = -2},
    {.bitmap_index = 119529, .adv_w = 352, .box_w = 14, .box_h = 18, .ofs_x = 4, .ofs_y = -1},
    {.bitmap_index = 119634, .adv_w = 352, .box_w = 13, .box_h = 17, .ofs_x = 5, .ofs_y = 0},
    {.bitmap_index = 119673, .adv_w = 352, .box_w = 13, .box_h = 17, .ofs_x = 4, .ofs_y = 0},
    {.bitmap_index = 119758, .adv_w = 352, .box_w = 13, .box_h = 18, .ofs_x = 4, .ofs_y = -1},
    {.bitmap_index = 119859, .adv_w = 352, .box_w = 14, .box_h = 18, .ofs_x = 4, .ofs_y = -1},
    {.bitmap_index = 119929, .adv_w = 352, .box_w = 13, .box_h = 18, .ofs_x = 4, .ofs_y = -1},
    {.bitmap_index = 120021, .adv_w = 352, .box_w = 12, .box_h = 18, .ofs_x = 5, .ofs_y = -1},
    {.bitmap_index = 120120, .adv_w = 352, .box_w = 12, .box_h = 18, .ofs_x = 5, .ofs_y = -1},
    {.bitmap_index = 120188, .adv_w = 352, .box_w = 12, .box_h = 18, .ofs_x = 5, .ofs_y = -1},
    {.bitmap_index = 120290, .adv_w = 352, .box_w = 12, .box_h = 18, .ofs_x = 5, .ofs_y = -1},
    {.bitmap_index = 120388, .adv_w = 352, .box_w = 5, .box_h = 16, .ofs_x = 3, .ofs_y = -1},
    {.bitmap_index = 120418, .adv_w = 352, .box_w = 5, .box_h = 19, .ofs_x = 3, .ofs_y = -4},
    {.bitmap_index = 120458, .adv_w = 352, .box_w = 18, .box_h = 18, .ofs_x = 2, .ofs_y = -1},
    {.bitmap_index = 120566, .adv_w = 352, .box_w = 16, .box_h = 7, .ofs_x = 3, .ofs_y = 5},
    {.bitmap_index = 120589, .adv_w = 352, .box_w = 18, .box_h = 18, .ofs_x = 2, .ofs_y = -1},
    {.bitmap_index = 120698, .adv_w = 352, .box_w = 11, .box_h = 18, .ofs_x = 0, .ofs_y = -1},
    {.bitmap_index = 120774, .adv_w = 352, .box_w = 20, .box_h = 21, .ofs_x = 1, .ofs_y = -2},
    {.bitmap_index = 120955, .adv_w = 352, .box_w = 16, .box_h = 17, .ofs_x = 3, .ofs_y = 0},
    {.bitmap_index = 121060, .adv_w = 352, .box_w = 14, .box_h = 17, .ofs_x = 5, .ofs_y = 0},
    {.bitmap_index = 121142, .adv_w = 352, .box_w = 15, .box_h = 18, .ofs_x = 4, .ofs_y = -1},
    {.bitmap_index = 121242, .adv_w = 352, .box_w = 15, .box_h = 17, .ofs_x = 4, .ofs_y = 0},
    {.bitmap_index = 121327, .adv_w = 352, .box_w = 13, .box_h = 17, .ofs_x = 5, .ofs_y = 0},
    {.bitmap_index = 121371, .adv_w = 352, .box_w = 12, .box_h = 18, .ofs_x = 6, .ofs_y = -1},
    {.bitmap_index = 121406, .adv_w = 352, .box_w = 15, .box_h = 18, .ofs_x = 3, .ofs_y = -1},
    {.bitmap_index = 121514, .adv_w = 352, .box_w = 14, .box_h = 17, .ofs_x = 4, .ofs_y = 0},
    {.bitmap_index = 121548, .adv_w = 352, .box_w = 12, .box_h = 17, .ofs_x = 5, .ofs_y = 0},
    {.bitmap_index = 121583, .adv_w = 352, .box_w = 11, .box_h = 18, .ofs_x = 5, .ofs_y = -1},
    {.bitmap_index = 121625, .adv_w = 352, .box_w = 14, .box_h = 17, .ofs_x = 5, .ofs_y = 0},
    {.bitmap_index = 121707, .adv_w = 352, .box_w = 12, .box_h = 17, .ofs_x = 6, .ofs_y = 0},
    {.bitmap_index = 121729, .adv_w = 352, .box_w = 16, .box_h = 17, .ofs_x = 3, .ofs_y = 0},
    {.bitmap_index = 121827, .adv_w = 352, .box_w = 14, .box_h = 17, .ofs_x = 4, .ofs_y = 0},
    {.bitmap_index = 121904, .adv_w = 352, .box_w = 16, .box_h = 18, .ofs_x = 3, .ofs_y = -1},
    {.bitmap_index = 122024, .adv_w = 352, .box_w = 13, .box_h = 18, .ofs_x = 5, .ofs_y = -1},
    {.bitmap_index = 122088, .adv_w = 352, .box_w = 17, .box_h = 22, .ofs_x = 3, .ofs_y = -5},
    {.bitmap_index = 122234, .adv_w = 352, .box_w = 14, .box_h = 18, .ofs_x = 5, .ofs_y = -1},
    {.bitmap_index = 122320, .adv_w = 352, .box_w = 14, .box_h = 18, .ofs_x = 4, .ofs_y = -1},
    {.bitmap_index = 122429, .adv_w = 352, .box_w = 14, .box_h = 18, .ofs_x = 4, .ofs_y = -1},
    {.bitmap_index = 122459, .adv_w = 352, .box_w = 14, .box_h = 18, .ofs_x = 4, .ofs_y = -1},
    {.bitmap_index = 122522, .adv_w = 352, .box_w = 16, .box_h = 17, .ofs_x = 3, .ofs_y = 0},
    {.bitmap_index = 122628, .adv_w = 352, .box_w = 22, .box_h = 17, .ofs_x = 0, .ofs_y = 0},
    {.bitmap_index = 122794, .adv_w = 352, .box_w = 14, .box_h = 17, .ofs_x = 4, .ofs_y = 0},
    {.bitmap_index = 122895, .adv_w = 352, .box_w = 15, .box_h = 17, .ofs_x = 4, .ofs_y = 0},
    {.bitmap_index = 122970, .adv_w = 352, .box_w = 14, .box_h = 17, .ofs_x = 4, .ofs_y = 0},
    {.bitmap_index = 123044, .adv_w = 352, .box_w = 7, .box_h = 21, .ofs_x = 15, .ofs_y = -2},
    {.bitmap_index = 123065, .adv_w = 352, .box_w = 22, .box_h = 21, .ofs_x = 0, .ofs_y = -2},
    {.bitmap_index = 123158, .adv_w = 352, .box_w = 7, .box_h = 21, .ofs_x = 0, .ofs_y = -2},
    {.bitmap_index = 123179, .adv_w = 352, .box_w = 8, .box_h = 4, .ofs_x = 7, .ofs_y = 17},
    {.bitmap_index = 123195, .adv_w = 352, .box_w = 22, .box_h = 2, .ofs_x = 0, .ofs_y = -3},
    {.bitmap_index = 123202, .adv_w = 352, .box_w = 6, .box_h = 4, .ofs_x = 7, .ofs_y = 17},
    {.bitmap_index = 123215, .adv_w = 352, .box_w = 12, .box_h = 14, .ofs_x = 5, .ofs_y = -1},
    {.bitmap_index = 123295, .adv_w = 352, .box_w = 13, .box_h = 19, .ofs_x = 5, .ofs_y = -1},
    {.bitmap_index = 123373, .adv_w = 352, .box_w = 12, .box_h = 14, .ofs_x = 5, .ofs_y = -1},
    {.bitmap_index = 123442, .adv_w = 352, .box_w = 13, .box_h = 19, .ofs_x = 4, .ofs_y = -1},
    {.bitmap_index = 123522, .adv_w = 352, .box_w = 14, .box_h = 14, .ofs_x = 4, .ofs_y = -1},
    {.bitmap_index = 123604, .adv_w = 352, .box_w = 13, .box_h = 19, .ofs_x = 5, .ofs_y = -1},
    {.bitmap_index = 123661, .adv_w = 352, .box_w = 14, .box_h = 19, .ofs_x = 4, .ofs_y = -6},
    {.bitmap_index = 123779, .adv_w = 352, .box_w = 12, .box_h = 18, .ofs_x = 5, .ofs_y = 0},
    {.bitmap_index = 123823, .adv_w = 352, .box_w = 4, .box_h = 18, .ofs_x = 9, .ofs_y = 0},
    {.bitmap_index = 123841, .adv_w = 352, .box_w = 12, .box_h = 18, .ofs_x = 6, .ofs_y = 0},
    {.bitmap_index = 123905, .adv_w = 352, .box_w = 8, .box_h = 19, .ofs_x = 9, .ofs_y = -1},
    {.bitmap_index = 123936, .adv_w = 352, .box_w = 20, .box_h = 13, .ofs_x = 1, .ofs_y = 0},
    {.bitmap_index = 124005, .adv_w = 352, .box_w = 12, .box_h = 13, .ofs_x = 5, .ofs_y = 0},
    {.bitmap_index = 124046, .adv_w = 352, .box_w = 14, .box_h = 14, .ofs_x = 4, .ofs_y = -1},
    {.bitmap_index = 124132, .adv_w = 352, .box_w = 13, .box_h = 18, .ofs_x = 5, .ofs_y = -5},
    {.bitmap_index = 124217, .adv_w = 352, .box_w = 13, .box_h = 18, .ofs_x = 4, .ofs_y = -5},
    {.bitmap_index = 124298, .adv_w = 352, .box_w = 12, .box_h = 13, .ofs_x = 6, .ofs_y = 0},
    {.bitmap_index = 124335, .adv_w = 352, .box_w = 12, .box_h = 14, .ofs_x = 5, .ofs_y = -1},
    {.bitmap_index = 124412, .adv_w = 352, .box_w = 13, .box_h = 17, .ofs_x = 5, .ofs_y = -1},
    {.bitmap_index = 124474, .adv_w = 352, .box_w = 12, .box_h = 14, .ofs_x = 5, .ofs_y = -1},
    {.bitmap_index = 124518, .adv_w = 352, .box_w = 14, .box_h = 13, .ofs_x = 4, .ofs_y = 0},
    {.bitmap_index = 124594, .adv_w = 352, .box_w = 20, .box_h = 13, .ofs_x = 1, .ofs_y = 0},
    {.bitmap_index = 124714, .adv_w = 352, .box_w = 13, .box_h = 13, .ofs_x = 4, .ofs_y = 0},
    {.bitmap_index = 124790, .adv_w = 352, .box_w = 14, .box_h = 19, .ofs_x = 4, .ofs_y = -6},
    {.bitmap_index = 124892, .adv_w = 352, .box_w = 7, .box_h = 21, .ofs_x = 15, .ofs_y = -2},
    {.bitmap_index = 124953, .adv_w = 352, .box_w = 2, .box_h = 23, .ofs_x = 10, .ofs_y = -3},
    {.bitmap_index = 124960, .adv_w = 352, .box_w = 7, .box_h = 21, .ofs_x = 0, .ofs_y = -2},
    {.bitmap_index = 125021, .adv_w = 352, .box_w = 22, .box_h = 7, .ofs_x = 0, .ofs_y = 5}
};

/*---------------------
 *  CHARACTER MAPPING
 *--------------------*/

static const uint16_t unicode_list_1[] = {
    0x0, 0x27, 0x1f64, 0x1f68, 0x1f69, 0x1f6c, 0x1f6d, 0x2f51,
    0x2f52, 0x4d50, 0x4d57, 0x4d59, 0x4d5a, 0x4d5b, 0x4d5d, 0x4d5e,
    0x4d63, 0x4d64, 0x4d74, 0x4d7a, 0x4d7d, 0x4d80, 0x4d82, 0x4d8a,
    0x4d8b, 0x4d8e, 0x4d95, 0x4d98, 0x4d99, 0x4da0, 0x4dad, 0x4daf,
    0x4db0, 0x4db6, 0x4ddb, 0x4ddc, 0x4dde, 0x4de1, 0x4de4, 0x4deb,
    0x4dfc, 0x4dfe, 0x4e0a, 0x4e10, 0x4e15, 0x4e1a, 0x4e1e, 0x4e23,
    0x4e33, 0x4e34, 0x4e35, 0x4e46, 0x4e4d, 0x4e68, 0x4e6a, 0x4e70,
    0x4e80, 0x4e9d, 0x4e9f, 0x4ea3, 0x4ea9, 0x4eac, 0x4eb0, 0x4ecf,
    0x4edb, 0x4eeb, 0x4eed, 0x4ef7, 0x4f0f, 0x4f2d, 0x4f31, 0x4f62,
    0x4f8c, 0x4f9f, 0x4faa, 0x4fac, 0x4fb5, 0x4ff8, 0x501f, 0x5095,
    0x5098, 0x5099, 0x509b, 0x509d, 0x50b5, 0x50b8, 0x50bc, 0x50bd,
    0x50c1, 0x50c3, 0x50c6, 0x50c7, 0x50c8, 0x50d5, 0x50dd, 0x50e9,
    0x50f0, 0x5103, 0x5107, 0x5116, 0x511f, 0x5130, 0x514a, 0x514b,
    0x5156, 0x5157, 0x5162, 0x5167, 0x5169, 0x517b, 0x5180, 0x5186,
    0x5187, 0x518b, 0x519d, 0x51b9, 0x51bf, 0x51eb, 0x51ef, 0x51f0,
    0x51f1, 0x51f8, 0x51f9, 0x520f, 0x524e, 0x5250, 0x5255, 0x5266,
    0x5267, 0x5289, 0x528a, 0x5291, 0x529a, 0x529f, 0x52a5, 0x52b0,
    0x52b1, 0x52c3, 0x52c8, 0x52d6, 0x52db, 0x52ef, 0x530b, 0x5312,
    0x531a, 0x531c, 0x5321, 0x5326, 0x5328, 0x5330, 0x5333, 0x5336,
    0x533a, 0x533d, 0x533f, 0x5342, 0x5343, 0x5347, 0x5353, 0x5354,
    0x5358, 0x535c, 0x535d, 0x535e, 0x5361, 0x5367, 0x5376, 0x537b,
    0x537c, 0x537f, 0x5388, 0x53b8, 0x53cc, 0x53cd, 0x53dc, 0x541d,
    0x5474, 0x5496, 0x54d7, 0x55b8, 0x55ba, 0x561a, 0x562b, 0x562e,
    0x5630, 0x5644, 0x564a, 0x564d, 0x564e, 0x5656, 0x5678, 0x5680,
    0x5690, 0x5697, 0x56a0, 0x56a7, 0x56d2, 0x56db, 0x571e, 0x574a,
    0x57ae, 0x57bb, 0x57d3, 0x57ee, 0x5811, 0x5840, 0x5854, 0x5857,
    0x585d, 0x5866, 0x586a, 0x586f, 0x5877, 0x5879, 0x587a, 0x587e,
    0x5884, 0x5889, 0x58a7, 0x58cd, 0x58d2, 0x591b, 0x5aa0, 0x5aa7,
    0x5aa8, 0x5ab6, 0x5adc, 0x5ae8, 0x5aea, 0x5aee, 0x5afb, 0x5b06,
    0x5b09, 0x5b0d, 0x5b14, 0x5b1c, 0x5b48, 0x5b49, 0x5b4c, 0x5b51,
    0x5b54, 0x5b56, 0x5b5f, 0x5b61, 0x5b81, 0x5b8a, 0x5b90, 0x5b92,
    0x5b95, 0x5b9f, 0x5ba5, 0x5bae, 0x5bc1, 0x5c40, 0x5c9c, 0x5d35,
    0x5d36, 0x5d42, 0x5d44, 0x5d52, 0x5d53, 0x5d76, 0x5d77, 0x5d7e,
    0x5d88, 0x5d95, 0x5da5, 0x5dc3, 0x5dc4, 0x5dc6, 0x5ddf, 0x5de3,
    0x5de4, 0x5de5, 0x5de7, 0x5df6, 0x5e07, 0x5e4a, 0x5e50, 0x5e5f,
    0x5e65, 0x5e70, 0x5e8a, 0x5ea3, 0x5ea5, 0x5eb2, 0x5eb9, 0x5ec1,
    0x5ed4, 0x5ed5, 0x5ed8, 0x5ee7, 0x5efa, 0x5efe, 0x5f07, 0x5f13,
    0x5f15, 0x5f3b, 0x5f51, 0x5f5e, 0x5f6d, 0x5f77, 0x5f8b, 0x5fbf,
    0x5ffc, 0x6015, 0x6030, 0x603f, 0x6043, 0x605f, 0x606f, 0x6160,
    0x6161, 0x6166, 0x6183, 0x6187, 0x6190, 0x619b, 0x61a3, 0x61ab,
    0x61bc, 0x61c9, 0x61da, 0x61e3, 0x61e7, 0x61f5, 0x6219, 0x6226,
    0x622f, 0x6239, 0x624d, 0x624e, 0x6251, 0x6252, 0x6257, 0x6259,
    0x62b2, 0x62be, 0x62e2, 0x62f5, 0x62f7, 0x62f8, 0x631f, 0x6320,
    0x636c, 0x637d, 0x63fd, 0x641d, 0x641e, 0x647f, 0x6486, 0x6489,
    0x648e, 0x6498, 0x64c0, 0x64c4, 0x64d7, 0x6500, 0x6509, 0x6530,
    0x6535, 0x6546, 0x655e, 0x6563, 0x656f, 0x6570, 0x657f, 0x658e,
    0x65be, 0x65bf, 0x65c0, 0x65c4, 0x65ca, 0x65d2, 0x6642, 0x6644,
    0x664f, 0x6650, 0x6658, 0x6659, 0x665d, 0x666f, 0x667a, 0x667c,
    0x667f, 0x668a, 0x6692, 0x66b0, 0x66b1, 0x66b5, 0x66cf, 0x66d4,
    0x66e0, 0x66ea, 0x66ec, 0x6706, 0x6723, 0x6735, 0x6741, 0x6757,
    0x6758, 0x675f, 0x6787, 0x6788, 0x6789, 0x678c, 0x6796, 0x6798,
    0x67b3, 0x6810, 0x68c7, 0x6971, 0x697a, 0x69a9, 0x6a71, 0x6a9c,
    0x6ab3, 0x6ab5, 0x6b05, 0x6b1f, 0x6b24, 0x6b64, 0x6b84, 0x6b92,
    0x6b97, 0x6b99, 0x6bb0, 0x6c25, 0x6c31, 0x6c32, 0x6c38, 0x6c4c,
    0x6c8b, 0x6c91, 0x6c9b, 0x6cbe, 0x6cc7, 0x6cd8, 0x6cd9, 0x6d41,
    0x6d55, 0x6d60, 0x6d79, 0x6d82, 0x6da6, 0x6de0, 0x6e21, 0x6e2a,
    0x6e31, 0x6fbb, 0x6fbf, 0x6fc0, 0x6fc5, 0x7009, 0x703d, 0x7080,
    0x7197, 0x7198, 0x71a9, 0x7206, 0x723c, 0x72d7, 0x72ff, 0x7300,
    0x7353, 0x7356, 0x746f, 0x7478, 0x7485, 0x748b, 0x749c, 0x74a9,
    0x74b5, 0x74ba, 0x75cd, 0x75ce, 0x75d4, 0x761a, 0x7628, 0x763e,
    0x7644, 0x7648, 0x7651, 0x765b, 0x766f, 0x768c, 0x7732, 0x7735,
    0x7739, 0x7751, 0x7790, 0x77bc, 0x77be, 0x788a, 0x790b, 0x791d,
    0x7921, 0x7922, 0x793f, 0x795b, 0x79ca, 0x79e7, 0x7a26, 0x7a3f,
    0x7a76, 0x7a7c, 0x7a99, 0x7ace, 0x7ad0, 0x7ae7, 0x7af1, 0x7afd,
    0x7bcb, 0x7bd9, 0x7be7, 0x7c0e, 0x7c4b, 0x7c70, 0x7c72, 0x7c77,
    0x7c7b, 0x7d91, 0x7df2, 0x7df6, 0x7df7, 0x7dfc, 0x7dff, 0x7e03,
    0x7e05, 0x7e08, 0x7e0f, 0x7e14, 0x7e16, 0x7e1f, 0x7e23, 0x7e28,
    0x7e29, 0x7e2c, 0x7e2f, 0x7e3d, 0x7e4f, 0x7e50, 0x7e63, 0x7e66,
    0x7e79, 0x7e8a, 0x7ea1, 0x7ebe, 0x7f53, 0x7f55, 0x7f5c, 0x7f67,
    0x7f96, 0x7fa4, 0x801c, 0x8046, 0x804d, 0x8059, 0x80ce, 0x813a,
    0x8143, 0x8144, 0x817a, 0x817c, 0x81c2, 0x81ca, 0x81d2, 0x8235,
    0x8241, 0x8253, 0x8254, 0x82a0, 0x8307, 0x832c, 0x838d, 0x842d,
    0x879c, 0x87b8, 0x87fb, 0x8811, 0x8849, 0x88d1, 0x8911, 0x8914,
    0x8918, 0x8922, 0x8933, 0x8936, 0x8950, 0x8af1, 0x8af4, 0x8afe,
    0x8aff, 0x8b00, 0x8b0e, 0x8b0f, 0x8b11, 0x8b16, 0x8b21, 0x8b2d,
    0x8b35, 0x8b36, 0x8b3d, 0x8b44, 0x8b47, 0x8b4b, 0x8b53, 0x8c84,
    0x8c89, 0x8c94, 0x8ca6, 0x8cc0, 0x8cc7, 0x8cdb, 0x8d21, 0x8d2d,
    0x8d3f, 0x8d43, 0x8eb8, 0x8ebc, 0x8ebe, 0x8ebf, 0x8ecb, 0x8ecd,
    0x8ed5, 0x8ee1, 0x8ee3, 0x8ef8, 0x8f09, 0x8f17, 0x8f20, 0x8f21,
    0x8f24, 0x8f28, 0x8f29, 0x8f2b, 0x8f2e, 0x8f40, 0x8f49, 0x8f51,
    0x8f52, 0x8f56, 0x8f59, 0x8f5f, 0x8f60, 0x8f62, 0x8f64, 0x8f6a,
    0x8f6f, 0x8f70, 0x8f8b, 0x8fa3, 0x8fb5, 0x8fcf, 0x9038, 0x904d,
    0x909d, 0x90e2, 0x9117, 0x911c, 0x911d, 0x911f, 0x93d8, 0x93ef,
    0x93fe, 0x944a, 0x944e, 0x947e, 0x947f, 0x94cf, 0x953a, 0x953e,
    0x9544, 0x9555, 0x9558, 0x9583, 0x9584, 0x9585, 0x9586, 0x958f,
    0x9594, 0x9595, 0x959d, 0x95b4, 0x95df, 0x95e4, 0x9616, 0x9638,
    0x963a, 0x9647, 0x964e, 0x9650, 0x966c, 0x966e, 0x968e, 0x96ae,
    0x96b0, 0x96b2, 0x96db, 0x9743, 0x97c5, 0x97c6, 0x97c9, 0x97ca,
    0x97cb, 0x97d4, 0x97e1, 0x97e8, 0x97ec, 0x97ed, 0x981e, 0x982e,
    0x98e6, 0x99c1, 0x99cc, 0x99dc, 0x99f4, 0x9a28, 0x9dac, 0x9df6,
    0x9e14, 0x9e21, 0x9e28, 0x9ea0, 0x9ecf
};

/*Collect the unicode lists and glyph_id offsets*/
static const lv_font_fmt_txt_cmap_t cmaps[] =
{
    {
        .range_start = 32, .range_length = 95, .glyph_id_start = 1,
        .unicode_list = NULL, .glyph_id_ofs_list = NULL, .list_length = 0, .type = LV_FONT_FMT_TXT_CMAP_FORMAT0_TINY
    },
    {
        .range_start = 176, .range_length = 40656, .glyph_id_start = 96,
        .unicode_list = unicode_list_1, .glyph_id_ofs_list = NULL, .list_length = 725, .type = LV_FONT_FMT_TXT_CMAP_SPARSE_TINY
    },
    {
        .range_start = 65281, .range_length = 73, .glyph_id_start = 821,
        .unicode_list = NULL, .glyph_id_ofs_list = NULL, .list_length = 0, .type = LV_FONT_FMT_TXT_CMAP_FORMAT0_TINY
    },
    {
        .range_start = 65355, .range_length = 15, .glyph_id_start = 894,
        .unicode_list = NULL, .glyph_id_ofs_list = NULL, .list_length = 0, .type = LV_FONT_FMT_TXT_CMAP_FORMAT0_TINY
    },
    {
        .range_start = 65371, .range_length = 4, .glyph_id_start = 909,
        .unicode_list = NULL, .glyph_id_ofs_list = NULL, .list_length = 0, .type = LV_FONT_FMT_TXT_CMAP_FORMAT0_TINY
    }
};

/*-----------------
 *    KERNING
 *----------------*/


/*Map glyph_ids to kern left classes*/
static const uint8_t kern_left_class_mapping[] =
{
    0, 0, 0, 1, 0, 0, 0, 0,
    1, 2, 0, 0, 0, 3, 4, 3,
    5, 0, 0, 0, 0, 0, 0, 0,
    0, 0, 0, 6, 6, 0, 0, 0,
    0, 0, 7, 8, 9, 10, 11, 12,
    13, 0, 0, 14, 15, 16, 0, 0,
    10, 17, 10, 18, 19, 20, 21, 22,
    23, 24, 25, 26, 2, 27, 0, 0,
    0, 0, 28, 29, 30, 0, 31, 32,
    33, 34, 0, 0, 35, 36, 34, 34,
    29, 29, 37, 38, 39, 40, 37, 41,
    42, 43, 44, 45, 2, 0, 0, 0,
    0, 0, 4, 0, 0, 0, 0, 0,
    0, 0, 0, 0, 0, 0, 0, 0,
    0, 0, 0, 0, 0, 0, 0, 0,
    0, 0, 0, 0, 0, 0, 0, 0,
    0, 0, 0, 0, 0, 0, 0, 0,
    0, 0, 0, 0, 0, 0, 0, 0,
    0, 0, 0, 0, 0, 0, 0, 0,
    0, 0, 0, 0, 0, 0, 0, 0,
    0, 0, 0, 0, 0, 0, 0, 0,
    0, 0, 0, 0, 0, 0, 0, 0,
    0, 0, 0, 0, 0, 0, 0, 0,
    0, 0, 0, 0, 0, 0, 0, 0,
    0, 0, 0, 0, 0, 0, 0, 0,
    0, 0, 0, 0, 0, 0, 0, 0,
    0, 0, 0, 0, 0, 0, 0, 0,
    0, 0, 0, 0, 0, 0, 0, 0,
    0, 0, 0, 0, 0, 0, 0, 0,
    0, 0, 0, 0, 0, 0, 0, 0,
    0, 0, 0, 0, 0, 0, 0, 0,
    0, 0, 0, 0, 0, 0, 0, 0,
    0, 0, 0, 0, 0, 0, 0, 0,
    0, 0, 0, 0, 0, 0, 0, 0,
    0, 0, 0, 0, 0, 0, 0, 0,
    0, 0, 0, 0, 0, 0, 0, 0,
    0, 0, 0, 0, 0, 0, 0, 0,
    0, 0, 0, 0, 0, 0, 0, 0,
    0, 0, 0, 0, 0, 0, 0, 0,
    0, 0, 0, 0, 0, 0, 0, 0,
    0, 0, 0, 0, 0, 0, 0, 0,
    0, 0, 0, 0, 0, 0, 0, 0,
    0, 0, 0, 0, 0, 0, 0, 0,
    0, 0, 0, 0, 0, 0, 0, 0,
    0, 0, 0, 0, 0, 0, 0, 0,
    0, 0, 0, 0, 0, 0, 0, 0,
    0, 0, 0, 0, 0, 0, 0, 0,
    0, 0, 0, 0, 0, 0, 0, 0,
    0, 0, 0, 0, 0, 0, 0, 0,
    0, 0, 0, 0, 0, 0, 0, 0,
    0, 0, 0, 0, 0, 0, 0, 0,
    0, 0, 0, 0, 0, 0, 0, 0,
    0, 0, 0, 0, 0, 0, 0, 0,
    0, 0, 0, 0, 0, 0, 0, 0,
    0, 0, 0, 0, 0, 0, 0, 0,
    0, 0, 0, 0, 0, 0, 0, 0,
    0, 0, 0, 0, 0, 0, 0, 0,
    0, 0, 0, 0, 0, 0, 0, 0,
    0, 0, 0, 0, 0, 0, 0, 0,
    0, 0, 0, 0, 0, 0, 0, 0,
    0, 0, 0, 0, 0, 0, 0, 0,
    0, 0, 0, 0, 0, 0, 0, 0,
    0, 0, 0, 0, 0, 0, 0, 0,
    0, 0, 0, 0, 0, 0, 0, 0,
    0, 0, 0, 0, 0, 0, 0, 0,
    0, 0, 0, 0, 0, 0, 0, 0,
    0, 0, 0, 0, 0, 0, 0, 0,
    0, 0, 0, 0, 0, 0, 0, 0,
    0, 0, 0, 0, 0, 0, 0, 0,
    0, 0, 0, 0, 0, 0, 0, 0,
    0, 0, 0, 0, 0, 0, 0, 0,
    0, 0, 0, 0, 0, 0, 0, 0,
    0, 0, 0, 0, 0, 0, 0, 0,
    0, 0, 0, 0, 0, 0, 0, 0,
    0, 0, 0, 0, 0, 0, 0, 0,
    0, 0, 0, 0, 0, 0, 0, 0,
    0, 0, 0, 0, 0, 0, 0, 0,
    0, 0, 0, 0, 0, 0, 0, 0,
    0, 0, 0, 0, 0, 0, 0, 0,
    0, 0, 0, 0, 0, 0, 0, 0,
    0, 0, 0, 0, 0, 0, 0, 0,
    0, 0, 0, 0, 0, 0, 0, 0,
    0, 0, 0, 0, 0, 0, 0, 0,
    0, 0, 0, 0, 0, 0, 0, 0,
    0, 0, 0, 0, 0, 0, 0, 0,
    0, 0, 0, 0, 0, 0, 0, 0,
    0, 0, 0, 0, 0, 0, 0, 0,
    0, 0, 0, 0, 0, 0, 0, 0,
    0, 0, 0, 0, 0, 0, 0, 0,
    0, 0, 0, 0, 0, 0, 0, 0,
    0, 0, 0, 0, 0, 0, 0, 0,
    0, 0, 0, 0, 0, 0, 0, 0,
    0, 0, 0, 0, 0, 0, 0, 0,
    0, 0, 0, 0, 0, 0, 0, 0,
    0, 0, 0, 0, 0, 0, 0, 0,
    0, 0, 0, 0, 0, 0, 0, 0,
    0, 0, 0, 0, 0, 0, 0, 0,
    0, 0, 0, 0, 0, 0, 0, 0,
    0, 0, 0, 0, 0, 0, 0, 0,
    0, 0, 0, 0, 0, 0, 0, 0,
    0, 0, 0, 0, 0, 0, 0, 0,
    0, 0, 0, 0, 0, 0, 0, 0,
    0, 0, 0, 0, 0, 0, 0, 0,
    0, 0, 0, 0, 0, 0, 0, 0,
    0, 0, 0, 0, 0, 0, 0, 0,
    0, 0, 0, 0, 0, 0, 0, 0,
    0, 0, 0, 0, 0, 0, 0, 0,
    0, 0, 0, 0, 0, 0, 0, 0,
    0, 0, 0, 0, 0, 0, 0, 0,
    0, 0, 0, 0, 0, 0, 0, 0,
    0, 0, 0, 0, 0, 0, 0, 0,
    0, 0, 0, 0, 0, 0, 0, 0,
    0, 0, 0, 0, 0, 0, 0, 0,
    0, 0, 0, 0, 0, 0, 0, 0,
    0
};

/*Map glyph_ids to kern right classes*/
static const uint8_t kern_right_class_mapping[] =
{
    0, 0, 1, 2, 0, 0, 0, 0,
    2, 0, 3, 4, 0, 5, 6, 7,
    8, 0, 0, 0, 0, 0, 0, 0,
    0, 0, 0, 9, 10, 0, 0, 0,
    11, 0, 12, 0, 13, 0, 0, 0,
    13, 0, 0, 14, 0, 0, 0, 0,
    13, 0, 13, 0, 15, 16, 17, 18,
    19, 20, 21, 22, 0, 23, 3, 0,
    0, 0, 24, 0, 25, 25, 25, 26,
    27, 0, 28, 29, 0, 0, 30, 30,
    25, 30, 25, 30, 31, 32, 33, 34,
    35, 36, 37, 38, 0, 0, 3, 0,
    0, 0, 6, 0, 0, 0, 0, 0,
    0, 0, 0, 0, 0, 0, 0, 0,
    0, 0, 0, 0, 0, 0, 0, 0,
    0, 0, 0, 0, 0, 0, 0, 0,
    0, 0, 0, 0, 0, 0, 0, 0,
    0, 0, 0, 0, 0, 0, 0, 0,
    0, 0, 0, 0, 0, 0, 0, 0,
    0, 0, 0, 0, 0, 0, 0, 0,
    0, 0, 0, 0, 0, 0, 0, 0,
    0, 0, 0, 0, 0, 0, 0, 0,
    0, 0, 0, 0, 0, 0, 0, 0,
    0, 0, 0, 0, 0, 0, 0, 0,
    0, 0, 0, 0, 0, 0, 0, 0,
    0, 0, 0, 0, 0, 0, 0, 0,
    0, 0, 0, 0, 0, 0, 0, 0,
    0, 0, 0, 0, 0, 0, 0, 0,
    0, 0, 0, 0, 0, 0, 0, 0,
    0, 0, 0, 0, 0, 0, 0, 0,
    0, 0, 0, 0, 0, 0, 0, 0,
    0, 0, 0, 0, 0, 0, 0, 0,
    0, 0, 0, 0, 0, 0, 0, 0,
    0, 0, 0, 0, 0, 0, 0, 0,
    0, 0, 0, 0, 0, 0, 0, 0,
    0, 0, 0, 0, 0, 0, 0, 0,
    0, 0, 0, 0, 0, 0, 0, 0,
    0, 0, 0, 0, 0, 0, 0, 0,
    0, 0, 0, 0, 0, 0, 0, 0,
    0, 0, 0, 0, 0, 0, 0, 0,
    0, 0, 0, 0, 0, 0, 0, 0,
    0, 0, 0, 0, 0, 0, 0, 0,
    0, 0, 0, 0, 0, 0, 0, 0,
    0, 0, 0, 0, 0, 0, 0, 0,
    0, 0, 0, 0, 0, 0, 0, 0,
    0, 0, 0, 0, 0, 0, 0, 0,
    0, 0, 0, 0, 0, 0, 0, 0,
    0, 0, 0, 0, 0, 0, 0, 0,
    0, 0, 0, 0, 0, 0, 0, 0,
    0, 0, 0, 0, 0, 0, 0, 0,
    0, 0, 0, 0, 0, 0, 0, 0,
    0, 0, 0, 0, 0, 0, 0, 0,
    0, 0, 0, 0, 0, 0, 0, 0,
    0, 0, 0, 0, 0, 0, 0, 0,
    0, 0, 0, 0, 0, 0, 0, 0,
    0, 0, 0, 0, 0, 0, 0, 0,
    0, 0, 0, 0, 0, 0, 0, 0,
    0, 0, 0, 0, 0, 0, 0, 0,
    0, 0, 0, 0, 0, 0, 0, 0,
    0, 0, 0, 0, 0, 0, 0, 0,
    0, 0, 0, 0, 0, 0, 0, 0,
    0, 0, 0, 0, 0, 0, 0, 0,
    0, 0, 0, 0, 0, 0, 0, 0,
    0, 0, 0, 0, 0, 0, 0, 0,
    0, 0, 0, 0, 0, 0, 0, 0,
    0, 0, 0, 0, 0, 0, 0, 0,
    0, 0, 0, 0, 0, 0, 0, 0,
    0, 0, 0, 0, 0, 0, 0, 0,
    0, 0, 0, 0, 0, 0, 0, 0,
    0, 0, 0, 0, 0, 0, 0, 0,
    0, 0, 0, 0, 0, 0, 0, 0,
    0, 0, 0, 0, 0, 0, 0, 0,
    0, 0, 0, 0, 0, 0, 0, 0,
    0, 0, 0, 0, 0, 0, 0, 0,
    0, 0, 0, 0, 0, 0, 0, 0,
    0, 0, 0, 0, 0, 0, 0, 0,
    0, 0, 0, 0, 0, 0, 0, 0,
    0, 0, 0, 0, 0, 0, 0, 0,
    0, 0, 0, 0, 0, 0, 0, 0,
    0, 0, 0, 0, 0, 0, 0, 0,
    0, 0, 0, 0, 0, 0, 0, 0,
    0, 0, 0, 0, 0, 0, 0, 0,
    0, 0, 0, 0, 0, 0, 0, 0,
    0, 0, 0, 0, 0, 0, 0, 0,
    0, 0, 0, 0, 0, 0, 0, 0,
    0, 0, 0, 0, 0, 0, 0, 0,
    0, 0, 0, 0, 0, 0, 0, 0,
    0, 0, 0, 0, 0, 0, 0, 0,
    0, 0, 0, 0, 0, 0, 0, 0,
    0, 0, 0, 0, 0, 0, 0, 0,
    0, 0, 0, 0, 0, 0, 0, 0,
    0, 0, 0, 0, 0, 0, 0, 0,
    0, 0, 0, 0, 0, 0, 0, 0,
    0, 0, 0, 0, 0, 0, 0, 0,
    0, 0, 0, 0, 0, 0, 0, 0,
    0, 0, 0, 0, 0, 0, 0, 0,
    0, 0, 0, 0, 0, 0, 0, 0,
    0, 0, 0, 0, 0, 0, 0, 0,
    0, 0, 0, 0, 0, 0, 0, 0,
    0, 0, 0, 0, 0, 0, 0, 0,
    0, 0, 0, 0, 0, 0, 0, 0,
    0, 0, 0, 0, 0, 0, 0, 0,
    0, 0, 0, 0, 0, 0, 0, 0,
    0, 0, 0, 0, 0, 0, 0, 0,
    0, 0, 0, 0, 0, 0, 0, 0,
    0, 0, 0, 0, 0, 0, 0, 0,
    0, 0, 0, 0, 0, 0, 0, 0,
    0, 0, 0, 0, 0, 0, 0, 0,
    0, 0, 0, 0, 0, 0, 0, 0,
    0, 0, 0, 0, 0, 0, 0, 0,
    0, 0, 0, 0, 0, 0, 0, 0,
    0, 0, 0, 0, 0, 0, 0, 0,
    0, 0, 0, 0, 0, 0, 0, 0,
    0, 0, 0, 0, 0, 0, 0, 0,
    0
};

/*Kern values between classes*/
static const int8_t kern_class_values[] =
{
    0, 0, 0, 0, -49, 0, -49, 0,
    0, 0, 0, -25, 0, -41, -5, 0,
    0, 0, 0, -5, 0, 0, 0, 0,
    -12, 0, 0, 0, 0, 0, -9, 0,
    0, 0, 0, 0, 0, 0, 0, 0,
    0, 0, 0, 0, 0, 0, 0, 0,
    0, 0, 0, -9, 0, 0, 0, 0,
    0, 0, 0, 0, 0, 0, 0, 0,
    0, 0, 30, 0, 0, 0, 0, 0,
    0, 0, 0, 0, 0, -43, 0, -59,
    0, 0, 0, 0, 0, 0, 0, 0,
    0, 0, 0, -40, -10, -28, -15, 0,
    -40, 0, 0, 0, -6, 0, 0, 0,
    10, 0, 0, -21, 0, -18, -12, 0,
    -9, 0, 0, 0, 0, 0, 0, 0,
    0, 0, 0, 0, 0, 0, 0, -9,
    -10, -21, 0, -9, -5, -13, -29, -9,
    0, 0, 0, 0, 0, 0, 0, 0,
    0, -11, 0, -5, 0, -7, 0, 0,
    0, 0, 0, 0, 0, 0, 0, 0,
    0, 0, 0, -17, -5, -33, 0, 0,
    0, 0, 0, 0, 0, 0, 0, -11,
    -12, 0, -5, 6, 6, 0, 0, 0,
    -9, 0, 0, 0, 0, 0, 0, 0,
    0, -19, 0, 0, 0, 0, 0, 0,
    0, 0, 0, 0, 0, 0, 0, 0,
    0, 0, -13, 0, 0, 0, 0, 0,
    0, 0, 0, 0, 0, 0, 0, 0,
    0, 0, 0, 0, 0, -25, 0, -37,
    0, 0, 0, 0, 0, 0, -13, -3,
    -5, 0, 0, -25, -7, -7, 0, -1,
    -7, -4, -17, 7, 0, -5, 0, 0,
    0, 0, 7, -7, -3, -5, -4, -4,
    -5, 0, 0, 0, 0, -13, 0, 0,
    0, 0, 0, 0, 0, 0, 0, -8,
    -7, -11, 0, -5, -4, -4, -7, -4,
    0, 0, 0, 0, 0, 0, 0, 0,
    0, -5, 0, -7, -5, -5, -7, 0,
    0, 0, 0, 0, 0, -13, 0, 0,
    0, 0, 0, 0, -14, -5, -11, -8,
    -7, -4, -4, -4, -5, -5, 0, 0,
    0, 0, -9, 0, 0, 0, 0, -13,
    -5, -7, -5, 0, -7, 0, 0, 0,
    0, -14, 0, 0, 0, -8, 0, 0,
    0, -5, 0, -19, 0, -11, 0, -5,
    -3, -10, -9, -9, 0, 0, 0, 0,
    0, 0, 0, 0, 0, 0, 0, 0,
    0, -7, 0, -5, 0, 0, 0, 0,
    0, 0, 0, 0, 0, 0, 0, 0,
    0, 0, 0, 0, 0, 0, 0, 0,
    0, 0, 0, 0, -5, 0, 0, 0,
    0, 0, 0, -11, 0, -5, 0, -15,
    -5, 0, 0, 0, 0, 0, -32, 0,
    -32, -27, 0, 0, 0, -17, -5, -56,
    -10, 0, 0, -1, -1, -11, -3, -13,
    0, -15, -7, 0, -11, 0, 0, -9,
    -10, -5, -8, -11, -9, -13, -9, -15,
    0, 0, 0, -12, 0, 0, 0, 0,
    0, 0, 0, -4, 0, 0, 0, -9,
    0, -7, -4, 0, 0, 0, 0, 0,
    0, 0, 0, 0, 0, 0, 0, 0,
    0, 0, 0, 0, 0, 0, 0, 0,
    0, 0, -11, 0, -11, 0, 0, 0,
    0, 0, 0, -17, 0, 0, 0, 0,
    0, 0, 0, 0, 0, 0, 0, 0,
    0, 0, 0, 0, 0, 0, 0, 0,
    0, 0, 0, 0, 0, -12, 0, -17,
    0, -15, 0, 0, 0, 0, -5, -5,
    -10, 0, -6, -10, -7, -7, -5, 0,
    -9, 0, 0, 0, -5, 0, 0, 0,
    -5, 0, 0, -17, -7, -11, -9, -9,
    -11, -7, 0, -42, 0, -64, 0, -21,
    0, 0, 0, 0, -17, -1, -13, 0,
    -11, -49, -14, -32, -24, 0, -33, 0,
    -33, 0, -6, -7, -4, 0, 0, 0,
    0, -10, -5, -18, -15, 0, -18, 0,
    0, 0, 0, 0, -48, -13, -48, -30,
    0, 0, 0, -21, 0, -59, -5, -10,
    0, 0, 0, -11, -5, -31, 0, -17,
    -11, 0, -12, 0, 0, 0, -5, 0,
    0, 0, 0, -7, 0, -9, 0, 0,
    0, -5, 0, -12, 0, 0, 0, 0,
    0, -4, 0, -8, -7, -7, 0, -1,
    0, -4, -4, -5, 0, -4, -5, 0,
    -4, 0, 0, 0, 0, 0, 0, 0,
    0, -5, 0, -5, 0, 0, 0, -7,
    0, 5, 0, 0, 0, 0, 0, 0,
    0, -7, -7, -9, 0, 0, 0, 0,
    -7, 0, 0, 0, 0, 0, 0, 0,
    0, 0, 0, -11, 0, 0, 0, 0,
    0, -3, 0, 0, 0, 0, -44, -29,
    -44, -35, -9, -9, 0, -17, -11, -51,
    -15, 0, 0, 0, 0, -9, -7, -21,
    0, -29, -29, -8, -29, 0, 0, -19,
    -25, -8, -19, -13, -14, -15, -13, -30,
    0, 0, 0, 0, -9, 0, -9, -12,
    0, 0, 0, -7, 0, -21, -5, 0,
    0, -4, 0, -5, -7, 0, 0, -4,
    0, 0, -5, 0, 0, 0, -4, 0,
    0, 0, 0, -5, 0, 0, 0, 0,
    0, 0, -28, -9, -28, -18, 0, 0,
    0, -7, -5, -29, -5, 0, -5, 2,
    0, 0, 0, -9, 0, -12, -8, 0,
    -10, 0, 0, -9, -7, 0, -13, -5,
    -5, -8, -5, -11, 0, 0, 0, 0,
    -15, -5, -15, -11, 0, 0, 0, 0,
    -3, -25, -3, 0, 0, 0, 0, 0,
    0, -3, 0, -7, 0, 0, -5, 0,
    0, 0, 0, 0, 0, 0, 0, 0,
    0, -5, 0, -5, 0, -5, 0, -13,
    0, 0, 0, 0, 0, -1, -10, -4,
    -7, -9, -5, 0, 0, 0, 0, 0,
    0, -5, -5, -9, 0, 0, 0, 0,
    0, -9, -5, -9, -7, -5, -9, -7,
    0, 0, 0, 0, -40, -29, -40, -26,
    -13, -13, -5, -7, -7, -41, -8, -7,
    -5, 0, 0, 0, 0, -11, 0, -29,
    -19, 0, -25, 0, 0, -17, -19, -15,
    -15, -7, -11, -15, -7, -21, 0, 0,
    0, 0, 0, -14, 0, 0, 0, 0,
    0, -3, -9, -13, -13, 0, -5, -3,
    -3, 0, -7, -7, 0, -7, -9, -9,
    -7, 0, 0, 0, 0, -7, -10, -7,
    -7, -11, -7, 0, 0, 0, 0, 0,
    0, 0, 0, 0, 0, 0, 0, 0,
    0, 0, 0, -33, -12, -21, -12, 0,
    -29, 0, 0, 0, 0, 0, 11, 0,
    26, 0, 0, 0, 0, -9, -5, 0,
    2, 0, 0, 0, 0, -21, 0, 0,
    0, 0, 0, 0, -8, 0, 0, 0,
    0, -11, 0, -9, -4, 0, -11, 0,
    0, 0, 0, 0, 0, 0, 0, 0,
    0, -7, 0, 0, 0, 0, 0, 0,
    0, -12, 0, -10, -5, 0, -5, 0,
    0, 0, -8, 0, 0, 0, 0, -24,
    0, -9, 0, -4, -21, 0, -13, -7,
    0, -2, 0, 0, 0, 0, -2, -10,
    0, -4, -4, -10, -4, -5, 0, 0,
    0, 0, 0, -11, 0, 0, 0, 0,
    0, 0, 0, 0, 0, -9, 0, -7,
    0, 0, -11, 0, 0, -5, -11, 0,
    -5, 0, 0, 0, 0, -5, 0, 0,
    0, 0, 0, 0, 0, 0, 0, -14,
    0, 2, 0, 0, 0, 0, -5, 0,
    0, -9, -9, -11, 0, -9, -5, 0,
    -13, 0, -11, -7, 0, -2, -5, 0,
    0, 0, 0, -5, 0, -1, -1, -5,
    -1, -2, 3, 14, 17, 0, -23, -7,
    -23, -6, 0, 0, 8, 0, 0, 0,
    0, 17, 0, 24, 17, 11, 20, 0,
    20, -9, -5, 0, -7, 0, -5, 0,
    -4, 0, 0, 2, 0, -4, 0, -7,
    0, 0, 3, -13, 0, 0, 0, 15,
    0, 0, -17, 0, 0, 0, 0, -13,
    0, 0, 0, 0, -7, 0, 0, -8,
    -7, 0, 0, 0, 14, 0, 0, 0,
    0, -4, -4, 0, 3, -7, 0, 0,
    0, -14, 0, 0, 0, 0, 0, 0,
    -5, 0, 0, 0, 0, -11, 0, -5,
    0, 0, -9, 0, 0, 0, 0, 0,
    0, 0, 0, 0, 0, 0, 0, 0,
    0, 0, 0, 0, 0, 0, 0, -10,
    2, -23, 2, 0, 2, 2, -8, 0,
    0, 0, 0, -17, 0, 0, 0, 0,
    -7, 0, 0, -5, -10, 0, -5, 0,
    -5, 0, 0, -12, -7, 0, 0, -5,
    0, -5, 0, 0, 0, 0, 0, 0,
    0, 0, 0, 0, 0, 0, 0, 0,
    0, 0, 0, 0, 0, 0, 0, 0,
    0, 0, 0, 0, 0, 0, 2, 0,
    0, 0, 0, 0, 0, 0, 0, 0,
    0, 0, 0, -10, 0, 0, 0, 0,
    0, 0, 0, 0, 0, 0, 0, -9,
    0, -7, 0, 0, -13, 0, 0, 0,
    0, 0, 0, 0, 0, 0, 0, 0,
    0, 0, 0, 0, 0, 0, 0, 0,
    0, 0, -27, -11, -27, -14, 6, 6,
    0, -7, 0, -25, 0, 0, 0, 0,
    0, 0, 0, -5, 2, -11, -5, 0,
    -5, 0, 0, 0, -4, 0, 0, 6,
    5, 0, 6, -4, 0, 0, 0, -19,
    0, 2, 0, 0, 0, 0, -7, 0,
    0, 0, 0, -11, 0, -5, 0, 0,
    -9, 0, 0, 0, 0, 0, 0, 0,
    0, 0, 0, -9, 0, 0, 0, 0,
    0, 0, 0, 0, 0, 0, -1, -13,
    -1, 1, 3, 3, -13, 0, 0, 0,
    0, -7, 0, 0, 0, 0, -4, 0,
    0, -10, -7, 0, -5, 0, 0, 0,
    -5, -9, 0, 0, 0, -7, 0, 0,
    0, 0, 0, -6, -18, -5, -18, -9,
    0, 0, 0, -6, 0, -17, 0, -9,
    0, -5, 0, 0, -7, -5, 0, -9,
    -4, 0, 0, 0, -5, 0, 0, 0,
    0, 0, 0, 0, 0, -11, 0, 0,
    0, -6, -21, 0, -21, -4, 0, 0,
    0, -4, 0, -13, 0, -11, 0, -5,
    0, -7, -11, 0, 0, -5, -4, 0,
    0, 0, -5, 0, 0, 0, 0, 0,
    0, 0, 0, -10, -7, 0, 0, -10,
    2, -7, -5, 0, 0, 2, 0, 0,
    -5, 0, -4, -13, 0, -8, 0, -5,
    -15, 0, 0, -5, -10, 0, 0, 0,
    0, 0, 0, -11, 0, 0, 0, 0,
    -4, 0, 0, 0, 0, 0, -18, 0,
    -18, -6, 0, 0, 0, 0, 0, -17,
    0, -9, 0, -4, 0, -4, -5, 0,
    0, -9, -4, 0, 0, 0, -5, 0,
    0, 0, 0, 0, 0, -7, 0, -11,
    0, 0, 0, 0, 0, -9, 0, 0,
    0, 0, 0, 0, 0, 0, 0, -11,
    0, 0, 0, 0, -12, 0, 0, -10,
    -5, 0, -3, 0, 0, 0, 0, 0,
    -5, -4, 0, 0, -4, 0
};


/*Collect the kern class' data in one place*/
static const lv_font_fmt_txt_kern_classes_t kern_classes =
{
    .class_pair_values   = kern_class_values,
    .left_class_mapping  = kern_left_class_mapping,
    .right_class_mapping = kern_right_class_mapping,
    .left_class_cnt      = 45,
    .right_class_cnt     = 38,
};

/*--------------------
 *  ALL CUSTOM DATA
 *--------------------*/

#if LVGL_VERSION_MAJOR == 8
/*Store all the custom data of the font*/
static  lv_font_fmt_txt_glyph_cache_t cache;
#endif

#if LVGL_VERSION_MAJOR >= 8
static const lv_font_fmt_txt_dsc_t font_dsc = {
#else
static lv_font_fmt_txt_dsc_t font_dsc = {
#endif
    .glyph_bitmap = glyph_bitmap,
    .glyph_dsc = glyph_dsc,
    .cmaps = cmaps,
    .kern_dsc = &kern_classes,
    .kern_scale = 16,
    .cmap_num = 5,
    .bpp = 4,
    .kern_classes = 1,
    .bitmap_format = 1,
#if LVGL_VERSION_MAJOR == 8
    .cache = &cache
#endif
};



/*-----------------
 *  PUBLIC FONT
 *----------------*/

/*Initialize a public general font descriptor*/
#if LVGL_VERSION_MAJOR >= 8
const lv_font_t font_title_22 = {
#else
lv_font_t font_title_22 = {
#endif
    .get_glyph_dsc = lv_font_get_glyph_dsc_fmt_txt,    /*Function pointer to get glyph's data*/
    .get_glyph_bitmap = lv_font_get_bitmap_fmt_txt,    /*Function pointer to get glyph's bitmap*/
    .line_height = 27,          /*The maximum line height required by the font*/
    .base_line = 6,             /*Baseline measured from the bottom of the line*/
#if !(LVGL_VERSION_MAJOR == 6 && LVGL_VERSION_MINOR == 0)
    .subpx = LV_FONT_SUBPX_NONE,
#endif
#if LV_VERSION_CHECK(7, 4, 0) || LVGL_VERSION_MAJOR >= 8
    .underline_position = -3,
    .underline_thickness = 1,
#endif
    .dsc = &font_dsc,          /*The custom font data. Will be accessed by `get_glyph_bitmap/dsc` */
#if LV_VERSION_CHECK(8, 2, 0) || LVGL_VERSION_MAJOR >= 9
    .fallback = NULL,
#endif
    .user_data = NULL,
};



#endif /*#if FONT_TITLE_22*/

