/*******************************************************************************
 * Size: 16 px
 * Bpp: 4
 * Opts: --font C:\Users\Administrator\Downloads\AIWatch\assets\fonts\noto-sans-sc-v40-chinese-simplified-regular.ttf --format lvgl --lv-include lvgl.h --bpp 4 --size 16 --range 0x20-0x7F,0x2014,0x2018-0x2019,0x201C-0x201D,0x3001,0x3002,0xFF01-0xFF5E --symbols #AI手表U设计规格文档基于ESP32-.06寸MOLD触控开发板（分辨率*41×5px，Q接口双麦克风阵列）用quareintdo+VGv8界面搭建>屏幕础参数：圆角矩形盘非全议工程置为`Rsl:Chb(B)或按驱动实际多/。局坐标系以左上,X向右Y下通组件范|状态栏时间字体白色F式H顶部题高度约应图钮直径纯背景线性居中方签与距行7含隔强调主粉播放进、绿步红橙番茄钟蓝天气牙紫音乐卡片壁纸页黑省电总览预九宫途菜单冠入各功能模块布结构[]🔋%月日周六对话细节画位=y号粗期灰池百比齐网容器起始9均第~底水平齿轮"_j作cfg每个内嵌m点击事跳转到所需资源尺说明N透条晴云机人彩跑符矢量显示据依赖统TW连同读取压硬路换无外络默认待落山渐变空脉倒影湖大定📍北京半叠加层宽°侧竖排指使在和J可做套供户切商店小共城市名若载如德腾讯服务逆地理编码见只子集一本缓存最近次请求果减少频刷新区太阳其再箭头报留逐等纵刻温的胶囊拖拽提滑查看更合展横包裹简拟现势雨雪雷种缩版重要过推荐国有免费额w及心知科学海经纬K返回解析段当前描述代未来端映射储因备不便并避繁耗流泡像消息深附边你好！什么我帮吗？历史完整项两略戳例写份目划书怎样些适阅长自义滚唤醒录悬浮波拾帧选序核这是力语输采活检测降噪智生案k信支持配三飞阿里识别先型z<将复成微软联记挂{}架仅关后处轻算央环顺针递剩余专注操匀暂停秒&逻辑；送鞋偏紧贴火焰公柱详趋法速确具传感—常峰值库阈窗估幅验离精轨迹该否则健康类歌曲封垂制填充已随喇叭占根出扬声获易带从典遥保启续亮黄言球靠至满二级择协栈管光寄般境增益串固址久化导航键首情卸优框链杂问还决清仓抓命搜索引擎收眼夹习惯缀驼即改响打致原勾除另颜闪而💡准积铺会很快吃道素译灵阴雾霾也绘枚举拉裁聆听呼吸效循灯替真杠阶者造思晰巴普惠丰富霞鹜楷得意泼想把塞几万十扛住必须正副艺术家辅助骤官汉访就抗锯且霜冷热今年四五星汇去缺证英令\都涉运批属被纳围匹考张够独相给渲染走∶ -o C:\Users\Administrator\Downloads\AIWatch\assets\fonts\lvgl\font_body_16.c
 ******************************************************************************/

#ifdef LV_LVGL_H_INCLUDE_SIMPLE
#include "lvgl.h"
#else
#include "lvgl.h"
#endif

#ifndef FONT_BODY_16
#define FONT_BODY_16 1
#endif

#if FONT_BODY_16

/*-----------------
 *    BITMAPS
 *----------------*/

/*Store the image of the glyphs*/
static LV_ATTRIBUTE_LARGE_CONST const uint8_t glyph_bitmap[] = {
    /* U+0020 " " */

    /* U+0021 "!" */
    0x2f, 0x40, 0x8, 0xc0, 0x33, 0x88, 0x6, 0x10,
    0xe, 0x30, 0x81, 0x5, 0x5, 0xd8, 0x10, 0xe0,

    /* U+0022 "\"" */
    0x8f, 0x6, 0xf1, 0x1, 0x0, 0xde, 0x60, 0x40,
    0x24, 0x20, 0xe2, 0xf, 0x60, 0x4c, 0x0,

    /* U+0023 "#" */
    0x0, 0xb8, 0x1, 0x68, 0x1, 0x11, 0x0, 0xc,
    0xa0, 0x13, 0x30, 0x0, 0x42, 0x0, 0xfb, 0x5f,
    0xf0, 0x7a, 0x87, 0xbc, 0xfe, 0x27, 0xa8, 0x0,
    0x88, 0xc, 0x20, 0x19, 0x98, 0x6, 0x40, 0x5,
    0xe3, 0xce, 0x97, 0xe0, 0x5f, 0xf, 0xf2, 0x57,
    0x80, 0x44, 0x22, 0x77, 0x8, 0x0, 0x98, 0x0,
    0x46, 0x1, 0x31, 0x0, 0x4, 0x40, 0x0,

    /* U+0024 "$" */
    0x0, 0xd0, 0x1, 0xf3, 0x80, 0x72, 0xe8, 0x73,
    0x80, 0xe, 0x92, 0xe2, 0x50, 0x2c, 0x65, 0x1b,
    0xd0, 0x3, 0xc2, 0x0, 0xb1, 0xa1, 0x0, 0xc7,
    0x69, 0xee, 0x1, 0x93, 0x9a, 0x30, 0x3, 0xa2,
    0xce, 0x0, 0x39, 0x15, 0x0, 0x80, 0x30, 0xb8,
    0x7e, 0x2a, 0x42, 0x70, 0x62, 0xdd, 0x96, 0x54,
    0x6, 0x78, 0x35, 0x80, 0x3f, 0x80,

    /* U+0025 "%" */
    0x4, 0xde, 0xa0, 0xc, 0x58, 0x1, 0xd5, 0x3c,
    0x30, 0x1, 0x4c, 0x0, 0x64, 0x34, 0xf, 0x50,
    0x2, 0x2, 0x0, 0x61, 0x10, 0x1, 0xcc, 0x1,
    0x10, 0x0, 0xe1, 0x10, 0x1, 0xcc, 0x15, 0x8a,
    0xfa, 0x80, 0x8, 0x6a, 0x1e, 0xa1, 0x10, 0xb3,
    0xe0, 0x90, 0x6, 0xcf, 0x14, 0x32, 0x12, 0xc8,
    0x43, 0x80, 0xf, 0x3a, 0x42, 0xe0, 0x84, 0x40,
    0x42, 0x20, 0xe, 0x8a, 0x10, 0xf, 0xf8, 0x55,
    0xc0, 0x84, 0x40, 0x40, 0x20, 0x1a, 0x2c, 0x2,
    0x49, 0xb, 0x60, 0xc, 0x48, 0xc0, 0x15, 0x27,
    0x14, 0x0,

    /* U+0026 "&" */
    0x0, 0xab, 0xf5, 0x40, 0x3d, 0x2d, 0xd7, 0x40,
    0x1e, 0x4a, 0x17, 0x1, 0x0, 0xe1, 0x10, 0x41,
    0x88, 0x7, 0x25, 0x51, 0x34, 0x3, 0xda, 0x4b,
    0xa2, 0x0, 0x72, 0x5, 0xa1, 0x11, 0x0, 0x12,
    0xc, 0xaa, 0x39, 0x7c, 0x43, 0x94, 0x50, 0x1c,
    0x2c, 0x31, 0x96, 0x0, 0xc0, 0x80, 0x18, 0x52,
    0x84, 0xa, 0x58, 0xa6, 0xc0, 0x4, 0xa2, 0xc,
    0x4b, 0xcb, 0xaf, 0xb1, 0x70,

    /* U+0027 "'" */
    0x8f, 0x1, 0xf3, 0x21, 0x7b,

    /* U+0028 "(" */
    0x0, 0xf4, 0x40, 0x5, 0xe4, 0x19, 0x44, 0x2b,
    0xc0, 0x49, 0x1, 0x4, 0x40, 0x64, 0x0, 0xe7,
    0x0, 0x78, 0x4, 0x2e, 0x0, 0x32, 0x0, 0x20,
    0x88, 0x4, 0x90, 0x1, 0x5e, 0x0, 0x64, 0x10,
    0x16, 0x90, 0x4, 0x40,

    /* U+0029 ")" */
    0x1, 0x0, 0x17, 0x80, 0x9, 0x1c, 0x1, 0xd2,
    0x0, 0x40, 0x40, 0x2, 0x60, 0x3, 0x4c, 0x0,
    0x4c, 0x0, 0x13, 0x0, 0xf0, 0x98, 0x0, 0x98,
    0x1, 0xa6, 0x0, 0x4b, 0x4, 0x33, 0x7, 0xd0,
    0x12, 0xb8, 0x17, 0x0, 0x0,

    /* U+002A "*" */
    0x0, 0x59, 0x80, 0x14, 0xd9, 0x54, 0x25, 0xa5,
    0x3c, 0x6f, 0x22, 0x2b, 0x21, 0x9c, 0x47, 0x1,
    0xf2, 0xa7, 0x0,

    /* U+002B "+" */
    0x0, 0xc6, 0x1, 0xf1, 0x60, 0x7, 0xff, 0x29,
    0x7f, 0xda, 0x1f, 0xf2, 0x2e, 0xea, 0xc3, 0x76,
    0x40, 0x22, 0x30, 0x11, 0x40, 0x1f, 0xfc, 0x70,

    /* U+002C "," */
    0x0, 0xe9, 0xf3, 0x0, 0x90, 0x25, 0x44, 0x11,
    0xc, 0x11, 0xa0, 0xc, 0x30,

    /* U+002D "-" */
    0x4f, 0xfb, 0x53, 0x76, 0xf0,

    /* U+002E "." */
    0x2, 0xb, 0xd2, 0x20, 0x98,

    /* U+002F "/" */
    0x0, 0xc7, 0xc0, 0x1c, 0x8e, 0x1, 0xd7, 0xa0,
    0x18, 0x49, 0x0, 0x33, 0xa0, 0x7, 0x6f, 0x80,
    0x61, 0x45, 0x0, 0xc8, 0x80, 0xe, 0xfd, 0x0,
    0xe5, 0x70, 0xc, 0x86, 0x20, 0x1b, 0x6c, 0x3,
    0x9d, 0x40, 0x31, 0x98, 0x80, 0x35, 0xa8, 0x7,
    0x75, 0x0, 0x70,

    /* U+0030 "0" */
    0x0, 0x26, 0xfe, 0x18, 0x4, 0x76, 0xb8, 0xb8,
    0x20, 0x9, 0x38, 0x39, 0x28, 0x0, 0x2d, 0x80,
    0x4a, 0x80, 0x20, 0x60, 0x17, 0x10, 0x18, 0x38,
    0x4, 0x60, 0x20, 0x1f, 0x84, 0xc1, 0xc0, 0x23,
    0x0, 0x8, 0x8c, 0x2, 0xe2, 0x0, 0x25, 0x80,
    0x4a, 0xa0, 0x4, 0x9c, 0x9d, 0x14, 0x80, 0xe,
    0xd3, 0x1b, 0x4, 0x0,

    /* U+0031 "1" */
    0x4, 0x9f, 0x70, 0xa, 0x14, 0x3, 0xb3, 0x0,
    0x1f, 0xfe, 0x92, 0x33, 0x7, 0x19, 0xaf, 0x30,
    0xd, 0x9c,

    /* U+0032 "2" */
    0x2, 0xae, 0xfb, 0x20, 0x0, 0xe0, 0x55, 0xb6,
    0x8, 0xd, 0xd2, 0x23, 0xc5, 0xc0, 0xa, 0x1,
    0x10, 0x8, 0x7, 0x84, 0x8, 0x3, 0xce, 0x8,
    0x1, 0xc3, 0xe, 0x20, 0x1d, 0x47, 0x0, 0x1d,
    0x29, 0xe0, 0x1d, 0xd, 0x64, 0x1, 0xa5, 0xe1,
    0xcc, 0xe0, 0x46, 0x8, 0xcc, 0xc2,

    /* U+0033 "3" */
    0x1, 0xae, 0xfc, 0x40, 0x6, 0xd, 0x5b, 0xd9,
    0x86, 0x5a, 0x22, 0xc2, 0xc0, 0x40, 0x3b, 0xc0,
    0x31, 0xd9, 0x30, 0x0, 0xbf, 0x1b, 0x4, 0x0,
    0x59, 0x4d, 0xe4, 0x1, 0x1a, 0xd9, 0x70, 0x7,
    0x90, 0xc1, 0x40, 0x31, 0x92, 0x55, 0x11, 0x14,
    0x90, 0x98, 0x35, 0x6d, 0x4a,

    /* U+0034 "4" */
    0x0, 0xc5, 0xfa, 0x1, 0xe9, 0x0, 0xf9, 0x10,
    0xa0, 0x1e, 0x96, 0x20, 0xe, 0x73, 0x81, 0x0,
    0xc3, 0x16, 0x20, 0x1d, 0x66, 0xa0, 0x1c, 0x8b,
    0xc0, 0x1e, 0xe0, 0xdf, 0xf3, 0x17, 0xb4, 0x66,
    0x63, 0xc, 0x72, 0x33, 0xca, 0x46, 0x20, 0x1f,
    0xc0,

    /* U+0035 "5" */
    0x4, 0xff, 0xe7, 0x0, 0x8, 0x5d, 0xe6, 0x0,
    0x18, 0xa2, 0x61, 0x0, 0x9, 0x80, 0x7d, 0xc7,
    0x9d, 0x8a, 0x1, 0x62, 0x46, 0xad, 0x30, 0x1,
    0x69, 0xe, 0x4e, 0xc0, 0x3e, 0x42, 0x0, 0xff,
    0x90, 0x3, 0x2a, 0x2, 0x5c, 0xa2, 0x2c, 0xa0,
    0x12, 0xca, 0xac, 0x30, 0xc0,

    /* U+0036 "6" */
    0x0, 0xa7, 0xbf, 0x8, 0x2, 0xc7, 0x8b, 0x4b,
    0x0, 0x31, 0xe3, 0x24, 0x48, 0x2, 0x94, 0x80,
    0x3c, 0x79, 0x1b, 0xd0, 0x0, 0x10, 0x90, 0xeb,
    0x69, 0x0, 0x9a, 0xd, 0x65, 0x80, 0x43, 0x0,
    0x23, 0x2, 0x2, 0xd0, 0xf, 0x95, 0x40, 0x16,
    0x9, 0x4, 0x9d, 0x1a, 0xbc, 0x80, 0x7, 0x7,
    0x2e, 0x1c, 0x0,

    /* U+0037 "7" */
    0x3f, 0xff, 0x84, 0xee, 0xf8, 0x90, 0x41, 0x13,
    0x9, 0x50, 0x7, 0xa2, 0x2, 0x1, 0xc8, 0x4e,
    0x1, 0xef, 0x50, 0xf, 0x93, 0xc0, 0x3c, 0x80,
    0xe0, 0x1e, 0x30, 0x20, 0xf, 0x69, 0x0, 0x7c,
    0x22, 0x0, 0xf9, 0xdc, 0x1, 0x80,

    /* U+0038 "8" */
    0x0, 0x2e, 0xfe, 0xb0, 0x4, 0x95, 0x7b, 0x72,
    0x80, 0xe, 0x46, 0x26, 0x5e, 0x0, 0x18, 0x6,
    0x30, 0xa, 0x91, 0x80, 0x9, 0xc0, 0x3, 0x99,
    0x65, 0x2a, 0x0, 0xe, 0x25, 0x15, 0x4, 0x1,
    0xb0, 0xd1, 0xc3, 0x40, 0x62, 0xe0, 0x1, 0x84,
    0x11, 0x1, 0x0, 0x78, 0x93, 0x50, 0x96, 0xd4,
    0x42, 0xda, 0xb6, 0xda, 0x80,

    /* U+0039 "9" */
    0x0, 0x4f, 0x7d, 0x8, 0x5, 0x4f, 0x58, 0x38,
    0x0, 0x25, 0xb4, 0x3b, 0x37, 0x6, 0x4, 0x0,
    0x9e, 0xc1, 0xc0, 0x80, 0x21, 0x30, 0x31, 0xf1,
    0x6, 0x70, 0xb, 0x47, 0xbf, 0x20, 0x2, 0x3d,
    0xef, 0xaf, 0x20, 0xc, 0x20, 0x3, 0x70, 0xf,
    0x1a, 0x70, 0x3, 0x25, 0x1b, 0x55, 0x0, 0x1e,
    0xb7, 0xd, 0x40, 0x0,

    /* U+003A ":" */
    0x9e, 0x12, 0x13, 0xbd, 0x20, 0x20, 0xf, 0xc4,
    0x17, 0xa4, 0x41, 0x30,

    /* U+003B ";" */
    0x9, 0xe1, 0x2, 0x13, 0xb, 0xd2, 0x0, 0x10,
    0x7, 0xff, 0xa, 0x7c, 0xc0, 0x24, 0x9, 0x51,
    0x4, 0x43, 0x4, 0x68, 0x3, 0xc, 0x0,

    /* U+003C "<" */
    0x0, 0xf9, 0x48, 0x3, 0x14, 0x75, 0x88, 0x1,
    0x6f, 0x4e, 0xf8, 0xd3, 0xa3, 0x3a, 0xd4, 0x3,
    0xfe, 0x4e, 0x8c, 0xeb, 0x50, 0xc, 0xb7, 0xa7,
    0x7c, 0x60, 0x18, 0xa3, 0xac, 0x40,

    /* U+003D "=" */
    0x6f, 0xff, 0x91, 0xbb, 0xbe, 0x40, 0x11, 0xf8,
    0x3, 0xfc, 0xbf, 0xff, 0x22, 0xee, 0xfc, 0x80,

    /* U+003E ">" */
    0x34, 0x0, 0xf9, 0xef, 0x9c, 0x40, 0x32, 0x7d,
    0xe7, 0x5a, 0x0, 0x65, 0xbe, 0xc9, 0xe2, 0x0,
    0xff, 0x96, 0xfb, 0x27, 0x89, 0x3e, 0xf3, 0xad,
    0x0, 0xf, 0x7c, 0xe2, 0x1, 0x80,

    /* U+003F "?" */
    0x3, 0xcf, 0xe8, 0x1, 0xd4, 0xb6, 0x76, 0x1e,
    0x84, 0x83, 0xd0, 0xe, 0x12, 0x0, 0xcc, 0x50,
    0x1, 0x1c, 0xd8, 0x80, 0x5c, 0xc8, 0x1, 0x11,
    0x2c, 0x3, 0x15, 0x10, 0x7, 0x38, 0x7, 0x36,
    0xb8, 0x6, 0x20, 0x20, 0x0,

    /* U+0040 "@" */
    0x0, 0xe6, 0xbe, 0xfd, 0xa3, 0x0, 0xf1, 0xf6,
    0xff, 0x7f, 0xb7, 0x4c, 0x1, 0x8f, 0x6e, 0xc8,
    0x0, 0x27, 0xc8, 0x30, 0xb, 0x6d, 0x40, 0x3c,
    0x51, 0x0, 0x3, 0xaa, 0x80, 0x11, 0xb7, 0x2c,
    0xc, 0x80, 0xb, 0xe0, 0x4, 0xa7, 0x6b, 0x28,
    0x0, 0x88, 0x6, 0x80, 0x4d, 0xa6, 0xc0, 0x60,
    0x10, 0x88, 0x4, 0x11, 0x2, 0x6, 0x40, 0x11,
    0x10, 0x40, 0x2e, 0x10, 0x2, 0xb0, 0x1, 0x4c,
    0x40, 0x4c, 0x35, 0x4, 0xe9, 0x84, 0xef, 0xc0,
    0xf, 0x20, 0xaf, 0xd1, 0xaf, 0xdc, 0xa3, 0x0,
    0x42, 0x30, 0x4f, 0xd8, 0xd7, 0xea, 0x0, 0x43,
    0xb1, 0x48, 0x0, 0x15, 0x30, 0xf, 0x1f, 0xec,
    0x77, 0xe6, 0x90, 0x6,

    /* U+0041 "A" */
    0x0, 0x8b, 0xf4, 0x3, 0xe5, 0x32, 0x20, 0x7,
    0xae, 0xc7, 0x40, 0x1c, 0x46, 0xb6, 0xa0, 0x1c,
    0xa4, 0x44, 0x22, 0x0, 0x6b, 0x50, 0x31, 0xa0,
    0x8, 0x4e, 0xc0, 0xe, 0xa0, 0x13, 0x6, 0x7f,
    0x98, 0x88, 0x0, 0xb3, 0xdd, 0xb0, 0x14, 0x4,
    0xe4, 0x8a, 0x35, 0xa0, 0x60, 0x50, 0xd, 0xe4,
    0x4b, 0x40, 0xe, 0x40, 0x50,

    /* U+0042 "B" */
    0x6f, 0xfd, 0xb0, 0x1, 0xb3, 0x72, 0x9f, 0x0,
    0x22, 0x21, 0xbc, 0x18, 0x80, 0x78, 0x40, 0x40,
    0x39, 0x21, 0x80, 0x2e, 0xff, 0x59, 0x40, 0x5,
    0x9b, 0x94, 0x1e, 0x40, 0x2, 0x21, 0xae, 0x1c,
    0x0, 0x7c, 0xcc, 0x0, 0xf0, 0xaa, 0x80, 0xa,
    0x66, 0x6c, 0x1b, 0x0, 0x5e, 0x62, 0x1f, 0x48,

    /* U+0043 "C" */
    0x0, 0x92, 0xfb, 0xec, 0xc0, 0x26, 0xb0, 0x8a,
    0x1c, 0x10, 0x39, 0x6b, 0x65, 0xad, 0x10, 0x91,
    0x90, 0xc, 0x40, 0x4, 0x70, 0xf, 0xc3, 0xc0,
    0x1f, 0xfc, 0x61, 0xe0, 0xf, 0xc8, 0xe0, 0x1f,
    0xa4, 0x60, 0x3, 0x28, 0x81, 0xc3, 0xdb, 0x2d,
    0x51, 0x0, 0xf, 0x4f, 0x34, 0xd6, 0xa0,

    /* U+0044 "D" */
    0x6f, 0xfb, 0xad, 0x0, 0x3a, 0xf2, 0xc2, 0xe0,
    0x3, 0x29, 0xad, 0xbb, 0x90, 0x3, 0xe8, 0x1f,
    0x0, 0xfc, 0xea, 0x1, 0xfb, 0x84, 0x3, 0xf7,
    0x80, 0x7f, 0x10, 0x80, 0x7e, 0x44, 0x0, 0x7d,
    0x3, 0xc0, 0x12, 0xa2, 0xdb, 0xb9, 0x0, 0x2b,
    0xb8, 0x2e, 0x0, 0x0,

    /* U+0045 "E" */
    0x6f, 0xff, 0x30, 0x2, 0xae, 0xf3, 0x80, 0x11,
    0x38, 0x40, 0x3f, 0xc6, 0x1, 0xf6, 0xff, 0xd0,
    0x1, 0x5e, 0x65, 0x20, 0x12, 0x99, 0xc2, 0x1,
    0xff, 0xc7, 0x44, 0xe2, 0x0, 0x55, 0xde, 0xa0,

    /* U+0046 "F" */
    0x6f, 0xff, 0x30, 0x2, 0xae, 0xf3, 0x80, 0x11,
    0x38, 0x40, 0x3f, 0xf8, 0xdd, 0xff, 0x48, 0x5,
    0x79, 0x94, 0x0, 0x4a, 0x67, 0x8, 0x7, 0xff,
    0x54,

    /* U+0047 "G" */
    0x0, 0x8e, 0xbb, 0xf5, 0x80, 0x26, 0xc6, 0x8a,
    0x59, 0x70, 0x39, 0x6c, 0x65, 0x8d, 0x70, 0x91,
    0x90, 0xc, 0x40, 0x4, 0x70, 0xf, 0xc3, 0xc0,
    0x1f, 0xfc, 0x1f, 0xfb, 0x40, 0x74, 0x2, 0xcc,
    0x30, 0x1, 0x10, 0x1, 0x19, 0x84, 0x1, 0x23,
    0x20, 0x1f, 0x1c, 0x36, 0x32, 0xbb, 0x8, 0x1,
    0xed, 0xe2, 0xa8, 0xda,

    /* U+0048 "H" */
    0x6f, 0x10, 0xc, 0xfe, 0x1, 0xff, 0xd5, 0x30,
    0xf, 0xed, 0xff, 0xd0, 0x1, 0xaf, 0x33, 0x30,
    0x6, 0x53, 0x3d, 0xc0, 0x1f, 0xfd, 0xe0,

    /* U+0049 "I" */
    0x6f, 0x10, 0xf, 0xfe, 0xa8,

    /* U+004A "J" */
    0x0, 0xe7, 0xf0, 0xf, 0xff, 0x97, 0x80, 0x4c,
    0x1, 0x10, 0x81, 0x4d, 0x2c, 0x2b, 0x1, 0x63,
    0x53, 0x3c, 0x0,

    /* U+004B "K" */
    0x6f, 0x10, 0x9, 0xbd, 0x40, 0x3c, 0x72, 0xea,
    0x1, 0xc3, 0xab, 0x0, 0x1e, 0xd3, 0xa0, 0xf,
    0x51, 0xf0, 0x7, 0xa5, 0x42, 0x80, 0x3c, 0xf1,
    0x6, 0x20, 0xe, 0x57, 0x70, 0xc8, 0x7, 0x58,
    0x2, 0xd1, 0x0, 0x1f, 0x29, 0xc8, 0x7, 0xef,
    0x26, 0x0, 0xf8, 0xd6, 0x0,

    /* U+004C "L" */
    0x6f, 0x10, 0xf, 0xff, 0xf8, 0x6, 0x44, 0xe0,
    0xa, 0xae, 0xf1, 0x80,

    /* U+004D "M" */
    0x6f, 0x90, 0xe, 0x9f, 0x60, 0x3, 0x80, 0x73,
    0x80, 0x44, 0x8, 0x1, 0x20, 0x10, 0x4, 0xfa,
    0x1, 0x73, 0x18, 0x0, 0xf5, 0xc0, 0x25, 0xb1,
    0x0, 0x90, 0x10, 0x14, 0x8c, 0x2, 0x10, 0x6e,
    0xf, 0xa0, 0xf, 0x52, 0x8a, 0xa8, 0x3, 0xc4,
    0x4b, 0x32, 0x0, 0xfa, 0x96, 0x80, 0x3f, 0x31,
    0xb8, 0x7, 0xe1, 0xc1, 0x0, 0xc0,

    /* U+004E "N" */
    0x6f, 0x60, 0xc, 0xfe, 0x0, 0x80, 0xf, 0x88,
    0xe0, 0x3, 0xc7, 0xe, 0x40, 0x1c, 0x2a, 0x70,
    0x1, 0xf7, 0xa9, 0x80, 0x78, 0xd7, 0xc0, 0x3e,
    0x83, 0x51, 0x0, 0xe2, 0x78, 0x0, 0xfa, 0xf,
    0x40, 0x3e, 0x84, 0x0, 0xf9, 0x88, 0x0,

    /* U+004F "O" */
    0x0, 0x97, 0x3f, 0xad, 0x0, 0x34, 0x53, 0x4c,
    0x3d, 0xb0, 0x1, 0x1e, 0x29, 0x99, 0x8b, 0x24,
    0x1c, 0x2e, 0x1, 0xac, 0x28, 0x15, 0xc0, 0x38,
    0x51, 0x0, 0xe, 0x0, 0xf1, 0x10, 0x3, 0xff,
    0x80, 0x3c, 0x1, 0xe5, 0x20, 0x47, 0x0, 0xe1,
    0x34, 0x9, 0x18, 0x0, 0xd6, 0x14, 0x6, 0xee,
    0xa5, 0x6b, 0x5a, 0x20, 0x4, 0x53, 0x54, 0x6,
    0x28, 0x0,

    /* U+0050 "P" */
    0x6f, 0xfd, 0xb0, 0x1, 0xaf, 0x2e, 0x9b, 0x0,
    0x25, 0x34, 0x7b, 0x33, 0x0, 0x79, 0xc1, 0x80,
    0x3c, 0xe0, 0xc0, 0x18, 0x56, 0xcc, 0xc0, 0xe,
    0xfe, 0xa4, 0xd0, 0xa, 0xf3, 0x7e, 0x84, 0x2,
    0x53, 0x20, 0xf, 0xfe, 0x98,

    /* U+0051 "Q" */
    0x0, 0x97, 0x3f, 0xad, 0x0, 0x3a, 0x29, 0xa6,
    0x1e, 0xd8, 0x2, 0x47, 0x8a, 0x66, 0x62, 0xc9,
    0x0, 0x38, 0x5c, 0x3, 0x58, 0x50, 0x1, 0x5c,
    0x3, 0x85, 0x10, 0x1, 0x70, 0x7, 0x88, 0x80,
    0x1f, 0xfc, 0x21, 0xe0, 0xf, 0x11, 0x0, 0x8,
    0xe0, 0x1c, 0x28, 0x80, 0x4, 0x8b, 0x80, 0x68,
    0xa, 0x0, 0x1b, 0xc4, 0xa2, 0xdb, 0x51, 0x0,
    0x51, 0x4b, 0x74, 0x18, 0xa0, 0x1c, 0xb8, 0xe1,
    0x26, 0x1, 0xfa, 0x47, 0xd0, 0x4, 0x3, 0xc3,
    0xed, 0x7f, 0xc2, 0x1, 0xe1, 0xbe, 0xde, 0x10,

    /* U+0052 "R" */
    0x6f, 0xfd, 0xd2, 0x20, 0x15, 0xe5, 0xcb, 0xe0,
    0x4, 0xa6, 0x8f, 0x64, 0x60, 0x1e, 0x70, 0x60,
    0xf, 0x30, 0x30, 0x7, 0x25, 0x11, 0x80, 0x3b,
    0xfd, 0x6b, 0x80, 0x15, 0xe1, 0x85, 0x8, 0x4,
    0xa7, 0xa1, 0x0, 0x1e, 0x19, 0x63, 0x0, 0xf3,
    0x17, 0x80, 0x7d, 0x26, 0xc0,

    /* U+0053 "S" */
    0x0, 0x1d, 0xff, 0xad, 0x0, 0x7, 0x8f, 0x34,
    0x36, 0x61, 0x43, 0x8c, 0xb5, 0xa6, 0x6, 0x1,
    0xc4, 0x0, 0xe1, 0xc3, 0x0, 0xe4, 0xa2, 0xcc,
    0x28, 0x6, 0x5e, 0xa0, 0xab, 0x0, 0xe5, 0xca,
    0x49, 0x0, 0xf2, 0xa2, 0x83, 0x88, 0x6, 0x67,
    0xa, 0xe8, 0x55, 0x59, 0x40, 0x6c, 0x2d, 0x50,
    0x30, 0xc0,

    /* U+0054 "T" */
    0x8f, 0xff, 0xc3, 0x57, 0x70, 0x2d, 0xdc, 0x24,
    0x89, 0x1, 0x22, 0x40, 0x1f, 0xff, 0xf0, 0xf,
    0xfe, 0x20,

    /* U+0055 "U" */
    0x7f, 0x0, 0xe7, 0xf0, 0xf, 0xff, 0x8, 0x80,
    0x7f, 0x84, 0x3, 0xc4, 0x4, 0x1, 0xb8, 0x94,
    0x28, 0x2, 0x17, 0x41, 0x76, 0xa5, 0x6c, 0xb,
    0x8, 0x96, 0xa8, 0x6c, 0x20,

    /* U+0056 "V" */
    0xdb, 0x0, 0xe7, 0xf1, 0x54, 0x0, 0xec, 0x41,
    0xb0, 0x40, 0xc, 0x9a, 0x6, 0x3a, 0x1, 0x28,
    0x38, 0x1, 0xdc, 0x1, 0x61, 0x88, 0x3, 0x44,
    0x80, 0xf, 0x60, 0x12, 0xa, 0x81, 0x8a, 0x80,
    0x64, 0xc0, 0x42, 0x20, 0x6, 0xf4, 0xb, 0x50,
    0xe, 0x50, 0x63, 0xb0, 0xf, 0x24, 0x9, 0x80,
    0x7b, 0x45, 0xc0, 0x30,

    /* U+0057 "W" */
    0x7f, 0x0, 0xd7, 0xa0, 0x1b, 0xa0, 0xc0, 0xc0,
    0x24, 0x21, 0x0, 0x8, 0xb1, 0x41, 0x40, 0x6,
    0x24, 0x80, 0x5, 0x5, 0x12, 0xf0, 0x2, 0x21,
    0xf0, 0x0, 0x62, 0x20, 0x75, 0x0, 0x66, 0xe2,
    0x0, 0x35, 0x40, 0x1a, 0x60, 0x4, 0x42, 0x90,
    0x83, 0x98, 0x1, 0x0, 0x8c, 0xc, 0xc0, 0x80,
    0x58, 0x0, 0x30, 0x74, 0x40, 0x1, 0x30, 0xc1,
    0x40, 0x22, 0xdd, 0x18, 0x3, 0x15, 0x42, 0x20,
    0x9, 0xcd, 0xf0, 0x0, 0x87, 0xea, 0x1, 0xb1,
    0x9, 0x0, 0x6, 0xe, 0x60, 0x19, 0x40, 0xc0,
    0x32, 0xe, 0x0, 0x0,

    /* U+0058 "X" */
    0x3f, 0x60, 0x8, 0xbd, 0x8d, 0x60, 0x2, 0x82,
    0x60, 0x81, 0x70, 0x25, 0x90, 0x1, 0x34, 0x84,
    0x1a, 0x0, 0x50, 0x32, 0xbe, 0x1, 0x86, 0x19,
    0x4c, 0x3, 0xb0, 0x18, 0x3, 0x8d, 0x2c, 0xd8,
    0x3, 0x7a, 0xa3, 0x40, 0x4, 0xa7, 0x1, 0x3,
    0x0, 0x8, 0x62, 0x1, 0x77, 0xb, 0x95, 0x80,
    0x50, 0x36,

    /* U+0059 "Y" */
    0xc, 0xc0, 0x6, 0x4f, 0x40, 0x83, 0x30, 0x5,
    0xe6, 0x80, 0x85, 0x20, 0x2, 0x48, 0x0, 0xa1,
    0x48, 0x2c, 0x90, 0x2, 0x52, 0xa1, 0x68, 0x0,
    0xeb, 0x69, 0x25, 0x0, 0xe6, 0x7, 0xb0, 0xf,
    0x98, 0x18, 0x3, 0xff, 0xbe,

    /* U+005A "Z" */
    0xa, 0xff, 0xf6, 0x4, 0x5d, 0xe8, 0xa, 0x2,
    0x44, 0xd6, 0x6c, 0x1, 0xcc, 0x7c, 0x1, 0xc3,
    0x2e, 0x40, 0x1d, 0x45, 0x0, 0x1c, 0xa9, 0x20,
    0x1e, 0xb5, 0x40, 0xe, 0x90, 0xb0, 0xe, 0x36,
    0x81, 0x0, 0xee, 0x12, 0x44, 0xe3, 0x21, 0xbb,
    0xea,

    /* U+005B "[" */
    0x4f, 0xdb, 0x3, 0xdb, 0x0, 0xff, 0xf4, 0x96,
    0xd8,

    /* U+005C "\\" */
    0x97, 0x0, 0xed, 0xb0, 0xe, 0x43, 0x10, 0xe,
    0x54, 0x0, 0xec, 0xf0, 0xe, 0x75, 0x0, 0xe1,
    0x34, 0x0, 0xeb, 0xd0, 0xe, 0x57, 0x0, 0xe2,
    0x33, 0x0, 0x72, 0xd8, 0x7, 0x5a, 0x80, 0x71,
    0x98, 0x80, 0x39, 0xd4, 0x3, 0xb6, 0xc0, 0x39,
    0x2c, 0x0,

    /* U+005D "]" */
    0x6d, 0xeb, 0x6d, 0x80, 0xf, 0xff, 0x4b, 0x6d,
    0x88,

    /* U+005E "^" */
    0x0, 0x37, 0xa0, 0x6, 0xa2, 0xe0, 0x8, 0x8f,
    0xd4, 0x40, 0x14, 0xa4, 0x8c, 0x0, 0x6e, 0xd,
    0xa0, 0x50, 0x40, 0x62, 0x3e, 0x60, 0x9, 0x68,

    /* U+005F "_" */
    0xcf, 0xff, 0xac,

    /* U+0060 "`" */
    0x0, 0xc9, 0x80, 0x6, 0x2a, 0x2, 0xc4, 0x80,
    0x2c, 0xc0,

    /* U+0061 "a" */
    0x0, 0x3e, 0xff, 0x38, 0x1, 0xee, 0xd8, 0xf0,
    0x80, 0xf8, 0xc7, 0x23, 0xa0, 0x10, 0xac, 0x1,
    0x0, 0xdf, 0xfc, 0x60, 0xd, 0x7e, 0xa7, 0x60,
    0x1, 0xd0, 0x4, 0xe0, 0x1, 0xa4, 0x45, 0x98,
    0x3, 0x6, 0xe7, 0x9c, 0x0,

    /* U+0062 "b" */
    0x8f, 0x0, 0xff, 0xe7, 0x8, 0x7, 0xf1, 0xe7,
    0xeb, 0x0, 0x43, 0xd5, 0x6f, 0x2a, 0x1, 0x63,
    0x25, 0x1c, 0x80, 0x42, 0x1, 0x29, 0x80, 0x7d,
    0xc0, 0x1f, 0xb8, 0x3, 0xf3, 0xa8, 0x5, 0x6a,
    0x98, 0x30, 0x0, 0x4e, 0x8b, 0x7c, 0x20,

    /* U+0063 "c" */
    0x0, 0x15, 0xf7, 0xd0, 0x81, 0xeb, 0xdd, 0x9,
    0x7, 0x96, 0x2a, 0xac, 0xc0, 0xe8, 0x3, 0x88,
    0x8, 0x3, 0x8c, 0x8, 0x3, 0x84, 0xe8, 0x3,
    0xd0, 0x56, 0x8b, 0x6e, 0x9, 0x81, 0x76, 0x16,

    /* U+0064 "d" */
    0x0, 0xfb, 0xdc, 0x3, 0xff, 0xa2, 0x79, 0xfa,
    0xa0, 0x11, 0xe0, 0x5c, 0x48, 0x5, 0xe5, 0x88,
    0xb8, 0x1, 0x1d, 0x0, 0x78, 0x80, 0x40, 0x3c,
    0x60, 0x20, 0x1e, 0x12, 0xb0, 0x8, 0x40, 0x2b,
    0x3a, 0x46, 0xc0, 0x9, 0xa5, 0xee, 0xb8, 0xc0,

    /* U+0065 "e" */
    0x0, 0x1e, 0x7f, 0x38, 0x4, 0x58, 0xd9, 0x72,
    0xe0, 0xe, 0x3a, 0x35, 0x89, 0x1, 0x39, 0x0,
    0x90, 0x44, 0x61, 0x5d, 0xd6, 0x1, 0x98, 0x27,
    0xff, 0x71, 0x9, 0xe8, 0x8f, 0x0, 0x3d, 0x29,
    0xd, 0x98, 0x0, 0x3c, 0x1b, 0xcd, 0x20,

    /* U+0066 "f" */
    0x0, 0x2f, 0x7c, 0x0, 0xd2, 0x65, 0x2, 0x84,
    0x99, 0x0, 0x42, 0x0, 0x7b, 0xd, 0xf0, 0x68,
    0xa, 0xd0, 0x13, 0x7, 0x20, 0xf, 0xfe, 0xc8,

    /* U+0067 "g" */
    0x0, 0x3e, 0xff, 0xea, 0x6, 0x8b, 0xd7, 0x9,
    0x90, 0x52, 0xb1, 0x40, 0x88, 0xc0, 0x3e, 0xf0,
    0x5, 0x2a, 0xb, 0x8d, 0x0, 0x1c, 0x67, 0xae,
    0xc4, 0x0, 0x84, 0xdf, 0xc4, 0x0, 0xce, 0x86,
    0x62, 0x0, 0xac, 0xaf, 0x31, 0xbc, 0x61, 0xd1,
    0xff, 0x69, 0xc1, 0x1a, 0x80, 0x44, 0xc2, 0x43,
    0x24, 0x5, 0x29, 0x21, 0x83, 0x9f, 0x87, 0xa6,

    /* U+0068 "h" */
    0x8f, 0x0, 0xff, 0xe5, 0x88, 0x7, 0xe1, 0xbf,
    0xd5, 0x0, 0xe, 0x62, 0x86, 0x84, 0x1, 0xee,
    0xbe, 0x8, 0x0, 0x20, 0x1, 0x1, 0x80, 0x70,
    0x80, 0x7f, 0xf5, 0x80,

    /* U+0069 "i" */
    0x8e, 0x10, 0x30, 0x8d, 0x10, 0xa, 0x3c, 0x3,
    0xff, 0x9a,

    /* U+006A "j" */
    0x0, 0x4f, 0x8, 0x0, 0x4c, 0x2, 0x8d, 0x10,
    0xf, 0xa3, 0xc0, 0x3f, 0xfc, 0xa4, 0x4, 0x6a,
    0xc1, 0x58, 0x12, 0x0,

    /* U+006B "k" */
    0x8e, 0x0, 0xff, 0xeb, 0xde, 0x80, 0x74, 0x27,
    0x80, 0x64, 0x7b, 0x20, 0x8, 0xa9, 0x90, 0x3,
    0x78, 0x38, 0x6, 0x11, 0x78, 0x40, 0x6, 0xd1,
    0x87, 0x20, 0x0, 0x88, 0x18, 0xf8, 0x3, 0xde,
    0x6a,

    /* U+006C "l" */
    0x8f, 0x0, 0xff, 0xe9, 0xf8, 0x12, 0x94, 0x80,

    /* U+006D "m" */
    0x8b, 0x3c, 0xfd, 0x41, 0xaf, 0xd5, 0x0, 0x27,
    0xfb, 0x46, 0xb7, 0xf9, 0x28, 0x40, 0x1a, 0x65,
    0x43, 0xa, 0x30, 0x8, 0x0, 0x10, 0x1, 0x3,
    0x80, 0x4, 0x8, 0x3, 0xff, 0xea,

    /* U+006E "n" */
    0x8b, 0x3b, 0xfd, 0x50, 0x2, 0x77, 0xf3, 0xd0,
    0x80, 0x31, 0x6, 0x1, 0x0, 0x2, 0x0, 0x20,
    0x30, 0xf, 0xfe, 0xe0,

    /* U+006F "o" */
    0x0, 0x1d, 0xff, 0x48, 0x80, 0xf, 0x2, 0xec,
    0x98, 0x0, 0xf3, 0xb4, 0x5f, 0x27, 0x13, 0xb0,
    0x8, 0x8e, 0xcc, 0x8, 0x3, 0x30, 0x98, 0x10,
    0x6, 0x16, 0x13, 0xb0, 0x8, 0x93, 0x3, 0xce,
    0xd1, 0x7c, 0x9c, 0xf, 0x2, 0xec, 0x98, 0x0,

    /* U+0070 "p" */
    0x8b, 0x5c, 0xfd, 0x60, 0x9, 0x3b, 0xfd, 0x72,
    0xa0, 0x15, 0x98, 0x32, 0x48, 0x7, 0xc6, 0x60,
    0xf, 0xbc, 0x3, 0xf7, 0x0, 0x7e, 0x75, 0x0,
    0xad, 0x53, 0x6, 0x0, 0x3, 0xd1, 0x6f, 0x84,
    0x1, 0x2e, 0xfd, 0x98, 0x4, 0x20, 0x1f, 0xfc,
    0xd0,

    /* U+0071 "q" */
    0x0, 0x1e, 0x7e, 0xae, 0x38, 0x1e, 0x5, 0xc4,
    0x98, 0x3, 0xcb, 0x11, 0x70, 0x2, 0x3a, 0x0,
    0xf1, 0x0, 0x80, 0x78, 0xc0, 0x40, 0x3c, 0x25,
    0x60, 0x10, 0x80, 0x56, 0x74, 0x8d, 0x80, 0x13,
    0x4b, 0xdd, 0x70, 0x6, 0x6d, 0xfc, 0x30, 0xf,
    0xfe, 0x88,

    /* U+0072 "r" */
    0x0, 0xf4, 0x59, 0xe7, 0x88, 0x2f, 0x46, 0x88,
    0xc, 0xa1, 0x0, 0x48, 0x1, 0xff, 0xd5,

    /* U+0073 "s" */
    0x1, 0xbf, 0xf5, 0x10, 0x6b, 0xe6, 0xd, 0x80,
    0xec, 0xcd, 0x28, 0xb, 0xe, 0x20, 0x15, 0x4d,
    0x74, 0x80, 0x4d, 0xb4, 0xf2, 0x1, 0x95, 0x90,
    0xf9, 0x89, 0x19, 0xe, 0x2b, 0x69, 0xe4,

    /* U+0074 "t" */
    0x0, 0x40, 0x80, 0x42, 0xe4, 0x1, 0x18, 0x6,
    0x9d, 0xc, 0xf8, 0x84, 0x85, 0x6c, 0x89, 0x3,
    0x10, 0x80, 0x7f, 0xf1, 0xdc, 0x3, 0x8c, 0x24,
    0xcc, 0x0, 0x94, 0xca,

    /* U+0075 "u" */
    0xad, 0x0, 0x8f, 0xd0, 0x3, 0xff, 0xb8, 0x46,
    0x1, 0x20, 0x3, 0x6, 0x52, 0x6c, 0x0, 0x8e,
    0xea, 0xc, 0x0, 0x0,

    /* U+0076 "v" */
    0xae, 0x0, 0xcf, 0xc1, 0xc2, 0x60, 0x15, 0xb8,
    0x20, 0xd8, 0x0, 0x4f, 0x40, 0xe, 0xa0, 0x7,
    0x14, 0x0, 0x51, 0x10, 0x29, 0xc0, 0x23, 0x15,
    0x13, 0xd0, 0xc, 0xd6, 0x82, 0x80, 0x1a, 0x8e,
    0x5c, 0x3, 0x88, 0x87, 0x40, 0x10,

    /* U+0077 "w" */
    0x6f, 0x0, 0x9b, 0xd0, 0x0, 0x3e, 0x88, 0x4,
    0x0, 0x60, 0xe0, 0x1, 0x1, 0x8, 0x70, 0x0,
    0x8c, 0xa0, 0xc, 0x30, 0x2, 0x20, 0x8, 0x24,
    0x84, 0x11, 0x0, 0xf, 0x30, 0x45, 0x12, 0x41,
    0x2b, 0x0, 0x20, 0x26, 0x60, 0x13, 0x10, 0xc,
    0x0, 0x24, 0x68, 0xa1, 0x89, 0xa8, 0x1, 0x96,
    0x80, 0x81, 0x9, 0x70, 0x3, 0x61, 0x20, 0x0,
    0x48, 0x88, 0x0,

    /* U+0078 "x" */
    0x3f, 0x50, 0x2, 0x79, 0x99, 0xac, 0x1, 0x2c,
    0x61, 0x1, 0xa, 0x70, 0x0, 0x18, 0x7b, 0x81,
    0x0, 0x9c, 0x5, 0x80, 0x34, 0x20, 0xc0, 0x4,
    0x6d, 0x30, 0xe4, 0x0, 0xe6, 0x26, 0x3e, 0x7,
    0x28, 0x0, 0x79, 0xb0,

    /* U+0079 "y" */
    0x9e, 0x0, 0xcf, 0xc1, 0x42, 0x80, 0x15, 0xa0,
    0x19, 0x68, 0x0, 0x4f, 0x80, 0x14, 0xe0, 0x7,
    0x4, 0x0, 0x30, 0xa0, 0x6a, 0x80, 0x42, 0x9c,
    0x9, 0xc0, 0x1b, 0xd1, 0x0, 0x80, 0x19, 0x2,
    0x54, 0x3, 0xcc, 0x5c, 0x1, 0xee, 0x4, 0x0,
    0xf5, 0xb0, 0x7, 0x1c, 0x94, 0x0, 0x64, 0xc4,
    0xc1, 0x0, 0xc0,

    /* U+007A "z" */
    0xf, 0xff, 0x0, 0x33, 0x2a, 0x7, 0x0, 0x19,
    0xdc, 0x50, 0x1, 0x95, 0x38, 0x3, 0xd, 0xb9,
    0x80, 0x6b, 0x38, 0x0, 0xca, 0xa9, 0x0, 0xc3,
    0x68, 0xe6, 0x70, 0x38, 0xa6, 0x66, 0x20,

    /* U+007B "{" */
    0x0, 0x37, 0x60, 0x2, 0x2f, 0x0, 0x2, 0xc0,
    0x1f, 0x84, 0x3, 0x9c, 0x0, 0x62, 0xc0, 0xd8,
    0xc4, 0xd, 0x6c, 0x20, 0x4, 0x15, 0x0, 0xfc,
    0x2e, 0x1, 0xff, 0xc1, 0x14, 0x0, 0xae, 0xac,

    /* U+007C "|" */
    0x5a, 0x0, 0xff, 0xeb, 0x0,

    /* U+007D "}" */
    0x6e, 0xb0, 0x3, 0x72, 0xa8, 0x2, 0x23, 0x0,
    0x84, 0x3, 0x8c, 0x3, 0x8, 0x4, 0xda, 0x1,
    0x43, 0x60, 0x2, 0x57, 0x0, 0xf, 0xc0, 0x1f,
    0xc2, 0x1, 0x9, 0x80, 0x7c, 0x26, 0x40, 0xd8,
    0xc8, 0x0,

    /* U+007E "~" */
    0x4, 0xdc, 0x20, 0x1, 0x80, 0xd4, 0xde, 0x19,
    0x68, 0x85, 0xa3, 0xde, 0x6d, 0x8, 0x94, 0x0,
    0xbf, 0xe4, 0x0,

    /* U+00B0 "°" */
    0x4, 0xcc, 0x18, 0xc, 0xee, 0xb8, 0x15, 0xc4,
    0x4c, 0x4a, 0xe2, 0x26, 0x21, 0x9d, 0xd7, 0x0,

    /* U+00D7 "×" */
    0x1, 0x0, 0xfc, 0x20, 0xf, 0x60, 0xf, 0x37,
    0x80, 0x36, 0x58, 0x3, 0x34, 0x68, 0x0, 0xf2,
    0x58, 0x0, 0xd3, 0xa6, 0x1, 0x1e, 0x4a, 0xaa,
    0x70, 0xc0, 0x38, 0xf2, 0xa9, 0x86, 0x1, 0xf3,
    0x0, 0x18, 0x3, 0xe5, 0xab, 0xb5, 0x28, 0x7,
    0x2d, 0x5a, 0x22, 0xe9, 0x40, 0x25, 0xab, 0x40,
    0x2, 0x5d, 0x28, 0x2, 0x2d, 0x0, 0x32, 0x5c,
    0x0, 0x35, 0x0, 0x3c, 0x9a, 0x0,

    /* U+2014 "—" */
    0x4f, 0xff, 0xfe, 0x4, 0x0,

    /* U+2018 "‘" */
    0x0, 0x20, 0x1, 0x78, 0x1, 0x14, 0x2, 0x5e,
    0x22, 0x41, 0x0,

    /* U+2019 "’" */
    0x0, 0xc3, 0xf8, 0x0, 0x13, 0x11, 0x71, 0x8,
    0x5c, 0x80, 0x21, 0x0,

    /* U+201C "“" */
    0x0, 0x18, 0x81, 0x8, 0x24, 0x9, 0xc8, 0x2,
    0x68, 0x3e, 0x44, 0xb, 0x8c, 0xb4, 0xc1, 0x84,
    0x4c, 0x20,

    /* U+201D "”" */
    0x0, 0xf8, 0xfe, 0x4f, 0xe8, 0x2, 0x71, 0x5,
    0x3, 0xd5, 0x2e, 0x30, 0x1e, 0x91, 0xaf, 0x0,
    0x71, 0xc, 0x98, 0x0,

    /* U+3001 "、" */
    0x4, 0x20, 0xd, 0x38, 0x40, 0x16, 0x16, 0x10,
    0x0, 0x74, 0xb0, 0x80, 0x3, 0xa8, 0x60,

    /* U+3002 "。" */
    0x2, 0xcd, 0x70, 0x7, 0xf6, 0xe9, 0x4d, 0xc8,
    0x27, 0xd, 0xc4, 0x2f, 0xc3, 0xb3, 0x41, 0x80,

    /* U+4E00 "一" */
    0x1f, 0xff, 0xfe, 0x14, 0xd, 0x57, 0xff, 0xa,
    0xc0,

    /* U+4E07 "万" */
    0x3, 0x3f, 0xfe, 0x10, 0x3, 0x33, 0xff, 0x84,
    0x0, 0xff, 0xc8, 0xff, 0xff, 0x80, 0x3c, 0xfe,
    0x1, 0xff, 0xc2, 0x11, 0x0, 0x7f, 0xf0, 0x8a,
    0x7f, 0xfd, 0x0, 0x1e, 0x10, 0x9c, 0xce, 0x1f,
    0x0, 0xf2, 0x83, 0x19, 0xf8, 0x40, 0x3d, 0x86,
    0x1, 0xe3, 0x30, 0x7, 0x9a, 0x80, 0x3c, 0x22,
    0x0, 0xe7, 0x6, 0x0, 0xe1, 0x6, 0x0, 0xc9,
    0x16, 0x1, 0xe2, 0x2, 0x0, 0x96, 0xdd, 0x40,
    0x22, 0x11, 0x49, 0x80, 0x45, 0x71, 0x0, 0xd,
    0xbd, 0xc4, 0x80, 0x8, 0xb9, 0xc0, 0x3b, 0xfe,
    0xe4, 0x0, 0x80,

    /* U+4E09 "三" */
    0xf, 0xff, 0xfe, 0x0, 0x2, 0xef, 0xff, 0x80,
    0x0, 0x44, 0xff, 0xe0, 0x0, 0x7f, 0xf4, 0xfb,
    0xbf, 0xac, 0x3, 0x5d, 0xff, 0x78, 0x6, 0x55,
    0xfe, 0x40, 0xf, 0xfe, 0x90, 0x8f, 0xff, 0xb,
    0xbb, 0xff, 0xa0,

    /* U+4E0A "上" */
    0x0, 0xf2, 0x78, 0x7, 0xff, 0xd0, 0xcf, 0xc0,
    0x1f, 0xec, 0xcf, 0x0, 0x7f, 0xbf, 0xfc, 0x1,
    0xff, 0xff, 0x0, 0xf8, 0xee, 0xfc, 0x17, 0x7f,
    0x8, 0x8c, 0xf9, 0xdc, 0x67, 0xf0, 0x80,

    /* U+4E0B "下" */
    0x4, 0x4f, 0xfe, 0x10, 0xd, 0xdf, 0xff, 0x8,
    0x87, 0xff, 0xc1, 0x5f, 0xfe, 0x20, 0xf, 0xfe,
    0x66, 0x8, 0x7, 0xff, 0x9, 0xb9, 0xc0, 0x3f,
    0xf8, 0x35, 0x49, 0xe5, 0x0, 0xff, 0xe0, 0x2f,
    0x35, 0x58, 0x80, 0x7f, 0xf0, 0x23, 0x8, 0x40,
    0x3f, 0xf8, 0x27, 0x20, 0x1f, 0xff, 0x60,

    /* U+4E0D "不" */
    0x3, 0x44, 0xff, 0xe0, 0x18, 0x3, 0x6e, 0xff,
    0xf8, 0x1c, 0x0, 0xef, 0xfe, 0xc0, 0x9f, 0xfd,
    0xa0, 0x1f, 0xb4, 0x18, 0x3, 0xff, 0x81, 0x62,
    0xa4, 0x20, 0x1f, 0xea, 0x52, 0x39, 0xf4, 0x0,
    0xf8, 0x71, 0x35, 0x82, 0xe2, 0xe4, 0x3, 0x93,
    0x7, 0xc, 0x2, 0x6c, 0x7c, 0x10, 0x1a, 0xb4,
    0xd2, 0x0, 0xe3, 0xf0, 0xf1, 0x11, 0xe4, 0x80,
    0x7e, 0x1c, 0xb1, 0x9, 0x30, 0xf, 0xf9, 0x40,
    0x3f, 0xfc, 0xa0,

    /* U+4E0E "与" */
    0x0, 0xff, 0xe3, 0xf2, 0x0, 0x7f, 0xf0, 0x4,
    0x63, 0x3f, 0xc0, 0x19, 0x2, 0xb3, 0x3f, 0x0,
    0x6d, 0x4f, 0xff, 0xe0, 0xc, 0x98, 0x1, 0xff,
    0xc1, 0x31, 0x33, 0xfe, 0x0, 0x8c, 0x27, 0x33,
    0xf8, 0xc0, 0x7, 0xff, 0xfd, 0xa0, 0x40, 0x1f,
    0xfc, 0x6, 0x1, 0x17, 0xff, 0xf6, 0x81, 0x10,
    0x7, 0x33, 0xfb, 0x83, 0xdc, 0x0, 0x67, 0xfe,
    0x4, 0xd0, 0xf, 0xe3, 0x22, 0x31, 0x28, 0x7,
    0xf6, 0xed, 0x30, 0x40, 0x1f, 0xdd, 0xff, 0x38,
    0x0,

    /* U+4E13 "专" */
    0x0, 0xf1, 0xc8, 0x7, 0xff, 0x6, 0xc8, 0x3,
    0xfa, 0xb7, 0x67, 0x4d, 0xde, 0xa0, 0xa, 0x66,
    0xb0, 0x99, 0xf8, 0x2, 0x34, 0x40, 0x1b, 0x22,
    0x71, 0x80, 0xee, 0xe9, 0x3d, 0xdf, 0xac, 0x62,
    0x2a, 0x8, 0x8f, 0xde, 0xa, 0xb0, 0x93, 0xaa,
    0xfc, 0x80, 0x1a, 0xb, 0x77, 0xbb, 0xd4, 0x3,
    0xaa, 0xe6, 0x78, 0x41, 0x40, 0x39, 0x13, 0x96,
    0xf, 0xc0, 0x3c, 0xd2, 0x60, 0x3a, 0x18, 0x1,
    0xf2, 0x8e, 0xf7, 0xb, 0x0, 0x3f, 0x1c, 0x75,
    0x10, 0xd9, 0x80, 0x7f, 0x93, 0x74, 0x30, 0x1,
    0xff, 0xc0, 0x2a, 0xb0, 0x8,

    /* U+4E14 "且" */
    0x0, 0xa7, 0xff, 0xf6, 0x0, 0x7c, 0xbb, 0xbe,
    0x70, 0xf, 0xc6, 0x45, 0xef, 0x0, 0xff, 0xe6,
    0x36, 0x67, 0xa0, 0x3, 0xf0, 0xcc, 0xf8, 0xc0,
    0x3f, 0x3a, 0xaf, 0xac, 0x3, 0xff, 0x98, 0xea,
    0xbe, 0xb0, 0xf, 0xc3, 0x33, 0xe3, 0x0, 0xfc,
    0xd9, 0x9e, 0x80, 0xf, 0xfe, 0x40, 0xcc, 0x99,
    0x93, 0x3e, 0x83, 0x99, 0x8, 0x4, 0xcc, 0x0,
    0xf3, 0x30, 0x2,

    /* U+4E24 "两" */
    0x35, 0x5f, 0xfe, 0x9, 0x54, 0x45, 0x54, 0x88,
    0x55, 0x22, 0x33, 0xce, 0xed, 0x45, 0xba, 0xb1,
    0xdd, 0xca, 0x1, 0xff, 0xc3, 0x4f, 0xfa, 0x8b,
    0xfd, 0x63, 0xff, 0x38, 0x0, 0x77, 0x4c, 0x3b,
    0xa8, 0xd, 0xd0, 0x80, 0x62, 0x20, 0x0, 0x88,
    0x0, 0x22, 0x28, 0x7, 0x9c, 0x50, 0x30, 0x14,
    0x3, 0xe2, 0x18, 0xa2, 0x48, 0xb2, 0x0, 0xf4,
    0x23, 0xca, 0x93, 0xc7, 0x0, 0x73, 0x2c, 0x82,
    0x44, 0x83, 0x20, 0x7, 0x2d, 0x90, 0x14, 0xa0,
    0x2, 0x0, 0x38, 0xd0, 0x0, 0x2c, 0x2, 0x66,
    0x60, 0xf, 0xfe, 0x6, 0x60, 0x14, 0x0,

    /* U+4E2A "个" */
    0x0, 0xf9, 0x18, 0x3, 0xff, 0x82, 0x37, 0x20,
    0x1f, 0xfc, 0x1d, 0x10, 0x70, 0xf, 0xf1, 0x68,
    0x75, 0xc4, 0x0, 0x3f, 0x1e, 0x36, 0x2, 0x5b,
    0x58, 0x80, 0x74, 0x62, 0x58, 0x6b, 0x26, 0x37,
    0xa8, 0x1, 0x39, 0xaa, 0x80, 0x1c, 0x5a, 0xf5,
    0x82, 0x8d, 0xea, 0x1, 0xfa, 0x72, 0x84, 0x20,
    0x40, 0x3f, 0xc6, 0xc0, 0x1f, 0xff, 0xf0, 0xf,
    0xfe, 0x50,

    /* U+4E2D "中" */
    0x0, 0xf7, 0x30, 0x7, 0xff, 0x20, 0x95, 0x78,
    0x75, 0x57, 0x89, 0x6a, 0x23, 0x2, 0x44, 0x6a,
    0x50, 0x4d, 0xdc, 0x33, 0xbb, 0x8c, 0x3, 0xff,
    0xa4, 0xc4, 0x58, 0x78, 0x8b, 0x18, 0x0, 0xb7,
    0x70, 0x3e, 0xee, 0x0, 0x8f, 0xff, 0xc, 0xff,
    0xe3, 0x17, 0xc0, 0xf, 0xf6, 0x30, 0x7, 0xff,
    0x78,

    /* U+4E30 "丰" */
    0x0, 0xfb, 0x58, 0x3, 0xe1, 0x1f, 0x17, 0x8,
    0xf0, 0x3, 0x7b, 0xb8, 0x1f, 0xbb, 0x94, 0x37,
    0xbb, 0x81, 0xfb, 0xb9, 0x40, 0x47, 0xc5, 0xc2,
    0x3c, 0x1, 0x22, 0xae, 0x2d, 0x55, 0xc4, 0x1,
    0x4c, 0x46, 0x4, 0x88, 0xd4, 0x1, 0x6e, 0xf1,
    0x4e, 0xee, 0x80, 0xf, 0xfe, 0x22, 0xff, 0xf8,
    0xa7, 0xff, 0xb9, 0x2e, 0xfc, 0xb, 0x77, 0xda,
    0x28, 0x9e, 0x2c, 0x44, 0xe3, 0x0, 0xff, 0xe9,
    0x0,

    /* U+4E32 "串" */
    0x0, 0xf7, 0x28, 0x7, 0xd7, 0x99, 0x86, 0xb3,
    0x32, 0x0, 0x16, 0xe2, 0x20, 0x58, 0x88, 0xc4,
    0x2, 0x34, 0x48, 0x7d, 0x12, 0x10, 0xc, 0x23,
    0xc4, 0x23, 0x0, 0x75, 0x77, 0x41, 0x1d, 0xd0,
    0x80, 0x5d, 0xff, 0x86, 0xbf, 0xf2, 0x84, 0x7f,
    0xf0, 0xd7, 0xff, 0x8, 0x26, 0xee, 0x7, 0xdd,
    0xa8, 0x3, 0x11, 0x61, 0xd2, 0x29, 0x80, 0x26,
    0x33, 0xc3, 0x86, 0x72, 0x0, 0x45, 0xdd, 0x81,
    0xbb, 0xa8, 0x0, 0x65, 0x6e, 0xe1, 0xad, 0xdb,
    0x9c, 0x51, 0x40, 0x3f, 0x86, 0x0,

    /* U+4E3A "为" */
    0x0, 0x38, 0x81, 0xf8, 0x7, 0xf7, 0x68, 0x7,
    0xff, 0x2, 0x45, 0x0, 0x3f, 0x89, 0x55, 0x63,
    0x20, 0xab, 0xd0, 0x69, 0x10, 0xb8, 0x50, 0x88,
    0xe7, 0xa6, 0xdd, 0xce, 0x9b, 0xbc, 0xa2, 0x1,
    0xc8, 0x60, 0x20, 0x10, 0x80, 0x70, 0x9d, 0xbe,
    0x0, 0x4f, 0xe0, 0x1a, 0x48, 0xdd, 0xa8, 0x0,
    0x22, 0x0, 0x89, 0xe0, 0x1, 0x4a, 0x60, 0x46,
    0x1, 0x7a, 0x28, 0x0, 0x78, 0xc0, 0xc, 0x3,
    0x81, 0x40, 0x18, 0x40, 0xc0, 0x8f, 0x7, 0x4,
    0x2, 0x23, 0x35, 0x8, 0x95, 0x34, 0x40, 0x32,
    0xe6, 0x1e, 0xc1, 0xa4, 0x3, 0xcf, 0xfe, 0xe5,
    0x0,

    /* U+4E3B "主" */
    0x0, 0xf1, 0x0, 0x7f, 0xf0, 0xbf, 0x4, 0x3,
    0xff, 0x81, 0xaf, 0x84, 0x1, 0xe2, 0x33, 0xef,
    0x3a, 0x33, 0xc0, 0xa, 0xdd, 0xeb, 0x16, 0xdd,
    0xc4, 0x11, 0xdd, 0xc3, 0x3d, 0xdc, 0x40, 0x1f,
    0xfd, 0x44, 0x55, 0xc3, 0x4a, 0xb8, 0x80, 0x2e,
    0x88, 0xc0, 0x71, 0x19, 0x0, 0x2a, 0xdd, 0xc3,
    0x3b, 0xb9, 0x80, 0x3f, 0xfa, 0x67, 0x33, 0xe1,
    0x99, 0xf8, 0x40, 0x3c, 0xcc, 0x0, 0xe1,

    /* U+4E3E "举" */
    0x0, 0xf0, 0x90, 0x7, 0xf8, 0xf0, 0x41, 0x30,
    0x40, 0x5, 0xe4, 0x1, 0x8d, 0xe8, 0x15, 0x52,
    0x0, 0xe6, 0x20, 0x8, 0x89, 0xa, 0x65, 0xdc,
    0x2a, 0x2b, 0x22, 0x0, 0xee, 0xb0, 0x73, 0x6a,
    0x75, 0x47, 0x76, 0x21, 0xff, 0x95, 0xbf, 0xf4,
    0x1f, 0xfc, 0x40, 0x14, 0xbc, 0x84, 0xc8, 0x1d,
    0xd8, 0x20, 0x11, 0x62, 0x78, 0x88, 0x88, 0x22,
    0xa6, 0xf5, 0x3, 0xd4, 0x8d, 0xee, 0x22, 0x3b,
    0xac, 0x8b, 0x43, 0xe8, 0x5f, 0xf9, 0x55, 0xff,
    0x33, 0x39, 0x0, 0x40, 0x38, 0xcc, 0x1, 0xfa,
    0x3f, 0xf9, 0x99, 0xff, 0xd4, 0x0, 0x9d, 0xde,
    0x43, 0xdd, 0xeb, 0x0, 0x9, 0x17, 0x94, 0x8b,
    0x84, 0x3, 0xff, 0x8a,

    /* U+4E45 "久" */
    0x0, 0xe6, 0x20, 0xf, 0xfe, 0x8, 0xcb, 0x0,
    0x7f, 0xf0, 0x64, 0x50, 0x3, 0xff, 0x82, 0xe3,
    0xff, 0xa8, 0x3, 0xf4, 0x5, 0x5d, 0xc0, 0x40,
    0x1f, 0x13, 0xd2, 0xa2, 0x14, 0x2c, 0x3, 0xef,
    0x45, 0x0, 0xa4, 0x8c, 0x3, 0x87, 0xe, 0x80,
    0x21, 0x71, 0x0, 0xf1, 0x86, 0x8, 0x5, 0x0,
    0x40, 0x1e, 0x2c, 0x20, 0x9, 0x5a, 0xc1, 0x80,
    0x3f, 0xc7, 0x4e, 0x91, 0x24, 0x1, 0xf8, 0xf1,
    0x60, 0x19, 0x3c, 0x40, 0x3c, 0xf8, 0xb4, 0x1,
    0x50, 0x60, 0x80, 0x49, 0x91, 0xa, 0x0, 0xc3,
    0x83, 0xec, 0x3, 0x4f, 0xae, 0x1, 0xe1, 0xc6,
    0x81, 0x17, 0x59, 0x0, 0x7f, 0x47, 0x8,

    /* U+4E48 "么" */
    0x0, 0xf8, 0x40, 0x3f, 0xf8, 0x4d, 0xc2, 0x1,
    0xff, 0xc0, 0x29, 0x90, 0x80, 0x7f, 0xc3, 0xea,
    0xc0, 0x1f, 0xfc, 0xd, 0x6a, 0x0, 0xb1, 0xc0,
    0x3e, 0xc0, 0xb0, 0xa, 0x49, 0x80, 0x38, 0xb4,
    0x34, 0x2, 0x66, 0x50, 0x80, 0x74, 0xb6, 0x8,
    0x1, 0x26, 0x48, 0x1, 0xeb, 0xb0, 0x4, 0x54,
    0xcc, 0x1, 0x0, 0xfe, 0x1c, 0x49, 0x9, 0xd0,
    0xf, 0xc3, 0x89, 0x40, 0x9, 0x19, 0x0, 0xf1,
    0x7b, 0xd0, 0x6, 0xe6, 0x40, 0xc, 0x9a, 0xb0,
    0x8a, 0xcf, 0x32, 0xb, 0x10, 0x1, 0x58, 0x26,
    0xdc, 0x56, 0x1, 0x40, 0x40, 0x0, 0xa7, 0x3b,
    0xfd, 0xb9, 0x73, 0xf, 0x4a, 0x1, 0x31, 0x88,
    0x7, 0xe5, 0xc0,

    /* U+4E49 "义" */
    0x0, 0xf0, 0xa0, 0x7, 0xff, 0x8, 0xec, 0x80,
    0x21, 0x0, 0xe3, 0x40, 0x1, 0x2d, 0x80, 0x51,
    0x60, 0x19, 0xa8, 0x2, 0xe6, 0x0, 0x9b, 0x80,
    0x32, 0x82, 0x80, 0x11, 0x84, 0x18, 0x54, 0x3,
    0xa2, 0x0, 0x14, 0x88, 0x44, 0x80, 0x79, 0x81,
    0xc0, 0x33, 0x83, 0x80, 0x7d, 0x30, 0x60, 0x2,
    0x8a, 0x0, 0xfc, 0x8d, 0xa2, 0x1e, 0xa8, 0x1,
    0xfd, 0x2b, 0x98, 0x1a, 0x0, 0xff, 0xa4, 0x8f,
    0xc0, 0x3f, 0xe3, 0xf2, 0x26, 0x98, 0x7, 0xe1,
    0x8c, 0x4d, 0xd3, 0xe4, 0x88, 0x6, 0x28, 0xf4,
    0xb9, 0x0, 0x4d, 0xa7, 0x41, 0x1, 0x6a, 0x5e,
    0x20, 0x6, 0x4d, 0x95, 0xd1, 0x2e, 0xc5, 0x0,
    0xfc, 0xdb, 0xc2,

    /* U+4E50 "乐" */
    0x0, 0xff, 0xe3, 0x91, 0x99, 0x59, 0xe6, 0xb3,
    0xec, 0x3, 0x36, 0xeb, 0xa2, 0xb4, 0x36, 0x72,
    0xc0, 0x38, 0xbb, 0x76, 0x99, 0x3a, 0x98, 0x7,
    0x73, 0x0, 0x4b, 0xa0, 0x1f, 0xc4, 0x60, 0x1f,
    0xfc, 0x24, 0xe0, 0x8, 0x44, 0x1, 0xf8, 0xc6,
    0x7f, 0xea, 0xf, 0xfe, 0xc0, 0x1, 0xd6, 0xee,
    0x80, 0xdd, 0xee, 0x0, 0x94, 0x18, 0x88, 0x62,
    0x44, 0x10, 0x22, 0x0, 0x6f, 0xc0, 0xf, 0x26,
    0x8, 0x6, 0xa1, 0x80, 0xf, 0x3b, 0xb0, 0x2,
    0x94, 0xd0, 0xf, 0xd2, 0x34, 0x4, 0x98, 0x20,
    0x45, 0x0, 0x77, 0x38, 0x96, 0x90, 0x2, 0x36,
    0x58, 0x3, 0x16, 0x88, 0x7, 0x57, 0xfa, 0x0,
    0x3e,

    /* U+4E5D "九" */
    0x0, 0xe5, 0xe0, 0xf, 0xfe, 0x11, 0x80, 0x7f,
    0xf3, 0xcd, 0x12, 0xd1, 0x44, 0x9c, 0x80, 0x3a,
    0x6e, 0xe4, 0xb, 0xba, 0x28, 0x3, 0xab, 0xfe,
    0x65, 0xff, 0x90, 0x3, 0xfc, 0x66, 0x0, 0xff,
    0xe1, 0x27, 0x80, 0x7f, 0xf0, 0x48, 0x50, 0x3,
    0xff, 0x83, 0x66, 0x40, 0x1f, 0xfc, 0x2, 0x69,
    0x0, 0xfc, 0x22, 0x0, 0xf, 0xa2, 0x80, 0x7e,
    0x7d, 0x4, 0xf1, 0xa0, 0xf, 0x11, 0x58, 0xc5,
    0x6f, 0x82, 0x1, 0xdc, 0xbb, 0xa4, 0x92, 0xe9,
    0x0, 0xf9, 0x7f, 0xee, 0x30,

    /* U+4E5F "也" */
    0x0, 0xfd, 0xc8, 0x1, 0xfc, 0xb8, 0x1, 0xff,
    0xc3, 0x10, 0xf, 0x8e, 0xc4, 0x3, 0xf8, 0x76,
    0xbb, 0x50, 0xc0, 0x3c, 0x4f, 0x60, 0xdb, 0x9c,
    0x1, 0xc9, 0x65, 0xbb, 0x5, 0xb9, 0x8, 0x18,
    0x17, 0xc8, 0x3, 0xe9, 0x84, 0x3, 0x84, 0xb,
    0x75, 0x64, 0x1, 0xf1, 0x8, 0x4, 0x40, 0x1f,
    0x8c, 0xd2, 0x80, 0x1f, 0xfc, 0xb, 0xe1, 0x80,
    0xf, 0xfe, 0x4, 0x6d, 0x94, 0x10, 0x7, 0xed,
    0x50, 0xc, 0xce, 0x1, 0x31, 0x20, 0x88, 0x80,
    0x46, 0x61, 0x40, 0x8, 0xda, 0xbb, 0xbe, 0x89,
    0x10,

    /* U+4E60 "习" */
    0x2, 0x2f, 0xf8, 0xc0, 0x19, 0xbb, 0xfe, 0xc5,
    0xe, 0xff, 0xff, 0x10, 0x6, 0x72, 0x0, 0xff,
    0xe0, 0xeb, 0x80, 0x78, 0xc0, 0x33, 0xe4, 0xd8,
    0x80, 0x70, 0x80, 0x63, 0xf7, 0xb0, 0xc, 0x20,
    0x1e, 0x1c, 0xb0, 0x11, 0x0, 0x1c, 0x3, 0xc2,
    0xf7, 0xcc, 0x1, 0xe1, 0x6b, 0xeb, 0xcd, 0x70,
    0x0, 0x83, 0xe7, 0x59, 0xee, 0x9c, 0x80, 0x80,
    0xc2, 0xd3, 0x36, 0x8, 0x3, 0x30, 0x8, 0x64,
    0x18, 0x6, 0x11, 0xb4, 0x80, 0x3f, 0xa7, 0xb8,
    0xf2, 0x1, 0xfd, 0x1f, 0xee, 0x40,

    /* U+4E66 "书" */
    0x0, 0xf2, 0x70, 0x4, 0x2e, 0x20, 0x1f, 0xfc,
    0x11, 0xff, 0x38, 0x5, 0xbb, 0xac, 0x77, 0x72,
    0x6e, 0x80, 0x29, 0x88, 0x98, 0x22, 0x2a, 0x23,
    0xa0, 0x9, 0x15, 0x6d, 0x15, 0x58, 0xc0, 0x3f,
    0xf9, 0x22, 0x3c, 0x42, 0x3f, 0x10, 0x3, 0xbb,
    0xa4, 0x3b, 0xaa, 0xe, 0xd1, 0xf, 0xfe, 0xa0,
    0xff, 0xec, 0x1, 0x0, 0xf0, 0x88, 0x3, 0x9c,
    0x40, 0x3f, 0xf8, 0x44, 0x40, 0xf, 0xf8, 0xcc,
    0x54, 0xa0, 0x1f, 0xf5, 0xee, 0x5, 0x80, 0x7f,
    0xd1, 0xdc, 0xc2, 0x0,

    /* U+4E8B "事" */
    0x0, 0xfb, 0x98, 0x3, 0xe1, 0xff, 0xf0, 0xcf,
    0xff, 0x58, 0xf, 0xff, 0x8a, 0xbf, 0xfa, 0xc0,
    0x23, 0xfd, 0xd8, 0xab, 0x76, 0xf4, 0x0, 0xe1,
    0xdd, 0x86, 0x77, 0x61, 0x0, 0xf1, 0xee, 0xc3,
    0x3b, 0xb1, 0xb8, 0x6, 0x3d, 0xdc, 0x33, 0xbb,
    0x8c, 0x3, 0x66, 0xee, 0x19, 0xdd, 0xbe, 0x0,
    0x36, 0x6e, 0xe1, 0x9d, 0xd9, 0x4, 0x0, 0xdd,
    0xde, 0x19, 0xee, 0x91, 0xb8, 0x5b, 0xbb, 0xc5,
    0x5d, 0xd2, 0xbf, 0x8, 0x3, 0xff, 0x8a, 0xbf,
    0xe5, 0x0, 0xef, 0xfe, 0x1a, 0xff, 0xa7, 0x40,
    0x3c, 0x3f, 0xe3, 0x70, 0x9, 0x94, 0x3, 0xc3,
    0xfe, 0xd2, 0x0, 0xf8,

    /* U+4E8C "二" */
    0x0, 0x9, 0x17, 0xf8, 0x40, 0x36, 0xef, 0xff,
    0x0, 0x3, 0x6e, 0xff, 0xf0, 0x0, 0x30, 0x91,
    0x7f, 0x84, 0x3, 0xff, 0xfe, 0x1, 0xff, 0xcc,
    0x77, 0xff, 0xe1, 0x0, 0xcc, 0xff, 0xf0, 0x84,

    /* U+4E8E "于" */
    0x4, 0x4f, 0xfe, 0x0, 0x5, 0x15, 0x5a, 0xed,
    0x55, 0xc4, 0x0, 0xce, 0xed, 0x43, 0xdd, 0xc4,
    0x1, 0xff, 0xd4, 0x11, 0xe3, 0x11, 0xf8, 0x3f,
    0xbb, 0xa4, 0x3b, 0xbc, 0x9b, 0xbe, 0x80, 0xdd,
    0xf2, 0x11, 0x7c, 0x24, 0x5e, 0x0, 0xff, 0xf2,
    0x91, 0x9b, 0x40, 0x3f, 0xe4, 0xcc, 0x34, 0x80,
    0x7f, 0x9b, 0xfd, 0xce, 0x1, 0xf0,

    /* U+4E91 "云" */
    0x0, 0x88, 0xbf, 0xc2, 0x1, 0x97, 0x77, 0xfc,
    0xc0, 0x19, 0x7b, 0xbf, 0xce, 0x1, 0xc2, 0x3f,
    0xe0, 0xf, 0xfe, 0x38, 0xee, 0xf7, 0xfb, 0x77,
    0xe1, 0x14, 0x46, 0x40, 0x38, 0x8f, 0x84, 0x15,
    0x71, 0x13, 0x15, 0x7e, 0x0, 0xe5, 0x49, 0x0,
    0xb6, 0x0, 0x3f, 0x5a, 0xa0, 0x5, 0x2e, 0x80,
    0x1e, 0xa0, 0xb0, 0xc, 0x8d, 0x40, 0x1c, 0xeb,
    0x64, 0x8c, 0xf1, 0x24, 0x32, 0x1, 0xc, 0x5,
    0x65, 0xdc, 0x40, 0x68, 0xc6, 0x0, 0x19, 0xce,
    0xff, 0x6e, 0x54, 0xc5, 0xa2, 0x0, 0x26, 0x31,
    0x0, 0xfd, 0x6e, 0x0,

    /* U+4E94 "五" */
    0x0, 0x8, 0xff, 0xf0, 0x0, 0x21, 0xee, 0xff,
    0xe0, 0x0, 0x43, 0xdd, 0x94, 0xbb, 0xbc, 0x1,
    0x84, 0x79, 0x4, 0x7c, 0x1, 0xf9, 0xb8, 0x3,
    0xfe, 0x33, 0x8b, 0xcc, 0xe5, 0x10, 0xe, 0x3c,
    0xc8, 0x1f, 0x32, 0xa7, 0x0, 0xe3, 0xff, 0x58,
    0x7f, 0xe1, 0x30, 0xf, 0xc6, 0x60, 0xc, 0x2c,
    0x1, 0xfb, 0x54, 0x2, 0x10, 0x10, 0xf, 0xcf,
    0xc0, 0x11, 0x1, 0x0, 0x7e, 0x23, 0x0, 0x9c,
    0x3, 0x87, 0x32, 0xf0, 0x9c, 0xca, 0xc3, 0x32,
    0x11, 0x55, 0x53, 0x2b, 0xaa, 0xa6, 0x55, 0x50,
    0x80,

    /* U+4E9B "些" */
    0x0, 0xd6, 0xe0, 0x3, 0xf0, 0xf, 0x8e, 0xc0,
    0x3f, 0xc, 0x71, 0x0, 0x1d, 0x81, 0x63, 0xb4,
    0x1, 0x5c, 0x96, 0x40, 0x1c, 0x4b, 0xbe, 0x0,
    0x2d, 0xc5, 0x0, 0xf3, 0xe9, 0x90, 0x2, 0x8,
    0x0, 0xa0, 0x1f, 0xfc, 0x3b, 0x30, 0x1, 0x99,
    0x26, 0x28, 0x0, 0x89, 0x28, 0x92, 0x58, 0xe0,
    0x11, 0x46, 0xb5, 0x54, 0x38, 0xa6, 0xf7, 0xfb,
    0x2a, 0x2, 0xbb, 0xad, 0x80, 0x1, 0x2f, 0xff,
    0xf9, 0xc0, 0x32, 0xe6, 0x7f, 0x98, 0x3, 0x9,
    0x9f, 0xf8, 0x40, 0x22, 0x2f, 0xfe, 0x10, 0xe,
    0xef, 0xff, 0x8, 0x80,

    /* U+4EAC "京" */
    0x0, 0xf8, 0xc0, 0x3f, 0xf8, 0x23, 0x88, 0x1,
    0xf1, 0x9f, 0x11, 0xd9, 0x9f, 0x83, 0x73, 0x38,
    0xc3, 0x33, 0xc1, 0xdf, 0xff, 0xfc, 0x10, 0xb,
    0xff, 0xfc, 0x40, 0x1d, 0x7d, 0xde, 0xd0, 0xf,
    0x9c, 0x47, 0xc6, 0x1, 0xf2, 0x2a, 0xf9, 0xc0,
    0x3c, 0x99, 0xdc, 0xaa, 0x77, 0x35, 0xc, 0x3,
    0x55, 0x2e, 0xcc, 0x97, 0x6a, 0xb1, 0x0, 0xd9,
    0x0, 0x1e, 0xab, 0x0, 0xd6, 0xd2, 0x1, 0xeb,
    0x7b, 0x0, 0x60, 0x58, 0x8, 0x8c, 0x40, 0x2d,
    0x69, 0xf, 0xb0, 0x1e, 0xe2, 0x60, 0x4, 0x3f,
    0x60, 0x60, 0x1, 0xff, 0x73, 0x0, 0x62, 0x20,

    /* U+4EAE "亮" */
    0x0, 0xf9, 0x88, 0x3, 0xff, 0x85, 0xf2, 0x1,
    0xfb, 0xff, 0xcc, 0x9f, 0xfe, 0x0, 0x77, 0x7f,
    0xf0, 0x80, 0x2, 0x2d, 0xfc, 0xcf, 0x7f, 0x84,
    0x40, 0x1d, 0x1b, 0xbe, 0xb0, 0xf, 0xd1, 0xdd,
    0xeb, 0x0, 0xfb, 0x3b, 0xbf, 0x80, 0x36, 0x7f,
    0xff, 0xf0, 0x30, 0x2, 0x9f, 0xff, 0xf4, 0x0,
    0x4a, 0x40, 0x5f, 0xfe, 0x10, 0x25, 0x0, 0x4a,
    0x3, 0x87, 0x75, 0x80, 0x12, 0xc8, 0x7, 0x72,
    0x88, 0xe0, 0x8, 0x60, 0x2, 0x19, 0x48, 0x0,
    0xe2, 0x15, 0x60, 0x5, 0xf1, 0xe9, 0x0, 0x44,
    0x79, 0xd6, 0xc0, 0xa, 0xfa, 0x20, 0xe, 0xcf,
    0xfa, 0x0,

    /* U+4EBA "人" */
    0x0, 0xfa, 0xe4, 0x3, 0xff, 0x84, 0xe2, 0x1,
    0xff, 0xc2, 0x37, 0x0, 0xff, 0xe8, 0x88, 0x7,
    0xff, 0xd, 0x0, 0x4, 0x1, 0xff, 0xc0, 0xc3,
    0x45, 0x0, 0xff, 0xe0, 0x3d, 0xed, 0x0, 0x7f,
    0xca, 0x2c, 0xe4, 0x80, 0x1f, 0xe8, 0x61, 0x13,
    0xc8, 0x7, 0xf4, 0x14, 0x0, 0x24, 0xe4, 0x3,
    0xe6, 0x7a, 0x10, 0x0, 0xd3, 0x38, 0x7, 0x44,
    0xc2, 0x80, 0x64, 0xa8, 0xa0, 0x0, 0xeb, 0xd3,
    0x80, 0x79, 0x6d, 0x38, 0x45, 0x1c, 0xa0, 0x1f,
    0x93, 0xac, 0x40,

    /* U+4EC0 "什" */
    0x0, 0xff, 0xe4, 0x54, 0x0, 0x49, 0xe0, 0x1f,
    0x89, 0x68, 0x3, 0xff, 0x83, 0x8, 0x40, 0x1f,
    0xfc, 0x4, 0x5e, 0x0, 0xff, 0xe0, 0xd, 0x3,
    0x0, 0x7f, 0xc3, 0x84, 0x0, 0xbf, 0xfa, 0xc3,
    0xff, 0x21, 0x86, 0x80, 0x27, 0x32, 0x70, 0xcc,
    0xca, 0x5a, 0x20, 0x2, 0x33, 0xb0, 0xc, 0xf0,
    0x80, 0x7f, 0xff, 0xc0, 0x3f, 0xf9, 0x9e, 0x60,
    0x19, 0x3c, 0x3, 0x80,

    /* U+4EC5 "仅" */
    0x0, 0xc6, 0x80, 0x1f, 0xfc, 0x2f, 0xc0, 0xf,
    0xfe, 0xa, 0x1e, 0x77, 0x7d, 0xec, 0x1, 0xa9,
    0x51, 0x5, 0xbb, 0xc0, 0x60, 0x14, 0xc, 0x87,
    0x11, 0x9e, 0x20, 0x40, 0x2, 0x38, 0x8, 0x20,
    0x90, 0x4, 0xe6, 0x20, 0x74, 0xc0, 0x19, 0x68,
    0x2, 0xab, 0x0, 0x3a, 0xc8, 0x6, 0x96, 0x0,
    0x21, 0xb0, 0x1, 0x2c, 0x3, 0x8c, 0x9c, 0x21,
    0xc4, 0x3, 0xfd, 0xf1, 0x25, 0x20, 0x1f, 0xf1,
    0x8b, 0x58, 0x80, 0x7f, 0xc8, 0x21, 0xe0, 0x1f,
    0xf3, 0xdc, 0x6b, 0xe0, 0x80, 0x7c, 0x99, 0x36,
    0xe5, 0x8f, 0xd0, 0x20, 0x18, 0x61, 0x39, 0x0,
    0x3, 0x76, 0x43, 0x0, 0xbc, 0xf2, 0x0, 0x3c,
    0x98, 0x40,

    /* U+4ECA "今" */
    0x0, 0xf8, 0x44, 0x1, 0xff, 0xc2, 0xce, 0x0,
    0xff, 0xe0, 0xc9, 0x4, 0x80, 0x7f, 0xd4, 0xd9,
    0xaf, 0x40, 0x1f, 0x87, 0x13, 0x4c, 0xbd, 0xf4,
    0xc0, 0x39, 0xbc, 0x3d, 0x2c, 0x45, 0xaf, 0x90,
    0x0, 0x2d, 0x99, 0x60, 0xb0, 0xe1, 0x5, 0x51,
    0xb8, 0x89, 0x5c, 0xe0, 0x15, 0x26, 0x0, 0x17,
    0xec, 0x81, 0xcd, 0x57, 0xb2, 0x55, 0x4c, 0xa,
    0x1, 0x3c, 0x47, 0xaa, 0x2a, 0x5c, 0x3, 0x2e,
    0xef, 0xd8, 0x4a, 0xc0, 0x1f, 0xfc, 0xa, 0xa,
    0x0, 0xff, 0xe0, 0x42, 0xf8, 0x7, 0xff, 0x1,
    0x9e, 0x88, 0x3, 0xfe, 0x39, 0x84, 0x0, 0xff,
    0xe0, 0x15, 0x38, 0x7, 0x80,

    /* U+4ECE "从" */
    0x0, 0xff, 0xe4, 0x6b, 0x80, 0x6b, 0x90, 0xf,
    0xc6, 0x20, 0x19, 0xc4, 0x3, 0xf0, 0x98, 0x6,
    0x1e, 0x0, 0xf8, 0x41, 0x80, 0x31, 0x18, 0x7,
    0xc6, 0x4, 0x1, 0x8, 0x30, 0x7, 0xcc, 0xe,
    0x1, 0x28, 0x7, 0xf1, 0x84, 0x98, 0x0, 0xc1,
    0x40, 0x3e, 0xe5, 0x7e, 0x0, 0x60, 0x68, 0x7,
    0xc9, 0xb0, 0x10, 0x8, 0xe8, 0x20, 0x1c, 0x44,
    0x40, 0x97, 0x60, 0x94, 0x90, 0xe, 0xa1, 0x30,
    0x4d, 0xa5, 0x1f, 0x72, 0x0, 0xcd, 0x20, 0x12,
    0x1c, 0x82, 0x22, 0x40, 0x29, 0x16, 0x0, 0x1c,
    0xb9, 0x80, 0x25, 0x68, 0x5, 0xe8, 0x40, 0x10,
    0x70, 0x1, 0x16, 0xb0, 0x8b, 0xd4, 0x2, 0xbc,
    0x0, 0xe3, 0xc1,

    /* U+4ED3 "仓" */
    0x0, 0xf8, 0x98, 0x3, 0xff, 0x85, 0xb2, 0x1,
    0xff, 0xc1, 0xb2, 0x3b, 0x0, 0xff, 0xe, 0x36,
    0x61, 0xf0, 0x40, 0x3e, 0x2f, 0xc, 0x10, 0xc5,
    0xf5, 0x0, 0xe8, 0xd4, 0xc1, 0x0, 0xa6, 0x2b,
    0xc, 0xf, 0x99, 0x17, 0xff, 0xd3, 0x4d, 0x86,
    0x68, 0xfe, 0xc, 0xcf, 0x3, 0x56, 0x98, 0x30,
    0x80, 0x99, 0xf1, 0x0, 0x81, 0x0, 0x7f, 0xc6,
    0x4, 0x1, 0xff, 0x2a, 0x50, 0x80, 0x7f, 0xf0,
    0x37, 0xce, 0x88, 0x80, 0x1f, 0xe8, 0xbb, 0x22,
    0x3c, 0x3, 0x84, 0x48, 0x45, 0xc7, 0x4e, 0x1,
    0xc8, 0xb7, 0xbb, 0xd8, 0x10, 0x0,

    /* U+4EE3 "代" */
    0x0, 0xff, 0xe4, 0x36, 0x0, 0x17, 0x81, 0x24,
    0x3, 0xe8, 0xa0, 0x0, 0x80, 0x10, 0xac, 0x3,
    0x9c, 0xd8, 0x0, 0xe2, 0x0, 0xb0, 0x80, 0x8,
    0xe1, 0x40, 0x22, 0x1, 0x0, 0x5c, 0x80, 0x7,
    0x43, 0x40, 0x4d, 0x2, 0xa9, 0x9d, 0xc1, 0x16,
    0x28, 0x3, 0x7b, 0x64, 0x1b, 0x67, 0x78, 0x64,
    0x6c, 0x43, 0x3f, 0xb0, 0xed, 0xd4, 0xc4, 0x27,
    0x0, 0x21, 0x0, 0x97, 0xc0, 0x38, 0x40, 0x3f,
    0x7a, 0x0, 0x7f, 0xf0, 0x90, 0x84, 0x3, 0xff,
    0x82, 0x44, 0x60, 0x4, 0x20, 0x7, 0xfa, 0xa4,
    0x40, 0xc4, 0x3, 0xfc, 0xe7, 0x8e, 0x88, 0x0,
    0xff, 0xbc, 0x61, 0x44, 0x2, 0xe5, 0x0, 0xf1,
    0x67, 0x50, 0x0,

    /* U+4EE4 "令" */
    0x0, 0xfc, 0x80, 0x1f, 0xfc, 0x2d, 0xb1, 0x0,
    0xff, 0xe0, 0x51, 0x8d, 0x0, 0x7f, 0x8b, 0x5b,
    0xf8, 0x34, 0xc0, 0x3e, 0x6d, 0x4e, 0x40, 0xb5,
    0xc8, 0x0, 0xcb, 0xb3, 0x30, 0xdc, 0x4, 0x5a,
    0xf3, 0x81, 0x5a, 0x73, 0x1, 0xe3, 0x38, 0x26,
    0xcc, 0x8c, 0xba, 0x44, 0x2, 0x2d, 0x50, 0x0,
    0xbf, 0x18, 0x1, 0x7f, 0xfb, 0x37, 0xfd, 0xcc,
    0x1, 0x97, 0xbb, 0xec, 0x4, 0x60, 0xe, 0x11,
    0x0, 0x8c, 0x1c, 0xb6, 0x1, 0xfb, 0x70, 0xc7,
    0x1e, 0x80, 0x3f, 0xb5, 0x73, 0x9e, 0x80, 0x3f,
    0xc3, 0x34, 0xe, 0x40, 0x1f, 0xfc, 0x5, 0xd1,
    0x90, 0xf, 0xfe, 0x9, 0x65, 0x0, 0x70,

    /* U+4EE5 "以" */
    0x0, 0xff, 0xe2, 0x13, 0x0, 0x7e, 0xc7, 0x0,
    0x9e, 0x0, 0x15, 0x20, 0x18, 0x44, 0x1, 0xf4,
    0x32, 0x0, 0x44, 0x60, 0x1f, 0x14, 0x50, 0x6,
    0x60, 0xf, 0xce, 0x6a, 0x6, 0x4, 0x1, 0xfd,
    0xaa, 0xa, 0x22, 0x0, 0xff, 0xe0, 0x7a, 0x0,
    0x7f, 0xf0, 0x5f, 0x0, 0x3f, 0xa, 0x80, 0x14,
    0x58, 0x3, 0xc5, 0x3d, 0xe0, 0xa, 0x3, 0x0,
    0xde, 0x3a, 0x59, 0x41, 0x22, 0xf8, 0x60, 0x1,
    0x50, 0xcb, 0x30, 0x96, 0xd8, 0x7d, 0x20, 0x1b,
    0xf3, 0x5, 0xd7, 0xc3, 0x8, 0x4c, 0x10, 0x40,
    0x0, 0xdb, 0xf9, 0x80, 0x54, 0xa4, 0x1, 0x87,
    0xa8, 0x40, 0x3a, 0xcc,

    /* U+4EF6 "件" */
    0x0, 0xff, 0xe4, 0x6a, 0x82, 0x81, 0xf8, 0x7,
    0xe5, 0x35, 0x3a, 0x0, 0xff, 0xa1, 0x81, 0x44,
    0x94, 0x8, 0xa1, 0x0, 0x9c, 0xa0, 0x28, 0x76,
    0x43, 0x76, 0xb0, 0x0, 0xc0, 0x0, 0x8f, 0xbe,
    0xc3, 0xfe, 0xa0, 0x6, 0x80, 0x50, 0xa2, 0xe,
    0x1, 0xe2, 0x25, 0x0, 0x26, 0x0, 0x3f, 0x8b,
    0xd8, 0x2, 0x13, 0x32, 0x1, 0x9e, 0x10, 0x10,
    0xb, 0xf3, 0x28, 0xc, 0xcc, 0x80, 0x1d, 0x9f,
    0xf6, 0x7, 0xfe, 0x50, 0xf, 0xff, 0x38, 0x80,
    0x7f, 0xf0, 0x0,

    /* U+4EFD "份" */
    0x0, 0xc6, 0x1, 0xff, 0xc2, 0x1c, 0x30, 0x7,
    0x18, 0x5b, 0x0, 0x79, 0x8c, 0xc0, 0xa0, 0x61,
    0x9a, 0x1, 0xe8, 0x90, 0x4, 0xb0, 0x1, 0x50,
    0x80, 0x34, 0x82, 0x82, 0x1c, 0x80, 0x9, 0x64,
    0x2, 0x26, 0x0, 0xd, 0x40, 0x80, 0x50, 0x8c,
    0x0, 0xf1, 0x1, 0xc3, 0x52, 0x2c, 0x2f, 0x2a,
    0x22, 0xb0, 0x17, 0x4d, 0xde, 0xc3, 0x97, 0x1c,
    0x10, 0x5, 0x4f, 0xb3, 0x3f, 0xd0, 0xc, 0x40,
    0x1f, 0x97, 0xc0, 0x1e, 0x20, 0x1f, 0xc2, 0x68,
    0x0, 0x13, 0x0, 0xfe, 0x73, 0x20, 0x1, 0x70,
    0x7, 0xe1, 0x88, 0x0, 0x4c, 0x20, 0x1f, 0x16,
    0x3a, 0x0, 0x99, 0x28, 0x7, 0xd1, 0x52, 0x7,
    0xd8, 0xa6, 0x1, 0x93, 0xc2, 0x9c, 0x0, 0x7f,
    0xea, 0x0, 0x80,

    /* U+4F18 "优" */
    0x0, 0xff, 0xe4, 0x5c, 0x0, 0x17, 0x41, 0x1c,
    0x3, 0xc4, 0x94, 0x0, 0x31, 0x4, 0xc9, 0x0,
    0xee, 0x42, 0x0, 0xf5, 0x80, 0x80, 0x4c, 0x71,
    0xbb, 0x49, 0xee, 0xc9, 0x86, 0x3, 0x20, 0x73,
    0x31, 0x84, 0xcf, 0x10, 0x50, 0x4, 0x89, 0x2b,
    0x22, 0x70, 0x89, 0x64, 0x3, 0x8b, 0xa2, 0x40,
    0x30, 0xfa, 0x80, 0x72, 0x18, 0x7, 0xc2, 0x1,
    0xc4, 0x8, 0x1, 0xff, 0xc1, 0x53, 0x0, 0xff,
    0xe1, 0x4d, 0x0, 0x72, 0x0, 0x7d, 0x26, 0xc0,
    0x1d, 0x8, 0x1, 0xd0, 0xdc, 0x1, 0x18, 0x88,
    0x98, 0x3, 0x9, 0xe1, 0x80, 0x2d, 0x3b, 0x84,
    0x40,

    /* U+4F1A "会" */
    0x0, 0xfc, 0x20, 0x1f, 0xfc, 0x25, 0xe2, 0x0,
    0xff, 0xe0, 0x1d, 0x5, 0x0, 0x7f, 0xcd, 0x91,
    0xcb, 0x62, 0x1, 0xf0, 0xd4, 0xd3, 0x8e, 0x8f,
    0xb0, 0x6, 0x18, 0xe4, 0x91, 0x44, 0xb9, 0xe7,
    0x58, 0x1, 0xad, 0x32, 0xb9, 0x9e, 0x4d, 0x58,
    0x40, 0xde, 0x67, 0xdd, 0xf8, 0xa3, 0x90, 0x0,
    0x67, 0xff, 0xc1, 0x0, 0x26, 0x67, 0xff, 0x3,
    0x80, 0xb, 0xff, 0x60, 0x4f, 0xfb, 0x7b, 0xfd,
    0xa0, 0x1c, 0x3a, 0xcc, 0x0, 0x5e, 0x8, 0x7,
    0x87, 0x12, 0x40, 0x29, 0x4c, 0x10, 0xc, 0x7c,
    0x5b, 0x15, 0x79, 0xac, 0x5e, 0x1, 0xa0, 0xb,
    0x8, 0x99, 0x32, 0xcc, 0x3, 0x80, 0x57, 0xfb,
    0x75, 0xe, 0xa8, 0x66, 0xc7, 0x0,

    /* U+4F20 "传" */
    0x0, 0xc8, 0x80, 0x9, 0x8c, 0x3, 0xfa, 0x88,
    0x2, 0x90, 0xf, 0xe5, 0x7, 0xcc, 0x78, 0x76,
    0x65, 0x60, 0x1a, 0xa4, 0x66, 0x46, 0x11, 0x33,
    0x78, 0x5, 0x20, 0xe0, 0xaa, 0x79, 0x55, 0xc8,
    0x0, 0x36, 0x0, 0x2a, 0xc8, 0x2a, 0xbc, 0x63,
    0xa2, 0x0, 0x99, 0x50, 0x5c, 0xcf, 0x22, 0x85,
    0x0, 0x33, 0xe, 0xd9, 0x9e, 0x74, 0xf7, 0x0,
    0xce, 0x8, 0x99, 0xc4, 0x0, 0x20, 0x18, 0x41,
    0x26, 0x6b, 0x84, 0x0, 0xf8, 0x7f, 0x76, 0xe0,
    0x95, 0x0, 0xfc, 0x2e, 0x29, 0x92, 0xc0, 0x1f,
    0xee, 0xe5, 0xcb, 0x0, 0x7f, 0x86, 0x68, 0x28,
    0x40, 0x3f, 0xf8, 0xb, 0xec, 0xc0, 0xe, 0x3f,
    0x0, 0xfa, 0x9c, 0x2,

    /* U+4F30 "估" */
    0x0, 0xd6, 0xc0, 0x11, 0xf8, 0x7, 0xe3, 0x47,
    0x0, 0xff, 0xe0, 0xf3, 0x8, 0x7, 0xff, 0x2,
    0xa, 0x27, 0xfe, 0xc0, 0xff, 0xd0, 0x6, 0xe0,
    0x37, 0x99, 0x40, 0x66, 0x6a, 0x2d, 0x30, 0x1,
    0x19, 0xc8, 0x6, 0x78, 0x81, 0x3c, 0x3, 0xff,
    0x82, 0x54, 0x1, 0x96, 0xa9, 0xc1, 0x55, 0x28,
    0x7, 0xd8, 0xc4, 0xae, 0x44, 0x7d, 0x0, 0xfc,
    0xb1, 0x1c, 0xe0, 0x1f, 0xfd, 0xd6, 0x55, 0xf0,
    0x7, 0xfa, 0x23, 0x80, 0x38, 0xfc, 0x1, 0x3f,
    0xbb, 0xdf, 0x0,

    /* U+4F4D "位" */
    0x0, 0xfe, 0x20, 0xf, 0xf6, 0xb0, 0x5, 0xec,
    0x1, 0xf9, 0x9, 0x80, 0x25, 0xd0, 0xf, 0xd0,
    0xc2, 0xab, 0x79, 0x2a, 0xc4, 0x1, 0x29, 0xd9,
    0x44, 0x54, 0x91, 0x12, 0x0, 0x6, 0x80, 0xcd,
    0xb9, 0xbb, 0xbf, 0x18, 0x1, 0xa2, 0x1, 0xf,
    0x0, 0x6f, 0x70, 0x1, 0x95, 0x0, 0x42, 0x24,
    0x0, 0x89, 0x40, 0x7, 0xec, 0x1, 0x94, 0xc0,
    0x6, 0x6, 0x1, 0x8, 0x7, 0x1e, 0x80, 0x18,
    0x80, 0x3f, 0xdc, 0xc0, 0xc, 0x40, 0xf, 0xf1,
    0x18, 0x1, 0x7c, 0x3, 0xfc, 0xc6, 0x0, 0x34,
    0x0, 0xfc, 0x8a, 0xf2, 0xb0, 0xe, 0xaa, 0x0,
    0xf4, 0x47, 0x29, 0x44, 0x42,

    /* U+4F4F "住" */
    0x0, 0xc4, 0x20, 0x12, 0x80, 0x7f, 0xbe, 0x40,
    0x28, 0x80, 0x7, 0xe4, 0x29, 0x0, 0xa5, 0xc4,
    0x3, 0xea, 0x63, 0x44, 0x81, 0x51, 0x30, 0x80,
    0x24, 0x61, 0x66, 0x6b, 0x58, 0x99, 0x8c, 0x11,
    0x80, 0xf, 0xbb, 0x58, 0xee, 0xe2, 0x25, 0xa0,
    0x7, 0xff, 0x4, 0xd6, 0x40, 0x3f, 0xf8, 0x23,
    0x40, 0x1b, 0x76, 0xb1, 0xdd, 0xa4, 0x3, 0xe9,
    0x99, 0x82, 0x66, 0xa0, 0xf, 0x91, 0x2d, 0x14,
    0x48, 0xc0, 0x3f, 0xfb, 0x53, 0x55, 0x86, 0xab,
    0x20, 0x7, 0x71, 0x14, 0xce, 0x45, 0x9c,

    /* U+4F53 "体" */
    0x0, 0xff, 0xe4, 0x62, 0x80, 0x49, 0xc0, 0x1f,
    0x90, 0xd0, 0x3, 0xff, 0x83, 0x2c, 0x67, 0xc2,
    0x67, 0x88, 0x0, 0xe5, 0x1d, 0x99, 0x40, 0x66,
    0x68, 0x2, 0x80, 0x1c, 0xff, 0x58, 0x0, 0x7f,
    0xea, 0xf, 0x0, 0xf7, 0xb0, 0xaa, 0x80, 0x21,
    0x6b, 0x0, 0xc8, 0xba, 0x1d, 0x0, 0x10, 0xdb,
    0x80, 0x69, 0x80, 0x2, 0x8b, 0x80, 0x7e, 0x81,
    0x60, 0xb, 0xe0, 0x80, 0x3c, 0xaf, 0xe0, 0x18,
    0xdb, 0xc4, 0x3, 0x1d, 0x4f, 0x7d, 0x8f, 0xfb,
    0x86, 0x80, 0x31, 0xdb, 0x7e, 0xc8, 0x6e, 0x9b,
    0x64, 0x3, 0x90, 0x8, 0xa1, 0x22, 0x8, 0x88,
    0x3, 0xf9, 0xcc, 0x3, 0x80,

    /* U+4F59 "余" */
    0x0, 0xfc, 0xa0, 0x1f, 0xfc, 0x2a, 0xa1, 0x80,
    0x7f, 0xf0, 0x29, 0xa3, 0x4c, 0x3, 0xf8, 0xf4,
    0x71, 0xe3, 0x1c, 0x3, 0xe7, 0xc5, 0xb0, 0x3,
    0x65, 0x62, 0x0, 0x4d, 0xd2, 0x9e, 0xef, 0x91,
    0x42, 0xf1, 0x6, 0xdb, 0x8b, 0x75, 0x10, 0xdd,
    0x17, 0xeb, 0x8, 0xb6, 0x2, 0x6a, 0xa1, 0xaa,
    0x8c, 0xa9, 0x40, 0x6, 0x7d, 0xa2, 0x67, 0xc4,
    0x0, 0x4c, 0xce, 0x70, 0xcc, 0xee, 0x0, 0x27,
    0xfb, 0xbf, 0xd4, 0x3f, 0xee, 0xff, 0x60, 0x6,
    0x2f, 0x50, 0xc, 0x3f, 0x0, 0x1c, 0x99, 0x2a,
    0x1, 0x87, 0x16, 0xc0, 0x27, 0xbb, 0x38, 0x88,
    0x80, 0x22, 0xc7, 0xb0, 0x3, 0x6a, 0x84, 0xf4,
    0x30, 0x4, 0x3b, 0x40, 0x1, 0x20, 0x4, 0x7f,
    0xa0, 0x3, 0x8, 0x80,

    /* U+4F5C "作" */
    0x0, 0xc8, 0x80, 0x1, 0x98, 0x3, 0xfd, 0x26,
    0x0, 0xfb, 0x0, 0xfe, 0x52, 0x70, 0x33, 0x48,
    0x7, 0xf5, 0x30, 0x3, 0x3, 0xbf, 0xfa, 0x40,
    0x10, 0x16, 0x8, 0x14, 0x66, 0xdd, 0xd0, 0x6,
    0xe0, 0x61, 0x2c, 0xaa, 0x62, 0x2c, 0x22, 0xd2,
    0x0, 0x50, 0x48, 0x1, 0x88, 0xb0, 0x19, 0xb8,
    0x0, 0x5c, 0x1, 0x1e, 0xee, 0x32, 0xc1, 0x0,
    0x41, 0x80, 0x4b, 0xff, 0x8c, 0x4, 0x3, 0xff,
    0x98, 0xbf, 0xf9, 0x80, 0x3f, 0xc5, 0x99, 0x9c,
    0x3, 0xfc, 0xe6, 0x78, 0x40, 0x3f, 0xf9, 0x2,
    0x1, 0xff, 0x0,

    /* U+4F60 "你" */
    0x0, 0xc6, 0x20, 0x44, 0x0, 0xff, 0xb5, 0x2,
    0xe0, 0x3, 0xfc, 0xc6, 0xa0, 0x9e, 0x1, 0xfe,
    0x9b, 0x3, 0x23, 0x55, 0xe8, 0x20, 0x5, 0x3,
    0x4, 0x85, 0x4d, 0x5c, 0xc9, 0xd0, 0x11, 0x40,
    0x6, 0xb9, 0x90, 0x6e, 0x60, 0x54, 0xed, 0x0,
    0x10, 0xa6, 0x1, 0xc2, 0x23, 0x15, 0x80, 0x4,
    0xdb, 0xa0, 0x4, 0xad, 0xe0, 0x54, 0x1, 0x10,
    0xc0, 0x6, 0x68, 0x10, 0xf, 0x94, 0x50, 0x2,
    0x33, 0x30, 0x7, 0xdc, 0xc0, 0x1d, 0x54, 0x0,
    0xf2, 0x22, 0x40, 0x39, 0x88, 0x80, 0x1c, 0x32,
    0x20, 0x1e, 0x61, 0x0, 0xe5, 0x60, 0x33, 0x0,
    0x80, 0x24, 0xc0, 0x21, 0x0, 0xd3, 0x88, 0x40,
    0x18,

    /* U+4F7F "使" */
    0x0, 0xff, 0xe4, 0x5c, 0x0, 0x49, 0xc0, 0x1f,
    0x91, 0x7, 0xdd, 0x58, 0xf7, 0x67, 0x0, 0xad,
    0xe7, 0x76, 0x80, 0xdd, 0xcc, 0x0, 0xb0, 0x82,
    0x33, 0xc2, 0x67, 0x84, 0x19, 0x0, 0x7, 0xff,
    0x58, 0xff, 0xdc, 0xb, 0x2e, 0x1, 0xf, 0xfa,
    0xc3, 0xfd, 0x80, 0x6, 0x9b, 0x0, 0xf8, 0x40,
    0x38, 0xd8, 0x3, 0xe, 0x62, 0xc7, 0x31, 0xc0,
    0x1f, 0x13, 0xff, 0x98, 0x3f, 0xdd, 0xa0, 0x1e,
    0x13, 0xa3, 0x33, 0x19, 0xe0, 0xf, 0xa9, 0x31,
    0x74, 0x3, 0xfe, 0x1e, 0x30, 0x21, 0x0, 0xfe,
    0x39, 0xc6, 0xba, 0xeb, 0x74, 0x10, 0xc, 0x3e,
    0x7b, 0x29, 0x9b, 0x98, 0xa2,

    /* U+4F8B "例" */
    0x0, 0x88, 0x3, 0xff, 0x82, 0x3b, 0x3f, 0xfc,
    0x20, 0x5, 0xd0, 0x3, 0xa4, 0x68, 0x46, 0xe8,
    0x30, 0x3, 0xa7, 0x4, 0xc1, 0x88, 0x86, 0x60,
    0xc, 0xa0, 0x80, 0xa0, 0xf0, 0x80, 0x1e, 0x80,
    0xb, 0x82, 0x9f, 0x80, 0x39, 0xc4, 0x40, 0x5,
    0xdc, 0x62, 0x0, 0xe5, 0xe0, 0x3, 0x19, 0x2,
    0xe0, 0x7, 0x11, 0x0, 0x11, 0x6e, 0x26, 0xa0,
    0x1f, 0xd4, 0xb5, 0xc6, 0x20, 0x1f, 0xc8, 0x58,
    0x16, 0x1, 0xff, 0xc0, 0x41, 0x70, 0x2d, 0x0,
    0xfc, 0x37, 0x0, 0x11, 0x0, 0x7c, 0x3a, 0xac,
    0x1, 0x11, 0x42, 0x1, 0x90, 0x2c, 0x3, 0x46,
    0xcd, 0x0, 0x3c, 0xd7, 0x0, 0x3a, 0xbf, 0x98,

    /* U+4F9B "供" */
    0x0, 0xff, 0xe4, 0x5c, 0x2, 0x70, 0x0, 0xbc,
    0x3, 0xc6, 0x94, 0x1, 0xff, 0xc1, 0xe6, 0x20,
    0x0, 0x80, 0x61, 0x0, 0xd0, 0x50, 0xbf, 0x61,
    0xfe, 0xd0, 0xef, 0x50, 0x37, 0x1, 0x5d, 0x90,
    0xdd, 0x58, 0x66, 0xa9, 0x68, 0x80, 0x44, 0x41,
    0x22, 0x30, 0x19, 0x0, 0x95, 0x0, 0x7f, 0xf0,
    0x4f, 0x0, 0x3f, 0xf8, 0xf5, 0xd6, 0x3d, 0xcd,
    0xf, 0xe7, 0x0, 0xe8, 0xab, 0xb5, 0x52, 0xee,
    0xa5, 0x0, 0xe2, 0x47, 0xf4, 0x43, 0x72, 0x20,
    0x80, 0x3c, 0x3d, 0x80, 0x2, 0xc, 0x0, 0xf8,
    0xb1, 0xdc, 0x1, 0x53, 0xd0, 0x7, 0x91, 0xe8,
    0x3, 0xa9, 0xc4, 0x0, 0x9e, 0xd, 0x40, 0x1e,
    0x1d, 0x10,

    /* U+4F9D "依" */
    0x0, 0xc2, 0x1, 0xff, 0xc3, 0xc6, 0x0, 0xb5,
    0x80, 0x3f, 0x21, 0x38, 0x5, 0x76, 0x0, 0xfd,
    0xc, 0x46, 0x71, 0xa, 0x19, 0xc2, 0x0, 0x63,
    0x8d, 0xdd, 0x67, 0x5b, 0xb2, 0x80, 0xc8, 0xf,
    0x74, 0xc1, 0x1d, 0xd9, 0x3, 0x40, 0x39, 0x9d,
    0xd6, 0x1, 0x30, 0x8, 0x58, 0x4, 0xf3, 0x72,
    0x62, 0x15, 0x64, 0x38, 0xe0, 0x9, 0x80, 0x41,
    0x5b, 0xc1, 0xc2, 0x0, 0xd6, 0x94, 0x1, 0x4a,
    0xdd, 0x84, 0x3, 0xab, 0x58, 0x2, 0x34, 0xd0,
    0xf, 0x84, 0x3, 0xd2, 0xaa, 0x0, 0xff, 0x8d,
    0xca, 0x69, 0x0, 0x3e, 0x40, 0xee, 0x78, 0x34,
    0x5b, 0x0, 0x7a, 0x13, 0x75, 0x0, 0x7, 0xb7,
    0x0, 0x1f, 0x80, 0x3e, 0xcc, 0x3, 0x90, 0x40,

    /* U+4FA7 "侧" */
    0x0, 0x88, 0x3, 0xff, 0x82, 0x3a, 0xbf, 0xfc,
    0x1, 0x1e, 0x80, 0x1d, 0x5, 0x3f, 0xe0, 0x6,
    0x88, 0x6, 0x9d, 0x0, 0xe, 0x80, 0x46, 0x1,
    0x94, 0x1c, 0x3, 0xff, 0x81, 0x60, 0x1f, 0xfc,
    0x18, 0x51, 0x0, 0xff, 0xe0, 0x5d, 0x0, 0x7f,
    0xf0, 0x4c, 0x40, 0x3f, 0xf8, 0xe6, 0x20, 0x1f,
    0xfc, 0x16, 0x70, 0xf, 0xf9, 0x2f, 0x30, 0x1e,
    0xe, 0x20, 0x1f, 0x98, 0xf0, 0x42, 0x40, 0x3f,
    0x5b, 0x25, 0x50, 0x3, 0xf9, 0xca, 0x1, 0x8c,
    0x53, 0xf2, 0x80, 0x1c, 0x2f, 0x20, 0x14, 0xa,
    0x7f, 0x9c,

    /* U+4FBF "便" */
    0x0, 0xd4, 0x60, 0x1f, 0xfc, 0x13, 0x5a, 0xff,
    0xfe, 0x60, 0xa, 0x97, 0xcc, 0xe1, 0x3, 0x3c,
    0x40, 0x2, 0x6e, 0x6c, 0xcc, 0x19, 0x99, 0x0,
    0x12, 0x8, 0x3f, 0xf6, 0x87, 0xfd, 0xc0, 0x4,
    0x40, 0x6, 0xff, 0x68, 0x7f, 0xac, 0x0, 0x34,
    0x40, 0x1a, 0xed, 0x81, 0x97, 0x0, 0x1, 0x49,
    0x0, 0xd3, 0x2b, 0xf, 0x9a, 0x0, 0xa9, 0xc0,
    0x31, 0x11, 0x80, 0xc8, 0x80, 0x1f, 0xdd, 0xcc,
    0xe, 0xe5, 0x80, 0x7c, 0x73, 0xdc, 0x84, 0xee,
    0x7f, 0x0, 0x78, 0xee, 0x46, 0xb4, 0x3, 0xfc,
    0x38, 0xbc, 0x4e, 0x1, 0xfe, 0x26, 0x21, 0x3e,
    0xb8, 0x53, 0x10, 0xc, 0x59, 0xba, 0xec, 0xee,
    0xf, 0x71, 0x0, 0x7, 0xe5, 0xd4, 0x60, 0x1,
    0x59, 0xbd, 0x50,

    /* U+4FDD "保" */
    0x0, 0xcc, 0x80, 0x1f, 0xfc, 0x11, 0x97, 0xef,
    0xff, 0x90, 0x3, 0x49, 0x98, 0x2f, 0xbb, 0x84,
    0x3, 0x13, 0xc0, 0x1, 0xc4, 0x78, 0x3, 0xbc,
    0x10, 0x3, 0xff, 0x81, 0x4, 0x1, 0xa2, 0xab,
    0x84, 0x0, 0xae, 0xe0, 0xa, 0x37, 0x5, 0x73,
    0x12, 0xa0, 0xf1, 0x60, 0x13, 0x35, 0xe2, 0xcd,
    0x8, 0x13, 0x80, 0x59, 0xbb, 0x58, 0xfe, 0xec,
    0xa0, 0x1d, 0x13, 0x2a, 0x0, 0xa6, 0x64, 0x0,
    0xe4, 0x42, 0xd2, 0xa, 0x62, 0x20, 0x40, 0x3c,
    0x38, 0x9e, 0x14, 0xce, 0x1, 0xf1, 0xe3, 0xc8,
    0x0, 0x76, 0x20, 0x1, 0xc5, 0x8b, 0x40, 0x18,
    0xf1, 0xa0, 0x2, 0x12, 0xe8, 0x0, 0xf1, 0xfc,
    0x0,

    /* U+4FE1 "信" */
    0x0, 0xcc, 0x1, 0xb, 0x0, 0x7f, 0x1c, 0x80,
    0x43, 0xa, 0x1, 0xfa, 0x98, 0x3, 0x46, 0x80,
    0x7c, 0x2d, 0x7d, 0xff, 0x4b, 0xff, 0xe4, 0x0,
    0x58, 0x17, 0x77, 0xf9, 0x0, 0xd4, 0x2, 0x55,
    0xfc, 0x20, 0xe, 0x30, 0xb, 0xbf, 0xfd, 0xc0,
    0x2, 0xf, 0x0, 0xaa, 0xef, 0xd4, 0x0, 0x2d,
    0x10, 0xb, 0x7b, 0xbd, 0xa0, 0x1f, 0xb7, 0xbb,
    0xda, 0x1, 0xf0, 0xff, 0xfe, 0x0, 0xfe, 0xff,
    0xee, 0x1, 0x0, 0xff, 0xe0, 0x88, 0x7, 0xf8,
    0x8b, 0xc0, 0x1f, 0xef, 0xfe, 0xc0, 0xe, 0x2e,
    0x1, 0xfd, 0xde, 0xef, 0x10,

    /* U+5012 "倒" */
    0x0, 0x8c, 0x3, 0xff, 0x85, 0x8c, 0x89, 0xc0,
    0x21, 0xa8, 0x0, 0x53, 0xe8, 0xba, 0xff, 0xf,
    0x90, 0x6, 0x84, 0x89, 0x1e, 0x8b, 0x10, 0xe,
    0x42, 0xb0, 0x98, 0xb, 0x70, 0xf, 0x40, 0x1,
    0xcc, 0x20, 0xe0, 0x40, 0x33, 0x90, 0x2, 0xb,
    0xb9, 0xf0, 0xe0, 0x1b, 0x28, 0x43, 0xf7, 0xbd,
    0x1d, 0x80, 0x35, 0x20, 0x4, 0x3e, 0xa2, 0x20,
    0xe, 0x10, 0xa, 0x39, 0x8f, 0xb8, 0xc0, 0x1f,
    0xa3, 0xdd, 0x3f, 0xcc, 0x1, 0xff, 0xc1, 0x21,
    0xa2, 0x0, 0xf1, 0x2b, 0xa7, 0x79, 0x20, 0x7,
    0xd9, 0x2d, 0x5f, 0xa6, 0x1, 0xfb, 0xb2, 0x54,
    0x40, 0x1d, 0xe2, 0xa0, 0xe, 0x30, 0xf, 0xbb,
    0xf0, 0x40,

    /* U+503C "值" */
    0x0, 0xff, 0xe4, 0x6a, 0x80, 0x4f, 0x80, 0x1f,
    0x90, 0xf7, 0xfe, 0x83, 0xff, 0xc0, 0x1a, 0x66,
    0xdd, 0x86, 0x37, 0x70, 0x4, 0xc4, 0xe2, 0x44,
    0x31, 0x52, 0x2c, 0x0, 0x19, 0x0, 0xbb, 0xf8,
    0x33, 0xbf, 0x80, 0x2c, 0x1, 0x0, 0xb3, 0xfd,
    0xdc, 0xc0, 0xc, 0x34, 0x1, 0xe, 0x77, 0x6c,
    0x10, 0xb, 0x18, 0x2, 0x1c, 0xee, 0xd8, 0x20,
    0x1f, 0x87, 0x37, 0x76, 0x8, 0x7, 0xe1, 0xcd,
    0xdd, 0x82, 0x1, 0xfc, 0xa6, 0x79, 0x0, 0x3f,
    0x86, 0x26, 0x78, 0x40, 0x3c, 0x28, 0x13, 0xdd,
    0x98, 0x10, 0x40, 0x33, 0xd8, 0x45, 0xde, 0x70,
    0xb4,

    /* U+504F "偏" */
    0x0, 0xca, 0x60, 0x14, 0x90, 0x7, 0xf5, 0x38,
    0x4, 0x7c, 0x1, 0xf9, 0xc8, 0x3f, 0xe5, 0x3f,
    0xfb, 0x0, 0x21, 0x88, 0x0, 0xf7, 0x7a, 0x44,
    0x2, 0xd0, 0x50, 0x31, 0x1f, 0x18, 0x4, 0xc6,
    0x1, 0x17, 0xff, 0xa8, 0x0, 0x72, 0xc2, 0x0,
    0x2e, 0xef, 0xb4, 0x9, 0xe8, 0x0, 0x22, 0xfe,
    0xef, 0x78, 0x8a, 0x0, 0x23, 0x70, 0xf2, 0xfc,
    0x5f, 0x10, 0xf, 0x8, 0x80, 0x3f, 0xf8, 0x5c,
    0x42, 0x45, 0x33, 0x8, 0x40, 0x3c, 0x5a, 0x1e,
    0x1f, 0x47, 0xe0, 0x1f, 0x2b, 0xe, 0x96, 0xe2,
    0xe8, 0x80, 0x71, 0x81, 0x80, 0x7f, 0xf0, 0x98,
    0xc, 0x2, 0x10, 0xd2, 0x10,

    /* U+505A "做" */
    0x0, 0xff, 0x84, 0x3, 0xeb, 0x60, 0xa6, 0x0,
    0x17, 0x8, 0x7, 0xa, 0x38, 0x7, 0x38, 0x88,
    0x3, 0xa4, 0xc0, 0x9b, 0x88, 0x70, 0xc8, 0xa0,
    0x0, 0xba, 0xc6, 0x9b, 0xee, 0x98, 0xb3, 0x74,
    0xa1, 0x1, 0x93, 0xeb, 0x3f, 0xe0, 0x8e, 0x57,
    0x55, 0x30, 0x7, 0xde, 0x1, 0x36, 0x84, 0xc1,
    0x80, 0x71, 0x1b, 0x68, 0x1b, 0x87, 0x38, 0x1,
    0xfd, 0x67, 0x6e, 0x11, 0x2, 0x40, 0x40, 0x19,
    0x7f, 0xc2, 0xc2, 0x52, 0xc0, 0x1f, 0xfc, 0x15,
    0x2a, 0x0, 0xff, 0xe0, 0xa8, 0x18, 0x7, 0xcb,
    0x98, 0x10, 0x82, 0x6a, 0x0, 0xf8, 0xa2, 0x15,
    0xd, 0x92, 0xf6, 0x1, 0xcb, 0xc8, 0x83, 0x1f,
    0x20, 0xd0, 0x30, 0x6, 0x29, 0x18, 0x1, 0xac,
    0x40, 0x3, 0x66,

    /* U+505C "停" */
    0x0, 0xc4, 0x1, 0x88, 0x80, 0x1f, 0xd8, 0x60,
    0x12, 0x78, 0x7, 0xe6, 0x2a, 0xee, 0xa4, 0xbf,
    0xba, 0x60, 0xa, 0x2a, 0x33, 0x2d, 0xdb, 0x32,
    0x60, 0x4, 0xb, 0xa, 0xef, 0xff, 0x69, 0x80,
    0x9, 0xc0, 0x32, 0xee, 0xec, 0x0, 0xde, 0x24,
    0x1, 0x26, 0xee, 0xc0, 0xc, 0x34, 0x1, 0x3f,
    0x6e, 0xf7, 0x88, 0x3, 0x1c, 0x1, 0xdf, 0xff,
    0xce, 0x1, 0xed, 0xff, 0xf9, 0x40, 0x3c, 0xd5,
    0xff, 0xf6, 0x18, 0x7, 0x44, 0x3f, 0xd6, 0x3f,
    0xf3, 0x20, 0x7, 0xff, 0x6e, 0x3e, 0xd0, 0x3,
    0xe3, 0xd0, 0xa, 0x3f, 0xd4, 0x1, 0xc0,

    /* U+5065 "健" */
    0x0, 0xff, 0xe3, 0xf1, 0x91, 0x88, 0x3, 0x48,
    0x3, 0xca, 0x55, 0x98, 0x6c, 0xe2, 0xde, 0xf0,
    0xd, 0x37, 0x3c, 0x2d, 0x9c, 0x5b, 0xc0, 0x19,
    0xd, 0x1, 0x96, 0x7b, 0x85, 0xbc, 0x1e, 0x41,
    0x0, 0x21, 0x71, 0xe, 0xe1, 0x6f, 0x7, 0x93,
    0x88, 0x82, 0xcb, 0x17, 0x38, 0xb7, 0x80, 0x24,
    0xf0, 0x11, 0x5a, 0x9e, 0x71, 0x6f, 0x78, 0x0,
    0xc8, 0x6, 0x50, 0xcd, 0xba, 0x2d, 0xd8, 0x3,
    0xdc, 0x2a, 0x9f, 0xe0, 0xbf, 0xf0, 0x7, 0x96,
    0x0, 0x2, 0x20, 0x11, 0xc0, 0x1d, 0x2c, 0xc7,
    0xff, 0x5, 0x7f, 0x98, 0x3, 0xe5, 0x56, 0x60,
    0xb7, 0x30, 0xe0, 0x18, 0x6d, 0xe7, 0x29, 0x40,
    0x47, 0x0, 0x64, 0x8, 0x6e, 0x29, 0xc, 0xee,
    0x68, 0x5, 0xcf, 0x40, 0x1, 0x8c, 0xdf, 0xfb,
    0x0,

    /* U+50A8 "储" */
    0x0, 0xff, 0xe3, 0xf1, 0x18, 0x6, 0xf2, 0x1,
    0xa0, 0x9, 0x8, 0x35, 0x83, 0x78, 0x37, 0x50,
    0x1, 0xa5, 0xa, 0xa0, 0x7f, 0x42, 0xa1, 0xa0,
    0x0, 0x65, 0x40, 0x9c, 0x24, 0x60, 0xfc, 0xe4,
    0x0, 0x80, 0x13, 0x51, 0x37, 0x80, 0xd4, 0x7,
    0x26, 0x60, 0x2e, 0x53, 0x87, 0x80, 0x4a, 0x1e,
    0x0, 0xe1, 0x4f, 0x50, 0x38, 0xe1, 0xda, 0x88,
    0x13, 0x18, 0x7, 0xae, 0x47, 0x7f, 0xce, 0x1,
    0xfa, 0x98, 0x3f, 0xe6, 0xf0, 0xf, 0xd5, 0x80,
    0x1f, 0xfc, 0x5e, 0xe9, 0x80, 0x3e, 0x1d, 0xc5,
    0xe, 0xe9, 0x80, 0x3e, 0x45, 0xe5, 0xd, 0xd9,
    0x80, 0x3e, 0xbe, 0x20, 0x7, 0x74, 0x60, 0x1b,
    0x88, 0x10, 0x0, 0x3e, 0x67, 0x64, 0x0,

    /* U+50CF "像" */
    0x0, 0xfc, 0x20, 0x1f, 0xf6, 0xa8, 0x46, 0x8,
    0x88, 0x3, 0xe5, 0x35, 0x37, 0x2f, 0xf6, 0xa8,
    0x7, 0xa2, 0x4b, 0x2b, 0xbd, 0x51, 0x2, 0x1,
    0xa0, 0x89, 0xa1, 0x19, 0xc8, 0xb9, 0xfa, 0x0,
    0x37, 0x4, 0xb0, 0xdd, 0x52, 0x76, 0xd0, 0x0,
    0x74, 0x84, 0x48, 0x19, 0x8a, 0x4c, 0xc4, 0x80,
    0x5, 0xe4, 0x2, 0xd8, 0x30, 0xde, 0xe7, 0xf8,
    0x1, 0x2e, 0x0, 0x3b, 0xa7, 0x7, 0x20, 0x98,
    0x0, 0xf5, 0x7f, 0x70, 0x2a, 0x9a, 0x74, 0x1,
    0xe9, 0x3c, 0xfe, 0x6, 0x60, 0x7, 0xec, 0xfe,
    0xbd, 0x5, 0xb7, 0x30, 0xf, 0x64, 0x43, 0xe2,
    0x0, 0x51, 0xa6, 0x1, 0x86, 0xf3, 0x71, 0x6f,
    0x81, 0xda, 0x80, 0x23, 0x18, 0xe7, 0xbe, 0x77,
    0x0, 0x22, 0x40,

    /* U+5145 "充" */
    0x0, 0xf9, 0x84, 0x3, 0xff, 0x85, 0xb4, 0x1,
    0xff, 0xc2, 0x85, 0x10, 0xf, 0xbb, 0xff, 0xb0,
    0x7b, 0xff, 0x70, 0x3, 0x33, 0x8, 0x66, 0x57,
    0x99, 0x68, 0x0, 0x8c, 0xd6, 0x1a, 0x66, 0x1b,
    0x63, 0x38, 0x3, 0x33, 0xe9, 0x0, 0xa, 0xe9,
    0xc0, 0x39, 0xe6, 0x1d, 0x54, 0xce, 0x66, 0x87,
    0x0, 0xd0, 0x11, 0x75, 0x3b, 0x10, 0x42, 0x85,
    0x0, 0xbb, 0xfc, 0xaa, 0xcb, 0x29, 0x8d, 0xa4,
    0x0, 0x84, 0x0, 0xfa, 0x1, 0xe5, 0x10, 0xe,
    0x22, 0x20, 0x7, 0xca, 0x1, 0xdc, 0x66, 0x0,
    0xfa, 0xd0, 0x0, 0x78, 0x5c, 0x1, 0xb8, 0x88,
    0x62, 0xc1, 0x78, 0xde, 0x40, 0x15, 0x3e, 0xeb,
    0x14, 0x82, 0x7a, 0x84, 0x3, 0x3f, 0xfe, 0xa0,

    /* U+5148 "先" */
    0x0, 0x91, 0xc0, 0x1a, 0xc0, 0x1f, 0xee, 0xe0,
    0x7, 0xff, 0x4, 0x55, 0xbf, 0xc5, 0x3f, 0xfa,
    0x80, 0x34, 0x96, 0x64, 0xd, 0x99, 0xa0, 0x2,
    0x37, 0xe3, 0x38, 0xbc, 0xcf, 0x10, 0x4, 0x32,
    0x60, 0x1f, 0xfc, 0x2, 0xbf, 0x99, 0xc5, 0x13,
    0x3c, 0xc0, 0x1c, 0x6c, 0x4c, 0xec, 0xa0, 0x1c,
    0x53, 0x38, 0x2e, 0x64, 0x31, 0x33, 0x30, 0x7,
    0x21, 0x0, 0x7f, 0xf0, 0xa9, 0x40, 0x3f, 0x18,
    0x6, 0x72, 0x90, 0xf, 0x87, 0x0, 0x3, 0x31,
    0x62, 0x1, 0x8c, 0x88, 0xe4, 0x5, 0xcb, 0x88,
    0x1, 0x9a, 0x37, 0x53, 0x60, 0x5b, 0x86, 0x1,
    0xd1, 0xff, 0x98, 0x0,

    /* U+5149 "光" */
    0x0, 0x84, 0x2, 0x8c, 0x0, 0x84, 0xc0, 0x33,
    0xe0, 0x7, 0xe9, 0x80, 0xc, 0xe0, 0xc0, 0x1f,
    0x34, 0x0, 0x75, 0xc0, 0x7, 0xa1, 0x4c, 0x3,
    0x99, 0x44, 0x3, 0x86, 0x40, 0x32, 0x25, 0xea,
    0x8a, 0x68, 0x8d, 0x64, 0x40, 0x8a, 0x67, 0x5d,
    0x8c, 0x6e, 0xd3, 0x39, 0x7, 0x77, 0xd, 0x77,
    0x28, 0xb7, 0x72, 0x80, 0x70, 0xb0, 0x7, 0xff,
    0x5, 0x40, 0xc0, 0x3f, 0xf8, 0x32, 0xa0, 0x1f,
    0x98, 0x40, 0x29, 0x38, 0x0, 0xfd, 0x4a, 0xb,
    0x8f, 0x84, 0x1, 0x8c, 0x88, 0x66, 0x61, 0x85,
    0xf3, 0x0, 0xc8, 0x7b, 0xac, 0x42, 0x1d, 0x91,
    0x0, 0xe1, 0xdf, 0xfa, 0xc0,

    /* U+514B "克" */
    0x0, 0xfb, 0x94, 0x3, 0xe1, 0xff, 0xf0, 0xd7,
    0xff, 0x50, 0xe, 0xef, 0x81, 0xf7, 0x7a, 0xc0,
    0x4, 0x5e, 0x1d, 0x22, 0xe1, 0x0, 0x87, 0xff,
    0xd, 0x7f, 0xe3, 0x0, 0xc6, 0x1b, 0xbf, 0x80,
    0x3f, 0x11, 0x7e, 0x0, 0xfc, 0xa8, 0x9e, 0x50,
    0xf, 0x19, 0xa6, 0xed, 0x15, 0x76, 0x93, 0x10,
    0xc, 0x39, 0x81, 0xac, 0xc0, 0x66, 0x44, 0x1,
    0xe3, 0x14, 0x0, 0xf8, 0x80, 0x30, 0xf3, 0x8,
    0x7, 0xde, 0x80, 0x51, 0xcd, 0x20, 0x3, 0x5,
    0x22, 0x19, 0x31, 0xea, 0x4d, 0x80, 0x42, 0x93,
    0xba, 0xc4, 0x23, 0xec, 0x60, 0xe, 0xbf, 0xfd,
    0x60,

    /* U+514D "免" */
    0x0, 0xe2, 0x10, 0xf, 0xfe, 0x8, 0xec, 0x80,
    0x7f, 0xf0, 0x70, 0x1f, 0xff, 0x0, 0x7e, 0xa0,
    0xef, 0xf7, 0xc, 0x0, 0x7d, 0xaa, 0xa7, 0x66,
    0x70, 0x89, 0x9a, 0x10, 0x6, 0x10, 0x1e, 0xea,
    0x1, 0x37, 0x69, 0x50, 0x7, 0x51, 0x5d, 0xd0,
    0x57, 0x78, 0x3, 0x10, 0x7, 0x73, 0x0, 0x7f,
    0x8e, 0x22, 0x74, 0x88, 0xc0, 0x1c, 0xee, 0x11,
    0x80, 0xdd, 0x4, 0x4c, 0xc0, 0x8, 0xa6, 0x6e,
    0x1c, 0xf, 0x99, 0x88, 0x3, 0xc5, 0x16, 0x1,
    0xe1, 0x0, 0xe4, 0xc6, 0x50, 0xf, 0x5b, 0x80,
    0x12, 0xed, 0x32, 0x0, 0x98, 0x46, 0x72, 0xa,
    0xa1, 0x73, 0x80, 0x4d, 0x5d, 0xd0, 0xa8, 0x57,
    0x48, 0x80, 0x69, 0xff, 0xd8, 0x0,

    /* U+5165 "入" */
    0x0, 0xff, 0xe4, 0xe, 0xa0, 0x7, 0xff, 0x4,
    0x56, 0xd0, 0x3, 0xff, 0x83, 0xf, 0x42, 0x1,
    0xff, 0xc1, 0x81, 0xe0, 0xf, 0xfe, 0x22, 0x0,
    0x7f, 0xf0, 0x10, 0x12, 0x40, 0x3f, 0xf8, 0x1a,
    0x74, 0x4a, 0x1, 0xfe, 0x16, 0xa1, 0x78, 0x0,
    0xff, 0x48, 0xb0, 0x49, 0x38, 0x7, 0xe2, 0x78,
    0x0, 0xc, 0x48, 0x80, 0x78, 0x7d, 0x18, 0x2,
    0x73, 0xd0, 0xe, 0x1d, 0x3a, 0x0, 0xef, 0x3b,
    0x0, 0x93, 0xc7, 0xc4, 0x3, 0x8a, 0xd3, 0x48,
    0x65, 0x30, 0x40, 0x3e, 0x4c, 0x3, 0x1d, 0xa1,
    0x0, 0xfe, 0x3d, 0x10,

    /* U+5168 "全" */
    0x0, 0xf8, 0xc8, 0x3, 0xff, 0x82, 0x59, 0x80,
    0xf, 0xfe, 0x0, 0xfa, 0x84, 0x0, 0x7f, 0x8b,
    0x1e, 0xb1, 0xa4, 0x3, 0xf2, 0x6a, 0xd0, 0x17,
    0xae, 0x8, 0x7, 0x4d, 0xcc, 0x0, 0x43, 0x8d,
    0xcc, 0x0, 0x5e, 0x45, 0x17, 0x7f, 0x6a, 0x46,
    0xb, 0xc6, 0x86, 0xed, 0x10, 0xdd, 0xb3, 0xec,
    0x49, 0x82, 0xab, 0x14, 0xd5, 0x4e, 0x2e, 0x1,
    0xff, 0xc8, 0xff, 0xc5, 0x3f, 0xf5, 0x80, 0x7b,
    0xbb, 0x3, 0xf7, 0x54, 0x1, 0xe1, 0x1c, 0x5c,
    0x23, 0x80, 0x3f, 0xc6, 0x20, 0x1f, 0xbf, 0xfc,
    0x31, 0xff, 0xd4, 0x0,

    /* U+516C "公" */
    0x0, 0xe1, 0x0, 0xc4, 0x1, 0xfc, 0x5c, 0x60,
    0x4, 0xd2, 0x0, 0xfd, 0x6, 0x60, 0x2, 0x1c,
    0x80, 0x7c, 0x6b, 0x0, 0x1b, 0x91, 0x80, 0x3d,
    0xca, 0x80, 0x18, 0xa6, 0x46, 0x1, 0xac, 0xec,
    0x1, 0x8, 0x0, 0x65, 0xd2, 0x0, 0x5a, 0x68,
    0x81, 0xb8, 0x80, 0x54, 0x58, 0x41, 0xb8, 0x60,
    0xf, 0x45, 0x0, 0xda, 0xc4, 0xc, 0x60, 0x6,
    0x39, 0x0, 0xe1, 0x80, 0xe, 0x18, 0x81, 0x0,
    0x35, 0x40, 0x3f, 0x51, 0x38, 0x5, 0x74, 0x60,
    0x1e, 0x85, 0xd0, 0xc, 0xcb, 0xc0, 0x1d, 0xe,
    0x51, 0x57, 0x9b, 0xca, 0x52, 0x1, 0x98, 0x1c,
    0xce, 0xb8, 0xac, 0x96, 0x40, 0xb, 0xbe, 0xea,
    0x61, 0xd5, 0xd, 0x98, 0x20,

    /* U+516D "六" */
    0x0, 0xf8, 0xc0, 0x3f, 0xf8, 0x49, 0x84, 0x1,
    0xff, 0xc1, 0x43, 0x80, 0xf, 0xfe, 0x14, 0xa8,
    0x80, 0x7c, 0x67, 0xe6, 0x82, 0x33, 0xe0, 0x1c,
    0xcf, 0xa3, 0x33, 0xc4, 0x3f, 0xff, 0xfc, 0x22,
    0x0, 0xff, 0x8, 0x7, 0xf3, 0x70, 0x80, 0x7,
    0x90, 0x3, 0xf4, 0x38, 0x80, 0x5, 0xe8, 0x40,
    0x3c, 0xe3, 0x0, 0x1a, 0xe, 0x80, 0x38, 0xa2,
    0x2, 0x1, 0xdc, 0x8c, 0x1, 0xb8, 0x9c, 0x3,
    0xc6, 0xf0, 0x20, 0x9, 0x3e, 0x0, 0xfd, 0x1,
    0x60, 0x29, 0x26, 0x1, 0xfd, 0x6c, 0x3, 0xac,
    0x1, 0xfe, 0x5c, 0x0,

    /* U+5171 "共" */
    0x0, 0xcb, 0xc0, 0x19, 0x78, 0x3, 0xff, 0x9a,
    0x20, 0x1c, 0x20, 0x1c, 0xdf, 0xea, 0xf, 0xfd,
    0x41, 0xff, 0x10, 0x37, 0x72, 0x43, 0xbb, 0x48,
    0x77, 0x44, 0x0, 0x11, 0x18, 0x8f, 0x18, 0x8e,
    0x0, 0xff, 0xeb, 0x7f, 0xd4, 0x3f, 0xfa, 0x87,
    0xfe, 0xb0, 0xdd, 0xff, 0xe1, 0x50, 0x11, 0x47,
    0x2e, 0x45, 0x4a, 0x91, 0x42, 0x1, 0xe, 0xba,
    0x80, 0x5f, 0x36, 0x1, 0xc9, 0xef, 0x80, 0x19,
    0x3d, 0xf4, 0x80, 0xf, 0x73, 0x60, 0x1e, 0x1c,
    0x6c, 0x10, 0x7d, 0x70, 0xf, 0xeb, 0xc1,

    /* U+5173 "关" */
    0x0, 0xc8, 0x1, 0xe5, 0x20, 0xf, 0x15, 0xa0,
    0x6, 0x1a, 0x70, 0xf, 0x14, 0x48, 0x6, 0x84,
    0x50, 0xe, 0x33, 0x20, 0xa1, 0x99, 0x99, 0xc6,
    0x60, 0xd, 0x99, 0x1d, 0xe6, 0x24, 0x2b, 0x30,
    0x20, 0x17, 0xff, 0x2a, 0x7f, 0xf0, 0x80, 0x7f,
    0xf5, 0xbb, 0xff, 0x95, 0x3f, 0xfc, 0x0, 0xcc,
    0xeb, 0x0, 0x4e, 0x67, 0x0, 0x8, 0xcf, 0x60,
    0x35, 0x99, 0xf0, 0x7, 0x99, 0xe6, 0x41, 0x60,
    0x1f, 0xd3, 0x27, 0x60, 0xc6, 0xd2, 0x0, 0xc2,
    0xfc, 0xf5, 0x0, 0x1, 0xc6, 0xda, 0x40, 0x6,
    0x4c, 0xb9, 0x40, 0x30, 0xdd, 0x35, 0x8, 0x67,
    0x38, 0x7, 0xe5, 0xce, 0x10,

    /* U+5176 "其" */
    0x0, 0x8f, 0xc0, 0x3d, 0xe6, 0x1, 0xa3, 0x30,
    0x19, 0x9e, 0xc, 0xc4, 0x80, 0x2e, 0x5c, 0x26,
    0x7c, 0xf, 0x3a, 0x0, 0x35, 0xb0, 0x55, 0xf0,
    0x5a, 0xa0, 0x7, 0xbf, 0xfc, 0x1, 0xfe, 0xee,
    0xf0, 0x7, 0xff, 0x3b, 0xbb, 0xc0, 0x1f, 0xef,
    0xff, 0x0, 0x70, 0xc4, 0x41, 0x11, 0xe0, 0x88,
    0x84, 0x8, 0x82, 0xa4, 0x5e, 0x51, 0x22, 0x0,
    0xd5, 0x58, 0x99, 0x54, 0xc7, 0xdb, 0xaa, 0x8,
    0x14, 0x75, 0xc3, 0x0, 0x1a, 0x73, 0xa4, 0x80,
    0x7c, 0xab, 0x58, 0x3, 0x25, 0xe9, 0xc8, 0xe,
    0xd2, 0x0, 0x7e, 0x2a, 0xb0,

    /* U+5177 "具" */
    0x0, 0x9f, 0xff, 0xf8, 0xc0, 0x3c, 0x9f, 0xff,
    0x0, 0x7e, 0x71, 0x1f, 0x80, 0x3f, 0x1e, 0x67,
    0xc0, 0x1f, 0x93, 0x77, 0xe0, 0xf, 0xc9, 0xdd,
    0xf0, 0x7, 0xe4, 0xee, 0xf8, 0x3, 0xf2, 0x77,
    0x7c, 0x1, 0xf9, 0x3b, 0xbe, 0x0, 0xe8, 0x89,
    0x22, 0x3e, 0x8, 0x82, 0x0, 0x89, 0x98, 0x62,
    0x38, 0xc9, 0x88, 0x44, 0x13, 0x28, 0x4, 0xa9,
    0x98, 0x94, 0x62, 0x54, 0x6, 0x39, 0x70, 0xc0,
    0x29, 0xc3, 0xe7, 0x0, 0x6a, 0x5e, 0x18, 0x7,
    0x1d, 0xda, 0x58, 0x33, 0x8, 0x1, 0xfc, 0x9c,
    0xc0,

    /* U+5178 "典" */
    0x0, 0xff, 0xe4, 0x97, 0x80, 0x38, 0xc0, 0x3e,
    0x24, 0x42, 0x82, 0x20, 0x6d, 0x12, 0x0, 0xd1,
    0x53, 0x1, 0x32, 0x7, 0x99, 0x59, 0x80, 0x66,
    0xdd, 0x6, 0xe8, 0x73, 0x74, 0x1, 0xff, 0xca,
    0x7e, 0xd0, 0xee, 0xe, 0x77, 0x0, 0x3c, 0x7b,
    0x21, 0xba, 0x9, 0xdd, 0x0, 0x79, 0xd, 0x0,
    0xcc, 0x2a, 0x66, 0x0, 0xff, 0xe3, 0x94, 0xab,
    0xcf, 0x4, 0xc8, 0x7e, 0x64, 0x1e, 0xc6, 0x2e,
    0xe1, 0x57, 0x11, 0x3a, 0x88, 0x9d, 0xc, 0x62,
    0x2e, 0x6d, 0x88, 0x63, 0x15, 0x44, 0x14, 0x0,
    0x99, 0x14, 0xa0, 0x4, 0xd0, 0xda, 0x10, 0x5,
    0x51, 0x39, 0x40, 0x31, 0x56, 0x8f, 0x88, 0x5f,
    0x40, 0x7, 0xe2, 0xbf, 0x10,

    /* U+5185 "内" */
    0x0, 0xf2, 0x70, 0x7, 0xff, 0x20, 0xfb, 0xba,
    0xc7, 0xbb, 0x7c, 0x38, 0xd5, 0x66, 0xa, 0xac,
    0x42, 0x2, 0x89, 0xbc, 0xd1, 0x38, 0x3, 0xea,
    0x30, 0xf, 0xf8, 0x4c, 0x30, 0x40, 0x3f, 0xa0,
    0xfd, 0xb0, 0x40, 0x3e, 0x87, 0xe0, 0xa6, 0xc1,
    0x0, 0xc7, 0x8d, 0xa4, 0x0, 0xb1, 0xa0, 0xc,
    0x49, 0xe6, 0x1, 0xb6, 0x0, 0x30, 0xc0, 0x80,
    0x70, 0x98, 0x7, 0xfc, 0x26, 0x62, 0x0, 0xff,
    0x1e, 0x61, 0xa8,

    /* U+518D "再" */
    0xf, 0xff, 0xfe, 0xc, 0x80, 0xc, 0xfc, 0x0,
    0x33, 0xee, 0x0, 0x66, 0x78, 0x6b, 0x33, 0x9c,
    0x2, 0x7f, 0xfc, 0x35, 0xff, 0x98, 0x3, 0x8f,
    0x76, 0x8, 0xdd, 0x88, 0x40, 0x39, 0xc8, 0xa1,
    0x22, 0xcc, 0x1, 0xe4, 0xff, 0x86, 0xbf, 0xe4,
    0x0, 0xf1, 0xf7, 0x41, 0x3d, 0xd1, 0x80, 0x79,
    0xc4, 0x71, 0x88, 0xce, 0x1, 0x25, 0xc2, 0x5d,
    0xc3, 0x57, 0x72, 0x45, 0xa3, 0x68, 0x86, 0xed,
    0x32, 0xdd, 0x80, 0xb5, 0x89, 0xa5, 0x19, 0xbf,
    0x25, 0x31, 0x0, 0x7f, 0x8, 0xce, 0x20, 0x1f,
    0xf3, 0xf7, 0x5, 0x0, 0x33, 0xd8, 0x7, 0x37,
    0xfb, 0x48, 0x0,

    /* U+5199 "写" */
    0xef, 0xff, 0xfe, 0x2, 0x85, 0x6c, 0xcb, 0x77,
    0xe1, 0x0, 0x9, 0x67, 0x11, 0x7c, 0x0, 0xc4,
    0x7, 0xe1, 0x1f, 0x7, 0xa9, 0x0, 0xa, 0x7b,
    0xbc, 0xe2, 0x1, 0x18, 0xff, 0xfc, 0xe0, 0x19,
    0x8, 0xbf, 0x8, 0x6, 0xd3, 0xdd, 0xfb, 0xc0,
    0x35, 0x7f, 0xfd, 0xa, 0x0, 0x12, 0x2f, 0xc1,
    0xc4, 0x0, 0xbd, 0xdf, 0xc6, 0x5c, 0x0, 0xaf,
    0xff, 0xc6, 0xa6, 0x1, 0xf8, 0x46, 0x61, 0x50,
    0xf, 0xd3, 0xdc, 0x89, 0x10, 0xf, 0xd1, 0xfe,
    0xe6, 0x0, 0x80,

    /* U+51A0 "冠" */
    0xe, 0xff, 0xff, 0xe0, 0x48, 0x5, 0x5b, 0xbf,
    0xe5, 0x0, 0x95, 0x88, 0xbf, 0x8c, 0xb8, 0x1,
    0x1b, 0xdd, 0x90, 0x3, 0x75, 0xb8, 0x0, 0x99,
    0xbc, 0x45, 0x81, 0x84, 0x0, 0x31, 0x1c, 0x5b,
    0xb8, 0x2b, 0x80, 0x5d, 0xfc, 0xbf, 0xdf, 0xe0,
    0xcf, 0x0, 0x6c, 0x43, 0x62, 0xb5, 0x74, 0x3,
    0xc3, 0x4e, 0xea, 0x19, 0x85, 0x6, 0x0, 0xf8,
    0x7c, 0x3, 0xa4, 0x40, 0x3e, 0x22, 0x0, 0x72,
    0xb8, 0x0, 0x40, 0x21, 0x44, 0x0, 0x7b, 0x3c,
    0xcb, 0x48, 0x2d, 0x84, 0xc, 0xc2, 0x36, 0xf6,
    0xa1, 0x10, 0xde, 0x0, 0x17, 0x3d, 0xde, 0xa8,
    0x3, 0xd1, 0x0, 0x37, 0x7f, 0xfb, 0x9c, 0x0,

    /* U+51B3 "决" */
    0x4, 0x10, 0xe, 0x1f, 0x30, 0xf, 0x6e, 0x8,
    0x7, 0xff, 0x6, 0x5b, 0x41, 0x3f, 0xdc, 0x19,
    0xfe, 0xe0, 0xd, 0x60, 0x49, 0x98, 0xb0, 0x9c,
    0x90, 0xf, 0x61, 0x1, 0x99, 0x41, 0x4d, 0x40,
    0x3f, 0xf8, 0x22, 0x1, 0xff, 0xc1, 0x30, 0x30,
    0xf, 0xc4, 0x1f, 0xf6, 0x87, 0x7e, 0xf, 0xc0,
    0x5, 0x89, 0xbb, 0x30, 0x3, 0x37, 0x69, 0x0,
    0x31, 0xa1, 0x16, 0x62, 0x42, 0x28, 0x40, 0x11,
    0x60, 0x12, 0x22, 0xe2, 0x2, 0x1, 0x9c, 0x18,
    0x0, 0x54, 0xe4, 0xa9, 0xa2, 0x0, 0x18, 0x80,
    0x1, 0x71, 0x20, 0x1, 0x43, 0x88, 0x3, 0x4c,
    0x11, 0x53, 0x40, 0x10, 0xea, 0x5a, 0x82, 0x80,
    0x23, 0x9c, 0x3, 0xd3, 0xaa,

    /* U+51B7 "冷" */
    0x0, 0xfe, 0x41, 0x0, 0xf4, 0x88, 0x7, 0x15,
    0xc0, 0x7, 0x8a, 0x80, 0x3b, 0x85, 0xc4, 0x3,
    0xa9, 0x14, 0x2, 0xa1, 0xf6, 0xc1, 0x0, 0xc2,
    0xf2, 0x0, 0x94, 0xf1, 0x87, 0xc1, 0x0, 0xd1,
    0x83, 0x8f, 0xad, 0x41, 0x4d, 0xe8, 0x1, 0xda,
    0x18, 0x68, 0x34, 0x16, 0xf2, 0x1, 0xdb, 0x84,
    0x0, 0xae, 0x0, 0x4e, 0x0, 0x42, 0x82, 0x9f,
    0xf7, 0x5f, 0xfa, 0xc4, 0x2, 0x69, 0x4, 0xdd,
    0xeb, 0xe, 0x0, 0xd5, 0x40, 0x1, 0x17, 0x4b,
    0x28, 0x4, 0x84, 0xc0, 0x14, 0x18, 0x5b, 0x48,
    0x6, 0xf5, 0x10, 0xb, 0xb3, 0xda, 0xc0, 0x31,
    0xa4, 0x80, 0x66, 0xd0, 0x11, 0x0, 0x63, 0xb3,
    0x0, 0xe2, 0xf7, 0xa0, 0xe, 0x40, 0xf, 0xd7,
    0x40, 0x18,

    /* U+51C6 "准" */
    0x0, 0xf8, 0x80, 0x4, 0x1, 0xe8, 0x10, 0x9,
    0x30, 0x13, 0x4, 0x3, 0x92, 0xc0, 0x2e, 0x60,
    0x45, 0x80, 0xe, 0xe5, 0x40, 0x15, 0x39, 0x90,
    0x1c, 0xc9, 0x80, 0x4, 0xd2, 0x1a, 0x19, 0xdc,
    0x41, 0xee, 0x18, 0x5, 0x1e, 0x66, 0x7, 0x78,
    0x7d, 0xdc, 0xa0, 0x10, 0x9e, 0xa8, 0x11, 0x42,
    0x64, 0x40, 0xe, 0x45, 0x80, 0xcc, 0x82, 0x33,
    0xa, 0x1, 0x92, 0xc0, 0x1d, 0xd0, 0xdf, 0x71,
    0x40, 0x21, 0xe1, 0x0, 0x8, 0xe2, 0x11, 0x0,
    0x69, 0x31, 0x0, 0x77, 0x41, 0x3d, 0xc5, 0x0,
    0xb, 0xc8, 0x5, 0xff, 0xd, 0xff, 0x94, 0x0,
    0xc2, 0xa0, 0x1f, 0xfc, 0x1, 0x89, 0x0, 0xdf,
    0xf0, 0xdf, 0xfc, 0x3, 0x8e, 0x1, 0xb7, 0x7f,
    0x0,

    /* U+51CF "减" */
    0x0, 0xff, 0xe2, 0xa0, 0x7, 0xe8, 0x97, 0xa1,
    0x0, 0x43, 0x0, 0x7d, 0xe6, 0xff, 0x0, 0xe,
    0x81, 0x4f, 0xfe, 0x85, 0xfa, 0x63, 0x2, 0x79,
    0x2, 0xdd, 0xd0, 0x5b, 0xb1, 0x80, 0x26, 0x0,
    0x52, 0x66, 0x1, 0x20, 0x50, 0xf, 0x93, 0xfe,
    0x32, 0x5, 0xd0, 0xf, 0x89, 0x51, 0xc, 0x21,
    0x7c, 0x1, 0xc2, 0xed, 0xdc, 0xf0, 0x2, 0x92,
    0x0, 0x4f, 0x26, 0x20, 0xfc, 0x60, 0x55, 0x20,
    0x1a, 0xb7, 0x8c, 0x3, 0x8c, 0x1c, 0x2, 0x50,
    0x43, 0xf0, 0x7f, 0x31, 0x10, 0x0, 0xc8, 0x26,
    0xc1, 0x50, 0x1f, 0xfb, 0xd0, 0x5, 0x10, 0x64,
    0xca, 0x64, 0xd0, 0x78, 0xb6, 0x75, 0x45, 0x3e,
    0xd, 0x80, 0x9, 0x2e, 0x43, 0x99, 0x86, 0x1,
    0x42, 0x80, 0x4e, 0xc0, 0x2, 0xdb, 0x0,

    /* U+51E0 "几" */
    0x0, 0x8b, 0xff, 0xe6, 0x0, 0xfe, 0xbc, 0xcc,
    0x1, 0xff, 0x29, 0x9e, 0x20, 0xf, 0xff, 0x60,
    0x80, 0x80, 0x7f, 0xf0, 0x58, 0x3, 0xff, 0x87,
    0xa6, 0x1, 0xff, 0xc2, 0x35, 0x0, 0xfe, 0x10,
    0x8, 0x92, 0x80, 0x3f, 0xb8, 0x80, 0x10, 0x66,
    0x0, 0xff, 0xe0, 0x3a, 0xf8, 0x7, 0x87, 0xc9,
    0x0, 0x8e, 0x24, 0xc0, 0x3d, 0x4d, 0xb6, 0xe0,
    0x7a, 0xc0, 0x1f, 0x37, 0xfd, 0x0,

    /* U+51FA "出" */
    0x1, 0x10, 0x5, 0xcc, 0x1, 0x9, 0x80, 0x22,
    0x0, 0x1f, 0x9f, 0x40, 0x3f, 0xfc, 0x2d, 0xbb,
    0xc, 0xee, 0xd0, 0x1, 0x55, 0x22, 0x20, 0x48,
    0x8a, 0xe8, 0x9, 0x15, 0x70, 0xea, 0xae, 0x13,
    0x78, 0x0, 0xff, 0x4d, 0x80, 0x7f, 0xf8, 0x37,
    0x70, 0xce, 0xee, 0x30, 0x4a, 0x88, 0xd5, 0x48,
    0x8c, 0x0,

    /* U+51FB "击" */
    0x0, 0xfb, 0x94, 0x3, 0xff, 0x94, 0x3f, 0xfc,
    0x35, 0xff, 0xa0, 0x0, 0x39, 0x9c, 0xd, 0x99,
    0xa8, 0x2, 0x33, 0xe1, 0xc3, 0x3c, 0x40, 0x28,
    0x9e, 0x1c, 0x44, 0xe2, 0x5b, 0xbf, 0x3, 0x5d,
    0xf9, 0x3f, 0xfc, 0x35, 0xff, 0xd2, 0x0, 0xa5,
    0x0, 0xfd, 0x4a, 0x1, 0x39, 0x80, 0x7e, 0x73,
    0x0, 0xff, 0xeb, 0x46, 0x64, 0x35, 0x99, 0x10,
    0x6, 0x88, 0x55, 0x53, 0x2a, 0xa8, 0x2,

    /* U+5206 "分" */
    0x0, 0xff, 0xe4, 0x1f, 0x8, 0x0, 0xf4, 0x3,
    0xfa, 0x14, 0x40, 0x6, 0x10, 0x1, 0xf2, 0x22,
    0x0, 0x34, 0xb9, 0x80, 0x70, 0xd3, 0x18, 0x6,
    0x46, 0xe1, 0x0, 0xda, 0x72, 0x1, 0xe9, 0x1d,
    0x0, 0xe, 0x9d, 0x2a, 0xfc, 0xf4, 0x5a, 0x0,
    0x7a, 0xa4, 0x5d, 0x52, 0x23, 0x56, 0x58, 0xd,
    0x2e, 0xec, 0x1f, 0xbb, 0x43, 0x93, 0x0, 0x79,
    0x8, 0x3, 0x78, 0x80, 0x7e, 0xb5, 0x0, 0xc4,
    0x60, 0x1f, 0x21, 0xd0, 0x6, 0x11, 0x0, 0x78,
    0xea, 0x8, 0x3, 0x37, 0x0, 0x61, 0x7c, 0x77,
    0x0, 0x99, 0x21, 0x28, 0x6, 0xda, 0xb9, 0x0,
    0xb3, 0x6d, 0x4c, 0x3, 0x6e, 0x90, 0x2, 0x1f,
    0xfa, 0x80, 0x30,

    /* U+5207 "切" */
    0x0, 0x1f, 0x0, 0x44, 0x5f, 0x18, 0x7, 0xed,
    0xdf, 0xb1, 0x40, 0x3e, 0xff, 0x49, 0x7f, 0xc2,
    0x20, 0x8, 0x52, 0x2c, 0x80, 0x2, 0x1, 0x8,
    0x15, 0x60, 0x48, 0xe9, 0x80, 0xb8, 0x6, 0x73,
    0xd8, 0xd, 0x96, 0x10, 0xf2, 0x0, 0xe1, 0x74,
    0x10, 0xe, 0x21, 0x0, 0x8, 0x8, 0x7, 0xf3,
    0xf0, 0x6, 0x30, 0xf, 0x20, 0x88, 0x90, 0x0,
    0x60, 0x20, 0x7, 0x16, 0xda, 0x27, 0x22, 0x0,
    0x4, 0x3, 0x58, 0x5d, 0xb8, 0xe2, 0x80, 0x26,
    0x10, 0x9, 0x6b, 0x58, 0x28, 0x1c, 0x2, 0x22,
    0x0, 0x54, 0xa0, 0xa, 0x5d, 0x2, 0x33, 0x52,
    0x80, 0x79, 0x93, 0xc, 0x1b, 0x30, 0x16, 0x1,
    0xe6, 0xe3, 0x0, 0x27, 0xfb, 0x48, 0x0,

    /* U+5212 "划" */
    0x0, 0xf, 0x8c, 0x30, 0x7, 0x97, 0x40, 0x2,
    0x7, 0x57, 0x40, 0xa, 0x30, 0xf, 0x84, 0xb0,
    0x80, 0x8, 0xe0, 0x1f, 0x22, 0xb8, 0x52, 0x80,
    0x72, 0x6f, 0x84, 0x43, 0x47, 0x58, 0x3, 0x96,
    0x75, 0x1f, 0x6f, 0xcc, 0xc0, 0x1c, 0x28, 0x46,
    0x60, 0x19, 0x0, 0xff, 0x62, 0x85, 0x9a, 0x0,
    0x7f, 0x20, 0xc2, 0xf0, 0x7, 0xff, 0x1, 0xe8,
    0x80, 0x3f, 0xc6, 0x0, 0x50, 0x21, 0xe4, 0x0,
    0xe6, 0xc7, 0x7, 0x5, 0x40, 0xe, 0x1c, 0x9a,
    0x88, 0x9a, 0xdc, 0x8, 0xa1, 0x15, 0xf2, 0x83,
    0xba, 0x18, 0x89, 0xba, 0x9a, 0x7, 0x10, 0xa,
    0x3a, 0x80, 0xbf, 0xdc, 0xc0,

    /* U+5217 "列" */
    0xf, 0xff, 0xc4, 0x1, 0x27, 0x6, 0xe9, 0x4b,
    0x77, 0x15, 0x98, 0x6, 0x22, 0x35, 0x91, 0x60,
    0x57, 0x0, 0xe1, 0x3e, 0x66, 0x39, 0x80, 0x7e,
    0x60, 0x4a, 0xa4, 0x58, 0x7, 0xea, 0xa6, 0x64,
    0x58, 0x1, 0xf3, 0x1a, 0x80, 0x4, 0x94, 0x3,
    0xe8, 0xbb, 0x28, 0x32, 0x8, 0x7, 0xde, 0xbd,
    0x53, 0x2e, 0x0, 0xfc, 0x20, 0xb8, 0xc0, 0xa0,
    0x1f, 0xf3, 0x85, 0x0, 0x58, 0x80, 0x1e, 0x3a,
    0x74, 0x0, 0x88, 0x3, 0xcf, 0x8d, 0x0, 0x1c,
    0x22, 0x20, 0x3, 0x55, 0xc0, 0x7, 0xaf, 0xa5,
    0x81, 0xb5, 0x0, 0x3e, 0xaf, 0xf4, 0x0,

    /* U+5219 "则" */
    0x3, 0xff, 0xf7, 0x0, 0x64, 0xe0, 0x0, 0xf7,
    0x6a, 0x0, 0x26, 0x80, 0x78, 0x4e, 0x84, 0x40,
    0x1f, 0xf0, 0xa8, 0x7, 0xff, 0xb9, 0xcc, 0x3,
    0xff, 0x82, 0x22, 0x0, 0xff, 0xa, 0x6, 0x28,
    0x33, 0x80, 0x7c, 0x54, 0x2d, 0xee, 0x52, 0xd,
    0x40, 0x1e, 0xa4, 0x45, 0x50, 0x0, 0x4e, 0x1,
    0x8b, 0x1a, 0x8b, 0x1b, 0x0, 0x6, 0x46, 0x0,
    0xe5, 0xd1, 0x1, 0xca, 0x0, 0x6e, 0xa2, 0x43,
    0x24, 0x3, 0x98, 0x1, 0xdf, 0xe7,

    /* U+522B "别" */
    0x4, 0xff, 0xf0, 0x80, 0x64, 0xe0, 0x1, 0x77,
    0x5a, 0x1, 0x51, 0x0, 0x78, 0x46, 0x30, 0x9,
    0x18, 0x3, 0xff, 0x90, 0x75, 0x55, 0x80, 0x7f,
    0x33, 0x8, 0xc8, 0x8e, 0x20, 0x1f, 0x14, 0x4b,
    0x44, 0x40, 0x1f, 0xab, 0x3c, 0x33, 0x1e, 0x60,
    0x1f, 0x74, 0x30, 0x44, 0x1, 0xc0, 0x3e, 0x44,
    0x7a, 0xa2, 0x5, 0xc0, 0x3f, 0xaf, 0x0, 0x2,
    0x20, 0xc4, 0x0, 0xe4, 0x37, 0x1, 0x3, 0x2,
    0x0, 0xe4, 0xb9, 0x11, 0x20, 0x8, 0x0, 0x88,
    0x60, 0x9, 0x93, 0x27, 0x53, 0x80, 0x59, 0xb1,
    0x21, 0xac, 0x9, 0xfe, 0x80, 0xb, 0xbf, 0xce,

    /* U+5230 "到" */
    0xe, 0xff, 0xf9, 0x0, 0x2d, 0x50, 0xee, 0x48,
    0x76, 0xf7, 0x13, 0x4c, 0x3, 0x86, 0x28, 0x62,
    0x44, 0x3, 0xf4, 0x2a, 0x82, 0xd8, 0x80, 0x3e,
    0x47, 0x1a, 0xcc, 0xe, 0x0, 0x7c, 0xe2, 0x5,
    0x53, 0x80, 0x20, 0x1e, 0x3e, 0xab, 0xc4, 0x3e,
    0x10, 0xf, 0x84, 0x4a, 0x82, 0x30, 0x7, 0xcf,
    0xdc, 0x91, 0xee, 0x80, 0x3e, 0x7f, 0xf5, 0x97,
    0xfc, 0x1, 0xff, 0xc4, 0x51, 0x0, 0xf0, 0xe1,
    0x4e, 0x79, 0xc1, 0x0, 0x6b, 0xee, 0x38, 0x74,
    0x71, 0x81, 0x10, 0xc4, 0x36, 0xbb, 0xfc, 0xe8,
    0x20, 0xc, 0xd2, 0x50,

    /* U+5236 "制" */
    0x0, 0xc2, 0x1, 0xff, 0x1d, 0x86, 0x28, 0x7,
    0xcb, 0xa1, 0x6a, 0x45, 0xe0, 0x3e, 0x0, 0xce,
    0x3a, 0x11, 0xbb, 0x0, 0x79, 0x43, 0xbc, 0xab,
    0xfe, 0x0, 0xf1, 0x22, 0x14, 0xb9, 0x56, 0x10,
    0xe, 0xf7, 0x99, 0x2, 0x4c, 0xc6, 0x1, 0xd1,
    0x99, 0x15, 0x66, 0x44, 0x1, 0xe7, 0xaa, 0x15,
    0x55, 0xc2, 0x1, 0xeb, 0xd, 0x2, 0xdd, 0x8,
    0x7, 0xef, 0x72, 0x87, 0x70, 0x4, 0x60, 0x1f,
    0xfc, 0x13, 0xd0, 0xf, 0xfe, 0x3b, 0x80, 0x6a,
    0xf3, 0x10, 0x23, 0xd0, 0x5, 0xa8, 0x5, 0x5f,
    0x80, 0xb, 0xc7, 0xa0, 0xd, 0x8a, 0x1, 0xd3,
    0xfe, 0x70,

    /* U+5237 "刷" */
    0x4, 0xff, 0xf8, 0xcc, 0x20, 0x9c, 0x0, 0x2e,
    0xee, 0x0, 0x72, 0x80, 0x70, 0x8f, 0x80, 0x3f,
    0x8d, 0x9b, 0x80, 0x3f, 0xdb, 0xaa, 0x9d, 0x41,
    0x0, 0xf8, 0xee, 0xd0, 0x77, 0x62, 0x0, 0xf0,
    0x86, 0x75, 0x9f, 0x79, 0x80, 0x7c, 0xe5, 0xb2,
    0x18, 0x4e, 0x1, 0xe2, 0x10, 0x22, 0x19, 0x8,
    0x7, 0xde, 0x40, 0x1f, 0xfc, 0x13, 0xe0, 0xf,
    0xb5, 0x0, 0x32, 0xa0, 0x6, 0x93, 0x60, 0xe,
    0x53, 0x2a, 0x10, 0x4, 0x71, 0x1, 0x9c, 0x9,
    0x20, 0x80, 0xe0, 0x22, 0x0, 0x76, 0x4c, 0x80,

    /* U+523B "刻" */
    0x0, 0xc2, 0x20, 0xf, 0xfe, 0xb, 0x60, 0x7,
    0xc9, 0xc1, 0x55, 0x8b, 0x2a, 0x8e, 0x58, 0x1,
    0xb7, 0x44, 0x43, 0xbd, 0xd1, 0x89, 0x80, 0x67,
    0x71, 0xae, 0x39, 0xb2, 0x0, 0x7d, 0xf, 0x40,
    0x76, 0x60, 0x1f, 0x43, 0x8e, 0xf6, 0x39, 0x0,
    0x7d, 0x73, 0x2e, 0x3, 0x83, 0x0, 0xf8, 0xd9,
    0x7d, 0x70, 0xb0, 0xc0, 0x3e, 0x5f, 0x6b, 0xf,
    0x63, 0x0, 0xf4, 0xd4, 0x50, 0x60, 0xc8, 0x7,
    0xd7, 0xcc, 0x38, 0x6e, 0x0, 0x3e, 0x0, 0xc4,
    0x29, 0xed, 0xcf, 0x60, 0x1, 0x0, 0xc7, 0x76,
    0x8a, 0x1c, 0x79, 0x1, 0x11, 0x0, 0x24, 0x79,
    0x80, 0x2d, 0x90, 0xbe, 0x96, 0xa, 0xa0, 0x80,
    0x61, 0x0, 0x57, 0xfa, 0x0,

    /* U+524D "前" */
    0x0, 0x89, 0x0, 0x3c, 0x86, 0x1, 0xe1, 0xb3,
    0x0, 0xc3, 0x48, 0x1, 0xe3, 0x7f, 0x0, 0xd0,
    0x4e, 0x1, 0x17, 0xfc, 0xe7, 0xff, 0x98, 0xff,
    0xe2, 0x26, 0xef, 0xff, 0x8, 0x80, 0x99, 0xb2,
    0x9, 0x16, 0x3c, 0x30, 0x1, 0x5c, 0xce, 0x80,
    0x5c, 0x0, 0x8, 0x7, 0x6e, 0xd0, 0x1, 0xff,
    0xc0, 0x99, 0xa0, 0x3, 0xff, 0x81, 0x99, 0x10,
    0x7, 0xff, 0x1, 0x56, 0xa0, 0xf, 0xfe, 0x7,
    0x75, 0x0, 0x1f, 0xfc, 0xe, 0xea, 0x0, 0xf,
    0x40, 0x1f, 0xfc, 0x22, 0x61, 0x20, 0xf, 0x93,
    0xe3, 0x40, 0x9, 0xd8, 0x82, 0x0, 0x2f, 0x4,
    0xff, 0x30, 0x1, 0x3f, 0xd6, 0x0,

    /* U+5269 "剩" */
    0x0, 0x84, 0x8d, 0xa7, 0x8, 0x3, 0xcf, 0xfe,
    0xec, 0xdf, 0xf1, 0x0, 0x49, 0xc0, 0xff, 0xd8,
    0x12, 0xc6, 0x0, 0xb2, 0x0, 0xd, 0x56, 0xe,
    0xaa, 0x89, 0x4, 0x3, 0xff, 0x8a, 0x35, 0x41,
    0xa0, 0xe6, 0xaa, 0x10, 0x7, 0x4d, 0xa0, 0x4,
    0x71, 0x40, 0x1e, 0x89, 0x0, 0xed, 0xa0, 0xf,
    0x25, 0x80, 0x61, 0x57, 0x10, 0xe, 0x2d, 0x13,
    0x1, 0x2c, 0xa1, 0x0, 0xe7, 0x4f, 0xf0, 0x64,
    0xe6, 0x80, 0x7e, 0xa5, 0xa, 0x89, 0x0, 0x69,
    0x80, 0x6b, 0x9, 0x7, 0xc2, 0xb0, 0x20, 0x8,
    0x74, 0x2c, 0x2, 0x1b, 0x90, 0x11, 0x80, 0x66,
    0xc0, 0x3c, 0x41, 0x1d, 0x4c, 0x8, 0x1, 0x79,
    0x0, 0x69, 0xff, 0x40,

    /* U+526F "副" */
    0x1f, 0xff, 0xd8, 0x1, 0x27, 0xf, 0xff, 0xec,
    0x1b, 0x0, 0xeb, 0xbf, 0x48, 0x1a, 0x80, 0x61,
    0x4f, 0xfd, 0x88, 0x1, 0xfc, 0x89, 0x8c, 0x3,
    0xfd, 0xdd, 0xac, 0x3, 0xf0, 0xff, 0x76, 0xfd,
    0x0, 0xf9, 0x62, 0x3e, 0x40, 0xf, 0x79, 0x70,
    0xbf, 0x71, 0x30, 0x3, 0xed, 0x6b, 0x6, 0x62,
    0x80, 0x7e, 0x8e, 0xd0, 0xee, 0x30, 0x1c, 0x80,
    0x74, 0x76, 0x87, 0x71, 0x80, 0x5c, 0x3, 0xc,
    0x4c, 0x82, 0x64, 0xc0, 0x3, 0x31, 0x0, 0x4,
    0xff, 0x67, 0xfc, 0x20, 0x8, 0xc8, 0x90,

    /* U+529B "力" */
    0x0, 0xf2, 0xf0, 0x7, 0xff, 0x6a, 0x3f, 0xf5,
    0xf, 0xff, 0xa4, 0x2a, 0xef, 0x20, 0x5d, 0xf0,
    0x88, 0x9, 0x13, 0x12, 0x27, 0x97, 0xc0, 0x3c,
    0x46, 0x1, 0xcc, 0x20, 0x1e, 0x4d, 0x0, 0xe3,
    0x30, 0x7, 0x30, 0x28, 0x7, 0x8, 0x80, 0x30,
    0xc3, 0x80, 0x70, 0x83, 0x0, 0x6b, 0x8, 0x0,
    0xe2, 0x2, 0x0, 0xa5, 0x74, 0x3, 0xca, 0x40,
    0x1, 0xb6, 0xb3, 0x0, 0x8c, 0x8e, 0xd0, 0x1,
    0x6f, 0xa8, 0x1, 0xbb, 0x70, 0x60, 0x1, 0x58,
    0x40, 0x1d, 0xbf, 0xec, 0x10,

    /* U+529F "功" */
    0x0, 0xfe, 0xb7, 0x0, 0xc5, 0x10, 0xa9, 0x85,
    0x0, 0xfe, 0xff, 0x2a, 0xbc, 0x40, 0xe, 0x20,
    0x18, 0x9d, 0xc3, 0xe, 0x5f, 0xe3, 0x9f, 0xfb,
    0x0, 0x3c, 0xf9, 0x80, 0x7c, 0xc2, 0x38, 0x7,
    0x84, 0xcc, 0x36, 0x67, 0x8, 0x7, 0xf0, 0x88,
    0x0, 0x26, 0x1, 0xf8, 0xc0, 0x80, 0x6, 0x20,
    0x18, 0x59, 0xc1, 0xc, 0x2, 0x1f, 0x4, 0x81,
    0xab, 0x10, 0xbb, 0x0, 0x4e, 0x2d, 0x67, 0x3d,
    0xac, 0xa6, 0xc0, 0x11, 0x1b, 0x7d, 0xb0, 0x81,
    0x5b, 0x88, 0x4, 0x2e, 0x1, 0xc7, 0x8b, 0x0,
    0x44, 0x70, 0x20, 0xe, 0xf7, 0xb0, 0x6, 0xea,
    0x24, 0x3, 0xd9, 0x20, 0x17, 0xfc, 0xc0,

    /* U+52A0 "加" */
    0x0, 0xb9, 0x0, 0x3f, 0xf8, 0xe8, 0x9c, 0x40,
    0x66, 0x13, 0x32, 0x18, 0xdd, 0x55, 0x76, 0x2c,
    0xc0, 0x46, 0x5f, 0x0, 0x3f, 0xb8, 0xa0, 0x5f,
    0xe0, 0xcf, 0xa1, 0x0, 0xff, 0x88, 0xc, 0x3,
    0xfc, 0x20, 0x20, 0x1f, 0xfc, 0x2, 0x0, 0xce,
    0x1, 0xfc, 0xc4, 0x0, 0x10, 0xf, 0xf6, 0x38,
    0x3, 0xc4, 0x3, 0xf9, 0xfc, 0x0, 0x26, 0x1,
    0xf8, 0xc5, 0x0, 0x4, 0x20, 0x5, 0x33, 0x38,
    0x2, 0x18, 0xc, 0xcb, 0xa0, 0xb, 0xcc, 0x10,
    0x23, 0x41, 0xe6, 0x15, 0x40, 0xe, 0xff, 0x28,
    0x26, 0x89, 0x7f, 0xac, 0x7, 0xc4, 0x1, 0x52,

    /* U+52A1 "务" */
    0x0, 0xf4, 0x8, 0x7, 0xff, 0x6, 0x90, 0x40,
    0x3f, 0xf8, 0x12, 0xa7, 0xff, 0xe8, 0x0, 0xc3,
    0x4c, 0xfd, 0xdc, 0xc1, 0x20, 0x11, 0xfb, 0xd3,
    0x20, 0x88, 0x2d, 0x34, 0x40, 0x22, 0x9d, 0x5d,
    0x8d, 0xce, 0x3d, 0x20, 0xc, 0x2e, 0x7, 0x60,
    0x46, 0x2, 0x82, 0x1, 0xd, 0x6f, 0xe9, 0x4f,
    0xfa, 0xc6, 0x7b, 0xf4, 0x45, 0x93, 0xdc, 0xa4,
    0xc3, 0x49, 0xdf, 0xde, 0x10, 0x60, 0x54, 0x43,
    0x9b, 0x22, 0x4c, 0xc3, 0x0, 0xa2, 0x38, 0x26,
    0x22, 0x9a, 0x0, 0xd9, 0x97, 0x5, 0xe6, 0x67,
    0x40, 0xf, 0x17, 0xba, 0x0, 0x63, 0xd0, 0xc,
    0x73, 0xb5, 0x0, 0x18, 0x91, 0x0, 0x16, 0x70,
    0xf3, 0x80, 0xf, 0xfd, 0xac, 0x60, 0x16, 0x6c,
    0x8, 0x4, 0x7f, 0xf4, 0x80, 0x40,

    /* U+52A8 "动" */
    0x0, 0x8, 0xf8, 0x0, 0xb8, 0x1, 0xd1, 0xdd,
    0xd0, 0x0, 0x30, 0xf, 0x47, 0xff, 0x48, 0x7,
    0xff, 0x11, 0xea, 0x4e, 0xa9, 0xe6, 0x4, 0x5f,
    0x9, 0x80, 0xc, 0xc0, 0xe3, 0xbb, 0xec, 0x69,
    0x76, 0x99, 0x3, 0x8f, 0xf8, 0x37, 0xfd, 0xc0,
    0x2, 0x10, 0xf, 0x20, 0x91, 0x1c, 0x2, 0x7d,
    0x0, 0x84, 0x1, 0xae, 0x7, 0x4, 0x0, 0x26,
    0x1, 0x3, 0x0, 0x3d, 0x0, 0xa5, 0x82, 0x1,
    0x81, 0x80, 0x82, 0x8a, 0x56, 0xa3, 0x7, 0x20,
    0x0, 0x40, 0x2a, 0xd, 0xcf, 0xf1, 0xaa, 0xb8,
    0x0, 0xc4, 0x0, 0xcf, 0xa6, 0x20, 0xc8, 0x34,
    0x22, 0x73, 0x80, 0xc, 0x3, 0x90, 0xf8, 0xf7,
    0x4d, 0x20, 0x1f, 0x93, 0x88, 0x9f, 0xed, 0x30,

    /* U+52A9 "助" */
    0x4, 0xff, 0xe2, 0x0, 0x72, 0x0, 0x71, 0xf7,
    0x40, 0x1f, 0xfc, 0x1, 0x18, 0x3, 0xfe, 0x12,
    0x28, 0x2f, 0x74, 0x37, 0xbf, 0x0, 0x2, 0xdd,
    0x83, 0x2e, 0xc0, 0xd6, 0x4, 0x0, 0x3f, 0xf8,
    0x1d, 0x9c, 0x21, 0x9c, 0xc0, 0x3f, 0x8c, 0x4,
    0x4, 0x2, 0x3f, 0xf8, 0x2, 0x62, 0x0, 0x18,
    0x80, 0xb, 0x76, 0x0, 0xb1, 0x0, 0x2f, 0x0,
    0x9, 0x14, 0x2, 0xb, 0x80, 0x1, 0x0, 0x85,
    0x1e, 0x83, 0x50, 0x94, 0x0, 0xe2, 0x96, 0x55,
    0xba, 0xcf, 0x98, 0x0, 0x88, 0x8d, 0x3b, 0xd4,
    0xe5, 0xa2, 0xe2, 0x48, 0x2c, 0x4c, 0x40, 0x14,
    0xbe, 0x83, 0x6d, 0xb1, 0x0, 0x7a, 0x2c, 0x41,
    0xff, 0xd2, 0x0,

    /* U+52BF "势" */
    0x0, 0xb1, 0x40, 0x37, 0x18, 0x7, 0x17, 0xf8,
    0xeb, 0xeb, 0xfc, 0x39, 0xfe, 0x30, 0x1, 0x6e,
    0x86, 0x36, 0xfb, 0x81, 0xbc, 0x2, 0x1, 0x11,
    0x8e, 0x5b, 0x64, 0x81, 0x8, 0x80, 0x24, 0xee,
    0x2, 0xa, 0x43, 0x80, 0x81, 0x88, 0x1, 0x6b,
    0x8e, 0xa0, 0xdc, 0x1, 0xe6, 0x2f, 0x22, 0x25,
    0x51, 0x8, 0x2e, 0x3f, 0xb2, 0xa4, 0x38, 0x81,
    0x7b, 0xa8, 0x6b, 0xc0, 0x43, 0x4a, 0x58, 0x0,
    0x7f, 0x55, 0x19, 0xd1, 0x33, 0xd2, 0x80, 0x16,
    0x67, 0x8, 0xa6, 0x7a, 0x80, 0x27, 0xdd, 0xa8,
    0x7f, 0x77, 0x17, 0x0, 0x79, 0xa2, 0xc0, 0x38,
    0x94, 0x2, 0x15, 0xc9, 0xa5, 0x1, 0x10, 0x30,
    0x18, 0x0, 0xba, 0x13, 0x94, 0x0, 0xdd, 0xf3,
    0x20, 0x8, 0xbb, 0x60, 0x40, 0x27, 0xff, 0x98,
    0x2,

    /* U+52FE "勾" */
    0x0, 0xc4, 0x40, 0xf, 0xfe, 0xf, 0x58, 0x7,
    0xff, 0x0, 0xcd, 0x40, 0x1f, 0x8, 0x6, 0x80,
    0xcf, 0xff, 0xba, 0xc0, 0x8, 0x8b, 0xdd, 0xfc,
    0x80, 0x14, 0xb2, 0xc, 0x99, 0x17, 0x84, 0x24,
    0xe0, 0x21, 0xc4, 0x3, 0x8c, 0xc4, 0xf4, 0x26,
    0x90, 0x12, 0x60, 0x1c, 0x5c, 0x81, 0xea, 0x81,
    0xdc, 0x0, 0x84, 0x40, 0x13, 0x15, 0x80, 0x1c,
    0x1c, 0x0, 0xfe, 0x0, 0x39, 0x77, 0xa6, 0xca,
    0x4, 0x8, 0x80, 0xc, 0x7, 0xad, 0x1d, 0xa2,
    0x90, 0x11, 0x0, 0x3b, 0xfb, 0x2a, 0x19, 0x72,
    0xc, 0x14, 0x0, 0x20, 0x1c, 0x48, 0x47, 0x4,
    0x20, 0x1f, 0x9a, 0xf3, 0xd, 0xc0, 0x1f, 0xc9,
    0xff, 0x69, 0x80,

    /* U+5300 "匀" */
    0x0, 0xc4, 0xc0, 0x1f, 0xfc, 0x1b, 0xa0, 0xf,
    0xfe, 0xb, 0x48, 0x7, 0xff, 0x2, 0x2, 0xbf,
    0xff, 0x28, 0x0, 0xde, 0x33, 0x3f, 0x0, 0x6e,
    0x67, 0x33, 0xfc, 0x20, 0xb, 0x9, 0xac, 0x30,
    0xf, 0x8, 0x8d, 0xbc, 0x29, 0x32, 0x40, 0x3c,
    0xe7, 0xa4, 0x0, 0x8c, 0x48, 0x0, 0x84, 0x4,
    0x3, 0xc7, 0xb0, 0x44, 0x0, 0x8c, 0x3, 0xc4,
    0xfb, 0xa4, 0x2, 0x1, 0x0, 0x8e, 0x37, 0x57,
    0x6e, 0x60, 0x60, 0xd, 0x58, 0x95, 0xd8, 0xc2,
    0x0, 0x22, 0x0, 0x51, 0xb8, 0xe2, 0x6, 0x45,
    0x52, 0x0, 0x44, 0x40, 0xd, 0x7b, 0xb0, 0xc0,
    0x7, 0xf4, 0x7f, 0xd8, 0x20,

    /* U+5305 "包" */
    0x0, 0xc6, 0x40, 0x1f, 0xfc, 0x2d, 0x50, 0xf,
    0xfe, 0xb, 0x8a, 0x19, 0xf9, 0x8, 0x3, 0x14,
    0x6, 0x67, 0xd7, 0x20, 0x1b, 0xd7, 0xff, 0xf3,
    0x88, 0x0, 0x70, 0x9, 0x13, 0x84, 0x0, 0x20,
    0x12, 0x8f, 0x3d, 0x4c, 0xd6, 0xa0, 0x11, 0x80,
    0x13, 0x48, 0x3f, 0x76, 0x10, 0x8, 0xc4, 0x3,
    0xff, 0x84, 0x3e, 0x1, 0xeb, 0x99, 0x84, 0x2,
    0x61, 0x0, 0xf1, 0x88, 0xce, 0xe4, 0x52, 0x50,
    0xf, 0x44, 0x70, 0xcc, 0x31, 0x80, 0x7f, 0xc5,
    0xba, 0x92, 0xc0, 0x8, 0x41, 0x88, 0xbf, 0x59,
    0x0, 0x69, 0xad, 0xdf, 0xc9, 0x40,

    /* U+5316 "化" */
    0x0, 0xc2, 0x20, 0xf, 0xfe, 0x14, 0x50, 0x3,
    0xd4, 0x3, 0xf8, 0x5b, 0xc0, 0x3f, 0xf8, 0x34,
    0x28, 0x1, 0xf5, 0x28, 0x4, 0xa8, 0xc0, 0x1f,
    0x42, 0xb0, 0x0, 0xac, 0x34, 0x3, 0xcc, 0xf2,
    0x60, 0x58, 0xa2, 0x1, 0xe7, 0x99, 0x30, 0x0,
    0x4a, 0x80, 0x3d, 0x71, 0x6c, 0x1, 0x1e, 0x8,
    0x6, 0x20, 0x1d, 0x40, 0xf, 0xf3, 0xe8, 0x49,
    0x0, 0x7f, 0xae, 0x68, 0xc, 0x3, 0x20, 0x7,
    0xab, 0x94, 0x3, 0x86, 0xc8, 0x3, 0x84, 0x3,
    0xe3, 0x2, 0x0, 0xfc, 0x38, 0x67, 0x59, 0x0,
    0x7f, 0x4b, 0x66, 0x4f, 0x0,

    /* U+5317 "北" */
    0x0, 0xff, 0xe4, 0xeb, 0x0, 0x3d, 0x0, 0x3f,
    0xfa, 0xc4, 0x40, 0x1, 0xa2, 0x44, 0x1, 0xe3,
    0xc9, 0x0, 0x6d, 0xdc, 0x1, 0xe8, 0xc6, 0xb0,
    0x7, 0x7f, 0xc4, 0x1, 0xad, 0x32, 0x0, 0x3f,
    0xf8, 0x9, 0x86, 0x1, 0xff, 0xc1, 0xf0, 0xf,
    0xfe, 0x6a, 0x10, 0x7, 0xe3, 0x0, 0x1c, 0x75,
    0x0, 0x7f, 0x7a, 0xa6, 0x1d, 0xf1, 0x0, 0x7e,
    0x21, 0x4d, 0xb5, 0x0, 0xe1, 0x32, 0x22, 0xa,
    0x81, 0x0, 0x7c, 0xd1, 0xba, 0xb6, 0x10,

    /* U+5339 "匹" */
    0x4f, 0xff, 0xfe, 0x8, 0x4, 0x67, 0x0, 0x99,
    0x80, 0x8c, 0xe0, 0x0, 0xe6, 0x43, 0x59, 0x80,
    0xec, 0xc8, 0x3, 0xc2, 0xe0, 0x1f, 0xfc, 0x21,
    0x0, 0xff, 0xe0, 0x8, 0x10, 0x7, 0xff, 0x1,
    0x44, 0x3, 0xe3, 0x0, 0xed, 0x40, 0xf, 0xe,
    0x0, 0x62, 0x6e, 0x0, 0xf1, 0x8, 0x4, 0x5e,
    0xa8, 0x1, 0x26, 0x7e, 0x38, 0x4, 0x6b, 0x40,
    0x1a, 0xf7, 0x5d, 0x20, 0x10, 0xc0, 0x7, 0x88,
    0x82, 0x1, 0xf, 0xff, 0xff, 0x0, 0xd3, 0x33,
    0xff, 0x82, 0x60,

    /* U+533A "区" */
    0x4f, 0xff, 0xfe, 0x8, 0x0, 0x77, 0x7f, 0xf8,
    0x0, 0x11, 0x17, 0xe4, 0x82, 0x20, 0x6, 0x5a,
    0x0, 0xc3, 0x1e, 0x1, 0xe5, 0x1d, 0x20, 0x5,
    0x2a, 0x80, 0x3e, 0xb4, 0xc3, 0x75, 0xa0, 0xf,
    0xe9, 0x6c, 0x8a, 0x10, 0xf, 0xf6, 0x0, 0x4,
    0x3, 0xfc, 0xb7, 0x13, 0x4c, 0x1, 0xfa, 0x2a,
    0x5d, 0xa6, 0x4c, 0x1, 0xec, 0x7b, 0x60, 0x3,
    0x4c, 0x8c, 0x3, 0xa7, 0x50, 0x3, 0x35, 0x18,
    0x6, 0x27, 0x2, 0x2f, 0x39, 0x10, 0x40, 0x77,
    0x7f, 0xf8, 0xe,

    /* U+5341 "十" */
    0x0, 0xf3, 0x70, 0x7, 0xff, 0xdd, 0x13, 0xda,
    0x28, 0x9e, 0x29, 0xbb, 0xe4, 0xb, 0xbf, 0x26,
    0xff, 0xf4, 0x8f, 0xff, 0x98, 0x3, 0xff, 0xfe,
    0x1, 0xff, 0xc3,

    /* U+534A "半" */
    0x0, 0x22, 0x0, 0x2e, 0x50, 0xa, 0x8, 0x2,
    0x2a, 0x10, 0xf, 0x2b, 0x98, 0x4, 0xc5, 0x0,
    0x1e, 0xb8, 0x10, 0xd, 0x8, 0x1, 0xce, 0x4e,
    0x1, 0x9, 0xbf, 0x19, 0x87, 0xd, 0x3c, 0xcc,
    0x0, 0x4c, 0xce, 0x6, 0xcc, 0xe0, 0x2, 0xff,
    0xf0, 0xd7, 0xff, 0x0, 0x7f, 0xf1, 0x5, 0x13,
    0xc3, 0xe8, 0x9f, 0x55, 0x78, 0x16, 0xab, 0xcb,
    0xdd, 0xe1, 0xae, 0xef, 0x0, 0x7f, 0xf8, 0x40,

    /* U+534F "协" */
    0x0, 0x27, 0x0, 0x77, 0x90, 0x7, 0xff, 0x3d,
    0xe2, 0x42, 0x21, 0x88, 0x1, 0x75, 0x8f, 0x48,
    0x7, 0x8c, 0xc0, 0x16, 0xc0, 0x6d, 0xbc, 0x40,
    0x2a, 0x10, 0x3, 0x19, 0x84, 0xca, 0xc, 0xc0,
    0x1b, 0xa0, 0x3, 0xe7, 0x17, 0x20, 0x3, 0x8b,
    0x80, 0x79, 0x8, 0x9a, 0xe0, 0x16, 0x91, 0x80,
    0x77, 0xd0, 0x2e, 0x0, 0x4, 0x1d, 0x0, 0x38,
    0x58, 0xc9, 0x80, 0x6, 0x3b, 0xc0, 0x1d, 0x43,
    0xee, 0x1, 0xb, 0xba, 0x40, 0x3c, 0xe3, 0x0,
    0x1, 0x2, 0x0, 0xf9, 0xa3, 0x80, 0x88, 0xc2,
    0x20, 0xf, 0xd, 0x61, 0x87, 0xec, 0xc0, 0x7,
    0x27, 0xe, 0x18, 0x3, 0x7f, 0x98, 0x2,

    /* U+5355 "单" */
    0x0, 0xc2, 0x1, 0xe1, 0x0, 0xf1, 0xf1, 0x80,
    0x66, 0xf0, 0xf, 0x1b, 0xf0, 0x6, 0x8b, 0x0,
    0xe7, 0x91, 0x29, 0x9b, 0xc7, 0x24, 0xc0, 0x2a,
    0x3e, 0x8e, 0x65, 0x88, 0x73, 0xb0, 0x6, 0xf7,
    0x78, 0x65, 0xde, 0x0, 0xf5, 0x7f, 0xc3, 0x5f,
    0xf0, 0x80, 0x75, 0x7f, 0xc1, 0x5f, 0xf0, 0x80,
    0x78, 0x46, 0x3, 0x11, 0x80, 0x38, 0x6b, 0xba,
    0x9, 0xee, 0x84, 0x3, 0x67, 0xfe, 0x1a, 0xff,
    0xca, 0xd, 0xff, 0xe1, 0xaf, 0xfe, 0xd7, 0xcc,
    0xf0, 0x3e, 0x67, 0x78, 0x99, 0xf8, 0x74, 0xcf,
    0x88, 0x3, 0xff, 0x86,

    /* U+5360 "占" */
    0x0, 0xc3, 0xe4, 0x1, 0xff, 0xcd, 0x73, 0x3e,
    0x20, 0xf, 0x56, 0xef, 0x50, 0x7, 0xb7, 0xbb,
    0xa0, 0x3, 0xff, 0x9d, 0x1f, 0xf7, 0x6, 0xff,
    0xe8, 0x0, 0x26, 0xef, 0xe3, 0x0, 0x84, 0x8b,
    0xf3, 0x80, 0x7f, 0xf4, 0x57, 0xff, 0xf2, 0x0,
    0x47, 0xbb, 0xf8, 0x80, 0x11, 0x84, 0x5f, 0xb6,
    0x0,

    /* U+5361 "卡" */
    0x0, 0xfb, 0xd0, 0x3, 0xff, 0x86, 0x64, 0x58,
    0x40, 0x3f, 0xd1, 0xbb, 0xa4, 0x3, 0xfd, 0x7f,
    0xfa, 0x0, 0x3f, 0xf8, 0xc3, 0x11, 0xe0, 0x98,
    0x8f, 0x8, 0x11, 0x78, 0x0, 0x45, 0xe0, 0x1a,
    0xaf, 0xc, 0x55, 0x78, 0x40, 0x3f, 0x1c, 0x18,
    0x7, 0xff, 0x8, 0x73, 0xc, 0x1, 0xff, 0x1c,
    0xfd, 0x5f, 0x18, 0x7, 0xff, 0x1, 0xb6, 0x8c,
    0x3, 0xff, 0x84, 0x80, 0x1f, 0xfc, 0x60,

    /* U+5373 "即" */
    0x4f, 0xfe, 0xb0, 0xef, 0xfc, 0xe0, 0xe, 0xe9,
    0xc0, 0x29, 0xdd, 0x1f, 0x80, 0x8e, 0xf0, 0x8,
    0xc8, 0x8c, 0x0, 0x13, 0x3b, 0x0, 0x3f, 0xdb,
    0xb2, 0x0, 0x7f, 0xf, 0x75, 0x0, 0x1f, 0xc2,
    0x45, 0x78, 0x7, 0xfb, 0x76, 0x70, 0xf, 0xe1,
    0xff, 0x77, 0xd8, 0x7, 0xfd, 0x8a, 0x1, 0xff,
    0xc0, 0xba, 0x0, 0xd3, 0xeb, 0x82, 0x25, 0xa9,
    0x8, 0x0, 0xa3, 0x7d, 0x28, 0x27, 0x3a, 0xd8,
    0x2, 0x12, 0x0, 0x4e, 0xe3, 0xa, 0x78, 0x7,
    0xc0,

    /* U+5378 "卸" */
    0x0, 0xff, 0xe3, 0x17, 0x0, 0x7f, 0xf0, 0x95,
    0x40, 0x1d, 0xdf, 0xfc, 0x40, 0x8, 0x4f, 0xfc,
    0xe1, 0x5b, 0xb0, 0x4, 0x81, 0xac, 0x9d, 0xc7,
    0x1, 0x22, 0x80, 0x29, 0x82, 0x12, 0x11, 0x0,
    0x7f, 0x42, 0x91, 0x14, 0x88, 0x20, 0x1f, 0xd,
    0x6e, 0x94, 0xf7, 0x56, 0x1, 0xf0, 0xff, 0xce,
    0xdf, 0xea, 0x0, 0xfc, 0x38, 0x0, 0x21, 0x10,
    0x7, 0xf8, 0x80, 0x9, 0xdc, 0x30, 0xf, 0xfe,
    0x3, 0x7f, 0x8c, 0x3, 0xff, 0x8c, 0x2c, 0xc0,
    0xc, 0x26, 0xad, 0x5b, 0x60, 0x1, 0xba, 0x72,
    0x3e, 0xd, 0x16, 0xc9, 0xa0, 0xb, 0x72, 0x0,
    0xf3, 0xfb, 0x25, 0x90, 0x40, 0x3e,

    /* U+5386 "历" */
    0x2, 0xff, 0xff, 0xe0, 0x90, 0x5, 0x9b, 0xbf,
    0xf1, 0x0, 0x46, 0x45, 0x1c, 0x19, 0x17, 0x0,
    0x7e, 0x35, 0x0, 0xff, 0xe1, 0x8, 0x8, 0x7,
    0xfb, 0xfe, 0xc0, 0xff, 0xe4, 0x0, 0x8, 0x3,
    0xb7, 0x4e, 0x1b, 0xb8, 0x1c, 0x3, 0x84, 0x88,
    0x8, 0x45, 0x80, 0x40, 0xc, 0x20, 0x18, 0xcc,
    0x1, 0x8, 0x18, 0x0, 0xc8, 0x2, 0x14, 0xb0,
    0x8, 0xc0, 0x40, 0x1e, 0xc0, 0x14, 0x99, 0x80,
    0x26, 0x0, 0xcb, 0xa0, 0x4, 0x7f, 0x0, 0xc4,
    0x60, 0x1, 0x34, 0x6, 0xb9, 0x30, 0x22, 0xa9,
    0x40, 0x4, 0x66, 0x48, 0xa6, 0x0, 0x5e, 0xe8,
    0x6c, 0x0, 0x78, 0x9, 0xca, 0x1, 0x4f, 0xfb,
    0x48, 0x0,

    /* U+538B "压" */
    0x2, 0xff, 0xff, 0xe0, 0xc0, 0x5, 0xbb, 0xff,
    0xc0, 0x90, 0x8, 0x8b, 0x82, 0xc8, 0xb8, 0x40,
    0x3f, 0x33, 0x80, 0x7f, 0xf3, 0x88, 0xcf, 0x9,
    0x9e, 0x20, 0xe, 0x8c, 0xca, 0x3, 0x33, 0x40,
    0x0, 0x44, 0x15, 0xff, 0x58, 0xff, 0xea, 0x0,
    0x39, 0x80, 0x7e, 0x78, 0x0, 0xc4, 0xc0, 0x1f,
    0x99, 0x64, 0x2, 0xf2, 0x0, 0xfc, 0x3e, 0x82,
    0x0, 0x5f, 0x0, 0xfe, 0x2d, 0x10, 0x23, 0x78,
    0xbb, 0xe1, 0xbb, 0xe4, 0x64, 0x1d, 0xcc, 0xd1,
    0xc, 0xce, 0x74, 0xb0, 0x57, 0x7f, 0xf8, 0xc0,

    /* U+539F "原" */
    0x0, 0x5f, 0xff, 0xff, 0x1, 0x40, 0x25, 0xdd,
    0xd4, 0xbb, 0xbc, 0xa0, 0x11, 0x17, 0x71, 0x91,
    0x70, 0x7, 0xbf, 0xe4, 0x6f, 0xfc, 0x1, 0xde,
    0x21, 0xbf, 0xfd, 0xa0, 0x1f, 0xc2, 0x45, 0xcc,
    0x1, 0xfd, 0xfd, 0xdd, 0x20, 0x1c, 0xc4, 0x0,
    0xec, 0xce, 0xf0, 0xe, 0x31, 0x0, 0x6f, 0xff,
    0x68, 0x6, 0x11, 0x30, 0xfe, 0xfe, 0x87, 0xfb,
    0xbc, 0x2, 0x51, 0x20, 0x7c, 0x10, 0x9, 0x3c,
    0x80, 0x2d, 0x40, 0x58, 0xd1, 0x0, 0x92, 0x30,
    0x80, 0xd, 0xc9, 0x56, 0x60, 0x1c, 0xcc, 0xc0,
    0x4, 0xa2, 0x35, 0xf, 0xf5, 0x0, 0x28, 0xd0,
    0x3, 0x0, 0x8, 0xf, 0xfd, 0x60, 0x18, 0xc0,

    /* U+53BB "去" */
    0x0, 0xfb, 0x58, 0x3, 0xff, 0x94, 0x5f, 0xfc,
    0x53, 0xff, 0xb0, 0x0, 0x59, 0x9c, 0xb, 0x99,
    0xbc, 0x2, 0x33, 0xe2, 0xc3, 0x3e, 0x0, 0xff,
    0xe2, 0x25, 0xdf, 0x61, 0x4d, 0xdf, 0x9c, 0xcf,
    0x31, 0xab, 0x99, 0xfd, 0x11, 0x81, 0xea, 0x27,
    0xa2, 0x30, 0x6, 0x90, 0x80, 0xa, 0x1c, 0x3,
    0xca, 0xde, 0x1, 0xe, 0xc2, 0x0, 0x62, 0xba,
    0x20, 0x0, 0x93, 0x95, 0x88, 0x0, 0xb4, 0x63,
    0xbf, 0xdd, 0xb4, 0x0, 0xb0, 0x1, 0xc, 0x5d,
    0x66, 0xff, 0xbb, 0x71, 0x4, 0x1, 0xce, 0xc8,
    0x64, 0x1, 0x8f, 0x84,

    /* U+53C2 "参" */
    0x0, 0xf2, 0x20, 0x3, 0xff, 0x82, 0xb6, 0x40,
    0xba, 0x60, 0x1f, 0xa6, 0xf1, 0x81, 0x55, 0x8e,
    0x1, 0xc9, 0xec, 0x39, 0xff, 0x38, 0x44, 0x80,
    0x67, 0x76, 0x69, 0x2f, 0xfe, 0xc5, 0x10, 0x0,
    0x94, 0x93, 0x97, 0x8, 0xe2, 0xd0, 0x1, 0x77,
    0x6a, 0xb, 0xee, 0xf8, 0xcb, 0xfe, 0x52, 0xff,
    0x77, 0x9b, 0x7f, 0xc6, 0x0, 0x1b, 0x7f, 0x29,
    0xf5, 0xd5, 0xb1, 0x0, 0x9b, 0xde, 0xbb, 0x3b,
    0xd0, 0xb0, 0x7d, 0xc0, 0x6a, 0x71, 0x7f, 0x99,
    0x9f, 0x41, 0x57, 0x61, 0x16, 0x38, 0xa, 0x67,
    0xfb, 0x24, 0x9d, 0x70, 0x40, 0x35, 0x74, 0x74,
    0x1c, 0x68, 0x7, 0xe9, 0x93, 0x32, 0xf8, 0xb5,
    0xc0, 0x3d, 0x5b, 0xf9, 0xba, 0xea, 0x20, 0xf,
    0xba, 0x7b, 0x96, 0xc2, 0x1, 0xe0,

    /* U+53CA "及" */
    0xb, 0xff, 0xfe, 0x10, 0xe, 0x22, 0x80, 0x4,
    0x50, 0x0, 0x40, 0x3a, 0x77, 0x40, 0xbb, 0xb3,
    0x28, 0x7, 0xf9, 0x40, 0x24, 0xc0, 0xf, 0xfe,
    0x8, 0x94, 0xf7, 0x3c, 0xc0, 0x3e, 0x60, 0x5,
    0x66, 0xb0, 0x18, 0x6, 0x30, 0x8b, 0x1, 0x53,
    0x31, 0x28, 0x7, 0x28, 0xb8, 0x30, 0x4, 0x4b,
    0x20, 0x1d, 0xae, 0x13, 0x22, 0x0, 0x72, 0x98,
    0x6, 0x24, 0xd0, 0x46, 0xc2, 0xa2, 0xb0, 0xe,
    0x82, 0x40, 0x4, 0xae, 0xae, 0x8, 0x6, 0x55,
    0x48, 0x4, 0x8a, 0x0, 0x81, 0x0, 0x92, 0x9d,
    0x5, 0xb6, 0xdb, 0xed, 0xfa, 0xd8, 0x15, 0xe0,
    0x1e, 0xeb, 0xa0, 0x13, 0x6c, 0x70, 0x6, 0x0,
    0xd, 0xae, 0x20, 0x19, 0x2a, 0x80,

    /* U+53CC "双" */
    0x2, 0x33, 0xc8, 0x6, 0x7c, 0x82, 0x0, 0xcc,
    0xeb, 0x3c, 0xce, 0xb8, 0x0, 0x77, 0xfd, 0xa0,
    0x6c, 0xff, 0xf1, 0xf8, 0x0, 0x44, 0x0, 0x72,
    0xf, 0x30, 0x8, 0x88, 0x0, 0x8a, 0x0, 0x6b,
    0x82, 0xa8, 0x0, 0x42, 0xa0, 0x9, 0x69, 0x4,
    0xc0, 0x31, 0x30, 0xa4, 0x10, 0xb, 0xd9, 0x86,
    0x80, 0x4, 0x40, 0x2e, 0x80, 0x62, 0x99, 0x1,
    0x0, 0x36, 0x94, 0x9c, 0x3, 0x98, 0x3, 0x9c,
    0xa9, 0xc4, 0x3, 0x94, 0x0, 0xc0, 0x1, 0x0,
    0x48, 0x7, 0xa1, 0xe2, 0x0, 0x3, 0x0, 0x20,
    0x7, 0x48, 0x43, 0x99, 0xd8, 0xd1, 0x46, 0x1,
    0x3b, 0x70, 0x3, 0x57, 0x1a, 0x5d, 0x75, 0x40,
    0xa6, 0xcc, 0x0, 0x93, 0x30, 0x2, 0x9a, 0x88,
    0x9e, 0x80, 0x12, 0x73, 0x0, 0x68, 0xe2,

    /* U+53D1 "发" */
    0x0, 0xf9, 0xd0, 0x0, 0x40, 0x1f, 0x4d, 0x80,
    0x24, 0xc0, 0x1f, 0x0, 0x1e, 0x7d, 0x0, 0x9,
    0x80, 0x3d, 0x98, 0x1, 0x94, 0x18, 0x10, 0x14,
    0x0, 0x5a, 0x80, 0x1a, 0x87, 0xfd, 0x61, 0xdf,
    0xf6, 0x6f, 0x0, 0x55, 0x99, 0x1, 0xe6, 0x7c,
    0x1, 0x29, 0x98, 0x1, 0x6, 0x7e, 0x20, 0xf,
    0x40, 0x5f, 0xff, 0x28, 0x7, 0x89, 0x2, 0xf3,
    0x28, 0x4, 0x0, 0xf7, 0x13, 0x71, 0x9d, 0x6c,
    0x20, 0x1d, 0x7, 0xd2, 0xee, 0x9, 0x28, 0x0,
    0xe7, 0x75, 0x18, 0x74, 0x7b, 0x68, 0x80, 0x6a,
    0x89, 0x50, 0xe, 0x11, 0x0, 0x61, 0x6c, 0x60,
    0x3a, 0xc6, 0xd4, 0xda, 0x40, 0x0, 0xe1, 0x86,
    0x69, 0x6c, 0x95, 0x69, 0xd7, 0x90, 0x6, 0xde,
    0x82, 0x0, 0x8a, 0x7b, 0x48,

    /* U+53D6 "取" */
    0x3f, 0xff, 0x90, 0x3, 0xe3, 0xa0, 0xcc, 0x58,
    0x5d, 0x6e, 0xef, 0x90, 0x3, 0x81, 0x99, 0x41,
    0x68, 0xae, 0x64, 0x40, 0x1c, 0x45, 0x0, 0x11,
    0x6, 0x88, 0x6f, 0x0, 0xd9, 0x90, 0x4, 0x7a,
    0x0, 0x55, 0x0, 0x6e, 0xe8, 0x2, 0xc4, 0x3,
    0x3, 0x0, 0xff, 0x21, 0x85, 0xa0, 0x7, 0x7f,
    0xb8, 0x3, 0x23, 0x33, 0x80, 0x3b, 0xb9, 0xa0,
    0x1b, 0xa4, 0x10, 0x3, 0x84, 0x46, 0xa, 0x40,
    0x80, 0x80, 0x10, 0xa8, 0x4d, 0xf0, 0x53, 0x84,
    0x83, 0x80, 0x45, 0x47, 0xdc, 0xc0, 0xf5, 0x53,
    0xe0, 0xd0, 0x0, 0xf7, 0x1d, 0x48, 0x0, 0xd5,
    0x43, 0xd4, 0xb1, 0x0, 0xfd, 0xb6, 0xa0, 0x3e,
    0x22, 0x0, 0xe1, 0xf1, 0xb4, 0x0, 0x86, 0x80,

    /* U+53D8 "变" */
    0x0, 0xf1, 0x88, 0x7, 0xff, 0x6, 0x20, 0x1,
    0xf3, 0x4c, 0xf3, 0xb5, 0xd4, 0xcd, 0x0, 0x7d,
    0xd2, 0xb5, 0xc2, 0x3f, 0x76, 0x5, 0x71, 0x8,
    0x17, 0x71, 0x59, 0xb, 0xb0, 0x0, 0x61, 0x0,
    0x3c, 0xf0, 0xa0, 0x16, 0xb9, 0x80, 0x78, 0xb6,
    0x8c, 0x5, 0x64, 0x3, 0xf1, 0xcb, 0x80, 0xd9,
    0x98, 0x18, 0xcd, 0x46, 0x73, 0x20, 0x2, 0xf3,
    0x12, 0xbd, 0xca, 0x8c, 0xc0, 0x80, 0x53, 0xe5,
    0x5b, 0xbb, 0xc6, 0x84, 0x3, 0xbe, 0xa4, 0x0,
    0xb9, 0xa, 0x1, 0xe2, 0xc2, 0xff, 0x5d, 0x30,
    0x7, 0xc7, 0x2c, 0x1, 0x61, 0x80, 0x68, 0xcf,
    0xd1, 0x9f, 0xf5, 0xe, 0xfe, 0x50, 0x64, 0xf7,
    0x25, 0x0, 0x9, 0x3d, 0xb3, 0xe0,

    /* U+53E0 "叠" */
    0x0, 0xff, 0xe3, 0x47, 0xf6, 0xee, 0xff, 0x10,
    0x7, 0x44, 0x11, 0x80, 0x6, 0xba, 0x40, 0x18,
    0x63, 0x84, 0x11, 0xe, 0xd0, 0x40, 0x13, 0xeb,
    0x23, 0xa4, 0x1a, 0x82, 0x7f, 0x80, 0xe, 0xe9,
    0xe7, 0x70, 0xfb, 0x4e, 0x85, 0x0, 0x5f, 0x18,
    0x94, 0x8, 0x55, 0x82, 0x80, 0xd, 0xea, 0xf9,
    0xe2, 0xd0, 0xcf, 0xbd, 0x0, 0x1b, 0xc6, 0xd8,
    0xf8, 0xaf, 0x6d, 0x1a, 0x0, 0x26, 0x55, 0x5f,
    0xb0, 0x40, 0x18, 0x9d, 0xa4, 0x5e, 0x82, 0xc4,
    0x2, 0x0, 0x2f, 0x77, 0x80, 0x4, 0x1, 0xec,
    0xcf, 0x0, 0x7e, 0x33, 0xf8, 0x3, 0x27, 0xf9,
    0x4e, 0xef, 0xc1, 0x9f, 0xc0,

    /* U+53E3 "口" */
    0x2f, 0xff, 0xfa, 0x44, 0x2e, 0xff, 0x8c, 0x2,
    0x54, 0x4f, 0xce, 0x1, 0xff, 0xff, 0x0, 0xff,
    0xe3, 0xf7, 0xff, 0xe4, 0x50, 0x5, 0x5d, 0xfe,
    0x6, 0x0, 0x22, 0x7f, 0x8c, 0xdc, 0x20, 0x1f,
    0xae, 0x40,

    /* U+53E6 "另" */
    0x0, 0x27, 0xff, 0xf9, 0x80, 0x30, 0xee, 0xfe,
    0x10, 0xf, 0x11, 0x7e, 0x30, 0xf, 0xfe, 0x48,
    0x8f, 0xe0, 0xf, 0xf, 0x77, 0xe2, 0x0, 0xc9,
    0xdd, 0x82, 0x7b, 0xb3, 0x0, 0x4, 0x8c, 0xe2,
    0x2, 0x33, 0x88, 0xc0, 0x17, 0xbb, 0xb0, 0x2f,
    0x76, 0xcc, 0x0, 0x2b, 0xff, 0x23, 0x7f, 0xea,
    0x10, 0xf, 0x2a, 0x58, 0x6, 0x23, 0x0, 0xe6,
    0xa9, 0x20, 0xd, 0xcc, 0x0, 0x26, 0xd8, 0xb6,
    0x0, 0x10, 0x92, 0x18, 0x2, 0x6a, 0xf9, 0x0,
    0x29, 0xed, 0x9, 0x0, 0x5e, 0x30, 0x7, 0x5f,
    0xfb, 0x44, 0x0,

    /* U+53EA "只" */
    0x0, 0x9, 0x9f, 0xf8, 0x80, 0x32, 0x66, 0x7f,
    0xc0, 0x1c, 0x3f, 0xff, 0xa4, 0x3, 0xff, 0xd6,
    0x45, 0xf8, 0x40, 0x3c, 0x3b, 0xbf, 0xa0, 0x3,
    0x97, 0xff, 0xfd, 0xc0, 0x1f, 0x21, 0x0, 0x48,
    0x20, 0x1f, 0x92, 0xd0, 0x2, 0xef, 0x30, 0xf,
    0x2d, 0xc3, 0x0, 0x55, 0x38, 0xa0, 0x1a, 0x2a,
    0x5c, 0x3, 0x9e, 0x69, 0xc0, 0x16, 0xb8, 0xc0,
    0x1f, 0x35, 0x41, 0x85, 0x69, 0x80, 0x7f, 0x2f,
    0x18,

    /* U+53ED "叭" */
    0x1, 0x1c, 0x0, 0x42, 0x2, 0x60, 0xa, 0x7b,
    0xaf, 0x0, 0x42, 0x3, 0xd0, 0x6, 0x5d, 0xa0,
    0x8, 0x4c, 0x4, 0x40, 0x18, 0x88, 0xc0, 0x11,
    0x88, 0x39, 0x80, 0x7f, 0x85, 0x80, 0x84, 0x3,
    0xf8, 0x40, 0xc0, 0x40, 0x80, 0x3f, 0x28, 0x8,
    0x0, 0x58, 0x3, 0xf1, 0x18, 0x4, 0x44, 0x0,
    0xfd, 0xea, 0x1, 0x2f, 0x80, 0x4f, 0xf8, 0x0,
    0x4f, 0x0, 0xb1, 0x0, 0x23, 0xbb, 0x69, 0x11,
    0xc0, 0x24, 0x23, 0xf, 0x94, 0x41, 0xd1, 0x88,
    0x4, 0x27, 0x20, 0xca, 0x0, 0x27, 0x90, 0xe,
    0x85, 0x40, 0xe, 0x55, 0x0, 0x72, 0x32, 0x80,
    0x62, 0xa0, 0xf, 0xa4, 0x40,

    /* U+53EF "可" */
    0x4, 0x4f, 0xfe, 0x10, 0xd, 0x57, 0xfd, 0x76,
    0xa2, 0x1e, 0xef, 0xf8, 0x33, 0x88, 0x3, 0xff,
    0x8c, 0xff, 0xfe, 0x10, 0xf, 0xe1, 0xcc, 0xac,
    0x3, 0xfe, 0x53, 0x39, 0x40, 0x3f, 0xfb, 0xe9,
    0xff, 0x70, 0x7, 0xfc, 0x39, 0x9c, 0x20, 0x1f,
    0x92, 0xcc, 0xf8, 0x3, 0xf8, 0xd4, 0x3, 0x9,
    0x99, 0x40, 0x40, 0x3f, 0xc7, 0x98, 0xa4, 0x20,
    0xf, 0xf1, 0x7f, 0xd6, 0x1, 0x0,

    /* U+53F2 "史" */
    0x0, 0xf9, 0xb4, 0x3, 0xff, 0x9b, 0xff, 0xd2,
    0x5f, 0xfc, 0xe0, 0x1a, 0xb3, 0x26, 0xc, 0xcc,
    0x7e, 0x1, 0x9c, 0xce, 0xf2, 0x33, 0xce, 0x1,
    0xff, 0xc9, 0xdf, 0xfa, 0x4b, 0xff, 0x20, 0x6,
    0xca, 0xcc, 0x94, 0x33, 0x3a, 0x40, 0x22, 0xa7,
    0x33, 0x94, 0xcf, 0x84, 0x2, 0x18, 0xa1, 0x7,
    0xc0, 0xf, 0xf3, 0xa6, 0x69, 0xb0, 0x7, 0xfd,
    0x4, 0x41, 0x30, 0xf, 0xc4, 0xd7, 0xab, 0x6d,
    0x9d, 0x70, 0xca, 0x64, 0x39, 0x47, 0xb4, 0x95,
    0xf4, 0x65, 0x76, 0xc4, 0x1e, 0xc8, 0x20, 0xc,
    0x91, 0x5b, 0xde, 0xc0,

    /* U+53F3 "右" */
    0x0, 0xf0, 0x80, 0x7f, 0xf0, 0xe2, 0xc0, 0x3f,
    0xf8, 0x4f, 0xa0, 0x1f, 0xc6, 0x79, 0x84, 0xcf,
    0xf0, 0x3, 0x73, 0x29, 0xa, 0xcc, 0xf8, 0x1,
    0xdf, 0xee, 0xb, 0xff, 0xfc, 0x1, 0xcc, 0x48,
    0x1, 0xff, 0xc0, 0x18, 0x52, 0x2f, 0xc0, 0x1d,
    0xa0, 0xfb, 0xbf, 0x78, 0x6, 0xa2, 0x38, 0xff,
    0xf4, 0x80, 0x43, 0x69, 0x8e, 0x1, 0xff, 0x18,
    0x61, 0x0, 0x7f, 0xf0, 0xa, 0xc8, 0x3, 0xff,
    0x8d, 0x1f, 0xfe, 0x93, 0x0, 0xf9, 0x33, 0x3c,
    0xc0, 0x1f, 0x5d, 0x8c, 0xfd, 0x3c, 0x0,

    /* U+53F7 "号" */
    0x0, 0x7f, 0xff, 0x80, 0x3b, 0x3b, 0xbd, 0x60,
    0x1e, 0x11, 0xf9, 0xc0, 0x3d, 0xd9, 0x9e, 0xf0,
    0xe, 0xb8, 0x8f, 0xd6, 0x1, 0x91, 0x3f, 0xc0,
    0xf, 0xff, 0xfe, 0xf, 0x7f, 0x70, 0x5f, 0xbb,
    0xf8, 0x4, 0x87, 0xc, 0xfe, 0x10, 0xa, 0xc2,
    0xf7, 0x7e, 0x0, 0xd1, 0xff, 0xf4, 0x18, 0x7,
    0xff, 0x3, 0x14, 0x3, 0xf1, 0x8, 0x91, 0x1a,
    0x1, 0xfa, 0xfb, 0x96, 0xc8, 0x1, 0xfa, 0x7f,
    0xe9, 0x0, 0x80,

    /* U+5403 "吃" */
    0x0, 0xf8, 0x50, 0x3, 0xff, 0x82, 0xf2, 0x1,
    0xe9, 0xff, 0xb4, 0x1, 0x74, 0x1, 0xf2, 0x64,
    0x80, 0x14, 0xa3, 0xff, 0xa0, 0xc, 0xc4, 0x0,
    0xb6, 0xdd, 0xf4, 0x80, 0x74, 0x94, 0x91, 0x78,
    0x40, 0x3a, 0x3f, 0xbb, 0x7f, 0x98, 0x3, 0xc2,
    0x7b, 0xb4, 0x81, 0xb0, 0x7, 0xe3, 0x33, 0x43,
    0xe0, 0x7, 0xf9, 0xaa, 0x90, 0x1, 0x9f, 0xec,
    0x2, 0x69, 0xb5, 0x0, 0xe4, 0xcc, 0x70, 0x24,
    0xda, 0x0, 0x44, 0xbb, 0x6, 0x70, 0x54, 0xa0,
    0x6, 0x79, 0x43, 0x0, 0x84, 0x63, 0x3e, 0xf5,
    0x0, 0xe1, 0x89, 0xcc, 0xe4, 0xa0,

    /* U+5404 "各" */
    0x0, 0xe2, 0x90, 0xf, 0xfe, 0x17, 0x80, 0x7f,
    0xf0, 0xac, 0x9b, 0xff, 0xb0, 0x3, 0xd4, 0x8b,
    0xdd, 0xa8, 0x24, 0x3, 0x16, 0x25, 0x2b, 0x88,
    0x96, 0xdd, 0x40, 0x34, 0x3f, 0xae, 0x44, 0xbd,
    0xb4, 0x0, 0x75, 0x58, 0x81, 0xd3, 0x43, 0x40,
    0x7, 0xf1, 0xd5, 0xab, 0x33, 0x10, 0x3, 0x8d,
    0xf3, 0x1, 0xb5, 0x3c, 0xb7, 0xb0, 0x60, 0x59,
    0x6b, 0x52, 0x26, 0x62, 0xaa, 0x22, 0x34, 0x4b,
    0xb0, 0xeb, 0x77, 0xd4, 0x79, 0xc2, 0x2, 0x0,
    0x6e, 0xef, 0x28, 0x7, 0xff, 0x31, 0x13, 0xf0,
    0x7, 0xe2, 0x88, 0xf0, 0x88, 0x3, 0xd5, 0xf9,
    0x9e, 0xfb, 0x0, 0x80,

    /* U+5408 "合" */
    0x0, 0xfc, 0x60, 0x1f, 0xfc, 0x23, 0xc4, 0x0,
    0xff, 0xe0, 0x1e, 0x7, 0x80, 0x7f, 0xcb, 0x8f,
    0xcf, 0x84, 0x1, 0xfa, 0x6a, 0x60, 0x71, 0x75,
    0x80, 0x39, 0x79, 0xa9, 0x8, 0xab, 0x89, 0xd5,
    0x0, 0x65, 0x31, 0x56, 0xef, 0x45, 0x2d, 0x30,
    0x77, 0x23, 0x7f, 0xfe, 0x58, 0xe6, 0x2, 0x11,
    0x11, 0x7f, 0x0, 0x80, 0x6b, 0xdd, 0xfe, 0x40,
    0xf, 0x37, 0xff, 0xc0, 0x1f, 0xfd, 0xb1, 0x6f,
    0xff, 0x80, 0x3e, 0x13, 0xdd, 0xf8, 0x3, 0xea,
    0xc2, 0x2f, 0xbd, 0x0, 0x0,

    /* U+540C "同" */
    0xdf, 0xff, 0xfe, 0x3, 0x4, 0x6e, 0xff, 0x84,
    0x0, 0x45, 0xff, 0xc0, 0x0, 0x8f, 0xff, 0xee,
    0x0, 0xe3, 0xee, 0xfb, 0xc0, 0x3c, 0x20, 0x1e,
    0x10, 0xf, 0x1f, 0x77, 0x84, 0x3, 0xe2, 0xff,
    0xc0, 0x1f, 0xfd, 0x92, 0xff, 0xc0, 0x1f, 0xc3,
    0xff, 0xc2, 0x1, 0xe3, 0xc0, 0xe, 0x22, 0x8,
    0x7, 0x10, 0x7, 0x6e, 0x85, 0xc0,

    /* U+540D "名" */
    0x0, 0xf2, 0x30, 0x7, 0xfc, 0x56, 0x20, 0x1f,
    0xe2, 0xd0, 0x8f, 0xfe, 0x40, 0x9, 0x31, 0x37,
    0x7a, 0x1, 0x0, 0x66, 0xda, 0xc8, 0xb0, 0x4e,
    0x0, 0x15, 0x59, 0x8e, 0x40, 0x1, 0xe4, 0x18,
    0x1, 0x30, 0xd2, 0x2d, 0x99, 0xb6, 0xc0, 0x1f,
    0x33, 0xcc, 0xb5, 0x40, 0x3e, 0x4e, 0x73, 0xc0,
    0x33, 0x21, 0x2, 0x4f, 0x58, 0x81, 0x6e, 0xeb,
    0xb0, 0x18, 0x51, 0xc7, 0xf7, 0x74, 0x80, 0x1e,
    0x50, 0x3, 0xff, 0xa3, 0x1d, 0xde, 0x90, 0xf,
    0x2e, 0xef, 0x98, 0x0,

    /* U+540E "后" */
    0x0, 0xff, 0xe0, 0x11, 0x0, 0x38, 0x48, 0xd5,
    0xa2, 0xb3, 0xf7, 0x80, 0x37, 0xf6, 0x74, 0xe0,
    0xec, 0xe7, 0xe0, 0x6, 0x65, 0xed, 0xca, 0x97,
    0x53, 0x0, 0xff, 0xe5, 0xaf, 0xff, 0xfc, 0x80,
    0x12, 0x6e, 0xff, 0xc8, 0x0, 0x32, 0x2f, 0xfe,
    0x0, 0x4, 0x22, 0x2c, 0xcf, 0xe3, 0x0, 0x9b,
    0x84, 0xe6, 0x7e, 0x37, 0x0, 0x88, 0x80, 0x5,
    0x5f, 0x80, 0x31, 0x82, 0x0, 0x7f, 0xf0, 0x6d,
    0x0, 0x3f, 0xf8, 0x22, 0xdc, 0x1, 0x77, 0x7c,
    0x1, 0x1a, 0xa8, 0x2, 0xaa, 0xf8, 0x2, 0x2b,
    0x0, 0x1f, 0xa2, 0x7d, 0xe8, 0x0,

    /* U+5411 "向" */
    0x0, 0xf4, 0x98, 0x7, 0xfc, 0xac, 0x20, 0x1f,
    0xf7, 0x29, 0x0, 0x78, 0xfb, 0xb2, 0x2f, 0x77,
    0x7c, 0xb8, 0xd5, 0x57, 0x6a, 0xae, 0x33, 0x0,
    0xa2, 0x7f, 0xc0, 0x1c, 0x64, 0x5c, 0x1, 0xf0,
    0xe6, 0x76, 0x98, 0x7, 0xee, 0xec, 0x20, 0x1f,
    0xfc, 0xb2, 0x2c, 0x1, 0xfe, 0xdd, 0xc2, 0x1,
    0xfd, 0xff, 0xc6, 0x1, 0xe1, 0xe0, 0xc, 0x46,
    0x62, 0x0, 0xe1, 0x0, 0xcf, 0x98, 0x7e,

    /* U+5417 "吗" */
    0x0, 0xff, 0xe4, 0x2f, 0xff, 0xa8, 0x1, 0x3f,
    0xf6, 0x2f, 0x77, 0x21, 0x0, 0xd, 0x76, 0x44,
    0xd, 0x44, 0x77, 0x80, 0x5a, 0x44, 0x0, 0x27,
    0x80, 0x42, 0x20, 0xf, 0xdc, 0x20, 0x13, 0x10,
    0x7, 0xe2, 0x20, 0x4, 0x6e, 0x1, 0xf9, 0x48,
    0xce, 0x17, 0x30, 0xf, 0xcb, 0xdc, 0xd0, 0xbc,
    0x0, 0xfb, 0xfd, 0xba, 0xef, 0xb1, 0x0, 0x47,
    0x58, 0x9, 0x17, 0x9, 0x10, 0x0, 0xb9, 0xbf,
    0x7b, 0xbd, 0x1c, 0xc1, 0xfc, 0x45, 0x57, 0xff,
    0x49, 0xe8, 0x2a, 0x0, 0x7e, 0x12, 0x44, 0x0,
    0x7f, 0x93, 0xb5, 0x8c, 0x3, 0xfc, 0x9f, 0xe9,
    0x0, 0x0,

    /* U+5426 "否" */
    0xf, 0xff, 0xfe, 0x10, 0x3, 0x77, 0xd2, 0xd,
    0xbb, 0xc0, 0x2, 0x2e, 0x49, 0x9, 0x2, 0x2c,
    0x1, 0xc7, 0x90, 0x2c, 0xbb, 0x44, 0x1, 0xc7,
    0x58, 0xbe, 0x80, 0xbc, 0x7b, 0x22, 0x5, 0xb8,
    0x39, 0x22, 0x1, 0xc, 0xea, 0xf8, 0x95, 0x6d,
    0x98, 0x7, 0xc5, 0x94, 0x20, 0xe4, 0x1, 0xa2,
    0xc0, 0x39, 0x0, 0x22, 0xff, 0xdb, 0xaf, 0xfc,
    0x80, 0x1e, 0xde, 0xef, 0x80, 0x3f, 0x18, 0x8f,
    0xc0, 0x1f, 0xfc, 0xcc, 0xcf, 0xc0, 0x1f, 0xa2,
    0x3f, 0x0, 0x78, 0xbd, 0x51, 0x3e, 0xf4, 0x0,
    0x0,

    /* U+542B "含" */
    0x0, 0xfc, 0x20, 0x1f, 0xfc, 0x2c, 0xe0, 0xf,
    0xfe, 0xd, 0x18, 0x30, 0x7, 0xf8, 0xb1, 0xf7,
    0x57, 0x42, 0x1, 0xf3, 0xeb, 0x4d, 0x96, 0xf,
    0xb8, 0x4, 0x31, 0xd5, 0x52, 0x9f, 0x15, 0xda,
    0xba, 0x48, 0xe, 0x3d, 0xc8, 0xe1, 0x9c, 0x9f,
    0x6c, 0xc8, 0x6d, 0xf7, 0x79, 0xef, 0x74, 0xcb,
    0x40, 0x10, 0xff, 0xfb, 0x89, 0x98, 0x1, 0xe1,
    0x1e, 0x3e, 0x68, 0x10, 0xe, 0x3e, 0xee, 0xc0,
    0x4e, 0xe1, 0x0, 0x7b, 0xff, 0xed, 0x0, 0xff,
    0xe6, 0x66, 0x7d, 0xa0, 0x1f, 0xa2, 0x3f, 0x0,
    0x78, 0xfd, 0x13, 0xe7, 0xf2, 0x0, 0x0,

    /* U+542C "听" */
    0x0, 0xff, 0xe0, 0x18, 0x7, 0xf8, 0x56, 0xbb,
    0x10, 0x23, 0xfe, 0xe0, 0x3f, 0xe9, 0x2a, 0xf4,
    0x1, 0x3c, 0x90, 0xd, 0xf9, 0x8, 0x1, 0x94,
    0xc8, 0x3, 0xff, 0x8e, 0x89, 0xe1, 0x0, 0xfd,
    0x55, 0x5d, 0xa9, 0x0, 0x3c, 0xe1, 0xdd, 0xd,
    0xf2, 0x80, 0x7f, 0xf2, 0x48, 0x80, 0x1f, 0x9b,
    0xec, 0x1, 0xee, 0x1, 0xf8, 0xb3, 0x1a, 0x9,
    0xa0, 0x1f, 0x6c, 0x99, 0xc4, 0x45, 0x0, 0xf9,
    0x10, 0x1, 0x41, 0x90, 0x7, 0xff, 0x7, 0xc0,
    0x3f, 0x0,

    /* U+542F "启" */
    0x0, 0xf8, 0xc8, 0x3, 0xff, 0x83, 0x5c, 0x1,
    0xf8, 0x50, 0x8a, 0xd3, 0x42, 0x2c, 0x1, 0x35,
    0xee, 0xd6, 0x17, 0xbb, 0x80, 0x31, 0xff, 0xfe,
    0xb0, 0xf, 0xfe, 0x41, 0xff, 0xfe, 0xb0, 0xe,
    0x1d, 0xdf, 0xf0, 0x5, 0xe8, 0x45, 0xfe, 0x0,
    0x88, 0x8f, 0xff, 0xfc, 0x60, 0x6, 0xe0, 0x4d,
    0xdf, 0x81, 0xc0, 0x6, 0xa0, 0x2, 0x2f, 0x80,
    0x25, 0x13, 0x0, 0xff, 0xe0, 0x4b, 0x0, 0x13,
    0xff, 0xe0, 0x1, 0xc, 0x80, 0xb, 0x77, 0xe0,
    0x1, 0x68, 0x83, 0xe9, 0x17, 0xde, 0x80,

    /* U+5438 "吸" */
    0x0, 0xef, 0xff, 0x88, 0x1, 0x3f, 0xf1, 0xa9,
    0x2, 0xa8, 0x80, 0x80, 0x26, 0xd1, 0xa, 0x91,
    0xaa, 0x5a, 0x0, 0x6e, 0x20, 0x8, 0x4c, 0x1,
    0x98, 0x0, 0xfe, 0x31, 0x0, 0x22, 0x0, 0x3f,
    0xa8, 0xc0, 0x87, 0x3e, 0xc0, 0x3e, 0x60, 0x32,
    0xff, 0x21, 0x80, 0x7c, 0xe7, 0x20, 0x12, 0x58,
    0x3, 0xc4, 0x2, 0x2e, 0x53, 0x6, 0x33, 0x0,
    0x1f, 0x84, 0x14, 0xca, 0x38, 0x62, 0x0, 0x14,
    0x7f, 0x8f, 0xac, 0x1c, 0x39, 0x50, 0x1, 0x88,
    0x0, 0x34, 0x60, 0x3, 0x0, 0x72, 0x98, 0xf,
    0x40, 0x96, 0x35, 0xb6, 0xa0, 0x6, 0xb6, 0x71,
    0xd6, 0xc4, 0xd4, 0xb4, 0x0, 0xaa, 0xc0, 0x7a,
    0x84, 0x1, 0x3c, 0x80,

    /* U+5468 "周" */
    0x0, 0x57, 0xff, 0xfc, 0x60, 0x12, 0xee, 0xd9,
    0x3b, 0xb8, 0x3, 0x88, 0xb3, 0x59, 0x16, 0x0,
    0xf1, 0x77, 0x28, 0xbb, 0x98, 0x1, 0xf1, 0x77,
    0x28, 0x7b, 0x98, 0x1, 0xf2, 0x44, 0x43, 0x11,
    0x10, 0x7, 0x78, 0x7f, 0xa9, 0xff, 0xe3, 0x0,
    0xc2, 0x8, 0xef, 0x43, 0xbc, 0x20, 0x19, 0x88,
    0x7f, 0xfc, 0x60, 0x1c, 0x4c, 0x0, 0xff, 0xc2,
    0x1, 0xc6, 0x6, 0x1, 0xff, 0xc0, 0xb4, 0x0,
    0xbb, 0xb0, 0x80, 0x73, 0x68, 0x5, 0xdd, 0xb4,
    0x84, 0x0, 0x64, 0xc0, 0x3e, 0x1, 0xaf, 0xb8,
    0x86, 0x6c, 0x0, 0xfd, 0x3f, 0xeb, 0x0,

    /* U+547C "呼" */
    0x0, 0xff, 0xe0, 0x18, 0x80, 0x78, 0x91, 0xa2,
    0xb3, 0xf6, 0x42, 0x7f, 0xe2, 0xbf, 0xc0, 0x54,
    0xee, 0x40, 0x1, 0xb4, 0x42, 0x3e, 0xa0, 0x30,
    0x51, 0xc0, 0x1c, 0x40, 0x3, 0xb1, 0x0, 0xdd,
    0xe0, 0x1e, 0x23, 0x70, 0xc, 0xb4, 0x1, 0xf5,
    0xe0, 0x4, 0xc6, 0x40, 0x1f, 0x21, 0x0, 0x43,
    0x20, 0x1e, 0x19, 0xa1, 0x90, 0x9e, 0xc9, 0x50,
    0xd2, 0x0, 0xf8, 0xc0, 0x39, 0x74, 0x45, 0x33,
    0x82, 0xa6, 0x65, 0x8, 0xff, 0x10, 0x7, 0xfb,
    0x50, 0x3, 0xff, 0x82, 0x86, 0x1, 0x84, 0x44,
    0x1, 0xff, 0xc0, 0x2e, 0xd3, 0x40, 0xf, 0xf1,
    0xff, 0xb0, 0x3, 0x80,

    /* U+547D "命" */
    0x0, 0xf8, 0x88, 0x1, 0xff, 0xc1, 0x1d, 0xd0,
    0x7, 0xff, 0x0, 0xfd, 0xa, 0x40, 0x3f, 0xcf,
    0x93, 0x78, 0xba, 0x60, 0x1e, 0x5d, 0x99, 0x29,
    0x1f, 0x3e, 0x51, 0x80, 0x13, 0xe2, 0xe2, 0x77,
    0x72, 0xe8, 0xe6, 0x1, 0x2f, 0x59, 0x9f, 0xfe,
    0x2b, 0xee, 0x0, 0x17, 0xff, 0x58, 0x47, 0xfe,
    0xb2, 0x0, 0xdd, 0xc9, 0x70, 0x2, 0xee, 0x98,
    0x40, 0x38, 0x44, 0x60, 0x18, 0x89, 0xc0, 0x1f,
    0xfc, 0xa6, 0x66, 0x0, 0x7f, 0xf0, 0x77, 0x44,
    0x80, 0x12, 0x7c, 0x60, 0x7, 0x5d, 0xd0, 0x1,
    0x27, 0x7b, 0x80, 0x43, 0xe0, 0x1f, 0x84, 0x3,
    0x0,

    /* U+548C "和" */
    0x0, 0xf2, 0x90, 0x7, 0xe1, 0x48, 0xff, 0x5a,
    0x0, 0x7e, 0xc9, 0x30, 0xae, 0x66, 0x7f, 0xf3,
    0x6, 0xea, 0xc1, 0xc0, 0x23, 0xcc, 0x88, 0x40,
    0x3f, 0x9c, 0xce, 0x10, 0x2e, 0xe7, 0x86, 0xf6,
    0x80, 0x7c, 0x5b, 0xa3, 0x8, 0xde, 0x0, 0xfc,
    0x66, 0x20, 0x82, 0x30, 0xf, 0xe6, 0x50, 0x5a,
    0x0, 0xff, 0x47, 0x84, 0x3c, 0x0, 0x7e, 0x95,
    0x40, 0x7, 0x68, 0x7, 0xca, 0xd2, 0x1, 0x12,
    0x80, 0x7c, 0xd2, 0x40, 0x1e, 0x4f, 0xf8, 0xc0,
    0xd8, 0x3, 0xf6, 0x64, 0x1, 0xfe, 0x59, 0x33,
    0xad, 0x40,

    /* U+54CD "响" */
    0x0, 0xfe, 0x75, 0x0, 0x84, 0x8a, 0x0, 0xc3,
    0x0, 0x1a, 0x37, 0x63, 0x0, 0x9c, 0x54, 0x3,
    0x47, 0x90, 0x1f, 0xfa, 0x47, 0xff, 0x0, 0x78,
    0x7b, 0xbb, 0x40, 0x3f, 0x8, 0xf1, 0x0, 0x7f,
    0x7f, 0x73, 0x0, 0x3f, 0xc5, 0xdc, 0x20, 0xf,
    0xfe, 0x9c, 0x71, 0x0, 0x62, 0x33, 0x0, 0x64,
    0xab, 0x30, 0xd, 0x32, 0x70, 0x6, 0x7a, 0x20,
    0x3, 0x3d, 0x52, 0x40, 0xa, 0x80, 0x1e, 0x80,
    0x0, 0x90, 0x80, 0x78, 0xc0, 0x33, 0xeb, 0x80,

    /* U+5524 "唤" */
    0x0, 0xf8, 0xe0, 0x3, 0xff, 0x83, 0xa8, 0x92,
    0x80, 0x51, 0xfb, 0xa1, 0x5, 0x11, 0x44, 0x29,
    0xc0, 0x4, 0xbc, 0x46, 0x57, 0x5b, 0x94, 0x4e,
    0x1, 0x61, 0x88, 0xb4, 0x4d, 0xa6, 0x48, 0xc0,
    0x1e, 0x16, 0xf, 0xf3, 0x10, 0x48, 0x80, 0x7a,
    0x86, 0x64, 0x19, 0x20, 0x1f, 0xfc, 0xe1, 0x1,
    0x0, 0xfc, 0xde, 0x35, 0xc1, 0x54, 0xa, 0x0,
    0x4e, 0xb, 0xd4, 0xe0, 0x5, 0x93, 0xa0, 0x4,
    0x8b, 0x36, 0x61, 0x8c, 0x3b, 0x34, 0x5, 0xc8,
    0x80, 0x3, 0x56, 0xba, 0x60, 0x80, 0x21, 0x40,
    0x5, 0x51, 0x86, 0x12, 0xbe, 0xc0, 0x1d, 0xc7,
    0xe6, 0x1, 0x4d, 0xd0, 0x80, 0x6c, 0x91, 0x0,
    0xe5, 0xc1,

    /* U+5546 "商" */
    0x0, 0xf9, 0xd0, 0x3, 0xff, 0x85, 0xd0, 0x1,
    0xfb, 0xff, 0xcc, 0x7f, 0xfe, 0x0, 0x77, 0x52,
    0xbd, 0xd9, 0xe3, 0xba, 0x0, 0x8, 0xc8, 0xa6,
    0x22, 0x7, 0x31, 0x18, 0x2, 0x22, 0x2, 0xb9,
    0x12, 0xc5, 0x89, 0x0, 0x21, 0xdc, 0xc2, 0x5e,
    0x61, 0x47, 0x31, 0x64, 0x1, 0xbb, 0x98, 0x9d,
    0xc5, 0xae, 0xe0, 0x7, 0xcb, 0x9e, 0x0, 0x88,
    0x50, 0x7, 0xc9, 0x6c, 0xc3, 0x30, 0xc8, 0xc0,
    0x7, 0x93, 0xde, 0x23, 0x55, 0xc0, 0x7, 0xc2,
    0x17, 0x75, 0x0, 0x7f, 0xf0, 0x3b, 0xaf, 0x0,
    0xff, 0x93, 0xbb, 0x80, 0x3f, 0xd6, 0x1, 0x93,
    0xb8, 0x84, 0x0,

    /* U+5587 "喇" */
    0x0, 0xf7, 0x10, 0x6, 0x4d, 0xfe, 0xe2, 0x4c,
    0x86, 0x64, 0x72, 0x20, 0x16, 0x90, 0xf7, 0x0,
    0x78, 0x10, 0xc0, 0x23, 0x71, 0x55, 0x7, 0xa9,
    0x80, 0x7e, 0xfe, 0xb, 0xd2, 0x0, 0xfe, 0xc2,
    0xf3, 0x0, 0xff, 0xe6, 0x41, 0x41, 0x0, 0x78,
    0x40, 0x10, 0x20, 0x50, 0x40, 0x1d, 0xc8, 0xa,
    0x40, 0x84, 0x1, 0xef, 0xf2, 0x38, 0xc, 0xd2,
    0x69, 0x0, 0x1c, 0x0, 0xb3, 0x40, 0x94, 0xc0,
    0x1a, 0x0, 0x6f, 0x44, 0x0, 0x84, 0x58, 0x40,
    0x3, 0xe6, 0x1, 0xd7, 0xb1, 0x40,

    /* U+5668 "器" */
    0x0, 0x7f, 0xf0, 0x17, 0xff, 0x0, 0x76, 0xfe,
    0x80, 0x6f, 0xf6, 0x0, 0x7f, 0xf0, 0xc4, 0x3,
    0xce, 0x6e, 0x1, 0x8c, 0xce, 0x1, 0xc7, 0x1d,
    0x4, 0x60, 0x5b, 0xd0, 0x40, 0x1b, 0x37, 0x65,
    0xf2, 0xd6, 0x64, 0x68, 0x0, 0xbf, 0xf9, 0xcf,
    0xfc, 0xe9, 0x5f, 0xe2, 0x26, 0xec, 0xc1, 0x3b,
    0xa8, 0x8, 0xdd, 0x88, 0x8, 0x79, 0x35, 0x88,
    0x8f, 0x95, 0xcc, 0x40, 0x59, 0x83, 0x36, 0x68,
    0xf, 0x69, 0x9a, 0xf8, 0xca, 0x82, 0xb2, 0x88,
    0xc, 0x73, 0x14, 0x14, 0x60, 0xc0, 0xe4, 0xc0,
    0x18, 0x88, 0xe0, 0x80, 0x18, 0x40, 0x40, 0x3c,
    0x20, 0x1e, 0xcf, 0xc0, 0xd, 0xfe, 0xc0, 0xe,
    0xef, 0xfc, 0x5, 0xdf, 0xf8, 0x0,

    /* U+566A "噪" */
    0x0, 0xf7, 0x77, 0x78, 0x5, 0xff, 0x70, 0x5,
    0x9d, 0xcf, 0x0, 0xed, 0xc0, 0xc, 0xe8, 0x85,
    0x0, 0xe2, 0x20, 0x4, 0xd9, 0xbb, 0x30, 0x7,
    0xc7, 0x88, 0xa7, 0x4a, 0xac, 0xa0, 0xe, 0x75,
    0xda, 0x77, 0x2e, 0xcb, 0x80, 0x78, 0x44, 0x60,
    0x10, 0x88, 0x3, 0xe6, 0xdb, 0x0, 0x36, 0xd0,
    0x7, 0x93, 0xb7, 0xa6, 0x5f, 0xbd, 0xa0, 0xf,
    0xe0, 0x7e, 0xea, 0xcb, 0xfb, 0xa3, 0xc, 0xc6,
    0xbf, 0xf9, 0xc0, 0x2d, 0xff, 0x1c, 0x19, 0xc0,
    0x74, 0xb4, 0x55, 0xae, 0x20, 0xe0, 0x2, 0xad,
    0x3c, 0x10, 0x5d, 0xbd, 0x20, 0x8, 0xb7, 0xa0,
    0x3, 0x1e, 0xc1, 0x0,

    /* U+56CA "囊" */
    0xa, 0xcc, 0xef, 0xf6, 0x67, 0x28, 0x2, 0xb5,
    0x57, 0x0, 0x15, 0x77, 0xa8, 0x4, 0x4f, 0x55,
    0x3, 0xd5, 0x4a, 0xa0, 0xc, 0x29, 0x33, 0x3,
    0xcc, 0xcc, 0x40, 0x16, 0xc1, 0x9e, 0x3, 0x3e,
    0xed, 0x0, 0x1d, 0x90, 0x0, 0xb1, 0x4c, 0x0,
    0xb0, 0x60, 0xe, 0x4, 0xe1, 0x77, 0x28, 0x8b,
    0x8c, 0xb8, 0x3, 0x51, 0x3a, 0x34, 0x1b, 0x95,
    0x8, 0x4, 0x31, 0x98, 0x4, 0xbd, 0x50, 0xcc,
    0x41, 0x0, 0x7, 0x80, 0x3f, 0xc2, 0x40, 0x37,
    0x84, 0x40, 0x36, 0x60, 0x0, 0x88, 0x76, 0x22,
    0xb8, 0xd5, 0x28, 0xe5, 0x4f, 0x81, 0x15, 0x88,
    0xb2, 0x80, 0x10, 0xa9, 0x9d, 0xf9, 0x8a, 0x0,
    0xe, 0x4a, 0x8d, 0x4e, 0x93, 0xf4, 0xef, 0x60,
    0x80, 0x47, 0x9f, 0x70, 0x80, 0x2d, 0x7d, 0xa2,

    /* U+56DB "四" */
    0x12, 0x2f, 0xfe, 0x0, 0xc6, 0xef, 0xff, 0x2,
    0x41, 0x7f, 0xd2, 0x7f, 0xe0, 0xdf, 0xf2, 0x0,
    0x70, 0xb8, 0x7, 0xff, 0x3, 0xc4, 0x3, 0xff,
    0x80, 0x44, 0x0, 0xff, 0xe0, 0x3e, 0x80, 0x7f,
    0xc8, 0x48, 0x0, 0x16, 0x11, 0x0, 0x62, 0xa8,
    0x10, 0x3, 0x5f, 0x71, 0xc0, 0x2e, 0x97, 0x0,
    0xa3, 0xfe, 0x70, 0xb, 0x1c, 0x3, 0xfe, 0x5d,
    0xdf, 0xf2, 0x0, 0x6, 0x23, 0xfc, 0x0, 0xcb,
    0x55, 0xff, 0x5d, 0x80,

    /* U+56DE "回" */
    0xbf, 0xff, 0xfe, 0x4, 0x2, 0xe6, 0x7f, 0x8c,
    0x0, 0x46, 0x7f, 0xe7, 0x0, 0xe1, 0x1f, 0x0,
    0x7c, 0x5d, 0xde, 0x10, 0xf, 0xdf, 0xf7, 0x0,
    0x7f, 0xf6, 0x88, 0xb0, 0x7, 0xfb, 0x76, 0xc0,
    0xf, 0xc5, 0xff, 0xe1, 0x0, 0xff, 0xe3, 0x3f,
    0xff, 0xf9, 0x0, 0x9, 0x99, 0xfe, 0x10,

    /* U+56E0 "因" */
    0xbf, 0xff, 0xfe, 0x4, 0x84, 0x77, 0x7f, 0x94,
    0x2, 0x11, 0xc9, 0x2, 0x38, 0xc0, 0x3e, 0x22,
    0x0, 0x7e, 0x13, 0x3b, 0x18, 0xce, 0x10, 0xd,
    0x3b, 0xb2, 0x16, 0xec, 0xc0, 0x1a, 0x3b, 0xa1,
    0x7e, 0xe9, 0xc0, 0x3e, 0x21, 0x74, 0x0, 0xff,
    0x42, 0xed, 0x28, 0x7, 0xe7, 0x48, 0x2d, 0xb4,
    0x0, 0xe2, 0xb9, 0xd2, 0x3, 0xaa, 0x10, 0x6,
    0x33, 0x79, 0x80, 0x49, 0x46, 0x1, 0x46, 0xa6,
    0xe6, 0x74, 0x6b, 0x0, 0x12, 0x23, 0xfc, 0x20,

    /* U+56F4 "围" */
    0xbf, 0xff, 0xfe, 0x4, 0x84, 0x7f, 0xeb, 0xef,
    0xfc, 0xa0, 0x1f, 0x52, 0x80, 0x7e, 0xaf, 0xf8,
    0x6f, 0xfe, 0x30, 0xd, 0x5f, 0xf0, 0xdf, 0xfc,
    0x60, 0x1d, 0xdd, 0xd, 0xf7, 0x30, 0x3, 0xdf,
    0xf0, 0x57, 0xfb, 0x40, 0x38, 0x40, 0x3e, 0x31,
    0x0, 0xd9, 0xff, 0x5, 0x7f, 0xb6, 0x40, 0x36,
    0xf7, 0x43, 0x7d, 0xc4, 0xe0, 0xf, 0xf4, 0x62,
    0x38, 0x7, 0xfa, 0x7b, 0xc4, 0x2, 0x8c, 0xcc,
    0x33, 0xbd, 0x98, 0x50, 0x2, 0x44, 0x6b, 0x98,
    0x8c, 0x20,

    /* U+56FA "固" */
    0x9f, 0xff, 0xfe, 0x5, 0x2, 0xee, 0xff, 0x94,
    0x2, 0x22, 0xd2, 0xe4, 0x58, 0x3, 0x84, 0x66,
    0x31, 0x18, 0x3, 0xa3, 0xba, 0x29, 0xee, 0x90,
    0x3, 0x47, 0xfc, 0x75, 0xff, 0x20, 0x7, 0xff,
    0x1c, 0xbf, 0xc7, 0x5f, 0xe4, 0x0, 0xf8, 0x7f,
    0xf1, 0x0, 0x7f, 0xf2, 0x87, 0xff, 0x10, 0x7,
    0xc5, 0xff, 0xe4, 0x0, 0xc8, 0xab, 0xfe, 0x40,
    0x0, 0xcc, 0xff, 0x84, 0x0,

    /* U+56FD "国" */
    0xaf, 0xff, 0xfe, 0x5, 0x2, 0xee, 0xff, 0x94,
    0x0, 0x66, 0x11, 0xfc, 0x40, 0x19, 0x7b, 0xac,
    0xc7, 0x72, 0x0, 0x39, 0x37, 0x61, 0xbd, 0xd5,
    0x80, 0x7f, 0xf2, 0x37, 0xfc, 0x37, 0xfe, 0x70,
    0xf, 0x67, 0x70, 0x2a, 0x96, 0xe0, 0x1e, 0x11,
    0xe6, 0xa2, 0x0, 0xff, 0x8e, 0xd8, 0x3, 0xa7,
    0xfe, 0x1b, 0xfa, 0xb3, 0x0, 0xd3, 0xff, 0xf8,
    0xc0, 0x26, 0xdd, 0xff, 0x28, 0x0, 0xa6, 0x7f,
    0xc2, 0x0,

    /* U+56FE "图" */
    0xaf, 0xff, 0xfe, 0x4, 0x3, 0xf7, 0x57, 0x6e,
    0xee, 0x40, 0x8, 0x44, 0x14, 0x2, 0x3c, 0x1,
    0xc3, 0xc3, 0x5d, 0xcf, 0xf0, 0x7, 0x1f, 0x83,
    0x77, 0x28, 0xb4, 0x3, 0x96, 0x3c, 0xf7, 0x53,
    0xe4, 0x1, 0xcc, 0xc3, 0x31, 0x11, 0x98, 0x1,
    0xe9, 0xed, 0x1e, 0xfd, 0x8f, 0x90, 0xd, 0x9b,
    0xc3, 0x90, 0xb9, 0xd6, 0x1, 0x94, 0xc2, 0x73,
    0xbc, 0x84, 0x80, 0x38, 0xfb, 0x68, 0x60, 0x80,
    0x3e, 0x3e, 0xcf, 0xf4, 0x7a, 0x0, 0x64, 0x4c,
    0xa1, 0x91, 0x40, 0x88, 0x0, 0x1c, 0xcf, 0xd1,
    0x32, 0x0, 0x0,

    /* U+5706 "圆" */
    0xbf, 0xff, 0xfe, 0x4, 0x4, 0x7f, 0xff, 0x94,
    0x3, 0x4f, 0x6e, 0xf6, 0x0, 0x78, 0xe3, 0x77,
    0x48, 0x80, 0x7d, 0x1b, 0xba, 0x80, 0x3e, 0xae,
    0xdd, 0xdd, 0xa0, 0x1c, 0x3f, 0xff, 0x88, 0x3,
    0xdf, 0xed, 0xbf, 0xf0, 0x80, 0x7f, 0x3f, 0x80,
    0x7f, 0xf0, 0x3c, 0x84, 0x3, 0xe1, 0xd3, 0xa7,
    0xdf, 0x9c, 0x20, 0xd, 0x3f, 0xa5, 0xa9, 0xe3,
    0x8a, 0x1, 0x76, 0x46, 0x51, 0x10, 0xeb, 0x45,
    0x80, 0xd, 0x76, 0xcc, 0xf6, 0xd1, 0x80,

    /* U+5728 "在" */
    0x0, 0xf2, 0x8, 0x7, 0xff, 0x4, 0x6d, 0x40,
    0x3f, 0xf8, 0x2e, 0x28, 0x1, 0xfd, 0xff, 0xa4,
    0x7f, 0xff, 0x0, 0x37, 0x30, 0xe1, 0x79, 0x9f,
    0x80, 0x4, 0x66, 0x57, 0x43, 0x32, 0xf9, 0x9e,
    0x0, 0xd4, 0x72, 0x1, 0xff, 0xc0, 0x55, 0x38,
    0x80, 0x7f, 0xc9, 0x41, 0xa1, 0xff, 0x49, 0xff,
    0xcc, 0x5, 0x70, 0x20, 0xd, 0xd9, 0x83, 0x76,
    0x70, 0x2b, 0x70, 0x8, 0x8a, 0xf3, 0x22, 0x84,
    0x0, 0x80, 0x1f, 0xfd, 0xb1, 0x0, 0xff, 0xab,
    0xfe, 0x83, 0xff, 0xc0,

    /* U+5730 "地" */
    0x0, 0x1f, 0x0, 0x7b, 0x8c, 0x3, 0xfc, 0x3a,
    0x20, 0x1f, 0xfc, 0x22, 0x0, 0xe9, 0x90, 0x1e,
    0x60, 0x72, 0x80, 0x30, 0xff, 0x99, 0xc0, 0xa5,
    0xc2, 0x78, 0x0, 0xf6, 0x0, 0xda, 0x30, 0x15,
    0xb1, 0x55, 0x48, 0x4e, 0x7, 0x90, 0x8, 0x7,
    0xa1, 0x43, 0x9c, 0x40, 0x3f, 0xd3, 0x80, 0x1f,
    0xfc, 0x11, 0x50, 0xf, 0x89, 0xc0, 0x26, 0x1e,
    0xe0, 0x7, 0xbe, 0x78, 0xa, 0xe8, 0xee, 0xc0,
    0x1e, 0xfe, 0x50, 0x3, 0xde, 0x20, 0x7, 0x61,
    0x80, 0x25, 0x8b, 0x10, 0x2, 0x10, 0x41, 0x31,
    0x11, 0x20, 0x7, 0xe7, 0xae, 0xed, 0xa2, 0xc0,

    /* U+5740 "址" */
    0x0, 0xf, 0x0, 0x79, 0xb4, 0x3, 0xe1, 0x0,
    0xff, 0xe8, 0x14, 0x40, 0x22, 0x3, 0xa2, 0x1,
    0xfc, 0x60, 0x20, 0x64, 0x60, 0x1f, 0x14, 0x58,
    0x4c, 0x18, 0x6, 0x2f, 0xf9, 0x0, 0x3f, 0xf8,
    0x19, 0x92, 0x0, 0x7f, 0xc4, 0x67, 0x0, 0x71,
    0x41, 0x80, 0x7f, 0xcc, 0x1a, 0x40, 0x1f, 0xe4,
    0xfa, 0x8e, 0xa3, 0x0, 0xfe, 0x4b, 0xd7, 0x10,
    0xf, 0xfe, 0x2, 0x0, 0x53, 0x61, 0x33, 0x14,
    0xcc, 0x80, 0x1e, 0x36, 0x20, 0x66, 0x0, 0x60,

    /* U+5747 "均" */
    0x0, 0xfe, 0x10, 0xf, 0x8f, 0x80, 0x32, 0x78,
    0x7, 0xff, 0x6, 0x24, 0x3, 0xff, 0x80, 0xa7,
    0x1f, 0xfa, 0x8f, 0x30, 0x39, 0x45, 0x75, 0xff,
    0xa0, 0x4a, 0x58, 0x27, 0xfc, 0xe8, 0x1, 0x84,
    0x65, 0xa1, 0x55, 0x5d, 0xbd, 0x80, 0x21, 0x0,
    0xf9, 0x8b, 0x61, 0xc0, 0x1e, 0x60, 0x1f, 0x8f,
    0x2c, 0x40, 0x3f, 0x39, 0x0, 0xb, 0xea, 0x44,
    0x40, 0x7, 0x1e, 0xc0, 0x1, 0x56, 0xea, 0x4f,
    0xc6, 0x6c, 0x36, 0xc2, 0xb4, 0xfd, 0x81, 0x88,
    0xd6, 0xfc, 0xc1, 0x83, 0x64, 0x40, 0x4, 0xc5,
    0x88, 0x1, 0x25, 0x10, 0x8c, 0x82, 0x40, 0x1f,
    0xc9, 0xdc, 0xb8, 0x10, 0xf, 0xe5, 0xff, 0x9c,
    0x0,

    /* U+5750 "坐" */
    0x0, 0x89, 0x40, 0x1a, 0xa0, 0x3, 0x30, 0x7,
    0x5f, 0x80, 0x7b, 0xd0, 0x3, 0x9f, 0xc0, 0x38,
    0x4d, 0x40, 0x32, 0x89, 0x0, 0x74, 0x1, 0x80,
    0x68, 0x49, 0x70, 0x8, 0x98, 0xfc, 0x80, 0x12,
    0x17, 0x92, 0xc0, 0x5e, 0xd8, 0xd8, 0x4a, 0xdc,
    0x5, 0xae, 0x18, 0xf2, 0x10, 0xf2, 0xbc, 0x60,
    0x3, 0x10, 0xea, 0x0, 0xa6, 0xc0, 0xbb, 0xb8,
    0xab, 0xbb, 0x60, 0x0, 0xf7, 0x78, 0x1b, 0x77,
    0x78, 0x4, 0x67, 0xc5, 0x86, 0x7c, 0x1, 0xff,
    0xc4, 0x27, 0x7f, 0x14, 0x3b, 0xf8, 0x77, 0x7c,
    0xaf, 0xbb, 0xe0,

    /* U+5757 "块" */
    0x0, 0x1f, 0x0, 0x77, 0x20, 0x7, 0xff, 0x3e,
    0x73, 0x3, 0x79, 0x90, 0x80, 0xe6, 0x7, 0x22,
    0xff, 0xc1, 0x1f, 0xe3, 0x0, 0xc, 0xb8, 0x4d,
    0x91, 0x98, 0x4c, 0xe0, 0xc, 0xb6, 0x2a, 0x60,
    0x1f, 0xfc, 0x71, 0x70, 0xf, 0xfb, 0xfe, 0xc,
    0xff, 0x7, 0x18, 0x6, 0x36, 0xdd, 0x50, 0x2,
    0xb7, 0x63, 0x1, 0x91, 0xd1, 0x22, 0x62, 0x2f,
    0x91, 0x40, 0x7c, 0xd5, 0xce, 0x4, 0xdf, 0xa,
    0x80, 0x11, 0xee, 0x28, 0x0, 0x7d, 0x50, 0x9e,
    0x8c, 0x2, 0x20, 0x9, 0x3d, 0xa8, 0x1, 0x9,
    0x90, 0x1, 0xc3, 0x32, 0xb0, 0xd, 0x52, 0xc4,
    0x1, 0x87, 0x5c, 0x3, 0xcd, 0xc4,

    /* U+5782 "垂" */
    0x0, 0xf0, 0x91, 0xab, 0xcd, 0xb8, 0x6, 0x7e,
    0xff, 0x76, 0xea, 0x2c, 0x84, 0x3, 0x9b, 0x3b,
    0x9f, 0x6b, 0xb9, 0x74, 0xe0, 0x18, 0x48, 0x44,
    0x2, 0xa0, 0x1f, 0x8a, 0x67, 0xac, 0x66, 0x78,
    0x80, 0x33, 0xb0, 0x7, 0x99, 0x80, 0x18, 0xa6,
    0xc6, 0x65, 0x63, 0x32, 0x19, 0x91, 0x0, 0x37,
    0x54, 0x3b, 0xaa, 0x1d, 0xd0, 0xce, 0xe8, 0x1,
    0x32, 0x60, 0x99, 0x28, 0x4c, 0x81, 0x26, 0x40,
    0x4, 0x46, 0xa, 0x23, 0xc5, 0x10, 0x3a, 0x88,
    0x0, 0x13, 0xc8, 0xbb, 0xa4, 0x5d, 0xc3, 0x6e,
    0x40, 0x1, 0xd6, 0x5d, 0xd1, 0x86, 0xe9, 0x5f,
    0x58, 0x0, 0x75, 0x5e, 0x1a, 0xae, 0x40, 0x8,
    0xe2, 0x38, 0x62, 0x33, 0x80, 0x65, 0x77, 0xc4,
    0xe, 0xfa, 0x40, 0x0,

    /* U+578B "型" */
    0x7, 0xff, 0xf5, 0x87, 0x18, 0x71, 0x80, 0x1f,
    0xc3, 0x3c, 0x2e, 0xc0, 0x1f, 0xe1, 0x10, 0xb,
    0x80, 0x7f, 0x22, 0x5, 0x50, 0x6d, 0x0, 0x3f,
    0x7c, 0x85, 0xc0, 0x3c, 0x0, 0x7e, 0xb9, 0x2c,
    0xc0, 0xe6, 0x2, 0xc8, 0x3, 0xd1, 0x40, 0x1e,
    0x51, 0x0, 0xea, 0x77, 0x0, 0x4e, 0x1, 0x6f,
    0x1, 0x0, 0x22, 0xc0, 0x2c, 0xf9, 0x0, 0x7e,
    0x70, 0x80, 0x8, 0x8a, 0xb3, 0xa3, 0xaa, 0x9d,
    0xc4, 0x1, 0x96, 0x67, 0x0, 0xcc, 0xe5, 0x0,
    0xcf, 0x99, 0x95, 0xb3, 0x33, 0x80, 0xa, 0xab,
    0xca, 0xd5, 0x5e, 0x20, 0x22, 0xf3, 0x30, 0x8b,
    0xc6,

    /* U+57CE "城" */
    0x0, 0x1f, 0x0, 0x78, 0x7d, 0x6c, 0x40, 0x3f,
    0xf8, 0x29, 0xd4, 0x1, 0xe1, 0xff, 0xdc, 0x1d,
    0x48, 0xe1, 0x1c, 0x32, 0x81, 0xbb, 0x83, 0x37,
    0x4e, 0x1c, 0xe1, 0xc2, 0x4, 0x58, 0x4, 0x84,
    0x0, 0xd2, 0x2e, 0xa1, 0xff, 0x18, 0x88, 0xb0,
    0x3, 0xf7, 0x70, 0x80, 0x9d, 0x54, 0x1, 0xe3,
    0x1, 0x10, 0x1, 0xca, 0xbc, 0x3, 0xc2, 0x1,
    0xc5, 0x66, 0xa0, 0x18, 0x5a, 0x48, 0x0, 0x63,
    0xc5, 0x0, 0x12, 0x78, 0x5b, 0x30, 0x8c, 0x4e,
    0xc1, 0x84, 0x41, 0x4d, 0x7a, 0xf9, 0x5c, 0xc8,
    0x60, 0x65, 0x61, 0xd4, 0x84, 0x8b, 0x1b, 0xd5,
    0x6f, 0xf6, 0x40, 0x19, 0x18, 0x80, 0xab, 0x12,
    0x1, 0xac, 0x3, 0x34, 0x80, 0xb, 0x4c, 0x1,
    0x9c, 0x60,

    /* U+57FA "基" */
    0x0, 0x8f, 0xc0, 0x3d, 0xe6, 0x1, 0xab, 0xf0,
    0x3f, 0xfc, 0x19, 0xf2, 0x0, 0xae, 0xb0, 0xee,
    0xf0, 0x5f, 0x48, 0x4, 0x2e, 0x1f, 0xfe, 0x7,
    0x10, 0xf, 0xbb, 0xbc, 0x1, 0xfe, 0xee, 0xf0,
    0x7, 0xfb, 0xbb, 0xc0, 0x1c, 0x99, 0x8d, 0xd,
    0xcc, 0xdc, 0x1b, 0x98, 0x45, 0x88, 0x30, 0x54,
    0x24, 0xc3, 0x4, 0xc4, 0x14, 0x50, 0x5e, 0x5d,
    0x18, 0x52, 0x26, 0x5, 0x4, 0xaa, 0x8f, 0x3f,
    0xe1, 0xbf, 0xfa, 0xed, 0x86, 0x60, 0xd8, 0xff,
    0x82, 0xbf, 0xd2, 0x9f, 0x66, 0x34, 0x40, 0x18,
    0x44, 0x1, 0x85, 0xc0, 0x9, 0xff, 0xc3, 0x7f,
    0xfb, 0x40, 0x0,

    /* U+585E "塞" */
    0x0, 0xf9, 0x40, 0x3f, 0x84, 0x7d, 0x56, 0x23,
    0xe0, 0x7, 0xf7, 0x70, 0x27, 0x77, 0x78, 0x5,
    0x7f, 0xe6, 0xef, 0xf6, 0xbf, 0xfa, 0xc0, 0x27,
    0x38, 0x83, 0x54, 0x42, 0x5e, 0x20, 0x4e, 0x0,
    0x95, 0xcc, 0x6, 0x64, 0x61, 0x98, 0x49, 0x0,
    0x86, 0x20, 0x11, 0x13, 0x84, 0x40, 0x3, 0x8f,
    0x74, 0x17, 0xba, 0xa0, 0xdd, 0x10, 0x0, 0x62,
    0x13, 0x20, 0xf9, 0x97, 0x4, 0xca, 0x20, 0x20,
    0x19, 0x80, 0xc8, 0xc, 0x14, 0x3, 0xc, 0x49,
    0x6, 0xc2, 0x64, 0x61, 0x95, 0x40, 0x94, 0xf0,
    0x8b, 0x38, 0x6f, 0xb6, 0x47, 0x6c, 0x48, 0x32,
    0xfb, 0xfc, 0x15, 0xfe, 0x7b, 0xcd, 0x10, 0x93,
    0x1, 0x1f, 0x80, 0x6, 0xc0, 0x9, 0xff, 0xe1,
    0xbf, 0xfe, 0x0, 0x0,

    /* U+586B "填" */
    0x0, 0xff, 0xe3, 0x2e, 0x80, 0x72, 0x70, 0x7,
    0xfd, 0xbf, 0xeb, 0x1f, 0xfc, 0x20, 0x1e, 0xdf,
    0xf2, 0x47, 0xfe, 0x11, 0x4d, 0x94, 0xb1, 0x76,
    0xa4, 0x6e, 0xc0, 0x1f, 0x18, 0x9e, 0xff, 0xb7,
    0x8c, 0x0, 0x33, 0x65, 0x2a, 0x5, 0x77, 0xb0,
    0x40, 0x3f, 0xdb, 0xb9, 0x80, 0x3f, 0xe3, 0x3c,
    0x20, 0x1f, 0xf4, 0xce, 0x70, 0xf, 0x16, 0x38,
    0x16, 0x67, 0x8, 0x5, 0x14, 0xd, 0x9a, 0x59,
    0x9b, 0x47, 0x10, 0x16, 0x3a, 0xa6, 0xac, 0x2a,
    0x15, 0x2e, 0x14, 0x35, 0xc4, 0x8, 0x24, 0x1d,
    0x29, 0xe1, 0x84, 0x3, 0x9e, 0xeb, 0x4, 0xf,
    0x57, 0x0, 0x3c, 0xfc, 0xe0, 0x1d, 0x3e, 0x0,

    /* U+5883 "境" */
    0x0, 0xff, 0x10, 0x7, 0xc9, 0xc0, 0x1c, 0x7a,
    0x40, 0x1f, 0xe6, 0xff, 0x60, 0x6f, 0xfa, 0x0,
    0x3e, 0x6f, 0x3f, 0xf9, 0x3a, 0x0, 0xb, 0xa2,
    0xa4, 0x24, 0x2a, 0x4e, 0xc6, 0x40, 0x8, 0x60,
    0x84, 0xcc, 0x1d, 0xe4, 0x16, 0x60, 0x1, 0xb6,
    0x3a, 0xd9, 0x11, 0xa6, 0x51, 0xc0, 0x1f, 0x1c,
    0x99, 0xf4, 0x90, 0x7, 0xf4, 0xcf, 0x0, 0x7f,
    0xd9, 0x9c, 0x1, 0xe1, 0x89, 0x0, 0x7f, 0xb7,
    0xf8, 0x3, 0x34, 0x82, 0x61, 0x7a, 0xbe, 0x8e,
    0xf9, 0x0, 0xc2, 0x6e, 0x28, 0x1, 0x30, 0x3,
    0x20, 0x8b, 0xa4, 0x80, 0x5, 0x6a, 0x80, 0x1b,
    0x9c, 0x3, 0xab, 0x4a, 0xc0, 0xf, 0x9e, 0xe8,
    0x1, 0xd7, 0xf2, 0x1, 0x4f, 0xfb, 0x48,

    /* U+589E "增" */
    0x0, 0xff, 0xe0, 0x8, 0x6, 0x3e, 0x0, 0x9f,
    0x0, 0x2b, 0xb0, 0x7, 0xc2, 0xa0, 0x84, 0xeb,
    0x2, 0x1, 0xef, 0xf0, 0xce, 0xc8, 0x6f, 0x82,
    0x58, 0xa9, 0x7, 0x4e, 0x8f, 0x5d, 0x0, 0x3d,
    0xc2, 0x50, 0xa, 0x4, 0x1, 0xe, 0x0, 0xbc,
    0x1c, 0x60, 0x4, 0x90, 0x34, 0x8, 0x7, 0xea,
    0xf9, 0x1c, 0xe9, 0x0, 0xfb, 0x22, 0x65, 0x93,
    0x28, 0xc0, 0xf, 0xb7, 0x7e, 0x0, 0xc2, 0xec,
    0x22, 0xfe, 0xec, 0x20, 0x6, 0xd0, 0x90, 0x9,
    0xd5, 0x70, 0x5, 0x4f, 0x7c, 0xc0, 0x1, 0x33,
    0xc0, 0x16, 0x4a, 0x0, 0x6b, 0xdd, 0xc0, 0x1f,
    0xe9, 0xff, 0xc0, 0x0,

    /* U+58C1 "壁" */
    0x0, 0xff, 0x13, 0x0, 0x73, 0x7f, 0x75, 0xe6,
    0x1, 0x48, 0x80, 0x72, 0xf7, 0x42, 0x1d, 0xfa,
    0x1d, 0xf8, 0x1, 0x8, 0xe0, 0x7, 0x16, 0x7d,
    0x26, 0x0, 0x5, 0x33, 0x23, 0x67, 0x2f, 0x7a,
    0x77, 0x8, 0x7b, 0x6e, 0xe1, 0xb3, 0x28, 0x30,
    0xb2, 0x3, 0x6e, 0xeb, 0xc7, 0x32, 0xc, 0xc8,
    0xc5, 0xa, 0xfb, 0x88, 0x77, 0x6c, 0xb, 0xb5,
    0x2, 0x13, 0xde, 0xe9, 0xe, 0xed, 0x81, 0x76,
    0xa0, 0x5f, 0xaf, 0xcc, 0x70, 0x98, 0x1b, 0x0,
    0x71, 0x8, 0x6, 0x88, 0x8, 0x40, 0x88, 0x3,
    0x47, 0x76, 0x34, 0xee, 0xd4, 0x1, 0xa7, 0xff,
    0x2b, 0x7f, 0xeb, 0x0, 0xff, 0xe3, 0x27, 0xff,
    0x95, 0xbf, 0xfc, 0x80,

    /* U+58F0 "声" */
    0x1, 0x1f, 0x7b, 0x88, 0xf0, 0xf, 0x77, 0x82,
    0x3b, 0xba, 0x87, 0xff, 0xc5, 0x5f, 0xfd, 0x40,
    0x33, 0x3c, 0x55, 0x33, 0xa0, 0x0, 0x3d, 0xdd,
    0x10, 0xee, 0xe0, 0x9, 0x8d, 0x13, 0xfc, 0x1,
    0x4d, 0xf7, 0x59, 0x8e, 0xeb, 0x78, 0x3, 0x36,
    0xec, 0x55, 0xbb, 0x48, 0x6, 0x10, 0xf, 0xfe,
    0x11, 0x35, 0xdc, 0x55, 0x77, 0x40, 0x6, 0x56,
    0xee, 0xaa, 0x9d, 0xd1, 0x80, 0x48, 0x30, 0xab,
    0xfb, 0x74, 0x0, 0x86, 0x10, 0xf, 0xc2, 0x20,
    0x72, 0x80, 0xf, 0xfe, 0x3, 0xf8, 0x80, 0x7f,
    0xf0, 0x0,

    /* U+5904 "处" */
    0x0, 0xff, 0xe3, 0xbd, 0x0, 0x61, 0xf3, 0x0,
    0xfb, 0xc, 0x3, 0xff, 0x84, 0x8d, 0xff, 0x10,
    0x7, 0xf1, 0x5, 0xed, 0x1, 0x0, 0x2c, 0x3,
    0xd2, 0x8, 0x40, 0x20, 0x13, 0xb8, 0x3, 0x90,
    0x2, 0xd5, 0x0, 0xa6, 0x10, 0x2, 0x51, 0x11,
    0x82, 0xe8, 0x4, 0xb3, 0x44, 0x0, 0x89, 0x6a,
    0x22, 0x20, 0x6, 0x65, 0x90, 0x6, 0x3d, 0x34,
    0xa1, 0x0, 0x74, 0xf0, 0x0, 0x40, 0x8d, 0x3c,
    0x3, 0xc4, 0xa0, 0x1c, 0x40, 0x60, 0x1f, 0xfc,
    0x9, 0x19, 0x89, 0x11, 0x18, 0x80, 0x70, 0xd3,
    0x5b, 0x62, 0x75, 0x51, 0xd0, 0xcc, 0x22, 0xf4,
    0xc4, 0x3, 0xda, 0xb, 0xbb, 0x30, 0x43, 0x5c,
    0x60, 0x19, 0x6b, 0x7b, 0xfe, 0x30,

    /* U+5907 "备" */
    0x0, 0xe3, 0x50, 0xf, 0xfe, 0x8, 0xe6, 0x88,
    0xf0, 0x7, 0xc3, 0xa0, 0xfd, 0xdd, 0x40, 0x1c,
    0x58, 0x6b, 0xff, 0x98, 0x6c, 0x3, 0x36, 0xa6,
    0xbd, 0x91, 0x31, 0x30, 0x40, 0x33, 0xdc, 0x96,
    0xbe, 0xe9, 0xf4, 0x80, 0x38, 0x50, 0x5a, 0xcc,
    0x44, 0x98, 0xe6, 0x1, 0x1d, 0x6f, 0x59, 0xef,
    0x73, 0x52, 0xf3, 0xf4, 0xc8, 0xd5, 0x60, 0xa8,
    0x85, 0x2, 0x35, 0x59, 0x8c, 0xe2, 0x88, 0xce,
    0xe1, 0x19, 0x9a, 0x0, 0xe9, 0x98, 0x66, 0x6b,
    0x0, 0xfd, 0xff, 0xc, 0xff, 0xb4, 0x3, 0xf7,
    0xfc, 0x53, 0xfe, 0xd0, 0xf, 0xd1, 0x11, 0x44,
    0x60, 0xf, 0xf9, 0x98, 0x1, 0xfc, 0x9f, 0x11,
    0x4c, 0x45, 0x5e, 0x60, 0x0,

    /* U+590D "复" */
    0x0, 0xc8, 0x40, 0x1f, 0xfc, 0x12, 0xb1, 0x0,
    0xff, 0xe0, 0xe0, 0x67, 0xff, 0xea, 0x0, 0xb0,
    0xbb, 0xbf, 0xd4, 0x0, 0xb0, 0xaf, 0xff, 0xe6,
    0x0, 0xa7, 0x0, 0xfb, 0xbe, 0x5f, 0x0, 0x88,
    0x0, 0x5b, 0xbf, 0x20, 0x7, 0xc5, 0xbb, 0xf2,
    0x0, 0x78, 0xcd, 0xfe, 0xee, 0xe5, 0xf0, 0xe,
    0x5c, 0x1b, 0xee, 0xf3, 0x80, 0x71, 0xe8, 0xd7,
    0x76, 0xff, 0x8, 0x6, 0x7c, 0x42, 0xde, 0xea,
    0x6, 0x84, 0x3, 0x76, 0x5c, 0xed, 0x46, 0x5e,
    0xa8, 0x7, 0x49, 0x9c, 0x4a, 0xe6, 0x8c, 0x40,
    0x10, 0xe7, 0x7e, 0xea, 0xbb, 0xf3, 0xb9, 0x9f,
    0xe4, 0x18, 0xcf, 0xea, 0x61, 0x3, 0x7b, 0xef,
    0xd4,

    /* U+5916 "外" */
    0x0, 0xff, 0xe3, 0xbd, 0x80, 0x63, 0xf0, 0xf,
    0xd9, 0x80, 0xf, 0xfe, 0x12, 0x47, 0xfc, 0x80,
    0x1f, 0xce, 0x5b, 0xab, 0x6, 0x0, 0xfe, 0x98,
    0x22, 0x0, 0x8, 0x0, 0xe0, 0x1d, 0x6, 0x80,
    0xd, 0x40, 0xa, 0xb0, 0x40, 0x4, 0xf1, 0xce,
    0xf, 0xa0, 0x16, 0x3e, 0x10, 0x17, 0x2e, 0x4f,
    0x8b, 0x80, 0x43, 0x6d, 0x84, 0x2, 0x7, 0xe0,
    0xc2, 0x1, 0xd7, 0x24, 0x1, 0x98, 0x20, 0x3,
    0xe7, 0x0, 0xc9, 0x12, 0x20, 0x1f, 0xf2, 0xdb,
    0x30, 0x3, 0xfc, 0x35, 0x47, 0x90, 0xf, 0xf8,
    0x42, 0xe0, 0x3, 0xff, 0x80,

    /* U+591A "多" */
    0x0, 0xf2, 0x88, 0x7, 0xfd, 0x56, 0x1, 0x8,
    0x7, 0x86, 0xd4, 0x7b, 0xfd, 0xce, 0x1, 0x97,
    0xc3, 0xbf, 0xe7, 0x17, 0x0, 0xb2, 0xe0, 0xcc,
    0x0, 0x86, 0xc0, 0xd, 0xfc, 0xdd, 0xb1, 0x6b,
    0x84, 0x1, 0x8c, 0x0, 0xa2, 0xe7, 0x16, 0x1,
    0xc6, 0xf9, 0x86, 0xed, 0xa0, 0x33, 0x85, 0xf3,
    0x15, 0xd0, 0xf4, 0xf, 0xba, 0xcd, 0x7f, 0xb6,
    0x2b, 0xb6, 0x7f, 0x73, 0x42, 0x0, 0x7, 0x78,
    0x74, 0x1, 0x1e, 0x42, 0x0, 0x1c, 0xfa, 0x7,
    0x19, 0xf1, 0xdc, 0x1, 0x24, 0x8, 0x32, 0xcc,
    0x5c, 0x0, 0x71, 0x2d, 0x72, 0x47, 0xa0, 0x4,
    0xfb, 0xfb, 0x7, 0x5c, 0xe0, 0x1c, 0x97, 0x9f,
    0xb2, 0x80, 0x1f, 0x0,

    /* U+591F "够" */
    0x0, 0xff, 0x84, 0x3, 0xcf, 0x40, 0x1e, 0x7a,
    0x0, 0xf4, 0x11, 0x99, 0x4, 0x12, 0x13, 0xfd,
    0x20, 0x5, 0x7, 0xcc, 0x5b, 0x25, 0x67, 0xe8,
    0x68, 0xd, 0xcf, 0xfc, 0x9f, 0xd7, 0x45, 0xca,
    0x80, 0x47, 0x39, 0x80, 0x7, 0x52, 0x86, 0xbd,
    0x0, 0xe, 0x4b, 0xc8, 0x40, 0x5, 0x2c, 0x90,
    0x1, 0xce, 0x60, 0x7, 0x9, 0x1c, 0x45, 0x12,
    0x0, 0xfc, 0x77, 0x38, 0x11, 0xfa, 0xa0, 0x1e,
    0x11, 0x16, 0x2f, 0xf6, 0x82, 0x80, 0x17, 0xc4,
    0x0, 0x5a, 0xa6, 0x60, 0xf7, 0x0, 0x93, 0xb8,
    0x26, 0xbd, 0x1f, 0x98, 0x28, 0x0, 0x24, 0x88,
    0x80, 0x46, 0x6, 0x3, 0xc0, 0xc, 0x42, 0x26,
    0x2, 0x5, 0xd2, 0xd2, 0x0, 0xe9, 0xe8, 0x82,
    0x75, 0xd6, 0x90, 0x7, 0xa3, 0xf9, 0xd2, 0xb9,
    0xc0, 0x38,

    /* U+5927 "大" */
    0x0, 0xfa, 0xa8, 0x1, 0xff, 0xd2, 0x13, 0x0,
    0xff, 0xe1, 0x3f, 0x0, 0x7e, 0xff, 0xf1, 0xc7,
    0xff, 0x84, 0x2e, 0xfa, 0x40, 0x13, 0x77, 0xc2,
    0x8, 0x9c, 0x60, 0x42, 0x89, 0xc0, 0x1f, 0x7a,
    0xd4, 0x80, 0x7f, 0xc4, 0xbc, 0xe2, 0xe0, 0x1f,
    0xe9, 0x34, 0x8, 0x81, 0x0, 0x7e, 0x74, 0xe0,
    0x3, 0x9f, 0x88, 0x7, 0xa2, 0x14, 0x40, 0x16,
    0x9e, 0x88, 0x4, 0x78, 0xf4, 0xa0, 0x18, 0x70,
    0x7d, 0x80, 0x79, 0xb5, 0x40, 0x3c, 0x58, 0xf6,
    0x3, 0xb4, 0x40, 0x1f, 0x86, 0x74, 0x0,

    /* U+5929 "天" */
    0x1, 0x33, 0xff, 0xe0, 0x8, 0x1, 0xf3, 0x3f,
    0xf8, 0xa, 0x0, 0x6f, 0xfe, 0x37, 0xff, 0xe4,
    0x0, 0xff, 0xe6, 0xf8, 0x7, 0xe3, 0x44, 0xe3,
    0xd4, 0x4f, 0x0, 0x36, 0xef, 0x81, 0x6e, 0xfc,
    0x0, 0xef, 0xfd, 0x60, 0xd, 0xff, 0xe0, 0xf,
    0xb9, 0x11, 0x60, 0x1f, 0xf2, 0x2f, 0xcb, 0x20,
    0x7, 0xf1, 0x52, 0xa1, 0x3d, 0x10, 0x7, 0xc9,
    0x8b, 0x40, 0x8, 0x4c, 0x30, 0xc, 0x55, 0x6f,
    0x60, 0x1a, 0x9f, 0x24, 0x80, 0x75, 0xb2, 0x40,
    0x3d, 0x36, 0xba, 0x43, 0xd8, 0x60, 0x1f, 0x93,
    0x38, 0x80,

    /* U+592A "太" */
    0x0, 0xfa, 0xa8, 0x1, 0xff, 0xc3, 0x30, 0xf,
    0xfe, 0x10, 0x88, 0x3, 0xf1, 0x9f, 0x90, 0x8c,
    0xfc, 0x0, 0xcc, 0xf0, 0x2e, 0x67, 0x84, 0x3f,
    0xfb, 0x40, 0x17, 0xff, 0xc2, 0x1, 0xe7, 0x5,
    0xe0, 0xf, 0xfe, 0x7, 0xa4, 0xa8, 0x80, 0x7f,
    0x85, 0x78, 0xcd, 0x0, 0x1f, 0xeb, 0x25, 0x8,
    0x63, 0x0, 0xfc, 0xca, 0x2, 0x8, 0xba, 0x20,
    0x1e, 0x69, 0x86, 0xf2, 0xa, 0x3c, 0x10, 0x8,
    0xae, 0x64, 0xf6, 0xb8, 0x21, 0x81, 0xea, 0x3,
    0xaf, 0x8c, 0x0, 0xb2, 0x70, 0x1c, 0x4a, 0x31,
    0xec, 0x30, 0xd, 0x8c, 0x0, 0x1a, 0xe3,

    /* U+592E "央" */
    0x0, 0xf9, 0x78, 0x3, 0xfc, 0x67, 0xb0, 0x4c,
    0xf8, 0x3, 0x26, 0x66, 0x60, 0xcc, 0xda, 0x1,
    0xc3, 0xff, 0x50, 0xff, 0xd2, 0x1, 0xff, 0x18,
    0x7, 0xff, 0x8, 0xc0, 0x3f, 0xf8, 0x62, 0x20,
    0xf, 0xdd, 0x63, 0xdd, 0x41, 0xff, 0x72, 0x47,
    0x9c, 0x2a, 0xed, 0x55, 0x0, 0x6, 0xa9, 0x76,
    0xa5, 0x4, 0x4e, 0x20, 0xc1, 0x74, 0x4c, 0x40,
    0x1c, 0x93, 0x23, 0x7d, 0x10, 0xf, 0xcd, 0x6c,
    0xc0, 0x85, 0xc4, 0x0, 0xe5, 0xc9, 0x98, 0x2,
    0xb4, 0xba, 0x40, 0x6, 0xda, 0x73, 0x0, 0x74,
    0xe0, 0xdc, 0x87, 0xf4, 0x8, 0x7, 0xc7, 0x7d,
    0x20,

    /* U+5934 "头" */
    0x0, 0x8c, 0x80, 0x28, 0xb0, 0xf, 0xe4, 0xcc,
    0x20, 0x0, 0x40, 0x3f, 0x9f, 0x92, 0xc8, 0x40,
    0x3f, 0x9c, 0x82, 0x38, 0x80, 0xc0, 0x3e, 0x1e,
    0xda, 0x21, 0x3, 0x10, 0xf, 0x86, 0x78, 0x24,
    0x0, 0x3e, 0x1, 0xf0, 0x88, 0x2e, 0x44, 0x48,
    0x2, 0x3c, 0x3, 0xdd, 0xb7, 0xb8, 0x11, 0xdd,
    0xc4, 0x3f, 0xfe, 0x81, 0xff, 0xf1, 0x0, 0x7d,
    0x32, 0x40, 0xf, 0xfe, 0x5, 0x1a, 0xce, 0xa0,
    0x7, 0xe2, 0xb7, 0xf2, 0xdb, 0xab, 0x20, 0xc,
    0x73, 0xa3, 0x84, 0x0, 0x6f, 0x1d, 0x50, 0x6,
    0x69, 0xe5, 0x8, 0x6, 0x1a, 0x9e, 0x0, 0x6f,
    0x51, 0x80, 0x7e, 0x6b, 0x0,

    /* U+5939 "夹" */
    0x0, 0xfa, 0x6c, 0x3, 0xff, 0x84, 0x60, 0x1f,
    0xd3, 0xff, 0xca, 0x9f, 0xfd, 0x0, 0x8, 0xd8,
    0xdd, 0x90, 0xf7, 0x57, 0x1b, 0x20, 0x1, 0x2b,
    0x52, 0x20, 0xa9, 0x13, 0xf8, 0x84, 0x3, 0x4c,
    0x80, 0x2, 0x20, 0x45, 0x80, 0xf, 0x2a, 0x8,
    0x37, 0x6, 0x50, 0x80, 0x43, 0xff, 0x2f, 0x79,
    0x4f, 0xbd, 0xff, 0xc2, 0x2b, 0xbe, 0x60, 0x3,
    0x5d, 0xf0, 0x82, 0x27, 0x2a, 0xa1, 0x13, 0xc0,
    0x1e, 0x73, 0x87, 0xb, 0x0, 0xfe, 0x88, 0x51,
    0x6, 0x2e, 0x10, 0x6, 0x16, 0xe6, 0xb5, 0x0,
    0xf, 0xbe, 0xc9, 0x80, 0x3e, 0xe7, 0x90, 0x3,
    0xd, 0xd2, 0xf0, 0x3, 0xb5, 0xc0, 0x3f, 0x2e,
    0x68, 0x0,

    /* U+5957 "套" */
    0x0, 0xf9, 0xc4, 0x3, 0xff, 0x82, 0xf2, 0x20,
    0x1f, 0xbb, 0xff, 0x40, 0xff, 0xfb, 0x80, 0x1f,
    0xdc, 0xc0, 0x5e, 0xe4, 0x85, 0xf7, 0x3c, 0x0,
    0x22, 0x3d, 0x4a, 0x11, 0x34, 0xda, 0x8, 0x80,
    0x26, 0xd1, 0x4e, 0xed, 0x1, 0x74, 0x20, 0x5b,
    0x16, 0x35, 0xdd, 0xdf, 0x83, 0xc4, 0x48, 0xe4,
    0x1a, 0xee, 0xed, 0x2b, 0xc2, 0x5, 0x0, 0x9f,
    0x77, 0xb8, 0x0, 0x60, 0x1e, 0x6a, 0xae, 0xb0,
    0xe, 0x77, 0x80, 0x3, 0xdd, 0xbd, 0xde, 0x0,
    0x77, 0x4a, 0x2f, 0xdd, 0x6e, 0xbb, 0xa0, 0x4,
    0xca, 0x92, 0x3e, 0x66, 0xd4, 0xa9, 0x90, 0x4,
    0xf8, 0x7d, 0x57, 0x6c, 0xa1, 0xc3, 0x0, 0xe6,
    0xaf, 0xfa, 0x3b, 0x3e, 0x20, 0x1, 0x9e, 0x5d,
    0x95, 0xc, 0x84, 0x1e, 0xc0, 0x0,

    /* U+597D "好" */
    0x0, 0xff, 0xe3, 0x1f, 0x80, 0x62, 0x2e, 0x30,
    0xc, 0xc4, 0x1, 0x36, 0xef, 0x65, 0x80, 0xb,
    0x84, 0x8c, 0x5b, 0xff, 0x38, 0xc8, 0x2e, 0xa1,
    0xee, 0x60, 0x3, 0x3b, 0xb4, 0x81, 0x7c, 0x33,
    0xdd, 0x80, 0x24, 0x8d, 0x30, 0x8, 0xc4, 0xc0,
    0xc8, 0x2, 0x11, 0x10, 0x6, 0x45, 0x0, 0x2f,
    0xee, 0xd4, 0x3b, 0xb3, 0x4, 0x8, 0x18, 0xbc,
    0xcc, 0xc1, 0x33, 0x20, 0x22, 0xcc, 0x8c, 0x51,
    0x2c, 0x14, 0x48, 0x82, 0xf1, 0x96, 0x80, 0x3f,
    0xf8, 0x6, 0x60, 0x82, 0x0, 0xff, 0xa0, 0xf5,
    0x7c, 0x3, 0xf8, 0x69, 0xf0, 0xaf, 0x80, 0x44,
    0x60, 0x1c, 0x43, 0xa6, 0x0, 0x30, 0x9e, 0x96,
    0x0, 0xc7, 0x64, 0x1, 0xd1, 0xfe, 0x80, 0xc,

    /* U+5982 "如" */
    0x0, 0xff, 0xe3, 0x54, 0x80, 0x7f, 0xf0, 0x5b,
    0xc0, 0x24, 0x88, 0xe5, 0x2, 0x21, 0x98, 0x8c,
    0x4d, 0x7f, 0xe4, 0xf3, 0xdd, 0x5, 0x6e, 0x40,
    0x3b, 0xe5, 0x3, 0xf9, 0x3f, 0xf2, 0x70, 0x7,
    0xf6, 0x20, 0x1, 0x88, 0x3, 0xf9, 0x30, 0x4,
    0x9c, 0x3, 0xf1, 0x8a, 0x2, 0x9, 0x0, 0x7e,
    0x40, 0x80, 0xf7, 0x0, 0xfe, 0x7c, 0x6d, 0x5a,
    0x0, 0xff, 0x1f, 0x90, 0x8, 0x7, 0xfc, 0xc0,
    0x58, 0x40, 0xe8, 0x98, 0x2, 0x98, 0xbd, 0x57,
    0x2, 0xaa, 0x88, 0x1, 0xc9, 0x88, 0x16, 0xa0,
    0xbd, 0xd4, 0x10, 0x6e, 0x8c, 0x3, 0x3d, 0x0,
    0x4f, 0x0,

    /* U+59CB "始" */
    0x0, 0xa, 0x80, 0x79, 0x40, 0x3e, 0x58, 0x0,
    0xe6, 0xb0, 0xf, 0x89, 0x80, 0x3a, 0xe4, 0x3,
    0xc5, 0xa2, 0x46, 0x0, 0x63, 0x70, 0xd3, 0x0,
    0x26, 0xa2, 0xee, 0x10, 0xc5, 0x80, 0x2f, 0x80,
    0x9, 0xe1, 0xbe, 0x5, 0x68, 0xa0, 0x28, 0x52,
    0x0, 0x31, 0x22, 0xb, 0xaa, 0x77, 0xf6, 0x83,
    0x8, 0x2a, 0x3, 0x92, 0xc5, 0xee, 0xbb, 0xfc,
    0xa4, 0x17, 0xa1, 0x88, 0x4c, 0xe2, 0x6, 0x44,
    0xb3, 0x2, 0x82, 0x7c, 0x8, 0xdd, 0xf3, 0x0,
    0x3d, 0xf4, 0x50, 0x0, 0xff, 0xf9, 0x40, 0x34,
    0x0, 0x14, 0x3, 0xff, 0x81, 0x5, 0x34, 0x80,
    0x1f, 0xe8, 0x7f, 0x68, 0x60, 0x44, 0xe5, 0x0,
    0xa, 0x69, 0x3, 0x90, 0x1c, 0x46, 0x0, 0x87,
    0x8, 0x3, 0x4f, 0xe6, 0x6f, 0x70,

    /* U+5B50 "子" */
    0x0, 0xff, 0xe2, 0x37, 0xff, 0xfb, 0x0, 0x27,
    0xcc, 0xfc, 0xa1, 0x0, 0x10, 0x99, 0xfd, 0x4b,
    0x68, 0x1, 0xfc, 0x58, 0x9a, 0x80, 0x1f, 0xc9,
    0xab, 0xa4, 0x1, 0xfe, 0x10, 0x90, 0xf, 0x19,
    0xfb, 0x0, 0xcf, 0xc3, 0xb9, 0x9c, 0xc1, 0x99,
    0xe6, 0xef, 0xfe, 0xa1, 0xff, 0xf3, 0x80, 0x7f,
    0xf9, 0x4, 0x89, 0xa0, 0x1f, 0xf2, 0x6e, 0x99,
    0x80, 0x1f, 0xe5, 0xff, 0x74, 0x0, 0x7c,

    /* U+5B57 "字" */
    0x0, 0xf1, 0x48, 0x7, 0xff, 0x4, 0xdd, 0xc0,
    0x1f, 0x77, 0xfe, 0xe1, 0x8f, 0xfe, 0x40, 0x4,
    0xe6, 0x7f, 0x80, 0x40, 0x4, 0x67, 0xfe, 0x10,
    0x5, 0xaa, 0xbf, 0xff, 0x5, 0xa0, 0x28, 0xae,
    0xef, 0x30, 0x58, 0x28, 0x80, 0x62, 0x28, 0x78,
    0xb9, 0x0, 0x3f, 0xd8, 0xd6, 0x20, 0x18, 0xbf,
    0xfc, 0xb, 0xff, 0xd2, 0x59, 0x9e, 0x7, 0xcc,
    0xe8, 0x3, 0x3f, 0xe, 0x99, 0xf0, 0x80, 0x7f,
    0xf1, 0xc4, 0x88, 0x20, 0x1f, 0xf1, 0x6e, 0x89,
    0x0, 0x3f, 0xc7, 0xfe, 0xd1, 0x0, 0xf0,

    /* U+5B58 "存" */
    0x0, 0xf1, 0x0, 0x7f, 0xf0, 0x87, 0x4c, 0x3,
    0xf8, 0xcf, 0x58, 0x0, 0xcf, 0xe0, 0x6, 0x66,
    0x50, 0xcc, 0xfc, 0x0, 0xff, 0xa8, 0x3b, 0xff,
    0xf0, 0x7, 0x44, 0x4, 0xcf, 0xe0, 0xe, 0xb3,
    0x74, 0xdd, 0xec, 0xc0, 0x80, 0x4a, 0x92, 0x9,
    0xdd, 0x9c, 0xb4, 0x40, 0x9, 0x40, 0x80, 0x18,
    0x7c, 0xf0, 0x80, 0x9, 0x70, 0x0, 0x12, 0x29,
    0x2, 0x4c, 0x88, 0x9, 0x6e, 0x0, 0x8d, 0xda,
    0x83, 0x37, 0x64, 0x4, 0x0, 0xa7, 0xfe, 0xc0,
    0xff, 0xc8, 0x1, 0xff, 0xcb, 0x11, 0x38, 0x7,
    0xff, 0x6, 0x3a, 0xd4, 0x3, 0xf7, 0x98, 0x2,
    0x7f, 0xd4, 0x1, 0xc0,

    /* U+5B66 "学" */
    0x0, 0x9, 0x80, 0xe, 0x0, 0x32, 0x10, 0x4,
    0xba, 0x40, 0x4c, 0x80, 0x2, 0xb7, 0x0, 0x91,
    0x16, 0x2, 0xdc, 0x0, 0xf7, 0x50, 0x7, 0x7a,
    0xb7, 0xf9, 0xd7, 0xfc, 0x4f, 0xfa, 0x0, 0xad,
    0xdf, 0xf4, 0x80, 0x4c, 0x45, 0xfe, 0x30, 0x6,
    0x9c, 0xff, 0xfe, 0x24, 0xe0, 0x30, 0x9f, 0xfd,
    0xa8, 0x38, 0x42, 0x60, 0x1f, 0x66, 0x9f, 0x18,
    0x6, 0x33, 0xf9, 0xec, 0xcf, 0x12, 0xe6, 0x78,
    0x1f, 0x33, 0xb9, 0x7f, 0xfc, 0x37, 0xff, 0xd8,
    0x1, 0xff, 0xc7, 0x11, 0xc0, 0x1f, 0xf4, 0x77,
    0xd, 0x40, 0x3f, 0xd3, 0xfe, 0xc1, 0x0, 0xf0,

    /* U+5B8C "完" */
    0x0, 0xf1, 0xd0, 0x7, 0xff, 0x8, 0x95, 0x40,
    0x1f, 0xaf, 0x77, 0x60, 0x56, 0xef, 0x20, 0x1,
    0x55, 0x11, 0xaa, 0x91, 0x18, 0x84, 0x2, 0xc5,
    0x5f, 0xf0, 0x80, 0x48, 0xf3, 0xff, 0xf8, 0x51,
    0x80, 0x14, 0x71, 0xbb, 0xf8, 0x68, 0xc0, 0x30,
    0x91, 0x7e, 0x0, 0xc3, 0x77, 0xfb, 0x2e, 0xf8,
    0x45, 0xbb, 0x62, 0x1e, 0xe1, 0x96, 0xee, 0x10,
    0x66, 0x90, 0x21, 0x9c, 0x29, 0x9b, 0x0, 0x72,
    0x90, 0x7, 0xff, 0xa, 0xe8, 0x3, 0xe2, 0xe3,
    0x0, 0x26, 0x8b, 0x80, 0x66, 0x11, 0x20, 0x8d,
    0xd3, 0x58, 0x1, 0x96, 0xbb, 0x92, 0x84, 0x39,
    0xae, 0x1, 0xd5, 0xff, 0xac, 0x0,

    /* U+5B98 "官" */
    0x0, 0xf3, 0x10, 0x7, 0xff, 0x3, 0x20, 0x3,
    0xdd, 0xff, 0xca, 0xaf, 0xfe, 0xd0, 0x9c, 0xcf,
    0xf4, 0x19, 0x88, 0x5c, 0x47, 0xe2, 0x2b, 0x53,
    0xaf, 0x33, 0xda, 0xeb, 0x80, 0x7, 0x77, 0x77,
    0x88, 0x3, 0xc4, 0x5f, 0x0, 0x79, 0xd7, 0x77,
    0xc4, 0x60, 0x19, 0xdd, 0xff, 0xf2, 0x80, 0x73,
    0xff, 0xfe, 0x40, 0xc, 0xbb, 0xbe, 0xa0, 0xf,
    0x11, 0x7c, 0x20, 0x1e, 0x7c, 0xcf, 0x58, 0x7,
    0x8a, 0x67, 0xce, 0x1, 0x0,

    /* U+5B9A "定" */
    0x0, 0xfa, 0x48, 0x3, 0xff, 0x82, 0x50, 0x1,
    0xf6, 0x6e, 0xf2, 0x2e, 0xef, 0x20, 0x15, 0x4c,
    0xeb, 0xb4, 0xce, 0x21, 0x0, 0x1a, 0x27, 0xf8,
    0x40, 0xe, 0xcb, 0x11, 0xf9, 0x5d, 0x82, 0x48,
    0xc8, 0xa7, 0x71, 0x16, 0x93, 0x0, 0x9e, 0xaa,
    0x56, 0xaa, 0x9c, 0x3, 0xa2, 0xc0, 0x3f, 0xf8,
    0x2a, 0x60, 0x13, 0x7f, 0xe5, 0x0, 0x84, 0xd4,
    0x2, 0x3c, 0xcc, 0x80, 0x13, 0x81, 0x10, 0x0,
    0xa6, 0x78, 0x40, 0x28, 0x8b, 0xc, 0x3, 0xfa,
    0x8d, 0xdc, 0xd8, 0xac, 0x86, 0x7c, 0xa9, 0xe0,
    0x8, 0xc6, 0x2a, 0xcc, 0xd2, 0xbe, 0x40, 0x11,
    0xce, 0xf7, 0xfe, 0xa0,

    /* U+5B9E "实" */
    0x0, 0xf4, 0x98, 0x7, 0xff, 0x0, 0xfc, 0x3,
    0xcf, 0xbb, 0xca, 0x7b, 0xbc, 0xfc, 0xd3, 0x3a,
    0xed, 0x33, 0x87, 0x80, 0x50, 0xd9, 0x11, 0xce,
    0x89, 0x30, 0x57, 0x0, 0x35, 0xc1, 0x40, 0x37,
    0x51, 0xa8, 0xbe, 0x8, 0x80, 0x40, 0x24, 0x30,
    0x6e, 0x53, 0x63, 0x3, 0x0, 0xf3, 0xd5, 0xc,
    0x18, 0x4, 0x3, 0x84, 0x49, 0x64, 0x3a, 0x42,
    0x3e, 0xce, 0xe5, 0xf7, 0x18, 0xbb, 0xbb, 0xf7,
    0xff, 0x40, 0xf4, 0xf7, 0xfd, 0xc0, 0x1a, 0x21,
    0x41, 0x9d, 0x24, 0x1, 0xb, 0xeb, 0x5a, 0xd,
    0x68, 0x6c, 0x8b, 0x75, 0xdb, 0x90, 0x2, 0x29,
    0xd5, 0xb6, 0xec, 0x60, 0xf, 0x8b, 0x28,

    /* U+5BAB "宫" */
    0x0, 0xe4, 0x80, 0xf, 0xfe, 0x3, 0x3a, 0x0,
    0x7b, 0x37, 0x77, 0x85, 0xee, 0xf2, 0x12, 0xc4,
    0x6a, 0xa4, 0x46, 0x21, 0xd, 0x54, 0x4f, 0xca,
    0x21, 0x2f, 0xdd, 0xfc, 0x8c, 0xee, 0x20, 0xcf,
    0xff, 0x8, 0x41, 0x0, 0x4e, 0x1, 0xff, 0xc1,
    0xbf, 0xff, 0xb, 0x80, 0x6e, 0xff, 0xfc, 0x60,
    0x13, 0x7f, 0xff, 0xa4, 0x2, 0xae, 0xef, 0xc4,
    0x1, 0x84, 0x7f, 0x80, 0x30, 0x99, 0x17, 0xf0,
    0x5, 0xf1, 0x99, 0xf8, 0x3, 0x47, 0xf7, 0x7e,
    0xf9, 0x0,

    /* U+5BB6 "家" */
    0x0, 0xf0, 0xb0, 0x7, 0xff, 0x8, 0xe5, 0x40,
    0x3f, 0x77, 0xfe, 0xd0, 0xaf, 0xfe, 0x50, 0xa,
    0xbb, 0xbf, 0xc2, 0x1, 0x84, 0xcf, 0xf8, 0x40,
    0x35, 0x2f, 0xe6, 0x37, 0x6c, 0xc9, 0x69, 0x0,
    0x8, 0x3b, 0x8e, 0x11, 0xfd, 0xcf, 0x14, 0x10,
    0x9, 0x6b, 0x3a, 0x28, 0x0, 0x59, 0xe0, 0x1a,
    0x7b, 0x39, 0xfc, 0xa5, 0xb6, 0xac, 0x3, 0x4d,
    0xa4, 0x70, 0x63, 0x58, 0x28, 0x7, 0x36, 0x63,
    0xfd, 0x30, 0x12, 0xf0, 0x1, 0xc5, 0x1c, 0xed,
    0xf8, 0x65, 0x28, 0xc0, 0x19, 0x1e, 0x7b, 0x9e,
    0xe4, 0x63, 0xb2, 0xe0, 0x16, 0xe8, 0x7e, 0x1,
    0x85, 0x0, 0xee, 0x68, 0x1, 0xfd, 0x3, 0x7d,
    0x12, 0x20, 0x4, 0xeb, 0x0, 0x10, 0x5, 0x5f,
    0xcc, 0x1, 0xc2, 0x0,

    /* U+5BB9 "容" */
    0x0, 0xf9, 0x84, 0x3, 0xff, 0x83, 0x72, 0x1,
    0xf6, 0xff, 0xf1, 0x3f, 0xff, 0x20, 0x1c, 0xee,
    0xff, 0x84, 0x40, 0x64, 0x45, 0xf2, 0x29, 0x64,
    0x8, 0xc4, 0x35, 0x22, 0x7c, 0x15, 0x4e, 0x78,
    0xba, 0x80, 0x7a, 0xb8, 0x47, 0x54, 0x8, 0xaa,
    0x38, 0x1, 0xd7, 0x49, 0x32, 0x52, 0xc5, 0x30,
    0x2, 0x48, 0x8, 0xba, 0x6b, 0x1f, 0x33, 0x38,
    0x4, 0x7a, 0xf6, 0x82, 0x2b, 0x9c, 0xb2, 0x3,
    0xcc, 0x10, 0x5f, 0x76, 0x80, 0x4d, 0x92, 0x5d,
    0x57, 0xff, 0xf0, 0x5e, 0x50, 0xc9, 0x0, 0x7f,
    0x8c, 0xc0, 0x18, 0x84, 0x7c, 0x1, 0xf9, 0x7b,
    0xbc, 0x1, 0xf5, 0x7f, 0xfe, 0x40, 0x0,

    /* U+5BBD "宽" */
    0x0, 0xf9, 0xc8, 0x3, 0xff, 0x85, 0x52, 0x1,
    0xfb, 0xbf, 0xf8, 0x93, 0xff, 0xb8, 0x2, 0xcf,
    0xf6, 0x77, 0xfb, 0xb7, 0xfd, 0x60, 0x11, 0x81,
    0x13, 0x18, 0x89, 0x3a, 0x44, 0x2, 0x0, 0x68,
    0xff, 0x82, 0x3f, 0xce, 0x1f, 0xe0, 0xc0, 0x8,
    0xb7, 0x43, 0x5b, 0xa9, 0x2d, 0xd2, 0x0, 0x76,
    0xf0, 0x5f, 0x72, 0xf, 0xac, 0x3, 0xc7, 0x19,
    0x88, 0xdc, 0xc3, 0x30, 0x3, 0xe2, 0x21, 0xc8,
    0x11, 0x38, 0x3, 0xfc, 0x60, 0xc4, 0x1, 0xff,
    0xc0, 0xa1, 0x98, 0x0, 0xc8, 0x20, 0x16, 0x23,
    0x3d, 0x80, 0x4d, 0xa1, 0xee, 0x0, 0x14, 0xd8,
    0xb5, 0x1, 0x1c, 0x4a, 0xa2, 0xce, 0xab, 0xe4,
    0xa, 0x5e, 0xeb, 0x54, 0xca, 0x3b, 0x18, 0x2,
    0x6e, 0xff, 0xd6, 0x0,

    /* U+5BC4 "寄" */
    0x0, 0xf2, 0x90, 0x7, 0xc2, 0x3e, 0x88, 0x8,
    0xf8, 0x3f, 0xbb, 0x89, 0x7b, 0xbc, 0x0, 0xcf,
    0xfc, 0xd3, 0xff, 0xb0, 0x0, 0x8d, 0xff, 0x9a,
    0x7f, 0xf3, 0x20, 0x52, 0xff, 0xce, 0xd, 0x7f,
    0xf2, 0xd8, 0x6, 0x4a, 0x6a, 0xe9, 0xd8, 0x10,
    0xc, 0xff, 0x1b, 0xca, 0xfb, 0xc3, 0xe2, 0x0,
    0xf8, 0x3, 0x8f, 0xfd, 0x8c, 0x3d, 0xe7, 0xdd,
    0xfe, 0xa0, 0xee, 0x18, 0xaf, 0x77, 0x88, 0x47,
    0x80, 0x21, 0xff, 0xc2, 0x1, 0xfe, 0x11, 0xc0,
    0x1f, 0xe1, 0xcc, 0xc6, 0x0, 0x10, 0xe, 0x66,
    0x6e, 0xf4, 0x7d, 0x38, 0x6, 0x29, 0x0, 0xeb,
    0xff, 0x48, 0x4,

    /* U+5BCC "富" */
    0x0, 0xe2, 0x60, 0xf, 0x84, 0x7d, 0x2c, 0x23,
    0xc1, 0xfd, 0xdb, 0x2, 0x7b, 0xb9, 0x42, 0xff,
    0xff, 0xc2, 0x0, 0x7c, 0xdd, 0xfc, 0x86, 0x3c,
    0x7d, 0xff, 0xf9, 0x35, 0x0, 0x19, 0xd3, 0x3e,
    0xd3, 0x0, 0xe8, 0xbb, 0xf0, 0x7, 0x96, 0x77,
    0x7c, 0x42, 0x1, 0x26, 0xdd, 0xfe, 0x45, 0x0,
    0x77, 0xf7, 0x53, 0xbd, 0xd5, 0xc8, 0x5, 0xb3,
    0x30, 0x7c, 0xcc, 0x20, 0x10, 0xde, 0xec, 0x17,
    0xbb, 0x18, 0x4, 0x2f, 0x33, 0x3, 0xcc, 0xc2,
    0x1, 0xa, 0x66, 0x4c, 0x39, 0x90, 0x80, 0x57,
    0x93, 0x3f, 0xbf, 0x0,

    /* U+5BF8 "寸" */
    0x0, 0xff, 0x72, 0x80, 0x7f, 0xf4, 0x84, 0xc0,
    0x31, 0xff, 0xff, 0x4, 0xff, 0xc4, 0x7b, 0xbf,
    0xc0, 0xfb, 0xb1, 0x1, 0x10, 0xc8, 0xbc, 0x3a,
    0x45, 0x0, 0x45, 0xca, 0x1, 0xff, 0xc1, 0x2a,
    0xa1, 0x80, 0x7f, 0xf0, 0x55, 0xb4, 0x3, 0xff,
    0x85, 0x20, 0xc0, 0x1f, 0xfc, 0x2f, 0x60, 0xf,
    0xfe, 0x10, 0x80, 0x7f, 0xf1, 0xd, 0x12, 0x10,
    0xf, 0xf9, 0x6e, 0xe4, 0x40, 0x7, 0xf9, 0xbf,
    0xeb, 0x10, 0xc,

    /* U+5BF9 "对" */
    0x0, 0xff, 0xe0, 0x72, 0x0, 0x46, 0x7c, 0x80,
    0x1f, 0xe9, 0x88, 0xd6, 0x40, 0x1f, 0xd5, 0x77,
    0x50, 0x3e, 0x66, 0x1b, 0xc2, 0x0, 0xe2, 0x23,
    0xcc, 0xe0, 0x69, 0x30, 0x4e, 0x20, 0xb4, 0x25,
    0x5c, 0x3a, 0xa2, 0x8, 0xd8, 0x49, 0x81, 0x84,
    0x1, 0xfa, 0x1b, 0x4d, 0x1, 0x24, 0x3, 0xfa,
    0x0, 0x2, 0x10, 0x88, 0x0, 0xfc, 0x40, 0xa,
    0x0, 0x31, 0x0, 0x7e, 0x95, 0xe4, 0x50, 0x96,
    0x0, 0xfa, 0x16, 0xc6, 0xcc, 0x3, 0xfa, 0x1e,
    0x84, 0x15, 0x80, 0x4c, 0xc2, 0x1, 0x8f, 0x10,
    0x3, 0x8b, 0x30, 0x68, 0x1, 0x59, 0x80, 0x78,
    0xff, 0xd8, 0x1, 0x0,

    /* U+5BFC "导" */
    0xf, 0xff, 0xfa, 0x0, 0x25, 0x57, 0xff, 0xe5,
    0x0, 0xe1, 0x1f, 0xe0, 0xe, 0x74, 0xee, 0xfc,
    0xa0, 0x19, 0xd7, 0xff, 0xfa, 0x58, 0x0, 0x4e,
    0x42, 0x3f, 0xa6, 0x0, 0x12, 0xff, 0xfe, 0xee,
    0x7a, 0xd8, 0x0, 0x6b, 0x7b, 0xba, 0xc7, 0xb5,
    0x42, 0x7b, 0xbf, 0x58, 0xf7, 0x4d, 0x75, 0x67,
    0x75, 0x59, 0xc2, 0xaa, 0x72, 0x45, 0x78, 0x54,
    0x4b, 0x5, 0x12, 0x10, 0xa, 0x9b, 0x40, 0x3f,
    0xf8, 0x35, 0x60, 0x10, 0x80, 0x7f, 0xb, 0x97,
    0xfa, 0x9c, 0x3, 0xfc, 0x5f, 0xf4, 0x80, 0x60,

    /* U+5C01 "封" */
    0x0, 0x8b, 0xc0, 0x3e, 0x4e, 0x0, 0x84, 0x98,
    0xc, 0x84, 0x3, 0xfa, 0xb6, 0xc3, 0x36, 0x0,
    0x3f, 0xaf, 0xf4, 0x3f, 0xd2, 0xb1, 0x18, 0x60,
    0xc0, 0x3f, 0x84, 0x70, 0xb, 0xa7, 0xfb, 0x43,
    0xfe, 0x59, 0x9c, 0x32, 0x88, 0xee, 0x60, 0xef,
    0x70, 0x30, 0xc0, 0x3c, 0x23, 0x88, 0x44, 0x9,
    0x0, 0x1e, 0xde, 0xd0, 0xfe, 0xb0, 0x94, 0x30,
    0xe, 0xfc, 0xb0, 0xcc, 0x48, 0xb, 0xb8, 0x3,
    0x88, 0x8c, 0x6, 0x44, 0x0, 0x42, 0x0, 0x78,
    0x5c, 0x26, 0xf4, 0xc0, 0x3e, 0x4f, 0xea, 0x0,
    0x6c, 0x98, 0x11, 0x40, 0x12, 0xe7, 0x7f, 0xa5,
    0x90, 0x1, 0x1b, 0x12, 0x0,

    /* U+5C04 "射" */
    0x0, 0xff, 0xe3, 0x8f, 0x90, 0x7, 0xb5, 0x0,
    0x21, 0xde, 0xf, 0xf2, 0x0, 0x7f, 0x8b, 0xb9,
    0x82, 0x1, 0xff, 0xc0, 0x33, 0x80, 0xea, 0xb1,
    0x5d, 0x0, 0x6e, 0xe8, 0x40, 0x3c, 0x20, 0x1d,
    0x99, 0x11, 0xd5, 0x62, 0xaa, 0x0, 0x6e, 0xe8,
    0x81, 0xe0, 0x3, 0xfb, 0xba, 0x20, 0x66, 0x10,
    0x7, 0x1f, 0x7, 0x73, 0xc8, 0x5, 0xa4, 0x3,
    0x8f, 0x31, 0xa8, 0x1, 0xa5, 0xc0, 0x3c, 0x66,
    0xb7, 0xe2, 0x0, 0xe, 0x0, 0x78, 0xb1, 0x30,
    0x40, 0x3f, 0xc7, 0xa9, 0x82, 0x1, 0xc2, 0x20,
    0xc, 0x7d, 0x1, 0x9e, 0xa, 0x3, 0xdc, 0x15,
    0x0, 0x84, 0x1, 0x9f, 0xa2, 0x3, 0xfe, 0xc1,
    0x0, 0x0,

    /* U+5C06 "将" */
    0x0, 0xff, 0xe3, 0x9f, 0x0, 0x69, 0xd1, 0x0,
    0xff, 0x86, 0x98, 0xbb, 0xfd, 0x60, 0xd, 0x50,
    0x9, 0xfc, 0xff, 0xeb, 0x8, 0x0, 0x75, 0x58,
    0x5, 0xe3, 0x83, 0x15, 0x66, 0x0, 0x3a, 0x20,
    0x3, 0x8c, 0x17, 0x26, 0x20, 0x6, 0x59, 0x0,
    0x2c, 0xf1, 0x56, 0x49, 0x80, 0x73, 0x88, 0x7f,
    0x66, 0x14, 0x15, 0xc0, 0x30, 0xd8, 0x2b, 0xd7,
    0xee, 0xc3, 0x7a, 0x40, 0x58, 0x42, 0x93, 0x13,
    0x38, 0x1e, 0x48, 0x71, 0x78, 0x5, 0x6c, 0x91,
    0x21, 0xc4, 0x1, 0xa8, 0x0, 0x86, 0xa4, 0xc0,
    0x3e, 0x40, 0xe, 0x47, 0xa0, 0xf, 0xfe, 0x14,
    0x48, 0x8c, 0x1, 0xff, 0xc0, 0x2e, 0xe1, 0x28,
    0x7, 0x1f, 0x0, 0x62, 0xff, 0x68, 0x80, 0x0,

    /* U+5C0F "小" */
    0x0, 0xf9, 0xb8, 0x3, 0xff, 0xbc, 0x64, 0x1,
    0xe1, 0x40, 0xf, 0x7d, 0x80, 0x78, 0xac, 0xc0,
    0x30, 0x9e, 0x80, 0x78, 0xd7, 0xc0, 0x33, 0x82,
    0x0, 0x7d, 0x6, 0x80, 0x15, 0xb0, 0x7, 0xe2,
    0x58, 0x0, 0x21, 0x58, 0x7, 0xf4, 0x99, 0x82,
    0x54, 0x80, 0x3f, 0x8c, 0xa8, 0x2e, 0xc0, 0x1f,
    0xf5, 0x78, 0x30, 0x80, 0x7f, 0xce, 0xc0, 0x18,
    0x4c, 0xdc, 0x1, 0xff, 0xc0, 0x3c, 0xc3, 0x48,
    0x7, 0xfc, 0x5f, 0xee, 0x70, 0xf, 0x80,

    /* U+5C11 "少" */
    0x0, 0xfb, 0x90, 0x3, 0xff, 0x9c, 0x64, 0x1,
    0xe3, 0x20, 0xf, 0x6a, 0x0, 0x7a, 0xf8, 0x3,
    0x94, 0x18, 0x3, 0xd0, 0x2c, 0x1, 0xa2, 0x0,
    0x1f, 0xa6, 0x42, 0x0, 0x70, 0x60, 0xf, 0xc8,
    0x8b, 0x1, 0x9e, 0x0, 0xff, 0x4b, 0x0, 0xf1,
    0x80, 0x7e, 0x28, 0x2c, 0x0, 0xfc, 0x4e, 0x3,
    0xe2, 0x1, 0xfe, 0xc3, 0x37, 0xb4, 0x80, 0x7f,
    0x8a, 0x71, 0xac, 0x3, 0xf1, 0x36, 0x69, 0x6c,
    0x0, 0x71, 0xce, 0x76, 0xd5, 0xf5, 0x90, 0x7,
    0x88, 0x2e, 0xbf, 0x1c, 0x40, 0x3f, 0x0,

    /* U+5C31 "就" */
    0x0, 0xff, 0xe3, 0x9f, 0x0, 0x72, 0xe8, 0x10,
    0x4, 0x88, 0x71, 0xa4, 0x40, 0x4, 0x27, 0xe2,
    0x3, 0x33, 0xb, 0xcc, 0x88, 0x2, 0x3b, 0xa0,
    0x1d, 0xdb, 0xb7, 0x63, 0x36, 0x11, 0xaf, 0x8,
    0x27, 0xff, 0x43, 0x6b, 0xe, 0xea, 0xd0, 0x0,
    0x7f, 0xf2, 0x83, 0xf3, 0xbb, 0xba, 0x50, 0x0,
    0x99, 0xc2, 0x1, 0x11, 0xd0, 0x6, 0x71, 0xfc,
    0xd7, 0xe0, 0x2, 0x1b, 0x0, 0x63, 0xfc, 0x1d,
    0x96, 0x1, 0x16, 0x80, 0x7b, 0x4, 0x1, 0x6,
    0x8, 0x60, 0x1e, 0x44, 0x8, 0x2, 0xe4, 0x26,
    0x80, 0x3d, 0x1c, 0x1, 0x3e, 0xa1, 0x30, 0x4,
    0x72, 0xa, 0xa0, 0x8, 0x5a, 0xa8, 0x1, 0x9c,
    0xc2, 0x4b, 0xcc, 0x82, 0xe5, 0x1, 0xb, 0xab,
    0xc0, 0x5, 0xfa, 0x21, 0x4e, 0x0, 0x1e, 0xe9,
    0x40,

    /* U+5C3A "尺" */
    0x0, 0x27, 0xff, 0xfb, 0x80, 0x3d, 0x99, 0xfa,
    0x0, 0x3e, 0x33, 0xfc, 0x40, 0x1f, 0xfd, 0xb5,
    0x5f, 0xd8, 0x1, 0xc2, 0x11, 0x1a, 0xa9, 0x10,
    0x45, 0x0, 0xc6, 0x5b, 0xb9, 0xd3, 0x76, 0xb0,
    0xd, 0xcc, 0x1, 0xad, 0x4, 0x3, 0xe3, 0x20,
    0xc, 0x69, 0x60, 0x1f, 0x26, 0x80, 0x74, 0x2a,
    0x0, 0x72, 0x82, 0x0, 0x71, 0xbd, 0x98, 0x6,
    0x95, 0x0, 0xfa, 0x1b, 0x1c, 0x0, 0xa7, 0x0,
    0x1f, 0xa6, 0x6e, 0x25, 0xc2, 0x0, 0xfe, 0x6e,
    0xa2,

    /* U+5C40 "局" */
    0x0, 0x47, 0xff, 0xf9, 0x0, 0x32, 0xff, 0xfe,
    0x10, 0xf, 0xfe, 0x42, 0x27, 0xf0, 0x80, 0x61,
    0x17, 0xff, 0xe4, 0x70, 0xc, 0xb5, 0x5f, 0xc2,
    0x20, 0x1, 0xaf, 0x77, 0xf6, 0xc0, 0x1, 0xa7,
    0xff, 0xf8, 0x84, 0x0, 0x44, 0x1f, 0xff, 0x0,
    0xf, 0xc0, 0x85, 0xc, 0x3f, 0xee, 0x0, 0x84,
    0x40, 0xa6, 0x1, 0xff, 0x18, 0x55, 0x80, 0x5b,
    0xb6, 0x0, 0x8, 0x19, 0x49, 0x80, 0x2f, 0xfd,
    0x62, 0xa0, 0x4b, 0x62, 0x5, 0xc4, 0x5b, 0x7a,
    0x18, 0x40,

    /* U+5C42 "层" */
    0x0, 0x6f, 0xff, 0xfc, 0x60, 0x1a, 0x3f, 0xff,
    0x80, 0x3c, 0x20, 0x1f, 0xfc, 0x39, 0xff, 0xfe,
    0x0, 0xf4, 0x77, 0x7f, 0x8c, 0x3, 0x10, 0x99,
    0xff, 0x0, 0x78, 0x77, 0x7f, 0x80, 0x31, 0x8,
    0xbf, 0xff, 0x80, 0x3d, 0x99, 0x7f, 0x66, 0x78,
    0x40, 0x81, 0x62, 0x14, 0xb, 0x10, 0x99, 0x44,
    0x4, 0x10, 0x85, 0x11, 0xa9, 0x68, 0x8e, 0xc4,
    0x40, 0x3, 0x10, 0x0, 0xeb, 0x40, 0x14, 0xb2,
    0x0, 0x5, 0x74, 0x1e, 0x16, 0x2a, 0xf3, 0xc2,
    0xc0, 0x4, 0x88, 0xe, 0x33, 0x76, 0x74, 0x7e,
    0x92, 0x81, 0xd8, 0x2, 0x72, 0x1d, 0x95, 0x8,
    0x9a, 0xa0,

    /* U+5C45 "居" */
    0x0, 0x5f, 0xff, 0xfc, 0x1, 0xcd, 0xdd, 0xfa,
    0x80, 0x3c, 0x23, 0xfc, 0x1, 0xf3, 0xdd, 0xfe,
    0x80, 0xf, 0x17, 0x76, 0x34, 0xee, 0x45, 0x0,
    0x75, 0x2a, 0xec, 0x15, 0x5c, 0x1, 0xd1, 0xff,
    0xac, 0x7f, 0xf8, 0x40, 0xf, 0x1b, 0xba, 0x43,
    0x77, 0x84, 0x0, 0x46, 0x45, 0xc2, 0x45, 0xc0,
    0x10, 0xb1, 0xf7, 0x56, 0x3d, 0xd4, 0x80, 0x46,
    0x24, 0xe1, 0x98, 0xdd, 0x66, 0x10, 0xc0, 0x24,
    0x40, 0x4, 0x45, 0xe3, 0x0, 0xd5, 0xe0, 0x1,
    0x22, 0xf8, 0x2, 0x40, 0x50, 0xb, 0x33, 0xc8,
    0x1, 0x26, 0x80, 0x13, 0xfb, 0xbd, 0xf4, 0x0,

    /* U+5C4F "屏" */
    0x0, 0x67, 0xff, 0xfc, 0xa0, 0x1a, 0x3f, 0xff,
    0x80, 0x3c, 0x20, 0x1f, 0xfc, 0x39, 0xff, 0xfe,
    0x0, 0xf4, 0x77, 0x13, 0x3b, 0xaa, 0x4e, 0x50,
    0xc, 0x23, 0x1a, 0x8, 0xd1, 0xa2, 0x1, 0x84,
    0x2f, 0xde, 0x3f, 0xe2, 0x9f, 0xb0, 0xc, 0x77,
    0xd4, 0x1d, 0xcd, 0xc, 0xeb, 0x0, 0x89, 0x80,
    0x47, 0x8c, 0x4, 0x40, 0x10, 0x80, 0xa2, 0x34,
    0x51, 0x20, 0x44, 0x80, 0xa, 0x21, 0x10, 0x60,
    0x88, 0x82, 0x22, 0x20, 0xc5, 0x2c, 0xe1, 0xac,
    0xc8, 0x33, 0x22, 0x7, 0xe0, 0x4c, 0x45, 0x0,
    0xfc, 0x66, 0x51, 0x98, 0xa0, 0xf, 0xe3, 0xc0,
    0x1d, 0x60, 0xc, 0x3e, 0x40, 0x10,

    /* U+5C55 "展" */
    0x0, 0x5f, 0xff, 0xfc, 0x80, 0x19, 0xff, 0xff,
    0x84, 0x3, 0xff, 0x92, 0xff, 0xff, 0xc2, 0x1,
    0xcf, 0xdc, 0x99, 0x77, 0x31, 0xbb, 0x88, 0x1,
    0xbc, 0x1, 0x98, 0x0, 0x33, 0x0, 0x3c, 0xe1,
    0xfc, 0xaa, 0xee, 0x50, 0x77, 0x24, 0x2, 0x11,
    0x77, 0xbb, 0xbf, 0xd8, 0x3f, 0xe9, 0x0, 0x8c,
    0x5d, 0xfa, 0x20, 0x2e, 0xf1, 0x0, 0x4, 0x5f,
    0x0, 0xd6, 0xe4, 0xdf, 0x9e, 0x0, 0x30, 0x68,
    0x58, 0x9c, 0x3e, 0x82, 0x69, 0x20, 0x43, 0x0,
    0xf7, 0x47, 0x16, 0x88, 0x2, 0xac, 0x0, 0xda,
    0xd5, 0xda, 0x48, 0x60, 0x3, 0x27, 0x3, 0x32,
    0xe6, 0x38, 0xb5, 0x37, 0x88, 0xf4, 0x0, 0x79,
    0xf4, 0xc4, 0x0, 0x8e, 0xd2,

    /* U+5C5E "属" */
    0x0, 0x5f, 0xff, 0xfc, 0xa0, 0x14, 0x7f, 0xff,
    0x10, 0x6, 0xe2, 0x2f, 0xe0, 0xe, 0x6f, 0xff,
    0xe0, 0x10, 0xa, 0x3e, 0xea, 0x88, 0x4c, 0x21,
    0x28, 0x1, 0x8c, 0x8, 0x9c, 0x13, 0x9a, 0x80,
    0x13, 0x89, 0xdc, 0xca, 0x3, 0xb3, 0x20, 0x8,
    0x4c, 0xf, 0x31, 0xa3, 0x98, 0xf2, 0x0, 0x89,
    0x80, 0xf3, 0x1a, 0x39, 0x8f, 0x20, 0x0, 0x81,
    0x13, 0x73, 0x20, 0xcc, 0xb4, 0x0, 0x84, 0x3b,
    0xbb, 0x3, 0x76, 0xeb, 0xc, 0x40, 0x4, 0xee,
    0xc3, 0xad, 0x8e, 0x22, 0x6a, 0x0, 0xb7, 0xb4,
    0x71, 0x68, 0x0, 0x6c, 0x60, 0x16, 0xf7, 0xfb,
    0x39, 0x97, 0x0,

    /* U+5C71 "山" */
    0x0, 0xf6, 0xb0, 0x7, 0xff, 0x58, 0xf8, 0x3,
    0xfd, 0xc8, 0xe2, 0x1, 0xfe, 0x10, 0xf, 0xff,
    0xf8, 0x7, 0xff, 0x3b, 0xff, 0x14, 0xff, 0xe0,
    0x2, 0x66, 0x7f, 0xc0, 0x0,

    /* U+5CF0 "峰" */
    0x0, 0xfc, 0x20, 0x1f, 0xb8, 0x3, 0xb9, 0x0,
    0x3f, 0xf8, 0x1e, 0x11, 0x9d, 0xe0, 0xd, 0x0,
    0xb4, 0x24, 0x17, 0x30, 0xb2, 0x0, 0x31, 0x0,
    0x1c, 0xa6, 0xa3, 0xd0, 0x30, 0x7, 0xd1, 0xa5,
    0x50, 0xb4, 0x1, 0xf8, 0x45, 0x14, 0xc7, 0xee,
    0x40, 0x1e, 0x9e, 0x2c, 0xe, 0xbb, 0x78, 0x7,
    0xad, 0xce, 0xdb, 0xf1, 0x7c, 0x3, 0xc5, 0xbf,
    0xe0, 0x7f, 0xf1, 0x80, 0x7c, 0x7d, 0xc0, 0x6e,
    0xe0, 0x7, 0xf7, 0xf8, 0x1f, 0xfc, 0x0, 0x1b,
    0x1d, 0x12, 0x21, 0x98, 0xc, 0xe2, 0xe, 0xbf,
    0xdb, 0x0, 0xff, 0x8, 0x80, 0x8, 0x48, 0x90,
    0xe2, 0x20, 0xc0,

    /* U+5D4C "嵌" */
    0x2, 0xf0, 0xd, 0x52, 0x1, 0xbc, 0xc0, 0x3f,
    0xf9, 0x1f, 0xf9, 0x5b, 0xff, 0x0, 0x62, 0x7e,
    0xff, 0x3f, 0x7b, 0xcf, 0xfc, 0x60, 0x13, 0x98,
    0x1, 0xcc, 0x1b, 0x8c, 0xe4, 0x3, 0xc0, 0xdc,
    0xc0, 0x62, 0x8b, 0xf7, 0x56, 0x44, 0x80, 0x98,
    0x80, 0x40, 0xf, 0xf6, 0xf8, 0x90, 0xa0, 0x22,
    0x40, 0x9e, 0xe1, 0x84, 0xe8, 0x1, 0x9c, 0xcc,
    0x0, 0x4b, 0x10, 0x32, 0xf0, 0xd, 0x5d, 0xc0,
    0x7, 0x92, 0x81, 0x3a, 0x80, 0x6d, 0xd8, 0x0,
    0x21, 0xc1, 0x20, 0x1e, 0x62, 0x20, 0x4, 0x88,
    0xd4, 0x40, 0x7, 0x5e, 0xe8, 0x0, 0x75, 0x42,
    0xaa, 0x18, 0x6, 0xdf, 0xf0, 0x37, 0x6a, 0x2,
    0x57, 0x88, 0x3, 0xc8, 0x1, 0xe9, 0xa6, 0x1,
    0x26, 0x8,

    /* U+5DE5 "工" */
    0x5, 0x99, 0xff, 0xe0, 0x8, 0x7, 0xcc, 0xc0,
    0xf, 0x96, 0x67, 0x86, 0x67, 0xc2, 0x1, 0xff,
    0xff, 0x0, 0xff, 0xf0, 0xb7, 0xff, 0x86, 0x7f,
    0xfc, 0xf9, 0x9f, 0xfc, 0x20,

    /* U+5DE6 "左" */
    0x0, 0xf1, 0x0, 0x7f, 0xf0, 0x8f, 0x40, 0x3f,
    0xf8, 0x4a, 0x40, 0x1f, 0xe4, 0x55, 0xa4, 0x95,
    0x7e, 0x40, 0x4, 0x46, 0x0, 0x44, 0x7d, 0xe0,
    0xc, 0xdd, 0x70, 0x76, 0xef, 0xd6, 0x1, 0xc8,
    0x81, 0x0, 0xff, 0xe0, 0xd1, 0x2a, 0xfe, 0x20,
    0xc, 0x64, 0x11, 0x15, 0x52, 0x22, 0x40, 0xd,
    0xd, 0x3b, 0xb0, 0x6e, 0xe6, 0x0, 0x91, 0x10,
    0x1, 0xff, 0xc0, 0x1a, 0x81, 0x0, 0xff, 0x87,
    0x55, 0xc0, 0x3f, 0xf8, 0x4, 0x16, 0x53, 0x3c,
    0x1d, 0x33, 0x84, 0xf0, 0x19, 0xbc, 0x6, 0xcd,
    0x88,

    /* U+5DF2 "已" */
    0x8f, 0xff, 0xf9, 0x0, 0x13, 0x99, 0xfe, 0x0,
    0xc2, 0x67, 0xfe, 0x0, 0xe7, 0x60, 0xf, 0xfe,
    0xe, 0xf8, 0x7, 0xff, 0x45, 0xbf, 0xff, 0x0,
    0x79, 0x37, 0x7f, 0x3, 0x80, 0x62, 0x2f, 0xef,
    0x30, 0xf, 0xfe, 0x19, 0x80, 0x7f, 0xf0, 0xb0,
    0xc0, 0x3f, 0xf8, 0x6, 0x4, 0x4, 0x88, 0x33,
    0xf9, 0x3c, 0xc4, 0x25, 0xab, 0x33, 0xeb, 0xe,
    0x0,

    /* U+5DF4 "巴" */
    0x2f, 0xff, 0xfa, 0x0, 0x24, 0x55, 0x80, 0x55,
    0x61, 0x0, 0xd5, 0x58, 0x2a, 0xb2, 0x80, 0x7f,
    0xf8, 0xbb, 0xb0, 0x5f, 0x74, 0x80, 0x1a, 0xab,
    0x5d, 0xaa, 0xa0, 0xe, 0x44, 0xfe, 0xe9, 0x0,
    0xff, 0xe0, 0x8, 0x80, 0x3f, 0xf8, 0x29, 0x0,
    0x1f, 0xfc, 0xc, 0x42, 0x9, 0x32, 0x2f, 0x91,
    0x90, 0x2d, 0x73, 0x77, 0xea, 0x48,

    /* U+5E02 "市" */
    0x0, 0xf1, 0xb0, 0x7, 0xff, 0xa, 0x48, 0x3,
    0xc2, 0x45, 0xc2, 0x29, 0x22, 0xf3, 0x6e, 0xf8,
    0x53, 0x77, 0xcf, 0xff, 0xe1, 0xaf, 0xff, 0x0,
    0x7f, 0xf1, 0x73, 0xff, 0xd, 0x7f, 0xe8, 0x0,
    0x86, 0x33, 0x20, 0x7c, 0xc8, 0xc4, 0x3, 0x11,
    0x9c, 0x3a, 0x67, 0x30, 0x7, 0xff, 0xb0, 0xbf,
    0xcb, 0x80, 0x17, 0x20, 0x7, 0x16, 0x6f, 0x28,
    0x4, 0x62, 0x1, 0xe3, 0x21, 0x0, 0x0,

    /* U+5E03 "布" */
    0x0, 0xf2, 0x10, 0x7, 0xff, 0xa, 0x90, 0x3,
    0xff, 0x82, 0x82, 0xc0, 0x1f, 0xdf, 0xfa, 0xc3,
    0xff, 0xf0, 0x3, 0x76, 0x90, 0xad, 0xbc, 0xdd,
    0xe0, 0x1, 0x15, 0xaa, 0xa2, 0x96, 0x22, 0xe0,
    0xc, 0xe9, 0x60, 0x1f, 0xfc, 0x3, 0x80, 0xef,
    0xf1, 0x57, 0xfe, 0x20, 0x1, 0x68, 0x1e, 0xec,
    0xf, 0xba, 0xc0, 0x8, 0xf5, 0xe0, 0x8, 0xb6,
    0x91, 0xc, 0x2, 0x39, 0x90, 0x7, 0xff, 0x9,
    0x80, 0x3f, 0xf9, 0x82, 0x68, 0x1, 0xe2, 0x40,
    0xe, 0x5e, 0x86, 0x20, 0xc, 0xb0, 0x1, 0xc9,
    0xb9, 0x20, 0x0,

    /* U+5E26 "带" */
    0x0, 0xb9, 0x0, 0x1c, 0xa0, 0xe, 0x40, 0x3,
    0x66, 0x6, 0xf3, 0x3, 0x59, 0x81, 0xbc, 0xa4,
    0x88, 0x3, 0x44, 0x1, 0xa2, 0x0, 0xd1, 0xc4,
    0x88, 0x2d, 0x44, 0x1e, 0xa2, 0x7, 0x51, 0x0,
    0x1, 0xc5, 0x11, 0x6a, 0x88, 0xbd, 0x44, 0x1,
    0xdd, 0xff, 0xc1, 0x60, 0x5, 0xff, 0xe1, 0xaf,
    0xfc, 0x40, 0x18, 0x8b, 0x9, 0x16, 0x10, 0xa,
    0x87, 0x77, 0x4, 0x6e, 0xdf, 0xce, 0x8, 0x25,
    0xff, 0xd, 0x7f, 0xa8, 0xc, 0x40, 0x3f, 0xf9,
    0xa2, 0x60, 0x1e, 0x10, 0xe, 0x1e, 0x86, 0x0,
    0xc9, 0x80, 0x1c, 0x3f, 0xd0, 0x0,

    /* U+5E27 "帧" */
    0x0, 0xff, 0xe2, 0xf1, 0x0, 0x77, 0x20, 0x7,
    0xff, 0x4, 0x6f, 0xfe, 0x5, 0x61, 0xa8, 0x30,
    0x8, 0x6b, 0xba, 0x8, 0xd0, 0x57, 0xb0, 0x88,
    0xf, 0x4c, 0x80, 0x2a, 0x1f, 0x90, 0x17, 0x7,
    0x30, 0x73, 0x0, 0xfc, 0x31, 0x73, 0x2, 0x1,
    0xff, 0x7a, 0x0, 0x7f, 0xf4, 0x44, 0x3, 0xe1,
    0xe0, 0xc, 0x4e, 0x1, 0xf3, 0x2d, 0x80, 0xc,
    0x4c, 0x3, 0x68, 0x83, 0xe9, 0x8f, 0xf4, 0x3a,
    0x71, 0x0, 0x7c, 0xde, 0xae, 0x71, 0x86, 0x1,
    0xe7, 0xdd, 0x40, 0x26, 0x57, 0x80, 0x5c, 0x40,
    0xf6, 0x60, 0x19, 0xb0, 0x0,

    /* U+5E2E "帮" */
    0x0, 0xff, 0xe4, 0x55, 0x0, 0x27, 0xff, 0xe2,
    0xd, 0xee, 0x2a, 0xbb, 0x92, 0x9, 0xfe, 0x53,
    0x20, 0xde, 0xe2, 0xb7, 0x72, 0x40, 0x24, 0x46,
    0x80, 0x27, 0xfc, 0xad, 0xfe, 0x30, 0xb, 0x94,
    0x40, 0x13, 0xfe, 0x56, 0xff, 0x18, 0x5, 0x47,
    0x80, 0x3d, 0xd2, 0xb7, 0x72, 0x80, 0x34, 0x99,
    0xf, 0x71, 0xc7, 0xfb, 0x94, 0x0, 0x9d, 0xe4,
    0x20, 0x4c, 0x6a, 0x0, 0x22, 0x0, 0x67, 0xfa,
    0xc0, 0x2, 0x16, 0xc4, 0x48, 0x82, 0xc1, 0x1,
    0x80, 0x4a, 0xab, 0xdd, 0x8c, 0xdb, 0xbc, 0x60,
    0x19, 0xbf, 0xe5, 0x57, 0xfe, 0x0, 0xff, 0xe8,
    0xbe, 0xf0, 0x90, 0x5, 0x10, 0x0, 0xf3, 0xfe,
    0x70, 0x80,

    /* U+5E38 "常" */
    0x2, 0xb2, 0x0, 0x72, 0x0, 0x1a, 0x40, 0x22,
    0x39, 0x0, 0xe1, 0xbb, 0x0, 0x33, 0xdd, 0x3f,
    0xc3, 0x7f, 0xc5, 0xbe, 0x83, 0x3d, 0xdf, 0xe1,
    0x0, 0x19, 0x7f, 0xfe, 0x10, 0x5, 0xb8, 0x3,
    0xbb, 0xb0, 0x45, 0xc, 0xc2, 0x1, 0x44, 0xf0,
    0x1, 0x88, 0x0, 0x2b, 0xdc, 0xba, 0xec, 0x51,
    0x0, 0xc5, 0x55, 0xc, 0xd5, 0x42, 0x1, 0x67,
    0xfe, 0x18, 0xff, 0xbb, 0x0, 0x27, 0xff, 0x86,
    0x3f, 0xe3, 0x0, 0xfc, 0x62, 0x1, 0x38, 0x7,
    0xfc, 0x66, 0x77, 0x0, 0x17, 0x80, 0x3d, 0x3c,
    0xfc, 0x0,

    /* U+5E45 "幅" */
    0x0, 0x70, 0x81, 0x7f, 0xfe, 0x30, 0xe, 0x2f,
    0xff, 0xc6, 0x46, 0x2a, 0x82, 0x24, 0x4f, 0x0,
    0x33, 0x42, 0xec, 0x8f, 0x5f, 0xfa, 0xc8, 0x1,
    0xc3, 0xcc, 0x0, 0x4b, 0xbc, 0x20, 0x1f, 0xcb,
    0xdd, 0x84, 0x3, 0xf3, 0x77, 0xfe, 0xe2, 0x0,
    0xf1, 0xbb, 0x37, 0x9c, 0x3, 0xc3, 0x0, 0x8,
    0xd0, 0xd8, 0x0, 0xc4, 0x60, 0x7, 0x71, 0x4b,
    0xf8, 0x7, 0x22, 0xc, 0x3b, 0x85, 0x9d, 0x40,
    0xc, 0x0, 0x37, 0x28, 0x77, 0x7, 0x3a, 0x80,
    0x4, 0x1, 0xff, 0xc9, 0xff, 0xe, 0x7d, 0x0,
    0x0,

    /* U+5E55 "幕" */
    0xf, 0xff, 0xfe, 0x10, 0x3, 0xfe, 0xb5, 0xff,
    0xc9, 0x9f, 0xf0, 0x6, 0x26, 0x82, 0x2d, 0x22,
    0x40, 0x1c, 0x7b, 0x11, 0xfb, 0x50, 0x3, 0xd9,
    0x9f, 0x80, 0x3f, 0x11, 0x7e, 0x0, 0xfd, 0x35,
    0x49, 0x9e, 0x0, 0xe1, 0x2e, 0xc0, 0x9c, 0xce,
    0xe5, 0x0, 0x2f, 0xfb, 0xb8, 0x33, 0xdc, 0xfe,
    0xe7, 0xfb, 0x81, 0x7b, 0xc, 0xdf, 0xc5, 0x5d,
    0xe6, 0xdd, 0xc0, 0x18, 0xd3, 0x37, 0xf8, 0xab,
    0xfc, 0x6f, 0xce, 0xa, 0xab, 0x58, 0xff, 0x15,
    0x7f, 0xa4, 0xb7, 0x40, 0x9a, 0x80, 0x1f, 0xe3,
    0xa0, 0xc, 0x60, 0x1e, 0xbb, 0x50, 0x4,

    /* U+5E73 "平" */
    0x8, 0xff, 0xff, 0xe0, 0x8, 0x79, 0x17, 0x0,
    0x8, 0xb8, 0x41, 0xf7, 0xb7, 0x61, 0x9d, 0xd6,
    0x4e, 0x80, 0x47, 0x82, 0x1, 0xe9, 0x90, 0x6,
    0x33, 0x48, 0x7, 0x9a, 0xc0, 0x3a, 0x58, 0x3,
    0x98, 0x18, 0x3, 0x91, 0x0, 0x1d, 0xd6, 0x1,
    0x12, 0xa9, 0x3d, 0x54, 0x3a, 0xba, 0xa, 0xb3,
    0xc4, 0x78, 0x12, 0x23, 0xcb, 0xbb, 0xe1, 0x9d,
    0xdf, 0x0, 0x7f, 0xfc, 0x0,

    /* U+5E74 "年" */
    0x0, 0xc6, 0x80, 0x1f, 0xfc, 0x2f, 0xd0, 0xf,
    0xfe, 0x9, 0x9d, 0x11, 0xf9, 0xc0, 0x37, 0x0,
    0x8, 0x8e, 0xe2, 0x2d, 0xc0, 0x14, 0x9f, 0xd5,
    0x52, 0x55, 0x5a, 0x40, 0x10, 0xda, 0x1, 0xff,
    0xc1, 0xdb, 0x6f, 0xfd, 0x25, 0xff, 0xa0, 0x0,
    0xa8, 0x65, 0x99, 0x30, 0x66, 0x69, 0x0, 0xf1,
    0x9d, 0xe4, 0x67, 0x84, 0x3, 0xff, 0x8d, 0x33,
    0x14, 0xce, 0x29, 0x9e, 0x60, 0x11, 0x3b, 0x84,
    0x70, 0x8, 0xf0, 0x2, 0x23, 0xf1, 0x44, 0x73,
    0x0, 0x7f, 0xf5, 0x0,

    /* U+5E76 "并" */
    0x0, 0xca, 0x1, 0xe6, 0x10, 0xf, 0xd, 0xb0,
    0x6, 0x39, 0x20, 0xf, 0xc, 0x48, 0x80, 0x52,
    0xa6, 0x1, 0x84, 0x88, 0x86, 0xa4, 0x45, 0x57,
    0x91, 0x4, 0x0, 0xdb, 0xb1, 0xde, 0xea, 0x82,
    0xb7, 0x50, 0x0, 0x7f, 0xf5, 0xf, 0xfe, 0x29,
    0xff, 0x48, 0x7, 0xff, 0x59, 0x12, 0xf1, 0x44,
    0xc5, 0xa8, 0x90, 0x2, 0x66, 0x50, 0x99, 0xc0,
    0x93, 0x30, 0x86, 0xec, 0x8b, 0xbb, 0x8a, 0x77,
    0x61, 0x0, 0x85, 0x3c, 0x3, 0xff, 0x83, 0x44,
    0xa0, 0x1f, 0xf0, 0xe2, 0xf8, 0x7, 0xff, 0x2,
    0xdf, 0xc8, 0x3, 0xff, 0x81, 0x56, 0x20, 0x1e,
    0xd6, 0x0, 0xc0,

    /* U+5E8F "序" */
    0x0, 0xf8, 0xa4, 0x3, 0xff, 0x84, 0x4e, 0xc0,
    0x1f, 0xf, 0xf6, 0xee, 0x19, 0xdd, 0xe2, 0x0,
    0xae, 0x67, 0x5d, 0xa6, 0x78, 0x80, 0x24, 0x56,
    0x6f, 0x9d, 0x10, 0x1, 0xc9, 0xff, 0xed, 0xc7,
    0x0, 0xe1, 0x5d, 0x9e, 0xdd, 0x50, 0xcb, 0x80,
    0x46, 0x1, 0x87, 0xf3, 0xf3, 0xc, 0x1, 0xe1,
    0x66, 0x1d, 0x30, 0x22, 0xb3, 0x1c, 0x0, 0xc2,
    0x79, 0x99, 0x0, 0xf7, 0x26, 0x40, 0x1, 0x22,
    0x55, 0x70, 0xe5, 0x79, 0x78, 0x3, 0x14, 0x3,
    0xf0, 0xcf, 0x88, 0x1, 0x7c, 0x3, 0xf0, 0xe1,
    0x0, 0x8, 0xdc, 0x2, 0x11, 0x10, 0x7, 0xcc,
    0xc1, 0x0, 0xf, 0x72, 0x58, 0x3, 0xc9, 0x20,
    0x10, 0xff, 0xd0, 0x1, 0xe0,

    /* U+5E93 "库" */
    0x0, 0xf8, 0x98, 0x3, 0xff, 0x84, 0x72, 0x80,
    0x1f, 0xf, 0xff, 0x70, 0x5f, 0xff, 0x18, 0x18,
    0x5e, 0x65, 0x53, 0x99, 0xe3, 0x0, 0x94, 0xce,
    0xfc, 0x33, 0xf0, 0x7, 0x77, 0xf9, 0x55, 0xff,
    0xce, 0x1, 0x87, 0xf5, 0xb, 0x77, 0xcc, 0x1,
    0xc2, 0x9, 0xe4, 0x94, 0x45, 0x8, 0x7, 0xbd,
    0x40, 0xb1, 0x48, 0xa0, 0x9, 0x84, 0x0, 0x4b,
    0xba, 0x52, 0xdd, 0x8c, 0x0, 0x26, 0x0, 0xff,
    0xce, 0xbf, 0xf1, 0x80, 0x35, 0xc0, 0x8b, 0xce,
    0x45, 0x80, 0x9, 0x89, 0xbb, 0xca, 0x5b, 0xb9,
    0x8, 0xd1, 0x1f, 0xfc, 0xeb, 0xff, 0x91, 0x94,
    0x80, 0x3f, 0xf8, 0x29, 0x40, 0x1f, 0x45, 0x0,
    0x70,

    /* U+5E94 "应" */
    0x0, 0xf8, 0x4c, 0x3, 0xff, 0x84, 0x98, 0x20,
    0x1f, 0x90, 0xcf, 0x30, 0x41, 0x9e, 0x20, 0x1,
    0x5e, 0x67, 0x3, 0x66, 0x6d, 0x0, 0xdd, 0xff,
    0xff, 0x0, 0x7e, 0x3a, 0x0, 0x8b, 0x44, 0x3,
    0xad, 0x80, 0x94, 0x80, 0x8, 0x62, 0x1, 0x87,
    0x68, 0x4, 0xd0, 0x1, 0xac, 0x1, 0x8, 0x1,
    0xcc, 0x81, 0x30, 0x5, 0x28, 0x2, 0x70, 0x0,
    0xa5, 0x6, 0x20, 0x32, 0x10, 0x4, 0x24, 0x0,
    0xd5, 0x5, 0x90, 0x9f, 0x0, 0xda, 0xc0, 0x7,
    0x90, 0x17, 0x62, 0x40, 0xc, 0x78, 0x0, 0x14,
    0x0, 0xc, 0x78, 0x6, 0x14, 0x45, 0x6e, 0xf7,
    0xf, 0x6e, 0xc4, 0xa6, 0x69, 0x88, 0xea, 0xa4,
    0x46, 0x24, 0xc0, 0x35, 0x5f, 0xf8, 0x0,

    /* U+5E95 "底" */
    0x0, 0xf8, 0x5c, 0x3, 0xff, 0x84, 0x32, 0xe0,
    0x1f, 0xf, 0xff, 0x86, 0x3f, 0xf8, 0x80, 0x2c,
    0xdd, 0xff, 0x88, 0x2, 0x23, 0x11, 0x33, 0xd7,
    0x47, 0xd1, 0x0, 0x72, 0xe7, 0xfc, 0xc7, 0xd9,
    0x0, 0x1c, 0x2e, 0x39, 0x75, 0x41, 0x41, 0x0,
    0xc6, 0x1, 0xf3, 0x88, 0x7, 0xf8, 0x77, 0x70,
    0x7e, 0xea, 0x40, 0x2, 0x20, 0xb, 0xba, 0xd0,
    0x7e, 0xe5, 0x80, 0x18, 0xc0, 0x2, 0x67, 0x98,
    0xc, 0xc4, 0x0, 0xd7, 0x0, 0xe8, 0x7c, 0x60,
    0x1, 0x0, 0x13, 0x40, 0x32, 0x6c, 0xa0, 0x28,
    0x49, 0x91, 0xa8, 0x50, 0xfc, 0x32, 0xb5, 0xd9,
    0x14, 0x9d, 0x8, 0x1c, 0xf7, 0xf, 0xc1, 0x66,
    0xdc, 0x56, 0xc0, 0x1d, 0x84, 0x0, 0x47, 0x7,
    0xf9, 0x0,

    /* U+5E97 "店" */
    0x0, 0xff, 0xe5, 0x55, 0x0, 0x3f, 0x32, 0x26,
    0xd5, 0x64, 0x4c, 0x60, 0x53, 0x75, 0x54, 0x84,
    0x55, 0x6e, 0x0, 0xbb, 0xb6, 0x97, 0x77, 0x68,
    0x7, 0xe2, 0x0, 0xfe, 0x10, 0xe, 0xff, 0xe3,
    0x1, 0x0, 0xfb, 0x77, 0x8c, 0x3, 0xf8, 0x8b,
    0x80, 0xe, 0x20, 0xb7, 0x6d, 0xb, 0xbc, 0xc0,
    0x2, 0x30, 0xd6, 0xc9, 0x8c, 0xc9, 0xfc, 0x1,
    0xee, 0x0, 0x77, 0xf9, 0x80, 0x24, 0xc0, 0xf,
    0xfe, 0x2, 0x12, 0x0, 0x17, 0x77, 0xca, 0x0,
    0x25, 0x20, 0x1, 0x77, 0x78, 0x40, 0xd, 0x40,
    0x8, 0xd3, 0x3f, 0x74, 0x80,

    /* U+5EA6 "度" */
    0x0, 0xf8, 0xd8, 0x3, 0xff, 0x87, 0x24, 0x1,
    0xf1, 0x7f, 0xf6, 0x6, 0xff, 0xf0, 0x6, 0xbc,
    0xc3, 0xe6, 0x68, 0xbc, 0xc0, 0x6, 0x53, 0x33,
    0x89, 0x9d, 0x0, 0x66, 0x0, 0xd1, 0xfe, 0xd,
    0xff, 0x82, 0xff, 0x0, 0x34, 0x7f, 0x83, 0x3f,
    0xe0, 0xbf, 0xc0, 0xc, 0x20, 0x10, 0x80, 0x7f,
    0x8, 0x7, 0x6f, 0xfc, 0xe, 0x1, 0x9c, 0x40,
    0x2f, 0xff, 0x10, 0x6, 0x13, 0x2f, 0xff, 0xdc,
    0xe0, 0x16, 0xb9, 0x7c, 0x8e, 0xff, 0xcc, 0x4e,
    0x1, 0x1e, 0x80, 0x1a, 0x71, 0x93, 0x4b, 0x0,
    0x32, 0x20, 0x2, 0x32, 0x9b, 0x38, 0x10, 0x9,
    0x88, 0xeb, 0xbe, 0x53, 0x30, 0xfb, 0xf9, 0x40,
    0xdc, 0x13, 0x9f, 0xb0, 0x66, 0x9e, 0xd8, 0xe0,

    /* U+5EB7 "康" */
    0x0, 0xf9, 0x18, 0x3, 0xf8, 0x47, 0xd2, 0x82,
    0x3c, 0x0, 0x1e, 0xee, 0xa0, 0xbe, 0xee, 0x0,
    0xdf, 0xfc, 0x35, 0xff, 0xc0, 0x1d, 0x99, 0x86,
    0xb3, 0x29, 0x0, 0xf6, 0x66, 0xa, 0xcc, 0x52,
    0x80, 0x75, 0xee, 0xe0, 0xad, 0xd4, 0x9f, 0xa8,
    0x18, 0x5e, 0xee, 0xa, 0xdd, 0x48, 0xea, 0x80,
    0x43, 0x77, 0x82, 0xae, 0xd4, 0x44, 0x0, 0x8,
    0x80, 0x62, 0x20, 0x28, 0x87, 0xa0, 0x4, 0xc4,
    0x27, 0xc0, 0x60, 0x40, 0xe, 0x21, 0x0, 0x6a,
    0x84, 0xc5, 0x60, 0x36, 0x62, 0x68, 0x40, 0x9,
    0xe7, 0x36, 0x7e, 0x39, 0x81, 0xf4, 0x0, 0x11,
    0xa7, 0xf, 0xd1, 0x80, 0x9f, 0x65, 0x70, 0x89,
    0x8b, 0x61, 0x7f, 0xc6, 0xa0, 0x7, 0xec, 0x13,
    0x90, 0x9, 0x3f, 0xda, 0x20, 0x18, 0x80,

    /* U+5EFA "建" */
    0xf, 0xfc, 0x1, 0xb8, 0xc0, 0x3d, 0xdc, 0xb0,
    0x7, 0x7f, 0x87, 0x3f, 0xe0, 0x8, 0x45, 0xce,
    0x1d, 0xfe, 0x1c, 0xfe, 0x0, 0xe3, 0x59, 0xef,
    0xf8, 0x73, 0xf8, 0x3c, 0x40, 0x1c, 0xe1, 0xdf,
    0xf0, 0xe7, 0xf0, 0x78, 0x84, 0x93, 0xf0, 0xff,
    0xc3, 0x9f, 0xc0, 0x1b, 0x3b, 0xc4, 0x5f, 0xf0,
    0x5f, 0xfc, 0x1, 0x8c, 0x88, 0x37, 0x70, 0x5d,
    0xe2, 0x0, 0x15, 0xba, 0x8c, 0xcc, 0x13, 0x38,
    0x80, 0xc, 0xf3, 0xa2, 0x1, 0x8c, 0x2, 0x10,
    0x0, 0xa1, 0xa5, 0xff, 0xc1, 0x5f, 0xf5, 0x80,
    0x42, 0x15, 0x7b, 0xb0, 0xe6, 0xed, 0x40, 0x5,
    0x56, 0x8f, 0x4a, 0x9b, 0x8, 0xf0, 0x15, 0x59,
    0x5e, 0x4, 0xeb, 0xef, 0x75, 0xe2, 0x5a, 0xa0,
    0x3, 0x9c, 0xef, 0xfe, 0xe1,

    /* U+5F00 "开" */
    0x9, 0xff, 0xff, 0xe0, 0x70, 0x3, 0xcc, 0xc0,
    0x3, 0x3c, 0x0, 0x33, 0x28, 0x1, 0xb3, 0x16,
    0x39, 0x9a, 0x4b, 0x31, 0x60, 0x1f, 0xfe, 0x52,
    0xee, 0xac, 0x7b, 0xb4, 0x97, 0x74, 0xc5, 0x55,
    0x28, 0x55, 0x65, 0xa, 0xa9, 0xc1, 0x12, 0x35,
    0x44, 0xd8, 0x48, 0x90, 0x80, 0x67, 0xc0, 0xf,
    0xfe, 0xb, 0xb, 0x80, 0x7f, 0xf0, 0xa, 0x5c,
    0x40, 0x3f, 0xe4, 0xc4, 0x80, 0xf, 0xfe, 0x7,
    0x3d, 0x80, 0x7f, 0xf0, 0x6a, 0x40, 0x3e, 0x6d,
    0x0, 0xc0,

    /* U+5F0F "式" */
    0x0, 0xfc, 0x5e, 0x31, 0x20, 0x1f, 0xf1, 0x81,
    0xc9, 0x60, 0x0, 0x4c, 0xfe, 0x40, 0x42, 0x85,
    0x30, 0x4c, 0xcf, 0xa8, 0x27, 0x30, 0xda, 0xb,
    0xff, 0xf8, 0x2f, 0xfe, 0xe0, 0x0, 0x8f, 0xc0,
    0x44, 0x0, 0xf6, 0xf7, 0x79, 0x1b, 0x80, 0x3d,
    0x9f, 0xe0, 0xaf, 0xf2, 0x11, 0x80, 0x7f, 0x8,
    0x80, 0x2f, 0x50, 0xf, 0xfe, 0x12, 0x9, 0x0,
    0x7f, 0xc2, 0x64, 0x45, 0x0, 0x61, 0x0, 0x46,
    0x37, 0xbd, 0x21, 0x52, 0x0, 0x30, 0x1d, 0xfc,
    0x27, 0x9f, 0xa0, 0x73, 0xb6, 0x12, 0x1b, 0xdf,
    0xd8, 0x40, 0xd, 0xef, 0x32, 0x0,

    /* U+5F15 "引" */
    0x4f, 0xff, 0x58, 0x4, 0x9c, 0x9b, 0xbc, 0xc0,
    0x1f, 0x11, 0x70, 0x80, 0x7c, 0x24, 0x23, 0x0,
    0x7e, 0xfd, 0xee, 0x9c, 0x3, 0xe1, 0x9f, 0xfd,
    0x60, 0x1c, 0x40, 0x80, 0x1f, 0xe7, 0x6, 0x44,
    0x94, 0xc0, 0x38, 0xc2, 0x67, 0x57, 0x80, 0x73,
    0x7e, 0xee, 0x66, 0x0, 0x7f, 0xc4, 0x40, 0xf,
    0xf9, 0x78, 0x3, 0xe1, 0x32, 0x51, 0x50, 0xf,
    0xd9, 0xb4, 0xc6, 0x1, 0xf0, 0xff, 0xd2, 0x1,
    0x93, 0x80,

    /* U+5F20 "张" */
    0x8f, 0xfb, 0x0, 0xfc, 0x3, 0x52, 0x84, 0x77,
    0x20, 0x3, 0xe5, 0x44, 0x0, 0x4, 0x60, 0xf,
    0x1d, 0x58, 0x80, 0x14, 0xf8, 0x3, 0x8f, 0x61,
    0x40, 0x5, 0x58, 0xee, 0x0, 0x8b, 0x25, 0xc0,
    0x21, 0x2f, 0xf5, 0x8b, 0x0, 0x2d, 0x48, 0xa0,
    0x61, 0x0, 0xba, 0x83, 0x6f, 0x77, 0x29, 0x89,
    0xa1, 0xf5, 0x87, 0x48, 0x77, 0x4a, 0x25, 0xd7,
    0xe2, 0xe0, 0x2c, 0x6, 0x22, 0x7, 0xfd, 0x87,
    0x0, 0xe5, 0xb0, 0xf, 0x78, 0x80, 0x74, 0xb1,
    0x80, 0x71, 0x10, 0x3, 0x20, 0x37, 0x8, 0x4,
    0x2f, 0xc0, 0xa1, 0xd4, 0xf2, 0x3a, 0x49, 0xfc,
    0x2e, 0x12, 0x15, 0xc8, 0x1a, 0xc6, 0x9f, 0xec,
    0x10, 0xff, 0x20, 0x4, 0x34, 0x20,

    /* U+5F3A "强" */
    0x1f, 0xfd, 0xc1, 0x9f, 0xfe, 0x0, 0xf, 0x75,
    0x40, 0x15, 0x7f, 0xda, 0x1, 0x84, 0x70, 0x4,
    0x20, 0x1f, 0xfc, 0x3f, 0x99, 0xa0, 0x3, 0x7f,
    0xd6, 0x0, 0x9d, 0xf6, 0x1c, 0x90, 0x8, 0xa7,
    0x75, 0xe0, 0x8e, 0xe0, 0xb7, 0x70, 0x4, 0x48,
    0x44, 0x12, 0xee, 0x83, 0x3b, 0x8e, 0x2, 0xe,
    0xae, 0x80, 0x3f, 0xe0, 0xdf, 0x50, 0x1, 0x87,
    0x72, 0x3c, 0x3, 0xfc, 0x5f, 0x76, 0x71, 0x1,
    0xff, 0x6, 0xfa, 0x80, 0x78, 0x4c, 0xbb, 0xa0,
    0xcb, 0x97, 0x0, 0xe2, 0xe0, 0x11, 0x80, 0x5a,
    0x4c, 0x2, 0x12, 0x43, 0x45, 0x67, 0x9, 0x80,
    0xc0, 0x1, 0x76, 0xa2, 0x33, 0x1c, 0x13, 0xf3,
    0xa0, 0x60, 0x5f, 0xeb, 0x8, 0x98, 0x76, 0x43,
    0x2e, 0x30,

    /* U+5F53 "当" */
    0x3, 0x0, 0xdc, 0xc0, 0x11, 0x98, 0x75, 0xc0,
    0x3f, 0x75, 0x8d, 0x41, 0x0, 0x79, 0x8e, 0x1,
    0x16, 0x0, 0x38, 0x62, 0xc0, 0x28, 0x80, 0x7,
    0xa1, 0x40, 0x19, 0xdc, 0xcc, 0xc, 0xe6, 0xd6,
    0x40, 0x55, 0x74, 0xca, 0xaa, 0x3, 0x6, 0x6f,
    0xf2, 0x80, 0x4, 0xcf, 0xf8, 0x80, 0x13, 0x99,
    0xfc, 0x80, 0x8, 0xff, 0xfe, 0x60, 0xf, 0xfe,
    0x12, 0x6e, 0xff, 0x98, 0x1a, 0xef, 0xfc, 0x0,

    /* U+5F55 "录" */
    0x0, 0xff, 0xe2, 0x8f, 0xff, 0xfb, 0x80, 0x30,
    0xf7, 0x7f, 0x38, 0x7, 0x84, 0x7f, 0xb8, 0xc0,
    0x3a, 0x7f, 0xff, 0x48, 0x80, 0x74, 0x6e, 0xfe,
    0x57, 0x0, 0xcc, 0xe8, 0x9f, 0x95, 0x19, 0x40,
    0x77, 0x7d, 0x32, 0xdd, 0x11, 0x37, 0x0, 0x6c,
    0xb6, 0xee, 0x0, 0x5d, 0xb5, 0xba, 0x40, 0x2a,
    0xbc, 0x10, 0x10, 0x32, 0xd0, 0x40, 0xc, 0x7a,
    0xaa, 0x41, 0x4c, 0xdb, 0xb0, 0x80, 0x70, 0xf4,
    0xc8, 0x36, 0x0, 0x80, 0x39, 0x6f, 0xb2, 0x74,
    0x81, 0xe6, 0xe8, 0x80, 0x2f, 0x3e, 0xb4, 0x0,
    0x18, 0x36, 0x86, 0xd0, 0x2, 0xa0, 0x45, 0xfe,
    0x7, 0x0, 0x15, 0x75, 0x80, 0x70, 0xff, 0xb4,
    0x80, 0x30, 0x88, 0x0,

    /* U+5F62 "形" */
    0x0, 0xff, 0xe0, 0xb3, 0x0, 0x1f, 0xff, 0x98,
    0x0, 0x92, 0x40, 0x2, 0x0, 0x11, 0x0, 0x4,
    0x60, 0x97, 0x8, 0x0, 0xdc, 0x1d, 0xd5, 0x8e,
    0xab, 0x5c, 0xb8, 0x7, 0xfc, 0x71, 0x6c, 0x1,
    0xff, 0xc0, 0x3e, 0x40, 0x19, 0x10, 0x25, 0x12,
    0x21, 0x89, 0x8, 0x0, 0x70, 0x5, 0x36, 0x43,
    0x75, 0x1, 0xb0, 0x9, 0xeb, 0x20, 0x9f, 0x65,
    0xfe, 0xb1, 0xf8, 0xaa, 0x5c, 0x0, 0x61, 0x10,
    0x7, 0xe, 0xfa, 0x82, 0x10, 0x3, 0x58, 0x3,
    0xce, 0x20, 0x56, 0xe0, 0x4, 0xd0, 0xf, 0xc7,
    0x8e, 0xa0, 0x46, 0xa0, 0x1f, 0x36, 0x4c, 0x0,
    0x25, 0x48, 0x3, 0x93, 0x22, 0xdc, 0x0, 0x4d,
    0x60, 0x1e, 0xf4, 0xe4, 0x0, 0x8b, 0x44, 0x2,
    0x4e, 0xb, 0x80, 0xe,

    /* U+5F69 "彩" */
    0x0, 0xfc, 0x20, 0x1f, 0x88, 0xd5, 0xe7, 0x3f,
    0x0, 0x21, 0xe7, 0x0, 0x77, 0xf7, 0x53, 0xba,
    0x0, 0x16, 0x2b, 0x80, 0x37, 0xaf, 0x89, 0x4f,
    0x5, 0xf5, 0x2c, 0x2, 0x5f, 0x3, 0x80, 0x96,
    0xb, 0xa9, 0x0, 0xc8, 0xce, 0x82, 0x4d, 0x3,
    0x8a, 0x7, 0x20, 0x14, 0x21, 0xb9, 0xd9, 0x0,
    0x49, 0x9c, 0x0, 0x12, 0x23, 0x20, 0x20, 0x80,
    0x1e, 0xe1, 0xc0, 0x1d, 0xd5, 0x7, 0x74, 0x99,
    0x36, 0xe0, 0x17, 0xfb, 0x80, 0x9, 0xde, 0x91,
    0xc8, 0x4, 0x1, 0xa8, 0x40, 0xb0, 0x41, 0x0,
    0x5, 0xaa, 0x0, 0xa7, 0xa1, 0x97, 0xd0, 0x8,
    0xb1, 0x94, 0x71, 0xf4, 0x2, 0xaf, 0x0, 0x36,
    0xb4, 0x80, 0x1b, 0x44, 0x3, 0x1a, 0x64, 0x54,
    0x0, 0x6, 0x80, 0x3e, 0xf4, 0xf5, 0x0, 0xf9,
    0x38, 0x2, 0xb8, 0x10, 0xc,

    /* U+5F71 "影" */
    0x0, 0xff, 0xe0, 0x88, 0x4, 0x9f, 0xbb, 0xdc,
    0x1, 0x1f, 0x20, 0x4, 0x5b, 0xba, 0x40, 0x22,
    0xd7, 0x40, 0x8, 0xb3, 0x34, 0x80, 0x13, 0x1e,
    0x0, 0x31, 0x6e, 0xe8, 0x3, 0xb9, 0x90, 0x6,
    0x76, 0xad, 0xca, 0xe4, 0x3d, 0x70, 0x35, 0x0,
    0x2e, 0xe8, 0xb, 0x75, 0x86, 0x40, 0x7a, 0x40,
    0x1, 0x1a, 0xe0, 0x46, 0x0, 0x3e, 0x43, 0x80,
    0x16, 0x67, 0xda, 0x1b, 0x58, 0xc0, 0x18, 0x7b,
    0xb4, 0x31, 0xde, 0x98, 0x7, 0x99, 0xb6, 0x0,
    0x18, 0x0, 0x7c, 0x40, 0x6c, 0x35, 0x22, 0x52,
    0x1, 0x16, 0xc9, 0x0, 0x1d, 0x24, 0x99, 0x8e,
    0x0, 0x5d, 0x67, 0x0, 0x53, 0x18, 0x0, 0x6f,
    0x8a, 0xea, 0x90, 0x1, 0x44, 0x2e, 0x90, 0x17,
    0xac, 0x79, 0x40, 0x31, 0x85, 0xfc, 0x80, 0xa,
    0x68, 0x40, 0x30,

    /* U+5F84 "径" */
    0x0, 0x8a, 0x84, 0x3, 0xff, 0x80, 0x3e, 0x3,
    0xbf, 0xff, 0x8, 0x0, 0x74, 0x68, 0x33, 0xbb,
    0x68, 0xa8, 0x80, 0x3d, 0xf0, 0x0, 0x23, 0x83,
    0x8a, 0x80, 0x2b, 0xb0, 0xf1, 0x80, 0x45, 0xc1,
    0x80, 0x19, 0x42, 0xc8, 0xc0, 0x11, 0xa0, 0x70,
    0x20, 0x19, 0xd7, 0xc5, 0xf5, 0x6f, 0xed, 0x39,
    0xc0, 0xd, 0x0, 0x57, 0x57, 0xa8, 0x9, 0x95,
    0x41, 0x39, 0x70, 0x5, 0x49, 0xaa, 0xf0, 0x78,
    0x9d, 0xc8, 0x5, 0xd1, 0xa, 0xa4, 0x44, 0xe0,
    0x4, 0x0, 0xd5, 0xba, 0xb1, 0xdd, 0x94, 0x3,
    0xff, 0xb4, 0xac, 0xd7, 0x8b, 0x36, 0x20, 0xe,
    0x99, 0xc8, 0x13, 0x39, 0xc0,

    /* U+5F85 "待" */
    0x0, 0xff, 0xe3, 0xae, 0x80, 0x64, 0xe0, 0xf,
    0x92, 0xa4, 0x4, 0x8a, 0x12, 0x28, 0x40, 0xf,
    0x76, 0x40, 0xdd, 0xa4, 0x37, 0x68, 0x1, 0xbd,
    0x48, 0x1c, 0xff, 0x58, 0xff, 0xd2, 0x3, 0x84,
    0xea, 0x64, 0x51, 0x89, 0x16, 0x10, 0x2, 0x44,
    0x5f, 0xf4, 0x6, 0x6e, 0x7a, 0x2, 0x58, 0x25,
    0x6e, 0xdf, 0xee, 0xc, 0xd5, 0x4b, 0x60, 0x0,
    0x91, 0x71, 0x83, 0x10, 0x2c, 0x48, 0x2, 0x77,
    0x7b, 0x2, 0xf5, 0x5, 0xc0, 0x28, 0xe8, 0xff,
    0xc1, 0xbe, 0x80, 0x1e, 0x1c, 0xa0, 0xf, 0xfe,
    0x15, 0x22, 0x80, 0x7f, 0xf0, 0x47, 0x10, 0x48,
    0x3, 0xff, 0x80, 0x44, 0xed, 0x42, 0x0, 0xef,
    0x10, 0xc, 0x7f, 0xeb, 0x0, 0x80,

    /* U+5F88 "很" */
    0x0, 0x89, 0xc0, 0x3f, 0xf8, 0x5d, 0xa1, 0x3f,
    0xfe, 0xc0, 0x8, 0x70, 0x28, 0x0, 0xdf, 0xfa,
    0x40, 0x21, 0xc7, 0xc0, 0xf, 0xfe, 0x0, 0xdd,
    0x87, 0x88, 0x1b, 0xff, 0x48, 0x6, 0x60, 0xd4,
    0x20, 0x6e, 0xed, 0x0, 0x1d, 0x47, 0x0, 0x10,
    0x8f, 0x0, 0x69, 0x50, 0x30, 0x3, 0x7f, 0xe9,
    0x0, 0x95, 0xe8, 0x3, 0x2f, 0x1c, 0xf7, 0x3c,
    0x0, 0xb8, 0x80, 0x18, 0xc6, 0xb4, 0x57, 0x54,
    0x0, 0x40, 0x1f, 0x32, 0xed, 0x51, 0x40, 0x3f,
    0xe8, 0x2c, 0x40, 0xf, 0xf8, 0x51, 0x1e, 0x40,
    0x1f, 0x99, 0x9d, 0xc7, 0xb7, 0xd8, 0x0, 0xfc,
    0xd5, 0xea, 0x15, 0x22, 0x1, 0xf, 0x88, 0x7c,
    0xa0, 0x6, 0x69, 0x0,

    /* U+5F97 "得" */
    0x0, 0xc8, 0x1, 0xff, 0xc2, 0xb8, 0x4, 0xfe,
    0xee, 0xf4, 0x0, 0xad, 0xb4, 0x0, 0x3d, 0xdc,
    0x20, 0x2, 0xd7, 0xc1, 0x0, 0xf, 0x77, 0x8,
    0x0, 0xab, 0x3, 0x48, 0x7, 0xbb, 0x84, 0x2,
    0x70, 0xd6, 0x20, 0x1c, 0xce, 0x10, 0xd, 0x27,
    0x20, 0x9b, 0xdd, 0xda, 0x80, 0x8, 0x60, 0x23,
    0x9b, 0xbf, 0xa4, 0x19, 0xe0, 0x0, 0x3d, 0xdc,
    0x6d, 0xdc, 0x4, 0xb5, 0x0, 0x13, 0x37, 0x78,
    0x33, 0x0, 0x90, 0x2, 0xbe, 0xee, 0xa0, 0xee,
    0x28, 0x7, 0x5f, 0xb6, 0xff, 0xac, 0x7f, 0xca,
    0x1, 0xf6, 0x60, 0x80, 0x3f, 0xf8, 0x2b, 0xc,
    0x2, 0x1, 0xff, 0xc0, 0x67, 0xfa, 0x70, 0xe,
    0x2f, 0x0, 0xe3, 0xff, 0x48, 0x4,

    /* U+5FAA "循" */
    0x0, 0x84, 0x3, 0xff, 0x87, 0x8e, 0x2, 0x48,
    0xd3, 0xba, 0xf2, 0x0, 0xad, 0x9d, 0x7b, 0xfd,
    0x8c, 0x5d, 0xe4, 0x0, 0xb0, 0xb1, 0x11, 0x6d,
    0xd4, 0x29, 0x80, 0x6e, 0xb5, 0xc0, 0x2f, 0xfa,
    0x17, 0xfe, 0x60, 0x51, 0xa9, 0x1, 0xee, 0x95,
    0x5d, 0xd3, 0x0, 0x30, 0x10, 0xc, 0x46, 0xd,
    0x11, 0x80, 0x14, 0x40, 0x18, 0xff, 0xcb, 0x1f,
    0xe9, 0x1, 0x6b, 0x10, 0xc, 0x3f, 0xf9, 0x80,
    0x3, 0x8e, 0x0, 0x11, 0x0, 0xee, 0xe6, 0x0,
    0xf8, 0xdc, 0x7, 0x77, 0x30, 0x7, 0xc2, 0x40,
    0x3b, 0xb9, 0x80, 0x3e, 0xee, 0x0, 0xee, 0xe6,
    0x0, 0xf9, 0x4c, 0x4, 0xcf, 0x28, 0x7, 0xc4,
    0x80, 0x8, 0x8c, 0x62, 0x1, 0x1f, 0x7, 0x1,
    0xfd, 0xde, 0xf8, 0x0,

    /* U+5FAE "微" */
    0x0, 0xff, 0xe3, 0x4c, 0x84, 0x8e, 0x80, 0x43,
    0x8c, 0x3, 0x3a, 0x43, 0xc0, 0x0, 0x58, 0x4,
    0xc0, 0x27, 0x9f, 0x30, 0xf, 0x18, 0x19, 0xc2,
    0xbe, 0xd8, 0xd, 0x4a, 0xe1, 0x41, 0xd9, 0x84,
    0x21, 0x99, 0x13, 0x1a, 0xe1, 0xb2, 0x6c, 0x2a,
    0x81, 0xc8, 0xd6, 0xef, 0x30, 0x10, 0x6e, 0x80,
    0xe0, 0x1f, 0x3b, 0xb7, 0x91, 0x1, 0xcc, 0x22,
    0x4, 0x1b, 0xff, 0x76, 0xfa, 0x11, 0x10, 0x29,
    0xc0, 0x2f, 0xf7, 0x71, 0x48, 0xf9, 0x0, 0x2,
    0x1, 0x8f, 0x38, 0x80, 0x16, 0x7c, 0x1, 0xf0,
    0x88, 0xe, 0x97, 0xc1, 0xc0, 0x3c, 0x26, 0x42,
    0x23, 0x17, 0x3e, 0x0, 0xf4, 0x38, 0xc, 0xca,
    0xeb, 0x6, 0xc0, 0x33, 0x94, 0x0, 0x1a, 0x6d,
    0x43, 0x0, 0x40, 0x1a, 0x96, 0x20, 0x16, 0x20,
    0x0, 0x6c, 0x40,

    /* U+5FB7 "德" */
    0x0, 0xff, 0xe3, 0xcd, 0x0, 0x66, 0xe0, 0xf,
    0xa1, 0x2e, 0xdf, 0xf4, 0x8f, 0xfe, 0x40, 0xa5,
    0xc1, 0xbf, 0xf9, 0x63, 0xff, 0x21, 0xe, 0x1e,
    0x97, 0xf7, 0xac, 0x7f, 0x72, 0x80, 0xac, 0x65,
    0xc, 0x7a, 0x27, 0xc7, 0xac, 0x40, 0x26, 0x48,
    0x0, 0xff, 0xe0, 0x1c, 0x80, 0x80, 0xf4, 0x4f,
    0xf, 0x58, 0x0, 0xb5, 0x0, 0x3, 0xfd, 0xfe,
    0xef, 0xee, 0x58, 0xa, 0x40, 0x3, 0x7f, 0xff,
    0x94, 0xe8, 0x2, 0xdf, 0xf9, 0xaf, 0xff, 0x28,
    0x7, 0x1c, 0x3b, 0x6c, 0x80, 0x34, 0x40, 0x3d,
    0x3d, 0xd2, 0x48, 0x25, 0x58, 0x7, 0x1a, 0x30,
    0x80, 0x10, 0x69, 0xd0, 0x80, 0x30, 0xd0, 0x63,
    0xff, 0xb9, 0x83, 0x48,

    /* U+5FC3 "心" */
    0x0, 0xe2, 0xa1, 0x0, 0xff, 0xe0, 0x98, 0xf9,
    0x80, 0x7f, 0xf0, 0x6, 0xdb, 0x14, 0x3, 0xff,
    0x83, 0x13, 0x48, 0x1, 0xfc, 0x9c, 0x0, 0x6b,
    0x40, 0xf, 0xa4, 0x80, 0x40, 0x24, 0x0, 0x63,
    0x80, 0x66, 0x0, 0xfe, 0xa9, 0x0, 0x8c, 0x8,
    0x3, 0xf3, 0xa, 0x0, 0x10, 0xc0, 0x3f, 0xcb,
    0xc0, 0xc, 0x50, 0xf, 0xc6, 0x1e, 0xa0, 0x4,
    0xd0, 0xf, 0xde, 0xc8, 0x6, 0x2c, 0x80, 0x1f,
    0x88, 0x83, 0xa6, 0x32, 0x0, 0x70, 0x32, 0x29,
    0x5, 0x40, 0x80, 0x38, 0xd3, 0x37, 0x6b, 0x71,
    0x0, 0x80,

    /* U+5FC5 "必" */
    0x0, 0xe4, 0x10, 0xf, 0xfe, 0x17, 0x7a, 0x80,
    0x64, 0x40, 0x7, 0xd5, 0x15, 0x20, 0x14, 0xe8,
    0x7, 0xe6, 0xc7, 0x90, 0x73, 0x80, 0xf, 0xd,
    0x89, 0xfc, 0x14, 0x58, 0x80, 0x67, 0x30, 0x43,
    0x1, 0x17, 0xaa, 0x80, 0x3a, 0x5c, 0x3, 0xa8,
    0x2b, 0x58, 0x2, 0x31, 0x40, 0xd, 0x29, 0xe1,
    0x70, 0x20, 0xb, 0x40, 0xd, 0xd, 0x84, 0xc,
    0x72, 0x0, 0x6e, 0x0, 0xb9, 0xb0, 0x80, 0x28,
    0x71, 0x42, 0x50, 0x20, 0x3c, 0x30, 0x0, 0x82,
    0x8b, 0xa6, 0x3, 0x60, 0x61, 0x0, 0x4f, 0x41,
    0xac, 0x9, 0x91, 0x0, 0x10, 0xd, 0xc0, 0x3,
    0x3, 0xb5, 0xf7, 0x5, 0x33, 0xcb, 0xa0, 0x11,
    0xfc, 0x88, 0x34, 0x66, 0x61, 0x60, 0x8,

    /* U+5FEB "快" */
    0x0, 0x27, 0x0, 0x76, 0xa8, 0x7, 0xff, 0x29,
    0x4, 0x2c, 0x3f, 0xe2, 0xaf, 0xf8, 0x2, 0x93,
    0x2, 0x6d, 0xd8, 0x1f, 0x6c, 0x4, 0x0, 0x64,
    0x15, 0xa4, 0x5b, 0x49, 0x80, 0x22, 0x30, 0x1,
    0xf8, 0x4, 0x60, 0x1e, 0x44, 0x0, 0x48, 0x1,
    0x84, 0x3, 0x9a, 0x40, 0x2b, 0xff, 0x86, 0xff,
    0x43, 0x9c, 0x3, 0xab, 0x75, 0x20, 0xc, 0xdd,
    0x98, 0x3, 0x84, 0x89, 0xc8, 0x8b, 0x22, 0x84,
    0x3, 0xe2, 0x78, 0x83, 0x98, 0x7, 0xf0, 0xfb,
    0x19, 0x9b, 0x48, 0x3, 0xe3, 0xc6, 0x90, 0x4,
    0xa6, 0xb8, 0x80, 0x77, 0x55, 0x80, 0x6a, 0x9a,
    0x30, 0x2, 0x70, 0x6b, 0x80, 0x79, 0xb4, 0x80,

    /* U+6001 "态" */
    0x0, 0xfa, 0xa4, 0x3, 0xf1, 0x17, 0x94, 0xc8,
    0xbc, 0x3, 0xbb, 0xe0, 0x5d, 0xdf, 0x10, 0xff,
    0xf5, 0xa, 0x2f, 0xff, 0x10, 0x7, 0xa1, 0xa5,
    0x54, 0x1, 0xfe, 0xa0, 0x92, 0x9a, 0x40, 0xf,
    0x8f, 0x1d, 0xd8, 0x6d, 0x17, 0x22, 0x1, 0x3e,
    0x61, 0x36, 0xa9, 0x8c, 0xf6, 0x9d, 0x62, 0x1f,
    0x5d, 0x0, 0x3f, 0x6c, 0x9, 0xb7, 0xa2, 0x10,
    0x2b, 0xc, 0x27, 0xe0, 0x15, 0x8b, 0x0, 0x52,
    0x7, 0xc1, 0x6f, 0x40, 0xe, 0xb0, 0x9, 0x1,
    0x0, 0x36, 0xf8, 0x40, 0x83, 0x0, 0x21, 0x80,
    0x48, 0x44, 0x8, 0x4a, 0x33, 0x40, 0xb, 0x90,
    0xf4, 0xee, 0xda, 0x2a, 0xaa, 0x0,

    /* U+600E "怎" */
    0x0, 0xc4, 0x1, 0xff, 0xc2, 0x1d, 0x30, 0xf,
    0xfe, 0xc, 0x82, 0x3b, 0xfe, 0x40, 0x8, 0x5c,
    0x7a, 0x21, 0xdd, 0xe1, 0x0, 0xad, 0x7a, 0x59,
    0x66, 0x7c, 0xa0, 0x8, 0x7b, 0x0, 0x97, 0xff,
    0xac, 0x2, 0x1f, 0x10, 0x9, 0xbf, 0xfa, 0xc0,
    0x29, 0x20, 0xc, 0xdf, 0xfe, 0x20, 0xf, 0xcb,
    0xdd, 0xe2, 0x0, 0xf8, 0x47, 0xf0, 0x6, 0x71,
    0x83, 0xb5, 0x90, 0xb, 0xc, 0x2, 0x28, 0x15,
    0x63, 0xf5, 0xa0, 0x2, 0xc0, 0x5, 0x48, 0x1,
    0x87, 0x20, 0x27, 0x50, 0xc0, 0xd, 0xe0, 0x2,
    0x11, 0x8c, 0x99, 0xd6, 0x0, 0x10, 0x81, 0x53,
    0xdd, 0xb5, 0x4e, 0x38, 0x0,

    /* U+601D "思" */
    0x0, 0x77, 0xff, 0xf9, 0x0, 0x32, 0xb3, 0x40,
    0x4c, 0xd0, 0x7, 0xa6, 0x70, 0xcc, 0xe1, 0x0,
    0xed, 0xdc, 0x37, 0xbb, 0x8, 0x7, 0x5f, 0xfc,
    0x13, 0xff, 0x8, 0x7, 0x31, 0x14, 0x24, 0x58,
    0x3, 0xd1, 0x33, 0xd, 0x4c, 0xc2, 0x1, 0xa3,
    0x3b, 0x83, 0x13, 0xdd, 0x42, 0x80, 0x4c, 0xef,
    0x2e, 0x2b, 0xbe, 0x10, 0xa, 0xca, 0xd7, 0x7,
    0x54, 0xb, 0x88, 0x0, 0x48, 0x4c, 0x63, 0x54,
    0xd0, 0x24, 0x90, 0x5, 0xa8, 0x7, 0x2c, 0x35,
    0x42, 0x20, 0x9a, 0x40, 0x78, 0x47, 0x61, 0x93,
    0x79, 0x59, 0x85, 0xb7, 0x76, 0x4b, 0x8, 0xa0,

    /* U+6027 "性" */
    0x0, 0x27, 0x80, 0x46, 0x21, 0xe4, 0x1, 0xff,
    0x72, 0x8, 0x7, 0xc6, 0x0, 0x81, 0x11, 0x38,
    0x0, 0x40, 0x3b, 0x84, 0x3e, 0x5c, 0x37, 0x83,
    0x3f, 0xd8, 0x0, 0x31, 0x6, 0x65, 0xbf, 0x68,
    0x5f, 0x73, 0x40, 0xc8, 0x0, 0x30, 0x70, 0x26,
    0xc, 0x23, 0x3, 0xd0, 0x4, 0xda, 0x1, 0xfc,
    0x8c, 0x1, 0x9b, 0x32, 0xd, 0xcc, 0x28, 0x7,
    0xcf, 0x32, 0xb0, 0x89, 0x93, 0x80, 0x7c, 0x4a,
    0xa7, 0x5, 0x58, 0x80, 0x3f, 0xfb, 0x4d, 0x55,
    0x83, 0xaa, 0xa1, 0x0, 0xe3, 0x22, 0x8d, 0xd0,
    0x8a, 0x0,

    /* U+603B "总" */
    0x0, 0xc2, 0x20, 0xe, 0x20, 0xf, 0xd1, 0x40,
    0x19, 0xf0, 0x3, 0xf4, 0xab, 0x0, 0x6, 0x6c,
    0x3, 0xe2, 0x23, 0xe1, 0x13, 0x41, 0xc8, 0x3,
    0xdb, 0xa6, 0x5d, 0xd1, 0x8e, 0xe8, 0x80, 0x3d,
    0x9f, 0xfe, 0xc0, 0xf, 0xfe, 0x62, 0x99, 0xf9,
    0x80, 0x3f, 0x4e, 0x67, 0xa8, 0xc, 0x3, 0xbf,
    0xee, 0x4c, 0xff, 0xc2, 0x1, 0x9c, 0x5a, 0x87,
    0x71, 0x40, 0x10, 0xc0, 0x11, 0x40, 0x73, 0x3,
    0x5d, 0x8, 0x54, 0x98, 0x2, 0xd0, 0x40, 0x32,
    0x70, 0xa8, 0x47, 0x0, 0xb7, 0x87, 0x88, 0xe0,
    0x28, 0x47, 0x12, 0x1e, 0x40, 0x50, 0xee, 0xda,
    0xe, 0x18, 0x40,

    /* U+606F "息" */
    0x0, 0xf9, 0x54, 0x1, 0xff, 0xc2, 0xb3, 0x0,
    0xff, 0x77, 0xfc, 0x33, 0xff, 0x70, 0x7, 0xd9,
    0xff, 0xeb, 0x0, 0xfd, 0x9d, 0xde, 0xb0, 0xf,
    0xd9, 0xdd, 0xeb, 0x0, 0xfd, 0xf7, 0x7e, 0x80,
    0xf, 0xd3, 0x11, 0xea, 0x0, 0xfc, 0x24, 0x5e,
    0x30, 0xf, 0x8a, 0xbf, 0xfd, 0x64, 0x1, 0xec,
    0xfe, 0xe1, 0xdf, 0x75, 0x84, 0x1, 0xb8, 0xb1,
    0x83, 0xa9, 0x40, 0xf, 0x80, 0x13, 0x19, 0x0,
    0x47, 0x40, 0x8, 0x42, 0x80, 0x18, 0x80, 0xf,
    0x8, 0x91, 0x4, 0xe1, 0xc, 0x3, 0x6a, 0x16,
    0xdd, 0xdb, 0x50, 0xd3, 0x80,

    /* U+60AC "悬" */
    0x0, 0x9f, 0xfb, 0xbe, 0xf2, 0x0, 0xf2, 0xf7,
    0x7b, 0xc0, 0x3f, 0x2e, 0xef, 0xbc, 0x3, 0xf2,
    0xee, 0xfb, 0xc0, 0x3f, 0x2e, 0xef, 0xbc, 0x3,
    0xf2, 0xee, 0xfb, 0xc0, 0x3b, 0xfd, 0xb, 0xff,
    0xee, 0xd, 0xfa, 0xf, 0xf7, 0x29, 0x67, 0xfd,
    0x60, 0xdf, 0xea, 0x0, 0x67, 0x28, 0xfe, 0xf7,
    0xd0, 0x35, 0x80, 0x64, 0x8a, 0xfe, 0x4a, 0xfe,
    0xff, 0x2, 0x80, 0x59, 0xcb, 0xc1, 0x95, 0x0,
    0xb, 0xc5, 0x0, 0xa7, 0xc0, 0x81, 0x7c, 0x0,
    0xb3, 0x27, 0x0, 0x5b, 0x30, 0x0, 0x20, 0x30,
    0x34, 0x7b, 0x8, 0x19, 0x60, 0x4, 0xcf, 0xfb,
    0x94, 0x4e, 0x98,

    /* U+60C5 "情" */
    0x0, 0x62, 0x0, 0x77, 0x20, 0x7, 0xf7, 0x76,
    0x1b, 0xee, 0x9c, 0x4, 0x3d, 0x3b, 0xb0, 0x5f,
    0x74, 0xe3, 0xa0, 0x7f, 0x1b, 0xb0, 0x5e, 0xec,
    0x2a, 0xe1, 0x87, 0x93, 0x30, 0x3c, 0xcc, 0xa4,
    0x60, 0xd, 0xee, 0xca, 0x5d, 0xd6, 0xe6, 0x80,
    0x16, 0xa6, 0x7e, 0x89, 0xb5, 0x0, 0x8f, 0x3f,
    0xfb, 0x3c, 0x4, 0x3, 0xd9, 0x9d, 0x40, 0x1f,
    0xdb, 0xbd, 0x40, 0x1f, 0x87, 0x77, 0xac, 0x3,
    0xf0, 0xf7, 0x75, 0x98, 0x7, 0xc3, 0xdd, 0xbe,
    0x8c, 0x3, 0xfe, 0x4e, 0xba, 0x0,

    /* U+60E0 "惠" */
    0xf, 0xff, 0xfe, 0xc, 0x7, 0xff, 0x86, 0xbf,
    0xfa, 0x0, 0x19, 0xbb, 0x86, 0xb7, 0x71, 0x80,
    0x45, 0x3b, 0xb0, 0x56, 0xec, 0x6e, 0x1, 0xa7,
    0x32, 0xa, 0xcc, 0x84, 0x3, 0xbb, 0x32, 0x1a,
    0xcc, 0x84, 0x3, 0xbb, 0x76, 0x1a, 0xdd, 0x84,
    0x3, 0x76, 0xee, 0x1a, 0xd7, 0x76, 0xa0, 0x2,
    0xab, 0xc3, 0x76, 0x15, 0xd8, 0x0, 0x66, 0x5f,
    0xed, 0x6a, 0xff, 0x65, 0xa2, 0x83, 0x7b, 0x72,
    0x25, 0xea, 0x87, 0xbc, 0xa0, 0xc8, 0x8, 0x66,
    0xd3, 0x42, 0x31, 0xe0, 0x4, 0x40, 0x0, 0xc0,
    0x8, 0x5a, 0x98, 0x26, 0x16, 0x50, 0x5b, 0xff,
    0xcd, 0xc1, 0x6a,

    /* U+60EF "惯" */
    0x0, 0x1f, 0x0, 0x7, 0xff, 0xe1, 0x0, 0xf8,
    0x8f, 0xf4, 0xbf, 0x80, 0x40, 0xa, 0xa1, 0xcc,
    0x8f, 0x74, 0x5b, 0xc1, 0xe4, 0x1e, 0x22, 0x7f,
    0x57, 0xd9, 0x6d, 0xc0, 0xd2, 0x7, 0x20, 0xc5,
    0x3, 0x89, 0x68, 0x94, 0x20, 0x1, 0xb0, 0x2a,
    0x76, 0xf4, 0xcb, 0xb3, 0xc0, 0x4, 0xc0, 0x2,
    0x24, 0xc4, 0x7c, 0x0, 0x28, 0x0, 0xc7, 0xbd,
    0xda, 0x88, 0x3, 0xfe, 0x88, 0x0, 0x7f, 0xf0,
    0x84, 0x40, 0x1f, 0xfc, 0x25, 0xe0, 0xf, 0xfb,
    0x4d, 0xc8, 0x90, 0xf8, 0x1, 0xf0, 0xae, 0xd6,
    0x20, 0x6c, 0x18, 0x7, 0x17, 0xe4, 0xe9, 0xc,
    0x76, 0xc0, 0x4, 0x7c, 0x5d, 0x48, 0x1, 0xcf,
    0x60,

    /* U+60F3 "想" */
    0x0, 0x8f, 0xc0, 0x2e, 0xff, 0xe3, 0x0, 0x19,
    0x94, 0xc, 0xc2, 0x19, 0xff, 0x8, 0x0, 0xb3,
    0x12, 0x19, 0x89, 0x0, 0xfc, 0x5b, 0xa0, 0x6,
    0xea, 0x43, 0x3f, 0xe1, 0x0, 0x88, 0x2, 0xe0,
    0x10, 0xcf, 0xf8, 0x40, 0x37, 0xb0, 0x56, 0xa8,
    0x6f, 0x74, 0x20, 0x15, 0xb5, 0x3, 0x53, 0x86,
    0xf7, 0x42, 0x0, 0x26, 0xa0, 0x9, 0x48, 0x3,
    0xf1, 0x68, 0x8c, 0x1, 0x1e, 0x7f, 0xc2, 0x1,
    0x8c, 0xbc, 0x87, 0xb9, 0xff, 0x4e, 0x18, 0x5,
    0x84, 0xd2, 0x37, 0x86, 0x0, 0xee, 0x0, 0x4e,
    0x64, 0x1, 0x2d, 0x11, 0xcc, 0x1b, 0x0, 0xcc,
    0x80, 0xe, 0x22, 0x40, 0x42, 0x8, 0xa0, 0x1b,
    0x50, 0x42, 0xee, 0xd3, 0xc0, 0xd8, 0x0,

    /* U+610F "意" */
    0x0, 0xf8, 0xc4, 0x3, 0xff, 0x83, 0x3a, 0x1,
    0xf0, 0xf7, 0x5f, 0xca, 0x7f, 0xee, 0xe8, 0x40,
    0x7b, 0x92, 0x9d, 0xff, 0x23, 0xf7, 0x4, 0x1e,
    0x65, 0x89, 0x33, 0x52, 0x1c, 0xca, 0x0, 0xf3,
    0x1d, 0x59, 0x97, 0xd7, 0xe6, 0x34, 0x11, 0x62,
    0x3f, 0xad, 0x54, 0x1, 0x17, 0xee, 0xfb, 0xc4,
    0x40, 0x1d, 0xf9, 0x9e, 0xf0, 0xf, 0xbf, 0x33,
    0xde, 0x1, 0xe3, 0xfd, 0xd7, 0xee, 0xde, 0x42,
    0x1, 0x14, 0x64, 0x79, 0x26, 0xed, 0x42, 0x1,
    0x4e, 0x95, 0x16, 0x83, 0x99, 0x6, 0x0, 0x19,
    0x60, 0x3, 0x4b, 0xd5, 0x1d, 0xa4, 0x1, 0xa2,
    0x65, 0xff, 0x9e, 0xc2, 0xac,

    /* U+611F "感" */
    0x0, 0xff, 0xe6, 0xf, 0x8b, 0x5a, 0x0, 0x6f,
    0xff, 0x70, 0x74, 0xa5, 0xf9, 0x0, 0x87, 0x7f,
    0xf0, 0x57, 0xfb, 0xbc, 0x80, 0x24, 0xdd, 0xcc,
    0x84, 0x7, 0xc0, 0x1c, 0xb9, 0x99, 0x8f, 0x42,
    0x58, 0x2, 0x30, 0x1f, 0xcc, 0x79, 0xe2, 0xa9,
    0x20, 0x2, 0x73, 0x30, 0x6e, 0x88, 0x10, 0x2a,
    0xc4, 0x80, 0x1a, 0xa0, 0x3, 0x30, 0x0, 0x80,
    0xa, 0x1c, 0x80, 0xda, 0x6b, 0x10, 0x7b, 0xd7,
    0x4c, 0x53, 0x52, 0x54, 0x1b, 0xb4, 0xfd, 0xd4,
    0x5a, 0x4c, 0x9, 0x5a, 0x86, 0x18, 0x53, 0x28,
    0x3, 0xe5, 0xc0, 0x7, 0x42, 0x4e, 0x59, 0x64,
    0x10, 0x54, 0x40, 0xe, 0x81, 0x1, 0x2, 0xe2,
    0x37, 0x46, 0xe0, 0x1a, 0x70, 0x6a, 0xff, 0xd8,
    0xc3, 0x1a, 0x0,

    /* U+6210 "成" */
    0x0, 0xfc, 0x3e, 0x55, 0x24, 0x1, 0xff, 0xc1,
    0xac, 0xf3, 0x0, 0xaf, 0xff, 0xb8, 0x37, 0xe8,
    0xb1, 0x40, 0xe, 0x99, 0x9c, 0x11, 0x99, 0x90,
    0x2, 0xc3, 0x3e, 0x12, 0x33, 0x11, 0x88, 0x5,
    0x86, 0x65, 0x20, 0x22, 0x0, 0xf1, 0x80, 0x42,
    0x9b, 0xaa, 0xa0, 0x37, 0x3, 0x11, 0x80, 0x69,
    0xee, 0x28, 0x3, 0x54, 0x26, 0xc0, 0x3f, 0xbc,
    0xc, 0xd2, 0x6c, 0x1, 0x88, 0x80, 0x1, 0x0,
    0x20, 0x37, 0x0, 0x62, 0x6, 0x22, 0x29, 0x1,
    0x80, 0xc, 0x1c, 0xc1, 0xc4, 0xbf, 0x49, 0x11,
    0x84, 0x4, 0x1a, 0xa1, 0x2e, 0x1b, 0xf9, 0x16,
    0xfa, 0x9e, 0xa8, 0xa2, 0x2b, 0x0, 0x89, 0x2e,
    0x2, 0xde, 0x94, 0xc7, 0x48, 0x2, 0x2d, 0x40,
    0xa, 0xbe, 0xc0,

    /* U+6211 "我" */
    0x0, 0xf0, 0x88, 0x3, 0xf8, 0x4d, 0xab, 0x7a,
    0xf, 0xc1, 0xd8, 0x3, 0x7f, 0xb1, 0x53, 0xa4,
    0x2, 0x58, 0x80, 0x5, 0xd9, 0x43, 0xa2, 0x2,
    0x2, 0x58, 0xc6, 0x1, 0xfc, 0x60, 0x60, 0x5c,
    0x60, 0x9d, 0xd0, 0xdf, 0x74, 0x1b, 0xdd, 0x68,
    0x2e, 0xec, 0xf, 0xba, 0xc0, 0x7d, 0xdb, 0x80,
    0x4c, 0xe1, 0xc3, 0x3d, 0xe6, 0x1c, 0x60, 0x1c,
    0x3a, 0xf4, 0x4b, 0xa1, 0xd4, 0x0, 0x27, 0xad,
    0x6, 0xdc, 0x3f, 0x7a, 0x17, 0x0, 0x3d, 0x94,
    0x5, 0xd3, 0xa, 0x12, 0xe8, 0x4, 0xb9, 0xa,
    0x20, 0x1a, 0x41, 0xc4, 0x24, 0x40, 0x3e, 0x4e,
    0x77, 0x30, 0x1, 0xcc, 0x4, 0x88, 0x21, 0x16,
    0xd9, 0x1, 0x68, 0x4, 0xb, 0xba, 0x35, 0x9d,
    0x80, 0x6, 0x35, 0xc8, 0x1, 0x3f, 0xd8, 0x22,
    0x20, 0x8, 0xb7, 0xdc, 0x0,

    /* U+6216 "或" */
    0x0, 0xfc, 0x5e, 0x31, 0x46, 0x1, 0xfe, 0x30,
    0x38, 0xef, 0x30, 0x6, 0xff, 0xfb, 0x83, 0x7e,
    0xcf, 0x40, 0x1d, 0x99, 0xf0, 0x46, 0x65, 0xa0,
    0x3, 0x22, 0xe3, 0x30, 0x91, 0x99, 0xcc, 0x2,
    0xee, 0xe5, 0x2, 0x20, 0x25, 0x88, 0x6, 0xdf,
    0xf1, 0x0, 0x1b, 0x83, 0xd4, 0x40, 0x3f, 0xc4,
    0xa6, 0x92, 0x1, 0xce, 0x66, 0x0, 0xb0, 0xf9,
    0x8c, 0x3, 0x14, 0x77, 0x0, 0x41, 0x40, 0xa4,
    0x3, 0xb7, 0x77, 0x80, 0x18, 0x8, 0x0, 0xc2,
    0x8, 0xd3, 0x9f, 0xf4, 0x41, 0x88, 0x81, 0x4a,
    0x1f, 0x9d, 0xfe, 0xe6, 0x66, 0x49, 0xfa, 0x9a,
    0x85, 0xd3, 0x98, 0x5b, 0xf1, 0x86, 0xb5, 0x30,
    0x80,

    /* U+6233 "戳" */
    0xe, 0xe7, 0xd6, 0xf7, 0x3c, 0x16, 0xda, 0x0,
    0x29, 0xc9, 0xa, 0xa7, 0x0, 0x4e, 0xe6, 0x40,
    0x2, 0x47, 0x3, 0x41, 0x80, 0x4, 0x6, 0xc8,
    0x0, 0xc2, 0xec, 0x81, 0xe0, 0x7, 0x33, 0xb8,
    0x45, 0xd1, 0x2d, 0xfe, 0xc0, 0x9c, 0xe, 0xc0,
    0x0, 0xdb, 0x65, 0xb1, 0x86, 0xde, 0x6, 0xde,
    0x8, 0x2, 0x85, 0xcf, 0x19, 0x8, 0xc0, 0x5b,
    0x80, 0xe, 0x18, 0x20, 0xa2, 0x20, 0x0, 0x94,
    0xc8, 0xe, 0x3, 0xb8, 0x5, 0xc8, 0x0, 0x2f,
    0x23, 0x3, 0xa0, 0xaa, 0x7, 0x51, 0x0, 0x47,
    0xe0, 0x12, 0x7, 0xf8, 0x2b, 0xd4, 0x0, 0x60,
    0x6a, 0x20, 0x16, 0x60, 0x77, 0x10, 0x28, 0x2,
    0xf5, 0x0, 0xaa, 0x83, 0xd5, 0x4b, 0x4e, 0x3b,
    0x45, 0x0, 0xbb, 0x97, 0x1c, 0x6f, 0xe3, 0xcc,
    0xe2,

    /* U+6237 "户" */
    0x0, 0xf9, 0x8, 0x3, 0xff, 0x81, 0xd0, 0x1,
    0xff, 0xc0, 0xe5, 0x0, 0xf9, 0x3f, 0xf5, 0x87,
    0xfe, 0x70, 0xd, 0xbb, 0xf9, 0x3c, 0x3, 0x11,
    0x7e, 0x0, 0xff, 0xe3, 0x8, 0x6e, 0xfe, 0x40,
    0x8, 0xc2, 0x67, 0xf0, 0x6, 0xe4, 0x4f, 0xec,
    0xa0, 0x1, 0x10, 0x3, 0xf1, 0x90, 0x1, 0x70,
    0x3, 0xfe, 0x40, 0x50, 0xf, 0xfa, 0x18, 0x3,
    0xfe, 0x21, 0x80, 0xf, 0xf8, 0xb4, 0x40, 0x3f,
    0xe0,

    /* U+6240 "所" */
    0x0, 0xff, 0xe4, 0x12, 0xd2, 0x80, 0x46, 0xf8,
    0xe0, 0x7, 0xfe, 0xd9, 0x26, 0x7f, 0xf6, 0x62,
    0xd8, 0x3, 0x67, 0xe4, 0x1f, 0x86, 0xfd, 0xb8,
    0x80, 0x42, 0x23, 0x38, 0x3c, 0xc8, 0x3, 0xe1,
    0xdd, 0xb0, 0x40, 0x3f, 0xc7, 0xdc, 0xf0, 0x8,
    0xff, 0xf8, 0x80, 0xe, 0x1, 0xe2, 0xff, 0x5,
    0x79, 0x0, 0x13, 0xfd, 0xc0, 0x13, 0x0, 0x4,
    0x40, 0x18, 0xf7, 0x70, 0xf8, 0x80, 0x7d, 0xca,
    0x45, 0x80, 0xc8, 0x3, 0xe2, 0x10, 0xe, 0x5d,
    0x0, 0xf9, 0xb4, 0x3, 0x28, 0x28, 0x7, 0x88,
    0x88, 0x1, 0xa1, 0x80, 0x3e, 0x16, 0x10, 0x8,
    0xc6, 0x0, 0x3e, 0x39, 0x0, 0xc7, 0x80, 0x1b,
    0x90, 0x0,

    /* U+624B "手" */
    0x0, 0xff, 0x90, 0x40, 0x21, 0x23, 0x45, 0x79,
    0xbd, 0xfa, 0x60, 0xa, 0xb3, 0x67, 0xa5, 0xb6,
    0x7b, 0x8e, 0x1, 0x5f, 0x73, 0x6e, 0x9, 0x90,
    0x40, 0x3f, 0xf9, 0x1b, 0xff, 0xa4, 0xbf, 0xfa,
    0x0, 0x1f, 0x99, 0x98, 0x33, 0x3a, 0x40, 0x4,
    0x67, 0xbc, 0x8c, 0xf8, 0x40, 0x8b, 0xdc, 0x45,
    0xf0, 0xee, 0xf9, 0xc3, 0x77, 0xcd, 0xff, 0xe9,
    0x1f, 0xff, 0x38, 0x7, 0xc6, 0x1, 0xff, 0xcd,
    0x22, 0xb8, 0x3, 0xfe, 0xad, 0xd3, 0x58, 0x7,
    0xfa, 0x3f, 0xdc, 0xc0, 0x1f, 0x0,

    /* U+6253 "打" */
    0x0, 0xb9, 0x0, 0x2, 0x3f, 0x80, 0x3e, 0x7e,
    0xef, 0xc6, 0x26, 0x61, 0x33, 0x2e, 0xee, 0x8,
    0xdd, 0x1a, 0x66, 0x2, 0x31, 0x48, 0xb0, 0x91,
    0x40, 0xbf, 0xe1, 0xbf, 0x70, 0xf, 0xfe, 0x88,
    0xb2, 0x0, 0x7f, 0x92, 0x6, 0xa8, 0x20, 0x1f,
    0xcb, 0x66, 0x15, 0x8a, 0x1, 0xfc, 0xbf, 0x62,
    0x20, 0xf, 0xff, 0x0, 0x90, 0x80, 0x63, 0x38,
    0x40, 0x3a, 0xf4, 0xd4, 0x2, 0x8c, 0xc1, 0xa0,
    0x6, 0xaf, 0xc1, 0x0, 0xaf, 0xfd, 0x82, 0x1,
    0x0,

    /* U+625B "扛" */
    0x0, 0xbc, 0xc0, 0x3f, 0xf8, 0xa7, 0xff, 0xf5,
    0x80, 0x8, 0xc1, 0x88, 0x97, 0x70, 0x35, 0xda,
    0x1, 0x37, 0x2, 0xb4, 0x91, 0x20, 0xc4, 0x41,
    0x82, 0x7f, 0x83, 0x3c, 0xc0, 0x3f, 0xfa, 0x48,
    0x40, 0x1f, 0xe3, 0x70, 0xca, 0x60, 0xf, 0xe5,
    0xca, 0x9, 0xe4, 0x0, 0xfe, 0x5e, 0xd0, 0x50,
    0xf, 0xfe, 0x0, 0x80, 0x7f, 0xf4, 0xc8, 0xc0,
    0x43, 0xff, 0x5, 0x7f, 0xc8, 0x1d, 0x88, 0x41,
    0x99, 0xfc, 0xa0,

    /* U+626C "扬" */
    0x0, 0xff, 0xe3, 0x1f, 0x80, 0x3f, 0xfe, 0x70,
    0xf, 0xdb, 0xba, 0xc0, 0x9c, 0x0, 0x2b, 0x60,
    0xa8, 0x45, 0xd, 0x2e, 0x80, 0x45, 0x4e, 0x15,
    0x20, 0x6, 0xc9, 0xa0, 0xc, 0x7f, 0x81, 0xfa,
    0x59, 0x32, 0x52, 0x28, 0xc0, 0x3e, 0xd3, 0x9,
    0xdd, 0xd8, 0x60, 0x1c, 0x7f, 0xe8, 0x4f, 0x66,
    0x78, 0x8, 0x15, 0x7, 0xc0, 0xc, 0xc0, 0x3d,
    0x88, 0x12, 0x6b, 0x7, 0x58, 0x6b, 0x1b, 0x29,
    0x10, 0x0, 0x9d, 0x80, 0x22, 0xb6, 0x81, 0x89,
    0x6, 0x20, 0x0, 0x80, 0x44, 0x74, 0x14, 0xc4,
    0x4, 0x20, 0x1e, 0x38, 0xa, 0x18, 0x0, 0x6a,
    0x80, 0x9, 0x80, 0x21, 0xb1, 0xa0, 0x12, 0x5c,
    0x0, 0x75, 0x30, 0x2, 0xb2, 0xc0, 0x7b, 0x51,
    0x40, 0x19, 0xf2, 0x0, 0xb7, 0x0, 0xf, 0xfa,
    0xc0, 0x0,

    /* U+6279 "批" */
    0x0, 0xff, 0xe3, 0xf, 0x88, 0x36, 0x80, 0x13,
    0x80, 0x3f, 0xf9, 0x22, 0x60, 0x60, 0x1f, 0xf2,
    0x76, 0x86, 0xf0, 0x7, 0xc2, 0xa0, 0x9f, 0xc1,
    0xbc, 0x4, 0x50, 0x81, 0x67, 0x80, 0x71, 0x80,
    0x5b, 0xa3, 0x1c, 0x5a, 0x0, 0xf1, 0x81, 0x7f,
    0x88, 0x2a, 0x0, 0x21, 0x60, 0xed, 0x0, 0xe1,
    0x40, 0x9, 0x3a, 0x42, 0xb8, 0x3, 0xfc, 0x9d,
    0xe0, 0x80, 0x1f, 0xfc, 0x1, 0x0, 0xff, 0xe0,
    0x10, 0x7, 0xf1, 0x48, 0x80, 0x5c, 0x80, 0x26,
    0x1, 0x59, 0x68, 0x0, 0x48, 0xa7, 0xd, 0xd2,
    0x8, 0x1a, 0xf4, 0xa1, 0x6e, 0x8c, 0xc0,

    /* U+628A "把" */
    0x0, 0x27, 0x80, 0x23, 0xff, 0xea, 0x0, 0xfe,
    0x33, 0x1, 0x18, 0x80, 0x44, 0x60, 0x42, 0x9,
    0x98, 0xc, 0xc3, 0x80, 0xb, 0x60, 0x36, 0x40,
    0x3f, 0xc5, 0xf6, 0x1f, 0x0, 0x1f, 0xfd, 0x21,
    0x40, 0x46, 0x60, 0x33, 0x40, 0x11, 0xc0, 0x77,
    0x0, 0x15, 0x43, 0xba, 0x0, 0x93, 0xc, 0x3a,
    0x81, 0x33, 0x3a, 0x8, 0x13, 0xec, 0x4, 0x3,
    0xf3, 0xc0, 0x7, 0xff, 0xd, 0x4, 0x3, 0xff,
    0x85, 0xe, 0x2, 0x42, 0x0, 0xe5, 0x32, 0x2c,
    0x66, 0x50, 0xb9, 0x70, 0x3, 0x96, 0x6e, 0xec,
    0x63,

    /* U+6293 "抓" */
    0x0, 0xff, 0xe3, 0x1f, 0x0, 0x71, 0x23, 0xef,
    0xa0, 0x7, 0xdf, 0xee, 0xd9, 0xf2, 0x84, 0x0,
    0x13, 0x9, 0x10, 0x73, 0x8a, 0x61, 0x8, 0x0,
    0x5b, 0x41, 0xbe, 0x60, 0x1e, 0x30, 0x1, 0x7e,
    0xf, 0xe8, 0x7, 0x84, 0x3, 0xf8, 0xc0, 0x38,
    0xf8, 0x3, 0xc2, 0x80, 0x20, 0x18, 0x44, 0x1,
    0x1c, 0x8f, 0x68, 0x98, 0x6, 0xe2, 0x0, 0x1e,
    0x38, 0x7c, 0x0, 0x80, 0x62, 0x70, 0x1, 0xff,
    0x8, 0x10, 0x80, 0x73, 0x18, 0x7, 0xca, 0xa0,
    0xe, 0x20, 0x30, 0xf, 0x79, 0x80, 0x79, 0x6c,
    0x0, 0x2e, 0x0, 0x7b, 0x0, 0xf7, 0xb8, 0x85,
    0x5b, 0x8a, 0x98, 0x7, 0x95, 0x84, 0x2f, 0xe4,
    0x6c, 0x2, 0xd4, 0x0, 0xa4, 0x0,

    /* U+6297 "抗" */
    0x0, 0xff, 0xe3, 0xf, 0x88, 0x6, 0xc7, 0x0,
    0xff, 0xe1, 0x4c, 0x80, 0x3c, 0x44, 0x5, 0x27,
    0x88, 0x6a, 0xc4, 0x61, 0x3d, 0xc0, 0xbc, 0xf1,
    0x18, 0x84, 0x70, 0x1f, 0xf0, 0x77, 0x22, 0x67,
    0xf0, 0x80, 0x7c, 0xbf, 0xfc, 0x1, 0xf1, 0x30,
    0x5, 0xba, 0xa0, 0xe, 0x5b, 0xc, 0xd0, 0x1,
    0x14, 0xe0, 0x19, 0x6c, 0x1, 0xb6, 0x6, 0x20,
    0x1f, 0x2f, 0x58, 0x18, 0x0, 0x5c, 0x3, 0xff,
    0x85, 0x98, 0x0, 0xe5, 0x10, 0xf, 0x1a, 0x28,
    0x7, 0x62, 0x80, 0x98, 0x0, 0xb5, 0x88, 0x3,
    0x19, 0x38, 0x6e, 0x90, 0x61, 0x24, 0x2, 0x23,
    0xc7, 0x30, 0xcf, 0xb0, 0xaa, 0x0, 0x76, 0x7e,
    0x0,

    /* U+62A5 "报" */
    0x0, 0xbc, 0xc0, 0xff, 0xfe, 0x50, 0xf, 0xee,
    0xee, 0x1, 0x0, 0x8, 0x81, 0x84, 0x0, 0x23,
    0xc0, 0xe0, 0x9d, 0xc0, 0xae, 0x70, 0x0, 0x99,
    0x28, 0x18, 0x26, 0xe8, 0x27, 0x5c, 0x2, 0xfe,
    0x98, 0x0, 0x88, 0x80, 0xa4, 0x0, 0x32, 0xff,
    0x8c, 0x40, 0x3c, 0x20, 0xc, 0xc6, 0xed, 0x74,
    0x0, 0x15, 0xc, 0xe6, 0xb, 0x2e, 0xe8, 0xb4,
    0x17, 0xa0, 0x1f, 0xd8, 0x10, 0x18, 0x10, 0x98,
    0x17, 0xb4, 0x2c, 0x3, 0x4c, 0x8a, 0x5c, 0x2,
    0x10, 0xf, 0x91, 0xb4, 0xe0, 0x3, 0xff, 0x80,
    0x20, 0x24, 0x1, 0x9, 0x0, 0x70, 0xdb, 0x5a,
    0xeb, 0x0, 0xf6, 0x99, 0x80, 0x28, 0x1f, 0x4a,
    0x9a, 0x11, 0x7f, 0xb0, 0x0, 0x7f, 0x34, 0x20,
    0x6, 0xc1,

    /* U+62C9 "拉" */
    0x0, 0xff, 0xe3, 0x17, 0x80, 0x72, 0xe8, 0x7,
    0xff, 0x9, 0x48, 0xc0, 0x38, 0x9c, 0xc, 0x91,
    0xde, 0x4b, 0x77, 0x84, 0x5b, 0x41, 0x92, 0x3b,
    0xb0, 0x96, 0xec, 0x63, 0xfa, 0x1f, 0x6b, 0x71,
    0x55, 0x47, 0xd1, 0x0, 0x7c, 0x9c, 0x1, 0x25,
    0x80, 0x7c, 0x20, 0x86, 0x1, 0x72, 0x80, 0x42,
    0xa1, 0xfa, 0x2, 0x6, 0x0, 0x33, 0x0, 0xb,
    0xa0, 0x2b, 0x0, 0x6, 0xa0, 0x5, 0xd0, 0x1,
    0x66, 0x82, 0x80, 0x4d, 0xe0, 0x22, 0x40, 0x8,
    0xc0, 0x3d, 0xa4, 0xa, 0x42, 0x1, 0xfe, 0x22,
    0x6, 0x20, 0x6, 0x11, 0x0, 0x4a, 0xa0, 0xc5,
    0x60, 0x55, 0x18, 0x46, 0x20, 0xc, 0xcf, 0x12,
    0xcc, 0xac,

    /* U+62D6 "拖" */
    0x0, 0xff, 0xe3, 0x1f, 0x0, 0x4b, 0x80, 0x1f,
    0xfc, 0x29, 0x52, 0x2f, 0x0, 0xad, 0xa, 0x91,
    0x99, 0x3b, 0xbc, 0x65, 0xcc, 0x1c, 0x9d, 0x1b,
    0x8f, 0xd9, 0x91, 0x9a, 0xf0, 0x6c, 0x58, 0x4,
    0x14, 0x41, 0x44, 0x3, 0xcf, 0x72, 0x60, 0x33,
    0xb4, 0xa0, 0x18, 0x51, 0x0, 0x5, 0xb0, 0x79,
    0x30, 0x9, 0x74, 0x28, 0xe0, 0x63, 0x3, 0x90,
    0x2, 0x4b, 0x20, 0xe5, 0x20, 0xd7, 0x10, 0xe,
    0x4e, 0xf1, 0x2, 0xa1, 0x0, 0xc6, 0x2e, 0x1,
    0xff, 0xc1, 0xf7, 0x30, 0xf, 0xfa, 0xcb, 0x2a,
    0xc, 0x9, 0x40, 0x31, 0xa1, 0x39, 0x91, 0xb0,
    0x3, 0xa5, 0x80, 0x2b, 0xb6, 0x66, 0xd7, 0x30,

    /* U+62DF "拟" */
    0x0, 0xff, 0xe3, 0x1f, 0x0, 0xf, 0x80, 0x3b,
    0xc8, 0x3, 0xf9, 0x68, 0x0, 0x20, 0x60, 0x2,
    0x61, 0x21, 0x0, 0x22, 0x90, 0x18, 0x4, 0x5b,
    0x41, 0xae, 0x0, 0x17, 0xb0, 0x10, 0x10, 0x2f,
    0xc1, 0xf6, 0x0, 0xa9, 0x81, 0xc4, 0x3, 0xfe,
    0x22, 0x21, 0x10, 0x3, 0xc4, 0x40, 0xd, 0x89,
    0xea, 0x1, 0x24, 0xe, 0xa0, 0x6, 0x10, 0x70,
    0x9, 0x29, 0xc3, 0xd8, 0x2, 0x16, 0x11, 0x30,
    0x1, 0x3b, 0xc4, 0x3, 0x37, 0x8b, 0x8, 0x90,
    0x3, 0xe5, 0x18, 0xd7, 0x98, 0x68, 0x0, 0xfa,
    0x43, 0xce, 0x8d, 0xa8, 0xcc, 0x2, 0xe0, 0x15,
    0x78, 0xca, 0xf0, 0x11, 0xd8, 0x6d, 0xb8, 0x1,
    0x40, 0x7, 0x66, 0x0, 0xf9,

    /* U+62E9 "择" */
    0x0, 0xff, 0xe3, 0x17, 0x80, 0x2b, 0xff, 0xe5,
    0x0, 0xfa, 0xa0, 0xbb, 0xa8, 0x15, 0x0, 0x13,
    0x81, 0x10, 0x1c, 0x64, 0x56, 0x74, 0x0, 0x9b,
    0x41, 0xbe, 0x0, 0xd5, 0xfb, 0xd3, 0x0, 0x27,
    0xe8, 0x7e, 0x80, 0xc, 0x3, 0xff, 0x82, 0xb5,
    0xab, 0xef, 0x96, 0xa2, 0x1, 0x89, 0xa7, 0x7a,
    0x21, 0x3c, 0x70, 0x40, 0x92, 0x1b, 0xf8, 0xa6,
    0x67, 0x53, 0xad, 0x34, 0xb6, 0xf, 0x95, 0xdd,
    0x60, 0x5e, 0xe8, 0x81, 0x3f, 0xc0, 0x12, 0xff,
    0xb8, 0x37, 0xfc, 0x40, 0x1f, 0x19, 0xc8, 0xe,
    0x67, 0x8, 0x7, 0xf, 0x75, 0x41, 0x5d, 0xd2,
    0x80, 0xb0, 0x0, 0x77, 0x6e, 0xd, 0xdc, 0x81,
    0x56, 0xa0, 0x1f, 0xfc, 0x1b, 0xfa, 0x0, 0xe1,
    0xe2, 0x0, 0xc0,

    /* U+62FD "拽" */
    0x0, 0x1f, 0x0, 0x72, 0xe8, 0x7, 0xfc, 0x4a,
    0x7a, 0x46, 0x70, 0x80, 0x4e, 0x20, 0x8, 0xae,
    0x70, 0xee, 0x6c, 0x80, 0x32, 0xc3, 0x1c, 0xdf,
    0x6c, 0x77, 0x48, 0x1, 0x66, 0x7, 0x1c, 0xdf,
    0xec, 0x7f, 0xca, 0x1, 0xf8, 0xdb, 0xb0, 0x3b,
    0x88, 0x1, 0xe1, 0x20, 0x11, 0x18, 0x0, 0x44,
    0x1, 0x14, 0xf, 0x51, 0xbf, 0xf8, 0x3b, 0xd4,
    0x0, 0x5a, 0x81, 0xd0, 0x4d, 0xdc, 0x28, 0xea,
    0x90, 0x2e, 0xc1, 0x10, 0x44, 0x88, 0x93, 0x9e,
    0x8c, 0x0, 0x20, 0x1f, 0xbd, 0xa7, 0xc, 0x3,
    0xf8, 0x62, 0x42, 0xd, 0xe4, 0x5, 0x80, 0x3,
    0x1b, 0xc9, 0x71, 0x29, 0x9c, 0x17, 0x4e, 0x2,
    0x55, 0xd8, 0x8e, 0xd6, 0xec, 0x15, 0xf2, 0x0,
    0xa7, 0x10, 0xa, 0x3f, 0x44,

    /* U+62FE "拾" */
    0x0, 0xf, 0x88, 0x6, 0x5f, 0x0, 0xff, 0xe1,
    0x48, 0x28, 0x7, 0xff, 0x1, 0xc6, 0xec, 0x40,
    0x11, 0x7f, 0x7, 0x78, 0x24, 0x72, 0x4e, 0x8,
    0x0, 0xbf, 0x83, 0x7d, 0x6d, 0xc4, 0x94, 0xbd,
    0x0, 0x38, 0xcd, 0x46, 0xfb, 0xb0, 0xbc, 0x80,
    0x7d, 0xb9, 0xff, 0xb6, 0x74, 0x0, 0x2e, 0x1d,
    0x86, 0x45, 0xe1, 0x0, 0x1f, 0x40, 0x4f, 0x9e,
    0xef, 0xa0, 0x0, 0x7b, 0xe0, 0xe0, 0x17, 0xfe,
    0x50, 0xc, 0x40, 0x1f, 0xfd, 0x31, 0x30, 0xe,
    0xdd, 0xca, 0x1, 0xab, 0x50, 0x40, 0x29, 0x9c,
    0x20, 0x1a, 0xfe, 0xc0, 0x5, 0xe8, 0x9b, 0xa4,
    0x0,

    /* U+6301 "持" */
    0x0, 0xff, 0xe3, 0x1f, 0x0, 0x7b, 0x8c, 0x3,
    0xfc, 0x26, 0x70, 0xa1, 0x98, 0x80, 0x4, 0xc2,
    0x42, 0xbf, 0xf0, 0x47, 0xfa, 0x81, 0x36, 0x83,
    0x61, 0x33, 0x21, 0xcc, 0xa0, 0x13, 0xf0, 0x7e,
    0x4c, 0xf0, 0xa1, 0x9c, 0x20, 0x1c, 0x3d, 0xd8,
    0x23, 0x31, 0xca, 0x1, 0x84, 0xf7, 0x77, 0xf8,
    0xab, 0x50, 0x6, 0x87, 0xac, 0x8b, 0xed, 0x20,
    0x5e, 0x60, 0xc9, 0xdd, 0xf0, 0x3e, 0xa2, 0x37,
    0x4, 0xc3, 0xee, 0xdf, 0xf1, 0x57, 0xa0, 0x90,
    0x7, 0xa8, 0x80, 0x3f, 0xf8, 0x28, 0xd2, 0x1,
    0xf1, 0x30, 0x7, 0x44, 0x91, 0x0, 0x3b, 0xa9,
    0x80, 0x38, 0xbf, 0x41, 0xc0, 0x2c, 0xf8, 0x0,
    0xf6, 0xfe, 0x90, 0x0,

    /* U+6302 "挂" */
    0x0, 0x17, 0x80, 0x70, 0xf1, 0x0, 0x7f, 0xc2,
    0x23, 0x11, 0xc0, 0x11, 0x38, 0x19, 0x2f, 0xfb,
    0x43, 0x3f, 0xcc, 0x5, 0xb4, 0x19, 0xcb, 0xdd,
    0x6, 0xf7, 0x18, 0xb, 0xf4, 0x3f, 0x0, 0x3f,
    0xf8, 0x99, 0xba, 0xc0, 0xcd, 0xd8, 0x80, 0x38,
    0xe2, 0x35, 0x5c, 0x44, 0x60, 0x54, 0x1f, 0xc8,
    0xaa, 0x4a, 0x75, 0x58, 0x4f, 0x5c, 0x2f, 0x44,
    0x8a, 0x6, 0x22, 0x8, 0x1f, 0x68, 0x20, 0x46,
    0xeb, 0x2, 0xf7, 0x56, 0x0, 0x10, 0xd, 0x3f,
    0xee, 0xd, 0xff, 0x50, 0x7, 0xff, 0x18, 0x44,
    0x0, 0x7a, 0xac, 0x1d, 0x55, 0x18, 0x66, 0x14,
    0x8, 0xb1, 0xb2, 0x11, 0x42,

    /* U+6307 "指" */
    0x0, 0x84, 0x3, 0xff, 0x84, 0x3c, 0x20, 0xf,
    0x30, 0xc, 0x20, 0x1f, 0xfc, 0x4, 0x8d, 0xc0,
    0xf, 0x18, 0x5, 0x9d, 0xfe, 0xed, 0x0, 0x27,
    0xf0, 0x6f, 0x80, 0x2b, 0xad, 0xcc, 0x2c, 0x93,
    0xf8, 0x37, 0xc0, 0x48, 0xb9, 0x10, 0x1, 0xc6,
    0x0, 0x99, 0x6e, 0xea, 0x62, 0x0, 0xc4, 0xc2,
    0xfd, 0xff, 0xba, 0x40, 0x9, 0x1, 0x98, 0xe,
    0xff, 0xf4, 0x82, 0xd9, 0x6, 0xd0, 0x8a, 0xfb,
    0xb2, 0x80, 0x17, 0xe8, 0xc, 0x2, 0x71, 0x1c,
    0x1, 0xff, 0x67, 0xfe, 0x50, 0xf, 0xf6, 0x7f,
    0xe6, 0x0, 0xff, 0x22, 0x78, 0x2, 0xce, 0x31,
    0x0, 0xa2, 0x38, 0x80, 0x2c, 0xfc, 0x0, 0xbf,
    0xd9, 0x9b, 0xe4, 0x0,

    /* U+6309 "按" */
    0x0, 0xff, 0xe3, 0x17, 0x80, 0x71, 0xf8, 0x80,
    0x7f, 0x88, 0xcc, 0x0, 0x83, 0x38, 0x40, 0x9c,
    0x8, 0x7f, 0xbf, 0xc0, 0x9f, 0xec, 0x45, 0xda,
    0xd, 0xb0, 0x8c, 0xaa, 0x6e, 0x60, 0x81, 0x7f,
    0x43, 0xe9, 0xd8, 0x20, 0x3, 0x23, 0x0, 0x7a,
    0x5, 0xc5, 0x88, 0xab, 0x20, 0xe, 0x1d, 0xd4,
    0x6, 0x6e, 0xe9, 0x0, 0x8, 0x4e, 0x7e, 0x6,
    0xff, 0x95, 0x5f, 0x9, 0x98, 0xe, 0xf0, 0xd4,
    0x20, 0x2, 0x78, 0x1, 0xaa, 0xc1, 0xc8, 0x44,
    0x90, 0xe, 0xa, 0x0, 0x26, 0x60, 0x4, 0x3f,
    0x89, 0xf1, 0x60, 0x1f, 0xf1, 0xd0, 0x2, 0x4c,
    0x2, 0x16, 0x0, 0x8d, 0xfa, 0xed, 0xeb, 0x92,
    0x0, 0xcb, 0x50, 0x7, 0x6d, 0xea, 0x4, 0xe2,
    0x90, 0x6f, 0xd0, 0x3, 0x69, 0x40, 0x31, 0xe1,
    0x0,

    /* U+6362 "换" */
    0x0, 0xff, 0xe3, 0x27, 0x0, 0x69, 0xb0, 0xf,
    0xfe, 0x9, 0x32, 0x7f, 0xce, 0x1, 0x19, 0x84,
    0xc4, 0x5e, 0xff, 0xea, 0x16, 0x0, 0xe, 0xc0,
    0x6b, 0x79, 0x73, 0x55, 0x1d, 0xc0, 0x1, 0xeb,
    0x1e, 0x74, 0xf, 0xc5, 0x30, 0x92, 0x0, 0xfa,
    0x46, 0x6c, 0x32, 0x40, 0x3e, 0x13, 0x0, 0x8c,
    0x3, 0xe2, 0xf1, 0xe9, 0x0, 0x84, 0x3, 0xc7,
    0xa8, 0x1b, 0x3e, 0x35, 0x81, 0x54, 0x9, 0x23,
    0xeb, 0x12, 0x1a, 0x9c, 0x0, 0x1e, 0x4e, 0x98,
    0x8, 0x4, 0x4c, 0xce, 0x28, 0x46, 0x68, 0x40,
    0x3e, 0x86, 0xf7, 0x76, 0x8, 0x4, 0x44, 0x0,
    0x1e, 0x2e, 0x10, 0x52, 0xfb, 0x0, 0x2e, 0x58,
    0xba, 0xf4, 0x80, 0x29, 0xba, 0x20, 0x9f, 0x82,
    0xd7, 0x0, 0xf2, 0xe1, 0x0,

    /* U+636E "据" */
    0x0, 0x1f, 0x0, 0x27, 0xff, 0xee, 0x0, 0xfc,
    0xbf, 0xfd, 0x60, 0x12, 0x20, 0x50, 0xc0, 0xc0,
    0x39, 0xc0, 0x5, 0x50, 0x15, 0x20, 0xd5, 0x5d,
    0x0, 0x2, 0xec, 0x1e, 0xa0, 0x6, 0x60, 0xd7,
    0x36, 0xc0, 0x3f, 0x33, 0x54, 0x2c, 0xc5, 0x0,
    0xe3, 0x40, 0x6f, 0xf6, 0xf, 0xfc, 0xe0, 0x9e,
    0x38, 0x66, 0x6e, 0xe5, 0x87, 0x74, 0xe9, 0x64,
    0x1e, 0xed, 0xe2, 0x27, 0x11, 0xc0, 0x9f, 0xa2,
    0x0, 0x21, 0xdd, 0x60, 0xee, 0xb0, 0x3, 0xc2,
    0x23, 0x37, 0x66, 0x3a, 0xc, 0x3, 0xc8, 0x60,
    0x3, 0x3c, 0xe0, 0x11, 0x30, 0x3, 0xa8, 0x4,
    0x8b, 0x30, 0x5, 0x36, 0xc4, 0xcc, 0x0, 0x7f,
    0xeb, 0x0, 0xaf, 0xa0, 0xb4, 0x13, 0xf7, 0x77,
    0xf8, 0x0,

    /* U+6392 "排" */
    0x0, 0xf, 0x88, 0x6, 0xf2, 0x99, 0x0, 0x7f,
    0xf2, 0x9, 0x40, 0x88, 0x75, 0x40, 0x9, 0xaa,
    0x84, 0x3b, 0x61, 0x9c, 0x39, 0x80, 0xd, 0x98,
    0x31, 0xfe, 0xe, 0xc2, 0x66, 0x0, 0x4c, 0xd0,
    0x80, 0x7c, 0x44, 0x0, 0x88, 0xa0, 0xf, 0x93,
    0x30, 0x1, 0x26, 0x60, 0x0, 0x2e, 0x19, 0xc9,
    0xdc, 0x0, 0x9b, 0xb8, 0x7, 0xd0, 0x11, 0xc0,
    0x1f, 0xe3, 0xff, 0x2, 0x6, 0xff, 0x80, 0x26,
    0xff, 0x30, 0x7, 0xb7, 0xb8, 0x1, 0x27, 0x71,
    0x80, 0x3e, 0x11, 0x0, 0x44, 0x22, 0x0, 0x9,
    0x0, 0x80, 0x7f, 0xf0, 0x23, 0x10, 0x3, 0xff,
    0x80,

    /* U+63A5 "接" */
    0x0, 0x1f, 0x0, 0x71, 0xe0, 0x7, 0xfc, 0x71,
    0xb, 0x3f, 0x88, 0x88, 0x9, 0x44, 0x84, 0x5e,
    0x5d, 0x32, 0x12, 0xe3, 0x1d, 0x90, 0xd6, 0x27,
    0x71, 0x33, 0xb, 0x58, 0x45, 0xf8, 0x3e, 0xe0,
    0x8, 0xc0, 0x56, 0x70, 0xf, 0xdf, 0xea, 0x7f,
    0xa2, 0xff, 0x50, 0x7, 0xf, 0xfc, 0xf1, 0xff,
    0xa8, 0x6, 0x87, 0xdc, 0x44, 0x4e, 0x62, 0x3c,
    0x7c, 0xc1, 0x8b, 0xdc, 0xd0, 0xbe, 0xed, 0xa7,
    0xb8, 0x26, 0x6f, 0xb1, 0xef, 0xf2, 0xab, 0xf0,
    0x8, 0x3, 0xac, 0x5c, 0x51, 0x64, 0x3, 0xfb,
    0xeb, 0x7a, 0xd0, 0xc0, 0x21, 0x60, 0x8, 0xd7,
    0x14, 0x4d, 0x75, 0x40, 0x17, 0x4c, 0x9, 0xbc,
    0x3b, 0xd9, 0xd7, 0x4, 0x15, 0xf0, 0x9, 0xd7,
    0x6, 0x1, 0x36, 0x90,

    /* U+63A7 "控" */
    0x0, 0x1f, 0x0, 0x71, 0xe8, 0x7, 0xfc, 0x67,
    0x1, 0x51, 0x9c, 0x0, 0x35, 0x13, 0x1c, 0xf8,
    0x81, 0x8c, 0x43, 0xc, 0xb2, 0x43, 0x24, 0x3a,
    0xe3, 0x2a, 0x96, 0x20, 0x5f, 0x83, 0xf1, 0x65,
    0x3e, 0xf, 0x85, 0x86, 0x1, 0xe5, 0xb4, 0xd0,
    0x6b, 0xc1, 0x0, 0xf0, 0xd8, 0x60, 0x80, 0x1a,
    0x24, 0x2, 0x41, 0xf9, 0x8d, 0x76, 0x6c, 0x12,
    0x5, 0xf0, 0x19, 0x1, 0x99, 0x4d, 0x66, 0x1c,
    0xa, 0xf0, 0x4c, 0xa, 0xaa, 0xf, 0xaa, 0x20,
    0x1, 0x0, 0x3f, 0xfa, 0x62, 0xe0, 0x4, 0x88,
    0xc1, 0x11, 0x94, 0x36, 0xdc, 0x3, 0xce, 0x60,
    0x18,

    /* U+63A8 "推" */
    0x0, 0x27, 0x0, 0x45, 0xa0, 0xd0, 0x1, 0xff,
    0x53, 0x3, 0xb8, 0xc0, 0x31, 0x10, 0x48, 0x41,
    0xc1, 0xd8, 0xe9, 0xd8, 0x13, 0x64, 0x36, 0xe4,
    0x7, 0x6c, 0xcd, 0xbe, 0x9, 0xf6, 0x3f, 0xc,
    0x15, 0x4f, 0xa, 0xa4, 0x80, 0x7b, 0x8c, 0x8,
    0x8c, 0x4, 0x41, 0x0, 0xf3, 0xf8, 0x66, 0x28,
    0x33, 0x14, 0x1, 0x68, 0xf0, 0x88, 0x3b, 0x98,
    0x1d, 0xcb, 0x4, 0xf6, 0xd, 0xa0, 0x0, 0x89,
    0x80, 0x46, 0x4, 0xdb, 0x13, 0x0, 0xbb, 0x94,
    0x1d, 0xca, 0x0, 0x10, 0x7, 0xbf, 0xd8, 0x1f,
    0xeb, 0x0, 0xff, 0xe3, 0x11, 0x0, 0x3b, 0xfd,
    0x81, 0xff, 0x20, 0x64, 0xb0, 0x6, 0xdd, 0xf9,
    0x3, 0xbe, 0x0, 0x5, 0xe4, 0x5f, 0x0,

    /* U+63CF "描" */
    0x0, 0x1f, 0x0, 0x6e, 0x40, 0x7, 0x88, 0x7,
    0xff, 0x1c, 0x98, 0x49, 0x7f, 0xc3, 0x7f, 0xe0,
    0xef, 0x32, 0xda, 0xd, 0xcf, 0xf0, 0xdf, 0xf8,
    0x3b, 0xcc, 0xbf, 0x7, 0xe4, 0x3, 0xff, 0x88,
    0x27, 0x4e, 0x66, 0xb2, 0x20, 0x7, 0x9, 0x3e,
    0x4f, 0x66, 0x27, 0x60, 0x0, 0x52, 0x3c, 0xa0,
    0x9b, 0xa1, 0xcd, 0x60, 0x1, 0xea, 0x7, 0x38,
    0x7, 0xf8, 0xfb, 0x44, 0x40, 0x4, 0xff, 0xe,
    0x7b, 0x80, 0x42, 0x1, 0xc7, 0xdc, 0xb, 0xe5,
    0x0, 0xfe, 0x71, 0x19, 0xc4, 0x80, 0x21, 0x70,
    0xc, 0x97, 0x61, 0xdb, 0x70, 0xb, 0x6d, 0xc0,
    0x37, 0x72, 0xaf, 0x84, 0x2, 0xcf, 0x90, 0x3,
    0x7a, 0xaf, 0x75, 0x0,

    /* U+63D0 "提" */
    0x0, 0x1f, 0x0, 0xb, 0xfb, 0xbb, 0xcc, 0x3,
    0xf0, 0xf7, 0x70, 0x80, 0x4b, 0x62, 0xa6, 0x3,
    0xbb, 0xc2, 0x0, 0x2e, 0x70, 0xeb, 0x1, 0xdd,
    0xe1, 0x0, 0x15, 0xe0, 0xdc, 0x0, 0xee, 0xf0,
    0x80, 0x7e, 0x2e, 0xcc, 0xee, 0x30, 0xe, 0x13,
    0x89, 0x9f, 0xa0, 0x41, 0x20, 0x7a, 0xc0, 0x22,
    0x70, 0xe, 0x3a, 0x70, 0xf8, 0x82, 0x4c, 0x4,
    0x46, 0x13, 0xef, 0x10, 0x1, 0x18, 0x80, 0x37,
    0x64, 0x0, 0xf9, 0x0, 0xc0, 0x1f, 0xf2, 0x0,
    0x7d, 0x6b, 0xe0, 0x2, 0x28, 0x2, 0x17, 0x0,
    0x38, 0x52, 0xe0, 0x18, 0x8c, 0x0, 0xdb, 0x61,
    0xaf, 0x9, 0xb1, 0xde, 0xe9, 0x83, 0x3e, 0x7,
    0x48, 0x0, 0xbd, 0xcf, 0xf9, 0x80,

    /* U+641C "搜" */
    0x0, 0xff, 0xe3, 0x1f, 0x0, 0x67, 0x6f, 0x10,
    0xf, 0xf3, 0xff, 0x28, 0x37, 0xfa, 0x80, 0xb,
    0x62, 0xa4, 0xd, 0x26, 0xf, 0xf4, 0x0, 0x1e,
    0x60, 0xe4, 0x6, 0xd5, 0x5, 0xda, 0x60, 0x1b,
    0xd1, 0xb6, 0x5, 0xc4, 0x4, 0xc9, 0x60, 0xf,
    0xe1, 0x0, 0x84, 0xc0, 0x3c, 0x49, 0xeb, 0xfc,
    0x1d, 0xf4, 0x60, 0x2, 0x91, 0xc2, 0x8f, 0xf8,
    0x3f, 0xe9, 0x1, 0xd4, 0xe, 0x68, 0xaa, 0x82,
    0xa9, 0xc8, 0x3, 0xda, 0x20, 0xd, 0x50, 0xc9,
    0xc2, 0x16, 0x0, 0x8, 0x6, 0x5b, 0x42, 0x64,
    0x5a, 0x20, 0xf, 0xc9, 0x57, 0xfb, 0xa, 0x1,
    0x13, 0x0, 0x46, 0xde, 0x1, 0x7b, 0x10, 0x2,
    0x29, 0x82, 0xf7, 0x37, 0xfd, 0xd9, 0xb8, 0x21,
    0x5f, 0x1, 0x7d, 0x4c, 0x0, 0x16, 0xbe, 0x10,

    /* U+642D "搭" */
    0x0, 0x1f, 0x0, 0x4d, 0x40, 0x1, 0xf0, 0xf,
    0xcd, 0x32, 0x59, 0x95, 0x84, 0xc8, 0x80, 0x94,
    0x48, 0x98, 0x61, 0x98, 0xd0, 0xfc, 0x32, 0xd9,
    0xd, 0x15, 0xa6, 0x67, 0xb1, 0x32, 0x89, 0x7e,
    0xf, 0xa8, 0x35, 0xe2, 0xa6, 0x80, 0x7f, 0x93,
    0x67, 0x2e, 0x0, 0x3c, 0x2e, 0xb1, 0x72, 0xe5,
    0x89, 0xa8, 0x0, 0x4d, 0xb, 0xa3, 0xa9, 0xee,
    0x68, 0x55, 0xc, 0x6c, 0xc3, 0x3e, 0xd7, 0xff,
    0x63, 0xf1, 0x8f, 0xf0, 0x80, 0xf, 0xff, 0xdc,
    0x1, 0xfc, 0x3d, 0xda, 0xc0, 0x3f, 0xe1, 0x1c,
    0xe0, 0x18, 0x98, 0x3, 0x9, 0x16, 0x61, 0x0,
    0xba, 0x98, 0x3, 0x66, 0x6a, 0x0, 0xd9, 0xf0,
    0x0, 0x3f, 0xee, 0xdf, 0xe0, 0x0,

    /* U+64AD "播" */
    0x0, 0xf8, 0x48, 0xd5, 0xe7, 0xc, 0x2, 0x3e,
    0x0, 0x6e, 0x77, 0x2b, 0xf2, 0xc, 0x3, 0xed,
    0x1d, 0xf0, 0x87, 0xa0, 0x9, 0x2c, 0x50, 0xc1,
    0xd8, 0x2, 0xa6, 0x0, 0x1d, 0xb8, 0x5c, 0x8e,
    0xf8, 0x80, 0xbd, 0x8, 0x1f, 0x50, 0x77, 0xf4,
    0xbe, 0x7, 0x6, 0xf2, 0x0, 0xb0, 0x89, 0x7f,
    0xcc, 0x60, 0x8f, 0xfe, 0x40, 0xc, 0x66, 0xb,
    0x2e, 0xb, 0x3a, 0x0, 0x8f, 0xc7, 0x7f, 0x4e,
    0xc0, 0x42, 0xcb, 0x91, 0x1a, 0x0, 0xe8, 0xa6,
    0xed, 0x1e, 0xe3, 0x31, 0x11, 0xde, 0x20, 0x82,
    0x9d, 0xa3, 0xdc, 0x4f, 0x0, 0xfc, 0xbb, 0xa1,
    0xdd, 0x28, 0x7, 0xf2, 0x6e, 0x87, 0x74, 0x80,
    0x10, 0xb8, 0x6, 0x49, 0x90, 0xcc, 0x90, 0x2,
    0xdb, 0x70, 0x8, 0x73, 0xab, 0x30, 0x20, 0x16,
    0x7c, 0x80, 0x1b, 0xd5, 0x7b, 0x9c, 0x0,

    /* U+64CD "操" */
    0x0, 0x1f, 0x0, 0x4d, 0xfd, 0xd7, 0x98, 0x7,
    0xf9, 0x7b, 0xa1, 0x0, 0xcd, 0x22, 0xc4, 0x0,
    0x66, 0xc0, 0x1d, 0xa8, 0x1a, 0xc0, 0xa9, 0xdd,
    0x31, 0x0, 0x57, 0xa3, 0x69, 0x9e, 0x88, 0xa4,
    0x46, 0xd0, 0x7, 0xc7, 0xba, 0x30, 0x7d, 0xf7,
    0x0, 0xe4, 0x20, 0x11, 0x0, 0x42, 0x20, 0x9,
    0x38, 0x65, 0x83, 0x74, 0x0, 0x4d, 0xc0, 0xa,
    0x44, 0x35, 0x3f, 0x75, 0xd9, 0xfb, 0xda, 0x0,
    0xdf, 0x10, 0x8f, 0xfb, 0x87, 0xff, 0x18, 0x7,
    0x47, 0x72, 0x40, 0x2b, 0xee, 0x18, 0x7, 0xd1,
    0x76, 0xb, 0xa7, 0x10, 0x9, 0x80, 0x63, 0xcf,
    0x14, 0x13, 0x6f, 0x8, 0x1a, 0x9c, 0x43, 0x68,
    0x40, 0x23, 0xda, 0x20,

    /* U+64CE "擎" */
    0x0, 0xff, 0x10, 0x7, 0x16, 0xff, 0xb7, 0xfd,
    0xa6, 0x5a, 0xa8, 0x90, 0x96, 0xac, 0x6e, 0x56,
    0x9e, 0x4, 0xc5, 0xd9, 0x40, 0xd7, 0x2e, 0x27,
    0x5c, 0x4b, 0x3c, 0x39, 0x7, 0x4b, 0xb9, 0xfa,
    0x39, 0x63, 0x1d, 0x22, 0x3, 0x4, 0x7, 0x6,
    0xd6, 0x92, 0xe6, 0xc0, 0x13, 0x7, 0xe8, 0x31,
    0xb6, 0x45, 0x2e, 0x28, 0x5, 0x35, 0x6d, 0x15,
    0xd1, 0xaf, 0x31, 0xc6, 0x0, 0x3b, 0xb0, 0x86,
    0x3c, 0xec, 0xda, 0x59, 0x80, 0x16, 0xaa, 0xc9,
    0x2d, 0xd5, 0xc8, 0x7, 0x77, 0xfd, 0xd2, 0x5d,
    0xdc, 0xa0, 0x17, 0x77, 0x49, 0x77, 0x72, 0x80,
    0x33, 0xbb, 0xa4, 0xbb, 0xbc, 0xa1, 0x9d, 0xdd,
    0x25, 0xdd, 0xe5, 0x0, 0xe5, 0xf9, 0x50, 0xf,
    0xfe, 0x2, 0xff, 0xa0, 0x3, 0xe0,

    /* U+652F "支" */
    0x0, 0xfb, 0x98, 0x3, 0xff, 0x99, 0xff, 0xe1,
    0x9f, 0xfe, 0x80, 0x6, 0xe6, 0x70, 0x36, 0x67,
    0x48, 0x0, 0x8c, 0xf8, 0x7c, 0xcf, 0x84, 0x0,
    0x51, 0x1c, 0x31, 0x1a, 0x80, 0x38, 0x9d, 0x88,
    0x8a, 0x84, 0x47, 0x50, 0xc, 0x55, 0x7, 0x55,
    0xd6, 0x30, 0x1, 0xe7, 0x1a, 0x0, 0xda, 0xae,
    0x1, 0xf6, 0xbd, 0x0, 0xe0, 0x50, 0x7, 0xe1,
    0xf7, 0xfe, 0x7c, 0x10, 0xf, 0xc2, 0x86, 0x1,
    0x28, 0x7, 0xa, 0xce, 0x75, 0xc7, 0xe9, 0x57,
    0x53, 0xa0, 0x2d, 0x15, 0x6e, 0x98, 0xa, 0x7e,
    0xce, 0xfc, 0x13, 0xed, 0x88, 0x3, 0xcb, 0x39,
    0x60,

    /* U+6536 "收" */
    0x0, 0xfc, 0x22, 0x0, 0xfe, 0xd5, 0x0, 0x6c,
    0x80, 0x71, 0x38, 0x7, 0x8f, 0x0, 0x39, 0xa4,
    0x3, 0x90, 0x1c, 0x8b, 0x8, 0x7, 0xde, 0x19,
    0xbb, 0x98, 0x3, 0xc2, 0x85, 0xfe, 0xe0, 0xd7,
    0x0, 0xf5, 0x81, 0x80, 0x14, 0x48, 0x3, 0xd8,
    0xb6, 0x68, 0x1a, 0x80, 0x1f, 0x65, 0xa5, 0x70,
    0x3f, 0x80, 0x71, 0x10, 0x10, 0x19, 0x64, 0x14,
    0x0, 0x43, 0x9a, 0x1, 0x85, 0xda, 0x0, 0x29,
    0xa, 0xf2, 0x0, 0xc6, 0x1c, 0x1, 0x7f, 0x98,
    0x3, 0xa9, 0xad, 0xdc, 0x1, 0xf9, 0x35, 0xf1,
    0x32, 0x2c, 0x80, 0x3d, 0xcb, 0xa2, 0x7, 0xc2,
    0x0,

    /* U+6539 "改" */
    0x0, 0xfc, 0x22, 0x0, 0xf0, 0x8f, 0x0, 0x26,
    0xc0, 0x3a, 0x7b, 0xb8, 0x41, 0x30, 0x3, 0xa7,
    0xba, 0xd0, 0x0, 0x98, 0x22, 0x61, 0x1, 0x18,
    0xc0, 0xc, 0x17, 0x32, 0xbb, 0x28, 0x7, 0x8e,
    0x3, 0x75, 0x81, 0xa8, 0xdf, 0xf7, 0x5, 0x88,
    0x8, 0x28, 0x90, 0x18, 0x66, 0x65, 0xa3, 0x70,
    0xd4, 0x0, 0x88, 0xcf, 0x62, 0x56, 0x83, 0xf8,
    0x7, 0xf9, 0xd2, 0x41, 0x40, 0x3f, 0xc2, 0xcc,
    0x90, 0xf, 0x25, 0x79, 0x0, 0x8, 0x3, 0xb4,
    0xba, 0xcf, 0x8, 0x29, 0x62, 0xc, 0x0, 0x70,
    0x8f, 0x93, 0x4c, 0x7c, 0x7a, 0x99, 0xf, 0x7b,
    0x0, 0x50, 0xb8, 0x40, 0xb8, 0xa4, 0x20, 0x1d,
    0x92, 0x20, 0x11, 0xe1, 0x80,

    /* U+653E "放" */
    0x0, 0xc2, 0x1, 0x84, 0x40, 0x1f, 0x9e, 0x80,
    0x33, 0x58, 0x7, 0xe6, 0x42, 0x0, 0xb3, 0x0,
    0x1c, 0x55, 0x52, 0x45, 0x40, 0x20, 0x19, 0xe0,
    0x6, 0xa2, 0x33, 0x75, 0xca, 0x11, 0xb9, 0x8d,
    0x22, 0x3c, 0x1b, 0xbc, 0xd0, 0x1d, 0xcb, 0x2e,
    0x20, 0x8, 0xf7, 0x5e, 0xa4, 0x4, 0x6, 0xe0,
    0x1e, 0x99, 0x7, 0x3a, 0x20, 0x2f, 0x0, 0x30,
    0xa2, 0x41, 0x10, 0xdd, 0x9, 0xb8, 0x6, 0xf1,
    0x0, 0x88, 0x1d, 0x2d, 0x4, 0x3, 0x11, 0x0,
    0x38, 0x51, 0x7c, 0x3, 0x93, 0x40, 0x40, 0x40,
    0xc, 0x1, 0xe4, 0x15, 0x2, 0x0, 0xa4, 0xda,
    0x88, 0x2, 0x97, 0x11, 0x21, 0x12, 0xd3, 0x25,
    0x31, 0x41, 0x6, 0x13, 0xa2, 0xf8, 0x70, 0x82,
    0xa6, 0x5, 0x30, 0x17, 0xfc, 0xd9, 0x42, 0x1,
    0x3e, 0x88,

    /* U+6548 "效" */
    0x0, 0xff, 0x10, 0x7, 0xe8, 0xb0, 0xe, 0xf5,
    0x0, 0xfa, 0x14, 0xc0, 0x21, 0x24, 0x0, 0xc3,
    0xdd, 0xe, 0xf7, 0x9, 0x41, 0x15, 0x61, 0x16,
    0xdd, 0xb2, 0xaf, 0x4b, 0x82, 0x21, 0x54, 0x20,
    0x39, 0x23, 0x1b, 0x20, 0x5b, 0xdd, 0x6, 0x18,
    0x29, 0x38, 0x2a, 0x42, 0x80, 0x44, 0x6, 0x3,
    0x76, 0x0, 0x3e, 0x9c, 0x6, 0x2, 0x18, 0x5,
    0x3b, 0x61, 0x27, 0x4f, 0x6c, 0x19, 0x60, 0x1,
    0x78, 0x7f, 0x4, 0xa, 0x40, 0x55, 0x80, 0x3b,
    0x40, 0x40, 0x34, 0xd2, 0x10, 0x7, 0x48, 0x1,
    0x80, 0x23, 0x3, 0x0, 0xe5, 0x7d, 0xa9, 0x20,
    0x2a, 0x16, 0x20, 0x9, 0xea, 0xc9, 0x5c, 0xf,
    0x1f, 0x93, 0x8, 0xa, 0xb1, 0x0, 0x11, 0x59,
    0x32, 0xa, 0x4d, 0x22, 0x69, 0x80, 0x6b, 0xd7,
    0x0, 0xab, 0x8,

    /* U+6570 "数" */
    0x2, 0x50, 0xe3, 0x18, 0x0, 0x60, 0x7, 0x8e,
    0xc0, 0x28, 0x10, 0x32, 0x0, 0xe1, 0x57, 0x51,
    0x42, 0xd2, 0x53, 0x22, 0xc0, 0x7e, 0x56, 0x10,
    0x1e, 0xf0, 0x5b, 0xb8, 0x89, 0x72, 0x0, 0x21,
    0x95, 0x17, 0xfd, 0x1f, 0x20, 0x6c, 0xb1, 0xef,
    0xe6, 0x2, 0x7, 0x20, 0x0, 0xd6, 0xab, 0x12,
    0xe4, 0x4a, 0x6, 0x20, 0x0, 0x70, 0xa4, 0x80,
    0x45, 0x6c, 0x66, 0x4c, 0x0, 0xaf, 0x99, 0x7b,
    0xa5, 0x5, 0xe3, 0x40, 0xa, 0xdd, 0x7f, 0xcd,
    0x20, 0x9, 0x27, 0x0, 0xe7, 0x63, 0x54, 0x60,
    0x2, 0x81, 0x0, 0x77, 0xd6, 0x54, 0x0, 0xa,
    0xa5, 0x18, 0x3, 0x26, 0x93, 0x59, 0xa6, 0x4b,
    0x5c, 0xb0, 0xf, 0x4e, 0xea, 0x79, 0x2e, 0x1c,
    0x12, 0xa4, 0xc7, 0xf5, 0x80, 0x26, 0xe6, 0x0,
    0x97, 0x8c,

    /* U+6574 "整" */
    0x0, 0xff, 0x10, 0x7, 0xf, 0x73, 0xfd, 0xdd,
    0x10, 0xea, 0x99, 0xc0, 0x3d, 0xcc, 0x1e, 0xe8,
    0xb4, 0x2b, 0x32, 0x30, 0xac, 0xc0, 0xe6, 0x28,
    0x8c, 0xae, 0x42, 0xcc, 0x1f, 0xb0, 0x73, 0xdb,
    0xd4, 0x13, 0xd9, 0x0, 0x2f, 0xc1, 0xce, 0xf,
    0xa4, 0xe7, 0x80, 0xb, 0x78, 0x0, 0xd7, 0x84,
    0x18, 0x20, 0x20, 0x13, 0xf4, 0x8d, 0xfc, 0x15,
    0x5d, 0x97, 0x50, 0x13, 0x71, 0x14, 0x66, 0x2f,
    0x79, 0x2e, 0x20, 0x29, 0x1f, 0x8b, 0xdc, 0xf6,
    0x9e, 0xea, 0xfc, 0x40, 0xbf, 0xf9, 0x17, 0xff,
    0x8c, 0x2, 0x18, 0x31, 0x11, 0x31, 0x16, 0x10,
    0xe, 0x71, 0x0, 0x8e, 0x23, 0x10, 0x7, 0xf9,
    0xae, 0xf1, 0x0, 0x27, 0xfc, 0x39, 0xfe, 0x66,
    0x7f, 0xf9, 0x0,

    /* U+6587 "文" */
    0x0, 0xfa, 0x48, 0x3, 0xff, 0x84, 0xb2, 0x1,
    0xff, 0xc2, 0x85, 0x10, 0xf, 0x16, 0xed, 0xdb,
    0xa9, 0x3c, 0xdf, 0xed, 0xd1, 0x9a, 0x20, 0x63,
    0x11, 0xe0, 0x18, 0x81, 0xa, 0xab, 0x1, 0x15,
    0x73, 0x86, 0x2a, 0x84, 0x2, 0x24, 0xb0, 0xd,
    0x66, 0x60, 0xf, 0xa5, 0x50, 0x0, 0x6d, 0xe0,
    0x1f, 0x8a, 0x28, 0x43, 0x98, 0xc0, 0x3f, 0x9d,
    0x73, 0x46, 0x40, 0x3f, 0xe9, 0x22, 0x78, 0x7,
    0xfc, 0x78, 0x44, 0xd5, 0x0, 0xfc, 0x77, 0x8f,
    0xba, 0x7a, 0xc3, 0x0, 0x85, 0xb3, 0x1, 0xb2,
    0x0, 0x9d, 0x7c, 0xd7, 0x10, 0xb5, 0xdb, 0x20,
    0xc, 0x57, 0x8b, 0x60, 0x3b, 0x24, 0x1, 0xf8,
    0xe3, 0x4,

    /* U+65B0 "新" */
    0x0, 0x8d, 0x40, 0x3f, 0x8, 0x7, 0xd, 0x8,
    0x4, 0x4b, 0x3b, 0xc6, 0x0, 0xff, 0x68, 0x77,
    0xf8, 0xf7, 0xfb, 0x9e, 0x60, 0xe, 0x4d, 0xed,
    0x3e, 0x10, 0xa7, 0x30, 0xc, 0x22, 0x51, 0x47,
    0x10, 0xf, 0xe3, 0x2e, 0x39, 0x33, 0x8, 0x11,
    0x70, 0x1f, 0x2a, 0x60, 0x2f, 0x28, 0x6e, 0xf0,
    0x9e, 0xec, 0x1d, 0xba, 0x40, 0xff, 0x15, 0x78,
    0x81, 0x9c, 0x8, 0x66, 0x11, 0x0, 0x78, 0xbb,
    0xa0, 0xae, 0xe3, 0x0, 0x7c, 0x5b, 0x5a, 0x1b,
    0x7a, 0x4, 0x1, 0xf2, 0xd8, 0x0, 0xed, 0x35,
    0x40, 0x3c, 0x37, 0xe0, 0x14, 0xf9, 0xe0, 0x7,
    0x86, 0xcc, 0x2, 0x48, 0x44, 0x0, 0x7c, 0xa7,
    0xe6, 0x20, 0xce, 0x20, 0x1e,

    /* U+65B9 "方" */
    0x0, 0xf9, 0x8, 0x3, 0xff, 0x83, 0xd2, 0x1,
    0xff, 0xc1, 0x94, 0x20, 0xf, 0x4d, 0x57, 0x49,
    0x45, 0x57, 0x7, 0x11, 0x4a, 0xa2, 0x52, 0x2e,
    0xd0, 0x78, 0x89, 0x55, 0x11, 0xf3, 0x80, 0x70,
    0x98, 0x7, 0xff, 0x5, 0x99, 0xff, 0xe5, 0x0,
    0xf1, 0x46, 0x67, 0x0, 0x80, 0x72, 0x83, 0x19,
    0xf0, 0x38, 0x7, 0x7a, 0x8, 0x6, 0x10, 0x20,
    0xc, 0x4b, 0xe0, 0x1c, 0xa0, 0x20, 0x10, 0xfa,
    0x20, 0x3, 0x8c, 0x80, 0x22, 0xc0, 0xb0, 0x0,
    0x90, 0x95, 0xa0, 0x5, 0xef, 0xa0, 0x1b, 0x7b,
    0x42, 0x0, 0x2d, 0xa0, 0xc, 0x3f, 0xf6, 0x8,
    0x0,

    /* U+65E0 "无" */
    0x2, 0xff, 0xff, 0xe0, 0x20, 0x4, 0x45, 0xc0,
    0x2, 0x2e, 0x70, 0x1, 0x6e, 0xf0, 0xde, 0xef,
    0x18, 0x7, 0xe1, 0x70, 0xf, 0xfe, 0x8, 0x80,
    0x80, 0x7c, 0x35, 0x5d, 0x81, 0x15, 0x5e, 0x20,
    0x22, 0xf0, 0x2b, 0x91, 0x71, 0x8c, 0x47, 0x2b,
    0x15, 0xc4, 0x70, 0x80, 0x79, 0x74, 0x3, 0xff,
    0x83, 0x4, 0x80, 0x1f, 0xfc, 0x3, 0x79, 0x0,
    0xf9, 0xc4, 0x2, 0x3d, 0x74, 0x0, 0xfa, 0x54,
    0x1, 0x18, 0xd0, 0x0, 0x1f, 0x22, 0x90, 0x54,
    0x79, 0x6e, 0x0, 0x2a, 0x7d, 0xda, 0xd8, 0x45,
    0xba, 0x40, 0xc, 0xdd, 0xff, 0xa4, 0x0,

    /* U+65E5 "日" */
    0x4, 0x4f, 0xf0, 0x9d, 0xdf, 0xf9, 0x40, 0x1f,
    0xff, 0x80, 0x3f, 0xfb, 0x9f, 0xff, 0x80, 0x36,
    0x67, 0xe0, 0xc, 0x67, 0xf8, 0x3, 0xff, 0xa0,
    0x45, 0xf8, 0x3, 0x6e, 0xfe, 0x0, 0xdd, 0xdf,
    0x80, 0x7, 0xc2, 0x3f, 0xbd, 0x0,

    /* U+65F6 "时" */
    0x0, 0xff, 0xb9, 0x40, 0x11, 0xfd, 0xd2, 0x80,
    0x7f, 0xa, 0xff, 0x94, 0xcf, 0xc3, 0x86, 0x20,
    0x62, 0x20, 0x1c, 0xce, 0x6, 0xc5, 0x0, 0xe1,
    0xff, 0xe1, 0xaf, 0x40, 0x44, 0x94, 0x5, 0x40,
    0x3f, 0x14, 0x40, 0x40, 0xe9, 0x0, 0x3e, 0x6c,
    0xc2, 0x1, 0x4d, 0x8, 0x7, 0xff, 0x1, 0x96,
    0xc0, 0x3f, 0xf8, 0x33, 0xc0, 0x1e, 0x6f, 0xf2,
    0x0, 0x44, 0x80, 0x1e, 0x4d, 0xd9, 0x80, 0x3f,
    0xb6, 0x8, 0xa0, 0x8, 0x88, 0x62, 0x1, 0x21,
    0x80, 0x7b, 0xf7, 0xd, 0x0, 0x3f, 0xdb, 0xfe,
    0xc1, 0x0, 0x0,

    /* U+660E "明" */
    0xaf, 0xfd, 0x21, 0x7f, 0xfd, 0x60, 0xdd, 0xc6,
    0x0, 0x9b, 0x76, 0x60, 0x7, 0x8, 0xc0, 0x17,
    0x11, 0x5c, 0x1, 0xff, 0xc4, 0xe2, 0x28, 0x2,
    0x8d, 0xda, 0x0, 0xd, 0xba, 0x50, 0x8, 0xae,
    0xe2, 0x0, 0x47, 0xf9, 0xc0, 0xf, 0x6c, 0xd5,
    0x0, 0x7e, 0x13, 0x0, 0xf7, 0x80, 0x71, 0x57,
    0x75, 0x0, 0x7, 0xff, 0x38, 0x18, 0x6e, 0x64,
    0xc0, 0x6, 0xee, 0xa6, 0x90, 0x8b, 0x70, 0x66,
    0x88, 0xc4, 0xde, 0x1, 0xe6, 0x40, 0x0, 0xfa,
    0xa0, 0x0, 0x89, 0xe0, 0x1d, 0xd, 0x40, 0x14,
    0x6b, 0xf0, 0x6, 0x9b, 0x0, 0xd5, 0xfe, 0x50,

    /* U+6613 "易" */
    0x0, 0xbf, 0xff, 0xc8, 0x1, 0xdb, 0xff, 0xf0,
    0x7, 0xff, 0x2b, 0x7f, 0xfe, 0x0, 0xfb, 0x7f,
    0xfe, 0x0, 0xfb, 0xfb, 0x33, 0xc0, 0x1e, 0xc7,
    0x18, 0xff, 0xec, 0x40, 0xc, 0xeb, 0x4c, 0x23,
    0xe2, 0x0, 0x92, 0xc2, 0xb7, 0x7f, 0x20, 0x45,
    0xd7, 0xe8, 0xdf, 0xc9, 0x7f, 0x81, 0xc4, 0xb1,
    0x47, 0xd9, 0x6, 0x20, 0x2, 0x4, 0x34, 0x65,
    0x89, 0x1, 0x4a, 0xa0, 0x51, 0x10, 0x1, 0xf5,
    0x64, 0x25, 0x68, 0x1, 0xaa, 0x1, 0x1e, 0x40,
    0x22, 0x30, 0x7f, 0xcf, 0x0, 0x12, 0x18, 0x1,
    0x34, 0x83, 0xfd, 0xc6, 0x0,

    /* U+661F "星" */
    0x4, 0xff, 0xff, 0x28, 0x6, 0x1f, 0xff, 0xc2,
    0x1, 0xc2, 0x67, 0xf8, 0x40, 0x3d, 0x11, 0xf8,
    0x3, 0xc3, 0x77, 0xf8, 0x40, 0x33, 0x8f, 0xff,
    0xe1, 0x10, 0x4, 0x76, 0xdf, 0xed, 0x8f, 0xfc,
    0x80, 0x1a, 0xcc, 0xeb, 0x83, 0x3e, 0x0, 0xa8,
    0x1b, 0xfc, 0xc1, 0xff, 0xc6, 0x12, 0xdf, 0x99,
    0x50, 0xe6, 0x71, 0x84, 0x66, 0x3b, 0xaa, 0x1e,
    0xec, 0x60, 0x1, 0xc, 0xee, 0xa4, 0x3b, 0xb1,
    0x80, 0x7e, 0x31, 0x0, 0xfa, 0xff, 0xfa, 0x87,
    0xff, 0xc8,

    /* U+6620 "映" */
    0x2, 0x11, 0x0, 0x77, 0x18, 0x6, 0x9d, 0xd7,
    0xb8, 0x7, 0xfc, 0xf8, 0xa0, 0xe, 0xff, 0xe,
    0x7f, 0xb8, 0x3, 0xf5, 0xe8, 0x56, 0xd0, 0x7,
    0xf3, 0x10, 0xb1, 0x30, 0x4, 0xf4, 0x80, 0x1e,
    0x10, 0xe, 0x1c, 0x0, 0xf0, 0x80, 0x79, 0x98,
    0x81, 0x23, 0x32, 0x9, 0x97, 0x8b, 0x80, 0x70,
    0xb9, 0x90, 0x20, 0xa3, 0x88, 0x7, 0x44, 0x46,
    0x21, 0x31, 0x6, 0x7, 0xf4, 0x0, 0x85, 0xed,
    0x2c, 0x3, 0x2e, 0xe9, 0xc0, 0x71, 0x16, 0x55,
    0x80, 0x15, 0x24, 0x40, 0x5f, 0x6b, 0x2, 0xb9,
    0x80, 0x33, 0x0, 0x1a, 0xe2, 0xc0, 0x24, 0xc5,
    0x90, 0xc, 0xdc, 0xc0, 0x1c, 0x7b, 0x20,

    /* U+662F "是" */
    0x0, 0x1f, 0xf7, 0x7e, 0xf4, 0x0, 0xe1, 0xee,
    0xfc, 0x20, 0x1e, 0x1c, 0xcf, 0xc2, 0x1, 0xe1,
    0xdd, 0xfc, 0x20, 0x1f, 0x11, 0x7e, 0x0, 0xf0,
    0xac, 0x47, 0xe5, 0x70, 0x9, 0x53, 0x77, 0xfc,
    0xac, 0x21, 0xfb, 0xbd, 0x32, 0xdd, 0xf1, 0x85,
    0x5c, 0x95, 0xda, 0x86, 0xef, 0xc4, 0x1, 0x2a,
    0x80, 0x21, 0x44, 0xe0, 0xe, 0x83, 0x0, 0xd1,
    0x1c, 0x40, 0x12, 0x81, 0x48, 0x0, 0x73, 0x38,
    0x80, 0x5, 0x73, 0x89, 0xb2, 0x24, 0x5e, 0x11,
    0x63, 0x30, 0x76, 0xc0, 0x1b, 0xbe, 0x51, 0xc8,
    0x0, 0x9b, 0x3f, 0xfe, 0x40,

    /* U+663E "显" */
    0x0, 0x27, 0xff, 0xf9, 0x0, 0x38, 0x7f, 0xff,
    0x8, 0x7, 0xff, 0x28, 0x7b, 0xbf, 0x8, 0x7,
    0x87, 0xbb, 0xf0, 0x80, 0x78, 0x4c, 0xff, 0x8,
    0x7, 0x32, 0x44, 0x7e, 0x47, 0x0, 0xc5, 0x76,
    0x92, 0xbb, 0x14, 0xdd, 0x8c, 0x3, 0x5a, 0x0,
    0xb8, 0x1, 0xc4, 0x13, 0x40, 0x37, 0x50, 0x7,
    0xc3, 0x50, 0x1, 0x94, 0xa0, 0x3, 0xd4, 0xea,
    0x1, 0xdd, 0x60, 0x1e, 0xf9, 0x0, 0x8a, 0xa9,
    0x13, 0xc3, 0x54, 0x1e, 0xe5, 0x54, 0x46, 0x45,
    0x95, 0xc8, 0x8e, 0xa4, 0x58, 0x0,

    /* U+666E "普" */
    0x0, 0xc6, 0x1, 0xe3, 0x0, 0xfd, 0xf2, 0x1,
    0x93, 0x4, 0x3, 0x99, 0x8a, 0xcd, 0xd6, 0x6e,
    0xc6, 0x0, 0x1f, 0xd0, 0x59, 0xdf, 0x92, 0x5d,
    0xc6, 0x0, 0xd, 0xad, 0xd0, 0x54, 0x8f, 0x4b,
    0x62, 0x80, 0x44, 0xd0, 0x1, 0xe6, 0x16, 0x0,
    0xa6, 0x44, 0x12, 0x17, 0x23, 0xf8, 0xd3, 0x22,
    0xe, 0xe6, 0xeb, 0xa3, 0x7a, 0x2f, 0x75, 0xdc,
    0x0, 0x3b, 0x99, 0x57, 0xf9, 0xdc, 0x40, 0x16,
    0x63, 0xff, 0xed, 0x30, 0xf, 0x5e, 0xef, 0xc0,
    0x1f, 0xab, 0xff, 0xe0, 0xf, 0xd5, 0xff, 0xf0,
    0x7, 0xff, 0x32, 0xbb, 0xbe, 0x0, 0xfb, 0x7f,
    0xbb, 0xef, 0x30, 0x0,

    /* U+666F "景" */
    0x0, 0x27, 0xee, 0xfe, 0xf4, 0x0, 0xe1, 0xdd,
    0xfc, 0x20, 0x1e, 0x1d, 0xdf, 0xc2, 0x1, 0xe1,
    0xdd, 0xfc, 0x20, 0x1c, 0xe7, 0xbb, 0x76, 0xee,
    0x37, 0x0, 0x95, 0xa2, 0x30, 0x84, 0x46, 0x65,
    0x0, 0x6e, 0xf9, 0x53, 0x77, 0xc0, 0x8, 0x81,
    0xa2, 0x4c, 0xa8, 0x91, 0xc4, 0x0, 0x32, 0xcf,
    0x77, 0xa5, 0x0, 0x3f, 0xf9, 0x4b, 0x3d, 0xcd,
    0xd7, 0x72, 0x4c, 0x3, 0xd0, 0xf1, 0x8c, 0xcc,
    0x44, 0x70, 0x6, 0x5b, 0xee, 0x20, 0x6, 0x9f,
    0xcb, 0x40, 0x6, 0xf6, 0xab, 0xf3, 0xe0, 0xb,
    0xf6, 0x98, 0x2, 0x14, 0x0, 0xfd, 0xc5, 0x0,
    0xcc, 0xe0,

    /* U+6670 "晰" */
    0x22, 0x80, 0x2e, 0x10, 0x9, 0x71, 0xc3, 0x76,
    0x70, 0xe, 0xff, 0x75, 0x30, 0x3, 0xdc, 0x3,
    0xed, 0xb6, 0x10, 0xe, 0x9d, 0x1e, 0x80, 0x30,
    0xf, 0xd3, 0xe1, 0xb0, 0xc, 0xd8, 0x43, 0x9c,
    0x0, 0x81, 0x40, 0xd, 0xd4, 0xf9, 0x86, 0x20,
    0x3, 0x41, 0x84, 0x2a, 0x46, 0x48, 0x8, 0xc0,
    0x58, 0x66, 0x0, 0x3f, 0xd2, 0xa0, 0xd4, 0x1,
    0xfd, 0xef, 0x40, 0x11, 0x0, 0x7b, 0xdc, 0x1c,
    0x80, 0xc, 0xc0, 0xf, 0x77, 0x22, 0x0, 0x16,
    0x98, 0x7, 0x50, 0x88, 0x3, 0x96, 0xc0, 0x39,
    0x40, 0x3c, 0x6e, 0x60, 0x3, 0x0, 0x0,

    /* U+6674 "晴" */
    0x12, 0x28, 0x3, 0xb9, 0x0, 0x35, 0x6e, 0x6a,
    0x47, 0x74, 0x37, 0xdd, 0x0, 0x2f, 0x8c, 0x23,
    0x76, 0x8, 0xdd, 0x60, 0x7, 0x86, 0xaa, 0xa,
    0xa9, 0x0, 0x3c, 0xdd, 0xd0, 0x37, 0x70, 0x49,
    0xef, 0x8c, 0x3, 0xa3, 0x0, 0x39, 0x24, 0x0,
    0xec, 0xab, 0xc8, 0xe4, 0xfe, 0xe6, 0x0, 0x8c,
    0xee, 0xd8, 0xc0, 0x1f, 0x9b, 0x33, 0x18, 0x7,
    0xf3, 0xee, 0xe3, 0x0, 0xaf, 0xc, 0x2, 0x8d,
    0xdc, 0x80, 0x13, 0x4d, 0x28, 0x2, 0x37, 0x72,
    0x0, 0x3e, 0x15, 0x42, 0x0, 0x8d, 0xdc, 0x80,
    0x4, 0x10, 0xf, 0xcf, 0xea, 0xa0,

    /* U+667A "智" */
    0x0, 0x19, 0x0, 0x7f, 0xf0, 0x79, 0x40, 0x38,
    0x47, 0x80, 0x8, 0x51, 0xfe, 0xe9, 0x5e, 0xee,
    0x40, 0xaa, 0x78, 0xdf, 0x48, 0x1f, 0xfc, 0x20,
    0x44, 0xfa, 0x1a, 0xa8, 0x3, 0xe2, 0xf9, 0xc0,
    0x69, 0x90, 0x7, 0xe3, 0x36, 0x93, 0x49, 0x1,
    0xee, 0xc2, 0x0, 0x2b, 0x6c, 0xf6, 0xb4, 0xce,
    0xeb, 0x10, 0x74, 0x7c, 0x1, 0xd0, 0x4, 0x58,
    0xc0, 0x7a, 0xb3, 0xfd, 0x98, 0xff, 0xda, 0x1,
    0x8, 0x2, 0xfb, 0xbd, 0x0, 0x1e, 0x1a, 0xff,
    0xf4, 0x80, 0x78, 0x6b, 0xff, 0xd2, 0x1, 0xf1,
    0x88, 0xfb, 0x80, 0x3c, 0x33, 0xff, 0xe7, 0x0,
    0xf7, 0xfb, 0xbb, 0xdf, 0x80, 0x0,

    /* U+6682 "暂" */
    0x0, 0xff, 0xe3, 0xcd, 0x0, 0x71, 0x23, 0xda,
    0x81, 0x7f, 0x99, 0x7f, 0xe5, 0xfe, 0xe7, 0xf2,
    0x1, 0x7a, 0x47, 0xfe, 0x40, 0xca, 0x85, 0x10,
    0x4, 0x8b, 0xad, 0x80, 0x61, 0x1e, 0x0, 0x22,
    0xfd, 0x27, 0xf9, 0xc3, 0xfd, 0xdc, 0xf3, 0xc,
    0xef, 0x92, 0xff, 0x29, 0x77, 0xe, 0xb8, 0xc1,
    0x1a, 0x24, 0xb7, 0xa9, 0xc0, 0x3e, 0xff, 0x94,
    0x33, 0x93, 0x0, 0x3e, 0xa8, 0x7e, 0x61, 0xa,
    0x60, 0x2, 0x30, 0x6, 0x2e, 0xa7, 0xee, 0x4f,
    0x74, 0xc0, 0x1c, 0x22, 0xee, 0xfc, 0xe, 0x1,
    0xea, 0xaf, 0xc2, 0x1, 0xf4, 0xcf, 0xe0, 0xf,
    0xc6, 0x7f, 0x84, 0x3, 0xee, 0xef, 0xc2, 0x1,
    0xc7, 0xfd, 0xdf, 0xbd, 0x0, 0x0,

    /* U+66F2 "曲" */
    0x0, 0xda, 0xc0, 0xe, 0x40, 0xf, 0xfe, 0x30,
    0x99, 0xc5, 0xe6, 0x61, 0x33, 0xc2, 0xd9, 0x90,
    0x36, 0x60, 0x23, 0x32, 0x90, 0x4f, 0xf1, 0x4f,
    0xf8, 0x6f, 0xfc, 0xa0, 0x1f, 0xfd, 0x24, 0xdd,
    0x14, 0xee, 0x86, 0xf7, 0x4a, 0x0, 0x18, 0x80,
    0x24, 0x40, 0x1a, 0x20, 0x1, 0x2a, 0xc5, 0xaa,
    0xa1, 0xd5, 0x58, 0x3, 0xff, 0xa4, 0x9d, 0xc2,
    0x9e, 0xe0, 0xdf, 0x71, 0x40, 0x3, 0x54, 0xbb,
    0x55, 0x2e, 0xd5, 0x42, 0x7, 0xe4, 0x4f, 0xf6,
    0xc0,

    /* U+66F4 "更" */
    0xb, 0xff, 0xff, 0xe0, 0x90, 0x62, 0xaf, 0x0,
    0x15, 0x7c, 0x60, 0xf5, 0x5e, 0xa, 0xaf, 0x8,
    0x1, 0x3f, 0xf5, 0x7, 0xff, 0x18, 0x6, 0x2f,
    0xfa, 0x83, 0xff, 0x0, 0x78, 0xb3, 0x2a, 0xc,
    0xcc, 0x1, 0xe1, 0xff, 0x9c, 0x3f, 0xf0, 0x7,
    0x8c, 0xf6, 0x89, 0x9e, 0x0, 0xf1, 0x7f, 0xd4,
    0x3f, 0xf8, 0x3, 0x92, 0x1f, 0xfc, 0x6b, 0xff,
    0xc6, 0x1, 0x95, 0x9d, 0xe, 0x40, 0x3f, 0xc5,
    0xb1, 0x68, 0x60, 0x1f, 0x85, 0x27, 0x44, 0xd7,
    0xae, 0x19, 0xc, 0xc2, 0x15, 0x43, 0xae, 0xce,
    0xdc, 0x2a, 0x9c, 0xc3, 0x85, 0xf5, 0x20, 0x4,
    0x6f, 0x59, 0xbf, 0xe6,

    /* U+66FF "替" */
    0x0, 0x87, 0xc0, 0x38, 0xfc, 0x3, 0xa3, 0xf8,
    0x3f, 0xc5, 0x1f, 0x81, 0xfe, 0x80, 0x4, 0x7f,
    0x7, 0xf8, 0xa3, 0xf0, 0x3f, 0xd0, 0x0, 0xee,
    0x83, 0xb8, 0xd9, 0xd8, 0x1f, 0xdc, 0x0, 0x7f,
    0x94, 0x2f, 0xdb, 0x7c, 0xc1, 0x7f, 0xc0, 0x1,
    0x4, 0x3a, 0x40, 0x17, 0x3b, 0x45, 0x10, 0x0,
    0xea, 0x65, 0x59, 0x54, 0xda, 0x5d, 0x98, 0x7,
    0xd7, 0x90, 0x6d, 0x99, 0x20, 0x83, 0x56, 0x43,
    0xf3, 0x71, 0x9, 0x80, 0xa8, 0x85, 0xae, 0x90,
    0x8, 0x3, 0xb3, 0x3d, 0xe0, 0x1f, 0xb7, 0xff,
    0xd8, 0x1, 0xfb, 0x7f, 0xfd, 0x80, 0x1f, 0x98,
    0x8b, 0xcc, 0x1, 0xfa, 0xf3, 0x3d, 0x40, 0x1f,
    0x77, 0xf7, 0x7b, 0xfc, 0x1, 0x0,

    /* U+6700 "最" */
    0x0, 0x1f, 0xee, 0xfe, 0xf4, 0x0, 0xf6, 0xef,
    0xe0, 0xf, 0xd9, 0x9f, 0x80, 0x3f, 0x66, 0x7e,
    0x0, 0xf0, 0x96, 0xef, 0xe2, 0x70, 0x9, 0x1a,
    0x67, 0xfc, 0xe8, 0x5, 0xf7, 0x6f, 0xf5, 0xdb,
    0xff, 0xe2, 0x25, 0xa4, 0xdd, 0x96, 0x2e, 0xab,
    0xac, 0x80, 0x29, 0xee, 0x28, 0x6f, 0x77, 0x40,
    0x6, 0x9e, 0xe2, 0x86, 0x8e, 0x7f, 0xd, 0x0,
    0x69, 0xee, 0x28, 0x2, 0xfc, 0x6a, 0x48, 0x3,
    0x4f, 0x70, 0xf0, 0x55, 0x5c, 0xe, 0x0, 0x2a,
    0x49, 0xfe, 0x34, 0x55, 0x21, 0x2b, 0x88, 0x17,
    0x67, 0x7f, 0x2c, 0x7e, 0xe6, 0xff, 0xb4, 0x40,

    /* U+6708 "月" */
    0x0, 0xaf, 0xff, 0xf9, 0x0, 0x32, 0x6e, 0xfc,
    0x1, 0xe3, 0x22, 0xf8, 0x3, 0xff, 0x90, 0xff,
    0xff, 0x0, 0x79, 0x73, 0x3e, 0x0, 0xe7, 0xd3,
    0x3f, 0x80, 0x38, 0x44, 0x1, 0xff, 0xc0, 0x29,
    0xff, 0xf8, 0x3, 0x18, 0x66, 0x7e, 0x0, 0xd4,
    0x86, 0x7f, 0x80, 0x22, 0x6e, 0x0, 0xff, 0xb9,
    0x14, 0x3, 0x9, 0x99, 0x1, 0xcc, 0x68, 0x3,
    0x8b, 0x31, 0x68, 0x66, 0xd1, 0x0, 0xe3, 0xff,
    0xac, 0x0,

    /* U+6709 "有" */
    0x0, 0xf1, 0x0, 0x7f, 0xf0, 0xf5, 0x0, 0x3f,
    0x88, 0xb4, 0x3, 0x91, 0x7c, 0x0, 0xdd, 0xce,
    0x19, 0xbb, 0xf0, 0x3, 0xfe, 0xa0, 0xef, 0xff,
    0xc0, 0x1d, 0x4c, 0x64, 0x5c, 0x60, 0x1e, 0xb0,
    0x6c, 0xce, 0xdc, 0x20, 0xd, 0xa, 0x17, 0xdd,
    0xde, 0x1, 0xd4, 0xd8, 0x17, 0xbb, 0xdc, 0x1,
    0x84, 0x58, 0x43, 0x3f, 0xfd, 0xa0, 0x18, 0x6c,
    0x80, 0x4, 0x5e, 0x30, 0xf, 0xc3, 0x7f, 0xfe,
    0x0, 0xfc, 0x35, 0xdd, 0xe0, 0xf, 0xe1, 0x1c,
    0x6, 0x40, 0x1f, 0xfc, 0x16, 0xdd, 0x21, 0x0,
    0x0,

    /* U+670D "服" */
    0x4, 0xff, 0xcc, 0x7f, 0xfe, 0x90, 0x8, 0x7b,
    0x84, 0x0, 0x1d, 0xdc, 0x80, 0x18, 0xc4, 0x4c,
    0x1, 0x11, 0x70, 0x7, 0xff, 0x4, 0xcc, 0x40,
    0x18, 0xbb, 0x88, 0x1, 0xd7, 0xe3, 0x40, 0x1b,
    0x74, 0x1, 0x9, 0x12, 0xba, 0x4, 0x2, 0x33,
    0x90, 0x2, 0xdd, 0xf0, 0x0, 0x48, 0xcc, 0xa0,
    0x1, 0x86, 0xff, 0x42, 0x80, 0xc, 0x73, 0x2,
    0x1, 0x33, 0x88, 0x57, 0x0, 0x5, 0x7f, 0xc8,
    0x1, 0xb, 0xc3, 0x2, 0x0, 0x3b, 0x40, 0x3e,
    0x86, 0x99, 0x0, 0x4a, 0x60, 0x1f, 0xe7, 0x0,
    0x9, 0xa8, 0x89, 0xc0, 0x23, 0xc6, 0x9c, 0x60,
    0x25, 0x16, 0xe1, 0x40, 0x5, 0x5c, 0xb5, 0xd8,
    0xcd, 0x40, 0xff, 0xa4, 0x7d, 0x2c, 0x0, 0x4d,
    0x30,

    /* U+671F "期" */
    0x0, 0x78, 0x80, 0x3c, 0x87, 0xff, 0xa4, 0x8,
    0x8, 0xa0, 0x60, 0x6, 0xf7, 0x18, 0x17, 0x43,
    0x37, 0x41, 0x68, 0x6, 0x23, 0x2, 0xf8, 0x77,
    0xf8, 0x35, 0x0, 0xc4, 0x60, 0xd, 0xdf, 0xe0,
    0xd, 0xbd, 0xc6, 0x0, 0xdd, 0xfe, 0x0, 0xdf,
    0xf3, 0x80, 0x63, 0x11, 0x0, 0x7f, 0xf0, 0x37,
    0xfc, 0x0, 0x30, 0xc, 0x20, 0x1b, 0xba, 0x0,
    0xdd, 0xd3, 0x3, 0x58, 0x55, 0xd8, 0x3a, 0x8b,
    0xba, 0x70, 0x5d, 0x7c, 0xd3, 0x9a, 0x6, 0x0,
    0xe3, 0x65, 0x16, 0x3f, 0x62, 0xc0, 0xf, 0x50,
    0xb0, 0x53, 0xaa, 0x20, 0x4, 0x60, 0x47, 0xd0,
    0x0, 0xeb, 0x29, 0x84, 0x73, 0xea, 0x68, 0x80,
    0x46, 0x6b, 0x0, 0x4f, 0xf2, 0x0,

    /* U+672A "未" */
    0x0, 0xfb, 0x98, 0x3, 0xff, 0x98, 0x3f, 0xfc,
    0x33, 0xff, 0xac, 0x2, 0x1c, 0xce, 0x5, 0xcc,
    0xd2, 0x1, 0x8c, 0xf8, 0x70, 0xcf, 0x10, 0x7,
    0xff, 0x18, 0xff, 0xfc, 0x33, 0xff, 0xda, 0x7,
    0x99, 0xc0, 0x13, 0x66, 0x6e, 0x0, 0x19, 0xe9,
    0x31, 0x56, 0x3, 0x3c, 0x1, 0xd4, 0xfa, 0x19,
    0x38, 0x80, 0x1e, 0x2c, 0x7c, 0x10, 0x3, 0x4d,
    0xb8, 0x6, 0x7d, 0x6d, 0x10, 0xc, 0xd9, 0x38,
    0x80, 0xb3, 0x54, 0x0, 0xf8, 0xfd, 0x60, 0x17,
    0x94, 0x3, 0xf8, 0x67, 0x0,

    /* U+672C "本" */
    0x0, 0xfb, 0x58, 0x3, 0xff, 0x98, 0x23, 0xe3,
    0x11, 0xf0, 0x0, 0xbb, 0xbc, 0x31, 0xdd, 0xd8,
    0x5, 0xbb, 0x94, 0x40, 0xc3, 0x37, 0x70, 0x0,
    0x8a, 0x35, 0xa2, 0xa3, 0xb2, 0x28, 0x40, 0x3a,
    0x11, 0x0, 0x8, 0x72, 0x0, 0xf9, 0x5a, 0x40,
    0x24, 0x5e, 0x0, 0xf1, 0x55, 0x8, 0x3, 0x58,
    0xd0, 0x6, 0x2c, 0x65, 0x0, 0xe1, 0xf5, 0xa0,
    0x2, 0x6a, 0x7, 0xfc, 0x53, 0xfe, 0xda, 0x4d,
    0x4, 0x9a, 0xbb, 0xc0, 0xb7, 0x72, 0xfc, 0x80,
    0x18, 0x9, 0x12, 0x2c, 0x44, 0x80, 0x50, 0x3,
    0xff, 0x8a,

    /* U+672F "术" */
    0x0, 0xf9, 0xb8, 0x1d, 0x0, 0x3f, 0xf8, 0x45,
    0x72, 0x1, 0xff, 0xc1, 0x5d, 0x46, 0x0, 0x88,
    0xcf, 0xb0, 0x4c, 0xc3, 0x2a, 0x60, 0x8, 0xcc,
    0xe5, 0xc, 0xca, 0xf3, 0x0, 0xa, 0xff, 0xda,
    0x0, 0x3f, 0xfe, 0x0, 0xfb, 0x80, 0x42, 0x0,
    0x3f, 0xd2, 0x30, 0x1c, 0xcc, 0x0, 0xfd, 0xd,
    0xe2, 0x5, 0x52, 0xa0, 0x1e, 0x97, 0xb2, 0x0,
    0x92, 0xa8, 0xe0, 0x11, 0xe3, 0xe2, 0x0, 0x72,
    0xd4, 0x50, 0x3, 0x9f, 0xcc, 0x3, 0xe5, 0xc7,
    0x30, 0xcb, 0x10, 0xf, 0xe3, 0xd3, 0x1, 0x0,
    0xff, 0xe1, 0x0,

    /* U+673A "机" */
    0x0, 0x93, 0x80, 0x2b, 0xff, 0xd0, 0x1, 0xff,
    0x36, 0xe8, 0xc0, 0x3c, 0x20, 0x1d, 0xc4, 0x46,
    0x0, 0xdf, 0xea, 0x1f, 0xf2, 0x0, 0x7f, 0x6e,
    0x80, 0x1b, 0xa4, 0x0, 0xfe, 0x22, 0x0, 0x8,
    0x80, 0x1f, 0xf2, 0x0, 0x2c, 0x0, 0xe2, 0x1,
    0xfb, 0xd8, 0x45, 0x60, 0x26, 0x1, 0xf2, 0x36,
    0x85, 0x31, 0x11, 0xc0, 0x3e, 0x98, 0x0, 0xb4,
    0x0, 0x40, 0x1e, 0x26, 0x50, 0xc, 0xa6, 0x1,
    0xea, 0x2b, 0x0, 0xea, 0xa0, 0x7, 0xb, 0x80,
    0x79, 0xc1, 0x80, 0x23, 0x25, 0x10, 0xf, 0x5f,
    0x0, 0x6c, 0x5b, 0xb0, 0x4, 0x9c, 0x18, 0x60,
    0x19, 0x7f, 0xce,

    /* U+6742 "杂" */
    0x0, 0xe2, 0xf1, 0x0, 0xfe, 0x35, 0x5a, 0x1,
    0x15, 0x50, 0x20, 0x1c, 0x91, 0x12, 0x84, 0x44,
    0xe8, 0x1, 0xcf, 0xba, 0xf0, 0xcd, 0xd8, 0x80,
    0x23, 0x0, 0xc7, 0x8e, 0x60, 0x1e, 0x2c, 0x0,
    0x25, 0x64, 0xc0, 0x6, 0x6a, 0xed, 0x40, 0x18,
    0xde, 0x70, 0x4, 0x98, 0x5e, 0xed, 0x60, 0x3e,
    0x84, 0x67, 0x35, 0x99, 0x84, 0x4, 0x40, 0x39,
    0x9e, 0x7, 0xcc, 0xe8, 0x1, 0xff, 0xb7, 0xfc,
    0x35, 0xfd, 0xff, 0x48, 0x6, 0xae, 0x0, 0xe8,
    0xd2, 0x0, 0xc3, 0x6f, 0xa0, 0x1d, 0x35, 0x86,
    0x1, 0x68, 0xe8, 0x8e, 0x0, 0x9e, 0x60, 0x2,
    0xca, 0x1, 0xee, 0x12, 0x0, 0x4f, 0x60, 0x1e,
    0x1f, 0xf6, 0x88, 0x7, 0xc0,

    /* U+6760 "杠" */
    0x0, 0x97, 0x40, 0x3f, 0xf8, 0xa3, 0xff, 0xf6,
    0x80, 0x8, 0x9a, 0x45, 0x4c, 0xc0, 0x73, 0x28,
    0x0, 0x6e, 0x9c, 0x37, 0x19, 0xa1, 0xa6, 0x62,
    0x80, 0x3f, 0xc0, 0xf, 0xf0, 0x7, 0xff, 0xa,
    0x0, 0x3f, 0xf8, 0x8, 0x2, 0xa8, 0x1, 0xff,
    0x71, 0x9a, 0x60, 0x3, 0xfc, 0x49, 0x40, 0x9c,
    0x1, 0xfe, 0xe6, 0x30, 0x1, 0x0, 0x7f, 0x9e,
    0x0, 0x3f, 0xf8, 0x56, 0x1, 0xff, 0xc8, 0xdf,
    0xf8, 0x67, 0xfe, 0x50, 0xf, 0x76, 0x67, 0xe4,

    /* U+6761 "条" */
    0x0, 0xe2, 0x50, 0xf, 0xfe, 0x17, 0xe0, 0x7,
    0xff, 0x0, 0x7c, 0x9b, 0xff, 0x84, 0x3, 0x8f,
    0x0, 0xbb, 0xac, 0x7, 0x10, 0xd, 0x18, 0xbc,
    0x3a, 0xb, 0xad, 0x0, 0x1d, 0x7b, 0x3, 0x81,
    0xd7, 0x32, 0x0, 0xf1, 0x91, 0xc7, 0x12, 0x22,
    0x2d, 0x88, 0x2, 0x5d, 0xfd, 0x2a, 0xed, 0x8e,
    0xcd, 0xd7, 0xd8, 0x24, 0x6f, 0x52, 0x5, 0xa8,
    0xbd, 0xfe, 0xc0, 0xa, 0xce, 0xee, 0x29, 0xdd,
    0xce, 0x60, 0x14, 0x4c, 0xe0, 0x59, 0x9c, 0x80,
    0x18, 0xd6, 0x5d, 0xb, 0x12, 0xd, 0x4, 0x3,
    0x1f, 0xd1, 0x80, 0x6e, 0xa8, 0x0, 0xcb, 0x90,
    0xe0, 0x11, 0x81, 0x7b, 0x38, 0x4, 0xb8, 0xc0,
    0x9e, 0x6e, 0x0, 0x2d, 0x50, 0xc, 0x60, 0x4,
    0xfe, 0x20, 0x8, 0xc8, 0x0,

    /* U+6765 "来" */
    0x0, 0xfb, 0x58, 0x3, 0xf1, 0x22, 0x71, 0x6a,
    0x27, 0x8, 0x1, 0x66, 0x78, 0x12, 0x67, 0x88,
    0x0, 0xf8, 0xf9, 0xba, 0x29, 0xdd, 0x4b, 0xe9,
    0x80, 0x42, 0x28, 0x0, 0xf7, 0x98, 0x7, 0xbd,
    0x84, 0x3, 0x22, 0xc0, 0x4, 0x26, 0x67, 0x55,
    0x19, 0x79, 0x99, 0x88, 0xc8, 0x17, 0x32, 0x5b,
    0xc0, 0x6c, 0x87, 0xcc, 0x78, 0x27, 0xfe, 0xc1,
    0x0, 0x27, 0xfe, 0xd0, 0xe, 0x4d, 0xb2, 0x90,
    0xb0, 0xf, 0xcd, 0x74, 0xa0, 0xb, 0xc, 0x20,
    0xc, 0x57, 0x18, 0x80, 0x1a, 0xd3, 0x5c, 0x0,
    0xba, 0x5e, 0x60, 0x1e, 0x8b, 0xad, 0x5, 0xd9,
    0x10, 0xf, 0xc9, 0xbe, 0x0,

    /* U+677F "板" */
    0x0, 0xff, 0xe3, 0xf1, 0x80, 0x62, 0x46, 0xae,
    0x60, 0xf, 0x93, 0xfd, 0x91, 0x9b, 0x4c, 0x2,
    0xcc, 0x1a, 0x60, 0x7, 0xf6, 0x53, 0xa0, 0x5,
    0xf8, 0xb, 0xe0, 0x1f, 0xe1, 0x9e, 0x6, 0x97,
    0xf, 0xf7, 0x75, 0xea, 0x1, 0x68, 0x29, 0x38,
    0x29, 0xe6, 0x34, 0x18, 0x2, 0x41, 0x8e, 0x1,
    0x92, 0x28, 0x0, 0x60, 0x6, 0x40, 0x4a, 0x12,
    0x33, 0x20, 0x4b, 0x0, 0x57, 0x40, 0x6, 0x26,
    0xa, 0xf2, 0x5b, 0x0, 0x33, 0xc, 0x2, 0xd2,
    0x7, 0x5d, 0x52, 0x0, 0x3c, 0x0, 0x64, 0xc0,
    0x0, 0x84, 0x80, 0x42, 0x60, 0x11, 0x8a, 0x4,
    0x81, 0x71, 0x0, 0x7d, 0x2a, 0x78, 0xf9, 0xaf,
    0x8e, 0x1, 0xe6, 0x89, 0x5f, 0x30, 0xa8, 0xa1,
    0x0, 0xb8, 0xf0, 0xaa, 0x44, 0x2, 0x6d, 0x10,

    /* U+6784 "构" */
    0x0, 0xff, 0xe3, 0x71, 0x80, 0x7, 0x84, 0x3,
    0xff, 0x80, 0xe6, 0x20, 0x1e, 0x22, 0xa, 0x90,
    0x41, 0x4c, 0xed, 0x64, 0xdd, 0x4, 0xea, 0xb,
    0x77, 0x62, 0xc4, 0xfc, 0xa, 0xf9, 0x7b, 0x47,
    0x7c, 0x1, 0x58, 0x51, 0xc, 0x5d, 0x0, 0x42,
    0x60, 0x5, 0x3, 0xac, 0x7, 0xd2, 0x0, 0xe4,
    0x61, 0x85, 0x4, 0x34, 0xf2, 0x3, 0x10, 0x8f,
    0x7, 0xd0, 0xfb, 0x4, 0x80, 0x1f, 0x61, 0x40,
    0x9, 0x92, 0xf9, 0x14, 0x1c, 0x53, 0x80, 0x30,
    0xaf, 0xf6, 0xc0, 0x91, 0x91, 0x80, 0x67, 0xa2,
    0x0, 0x38, 0x89, 0x80, 0x3f, 0xc4, 0x46, 0x3,
    0x0, 0xff, 0x5e, 0xcc, 0x0, 0x6e, 0x30, 0xe,
    0x9f, 0xf3, 0x80,

    /* U+6790 "析" */
    0x0, 0xff, 0xe0, 0x88, 0x7, 0x72, 0x0, 0x62,
    0x69, 0xec, 0x10, 0xf, 0xd7, 0xfb, 0xa1, 0xad,
    0x10, 0xe, 0x10, 0x1, 0xa7, 0xdc, 0x20, 0x4,
    0x9f, 0xe1, 0xaf, 0xa0, 0x10, 0xf, 0x93, 0x6c,
    0x1f, 0x6c, 0x18, 0x8b, 0xc0, 0x2, 0x20, 0x39,
    0x8, 0x1e, 0xef, 0x90, 0x1, 0x40, 0x52, 0x0,
    0x6f, 0xf5, 0x8f, 0xf9, 0x0, 0xc0, 0x61, 0xd0,
    0x3, 0xfd, 0x12, 0x3, 0x48, 0x42, 0x1, 0xf3,
    0x31, 0x40, 0x8, 0x3, 0xc0, 0x1f, 0xa4, 0x3,
    0x91, 0x40, 0x3e, 0x64, 0x0, 0xc6, 0x6, 0x1,
    0xff, 0xc1, 0x96, 0x0, 0xff, 0x8c, 0x0, 0x36,
    0x1, 0xf8,

    /* U+679A "枚" */
    0x0, 0xff, 0xe3, 0xf2, 0x0, 0x49, 0xc0, 0x1f,
    0xfc, 0x2d, 0x50, 0xf, 0xfe, 0x13, 0xa, 0xaf,
    0x3, 0x7f, 0x86, 0xfd, 0xe0, 0x1e, 0x65, 0x54,
    0x90, 0x6d, 0xa0, 0x9d, 0x67, 0xd, 0xcc, 0x32,
    0x60, 0x0, 0x88, 0x0, 0x2a, 0x20, 0x20, 0x2,
    0x68, 0x6, 0xb0, 0x91, 0xe, 0x55, 0x1, 0x11,
    0x0, 0x23, 0x1, 0x5d, 0xb3, 0xea, 0xa, 0x32,
    0x0, 0xa6, 0x83, 0x9e, 0x41, 0x1, 0xdd, 0x20,
    0x11, 0xa3, 0x0, 0x2b, 0xc0, 0x11, 0x1, 0x50,
    0xa, 0xa0, 0x2, 0x16, 0x0, 0x10, 0x7, 0xa1,
    0x80, 0x3d, 0x10, 0xa3, 0xc1, 0x0, 0x8, 0x7,
    0x26, 0x36, 0x2f, 0x8f, 0xb8, 0x7, 0x86, 0x53,
    0x8c, 0xb, 0x5a, 0xc0, 0x37, 0x20, 0xec, 0x0,
    0x74, 0x60, 0x0,

    /* U+679C "果" */
    0x0, 0x2f, 0xff, 0xfb, 0x80, 0x3c, 0xcd, 0x0,
    0x19, 0xa4, 0x0, 0xf0, 0xcc, 0xd4, 0x33, 0x36,
    0x80, 0x78, 0x7f, 0xea, 0x1f, 0xfa, 0x40, 0x3c,
    0x3f, 0xf5, 0xf, 0xfd, 0x20, 0x1f, 0x11, 0x61,
    0x22, 0x84, 0x3, 0x84, 0x33, 0x28, 0xc, 0xca,
    0x4c, 0x3, 0x27, 0x76, 0xa1, 0xee, 0xda, 0x1,
    0x5f, 0xff, 0x50, 0xff, 0xf9, 0x2, 0xb7, 0x71,
    0x0, 0x4f, 0xbb, 0x90, 0x4, 0x88, 0x1e, 0xd2,
    0x3a, 0xb0, 0x64, 0x40, 0x8, 0x67, 0x2e, 0xc6,
    0x5, 0xa1, 0xee, 0x1, 0x57, 0x1e, 0x30, 0x7,
    0x56, 0xdf, 0xa8, 0x4f, 0x51, 0x0, 0x7c, 0x79,
    0x85,

    /* U+67B6 "架" */
    0x0, 0xb1, 0x80, 0x31, 0x9f, 0x0, 0x13, 0xfc,
    0x73, 0xfe, 0x93, 0xc8, 0x8b, 0x10, 0x13, 0x74,
    0x17, 0xa8, 0x20, 0x37, 0x70, 0x80, 0x44, 0x22,
    0x42, 0x1f, 0x0, 0xff, 0x4b, 0x80, 0x18, 0x80,
    0x3f, 0x95, 0x20, 0xd0, 0xd8, 0x6, 0x66, 0x10,
    0x1, 0xce, 0xd, 0x4b, 0x2b, 0x38, 0x8c, 0xec,
    0x7, 0x84, 0x13, 0xb3, 0x67, 0x11, 0xc4, 0x0,
    0xff, 0xf1, 0x4f, 0xff, 0x60, 0x3, 0xbb, 0x58,
    0x4, 0x7b, 0xdd, 0x68, 0x0, 0x46, 0x4b, 0x92,
    0x80, 0xe3, 0x11, 0x80, 0x22, 0xbb, 0x98, 0x7,
    0x17, 0x64, 0x40, 0x5, 0x7a, 0x3e, 0x80, 0x1a,
    0x6d, 0x3a, 0xc0, 0x8f, 0x28, 0x40, 0x3c, 0x9b,
    0x7e, 0x0,

    /* U+67D3 "染" */
    0x0, 0xff, 0xe2, 0x8d, 0x51, 0x40, 0x2f, 0x30,
    0xf, 0xd5, 0x62, 0xfd, 0xe1, 0x9d, 0xe6, 0x1,
    0x1f, 0x62, 0x21, 0xb6, 0x3, 0x34, 0x1c, 0x2,
    0x3f, 0xa2, 0x1, 0x3e, 0x43, 0x30, 0x80, 0x79,
    0xb5, 0x80, 0x9b, 0xc0, 0x3b, 0x40, 0x2a, 0x77,
    0x1e, 0x2a, 0x0, 0x42, 0x22, 0x0, 0x5b, 0xe3,
    0xe3, 0x91, 0x80, 0x1e, 0xb9, 0x40, 0x1f, 0x82,
    0xdb, 0x2a, 0xa0, 0x4, 0xff, 0xa8, 0x12, 0x73,
    0x75, 0xfe, 0x29, 0xed, 0xdd, 0x80, 0xbd, 0xda,
    0x80, 0x37, 0x76, 0xf0, 0x13, 0x39, 0x66, 0xca,
    0x57, 0xc4, 0xce, 0x0, 0x8a, 0xed, 0xa8, 0x0,
    0xb4, 0xd7, 0x0, 0x8e, 0xf4, 0xb4, 0xc0, 0x34,
    0x65, 0xfc, 0x81, 0x13, 0x64, 0x3, 0xe3, 0xcb,
    0xf0,

    /* U+67E5 "查" */
    0x0, 0xfa, 0x64, 0x1, 0xf8, 0xcf, 0xca, 0xa3,
    0x3f, 0x0, 0xf7, 0x76, 0x19, 0xb3, 0xbb, 0x84,
    0x5b, 0xb9, 0xd, 0x54, 0x69, 0xbb, 0x84, 0x2,
    0x2c, 0x3c, 0x33, 0x60, 0x61, 0x0, 0x62, 0x9c,
    0xaa, 0x0, 0x69, 0x8f, 0x92, 0x1, 0xee, 0x5e,
    0xdd, 0x91, 0x17, 0x6f, 0x8c, 0x81, 0x16, 0x39,
    0xbc, 0xcb, 0xfd, 0x32, 0x72, 0x5a, 0x10, 0xe,
    0x33, 0xf0, 0x7, 0xf1, 0xd5, 0x78, 0x80, 0x3f,
    0x1d, 0xdf, 0x88, 0x3, 0xe3, 0x1d, 0xdf, 0x8,
    0x80, 0x30, 0x93, 0xff, 0xfe, 0x42, 0x10, 0x5,
    0x6e, 0xff, 0xf0, 0x3c, 0x0,

    /* U+67F1 "柱" */
    0x0, 0xb8, 0xc0, 0x32, 0x58, 0x7, 0xff, 0x9,
    0x15, 0x40, 0x1c, 0x44, 0x15, 0x22, 0x19, 0xcf,
    0xa6, 0x70, 0x1e, 0xe8, 0x27, 0x67, 0x76, 0x67,
    0xdd, 0x78, 0x1f, 0xe8, 0x57, 0xdf, 0x74, 0x35,
    0xdc, 0xc0, 0x9, 0x2, 0x80, 0x3f, 0xf8, 0x34,
    0x7, 0x20, 0x1f, 0xf1, 0x80, 0xc2, 0x23, 0x76,
    0x1a, 0xdd, 0x30, 0x2, 0x24, 0x1f, 0x12, 0x66,
    0x6, 0x99, 0x38, 0x2a, 0xc0, 0x1, 0x4, 0x48,
    0x71, 0x10, 0x20, 0x96, 0x1, 0xff, 0xc2, 0x15,
    0x0, 0xff, 0xe4, 0x2a, 0xe1, 0xe5, 0x58, 0x3,
    0xc3, 0x55, 0x81, 0x2a, 0xa2,

    /* U+6807 "标" */
    0x0, 0xb9, 0x0, 0x4, 0x5f, 0x0, 0x7f, 0x7e,
    0xef, 0x84, 0x3, 0x8, 0x80, 0x1b, 0xff, 0xe1,
    0x6, 0xff, 0x5, 0x7b, 0x0, 0x7f, 0x37, 0x48,
    0x37, 0x23, 0x37, 0xe1, 0x1, 0xc0, 0x63, 0xd,
    0xd4, 0x4d, 0x6e, 0xc4, 0x2, 0x80, 0xde, 0x77,
    0x6d, 0xc, 0xbb, 0x8c, 0x25, 0x87, 0x5c, 0x8c,
    0xc0, 0x12, 0x90, 0x0, 0x9e, 0x40, 0x14, 0x7e,
    0xc0, 0x16, 0x48, 0x2, 0xd8, 0x40, 0x21, 0x34,
    0x0, 0xad, 0xc, 0x2e, 0x40, 0x34, 0xa0, 0x80,
    0x44, 0x70, 0x4, 0x1, 0x85, 0xfc, 0x3, 0xad,
    0x4, 0x3, 0x86, 0xd0, 0xd8, 0x2, 0x69, 0x10,
    0xf, 0x20, 0x65, 0x28, 0x0, 0x58, 0x3, 0x7a,
    0x0, 0x5f, 0xea, 0x0, 0xe0,

    /* U+6808 "栈" */
    0x0, 0xff, 0xe3, 0xf9, 0x80, 0x43, 0xe2, 0xc2,
    0x1, 0xff, 0x8, 0x18, 0xe1, 0x0, 0x44, 0x40,
    0x62, 0x0, 0xc2, 0xf4, 0x82, 0x0, 0xdd, 0x5,
    0x69, 0x34, 0x6, 0x7c, 0x5a, 0x80, 0x3f, 0x42,
    0xbd, 0xf4, 0x41, 0x77, 0xf5, 0x0, 0x25, 0xa,
    0x5, 0xb9, 0x52, 0x20, 0x1a, 0x0, 0x54, 0x9,
    0x0, 0x28, 0xaf, 0xbf, 0xba, 0x0, 0x2b, 0x4,
    0x1b, 0xf4, 0x0, 0x3b, 0x9f, 0xe0, 0x4, 0x78,
    0x2, 0xdf, 0xf3, 0x80, 0x87, 0x7c, 0x10, 0x50,
    0x3, 0xc2, 0x53, 0x8d, 0x20, 0x9c, 0x1, 0xf8,
    0xdd, 0x69, 0x0, 0x4, 0x1, 0xe4, 0xc1, 0xd,
    0xf, 0x40, 0xf, 0x47, 0x55, 0xfb, 0xd2, 0x2a,
    0x80, 0x21, 0x10, 0x2, 0xf9, 0xc2, 0x1e, 0xd0,
    0x40,

    /* U+680F "栏" */
    0x0, 0xb8, 0xc0, 0x5, 0x20, 0x13, 0xc8, 0x7,
    0xf1, 0x2b, 0x0, 0x27, 0x40, 0x26, 0x60, 0xd3,
    0x0, 0x3f, 0x2, 0x11, 0x0, 0x16, 0x60, 0x13,
    0x17, 0xf1, 0x7d, 0xd7, 0xe4, 0x1, 0x52, 0xf,
    0x49, 0x99, 0xf4, 0x0, 0x56, 0xa, 0x22, 0x33,
    0xf8, 0x40, 0x25, 0x5, 0xb0, 0xf, 0xf9, 0x18,
    0x79, 0x4, 0x8c, 0xf8, 0x80, 0x28, 0xe0, 0x7c,
    0x18, 0xcc, 0xef, 0x0, 0x29, 0x28, 0x0, 0x82,
    0xbf, 0xfb, 0x40, 0xf, 0x60, 0x1f, 0xfc, 0x22,
    0x50, 0xf, 0xfe, 0x47, 0xff, 0xf1, 0x0, 0x7b,
    0x33, 0xf8, 0x80,

    /* U+6837 "样" */
    0x0, 0xff, 0xe3, 0xf, 0x88, 0x2, 0x58, 0x2,
    0x1e, 0x20, 0xf, 0xdb, 0x22, 0x0, 0x85, 0x20,
    0x1, 0x10, 0x8, 0x44, 0xc6, 0x84, 0x8d, 0xc4,
    0x3, 0xb8, 0x19, 0xb1, 0xa7, 0x5b, 0x61, 0x5c,
    0x3, 0xf4, 0x1b, 0x93, 0xff, 0x6, 0x7f, 0xb0,
    0x2, 0xc0, 0xe0, 0x0, 0x8c, 0xe, 0x22, 0x0,
    0xce, 0xe, 0xc5, 0xdd, 0x5, 0xf7, 0x14, 0x0,
    0x84, 0x13, 0x85, 0xfe, 0xe0, 0xcf, 0xf2, 0x80,
    0x22, 0x80, 0xe8, 0x2, 0x10, 0xf, 0x28, 0xb8,
    0x0, 0xfb, 0xaf, 0xc, 0xee, 0x89, 0x24, 0x2,
    0x3d, 0xdb, 0x2, 0x77, 0x62, 0x14, 0x0, 0xc6,
    0x78, 0x14, 0xce, 0x0, 0xff, 0xea, 0x80,

    /* U+6838 "核" */
    0x0, 0xff, 0xe3, 0xf1, 0x80, 0x62, 0xe1, 0x0,
    0xff, 0x1a, 0x21, 0x86, 0x91, 0x20, 0x1, 0x10,
    0x54, 0xbe, 0xee, 0x4, 0xbb, 0x84, 0x5b, 0xa0,
    0x9d, 0xcf, 0xd0, 0xbf, 0xfc, 0x22, 0xfd, 0xa,
    0xf0, 0x4, 0x32, 0x3, 0x10, 0x6, 0x50, 0xa0,
    0x3, 0x24, 0x3, 0xc1, 0x80, 0x6b, 0x4, 0x78,
    0x91, 0xef, 0x8a, 0x10, 0x8, 0xc0, 0x7e, 0xe7,
    0x3a, 0x86, 0x92, 0x14, 0x1, 0x34, 0xf, 0x82,
    0x73, 0x7a, 0xa8, 0xec, 0x8, 0x86, 0x0, 0x97,
    0x93, 0xc, 0xd7, 0x46, 0xb, 0x0, 0x18, 0x6f,
    0x9, 0xb1, 0x94, 0x0, 0x2c, 0x1, 0x91, 0x4a,
    0xe1, 0x59, 0x80, 0x1f, 0x8e, 0xb4, 0xfa, 0xb2,
    0x20, 0x1, 0xe2, 0xe2, 0xe8, 0x0, 0x1e, 0x8,
    0x6, 0xe3, 0x2d, 0x81, 0x0, 0xc5, 0x20,

    /* U+6839 "根" */
    0x0, 0xb8, 0xc1, 0x3f, 0xfd, 0x40, 0x1f, 0xc3,
    0xff, 0x9c, 0x2, 0x39, 0x90, 0xfc, 0x88, 0x7,
    0xff, 0x10, 0x7f, 0xf3, 0x80, 0x47, 0x3a, 0x17,
    0x22, 0x2e, 0xec, 0xc0, 0x1d, 0xa1, 0x2, 0x0,
    0x11, 0xe0, 0xe, 0x40, 0x58, 0x1, 0xff, 0xce,
    0x1, 0x99, 0x6, 0x4c, 0x1, 0xce, 0x9d, 0xc9,
    0x0, 0xae, 0x80, 0x14, 0x2, 0x29, 0x51, 0x5d,
    0x40, 0x71, 0x30, 0xf, 0xa, 0xfd, 0x51, 0x1,
    0xbc, 0x3, 0xf4, 0x6, 0xa0, 0x0, 0x4c, 0x3,
    0xf0, 0xb7, 0x10, 0x7, 0xe3, 0x1b, 0xf9, 0x93,
    0x63, 0x0, 0x7d, 0x81, 0xba, 0xb0, 0xb9, 0x10,
    0xd, 0xc6, 0x17, 0xec, 0x40, 0x13, 0xb8, 0x0,

    /* U+683C "格" */
    0x0, 0xff, 0xe3, 0xf1, 0x80, 0x6e, 0x40, 0xf,
    0xfe, 0xc, 0x8e, 0x44, 0x28, 0x3, 0x84, 0x2,
    0x46, 0x4e, 0xe1, 0xa8, 0x1, 0x7f, 0xc1, 0x9f,
    0x36, 0x4, 0xcd, 0x48, 0x1, 0x76, 0xc2, 0x71,
    0xa7, 0xd1, 0xad, 0x98, 0x1, 0x11, 0x84, 0x9f,
    0xb0, 0x74, 0xa5, 0x80, 0x75, 0x82, 0x58, 0x1,
    0x74, 0x86, 0xc8, 0x2, 0x30, 0x18, 0x16, 0xbb,
    0xb7, 0xcb, 0x68, 0xc2, 0x64, 0x0, 0xc8, 0x50,
    0x8d, 0xc4, 0x1, 0x11, 0xa2, 0x80, 0x1b, 0x99,
    0x3b, 0xb0, 0x49, 0x5c, 0x0, 0x78, 0xcf, 0x80,
    0x28, 0x60, 0xf, 0xfe, 0x48, 0xa2, 0x70, 0x7,
    0xfc, 0x53, 0x38, 0x3, 0xdc, 0x60, 0x9, 0xfd,
    0xdd, 0xe4, 0x0,

    /* U+6846 "框" */
    0x0, 0xbc, 0x83, 0xbf, 0xfe, 0xe0, 0xf, 0xd5,
    0xdd, 0xef, 0x1, 0x33, 0x3, 0x98, 0x8, 0xfe,
    0x5, 0xcc, 0x5, 0x68, 0x3, 0x3f, 0xfb, 0x1,
    0x3f, 0x2, 0xb8, 0x1, 0x9f, 0x83, 0xfe, 0xc0,
    0x9, 0x2, 0x84, 0x3, 0xff, 0x81, 0x41, 0x1a,
    0x0, 0x7f, 0xc1, 0xff, 0x30, 0x1, 0x18, 0x16,
    0x80, 0xf, 0xd6, 0x1d, 0xc6, 0x0, 0x7f, 0x0,
    0x18, 0x2, 0x17, 0x11, 0x80, 0x8, 0xaa, 0x0,
    0xff, 0xe0, 0xbd, 0x80, 0x7b, 0xfd, 0x83, 0xfe,
    0xe0, 0x35, 0x0, 0xf7, 0xf7, 0x78, 0x3, 0xf4,
    0xee, 0x67, 0x69, 0x0, 0x7b, 0x66, 0x7f, 0x10,

    /* U+6848 "案" */
    0x0, 0xf8, 0xc0, 0x3f, 0xc2, 0x3d, 0xd0, 0x23,
    0xc0, 0x15, 0xf7, 0x71, 0x3f, 0x77, 0x68, 0x5,
    0x3f, 0xf3, 0xcf, 0xff, 0x50, 0x4, 0xb7, 0x98,
    0xf7, 0xbc, 0xcb, 0xf2, 0x8, 0x1, 0xbd, 0xea,
    0x17, 0xdf, 0xe2, 0xf, 0xec, 0x0, 0x19, 0xb9,
    0x98, 0x40, 0x30, 0x5c, 0x67, 0x0, 0x6d, 0xc1,
    0x9c, 0xd4, 0x54, 0x10, 0xd, 0x39, 0xb8, 0xad,
    0x1b, 0xaf, 0xee, 0x62, 0x0, 0x2b, 0xf3, 0xf6,
    0x76, 0xc9, 0xaf, 0xe1, 0x0, 0xb7, 0x5f, 0xdc,
    0xf5, 0x6f, 0xee, 0xab, 0x88, 0x99, 0x9a, 0xc0,
    0x35, 0xe6, 0x62, 0x2, 0x20, 0x44, 0x2d, 0x5a,
    0xe2, 0x44, 0x88, 0x2, 0xf9, 0x8d, 0xd2, 0x0,
    0x13, 0x73, 0x71, 0xc8, 0x76, 0x79, 0xc0, 0x3c,
    0xfd, 0x3a, 0x60,

    /* U+6863 "档" */
    0x0, 0xb8, 0xc0, 0x30, 0xf8, 0x80, 0x7f, 0x3c,
    0x80, 0x75, 0x48, 0x4, 0x20, 0x5, 0x61, 0x0,
    0x85, 0x6d, 0x3f, 0xc1, 0x9e, 0x2b, 0x20, 0x13,
    0x29, 0x26, 0xd0, 0x4e, 0x9c, 0xe0, 0x5, 0xf0,
    0x0, 0x2d, 0x9, 0x26, 0xbc, 0xb0, 0xb0, 0xa5,
    0x0, 0x28, 0x13, 0x88, 0xc6, 0xc6, 0x2b, 0xe0,
    0x62, 0x28, 0x83, 0x4c, 0xf9, 0x40, 0x13, 0x40,
    0xd6, 0x4, 0x5f, 0x1, 0x23, 0x0, 0x12, 0x77,
    0x7c, 0xa0, 0x8c, 0x1, 0xa3, 0xff, 0xce, 0xd,
    0x0, 0x1f, 0xfc, 0x61, 0xff, 0xf9, 0xc0, 0x3c,
    0x3b, 0xbf, 0x28, 0x0,

    /* U+68C0 "检" */
    0x0, 0xff, 0xe3, 0x17, 0x80, 0x73, 0xf8, 0x7,
    0xff, 0x4, 0x60, 0x14, 0x3, 0x8d, 0xc0, 0xc4,
    0x1, 0xad, 0x94, 0x80, 0x11, 0xe5, 0x6, 0x40,
    0x63, 0x49, 0xdd, 0x9c, 0x0, 0x7e, 0xe1, 0xf5,
    0xa3, 0xc8, 0x80, 0x89, 0xb1, 0x0, 0x28, 0x44,
    0x16, 0xe2, 0x36, 0x78, 0x6, 0x20, 0x48, 0x83,
    0x66, 0x6b, 0x1b, 0x10, 0x64, 0x8, 0xb5, 0x50,
    0x34, 0x0, 0x31, 0x40, 0x17, 0xc0, 0x90, 0x32,
    0xa, 0x80, 0x44, 0x50, 0x51, 0x70, 0x9, 0x8,
    0x4c, 0xc1, 0x72, 0x0, 0x5f, 0x0, 0xe5, 0x20,
    0x72, 0x77, 0x0, 0x46, 0x1, 0xd6, 0x61, 0x17,
    0x20, 0x1f, 0x9b, 0x33, 0x9a, 0xb3, 0x0, 0x1e,
    0x48, 0x8e, 0xb9, 0x88, 0x0,

    /* U+6977 "楷" */
    0x0, 0xff, 0xe3, 0x17, 0x80, 0x26, 0x40, 0x4,
    0xe0, 0xf, 0xf8, 0xc4, 0x40, 0x12, 0xe0, 0x0,
    0xdc, 0xc, 0x41, 0x7f, 0xc2, 0x2c, 0x98, 0x0,
    0x65, 0x6, 0x48, 0x37, 0x70, 0x42, 0x31, 0x0,
    0x1f, 0x1, 0xd0, 0x0, 0x13, 0x1, 0x40, 0xb4,
    0x0, 0x58, 0x50, 0x33, 0x3e, 0x58, 0x77, 0x48,
    0xa0, 0x3, 0x0, 0x2b, 0x67, 0x6f, 0x73, 0xfd,
    0xc2, 0xa, 0x81, 0xfe, 0x92, 0x19, 0x40, 0x33,
    0x8, 0x2, 0x38, 0x12, 0x9b, 0xbc, 0x5b, 0xfd,
    0xca, 0x8, 0xce, 0x1, 0x8f, 0xbf, 0xba, 0x20,
    0x2, 0x48, 0x7, 0x1f, 0x77, 0x10, 0x4, 0x40,
    0x1c, 0x7d, 0xdc, 0x40, 0x1f, 0xe1, 0x1e, 0x30,
    0xf, 0xe3, 0xff, 0xe1, 0x0, 0xc5, 0xe0, 0x6,
    0xfe, 0xee, 0xf5, 0x0,

    /* U+6A21 "模" */
    0x0, 0x1f, 0x80, 0x6e, 0x30, 0x5d, 0x0, 0xfc,
    0x59, 0x81, 0xcc, 0x51, 0x66, 0x0, 0x4, 0xa0,
    0x41, 0xdc, 0x9, 0xe8, 0xe, 0xe0, 0x1e, 0xc8,
    0x6d, 0xb5, 0x37, 0x57, 0xb5, 0x0, 0xf, 0xdc,
    0x3a, 0x74, 0xff, 0xba, 0xf7, 0x60, 0x9, 0x2,
    0xc0, 0xb, 0x55, 0xc0, 0x1c, 0x60, 0xe8, 0xf,
    0xbb, 0xc2, 0x1, 0x20, 0x84, 0x70, 0x2c, 0xcf,
    0x8, 0x5, 0xcc, 0xb, 0x75, 0x4e, 0x27, 0xee,
    0x4a, 0x81, 0xa5, 0x80, 0x4, 0x9d, 0xc0, 0xae,
    0xf0, 0x4, 0xc0, 0x14, 0xf7, 0x4a, 0xae, 0xec,
    0x7, 0x0, 0x14, 0xff, 0x9c, 0xac, 0x77, 0xfc,
    0x1, 0xf1, 0xda, 0xfa, 0x46, 0x38, 0x80, 0x7a,
    0xbf, 0x74, 0x40, 0xd9, 0xd8, 0x20, 0x3, 0xf0,
    0xac, 0x60, 0xc, 0x53, 0xa2,

    /* U+6A2A "横" */
    0x0, 0xbc, 0x80, 0x2e, 0x30, 0x1f, 0x10, 0xf,
    0xd9, 0xe3, 0x9f, 0xc1, 0xde, 0x1, 0xc2, 0x19,
    0xe1, 0x7f, 0xc1, 0xde, 0x7, 0xfe, 0xc, 0xf5,
    0x50, 0x6a, 0xb8, 0x32, 0x91, 0xed, 0x85, 0xe7,
    0xf8, 0x56, 0xb4, 0x37, 0xc4, 0x8, 0xc0, 0x4e,
    0xa9, 0xda, 0x15, 0xf5, 0x43, 0x0, 0x58, 0x50,
    0x4f, 0xf7, 0x3, 0xba, 0xc0, 0x1, 0x0, 0x1a,
    0x81, 0xfb, 0x81, 0xdc, 0xb0, 0xa, 0x28, 0x28,
    0xc1, 0xb7, 0x83, 0xb6, 0xc0, 0x4, 0x8c, 0x3,
    0x20, 0xdb, 0xc1, 0xdb, 0x60, 0x4, 0x90, 0xe,
    0x5a, 0xa0, 0x55, 0x24, 0x0, 0xce, 0x1, 0xaf,
    0x8b, 0xf2, 0x37, 0xf8, 0x3, 0xe1, 0x85, 0x73,
    0x2c, 0xe6, 0x0, 0xf2, 0x76, 0xe8, 0xc0, 0x6e,
    0x64, 0x60, 0x17, 0x92, 0x6b, 0x0, 0x72, 0x69,
    0x80,

    /* U+6A59 "橙" */
    0x0, 0xff, 0x84, 0x3, 0xc3, 0xe0, 0xe, 0xff,
    0x63, 0x5a, 0xd8, 0x7, 0xef, 0xf2, 0x53, 0xad,
    0x48, 0x4, 0xf2, 0xe, 0xbe, 0xe8, 0xe2, 0xac,
    0x9a, 0x3, 0x6e, 0x16, 0x7b, 0xc, 0x21, 0xd,
    0x3e, 0x3, 0x8e, 0x18, 0xd4, 0x2f, 0xfe, 0xd5,
    0x10, 0xc, 0x81, 0x14, 0xf9, 0xdf, 0xf5, 0x36,
    0x10, 0x0, 0xc1, 0xb2, 0xb3, 0xbb, 0x86, 0x88,
    0x15, 0x1, 0xb1, 0x83, 0xbb, 0x31, 0xa0, 0x2,
    0x78, 0x26, 0x0, 0x3f, 0xca, 0x28, 0x2, 0x40,
    0xe, 0xec, 0xc6, 0x0, 0x18, 0x0, 0xc5, 0x73,
    0xdc, 0xd5, 0x90, 0x2, 0x28, 0x7, 0x34, 0x0,
    0x24, 0x80, 0x3f, 0xc6, 0x44, 0x35, 0xb0, 0xf,
    0xdd, 0xfe, 0x2d, 0xc0, 0xdf, 0xf0, 0x80,

    /* U+6B21 "次" */
    0x0, 0xf9, 0xcc, 0x3, 0xf2, 0x8, 0x6, 0x87,
    0x0, 0xfd, 0xdc, 0x60, 0x2, 0x2, 0x0, 0x7e,
    0xaa, 0x43, 0x87, 0x87, 0xff, 0xa8, 0x2, 0x5c,
    0x61, 0x46, 0xbb, 0xe1, 0x30, 0xc, 0x42, 0xc3,
    0x29, 0x24, 0x88, 0x1a, 0x0, 0xe1, 0x89, 0x0,
    0x10, 0x83, 0x11, 0x80, 0x7a, 0x5c, 0x2, 0xc0,
    0x4, 0x0, 0x73, 0xd3, 0x0, 0xc, 0x18, 0x19,
    0x40, 0x31, 0x47, 0x0, 0x48, 0x4, 0x20, 0x1e,
    0xe4, 0x50, 0xa, 0x5d, 0x60, 0x3, 0xa0, 0xe8,
    0x2, 0x90, 0x98, 0x63, 0x0, 0x85, 0xe4, 0x40,
    0x12, 0xd4, 0x24, 0xfa, 0x60, 0x1, 0xc6, 0x2,
    0xc7, 0xb4, 0x0, 0x43, 0xe4, 0x8, 0x18, 0x3,
    0x9f, 0x10, 0x3, 0x4d, 0x18, 0x80, 0x6c, 0xb2,
    0x0, 0xf2, 0xd8, 0x0,

    /* U+6B4C "歌" */
    0x0, 0xff, 0x51, 0x0, 0x63, 0xff, 0xfb, 0x5,
    0x4c, 0x3, 0x1e, 0x67, 0x48, 0xf2, 0x88, 0x80,
    0x38, 0xbf, 0xea, 0x55, 0x16, 0xf, 0xfe, 0x60,
    0x30, 0xef, 0x40, 0x9, 0x67, 0x76, 0x13, 0x0,
    0x88, 0x80, 0x11, 0x1b, 0x50, 0x90, 0xa0, 0x18,
    0xee, 0x30, 0x2, 0x24, 0x11, 0x90, 0x84, 0x45,
    0xdd, 0x42, 0x23, 0x18, 0xc, 0x9a, 0x1, 0x7f,
    0xfa, 0x82, 0x80, 0x2c, 0x25, 0x4, 0xcc, 0xef,
    0x2c, 0x12, 0x6, 0x0, 0xcb, 0xfb, 0xae, 0x0,
    0xc8, 0x45, 0x0, 0x64, 0xdc, 0x0, 0xea, 0xb6,
    0xb0, 0xc, 0x9d, 0xe0, 0x19, 0x89, 0xad, 0x90,
    0x0, 0xcf, 0xdd, 0x0, 0x9c, 0xd0, 0x14, 0xd9,
    0x81, 0xc0, 0x2, 0x71, 0x7e, 0x50, 0x0, 0xcf,
    0x40, 0x1d, 0x3d, 0x38, 0xc0, 0x1a, 0x24,

    /* U+6B63 "正" */
    0x2, 0x44, 0xff, 0xe0, 0x10, 0x2, 0xab, 0xd7,
    0x6a, 0xae, 0xb0, 0x4, 0x77, 0x75, 0x87, 0x77,
    0x48, 0x7, 0xff, 0x20, 0xc0, 0x3f, 0xf8, 0x78,
    0x60, 0x1f, 0xfc, 0x8f, 0xfe, 0x0, 0xff, 0xb3,
    0x38, 0x3, 0xfe, 0x33, 0xe0, 0xf, 0xff, 0x30,
    0xcc, 0x83, 0xa6, 0x60, 0x99, 0xf0, 0x80, 0x4c,
    0x80, 0x4, 0x60, 0xf, 0x80,

    /* U+6B65 "步" */
    0x0, 0x88, 0x40, 0xe, 0xe0, 0xf, 0xef, 0x40,
    0xa, 0x3f, 0xf4, 0x0, 0x7f, 0x36, 0xee, 0x90,
    0xf, 0xee, 0x22, 0xc2, 0x5, 0x54, 0x2a, 0xaa,
    0x21, 0x55, 0xd2, 0x6, 0x66, 0x61, 0x98, 0x8,
    0xcf, 0x80, 0xa6, 0x61, 0xa9, 0x18, 0x99, 0xb6,
    0xe4, 0x2, 0x76, 0x20, 0xe, 0x2b, 0x40, 0x9,
    0xa3, 0x44, 0x3, 0xf, 0x23, 0x0, 0x1a, 0x68,
    0xc0, 0x30, 0xe8, 0xd0, 0x4, 0x96, 0xa0, 0x13,
    0xe7, 0x86, 0x8, 0x4, 0x48, 0x1, 0x32, 0x34,
    0xe0, 0x80, 0x61, 0x47, 0xcf, 0x85, 0xe7, 0x0,
    0xe2, 0xeb, 0xb2, 0x67, 0x40, 0x80, 0x78, 0xbb,
    0xf2, 0xc, 0x3, 0xf8,

    /* U+6BB5 "段" */
    0x0, 0xe6, 0x50, 0xf, 0xf9, 0xab, 0xec, 0xc1,
    0xff, 0xf0, 0x80, 0x45, 0x3b, 0xb3, 0x0, 0x13,
    0xfc, 0x1, 0xf3, 0x90, 0x6, 0x20, 0xf, 0xe7,
    0x79, 0x3, 0x44, 0x3, 0xfb, 0x32, 0x21, 0x5b,
    0x0, 0x8c, 0x3, 0xae, 0xe6, 0xa4, 0x30, 0x2,
    0xe7, 0x18, 0x4, 0x45, 0xe, 0x48, 0x8d, 0x7f,
    0xc6, 0x1, 0x66, 0x53, 0xfb, 0xdd, 0xc2, 0x1,
    0xbb, 0xa8, 0x81, 0xdf, 0xfa, 0xc, 0x40, 0x3c,
    0x68, 0x11, 0x20, 0x33, 0x0, 0x4, 0xe0, 0xef,
    0xed, 0x4, 0x7a, 0xa2, 0xa0, 0x1, 0xd8, 0x33,
    0xf6, 0x40, 0x10, 0xa9, 0x20, 0x11, 0xc0, 0x10,
    0x4, 0x31, 0x8a, 0xac, 0x71, 0x0, 0xf9, 0xf8,
    0xf6, 0xaa, 0xce, 0x10, 0x2f, 0x0, 0x9f, 0xac,
    0xc0, 0x9, 0x7e, 0x20,

    /* U+6BCF "每" */
    0x0, 0xce, 0x40, 0x1f, 0xfc, 0x13, 0x80, 0xf,
    0xfe, 0x16, 0x6, 0xff, 0xfe, 0xc0, 0x9, 0x83,
    0x37, 0x7f, 0xc0, 0x3, 0x99, 0x0, 0x7f, 0x10,
    0x80, 0xeb, 0x76, 0x6e, 0xfe, 0x30, 0x0, 0xdc,
    0x93, 0xfc, 0xa6, 0xff, 0xc0, 0x20, 0x12, 0x83,
    0x70, 0x36, 0x61, 0x40, 0x23, 0x0, 0xa, 0xa8,
    0xfd, 0x10, 0x6d, 0xe8, 0xc0, 0xea, 0x25, 0x32,
    0x7, 0xf9, 0xf3, 0x1f, 0x80, 0xa9, 0x53, 0xcf,
    0xe, 0xb7, 0x74, 0x5d, 0xb4, 0x33, 0x8, 0x0,
    0x52, 0x0, 0x57, 0xf2, 0x3, 0x88, 0x7, 0x79,
    0x7f, 0xd8, 0x57, 0xf6, 0x3f, 0x60, 0x14, 0x6e,
    0xfe, 0x34, 0xda, 0x0, 0x84, 0x8b, 0x8f, 0x30,
    0x52, 0x42, 0x1, 0xfc, 0x3d, 0xd1, 0x0, 0x40,

    /* U+6BD4 "比" */
    0xb, 0x60, 0xc, 0xbc, 0x1, 0xf3, 0x88, 0x7,
    0xff, 0x68, 0x72, 0x80, 0x2b, 0x44, 0x84, 0x2,
    0x3c, 0x29, 0x0, 0x8e, 0xaa, 0x70, 0x17, 0xc4,
    0xf3, 0x0, 0xa3, 0xba, 0x60, 0x5, 0x5c, 0x88,
    0x7, 0xfd, 0xa8, 0x1, 0xff, 0xc0, 0x10, 0xf,
    0xfe, 0x3c, 0x0, 0x7f, 0xf0, 0x9c, 0x80, 0x32,
    0x4a, 0x88, 0x6, 0x10, 0x30, 0x38, 0xfb, 0x36,
    0x1, 0x32, 0x23, 0x8, 0x8c, 0xe, 0xbe, 0x8d,
    0xf, 0x37, 0x51, 0x60, 0x7d, 0x8a, 0x1, 0xb3,
    0xff, 0x28, 0x0,

    /* U+6C14 "气" */
    0x0, 0xd2, 0x40, 0x1f, 0xfc, 0x15, 0x72, 0x0,
    0xff, 0xe0, 0xc0, 0xf7, 0x7f, 0x60, 0x4, 0x85,
    0x79, 0x9f, 0xdc, 0x1, 0x4b, 0xb8, 0x47, 0xf0,
    0x10, 0x2, 0x42, 0x27, 0xff, 0xf5, 0x0, 0x11,
    0xb8, 0x6f, 0x77, 0xdd, 0x90, 0x0, 0x4e, 0xbe,
    0xef, 0xda, 0xa0, 0x18, 0x63, 0xff, 0xf1, 0x98,
    0x3, 0xff, 0x84, 0xfc, 0x1, 0xff, 0xc2, 0x22,
    0x0, 0x7f, 0xf0, 0xb9, 0x80, 0x3f, 0xf8, 0x48,
    0x62, 0xca, 0x1, 0xff, 0x19, 0x46, 0x0, 0x7f,
    0xf0, 0x79, 0x1d, 0x0,

    /* U+6C34 "水" */
    0x0, 0xf9, 0xb8, 0x3, 0xff, 0xb0, 0x40, 0x11,
    0xa2, 0x4a, 0x20, 0x20, 0x13, 0x68, 0x80, 0x3a,
    0xee, 0xa6, 0x0, 0x30, 0x24, 0xd0, 0x80, 0x37,
    0xfd, 0xc0, 0x80, 0xb, 0x4b, 0xa5, 0x0, 0xf3,
    0x9, 0x80, 0x8a, 0xe9, 0x40, 0x3e, 0x96, 0x0,
    0xb8, 0x4, 0x3, 0xe7, 0x19, 0x0, 0x8a, 0x68,
    0xc0, 0x38, 0xa2, 0x44, 0x3, 0x33, 0xe9, 0x80,
    0x45, 0x8a, 0xc0, 0x1e, 0x97, 0xc6, 0x1, 0xc5,
    0xa0, 0xf, 0xd3, 0x12, 0xe3, 0x96, 0x0, 0x44,
    0x78, 0x7, 0x3f, 0x38, 0x10, 0x5, 0xd6, 0xf2,
    0x1, 0xc2, 0x0,

    /* U+6C42 "求" */
    0x0, 0xfb, 0x58, 0x2a, 0x48, 0x3, 0xff, 0x83,
    0x5f, 0x86, 0x0, 0x2f, 0xff, 0x14, 0xff, 0xa4,
    0x73, 0x0, 0x59, 0x9e, 0x0, 0x66, 0x77, 0x0,
    0xa, 0x48, 0xce, 0x0, 0x19, 0xcb, 0x4, 0x0,
    0x13, 0xc1, 0x0, 0x10, 0x20, 0x24, 0xf0, 0x6,
    0x97, 0xd0, 0x8, 0xe5, 0x2e, 0x54, 0x3, 0xa9,
    0x40, 0x4a, 0x8a, 0xe9, 0x80, 0x3e, 0x96, 0xf0,
    0x6, 0x0, 0x80, 0x7c, 0x9b, 0x74, 0x40, 0x71,
    0x66, 0x1, 0x8e, 0xed, 0x5a, 0x80, 0x13, 0xb6,
    0x28, 0x1, 0x30, 0x75, 0xc0, 0x3d, 0x31, 0x56,
    0x9, 0x94, 0x44, 0x33, 0xc0, 0x13, 0xef, 0x0,
    0xc, 0x0, 0xb9, 0x82, 0x40, 0xc, 0x4a, 0x1,
    0xcf, 0xfe, 0xc1, 0x0, 0xf8,

    /* U+6C47 "汇" */
    0x0, 0x30, 0x7, 0xff, 0x8, 0x6b, 0x49, 0x7f,
    0xff, 0x84, 0x7, 0x17, 0xc0, 0x73, 0x3f, 0x8,
    0x5, 0x18, 0x0, 0x33, 0xfc, 0x1, 0xc2, 0x1,
    0xff, 0xc0, 0xd9, 0x10, 0xf, 0xfe, 0xf, 0xaf,
    0x90, 0x7, 0xff, 0x0, 0xb2, 0x8, 0x3, 0xff,
    0x84, 0xc0, 0x1f, 0xfc, 0x34, 0x90, 0xf, 0xfe,
    0x14, 0x88, 0x7, 0xff, 0x5, 0x8a, 0x40, 0x3f,
    0xf8, 0x31, 0x1, 0x0, 0xff, 0xe0, 0x40, 0x38,
    0x0, 0x7f, 0xff, 0x30, 0x5d, 0x0, 0x12, 0xef,
    0xf9, 0xc0,

    /* U+6C49 "汉" */
    0x0, 0xff, 0xe2, 0xa7, 0x30, 0x0, 0x8b, 0xe3,
    0x0, 0x93, 0x6f, 0xf, 0x77, 0xec, 0x70, 0x8,
    0xf6, 0xe, 0x53, 0xff, 0x84, 0xc0, 0x39, 0x1,
    0x10, 0x1, 0x84, 0x48, 0x0, 0x93, 0x0, 0x88,
    0x88, 0x1, 0x3a, 0x0, 0x5d, 0x94, 0x1, 0x2f,
    0x0, 0x55, 0xa0, 0x13, 0xf1, 0x80, 0x54, 0xa2,
    0x6, 0x67, 0x0, 0xc3, 0x20, 0x11, 0x24, 0x4,
    0x30, 0x80, 0x70, 0xb8, 0x5, 0xd, 0xb, 0x0,
    0x1e, 0x8d, 0x0, 0x8c, 0xcf, 0x2, 0x1, 0xc4,
    0xd0, 0x1, 0x11, 0x3, 0xc0, 0x3d, 0x2c, 0x40,
    0x4, 0xc7, 0xd7, 0xa0, 0xc, 0xaa, 0x80, 0x19,
    0xb9, 0x91, 0x63, 0xe2, 0x0, 0x36, 0x4, 0xf8,
    0xb5, 0xc0, 0x5, 0xa9, 0x66, 0x10, 0xc0, 0x7b,
    0x64, 0x1, 0xd1, 0xc6,

    /* U+6C60 "池" */
    0x5, 0x92, 0x0, 0xe4, 0xe0, 0xf, 0x20, 0x6c,
    0x3, 0x90, 0x7, 0xf0, 0xce, 0xe0, 0x4b, 0x0,
    0x72, 0x8, 0x6, 0x24, 0x0, 0xe1, 0x6c, 0xb6,
    0x2, 0x71, 0x0, 0xc2, 0x96, 0x15, 0x43, 0x10,
    0x6, 0x7b, 0x1, 0x8d, 0x49, 0x86, 0x33, 0x80,
    0xa, 0xe8, 0x27, 0x1, 0xf6, 0x4, 0x0, 0xe0,
    0x19, 0x1a, 0x3c, 0x70, 0x3, 0xc6, 0x1, 0x91,
    0x0, 0x1f, 0x88, 0x40, 0x34, 0x90, 0x7, 0x9b,
    0xcd, 0x40, 0x26, 0x37, 0x0, 0xf3, 0x76, 0x88,
    0x0, 0x62, 0x0, 0x3, 0x0, 0x27, 0x80, 0x86,
    0x8, 0x59, 0xb0, 0x5, 0x82, 0x20, 0x11, 0x31,
    0x88, 0x1f, 0x0, 0x50, 0xdd, 0xdd, 0x12, 0x0,

    /* U+6CD5 "法" */
    0x1, 0xb7, 0x10, 0xc, 0x9c, 0x1, 0xe1, 0x9f,
    0xf1, 0x0, 0x7f, 0xf0, 0xa, 0x38, 0xab, 0xb9,
    0x63, 0xdd, 0x38, 0x7, 0xd1, 0xba, 0x70, 0xdd,
    0x98, 0x1, 0xb2, 0x20, 0x2, 0x33, 0x60, 0x99,
    0xc2, 0x0, 0xf2, 0xe3, 0x0, 0xff, 0xe0, 0x15,
    0xd1, 0xa5, 0xde, 0x1b, 0xbc, 0x20, 0x12, 0x83,
    0x6e, 0xc0, 0xd, 0xdc, 0x20, 0x1a, 0x8d, 0x98,
    0x61, 0xcc, 0xd8, 0x3, 0x32, 0x8, 0x2, 0x20,
    0x29, 0x40, 0x1e, 0x88, 0x0, 0x1c, 0x1c, 0x11,
    0xd8, 0x3, 0x41, 0xb0, 0x14, 0x70, 0x11, 0xa4,
    0x88, 0x0, 0xde, 0x40, 0x1a, 0x1b, 0xfb, 0xc4,
    0x16, 0x0, 0x76, 0x40, 0x2, 0xce, 0xf7, 0xed,
    0xea, 0x0, 0x12, 0x40, 0x2a, 0x63, 0x10, 0x8,
    0xb8, 0x0,

    /* U+6CE1 "泡" */
    0x0, 0xf8, 0x44, 0x1, 0xf8, 0xba, 0x0, 0x29,
    0xd0, 0xf, 0xc5, 0xa9, 0xa0, 0x7, 0x42, 0x2c,
    0x84, 0x1, 0x1e, 0x48, 0x30, 0x3e, 0xee, 0xb9,
    0x0, 0xe4, 0x18, 0x9f, 0xfe, 0x70, 0xa, 0x54,
    0x1, 0x62, 0x24, 0x4c, 0x0, 0x10, 0x7, 0x5e,
    0x1b, 0x14, 0x45, 0x34, 0x2, 0x1, 0x3f, 0xa1,
    0xe3, 0xbb, 0x31, 0xc0, 0x11, 0x80, 0x43, 0x0,
    0x1f, 0xc6, 0x20, 0x18, 0x50, 0x5, 0xee, 0xde,
    0x0, 0x1f, 0x0, 0xd1, 0xe0, 0x22, 0xee, 0x4b,
    0x2a, 0x10, 0x4, 0x4d, 0x0, 0x6, 0x55, 0xb2,
    0x55, 0x40, 0x14, 0x29, 0x80, 0x79, 0x32, 0xa0,
    0xc1, 0x16, 0x0, 0x6, 0x62, 0x11, 0xc6, 0xce,
    0x0, 0x82, 0x0, 0x53, 0x6f, 0x76, 0xc5, 0x40,

    /* U+6CE2 "波" */
    0x3, 0xb4, 0x0, 0xe4, 0xe0, 0xf, 0x1e, 0xd4,
    0x81, 0x91, 0x42, 0x45, 0x80, 0x26, 0xeb, 0x5c,
    0xdd, 0x48, 0x6e, 0xe3, 0x0, 0xc4, 0x5, 0xfe,
    0xb1, 0xff, 0x51, 0x18, 0xda, 0x0, 0x7f, 0xa6,
    0x80, 0x4e, 0xe8, 0x0, 0x20, 0x1e, 0x87, 0x0,
    0x46, 0x90, 0x0, 0xff, 0xd6, 0x3f, 0xeb, 0x10,
    0x8, 0xa0, 0xc, 0x95, 0x5d, 0xd3, 0x90, 0x80,
    0x64, 0x11, 0x3d, 0xa0, 0x8, 0x96, 0xc0, 0x3a,
    0x93, 0x88, 0x5e, 0x81, 0xc1, 0x80, 0x33, 0x2,
    0xab, 0x82, 0x5f, 0x63, 0x80, 0x3a, 0xe4, 0x4d,
    0xc0, 0x8, 0x40, 0x60, 0x19, 0x8d, 0xd8, 0xc4,
    0xad, 0xe0, 0xb5, 0x40, 0x2a, 0x91, 0x99, 0x56,
    0x8f, 0x3e, 0xad, 0x71, 0x86, 0x38, 0xea, 0xce,
    0xd0, 0x80, 0x23, 0xec, 0xc0,

    /* U+6CE8 "注" */
    0x0, 0x8, 0x7, 0x94, 0x3, 0xe2, 0xea, 0x20,
    0xd, 0x32, 0x0, 0xf1, 0x70, 0x69, 0x0, 0x5e,
    0xc2, 0x1, 0xe1, 0xad, 0x16, 0x69, 0x4d, 0x9b,
    0x0, 0x71, 0x2d, 0x55, 0x27, 0x75, 0x50, 0x85,
    0x30, 0x1, 0xb3, 0x2a, 0x1c, 0xcc, 0x21, 0xd7,
    0xa4, 0x1, 0xff, 0xc0, 0x4d, 0xb2, 0x0, 0xff,
    0xe1, 0x30, 0x3, 0x37, 0x54, 0x3b, 0xb3, 0x80,
    0x76, 0x4, 0x4c, 0x98, 0x26, 0x65, 0x0, 0xce,
    0x0, 0x44, 0xb0, 0x51, 0x22, 0x0, 0x86, 0x60,
    0x3, 0xff, 0x83, 0x4, 0x80, 0x1f, 0xfc, 0x2,
    0x68, 0x9, 0x9d, 0x63, 0x33, 0x90, 0x15, 0x10,
    0xc, 0xd8, 0x41, 0x9b, 0x60, 0x3d, 0x0, 0x3f,
    0xff, 0xd0,

    /* U+6CFC "泼" */
    0x0, 0x18, 0x7, 0x94, 0xc0, 0x3c, 0x78, 0xe0,
    0xd, 0x60, 0x85, 0x1c, 0x20, 0x8, 0xf2, 0x60,
    0x88, 0x80, 0x4a, 0x35, 0x82, 0x1, 0x1f, 0xcd,
    0x21, 0x18, 0x18, 0x35, 0x88, 0x6, 0x11, 0x3a,
    0x76, 0x7, 0x75, 0x7c, 0x25, 0xec, 0x0, 0xac,
    0xd0, 0x5d, 0xde, 0x12, 0xb9, 0x90, 0x29, 0x88,
    0x41, 0x9f, 0x0, 0x13, 0x40, 0x35, 0x6, 0xff,
    0xe1, 0x0, 0x8a, 0x40, 0x2, 0xeb, 0xdd, 0x39,
    0x8, 0x6, 0x81, 0x9, 0x4, 0x1, 0x13, 0x58,
    0x6, 0x27, 0x33, 0x3d, 0xbd, 0x5, 0x93, 0x0,
    0x68, 0x40, 0xd6, 0x49, 0xf, 0x4e, 0x0, 0xc4,
    0xbf, 0xe5, 0x90, 0x10, 0x8, 0x40, 0x34, 0x9a,
    0x7d, 0x83, 0x7b, 0xec, 0x64, 0x8, 0x3, 0x3c,
    0x8, 0x2e, 0x21, 0x84, 0xf8, 0x7c, 0x40, 0xe6,
    0x1, 0x57, 0x30, 0x4, 0x77, 0xa4,

    /* U+6D3B "活" */
    0x0, 0x18, 0x7, 0xf1, 0xb8, 0x4, 0x7b, 0x86,
    0x6, 0xaf, 0x5f, 0xed, 0xc3, 0x0, 0x1f, 0x26,
    0x87, 0xf7, 0x0, 0x1b, 0xd6, 0x60, 0x1a, 0x38,
    0x32, 0xe6, 0x42, 0x40, 0x1f, 0xfc, 0x81, 0xd7,
    0x0, 0x67, 0xfd, 0x83, 0xff, 0x94, 0x66, 0xb4,
    0x7b, 0x32, 0x90, 0xcc, 0xc8, 0x9, 0xb6, 0x24,
    0x67, 0x28, 0x99, 0xe1, 0x0, 0x98, 0x3, 0xff,
    0x86, 0x30, 0x17, 0xfe, 0xc1, 0xff, 0x8c, 0x3,
    0x59, 0x0, 0x23, 0x77, 0x85, 0xc0, 0x23, 0x58,
    0x0, 0x9, 0x17, 0x0, 0x77, 0xb1, 0x0, 0x7f,
    0xf0, 0x1c, 0xa0, 0x2, 0xc4, 0x4e, 0x10, 0xd,
    0x2, 0x1, 0x2c, 0x47, 0x0, 0x67, 0x60, 0xa,
    0xff, 0x33, 0xbd, 0x0,

    /* U+6D41 "流" */
    0x0, 0xfe, 0x40, 0xf, 0x9b, 0x50, 0x3, 0xa5,
    0x80, 0x3c, 0xd5, 0x6c, 0x8a, 0xb0, 0xca, 0xae,
    0x0, 0x9e, 0xd7, 0xe6, 0x54, 0x63, 0x33, 0x84,
    0x2, 0x43, 0xbc, 0x91, 0xee, 0x43, 0xe6, 0x4,
    0x54, 0x80, 0x11, 0xd5, 0x4, 0x11, 0xe8, 0x0,
    0x39, 0x54, 0x8, 0xc0, 0x8d, 0xef, 0x35, 0x70,
    0x3, 0x76, 0x7, 0xbd, 0x47, 0x67, 0xfb, 0x70,
    0x3, 0x30, 0x38, 0x92, 0x43, 0x7, 0x5, 0x80,
    0x63, 0x90, 0xc, 0xe0, 0x1, 0x10, 0x7, 0x40,
    0x81, 0x80, 0x7f, 0xc8, 0x89, 0x7, 0x20, 0xf,
    0xf4, 0xb8, 0x99, 0x20, 0x7, 0x9d, 0x2, 0xe,
    0x7, 0x98, 0x40, 0x30, 0x87, 0x88, 0xd, 0x83,
    0xc, 0x80, 0x25, 0x81, 0x31, 0x90, 0x25, 0x41,
    0xf0, 0x2, 0x52, 0xa, 0xfe, 0x10,

    /* U+6D4B "测" */
    0x0, 0xff, 0xe2, 0x2e, 0xc1, 0x7f, 0xf1, 0x0,
    0x7, 0x81, 0x7c, 0xc4, 0x3f, 0xe2, 0x1, 0xd0,
    0xc, 0x56, 0x60, 0xc, 0x0, 0xfc, 0x20, 0x1c,
    0x40, 0x1f, 0x17, 0x48, 0x7, 0xff, 0x0, 0xb5,
    0x6c, 0x3, 0xff, 0x80, 0x59, 0x20, 0x1f, 0xfc,
    0x22, 0x0, 0xff, 0xe1, 0x38, 0x7, 0xff, 0x5,
    0xa8, 0x0, 0x26, 0x1, 0xfd, 0x74, 0x10, 0x88,
    0xb, 0x31, 0xa0, 0x8, 0xc9, 0x81, 0xe7, 0x30,
    0xe2, 0xe, 0x1, 0x43, 0x8, 0x52, 0xaa, 0x70,
    0x40, 0x38, 0xec, 0x20, 0xa4, 0x15, 0x48, 0x1b,
    0xce, 0x10, 0x41, 0x10, 0x0, 0xa1, 0x43, 0x7e,
    0x40,

    /* U+6D6E "浮" */
    0x0, 0xff, 0xe0, 0x88, 0x4, 0x3c, 0xc0, 0x2,
    0x45, 0x79, 0xbd, 0xe8, 0x0, 0xd, 0x5e, 0xa7,
    0xc7, 0x70, 0x7b, 0x97, 0x0, 0x12, 0x6c, 0xa2,
    0xfd, 0xae, 0x29, 0x59, 0x80, 0x72, 0x7, 0x78,
    0x27, 0x4, 0xa9, 0x80, 0x2d, 0xc0, 0x26, 0x60,
    0xd6, 0x1, 0xd8, 0x5, 0xf7, 0xc4, 0x1a, 0xbd,
    0xb3, 0xe9, 0x40, 0x12, 0x65, 0x90, 0x7e, 0xee,
    0x60, 0x80, 0xe, 0x50, 0x1, 0x16, 0xb4, 0xd3,
    0x0, 0xe2, 0x81, 0x1c, 0xed, 0xe6, 0x22, 0x0,
    0xd0, 0x5b, 0xdd, 0x40, 0x6f, 0x74, 0x60, 0x3,
    0x58, 0xcf, 0xfa, 0x8b, 0xff, 0x18, 0x3, 0xd8,
    0x80, 0x3f, 0xf8, 0xc, 0x70, 0x1, 0xff, 0xc1,
    0x29, 0x10, 0x9, 0x3e, 0x90, 0x3, 0xc8, 0xc0,
    0x19, 0x3f, 0xd2, 0x1, 0xc0,

    /* U+6D77 "海" */
    0x0, 0x20, 0x6, 0x81, 0x0, 0xfc, 0x55, 0x86,
    0xa, 0xc2, 0x1, 0xf8, 0xb9, 0x20, 0x28, 0x77,
    0x7e, 0x0, 0xd1, 0x68, 0x15, 0x33, 0xf0, 0x7,
    0xa5, 0xd5, 0x13, 0xe0, 0x3, 0x8, 0x28, 0x7f,
    0xfe, 0x40, 0x1c, 0xf6, 0x5d, 0xe6, 0xf4, 0xbf,
    0xf0, 0xb8, 0xd, 0x68, 0x4, 0x5e, 0x15, 0x4,
    0x2, 0x20, 0x8, 0xd9, 0x9c, 0x93, 0xde, 0x59,
    0xc1, 0xaa, 0x1, 0x5a, 0xe8, 0x55, 0xa6, 0xea,
    0x83, 0x10, 0x0, 0x6a, 0x62, 0xa, 0xa1, 0x43,
    0x60, 0x31, 0x0, 0x4b, 0x83, 0x0, 0x8a, 0x70,
    0x5c, 0x4, 0x0, 0x2b, 0x40, 0x61, 0xdc, 0xd4,
    0xea, 0xf, 0x0, 0x49, 0x98, 0x1f, 0xff, 0xc8,
    0xdc, 0x0, 0xe9, 0x0, 0xf0, 0xff, 0x9a, 0xc0,
    0x26, 0x50, 0xf, 0xf, 0xfb, 0x48, 0x0,

    /* U+6D88 "消" */
    0x2, 0xa3, 0x0, 0x28, 0x0, 0xfc, 0x0, 0x2c,
    0x0, 0x2d, 0xc8, 0x9, 0x80, 0xe, 0x8d, 0x0,
    0x9f, 0x74, 0x1c, 0xe4, 0x1, 0x23, 0xd0, 0x6,
    0x25, 0x2, 0x93, 0x0, 0x9e, 0x84, 0x1, 0x8c,
    0x1, 0x54, 0x7e, 0x7, 0x6d, 0xb0, 0x2, 0x2f,
    0x4, 0x19, 0x95, 0x76, 0xaa, 0x8, 0x80, 0x9,
    0xa8, 0x20, 0xf, 0x44, 0xe5, 0x0, 0xe8, 0x0,
    0xa3, 0xff, 0x90, 0x3, 0x89, 0x80, 0x13, 0xff,
    0xc8, 0x1, 0xd1, 0xe0, 0x1, 0x1f, 0x38, 0x6,
    0x35, 0xb0, 0x18, 0xee, 0xe3, 0x0, 0xd0, 0xa4,
    0x3, 0x3f, 0xfc, 0x80, 0x12, 0xa4, 0x0, 0x7c,
    0x22, 0x0, 0xe7, 0x20, 0xf, 0xb7, 0x95, 0x0,
    0xb, 0x0, 0x16, 0x30, 0x5, 0x9f, 0xc6, 0x0,

    /* U+6D89 "涉" */
    0x3, 0xb3, 0x0, 0xe4, 0xf0, 0xf, 0x19, 0xb2,
    0x0, 0xf4, 0x2, 0x33, 0x88, 0x2, 0x8d, 0xc0,
    0x73, 0x0, 0xbf, 0xe5, 0x0, 0xc4, 0x80, 0x1e,
    0xcc, 0x9c, 0x7, 0x14, 0x0, 0xd0, 0x31, 0x21,
    0x11, 0x88, 0x6a, 0xf0, 0x5, 0x1c, 0xc, 0x3,
    0xe6, 0xf9, 0x7, 0x8f, 0x98, 0x28, 0x85, 0x49,
    0x0, 0x5, 0x40, 0x7, 0x0, 0x1d, 0x8c, 0x1,
    0x98, 0x82, 0x58, 0x40, 0x25, 0x16, 0x0, 0x86,
    0x45, 0x16, 0x0, 0x35, 0xb8, 0x80, 0x52, 0x66,
    0x4c, 0x10, 0x79, 0xc3, 0x80, 0x8, 0x5e, 0x40,
    0x6, 0x0, 0x59, 0x1c, 0x0, 0xd2, 0x4a, 0x0,
    0x16, 0xcb, 0x4d, 0x10, 0xc, 0x50, 0x0, 0x8e,
    0x84, 0xd9, 0x0, 0xf5, 0x28, 0x2, 0x77, 0xa0,
    0x80, 0x3c,

    /* U+6DF1 "深" */
    0x5, 0x40, 0xf, 0xfe, 0x9, 0xd5, 0x8f, 0x7f,
    0xfe, 0x50, 0x6f, 0x10, 0x6, 0x77, 0x78, 0x80,
    0x21, 0xa1, 0x21, 0x48, 0x14, 0xb1, 0x71, 0x0,
    0xec, 0xb, 0xd0, 0x56, 0x9a, 0x45, 0xe7, 0x0,
    0x1e, 0x32, 0x0, 0x35, 0xdc, 0xb, 0x54, 0x90,
    0xf7, 0x80, 0x93, 0x1d, 0xa0, 0x2, 0x6d, 0x86,
    0x48, 0x1, 0xdc, 0x7, 0xa0, 0x18, 0x83, 0xff,
    0xd, 0xff, 0xca, 0x1, 0x60, 0x6e, 0xc0, 0x14,
    0xee, 0x94, 0x0, 0xc0, 0x2, 0x25, 0xa8, 0xb5,
    0x91, 0x0, 0x28, 0x80, 0x2, 0x12, 0xc3, 0x5e,
    0xc0, 0x27, 0x34, 0x9, 0x6f, 0x10, 0x5, 0x35,
    0x88, 0xa6, 0x2, 0x57, 0x8, 0x3, 0x63, 0xb0,
    0xca, 0x84, 0xe1, 0x0, 0x70, 0xe3, 0x80,

    /* U+6E05 "清" */
    0x5, 0x70, 0xf, 0x72, 0x0, 0x79, 0xef, 0x8f,
    0xbb, 0xd, 0xf7, 0x4e, 0x0, 0x2c, 0x83, 0xee,
    0xc1, 0x7d, 0xd3, 0x80, 0x66, 0x8, 0xdd, 0x82,
    0xf7, 0x61, 0x2, 0x92, 0x2, 0xc9, 0x98, 0x1e,
    0x66, 0x50, 0x1, 0x6b, 0x27, 0x76, 0x52, 0xee,
    0xc0, 0x57, 0x26, 0xd5, 0x33, 0xf4, 0x50, 0x4,
    0xca, 0x7, 0x9f, 0xfd, 0x9e, 0x1, 0xca, 0x0,
    0x1d, 0xde, 0xa0, 0xe, 0x2a, 0x30, 0x1c, 0xce,
    0xa0, 0xe, 0xb4, 0x30, 0x1d, 0xde, 0xa0, 0xc,
    0x4d, 0x0, 0x1, 0xee, 0xea, 0x0, 0xd2, 0x86,
    0x0, 0x1e, 0xed, 0xf2, 0x1, 0xb2, 0x40, 0x3e,
    0x4e, 0x8a, 0x0, 0x0,

    /* U+6E10 "渐" */
    0x0, 0x8, 0x4, 0x82, 0x1, 0xe1, 0x0, 0x1f,
    0x38, 0x2, 0x54, 0x2, 0x38, 0xdc, 0x0, 0x1d,
    0x4c, 0x94, 0x88, 0x88, 0xfc, 0x4a, 0xc0, 0x9,
    0x73, 0x14, 0x15, 0x1e, 0x71, 0x8e, 0x20, 0x18,
    0x96, 0x57, 0xf6, 0xdc, 0x40, 0x3b, 0x68, 0x43,
    0xf3, 0x94, 0x1, 0x4a, 0xb1, 0x6, 0x7, 0x83,
    0xb8, 0x2, 0x73, 0xda, 0xf1, 0x1, 0xaf, 0x71,
    0xc2, 0xba, 0x79, 0x81, 0x83, 0x0, 0x84, 0xe2,
    0x41, 0xa5, 0xcc, 0x3, 0xe9, 0x57, 0x42, 0xd2,
    0x0, 0xfc, 0x4c, 0x4, 0xc5, 0x7e, 0x4c, 0x1,
    0xeb, 0x57, 0xda, 0x7, 0xe1, 0x20, 0xe, 0x16,
    0xe6, 0xfc, 0x2c, 0x31, 0x10, 0x7, 0x49, 0x20,
    0x7, 0x52, 0x0, 0x7b, 0xa0, 0x3, 0xe9, 0x0,
    0xf3, 0x28, 0x6, 0xd4, 0x93, 0x0, 0x71, 0x0,

    /* U+6E29 "温" */
    0x0, 0x28, 0x80, 0x7f, 0xf0, 0xa3, 0x9c, 0x33,
    0xff, 0xd8, 0x1, 0xb6, 0x20, 0x41, 0x7f, 0xfa,
    0xc0, 0x3c, 0xfc, 0x40, 0x1f, 0xfc, 0x21, 0x0,
    0x5f, 0xfe, 0xb0, 0xd, 0x4c, 0x1, 0xaf, 0xff,
    0x58, 0x6, 0xea, 0xe3, 0x0, 0x56, 0xee, 0xa0,
    0xc, 0x99, 0x66, 0x1d, 0x9f, 0xfb, 0x38, 0x3,
    0x94, 0x0, 0x67, 0xf8, 0x3, 0x85, 0x97, 0xbb,
    0xf2, 0x0, 0x69, 0xa0, 0x3f, 0x1e, 0xe0, 0xf9,
    0x0, 0x61, 0x78, 0x0, 0xff, 0xe0, 0xc2, 0x20,
    0x3, 0xff, 0x80, 0x6d, 0x0, 0x1, 0x0, 0xf8,
    0x40, 0x8, 0xa7, 0x74, 0x5e, 0x3d, 0xc1, 0xf2,
    0xa6, 0x7, 0xa0, 0xbf, 0xff, 0xf3, 0x0,

    /* U+6E32 "渲" */
    0x0, 0x18, 0x7, 0x95, 0x80, 0x3c, 0x3b, 0x84,
    0x1, 0x8e, 0x0, 0x3c, 0x3c, 0xdd, 0x3b, 0xb4,
    0x8f, 0x6e, 0xc6, 0x1, 0x56, 0x92, 0xff, 0xb7,
    0x59, 0xfe, 0x30, 0xe, 0x12, 0xe0, 0xf, 0x19,
    0x8, 0x6c, 0x0, 0x24, 0xb3, 0x3d, 0x18, 0x41,
    0xcb, 0x82, 0x9, 0xdd, 0xe9, 0x0, 0x8f, 0x54,
    0x1, 0x3f, 0xdd, 0xde, 0x1, 0xd2, 0x20, 0x7,
    0xee, 0xda, 0x1, 0xe2, 0xa0, 0x3, 0xf7, 0x6d,
    0x0, 0xf5, 0x80, 0x4f, 0xdd, 0xb4, 0x3, 0x85,
    0xa4, 0x0, 0x24, 0x59, 0x80, 0x3a, 0x10, 0xc3,
    0x97, 0xbb, 0x49, 0x80, 0x44, 0xd0, 0x2, 0xdb,
    0xbf, 0x8, 0x1, 0xd0, 0xc7, 0xbb, 0xfd, 0x20,
    0xb6, 0x3, 0xff, 0xfe, 0x90,

    /* U+6E56 "湖" */
    0x0, 0xff, 0xe2, 0xb7, 0xb8, 0x2, 0x1c, 0x1,
    0x1f, 0xf8, 0x41, 0xb2, 0x90, 0x3, 0xcb, 0xdc,
    0x0, 0xc7, 0xac, 0x47, 0xa4, 0x40, 0x21, 0x10,
    0x7, 0xb3, 0x51, 0x77, 0x80, 0x40, 0x30, 0xe3,
    0x7, 0x7b, 0xc7, 0xe0, 0x37, 0xf8, 0x0, 0x33,
    0x14, 0x1, 0xf3, 0x7f, 0x80, 0x25, 0xe8, 0x2,
    0x27, 0x8, 0x0, 0x40, 0x3e, 0x25, 0xd5, 0x6e,
    0x20, 0x22, 0x80, 0x39, 0x81, 0x3f, 0xc2, 0x2,
    0xbb, 0xa0, 0xc, 0x90, 0x1, 0xe5, 0xbf, 0xf0,
    0x6, 0xf6, 0x0, 0xf1, 0x30, 0x7, 0x12, 0x50,
    0x27, 0xf8, 0x54, 0x88, 0x1, 0xd0, 0x84, 0x7,
    0xdd, 0x5d, 0x0, 0x4, 0x3, 0x40, 0x3c, 0x8,
    0x9c, 0x18, 0x37, 0x94, 0x42, 0x8c, 0x9, 0x0,
    0xd, 0x80, 0xd, 0xfa, 0x0,

    /* U+6E90 "源" */
    0x0, 0x30, 0x7, 0xff, 0x8, 0xaf, 0x4d, 0xbf,
    0xff, 0x98, 0xb, 0x52, 0x40, 0xbb, 0xab, 0x6e,
    0xe9, 0x80, 0x29, 0xa0, 0x11, 0xd8, 0x42, 0x30,
    0x7, 0xe3, 0xff, 0x3a, 0x7f, 0xb4, 0x1, 0xce,
    0x1, 0x9c, 0x7f, 0xf6, 0x18, 0x2, 0xa6, 0xc0,
    0x5c, 0x0, 0x67, 0x98, 0x2, 0x4f, 0x30, 0xc,
    0x31, 0x1a, 0x40, 0x30, 0xc0, 0x71, 0x0, 0xd5,
    0x68, 0x0, 0xe6, 0x23, 0xe7, 0x3c, 0xee, 0x64,
    0x90, 0x6, 0x96, 0x42, 0x3e, 0xdc, 0x1d, 0x9c,
    0x0, 0x9c, 0x98, 0x50, 0xb0, 0x80, 0x2f, 0x80,
    0xa, 0x61, 0x4c, 0x79, 0xc8, 0x2, 0x97, 0x20,
    0x83, 0x5a, 0xa2, 0x84, 0x0, 0x62, 0x87, 0xd,
    0x82, 0x66, 0x2e, 0xf, 0xe2, 0x0, 0x1d, 0x41,
    0x54, 0x56, 0x1, 0xf, 0xfa, 0x80, 0x30,

    /* U+6ED1 "滑" */
    0x0, 0x10, 0x7, 0xff, 0x8, 0xb6, 0x40, 0x15,
    0xff, 0xee, 0x0, 0x8b, 0x57, 0x40, 0xf, 0xff,
    0xac, 0x3, 0x8b, 0x2c, 0x5, 0xf7, 0x56, 0x1,
    0xfc, 0xc0, 0x2f, 0xb8, 0xa0, 0x1e, 0x93, 0x1,
    0x85, 0x78, 0xb1, 0x88, 0xc, 0x20, 0x76, 0x49,
    0x3c, 0x43, 0xf5, 0xfe, 0xe1, 0x34, 0x1f, 0x4c,
    0x5, 0x51, 0x2b, 0x43, 0x45, 0x0, 0x8a, 0x8f,
    0x27, 0xbf, 0xf5, 0x64, 0x40, 0x2, 0x22, 0x81,
    0x3b, 0xb5, 0x0, 0x88, 0x2, 0x88, 0x3, 0xb7,
    0x76, 0xb0, 0xe, 0x25, 0x80, 0x77, 0x66, 0x70,
    0x7, 0x4a, 0x90, 0x3b, 0xb7, 0x76, 0x0, 0x65,
    0x48, 0x0, 0x3c, 0x6e, 0xf0, 0x6, 0x79, 0x20,
    0xf, 0xf, 0x62, 0x80, 0x44, 0xc0, 0x15, 0xb8,
    0x0, 0x7b, 0x94, 0x0,

    /* U+6EDA "滚" */
    0x0, 0xfc, 0x2c, 0x1, 0xf2, 0xe1, 0x0, 0x61,
    0x85, 0x0, 0xf2, 0xde, 0x27, 0xfe, 0x1a, 0xff,
    0xc0, 0x13, 0xdb, 0x76, 0xad, 0xf7, 0x16, 0x7b,
    0x80, 0x19, 0x48, 0x24, 0x54, 0xc7, 0xe2, 0x44,
    0x6, 0x88, 0x13, 0xc6, 0xea, 0x41, 0x71, 0x68,
    0x4, 0xb1, 0x2, 0x2a, 0xc2, 0xd7, 0xb, 0xc,
    0x1, 0x17, 0x88, 0xf8, 0xdc, 0xc4, 0x7c, 0x32,
    0x1, 0x2c, 0x7, 0x18, 0x54, 0xd5, 0xe, 0x0,
    0x39, 0xc7, 0xbe, 0xc2, 0x1, 0x72, 0xcc, 0x2,
    0x28, 0x1, 0xb9, 0xc7, 0x5, 0x56, 0xa0, 0x5,
    0x68, 0xdc, 0x84, 0x61, 0x35, 0x7a, 0xe0, 0x1,
    0x6f, 0xd, 0xa6, 0x0, 0x23, 0x88, 0x80, 0x29,
    0x34, 0x73, 0x24, 0x7b, 0x88, 0x3e, 0xb8, 0x0,
    0xa4, 0x2, 0x80, 0xee, 0x40, 0x4d, 0xd8, 0x42,
    0x94, 0x2, 0xef, 0x95, 0x0, 0x93, 0x4,

    /* U+6EE1 "满" */
    0x5, 0x70, 0x0, 0x8b, 0x58, 0x45, 0xac, 0x22,
    0x0, 0x3d, 0xec, 0xf7, 0xa, 0x7b, 0x85, 0x3d,
    0xc1, 0x2, 0xc8, 0x9f, 0xf1, 0xd7, 0xf8, 0xeb,
    0xfc, 0x20, 0x12, 0x9b, 0x31, 0x9, 0x98, 0x84,
    0xcc, 0x12, 0x70, 0x3, 0x66, 0xe, 0x33, 0xf,
    0xb9, 0x80, 0x5, 0xf1, 0xad, 0x52, 0x46, 0xac,
    0x6a, 0xa1, 0x2c, 0x81, 0xe, 0xfd, 0x1f, 0xe1,
    0xff, 0x50, 0x4, 0xc4, 0x0, 0xa9, 0x2e, 0xa2,
    0xe7, 0x10, 0xd, 0x20, 0x6, 0x12, 0x13, 0x21,
    0xe0, 0xc, 0xae, 0x1, 0x60, 0x46, 0x4, 0x0,
    0x74, 0x48, 0x1, 0x55, 0xde, 0x9c, 0xdc, 0x1,
    0x31, 0xb8, 0x3, 0x28, 0x72, 0x47, 0x38, 0x2,
    0x89, 0x0, 0xa5, 0x2, 0x9c, 0x8, 0x3, 0x4b,
    0x80, 0x78, 0x40, 0xb6, 0xf4, 0x0,

    /* U+706B "火" */
    0x0, 0xfa, 0xe4, 0x3, 0xff, 0xa4, 0xe2, 0x1,
    0xfe, 0xb4, 0x0, 0xfd, 0x68, 0x1, 0xa, 0x30,
    0x0, 0xbc, 0x2, 0x44, 0x28, 0x5, 0x24, 0x40,
    0x0, 0x90, 0x5, 0xc, 0x20, 0x1, 0x6b, 0x0,
    0x8, 0x78, 0x1, 0xe, 0x0, 0x27, 0x26, 0x0,
    0x20, 0x38, 0x3, 0x60, 0x40, 0x26, 0xc0, 0xb,
    0x90, 0x8c, 0x25, 0xc0, 0x3f, 0x12, 0x7b, 0xf8,
    0x7, 0xfd, 0xc8, 0x89, 0x28, 0x0, 0xfe, 0xb2,
    0xa0, 0x1d, 0x78, 0x0, 0xf1, 0xea, 0xe0, 0x80,
    0xe, 0xdf, 0x50, 0x2, 0xbc, 0x7f, 0x20, 0xc,
    0x9c, 0xf7, 0xc2, 0x1f, 0xb4, 0x20, 0x1e, 0x1a,
    0xea, 0x10,

    /* U+706F "灯" */
    0x0, 0x93, 0x80, 0x2, 0x45, 0xf0, 0x80, 0x7d,
    0x3b, 0xbf, 0x50, 0x0, 0x40, 0x24, 0x9f, 0xfa,
    0x87, 0xfd, 0x60, 0x96, 0x1, 0x51, 0x0, 0x7f,
    0x11, 0x80, 0x11, 0x4c, 0x3, 0xfb, 0xfc, 0x7,
    0xde, 0x1, 0xfe, 0x25, 0x10, 0xa4, 0x0, 0xff,
    0x59, 0x90, 0x80, 0x7f, 0xf0, 0xb8, 0xc0, 0x3f,
    0xf8, 0x48, 0x16, 0x1, 0xff, 0xc0, 0x22, 0x6b,
    0xd8, 0x7, 0xfd, 0x8, 0x5a, 0xe4, 0x1, 0xfc,
    0xcb, 0x20, 0x38, 0x42, 0x66, 0xd0, 0xe, 0xda,
    0x20, 0xc, 0x79, 0x86, 0x90, 0xd, 0x6a, 0x1,
    0xc5, 0xfe, 0xe7, 0x0, 0x80,

    /* U+7070 "灰" */
    0x0, 0xc2, 0x40, 0x1f, 0xfc, 0x27, 0xf0, 0xf,
    0xf8, 0xce, 0xd2, 0x33, 0xfc, 0x40, 0xe, 0xdd,
    0x20, 0x6e, 0xfe, 0xb0, 0x6, 0xf7, 0xe, 0x3b,
    0xad, 0xce, 0xea, 0x40, 0x38, 0x88, 0x1, 0x7a,
    0x0, 0x7e, 0x11, 0x39, 0x8, 0x9, 0x81, 0x18,
    0x7, 0x20, 0x95, 0xc8, 0x10, 0x85, 0xc8, 0x7,
    0x7a, 0x2, 0x58, 0x83, 0x13, 0x40, 0x6, 0x15,
    0xe4, 0x33, 0x28, 0x22, 0x1c, 0x80, 0x34, 0x8a,
    0x23, 0x3, 0x42, 0x1a, 0x0, 0x31, 0x3d, 0x80,
    0x8, 0x5a, 0xd6, 0x40, 0x30, 0xe2, 0x28, 0x5,
    0xa8, 0x8a, 0x76, 0x0, 0x85, 0xe8, 0x0, 0x58,
    0x34, 0x3, 0xb3, 0x0, 0x14, 0x88, 0x3e, 0xb6,
    0x8, 0x0, 0xf1, 0xac, 0x3, 0x9b, 0x28, 0x40,
    0x31, 0xf4, 0x80,

    /* U+7075 "灵" */
    0x0, 0x6f, 0xff, 0xf9, 0x80, 0x36, 0x77, 0x7f,
    0x18, 0x7, 0x8, 0x7, 0xf0, 0x80, 0x70, 0xee,
    0xff, 0x10, 0x7, 0xe, 0x67, 0xf2, 0x0, 0x76,
    0xff, 0xff, 0x20, 0x7, 0x6f, 0x76, 0x98, 0xee,
    0xcc, 0x1, 0xd2, 0x2, 0x2d, 0xf1, 0x19, 0x10,
    0x1, 0x8d, 0xc4, 0x0, 0x84, 0x1, 0x41, 0x0,
    0x6f, 0x70, 0x1, 0x82, 0x0, 0x1c, 0x58, 0x3,
    0x24, 0x0, 0x21, 0xa, 0x40, 0x7c, 0x3, 0xa0,
    0x1, 0x2b, 0x3a, 0x94, 0xe6, 0x1, 0xc2, 0xda,
    0x9a, 0x43, 0x83, 0xd0, 0x60, 0x1, 0xde, 0xab,
    0xd3, 0x0, 0xd, 0xd8, 0xb3, 0xc8, 0x7b, 0x98,
    0xc0, 0x1e, 0x4a, 0xfd, 0x20,

    /* U+70B9 "点" */
    0x0, 0xfa, 0xdc, 0x3, 0xff, 0x84, 0xb1, 0xff,
    0xce, 0x1, 0xf8, 0x97, 0x33, 0x98, 0x3, 0xf3,
    0xe9, 0x9f, 0x8, 0x4, 0x53, 0x39, 0x22, 0x67,
    0x10, 0x6, 0x16, 0x11, 0x9d, 0xc2, 0x33, 0x30,
    0x3, 0x86, 0x23, 0xf0, 0x80, 0x7f, 0xf2, 0x87,
    0x33, 0xf0, 0x80, 0x71, 0x54, 0xcf, 0xea, 0x50,
    0xc, 0x7a, 0xa8, 0xca, 0x80, 0xaa, 0xc2, 0x0,
    0xd0, 0x40, 0x9c, 0x3, 0x46, 0x1f, 0xa2, 0x0,
    0x45, 0x80, 0x62, 0x0, 0x35, 0x3, 0x14, 0x0,
    0x22, 0x48, 0x8, 0x82, 0x1a, 0x60, 0xf, 0x20,
    0x6, 0x30, 0x0, 0x74, 0x41, 0x28, 0x0, 0x76,
    0x0,

    /* U+70ED "热" */
    0x0, 0xff, 0xe3, 0xae, 0x0, 0x6b, 0x60, 0xf,
    0x9, 0x69, 0x90, 0x8c, 0xc2, 0x22, 0x0, 0xd7,
    0xae, 0x1b, 0x7f, 0xc5, 0x1d, 0xac, 0x1, 0x57,
    0xd1, 0xfd, 0x77, 0x95, 0xfa, 0x0, 0x7e, 0x24,
    0x0, 0x1b, 0x80, 0x78, 0x5a, 0x8f, 0x37, 0x28,
    0x4c, 0x3, 0xdf, 0x44, 0x1d, 0x3a, 0xa0, 0x80,
    0x1e, 0xec, 0x83, 0x0, 0x9, 0x24, 0xc1, 0x8,
    0x8c, 0x3, 0xeb, 0xb, 0xdb, 0xed, 0x58, 0x0,
    0x75, 0x20, 0x48, 0x60, 0x0, 0xd9, 0x2f, 0x40,
    0x19, 0x50, 0x11, 0x62, 0x20, 0x2, 0xd6, 0xb0,
    0x2, 0xa4, 0xf, 0xc0, 0x18, 0xc0, 0x74, 0x1,
    0x1b, 0xf0, 0x10, 0x88, 0x2a, 0x80, 0xeb, 0xc0,
    0xf, 0x82, 0x1, 0x11, 0x82, 0x80, 0x54, 0x48,
    0x18, 0xe0, 0x17, 0x10, 0x16, 0x0, 0x7, 0x90,

    /* U+7130 "焰" */
    0x0, 0xff, 0xe3, 0x78, 0x80, 0x43, 0xe6, 0x1,
    0xff, 0xc0, 0x80, 0xed, 0xef, 0x10, 0x30, 0x9,
    0xd0, 0x59, 0xfb, 0x8a, 0x42, 0x10, 0x40, 0xa,
    0x6a, 0x58, 0x32, 0x4e, 0x0, 0x31, 0x2, 0x35,
    0xb5, 0x80, 0x2d, 0x4c, 0x4, 0xc0, 0x7, 0xe7,
    0xeb, 0x8b, 0xd4, 0x0, 0x36, 0x10, 0x64, 0xcd,
    0x8a, 0x6a, 0xee, 0x51, 0x41, 0x80, 0x42, 0x2c,
    0x63, 0xcc, 0x4b, 0x0, 0x4, 0x4, 0x5, 0x40,
    0x22, 0x28, 0x2, 0x50, 0xa0, 0x2, 0x7f, 0x97,
    0xb9, 0x44, 0x0, 0xd8, 0x8, 0x3, 0xee, 0x2f,
    0xfa, 0x8, 0xd, 0x1a, 0x94, 0x5c, 0x44, 0x2,
    0x22, 0x0, 0x7b, 0x88, 0xb4, 0x53, 0x77, 0xa8,
    0x8d, 0xe0, 0x3, 0xf, 0x77, 0x31, 0x1d, 0x80,
    0x66, 0xe3, 0x3e, 0x9c,

    /* U+7247 "片" */
    0x0, 0x27, 0x80, 0x65, 0xe0, 0xf, 0xfe, 0xdc,
    0x47, 0xc, 0x46, 0x30, 0xc, 0x67, 0x98, 0xcf,
    0x98, 0x3, 0x5d, 0xf6, 0x5d, 0xe5, 0x0, 0x8,
    0x7, 0xff, 0x11, 0x13, 0xf0, 0x7, 0x10, 0x5d,
    0xfe, 0x0, 0xed, 0x6f, 0xff, 0x50, 0x7, 0x93,
    0xc0, 0x3f, 0xf8, 0xc, 0x2e, 0x1, 0xff, 0xc,
    0x38, 0x80, 0x7f, 0xc6, 0xb0, 0x1, 0xff, 0xc0,
    0x2b, 0x0, 0xfc, 0xbe, 0x1, 0x0,

    /* U+7248 "版" */
    0x0, 0xff, 0xe2, 0xae, 0x2, 0x68, 0xa, 0xa9,
    0xa6, 0xfa, 0xc0, 0x3f, 0x25, 0x4e, 0xe, 0xea,
    0xc0, 0x3f, 0x8, 0xb2, 0xa1, 0x8c, 0x3, 0x11,
    0x70, 0x7, 0xfc, 0x3b, 0x21, 0xb8, 0x3f, 0xfd,
    0x40, 0x11, 0x77, 0x6c, 0x1, 0xad, 0xd2, 0x10,
    0x4, 0x23, 0xc0, 0x4c, 0x45, 0x3e, 0x80, 0x47,
    0xbb, 0x18, 0x2, 0xec, 0x4, 0x68, 0x0, 0x31,
    0x99, 0x1b, 0x88, 0x8c, 0x89, 0x48, 0x20, 0x1,
    0x74, 0x41, 0x81, 0x38, 0x4c, 0x9e, 0x0, 0x2d,
    0x10, 0xd, 0xc4, 0xc, 0x80, 0x60, 0x13, 0xe0,
    0x6, 0x5c, 0x9, 0x0, 0x10, 0x0, 0xc9, 0x0,
    0x21, 0x36, 0xb6, 0xd8, 0xc5, 0x0, 0x38, 0x6,
    0x25, 0x50, 0x79, 0x3c, 0x48, 0x9c, 0x0, 0x5a,
    0xf4, 0xd6, 0x20, 0x6, 0xc1,

    /* U+7259 "牙" */
    0x2, 0xff, 0xff, 0xe0, 0x10, 0x1a, 0x27, 0xe0,
    0x2, 0x20, 0xc0, 0x6f, 0x62, 0xef, 0x86, 0xee,
    0x10, 0xa, 0x5c, 0x3, 0xff, 0x80, 0x60, 0x80,
    0x1f, 0xfc, 0x4, 0x21, 0x1f, 0x88, 0x46, 0x0,
    0x51, 0x77, 0x78, 0x27, 0xb9, 0xe0, 0xc, 0xee,
    0xda, 0x44, 0x9, 0xee, 0x78, 0x0, 0x47, 0x1f,
    0xb6, 0x89, 0x8, 0xc0, 0x1c, 0xba, 0xb6, 0x1,
    0xfc, 0x79, 0x75, 0x0, 0x1f, 0x92, 0xf1, 0x7d,
    0x40, 0x3f, 0xd, 0xe, 0xc8, 0x81, 0x19, 0x84,
    0x3, 0xf, 0x51, 0x0, 0x4f, 0x98, 0x45, 0x0,
    0x80,

    /* U+72B6 "状" */
    0x0, 0xff, 0xe4, 0x79, 0x0, 0x4b, 0xa0, 0xa4,
    0x1, 0x8, 0x7, 0xf8, 0xfc, 0x40, 0x1e, 0xa0,
    0x1f, 0xcc, 0x96, 0x0, 0xda, 0x40, 0xf, 0xe9,
    0xb0, 0x1, 0xb9, 0x80, 0xff, 0xd4, 0x5f, 0xf7,
    0x30, 0x2, 0x1c, 0x6, 0xee, 0x40, 0xab, 0xb9,
    0xc0, 0x21, 0x0, 0x22, 0x44, 0x0, 0x44, 0x84,
    0x0, 0x3e, 0x1, 0xc8, 0x3e, 0x1, 0xc7, 0xee,
    0x1, 0x88, 0x94, 0xa2, 0x1, 0x1e, 0x34, 0x80,
    0x6a, 0x24, 0x44, 0x80, 0x47, 0x50, 0x1, 0x89,
    0xe0, 0x21, 0xc8, 0x2, 0x50, 0xe, 0xf3, 0x50,
    0x36, 0xf1, 0x0, 0xf0, 0xe1, 0xe8, 0x5, 0x23,
    0x86, 0x1, 0xca, 0x18, 0x20, 0x1b, 0x1d, 0x80,

    /* U+72EC "独" */
    0x9, 0x20, 0x74, 0x0, 0x93, 0xc0, 0x3d, 0xf8,
    0xb0, 0xe0, 0x1f, 0xf3, 0x2d, 0x41, 0x88, 0xe0,
    0x11, 0x80, 0x22, 0x50, 0x40, 0xfe, 0xe5, 0x7,
    0x74, 0xa0, 0x38, 0xed, 0x40, 0xb, 0xfb, 0xf,
    0xf0, 0x80, 0x7, 0x67, 0x10, 0x3, 0xff, 0x80,
    0x61, 0xe4, 0x1, 0xff, 0xc1, 0x25, 0x0, 0x88,
    0xcc, 0x6, 0x61, 0x0, 0x87, 0xdc, 0x0, 0x57,
    0xd0, 0x1d, 0xc2, 0x10, 0x2f, 0x49, 0x0, 0x66,
    0xea, 0xc3, 0x67, 0x90, 0xa, 0x24, 0xc0, 0x3f,
    0x1f, 0x0, 0x4c, 0xc, 0x40, 0x1f, 0x39, 0x30,
    0x0, 0x89, 0xce, 0x91, 0x35, 0x61, 0xde, 0x12,
    0x0, 0x8d, 0x78, 0xf, 0xfa, 0xaf, 0x76, 0x31,

    /* U+7387 "率" */
    0x0, 0xf9, 0x88, 0x3, 0xff, 0x85, 0xfc, 0x1,
    0xfb, 0x7f, 0xf9, 0x8f, 0xff, 0xc2, 0x19, 0xbd,
    0xd4, 0x86, 0xe6, 0x3b, 0x99, 0xc2, 0xb, 0x88,
    0x21, 0x78, 0x7d, 0x62, 0xda, 0x20, 0x4, 0xdb,
    0x5e, 0x2c, 0xe4, 0x89, 0xac, 0x0, 0xc7, 0xeb,
    0xbc, 0x8b, 0xa1, 0x7a, 0x40, 0x18, 0x67, 0x8e,
    0x8a, 0xbe, 0x3a, 0x84, 0x2, 0x9e, 0x1d, 0xe4,
    0x47, 0x23, 0xf9, 0xfa, 0x0, 0x33, 0x64, 0xde,
    0xea, 0xfe, 0x42, 0x60, 0x80, 0xe, 0x4, 0x4a,
    0x6a, 0x82, 0x41, 0x24, 0x40, 0x16, 0xef, 0x88,
    0x9b, 0xbe, 0x32, 0xff, 0xf2, 0xab, 0xff, 0xc6,
    0x1, 0xff, 0xd4,

    /* U+73AF "环" */
    0x5, 0x5c, 0x6a, 0xcd, 0xf8, 0x6, 0x6e, 0xa6,
    0xf2, 0xaa, 0x99, 0x55, 0x42, 0x2c, 0xd1, 0xc8,
    0x9c, 0xc8, 0x2f, 0x32, 0x10, 0xf, 0xe8, 0x4,
    0x0, 0xff, 0xe0, 0xb8, 0x38, 0x80, 0x6d, 0xc1,
    0xf5, 0x0, 0x48, 0x16, 0xe8, 0x3, 0x7c, 0x86,
    0xa8, 0x23, 0x38, 0x50, 0x50, 0x4, 0x4a, 0x24,
    0x7, 0x73, 0xc0, 0xe, 0x46, 0x0, 0xfb, 0x5d,
    0x80, 0x22, 0xba, 0x0, 0xe1, 0x3c, 0x80, 0xe,
    0x5c, 0x0, 0xd, 0xf, 0x21, 0x0, 0x7f, 0xf,
    0x2c, 0xf3, 0x80, 0x7f, 0x87, 0xb1, 0x84, 0x3,
    0xff, 0x80, 0x20, 0x1f, 0xfc, 0x20,

    /* U+73B0 "现" */
    0x2f, 0xfe, 0x4f, 0xff, 0x84, 0xc, 0xe0, 0x13,
    0x70, 0xee, 0xda, 0x1, 0xe, 0x60, 0x33, 0x4,
    0x0, 0x15, 0x13, 0x0, 0xff, 0xe0, 0x15, 0x80,
    0x7f, 0xf2, 0xb7, 0xc3, 0x74, 0x1, 0xff, 0x7e,
    0x85, 0x78, 0x6, 0x10, 0xf, 0x11, 0x1, 0xc8,
    0x2, 0x63, 0x0, 0xff, 0x85, 0xc4, 0x80, 0xc5,
    0xc4, 0x3, 0xc4, 0x30, 0x14, 0x12, 0x10, 0x1,
    0x88, 0x37, 0x48, 0x6, 0x65, 0x0, 0xa0, 0x89,
    0xba, 0x28, 0xd5, 0x1d, 0x8f, 0x0, 0x90, 0x4e,
    0xb7, 0x4e, 0x44, 0xc4, 0x71, 0x10, 0x0, 0x88,
    0x2e, 0x40, 0x5, 0xd5, 0xa0, 0x55, 0x77, 0x10,
    0x40, 0x39, 0x72, 0x0, 0x7, 0xdd, 0x50, 0x0,

    /* U+7403 "球" */
    0x2f, 0xfd, 0x80, 0x1b, 0x92, 0x68, 0x80, 0xa5,
    0x42, 0x60, 0x3, 0xd2, 0x42, 0x0, 0x69, 0x16,
    0x4b, 0xee, 0x86, 0xf9, 0xb5, 0x80, 0x3d, 0x1b,
    0xb0, 0x36, 0xec, 0xe0, 0x1f, 0x29, 0x98, 0xc,
    0xc5, 0x22, 0x1f, 0x83, 0xee, 0x50, 0x60, 0x7,
    0xa, 0x0, 0xb6, 0x43, 0x58, 0x67, 0xc0, 0x4,
    0xed, 0x40, 0x2, 0x51, 0x21, 0x7, 0xb2, 0x0,
    0x47, 0x80, 0x7f, 0x93, 0x0, 0xd0, 0x80, 0x3e,
    0x30, 0x4d, 0xb1, 0x95, 0x40, 0x8, 0x68, 0x7f,
    0x9e, 0xe9, 0x40, 0x6e, 0x88, 0xf, 0x91, 0xf3,
    0xa2, 0xd0, 0x2, 0x56, 0xc4, 0x3d, 0xd4, 0x19,
    0xb5, 0x8, 0x82, 0xe1, 0x12, 0xe0, 0x40, 0x18,
    0x83, 0x74, 0x86, 0x0, 0x73,

    /* U+7406 "理" */
    0x3f, 0xfd, 0x87, 0xff, 0xf7, 0x0, 0x98, 0x0,
    0xd4, 0x6, 0xa8, 0xf, 0x50, 0x0, 0x2c, 0xc0,
    0xe4, 0x80, 0x15, 0x43, 0x4a, 0x80, 0x1f, 0xc3,
    0xba, 0x1d, 0xd7, 0x0, 0x7f, 0xf, 0xf8, 0x2f,
    0xe0, 0x2, 0xfc, 0x1f, 0x80, 0x1, 0x10, 0x58,
    0x98, 0x2, 0xd9, 0xd, 0x90, 0x1c, 0xc0, 0xee,
    0x70, 0x4, 0x4a, 0x24, 0x27, 0x71, 0x0, 0x78,
    0x9d, 0x0, 0xfc, 0x89, 0x6, 0x22, 0xc, 0x3,
    0xc7, 0x1b, 0xb0, 0x5e, 0xec, 0x1, 0x50, 0xff,
    0xab, 0xba, 0x8, 0xee, 0x81, 0x3d, 0xdb, 0x30,
    0x46, 0x70, 0x19, 0xe0, 0x5b, 0xe9, 0x36, 0x88,
    0xc1, 0x11, 0x90, 0x50, 0x2, 0xe1, 0x1c, 0xca,
    0x23, 0x80,

    /* U+751F "生" */
    0x0, 0xd, 0x88, 0x37, 0x0, 0x7f, 0x3b, 0x8,
    0x7, 0xff, 0x2, 0x18, 0xcd, 0xe2, 0x67, 0xc4,
    0x0, 0x51, 0x4c, 0xc3, 0x6, 0x67, 0x58, 0xd,
    0xc7, 0xfd, 0x23, 0xff, 0xd2, 0x16, 0x4e, 0x1,
    0xff, 0xc0, 0xad, 0x0, 0xff, 0xe1, 0xee, 0xe9,
    0x1d, 0xde, 0x0, 0x86, 0x67, 0x28, 0x4c, 0xf0,
    0x6, 0x44, 0xd8, 0x28, 0x9c, 0x1, 0xff, 0xd4,
    0x89, 0x9f, 0xc, 0xcf, 0x8c, 0x3, 0xcc, 0xc0,
    0xf, 0x80,

    /* U+7528 "用" */
    0x0, 0x13, 0xaa, 0xff, 0x38, 0x5, 0x51, 0x1a,
    0xa9, 0x11, 0xc6, 0x1, 0x2e, 0xed, 0x43, 0xbb,
    0x80, 0x3f, 0xf9, 0xb, 0xbb, 0x50, 0xee, 0xe0,
    0xe, 0x18, 0x89, 0x42, 0x23, 0x0, 0x73, 0xaa,
    0xde, 0x2a, 0xb8, 0x3, 0x8, 0x7, 0xff, 0x8,
    0xdb, 0xfe, 0xa1, 0xff, 0xc0, 0x19, 0x9f, 0x32,
    0x70, 0xcc, 0xc0, 0x18, 0xec, 0xce, 0xd1, 0x33,
    0xc0, 0x12, 0x89, 0x80, 0x7f, 0xf0, 0x25, 0x80,
    0x3e, 0x11, 0x10, 0x9, 0x8c, 0x80, 0x61, 0x0,
    0x4f, 0x6a, 0x11, 0xe8, 0x80, 0x64, 0xe0, 0x8f,
    0xf5, 0x80,

    /* U+7535 "电" */
    0x0, 0xe5, 0xe0, 0xf, 0x84, 0x8b, 0x84, 0x8b,
    0x80, 0x19, 0xbb, 0xa0, 0x37, 0x78, 0xc0, 0x5f,
    0xba, 0x90, 0xee, 0xc0, 0x1b, 0xc4, 0x63, 0x11,
    0xe0, 0x8, 0xa3, 0x76, 0xa1, 0xdd, 0xc0, 0x11,
    0x24, 0xcc, 0xc1, 0x33, 0x80, 0x36, 0x22, 0x58,
    0x28, 0x98, 0x3, 0x61, 0x9d, 0xa2, 0x67, 0x80,
    0x32, 0x66, 0x4e, 0x19, 0x98, 0x2, 0x78, 0xff,
    0xa8, 0x7f, 0xf9, 0x92, 0xdc, 0x3, 0xfd, 0xbe,
    0x1, 0xc2, 0x25, 0x33, 0x91, 0x70, 0x3, 0x91,
    0x15, 0x99, 0x58, 0xb0,

    /* U+753B "画" */
    0x5f, 0xff, 0xfe, 0x4, 0xae, 0xef, 0xff, 0x2,
    0x0, 0x8b, 0xff, 0x80, 0x20, 0x13, 0x37, 0xe0,
    0x8, 0xe4, 0x23, 0x3f, 0x67, 0xfd, 0x20, 0xec,
    0xc7, 0x0, 0x44, 0xc8, 0x66, 0x40, 0xd, 0xf0,
    0xc, 0xc4, 0xe2, 0x44, 0x0, 0xfd, 0x3f, 0x41,
    0xfe, 0x0, 0xfd, 0xfb, 0xa1, 0xdd, 0x0, 0x7e,
    0xb8, 0x80, 0xc4, 0x0, 0x3e, 0x91, 0x2, 0x60,
    0x3, 0x80, 0x79, 0xe2, 0x29, 0x88, 0x80, 0x30,
    0xf7, 0x7f, 0x94, 0x92, 0xea, 0xbf, 0xc2, 0x40,

    /* U+754C "界" */
    0x0, 0x27, 0xbb, 0xdf, 0xe7, 0x7b, 0x60, 0x3,
    0x85, 0xde, 0x85, 0x77, 0x98, 0x3, 0xff, 0x94,
    0x3f, 0xf4, 0x2f, 0xfc, 0x80, 0x1e, 0x1f, 0xfa,
    0x17, 0xfe, 0x40, 0xf, 0xc, 0x42, 0xa1, 0x6a,
    0x20, 0xc0, 0x1c, 0xb1, 0xe6, 0xaa, 0x85, 0x7f,
    0xab, 0x0, 0xc2, 0xfe, 0x95, 0x47, 0xe2, 0xc5,
    0x30, 0x8, 0x5f, 0x91, 0x44, 0x0, 0x28, 0x1b,
    0x48, 0x0, 0xab, 0xb6, 0x39, 0x0, 0x4f, 0xda,
    0x72, 0x21, 0x78, 0xa0, 0x44, 0x0, 0xe2, 0x9d,
    0x10, 0xc, 0xe2, 0x80, 0x1f, 0xfc, 0x8, 0x85,
    0x80, 0x7f, 0xf0, 0x21, 0x6d, 0x40, 0x3f, 0xf8,
    0x11, 0xa8, 0x1, 0xdc, 0xa0, 0x18,

    /* U+7559 "留" */
    0x0, 0x85, 0xe8, 0x40, 0x3f, 0x15, 0x74, 0xe8,
    0xff, 0xfa, 0x8b, 0x4e, 0xf9, 0xc1, 0x8, 0x11,
    0x0, 0x1a, 0x50, 0xc0, 0x17, 0x25, 0x76, 0x63,
    0x0, 0xd3, 0x20, 0x1, 0xb0, 0x0, 0xc4, 0x2,
    0x1c, 0x62, 0xa, 0xe0, 0x0, 0xf2, 0x86, 0xf5,
    0x5, 0xc8, 0xa9, 0x11, 0x48, 0xe, 0x3f, 0x38,
    0x97, 0x42, 0x7d, 0x10, 0xfa, 0x6c, 0xc7, 0xca,
    0x76, 0xdb, 0x90, 0x2, 0xcf, 0xfd, 0x32, 0xff,
    0xa1, 0x0, 0x34, 0xcd, 0x65, 0x33, 0x10, 0x7,
    0x7f, 0xd4, 0x5f, 0xf1, 0x80, 0x77, 0xfd, 0x45,
    0xff, 0x18, 0x7, 0x44, 0x62, 0x88, 0x8c, 0x3,
    0xbf, 0xea, 0x8f, 0xf8, 0x3, 0x27, 0xbb, 0xfe,
    0xf7, 0x0,

    /* U+7565 "略" */
    0x0, 0xfc, 0xd6, 0x1, 0xd5, 0xff, 0x9c, 0x1,
    0x7a, 0x1, 0xe5, 0x7, 0x40, 0x3, 0x94, 0xff,
    0xce, 0x0, 0xe5, 0xa3, 0x4, 0x80, 0xee, 0x60,
    0x20, 0x7, 0xb2, 0x98, 0x54, 0x61, 0x4c, 0x3,
    0xcc, 0xf3, 0x75, 0x6d, 0x60, 0x1, 0xb5, 0xd7,
    0xa9, 0x5, 0x14, 0x91, 0x0, 0xd, 0x26, 0x30,
    0x0, 0x6c, 0x4e, 0x90, 0x2, 0x11, 0xc0, 0xde,
    0xff, 0x93, 0x74, 0x40, 0x1d, 0x12, 0x9, 0x31,
    0xea, 0xa4, 0x0, 0xe8, 0xd1, 0x1e, 0x77, 0x30,
    0x5a, 0xeb, 0x80, 0x53, 0x39, 0xc0, 0x2a, 0xee,
    0x9c, 0x3, 0xfb, 0xdc, 0x46, 0x0, 0x8c, 0xf3,
    0x80, 0x14, 0x80, 0x3d, 0xdd, 0x88, 0x3, 0xf1,
    0x7e, 0xee, 0xf8, 0x0,

    /* U+756A "番" */
    0x0, 0xff, 0xe3, 0x89, 0x1a, 0xb4, 0x4d, 0xf7,
    0x90, 0x4, 0x7d, 0xfe, 0x8f, 0x94, 0xff, 0x46,
    0x10, 0x4, 0x7c, 0xee, 0xba, 0x18, 0x65, 0x84,
    0x0, 0xf4, 0x29, 0x0, 0x68, 0x57, 0x0, 0x93,
    0xfd, 0xc1, 0xbe, 0x37, 0xec, 0x9f, 0xec, 0x4,
    0xff, 0xb9, 0xc, 0x10, 0x6f, 0xfe, 0xc0, 0xc,
    0xbe, 0x58, 0x3f, 0x54, 0x91, 0x0, 0xcb, 0xb1,
    0x52, 0xa, 0xe9, 0xe1, 0xd4, 0x80, 0xb0, 0xa5,
    0x7f, 0xe4, 0xcf, 0xe6, 0x1, 0xe0, 0x5d, 0xa0,
    0xff, 0x86, 0xff, 0xe0, 0x8a, 0x0, 0xec, 0xc8,
    0x6f, 0x32, 0x0, 0xfd, 0xbb, 0x5, 0x6e, 0xc0,
    0x1f, 0x84, 0x7f, 0x0, 0x7e, 0xff, 0x86, 0xff,
    0xe0, 0xf, 0x17, 0x7f, 0xff, 0x18, 0x0,

    /* U+767D "白" */
    0x0, 0xe7, 0x30, 0xf, 0xe2, 0x87, 0x0, 0xfe,
    0xa2, 0x40, 0xe, 0x9f, 0xf9, 0xcb, 0xff, 0xa8,
    0x12, 0xef, 0xf2, 0x0, 0x9, 0x13, 0xf1, 0x0,
    0x7f, 0xf3, 0x49, 0xbf, 0xff, 0x30, 0x91, 0xee,
    0xfe, 0x31, 0x5, 0x22, 0xfc, 0xa0, 0x1f, 0xfc,
    0x22, 0x11, 0xfc, 0x60, 0x4, 0xee, 0xfc, 0xa0,
    0x4, 0xee, 0xfc, 0x81, 0x36, 0x23, 0xfa, 0xe8,

    /* U+767E "百" */
    0xff, 0xff, 0xe1, 0x6e, 0xf8, 0x17, 0x77, 0xc4,
    0x5e, 0xe, 0x22, 0xf0, 0x7, 0x18, 0x28, 0x7,
    0xc5, 0xff, 0x60, 0x77, 0xfe, 0x60, 0xd, 0xbd,
    0xdf, 0x10, 0x7, 0x10, 0x8f, 0xc0, 0x1f, 0xfc,
    0x8f, 0xff, 0xc4, 0x1, 0xd9, 0xbb, 0xf0, 0x7,
    0x8c, 0x8b, 0xf0, 0x7, 0xff, 0x1f, 0xff, 0xf1,
    0x0, 0x76, 0x6e, 0xfc, 0x1, 0x0,

    /* U+7684 "的" */
    0x0, 0xb, 0x88, 0x4, 0xa6, 0x1, 0xe4, 0x91,
    0x0, 0xa5, 0x80, 0x3d, 0x8e, 0x1, 0x9, 0xa0,
    0x6, 0x9f, 0x66, 0x7f, 0x85, 0xc3, 0xbf, 0xeb,
    0x6, 0xee, 0x80, 0x15, 0x1d, 0xd3, 0x8, 0x8,
    0xe0, 0x72, 0x71, 0x1c, 0x60, 0x1e, 0xc9, 0x0,
    0xf8, 0xcf, 0x5, 0xaf, 0x10, 0x0, 0x44, 0x9,
    0xdd, 0x0, 0x9, 0xb8, 0x0, 0x7e, 0xf, 0xbb,
    0x0, 0x50, 0x30, 0x2, 0x20, 0xf, 0xe9, 0x50,
    0x73, 0x0, 0xfe, 0x4d, 0x2, 0x10, 0x34, 0x48,
    0x3, 0xe1, 0x60, 0x49, 0x98, 0x80, 0x21, 0x13,
    0x9, 0x3, 0xee, 0xe1, 0x3, 0xee, 0x4c, 0x4,
    0xc0, 0x7, 0x8f, 0xfe, 0x60,

    /* U+76CA "益" */
    0x0, 0xc2, 0x1, 0xe1, 0x0, 0xf8, 0xb8, 0x80,
    0x3b, 0xd4, 0x3, 0xc4, 0xdc, 0x1, 0xa5, 0x54,
    0x1, 0x84, 0x6b, 0x23, 0x11, 0x13, 0xc0, 0x8c,
    0x0, 0xfe, 0xe6, 0x8e, 0x77, 0x34, 0x73, 0xb9,
    0xe0, 0xe, 0xff, 0xb7, 0xff, 0x77, 0xfd, 0xc0,
    0x18, 0x67, 0xc4, 0x0, 0x9d, 0x6a, 0x1, 0x85,
    0xfc, 0x34, 0x40, 0x9, 0xfb, 0x1a, 0xc0, 0x8,
    0xba, 0x81, 0x1f, 0x3e, 0x58, 0x5, 0x3d, 0x7d,
    0xdf, 0xc6, 0xc0, 0x18, 0x7f, 0x83, 0xfc, 0x1b,
    0xe4, 0x1, 0xff, 0xd7, 0x27, 0x81, 0x79, 0x7,
    0x70, 0x5b, 0x94, 0xb9, 0x34, 0x28, 0x43, 0x84,
    0x40, 0x1a, 0x0, 0xe1, 0x80,

    /* U+76D8 "盘" */
    0x0, 0xf8, 0x88, 0x1, 0xff, 0x8, 0x3, 0xa8,
    0x2, 0x10, 0xf, 0x4f, 0x7f, 0x8d, 0xff, 0xee,
    0x40, 0xf, 0x17, 0xea, 0x67, 0xfc, 0x20, 0x1f,
    0x8, 0x14, 0x79, 0x0, 0x78, 0xbf, 0xcc, 0x7f,
    0xec, 0x3d, 0xff, 0xd, 0xfa, 0x17, 0x70, 0x53,
    0xb2, 0x3b, 0xb0, 0x4f, 0x20, 0xa, 0x8f, 0x88,
    0xae, 0xc2, 0x38, 0x84, 0x0, 0x54, 0x68, 0x5,
    0x86, 0x69, 0x90, 0xb8, 0x4, 0xcb, 0xc0, 0x1a,
    0x4f, 0xc6, 0x8c, 0x2, 0x4f, 0xde, 0xe7, 0xf7,
    0x3e, 0x1a, 0xa8, 0x1, 0xc5, 0xdc, 0xf, 0xe1,
    0xde, 0x80, 0xf, 0xfe, 0x51, 0x80, 0x46, 0x2,
    0x1, 0x8, 0x0, 0x7e, 0xc7, 0xfc, 0x1b, 0xe1,
    0x9f, 0x9, 0xe8,

    /* U+76EE "目" */
    0x7f, 0xff, 0xf3, 0x1, 0xe6, 0x7e, 0x10, 0x3,
    0x99, 0xff, 0x0, 0x7f, 0xf0, 0x93, 0xbb, 0xf1,
    0x0, 0x6, 0xab, 0xf0, 0x4, 0xa8, 0x9f, 0x88,
    0x3, 0xff, 0x84, 0x9f, 0xff, 0x88, 0x0, 0x59,
    0x9f, 0x80, 0x26, 0x33, 0xfc, 0x40, 0x7, 0x11,
    0xfc, 0x60, 0x3, 0xee, 0xfc, 0x20, 0x3, 0xee,
    0xfc, 0x20,

    /* U+76F4 "直" */
    0x0, 0xf9, 0xc, 0x3, 0xff, 0x85, 0x36, 0x1,
    0xfb, 0xbf, 0xf8, 0x9f, 0xff, 0xa8, 0x1, 0xdf,
    0xfb, 0x83, 0xbf, 0xfa, 0x80, 0x37, 0x76, 0xf,
    0xee, 0xc2, 0x1, 0xc3, 0x5f, 0xdc, 0xff, 0xb4,
    0x40, 0x3f, 0xf9, 0x77, 0x99, 0xf0, 0x7, 0xec,
    0xdd, 0xf8, 0x3, 0xf6, 0x7f, 0xfb, 0x40, 0x3f,
    0x67, 0xff, 0xb4, 0x3, 0xf6, 0x77, 0x7b, 0x40,
    0x3f, 0x67, 0x77, 0xb4, 0x3, 0x14, 0x40, 0x22,
    0x3f, 0x5, 0xc1, 0x0, 0x89, 0x88, 0x47, 0xc6,
    0xc6, 0x20,

    /* U+76F8 "相" */
    0x0, 0x97, 0x40, 0x7, 0xff, 0xf1, 0x80, 0x7f,
    0x6e, 0xf0, 0x4, 0xad, 0xc4, 0xcc, 0x70, 0x22,
    0xe0, 0xa, 0x20, 0x81, 0x10, 0x0, 0xff, 0x6f,
    0x0, 0x3b, 0x8e, 0x1d, 0xdc, 0x1, 0xf0, 0x80,
    0x5b, 0xbc, 0x1, 0x98, 0x43, 0x40, 0x23, 0x3e,
    0x0, 0xd4, 0xe4, 0xd4, 0x1, 0xfe, 0x50, 0xc0,
    0xb1, 0x70, 0xff, 0xe0, 0xa, 0xe4, 0x0, 0x36,
    0xe1, 0xbb, 0xc0, 0x1, 0x55, 0x0, 0x78, 0x8b,
    0x80, 0x3, 0x60, 0x1f, 0xfc, 0xbf, 0xfe, 0x0,
    0xff, 0xb7, 0x78, 0x3, 0x97, 0x40, 0x7, 0xe4,
    0x5d, 0xe6,

    /* U+7701 "省" */
    0x0, 0xfb, 0x90, 0x0, 0x20, 0x1f, 0x17, 0x90,
    0x6, 0x1f, 0x60, 0xf, 0x4a, 0x90, 0x6, 0x1d,
    0x88, 0x0, 0x69, 0x6a, 0x0, 0xe7, 0xda, 0x68,
    0x0, 0x3b, 0xbc, 0x3, 0x66, 0x2f, 0x13, 0x48,
    0x0, 0xfe, 0x42, 0x90, 0x29, 0x18, 0x40, 0x74,
    0x3, 0x17, 0xfd, 0x6e, 0x8d, 0xd5, 0x51, 0x0,
    0x7, 0x7a, 0xb, 0x75, 0x31, 0x19, 0x58, 0x2,
    0x54, 0x22, 0x66, 0x7c, 0x1, 0xf8, 0xbb, 0xbe,
    0x0, 0xfc, 0x59, 0x9f, 0x0, 0x7e, 0x2d, 0xdf,
    0x80, 0x3f, 0x11, 0x7e, 0x0, 0xfe, 0x88, 0xf8,
    0x3, 0xe5, 0xfb, 0xbf, 0xbd, 0x0, 0x0,

    /* U+770B "看" */
    0x0, 0xfc, 0x24, 0x8b, 0xa, 0x1, 0xb7, 0xb9,
    0xff, 0x67, 0x7e, 0x78, 0x80, 0x6d, 0xee, 0x7a,
    0xab, 0x72, 0xe5, 0xd0, 0x3, 0x5e, 0xec, 0xaa,
    0xdd, 0xf0, 0x80, 0x53, 0xfe, 0xa0, 0xcf, 0xff,
    0x8, 0x0, 0xc4, 0x68, 0x30, 0x11, 0xf1, 0x80,
    0x3f, 0xec, 0x2, 0xff, 0xfc, 0x0, 0xcc, 0x81,
    0xbf, 0x77, 0xd9, 0x80, 0xd, 0x40, 0xf9, 0x9e,
    0xe7, 0x0, 0xd2, 0x81, 0x7b, 0xbe, 0x30, 0x8,
    0x71, 0xf4, 0x6b, 0x33, 0xc6, 0x1, 0x9b, 0xcc,
    0xd3, 0xbb, 0xe3, 0x0, 0x86, 0x84, 0xe, 0x77,
    0x7c, 0x60, 0x1f, 0x1c, 0xee, 0xf8, 0xc0, 0x3e,
    0x29, 0xff, 0xf1, 0x80, 0x40,

    /* U+771F "真" */
    0x0, 0xf8, 0xd0, 0x3, 0xf8, 0x47, 0xa7, 0xc4,
    0x78, 0x2, 0x6e, 0xee, 0x54, 0xee, 0xf0, 0x1,
    0xbf, 0xf8, 0xaf, 0xff, 0xb8, 0x3, 0x67, 0x6e,
    0x8a, 0xb7, 0x5d, 0xa0, 0x1f, 0x5e, 0xeb, 0xfb,
    0x75, 0x60, 0x1f, 0x1d, 0x66, 0x7a, 0x8c, 0x3,
    0xc2, 0x93, 0x3e, 0x43, 0x0, 0xff, 0xe5, 0xa,
    0x4c, 0xf9, 0xc, 0x3, 0xc7, 0x59, 0x9e, 0xa3,
    0x0, 0x87, 0x30, 0x75, 0x99, 0xea, 0x2c, 0xc0,
    0x8b, 0xfd, 0x98, 0x4f, 0xfc, 0xb7, 0x9f, 0xe1,
    0x3, 0x24, 0xe4, 0x13, 0x30, 0x85, 0x43, 0x18,
    0x2, 0x7b, 0x27, 0x8, 0x0, 0x53, 0xdb, 0x18,
    0x0, 0x8e, 0xb4, 0x0, 0xf9, 0xb7, 0x40,

    /* U+773C "眼" */
    0xaf, 0xfc, 0x19, 0xff, 0xe7, 0x0, 0x3f, 0x70,
    0x2, 0x8f, 0xfc, 0xa0, 0x17, 0x8, 0x80, 0x3f,
    0xf8, 0x1c, 0x22, 0x0, 0xa3, 0xbb, 0x28, 0x4,
    0xfd, 0xc0, 0x9, 0x2a, 0xb0, 0x80, 0x53, 0xfe,
    0x0, 0xb1, 0x13, 0x80, 0x3f, 0xa3, 0x7f, 0x74,
    0xa0, 0x14, 0xff, 0x80, 0x26, 0xf1, 0xaf, 0xd5,
    0x0, 0x3f, 0x70, 0x2, 0xe2, 0x8d, 0x27, 0xc2,
    0xe, 0x11, 0x0, 0x72, 0x2c, 0xd5, 0x90, 0x61,
    0x98, 0x3, 0x88, 0x5b, 0x54, 0x0, 0xbd, 0xc2,
    0x0, 0xed, 0x6, 0x0, 0xa7, 0x76, 0x0, 0x6b,
    0xd0, 0x45, 0xa8, 0x43, 0x80, 0x42, 0x6b, 0x9a,
    0x4f, 0x14, 0x84, 0x20, 0x10, 0xcf, 0xdb, 0x88,
    0x3e, 0xa0,

    /* U+77E2 "矢" */
    0x0, 0xcc, 0x20, 0x1f, 0xfc, 0x15, 0x91, 0x0,
    0xff, 0xe0, 0xc8, 0x33, 0x7f, 0x0, 0x63, 0x30,
    0x55, 0x26, 0x55, 0x5b, 0x40, 0x34, 0x2f, 0xe6,
    0xd, 0xf3, 0x35, 0x80, 0x4e, 0x90, 0x1, 0xff,
    0xc2, 0xa2, 0x0, 0xde, 0x1, 0xf8, 0x4d, 0x9b,
    0x1d, 0xb3, 0x78, 0x6, 0xef, 0xc0, 0x77, 0x7e,
    0x11, 0x6e, 0xf7, 0x0, 0x27, 0x77, 0x84, 0x3,
    0xd2, 0x6f, 0x0, 0x1f, 0xf2, 0xab, 0xe4, 0xa0,
    0x3, 0xf9, 0xaa, 0xc, 0x69, 0xdc, 0x1, 0xe3,
    0xc9, 0x93, 0x80, 0x12, 0xa3, 0x10, 0x0, 0x3b,
    0x8d, 0xac, 0x1, 0x97, 0x5a, 0xf8, 0x86, 0x3a,
    0x88, 0x3, 0xc5, 0x5d, 0x44,

    /* U+77E5 "知" */
    0x0, 0x19, 0x80, 0x3f, 0xf8, 0x3e, 0x80, 0x1f,
    0xfc, 0x13, 0xf4, 0x48, 0xd3, 0xff, 0xa0, 0x14,
    0x16, 0xed, 0x32, 0x1, 0xee, 0x90, 0x1, 0x31,
    0xa1, 0x9b, 0x40, 0x1, 0x18, 0x0, 0x64, 0xc0,
    0x1f, 0xfc, 0x3, 0xf1, 0x0, 0xff, 0xe0, 0x27,
    0x7f, 0x83, 0x3f, 0xc6, 0x1, 0xe4, 0xdd, 0x50,
    0x5e, 0xe8, 0xc0, 0x3e, 0x22, 0x0, 0x4, 0x88,
    0x1, 0xfe, 0xc0, 0xa4, 0x0, 0xff, 0xb, 0x4d,
    0x5a, 0x0, 0x7f, 0x50, 0xb2, 0xc5, 0x0, 0xe6,
    0x48, 0x0, 0xa4, 0xa0, 0x3, 0xe8, 0x2, 0x66,
    0x0, 0x12, 0xc2, 0x0, 0x46, 0x2, 0xab, 0x5d,
    0x8b, 0x5c, 0x3, 0x93, 0x80, 0x24, 0x30,

    /* U+77E9 "矩" */
    0x0, 0x49, 0x80, 0x7f, 0xf0, 0x98, 0x3, 0x1f,
    0xff, 0xc0, 0x2, 0x6, 0x44, 0x80, 0x19, 0x9d,
    0xa0, 0x4, 0xa, 0xb9, 0xe0, 0x1, 0x9f, 0x10,
    0x3, 0x63, 0x7, 0x68, 0x3, 0xf8, 0x51, 0x80,
    0x3d, 0xff, 0xc6, 0x3, 0xa2, 0x1, 0xed, 0xdc,
    0x20, 0x16, 0xfe, 0xf, 0xf9, 0x0, 0x8b, 0x0,
    0x6e, 0xe4, 0xf, 0x70, 0xc0, 0x3f, 0x84, 0x5c,
    0x23, 0x38, 0x7f, 0xe1, 0x0, 0xe5, 0x9, 0x0,
    0xb7, 0x78, 0xc0, 0x22, 0x3c, 0x75, 0x0, 0x11,
    0x70, 0x6, 0x84, 0x3b, 0xa6, 0x0, 0xfe, 0x55,
    0x48, 0x2c, 0xb0, 0x2a, 0xf8, 0x45, 0x54, 0x20,
    0x3, 0x1, 0x44, 0x78, 0x87, 0x54, 0x3, 0x1e,
    0xef, 0xc6,

    /* U+7801 "码" */
    0x1, 0x1e, 0x0, 0xff, 0x1f, 0x77, 0x27, 0xff,
    0xa4, 0x0, 0x7f, 0x45, 0xfe, 0x4e, 0xee, 0x41,
    0x0, 0xda, 0x80, 0x11, 0xd8, 0x8c, 0x1e, 0x1,
    0x93, 0x0, 0x21, 0x40, 0x9, 0xc8, 0x2, 0x13,
    0x40, 0x9, 0x88, 0x2, 0x21, 0x0, 0xa4, 0x2e,
    0xa0, 0xd, 0xc0, 0x21, 0x60, 0x9, 0xc0, 0xc5,
    0x43, 0xdc, 0xcc, 0x80, 0xc6, 0xc, 0x3, 0x30,
    0x0, 0x43, 0xee, 0x50, 0x5e, 0x2, 0xb8, 0x7,
    0x6f, 0xee, 0xbb, 0xec, 0x40, 0xe8, 0x3, 0x12,
    0x27, 0x11, 0x40, 0x1f, 0x3f, 0xff, 0x2f, 0xb0,
    0x4, 0x3f, 0x80, 0xb7, 0x7c, 0xeb, 0xa0, 0x1b,
    0x75, 0x80, 0x18, 0x40, 0x8d, 0x0, 0x5, 0x44,
    0x41, 0x0, 0xcd, 0xfa, 0xc6, 0x1, 0x28, 0x7,
    0xcf, 0xfe, 0x90, 0x0,

    /* U+7840 "础" */
    0x3f, 0xfe, 0x40, 0xb, 0x90, 0x2, 0x3e, 0x90,
    0xee, 0x26, 0x90, 0x6, 0xd3, 0x1, 0x12, 0x88,
    0x80, 0xc0, 0x38, 0xdc, 0x1, 0x98, 0x0, 0xff,
    0xe0, 0xa2, 0x0, 0x3c, 0x22, 0x0, 0xce, 0x19,
    0xd8, 0x0, 0xdf, 0xa, 0xf1, 0x0, 0x40, 0x6d,
    0x10, 0x77, 0xf8, 0x2b, 0xfc, 0x8a, 0x2, 0x6c,
    0x5, 0x0, 0x1, 0x10, 0x23, 0x31, 0xc0, 0x33,
    0x30, 0x3, 0x8f, 0xe, 0x80, 0x3f, 0xfa, 0x43,
    0x9e, 0x1, 0xff, 0xc1, 0x89, 0xd0, 0x1e, 0xe0,
    0xdf, 0x43, 0x81, 0xc2, 0x20, 0xd6, 0xea, 0x97,
    0x6a, 0x36,

    /* U+786C "硬" */
    0x3f, 0xfe, 0xcf, 0xff, 0xc2, 0x7d, 0x21, 0xdc,
    0xcf, 0xf8, 0x73, 0xfe, 0x10, 0x11, 0x28, 0x88,
    0x3, 0xff, 0x81, 0x98, 0x0, 0x27, 0xfc, 0x39,
    0xfe, 0xe0, 0x9, 0x10, 0x1, 0x17, 0xf8, 0x73,
    0xf4, 0x2, 0x70, 0xce, 0xe0, 0x96, 0x60, 0x73,
    0x1e, 0x1, 0x48, 0x6e, 0x84, 0xb, 0x74, 0x15,
    0xb2, 0x0, 0x51, 0x3, 0x30, 0x4, 0x22, 0x7,
    0x16, 0x0, 0x3b, 0x80, 0x38, 0xbf, 0xc1, 0xbf,
    0xa0, 0x2, 0x90, 0xc, 0xee, 0xfc, 0x1f, 0xfb,
    0x80, 0x3e, 0x33, 0x4d, 0x38, 0x7, 0xef, 0xf0,
    0x2, 0xd9, 0x94, 0x1, 0xfb, 0x76, 0x8, 0x2,
    0xcb, 0x52, 0x0, 0x86, 0x48, 0xaf, 0x2d, 0xd7,
    0x67, 0x6f, 0x88, 0x1, 0x80, 0x2e, 0xa2, 0x1,
    0x7b, 0xfe, 0x10,

    /* U+786E "确" */
    0x0, 0xfc, 0xce, 0x1, 0xc3, 0xff, 0xc8, 0x16,
    0x40, 0x1, 0x0, 0xf, 0x50, 0x77, 0x11, 0x5,
    0x5f, 0xee, 0x10, 0x0, 0x9a, 0x88, 0x82, 0x6b,
    0xfc, 0x90, 0x20, 0x16, 0xe8, 0x1, 0x4, 0x45,
    0xc4, 0x28, 0x30, 0x2, 0x28, 0x1b, 0x14, 0x71,
    0x97, 0x3d, 0x3, 0x4, 0xdd, 0xbc, 0x6a, 0xc7,
    0xed, 0xc0, 0x16, 0x11, 0xa8, 0x21, 0x58, 0x39,
    0x87, 0x4, 0x20, 0x32, 0x0, 0x9f, 0xc2, 0xfd,
    0x1, 0x64, 0x3, 0xda, 0x62, 0xe6, 0x60, 0x17,
    0x0, 0xe1, 0xad, 0x1d, 0xd3, 0x80, 0x7e, 0x2b,
    0xe0, 0x9e, 0x30, 0xd, 0xf6, 0x8, 0x48, 0x62,
    0x86, 0x80, 0x1b, 0x76, 0x8a, 0x0, 0xe1, 0x0,
    0xc, 0x91, 0x10, 0x5c, 0x0, 0x81, 0xcd, 0x80,
    0x6, 0x0, 0x2e, 0x80, 0x54, 0x5d, 0xea,

    /* U+793A "示" */
    0x0, 0x9, 0x9f, 0xfc, 0x1, 0x93, 0x33, 0xfd,
    0xc0, 0x19, 0x7f, 0xff, 0xda, 0x1, 0xff, 0xc7,
    0x66, 0xff, 0xe1, 0x0, 0x2e, 0xfd, 0x32, 0xbb,
    0xf0, 0x3, 0x77, 0xd2, 0x3b, 0xbe, 0x0, 0xc5,
    0x0, 0x1e, 0x44, 0x0, 0x7a, 0x10, 0x3, 0xc3,
    0x62, 0x1, 0x91, 0x7c, 0x3, 0xca, 0xaa, 0x0,
    0x8a, 0x9c, 0xc0, 0x3e, 0xb4, 0x30, 0x1f, 0x28,
    0x0, 0xfc, 0x2f, 0x0, 0x37, 0x80, 0x3, 0x37,
    0x0, 0x74, 0xf0, 0x1, 0x80, 0x2d, 0xc7, 0x60,
    0xc, 0x2a, 0x1, 0xee, 0xff, 0x40, 0x7, 0xc0,

    /* U+79BB "离" */
    0x0, 0xf3, 0x0, 0x7f, 0xf0, 0xa9, 0xc0, 0x3e,
    0xff, 0xf1, 0xc7, 0xff, 0x83, 0xb2, 0x7a, 0x2f,
    0xb9, 0x51, 0xd3, 0x9c, 0x2, 0xf0, 0x2b, 0xd9,
    0x8f, 0x61, 0x86, 0x10, 0xf, 0x19, 0x81, 0x94,
    0x3, 0xf0, 0xc6, 0xf6, 0xf6, 0x80, 0x79, 0xc7,
    0x96, 0xff, 0xda, 0xde, 0x22, 0x0, 0x8f, 0xff,
    0x14, 0x7f, 0xe4, 0x0, 0x27, 0xff, 0x14, 0x7f,
    0xf2, 0x0, 0x7, 0xb9, 0xa1, 0x5d, 0x17, 0xdc,
    0x11, 0x0, 0x42, 0x29, 0x75, 0x0, 0x58, 0x8,
    0x7, 0xa9, 0x1b, 0xf2, 0xc2, 0x0, 0x3e, 0x9c,
    0xff, 0x6e, 0x7d, 0x80, 0x4, 0x3, 0x19, 0x84,
    0x3, 0x67, 0x1a, 0x82, 0x70, 0x7, 0xee, 0xe6,
    0x88, 0x0,

    /* U+79CD "种" */
    0x0, 0xe1, 0x0, 0xff, 0x85, 0x2b, 0x78, 0x40,
    0x2e, 0x40, 0xc, 0x9f, 0xe5, 0x4f, 0x10, 0xf,
    0xe4, 0xeb, 0x1d, 0x0, 0x8, 0xfe, 0x0, 0xf8,
    0xbb, 0xa0, 0xae, 0xe8, 0x1f, 0xfc, 0x37, 0xea,
    0x1d, 0xc0, 0xae, 0xc0, 0x3, 0x6c, 0x82, 0xea,
    0x0, 0x8f, 0x80, 0x2, 0x58, 0xa, 0x2, 0x1,
    0xfe, 0x27, 0x16, 0xf1, 0x1, 0x1f, 0x0, 0x53,
    0x61, 0xae, 0xc1, 0xdc, 0xa, 0xec, 0x0, 0x2a,
    0x98, 0x1, 0x4e, 0x1d, 0xc0, 0xae, 0xc0, 0x7,
    0xd0, 0x6, 0x2f, 0x11, 0xe3, 0xf0, 0xa4, 0x0,
    0xff, 0xf1, 0x0,

    /* U+79D1 "科" */
    0x0, 0xe1, 0x0, 0xff, 0x85, 0x27, 0x38, 0x80,
    0x40, 0x2f, 0x20, 0x1, 0x7f, 0x99, 0xf8, 0x83,
    0x28, 0x3, 0xc5, 0xd6, 0x5c, 0x20, 0xd, 0x1c,
    0x10, 0xf, 0xfe, 0xd, 0xc8, 0x80, 0x68, 0xff,
    0x15, 0x7d, 0x0, 0x4a, 0x1, 0xd3, 0xb6, 0x5,
    0xb6, 0xf8, 0x40, 0x1e, 0x12, 0xc0, 0x26, 0x17,
    0xbc, 0x40, 0xf, 0xb, 0x13, 0xd1, 0x3, 0xd0,
    0x80, 0x7a, 0x18, 0x36, 0x58, 0x0, 0x8a, 0x0,
    0x46, 0x5, 0x78, 0x0, 0x3a, 0xa9, 0xeb, 0x3c,
    0x27, 0x7, 0x6c, 0x3, 0x24, 0xee, 0xa7, 0x3,
    0x68, 0x61, 0x40, 0x32, 0xe5, 0x3a, 0x98, 0x7,
    0xff, 0x60,

    /* U+79D2 "秒" */
    0x0, 0xe1, 0x0, 0xff, 0x85, 0x27, 0x38, 0x80,
    0x3, 0xe2, 0x1, 0x8b, 0xfc, 0xcc, 0xe2, 0x0,
    0xfe, 0x2e, 0xb2, 0xf1, 0x4, 0x70, 0xa, 0x18,
    0x3, 0xfb, 0x38, 0x2, 0xc8, 0x0, 0x47, 0xf8,
    0xab, 0xe0, 0xfc, 0x2, 0x43, 0x50, 0x9d, 0xb0,
    0x5d, 0x94, 0x40, 0x6, 0xae, 0x1, 0x2c, 0x5,
    0x35, 0x12, 0x0, 0xca, 0x1, 0x98, 0x53, 0x5e,
    0x0, 0x38, 0x6c, 0x1, 0xe, 0x7c, 0x2e, 0xc0,
    0x18, 0xf0, 0x40, 0x9e, 0xc0, 0x1e, 0x80, 0x10,
    0x87, 0x38, 0x85, 0xb9, 0x0, 0x8, 0x2, 0x1e,
    0xa1, 0x80, 0x4, 0x40, 0x3, 0xe4, 0xd0, 0xc0,
    0x8, 0x40, 0x38, 0x9b, 0x2a, 0x2c, 0x3, 0xf8,
    0xbf, 0xd1, 0xca, 0x1, 0xc0,

    /* U+79EF "积" */
    0x0, 0xf0, 0x80, 0x7f, 0x88, 0xdf, 0xb7, 0xc0,
    0xcf, 0xc4, 0x3, 0xbd, 0x23, 0x3c, 0x19, 0x9f,
    0x0, 0xfe, 0xe8, 0x50, 0x2, 0xef, 0xfa, 0xc0,
    0x3f, 0xf8, 0xff, 0xec, 0x1f, 0xf3, 0x80, 0x7f,
    0x6e, 0x80, 0x19, 0xac, 0x1, 0xfc, 0x44, 0x0,
    0x49, 0x8, 0x29, 0x9c, 0x40, 0x19, 0xcc, 0x41,
    0xc0, 0x17, 0x99, 0x48, 0x4, 0x33, 0x20, 0xb9,
    0x2f, 0xff, 0x70, 0x2, 0xdd, 0x80, 0x74, 0x82,
    0x4, 0xd, 0x40, 0x2, 0x90, 0x1, 0x18, 0x2b,
    0x88, 0xd, 0x10, 0xf, 0x88, 0x7, 0x4b, 0x80,
    0x9, 0xa4, 0x0, 0x20, 0x1c, 0xe5, 0x20, 0x14,
    0x21, 0x80, 0x7d, 0x94, 0x20, 0x10, 0xbb, 0x80,

    /* U+7A0B "程" */
    0x0, 0xe2, 0x0, 0xff, 0x8d, 0xaf, 0xb0, 0x7b,
    0xff, 0xc8, 0x9, 0x3c, 0x8d, 0xc2, 0x19, 0xff,
    0x84, 0x0, 0x95, 0x5, 0xa0, 0x1f, 0xfc, 0x1,
    0x11, 0x90, 0x80, 0x7f, 0x9f, 0xb8, 0x31, 0xca,
    0x19, 0xff, 0x84, 0x0, 0xff, 0xa1, 0x3e, 0xbf,
    0xdd, 0xe4, 0x0, 0xa8, 0x24, 0x9, 0x13, 0xf0,
    0x0, 0x58, 0x82, 0x9b, 0xba, 0xaa, 0x77, 0x34,
    0x1, 0x2e, 0x12, 0xe3, 0x77, 0xd, 0xdd, 0x20,
    0x4f, 0x0, 0x7e, 0xa4, 0x50, 0x91, 0x40, 0xb,
    0x71, 0x0, 0x10, 0x66, 0x41, 0x39, 0x87, 0xb,
    0x80, 0xe, 0xee, 0x86, 0xfb, 0x8e, 0x4, 0x1,
    0xff, 0xc8, 0x2f, 0xfc, 0x37, 0xff, 0x18,

    /* U+7A7A "空" */
    0x0, 0xf1, 0x0, 0x7f, 0xf0, 0x13, 0x48, 0x3,
    0xc6, 0x89, 0x80, 0x18, 0x89, 0xc7, 0xb3, 0x3c,
    0x0, 0x99, 0xd5, 0xa1, 0x3b, 0xbb, 0xfb, 0x77,
    0x58, 0x6, 0x2d, 0x60, 0x6, 0xd9, 0x80, 0xe,
    0xde, 0x36, 0x98, 0x1, 0xb9, 0xb8, 0xda, 0x58,
    0x5a, 0xe0, 0x19, 0xfa, 0xf1, 0xda, 0xb5, 0x5d,
    0xfe, 0xe, 0x71, 0x6e, 0xed, 0x15, 0xdd, 0x78,
    0x80, 0xe, 0x67, 0xc, 0x4c, 0xd0, 0x1, 0xff,
    0xd2, 0x78, 0x8e, 0x1b, 0x88, 0xe7, 0x0, 0xf3,
    0xb0, 0x7, 0x80,

    /* U+7A97 "窗" */
    0x0, 0xf2, 0x80, 0x7f, 0xf0, 0x6d, 0xc0, 0x3d,
    0xdf, 0xfc, 0x31, 0xff, 0xd2, 0x17, 0xfe, 0x8c,
    0xff, 0x4c, 0xbf, 0xca, 0x12, 0xed, 0xba, 0x10,
    0x3, 0xf7, 0x23, 0x34, 0x77, 0xfd, 0x57, 0x60,
    0x18, 0xf0, 0x80, 0x6a, 0x5e, 0xe3, 0x3e, 0x65,
    0xa9, 0x8, 0x4, 0x3d, 0x93, 0xdd, 0xc4, 0x1,
    0x84, 0x86, 0x0, 0x31, 0x18, 0x7, 0xe, 0x9c,
    0x43, 0xb4, 0x3, 0xe4, 0x86, 0xcb, 0xa, 0x0,
    0xf9, 0x5a, 0xa9, 0xc0, 0xa0, 0x1f, 0xb, 0x6b,
    0xdb, 0x60, 0x80, 0x70, 0xaf, 0x72, 0xd2, 0xbc,
    0x4c, 0x3, 0x14, 0xaf, 0xee, 0xdd, 0xa2, 0x1,
    0x37, 0x6e, 0xfe, 0xf6, 0x0,

    /* U+7AD6 "竖" */
    0x0, 0xff, 0xe2, 0x9f, 0x1, 0x78, 0x77, 0xff,
    0x84, 0x3, 0xf5, 0x7, 0x74, 0xc6, 0x20, 0x1f,
    0x90, 0xe4, 0x49, 0xa0, 0x3, 0xfd, 0xf, 0x1a,
    0x88, 0x0, 0xff, 0x20, 0xb8, 0xd0, 0x7, 0xf9,
    0x6c, 0x40, 0x18, 0xc2, 0x0, 0x29, 0x0, 0x92,
    0x91, 0xbe, 0x4a, 0x78, 0x40, 0x5c, 0xd, 0x10,
    0xb, 0x20, 0xdd, 0xc, 0x20, 0x2, 0x21, 0xc9,
    0x32, 0x11, 0x46, 0xb2, 0x0, 0x5d, 0xde, 0x61,
    0xdd, 0xe7, 0x0, 0x2f, 0xf9, 0x2b, 0xff, 0x61,
    0x7f, 0x9c, 0x3, 0x8e, 0x40, 0x35, 0xb0, 0x7,
    0x8, 0xd8, 0xe2, 0x39, 0xf8, 0x46, 0x1, 0xee,
    0xad, 0x3b, 0xb0, 0x57, 0x74, 0x40,

    /* U+7AEF "端" */
    0x0, 0x2d, 0x80, 0x13, 0x40, 0x1e, 0x0, 0x3e,
    0x0, 0x95, 0x48, 0x1, 0xff, 0xc, 0x41, 0x32,
    0x8, 0x3, 0xf8, 0xce, 0x13, 0x30, 0x17, 0x70,
    0x3b, 0x9a, 0x0, 0x2e, 0x9b, 0xfd, 0x6d, 0xcc,
    0x6e, 0x66, 0x0, 0x6a, 0x1, 0xf6, 0xe6, 0x5b,
    0x99, 0x98, 0x37, 0xc3, 0xb7, 0xb7, 0x56, 0x1b,
    0xb9, 0xc1, 0x88, 0x15, 0xcc, 0x44, 0x44, 0x11,
    0x80, 0x40, 0x98, 0x8, 0x8f, 0xb9, 0x5, 0xba,
    0xcc, 0x8, 0x9, 0x89, 0x80, 0x1b, 0x83, 0xcf,
    0x38, 0x3, 0x6c, 0x95, 0xe8, 0x7, 0xf1, 0x6e,
    0x2b, 0x69, 0x0, 0x7f, 0x14, 0x76, 0xcb, 0x78,
    0x7, 0xf9, 0x44, 0x3, 0xf9, 0xb8, 0x84, 0x3,
    0xcf, 0x21, 0xe1, 0x8b, 0xda, 0x0,

    /* U+7B26 "符" */
    0x0, 0x98, 0x3, 0x94, 0x80, 0x3e, 0x58, 0x0,
    0xea, 0x60, 0xf, 0xac, 0x7f, 0xec, 0x70, 0xbf,
    0xfc, 0x40, 0xa3, 0xa3, 0x1d, 0xf1, 0x38, 0x15,
    0xdc, 0x20, 0xb9, 0x28, 0xb1, 0xf5, 0x63, 0x8c,
    0x11, 0x0, 0x31, 0x83, 0x78, 0x32, 0x80, 0xe,
    0x42, 0x1, 0x10, 0x43, 0x10, 0x7, 0xa, 0x18,
    0x6, 0x37, 0x59, 0xff, 0xee, 0xd, 0xf1, 0x1,
    0xe0, 0xc8, 0xdd, 0xec, 0xb, 0xd1, 0xd, 0x63,
    0x1, 0x17, 0x11, 0x60, 0x62, 0x0, 0x4d, 0x80,
    0x46, 0x10, 0x1, 0xf9, 0x40, 0x3b, 0x9d, 0x0,
    0x3f, 0xf8, 0x25, 0x4a, 0x1, 0xff, 0xc2, 0x50,
    0x22, 0x1, 0x80, 0x7f, 0xd5, 0xb8, 0x82, 0x1,
    0xd8, 0x80, 0x1a, 0xff, 0xd6, 0x1, 0x0,

    /* U+7B2C "第" */
    0x0, 0x90, 0x40, 0x31, 0x90, 0x7, 0xc3, 0x66,
    0x1, 0xb5, 0xc0, 0x3e, 0xb0, 0xdf, 0xee, 0x30,
    0xd7, 0xfb, 0xb8, 0x20, 0xc9, 0xd2, 0x7d, 0xf1,
    0x3e, 0xaa, 0xee, 0x8, 0x6e, 0x85, 0x94, 0x9,
    0xd8, 0x2c, 0xc0, 0x35, 0xef, 0xf9, 0xbf, 0x1b,
    0xfd, 0xcd, 0xa0, 0x1b, 0xbf, 0xf2, 0x47, 0xfd,
    0x40, 0x1c, 0x2a, 0x67, 0x2e, 0x99, 0xc4, 0x1,
    0xcf, 0x5d, 0xd0, 0xaf, 0x75, 0x4e, 0x1, 0xbd,
    0xf7, 0x64, 0x8d, 0xdd, 0x40, 0x19, 0x9f, 0xfe,
    0x48, 0xff, 0xe4, 0x0, 0xbb, 0xac, 0x0, 0x3f,
    0x76, 0x7, 0x0, 0x84, 0x49, 0xd6, 0x9e, 0x23,
    0x18, 0x10, 0x4, 0x35, 0xd8, 0x80, 0x12, 0x1d,
    0x8, 0x80, 0xd, 0x5d, 0x62, 0x1, 0xb3, 0xd2,
    0x80, 0x26, 0xb4, 0x0, 0xad, 0xc2, 0x33, 0x8,
    0x0,

    /* U+7B49 "等" */
    0x0, 0x94, 0x3, 0x94, 0x80, 0x3e, 0x7b, 0x11,
    0x80, 0xa9, 0x84, 0x70, 0x0, 0xa0, 0x7b, 0xb7,
    0x85, 0xf7, 0x63, 0x1f, 0x5f, 0x1b, 0xf7, 0xf,
    0xe1, 0xcf, 0xf1, 0x85, 0x50, 0x29, 0x80, 0xc4,
    0x6, 0x80, 0x30, 0xbc, 0xf5, 0x67, 0x29, 0xf7,
    0x2b, 0x6c, 0x3, 0x46, 0x66, 0x52, 0xcc, 0xd4,
    0x0, 0x14, 0x56, 0x6c, 0xe4, 0xcd, 0x95, 0x4,
    0xa6, 0x7c, 0x41, 0x35, 0x73, 0x32, 0x1e, 0xef,
    0xbf, 0xdb, 0x41, 0xbb, 0x28, 0x4f, 0xff, 0xeb,
    0xf, 0xf7, 0x0, 0x23, 0xb0, 0xab, 0xbb, 0x50,
    0x77, 0x3c, 0x0, 0x22, 0x3b, 0xa7, 0x11, 0xc0,
    0x23, 0x0, 0x73, 0x5c, 0x8, 0xe0, 0xf, 0xf2,
    0x70, 0xdf, 0x53, 0x0, 0x7f, 0xf0, 0x2b, 0xfd,
    0x20, 0x18,

    /* U+7B7E "签" */
    0x0, 0xb, 0x0, 0x73, 0x8, 0x7, 0xcf, 0x60,
    0x19, 0x64, 0x3, 0xf4, 0x97, 0xfd, 0x54, 0xe,
    0xff, 0xc0, 0x7, 0x2f, 0x2a, 0xf2, 0x27, 0xf0,
    0xdf, 0xf8, 0xa, 0x24, 0x2b, 0xc0, 0x88, 0x3,
    0x30, 0x1, 0x16, 0x20, 0x3d, 0xd9, 0x8e, 0x85,
    0xf0, 0x3, 0x18, 0x1, 0xfc, 0xf3, 0x5, 0xee,
    0x1, 0xc2, 0xfb, 0x51, 0x66, 0x6b, 0x8b, 0xe8,
    0x20, 0x2e, 0xc9, 0xea, 0xff, 0xd5, 0xd4, 0x58,
    0x44, 0xeb, 0x53, 0xcc, 0x5e, 0x64, 0x44, 0xae,
    0x20, 0x10, 0xf4, 0x0, 0x52, 0x80, 0x16, 0xc0,
    0x3d, 0x74, 0x0, 0x88, 0x0, 0x22, 0x0, 0x1e,
    0x52, 0x60, 0x51, 0x13, 0x8a, 0x80, 0x70, 0x8b,
    0x9c, 0x45, 0xa5, 0x10, 0x11, 0x0, 0x5f, 0xdc,
    0xde, 0xed, 0x81, 0x7d, 0xcf, 0x0,

    /* U+7B80 "简" */
    0x0, 0x94, 0x40, 0x31, 0x90, 0x7, 0x8e, 0x80,
    0x3b, 0x94, 0x3, 0xd0, 0x1d, 0xfe, 0xd6, 0x28,
    0xff, 0xb8, 0x19, 0x7e, 0xf, 0xfd, 0x35, 0xea,
    0xaf, 0xe0, 0xcd, 0x27, 0x50, 0x39, 0x50, 0xb0,
    0xd, 0x4f, 0xa7, 0xdb, 0x97, 0xba, 0xc7, 0xf3,
    0x1, 0x38, 0xf5, 0x99, 0xf8, 0x1c, 0xa, 0x5f,
    0x49, 0x13, 0xe1, 0x0, 0xe1, 0xfe, 0xed, 0xe0,
    0x1f, 0xee, 0xec, 0x1, 0xff, 0x77, 0x5e, 0x1,
    0xff, 0x77, 0x5e, 0x1, 0xff, 0x66, 0x60, 0xf,
    0xf6, 0xf7, 0x6d, 0x0, 0xfe, 0x22, 0xf7, 0x79,
    0xa8, 0x1f, 0x0, 0x7e, 0xef, 0xd1,

    /* U+7B97 "算" */
    0x0, 0x88, 0x3, 0x88, 0x40, 0x3e, 0x6c, 0x10,
    0xd, 0x8c, 0x1, 0xe2, 0x91, 0xef, 0xf6, 0xc8,
    0xc7, 0xfe, 0x51, 0xc6, 0xf4, 0x7f, 0xa7, 0xdf,
    0x64, 0xff, 0x28, 0xc4, 0xd3, 0xa5, 0x61, 0x45,
    0x13, 0x40, 0x4, 0xc0, 0xb1, 0xd1, 0x3d, 0x10,
    0x95, 0x50, 0x7, 0xa3, 0xbb, 0xe5, 0x0, 0xfa,
    0x3b, 0xbe, 0x50, 0xf, 0xba, 0x23, 0xe4, 0x0,
    0xfc, 0x67, 0xf0, 0x7, 0xd9, 0x2c, 0x35, 0x50,
    0x37, 0xf8, 0x2, 0x33, 0x0, 0x5e, 0x1, 0xe1,
    0x31, 0x17, 0xfd, 0x81, 0x5f, 0xf3, 0x7, 0xfc,
    0xe3, 0x9a, 0x83, 0x7b, 0x99, 0x49, 0x66, 0x4c,
    0xd, 0x81, 0xe8, 0x1, 0xff, 0x36, 0xc0, 0x80,
    0x73, 0x68, 0x6,

    /* U+7BA1 "管" */
    0x0, 0x9, 0x80, 0x71, 0x8, 0x7, 0xd3, 0x0,
    0x1d, 0xee, 0x1, 0xf3, 0xa7, 0xfb, 0xad, 0xa,
    0x7f, 0xba, 0x10, 0x93, 0xf9, 0x4e, 0xb9, 0x97,
    0xb3, 0xf7, 0x4, 0x7, 0x81, 0xb4, 0x29, 0x18,
    0x23, 0xc0, 0x35, 0xef, 0xfa, 0x7d, 0x5b, 0xfd,
    0xd3, 0xf4, 0x0, 0x71, 0xff, 0xff, 0x30, 0x4,
    0xc8, 0xff, 0xff, 0xab, 0xf4, 0x0, 0x54, 0x9,
    0xff, 0xe8, 0x6, 0x70, 0xe, 0x4c, 0xcf, 0x48,
    0x7, 0xe3, 0xdd, 0xf7, 0xd0, 0x7, 0xc7, 0xff,
    0xf7, 0x38, 0x7, 0x8f, 0xbb, 0xe4, 0xf0, 0xf,
    0x38, 0x7, 0xff, 0xd, 0x3f, 0xfe, 0x50, 0xf,
    0x3f, 0xff, 0xf4, 0x0, 0x0,

    /* U+7BAD "箭" */
    0x0, 0x8c, 0x3, 0x8c, 0x40, 0x3e, 0x2c, 0x41,
    0x18, 0x31, 0xc4, 0x70, 0x5, 0xc1, 0x7d, 0xcd,
    0x70, 0x9e, 0xec, 0x21, 0x23, 0xf4, 0x5f, 0x10,
    0xbf, 0x64, 0xff, 0x8, 0xf, 0x86, 0xc0, 0x2d,
    0xa2, 0x7, 0x40, 0x35, 0x1, 0x2c, 0x11, 0xb1,
    0xd8, 0x21, 0x10, 0xb, 0xfe, 0x32, 0xff, 0xb4,
    0x17, 0xfe, 0x32, 0xda, 0x56, 0x76, 0x8d, 0xef,
    0xdd, 0x36, 0x18, 0x2, 0x3, 0xfc, 0xbc, 0xd,
    0x60, 0x28, 0x1, 0xe2, 0x28, 0x3, 0xff, 0x80,
    0x79, 0x83, 0x0, 0xff, 0xe0, 0x6d, 0x51, 0x40,
    0x3f, 0xf8, 0x17, 0x32, 0x50, 0x1, 0x90, 0x7,
    0xef, 0xaa, 0x40, 0x82, 0xc8, 0x7, 0xfb, 0xa3,
    0x0, 0x7, 0xfc, 0x62, 0x1, 0x79, 0x7, 0x7b,
    0x0, 0xf, 0xbf, 0x0, 0x0,

    /* U+7C7B "类" */
    0x0, 0x9c, 0x80, 0x15, 0x20, 0x3, 0x90, 0xf,
    0xe, 0x10, 0x6, 0x1d, 0xe0, 0xc, 0x24, 0x8e,
    0x84, 0xc4, 0x47, 0x72, 0x91, 0x0, 0x1b, 0xb3,
    0x4e, 0x9a, 0x6c, 0xb6, 0xeb, 0x0, 0x19, 0xff,
    0x58, 0x80, 0x6, 0x3f, 0xee, 0x0, 0xc3, 0x53,
    0xaa, 0xd9, 0xbc, 0xc0, 0x19, 0x2b, 0xcb, 0x4c,
    0x0, 0x55, 0x98, 0xd4, 0x0, 0x1e, 0x74, 0x0,
    0xb, 0x80, 0x5, 0x5c, 0x20, 0x7, 0x60, 0xc,
    0xa0, 0x1c, 0x6a, 0x0, 0xef, 0xfe, 0x28, 0xff,
    0xf0, 0x3, 0x37, 0x71, 0x80, 0x17, 0x77, 0x80,
    0x4, 0x5a, 0x8f, 0x35, 0x2c, 0x8b, 0x0, 0x44,
    0xfa, 0xd6, 0x65, 0x89, 0xd0, 0x60, 0x17, 0x6d,
    0xdb, 0x90, 0x0, 0x5b, 0x9, 0x9e, 0x21, 0x9f,
    0x8c, 0x1, 0xe6, 0xcf, 0xd1,

    /* U+7C89 "粉" */
    0x0, 0xb8, 0xc0, 0x34, 0x91, 0xc8, 0x4, 0x36,
    0x1, 0x4c, 0x0, 0xb1, 0x93, 0x0, 0x42, 0xc2,
    0x0, 0x4b, 0x6, 0x31, 0x11, 0xb0, 0x4, 0xe8,
    0xa, 0x26, 0x13, 0x20, 0x4, 0xc0, 0x5, 0x8,
    0x7, 0xc1, 0x44, 0xa0, 0x5, 0x3a, 0x5, 0xce,
    0x1a, 0xcb, 0x58, 0x22, 0xd6, 0xab, 0x64, 0x5,
    0x64, 0x2d, 0xee, 0xe9, 0xa5, 0x2, 0xc0, 0xa2,
    0x3a, 0xf4, 0x8f, 0xe0, 0x40, 0x1, 0xb0, 0x9d,
    0x0, 0x4c, 0x40, 0x10, 0x80, 0x22, 0xc3, 0xdd,
    0x0, 0x88, 0x80, 0x60, 0x12, 0xa9, 0x80, 0x18,
    0x81, 0x48, 0x20, 0xc2, 0x0, 0x6b, 0x0, 0x84,
    0x9, 0xe0, 0x0, 0x44, 0x0, 0x1a, 0x80, 0x63,
    0xf7, 0x31, 0xd, 0x50, 0xf, 0xd3, 0x50, 0x15,
    0xeb, 0x40, 0x1d, 0xc6, 0x14, 0xe0, 0xb, 0xfe,
    0x30, 0x0,

    /* U+7C97 "粗" */
    0x17, 0xd, 0x52, 0x75, 0xff, 0xea, 0x1, 0x91,
    0x0, 0x2f, 0x1, 0x77, 0x4a, 0x1, 0x22, 0x0,
    0x19, 0xa0, 0x23, 0x8c, 0x2, 0xdd, 0x1, 0xb2,
    0x0, 0x7f, 0x2c, 0x98, 0x70, 0x0, 0xea, 0xa6,
    0x0, 0x2e, 0xf0, 0xce, 0x58, 0x3, 0x76, 0x0,
    0x97, 0xac, 0x17, 0xac, 0xd, 0xde, 0x60, 0x8,
    0x70, 0x14, 0xc0, 0x3f, 0xe6, 0x25, 0xf0, 0x1,
    0xa2, 0x4e, 0x1, 0x3b, 0x83, 0xda, 0x0, 0x13,
    0x30, 0x80, 0x6, 0x6c, 0x1, 0x32, 0x3, 0xdd,
    0x98, 0x0, 0xee, 0x20, 0x1, 0x8, 0x7, 0xe6,
    0x80, 0xe, 0x31, 0x0, 0x8c, 0x2, 0x10, 0x8,
    0x7e, 0x4b, 0xfe, 0x55, 0x78,

    /* U+7CBE "精" */
    0x0, 0xff, 0xe2, 0x88, 0xbc, 0x8, 0x3, 0x71,
    0x80, 0x76, 0x0, 0x58, 0x9d, 0xd0, 0xe7, 0x73,
    0x0, 0xe, 0x80, 0x89, 0x66, 0xe8, 0x27, 0x76,
    0x0, 0x66, 0x3, 0x78, 0x2a, 0xa0, 0xaa, 0x94,
    0x4, 0xfc, 0x31, 0xd7, 0xfb, 0x80, 0xfd, 0xc3,
    0x24, 0xa9, 0xa, 0xe0, 0xd, 0x18, 0x1, 0x1a,
    0xfb, 0x7, 0x6a, 0xb2, 0xaf, 0x23, 0x88, 0x1,
    0x2, 0xc0, 0x11, 0x9d, 0xdb, 0x10, 0x0, 0x46,
    0xc, 0x80, 0x7, 0xcc, 0xc4, 0x1, 0x5b, 0x7,
    0xc8, 0x1, 0xb7, 0x71, 0x0, 0x5, 0xe8, 0xf,
    0xc0, 0xf, 0xbb, 0x88, 0x0, 0x8c, 0x60, 0x2,
    0x0, 0x3e, 0xee, 0x20, 0x2, 0xc0, 0x7, 0x9f,
    0x77, 0x10, 0x7, 0xff, 0x6, 0x7c, 0x14, 0x2,
    0x1f, 0x0, 0xa6, 0x0, 0x13, 0xfa, 0x20,

    /* U+7CFB "系" */
    0x0, 0xff, 0x8c, 0x3, 0x9, 0x1a, 0x33, 0xcd,
    0xef, 0xe3, 0x80, 0x5f, 0x9d, 0x13, 0x1, 0xb3,
    0xbe, 0xe0, 0x17, 0x73, 0x64, 0x6e, 0x59, 0x54,
    0x1, 0xf4, 0x43, 0x10, 0x13, 0xf4, 0x3, 0x87,
    0xdc, 0x7b, 0x9f, 0x76, 0xa0, 0xe, 0x16, 0xa8,
    0xb1, 0x4e, 0x59, 0x20, 0xe, 0x96, 0xfa, 0xbb,
    0x8, 0x7e, 0x10, 0x4, 0xbf, 0x8c, 0xbb, 0x57,
    0x96, 0x3a, 0x20, 0xa, 0x5, 0x4f, 0x25, 0xff,
    0xcb, 0x60, 0xf, 0xfb, 0x1f, 0xc5, 0x2, 0x82,
    0xe4, 0x2, 0x4a, 0x0, 0xe2, 0x4c, 0x3, 0x0,
    0x3d, 0xca, 0x80, 0x61, 0xc7, 0xc2, 0x5, 0x8a,
    0x61, 0x22, 0x0, 0x6b, 0x7f, 0x5, 0xe5, 0x7,
    0xd9, 0x70, 0xd, 0x58, 0x0, 0x10, 0x3, 0x7f,
    0xa4, 0x3, 0x84, 0x0,

    /* U+7D20 "素" */
    0x0, 0xfb, 0x98, 0x3, 0xe7, 0xee, 0xe1, 0x9e,
    0xee, 0x30, 0x7c, 0xaa, 0xc0, 0xd5, 0x5b, 0xcc,
    0x0, 0xf9, 0x98, 0x1f, 0x33, 0x18, 0x1c, 0xe0,
    0x8e, 0x1, 0x1e, 0xb9, 0x1f, 0xfd, 0xcc, 0x93,
    0xff, 0xd8, 0x4c, 0xd7, 0x4c, 0x5b, 0x1d, 0x93,
    0x31, 0x40, 0xb, 0xee, 0x75, 0xfe, 0xa8, 0x40,
    0xe, 0x4c, 0xdb, 0x3, 0xaf, 0x7d, 0x40, 0xc,
    0xb1, 0xb7, 0x52, 0xc, 0xa3, 0x6c, 0x0, 0x9b,
    0x43, 0x6d, 0xaa, 0x8, 0xa6, 0x50, 0x81, 0x3f,
    0x63, 0x34, 0xcc, 0x7f, 0xc4, 0xf4, 0x5, 0xc9,
    0xe3, 0x10, 0xa, 0x7f, 0x2c, 0x87, 0xa7, 0x4e,
    0xb9, 0xf0, 0x0, 0xdc, 0x4e, 0x36, 0xa0, 0xb,
    0xfe, 0x50, 0xd, 0xa,

    /* U+7D22 "索" */
    0x0, 0xfb, 0x9c, 0x3, 0xf7, 0xff, 0x86, 0x3f,
    0xfa, 0x0, 0x1f, 0xfe, 0x18, 0xff, 0xe8, 0x0,
    0x3c, 0x47, 0xc, 0x47, 0xc0, 0x8, 0x10, 0x9,
    0x5, 0xc0, 0x30, 0xb8, 0x5, 0x51, 0x0, 0x1d,
    0x89, 0x1a, 0x8a, 0x0, 0xa0, 0x93, 0x7, 0xc2,
    0xbc, 0xc, 0xa, 0x0, 0xe, 0x16, 0x4b, 0xb8,
    0xb9, 0xe, 0x2, 0xe0, 0x10, 0xeb, 0xb, 0x6f,
    0x90, 0x56, 0x0, 0x63, 0xfd, 0x70, 0x4d, 0xfe,
    0xc0, 0x3c, 0x0, 0x89, 0xee, 0xbf, 0x19, 0x7b,
    0x37, 0xd0, 0xc0, 0x3, 0x7, 0x62, 0x20, 0x9,
    0xbe, 0x20, 0x60, 0x4, 0xdb, 0xc2, 0x10, 0x30,
    0x7c, 0x3e, 0x40, 0x1, 0x56, 0x15, 0xf3, 0xe0,
    0x0, 0xae, 0x8, 0x0, 0xce, 0x0, 0xaf, 0xe5,
    0x0, 0xcc, 0xc0,

    /* U+7D27 "紧" */
    0x0, 0xff, 0xe1, 0x97, 0x1, 0xe8, 0x7f, 0xfc,
    0x20, 0x1f, 0x79, 0x3f, 0x70, 0xd4, 0x40, 0x3f,
    0x73, 0xb6, 0x95, 0x80, 0x7f, 0x10, 0x41, 0xd0,
    0x80, 0x4a, 0x1, 0x2e, 0x70, 0x5, 0x79, 0x0,
    0x56, 0x0, 0x2a, 0x36, 0xcf, 0xd5, 0x32, 0x0,
    0xd4, 0xd, 0xd2, 0xf2, 0x55, 0xf6, 0x1, 0x7b,
    0xa, 0x77, 0xce, 0x90, 0x0, 0x40, 0x2b, 0xc9,
    0x1, 0x9d, 0x4e, 0xa0, 0xc, 0x7d, 0x90, 0x96,
    0xc, 0xea, 0xae, 0x0, 0xe, 0x28, 0x99, 0x54,
    0xf0, 0x7c, 0x9c, 0x0, 0xff, 0x22, 0xdd, 0x86,
    0xb, 0xd3, 0x60, 0x6, 0x3c, 0xe4, 0x4, 0x0,
    0xbf, 0x92, 0x20, 0xe5, 0x92, 0x7f, 0x48, 0x0,
    0x6f, 0x34, 0x6, 0xa2, 0x3, 0xff, 0x50, 0x4,
    0x34, 0xa0,

    /* U+7D2B "紫" */
    0x0, 0x20, 0x35, 0x80, 0x7, 0xc4, 0x5, 0xcc,
    0x0, 0x54, 0x0, 0x4e, 0xe2, 0x84, 0xdf, 0x63,
    0x80, 0x78, 0xbf, 0xca, 0x5, 0xfe, 0xb6, 0x0,
    0xf0, 0x9a, 0x90, 0x5a, 0x0, 0x39, 0x46, 0x7,
    0x24, 0xfe, 0x4, 0xbf, 0xba, 0x24, 0x30, 0x88,
    0x6f, 0xd9, 0xe, 0xed, 0x98, 0xe1, 0x2a, 0x74,
    0x6c, 0xdc, 0x36, 0xd4, 0x22, 0x0, 0x61, 0xfb,
    0x35, 0xdf, 0x9a, 0x60, 0xf, 0xb, 0xdc, 0x90,
    0xcf, 0xae, 0x48, 0x7, 0xb6, 0x64, 0xb4, 0x6c,
    0xc4, 0x6d, 0x0, 0xdf, 0x44, 0x45, 0xba, 0xf0,
    0xfa, 0x1b, 0x0, 0xbb, 0x52, 0x72, 0xc6, 0x4e,
    0x83, 0x3c, 0x0, 0x77, 0x9a, 0x80, 0x20, 0x4,
    0xfe, 0xd0, 0x9, 0x37, 0x99, 0x7e, 0x90, 0x0,
    0x77, 0x4, 0x0, 0x77, 0x0, 0x17, 0xfd, 0x40,
    0x19, 0x58, 0x0,

    /* U+7E41 "繁" */
    0x0, 0x2a, 0x80, 0x3d, 0x22, 0x1, 0xea, 0xa6,
    0xee, 0x53, 0x66, 0xe2, 0x9, 0x5f, 0xdd, 0xcb,
    0xa1, 0x13, 0x33, 0x9, 0xae, 0xea, 0xfe, 0x90,
    0x4f, 0xf0, 0x7d, 0x6, 0x87, 0x6f, 0x64, 0x89,
    0x40, 0xbf, 0x0, 0x15, 0x8d, 0x5e, 0x4b, 0xfa,
    0xfd, 0x1b, 0x0, 0x54, 0x75, 0x4e, 0x5b, 0x94,
    0xe1, 0x8, 0x10, 0x1, 0x9b, 0x2e, 0x16, 0x62,
    0x63, 0xb8, 0x5c, 0x80, 0x5f, 0x90, 0xeb, 0x91,
    0x72, 0x3, 0x5c, 0x80, 0x17, 0xda, 0x23, 0xbf,
    0x61, 0x80, 0x2, 0x1, 0xb6, 0x94, 0xdf, 0x69,
    0xb7, 0xd0, 0x2, 0x1f, 0xda, 0x53, 0x7d, 0xce,
    0x2, 0xb6, 0x0, 0xc, 0x63, 0x57, 0x48, 0x6f,
    0xe7, 0xf2, 0x0, 0xb, 0xf8, 0x10, 0x3, 0x10,
    0xfd, 0x30, 0x1, 0x43, 0xe5, 0x3e, 0x50, 0x5,
    0xb7, 0xb0, 0x0, 0xf0, 0x40, 0xbf, 0xeb, 0x0,
    0xcb, 0x0,

    /* U+7EA2 "红" */
    0x0, 0x8d, 0x40, 0x3f, 0xf8, 0x5f, 0x80, 0x24,
    0x5f, 0x8, 0x4, 0x87, 0x0, 0xfb, 0xbf, 0x80,
    0x29, 0x71, 0x13, 0x7f, 0xc1, 0x3f, 0xec, 0x0,
    0x38, 0x40, 0xf1, 0x80, 0x42, 0x1, 0xc9, 0xa,
    0xfc, 0xa6, 0x1, 0xfd, 0xa0, 0x70, 0x16, 0x1,
    0xfe, 0x9f, 0x80, 0xc1, 0x0, 0xff, 0x8b, 0x64,
    0xc0, 0x3f, 0xe3, 0xd1, 0xdd, 0x79, 0x80, 0x7f,
    0x30, 0x36, 0xcf, 0x18, 0x7, 0xf2, 0xfc, 0xb2,
    0x8, 0x7, 0xff, 0x0, 0xda, 0xb4, 0x80, 0x3f,
    0x9f, 0xf2, 0x8a, 0x21, 0xff, 0xc, 0xff, 0xc4,
    0xb9, 0xf9, 0xb, 0x19, 0x9f, 0x88,

    /* U+7EA6 "约" */
    0x0, 0xfe, 0x10, 0xf, 0xcd, 0xa0, 0x11, 0xf0,
    0x7, 0xeb, 0xa0, 0xa, 0xd4, 0x3, 0xe6, 0x7,
    0x0, 0x9c, 0xd1, 0x26, 0x30, 0x4, 0x48, 0x41,
    0x28, 0x24, 0xcf, 0x5, 0x22, 0x19, 0x87, 0x10,
    0xdd, 0xce, 0x6a, 0xb7, 0xcd, 0x10, 0xb8, 0x6,
    0x10, 0x4c, 0xf5, 0x64, 0x3c, 0xd7, 0x0, 0xc2,
    0x23, 0x76, 0x90, 0xb, 0xe6, 0x0, 0x7, 0xe1,
    0x50, 0xd7, 0xb0, 0x5, 0x8c, 0xc0, 0x10, 0x25,
    0x3d, 0xff, 0x40, 0x0, 0xa8, 0xc1, 0xc4, 0xbf,
    0x1d, 0x8, 0x3, 0x22, 0x80, 0x90, 0x12, 0x3d,
    0x6d, 0x80, 0x78, 0x9d, 0x36, 0x3b, 0x3a, 0xc0,
    0x22, 0x16, 0x3, 0x4f, 0xc9, 0x63, 0x0, 0x87,
    0x7a, 0x60, 0x3, 0xfc, 0x3f, 0xf3, 0x80,

    /* U+7EA7 "级" */
    0x0, 0xff, 0xe3, 0xc4, 0x0, 0x3f, 0xf8, 0x4d,
    0xa1, 0x3f, 0xfe, 0x40, 0xc, 0xc6, 0xa1, 0xe8,
    0x0, 0x42, 0x5, 0x0, 0xd1, 0x20, 0x6, 0xb2,
    0xab, 0x82, 0x10, 0xa, 0x11, 0x3, 0xa2, 0x6,
    0x21, 0x8a, 0x1, 0x23, 0x49, 0xeb, 0x88, 0xb,
    0x83, 0xe8, 0x4, 0xe3, 0xb8, 0x76, 0x2, 0xa,
    0x43, 0x5f, 0x40, 0x7d, 0xe3, 0x42, 0x4, 0x1a,
    0x5f, 0xe3, 0xd0, 0x0, 0xd3, 0xb9, 0x81, 0x85,
    0x8, 0x4, 0xd4, 0x1, 0xa8, 0xf9, 0xe1, 0xa8,
    0xf0, 0x12, 0x84, 0x8, 0x4d, 0xbd, 0x20, 0x99,
    0x28, 0xee, 0x80, 0x2, 0x7c, 0x9a, 0x4a, 0x1a,
    0xc, 0x41, 0xc, 0x2, 0x28, 0xea, 0x1c, 0x22,
    0x6, 0x82, 0x88, 0x0, 0xf4, 0xef, 0xa5, 0xac,
    0xb5, 0xf9, 0x3d, 0x0, 0xfa, 0xd4, 0x18, 0xd7,
    0x53, 0x6, 0x9a, 0xc8, 0x4, 0x2, 0x7c, 0x3e,
    0x90, 0xa, 0x38, 0x80,

    /* U+7EAC "纬" */
    0x0, 0xa1, 0x80, 0x31, 0x78, 0x80, 0x7c, 0xca,
    0x2, 0x44, 0x70, 0x52, 0x28, 0x2, 0x65, 0x30,
    0x7d, 0xd5, 0x5, 0xee, 0xa4, 0x2, 0x88, 0x14,
    0xb7, 0xfb, 0x43, 0xbf, 0xd6, 0x0, 0x87, 0x38,
    0x10, 0x33, 0x38, 0x29, 0x98, 0x0, 0x6e, 0xde,
    0xb0, 0x39, 0x8a, 0xb, 0xcc, 0x10, 0x14, 0x69,
    0x58, 0xf, 0xfb, 0x43, 0xbf, 0xc4, 0x2, 0xf6,
    0xa8, 0x4, 0x66, 0x40, 0x43, 0x32, 0x0, 0x1d,
    0xbe, 0xa9, 0x1b, 0xa9, 0xa, 0xdd, 0x59, 0xc,
    0xf, 0x7c, 0x57, 0x73, 0x43, 0xba, 0x2, 0x1e,
    0xe4, 0xa9, 0x0, 0x7c, 0x20, 0x10, 0x9b, 0x57,
    0x28, 0x7, 0x13, 0x98, 0x17, 0xf6, 0x64, 0xa0,
    0x1d, 0x37, 0x0, 0x5d, 0xb4, 0xc4, 0x1, 0xeb,
    0xd4, 0x0,

    /* U+7EAF "纯" */
    0x0, 0xff, 0xe3, 0xc4, 0x0, 0x3b, 0x90, 0x3,
    0xe6, 0xd0, 0x12, 0x28, 0x4c, 0x8a, 0x0, 0x98,
    0xd4, 0x1b, 0x76, 0x8, 0xdd, 0x88, 0x1, 0x12,
    0x14, 0xdf, 0xf0, 0xdf, 0xfc, 0x41, 0xa, 0x8e,
    0xc2, 0xe0, 0x1c, 0xc6, 0x6, 0xe9, 0xf1, 0xc1,
    0x4, 0x1, 0xa9, 0x40, 0xe7, 0x92, 0x8, 0x3,
    0xfe, 0x69, 0x7, 0x0, 0xff, 0xe0, 0x3b, 0x8e,
    0xb4, 0xc1, 0x88, 0x4c, 0x8c, 0x0, 0x30, 0x5,
    0x9c, 0x61, 0x7a, 0x11, 0xa0, 0x10, 0xef, 0xd3,
    0x18, 0x7f, 0xc3, 0x7e, 0x60, 0x11, 0x1b, 0x4e,
    0x28, 0x7, 0xb0, 0x44, 0x5f, 0xee, 0xcd, 0x50,
    0xc, 0x64, 0x48, 0x52, 0xfc, 0x85, 0x10, 0xc,
    0xd1, 0xba, 0x34,

    /* U+7EB3 "纳" */
    0x0, 0xff, 0xe3, 0x3b, 0x80, 0x3b, 0x54, 0x3,
    0xd2, 0x60, 0x1f, 0xfc, 0x5, 0x24, 0x0, 0xf0,
    0x80, 0x74, 0x40, 0x35, 0x7f, 0xe2, 0xbf, 0xf5,
    0x3, 0x83, 0xdb, 0xb0, 0xee, 0x82, 0xb5, 0x84,
    0xe0, 0xb5, 0x2c, 0x0, 0x40, 0x5, 0x2e, 0x3,
    0xcf, 0x3a, 0x10, 0x9, 0x1, 0xc0, 0x31, 0xd2,
    0x28, 0x6, 0xd4, 0x82, 0x0, 0xa9, 0x4f, 0x79,
    0xc0, 0x92, 0x1e, 0x40, 0x25, 0x57, 0xfb, 0x9c,
    0x25, 0x4e, 0x53, 0x0, 0x1f, 0x4a, 0x40, 0x1,
    0x2b, 0x1, 0xb3, 0x0, 0x12, 0xce, 0x7a, 0xc,
    0x88, 0x1, 0x3c, 0xf, 0x78, 0x63, 0xd0, 0x3,
    0x8, 0xbc, 0xf, 0xee, 0x10, 0x3, 0xd1, 0xcf,
    0xc0, 0x1e, 0x3e, 0x0, 0xa7, 0xfc, 0xa0,

    /* U+7EB5 "纵" */
    0x0, 0xff, 0xe3, 0xdb, 0x80, 0x17, 0x80, 0x9,
    0xc0, 0x1c, 0x28, 0x80, 0xf, 0x8, 0x7, 0xa1,
    0xc, 0x0, 0x66, 0x0, 0x8c, 0x3, 0xb, 0x41,
    0x38, 0x0, 0x40, 0x6, 0x20, 0x1a, 0xd8, 0xe3,
    0x40, 0x5c, 0x1, 0xe6, 0x1, 0x22, 0xbf, 0xad,
    0x87, 0x88, 0x1, 0x40, 0x32, 0xc6, 0x8c, 0x88,
    0x9, 0x80, 0x1c, 0x3, 0xb, 0xd2, 0xb0, 0x1,
    0x98, 0x0, 0x70, 0x10, 0x9, 0x99, 0xb0, 0xa0,
    0x20, 0xe0, 0x60, 0x80, 0x2, 0x90, 0xd0, 0x62,
    0x1a, 0x94, 0x6, 0xc0, 0x1, 0x5f, 0xdc, 0x1a,
    0x92, 0xa7, 0x9e, 0xb8, 0x4, 0x82, 0xb3, 0x16,
    0xa1, 0x4b, 0x48, 0x8, 0x5, 0x9d, 0x3d, 0xe7,
    0x21, 0x0, 0xc0, 0xd0, 0x7, 0x5d, 0x8f, 0x2c,
    0x26, 0xf6, 0x0, 0x93, 0x41, 0x61, 0x0, 0x6c,
    0x81, 0xda, 0x80, 0x7, 0x50,

    /* U+7EB8 "纸" */
    0x0, 0x84, 0x40, 0x1f, 0x88, 0x3, 0x9b, 0x40,
    0x21, 0x47, 0xae, 0xd5, 0x0, 0xd3, 0x20, 0x7,
    0xf4, 0x62, 0xdf, 0xa8, 0x4, 0xc4, 0xa0, 0x4,
    0x9c, 0xb0, 0x40, 0xe, 0x8f, 0x9, 0x30, 0xe,
    0x30, 0xd, 0x48, 0x2e, 0xe2, 0x0, 0xfe, 0x25,
    0x56, 0x45, 0x8, 0x79, 0x10, 0x1c, 0x88, 0x5,
    0x9e, 0x8c, 0x80, 0x6, 0xdd, 0x5, 0x6e, 0x80,
    0x6, 0xed, 0x20, 0x14, 0xff, 0x8e, 0xbf, 0xc0,
    0x7, 0x86, 0xce, 0x80, 0xc, 0xe6, 0x1, 0xa0,
    0xb6, 0x3a, 0x0, 0x31, 0x70, 0x6, 0xfd, 0x74,
    0x0, 0xf7, 0x98, 0x20, 0x0, 0x52, 0x2f, 0xdc,
    0x2, 0x35, 0x40, 0xf3, 0x37, 0x48, 0xf7, 0x1d,
    0x27, 0xb8, 0x47, 0xa, 0x47, 0xdb, 0x2a, 0x24,
    0xb, 0x9a, 0x3e, 0xc8, 0x20, 0x20, 0x18, 0xbe,
    0x88, 0x0, 0x7d, 0x40,

    /* U+7EBF "线" */
    0x0, 0x99, 0x80, 0x1b, 0x55, 0x94, 0x3, 0xd0,
    0x60, 0x1e, 0x4e, 0xb0, 0xc, 0xa6, 0xa0, 0x18,
    0x40, 0xa7, 0x44, 0x2, 0x88, 0x4, 0x13, 0x49,
    0xd7, 0xe6, 0x90, 0x1, 0xc5, 0x61, 0xf, 0xf8,
    0x17, 0xfa, 0xcc, 0xe, 0xf, 0xdf, 0x86, 0x5d,
    0x8c, 0x9, 0x54, 0x5, 0x3c, 0x6e, 0x40, 0x8c,
    0xd7, 0xe7, 0x10, 0xb, 0x48, 0x40, 0x34, 0x79,
    0x87, 0x72, 0x4c, 0x1, 0xe, 0xec, 0xe6, 0xc9,
    0xe0, 0x10, 0xec, 0x1, 0x73, 0xdf, 0xe0, 0x8,
    0x85, 0x71, 0xa0, 0x7, 0xb1, 0x8d, 0x0, 0x3a,
    0x96, 0x80, 0x22, 0x7c, 0xf8, 0x10, 0x3a, 0x10,
    0x80, 0x70, 0x2d, 0xe9, 0xfc, 0x7c, 0xc1, 0xf1,
    0xe9, 0xc8, 0x17, 0x4a, 0x80, 0x57, 0xd2, 0x3a,
    0xf8, 0xe0,

    /* U+7EC4 "组" */
    0x0, 0x8a, 0x40, 0x3f, 0xf8, 0x54, 0x40, 0x4,
    0xff, 0xf1, 0x0, 0x42, 0xf0, 0x1, 0x17, 0x76,
    0x0, 0xe8, 0x63, 0x10, 0x8, 0x47, 0x0, 0x63,
    0x78, 0xc, 0x60, 0xf, 0xe1, 0xc7, 0x77, 0xb,
    0x1, 0x66, 0x60, 0xe, 0x5b, 0x1e, 0x0, 0xa6,
    0x70, 0x4, 0x3f, 0xa1, 0x44, 0x0, 0x25, 0x5c,
    0x1, 0xd4, 0xaa, 0x0, 0xff, 0xe0, 0x63, 0x7d,
    0x6b, 0x1, 0x16, 0x30, 0xc, 0x66, 0xdc, 0xe6,
    0x0, 0x66, 0x5a, 0x1, 0xbb, 0x94, 0xc6, 0x0,
    0x2e, 0xec, 0x1, 0x84, 0x4b, 0x18, 0xa0, 0x1f,
    0xc3, 0xdc, 0x90, 0x85, 0x0, 0xfe, 0x1a, 0xfc,
    0x84, 0xeb, 0x2f, 0xfc, 0x1b, 0x20,

    /* U+7EC6 "细" */
    0x0, 0x8a, 0xc0, 0x3f, 0xf8, 0x30, 0x0, 0x2f,
    0xff, 0xb0, 0x0, 0x4b, 0x0, 0x13, 0x30, 0xd,
    0x8c, 0x2, 0x96, 0x30, 0xa, 0x64, 0x5f, 0x34,
    0x0, 0x65, 0x90, 0x85, 0x0, 0xfc, 0x73, 0x25,
    0xb7, 0x30, 0xf, 0xce, 0x17, 0xc9, 0x4c, 0x1,
    0xf9, 0x3f, 0x1d, 0x94, 0x1, 0xfe, 0x2c, 0xf9,
    0x10, 0x5, 0xb4, 0x80, 0x59, 0x80, 0x9c, 0x61,
    0x17, 0xa0, 0xef, 0xd8, 0x19, 0x89, 0x4f, 0xc0,
    0xc1, 0x72, 0x7a, 0xc0, 0x3f, 0x17, 0xd3, 0xa0,
    0x80, 0x7f, 0xc2, 0x8f, 0x4a, 0x1, 0xf9, 0x3b,
    0x95, 0x84, 0x40, 0xff, 0x16, 0x7c, 0x82, 0xd7,
    0x72, 0xe1, 0xc3, 0x77, 0x9c, 0x0,

    /* U+7ECF "经" */
    0x0, 0x95, 0xc0, 0x3f, 0xf8, 0x52, 0x0, 0x2f,
    0xff, 0x84, 0x2, 0x43, 0x60, 0x2e, 0xed, 0xa2,
    0x82, 0x1, 0x44, 0x4, 0x80, 0x47, 0x40, 0x50,
    0x4, 0xc2, 0xe3, 0xa8, 0x0, 0x1e, 0x5c, 0x10,
    0x1, 0xca, 0xbf, 0x2a, 0x2, 0xf8, 0x85, 0x88,
    0x6, 0x48, 0xb, 0x5c, 0xa6, 0xfc, 0x2e, 0x80,
    0x3f, 0xe0, 0xb1, 0x85, 0xd8, 0x3, 0xbb, 0x29,
    0x0, 0xfc, 0x20, 0x6e, 0x3a, 0xae, 0x1e, 0x22,
    0x71, 0x67, 0x78, 0xcc, 0xd5, 0x49, 0x92, 0x1,
    0x83, 0x6e, 0x78, 0xe6, 0x43, 0x79, 0x87, 0x1,
    0xf9, 0x62, 0x10, 0xf, 0xf8, 0x9a, 0xb7, 0x84,
    0x3, 0xf9, 0x36, 0x8b, 0xbd, 0xd9, 0xa1, 0xf6,
    0x68, 0x93, 0xf2, 0xc, 0x66, 0x70, 0x24, 0xcc,
    0x80,

    /* U+7ED3 "结" */
    0x0, 0xa1, 0xc0, 0x3b, 0x94, 0x3, 0x85, 0xc8,
    0x4, 0xce, 0x1d, 0x33, 0x80, 0x12, 0x4a, 0x11,
    0x99, 0x3, 0xe6, 0x34, 0x5, 0xe4, 0x2e, 0x3f,
    0xe1, 0xaf, 0xf7, 0x5, 0x13, 0xeb, 0x88, 0x7,
    0xe5, 0x43, 0xc2, 0xe2, 0xaa, 0x86, 0xea, 0x8c,
    0x9d, 0xe3, 0x24, 0x64, 0x53, 0xb1, 0x10, 0xc4,
    0x5a, 0x8c, 0x22, 0x88, 0xf9, 0x47, 0xcd, 0xbb,
    0x87, 0x3f, 0xfe, 0x72, 0x5, 0x9c, 0xf3, 0x6,
    0xdd, 0xc6, 0x7, 0xf4, 0xa4, 0x1, 0x88, 0xb3,
    0x80, 0x42, 0x91, 0x68, 0x1, 0xf9, 0x3b, 0x96,
    0x66, 0x50, 0x44, 0xf0, 0x34, 0xe7, 0xdc, 0x8,
    0x14, 0x46, 0x0, 0x13, 0x98, 0x6, 0x9f, 0xcc,
    0xde, 0xe0,

    /* U+7ED8 "绘" */
    0x0, 0x90, 0x3, 0xc8, 0x20, 0x1f, 0x5a, 0x0,
    0x62, 0xb4, 0x0, 0xf3, 0x12, 0x0, 0x69, 0x18,
    0x10, 0xe, 0xb8, 0x0, 0xd2, 0xdc, 0x98, 0x20,
    0x12, 0x82, 0xc5, 0x3, 0xb7, 0x84, 0xbe, 0x10,
    0x2, 0xec, 0x8f, 0xf5, 0x14, 0x62, 0x2b, 0x7d,
    0x36, 0x18, 0xb3, 0x50, 0xba, 0xee, 0xd9, 0x26,
    0xdf, 0xa1, 0xc1, 0x49, 0xff, 0xcc, 0xc0, 0xb,
    0xa4, 0x8a, 0x55, 0xf9, 0x0, 0x1e, 0x55, 0xf4,
    0xf3, 0x2a, 0xa4, 0xcd, 0xe0, 0x40, 0xd1, 0xf0,
    0xb9, 0xe1, 0xb9, 0x95, 0x81, 0x7c, 0xa1, 0x28,
    0x3, 0xdc, 0x87, 0x88, 0x2, 0x27, 0xcc, 0x68,
    0x31, 0x40, 0xc, 0xf0, 0x1, 0x37, 0x27, 0xa1,
    0xa4, 0xa6, 0xf2, 0x4d, 0xc1, 0x3a, 0xd4, 0x1,
    0x20, 0xbd, 0xcf, 0xf5, 0x48, 0x0, 0x40, 0x37,
    0xfa, 0x5d, 0x4c, 0x57, 0xc0,

    /* U+7ED9 "给" */
    0x0, 0x84, 0x40, 0x1c, 0x62, 0x1, 0xf4, 0xe8,
    0x7, 0x66, 0x0, 0x3e, 0x69, 0x0, 0xcc, 0x4,
    0x20, 0x1c, 0xc6, 0xa0, 0x10, 0xc4, 0xb6, 0x80,
    0x74, 0x40, 0x30, 0xc3, 0x55, 0xa4, 0x28, 0x2,
    0x92, 0x69, 0x12, 0xb3, 0x82, 0x24, 0x2d, 0x88,
    0x98, 0xf1, 0xba, 0x9c, 0x73, 0x75, 0x6c, 0xc7,
    0x1d, 0xf3, 0x63, 0xac, 0xef, 0xfd, 0x3a, 0xc0,
    0x50, 0x12, 0x2, 0x22, 0x2f, 0x0, 0x4e, 0xe5,
    0xad, 0x38, 0xdd, 0xf1, 0x0, 0x20, 0x45, 0xfe,
    0x30, 0x6f, 0xfc, 0x1, 0xbf, 0xa1, 0x48, 0x3,
    0xfe, 0x15, 0x8b, 0xe5, 0x0, 0xff, 0x74, 0x87,
    0xf2, 0x9b, 0x6e, 0xdc, 0x1, 0xbf, 0x21, 0x0,
    0x6, 0x53, 0x35, 0x0, 0x7f, 0xa7, 0x51, 0x37,
    0x90, 0x0,

    /* U+7EDC "络" */
    0x0, 0x88, 0x40, 0x34, 0x0, 0x7f, 0x4d, 0x80,
    0x4c, 0x80, 0x1f, 0x89, 0x20, 0x0, 0x32, 0x7f,
    0xfa, 0x0, 0x28, 0x52, 0x0, 0x50, 0x66, 0xea,
    0xc2, 0xc0, 0x6, 0xb6, 0x5b, 0x6c, 0x92, 0x44,
    0x97, 0x30, 0x1c, 0x54, 0xf7, 0xcf, 0xb6, 0xbd,
    0x78, 0x0, 0x20, 0x35, 0x15, 0xb9, 0x5, 0xa1,
    0x40, 0x4, 0xbf, 0xc3, 0x62, 0x26, 0xda, 0xb8,
    0xda, 0x40, 0xb, 0x99, 0xd7, 0x6a, 0xf5, 0x1f,
    0x8a, 0x88, 0x7c, 0xdf, 0xb3, 0x9, 0x3f, 0xf7,
    0x3d, 0x10, 0x2, 0x7b, 0x64, 0x0, 0xbb, 0xb8,
    0x40, 0x3, 0xec, 0x22, 0x50, 0x1, 0x91, 0x60,
    0xc, 0x71, 0x9d, 0x22, 0x1, 0xfc, 0x78, 0x75,
    0xd8, 0x20, 0xdf, 0xf8, 0x40, 0x7, 0xf6, 0xc2,
    0x1, 0x26, 0xee, 0x0, 0xff, 0x45, 0x91, 0x6f,
    0x40,

    /* U+7EDF "统" */
    0x0, 0x88, 0x80, 0x18, 0x90, 0x3, 0xf4, 0x48,
    0x6, 0x1b, 0x10, 0xf, 0x12, 0xc0, 0x9, 0x10,
    0x49, 0xc8, 0xa0, 0xa, 0x10, 0xc2, 0x77, 0x62,
    0x9d, 0xd8, 0x40, 0xd6, 0x4b, 0x63, 0xf8, 0x67,
    0xf7, 0xfc, 0x22, 0xe6, 0x1c, 0x40, 0x6, 0xa3,
    0x7, 0xa8, 0x1, 0x9, 0xb0, 0x64, 0x24, 0x68,
    0x4a, 0xa8, 0x20, 0xbb, 0xa0, 0xb0, 0xf6, 0x2f,
    0xef, 0xb0, 0xb0, 0x1, 0x73, 0xa0, 0xd5, 0xae,
    0x7d, 0x7f, 0x18, 0xf, 0x99, 0xbb, 0x55, 0x14,
    0x1, 0x4c, 0x32, 0x6, 0x9, 0xba, 0xc0, 0x10,
    0x10, 0xf, 0x17, 0xdb, 0x19, 0x2, 0x89, 0x0,
    0x7e, 0x59, 0xef, 0xe, 0x40, 0xe, 0xb2, 0x3f,
    0x81, 0xdd, 0x42, 0xc0, 0x4, 0x60, 0xc0, 0x79,
    0xb0, 0x74, 0xd8, 0x40, 0x4, 0x9f, 0x62, 0x3,
    0x0, 0xaf, 0x8c, 0x2, 0x9f, 0xf5, 0x80,

    /* U+7EED "续" */
    0x0, 0xa1, 0xc0, 0x30, 0xf8, 0x80, 0x7c, 0xc8,
    0x0, 0xff, 0x70, 0x77, 0xf8, 0x80, 0x27, 0x53,
    0x0, 0x77, 0x34, 0x37, 0xb8, 0x40, 0x14, 0xc2,
    0x52, 0x33, 0x2c, 0x2d, 0xa1, 0xc0, 0x12, 0xa1,
    0x3e, 0x3f, 0xe1, 0x71, 0xf7, 0xb0, 0x46, 0x4c,
    0x35, 0x55, 0xc, 0x87, 0x42, 0xc8, 0x2e, 0xf0,
    0xe0, 0x8, 0x7e, 0x17, 0x1, 0xa8, 0x9, 0x54,
    0x19, 0x13, 0xcf, 0x3, 0xc2, 0x0, 0x2d, 0x4b,
    0xe5, 0x3c, 0xd1, 0x61, 0x0, 0xc4, 0x46, 0x9f,
    0x7e, 0xe3, 0xf9, 0xcf, 0xfc, 0x5, 0xf2, 0x88,
    0x5e, 0xff, 0x38, 0xef, 0x7f, 0x80, 0x7, 0x1d,
    0x20, 0x12, 0x3d, 0x5e, 0x90, 0x0, 0xf0, 0x77,
    0x4a, 0xf, 0x74, 0x93, 0x78, 0x60, 0x7f, 0x26,
    0x0, 0xdb, 0xc5, 0x0, 0x3d, 0xe8, 0x80, 0x7b,
    0x30, 0x60, 0x19, 0x7c, 0x40,

    /* U+7EFF "绿" */
    0x0, 0x94, 0x80, 0x3f, 0xf8, 0x56, 0xe0, 0xe,
    0xff, 0xf1, 0x80, 0x4c, 0xa, 0x0, 0xef, 0xfe,
    0x0, 0xeb, 0x80, 0x8, 0x48, 0xb8, 0x4, 0x0,
    0xa0, 0xc8, 0xc0, 0xdf, 0xfc, 0x1, 0x15, 0x59,
    0xd0, 0x1, 0xf7, 0x76, 0x1, 0x83, 0x6, 0xe0,
    0xb4, 0xff, 0xf7, 0x7, 0x12, 0x7d, 0xe, 0x4,
    0xef, 0xf8, 0x73, 0xfd, 0xc4, 0x0, 0xa6, 0x31,
    0x17, 0xb0, 0x6, 0xbb, 0x0, 0x39, 0x17, 0xdc,
    0x72, 0x8, 0x7f, 0xa, 0x80, 0xc5, 0xfb, 0xd8,
    0x7, 0x2c, 0xd, 0x24, 0x0, 0x7f, 0x6, 0x44,
    0x4, 0xc1, 0x8, 0x63, 0x0, 0x96, 0x7b, 0x12,
    0xea, 0x90, 0x29, 0x5b, 0x22, 0x70, 0x3b, 0xcd,
    0xde, 0x82, 0x20, 0x4f, 0x11, 0x1e, 0xc1, 0x80,
    0x14, 0x53, 0x88, 0xc0, 0x60, 0x0,

    /* U+7F00 "缀" */
    0x0, 0xa4, 0x40, 0x3f, 0xf8, 0x26, 0xe2, 0xbf,
    0xf9, 0xbf, 0xf0, 0x5, 0x4c, 0xb, 0xfe, 0xa6,
    0x67, 0xfa, 0x54, 0x0, 0x2f, 0x22, 0x2c, 0x59,
    0xa6, 0xb2, 0xbe, 0x0, 0x4b, 0x8e, 0xbf, 0x51,
    0x99, 0xb3, 0x49, 0x0, 0x9f, 0xb0, 0xd8, 0x40,
    0xa8, 0x4, 0x0, 0xe0, 0xc1, 0xa7, 0x4d, 0x95,
    0xb3, 0x28, 0xcd, 0xc0, 0x4f, 0xc4, 0x55, 0x62,
    0x81, 0xe7, 0x99, 0x58, 0x0, 0xa2, 0x4e, 0xfb,
    0x7b, 0xfd, 0x9b, 0xaf, 0x11, 0x68, 0xef, 0xe7,
    0xf9, 0x94, 0xdf, 0xec, 0x4, 0x1, 0x5d, 0x8d,
    0x66, 0x9d, 0x6e, 0x5b, 0x0, 0x3e, 0xa0, 0xee,
    0x1e, 0x34, 0x27, 0xc5, 0x70, 0x16, 0xce, 0xd7,
    0xb0, 0x2, 0x86, 0x1b, 0x0, 0xb, 0x6b, 0xe9,
    0x36, 0xf4, 0xa2, 0xe, 0xf0, 0x1d, 0xb0, 0x2d,
    0x62, 0x17, 0x1e, 0x46, 0x52, 0x0, 0x65, 0xc2,
    0x0, 0x4d, 0x90, 0x1e, 0xa0,

    /* U+7F13 "缓" */
    0x0, 0x9d, 0x0, 0x31, 0x1a, 0xbd, 0x10, 0x6,
    0x80, 0x7, 0x7f, 0x7f, 0xed, 0x0, 0xce, 0x68,
    0x1e, 0xfd, 0xb, 0x51, 0x22, 0x1, 0x4c, 0x0,
    0x5, 0x89, 0x90, 0x19, 0x4c, 0x1, 0x2a, 0x8b,
    0x82, 0x8e, 0x28, 0x53, 0xe2, 0x8, 0xde, 0x95,
    0x4d, 0x4a, 0xd7, 0xc0, 0xad, 0x3, 0x9, 0xb0,
    0x6c, 0xe1, 0xce, 0xe7, 0xf6, 0x3, 0xff, 0xf,
    0x47, 0x78, 0xe7, 0x77, 0x8, 0xe, 0xd0, 0xd7,
    0x58, 0x7f, 0x77, 0x9, 0x70, 0xcf, 0xd8, 0x68,
    0x77, 0x5f, 0xe0, 0x3, 0x84, 0xf7, 0xc8, 0x20,
    0x57, 0x71, 0x98, 0x0, 0x5f, 0x63, 0x32, 0x99,
    0x55, 0x8, 0xde, 0x0, 0x25, 0x9e, 0xe1, 0x7b,
    0xac, 0x6e, 0x50, 0x80, 0x1e, 0xc7, 0x75, 0x83,
    0x9, 0xa0, 0x8, 0x61, 0x7, 0xe8, 0x34, 0x7c,
    0xc4, 0xef, 0xfa, 0xa9, 0xc4, 0x1, 0x93, 0x7,
    0x35, 0x80, 0xd, 0x9e, 0x40,

    /* U+7F16 "编" */
    0x0, 0x98, 0xc0, 0x30, 0xd0, 0x7, 0xd0, 0xe0,
    0x18, 0x5d, 0xc0, 0x1c, 0xa6, 0x80, 0xbf, 0xf1,
    0x47, 0xfa, 0xc0, 0x13, 0x0, 0x3, 0x37, 0x77,
    0x4b, 0x82, 0x8a, 0xc4, 0x83, 0x88, 0xf1, 0x80,
    0xdc, 0x23, 0xd0, 0x27, 0xff, 0x50, 0x10, 0xdd,
    0x8c, 0xc0, 0x9f, 0xfe, 0xc3, 0xed, 0x1d, 0x0,
    0x34, 0xcf, 0xb4, 0x7, 0xac, 0x43, 0x8d, 0x39,
    0xb9, 0xb8, 0x83, 0xf, 0x30, 0xa2, 0x4e, 0xe2,
    0x72, 0x70, 0x13, 0x30, 0xc2, 0xa9, 0x80, 0x3e,
    0x1e, 0xd8, 0x52, 0x3c, 0x5f, 0x2f, 0x2f, 0x0,
    0x1b, 0xe6, 0x28, 0x49, 0x7c, 0xbc, 0xbc, 0xf,
    0xfd, 0xda, 0x6c, 0x1, 0xf0, 0x9e, 0xc1, 0x1,
    0xd0, 0x4, 0x20, 0x36, 0xa0,

    /* U+7F29 "缩" */
    0x0, 0x88, 0x40, 0x31, 0x20, 0x7, 0xe9, 0x60,
    0xc, 0x36, 0x20, 0x1e, 0x24, 0x61, 0xff, 0xb0,
    0x3b, 0xfe, 0x30, 0x5, 0xb8, 0x80, 0x3b, 0xbe,
    0x0, 0x89, 0xe5, 0xa5, 0x59, 0x4, 0x7a, 0x8,
    0x3a, 0xe, 0x6e, 0xa8, 0x5f, 0xfd, 0x22, 0x66,
    0x9d, 0x23, 0x42, 0x7f, 0xf0, 0x6f, 0xf0, 0x1e,
    0x60, 0x70, 0x28, 0x0, 0x8c, 0xc, 0x86, 0x0,
    0x3f, 0xb1, 0x51, 0x40, 0xbb, 0x4, 0x4f, 0x80,
    0x34, 0xff, 0x3e, 0x40, 0x2d, 0xfc, 0x80, 0x0,
    0x94, 0x4e, 0x51, 0x0, 0x59, 0x95, 0x8, 0xf,
    0xb9, 0xab, 0x0, 0x68, 0xff, 0x30, 0x80, 0x6,
    0x3a, 0xc0, 0x39, 0xc, 0xd8, 0x0, 0x2e, 0x58,
    0xe6, 0x0, 0xc8, 0x96, 0x0, 0xa, 0xf5, 0x80,
    0x3d, 0x1f, 0xe6, 0x10, 0x2, 0x0, 0x64, 0xa0,
    0xec, 0xbb, 0x7e, 0x80,

    /* U+7F3A "缺" */
    0x0, 0xff, 0xe2, 0xa6, 0x0, 0x7d, 0xc6, 0x1,
    0xde, 0x75, 0x31, 0x0, 0xf, 0xf2, 0x3a, 0x86,
    0x60, 0xff, 0xc3, 0x9f, 0xe0, 0x3, 0x94, 0x16,
    0xa2, 0xf, 0x30, 0x13, 0x80, 0x20, 0x72, 0x1,
    0xe3, 0x30, 0xa9, 0x0, 0x4e, 0x2a, 0x5a, 0xa8,
    0x1, 0xfc, 0x93, 0x20, 0x69, 0xf0, 0x8, 0x44,
    0x1, 0x9e, 0x30, 0xaf, 0x39, 0xfb, 0x81, 0xbe,
    0x1e, 0x0, 0xa1, 0x0, 0xa9, 0xfe, 0x80, 0x19,
    0xde, 0x1, 0xfc, 0x24, 0x64, 0xe2, 0x20, 0xf,
    0xf6, 0xa5, 0xc0, 0x7, 0x19, 0x63, 0x0, 0x11,
    0x14, 0xc7, 0x0, 0x10, 0xf8, 0x18, 0x81, 0x53,
    0x90, 0x53, 0xb8, 0x1, 0xfb, 0xf6, 0xfd, 0x29,
    0x0, 0x4, 0xa9, 0x20, 0xf, 0xd, 0x50, 0x3,
    0x2f, 0x10,

    /* U+7F51 "网" */
    0x6f, 0xff, 0xfe, 0x8, 0x81, 0x6e, 0xff, 0xac,
    0x3, 0x11, 0x43, 0x44, 0x52, 0xb3, 0x0, 0x31,
    0xa0, 0x59, 0x28, 0x85, 0x0, 0x79, 0xe8, 0x8f,
    0x36, 0x84, 0x94, 0x3, 0x92, 0x79, 0x16, 0x1f,
    0x48, 0x40, 0x3c, 0xe6, 0x6, 0x1c, 0x6c, 0x1,
    0xf9, 0x1, 0x0, 0x81, 0x0, 0x3e, 0x14, 0x79,
    0x5, 0x22, 0x38, 0x7, 0xa1, 0x60, 0x4e, 0x21,
    0x32, 0x0, 0xe5, 0x78, 0xc, 0xa1, 0x54, 0xb0,
    0xe, 0xfa, 0x20, 0x24, 0xd0, 0x2, 0x80, 0x75,
    0x20, 0x0, 0xb4, 0x40, 0x88, 0xe0, 0x20, 0x1f,
    0xe9, 0xdb, 0x60,

    /* U+7F6E "置" */
    0x2, 0xfd, 0xd7, 0x7e, 0xeb, 0xfb, 0x75, 0xea,
    0x1, 0xb7, 0x52, 0xbb, 0xa4, 0x8d, 0xd0, 0x80,
    0x74, 0x43, 0x1e, 0x20, 0xdb, 0x10, 0x10, 0x8,
    0xab, 0x75, 0xd0, 0xe9, 0x1d, 0xba, 0xa4, 0x0,
    0x57, 0x77, 0x1, 0xf7, 0x74, 0x80, 0x26, 0x23,
    0x70, 0x5c, 0x47, 0x50, 0x0, 0xcd, 0xfd, 0xca,
    0x9, 0xee, 0xbc, 0xc8, 0x3, 0x1f, 0x6f, 0xfb,
    0x76, 0x92, 0x0, 0xfb, 0x6e, 0xfe, 0x10, 0xf,
    0x9f, 0x77, 0xca, 0x1, 0xfb, 0x88, 0xbe, 0x0,
    0xfd, 0x3f, 0xfe, 0x70, 0xf, 0xdb, 0x77, 0xf0,
    0x80, 0x43, 0xfe, 0xc, 0xff, 0xf5, 0x8f, 0xf8,
    0x80,

    /* U+8003 "考" */
    0x0, 0xf2, 0x70, 0x7, 0x40, 0x80, 0x49, 0x99,
    0x58, 0xe6, 0x4b, 0x28, 0x20, 0x12, 0xc4, 0x4e,
    0x11, 0x17, 0xa6, 0x80, 0x61, 0x44, 0xb0, 0x51,
    0x1c, 0xf8, 0x20, 0x14, 0x5d, 0xea, 0x1e, 0xf5,
    0x1a, 0xbb, 0x8, 0x67, 0x76, 0xb3, 0x12, 0xa9,
    0xee, 0x84, 0x11, 0x56, 0x18, 0x2a, 0xd5, 0x5e,
    0x0, 0xc7, 0x56, 0x43, 0x7d, 0xda, 0x0, 0x25,
    0xcc, 0x1, 0x3f, 0xf7, 0x74, 0x0, 0x6, 0xd7,
    0xac, 0xb9, 0x13, 0x29, 0x80, 0x43, 0xd2, 0x28,
    0x1b, 0xff, 0xaa, 0x0, 0x3e, 0x5f, 0xbb, 0xe4,
    0x30, 0xf, 0xf0, 0x88, 0xd, 0x2c, 0x3, 0xfd,
    0xbd, 0xf8, 0xc6, 0x1, 0xfe, 0xcf, 0xfa, 0x40,
    0x30,

    /* U+8005 "者" */
    0x0, 0xf4, 0x50, 0x7, 0x28, 0x80, 0x44, 0x67,
    0x9c, 0xce, 0x18, 0xb0, 0xd, 0x7d, 0xd2, 0x17,
    0x75, 0xed, 0x82, 0x1, 0x4e, 0xec, 0xeb, 0xba,
    0x43, 0xc2, 0x0, 0xc, 0x47, 0x3a, 0xd7, 0xb2,
    0x54, 0x40, 0x40, 0x47, 0x98, 0x14, 0x18, 0x4,
    0x60, 0x19, 0x9d, 0xa8, 0x79, 0xf3, 0x3c, 0x20,
    0x12, 0xfd, 0x90, 0x7e, 0x66, 0x30, 0x0, 0xc7,
    0x58, 0x25, 0xc4, 0x71, 0xb8, 0x4, 0x55, 0xca,
    0x68, 0x9e, 0x0, 0xc3, 0x48, 0x0, 0x7f, 0xff,
    0x0, 0x7f, 0x3f, 0xff, 0x80, 0x3f, 0x88, 0x47,
    0xc0, 0x1f, 0xcb, 0xdd, 0xe0, 0xf, 0xd5, 0xff,
    0xf9, 0x0, 0x0,

    /* U+800C "而" */
    0x2f, 0xff, 0xfe, 0x11, 0x96, 0x67, 0x81, 0x73,
    0x3c, 0x60, 0x67, 0xc2, 0x12, 0x67, 0xe0, 0x8,
    0x8b, 0x50, 0x9, 0x16, 0x30, 0x9, 0x77, 0x73,
    0x86, 0xef, 0x63, 0x0, 0x43, 0xfe, 0x65, 0xff,
    0x24, 0x7f, 0x88, 0x3, 0xff, 0xfe, 0x1, 0xff,
    0xd6, 0x11, 0x0, 0x7e, 0xfd, 0x0, 0x19, 0x67,
    0x2, 0x0, 0x17, 0x80, 0xc, 0xe0, 0x8, 0x5d,
    0xfd, 0x20,

    /* U+8017 "耗" */
    0x0, 0xff, 0xe0, 0x88, 0x7, 0x26, 0x80, 0x78,
    0xe7, 0x94, 0x1, 0x9f, 0x65, 0xfe, 0x4, 0x8f,
    0xd1, 0xd5, 0x0, 0x6f, 0x48, 0x77, 0x1a, 0x0,
    0x15, 0x4, 0x1, 0x8, 0x0, 0x40, 0xd, 0x90,
    0x20, 0x1e, 0x7e, 0x91, 0xeb, 0x0, 0x10, 0xfd,
    0x67, 0x80, 0x1f, 0xec, 0xbe, 0x93, 0xf4, 0x10,
    0xa7, 0x40, 0x6, 0x6c, 0x23, 0x33, 0x67, 0x8d,
    0xc2, 0x90, 0x3, 0x74, 0xe1, 0xba, 0x63, 0x0,
    0xe1, 0x20, 0xef, 0x0, 0x3f, 0x2a, 0x30, 0xde,
    0xff, 0xa8, 0x1, 0x68, 0x28, 0xf1, 0xc, 0x6,
    0xee, 0xa0, 0x1d, 0xbc, 0xfe, 0x63, 0x28, 0x74,
    0xc4, 0x0, 0x33, 0xc0, 0x2, 0xe1, 0x0, 0xf2,
    0x58, 0xf9, 0x0, 0x7e, 0x10, 0x1, 0x88, 0x8,
    0x7, 0xe6, 0xaf, 0xf4, 0xf0,

    /* U+8046 "聆" */
    0x0, 0xff, 0x22, 0x80, 0x63, 0xff, 0xf1, 0x0,
    0x2f, 0x80, 0x30, 0x90, 0x3b, 0x81, 0x4c, 0x14,
    0x14, 0x40, 0x22, 0x84, 0x88, 0x5, 0x88, 0xae,
    0x9a, 0xc0, 0x39, 0x88, 0x80, 0x15, 0xaa, 0xa1,
    0x9c, 0x3, 0x17, 0xf8, 0x0, 0xe9, 0x2e, 0x1d,
    0x2c, 0x1, 0x26, 0xe8, 0x16, 0x70, 0xb6, 0x4b,
    0x60, 0x80, 0xe, 0x22, 0x5, 0xf2, 0xa, 0xf0,
    0x3e, 0x20, 0x1, 0xf7, 0x0, 0x2f, 0xfa, 0x7f,
    0xc2, 0x1, 0x27, 0xf8, 0x0, 0x3d, 0xd9, 0x4c,
    0x40, 0x3e, 0x30, 0x11, 0x8d, 0x78, 0x0, 0x38,
    0x93, 0x61, 0xa0, 0x8c, 0x1f, 0x4, 0x0, 0x24,
    0x5e, 0xe0, 0x70, 0x2d, 0x78, 0x38, 0x4, 0x7b,
    0x4e, 0xa0, 0x10, 0xe1, 0x91, 0x0, 0x3f, 0xf8,
    0x39, 0x30, 0x1, 0x0,

    /* U+8054 "联" */
    0x0, 0xfc, 0x60, 0x19, 0x0, 0x9, 0xff, 0xd8,
    0x1a, 0xa0, 0x7, 0x90, 0x3, 0x0, 0x1d, 0xc1,
    0x61, 0x16, 0x0, 0x9b, 0x0, 0x14, 0xa4, 0x40,
    0x18, 0x18, 0x88, 0xc6, 0xc0, 0x19, 0x88, 0x80,
    0xa, 0xe2, 0xd9, 0x2e, 0x90, 0x8, 0xbf, 0xc0,
    0x8, 0xdd, 0x3, 0x66, 0xd8, 0x4, 0x9b, 0xa0,
    0x1, 0x19, 0x8b, 0xcc, 0xc4, 0x1, 0x38, 0x88,
    0x0, 0x23, 0x10, 0x8, 0xc0, 0x11, 0xff, 0x80,
    0xbb, 0xa0, 0x9e, 0xe9, 0x0, 0x9, 0xdc, 0x2,
    0xff, 0x70, 0x27, 0xfc, 0x80, 0x1e, 0x31, 0x7,
    0x5, 0x0, 0xc3, 0xa9, 0x5a, 0x1a, 0xa1, 0x70,
    0x50, 0x1, 0x10, 0x3f, 0xf0, 0x72, 0x48, 0x3f,
    0x3a, 0x80, 0xe, 0xe1, 0x4c, 0x1, 0x2f, 0xe0,
    0x57, 0x50, 0x1, 0xf3, 0xa6, 0x10, 0x1, 0x31,
    0x8, 0x3, 0xbd, 0xb4, 0x80, 0x31, 0xe1, 0x0,

    /* U+80CC "背" */
    0x0, 0xec, 0x70, 0x3f, 0x0, 0x24, 0x0, 0x55,
    0xdd, 0x18, 0x6, 0x9e, 0x9f, 0x10, 0x5, 0x77,
    0x48, 0x1, 0xbf, 0x35, 0xc4, 0x2, 0x25, 0x84,
    0x0, 0xcc, 0x40, 0x38, 0x0, 0xff, 0xc0, 0x11,
    0x5, 0xdd, 0xa0, 0x17, 0xed, 0x3d, 0x20, 0xe,
    0xf7, 0x53, 0xa0, 0x1b, 0x3e, 0xf7, 0xb9, 0x97,
    0x50, 0xa2, 0x1, 0x86, 0x7b, 0xbd, 0x46, 0x1,
    0xf4, 0xf7, 0x7a, 0x80, 0x3f, 0x4f, 0x77, 0xa8,
    0x3, 0xf7, 0x11, 0x7c, 0x1, 0xf9, 0xe6, 0x7d,
    0x2, 0x1, 0xf4, 0xdd, 0xfa, 0x48, 0x3, 0xff,
    0x80, 0xff, 0x2a, 0x1, 0xed, 0x60, 0xc, 0xff,
    0xe8, 0x0, 0x80,

    /* U+80F6 "胶" */
    0x0, 0xfe, 0x3a, 0x0, 0xf2, 0xff, 0xd8, 0x1,
    0x1a, 0x38, 0x7, 0x8f, 0x9d, 0xc0, 0x23, 0x30,
    0x8, 0xc0, 0x13, 0x8f, 0x3, 0x77, 0x4f, 0x1d,
    0xd0, 0x7, 0xcd, 0xf5, 0xbf, 0xd1, 0xfe, 0x0,
    0x93, 0xe4, 0x0, 0x54, 0x20, 0x37, 0x40, 0x18,
    0xf5, 0xc0, 0x7d, 0xcc, 0x1, 0xa8, 0xe0, 0x3,
    0x62, 0xe0, 0xc1, 0x0, 0xcd, 0x30, 0x20, 0x1,
    0x17, 0x4, 0xe3, 0x18, 0xc, 0x2e, 0x88, 0xa,
    0x73, 0x82, 0x3, 0x78, 0x4a, 0x11, 0x0, 0x1e,
    0xff, 0x0, 0x14, 0x15, 0x3c, 0x0, 0x62, 0xe0,
    0x10, 0xd, 0xa, 0x86, 0x1, 0x9c, 0x80, 0x39,
    0x20, 0x51, 0xc0, 0x21, 0x24, 0x11, 0xd3, 0x71,
    0xd5, 0x18, 0x80, 0x88, 0x8, 0x86, 0x60, 0xf9,
    0x81, 0x79, 0xa4, 0x56, 0xc2, 0x7d, 0xb6, 0x84,
    0x2, 0x1a, 0xd1,

    /* U+80FD "能" */
    0x0, 0xff, 0xe3, 0xea, 0x80, 0x47, 0xe0, 0x1f,
    0x9c, 0x16, 0xdc, 0x3, 0x9b, 0x8, 0x0, 0x51,
    0xc1, 0xf0, 0x40, 0xa, 0xec, 0x82, 0x0, 0x68,
    0x67, 0xd0, 0x70, 0x3, 0xb9, 0x48, 0x1, 0x56,
    0xff, 0xbb, 0x94, 0x0, 0x40, 0xb, 0x8, 0x1a,
    0xa2, 0x2c, 0x41, 0x5, 0x44, 0x29, 0x98, 0x15,
    0x40, 0x11, 0x39, 0x3c, 0xc4, 0x26, 0x4, 0x2,
    0xaa, 0x80, 0x4, 0x99, 0x99, 0xc0, 0x22, 0xff,
    0x80, 0x2, 0x60, 0x3, 0xb4, 0x0, 0x93, 0x76,
    0x10, 0x9, 0xf3, 0x8d, 0x40, 0x24, 0xff, 0x84,
    0x3, 0x76, 0xc0, 0x80, 0x49, 0xff, 0x8, 0x4,
    0xe4, 0x0, 0x94, 0x0, 0xf8, 0x44, 0x4, 0x23,
    0x20, 0x7, 0x47, 0x12, 0x92, 0x6f, 0x74, 0x28,

    /* U+8109 "脉" */
    0x0, 0xfc, 0x6a, 0x1, 0xf4, 0x7f, 0xd6, 0x0,
    0x5b, 0xf9, 0x30, 0xe, 0x6e, 0x71, 0x0, 0x37,
    0x52, 0xe8, 0x7, 0x8, 0xbc, 0x0, 0x46, 0x61,
    0xdc, 0x0, 0xff, 0x4e, 0x62, 0xe4, 0x80, 0x39,
    0xfe, 0x0, 0x17, 0xfe, 0x37, 0x2, 0xa0, 0x9,
    0x31, 0x40, 0x8d, 0x5, 0x80, 0x1c, 0x1, 0x9,
    0x9b, 0x42, 0x36, 0xe0, 0xc3, 0x5a, 0x80, 0x22,
    0x26, 0x85, 0x72, 0x78, 0x0, 0xa8, 0x2, 0x35,
    0xd5, 0x0, 0xa, 0x38, 0x30, 0x88, 0x2, 0x1a,
    0xf8, 0x0, 0x42, 0x88, 0xb, 0xd8, 0x4, 0xcc,
    0x0, 0x95, 0xa0, 0x2, 0x84, 0x60, 0x1, 0x10,
    0x0, 0xf5, 0x24, 0x1, 0xe, 0xca, 0x20, 0x84,
    0xbd, 0xf1, 0x84, 0x46, 0x0, 0x3c, 0x41, 0xa0,
    0xc6, 0xf3, 0x9, 0xe4, 0xb0, 0x1, 0x82, 0xb8,
    0x77, 0x14, 0x1, 0x1f, 0xc6, 0x1, 0x80,

    /* U+817E "腾" */
    0x0, 0xf9, 0x0, 0x58, 0x4, 0xc0, 0x28, 0xff,
    0xa0, 0x28, 0x5f, 0x42, 0x64, 0x1, 0x9b, 0x98,
    0x0, 0xc5, 0xf8, 0x7, 0x0, 0x18, 0x46, 0xa,
    0x7c, 0x68, 0xf4, 0xde, 0x0, 0x8c, 0x88, 0x15,
    0xf2, 0x7f, 0xfb, 0x80, 0x24, 0xc5, 0x3e, 0xf9,
    0x3e, 0xff, 0x77, 0x18, 0x0, 0xfc, 0xe7, 0xe6,
    0xbf, 0xdc, 0x27, 0xe6, 0x0, 0x78, 0x0, 0xb4,
    0xc6, 0xa9, 0xa0, 0xb8, 0x60, 0x9, 0x76, 0x14,
    0xbd, 0x99, 0x28, 0xe5, 0x88, 0x8, 0xa8, 0x4e,
    0x30, 0x4c, 0xc0, 0x80, 0xe4, 0x7, 0x5a, 0xe0,
    0x7, 0x8e, 0xe3, 0x3f, 0xb8, 0x1, 0x98, 0x1,
    0xbb, 0x9f, 0xee, 0xe2, 0x88, 0x0, 0x88, 0x1,
    0x46, 0x67, 0x13, 0x10, 0x8, 0x8, 0x5, 0x1b,
    0xbc, 0x46, 0xa0, 0x4e, 0x1c, 0xd8, 0x1, 0x97,
    0xf9, 0x84, 0xe, 0x43, 0xb8, 0x80, 0x19, 0x7f,
    0xd2, 0x0,

    /* U+81EA "自" */
    0x0, 0xe4, 0x20, 0xf, 0xf5, 0x20, 0x7, 0x9,
    0x9c, 0xe2, 0x46, 0x78, 0x9f, 0x32, 0x80, 0xbc,
    0xcd, 0x0, 0x5f, 0xff, 0x98, 0x3, 0xff, 0x84,
    0x5f, 0xff, 0x98, 0x2, 0xcc, 0xfc, 0x60, 0x2,
    0x33, 0xfc, 0xa0, 0x3, 0x22, 0xfe, 0x0, 0xe,
    0xef, 0xe4, 0x0, 0x17, 0xff, 0xe6, 0x0, 0xff,
    0xe1, 0x17, 0xff, 0xe6, 0x0, 0xe, 0x67, 0xe4,
    0x6, 0xf3, 0x3f, 0xd7, 0x40,

    /* U+81F3 "至" */
    0xe, 0xff, 0xff, 0xe0, 0x40, 0x3, 0x37, 0x61,
    0x2d, 0xdf, 0xa4, 0x0, 0x45, 0x41, 0xe9, 0x10,
    0x7c, 0x8, 0x82, 0x1, 0xa5, 0x30, 0x2, 0x34,
    0xc2, 0x0, 0xea, 0x4c, 0x11, 0x88, 0x94, 0x7a,
    0x40, 0x19, 0xcb, 0x7f, 0xb9, 0x98, 0xe1, 0xf,
    0x0, 0xdd, 0x9b, 0xdf, 0x75, 0xdb, 0x9e, 0xe4,
    0x1, 0x19, 0x88, 0x43, 0xb4, 0x3, 0x51, 0x0,
    0x48, 0xab, 0xcc, 0xab, 0x90, 0x3, 0x6c, 0xce,
    0x0, 0x4c, 0xee, 0x0, 0xd3, 0x99, 0x95, 0xb3,
    0x35, 0x0, 0x7f, 0xf1, 0x86, 0xef, 0xca, 0xd7,
    0x7e, 0x11, 0x66, 0x7a, 0x21, 0x99, 0xe0,

    /* U+81F4 "致" */
    0x0, 0xff, 0xe6, 0xbd, 0x0, 0x71, 0xff, 0xfc,
    0x1b, 0xa0, 0xe, 0x3e, 0xa0, 0xce, 0xe8, 0x10,
    0xc0, 0x3c, 0x32, 0xe6, 0x42, 0x22, 0x11, 0x22,
    0x60, 0x3, 0xc, 0x4, 0xc0, 0x28, 0x5d, 0x5d,
    0xa8, 0x42, 0x6d, 0x18, 0x9c, 0xe0, 0x3b, 0x92,
    0x5c, 0x20, 0x95, 0xde, 0x5, 0xe0, 0x1b, 0x9c,
    0x2, 0xbc, 0x84, 0x8d, 0x76, 0x24, 0x4, 0xc0,
    0xe, 0x12, 0x0, 0x4c, 0x57, 0x9, 0xa0, 0x5,
    0xfe, 0xc0, 0xff, 0x70, 0xaa, 0xa4, 0x88, 0x1,
    0x77, 0x2c, 0x3b, 0x9a, 0x4, 0x8f, 0x60, 0x18,
    0x44, 0xc0, 0x23, 0x0, 0x1c, 0x14, 0x3, 0x85,
    0x2, 0x73, 0x85, 0x8c, 0xda, 0x40, 0x4, 0xee,
    0x48, 0x2, 0xa9, 0x13, 0x78, 0xb8, 0x80, 0xb5,
    0xdf, 0xe9, 0x6e, 0x4c, 0x40, 0xb7, 0xa1, 0x12,
    0x8, 0x6, 0xbd, 0x30, 0xa, 0x78, 0x40,

    /* U+822A "航" */
    0x0, 0x91, 0xc0, 0x31, 0xc8, 0x7, 0xee, 0xf0,
    0xc, 0x4c, 0x80, 0x1c, 0x5e, 0xaa, 0xe6, 0x0,
    0xb, 0x60, 0x7, 0x8, 0x5c, 0xaf, 0xf7, 0xf9,
    0x9f, 0xfe, 0x20, 0x1, 0x63, 0x60, 0x7e, 0xef,
    0xc4, 0x1, 0x6d, 0x0, 0x4, 0x80, 0xcc, 0x4,
    0x40, 0xc, 0xa4, 0x1, 0x4e, 0xf7, 0x35, 0x80,
    0x2, 0x84, 0x9d, 0x86, 0x0, 0x5e, 0xe1, 0x80,
    0x4b, 0x1, 0x10, 0x46, 0x0, 0x18, 0x89, 0xc0,
    0x24, 0xb3, 0xad, 0x85, 0x0, 0x8, 0x7, 0xc2,
    0xe7, 0x20, 0x11, 0xf8, 0x7, 0xc4, 0x45, 0x30,
    0x9, 0x88, 0x3, 0xee, 0xe0, 0x58, 0x4, 0x6e,
    0x1, 0x95, 0x81, 0xd0, 0x3, 0x39, 0x90, 0x4,
    0x24, 0x6, 0x70, 0x7c, 0x7c, 0xf8, 0x5, 0x91,
    0x28, 0x78, 0x0, 0xff, 0x37, 0x18, 0x4, 0xff,
    0xc4,

    /* U+822C "般" */
    0x0, 0xd4, 0x20, 0x1f, 0xfc, 0x14, 0x71, 0x0,
    0x17, 0xfe, 0x90, 0x8, 0x7e, 0xcb, 0xfc, 0x40,
    0xf, 0xf3, 0x0, 0x7b, 0xfe, 0x0, 0x8, 0x80,
    0x2, 0x1, 0xe4, 0x90, 0x9, 0x48, 0x3, 0xf9,
    0x10, 0x60, 0xd1, 0x40, 0xc, 0x6e, 0x50, 0xd,
    0xe6, 0xd, 0x6c, 0x0, 0x4f, 0xe5, 0x3f, 0xc,
    0xec, 0x0, 0x4e, 0xee, 0xf7, 0x2, 0x80, 0x88,
    0x80, 0xc, 0x33, 0x30, 0x8, 0xa, 0x8b, 0xe2,
    0x0, 0x24, 0xd1, 0xc, 0xe, 0x0, 0x72, 0x35,
    0x10, 0x1, 0xa4, 0x84, 0x30, 0x80, 0xd, 0x82,
    0xc8, 0x2, 0xa6, 0xc4, 0x80, 0xb, 0x74, 0xc,
    0x60, 0x10, 0x99, 0x88, 0x40, 0x24, 0x40, 0x8,
    0x80, 0x9, 0x83, 0x25, 0xac, 0x4, 0x66, 0xd,
    0xe3, 0x1a, 0xbd, 0x6e, 0xad, 0x2, 0xd0, 0x6,
    0x7e, 0x1f, 0x38, 0x4, 0xf6, 0x0,

    /* U+8272 "色" */
    0x0, 0xe2, 0x30, 0xf, 0xfe, 0x17, 0xd8, 0x7,
    0xff, 0x6, 0x49, 0xff, 0xf0, 0x80, 0x7d, 0xf,
    0x9f, 0xf1, 0xa8, 0x80, 0x7a, 0x9e, 0xc4, 0x89,
    0x65, 0x4, 0x41, 0x0, 0xe, 0xa8, 0x56, 0xec,
    0x83, 0xbb, 0x58, 0x0, 0x52, 0x87, 0xfe, 0xb1,
    0xff, 0x98, 0x3, 0x48, 0x80, 0x7f, 0xf5, 0x7,
    0xfe, 0xb1, 0xff, 0x98, 0x3, 0xed, 0xdf, 0xca,
    0x40, 0x1c, 0x24, 0x5f, 0xaa, 0x14, 0x3, 0xff,
    0x84, 0x34, 0x40, 0x6, 0x14, 0x11, 0xf8, 0xa0,
    0x48, 0x0, 0x4f, 0x5d, 0xdf, 0x6a, 0x50, 0x0,

    /* U+827A "艺" */
    0x0, 0xc5, 0xe0, 0x1a, 0xa4, 0x2, 0x1f, 0xfb,
    0x43, 0xff, 0x2b, 0x7f, 0xb4, 0x73, 0x29, 0xb,
    0xcc, 0x84, 0xf3, 0x1c, 0x6, 0x73, 0xa2, 0xc,
    0xe9, 0xa3, 0x38, 0x3, 0xd, 0x80, 0x67, 0x60,
    0xe, 0x4f, 0xff, 0xe8, 0x0, 0xc9, 0xbb, 0xd8,
    0x60, 0xb0, 0x1, 0xc4, 0x59, 0xf5, 0xf6, 0x80,
    0x3f, 0xaa, 0x91, 0x64, 0x1, 0xf8, 0xf4, 0x79,
    0x80, 0x3f, 0x8f, 0x2a, 0xc4, 0x3, 0x85, 0x0,
    0x2d, 0x87, 0x0, 0xf9, 0x60, 0x2, 0x10, 0x22,
    0xfd, 0xca, 0x1, 0x55, 0x37, 0x7f, 0x3d, 0x80,

    /* U+8282 "节" */
    0x0, 0xcb, 0xc0, 0x1b, 0x94, 0x3, 0xb7, 0x6a,
    0x1d, 0xdc, 0x35, 0xbb, 0x8, 0x4c, 0xcc, 0x13,
    0x38, 0x16, 0x66, 0x10, 0x44, 0xb0, 0x51, 0x30,
    0xfa, 0x24, 0x1, 0xcb, 0x80, 0x1b, 0x14, 0x3,
    0x92, 0xee, 0x9b, 0xbd, 0x37, 0xee, 0x1, 0x3e,
    0x64, 0x28, 0x79, 0x98, 0x34, 0x2, 0x37, 0x7a,
    0x2, 0x1d, 0xf3, 0x0, 0x7f, 0xf8, 0x4, 0x88,
    0x66, 0x0, 0xff, 0x9b, 0x74, 0xb8, 0x1, 0xff,
    0x3f, 0x73, 0xd4, 0x3, 0xff, 0x80, 0x22, 0x0,
    0xc0,

    /* U+82E5 "若" */
    0x0, 0xcd, 0x80, 0x1b, 0x18, 0x3, 0xbf, 0xe9,
    0x3f, 0xfc, 0x73, 0xff, 0x8, 0x6e, 0xcc, 0x3b,
    0xb8, 0x1b, 0x76, 0x10, 0x22, 0xb1, 0xdd, 0x4,
    0x46, 0xd2, 0x28, 0x3, 0x96, 0x64, 0x40, 0x9,
    0x40, 0xc, 0x5f, 0xfc, 0x6f, 0xff, 0xf1, 0x13,
    0x77, 0x2, 0x6e, 0xfe, 0x20, 0x22, 0xa8, 0x6c,
    0x8b, 0xf0, 0x6, 0x77, 0xf, 0x77, 0xd6, 0x1,
    0xa2, 0x1, 0x39, 0x9e, 0x67, 0x0, 0x16, 0xb5,
    0x89, 0x17, 0xde, 0x1, 0x12, 0xfa, 0x0, 0x7f,
    0xf0, 0x60, 0x40, 0x6f, 0x77, 0xd0, 0x1, 0xf9,
    0xa6, 0x7c, 0x80, 0x1f, 0x7c, 0xa2, 0x7a, 0xf0,
    0x0,

    /* U+82F1 "英" */
    0x0, 0xc9, 0xe0, 0x19, 0x74, 0x3, 0xb7, 0xfd,
    0x61, 0xff, 0xa8, 0xbf, 0xe4, 0xc, 0xdd, 0x48,
    0x6e, 0xe8, 0xd, 0xd9, 0x0, 0x48, 0x8a, 0x64,
    0xde, 0x46, 0xa4, 0x50, 0x6, 0x12, 0xd1, 0x22,
    0xa, 0xd8, 0x88, 0x3, 0x1f, 0x76, 0x90, 0xee,
    0xe0, 0xe, 0x1f, 0xfa, 0x87, 0xfe, 0xb0, 0xf,
    0xfe, 0x43, 0x40, 0xbb, 0xd6, 0x2e, 0xf7, 0x83,
    0x80, 0x3c, 0x57, 0x76, 0x10, 0x8d, 0xd0, 0xae,
    0x88, 0x4d, 0x56, 0xe0, 0x81, 0xba, 0xac, 0x20,
    0x1c, 0xd7, 0xe, 0xde, 0x60, 0x1e, 0x27, 0xdb,
    0xb3, 0x84, 0x43, 0x29, 0x0, 0x2d, 0xd6, 0x46,
    0xa0, 0x4, 0xdc, 0x55, 0xea, 0x1f, 0xeb, 0x50,
    0xf, 0xc, 0x76, 0xa8,

    /* U+8303 "范" */
    0x0, 0x97, 0xc0, 0x37, 0x38, 0x6, 0xef, 0xf5,
    0x7, 0xfe, 0x18, 0xff, 0x87, 0xfb, 0x92, 0x1d,
    0xd8, 0x63, 0xba, 0x11, 0x0, 0xa3, 0x8, 0xe6,
    0x41, 0x18, 0x1, 0x7a, 0x92, 0x7f, 0xdc, 0x6d,
    0xef, 0x20, 0x5, 0x44, 0x19, 0xc2, 0xab, 0x80,
    0x40, 0x41, 0x7d, 0x80, 0x8, 0x9c, 0x1, 0x5e,
    0xa8, 0x80, 0x7f, 0xd5, 0x76, 0x70, 0xe, 0x21,
    0x20, 0x10, 0x3, 0x7a, 0xa0, 0x6, 0xee, 0x62,
    0x10, 0x4, 0x3d, 0xc0, 0xd, 0x9f, 0xd6, 0x1,
    0xac, 0x28, 0x3, 0xf5, 0x18, 0x5b, 0x68, 0x38,
    0x21, 0x16, 0x34, 0x25, 0x6c, 0x10, 0x35, 0xbd,
    0xdd, 0x8c, 0x2b, 0xa2, 0x1, 0x57, 0xff, 0xa0,
    0x0,

    /* U+8304 "茄" */
    0x0, 0xcf, 0x80, 0x1b, 0x94, 0x3, 0xbf, 0xe8,
    0x3f, 0xfc, 0x35, 0xff, 0x0, 0x37, 0x66, 0x1d,
    0xdc, 0x11, 0xbb, 0x0, 0x8, 0x8e, 0xe, 0x45,
    0x91, 0x4, 0x50, 0x6, 0x9c, 0x90, 0xd, 0x66,
    0x1, 0xca, 0xa3, 0xf5, 0x63, 0x2f, 0xfe, 0x80,
    0x4, 0xc8, 0x16, 0x65, 0xe0, 0xc, 0xc9, 0x0,
    0x2c, 0xc0, 0x6e, 0x4b, 0x80, 0xc, 0xe1, 0x0,
    0xc4, 0x4, 0x2, 0x20, 0xf, 0xf3, 0x10, 0x3,
    0xc0, 0x3f, 0xed, 0x40, 0x0, 0x98, 0x7, 0xf0,
    0xb5, 0x0, 0xf, 0x80, 0x38, 0x40, 0x2b, 0x43,
    0x0, 0x21, 0x0, 0x3f, 0xe4, 0x0, 0x1a, 0x48,
    0x6f, 0x9a, 0x0, 0x3b, 0xa3, 0x0, 0x1f, 0x10,
    0x6f, 0x68, 0x97, 0x88, 0xd9, 0x0,

    /* U+8350 "荐" */
    0x0, 0xff, 0xe2, 0x91, 0x53, 0x84, 0x5b, 0x64,
    0x8a, 0x2, 0xdd, 0x98, 0xf7, 0x71, 0x36, 0xec,
    0x44, 0xff, 0xa1, 0x2b, 0xfe, 0x48, 0xff, 0x88,
    0x3, 0x29, 0x58, 0x5, 0xa, 0x1, 0xdf, 0xf6,
    0xb0, 0xff, 0xd9, 0xbf, 0xf0, 0x3, 0xba, 0x61,
    0xee, 0xfd, 0xe0, 0x1, 0x12, 0x36, 0xae, 0x67,
    0x76, 0x80, 0x62, 0xa3, 0x32, 0x7f, 0xe5, 0x8,
    0x0, 0x8f, 0x2, 0x40, 0x4, 0x57, 0x9e, 0xa0,
    0x0, 0xf1, 0xc8, 0x4, 0x8a, 0x52, 0x90, 0x22,
    0x1, 0xd4, 0x80, 0x1b, 0x32, 0xa0, 0xcc, 0xc4,
    0xa, 0x1, 0x3f, 0x75, 0xa1, 0xdd, 0x88, 0x3,
    0xff, 0x96, 0x7f, 0xa8, 0x1, 0xfb, 0x54, 0x0,
    0x7f, 0xeb, 0x0, 0xe0,

    /* U+83B7 "获" */
    0x2, 0x2a, 0x3c, 0x8b, 0x7b, 0x91, 0x40, 0xd,
    0xd9, 0xc3, 0x77, 0x4, 0x6e, 0xc2, 0x1f, 0xf4,
    0x87, 0xfe, 0x2a, 0xff, 0x84, 0x9, 0xc1, 0x50,
    0x2, 0x20, 0x66, 0x0, 0x63, 0xcd, 0xd1, 0x80,
    0x42, 0x65, 0x54, 0x0, 0x84, 0xc8, 0x90, 0x1,
    0x8c, 0x70, 0x48, 0x7, 0x8a, 0x48, 0x37, 0x6c,
    0x2d, 0xd3, 0x78, 0x8b, 0xe9, 0x4, 0xa6, 0x64,
    0xb, 0x99, 0x84, 0x4, 0x5c, 0xc, 0x89, 0x8,
    0x1, 0x12, 0x0, 0x1e, 0x59, 0x88, 0x4, 0xad,
    0x60, 0x18, 0x76, 0x1c, 0x4, 0x1, 0x25, 0x20,
    0xc0, 0x10, 0xf2, 0x81, 0x38, 0x2b, 0x48, 0x4c,
    0x8c, 0x3, 0xa, 0x9, 0xbd, 0x42, 0x2, 0x3e,
    0x30, 0x0, 0x7a, 0xe1, 0x26, 0x9c, 0x2, 0x89,
    0xa0, 0x0, 0xff, 0x9d, 0x39, 0x40, 0x39, 0xb0,
    0x0,

    /* U+83DC "菜" */
    0x1, 0x19, 0xbc, 0x47, 0x7b, 0x8, 0xc0, 0xe,
    0xea, 0x43, 0xbb, 0x4, 0xf7, 0x42, 0x1f, 0xf5,
    0x8f, 0xfe, 0xb, 0xff, 0x84, 0x0, 0x44, 0x9,
    0x56, 0x89, 0x3a, 0xf8, 0x0, 0x97, 0x31, 0x37,
    0xd8, 0x3d, 0x3b, 0xd2, 0x1, 0x2d, 0xd6, 0xe7,
    0x4, 0xba, 0x9b, 0x60, 0x6, 0x1a, 0x10, 0x45,
    0x30, 0x0, 0xc4, 0x80, 0x64, 0x57, 0x1, 0x50,
    0xa, 0xdd, 0x0, 0x22, 0x24, 0xa1, 0x11, 0x6c,
    0x89, 0x14, 0x44, 0x1, 0xdd, 0xf0, 0x3e, 0xef,
    0x88, 0x7f, 0xf3, 0x10, 0x20, 0xdf, 0xfe, 0x20,
    0x9, 0xb8, 0xf4, 0x77, 0x53, 0x88, 0x1, 0xc,
    0xf5, 0xd5, 0x0, 0x23, 0xda, 0xa7, 0x48, 0x8d,
    0x5a, 0x80, 0x1e, 0x6e, 0xae, 0x10,

    /* U+843D "落" */
    0x1, 0x19, 0x7c, 0x47, 0x7a, 0x88, 0xc0, 0xc,
    0xee, 0x50, 0x77, 0x60, 0xae, 0xe8, 0x1, 0xbf,
    0xeb, 0x1f, 0xf7, 0x78, 0xdf, 0xfc, 0x1, 0x53,
    0x2d, 0x1, 0x71, 0x52, 0x80, 0x7b, 0xaf, 0x54,
    0x7c, 0x36, 0xfb, 0xfc, 0x60, 0x12, 0x6c, 0x86,
    0x92, 0x7f, 0xb9, 0x18, 0xc0, 0x16, 0xe0, 0xbb,
    0x7e, 0x7b, 0x5f, 0x92, 0x1, 0x46, 0x70, 0x63,
    0x86, 0x92, 0x89, 0x0, 0x63, 0xbc, 0x6, 0xae,
    0xe5, 0xfd, 0xcf, 0x51, 0x0, 0x47, 0x20, 0x2,
    0xf, 0xbf, 0x73, 0x31, 0x0, 0x54, 0x6d, 0x81,
    0x11, 0xc5, 0x40, 0x14, 0x35, 0x80, 0x1c, 0xcf,
    0x80, 0x33, 0x3f, 0x8, 0x1, 0x88, 0xb8, 0x3,
    0xc, 0x98, 0x4, 0x5f, 0xfc, 0x1, 0x0,

    /* U+84DD "蓝" */
    0x1, 0x19, 0x7c, 0x47, 0x7c, 0x8, 0xc0, 0xe,
    0xea, 0x83, 0xbb, 0x3, 0xf7, 0x44, 0x1f, 0xf6,
    0x17, 0xfe, 0x28, 0xff, 0x88, 0x0, 0xa2, 0x68,
    0x60, 0xe, 0xe3, 0x80, 0x7a, 0xc8, 0x11, 0x81,
    0x7, 0x3f, 0xe9, 0x0, 0xfe, 0xf7, 0xc7, 0xee,
    0x48, 0x7, 0xe5, 0x54, 0x92, 0xb8, 0x80, 0x7f,
    0xd, 0x8, 0xa6, 0x42, 0x1, 0xbc, 0xc2, 0xdd,
    0x10, 0x0, 0x49, 0x0, 0xe6, 0xff, 0x4e, 0xff,
    0xf4, 0xe8, 0x7, 0x2f, 0xf0, 0x7f, 0x87, 0x7e,
    0x84, 0x3, 0xe1, 0x0, 0xc6, 0x1, 0xc2, 0xb4,
    0xaa, 0x60, 0x55, 0xb, 0x2f, 0x12, 0x92, 0xd1,
    0x5, 0x48, 0x55, 0x2, 0x29, 0x2, 0xa8,

    /* U+884C "行" */
    0x0, 0x8b, 0x8, 0x3, 0xff, 0x80, 0x3e, 0xa4,
    0x1f, 0xff, 0x68, 0x0, 0xb1, 0xa4, 0x1, 0xbb,
    0xf7, 0x81, 0x63, 0x58, 0x8, 0x11, 0x7e, 0x2,
    0x6b, 0xa, 0xd0, 0xf, 0xfa, 0x1, 0x55, 0xc2,
    0x45, 0xf8, 0x2, 0x4a, 0x62, 0xdd, 0xfe, 0x40,
    0x4b, 0xd, 0xc, 0xff, 0xd4, 0x5f, 0xe4, 0x45,
    0xb8, 0x80, 0x7f, 0xf0, 0x16, 0x60, 0x3, 0xff,
    0x82, 0x2c, 0x1, 0xff, 0xeb, 0x22, 0x80, 0x3f,
    0xf8, 0x3b, 0xa8, 0xa0, 0xf, 0x72, 0x0, 0x6f,
    0xf9, 0xc0, 0x20,

    /* U+8868 "表" */
    0x0, 0xfb, 0x94, 0x3, 0xf4, 0xff, 0xf0, 0xd7,
    0xff, 0x10, 0x2, 0x7f, 0xf8, 0x2b, 0xff, 0x88,
    0x2, 0xad, 0xdc, 0x15, 0xbb, 0x98, 0x3, 0x5f,
    0xfe, 0x8, 0xff, 0xce, 0x1, 0x84, 0x8b, 0x9,
    0x17, 0x8, 0x0, 0xff, 0xfc, 0x35, 0xff, 0xd4,
    0x7, 0xff, 0x9c, 0x24, 0x3b, 0xfe, 0xda, 0x0,
    0xc5, 0xab, 0xac, 0x92, 0x0, 0x9f, 0x0, 0x8e,
    0xb4, 0xa0, 0x82, 0x5d, 0x6d, 0x70, 0x0, 0xb8,
    0x1a, 0x20, 0x11, 0x45, 0x16, 0x8, 0x1, 0x7a,
    0x88, 0x3, 0x1b, 0x34, 0xa0, 0x18, 0x40, 0x3,
    0xf5, 0xda, 0x53, 0x2a, 0xc5, 0x0, 0xce, 0xa,
    0x5b, 0xc6, 0xd, 0xcb, 0xe0, 0x19, 0xaf, 0xe0,
    0xc0, 0x30, 0xcd, 0x0,

    /* U+88AB "被" */
    0x0, 0x34, 0x0, 0x7b, 0x8c, 0x3, 0xcc, 0xc2,
    0x0, 0x21, 0x98, 0x54, 0xcc, 0x80, 0x9b, 0xa3,
    0xd9, 0x3b, 0xee, 0x4, 0xf6, 0xd8, 0xac, 0xcc,
    0x1c, 0x3, 0xba, 0x1c, 0xdb, 0x21, 0x12, 0x21,
    0xc5, 0xc0, 0x3e, 0xc5, 0x0, 0xdd, 0x4, 0x1,
    0xf5, 0xc8, 0x4, 0xe4, 0x9e, 0xa3, 0xfe, 0x1c,
    0xfd, 0x70, 0x2, 0x40, 0x6f, 0x11, 0x55, 0xdd,
    0x2, 0x1, 0xdb, 0x83, 0x59, 0x34, 0x48, 0x8a,
    0x50, 0x80, 0x62, 0x82, 0x47, 0x89, 0x41, 0x89,
    0xe0, 0x0, 0x4e, 0x1, 0x4a, 0x60, 0x74, 0xec,
    0x18, 0x7, 0xc2, 0x68, 0x2, 0x1, 0xff, 0x5a,
    0x9c, 0xe4, 0xe5, 0x6b, 0x0, 0x78, 0xee, 0x43,
    0x98, 0xf6, 0xe8, 0x40,

    /* U+88C1 "裁" */
    0x0, 0xcf, 0x60, 0x13, 0xe0, 0xc0, 0x6, 0x5f,
    0xf4, 0x27, 0xfa, 0x44, 0x62, 0xc1, 0x0, 0x2f,
    0x71, 0xcf, 0xb9, 0x0, 0x15, 0x33, 0x0, 0x21,
    0x17, 0xb8, 0x8c, 0x60, 0x15, 0x38, 0x17, 0xfd,
    0x9, 0xff, 0x51, 0x7f, 0xe3, 0x2e, 0xea, 0xe3,
    0xba, 0xb0, 0xee, 0xc6, 0x1, 0x9e, 0x8, 0x0,
    0xc0, 0x1, 0xd5, 0x0, 0x67, 0x73, 0x3, 0x3b,
    0x86, 0x4, 0x86, 0xa0, 0xd, 0xf8, 0x2e, 0xfc,
    0xc0, 0x92, 0xc4, 0x4, 0x0, 0x35, 0x13, 0x93,
    0xae, 0xf, 0x22, 0xe0, 0x1, 0xf2, 0x5, 0xc6,
    0x4, 0x0, 0xbc, 0x10, 0x7, 0xe0, 0x0, 0xba,
    0xf2, 0x8a, 0xc, 0x1e, 0x80, 0x2a, 0x1d, 0xe3,
    0x3d, 0x72, 0xf2, 0x8a, 0xc0, 0x7, 0x77, 0x59,
    0x9a, 0x6d, 0xa1, 0x2d, 0x8, 0x0, 0x50, 0x20,
    0x3, 0xe4, 0x0, 0x4f, 0xd0, 0x0,

    /* U+88F9 "裹" */
    0x0, 0xff, 0xe5, 0xd4, 0x0, 0x7e, 0xdf, 0xfe,
    0x57, 0xff, 0xed, 0x0, 0x6f, 0xff, 0xff, 0x3,
    0x40, 0x23, 0xcb, 0xbb, 0xfd, 0x77, 0x61, 0x80,
    0x67, 0x1a, 0xa9, 0x16, 0xaa, 0x27, 0x0, 0xe2,
    0x88, 0x91, 0x62, 0x21, 0x0, 0xff, 0xe4, 0x13,
    0xd6, 0x64, 0x3, 0x99, 0x50, 0x18, 0x2, 0xe7,
    0xfd, 0x34, 0x3, 0x54, 0xef, 0xea, 0x0, 0x4c,
    0x60, 0x85, 0xb3, 0xe3, 0xb1, 0xcc, 0x80, 0x1b,
    0xc3, 0x38, 0x4c, 0xe7, 0x1b, 0xf1, 0x40, 0xd,
    0xc6, 0xae, 0xdc, 0x49, 0x8, 0xba, 0xa0, 0xc,
    0x67, 0xba, 0x59, 0xda, 0xf9, 0x68, 0x80, 0x7,
    0xfd, 0xcb, 0xa6, 0xe9, 0x90, 0x94, 0x80, 0x13,
    0x98, 0x2c, 0x7f, 0x98, 0x1f, 0xf6, 0x7c, 0x40,
    0x34, 0xf6, 0x41, 0x0, 0x5, 0xf7, 0xc4,

    /* U+8981 "要" */
    0xe, 0xff, 0xff, 0xe0, 0x70, 0x3, 0xfb, 0xa5,
    0x4e, 0xe0, 0xc7, 0x75, 0xe0, 0x1, 0x0, 0xff,
    0xe0, 0x8, 0x0, 0x7b, 0xfc, 0xa9, 0xfe, 0x18,
    0xff, 0x71, 0x80, 0x6e, 0xe3, 0xb7, 0x70, 0xeb,
    0xb8, 0x1, 0xff, 0xca, 0xff, 0x3b, 0x7f, 0x8e,
    0xbf, 0xc0, 0x18, 0x7f, 0xed, 0xd, 0xff, 0xf1,
    0x81, 0x7f, 0xed, 0xd, 0xff, 0xf8, 0x89, 0xdd,
    0x28, 0xef, 0x74, 0xa3, 0xdd, 0x10, 0x8, 0xa9,
    0x64, 0xc4, 0x4e, 0xba, 0x23, 0x0, 0x6c, 0x5c,
    0xef, 0xf4, 0xc8, 0xc0, 0x3c, 0x29, 0x84, 0x40,
    0x1, 0xce, 0xca, 0x0, 0x59, 0xdc, 0xce, 0x9f,
    0xf6, 0x7c, 0x85, 0xa8, 0x3, 0x3f, 0x69, 0xd0,
    0x3, 0x24, 0xfa, 0x80,

    /* U+89C1 "见" */
    0x0, 0x17, 0xff, 0xf8, 0x80, 0x3d, 0x79, 0x9e,
    0xa0, 0xf, 0xca, 0x66, 0x1, 0x33, 0x38, 0x7,
    0xfd, 0xea, 0x1, 0xff, 0xc2, 0x11, 0x0, 0x7f,
    0xf0, 0x8c, 0xc0, 0x1f, 0xfc, 0x21, 0x10, 0x7,
    0xff, 0x4, 0x80, 0x2, 0x1, 0xff, 0xc0, 0x71,
    0xf6, 0x0, 0xfc, 0x5a, 0x21, 0xc8, 0x1, 0x16,
    0x90, 0x7, 0x10, 0x22, 0x24, 0x3, 0x10, 0x58,
    0x80, 0x64, 0xb7, 0x30, 0xf, 0x20, 0x4, 0x75,
    0x6f, 0x0, 0xe, 0x11, 0x94, 0x44, 0x1b, 0x83,
    0x90, 0x0, 0xf7, 0xee, 0xaa, 0x40, 0x1d, 0xcb,
    0x30, 0x9, 0x3b, 0xff, 0x38, 0x0,

    /* U+89C4 "规" */
    0x0, 0xb5, 0x0, 0x19, 0xff, 0xe3, 0x0, 0xfe,
    0x9e, 0xec, 0x1, 0x17, 0xf8, 0xaf, 0xdc, 0xc,
    0x50, 0x4, 0x2, 0x2d, 0xd0, 0x46, 0xb0, 0x5,
    0x64, 0x1, 0xc4, 0x51, 0x90, 0x80, 0x7f, 0x84,
    0x44, 0x22, 0x0, 0xe1, 0x0, 0xd1, 0xdc, 0xa,
    0xea, 0x0, 0x84, 0x3, 0xa3, 0xb8, 0x19, 0xd4,
    0x1, 0x88, 0x3, 0x84, 0xc2, 0x84, 0x29, 0xcc,
    0x18, 0x1c, 0x80, 0x26, 0x14, 0x70, 0x62, 0xa0,
    0xd0, 0x81, 0x0, 0xb5, 0xfe, 0x54, 0x5, 0x98,
    0x1, 0x38, 0x0, 0x5a, 0x8a, 0xc4, 0x35, 0xbc,
    0x2, 0xa1, 0xd, 0x53, 0x5, 0x56, 0x4, 0x83,
    0x80, 0x8, 0x50, 0x6c, 0x0, 0x3e, 0xd8, 0x8,
    0x5f, 0xe6, 0x4, 0xd1, 0x0, 0xf, 0xd0, 0x0,
    0xbb, 0xfd, 0x20,

    /* U+89C8 "览" */
    0x0, 0xfc, 0x40, 0x1c, 0x5e, 0x0, 0xe4, 0x1,
    0xd3, 0x0, 0xff, 0x9c, 0x33, 0xfe, 0xe0, 0xf,
    0xae, 0x29, 0xf7, 0x5e, 0x1, 0xe9, 0x17, 0x67,
    0x52, 0x13, 0x70, 0xd, 0x5a, 0x7, 0x30, 0x80,
    0x30, 0x0, 0x27, 0x31, 0x0, 0x33, 0xa0, 0x5,
    0xbe, 0x79, 0xff, 0xce, 0x20, 0x1a, 0xff, 0xd9,
    0xdf, 0xed, 0x0, 0xfe, 0xd4, 0x0, 0xff, 0xe0,
    0x8, 0x80, 0x3f, 0xe5, 0x8, 0x70, 0xf, 0xb5,
    0x16, 0xa0, 0x3c, 0xb, 0xc5, 0x80, 0x5b, 0x2e,
    0x9c, 0x4, 0x2, 0x48, 0x87, 0x55, 0x39, 0x42,
    0xdb, 0xfe, 0xb9, 0x8e, 0xc6, 0x0, 0x9f, 0xff,
    0x9c,

    /* U+89D2 "角" */
    0x0, 0xff, 0xe3, 0xf, 0xa8, 0x7, 0xfd, 0x61,
    0x5f, 0xf9, 0x0, 0x39, 0x17, 0x3f, 0xeb, 0x5,
    0x0, 0xc5, 0x52, 0x60, 0x14, 0x40, 0x40, 0x22,
    0xd1, 0xe8, 0x8b, 0xcf, 0xe2, 0xdc, 0x71, 0x0,
    0x46, 0x50, 0x51, 0x12, 0x48, 0xe4, 0x84, 0xce,
    0x1a, 0x99, 0x41, 0x1, 0x0, 0x3b, 0x75, 0x63,
    0xbb, 0x40, 0x7, 0x6f, 0x71, 0xc3, 0xba, 0x50,
    0x9, 0x80, 0xce, 0xc1, 0x33, 0xb4, 0x2, 0x10,
    0x44, 0xb0, 0x51, 0x2c, 0x0, 0xb4, 0x22, 0x27,
    0x8, 0x89, 0x0, 0x25, 0xac, 0xca, 0xc7, 0x32,
    0x80, 0x2, 0x9a, 0x80, 0x78, 0x89, 0xe0, 0x8,
    0xb0, 0xf, 0xbb, 0x5a, 0x83, 0x54, 0x3, 0x27,
    0x6, 0x7f, 0x30,

    /* U+89E3 "解" */
    0x0, 0xd, 0x0, 0x7f, 0xf0, 0x9c, 0x3, 0xf,
    0xff, 0xc2, 0x0, 0xa5, 0xff, 0x50, 0xcc, 0x81,
    0xe6, 0x0, 0x40, 0xcb, 0xfc, 0x5e, 0xc, 0xa3,
    0xc, 0xa0, 0x16, 0x8b, 0x51, 0x69, 0x87, 0xc8,
    0x1, 0xc8, 0xc, 0x40, 0xd6, 0x92, 0xb0, 0x1e,
    0x36, 0xa8, 0x7, 0x66, 0xa2, 0xb6, 0x35, 0x21,
    0xd3, 0xee, 0x1, 0x1c, 0x8c, 0xc0, 0x3d, 0x85,
    0x8, 0x7, 0xb0, 0x30, 0xc1, 0xc7, 0xce, 0xbf,
    0xc2, 0x0, 0x45, 0x15, 0xb0, 0xba, 0xe1, 0x8e,
    0xe0, 0x80, 0xa4, 0xc, 0x48, 0x5a, 0x89, 0x10,
    0x44, 0x0, 0x21, 0xe0, 0xe2, 0x9, 0xff, 0x1d,
    0x7f, 0x88, 0x3a, 0x18, 0x5a, 0xc3, 0xba, 0x18,
    0xee, 0x10, 0x22, 0x0, 0x2f, 0x1, 0x18, 0x88,
    0x22, 0x3, 0x62, 0x8, 0xb6, 0xc0, 0xf, 0xc7,
    0x60, 0x6, 0xbe, 0x40, 0xb, 0x14, 0x2,

    /* U+89E6 "触" */
    0x0, 0xff, 0xe3, 0x17, 0x80, 0x79, 0x3c, 0x3,
    0xd4, 0x1f, 0xe9, 0x0, 0xff, 0x9b, 0x3c, 0xb4,
    0x15, 0xb8, 0x19, 0x8a, 0x0, 0xb1, 0x5a, 0x2c,
    0x2b, 0xc7, 0xc, 0xd8, 0x3, 0x40, 0xe5, 0x53,
    0xa0, 0x5f, 0x8d, 0x40, 0x0, 0xe5, 0x20, 0x69,
    0x80, 0x3f, 0xc4, 0x98, 0x38, 0xc0, 0x1f, 0xf1,
    0x70, 0x72, 0x0, 0x2f, 0x86, 0x64, 0x1, 0xb,
    0x90, 0x91, 0x2, 0x31, 0x83, 0xf2, 0x0, 0x25,
    0xe1, 0xe6, 0x6, 0x67, 0x3, 0x72, 0x80, 0x9,
    0xb8, 0x39, 0x40, 0x3c, 0x4e, 0x0, 0xef, 0x1,
    0x3, 0x0, 0xe3, 0x28, 0x0, 0x2a, 0x0, 0x6f,
    0xac, 0xb0, 0xc5, 0x4, 0x20, 0x20, 0x4, 0x3f,
    0x9d, 0xd6, 0xfe, 0xbe, 0x16, 0x80, 0x3a, 0x39,
    0xa5, 0xd4, 0x80, 0x11, 0x0,

    /* U+8A00 "言" */
    0x0, 0xf0, 0xa8, 0x7, 0xff, 0xe, 0x20, 0x1,
    0xff, 0xc1, 0x19, 0x73, 0x0, 0xf1, 0x7f, 0xfa,
    0xc3, 0x3f, 0xf8, 0xcb, 0xff, 0xff, 0x84, 0x60,
    0x15, 0xf7, 0x7e, 0xc0, 0xf, 0x57, 0xff, 0xed,
    0x0, 0xf0, 0x8f, 0xf8, 0x3, 0xd7, 0xff, 0xfb,
    0x0, 0x3d, 0x7f, 0xff, 0xb0, 0x3, 0xdd, 0xff,
    0xfc, 0x1, 0xe1, 0xbe, 0xef, 0x58, 0x7, 0xe7,
    0x11, 0xf3, 0x80, 0x7e, 0x43, 0x3f, 0x28, 0x7,
    0xe8, 0xee, 0xf4, 0x80, 0x7d, 0xfe, 0xdd, 0xf7,
    0xf8, 0x2,

    /* U+8BA1 "计" */
    0x0, 0x2b, 0x0, 0x7b, 0xd0, 0x3, 0xcd, 0x10,
    0x0, 0xff, 0xe0, 0x9e, 0x32, 0x0, 0x7f, 0xf0,
    0x4b, 0xd0, 0x3, 0xfc, 0x2c, 0xca, 0x20, 0x22,
    0xc0, 0x45, 0x80, 0xaa, 0x8a, 0x83, 0xbb, 0x82,
    0x77, 0x65, 0x3c, 0xc2, 0x0, 0xf7, 0x60, 0x9e,
    0xe9, 0x40, 0x3c, 0x23, 0x80, 0x84, 0x60, 0xf,
    0xfe, 0xd3, 0x48, 0x7, 0xff, 0x1, 0x62, 0xe8,
    0x3, 0xfe, 0x41, 0x2d, 0x30, 0xf, 0xf9, 0x1f,
    0x40, 0x3f, 0xe0,

    /* U+8BA4 "认" */
    0x0, 0x31, 0x80, 0x72, 0x78, 0x7, 0xec, 0x50,
    0xe, 0x10, 0xf, 0x9a, 0xac, 0x40, 0x3f, 0xf8,
    0x2b, 0xe2, 0x1, 0x8, 0x7, 0x84, 0xcc, 0xa0,
    0x1c, 0x42, 0x1, 0xcd, 0x98, 0xa7, 0x0, 0xdc,
    0x1, 0xe7, 0xff, 0x18, 0x7, 0xc4, 0x1, 0xff,
    0xc1, 0x50, 0x40, 0xf, 0xfe, 0x9, 0xae, 0x80,
    0x7f, 0xf0, 0xc, 0x21, 0x4, 0x3, 0xf2, 0xb8,
    0x4a, 0x92, 0x48, 0x7, 0x8a, 0x6d, 0xd, 0x64,
    0x21, 0xc8, 0x3, 0x20, 0x97, 0x96, 0xb1, 0x81,
    0xb7, 0x88, 0x6, 0x5d, 0x1c, 0x59, 0x0, 0xa5,
    0xbc, 0x2, 0x4a, 0x0, 0x75, 0x80, 0x75, 0xe8,
    0x0,

    /* U+8BAE "议" */
    0x0, 0x40, 0x80, 0x61, 0xb0, 0x8, 0x80, 0x31,
    0x68, 0x3, 0x8c, 0x5d, 0xc0, 0xf, 0x60, 0xa,
    0x81, 0xc0, 0x94, 0x26, 0x40, 0x24, 0x80, 0x1b,
    0x5c, 0x13, 0x1, 0x54, 0x4a, 0x24, 0x0, 0x33,
    0x38, 0x3, 0x10, 0x1, 0x65, 0x8a, 0x0, 0x4c,
    0xc4, 0x90, 0x20, 0xa0, 0x4, 0xba, 0x0, 0x4f,
    0xf0, 0x6, 0x5d, 0x0, 0x11, 0x1c, 0x3, 0xfa,
    0x58, 0x42, 0x14, 0x40, 0x3f, 0x8c, 0xd0, 0x4b,
    0x20, 0x1f, 0xf7, 0xb6, 0xb1, 0x80, 0x7e, 0x31,
    0x3, 0x0, 0x50, 0x7, 0xe8, 0xc5, 0x9, 0x2,
    0xd4, 0x0, 0xe4, 0x4, 0xd6, 0xc4, 0xdd, 0x25,
    0xc0, 0x80, 0x58, 0x3d, 0x7a, 0xda, 0x41, 0x52,
    0xdc, 0x80, 0x8, 0xe0, 0xdd, 0x50, 0x6, 0x6e,
    0xa4,

    /* U+8BAF "讯" */
    0x0, 0x20, 0x7, 0xff, 0xe, 0x28, 0xf, 0xff,
    0xe8, 0x0, 0xda, 0x8c, 0x2c, 0xc0, 0x46, 0x60,
    0x7, 0x86, 0xbc, 0xa6, 0x43, 0x13, 0x25, 0x0,
    0xf2, 0x48, 0x7, 0xfc, 0x2e, 0xed, 0x10, 0xf,
    0xf8, 0xf7, 0x44, 0x60, 0x1f, 0xf1, 0x55, 0x0,
    0xb, 0xfe, 0x1c, 0xfa, 0x30, 0xf, 0xcb, 0xba,
    0x9, 0xdb, 0x1, 0x0, 0xfc, 0x44, 0x15, 0x21,
    0x10, 0x7, 0xe1, 0x0, 0xf8, 0xc0, 0x3c, 0xbe,
    0x20, 0x1d, 0xc2, 0x20, 0x8, 0x42, 0x28, 0x40,
    0x38, 0x99, 0x5c, 0x1, 0x81, 0x88, 0x1, 0xe5,
    0x2c, 0x20, 0x7, 0x70, 0xc0, 0x3e, 0x15, 0x74,
    0x0, 0x18, 0x80, 0x6e, 0x30, 0xa, 0xb8, 0x40,

    /* U+8BB0 "记" */
    0x0, 0x5a, 0x0, 0x4, 0xcf, 0xe0, 0xd, 0xb6,
    0x80, 0xd9, 0x9f, 0x18, 0x4, 0xd3, 0x40, 0xff,
    0xfe, 0x0, 0xf3, 0x78, 0x7, 0xfc, 0x4c, 0xcb,
    0x30, 0xf, 0xf9, 0xaa, 0x88, 0xe0, 0x2, 0x11,
    0xe0, 0x9, 0x33, 0x4, 0x0, 0x3d, 0xee, 0xe0,
    0xf, 0xfb, 0xbb, 0x80, 0x40, 0x3f, 0x84, 0x7b,
    0xc8, 0x3, 0xff, 0x94, 0xae, 0x1, 0xf4, 0x8,
    0x4, 0x75, 0x62, 0x1, 0xf3, 0x90, 0x1, 0x4,
    0x5e, 0xe0, 0x84, 0x59, 0x40, 0x80, 0x23, 0xe1,
    0x25, 0xbd, 0xdd, 0x50, 0x20,

    /* U+8BBE "设" */
    0x0, 0x8, 0x7, 0xff, 0xe, 0xa4, 0x2, 0x2f,
    0xfe, 0x20, 0xd, 0x4f, 0x20, 0x1b, 0xba, 0x0,
    0xf0, 0xe2, 0x0, 0x4, 0x78, 0x3, 0xe2, 0xd0,
    0x2, 0x10, 0x7, 0xe3, 0x32, 0x80, 0xa, 0x64,
    0x1, 0x95, 0x42, 0x79, 0x8a, 0x24, 0xd6, 0x50,
    0xa, 0x73, 0x88, 0xff, 0xc0, 0x4, 0x9a, 0x22,
    0xc9, 0x16, 0x60, 0x1e, 0xbd, 0xdf, 0x63, 0x0,
    0x7d, 0xa3, 0x9f, 0xf5, 0x83, 0x0, 0x7e, 0x8e,
    0x0, 0xc, 0xc0, 0x7, 0xc8, 0xc, 0xcb, 0x1d,
    0x67, 0x0, 0xf4, 0xd0, 0x85, 0xa7, 0x15, 0x80,
    0x72, 0x82, 0xf8, 0x9d, 0x0, 0x6, 0x48, 0x3,
    0x48, 0xf1, 0x76, 0x1e, 0xfe, 0x16, 0xe8, 0xc0,
    0x19, 0xc0, 0x77, 0xf2, 0x40, 0x77, 0xd6, 0x60,

    /* U+8BBF "访" */
    0x0, 0xfe, 0x14, 0x0, 0xfa, 0xe0, 0x3, 0x8a,
    0xc0, 0x3e, 0x96, 0x80, 0xc, 0x62, 0xa0, 0x1e,
    0x2c, 0x30, 0xaa, 0xc5, 0xf5, 0x51, 0x0, 0x45,
    0x60, 0x44, 0x55, 0x21, 0x16, 0x1, 0x77, 0x69,
    0x4, 0x41, 0x22, 0x3c, 0x44, 0xcc, 0x12, 0x0,
    0x4f, 0xe2, 0x31, 0x0, 0xe, 0xec, 0x60, 0x18,
    0x5f, 0xba, 0xd3, 0x0, 0xfe, 0x2c, 0xff, 0x80,
    0x40, 0x3f, 0x8, 0x10, 0x6, 0x30, 0xf, 0x85,
    0x44, 0x40, 0x2, 0x1, 0x0, 0xef, 0xd7, 0xd4,
    0x0, 0x84, 0x3, 0xc6, 0xd6, 0xed, 0xc0, 0x13,
    0x10, 0x6, 0x80, 0xc6, 0xa4, 0x40, 0x10, 0xfb,
    0x80, 0x68, 0xd3, 0x33, 0x50, 0xe, 0xf2, 0x48,
    0x7, 0x10, 0x1e, 0x88, 0xf, 0xfb, 0x8c, 0x0,

    /* U+8BC1 "证" */
    0x0, 0xff, 0xe2, 0x96, 0x10, 0x0, 0x8c, 0xff,
    0x0, 0xa, 0xf0, 0xc2, 0xf7, 0x6c, 0xc6, 0xec,
    0x60, 0x7, 0x99, 0x4, 0xf7, 0x50, 0x7d, 0xd1,
    0x80, 0x4f, 0x40, 0x1f, 0xf0, 0xc4, 0x38, 0x40,
    0x8, 0x1, 0xf8, 0xc8, 0x82, 0x40, 0xb, 0x30,
    0xf, 0x8a, 0xa8, 0x1, 0xf8, 0xff, 0xdc, 0x1,
    0xff, 0xc1, 0xdd, 0x60, 0x7, 0xff, 0x0, 0xc8,
    0xa0, 0xf, 0xfe, 0x4b, 0x61, 0x80, 0x7f, 0xf0,
    0x69, 0x8c, 0x3, 0xfe, 0xb0, 0x99, 0x83, 0xe6,
    0xe, 0x66, 0x50, 0x6, 0xdb, 0x0, 0xb2, 0xb,
    0xb8, 0x46, 0x0,

    /* U+8BC6 "识" */
    0x1, 0xb1, 0x0, 0x88, 0xcf, 0xc0, 0x10, 0x8b,
    0xc8, 0x1, 0xb9, 0x9e, 0x40, 0xa, 0x9e, 0x40,
    0x2c, 0xff, 0xc0, 0x1e, 0x9a, 0x0, 0xff, 0xe0,
    0x19, 0x94, 0x40, 0x3f, 0xe3, 0xcc, 0x51, 0x80,
    0x7f, 0xc7, 0xfe, 0x0, 0xe6, 0x33, 0xc0, 0x1f,
    0xe1, 0xac, 0xcc, 0x1, 0xfe, 0xef, 0xff, 0x20,
    0x7, 0xf2, 0x88, 0x1, 0x40, 0x3f, 0x40, 0x9d,
    0x18, 0x2, 0x1c, 0x3, 0xd8, 0x81, 0x28, 0x40,
    0x9, 0x81, 0x0, 0x98, 0x13, 0x9, 0x60, 0x2,
    0x43, 0x90, 0xb, 0x16, 0xc3, 0x98, 0xc0, 0x35,
    0x30, 0x5, 0x54, 0x0, 0x7c, 0x80, 0x73, 0x78,
    0x0,

    /* U+8BD1 "译" */
    0x0, 0x18, 0x7, 0xff, 0x8, 0xb1, 0x0, 0x7f,
    0xff, 0x28, 0x0, 0x9e, 0x40, 0x79, 0x1b, 0xba,
    0x80, 0x50, 0xa, 0x0, 0xc0, 0x69, 0xd0, 0x56,
    0x2c, 0x3, 0xb4, 0xc0, 0x3, 0xb7, 0x97, 0x64,
    0x0, 0x8c, 0xcc, 0x1, 0x84, 0xc, 0x94, 0x2,
    0x3c, 0xc4, 0x90, 0x1c, 0xeb, 0x73, 0xfc, 0x18,
    0x1f, 0xf8, 0x1, 0x3a, 0x3b, 0x32, 0xac, 0x1d,
    0x30, 0xe, 0x9f, 0xa0, 0x47, 0x20, 0xbe, 0x30,
    0xf, 0x26, 0xea, 0x83, 0x76, 0x20, 0xf, 0x97,
    0xfd, 0x81, 0xff, 0x10, 0x7, 0x88, 0xce, 0x50,
    0x33, 0xc0, 0x1d, 0x9b, 0xba, 0x43, 0x77, 0x18,
    0x2, 0x1, 0xff, 0xba, 0xc0, 0xee, 0xc6, 0x0,
    0xeb, 0x90, 0xf, 0xf8,

    /* U+8BDD "话" */
    0x0, 0xff, 0xe0, 0x98, 0x4, 0x38, 0x40, 0x11,
    0x23, 0x4e, 0x7e, 0x98, 0x0, 0x57, 0x8, 0x3b,
    0x67, 0x59, 0x37, 0x8c, 0x2, 0x94, 0xa0, 0xef,
    0xdb, 0xb, 0x20, 0xf, 0x54, 0x0, 0x7f, 0xf0,
    0xc, 0xca, 0x0, 0x55, 0xc1, 0x6a, 0xb1, 0x1e,
    0x62, 0x88, 0x62, 0x30, 0x3c, 0x44, 0xe7, 0xfe,
    0x0, 0xe, 0xee, 0xc, 0xdd, 0x94, 0x3, 0xff,
    0x94, 0x57, 0x70, 0x6d, 0xd9, 0x40, 0x3e, 0x64,
    0xdd, 0x4c, 0x6b, 0x68, 0x7, 0xc, 0x80, 0x19,
    0xb8, 0x40, 0x3d, 0x84, 0x1, 0xff, 0xc0, 0x80,
    0x6b, 0x0, 0x22, 0x71, 0x80, 0x62, 0x89, 0x0,
    0xa6, 0x78, 0x3, 0xa9, 0xc0, 0x9, 0xfb, 0xbd,
    0xf0, 0x0,

    /* U+8BE5 "该" */
    0x0, 0x8, 0x7, 0x89, 0x40, 0x3e, 0xc6, 0x0,
    0xe1, 0xa2, 0x0, 0xf7, 0x4a, 0x8a, 0xac, 0xc1,
    0x2a, 0xb0, 0x4, 0x73, 0xc7, 0x33, 0x50, 0x3c,
    0xcc, 0x20, 0x13, 0x59, 0x66, 0x20, 0x37, 0x33,
    0x8, 0x95, 0x50, 0x40, 0x1, 0xa9, 0x20, 0x84,
    0x0, 0x15, 0xd9, 0xd4, 0xf, 0x15, 0xca, 0x1d,
    0x80, 0x7, 0xdc, 0x40, 0x6, 0x12, 0x7e, 0xbd,
    0x10, 0x7, 0xee, 0xe7, 0xe8, 0xc2, 0xbc, 0x0,
    0x7c, 0x22, 0x7c, 0x87, 0x38, 0xd0, 0xf, 0x93,
    0x2b, 0x18, 0xf5, 0xd4, 0x3, 0xe8, 0x4d, 0x34,
    0xc6, 0x80, 0xf, 0x76, 0xf4, 0x4, 0xd8, 0x18,
    0x7, 0x91, 0xa8, 0x9f, 0x97, 0x7c, 0x34, 0x80,
    0x24, 0xc, 0xf, 0xa8, 0xc2, 0xb, 0x7f, 0x0,
    0x93, 0x8d, 0x6f, 0x58, 0x3, 0x56, 0x0,

    /* U+8BE6 "详" */
    0x0, 0xf8, 0x48, 0x3, 0x28, 0x80, 0x7, 0x4c,
    0x2, 0x6f, 0x0, 0x8a, 0x8c, 0x0, 0x37, 0x88,
    0x0, 0x70, 0x60, 0x4, 0x31, 0x0, 0x4d, 0x3e,
    0x6, 0xcf, 0xed, 0x2b, 0xca, 0x1, 0x9a, 0xc1,
    0x34, 0x4a, 0x58, 0xb3, 0xc0, 0x99, 0x98, 0x20,
    0xf7, 0x70, 0xde, 0xdd, 0x3, 0x55, 0xd, 0x40,
    0x2, 0x3f, 0x0, 0x13, 0x30, 0x20, 0x2, 0xee,
    0x82, 0xbb, 0x8c, 0x1, 0xf1, 0x7f, 0xc1, 0x5f,
    0xe6, 0x0, 0xff, 0x84, 0x40, 0x1f, 0xee, 0xec,
    0x37, 0xdd, 0x18, 0x6, 0x1b, 0xad, 0xd8, 0x1f,
    0x76, 0x30, 0x8, 0x68, 0x90, 0xce, 0x1c, 0x33,
    0x80, 0x27, 0x8, 0x90, 0xf, 0xfe, 0x2, 0x53,
    0x80, 0x7f, 0xc0,

    /* U+8BED "语" */
    0x0, 0xff, 0xe2, 0x97, 0x10, 0x2f, 0xff, 0xec,
    0x0, 0x14, 0xe1, 0x2f, 0x73, 0x3, 0xbb, 0x60,
    0x4, 0xee, 0xb0, 0x11, 0x31, 0x8, 0xe0, 0xe,
    0x99, 0x5, 0xfd, 0x17, 0xfd, 0x60, 0x1, 0x66,
    0x58, 0x2, 0xf8, 0xa3, 0xb8, 0xc4, 0x0, 0x3d,
    0xd2, 0x10, 0x0, 0x49, 0x4, 0x40, 0x20, 0x2,
    0xbb, 0x0, 0x2f, 0x3c, 0x3f, 0x30, 0xcf, 0x86,
    0x1, 0xdd, 0x35, 0x49, 0x9a, 0xa9, 0x24, 0x1,
    0xca, 0x8e, 0xff, 0x28, 0x80, 0x7a, 0x77, 0x7e,
    0x30, 0xf, 0x10, 0xb7, 0xff, 0x0, 0x7d, 0x78,
    0x60, 0x1f, 0xf2, 0x2, 0x61, 0x29, 0x9f, 0x0,
    0x73, 0x96, 0x90, 0x1e, 0xef, 0x0, 0x71, 0xe8,
    0x2, 0x3f, 0xbb, 0xbc, 0xc0,

    /* U+8BF4 "说" */
    0x0, 0xff, 0xe0, 0x8, 0x7, 0x51, 0x0, 0x5c,
    0x60, 0x17, 0xb0, 0x6, 0x2c, 0x20, 0x4, 0xf0,
    0x1, 0x5, 0xc0, 0x34, 0x3f, 0x0, 0x1c, 0x8,
    0x21, 0xc4, 0x3, 0xa7, 0x83, 0xbc, 0xb7, 0xcd,
    0xfc, 0x2, 0x33, 0x29, 0x0, 0x2f, 0xbb, 0x58,
    0x4, 0x99, 0x8a, 0x40, 0x8, 0x47, 0x0, 0x64,
    0xff, 0x0, 0x62, 0x33, 0xc4, 0x1, 0xfc, 0x57,
    0x99, 0xac, 0xc0, 0x3f, 0x66, 0x86, 0x60, 0x37,
    0x0, 0x3e, 0x10, 0x10, 0x20, 0xf, 0xf6, 0x7a,
    0x39, 0x8, 0x7, 0xe1, 0x7, 0x84, 0xba, 0x0,
    0xea, 0x30, 0x7, 0x5, 0xbd, 0x83, 0x80, 0x81,
    0x11, 0x0, 0x2b, 0xe4, 0xf1, 0xc0, 0x1, 0x1e,
    0xe8, 0x8c, 0x0, 0x82, 0x1f, 0x42, 0x1, 0x67,
    0xfb, 0x0,

    /* U+8BF7 "请" */
    0x0, 0x40, 0x7, 0x8b, 0xc0, 0x3e, 0x3d, 0x10,
    0xde, 0xe6, 0x87, 0xf7, 0x30, 0x2, 0xb7, 0xb0,
    0xde, 0xe6, 0x7, 0xf7, 0x30, 0x3, 0x55, 0x83,
    0x6e, 0xb0, 0x3b, 0x74, 0xa0, 0x26, 0x65, 0x10,
    0x6d, 0xd6, 0x7, 0xee, 0x94, 0x13, 0x31, 0x46,
    0xbd, 0xd6, 0x87, 0xf7, 0x4a, 0xaf, 0xf0, 0x82,
    0xf6, 0xed, 0x9b, 0xaa, 0xe5, 0x0, 0xf1, 0xe7,
    0xff, 0x59, 0x0, 0x7e, 0x1c, 0xce, 0x0, 0xff,
    0xe, 0xef, 0x0, 0x7e, 0x50, 0x1d, 0xde, 0x0,
    0xf0, 0xec, 0x38, 0xf7, 0x70, 0x7, 0x40, 0x26,
    0xb8, 0xf7, 0x5f, 0xe0, 0xe, 0xc9, 0xa0, 0xf,
    0x7f, 0x8c, 0x80,

    /* U+8BFB "读" */
    0x0, 0x40, 0x80, 0x72, 0x78, 0x7, 0xc5, 0x84,
    0x11, 0xfe, 0xb0, 0xff, 0x8c, 0x2, 0xa5, 0x80,
    0x8e, 0xe5, 0x7, 0x74, 0x60, 0x1a, 0x28, 0x1d,
    0x99, 0xc0, 0xcc, 0x87, 0x1, 0x33, 0x28, 0xf,
    0xfc, 0x6f, 0xfe, 0x6b, 0x4, 0xcc, 0x51, 0xc,
    0x6, 0xc1, 0x64, 0x24, 0x82, 0xff, 0x80, 0x21,
    0x9e, 0x86, 0x10, 0x2, 0x80, 0x7d, 0x75, 0x4b,
    0x10, 0x5, 0x80, 0x7e, 0xae, 0x93, 0x21, 0x0,
    0xfe, 0x8f, 0xa7, 0xf0, 0xbf, 0xf8, 0x40, 0x30,
    0xff, 0xe3, 0x4c, 0xff, 0x84, 0x3, 0x67, 0x0,
    0x20, 0xa6, 0x2c, 0x40, 0x33, 0x83, 0xc9, 0x5b,
    0x69, 0x59, 0xf9, 0x80, 0x5c, 0xf0, 0xda, 0x3e,
    0x60, 0x8, 0x86, 0x88, 0x2, 0x60, 0x1b, 0x68,
    0x40, 0x33, 0x78, 0x80,

    /* U+8C03 "调" */
    0x0, 0x10, 0x7, 0xff, 0xb, 0x1c, 0x1, 0x5f,
    0xff, 0x80, 0x1b, 0xe, 0x0, 0x8e, 0xe5, 0x77,
    0x24, 0xc0, 0x7, 0x78, 0x0, 0x11, 0x5, 0x0,
    0x90, 0x6, 0x4b, 0x0, 0xbb, 0x81, 0xd4, 0x0,
    0x16, 0x65, 0x8, 0x5, 0xdc, 0xe, 0xa0, 0x1,
    0x4c, 0x94, 0xc0, 0x31, 0x80, 0x71, 0xff, 0x80,
    0x21, 0xed, 0xc0, 0xfd, 0x20, 0xf, 0xdb, 0xae,
    0xfe, 0xd2, 0x0, 0xf9, 0xc7, 0xfb, 0xac, 0x0,
    0xfc, 0x4c, 0x1d, 0xcc, 0x0, 0xf8, 0x50, 0x48,
    0x3, 0xf8, 0x43, 0x2d, 0x0, 0x1d, 0xcc, 0x70,
    0xd, 0x40, 0xc5, 0xa0, 0xdd, 0xd5, 0x88, 0x5,
    0xb9, 0x62, 0xc1, 0x20, 0x17, 0x55, 0x80, 0x18,
    0xcb, 0x0, 0x3d, 0xde, 0xe0,

    /* U+8D34 "贴" */
    0xd, 0xff, 0xdc, 0x0, 0x2f, 0x0, 0xfb, 0x3b,
    0x98, 0x1, 0xff, 0xc0, 0x17, 0x1, 0x0, 0xe2,
    0x2c, 0x1, 0xa0, 0x80, 0x3d, 0xbb, 0x84, 0x3,
    0xfe, 0xff, 0xc2, 0x1, 0xff, 0xc8, 0x10, 0xf,
    0xfe, 0x32, 0xe7, 0x86, 0x64, 0xc0, 0x18, 0x4c,
    0x0, 0x4f, 0x15, 0x32, 0x7f, 0x0, 0x20, 0x8c,
    0x6e, 0x4, 0xab, 0x8c, 0x2, 0x95, 0x55, 0x2c,
    0x80, 0x7f, 0xd7, 0xd9, 0x40, 0x1f, 0xf5, 0x32,
    0xb2, 0xc8, 0x36, 0xee, 0x70, 0x2, 0x8d, 0x0,
    0x2b, 0x40, 0xa6, 0x71, 0x0, 0x16, 0xc4, 0x0,
    0x28, 0xfa, 0x89, 0xb6, 0x40,

    /* U+8D39 "费" */
    0x1, 0xee, 0xbf, 0xdd, 0xcf, 0xf7, 0x73, 0xc0,
    0x21, 0xee, 0xb4, 0x7b, 0x83, 0x7d, 0x80, 0x1c,
    0x28, 0x6e, 0x26, 0x61, 0x33, 0x30, 0x7, 0x45,
    0xc5, 0x84, 0x40, 0x22, 0x1e, 0xa0, 0x19, 0x6a,
    0x64, 0x33, 0x20, 0x99, 0xa0, 0x80, 0x23, 0x9e,
    0x81, 0xee, 0x4, 0xf7, 0x37, 0x40, 0x17, 0xc0,
    0xa7, 0xe6, 0x6, 0xf2, 0x55, 0x40, 0x7, 0xdb,
    0x48, 0x22, 0x98, 0x8, 0x99, 0x60, 0x4, 0x90,
    0x4e, 0xff, 0x96, 0x7e, 0x10, 0x40, 0x6, 0x81,
    0xfb, 0xa9, 0x96, 0xeb, 0x0, 0x3f, 0xe8, 0x10,
    0xf, 0xfe, 0xa, 0x8b, 0x28, 0x80, 0x7e, 0xb1,
    0x9b, 0xe7, 0xee, 0x6b, 0x18, 0x5, 0x37, 0x5c,
    0x3e, 0x69, 0x7f, 0x25, 0xd4, 0x0, 0xce, 0xcd,
    0x81, 0x0, 0xcb, 0x7d, 0xc0,

    /* U+8D44 "资" */
    0x0, 0xf8, 0x4c, 0x3, 0xf2, 0x51, 0x80, 0x57,
    0x40, 0x1f, 0x97, 0x75, 0x62, 0x8a, 0xdf, 0xee,
    0xe7, 0xc8, 0x0, 0x5f, 0xb1, 0x6e, 0xbd, 0x4b,
    0xbc, 0x28, 0x3, 0x98, 0xe5, 0x49, 0x48, 0xca,
    0xc, 0x0, 0x4d, 0x7c, 0x2c, 0x5e, 0xf9, 0xaa,
    0xe0, 0x1, 0xdd, 0xb9, 0x23, 0x2a, 0xf, 0x2b,
    0x60, 0x7, 0xed, 0x85, 0x83, 0xdc, 0x0, 0x59,
    0xdc, 0x0, 0x87, 0xfd, 0x6f, 0xdf, 0xfc, 0xec,
    0x1, 0xd9, 0xba, 0xa9, 0xdd, 0x80, 0x3f, 0x11,
    0x5f, 0xc4, 0x50, 0x7, 0xf8, 0x56, 0xc0, 0x3f,
    0x85, 0xc4, 0x5a, 0xa9, 0xd0, 0x72, 0xa0, 0x1d,
    0x71, 0xed, 0x4f, 0xa3, 0x96, 0xe0, 0x16, 0x7e,
    0x8e, 0xd0, 0x0, 0xe7, 0xee, 0xd4, 0x0, 0xfe,
    0xe4, 0x98, 0x7, 0x9b, 0x68, 0x0,

    /* U+8D56 "赖" */
    0x0, 0xff, 0xe3, 0x97, 0x0, 0x65, 0xf3, 0x51,
    0x0, 0x17, 0x73, 0x47, 0xb9, 0x41, 0x43, 0x54,
    0x80, 0x1, 0x66, 0x28, 0x33, 0x16, 0xc9, 0xd2,
    0x36, 0x1, 0x11, 0xb0, 0x19, 0x8a, 0x24, 0x1d,
    0x8, 0x2, 0xef, 0xc0, 0xfe, 0x71, 0xce, 0x85,
    0xf3, 0x0, 0xb3, 0x8b, 0x85, 0x87, 0x31, 0x3e,
    0x20, 0x1f, 0xfc, 0x6, 0xa0, 0xf, 0x77, 0xa,
    0xc4, 0x3, 0x38, 0x7, 0x6f, 0x80, 0xb, 0x8,
    0x0, 0x22, 0x0, 0xe3, 0x1, 0x7, 0x0, 0xc4,
    0x40, 0xf, 0x75, 0x85, 0xe8, 0x80, 0x33, 0x40,
    0x3a, 0xd5, 0xc1, 0x58, 0xf0, 0x54, 0x5b, 0xcc,
    0x8, 0x20, 0x2, 0x82, 0x6d, 0xb5, 0xcd, 0x20,
    0x2b, 0x0, 0xe9, 0x8d, 0x51, 0xa8, 0x90, 0xc,
    0x5e, 0x0, 0x9c, 0x30, 0x9, 0x2c, 0x0,

    /* U+8D70 "走" */
    0x0, 0xfb, 0x94, 0x3, 0xfa, 0xb3, 0x30, 0xd6,
    0x66, 0x70, 0xd, 0xd3, 0x38, 0x12, 0x67, 0x20,
    0x6, 0x45, 0x5c, 0x3c, 0xab, 0x8c, 0x2, 0x44,
    0xf0, 0xfa, 0x27, 0x18, 0x15, 0x57, 0x81, 0x6a,
    0xba, 0x40, 0xbb, 0x99, 0xdd, 0xd, 0x77, 0x75,
    0x0, 0x6f, 0x60, 0xf, 0xfe, 0x11, 0x28, 0x0,
    0x6b, 0x77, 0x48, 0x6, 0x40, 0x50, 0x9, 0x66,
    0x75, 0x0, 0x6d, 0x8, 0x10, 0x1f, 0x44, 0xc6,
    0x1, 0xb, 0x5a, 0x61, 0x0, 0x7f, 0xa9, 0x11,
    0x49, 0xa3, 0x28, 0x64, 0x58, 0x15, 0xa8, 0x1,
    0x3a, 0xe1, 0x39, 0xbb, 0x60, 0x2e, 0x88, 0x4,
    0x51, 0x9b, 0xff, 0xb8, 0x0,

    /* U+8D77 "起" */
    0x0, 0x87, 0xc4, 0x0, 0xbf, 0xfd, 0x0, 0x9,
    0xdf, 0xf, 0xd9, 0x5e, 0xec, 0xa0, 0x15, 0xf5,
    0x5, 0x75, 0x80, 0x8e, 0x30, 0x8, 0x8d, 0x41,
    0x4c, 0x80, 0x3f, 0xb, 0xba, 0x42, 0x5d, 0xc0,
    0x42, 0x31, 0x0, 0x59, 0x83, 0x6, 0xcc, 0x1e,
    0xf7, 0x48, 0x0, 0x1b, 0xb8, 0xae, 0xe1, 0xf,
    0xfb, 0x2c, 0x0, 0xb8, 0x6, 0x61, 0x10, 0x7,
    0x19, 0x80, 0x6, 0x20, 0x33, 0xd8, 0x1, 0xe4,
    0x10, 0xf2, 0x2, 0xaf, 0xd0, 0xf, 0x73, 0x80,
    0x48, 0x1, 0xe4, 0x33, 0x91, 0x40, 0x92, 0x88,
    0x2, 0x26, 0xad, 0xd9, 0xc, 0x16, 0x18, 0x39,
    0x4c, 0xaf, 0x33, 0x40, 0xa0, 0x1c, 0x58, 0xc6,
    0x6e, 0xfc, 0xa9, 0x40, 0x4, 0xad, 0xff, 0xfc,
    0x80,

    /* U+8D8B "趋" */
    0x0, 0x8b, 0xc0, 0x34, 0x28, 0x7, 0x84, 0x98,
    0x8, 0x80, 0x2f, 0x17, 0xd2, 0x1, 0x46, 0xd8,
    0x6e, 0x86, 0xb, 0xa0, 0x4, 0x2, 0x9f, 0xd0,
    0xff, 0x23, 0xe1, 0x80, 0xc8, 0x4, 0xab, 0x2,
    0xab, 0x16, 0x27, 0x2, 0x10, 0xa, 0x65, 0x61,
    0x53, 0x9d, 0xd4, 0x41, 0xc8, 0xb, 0x37, 0x6,
    0xf1, 0x54, 0xef, 0x8c, 0x2, 0x4d, 0x0, 0x11,
    0x2, 0x3f, 0xf1, 0x0, 0x42, 0x20, 0x19, 0xd6,
    0x8e, 0xec, 0x20, 0x11, 0x10, 0x6, 0xfd, 0x84,
    0x3, 0x18, 0x5, 0xe0, 0xc0, 0x11, 0x77, 0x71,
    0x0, 0x44, 0xf0, 0x20, 0x2, 0xff, 0xf3, 0x0,
    0x12, 0xf4, 0x21, 0x90, 0xc8, 0xbc, 0x28, 0x6,
    0x6e, 0xbd, 0xac, 0xdd, 0xf1, 0x26, 0x80, 0x5,
    0xef, 0xbf, 0xfe, 0x30,

    /* U+8DD1 "跑" */
    0x0, 0xfc, 0xe4, 0x1, 0xf6, 0xff, 0xe0, 0x18,
    0x30, 0xf, 0xd9, 0xfe, 0x0, 0x30, 0x66, 0xed,
    0xe6, 0x1, 0xfa, 0x65, 0xdd, 0x80, 0x39, 0xc0,
    0x29, 0x46, 0x33, 0xc2, 0x1, 0xaf, 0xfc, 0x1c,
    0xbf, 0xdc, 0xc0, 0xe, 0xdf, 0x67, 0xf7, 0xd,
    0xfd, 0x10, 0xe, 0x10, 0xf, 0x18, 0x88, 0x3,
    0xd8, 0x40, 0xee, 0x0, 0xf8, 0x44, 0x1, 0xee,
    0x0, 0x66, 0x3c, 0x2, 0x30, 0xe, 0x79, 0x0,
    0x4f, 0xf3, 0xd0, 0x88, 0x3, 0xf9, 0x4c, 0xdd,
    0x98, 0x0, 0xcc, 0xc7, 0xe4, 0x0, 0xc8, 0xc5,
    0x22, 0xc5, 0x6b, 0x38, 0x80, 0x40, 0x18, 0x98,
    0x53, 0x3e, 0x98, 0x81, 0xf3, 0xff, 0x6b, 0x80,

    /* U+8DDD "距" */
    0xd, 0xff, 0xd1, 0xf, 0xff, 0x80, 0x2c, 0xff,
    0x30, 0x0, 0xf3, 0x3b, 0x40, 0x3f, 0x9c, 0xcf,
    0x88, 0x3, 0xff, 0x8f, 0xbf, 0xe6, 0x0, 0x27,
    0xff, 0x0, 0x59, 0x86, 0x3d, 0x90, 0x1d, 0xda,
    0xc0, 0x38, 0xb9, 0x88, 0x41, 0x48, 0xa6, 0x0,
    0xd8, 0x60, 0xac, 0x80, 0x1f, 0xfc, 0x2d, 0xc0,
    0x45, 0x59, 0x0, 0x3e, 0x5b, 0x80, 0x4, 0x45,
    0x66, 0x1, 0xfe, 0x4d, 0xdd, 0x80, 0x1d, 0xab,
    0x98, 0x0, 0xfe, 0x42, 0xc4, 0x58, 0xc0, 0x75,
    0x5f, 0x8, 0xa3, 0x7a, 0x90, 0x38, 0x62, 0x3c,
    0x40,

    /* U+8DEF "路" */
    0x0, 0xfe, 0x64, 0x0, 0xf6, 0x7f, 0xe7, 0x0,
    0x4b, 0x80, 0x7d, 0x5f, 0xe6, 0x0, 0x40, 0x67,
    0xfc, 0x20, 0x10, 0x80, 0x61, 0x73, 0xee, 0x29,
    0x8, 0x4, 0x20, 0x1a, 0x88, 0x80, 0x6b, 0x20,
    0x1a, 0xbf, 0xcd, 0x6d, 0xad, 0x9e, 0xc8, 0x1,
    0x67, 0xca, 0x7e, 0x68, 0x41, 0x12, 0x0, 0x33,
    0x8, 0x7, 0xe, 0x11, 0x30, 0x80, 0x2a, 0x20,
    0x4b, 0x76, 0xf5, 0xdd, 0x26, 0xc8, 0x80, 0x77,
    0x64, 0x8a, 0xe6, 0x14, 0x1c, 0xc0, 0x32, 0x2d,
    0xe0, 0x44, 0x61, 0xa2, 0x0, 0xf0, 0x80, 0xa2,
    0x60, 0xe, 0x6d, 0x4d, 0xd0, 0x7, 0xf3, 0x1d,
    0x2a, 0xa3, 0x40, 0x4c, 0xf0, 0x80, 0xa, 0x33,
    0xa9, 0x44, 0x1, 0xbb, 0x80, 0x24, 0x73, 0x0,
    0xc7, 0xfd, 0xdb, 0xd0, 0x0,

    /* U+8DF3 "跳" */
    0xd, 0xff, 0xb0, 0x0, 0x9a, 0x1e, 0x40, 0x1d,
    0x9f, 0x40, 0xa4, 0x1, 0xc4, 0xc0, 0x1f, 0x6c,
    0x0, 0x75, 0x68, 0x7, 0xd2, 0xa2, 0x1, 0x9a,
    0x0, 0x29, 0x97, 0x0, 0xa7, 0x0, 0x56, 0x86,
    0x0, 0x8c, 0x6d, 0x90, 0xfc, 0x0, 0x86, 0x0,
    0x2d, 0x70, 0x65, 0x4, 0x30, 0xb, 0x48, 0x2,
    0x40, 0x7, 0x60, 0xd, 0x98, 0x2, 0x9c, 0x3,
    0xdb, 0xef, 0xc2, 0xa0, 0xa, 0x99, 0x0, 0x71,
    0x84, 0xdb, 0x18, 0x1, 0xf1, 0x44, 0x3, 0x8b,
    0xd1, 0x1a, 0x1, 0x16, 0x8, 0x13, 0x6, 0xf1,
    0x21, 0x28, 0x6, 0x82, 0x81, 0xb6, 0x9f, 0x7a,
    0xb0, 0x9, 0x85, 0x42, 0x7f, 0x25, 0x11, 0x70,
    0xa0, 0x5, 0xbe, 0x12, 0x10, 0xc, 0x9c, 0xc0,
    0x15, 0x7f, 0xb0, 0x0,

    /* U+8F68 "轨" */
    0x0, 0x84, 0x3, 0xff, 0x87, 0x52, 0x1, 0xb1,
    0x0, 0x38, 0x59, 0x88, 0x4c, 0xc1, 0x0, 0xfc,
    0x79, 0x60, 0xc, 0xc1, 0x8, 0xf0, 0x4, 0x54,
    0xa9, 0x10, 0xa9, 0xe2, 0xae, 0xe2, 0x80, 0x65,
    0xe8, 0x40, 0xae, 0x1a, 0xe2, 0x0, 0xc6, 0x65,
    0x0, 0xc2, 0x6c, 0x22, 0x0, 0xd8, 0x3a, 0x93,
    0xa6, 0x4, 0x20, 0x1e, 0x1a, 0x90, 0x49, 0x20,
    0x1, 0x0, 0x7b, 0x95, 0x11, 0xa8, 0x24, 0x40,
    0xf, 0xe3, 0x49, 0xc6, 0x47, 0x0, 0xf1, 0xef,
    0xe0, 0x2, 0x9f, 0x3c, 0x3, 0x8, 0x15, 0x67,
    0xa4, 0xb0, 0x22, 0x80, 0x6d, 0x31, 0x73, 0x0,
    0xcd, 0x20, 0x13, 0x80, 0x88, 0x3, 0xeb, 0x70,
    0xb, 0x28, 0x8, 0x3, 0x5b, 0x6, 0x0, 0x67,
    0xfd, 0x0,

    /* U+8F6C "转" */
    0x0, 0x99, 0x0, 0x38, 0x64, 0x40, 0x3d, 0x62,
    0x1, 0xc8, 0xe2, 0x1, 0xb3, 0x4a, 0x32, 0x9b,
    0x31, 0x43, 0x98, 0xb0, 0x4, 0xb8, 0x44, 0xf2,
    0x4c, 0x81, 0x26, 0x5c, 0x0, 0x50, 0x94, 0x54,
    0x25, 0x70, 0xa5, 0x58, 0x2, 0x47, 0xe2, 0x5,
    0x57, 0x2, 0x2a, 0xc4, 0xa, 0x82, 0x1, 0x4c,
    0x8c, 0x26, 0x72, 0x5, 0x34, 0x87, 0x46, 0x68,
    0x5e, 0x66, 0x60, 0xa8, 0xd0, 0xab, 0x7, 0x8,
    0xcc, 0x7c, 0x0, 0x15, 0x10, 0x8, 0x60, 0xaf,
    0x32, 0xb0, 0xc0, 0x8, 0x94, 0x3f, 0x88, 0xe1,
    0x55, 0x6e, 0x80, 0x3f, 0xb2, 0xb, 0xa4, 0x3a,
    0xd2, 0x10, 0x0, 0x1d, 0xfc, 0xa, 0x30, 0x1e,
    0x96, 0xf0, 0xc, 0x40, 0x1f, 0x1f, 0xae, 0xa0,
    0x7, 0xff, 0x6, 0xa7, 0x80, 0x3d, 0xe4, 0x1,
    0xe7, 0xa0, 0x0,

    /* U+8F6E "轮" */
    0x0, 0x84, 0x3, 0xc4, 0x1, 0xfb, 0x88, 0x3,
    0xb6, 0x80, 0x39, 0x60, 0x1d, 0x4c, 0x0, 0xe0,
    0x82, 0x1, 0xc, 0x38, 0x44, 0x10, 0xe, 0x31,
    0x28, 0x2, 0x1d, 0x58, 0x9d, 0x71, 0xd7, 0x3a,
    0x6a, 0x0, 0xc8, 0x54, 0x5, 0x8b, 0x0, 0xc,
    0x4b, 0x10, 0x42, 0x60, 0x5, 0x38, 0x20, 0x0,
    0x7c, 0xc, 0x2c, 0xf0, 0x77, 0xe9, 0x44, 0x1,
    0x17, 0x62, 0x3, 0xb8, 0x9, 0x50, 0x8, 0xf5,
    0xbc, 0x2, 0xc4, 0x40, 0xa1, 0x0, 0xd6, 0x27,
    0xa8, 0x7, 0x30, 0xc4, 0x80, 0x5b, 0x22, 0x1,
    0xe, 0xfd, 0x0, 0xe0, 0xd, 0x10, 0x4, 0x20,
    0x35, 0x76, 0x19, 0x50, 0xf, 0x1f, 0x80, 0x1d,
    0x1c, 0x3, 0x19, 0x8, 0xc8, 0x40, 0x1f, 0xd7,
    0x1d, 0xd4, 0x48, 0x0,

    /* U+8F6F "软" */
    0x0, 0x85, 0x0, 0x31, 0x98, 0x3, 0xf3, 0xc8,
    0x6, 0x9a, 0x0, 0xf4, 0x42, 0x4a, 0x20, 0xc0,
    0xfe, 0x1, 0xe1, 0x20, 0x21, 0x18, 0x89, 0x3f,
    0xf9, 0x42, 0x78, 0xbe, 0x25, 0xd4, 0x7b, 0xb0,
    0x38, 0x3, 0xaa, 0xe4, 0x1, 0x32, 0x39, 0x12,
    0x12, 0x2, 0x56, 0x0, 0x98, 0x19, 0xa0, 0x44,
    0x0, 0x34, 0x31, 0x9f, 0x47, 0x4, 0x60, 0x7b,
    0x0, 0x45, 0x49, 0x1c, 0xa9, 0x1, 0x80, 0x80,
    0x80, 0x1d, 0x51, 0x31, 0x0, 0x30, 0x1c, 0x3,
    0x89, 0x19, 0xee, 0x80, 0xa, 0xad, 0x0, 0x8b,
    0xf6, 0x80, 0x1b, 0x20, 0xe3, 0x68, 0x40, 0x2,
    0xce, 0xe3, 0x3b, 0x19, 0xa2, 0xc5, 0xf8, 0x2,
    0x31, 0x0, 0xc7, 0xac, 0xa1, 0x3, 0x62, 0x1,
    0xf5, 0x3c, 0x80, 0x5e, 0xe4, 0x1, 0xa6, 0x2,
    0x64, 0x1, 0x8b, 0xc,

    /* U+8F7B "轻" */
    0x0, 0xac, 0x80, 0x3f, 0xf8, 0x22, 0x86, 0x0,
    0x3f, 0xff, 0x30, 0x1, 0x6c, 0x11, 0x50, 0xfb,
    0xb4, 0x2, 0x80, 0xca, 0x84, 0xcb, 0xc0, 0x46,
    0x39, 0x73, 0x1, 0xc2, 0xcd, 0xcb, 0x0, 0x8b,
    0x52, 0x0, 0x22, 0x32, 0xe0, 0xc, 0xba, 0x6,
    0x20, 0x15, 0x30, 0x6, 0x2b, 0xa8, 0xd3, 0xe8,
    0x0, 0x3a, 0x50, 0x53, 0x48, 0xeb, 0x95, 0x62,
    0x18, 0x45, 0x98, 0x11, 0x2b, 0xdd, 0x56, 0x6f,
    0x30, 0x77, 0x48, 0x42, 0x4, 0xca, 0xa9, 0x32,
    0xa0, 0xc, 0x41, 0x12, 0x39, 0x8b, 0x1c, 0xc4,
    0x81, 0x6f, 0xe0, 0xe, 0x0, 0x7f, 0x14, 0x6f,
    0x4, 0xa8, 0x7, 0xf9, 0x48, 0x3, 0x33, 0x5e,
    0x2c, 0xd1, 0x80, 0x78, 0x66, 0x64, 0x9, 0x99,
    0x0,

    /* U+8F7D "载" */
    0x0, 0xc9, 0xc0, 0x12, 0x68, 0x49, 0x0, 0x49,
    0xfe, 0xb1, 0xff, 0x50, 0x18, 0x7e, 0x10, 0x1,
    0x3f, 0xd6, 0x3f, 0xea, 0x71, 0x6, 0xa0, 0x0,
    0xee, 0xd6, 0x3b, 0xb6, 0x6, 0xea, 0x7c, 0x87,
    0xfd, 0x7, 0xbf, 0xf5, 0x87, 0xfe, 0x20, 0x22,
    0x60, 0x11, 0x65, 0x3, 0x2b, 0x60, 0x7, 0x7b,
    0x1f, 0xfe, 0x50, 0x21, 0x66, 0x0, 0x3a, 0x13,
    0xeb, 0x3f, 0xc8, 0x4c, 0xc3, 0x20, 0x1, 0x46,
    0xa5, 0xc2, 0x18, 0x36, 0xcc, 0x80, 0x21, 0xa,
    0x81, 0x48, 0xf0, 0x37, 0x25, 0x0, 0x8f, 0xf3,
    0xb, 0x19, 0x80, 0xe0, 0x80, 0x20, 0x3, 0xcd,
    0x5a, 0xc7, 0x6a, 0xd8, 0x8, 0x5a, 0x80, 0x3f,
    0xd0, 0x4f, 0xd9, 0x2d, 0x16, 0x88, 0x70, 0x76,
    0x53, 0x7f, 0x8, 0x6b, 0x77, 0x5b, 0x10, 0x7,
    0x53, 0x84, 0xd0, 0x2, 0x7e, 0xc0,

    /* U+8F85 "辅" */
    0x0, 0xb8, 0xc0, 0x38, 0xfc, 0xb0, 0xc0, 0xa,
    0xe2, 0xaa, 0x30, 0x11, 0x38, 0x1f, 0xc0, 0x8a,
    0x60, 0x2a, 0x6e, 0xbb, 0x96, 0x1d, 0x89, 0x23,
    0x8c, 0xfb, 0x91, 0x5f, 0xec, 0xf, 0xfa, 0x0,
    0xf, 0x78, 0x80, 0x7f, 0xec, 0xf, 0xf8, 0x40,
    0xc0, 0xc0, 0x27, 0x2e, 0xc0, 0xee, 0x0, 0x58,
    0x34, 0x54, 0xe0, 0x1f, 0xf3, 0x68, 0x11, 0x0,
    0xbb, 0x3, 0xb8, 0x1, 0x7c, 0xb9, 0x42, 0x81,
    0x7e, 0x8f, 0xf8, 0x3, 0xc5, 0xca, 0x6, 0x23,
    0xc0, 0x1, 0xad, 0xf0, 0x52, 0x1, 0xec, 0xe,
    0xe0, 0x0, 0x76, 0x74, 0xad, 0xc0, 0xbf, 0x47,
    0xfc, 0x1, 0x3a, 0x10, 0x7, 0xf0, 0x80, 0x7f,
    0xf0, 0x4c, 0xdc, 0x62,

    /* U+8F91 "辑" */
    0x0, 0x98, 0x40, 0x3f, 0xf8, 0x52, 0x60, 0x4,
    0xfe, 0xed, 0xee, 0x0, 0x8c, 0xa, 0x86, 0x2,
    0xee, 0xc8, 0x0, 0x15, 0x30, 0x55, 0x78, 0x19,
    0xf3, 0x80, 0x7, 0x4e, 0xb3, 0x65, 0x96, 0x23,
    0x39, 0x0, 0x4, 0xdf, 0x80, 0x5f, 0x7b, 0xb6,
    0x81, 0x3, 0xa9, 0x80, 0xe, 0x65, 0xff, 0xa6,
    0x98, 0x24, 0x64, 0x1c, 0x74, 0x2a, 0xb1, 0xd2,
    0x1, 0x89, 0x86, 0xb8, 0x3, 0xbb, 0x18, 0x5,
    0x95, 0x40, 0xa4, 0x0, 0x77, 0x63, 0x0, 0xe5,
    0x9, 0x90, 0x3, 0xbb, 0x18, 0x0, 0x77, 0xec,
    0x7, 0x40, 0x1d, 0xd8, 0xc0, 0x3, 0x3d, 0xc0,
    0x86, 0x60, 0x44, 0xd5, 0x9d, 0x38, 0x20, 0x80,
    0x4d, 0xac, 0x1f, 0xf0, 0x43, 0x80, 0x79, 0x2a,
    0x61, 0x95, 0xc, 0x80, 0x30, 0xf8, 0x7, 0xec,
    0x50,

    /* U+8F93 "输" */
    0x0, 0x1b, 0x0, 0x79, 0x50, 0x3, 0xc9, 0x80,
    0x1c, 0x95, 0xe0, 0x18, 0xae, 0x16, 0xe8, 0x0,
    0xd5, 0x47, 0xa0, 0x8, 0xf8, 0x1f, 0xbc, 0x66,
    0x35, 0x70, 0x39, 0x80, 0x50, 0x61, 0x53, 0xdc,
    0xe2, 0xec, 0x25, 0xc, 0x8, 0x87, 0x91, 0xcf,
    0x9f, 0xfe, 0xe6, 0xf, 0xf0, 0x6, 0x63, 0x36,
    0xa2, 0xf, 0x0, 0x57, 0x61, 0x9d, 0xd5, 0xdc,
    0x61, 0xd0, 0x20, 0x14, 0x10, 0x7, 0x83, 0x5d,
    0x80, 0x3e, 0xb9, 0x86, 0x80, 0x4e, 0xe0, 0x7,
    0xf6, 0xb4, 0x2, 0xe6, 0x0, 0x3c, 0x57, 0xca,
    0x1c, 0xb, 0xdc, 0x0, 0xf1, 0x66, 0x21, 0x98,
    0x9, 0xdc, 0x1, 0x70, 0xc, 0xe4, 0x1, 0x84,
    0x3, 0x50, 0x80, 0x7e, 0x10, 0x1d, 0x50, 0xae,
    0x40, 0xc, 0xf2, 0x9, 0x43, 0xb4, 0x15, 0xf4,
    0x0,

    /* U+8FA8 "辨" */
    0x0, 0xff, 0xe3, 0x44, 0x0, 0x36, 0x18, 0x2e,
    0x0, 0x61, 0xb7, 0x21, 0x0, 0xc2, 0xe6, 0xa2,
    0x3, 0xd8, 0x1b, 0x80, 0x1b, 0xf0, 0x2b, 0xc8,
    0x6a, 0x7e, 0x20, 0xca, 0x0, 0xa8, 0xfb, 0x72,
    0x6, 0xa0, 0xb6, 0x13, 0x0, 0x35, 0x6, 0xf8,
    0x0, 0x40, 0xcc, 0x5c, 0x40, 0x2, 0x0, 0x3a,
    0x2, 0x61, 0xe0, 0x79, 0x30, 0xaf, 0x9f, 0x8e,
    0xb2, 0x76, 0x87, 0xf0, 0x11, 0xa7, 0xf8, 0x33,
    0xd8, 0x15, 0x40, 0xa9, 0x60, 0x24, 0x1, 0xf7,
    0xd0, 0x7e, 0x81, 0x90, 0x7f, 0x83, 0x3c, 0xc2,
    0xa4, 0xaa, 0x42, 0xd0, 0x3b, 0x81, 0x7c, 0x60,
    0xd, 0x50, 0x0, 0xb5, 0x0, 0x88, 0x1c, 0x40,
    0x8, 0xd2, 0x0, 0xa7, 0x30, 0xf, 0xdd, 0x42,
    0x6, 0x32, 0x1, 0xfd, 0x4a, 0x0, 0x3a, 0x0,
    0xef, 0x30, 0x0,

    /* U+8FB9 "边" */
    0x5, 0xb0, 0xe, 0x2f, 0x10, 0xf, 0x2b, 0xd8,
    0x6, 0x10, 0x10, 0xf, 0xb5, 0x5c, 0xd5, 0x54,
    0xa, 0xb4, 0x20, 0x4, 0x38, 0xe9, 0x32, 0x60,
    0x99, 0x9f, 0x80, 0x31, 0x3, 0xe6, 0x24, 0xf3,
    0x26, 0x0, 0x2f, 0xfc, 0x1, 0xbd, 0x80, 0x23,
    0x30, 0x2e, 0xd0, 0x7, 0x26, 0x80, 0x42, 0x20,
    0x1, 0x30, 0x6, 0x22, 0x28, 0x4, 0xfe, 0x1,
    0xfa, 0x10, 0x80, 0x22, 0x20, 0x7, 0xce, 0xb2,
    0x1, 0x8, 0x98, 0x3, 0xd3, 0x16, 0x41, 0x31,
    0x42, 0x60, 0x1, 0xd0, 0x6d, 0xd2, 0x0, 0x4,
    0x89, 0xa0, 0x2, 0xf5, 0xbb, 0x42, 0x19, 0x12,
    0xa2, 0x9d, 0x4d, 0x8e, 0xd3, 0x6e, 0xb3, 0x77,
    0x65, 0xd8, 0x13, 0x40, 0x27, 0xcf, 0xff, 0xb8,
    0xc0,

    /* U+8FC7 "过" */
    0x3, 0x50, 0xf, 0xc9, 0xc0, 0x1d, 0x4c, 0x1,
    0xff, 0xc1, 0x3c, 0x95, 0x25, 0x5e, 0xe1, 0x55,
    0x0, 0x47, 0x68, 0x89, 0x9e, 0x50, 0x99, 0x8,
    0x4, 0x82, 0xd9, 0x9d, 0x63, 0x98, 0x10, 0x33,
    0x80, 0xb, 0x20, 0x1f, 0x8b, 0x75, 0x86, 0x8,
    0x86, 0x0, 0xf8, 0xbb, 0x80, 0x10, 0xf4, 0x90,
    0x7, 0xff, 0x4, 0xe8, 0xc0, 0x3f, 0xf8, 0x4a,
    0x20, 0x1f, 0x84, 0x1c, 0x2, 0x2e, 0xe5, 0x90,
    0x6, 0x2f, 0xa, 0x30, 0x1, 0x55, 0x33, 0x0,
    0x10, 0xe2, 0x7c, 0x65, 0x32, 0x3b, 0xc8, 0xae,
    0x80, 0x54, 0xd, 0xa5, 0x53, 0xba, 0xa9, 0x8b,
    0x71, 0xc0, 0x8, 0xa3, 0x37, 0xba, 0xdd, 0x61,
    0x80,

    /* U+8FD0 "运" */
    0x0, 0xff, 0xe2, 0xcd, 0x88, 0x3, 0xbf, 0xfe,
    0x20, 0x4, 0x3f, 0x98, 0x66, 0xef, 0xc4, 0x0,
    0x1c, 0x76, 0x2, 0x2f, 0xc0, 0x1d, 0x2a, 0x1,
    0xff, 0xc4, 0xff, 0xff, 0x22, 0xff, 0xc1, 0x99,
    0x1, 0xe6, 0x72, 0xab, 0x6c, 0x0, 0x66, 0x70,
    0xd3, 0x96, 0x33, 0x8, 0x13, 0x0, 0x68, 0x61,
    0xc, 0xb0, 0xf, 0xe5, 0x28, 0x0, 0x31, 0x40,
    0x7, 0xc5, 0x4a, 0xd1, 0x56, 0x6e, 0x40, 0x1f,
    0x9b, 0x4, 0xb6, 0x86, 0x0, 0x2a, 0x6, 0x2f,
    0xdb, 0x98, 0x65, 0xc8, 0x0, 0x53, 0x4d, 0x63,
    0x19, 0x8, 0x88, 0x82, 0xc4, 0x44, 0xc6, 0xca,
    0xa6, 0x6f, 0x73, 0x75, 0x94, 0x5, 0xc4, 0x0,
    0x6c, 0xff, 0xfb, 0x88,

    /* U+8FD1 "近" */
    0x2, 0x50, 0xe, 0x23, 0x57, 0xad, 0x50, 0x3,
    0x52, 0x0, 0x23, 0xf3, 0xba, 0xd9, 0x50, 0x2,
    0x45, 0x90, 0x69, 0x76, 0xdc, 0xba, 0x0, 0x67,
    0x47, 0x0, 0xff, 0xe1, 0x5a, 0x80, 0x7f, 0xf1,
    0x4c, 0xae, 0xef, 0xcb, 0xb1, 0x13, 0x76, 0x20,
    0x0, 0xc4, 0x41, 0x71, 0x2, 0x24, 0x40, 0x84,
    0x39, 0x4c, 0xe1, 0x33, 0x80, 0xa, 0xa0, 0x8,
    0x88, 0x1, 0xff, 0xc2, 0x7f, 0x0, 0xff, 0xe0,
    0x89, 0x20, 0x7, 0xff, 0x6, 0x4c, 0x80, 0x3f,
    0xd2, 0x13, 0xf0, 0x1, 0x89, 0xc0, 0x21, 0xc5,
    0xd3, 0x9c, 0x53, 0x3b, 0xdd, 0x58, 0x80, 0x18,
    0x53, 0xa3, 0x3b, 0xba, 0x62, 0x8c, 0x70, 0x2,
    0x39, 0xce, 0xed, 0xba, 0xc1,

    /* U+8FD4 "返" */
    0x0, 0xff, 0xe2, 0xa2, 0x80, 0x46, 0xa8, 0xd1,
    0x59, 0xec, 0x1, 0x52, 0x80, 0x32, 0xa3, 0x47,
    0x67, 0x18, 0x0, 0x93, 0x44, 0xa, 0xf9, 0x72,
    0xea, 0x60, 0x19, 0xac, 0x80, 0x6, 0x45, 0xe0,
    0xe, 0x40, 0x9, 0x37, 0x7c, 0x60, 0x28, 0x83,
    0x0, 0xc, 0x77, 0xfd, 0x44, 0x60, 0x55, 0x4c,
    0x0, 0x38, 0x7b, 0x80, 0x22, 0xc0, 0x7, 0xda,
    0x1, 0x1a, 0x65, 0x52, 0xd9, 0x80, 0x1f, 0x18,
    0x19, 0x62, 0xa4, 0x0, 0x7e, 0x95, 0x1, 0xa1,
    0x2d, 0x30, 0xf, 0x22, 0xc4, 0x38, 0x3f, 0x5f,
    0xc, 0x2, 0x80, 0x6, 0x17, 0x65, 0x88, 0x4c,
    0x8c, 0x7, 0x42, 0xa6, 0x18, 0x80, 0xce, 0x43,
    0x72, 0x31, 0xb5, 0xdd, 0x64, 0xee, 0xe9, 0x8b,
    0x32, 0xc0, 0x9, 0xab, 0x7b, 0xb6, 0xeb, 0x4,

    /* U+8FD8 "还" */
    0x0, 0xff, 0xe2, 0xae, 0x8, 0x12, 0x27, 0xe3,
    0x0, 0x2b, 0xe0, 0xc5, 0xdf, 0xed, 0x0, 0xac,
    0x66, 0xbf, 0xec, 0xc, 0xff, 0x70, 0x6, 0xd8,
    0x0, 0xd8, 0x6, 0x1, 0xf0, 0x80, 0x69, 0x6,
    0x30, 0xc, 0xbf, 0xf0, 0x4, 0xec, 0x22, 0xfb,
    0x0, 0x97, 0x68, 0x2, 0x78, 0xa5, 0xc, 0x7b,
    0x0, 0x89, 0x80, 0x6a, 0x29, 0x40, 0x2d, 0x6b,
    0x0, 0xf0, 0xe2, 0x80, 0x61, 0xc1, 0x0, 0xe1,
    0xb3, 0x0, 0xf0, 0xd0, 0x7, 0xff, 0x18, 0x74,
    0x18, 0x3, 0xf, 0x80, 0x71, 0x7a, 0xdd, 0xb1,
    0x8c, 0xa1, 0x48, 0xd1, 0x4d, 0x8e, 0xd3, 0x6e,
    0xb3, 0x77, 0x65, 0xd9, 0x93, 0x40, 0x27, 0xcf,
    0xff, 0xb9, 0x40,

    /* U+8FD9 "这" */
    0x0, 0xfc, 0x4a, 0x1, 0xf3, 0x98, 0x7, 0x35,
    0x10, 0x7, 0x87, 0x10, 0x3, 0x21, 0xd0, 0x7,
    0x9a, 0x29, 0x7f, 0xf1, 0xbf, 0xfe, 0x10, 0x3,
    0xea, 0xee, 0xfa, 0x3, 0x34, 0x40, 0x23, 0x7,
    0xa2, 0x2d, 0xac, 0x64, 0x0, 0x33, 0x81, 0x11,
    0xa4, 0x4, 0xb6, 0x1, 0x1e, 0x64, 0x3, 0x8b,
    0xad, 0xcc, 0x40, 0x11, 0xfe, 0x80, 0x68, 0xb9,
    0x38, 0x0, 0xff, 0xe0, 0x70, 0x3, 0x8, 0x3,
    0xf9, 0x35, 0xf7, 0xdf, 0x10, 0x3, 0xc3, 0xb6,
    0xba, 0x41, 0x4d, 0x66, 0x1, 0x50, 0x24, 0x74,
    0x0, 0x68, 0xa3, 0x0, 0x5b, 0x44, 0x39, 0xcc,
    0x8b, 0x18, 0xb1, 0x11, 0x71, 0xf7, 0x2f, 0x37,
    0x76, 0x5c, 0x99, 0x71, 0x0, 0x1f, 0x7f, 0xdd,
    0xcf, 0xfc, 0x20,

    /* U+8FDB "进" */
    0x5, 0xa0, 0xc, 0x9c, 0x0, 0x4e, 0x0, 0xc8,
    0xf4, 0x1, 0xff, 0xc1, 0x1c, 0x47, 0x25, 0xd1,
    0x55, 0x68, 0xaa, 0x80, 0x21, 0xc7, 0x58, 0x60,
    0x88, 0x30, 0x44, 0x0, 0x31, 0x3, 0xed, 0x8e,
    0xea, 0xc7, 0x74, 0x2, 0xef, 0x8, 0x7, 0xfc,
    0x79, 0x88, 0x22, 0x26, 0x8a, 0x23, 0x45, 0x10,
    0x25, 0x76, 0x0, 0x24, 0xb0, 0x4c, 0x98, 0x26,
    0x4a, 0x1, 0xcd, 0xaa, 0xdb, 0xab, 0x1d, 0xd2,
    0x0, 0x78, 0x97, 0x40, 0x3f, 0xf8, 0x3, 0xc6,
    0x80, 0x1f, 0xd0, 0x10, 0xf, 0xc0, 0x18, 0xc0,
    0x35, 0xa6, 0x96, 0x68, 0x8, 0xcb, 0xe6, 0x86,
    0x4d, 0xa5, 0x32, 0xcc, 0x77, 0x6d, 0xca, 0x62,
    0xd1, 0x0, 0x25, 0x77, 0xff, 0xb9, 0x40,

    /* U+8FDE "连" */
    0x0, 0x10, 0x7, 0x31, 0x80, 0x7c, 0xb8, 0x40,
    0x1a, 0x58, 0x3, 0xe5, 0x7f, 0xe, 0xff, 0x5,
    0x7f, 0xea, 0x0, 0xa4, 0x13, 0xf8, 0x97, 0xbb,
    0xac, 0x3, 0x6a, 0x9, 0x12, 0xc7, 0xcc, 0x46,
    0x0, 0x8, 0xc0, 0xf, 0x71, 0x1, 0x0, 0xe4,
    0xee, 0x80, 0xcc, 0xff, 0xe0, 0xdf, 0xf2, 0x2,
    0x7e, 0x0, 0xe, 0xf7, 0x58, 0x15, 0xba, 0x40,
    0xf, 0x90, 0x88, 0x60, 0xe4, 0x40, 0xf, 0xaf,
    0x32, 0xd0, 0xdc, 0xc8, 0x3, 0xdf, 0x33, 0x58,
    0x3c, 0xcc, 0x1, 0xe4, 0x55, 0x98, 0x29, 0x56,
    0x0, 0xf, 0x3, 0x0, 0x7f, 0xc3, 0x8d, 0x76,
    0xc6, 0x32, 0x24, 0x89, 0xa3, 0x21, 0x5, 0xa6,
    0xdd, 0x66, 0xea, 0x73, 0x17, 0x0, 0x7a, 0x1,
    0x3e, 0x7f, 0xfd, 0xc8,

    /* U+8FF0 "述" */
    0x3, 0x20, 0xf, 0x2e, 0x95, 0x8, 0x4, 0x98,
    0x40, 0x1f, 0x11, 0x3c, 0x80, 0xe, 0xef, 0x1,
    0x22, 0xb4, 0x89, 0x4c, 0xc0, 0xa, 0x5c, 0xaf,
    0x76, 0x70, 0xdd, 0x3d, 0x98, 0x5, 0x45, 0x5f,
    0xeb, 0x0, 0x3f, 0xfc, 0x69, 0xff, 0x18, 0x5,
    0xe6, 0x2a, 0xe0, 0x12, 0x6e, 0x84, 0x2, 0x45,
    0xa3, 0xf9, 0x50, 0x8, 0x88, 0x1, 0xaa, 0xc,
    0xa, 0xa8, 0x40, 0x1f, 0x59, 0x30, 0x4, 0x8f,
    0xc0, 0x1e, 0xa5, 0xd0, 0xe, 0x87, 0x10, 0xe,
    0xec, 0x10, 0xf, 0x58, 0x80, 0x18, 0x61, 0x8,
    0x3, 0xfd, 0x77, 0x1f, 0x42, 0x1b, 0xf1, 0x99,
    0x18, 0xc9, 0xf1, 0x23, 0x46, 0x37, 0x37, 0x69,
    0xa0, 0x2c, 0x10, 0x1, 0xce, 0x77, 0x76, 0xe1,
    0x80,

    /* U+8FF9 "迹" */
    0x0, 0xfc, 0x2a, 0x1, 0xf1, 0x10, 0x3, 0xd4,
    0xc0, 0x1e, 0x4c, 0x60, 0x22, 0x8d, 0x24, 0xc8,
    0xa0, 0x3, 0x6c, 0x2f, 0xee, 0xc8, 0x19, 0xbb,
    0x18, 0x0, 0xfd, 0x77, 0xfc, 0x39, 0xe3, 0x9f,
    0xe3, 0x0, 0x84, 0x1, 0x40, 0x1c, 0xf0, 0x0,
    0x2f, 0xf8, 0x11, 0xc0, 0x39, 0xd5, 0x0, 0xb6,
    0x80, 0x1b, 0x40, 0x24, 0x1, 0x5f, 0x80, 0x9,
    0xc0, 0x9d, 0x8c, 0x4, 0x2, 0x74, 0x10, 0xc,
    0xf2, 0x28, 0x80, 0xc, 0x28, 0x40, 0x19, 0x5c,
    0x67, 0x80, 0x3a, 0xcc, 0x3, 0xd4, 0xaa, 0x0,
    0x8, 0x80, 0x3a, 0x81, 0x91, 0xe8, 0x2f, 0xcc,
    0x80, 0x34, 0xb5, 0x53, 0xe4, 0xc2, 0xff, 0x4,
    0x8c, 0x49, 0xf1, 0x73, 0x67, 0x7f, 0xf7, 0x6e,
    0x1, 0x71, 0x0, 0x1b, 0x3f, 0xdd, 0xd7, 0xfc,
    0x20,

    /* U+9001 "送" */
    0x0, 0x8, 0x4, 0x24, 0x1, 0x8c, 0x40, 0x27,
    0xc0, 0x9, 0xfc, 0x2, 0x1c, 0x50, 0x9, 0xda,
    0xc0, 0xc, 0x2e, 0x0, 0x94, 0x40, 0x6, 0xb6,
    0x34, 0x76, 0xe7, 0x97, 0x27, 0x30, 0xd, 0xa6,
    0x5a, 0x7, 0xc, 0x87, 0xae, 0x1, 0xe6, 0xaa,
    0x8a, 0x6e, 0xa8, 0x80, 0x7f, 0xf0, 0x7, 0xff,
    0x0, 0xfa, 0xc0, 0x7f, 0xf1, 0x4f, 0xfd, 0xc0,
    0x1, 0x70, 0x1e, 0xeb, 0x0, 0xbb, 0xaf, 0x0,
    0xf0, 0x8d, 0x44, 0x36, 0x23, 0x0, 0x7e, 0x66,
    0x76, 0x35, 0x80, 0x7e, 0x2a, 0x9b, 0x30, 0xd7,
    0xb0, 0x8, 0x78, 0x12, 0x3, 0x50, 0x0, 0x3a,
    0x22, 0x1, 0xf7, 0xaa, 0x7, 0x89, 0x8, 0x88,
    0x9c, 0x82, 0xa5, 0x4b, 0xe5, 0x19, 0xbd, 0xcd,
    0xcb, 0xb0, 0xa6, 0x0, 0x6, 0x37, 0xfd, 0xdc,
    0xff, 0xb8, 0x0,

    /* U+9002 "适" */
    0x0, 0xff, 0xe2, 0xa9, 0x0, 0x61, 0x34, 0x79,
    0xcf, 0x10, 0x6, 0xe1, 0x1, 0xff, 0xba, 0xe3,
    0xa7, 0x84, 0x1, 0xf, 0x82, 0x7f, 0xdb, 0x62,
    0xea, 0x20, 0x1a, 0x60, 0x51, 0x36, 0x8a, 0x26,
    0x20, 0x9, 0x83, 0xe2, 0x26, 0x8, 0x8c, 0xe9,
    0x55, 0x5, 0xe6, 0x56, 0x39, 0x99, 0x55, 0x3e,
    0xa0, 0x9, 0xaa, 0x86, 0xaa, 0x10, 0x13, 0x60,
    0x9, 0xcb, 0xee, 0xbf, 0x14, 0xc0, 0x3f, 0x5a,
    0xae, 0x70, 0xf, 0xfe, 0x76, 0xef, 0x60, 0x7,
    0x58, 0x38, 0x66, 0xf7, 0x76, 0x10, 0x2, 0xd2,
    0xf7, 0x4a, 0xe2, 0x38, 0x1d, 0x4c, 0x9f, 0x52,
    0xbb, 0x91, 0x99, 0xb6, 0x64, 0x5, 0x82, 0x0,
    0x39, 0xce, 0xee, 0xdc, 0x30,

    /* U+9006 "逆" */
    0x0, 0xf8, 0x40, 0x30, 0x80, 0x65, 0x10, 0x9,
    0x70, 0x2, 0x1e, 0x40, 0xb, 0x30, 0x20, 0x5,
    0x68, 0x0, 0x5a, 0x20, 0x2, 0x97, 0xd3, 0x88,
    0xa, 0x45, 0x29, 0x43, 0x80, 0x55, 0x40, 0x11,
    0x1a, 0xba, 0xb0, 0xf, 0x80, 0x66, 0x38, 0x19,
    0x91, 0x4c, 0xc3, 0x40, 0x5f, 0xf0, 0x13, 0x0,
    0x79, 0x84, 0xb, 0x6c, 0x3, 0xff, 0x84, 0x4a,
    0x1, 0x9, 0x98, 0xb8, 0xcc, 0x20, 0x1f, 0x9,
    0x76, 0x83, 0xf7, 0x8, 0x3, 0xe2, 0xdd, 0x58,
    0xfe, 0xec, 0x60, 0x1f, 0x86, 0xd8, 0x3, 0xf2,
    0x2, 0x3, 0xf2, 0x40, 0x7, 0xcf, 0x71, 0x35,
    0xb3, 0x40, 0x10, 0x91, 0x80, 0xce, 0x3e, 0xe3,
    0x4f, 0xfe, 0xed, 0xd0, 0xf, 0x90, 0x1, 0xb3,
    0xfb, 0xaf, 0xfb, 0x80,

    /* U+9009 "选" */
    0x4, 0x20, 0xd, 0x4, 0x9c, 0x1, 0xe3, 0xd3,
    0x0, 0x1b, 0x81, 0x8, 0xe0, 0x9, 0xe7, 0xc,
    0x24, 0x36, 0x43, 0xba, 0x90, 0x9, 0xa8, 0xd5,
    0x5d, 0xf6, 0x3f, 0xf4, 0x80, 0x65, 0x4, 0xb1,
    0x0, 0xfe, 0x22, 0x82, 0x3e, 0xf6, 0xc7, 0xae,
    0xe2, 0x1d, 0xd8, 0x37, 0xb8, 0x4d, 0x23, 0x9d,
    0xc3, 0x1f, 0xd0, 0x2, 0x2b, 0x84, 0xb8, 0x32,
    0xa8, 0x40, 0x3e, 0xa4, 0x0, 0xe2, 0x0, 0xf9,
    0x1f, 0xc0, 0x40, 0x2e, 0x40, 0xc, 0x33, 0x70,
    0x80, 0x15, 0xc9, 0xa8, 0x0, 0x41, 0xfb, 0x1c,
    0x2, 0xb2, 0x1a, 0x10, 0x6c, 0x6d, 0xb6, 0x21,
    0x19, 0x6a, 0x82, 0x34, 0x5c, 0xdc, 0xf6, 0xf7,
    0x6d, 0xd5, 0x90, 0xf2, 0x0, 0x16, 0xff, 0xdd,
    0xcf, 0xfc, 0x60,

    /* U+900F "透" */
    0x2, 0x0, 0xf0, 0x92, 0x2c, 0x48, 0x5, 0x38,
    0x0, 0x7e, 0xe6, 0x6d, 0x67, 0xe0, 0x80, 0x2c,
    0x2c, 0x1f, 0xb9, 0xac, 0xf2, 0xea, 0x20, 0x16,
    0xa9, 0xdd, 0xe6, 0x65, 0xde, 0x20, 0x0, 0xf1,
    0xc7, 0xf9, 0x80, 0xd, 0xff, 0x10, 0x7, 0x1a,
    0xf8, 0xaa, 0x87, 0xd5, 0x0, 0x4, 0x50, 0xc7,
    0x8e, 0x19, 0xb0, 0x7e, 0x4, 0x5b, 0xb1, 0xa9,
    0x6c, 0x77, 0x22, 0xec, 0xa6, 0x3f, 0xa0, 0x5a,
    0x9c, 0xf9, 0xce, 0xb, 0xa4, 0x1, 0xe8, 0xa1,
    0xb8, 0xf, 0xf5, 0x0, 0x7e, 0x86, 0x1, 0xfe,
    0x62, 0x0, 0xf0, 0xd3, 0x48, 0x6, 0x4d, 0x0,
    0x84, 0x1a, 0x8f, 0x4, 0xb, 0x74, 0xca, 0x0,
    0x6c, 0x6d, 0x7f, 0x31, 0x11, 0xe7, 0xca, 0x8,
    0xa2, 0xe6, 0xe7, 0x75, 0xdd, 0xb7, 0x56, 0x43,
    0xc8, 0x0, 0x5b, 0xff, 0x77, 0x3f, 0xf1, 0x80,

    /* U+9010 "逐" */
    0x0, 0xff, 0xe2, 0xdd, 0x0, 0xff, 0xff, 0x80,
    0x14, 0x92, 0x3f, 0xf4, 0x8e, 0xff, 0xe0, 0x0,
    0xeb, 0x88, 0xd, 0x4a, 0x10, 0x1, 0x48, 0x2,
    0x3e, 0x17, 0xf1, 0xd5, 0x50, 0x2d, 0x30, 0x7,
    0x15, 0xd5, 0x88, 0x53, 0x5e, 0x20, 0x1f, 0xfb,
    0x8b, 0x12, 0x3b, 0x2, 0x70, 0xc0, 0x7, 0xb4,
    0x20, 0xdc, 0x5a, 0x40, 0xe, 0x10, 0x8, 0x98,
    0x0, 0x7b, 0x47, 0x88, 0x4d, 0x82, 0x1, 0xe5,
    0x37, 0xd8, 0xf3, 0xa6, 0xd0, 0xf, 0x36, 0xde,
    0x28, 0x98, 0x5a, 0x0, 0x70, 0xec, 0x61, 0x8c,
    0xa0, 0x2, 0x0, 0x2a, 0x7, 0xb5, 0xe, 0xe0,
    0x40, 0x7, 0x52, 0x56, 0xe9, 0x93, 0x37, 0x8c,
    0xc8, 0xa4, 0x46, 0xc5, 0xb9, 0xc9, 0xdc, 0xcb,
    0xa6, 0x40, 0x58, 0x20, 0x4, 0xad, 0xee, 0xdb,
    0xac, 0x20,

    /* U+9012 "递" */
    0x0, 0xf8, 0xc8, 0x2, 0x40, 0xc, 0x8e, 0x1,
    0x93, 0x80, 0xb, 0xe0, 0x19, 0xa1, 0x40, 0x98,
    0x4d, 0x99, 0x46, 0xc0, 0x11, 0x4d, 0x88, 0xb3,
    0xb, 0x32, 0x52, 0x91, 0x0, 0x9a, 0x4, 0xea,
    0xb1, 0x55, 0x4, 0x3, 0x98, 0x1, 0xff, 0x51,
    0x7f, 0x84, 0x0, 0x2e, 0xf0, 0x5, 0xbf, 0x23,
    0xff, 0x8, 0x1c, 0xca, 0x4, 0x40, 0x27, 0xc2,
    0x66, 0x42, 0x2, 0xef, 0x0, 0x10, 0x7f, 0x38,
    0x7f, 0xae, 0x40, 0x3c, 0x7f, 0x8c, 0x5, 0x98,
    0x82, 0x0, 0xf8, 0xf4, 0x68, 0x5, 0x2f, 0x80,
    0x3d, 0x5b, 0x74, 0x1, 0x72, 0xb0, 0x5, 0x61,
    0x37, 0xcc, 0x1, 0xd, 0x48, 0x80, 0x2d, 0xb4,
    0xf1, 0xd0, 0xda, 0x4d, 0x15, 0xc4, 0x1f, 0x4a,
    0xe7, 0x67, 0x75, 0x5b, 0x31, 0x62, 0x18, 0x20,
    0x4, 0xad, 0xee, 0xdb, 0xac, 0x0,

    /* U+9014 "途" */
    0x0, 0xfe, 0x51, 0x0, 0xf2, 0xc0, 0x7, 0x2d,
    0x30, 0x7, 0x9d, 0x34, 0x40, 0xd, 0x79, 0x52,
    0x1, 0xc5, 0x88, 0x80, 0x88, 0x61, 0xe1, 0x6a,
    0x80, 0x74, 0x8f, 0x2c, 0xa3, 0x3e, 0xb5, 0x68,
    0x7, 0x3d, 0xfe, 0xe4, 0xde, 0x6f, 0x48, 0x1f,
    0x74, 0x6a, 0x55, 0x41, 0x9a, 0x61, 0x40, 0x3f,
    0xd1, 0x17, 0xfe, 0x1b, 0xff, 0xac, 0x0, 0x22,
    0x1, 0xed, 0xee, 0x5, 0x76, 0xf5, 0x80, 0x78,
    0x79, 0xc4, 0x62, 0xc3, 0x0, 0xf9, 0x81, 0x80,
    0x23, 0x9f, 0x0, 0xf1, 0xc7, 0x0, 0x73, 0x8b,
    0x80, 0x54, 0xb, 0x84, 0xfa, 0x2c, 0x0, 0xd7,
    0x0, 0x52, 0xd5, 0x25, 0x17, 0xbc, 0x80, 0x4d,
    0x0, 0x93, 0xd7, 0x36, 0x37, 0x3f, 0xee, 0xd9,
    0x2, 0xe2, 0x0, 0x36, 0x7f, 0x76, 0xff, 0x68,
    0x0,

    /* U+901A "通" */
    0x0, 0xff, 0xe2, 0xcb, 0x0, 0xb, 0xff, 0xf3,
    0x0, 0x36, 0x58, 0xb, 0xf6, 0x7f, 0xd8, 0x4c,
    0xc0, 0x2, 0x5c, 0xa8, 0x0, 0x73, 0xbf, 0x22,
    0x40, 0x32, 0x52, 0xb, 0x2e, 0x30, 0x3, 0xe1,
    0x0, 0x32, 0x89, 0x4f, 0x70, 0xc1, 0xd, 0xfc,
    0x5, 0x56, 0x0, 0xa2, 0x12, 0x37, 0x30, 0x20,
    0x53, 0x2a, 0x10, 0x7, 0x73, 0x47, 0xb9, 0x0,
    0x3, 0xcd, 0x0, 0xdd, 0xcd, 0x1e, 0xe4, 0x0,
    0x7f, 0x7f, 0xb4, 0x7f, 0xd0, 0x1, 0xfd, 0xfe,
    0xd1, 0xff, 0x40, 0x7, 0xff, 0xf, 0xc0, 0x33,
    0x3, 0x89, 0x0, 0x44, 0x3e, 0xde, 0x0, 0x9a,
    0xbd, 0x99, 0x8, 0x16, 0xf, 0xf9, 0xc4, 0x93,
    0x12, 0xfb, 0xfb, 0xff, 0xbb, 0x48, 0x9a, 0x20,
    0x5, 0xbf, 0xff, 0xc6,

    /* U+901F "速" */
    0x4, 0x20, 0xf, 0x6a, 0x80, 0x78, 0xf0, 0xcb,
    0xff, 0x15, 0x7f, 0xda, 0x0, 0x76, 0xd0, 0xee,
    0xc1, 0x3d, 0xd6, 0x0, 0x50, 0xc4, 0x24, 0x50,
    0x71, 0x14, 0x20, 0x1a, 0x0, 0xf3, 0xfc, 0xf,
    0xfe, 0xc3, 0x2, 0x88, 0x84, 0x7, 0x30, 0x55,
    0x98, 0x10, 0x8, 0x44, 0xe4, 0x0, 0x33, 0x16,
    0x99, 0x80, 0x22, 0x99, 0x8, 0x9, 0x7e, 0x3,
    0xff, 0x88, 0x40, 0x3c, 0x59, 0xa2, 0x0, 0x7d,
    0xc2, 0x0, 0xf8, 0xfe, 0x4a, 0xb3, 0xd0, 0x3,
    0xcf, 0x39, 0x2e, 0x0, 0x7a, 0xa2, 0x80, 0x48,
    0x39, 0xd8, 0xe0, 0x19, 0x31, 0x0, 0x13, 0x52,
    0x98, 0xc4, 0x3c, 0x80, 0x20, 0xa0, 0x4f, 0x8d,
    0x9b, 0x3b, 0xd9, 0xdf, 0xdb, 0x20, 0x5c, 0x40,
    0x6, 0xcf, 0xff, 0xb4, 0x0,

    /* U+9020 "造" */
    0x1, 0x10, 0x4, 0x36, 0x9, 0xc0, 0x1e, 0x6f,
    0x30, 0x3, 0x30, 0xcc, 0x26, 0x71, 0x0, 0x1e,
    0x70, 0xc2, 0x4b, 0xa0, 0x3b, 0xab, 0x0, 0x9e,
    0x4a, 0x53, 0xf6, 0xc7, 0x76, 0x90, 0xc, 0xc3,
    0xb0, 0x22, 0x21, 0x1e, 0x0, 0x8, 0xc1, 0x39,
    0xfe, 0x90, 0xff, 0xca, 0x79, 0xfc, 0x1b, 0xdd,
    0x7f, 0xbb, 0xb2, 0x9e, 0xe0, 0x5, 0xdf, 0xfe,
    0xe0, 0xf, 0xeb, 0xff, 0xd6, 0x20, 0x1f, 0xce,
    0x1, 0xff, 0xc3, 0xa7, 0x7d, 0xa0, 0x1c, 0xc0,
    0x61, 0x23, 0xff, 0x86, 0x0, 0x26, 0xb6, 0xe9,
    0x49, 0x88, 0xe5, 0x33, 0xc, 0x5c, 0xe8, 0xf7,
    0x3f, 0xfb, 0x71, 0x7, 0xd0, 0x1, 0x1b, 0xfe,
    0xee, 0x7f, 0xe7,

    /* U+903B "逻" */
    0x0, 0xff, 0xe2, 0xb6, 0x8, 0xf, 0xff, 0xed,
    0x0, 0x33, 0x34, 0x40, 0x7c, 0xfb, 0xcb, 0xf0,
    0x3, 0x50, 0x30, 0x7, 0xff, 0xb, 0x1c, 0x7,
    0x4f, 0x34, 0xb7, 0x40, 0x1f, 0xe, 0xfa, 0x2f,
    0xef, 0xe6, 0x0, 0xff, 0xe3, 0x2, 0x4, 0xc0,
    0xc, 0x20, 0x55, 0x40, 0x8, 0x7c, 0x27, 0xfd,
    0xba, 0x10, 0x15, 0x50, 0x0, 0xb1, 0xf7, 0x72,
    0x30, 0x80, 0x78, 0x56, 0x72, 0x2, 0x5a, 0x0,
    0x3e, 0x38, 0x3c, 0x6f, 0x5c, 0x10, 0xf, 0xe2,
    0xa1, 0x6c, 0x10, 0xe, 0x90, 0xa1, 0xdc, 0x2d,
    0x90, 0xe, 0x1d, 0x5c, 0x2c, 0x4d, 0x83, 0x12,
    0x21, 0xa1, 0x28, 0x61, 0xdd, 0x97, 0x37, 0xb9,
    0xba, 0xca, 0x14, 0xd0, 0x9, 0xb3, 0xff, 0xee,
    0x30,

    /* U+9053 "道" */
    0x0, 0xf8, 0x40, 0x30, 0x80, 0x65, 0x20, 0x8,
    0xb8, 0xc0, 0x5, 0xc4, 0x1, 0x16, 0x10, 0x9,
    0xad, 0x88, 0xbd, 0x8c, 0x40, 0xe, 0xde, 0x3f,
    0xe4, 0x6e, 0xe1, 0x3f, 0xf8, 0xc0, 0x11, 0x1,
    0xee, 0xc1, 0x7f, 0xdd, 0x18, 0x4, 0xa0, 0xe,
    0xe7, 0x85, 0x77, 0x40, 0x2, 0xcc, 0x88, 0x1,
    0xbf, 0xee, 0xe5, 0x0, 0x45, 0x10, 0x31, 0x0,
    0x6e, 0xf5, 0x0, 0x64, 0x40, 0x6, 0xdd, 0xea,
    0x0, 0xff, 0x76, 0x66, 0x90, 0xf, 0xf4, 0xee,
    0xe9, 0x0, 0xff, 0x63, 0xbe, 0xd0, 0xe, 0x50,
    0xb0, 0x61, 0xff, 0xc0, 0xc0, 0x14, 0x5d, 0x1d,
    0xed, 0xc4, 0xcd, 0x12, 0x64, 0x2d, 0x8b, 0x7d,
    0xcc, 0xef, 0xfb, 0xb9, 0xa2, 0x2e, 0x20, 0x2,
    0xdf, 0x7f, 0xfb, 0x8c,

    /* U+9065 "遥" */
    0x0, 0xfc, 0x46, 0xd1, 0x72, 0x1, 0x3c, 0x0,
    0x37, 0xb7, 0xa7, 0xfb, 0xe0, 0x2, 0x56, 0xb0,
    0xf6, 0xdf, 0x19, 0x62, 0xc0, 0x8, 0xbd, 0x98,
    0x4c, 0xa6, 0xa8, 0x11, 0x0, 0xc, 0x38, 0xc1,
    0x3c, 0x12, 0xe, 0xaa, 0x0, 0xe1, 0x0, 0x6a,
    0x20, 0xc0, 0xf9, 0x0, 0x3, 0x99, 0x3, 0x29,
    0xf5, 0xdb, 0xbf, 0x80, 0x3, 0x14, 0x63, 0xfb,
    0x94, 0x55, 0x58, 0x2, 0x44, 0x1, 0xb6, 0xff,
    0x8a, 0xbf, 0xee, 0x0, 0xe2, 0xf9, 0xff, 0x15,
    0x7f, 0xa7, 0x80, 0x3c, 0x32, 0x20, 0x18, 0x64,
    0x40, 0x3f, 0x33, 0xb, 0x99, 0x80, 0x1d, 0x40,
    0xa2, 0xdd, 0xe8, 0x3f, 0xcc, 0x1, 0x52, 0xd4,
    0xde, 0xc4, 0xdd, 0x4c, 0x5a, 0x81, 0x27, 0xae,
    0x6c, 0x77, 0xfe, 0xed, 0x90, 0x2e, 0x20, 0x3,
    0x67, 0xf7, 0x6f, 0xf6, 0x80,

    /* U+907F "避" */
    0x0, 0xff, 0x91, 0xc0, 0x34, 0xc8, 0x1, 0x1f,
    0xf1, 0x83, 0x48, 0x6, 0xb6, 0x40, 0x3, 0xf9,
    0x3a, 0x30, 0xba, 0x8, 0x14, 0xd0, 0x7, 0xbf,
    0xc5, 0x7e, 0xa0, 0x6, 0x60, 0x7, 0x3c, 0x6,
    0xd1, 0x20, 0x5, 0x0, 0x2f, 0xc6, 0x6, 0xa1,
    0x54, 0x0, 0x11, 0x40, 0x75, 0xdc, 0x1b, 0x2f,
    0x38, 0x50, 0xdd, 0x60, 0x3e, 0xa2, 0x7, 0x68,
    0x1f, 0x58, 0x3f, 0x0, 0x4, 0xfb, 0x8, 0xcc,
    0x1a, 0x63, 0x0, 0xc8, 0x63, 0x28, 0x1f, 0xe1,
    0xdf, 0x40, 0xd, 0x14, 0x1, 0xbf, 0xc1, 0xbe,
    0x80, 0x1a, 0xd8, 0x3, 0xc2, 0x1, 0xca, 0x26,
    0x0, 0xe6, 0x10, 0x1, 0x18, 0x5, 0x17, 0x51,
    0x54, 0xfe, 0x60, 0x6, 0x1, 0x91, 0x1b, 0x17,
    0x31, 0xff, 0xf7, 0x62, 0x17, 0x8, 0x1, 0xaf,
    0xbf, 0xfe, 0x60,

    /* U+90E8 "部" */
    0x0, 0xd6, 0x60, 0x1f, 0xfc, 0x22, 0x90, 0xd,
    0xff, 0xc0, 0x8, 0xcc, 0x32, 0xe6, 0x28, 0x1,
    0x9c, 0xe4, 0x0, 0xb4, 0x45, 0x54, 0xfc, 0x0,
    0x21, 0x4a, 0x0, 0x1f, 0x9a, 0xa8, 0xd9, 0x0,
    0x21, 0x36, 0x0, 0x99, 0x4, 0x3a, 0x80, 0x33,
    0x28, 0x80, 0x8, 0xd1, 0x51, 0x22, 0x0, 0xab,
    0xc0, 0x5, 0xba, 0x4b, 0xb0, 0x66, 0x98, 0x2,
    0xa4, 0x0, 0x5f, 0xff, 0x8c, 0x0, 0xef, 0x0,
    0xf, 0xbb, 0xcc, 0x1, 0xbe, 0x80, 0xe, 0x1b,
    0xb8, 0x84, 0x3, 0x31, 0x80, 0x63, 0x3c, 0xe0,
    0x11, 0x2c, 0x10, 0x7, 0xff, 0x1, 0xe4, 0x7c,
    0x2, 0x1e, 0xec, 0x80, 0x12, 0xe5, 0x98, 0x1,
    0xc3, 0x77, 0x8, 0x7, 0xe0,

    /* U+90FD "都" */
    0x0, 0xfc, 0x60, 0x1f, 0xe1, 0xf0, 0x2, 0x62,
    0xff, 0xf1, 0x3, 0xe7, 0x86, 0xe4, 0x38, 0x8b,
    0x75, 0x20, 0x60, 0xb1, 0x0, 0x94, 0x39, 0x0,
    0x11, 0x31, 0x84, 0x9, 0x1c, 0x15, 0xa4, 0x40,
    0x21, 0x5b, 0x3, 0xaa, 0x68, 0x70, 0xe5, 0x0,
    0x4c, 0x84, 0x3, 0x98, 0xa0, 0x4, 0x66, 0x0,
    0x29, 0xf0, 0x1, 0x33, 0x30, 0xb9, 0xd9, 0x80,
    0x13, 0x40, 0x4, 0x5e, 0xa5, 0xdf, 0xe3, 0x0,
    0xa1, 0xe4, 0x17, 0x41, 0xff, 0xe1, 0x0, 0xe8,
    0x60, 0x4a, 0x62, 0x33, 0x84, 0x3, 0x8c, 0x8,
    0x54, 0x17, 0xfe, 0x0, 0xf1, 0x1, 0x80, 0x51,
    0x99, 0x8, 0x4, 0x7b, 0x90, 0x20, 0x14, 0x7f,
    0xc2, 0x1, 0x1e, 0xf3, 0x80, 0x67, 0xff, 0x84,
    0x3, 0xfd, 0x30, 0x1, 0x71, 0xa7, 0x80, 0x70,

    /* U+914D "配" */
    0x1, 0x1f, 0x80, 0x3f, 0xf, 0x77, 0xc7, 0xff,
    0xe2, 0x1f, 0xf3, 0x59, 0xf7, 0x9e, 0xef, 0x0,
    0x7f, 0xc4, 0x5c, 0x1, 0x3f, 0x35, 0x9f, 0x50,
    0x7, 0xf7, 0xb3, 0x24, 0xa8, 0x40, 0x3f, 0xdf,
    0xca, 0xcc, 0x1, 0xfc, 0xbb, 0x80, 0x3b, 0x88,
    0x2, 0x30, 0xbd, 0xd8, 0x3, 0x71, 0x8, 0x73,
    0x0, 0x19, 0xb8, 0xc0, 0x7, 0x21, 0x7c, 0xc0,
    0x1e, 0x91, 0x0, 0x84, 0xcc, 0xae, 0x1, 0xfe,
    0x58, 0x8c, 0x40, 0x1e, 0x22, 0x0, 0x22, 0xee,
    0xd5, 0x0, 0xf2, 0xc8, 0x2, 0x3b, 0xac, 0x43,
    0x5, 0x22, 0xb0, 0xc0, 0xf, 0xdd, 0x62, 0xa,
    0xde, 0xec, 0xd4, 0x11, 0x0, 0x8, 0xec, 0x2b,
    0xff, 0x69, 0x0,

    /* U+9192 "醒" */
    0x0, 0xff, 0xe2, 0x15, 0x77, 0xfd, 0x4b, 0xdd,
    0xdf, 0xa0, 0x55, 0x47, 0x6b, 0xa5, 0xc, 0xee,
    0xac, 0x3, 0xfe, 0x9b, 0xba, 0x0, 0x2a, 0xb7,
    0x6b, 0xb2, 0x7, 0x44, 0x54, 0x1, 0x2c, 0x8,
    0x40, 0x8, 0x39, 0x9c, 0x40, 0x19, 0x59, 0x58,
    0x40, 0x1b, 0xff, 0x58, 0x80, 0x4d, 0xc6, 0x1,
    0x42, 0xf8, 0x77, 0xe0, 0x5, 0xef, 0xda, 0xa1,
    0xb, 0x61, 0xb7, 0x40, 0x14, 0x8b, 0xe2, 0xf8,
    0xdf, 0x84, 0xfc, 0x80, 0x55, 0x11, 0x2b, 0x5a,
    0x20, 0x11, 0x6, 0x1, 0xfa, 0x73, 0xfc, 0x1d,
    0xf8, 0x1, 0x44, 0x65, 0x8, 0xff, 0x7, 0x7e,
    0x0, 0x59, 0x99, 0x40, 0x3f, 0xef, 0xfc, 0x79,
    0xdd, 0x7, 0x74, 0xc0,

    /* U+91C7 "采" */
    0x0, 0xff, 0xe0, 0x8, 0x6, 0x13, 0x32, 0x2b,
    0xc4, 0xde, 0xff, 0x50, 0x5, 0x3b, 0xa9, 0x96,
    0x10, 0x64, 0x67, 0x50, 0x5, 0x1f, 0xed, 0xce,
    0x39, 0x75, 0x3b, 0x70, 0xd, 0x76, 0x0, 0x33,
    0x4, 0x0, 0x6a, 0x80, 0x1a, 0xd5, 0x0, 0xc9,
    0xc0, 0x1e, 0xe6, 0x1, 0x85, 0x88, 0x0, 0x8a,
    0xe, 0x30, 0x1, 0xe9, 0x60, 0x3, 0xa8, 0x36,
    0x0, 0x64, 0xff, 0xf0, 0xcf, 0xf7, 0x3f, 0xda,
    0x9, 0x99, 0xa8, 0x2, 0x3c, 0xcd, 0xe0, 0x3,
    0x38, 0x2e, 0x6, 0x6, 0x8c, 0xe2, 0x0, 0xcb,
    0x92, 0xe0, 0x38, 0x98, 0x20, 0x18, 0xae, 0xa8,
    0xe0, 0x10, 0xe3, 0x73, 0x80, 0x17, 0x43, 0x54,
    0x3, 0x86, 0xa6, 0x5a, 0xb, 0x76, 0x20, 0xf,
    0xcd, 0xde, 0x0,

    /* U+91CC "里" */
    0x5, 0xff, 0xff, 0x80, 0x30, 0xcc, 0xca, 0x13,
    0x33, 0x80, 0x79, 0x9a, 0xe1, 0x66, 0xb0, 0x3,
    0x87, 0xfe, 0xb1, 0xff, 0xac, 0x3, 0x87, 0xba,
    0xa0, 0xee, 0xac, 0x3, 0xc2, 0x3f, 0x80, 0x3c,
    0x3d, 0xd5, 0x8f, 0x75, 0x40, 0x19, 0x33, 0x76,
    0x70, 0xdd, 0xd8, 0x1, 0x9, 0x9e, 0xd0, 0x33,
    0xe0, 0xb, 0x3f, 0xf5, 0x7, 0xff, 0x40, 0x3,
    0xb7, 0x73, 0x86, 0xef, 0x48, 0x0, 0x8b, 0xb4,
    0x8, 0xb8, 0x40, 0x47, 0xc4, 0x2, 0x3e, 0xf,
    0xee, 0xe8, 0xe, 0xef, 0x30,

    /* U+91CD "重" */
    0x0, 0xe1, 0x23, 0x46, 0x7a, 0x60, 0x9, 0x7f,
    0xee, 0xdc, 0x8d, 0xed, 0x50, 0x9, 0x7b, 0x9f,
    0xeb, 0x1c, 0xb9, 0x73, 0x0, 0x4e, 0xe6, 0x37,
    0x56, 0x3b, 0xbe, 0x68, 0xff, 0xe8, 0xf, 0xff,
    0x38, 0x8b, 0xff, 0x40, 0x7f, 0xee, 0x21, 0x7,
    0x3d, 0xda, 0xc7, 0x76, 0x92, 0x0, 0xc3, 0x99,
    0x58, 0xe6, 0x52, 0x1, 0xc3, 0x99, 0x58, 0x66,
    0x52, 0x1, 0xc3, 0x99, 0x58, 0x66, 0x52, 0x1,
    0x93, 0xb7, 0x69, 0xd, 0xdb, 0x3c, 0x2, 0x7d,
    0xdd, 0x21, 0xbb, 0xcc, 0x0, 0x6f, 0xfd, 0x1,
    0xff, 0xce, 0x0, 0x13, 0x3e, 0x13, 0x3e, 0x10,
    0xcf, 0xfe, 0xb1, 0xff, 0xf4, 0x0,

    /* U+91CF "量" */
    0x0, 0x17, 0xdd, 0xfe, 0xf2, 0x0, 0xf6, 0xef,
    0xe0, 0xf, 0xc6, 0x7f, 0x80, 0x3f, 0x77, 0x7e,
    0x0, 0xe5, 0x7a, 0xee, 0xfd, 0x4e, 0xa2, 0x2d,
    0xdf, 0xfe, 0x10, 0xc, 0x6a, 0x26, 0x77, 0x22,
    0x6f, 0x81, 0x0, 0x13, 0xf7, 0x46, 0x9d, 0xd3,
    0x70, 0x7, 0x32, 0xac, 0x68, 0xab, 0x30, 0x7,
    0x8f, 0x76, 0x0, 0x6e, 0xc2, 0x1, 0xcf, 0xf7,
    0x72, 0x2d, 0xdd, 0x92, 0x1, 0xb7, 0xbb, 0x22,
    0xf7, 0x70, 0x6, 0xdf, 0xfc, 0xcc, 0xff, 0xdc,
    0x0, 0x4f, 0xff, 0x33, 0x3f, 0xfc, 0x80,

    /* U+9488 "针" */
    0x0, 0xff, 0xe2, 0xc4, 0x80, 0x7b, 0x58, 0x3,
    0x13, 0xb6, 0x61, 0x40, 0x3f, 0xbc, 0xaa, 0x64,
    0xe0, 0x1f, 0xa0, 0x75, 0x56, 0x20, 0xf, 0xd5,
    0x79, 0xfd, 0x84, 0x23, 0x18, 0x8e, 0x25, 0x90,
    0x49, 0x8e, 0xe8, 0x63, 0xb9, 0x80, 0x4a, 0x5e,
    0xb7, 0xdd, 0x3, 0xf7, 0x30, 0x51, 0x5, 0x88,
    0x62, 0x31, 0x70, 0x8c, 0x53, 0x20, 0x69, 0x70,
    0xf, 0xc7, 0xba, 0x2a, 0xd5, 0x0, 0xff, 0xe7,
    0x9c, 0x38, 0x7, 0xf8, 0xca, 0x41, 0x80, 0x3f,
    0xcc, 0x1d, 0x2, 0x1, 0xfe, 0x5f, 0x10, 0xe,
    0xd6, 0x0, 0x80,

    /* U+949F "钟" */
    0x0, 0xff, 0xe2, 0xcc, 0x0, 0x7b, 0x90, 0x3,
    0x13, 0x3e, 0xe9, 0x40, 0x3f, 0xbc, 0xee, 0x64,
    0xe8, 0x90, 0xe2, 0x20, 0x98, 0x71, 0x12, 0x3b,
    0xaa, 0x3, 0xd5, 0xd9, 0xaf, 0xff, 0x18, 0x77,
    0x6, 0xf9, 0x80, 0xf, 0xa1, 0x5a, 0x60, 0x1f,
    0xe2, 0x16, 0x20, 0xf, 0xe2, 0x88, 0xf, 0xc2,
    0x0, 0x8f, 0x18, 0x0, 0x44, 0x2, 0x20, 0x7,
    0x70, 0x2b, 0x94, 0xa, 0x64, 0x3d, 0x28, 0x1d,
    0xc0, 0xae, 0x51, 0x0, 0xf0, 0xf0, 0x8f, 0x54,
    0x0, 0x65, 0xa7, 0x10, 0xf, 0xe5, 0x19, 0xd7,
    0x0, 0xff, 0x6a, 0xfb, 0x80, 0x7f, 0x0,

    /* U+94AE "钮" */
    0x0, 0x42, 0x0, 0x7f, 0xf0, 0x9d, 0x80, 0x5,
    0xff, 0xf4, 0x80, 0x18, 0x3f, 0x74, 0xf7, 0x65,
    0xb, 0xb1, 0x0, 0x50, 0xd1, 0x12, 0x24, 0x48,
    0x93, 0x88, 0x42, 0xca, 0xac, 0x20, 0x1, 0x20,
    0x0, 0xf0, 0x51, 0x7f, 0xe0, 0x8, 0xb8, 0x0,
    0xc6, 0x5, 0x3c, 0x17, 0xc0, 0x44, 0x4f, 0x22,
    0x84, 0x2, 0x11, 0x30, 0x86, 0xe8, 0x1f, 0x74,
    0xe, 0x2, 0x88, 0x14, 0x41, 0x5d, 0x82, 0x6e,
    0xc0, 0x20, 0x51, 0x0, 0x98, 0x74, 0x60, 0x64,
    0x60, 0x20, 0x3c, 0xc0, 0xee, 0x28, 0x30, 0x80,
    0x4, 0x3, 0xfe, 0x22, 0x0, 0x18, 0x80, 0x38,
    0x57, 0x48, 0x3d, 0x40, 0x4, 0x20, 0x19, 0x42,
    0x12, 0xe5, 0x99, 0x32, 0x83, 0x90, 0xb, 0x83,
    0xb8, 0xcc, 0x0, 0x33, 0x0, 0xc, 0x20, 0xb,
    0xf1, 0x7f, 0xff, 0xe1,

    /* U+94FA "铺" */
    0x0, 0x43, 0x80, 0x7b, 0x8e, 0x9c, 0x0, 0x2f,
    0xcc, 0xc1, 0x1e, 0x7b, 0xd5, 0xb, 0x3, 0xcc,
    0x47, 0x74, 0x17, 0xcb, 0x2a, 0xdf, 0x55, 0x4f,
    0xfc, 0x39, 0xfe, 0xc5, 0xae, 0xff, 0x58, 0x7f,
    0xc3, 0x9f, 0xe9, 0x6, 0xc0, 0xba, 0x0, 0x7f,
    0x87, 0x3d, 0xc0, 0x22, 0x16, 0x10, 0xe, 0x10,
    0xc, 0x88, 0x15, 0x41, 0xf, 0xf0, 0xef, 0xb8,
    0x14, 0xc8, 0x22, 0x48, 0x37, 0x41, 0x7a, 0xa0,
    0x5b, 0xa1, 0xdd, 0x18, 0x19, 0x81, 0xcc, 0xc0,
    0x1f, 0xdd, 0xc0, 0xce, 0x60, 0xc, 0x2f, 0x46,
    0x1f, 0xe1, 0xdf, 0x70, 0x9, 0xc2, 0xbc, 0xc0,
    0x38, 0x44, 0x1, 0x7a, 0x7a, 0x80, 0x7a, 0x93,
    0x40,

    /* U+94FE "链" */
    0x0, 0x31, 0x0, 0x7d, 0x22, 0x1, 0xd0, 0x1,
    0x68, 0x80, 0xd, 0xc4, 0x3, 0x18, 0xfe, 0xc2,
    0x42, 0xe6, 0x7, 0x32, 0x80, 0x86, 0xee, 0x55,
    0x19, 0xe0, 0x1e, 0x22, 0xb2, 0x59, 0x33, 0x11,
    0xe9, 0x39, 0x4f, 0x22, 0xc, 0xa6, 0xb2, 0x8c,
    0x8, 0x26, 0xcd, 0x0, 0x33, 0x61, 0xcc, 0xbf,
    0xc2, 0xb3, 0xa3, 0xfe, 0x40, 0x15, 0x13, 0xbc,
    0x1, 0xef, 0xd0, 0xff, 0x20, 0x44, 0x6, 0x10,
    0x80, 0x2, 0x0, 0x10, 0xf, 0xf9, 0x3b, 0x9a,
    0x3d, 0xc8, 0x8, 0x80, 0xc2, 0x80, 0x17, 0x75,
    0x41, 0xba, 0x90, 0xf, 0xc2, 0x66, 0x71, 0x33,
    0x8, 0x4, 0x34, 0xe8, 0xc, 0x1, 0xfd, 0x60,
    0x63, 0x55, 0x90, 0x3c, 0x4d, 0x0, 0xf, 0x13,
    0xb4, 0xb9, 0xb3, 0xbd, 0xcc, 0xf0, 0x7, 0xb8,
    0x5a, 0x80, 0x1f, 0x7f, 0xf5, 0x80,

    /* U+952E "键" */
    0x0, 0x8, 0x80, 0x3f, 0xf8, 0x51, 0x0, 0x2f,
    0xf8, 0x1, 0xa2, 0x1, 0xcc, 0xce, 0xad, 0xa3,
    0xae, 0x2e, 0xe8, 0x0, 0xe0, 0xed, 0x85, 0x95,
    0x4e, 0x2e, 0xe0, 0x0, 0xa3, 0x62, 0x8, 0xe,
    0xbd, 0xc2, 0xee, 0xe, 0x13, 0xf7, 0xe3, 0x3b,
    0x8f, 0xb8, 0x5d, 0xc1, 0xc0, 0x89, 0xe, 0x28,
    0x6f, 0xae, 0x2e, 0xe0, 0x6, 0x71, 0x24, 0xbd,
    0x4a, 0xe2, 0xee, 0x80, 0xa, 0xa1, 0x53, 0x40,
    0x26, 0x72, 0x87, 0x50, 0x7, 0x48, 0x4d, 0xea,
    0x78, 0x7, 0xeb, 0xc1, 0xc8, 0x79, 0x25, 0x40,
    0xc4, 0x60, 0xf, 0xb8, 0x1e, 0x20, 0x11, 0x10,
    0x7, 0x34, 0x18, 0x4d, 0xd8, 0xb2, 0xec, 0x1,
    0x58, 0xd6, 0xce, 0x8f, 0x38, 0x90, 0x7, 0x3b,
    0x64, 0x51, 0x5d, 0xb0, 0x73, 0xfc, 0xc0, 0xe,
    0x90, 0xc4, 0x0, 0x2d, 0xef, 0xfc, 0xc0,

    /* U+952F "锯" */
    0x0, 0x13, 0x0, 0x7f, 0xf0, 0xa3, 0xc0, 0x2f,
    0xff, 0xac, 0x0, 0x2a, 0xdb, 0xa0, 0x7, 0x7f,
    0xe8, 0x0, 0xa8, 0xee, 0x64, 0x1, 0xfe, 0x56,
    0xd4, 0x48, 0x1, 0xb7, 0x7a, 0x80, 0xb, 0x7b,
    0xf9, 0x0, 0x9, 0xfd, 0x4f, 0x98, 0x0, 0x3c,
    0x5, 0xd8, 0x0, 0xa8, 0x80, 0x44, 0x18, 0x0,
    0x50, 0x54, 0xc4, 0x3f, 0xda, 0x1f, 0xf1, 0x4,
    0xc8, 0x66, 0x46, 0x1d, 0xcc, 0xe, 0xe8, 0x80,
    0x3c, 0xc4, 0x23, 0x0, 0x8c, 0x0, 0x99, 0xc,
    0xc8, 0x45, 0x5b, 0xa0, 0xdd, 0x40, 0x7, 0xda,
    0xa3, 0x7b, 0xaf, 0x72, 0x0, 0xe7, 0xd4, 0xc0,
    0x32, 0x28, 0xc0, 0x30, 0x8a, 0xac, 0x95, 0xc8,
    0x46, 0x20, 0xd, 0x45, 0xe6, 0xc0, 0x51, 0xff,
    0x20, 0x6, 0xbd, 0x5, 0x80, 0xef, 0xee, 0xbe,
    0x80,

    /* U+957F "长" */
    0x0, 0xde, 0x60, 0x1c, 0x34, 0x40, 0x1f, 0xfc,
    0x2, 0xc0, 0x20, 0xf, 0xf9, 0xf5, 0x68, 0x3,
    0xfc, 0xdb, 0x59, 0x0, 0x1f, 0xe4, 0xbb, 0x69,
    0x80, 0x78, 0xce, 0x5, 0x7e, 0x53, 0x3f, 0x0,
    0xe6, 0x41, 0x39, 0x9f, 0xc2, 0x2f, 0xf8, 0x33,
    0xf8, 0x2f, 0xff, 0x84, 0x3, 0xe1, 0x78, 0x0,
    0xff, 0xe1, 0x41, 0x40, 0x7, 0xff, 0xb, 0x5e,
    0x0, 0x3f, 0xe2, 0x63, 0xb7, 0xb2, 0x0, 0xe2,
    0xd, 0xed, 0xa1, 0x4c, 0x7d, 0xa2, 0x0, 0xa4,
    0x1e, 0xbf, 0x4, 0xf, 0x28, 0xc8, 0x2, 0xbf,
    0x94, 0x0, 0xf2, 0xc8, 0x0,

    /* U+95EA "闪" */
    0x5, 0x0, 0xff, 0xe0, 0xcc, 0x82, 0x3f, 0xff,
    0x30, 0x6b, 0xba, 0x77, 0x7e, 0x0, 0x87, 0x70,
    0x48, 0xcc, 0x45, 0x8c, 0x39, 0xe, 0xc0, 0x11,
    0x60, 0x1f, 0xfc, 0x7, 0xf0, 0xf, 0xf9, 0x5,
    0xc0, 0x3f, 0xef, 0xf, 0x10, 0xf, 0xe4, 0x46,
    0x36, 0x0, 0x7e, 0x1a, 0x73, 0xb1, 0xb0, 0xf,
    0x17, 0x94, 0x0, 0x35, 0x64, 0x3, 0x95, 0x58,
    0x1, 0xd, 0x0, 0x79, 0xec, 0x3, 0x92, 0x40,
    0x3f, 0xf8, 0x2, 0x66, 0x10, 0xf, 0xf3, 0xe6,
    0x1, 0x39, 0x0, 0x3e, 0x6f, 0xf6, 0x90,

    /* U+95EE "问" */
    0x7, 0x10, 0xf, 0xfe, 0x7, 0x60, 0x87, 0xff,
    0xea, 0x9, 0x6d, 0xd, 0xdf, 0x88, 0x80, 0x37,
    0x60, 0x22, 0xf9, 0x81, 0x3c, 0x1c, 0x3, 0xff,
    0x84, 0xdf, 0x99, 0x80, 0x3f, 0x71, 0x44, 0x28,
    0xc0, 0x3f, 0x91, 0x25, 0x0, 0xff, 0xed, 0x37,
    0xfb, 0x0, 0x3f, 0xc9, 0xbb, 0x80, 0x3f, 0x4d,
    0x11, 0x60, 0xf, 0xc2, 0x20, 0xc, 0x44, 0x70,
    0xf, 0xfb, 0xb4, 0x6d, 0x38, 0x3, 0xf6, 0x7e,
    0x98,

    /* U+95F4 "间" */
    0x7, 0x20, 0xf, 0xfe, 0x7, 0xf8, 0x5b, 0xff,
    0xf5, 0x4, 0xc, 0xb6, 0xef, 0xc6, 0x60, 0x1d,
    0x80, 0x22, 0xf9, 0x81, 0x7c, 0x40, 0x3f, 0xf8,
    0x7d, 0xff, 0xc6, 0x1, 0xfb, 0x3f, 0xe1, 0x0,
    0xfe, 0x10, 0xf, 0xfe, 0xe, 0xff, 0xc2, 0x1,
    0xfd, 0x9d, 0xd0, 0x80, 0x7f, 0x8, 0xe0, 0xf,
    0xf7, 0xe6, 0x42, 0x1, 0xfb, 0x7b, 0xfe, 0xc3,
    0x0, 0xf8, 0xcf, 0xc0, 0x20, 0x1f, 0xfc, 0x1,
    0xe5, 0xc5, 0xe0, 0xf, 0xc3, 0xfe, 0x50,

    /* U+9605 "阅" */
    0x7, 0x20, 0xf, 0xfe, 0x7, 0xe1, 0x7, 0xff,
    0xea, 0x8, 0x48, 0xe, 0xef, 0x98, 0x80, 0x6a,
    0x89, 0x62, 0x20, 0xf0, 0x1e, 0x5, 0xc0, 0x2,
    0x24, 0x12, 0x82, 0x1, 0xf9, 0x8c, 0x9e, 0x40,
    0x3e, 0x2f, 0x69, 0xd0, 0xcb, 0x0, 0xf8, 0x7b,
    0x9f, 0xea, 0x0, 0xfc, 0x26, 0x78, 0x80, 0x3e,
    0x33, 0x66, 0x3b, 0x2c, 0xc0, 0x3c, 0x38, 0xd1,
    0xe3, 0x90, 0x1, 0xf9, 0x10, 0x1, 0x9, 0x0,
    0x7a, 0x5c, 0xc0, 0x41, 0x64, 0x3, 0xac, 0x68,
    0x8, 0xfa, 0xb7, 0xc0, 0x35, 0xc0, 0x5, 0x9d,
    0xf2, 0xd8, 0xba, 0x1, 0xf8, 0x7f, 0x90,

    /* U+9608 "阈" */
    0x2, 0x40, 0xf, 0xfe, 0x3, 0x59, 0xa7, 0xff,
    0xe9, 0x4, 0x9d, 0x5e, 0xef, 0x94, 0xd, 0xd9,
    0x86, 0x22, 0x79, 0xb3, 0x13, 0x6, 0xa0, 0x82,
    0x0, 0x18, 0xc5, 0x0, 0x71, 0xf7, 0x6a, 0x6c,
    0x67, 0x0, 0xc7, 0xdd, 0xad, 0x3b, 0x1c, 0x3,
    0xb3, 0x33, 0x38, 0x78, 0x7, 0x87, 0x30, 0x24,
    0x45, 0x40, 0xf, 0xaa, 0x80, 0x14, 0xd0, 0x7,
    0xb2, 0x21, 0x80, 0x3, 0x38, 0x3, 0x89, 0x2f,
    0x4c, 0x50, 0x3c, 0x3, 0x2e, 0xe8, 0x66, 0x20,
    0xae, 0xa0, 0x19, 0x7a, 0xe0, 0xf5, 0xee, 0xa8,
    0x60, 0x1f, 0x33, 0x1, 0x4f, 0x13, 0x57, 0x40,
    0x3f, 0x77, 0xf2, 0x0,

    /* U+9633 "阳" */
    0x0, 0xff, 0xe1, 0x6f, 0xfe, 0x2b, 0xff, 0xf2,
    0x85, 0x73, 0x99, 0x3, 0xee, 0xe1, 0x0, 0x8,
    0x9a, 0x0, 0x1e, 0x45, 0x80, 0x32, 0x92, 0x0,
    0x7f, 0xdd, 0x40, 0x1f, 0xfc, 0x8, 0x81, 0x0,
    0x7f, 0xc7, 0x12, 0x0, 0x8f, 0xfc, 0x20, 0x19,
    0x90, 0x0, 0xdd, 0xd8, 0x3, 0x84, 0x4, 0x38,
    0x47, 0x80, 0x5, 0x9e, 0x82, 0x1, 0xfc, 0x51,
    0xb6, 0x1, 0xff, 0x21, 0x80, 0x5a, 0x67, 0x84,
    0x3, 0xf2, 0xe6, 0x60, 0xf, 0xe8, 0xff, 0xc2,
    0x18, 0x80, 0x1a, 0xdc, 0x3, 0x72, 0x80,

    /* U+9634 "阴" */
    0x0, 0xff, 0xe1, 0x77, 0xfe, 0x26, 0xff, 0xf3,
    0x5, 0x75, 0x1, 0x1, 0x77, 0x62, 0x0, 0x8,
    0xb1, 0x80, 0x2, 0x3c, 0xc0, 0x19, 0xe8, 0x3,
    0xfe, 0x43, 0x30, 0x0, 0xff, 0xf2, 0x0, 0x4a,
    0x8, 0x0, 0x1d, 0xdc, 0x40, 0x10, 0xc4, 0x0,
    0xa, 0x45, 0x98, 0x3, 0x21, 0x88, 0x9c, 0x3,
    0x38, 0x6, 0x10, 0x7, 0x9f, 0xfe, 0x30, 0x9,
    0xac, 0x44, 0x4f, 0xff, 0x8c, 0x2, 0x5d, 0xc0,
    0x4c, 0x0, 0xce, 0x1, 0x1b, 0x12, 0x2, 0x0,
    0x7f, 0xd0, 0xe0, 0x11, 0x11, 0xc0, 0x39, 0x46,
    0x0, 0x2b, 0xd1, 0x4f, 0x40, 0x2, 0xe8, 0x80,
    0x53, 0xfa, 0x40,

    /* U+9635 "阵" */
    0x0, 0xfc, 0xaa, 0x0, 0xec, 0xff, 0xb0, 0x2,
    0x9d, 0x0, 0xf4, 0xf2, 0x29, 0xab, 0x18, 0x2a,
    0xe0, 0x1, 0x8a, 0x5d, 0xa6, 0x40, 0x93, 0x38,
    0x40, 0xa, 0x65, 0x18, 0x8f, 0xbf, 0x99, 0x8,
    0x3, 0xac, 0x0, 0x29, 0x49, 0xa0, 0x1e, 0xf9,
    0x0, 0x42, 0x90, 0x7, 0xe4, 0x56, 0x16, 0x5d,
    0xa1, 0xdd, 0x80, 0x36, 0xe0, 0xcd, 0xcb, 0x4,
    0xcb, 0x80, 0x38, 0x41, 0x91, 0x18, 0x28, 0x83,
    0x0, 0xa6, 0xc, 0x3, 0xff, 0x81, 0xf1, 0xc,
    0xff, 0xa8, 0x7f, 0xe5, 0x0, 0x33, 0x3, 0xb7,
    0x67, 0xd, 0xd9, 0x0, 0x38, 0x8b, 0x68, 0x91,
    0x42, 0x1, 0xff, 0xc3,

    /* U+9636 "阶" */
    0x0, 0xfc, 0x74, 0x1, 0xdd, 0xff, 0x70, 0x5,
    0xa, 0x20, 0x1d, 0x5a, 0x4e, 0x0, 0x24, 0x3a,
    0x0, 0xe1, 0x32, 0xb0, 0x7, 0x36, 0x34, 0x80,
    0x74, 0xa9, 0x5, 0xc, 0x86, 0x3c, 0x80, 0x66,
    0xe1, 0xc7, 0xc0, 0x0, 0xe2, 0x60, 0x80, 0x2e,
    0x89, 0xbd, 0xc0, 0x2, 0x99, 0x62, 0x0, 0x54,
    0xba, 0x19, 0x0, 0x2c, 0xb, 0x80, 0x6f, 0x40,
    0x0, 0x80, 0x7f, 0x8c, 0x0, 0xe0, 0x1f, 0xc7,
    0x93, 0x60, 0x26, 0x1, 0xf8, 0xe3, 0x5c, 0x35,
    0x80, 0x3f, 0x90, 0x80, 0xd, 0xa0, 0x1f, 0xfc,
    0x8, 0x7, 0x0, 0xff, 0x89, 0x68, 0x40, 0x3e,
    0xe4, 0x0, 0x16, 0xa0, 0x4, 0x9c, 0x1, 0x0,

    /* U+963F "阿" */
    0x0, 0xff, 0xe1, 0xf7, 0xfc, 0xab, 0xfe, 0x10,
    0xce, 0x1, 0x99, 0xf5, 0x52, 0x48, 0x4, 0x85,
    0x33, 0x3e, 0x1c, 0x30, 0x5, 0xc8, 0x7, 0xff,
    0x5, 0x18, 0x23, 0xfe, 0xe0, 0xf, 0x95, 0xc0,
    0xd, 0xd8, 0x20, 0x1f, 0x44, 0x0, 0x2, 0x30,
    0x7, 0xe1, 0x33, 0x0, 0x7f, 0xf0, 0x9c, 0x19,
    0x8a, 0x1, 0xf3, 0x61, 0x28, 0xe, 0x6b, 0x0,
    0x79, 0xa3, 0x84, 0x1e, 0xa9, 0x20, 0x1f, 0x20,
    0x84, 0x40, 0x3, 0xff, 0x8e, 0xc0, 0x1f, 0xf2,
    0xff, 0xa9, 0x80, 0x1c, 0x40, 0x1e, 0x5f, 0xfa,
    0x0, 0x0,

    /* U+9644 "附" */
    0x0, 0xf8, 0x80, 0x3e, 0xef, 0xf9, 0x0, 0xb4,
    0x40, 0x7, 0xc0, 0x15, 0xf0, 0x28, 0x52, 0x88,
    0x7, 0xce, 0x46, 0x22, 0x7e, 0x0, 0xfe, 0xbb,
    0x6, 0x83, 0xff, 0xd8, 0x3e, 0xa0, 0x5, 0x58,
    0xc0, 0xf7, 0x69, 0xd, 0x50, 0x2, 0x2d, 0x30,
    0x81, 0x14, 0xa2, 0x40, 0x15, 0xcd, 0xd8, 0x1,
    0x4c, 0x1, 0xf1, 0x3, 0x0, 0x5d, 0x60, 0x1f,
    0x89, 0x80, 0x24, 0x4, 0x0, 0xf2, 0x1b, 0x0,
    0x6a, 0x30, 0xf, 0x4b, 0x90, 0x6, 0x77, 0x0,
    0x7b, 0x60, 0x3, 0xff, 0x90, 0x24, 0xa0, 0x1f,
    0xc6, 0x0, 0x3d, 0x86, 0x0, 0x71, 0x80, 0x45,
    0xa0, 0x2, 0xfe, 0x80, 0x0,

    /* U+9645 "际" */
    0x0, 0xff, 0xe1, 0xef, 0xfe, 0x2, 0x2f, 0x80,
    0x2a, 0xe7, 0x10, 0xcd, 0xdf, 0x8, 0x0, 0x44,
    0x72, 0x1d, 0xff, 0xe1, 0x0, 0xca, 0xc0, 0x1f,
    0xfc, 0x4, 0x40, 0x89, 0x9b, 0xf0, 0x80, 0x15,
    0xc4, 0xb7, 0x51, 0x3b, 0xb8, 0xc0, 0x2, 0xb0,
    0x77, 0x6d, 0xb, 0xbc, 0x40, 0x16, 0x38, 0x21,
    0x80, 0x4c, 0x40, 0x1f, 0xa5, 0x80, 0x2e, 0x90,
    0xd, 0x14, 0x86, 0x48, 0x1, 0x4a, 0x18, 0x5,
    0x5b, 0x52, 0xa2, 0x1, 0xa, 0x48, 0x4, 0x46,
    0x65, 0x90, 0xe, 0xd5, 0x10, 0xc, 0x78, 0x48,
    0xa0, 0x13, 0xd8, 0x80, 0x71, 0x8d, 0xc3, 0x0,
    0x5, 0x0,

    /* U+964D "降" */
    0x0, 0xfd, 0x22, 0x1, 0xdd, 0xff, 0x50, 0x2,
    0x54, 0x40, 0x3d, 0x9c, 0x84, 0x8, 0xc7, 0xdc,
    0xfb, 0x0, 0x84, 0x12, 0x92, 0xc3, 0xb9, 0x83,
    0x0, 0x19, 0xd0, 0xa6, 0xe3, 0x17, 0x2c, 0xc0,
    0x35, 0xf8, 0x6a, 0x39, 0xd2, 0xa8, 0x3, 0x9f,
    0x40, 0x5b, 0x56, 0x1b, 0x5c, 0x80, 0x2a, 0x46,
    0xec, 0x9b, 0xf, 0x8c, 0xe0, 0xd, 0x59, 0x8e,
    0x4, 0x8a, 0x1f, 0xd0, 0xc, 0x42, 0x91, 0x10,
    0x3c, 0x41, 0x40, 0xc, 0xb2, 0x68, 0x8c, 0xc0,
    0xde, 0x61, 0x0, 0xf, 0xe9, 0x16, 0x23, 0xf8,
    0x0, 0x35, 0x0, 0xed, 0xdc, 0xa, 0xee, 0x60,
    0x7, 0xbf, 0xf0, 0xdf, 0xfb, 0x40, 0x3f, 0xf8,
    0x80,

    /* U+9664 "除" */
    0x0, 0xfe, 0x92, 0x0, 0xdd, 0xff, 0x28, 0x4,
    0xcc, 0x70, 0xe, 0xcd, 0x7, 0x0, 0x24, 0xbd,
    0x98, 0x6, 0x17, 0x32, 0x4, 0xb9, 0x89, 0xd3,
    0x0, 0xdf, 0x40, 0xf7, 0xc, 0xf, 0x38, 0xe0,
    0x12, 0x34, 0x41, 0xc9, 0x59, 0x49, 0xe4, 0x80,
    0x48, 0xe3, 0x82, 0x66, 0xb9, 0xfe, 0x20, 0x1f,
    0xe0, 0x18, 0xcc, 0x6, 0x61, 0xc0, 0x31, 0x82,
    0xc4, 0x60, 0x88, 0xc0, 0x1e, 0xff, 0x80, 0x7,
    0xff, 0x0, 0x17, 0x4d, 0x5f, 0x92, 0x2, 0xfc,
    0xdc, 0x0, 0x9d, 0xe0, 0xce, 0x60, 0x15, 0xd0,
    0x80, 0x4, 0xc4, 0xe6, 0xc0, 0x31, 0xb6, 0x80,
    0x75, 0x32, 0x80, 0x81, 0x84, 0x38, 0x80, 0x69,
    0x90, 0x7f, 0x18, 0x80, 0x2c, 0x78, 0x80, 0x3b,
    0xfd, 0x80, 0x1c,

    /* U+968F "随" */
    0x0, 0xfe, 0x65, 0x0, 0xdd, 0xff, 0x10, 0x6,
    0xa3, 0x0, 0xec, 0xb1, 0xf3, 0x5d, 0xf3, 0x9d,
    0xd8, 0x40, 0x4d, 0xe7, 0xd3, 0xd0, 0xb7, 0xfe,
    0x10, 0x6, 0x6a, 0x1, 0x99, 0x38, 0x8b, 0x0,
    0x4a, 0x81, 0x85, 0x41, 0x9f, 0xf3, 0x80, 0x4,
    0x8, 0xcd, 0x2e, 0xb3, 0xfe, 0x50, 0x8, 0x62,
    0x7f, 0x31, 0xa1, 0x3d, 0xc5, 0x0, 0xc8, 0xd8,
    0x62, 0x20, 0x9e, 0xe2, 0x80, 0x62, 0x20, 0x7,
    0x4f, 0x71, 0x40, 0x27, 0x92, 0x0, 0xe9, 0xee,
    0x28, 0x4, 0x27, 0x20, 0x1f, 0xc2, 0x0, 0x6a,
    0x42, 0x3f, 0x3, 0x30, 0x5b, 0xa8, 0x6, 0x2c,
    0xa3, 0xcd, 0x50, 0xbd, 0x10, 0xc, 0xf2, 0xb1,
    0x17, 0xfe, 0xd1, 0xe2, 0x5, 0x70, 0x2, 0x67,
    0xff, 0x8,

    /* U+9694 "隔" */
    0x0, 0xff, 0xe1, 0xf7, 0xfc, 0x9d, 0xdf, 0xc0,
    0xc, 0xd0, 0x5f, 0xff, 0xe0, 0x0, 0xa2, 0x4,
    0xbf, 0xfe, 0x30, 0xb, 0x78, 0x0, 0x3d, 0xdc,
    0x1, 0xc8, 0xa0, 0x14, 0x47, 0x8, 0x6, 0x58,
    0x2, 0xbc, 0xce, 0xb2, 0x0, 0xad, 0x83, 0x66,
    0x7d, 0x78, 0x1, 0x9, 0x98, 0xba, 0xbb, 0x3e,
    0xa8, 0x1, 0xe7, 0x2, 0x24, 0x8a, 0x78, 0x80,
    0x4f, 0x44, 0xa0, 0x4, 0x13, 0x8a, 0x0, 0xcd,
    0xb8, 0x20, 0x7a, 0xf8, 0x3c, 0x20, 0x10, 0xb9,
    0x80, 0xf, 0x30, 0x1f, 0x82, 0x1, 0xff, 0xd0,
    0x8b, 0x50, 0xe2, 0x0, 0xb8, 0x40, 0x1e, 0x11,
    0xf2, 0x0,

    /* U+96C6 "集" */
    0x0, 0xca, 0x20, 0x44, 0x0, 0xff, 0x3d, 0x88,
    0x27, 0x80, 0x7f, 0x1c, 0xd, 0xdb, 0x4b, 0x6e,
    0xf1, 0x0, 0xb, 0x2, 0xbb, 0x80, 0x8, 0xee,
    0xc4, 0x7, 0x84, 0x1d, 0xd2, 0x7, 0x76, 0x0,
    0xd3, 0x20, 0x99, 0x9c, 0x66, 0x72, 0x0, 0xd,
    0xc0, 0x19, 0x93, 0x8e, 0x66, 0x90, 0xf, 0x77,
    0x52, 0x7d, 0xda, 0x0, 0x3d, 0xbb, 0x49, 0xee,
    0xf4, 0x80, 0x4c, 0x7f, 0xf0, 0xc7, 0xff, 0x40,
    0x26, 0xf8, 0xff, 0xb4, 0x63, 0xff, 0xb4, 0x17,
    0xbb, 0x38, 0x4, 0x51, 0xdd, 0x80, 0x4c, 0xcd,
    0xcd, 0xa5, 0x53, 0x74, 0x26, 0x40, 0x71, 0xd1,
    0xc, 0x20, 0x3, 0x7f, 0x66, 0x1c, 0x0, 0x57,
    0xaa, 0x1, 0xc2, 0xfd, 0x3e, 0x0,

    /* U+96E8 "雨" */
    0xcf, 0xff, 0xfe, 0xc, 0xa9, 0x9f, 0x0, 0xc,
    0xfd, 0xf3, 0x99, 0xd6, 0x39, 0x9e, 0x60, 0x22,
    0xf0, 0x91, 0x63, 0x10, 0x3d, 0xde, 0x90, 0xdd,
    0xd9, 0x60, 0x1, 0xff, 0xd6, 0x3f, 0xf9, 0xc0,
    0x30, 0xeb, 0x0, 0x47, 0xa8, 0x1, 0xe1, 0xfa,
    0xc1, 0x3, 0xe9, 0x90, 0x7, 0x8b, 0x3c, 0x40,
    0x7, 0xb6, 0x1, 0xc7, 0x86, 0x60, 0x3, 0x50,
    0x90, 0x7, 0x1c, 0xec, 0x0, 0x1b, 0x7d, 0x40,
    0x3c, 0xbf, 0xe0, 0x9, 0xf4, 0x40, 0x3e, 0x17,
    0x0, 0xc6, 0x82, 0x60, 0x1f, 0xf6, 0xfb, 0x60,
    0x1f, 0x0, 0x64, 0xe0, 0x6, 0xff, 0x94, 0x0,

    /* U+96EA "雪" */
    0x19, 0x9e, 0xfe, 0x99, 0xca, 0x7, 0x77, 0xc1,
    0x17, 0x79, 0xc7, 0x37, 0x78, 0x27, 0x77, 0xa4,
    0x37, 0xff, 0xd, 0xff, 0xe6, 0x0, 0xb3, 0x74,
    0x80, 0xb, 0xdd, 0x48, 0x1, 0x4f, 0x37, 0x48,
    0x0, 0xbd, 0xd4, 0xff, 0x59, 0x6e, 0xc8, 0x0,
    0xcd, 0xd9, 0xd8, 0xf, 0x76, 0x4b, 0x5c, 0xdd,
    0x84, 0x0, 0xbf, 0xfa, 0xbb, 0xff, 0x0, 0x4b,
    0xff, 0xfb, 0x0, 0x3b, 0x77, 0xf6, 0x0, 0x76,
    0x67, 0xeb, 0x0, 0xc2, 0x1, 0xff, 0xc1, 0x9f,
    0xff, 0xd6, 0x1, 0x0,

    /* U+96F7 "雷" */
    0x19, 0x9e, 0xfe, 0x99, 0xca, 0x7, 0x77, 0xc1,
    0x17, 0x79, 0xc7, 0x37, 0x78, 0x27, 0x77, 0xa4,
    0x37, 0xff, 0xd, 0xff, 0xe8, 0x0, 0xe, 0xec,
    0x80, 0xb, 0xdd, 0x48, 0x1, 0x4b, 0x76, 0x40,
    0x5, 0xee, 0xa4, 0xba, 0xd3, 0x76, 0x40, 0x6,
    0x6e, 0xc8, 0xc0, 0xbb, 0xb2, 0x4b, 0x66, 0xec,
    0x20, 0x8, 0xff, 0xd1, 0xbf, 0xf9, 0x80, 0x2,
    0xdf, 0xf0, 0xdf, 0xfc, 0x1, 0xcd, 0xbb, 0xd,
    0xee, 0xc0, 0x1c, 0xb9, 0x90, 0x56, 0x64, 0x1,
    0xca, 0xcd, 0x7, 0x33, 0x40, 0x1f, 0xd1, 0x80,
    0x1e,

    /* U+96FE "雾" */
    0x0, 0x44, 0x77, 0xfa, 0x23, 0x38, 0x5, 0x24,
    0x5c, 0x0, 0x22, 0xda, 0xe0, 0x7, 0xef, 0xfb,
    0x90, 0xe7, 0xba, 0xdc, 0x0, 0x9b, 0x32, 0x13,
    0x66, 0x6e, 0xc2, 0x1, 0x51, 0x16, 0x30, 0x1,
    0x9e, 0x78, 0x0, 0x20, 0x5c, 0xb, 0xdf, 0x35,
    0xda, 0x84, 0xc0, 0x33, 0x62, 0xe7, 0x4e, 0xe6,
    0x3d, 0x0, 0x25, 0xda, 0x19, 0xcd, 0xda, 0xc6,
    0x50, 0x2, 0x4f, 0xcf, 0xf7, 0x7f, 0xdb, 0xee,
    0x20, 0x4, 0xbe, 0xdc, 0x28, 0x99, 0x41, 0x46,
    0xe7, 0x12, 0x4e, 0xed, 0x6f, 0x2a, 0xf3, 0x79,
    0xbc, 0x40, 0x7f, 0xdd, 0x78, 0x6f, 0x75, 0xe6,
    0x1, 0xbb, 0xec, 0x8f, 0xbb, 0x78, 0x10, 0x4,
    0xdd, 0x98, 0xfc, 0x10, 0x7e, 0xe3, 0x8, 0x4,
    0xdd, 0xb2, 0x60, 0x13, 0xf7, 0xc8, 0x4,

    /* U+9700 "需" */
    0x8, 0x99, 0xdf, 0xe9, 0x9d, 0x0, 0x14, 0x4c,
    0xe5, 0x79, 0x9d, 0x0, 0xb, 0xee, 0xe5, 0x7e,
    0xee, 0xb0, 0x7a, 0xcc, 0xbd, 0x5f, 0xf3, 0x2b,
    0x60, 0xa, 0xe2, 0x8, 0x0, 0x78, 0x85, 0x80,
    0x5a, 0xe6, 0x0, 0x30, 0xe, 0x36, 0xf0, 0x13,
    0x88, 0x9f, 0x79, 0xe2, 0x23, 0x20, 0xee, 0x66,
    0x5f, 0x13, 0xf9, 0x97, 0x70, 0x3b, 0xff, 0x86,
    0x7f, 0xfc, 0x0, 0x78, 0x8a, 0x87, 0x22, 0x35,
    0x0, 0x5a, 0x7e, 0x9, 0x38, 0xc9, 0xfc, 0x80,
    0x1b, 0x1a, 0x85, 0x98, 0xb4, 0xce, 0x1, 0xff,
    0xd0, 0x6f, 0x31, 0x0, 0x53, 0x1, 0xf0, 0x2,
    0x9d, 0xbf, 0x0, 0x0,

    /* U+971C "霜" */
    0x1, 0x99, 0xef, 0xd9, 0x9c, 0xe0, 0x1, 0x99,
    0xe1, 0x99, 0xe7, 0x0, 0x77, 0x37, 0x70, 0xde,
    0xee, 0xee, 0x0, 0x33, 0xa6, 0x5e, 0x37, 0xd3,
    0x2f, 0xb0, 0xc, 0xa4, 0x41, 0x0, 0x31, 0x11,
    0x80, 0x2e, 0x1d, 0xd9, 0x80, 0x19, 0xba, 0xf5,
    0xe0, 0x1, 0xd1, 0xda, 0xea, 0xcd, 0xdc, 0x1,
    0xc4, 0xe0, 0x3, 0xfe, 0xed, 0xf0, 0x1f, 0xec,
    0xf, 0xf3, 0x87, 0x76, 0x20, 0x7, 0xf8, 0x1,
    0xfe, 0x71, 0xdd, 0xc4, 0x1, 0x30, 0x86, 0x98,
    0xe, 0xee, 0x20, 0x1, 0xc5, 0xc, 0x62, 0xe,
    0xee, 0x20, 0x3d, 0xa7, 0x5, 0xb5, 0x1c, 0xcc,
    0x20, 0x7a, 0x80, 0x12, 0x8, 0xb3, 0x30, 0xf8,

    /* U+971E "霞" */
    0x8, 0x8e, 0xfc, 0x88, 0xc8, 0x0, 0x7f, 0xfe,
    0x0, 0x7f, 0xe3, 0x30, 0x4f, 0x7f, 0xe0, 0x7,
    0xfe, 0xb4, 0x0, 0x51, 0x19, 0xac, 0x63, 0xcc,
    0xde, 0xa0, 0x7, 0x19, 0x88, 0x18, 0x1, 0x62,
    0xb, 0xe6, 0x12, 0x77, 0x71, 0x2b, 0xba, 0xec,
    0xac, 0x80, 0x5c, 0xab, 0x7e, 0x2c, 0xa2, 0x2e,
    0xc0, 0x11, 0x6e, 0xcd, 0xed, 0x99, 0x6b, 0x0,
    0x45, 0x99, 0x20, 0x36, 0x65, 0xa0, 0x18, 0xb3,
    0x2f, 0x87, 0xee, 0xd8, 0x1, 0x16, 0xee, 0x4b,
    0xc9, 0x97, 0xf0, 0x80, 0xb, 0x77, 0x24, 0x9f,
    0xc0, 0x58, 0x80, 0xb, 0xbb, 0x29, 0xdd, 0xb1,
    0x14, 0x2, 0x2e, 0xec, 0x57, 0xd9, 0xbd, 0x54,
    0x0,

    /* U+973E "霾" */
    0x0, 0x3b, 0xf7, 0xdb, 0xbe, 0x40, 0x9, 0xdf,
    0x83, 0xdd, 0xf2, 0x0, 0x3a, 0xef, 0x82, 0xef,
    0xb9, 0x80, 0x12, 0x67, 0x50, 0xd9, 0x9d, 0xce,
    0x0, 0x94, 0x4c, 0x60, 0x4, 0x4b, 0xb5, 0x41,
    0xdb, 0x62, 0x48, 0x1f, 0x32, 0xb4, 0x32, 0x8c,
    0xfe, 0x0, 0x2f, 0x67, 0xee, 0x71, 0x98, 0x7e,
    0xf, 0x69, 0xbb, 0xb, 0xf0, 0x9c, 0x77, 0x58,
    0xdd, 0x41, 0xf8, 0x59, 0x83, 0x3, 0xf7, 0x90,
    0xc0, 0x5, 0xc8, 0x34, 0x90, 0x1c, 0xc, 0x52,
    0x94, 0x9, 0x80, 0x9d, 0xa9, 0x55, 0xc7, 0x2,
    0xed, 0xd8, 0x1a, 0xec, 0x66, 0xff, 0x55, 0x10,
    0x63, 0x74, 0x39, 0xba, 0x23, 0xed, 0xf, 0x1,
    0xee, 0x87, 0x3b, 0x98,

    /* U+975E "非" */
    0x0, 0xff, 0xe4, 0xc5, 0x80, 0x2a, 0x40, 0x3f,
    0xf9, 0x5d, 0xff, 0x38, 0x4, 0x2d, 0xff, 0x84,
    0x33, 0x76, 0x40, 0x8, 0x53, 0x77, 0x8, 0x11,
    0x63, 0x0, 0xc4, 0x5c, 0x0, 0x23, 0x3c, 0x1,
    0xa, 0x99, 0xc4, 0x0, 0xbc, 0xc9, 0x0, 0x27,
    0x3c, 0xca, 0x40, 0x13, 0xff, 0x38, 0x4, 0xcc,
    0xff, 0xac, 0x3, 0xff, 0x8a, 0x9f, 0xf9, 0xd4,
    0x0, 0x2d, 0xff, 0x95, 0x33, 0x32, 0x10, 0x4,
    0x79, 0x99, 0x0, 0xcf, 0x9c, 0x0, 0x2a, 0x67,
    0x84, 0x3, 0xff, 0xa8,

    /* U+9760 "靠" */
    0x0, 0xff, 0xe2, 0xff, 0xb7, 0x5f, 0xed, 0xde,
    0x0, 0xac, 0xbf, 0x75, 0x43, 0xbb, 0xc0, 0x6,
    0x56, 0x99, 0xac, 0x66, 0x7c, 0x2b, 0x5f, 0xbb,
    0x55, 0xee, 0xf8, 0x4d, 0xe6, 0x7f, 0xc0, 0x80,
    0x7, 0x3d, 0xdf, 0xc6, 0x20, 0x13, 0x8e, 0xef,
    0xe1, 0x0, 0xc7, 0xfb, 0x9, 0xba, 0x7e, 0xdf,
    0x50, 0x4, 0xee, 0xd4, 0x80, 0x5, 0xcd, 0xdc,
    0x33, 0xbb, 0x43, 0x0, 0xa, 0xf7, 0x70, 0xc6,
    0xed, 0x0, 0x11, 0x5e, 0xec, 0xc1, 0x1b, 0xb4,
    0x0, 0x45, 0x7b, 0xb3, 0x6, 0xee, 0x87, 0x0,
    0x15, 0xf7, 0x68, 0xdd, 0xd0, 0xe0, 0x2, 0xbe,
    0xed, 0x0,

    /* U+9762 "面" */
    0x1f, 0xff, 0xfe, 0x11, 0xe, 0xef, 0x81, 0xb7,
    0x7c, 0x40, 0x45, 0xc6, 0x14, 0x45, 0xe0, 0x0,
    0x99, 0xe9, 0x0, 0x19, 0xf0, 0x80, 0x13, 0x37,
    0x58, 0xe1, 0xb9, 0x8d, 0xd6, 0x20, 0x4, 0x5d,
    0xc1, 0xcf, 0xe9, 0x4e, 0xe0, 0x80, 0x7e, 0x61,
    0x18, 0x3, 0xfe, 0x1a, 0xff, 0x43, 0x80, 0x7f,
    0x87, 0x3b, 0x92, 0xe0, 0x1f, 0xe1, 0xcc, 0xa5,
    0xc0, 0x3f, 0xe8, 0xff, 0x33, 0x80, 0x7f, 0x85,
    0xc, 0xde, 0x1, 0xf8, 0xae, 0xc3, 0xb7, 0x69,
    0x4b, 0xb0, 0x80, 0x76, 0x62, 0x27, 0x31, 0x10,
    0xcc, 0x0, 0x40,

    /* U+978B "鞋" */
    0x0, 0xff, 0xe2, 0x8f, 0x88, 0x43, 0x80, 0x45,
    0xe0, 0x18, 0xf0, 0x33, 0xf, 0x18, 0x44, 0x60,
    0x22, 0x8, 0x1c, 0x84, 0xfa, 0x2f, 0xce, 0xd8,
    0x6e, 0xac, 0x0, 0xa1, 0x96, 0xfa, 0x77, 0xfa,
    0x1f, 0xea, 0x0, 0xc, 0x13, 0xda, 0x0, 0x7f,
    0x98, 0x3, 0x21, 0xd5, 0x38, 0x2a, 0xa0, 0x4,
    0x79, 0x80, 0x21, 0xc8, 0x88, 0x82, 0x28, 0x2,
    0x98, 0x27, 0x16, 0x88, 0x52, 0x44, 0x40, 0x17,
    0x70, 0xbc, 0x41, 0x56, 0x5, 0x52, 0x0, 0x3b,
    0xf0, 0x7f, 0xc5, 0xdc, 0xa0, 0xee, 0x60, 0x26,
    0xeb, 0x7, 0x75, 0x77, 0x78, 0x5d, 0xa0, 0x17,
    0xb9, 0x21, 0xdc, 0x80, 0xf, 0xc2, 0x66, 0x51,
    0x33, 0x9, 0x99, 0xc0, 0xce, 0x0, 0xfd, 0x1b,
    0xaa, 0xd, 0xd8, 0xc0,

    /* U+97F3 "音" */
    0x0, 0xf9, 0x88, 0x3, 0xff, 0x85, 0x92, 0x1,
    0xf8, 0xff, 0xf9, 0x53, 0xff, 0x94, 0x0, 0x7d,
    0xc4, 0xae, 0xed, 0x65, 0x9c, 0xa0, 0x10, 0x88,
    0xe4, 0x47, 0x68, 0x98, 0x80, 0x44, 0x56, 0x99,
    0x14, 0x6d, 0x44, 0x50, 0xe, 0xed, 0x41, 0xbb,
    0x60, 0x4e, 0xec, 0x43, 0xff, 0xff, 0xc2, 0x20,
    0xb, 0x7f, 0xff, 0x84, 0x3, 0x8e, 0xbb, 0xbd,
    0x80, 0x1f, 0xc2, 0x3e, 0x0, 0xfc, 0x35, 0xdd,
    0xec, 0x0, 0xf8, 0x6f, 0xbb, 0xda, 0x1, 0xf8,
    0x8b, 0xe6, 0x0, 0xf8, 0x67, 0x33, 0xd6, 0x1,
    0xf7, 0xfb, 0xbb, 0xdf, 0xe1, 0x0, 0x0,

    /* U+9875 "页" */
    0xd, 0xff, 0xff, 0xe0, 0x86, 0x6e, 0xf0, 0x36,
    0xef, 0x70, 0x9, 0x16, 0x0, 0x41, 0x17, 0x8,
    0x0, 0x51, 0x2e, 0x5, 0x44, 0xc4, 0x1, 0x2d,
    0xcc, 0x84, 0x53, 0x3a, 0xd0, 0x3, 0xb7, 0x6f,
    0xcd, 0xd8, 0x80, 0x3f, 0xa2, 0xc0, 0x3f, 0xfb,
    0xe6, 0x60, 0xf, 0xfe, 0x0, 0xae, 0x10, 0x7,
    0xc9, 0xa0, 0x3a, 0x69, 0xfa, 0xbe, 0xc0, 0x1d,
    0x1c, 0xd8, 0x3b, 0x10, 0xf4, 0x0, 0x4e, 0xe8,
    0xb2, 0x80, 0x25, 0xda, 0xb9, 0xd, 0x9f, 0xa3,
    0x0, 0xf3, 0xed, 0x0,

    /* U+9876 "顶" */
    0x24, 0x4e, 0x6f, 0xff, 0xc4, 0x93, 0x2b, 0xb4,
    0x87, 0x74, 0x11, 0xdd, 0x13, 0x6e, 0x86, 0xf5,
    0x84, 0x44, 0xc, 0x23, 0x0, 0x7e, 0x9f, 0xc0,
    0xef, 0xf4, 0x0, 0x7f, 0x37, 0x76, 0x40, 0xf,
    0xf0, 0x8a, 0x24, 0x44, 0x1, 0xff, 0xc0, 0x30,
    0xf, 0xff, 0x18, 0xf0, 0x7, 0xfd, 0x98, 0x4,
    0x50, 0xfb, 0x0, 0xfc, 0xa9, 0x29, 0x36, 0x86,
    0x2, 0xaa, 0x10, 0x8, 0x69, 0x2a, 0x81, 0xe4,
    0x3, 0x10, 0x64, 0x7, 0xe3, 0xc1, 0xb, 0x7c,
    0x0, 0x6e, 0xa4, 0x0, 0xdb, 0x22, 0x1, 0x4e,
    0x80,

    /* U+9879 "项" */
    0x0, 0xf7, 0x7f, 0xfe, 0x42, 0x88, 0xcf, 0xfd,
    0xc9, 0xd, 0xee, 0x90, 0x5, 0x5c, 0x40, 0x46,
    0xf5, 0x21, 0x18, 0xa, 0x64, 0x12, 0xeb, 0xfe,
    0x65, 0xff, 0x8c, 0x3, 0xf1, 0x77, 0x70, 0x7,
    0xfc, 0x27, 0xc0, 0x20, 0x1f, 0xfd, 0xb1, 0x60,
    0xe, 0x10, 0xe, 0x3f, 0xe, 0xc0, 0x9, 0x84,
    0x3, 0x9b, 0x2, 0xbe, 0x9a, 0x83, 0x54, 0x1,
    0x4, 0xf, 0xd6, 0xa0, 0x3, 0x75, 0x69, 0xab,
    0x61, 0x1, 0x10, 0x6, 0x2a, 0xbb, 0x15, 0x17,
    0xa0, 0x7, 0xa3, 0x4f, 0xd0, 0x1, 0x37, 0x61,
    0x0, 0xe8, 0xf9, 0x10, 0xc, 0xbc, 0x20,

    /* U+987A "顺" */
    0xb, 0x40, 0x1, 0x73, 0x7f, 0xfb, 0x41, 0xc2,
    0x8, 0x0, 0xdf, 0xe8, 0x1f, 0xf6, 0x80, 0x46,
    0x20, 0x12, 0x22, 0x9, 0x10, 0x20, 0x1f, 0xae,
    0x40, 0xa6, 0xc8, 0x3, 0xfb, 0x3f, 0xb4, 0x40,
    0x3f, 0xe2, 0xe0, 0xf, 0xfe, 0x8, 0x80, 0x7f,
    0xf2, 0x5, 0xc0, 0x3f, 0xf9, 0x4e, 0x60, 0x18,
    0xc8, 0x3, 0x98, 0x74, 0x44, 0xc2, 0x38, 0x3,
    0xa4, 0x5d, 0xd9, 0x24, 0x86, 0x16, 0x60, 0x10,
    0xe3, 0xda, 0xe0, 0xe5, 0x80, 0x73, 0x7a, 0xc8,
    0x43, 0x44, 0xb0, 0x4, 0x5c, 0x99, 0x0, 0x15,
    0x40,

    /* U+987B "须" */
    0x0, 0xc8, 0x1, 0xff, 0xc2, 0x6b, 0x2e, 0xff,
    0xfc, 0x1, 0x2c, 0xd1, 0x66, 0xe9, 0xc3, 0x77,
    0x0, 0x1e, 0xa8, 0xa0, 0x45, 0x94, 0x8b, 0x0,
    0x56, 0xa0, 0x2, 0xff, 0x2a, 0xbf, 0xe3, 0x0,
    0x3a, 0x4, 0x38, 0x3, 0xbb, 0x80, 0x3c, 0xec,
    0xa0, 0x1, 0x16, 0x80, 0x80, 0x61, 0xaa, 0x61,
    0x0, 0x63, 0x30, 0x7, 0x68, 0xe1, 0x0, 0x7f,
    0xf0, 0x36, 0xc4, 0xc, 0x3, 0x8c, 0x3, 0x84,
    0x1, 0x1c, 0x20, 0x2, 0x1, 0x0, 0xf9, 0x5f,
    0x89, 0x81, 0xc, 0x41, 0x84, 0x2, 0x7a, 0xb3,
    0x19, 0x28, 0x85, 0x5d, 0x88, 0x7, 0x26, 0xd0,
    0x0, 0xd9, 0x29, 0x67, 0xac, 0x3, 0x7e, 0x80,
    0x5d, 0x5a, 0xe0, 0x8, 0xb8, 0x30, 0x71, 0x0,
    0x16, 0x60, 0xc0, 0x32, 0x79, 0x80,

    /* U+9884 "预" */
    0x0, 0xfc, 0x23, 0xf0, 0x1f, 0xff, 0x46, 0xf7,
    0x7c, 0x27, 0xdd, 0x58, 0x56, 0xff, 0x9c, 0xff,
    0xe1, 0x2, 0x20, 0xcc, 0x88, 0x2, 0x4b, 0x0,
    0xe6, 0xdf, 0x46, 0x4, 0xff, 0x1c, 0x7f, 0x9c,
    0x0, 0xb8, 0x44, 0x10, 0x1, 0x77, 0x63, 0x0,
    0x23, 0xad, 0x26, 0xc8, 0x80, 0xb4, 0x8b, 0x80,
    0x7, 0xb9, 0x4, 0xcc, 0x10, 0x7, 0x88, 0x6,
    0x59, 0x90, 0xf6, 0x30, 0x7, 0xff, 0xa, 0xa8,
    0x1, 0x8, 0x7, 0xfb, 0xc, 0x2, 0x2e, 0x0,
    0xff, 0x9a, 0x85, 0x10, 0x1a, 0x80, 0x1f, 0x89,
    0xe9, 0x5b, 0x50, 0xc0, 0x2, 0x30, 0x4, 0xba,
    0x14, 0xb5, 0xaa, 0x0, 0xde, 0x22, 0x2, 0x4c,
    0x58, 0x1, 0xeb, 0x80, 0x19, 0xfa, 0x20, 0x98,
    0xa0, 0x19, 0x6c, 0x0,

    /* U+9891 "频" */
    0x0, 0xd8, 0xe0, 0xd, 0xff, 0xf0, 0x80, 0xf0,
    0x14, 0x74, 0xe7, 0x70, 0x2b, 0xb8, 0x20, 0x18,
    0x97, 0x6c, 0x44, 0x42, 0xa2, 0x20, 0xf, 0x69,
    0x93, 0x7e, 0xf, 0xfa, 0x40, 0xa8, 0x64, 0xe2,
    0x64, 0x2d, 0xfd, 0xf0, 0x60, 0x1, 0x43, 0x3,
    0x38, 0x2, 0xf1, 0x0, 0x8a, 0xa2, 0x83, 0xaa,
    0x82, 0x1, 0xf8, 0x70, 0x2, 0x5b, 0x0, 0x84,
    0x40, 0x19, 0x94, 0x2, 0xed, 0x0, 0xfc, 0x31,
    0x0, 0x2, 0x2b, 0x0, 0x8, 0x80, 0x18, 0x74,
    0x81, 0xe2, 0x0, 0x58, 0xae, 0x7, 0xe0, 0x2,
    0x1, 0x44, 0x30, 0x22, 0xd6, 0xf3, 0xa8, 0x4,
    0xfe, 0x94, 0x0, 0x3c, 0x47, 0xdd, 0x30, 0x3,
    0x31, 0xb0, 0x0, 0x8e, 0xa9, 0x3, 0xcb, 0x20,
    0xcb, 0x30, 0xa, 0x35, 0x80, 0x22, 0xd2,

    /* U+9898 "题" */
    0x2, 0xfe, 0xeb, 0xd3, 0xff, 0xe9, 0x0, 0xf,
    0x74, 0x2f, 0xfe, 0xe0, 0xef, 0xf4, 0x80, 0x7,
    0x76, 0x10, 0x2, 0xc0, 0x22, 0xa0, 0x4, 0x3b,
    0xb0, 0x80, 0xd0, 0xbe, 0xfc, 0x80, 0x43, 0xbb,
    0x8, 0x0, 0x63, 0x66, 0x40, 0x11, 0x7e, 0xed,
    0xe6, 0x1, 0x49, 0x0, 0x42, 0xab, 0xf0, 0x4,
    0x22, 0x0, 0x8f, 0x31, 0xf5, 0x99, 0x0, 0x44,
    0x40, 0x8, 0xa4, 0xec, 0x26, 0x60, 0x1, 0x90,
    0x7, 0x94, 0x43, 0xfd, 0x22, 0xd4, 0xac, 0x36,
    0x0, 0x20, 0x30, 0xff, 0x48, 0x6b, 0xcf, 0x7a,
    0x80, 0x1c, 0x78, 0x2, 0x3a, 0x8d, 0x18, 0x86,
    0xa0, 0x74, 0x40, 0x25, 0x5b, 0x34, 0xc0, 0xb,
    0xaa, 0x8a, 0xcb, 0xdd, 0x5c, 0xff, 0xf6, 0x32,
    0x78, 0x0, 0x5e, 0xfb, 0xff, 0xe7,

    /* U+989C "颜" */
    0x0, 0xff, 0xe3, 0x96, 0x0, 0x7f, 0xf0, 0x88,
    0x4c, 0x1, 0x9f, 0xfe, 0x50, 0xdf, 0xf1, 0x67,
    0xf6, 0x7f, 0x8b, 0x7f, 0xca, 0x1a, 0xf5, 0xdc,
    0x4c, 0x0, 0x10, 0x90, 0x7, 0x64, 0x8b, 0x89,
    0x37, 0x69, 0xee, 0xb0, 0x1, 0x16, 0x59, 0x29,
    0x60, 0xdf, 0x7b, 0xe2, 0x0, 0x14, 0xdf, 0xb4,
    0xf0, 0xa, 0x44, 0x3, 0x8c, 0xcd, 0x26, 0x80,
    0x1f, 0xe2, 0xe9, 0xeb, 0x0, 0xc6, 0x20, 0x1d,
    0xb9, 0x85, 0xc3, 0x0, 0xfe, 0x31, 0x16, 0x56,
    0x18, 0x0, 0x4c, 0x3, 0x87, 0x36, 0xb1, 0x60,
    0xfd, 0x1c, 0x0, 0xe0, 0x6, 0x9e, 0x7a, 0xa4,
    0xab, 0xcf, 0xd3, 0x50, 0x9, 0x4, 0x79, 0xe8,
    0x8a, 0xd9, 0x66, 0x9c, 0x11, 0xa, 0x39, 0x21,
    0x5f, 0x94, 0x7, 0xf6, 0xaa, 0xa6, 0x92, 0x0,
    0x47, 0x38, 0x4, 0x38, 0xa0,

    /* U+989D "额" */
    0x0, 0x92, 0xc0, 0x3f, 0xf8, 0x48, 0x90, 0x3,
    0xbf, 0xfc, 0x21, 0xff, 0x5, 0xfe, 0xf7, 0x34,
    0x37, 0xb8, 0x20, 0xe, 0xbd, 0xfe, 0x0, 0xb,
    0xa1, 0x8, 0x80, 0x10, 0x16, 0x20, 0xb, 0x8c,
    0xa4, 0xcc, 0x30, 0x1, 0xe8, 0x37, 0xb8, 0x84,
    0xd1, 0xb, 0xe, 0x0, 0x58, 0xf7, 0x1d, 0x48,
    0x3d, 0xf5, 0xd4, 0x2, 0xc9, 0xef, 0x4a, 0x0,
    0x85, 0x40, 0x39, 0x90, 0x0, 0x72, 0x20, 0x3,
    0x10, 0xc, 0x5d, 0xb9, 0xfc, 0x30, 0x0, 0x13,
    0x0, 0xc5, 0xa9, 0x9f, 0xe7, 0x80, 0x3, 0x30,
    0x3, 0x88, 0x77, 0xfc, 0x6, 0x43, 0xf8, 0x1f,
    0xc0, 0x1f, 0xd0, 0xca, 0x78, 0x8c, 0x1, 0x98,
    0x88, 0x0, 0x3f, 0x84, 0x8f, 0x40, 0xd, 0x7f,
    0xe0, 0xad, 0x87, 0x4, 0xc8, 0x20, 0x7, 0xfb,
    0x75, 0xf1, 0xca, 0x1, 0xe, 0x10,

    /* U+98CE "风" */
    0x0, 0x3f, 0xff, 0xf9, 0x40, 0x3d, 0xbb, 0xf8,
    0x3, 0xe3, 0x22, 0xe1, 0x42, 0x20, 0x7, 0xc7,
    0x82, 0x0, 0x81, 0x0, 0xfe, 0x36, 0xa0, 0x14,
    0x60, 0xf, 0xf5, 0x34, 0x41, 0x4, 0x4, 0x3,
    0xbd, 0xc0, 0x1e, 0xed, 0x20, 0x1f, 0x84, 0x40,
    0x2, 0x0, 0xf1, 0x80, 0x63, 0x20, 0x3, 0x9,
    0xf0, 0x1, 0xc0, 0x39, 0xf8, 0xa, 0x6f, 0x4a,
    0x0, 0x44, 0x1, 0x9, 0x21, 0x63, 0x28, 0xdb,
    0x91, 0xf9, 0x8, 0x38, 0x97, 0xa4, 0x80, 0x15,
    0x17, 0xcd, 0xd8, 0x2d, 0x83, 0x28, 0x3, 0x5b,
    0xa2, 0x30, 0x48, 0x24, 0x4, 0x3, 0xe2, 0x67,
    0x42, 0xd1, 0x0, 0xff, 0x4f, 0x10,

    /* U+98DE "飞" */
    0xef, 0xff, 0xd0, 0x1, 0xdb, 0x77, 0xf1, 0x8,
    0x1, 0x90, 0xd, 0x13, 0xf0, 0x1, 0x65, 0xc0,
    0x3f, 0xc6, 0xb5, 0x66, 0x1, 0xfc, 0x2b, 0x76,
    0x40, 0xf, 0xf7, 0x81, 0x28, 0x7, 0xfc, 0x42,
    0xde, 0xa0, 0x1f, 0xe1, 0xa, 0xba, 0x90, 0xf,
    0xe5, 0x11, 0x2e, 0xf0, 0x7, 0xf0, 0x89, 0x40,
    0x9c, 0x3, 0xfc, 0xba, 0x0, 0x92, 0x0, 0xfe,
    0xe7, 0x0, 0x28, 0x80, 0x7f, 0x29, 0xe2, 0x99,
    0x80, 0x3f, 0xd8, 0xf4, 0xe0,

    /* U+9996 "首" */
    0x0, 0xc8, 0x1, 0xe4, 0x10, 0xf, 0xd, 0x40,
    0x6, 0x4b, 0x30, 0xc, 0x44, 0x38, 0x73, 0x22,
    0x25, 0xb8, 0x11, 0x0, 0xb7, 0x69, 0xc, 0xdd,
    0x58, 0x3e, 0xec, 0x44, 0xff, 0xf1, 0x47, 0xff,
    0x88, 0x0, 0x9b, 0xb7, 0x94, 0x6e, 0xe4, 0x0,
    0xc2, 0x7d, 0xcc, 0xcb, 0xba, 0x21, 0x0, 0xf1,
    0x9f, 0xe1, 0x0, 0xf0, 0xff, 0xfe, 0x10, 0xf,
    0xf, 0xff, 0xe1, 0x0, 0xf0, 0x91, 0x7e, 0x10,
    0xf, 0xbf, 0xff, 0x0, 0x7c, 0x3b, 0xbf, 0x84,
    0x3, 0xc3, 0xdd, 0xf8, 0x40, 0x3e, 0xcc, 0xfc,
    0x1, 0x80,

    /* U+9A71 "驱" */
    0x0, 0xff, 0xe2, 0xe7, 0xfe, 0xc, 0xff, 0xf7,
    0x0, 0x33, 0xfd, 0xc0, 0x14, 0xf7, 0x77, 0x80,
    0x5, 0x40, 0xc4, 0x0, 0x62, 0x39, 0x0, 0x25,
    0xe0, 0x12, 0x0, 0xb4, 0xc0, 0xa8, 0x2, 0x11,
    0x3, 0x38, 0x5, 0x7c, 0x14, 0xa2, 0x0, 0x23,
    0x3, 0x20, 0x9, 0x9e, 0x9b, 0x80, 0x2f, 0xe0,
    0xe1, 0x0, 0xd6, 0xa2, 0x80, 0x13, 0xc7, 0xbb,
    0xa0, 0x2, 0x10, 0xf, 0x7f, 0xe8, 0xf0, 0x9,
    0x89, 0x24, 0x3, 0xc7, 0xe2, 0x0, 0x18, 0x84,
    0xb1, 0x0, 0xbd, 0xfc, 0x9, 0x80, 0x35, 0x14,
    0x9a, 0x0, 0xfb, 0xab, 0x26, 0x3, 0x6b, 0x0,
    0x44, 0x0, 0xa5, 0x44, 0x4a, 0x61, 0xdc, 0x54,
    0x42, 0xb0, 0x80, 0x1b, 0xf9, 0x81, 0x96, 0x67,
    0xc4, 0x0, 0x6f, 0xf4, 0x5, 0x6e, 0xfc, 0x60,

    /* U+9A7C "驼" */
    0x0, 0xfe, 0x2d, 0x10, 0xe, 0xcf, 0xfc, 0x40,
    0x2, 0x8, 0x0, 0xec, 0xee, 0x80, 0xc0, 0x2a,
    0xf0, 0xe, 0x24, 0x10, 0x1, 0x7f, 0xd1, 0x3f,
    0xf2, 0x82, 0x70, 0x18, 0x0, 0x7b, 0xbc, 0x40,
    0x1, 0x20, 0x12, 0x0, 0x39, 0x8, 0xe0, 0xb,
    0xc4, 0x18, 0x4f, 0xa9, 0x40, 0x21, 0xd5, 0x1,
    0xf0, 0x26, 0x0, 0xf4, 0xf1, 0x0, 0x1a, 0x3e,
    0x16, 0x80, 0x27, 0xe5, 0xc2, 0x0, 0x7f, 0xe9,
    0x30, 0x29, 0xca, 0xc3, 0x0, 0xe2, 0x51, 0x10,
    0x13, 0xda, 0x0, 0x62, 0xae, 0xcc, 0x7f, 0x0,
    0x38, 0x3, 0x28, 0x86, 0xe7, 0x49, 0x90, 0x7,
    0xd0, 0xa4, 0xe4, 0x2, 0xaa, 0x7, 0xe2, 0x28,
    0xc9, 0x80, 0xd, 0xfc, 0xe2, 0x1c, 0xdb, 0xb6,
    0x29, 0x0, 0x1b, 0xfd, 0x20, 0x5, 0xef, 0xfd,
    0x40,

    /* U+9A8C "验" */
    0x0, 0xff, 0x33, 0x80, 0x76, 0xff, 0xe0, 0xd,
    0x32, 0x0, 0xed, 0xff, 0x70, 0x6, 0x83, 0x5,
    0x0, 0xc4, 0xa0, 0x62, 0x0, 0x46, 0xea, 0xa1,
    0x80, 0x4f, 0xc0, 0x24, 0x5, 0x54, 0x24, 0x9d,
    0x30, 0x1, 0x90, 0x33, 0xa6, 0xb0, 0x22, 0x9,
    0xf1, 0x3, 0x84, 0xc, 0xb6, 0x72, 0x23, 0x64,
    0x88, 0xf, 0x7, 0xc, 0xb2, 0x66, 0xeb, 0x15,
    0x94, 0x1a, 0x7d, 0xdd, 0x29, 0x40, 0xd2, 0x5,
    0xc0, 0xf, 0xfd, 0x2, 0x8a, 0x28, 0x80, 0xa7,
    0x0, 0xc4, 0xbf, 0xe0, 0x44, 0x11, 0x1, 0xac,
    0xa, 0xfb, 0x84, 0x24, 0x1a, 0x63, 0x2c, 0x84,
    0x7, 0xfd, 0x8e, 0x4c, 0xc, 0xc0, 0x7b, 0x90,
    0x0, 0xa0, 0x0, 0x50, 0xaf, 0x32, 0xe2, 0xfc,
    0x20, 0x3, 0xff, 0x30, 0xfc, 0x45, 0x57, 0x10,
    0x30, 0x3, 0xff, 0xa4, 0x11, 0x3f, 0x8,

    /* U+9AA4 "骤" */
    0x1, 0x18, 0x80, 0x3f, 0xf8, 0x1d, 0xd6, 0xbd,
    0xfd, 0x7f, 0xa7, 0xfe, 0x0, 0x7f, 0xca, 0x32,
    0x1e, 0x53, 0x7f, 0x6a, 0x0, 0x15, 0x1, 0x20,
    0x6, 0x10, 0x55, 0x3f, 0x80, 0xb, 0xc0, 0xee,
    0x0, 0x10, 0x2, 0x11, 0x20, 0x1, 0x8, 0x8,
    0x81, 0x2d, 0x74, 0x80, 0xc, 0x0, 0x13, 0x2,
    0x27, 0xa6, 0xaa, 0xbe, 0xfa, 0xc0, 0x1a, 0x6,
    0x5, 0x9f, 0xb5, 0x10, 0x27, 0xd0, 0x2, 0xb6,
    0x6, 0x8e, 0xea, 0x27, 0x80, 0x80, 0x2e, 0xeb,
    0x44, 0x36, 0x64, 0x14, 0xf8, 0xa0, 0x1, 0x26,
    0x42, 0x18, 0x96, 0xb, 0xc0, 0x50, 0x5f, 0xf8,
    0x1d, 0x3, 0x14, 0x16, 0xe0, 0x0, 0x9d, 0x90,
    0x4, 0xb7, 0x82, 0x19, 0x50, 0x20, 0x22, 0x0,
    0x67, 0xbe, 0xcb, 0x1, 0x68, 0x60, 0x5, 0x3e,
    0xee, 0x6e, 0x40, 0xd, 0x1a, 0x0,

    /* U+9AD8 "高" */
    0x0, 0xf9, 0x48, 0x3, 0xff, 0x83, 0xd6, 0x1,
    0xf6, 0xef, 0x91, 0xb7, 0x7c, 0x1d, 0xde, 0xcc,
    0x77, 0x78, 0xc, 0xd7, 0xbb, 0xfa, 0x4c, 0xc0,
    0x11, 0x3f, 0x77, 0xa5, 0x80, 0x3c, 0x97, 0x7e,
    0xa0, 0xf, 0x5f, 0xcc, 0xfb, 0xf8, 0x2, 0x6e,
    0xfc, 0xcf, 0xef, 0x80, 0x15, 0xcc, 0xff, 0x17,
    0x80, 0x44, 0xbb, 0x99, 0xcc, 0x4c, 0x1, 0xde,
    0xbd, 0xd8, 0x80, 0x3f, 0x98, 0x8b, 0x0, 0x7f,
    0x8f, 0xbb, 0x3, 0x80, 0x7d, 0x95, 0x99, 0xcb,
    0xca, 0x60, 0xf6, 0x8, 0xa0, 0x1c, 0xdd, 0xc4,

    /* U+9E5C "鹜" */
    0x0, 0xff, 0x18, 0x7, 0x93, 0x77, 0x7d, 0x1,
    0xe0, 0x8e, 0x0, 0x26, 0xbb, 0x8a, 0x68, 0x70,
    0x2b, 0x7b, 0x48, 0x77, 0x4a, 0xa0, 0x9f, 0xe4,
    0x2a, 0x45, 0xc2, 0x1d, 0xe2, 0x46, 0xd2, 0xeb,
    0xae, 0x7b, 0x0, 0xc, 0xff, 0xb0, 0x45, 0xc5,
    0x14, 0x43, 0x6, 0x3, 0xb8, 0x99, 0x80, 0x86,
    0xec, 0xde, 0xc8, 0x10, 0x40, 0x94, 0xac, 0x4b,
    0x8f, 0xf5, 0xad, 0x88, 0x6, 0xec, 0x5d, 0xee,
    0xa4, 0x40, 0x3f, 0x17, 0xe3, 0x95, 0x5e, 0x0,
    0x7c, 0x62, 0x99, 0xe7, 0xf0, 0xe2, 0x1, 0xc7,
    0xf9, 0x8f, 0x5c, 0x88, 0x67, 0x48, 0x0, 0x89,
    0xdf, 0xff, 0xb5, 0xb8, 0x1, 0xdd, 0xfe, 0x90,
    0x52, 0x0, 0x66, 0x7f, 0x52, 0xf0, 0xa0, 0x7,
    0xfc, 0xdd, 0xcd, 0x10,

    /* U+9EA6 "麦" */
    0x0, 0x8, 0xf7, 0x30, 0x8f, 0x0, 0x53, 0xdd,
    0xc3, 0x3d, 0xdc, 0x60, 0x9, 0xff, 0xe2, 0xaf,
    0xfe, 0x30, 0xa, 0x7f, 0xf1, 0x57, 0xfe, 0x50,
    0xd, 0x3f, 0xf8, 0x67, 0xff, 0x28, 0x1, 0x2a,
    0xbc, 0x33, 0x55, 0xe0, 0x6f, 0xfc, 0xaa, 0xaa,
    0x7f, 0xf8, 0x9, 0x56, 0xd0, 0xc4, 0x4e, 0x55,
    0x80, 0x34, 0xb8, 0x67, 0x77, 0x30, 0x6, 0x5e,
    0x52, 0x6f, 0xfc, 0xa4, 0xc0, 0x10, 0xcc, 0x66,
    0x12, 0x80, 0x71, 0xf0, 0x3, 0xe, 0x30, 0xe,
    0x3f, 0xf2, 0xe8, 0x80, 0x7c, 0x4d, 0xa4, 0x0,
    0x69, 0x51, 0x0, 0x8b, 0x3f, 0x75, 0x5d, 0xfe,
    0xb0, 0x8e, 0xe6, 0x1, 0x4e, 0xfd, 0xb0, 0x80,
    0x12, 0x77, 0xab, 0xc0,

    /* U+9EC4 "黄" */
    0x0, 0xef, 0x50, 0xb, 0xd4, 0x3, 0xdf, 0xf0,
    0x57, 0xfc, 0x15, 0xfe, 0x30, 0xb, 0xfb, 0x81,
    0x3d, 0xd0, 0x57, 0x70, 0xc0, 0xc, 0xc7, 0x70,
    0x6b, 0xbc, 0x1c, 0xee, 0x61, 0x16, 0xee, 0x20,
    0x99, 0x69, 0x6, 0xec, 0x63, 0x77, 0xb6, 0xe8,
    0x6f, 0x6e, 0xf1, 0x0, 0x13, 0xfb, 0xaa, 0x1e,
    0xed, 0xa0, 0x1c, 0x3d, 0xd5, 0xf, 0x75, 0x60,
    0x1e, 0x1d, 0xda, 0x87, 0x76, 0xb0, 0xf, 0xe,
    0xed, 0x43, 0xbb, 0x58, 0x7, 0x86, 0x66, 0x81,
    0x99, 0xb8, 0x3, 0x96, 0xb0, 0x7e, 0x2b, 0x3,
    0x3a, 0x40, 0x30, 0x87, 0x38, 0xaa, 0x9c, 0xaf,
    0x1c, 0x2, 0x9f, 0x8c, 0xe7, 0x0, 0x15, 0xf8,
    0xed, 0x80, 0x23, 0xb5, 0xc4, 0x3, 0x86, 0x3a,
    0x80,

    /* U+9ED1 "黑" */
    0x0, 0x27, 0xcc, 0xdf, 0xe9, 0x9a, 0xf8, 0x3,
    0x8a, 0x2, 0x64, 0x53, 0x5d, 0xc0, 0xf, 0x85,
    0x8, 0x2, 0x91, 0x0, 0xfe, 0xa5, 0x0, 0xa,
    0x30, 0x7, 0xe2, 0x44, 0x71, 0x12, 0x8, 0xc0,
    0x3c, 0x79, 0xba, 0x70, 0xd8, 0xc8, 0x20, 0xc,
    0x9d, 0xda, 0x47, 0xbb, 0x60, 0x6, 0xcf, 0xfd,
    0x23, 0xff, 0xb0, 0x3, 0x67, 0xfe, 0x92, 0xff,
    0xd8, 0x0, 0x19, 0x9f, 0x8a, 0x67, 0xc2, 0x2e,
    0xef, 0x44, 0x3b, 0xbc, 0x0, 0x72, 0xd7, 0x51,
    0x77, 0xa, 0x3a, 0x6b, 0x88, 0x2, 0xf4, 0x6,
    0x40, 0x1f, 0x20, 0x6c, 0xc0, 0x5, 0xab, 0x81,
    0x0, 0x86, 0xa8, 0x2, 0x20, 0x0, 0xab, 0x0,
    0xf, 0x8, 0x27, 0x80, 0x13, 0xc0,

    /* U+9ED8 "默" */
    0xc, 0x76, 0xf6, 0x8c, 0x0, 0x17, 0x4a, 0x0,
    0x6f, 0x72, 0x40, 0xf, 0x5d, 0x8, 0x5, 0xee,
    0xa, 0x1, 0xe2, 0x69, 0x0, 0x8b, 0xc3, 0x6c,
    0x3, 0xd1, 0x0, 0x9, 0xa0, 0xa5, 0xc3, 0x3b,
    0x47, 0xba, 0x20, 0x6f, 0xd0, 0xf8, 0x58, 0xb7,
    0xb, 0xb8, 0x82, 0xb3, 0x1, 0xb9, 0x28, 0xba,
    0xc, 0xaa, 0x0, 0x57, 0x70, 0x3b, 0x96, 0x0,
    0xd0, 0x50, 0xd, 0x5d, 0xc1, 0xfe, 0xb0, 0x1,
    0x26, 0x0, 0x6a, 0xbc, 0x1e, 0xff, 0x0, 0x16,
    0x14, 0x40, 0x2c, 0xe8, 0xdc, 0xef, 0x5, 0x23,
    0x56, 0x0, 0xbc, 0x64, 0x6d, 0x20, 0x22, 0xc2,
    0x64, 0x20, 0x4, 0x40, 0x1a, 0x29, 0xc0, 0xb0,
    0x1a, 0x68, 0x25, 0x3, 0x85, 0x5, 0x37, 0x0,
    0x56, 0x2a, 0x8e, 0x14, 0xe, 0x3, 0xc4, 0x1,
    0xe, 0xa8,

    /* U+9F50 "齐" */
    0x0, 0xf9, 0xcc, 0x3, 0xff, 0x85, 0xfc, 0x1,
    0xfb, 0xff, 0xce, 0x5f, 0xfd, 0xc0, 0xe, 0xe6,
    0x8b, 0xf7, 0x64, 0x1e, 0xe7, 0x80, 0x4, 0x45,
    0x8d, 0x22, 0x28, 0x5c, 0x11, 0x80, 0x38, 0xbd,
    0x3f, 0xc9, 0x84, 0x1, 0xf8, 0x98, 0x40, 0x7,
    0x48, 0x1, 0x86, 0x2f, 0xb7, 0x53, 0xfe, 0xa2,
    0xaf, 0xdb, 0x21, 0xfd, 0xd3, 0xf2, 0x0, 0x13,
    0xe7, 0x67, 0x48, 0x1d, 0x8d, 0xc, 0x3, 0x6e,
    0x12, 0x30, 0x7, 0x84, 0x3, 0xff, 0x84, 0x46,
    0x1, 0xff, 0xc1, 0x51, 0x40, 0xf, 0xfe, 0x2,
    0x53, 0x8, 0x7, 0xff, 0x3, 0x5a, 0x40, 0x3f,
    0xe0,

    /* U+9F7F "齿" */
    0x0, 0xaa, 0x40, 0x11, 0x60, 0x1f, 0xfc, 0x34,
    0xff, 0xd8, 0x1, 0xfe, 0x3e, 0xed, 0xa0, 0x1f,
    0xe7, 0x11, 0xe0, 0xa, 0xec, 0xad, 0x76, 0x74,
    0xbb, 0xf1, 0x6, 0x94, 0xcb, 0x74, 0xeb, 0xbb,
    0x87, 0xc, 0x1d, 0x91, 0x9a, 0x13, 0x66, 0xca,
    0x82, 0x1, 0xf3, 0x8, 0x7, 0xff, 0x6, 0x1,
    0xa0, 0x3, 0xfe, 0x56, 0xdf, 0x4b, 0x10, 0xf,
    0x86, 0x2f, 0x48, 0x70, 0x7c, 0x80, 0x3f, 0x79,
    0x80, 0x55, 0x4, 0x1, 0xee, 0x4d, 0xcc, 0xea,
    0xc0, 0xc, 0x35, 0x13, 0x3f, 0xc0, 0x10,

    /* U+FF01 "！" */
    0x1f, 0xa0, 0x8, 0x40, 0xc0, 0x2, 0x3, 0xe0,
    0x18, 0xc4, 0x4, 0xc3, 0x54, 0x4, 0x7, 0xa4,
    0x4, 0xc7, 0xe8,

    /* U+FF02 "＂" */
    0x1, 0x0, 0x8, 0x5f, 0x0, 0x3a, 0xc0, 0x38,
    0x48, 0x40, 0x2, 0x7c, 0x40, 0x2, 0xe1, 0x60,
    0x3, 0x13, 0xc0, 0x2, 0x10,

    /* U+FF03 "＃" */
    0x0, 0xc2, 0x1, 0x8, 0x7, 0xda, 0x40, 0xc,
    0x10, 0xf, 0x11, 0x0, 0x6, 0x20, 0x1f, 0xc2,
    0x60, 0x1b, 0x7f, 0xc3, 0xfe, 0xe2, 0xff, 0x30,
    0x6f, 0x52, 0xf7, 0x29, 0x7b, 0x8c, 0x0, 0x13,
    0x21, 0x11, 0x10, 0x44, 0x1, 0xbb, 0x80, 0xe,
    0xe0, 0x4, 0x9b, 0xa7, 0x8d, 0xd3, 0x46, 0xe8,
    0x13, 0xfc, 0x55, 0xfe, 0x2a, 0xff, 0x0, 0x8,
    0x86, 0x84, 0x43, 0x42, 0x20, 0x7, 0xff, 0xc,
    0x5c, 0x0, 0x2c, 0x1, 0x80,

    /* U+FF04 "＄" */
    0x0, 0xc5, 0x60, 0x1f, 0x85, 0x80, 0x3c, 0x75,
    0x85, 0x48, 0x1, 0x26, 0xc, 0xc8, 0xee, 0x80,
    0x1e, 0x96, 0xcc, 0x9d, 0xf0, 0x3, 0x8, 0x6,
    0x25, 0x0, 0x52, 0xc8, 0x80, 0x79, 0xe5, 0xfa,
    0xd4, 0x3, 0x9b, 0xa5, 0xeb, 0x48, 0x3, 0x9b,
    0x2c, 0xfc, 0x3, 0xe4, 0xa2, 0x30, 0x70, 0xe,
    0x10, 0x12, 0x9d, 0x74, 0x43, 0xda, 0x91, 0x3e,
    0xae, 0xea, 0x9a, 0x0, 0xb, 0xe6, 0xb, 0x5c,
    0x3, 0xff, 0x80,

    /* U+FF05 "％" */
    0x0, 0x8, 0x7, 0x84, 0x40, 0x1a, 0xbf, 0xa4,
    0x3, 0x6a, 0x80, 0x4c, 0xce, 0xe2, 0x28, 0x1,
    0x1, 0x0, 0x2c, 0xb0, 0x5, 0x78, 0x2, 0x3c,
    0x3, 0x9, 0x0, 0x4, 0x40, 0x8e, 0x60, 0x18,
    0x48, 0x0, 0x22, 0x8, 0x80, 0xb3, 0x4, 0x32,
    0x80, 0x15, 0xea, 0xe5, 0x9f, 0xec, 0x16, 0x7e,
    0xe2, 0x2c, 0x41, 0x9e, 0x64, 0xec, 0x15, 0xfe,
    0x95, 0x63, 0xcc, 0x0, 0x33, 0x0, 0x1, 0x10,
    0x44, 0x0, 0x6, 0x0, 0x30, 0xe, 0x57, 0x30,
    0x12, 0x0, 0x10, 0x80, 0x68, 0x80, 0x3, 0xa8,
    0x45, 0x5c, 0x1, 0x33, 0x90, 0x1, 0x2b, 0xfd,
    0x48, 0x1, 0x35, 0x0, 0x67, 0xee, 0x38, 0x0,

    /* U+FF06 "＆" */
    0x0, 0x26, 0x75, 0x88, 0x7, 0xd, 0xd6, 0xd,
    0x80, 0x72, 0x13, 0x17, 0x38, 0x7, 0x8c, 0x1,
    0xae, 0x1, 0xc8, 0x2d, 0x29, 0x60, 0x1c, 0x27,
    0x29, 0x82, 0x2, 0x80, 0x8, 0x30, 0xe, 0x98,
    0x7, 0x6d, 0xf1, 0xc1, 0x5, 0xb0, 0xa6, 0x20,
    0xc1, 0xf9, 0x36, 0x0, 0xf6, 0x3, 0x20, 0x85,
    0x3a, 0x80, 0x18, 0x41, 0x60, 0x1d, 0xd5, 0xfe,
    0x89, 0xf9, 0x61, 0x8, 0xfd, 0xee, 0x30, 0x37,
    0x8,

    /* U+FF07 "＇" */
    0x10, 0xfc, 0x7, 0x31, 0x62, 0x27, 0xdb, 0x0,

    /* U+FF08 "（" */
    0x0, 0xa0, 0x2, 0xa3, 0x0, 0x2a, 0x50, 0x2,
    0xec, 0x20, 0x80, 0xa0, 0xd, 0x70, 0x9, 0x7c,
    0x2, 0x12, 0x0, 0xc2, 0x1, 0x9, 0x80, 0x49,
    0x80, 0x16, 0x20, 0x4, 0x86, 0xc0, 0x14, 0xc1,
    0x0, 0x11, 0xb8, 0x2, 0x89, 0x0,

    /* U+FF09 "）" */
    0x8, 0x0, 0xc7, 0x40, 0x15, 0x22, 0x80, 0x6,
    0xec, 0x1, 0x28, 0x20, 0x4, 0xfa, 0x1, 0x7a,
    0x80, 0x44, 0x20, 0x10, 0x80, 0x63, 0x60, 0xb,
    0xc, 0x2, 0x5b, 0x0, 0x39, 0x18, 0x14, 0xc8,
    0x1, 0xcc, 0x80, 0x9, 0x80, 0x0,

    /* U+FF0A "＊" */
    0x0, 0xf1, 0x0, 0x7f, 0x8e, 0x0, 0x3f, 0xe1,
    0x0, 0xf2, 0x0, 0x4e, 0x1, 0x84, 0xc7, 0xf0,
    0xc0, 0x3a, 0x31, 0x86, 0xe7, 0x68, 0xdd, 0xb8,
    0x71, 0x40, 0xb, 0xc5, 0x7, 0x7b, 0x22, 0x1,
    0x88, 0xc0, 0x6, 0xc0, 0x1c, 0xf8, 0x74, 0x75,
    0x38, 0x40, 0x3b, 0xdf, 0x2, 0xe9, 0x93, 0xec,
    0x3f, 0x22, 0x1, 0xcb, 0xae, 0x4, 0x1, 0x38,
    0x7, 0x8, 0x7, 0x84, 0x3, 0xfc, 0x74, 0x1,
    0xc0,

    /* U+FF0B "＋" */
    0x0, 0xea, 0x60, 0xf, 0xf8, 0x40, 0x3f, 0xfb,
    0xb5, 0x77, 0x92, 0xae, 0xf3, 0xe6, 0xee, 0x27,
    0xdd, 0xc6, 0xcd, 0xed, 0x66, 0xc8, 0x1, 0xff,
    0xdd, 0xd3, 0x0, 0xe0,

    /* U+FF0C "，" */
    0x1c, 0xa0, 0x23, 0x53, 0x35, 0x0, 0x4c, 0x26,
    0xbb, 0x40, 0xc, 0x40,

    /* U+FF0D "－" */
    0xbc, 0xcf, 0xf4, 0x7c, 0xcf, 0xfa, 0xc0,

    /* U+FF0E "．" */
    0x7, 0x50, 0x68, 0xa0, 0x42, 0x50,

    /* U+FF0F "／" */
    0x0, 0xff, 0xe1, 0x11, 0x0, 0x3f, 0xf8, 0x25,
    0x26, 0x1, 0xff, 0xc0, 0x29, 0xa1, 0x0, 0xff,
    0x8a, 0x68, 0x40, 0x3f, 0xe2, 0x9a, 0x10, 0xf,
    0xf8, 0xa6, 0x84, 0x3, 0xfe, 0x29, 0xa1, 0x0,
    0xff, 0x8a, 0x68, 0x40, 0x3f, 0xe2, 0x9a, 0x10,
    0xf, 0xf8, 0xa6, 0x84, 0x3, 0xfe, 0x29, 0xa1,
    0x0, 0xff, 0x8a, 0x68, 0x40, 0x3f, 0xe2, 0x9a,
    0x10, 0xf, 0xf8, 0xa6, 0x84, 0x3, 0xfe, 0x29,
    0xa1, 0x0, 0xff, 0xe0, 0x15, 0x8, 0x7, 0xff,
    0x4,

    /* U+FF10 "０" */
    0x0, 0xc, 0xee, 0xa4, 0x40, 0x21, 0xf5, 0x88,
    0x2f, 0x88, 0x2, 0xcf, 0x15, 0x58, 0x76, 0x0,
    0x5a, 0x0, 0xd4, 0xa0, 0x60, 0x80, 0x19, 0x0,
    0xdc, 0x4, 0x3, 0x8, 0x38, 0x80, 0x7f, 0x30,
    0x8, 0x6, 0x10, 0x72, 0x5, 0x0, 0xca, 0x4,
    0x29, 0x40, 0x1a, 0x90, 0x42, 0xe, 0x44, 0x52,
    0x70, 0x0, 0x3b, 0x4e, 0xe2, 0x59, 0x80, 0x49,
    0xbd, 0xcd, 0x40, 0x0,

    /* U+FF11 "１" */
    0x0, 0x92, 0x6c, 0x3, 0x8f, 0xed, 0x90, 0x3,
    0x8f, 0xfd, 0x0, 0x1f, 0xff, 0xf0, 0x33, 0xb8,
    0xc, 0xe1, 0xc, 0xc9, 0x83, 0x32, 0x40,

    /* U+FF12 "２" */
    0x0, 0x25, 0xf7, 0x24, 0x40, 0x29, 0xb3, 0xa8,
    0x4f, 0x10, 0x15, 0xc8, 0x46, 0xc1, 0x60, 0x1c,
    0x30, 0x8, 0x4b, 0x40, 0x3f, 0x19, 0x0, 0x7c,
    0xc3, 0x40, 0x1e, 0x29, 0x62, 0x0, 0xe1, 0xf3,
    0x90, 0xe, 0x2c, 0x1c, 0x0, 0xe3, 0xc6, 0xc0,
    0xe, 0x5c, 0x2f, 0x34, 0x48, 0x45, 0x40, 0x77,
    0x97, 0x72, 0x80,

    /* U+FF13 "３" */
    0x0, 0x36, 0x77, 0x2c, 0xc0, 0x19, 0x17, 0x56,
    0xf8, 0x61, 0x5c, 0xe8, 0xb8, 0x34, 0xc, 0x1,
    0xc6, 0x20, 0x1c, 0x54, 0x74, 0x1, 0x37, 0x6b,
    0xe1, 0x0, 0x49, 0x6e, 0x1e, 0x40, 0x11, 0x2c,
    0x68, 0xc8, 0x7, 0xd6, 0x82, 0xe0, 0x1d, 0xc4,
    0x48, 0xb3, 0x11, 0x3b, 0x51, 0xe8, 0xe7, 0x72,
    0x61, 0xc0, 0xab, 0xf7, 0x5c, 0xe0,

    /* U+FF14 "４" */
    0x0, 0xe1, 0x98, 0x0, 0xfa, 0xd9, 0x80, 0x1e,
    0x65, 0x70, 0xf, 0x14, 0xcb, 0xc0, 0x3d, 0xe8,
    0xc0, 0x1e, 0x93, 0xa0, 0xf, 0x23, 0x68, 0x80,
    0x70, 0xd2, 0x81, 0x9b, 0x44, 0xc9, 0x5, 0x73,
    0x25, 0xc, 0x95, 0xff, 0xe8, 0x1f, 0xb0, 0xf,
    0xfe, 0x73, 0x60, 0x0,

    /* U+FF15 "５" */
    0x1, 0xff, 0xf6, 0x0, 0x8, 0x26, 0xab, 0x40,
    0x1, 0xc1, 0xd5, 0x72, 0x0, 0x4, 0x4, 0x3,
    0xe3, 0x7, 0xbc, 0x93, 0x0, 0x8c, 0x3b, 0x68,
    0xb1, 0x80, 0xb, 0xf2, 0xcc, 0xb4, 0x90, 0xf,
    0xde, 0x6, 0x1, 0xff, 0x20, 0x7, 0x68, 0x18,
    0xd6, 0x20, 0x94, 0x34, 0x80, 0xfb, 0x5f, 0x6b,
    0x43, 0x0, 0x6, 0xbf, 0x7b, 0x8e, 0x0,

    /* U+FF16 "６" */
    0x0, 0x92, 0xfb, 0x64, 0x40, 0x27, 0xb2, 0xbb,
    0x2e, 0x80, 0xe, 0x26, 0x4a, 0xd9, 0xa0, 0x9,
    0x36, 0x0, 0xc2, 0x0, 0x4b, 0x2, 0x31, 0x0,
    0x84, 0x6b, 0xdd, 0x75, 0x88, 0x5, 0x39, 0xfd,
    0xad, 0x40, 0x13, 0xb8, 0x0, 0x50, 0x82, 0x20,
    0xf0, 0xc, 0xc0, 0x60, 0xb4, 0x1, 0x94, 0x8,
    0x2c, 0xac, 0x81, 0x21, 0x80, 0x3, 0xaf, 0xbf,
    0x6f, 0x20, 0x11, 0x67, 0x6f, 0xc8, 0x0,

    /* U+FF17 "７" */
    0x2f, 0xff, 0xc4, 0x4b, 0xbf, 0x11, 0x90, 0x22,
    0x70, 0x9e, 0x80, 0x78, 0x6e, 0x4, 0x3, 0xd2,
    0x4c, 0x1, 0xe1, 0x79, 0x0, 0xf9, 0x81, 0x40,
    0x3e, 0xc4, 0x0, 0xfc, 0x98, 0x1, 0xf1, 0x81,
    0x80, 0x7c, 0xc0, 0xe0, 0x1f, 0x88, 0x80, 0x18,

    /* U+FF18 "８" */
    0x0, 0x1d, 0xf7, 0x2c, 0xc0, 0x23, 0xc1, 0xdd,
    0x16, 0x20, 0x2, 0x4e, 0x8c, 0xd2, 0xbe, 0x0,
    0x16, 0x0, 0xc4, 0xe0, 0xe, 0x55, 0x0, 0x49,
    0x40, 0x5, 0x9a, 0xd7, 0xa6, 0x60, 0x0, 0xad,
    0xaa, 0x8a, 0x60, 0x17, 0xa4, 0xbe, 0xdb, 0xd8,
    0x11, 0x2c, 0x2, 0x4b, 0x42, 0x0, 0x30, 0x7,
    0xc4, 0x72, 0x60, 0x2, 0x83, 0x20, 0xd4, 0xce,
    0xe6, 0xbe, 0x80, 0x6, 0x7f, 0x31, 0xf4, 0x20,

    /* U+FF19 "９" */
    0x0, 0x2e, 0x76, 0xc0, 0x6, 0x6a, 0x4a, 0xb5,
    0xd0, 0xa, 0x1e, 0x11, 0xb0, 0xa0, 0x8, 0x6c,
    0x2, 0x16, 0x60, 0x7, 0xef, 0x10, 0x21, 0xa0,
    0x8, 0x60, 0x4, 0x2d, 0xa9, 0x9f, 0xd4, 0x2,
    0x5c, 0xa, 0xdd, 0x60, 0x8, 0x0, 0xeb, 0x28,
    0xf1, 0x0, 0x3e, 0x34, 0xe0, 0x5, 0x41, 0xa,
    0xea, 0x28, 0x3, 0x97, 0x7a, 0x9e, 0xc0, 0x24,
    0xde, 0xdf, 0x90, 0x8,

    /* U+FF1A "：" */
    0x1, 0x10, 0xf, 0x70, 0x40, 0x30, 0xf7, 0x4,
    0x4, 0x40, 0x1f, 0xfc, 0x23, 0x30, 0x16, 0x60,
    0x4c, 0x44, 0x3, 0xdc, 0x10,

    /* U+FF1B "；" */
    0x1, 0x10, 0xf, 0x70, 0x40, 0x30, 0xf7, 0x4,
    0x4, 0x40, 0x1f, 0xe1, 0x20, 0x7, 0x69, 0x80,
    0x82, 0x87, 0x21, 0x81, 0x2a, 0x23, 0x2c, 0x5f,
    0x14, 0x0,

    /* U+FF1C "＜" */
    0x0, 0xff, 0xe6, 0xc, 0xf0, 0x7, 0xf0, 0xcf,
    0x7, 0x80, 0x7c, 0x31, 0xc7, 0xb2, 0x20, 0x1c,
    0x31, 0xc5, 0xb4, 0x40, 0x1e, 0x7f, 0x2d, 0xa2,
    0x0, 0xf3, 0xf6, 0x6d, 0x10, 0x7, 0xff, 0x29,
    0xfb, 0x36, 0xc8, 0x3, 0xfc, 0xfc, 0x7b, 0x44,
    0x1, 0xfe, 0x8e, 0x2d, 0xa2, 0x0, 0xfe, 0x18,
    0xe3, 0xd9, 0x20, 0xf, 0xe1, 0x9e, 0xc, 0x0,
    0xff, 0x86, 0x78, 0x0,

    /* U+FF1D "＝" */
    0x34, 0x4f, 0xf1, 0x7c, 0xcf, 0xfa, 0xf3, 0x77,
    0xfd, 0x20, 0x1f, 0xfc, 0xe, 0xff, 0xff, 0x56,
    0x6e, 0xff, 0xac,

    /* U+FF1E "＞" */
    0x0, 0xff, 0xe1, 0xf4, 0x88, 0x7, 0xfd, 0xe1,
    0xd2, 0x20, 0x1f, 0xc3, 0x3a, 0x7d, 0x2, 0x1,
    0xfc, 0x55, 0xa5, 0xd0, 0x20, 0x1f, 0xc5, 0x5a,
    0x5e, 0xe0, 0x1f, 0xe2, 0xad, 0xce, 0x70, 0xf,
    0xfe, 0x51, 0xde, 0xe7, 0x38, 0x7, 0x8a, 0xb0,
    0xf9, 0xc0, 0x3c, 0x55, 0xa5, 0xd0, 0x1, 0xe2,
    0x9d, 0x3e, 0x81, 0x0, 0xfb, 0x3, 0xa4, 0x40,
    0x3f, 0xba, 0x44, 0x3, 0xfc,

    /* U+FF1F "？" */
    0x0, 0x84, 0x80, 0x32, 0x6f, 0x6f, 0x28, 0x1d,
    0xd7, 0x71, 0x28, 0x4f, 0x5c, 0x45, 0x0, 0x80,
    0x40, 0x13, 0x3, 0x0, 0x61, 0x95, 0x30, 0x8,
    0x71, 0xe8, 0x3, 0x58, 0xd0, 0x7, 0x25, 0x0,
    0x7b, 0xd8, 0x3, 0xc2, 0x1, 0xe1, 0xe9, 0x0,
    0xf0, 0x98, 0x7, 0xf, 0xd0, 0x4,

    /* U+FF20 "＠" */
    0x0, 0xc7, 0x3b, 0xfd, 0x8e, 0x1, 0xea, 0xdf,
    0xfb, 0xa3, 0x74, 0x40, 0x16, 0x7, 0x31, 0x0,
    0x12, 0xaf, 0xc0, 0x12, 0xf4, 0x1, 0x8, 0x38,
    0x30, 0xa8, 0xb5, 0x0, 0x23, 0xfd, 0x76, 0x0,
    0x57, 0xb2, 0x88, 0x3a, 0xf7, 0x1, 0x40, 0x4,
    0x3b, 0xa0, 0x4, 0x70, 0x80, 0x3c, 0x0, 0x20,
    0x24, 0x4, 0x6, 0x0, 0x55, 0x0, 0x3f, 0x0,
    0xc0, 0xc0, 0xc1, 0xc5, 0xc1, 0x51, 0x8f, 0xc0,
    0x63, 0x38, 0x22, 0xf6, 0x30, 0x6d, 0xc4, 0x1f,
    0xf9, 0xdd, 0xdf, 0xa4, 0x6, 0x94, 0x1, 0xe1,
    0x20, 0xd, 0x43, 0xcc, 0x40, 0x2b, 0x20, 0x1e,
    0xaa, 0x6e, 0x7f, 0xbb, 0x0, 0x30,

    /* U+FF21 "Ａ" */
    0x0, 0xc7, 0xfc, 0x1, 0xfd, 0x46, 0x2a, 0x1,
    0xf9, 0xe9, 0x64, 0x3, 0xe5, 0x17, 0xe3, 0x20,
    0xf, 0x72, 0xa, 0xd, 0x0, 0x70, 0xa7, 0x0,
    0x19, 0x80, 0x1c, 0xc2, 0xa0, 0xa, 0x14, 0x0,
    0xd4, 0x3f, 0xf6, 0x87, 0x0, 0x46, 0x53, 0x99,
    0x99, 0x44, 0x1, 0x42, 0xc6, 0x7a, 0xc1, 0x80,
    0xc, 0xc0, 0xe, 0x23, 0xa0, 0x43, 0xa0, 0xf,
    0x48, 0x90,

    /* U+FF22 "Ｂ" */
    0x2f, 0xfd, 0xd9, 0x2, 0x1, 0xa3, 0x31, 0x56,
    0xd8, 0x1, 0x88, 0xcc, 0x8f, 0x64, 0x60, 0x1f,
    0x84, 0x3, 0xf8, 0xe1, 0xc, 0x2, 0xaf, 0xfb,
    0x2, 0x80, 0x34, 0x66, 0x54, 0xdc, 0x80, 0x11,
    0x19, 0xcb, 0x49, 0x20, 0x1f, 0xd8, 0x40, 0x1f,
    0xda, 0x20, 0x11, 0x19, 0xc9, 0x4b, 0x0, 0x14,
    0x66, 0x54, 0x34, 0xc0,

    /* U+FF23 "Ｃ" */
    0x0, 0x96, 0xfb, 0x98, 0xc0, 0x10, 0xe5, 0xc,
    0x41, 0x66, 0x0, 0x14, 0x79, 0x4c, 0xc9, 0xd9,
    0x3, 0x49, 0x30, 0xc, 0x42, 0x16, 0xc, 0x1,
    0xf8, 0x88, 0x1, 0xfc, 0x20, 0x1f, 0xe2, 0x20,
    0x7, 0xf6, 0x2, 0x0, 0x7e, 0x52, 0x91, 0x0,
    0xe3, 0x0, 0x71, 0xfb, 0x19, 0x2e, 0xf0, 0x0,
    0xfd, 0x27, 0x36, 0x9f, 0x0, 0x21, 0xaf, 0xdd,
    0x7d, 0x8, 0x0,

    /* U+FF24 "Ｄ" */
    0x6f, 0xfb, 0xb2, 0x8, 0x2, 0x10, 0xbb, 0x91,
    0x75, 0x40, 0x32, 0x21, 0x63, 0x56, 0x8c, 0x3,
    0xf5, 0xc, 0x80, 0x7f, 0x3a, 0x80, 0x7f, 0x70,
    0x8, 0x7, 0xff, 0x1f, 0x80, 0x40, 0x3f, 0x3a,
    0x80, 0x7e, 0xa1, 0x90, 0x8, 0xcc, 0x8f, 0xab,
    0x26, 0x1, 0x66, 0x2e, 0x93, 0x58, 0x0,

    /* U+FF25 "Ｅ" */
    0x8f, 0xff, 0x88, 0x1, 0x55, 0xe2, 0x0, 0x2a,
    0xf8, 0x3, 0xff, 0x93, 0xff, 0xb8, 0x3, 0x55,
    0x70, 0x6, 0x55, 0xc8, 0x1, 0xff, 0xca, 0x44,
    0xf0, 0x80, 0x2e, 0xfc, 0xe0,

    /* U+FF26 "Ｆ" */
    0x3f, 0xff, 0x9c, 0x1, 0x15, 0x5c, 0xa0, 0x4,
    0x55, 0xe2, 0x0, 0xff, 0xe4, 0x22, 0xae, 0x10,
    0xa, 0x2a, 0xb2, 0x80, 0x59, 0xff, 0x90, 0x3,
    0xff, 0xa2, 0x40, 0x1f, 0x0,

    /* U+FF27 "Ｇ" */
    0x0, 0x86, 0x33, 0xb6, 0xd4, 0x2, 0x4f, 0x65,
    0x8b, 0x1a, 0x80, 0x2b, 0x2f, 0x96, 0x65, 0x64,
    0x84, 0xe, 0x88, 0x6, 0x31, 0x5, 0x71, 0x0,
    0xf8, 0x43, 0xc0, 0x30, 0x8e, 0x30, 0xe, 0x6e,
    0xeb, 0xc8, 0x38, 0x2, 0x7d, 0xd3, 0x80, 0xd,
    0x40, 0x21, 0x22, 0x78, 0x2, 0xa, 0x0, 0x3f,
    0x23, 0xba, 0xd4, 0x88, 0xb6, 0x1, 0x45, 0xbd,
    0x6e, 0xa9, 0xf0, 0x2, 0x4c, 0xfd, 0xd7, 0xd9,
    0x0,

    /* U+FF28 "Ｈ" */
    0xb6, 0x0, 0xf5, 0xb2, 0xf8, 0x7, 0x97, 0x80,
    0x3f, 0xfa, 0x6f, 0xbb, 0xe1, 0x0, 0x15, 0x57,
    0x80, 0x25, 0x77, 0xf0, 0x80, 0x7f, 0xf7, 0x40,

    /* U+FF29 "Ｉ" */
    0xf, 0xff, 0xc0, 0xa, 0xa8, 0x89, 0x55, 0x0,
    0x15, 0x66, 0x62, 0xac, 0x1, 0xff, 0xfc, 0x44,
    0x9d, 0xc8, 0x90, 0x2, 0xee, 0x33, 0x5d, 0xc0,

    /* U+FF2A "Ｊ" */
    0x0, 0xf2, 0xe0, 0x7, 0xc6, 0x61, 0x0, 0xff,
    0xf8, 0x8, 0x4, 0x60, 0x1b, 0x80, 0x43, 0x70,
    0xc9, 0x9a, 0x0, 0x60, 0x66, 0xca, 0xc8, 0x0,
    0xb3, 0xb7, 0xa8, 0x0,

    /* U+FF2B "Ｋ" */
    0x1c, 0x40, 0xc, 0x36, 0xe0, 0x3, 0x10, 0x8,
    0x71, 0xdc, 0x1, 0xe1, 0xc1, 0xc0, 0xf, 0xe,
    0x6, 0x80, 0x7d, 0xa7, 0x82, 0x1, 0xc7, 0x86,
    0x2a, 0x1, 0xe9, 0x2c, 0x49, 0x0, 0xfb, 0x4e,
    0x8e, 0x40, 0x3a, 0x4c, 0x6, 0xd9, 0x0, 0x31,
    0x80, 0x4a, 0x94, 0x1, 0xfd, 0x41, 0x40, 0x1f,
    0x86, 0xd5, 0x0,

    /* U+FF2C "Ｌ" */
    0x1c, 0x40, 0xf, 0x19, 0x84, 0x3, 0xff, 0xfe,
    0x1, 0xda, 0x89, 0xc2, 0x0, 0x7b, 0xbe, 0x70,

    /* U+FF2D "Ｍ" */
    0x4c, 0x70, 0xf, 0xae, 0xc2, 0x70, 0x1, 0xe6,
    0x45, 0x2, 0x17, 0x0, 0xeb, 0x40, 0x1, 0xcc,
    0x80, 0x32, 0x16, 0x80, 0x5, 0x85, 0x40, 0x2f,
    0x60, 0xc, 0x2d, 0x20, 0x2, 0x4b, 0x10, 0xd,
    0x66, 0x60, 0xb4, 0x20, 0xe, 0x24, 0x91, 0x6f,
    0x0, 0xfb, 0xd6, 0x4d, 0x0, 0x3e, 0x42, 0x79,
    0x0, 0xfe, 0x83, 0x50, 0xf, 0xe5, 0xc0, 0xe,

    /* U+FF2E "Ｎ" */
    0xba, 0x0, 0xf6, 0x22, 0xa9, 0xc0, 0x38, 0xc8,
    0x12, 0x8, 0x3, 0xed, 0x3e, 0x0, 0xf8, 0x78,
    0xdc, 0x3, 0xe2, 0x88, 0x10, 0x7, 0xce, 0x7c,
    0x1, 0xfb, 0x8d, 0xc0, 0x3e, 0x28, 0x81, 0x0,
    0x7c, 0xe7, 0x22, 0x1, 0xf7, 0x20, 0x80, 0x7c,
    0x50, 0x0,

    /* U+FF2F "Ｏ" */
    0x0, 0x9b, 0x3b, 0x98, 0xc0, 0x18, 0x72, 0x5a,
    0x20, 0xd3, 0x82, 0x0, 0xa3, 0xca, 0x66, 0x56,
    0x1d, 0x1, 0xa4, 0x98, 0x6, 0x39, 0x43, 0xb0,
    0x70, 0xf, 0x38, 0x59, 0x8, 0x80, 0x3c, 0x22,
    0x20, 0xf, 0xfe, 0x1, 0x8, 0x7, 0xe1, 0x2c,
    0x5, 0x0, 0xf2, 0x86, 0x21, 0x58, 0x80, 0x61,
    0x82, 0x40, 0xf0, 0xf6, 0x22, 0x37, 0x9f, 0x80,
    0xb, 0xd2, 0x77, 0x52, 0x9e, 0x40, 0x10, 0xd7,
    0xee, 0xbe, 0x84, 0x0,

    /* U+FF30 "Ｐ" */
    0xef, 0xfb, 0xb2, 0x4, 0x5, 0x6e, 0xf2, 0xf9,
    0x1, 0x22, 0x15, 0xf4, 0x2c, 0x3, 0xe5, 0x20,
    0xf, 0x94, 0x40, 0x38, 0xec, 0x64, 0x1f, 0xfe,
    0xc7, 0xb3, 0x5, 0xbc, 0xc7, 0x62, 0x0, 0x9,
    0xc, 0xc2, 0x1, 0xff, 0xc9, 0x3e, 0x0, 0xf8,

    /* U+FF31 "Ｑ" */
    0x0, 0x9b, 0x3b, 0x96, 0xc0, 0x1c, 0x39, 0x2d,
    0x10, 0x19, 0xc1, 0x0, 0xa8, 0xf2, 0x99, 0x95,
    0x87, 0x60, 0x3, 0x49, 0x30, 0xc, 0x70, 0xa4,
    0x16, 0xc, 0x1, 0xe6, 0x5, 0x2, 0x10, 0xf,
    0x84, 0x5c, 0x0, 0x30, 0xf, 0xf8, 0x88, 0x1,
    0xf8, 0x44, 0x18, 0x8, 0x1, 0xe5, 0xb, 0x4,
    0x39, 0x0, 0xe1, 0x83, 0x30, 0x3, 0x8f, 0x50,
    0x44, 0xb8, 0x7c, 0x1, 0x17, 0xbd, 0xf7, 0x29,
    0x3c, 0x80, 0x30, 0xd7, 0xb8, 0x5c, 0x88, 0x7,
    0xe8, 0x4b, 0xa6, 0x45, 0x0, 0xfa, 0xe8, 0x6e,
    0xb8, 0x0,

    /* U+FF32 "Ｒ" */
    0xef, 0xfb, 0xb6, 0x48, 0x0, 0x2d, 0x77, 0x52,
    0x69, 0x0, 0x39, 0x10, 0xaf, 0x81, 0x60, 0x1f,
    0x9, 0x90, 0x7, 0xc2, 0x64, 0x0, 0xf2, 0x21,
    0xb6, 0xc, 0x0, 0x1f, 0x75, 0x90, 0xbe, 0x20,
    0x8, 0xff, 0x38, 0xd0, 0x80, 0x7a, 0xb, 0x80,
    0x3f, 0x79, 0xc0, 0x7, 0xc5, 0xe, 0x60, 0x62,
    0x1, 0x9d, 0x60, 0x0,

    /* U+FF33 "Ｓ" */
    0x0, 0x1d, 0x77, 0x32, 0x4, 0x0, 0x98, 0xd3,
    0x68, 0xde, 0x0, 0x84, 0xc7, 0x58, 0xea, 0x0,
    0x8, 0x7, 0x90, 0x0, 0xa9, 0x22, 0x1, 0xe8,
    0x76, 0xec, 0x60, 0xe, 0x8e, 0x80, 0x9e, 0x60,
    0xc, 0x2f, 0x98, 0x29, 0x40, 0xf, 0x1e, 0x6,
    0x82, 0x80, 0x7c, 0x2b, 0x58, 0xc4, 0x44, 0xc0,
    0xa5, 0xc7, 0x9d, 0xd5, 0x86, 0x10, 0x1d, 0xfe,
    0xeb, 0xb0, 0xc0,

    /* U+FF34 "Ｔ" */
    0xef, 0xff, 0xdd, 0x57, 0x71, 0x12, 0xee, 0xa4,
    0x4c, 0x2c, 0x89, 0x80, 0x3f, 0xff, 0xe0, 0x1f,
    0xca, 0x40, 0x18,

    /* U+FF35 "Ｕ" */
    0xb6, 0x0, 0xf5, 0xb2, 0xf0, 0x7, 0x97, 0xc0,
    0x3f, 0xfd, 0xc2, 0x22, 0x20, 0x7, 0x8, 0x72,
    0x28, 0x80, 0x66, 0x4, 0x91, 0xc5, 0x23, 0x88,
    0x29, 0xe, 0xd, 0x6e, 0x3b, 0xa8, 0x0, 0x59,
    0xfb, 0xaf, 0x80, 0x0,

    /* U+FF36 "Ｖ" */
    0xc, 0x60, 0xf, 0x2e, 0x0, 0x1e, 0xc0, 0x3d,
    0xce, 0x0, 0xe2, 0x20, 0x6, 0x14, 0xe0, 0x2,
    0x85, 0x0, 0x66, 0x5, 0x0, 0x99, 0x80, 0x1a,
    0xd4, 0x3, 0x50, 0x98, 0x0, 0x8f, 0x80, 0x31,
    0x95, 0x0, 0x28, 0x50, 0x3, 0x95, 0xc0, 0xa,
    0xc0, 0x1e, 0xa1, 0x43, 0x2a, 0x0, 0xf1, 0x1f,
    0x51, 0x90, 0x7, 0xd4, 0xaf, 0x40, 0x1f, 0x98,
    0x5, 0xc0, 0x30,

    /* U+FF37 "Ｗ" */
    0x5c, 0x0, 0xe9, 0xa0, 0xe, 0xc4, 0x63, 0x40,
    0xc, 0xca, 0x20, 0x11, 0x99, 0xcc, 0x30, 0x2,
    0x51, 0x13, 0x80, 0x48, 0x26, 0x8, 0x80, 0xb,
    0x11, 0x18, 0x1, 0x62, 0x80, 0x30, 0xc0, 0x27,
    0xcc, 0x28, 0x4, 0xb8, 0x0, 0x40, 0x30, 0x31,
    0x77, 0x2, 0x1, 0xa, 0x0, 0xc, 0x10, 0x10,
    0xc4, 0x45, 0xa0, 0x80, 0x60, 0x12, 0x60, 0x5a,
    0x0, 0x15, 0x3, 0x10, 0x3, 0x62, 0x89, 0xd8,
    0x2, 0xc8, 0x8f, 0x80, 0x19, 0x5, 0x84, 0xc0,
    0x6, 0x2a, 0x48, 0x1, 0x8c, 0x25, 0x0, 0x33,
    0xc8, 0x18, 0x7, 0x20, 0xf8, 0x6, 0xc1, 0x40,
    0x8,

    /* U+FF38 "Ｘ" */
    0x4c, 0x30, 0xc, 0x78, 0x68, 0x1c, 0x1, 0xbd,
    0xcc, 0x38, 0x9c, 0x0, 0xc7, 0x20, 0x2, 0x88,
    0x10, 0xc4, 0x8, 0x2, 0x72, 0x98, 0x27, 0x0,
    0xee, 0x46, 0xf0, 0xf, 0x38, 0x7, 0xf4, 0xba,
    0x70, 0x7, 0x41, 0xc5, 0x14, 0x0, 0x46, 0xf6,
    0x3, 0x2e, 0x60, 0xe, 0x45, 0x0, 0x31, 0xf0,
    0x41, 0x50, 0x6, 0xe2, 0x80,

    /* U+FF39 "Ｙ" */
    0x99, 0x0, 0x70, 0xe2, 0x6b, 0x20, 0x6, 0x81,
    0x44, 0xa4, 0x2, 0x26, 0x80, 0x4, 0x93, 0x0,
    0x24, 0xd4, 0x0, 0x4d, 0x0, 0x69, 0xe0, 0x1a,
    0x1, 0xfd, 0x4c, 0x3, 0xc, 0xc1, 0xd8, 0x7,
    0x9c, 0x18, 0x40, 0x3e, 0x11, 0x0, 0x7f, 0xf5,
    0x80,

    /* U+FF3A "Ｚ" */
    0xb, 0xff, 0xfa, 0x82, 0x2e, 0xf9, 0x83, 0x80,
    0xd1, 0x33, 0x34, 0x80, 0x1e, 0xe2, 0x90, 0xf,
    0x41, 0xf8, 0x7, 0x91, 0xe4, 0x80, 0x38, 0x69,
    0x58, 0x3, 0xd4, 0x74, 0x1, 0xe6, 0x4e, 0x0,
    0xf1, 0x4c, 0x18, 0x7, 0xbc, 0x4d, 0x13, 0x8d,
    0x48, 0x6e, 0xfd, 0xa0,

    /* U+FF3B "［" */
    0xde, 0xdd, 0x18, 0x56, 0xe8, 0xc0, 0x3f, 0xfd,
    0x95, 0xba, 0x30,

    /* U+FF3C "＼" */
    0x22, 0x0, 0x7f, 0xf0, 0x8e, 0x48, 0x3, 0xff,
    0x82, 0x35, 0x24, 0x1, 0xff, 0xc1, 0x1a, 0x92,
    0x0, 0xff, 0xe0, 0x8d, 0x49, 0x0, 0x7f, 0xf0,
    0x46, 0xa4, 0x80, 0x3f, 0xf8, 0x23, 0x52, 0x40,
    0x1f, 0xfc, 0x11, 0xa9, 0x20, 0xf, 0xfe, 0x8,
    0xd4, 0x90, 0x7, 0xff, 0x4, 0x6a, 0x48, 0x3,
    0xff, 0x82, 0x35, 0x24, 0x1, 0xff, 0xc1, 0x1a,
    0x92, 0x0, 0xff, 0xe0, 0x8d, 0x49, 0x0, 0x7f,
    0xf0, 0x46, 0xa4, 0x80, 0x3f, 0xf8, 0x23, 0x52,
    0x40, 0x1f, 0xfc, 0x11, 0xa2,

    /* U+FF3D "］" */
    0x3d, 0xd7, 0x69, 0xee, 0xa8, 0x3, 0xff, 0xd8,
    0x7b, 0xaa, 0x0,

    /* U+FF3E "＾" */
    0x0, 0xf8, 0x77, 0x88, 0x1, 0xb7, 0x58, 0x41,
    0xcc, 0x9e, 0x60,

    /* U+FF3F "＿" */
    0xaa, 0xff, 0xe2, 0x0,

    /* U+FF40 "｀" */
    0x0, 0xc5, 0xb4, 0x5, 0x8c, 0xe0, 0x38, 0xa0,

    /* U+FF41 "ａ" */
    0x3, 0x9c, 0xdb, 0x50, 0x5c, 0x3a, 0x81, 0xa5,
    0x57, 0x53, 0x2d, 0x1c, 0x80, 0x80, 0xa3, 0x1,
    0x3, 0x6f, 0xfb, 0x80, 0x11, 0x9, 0xeb, 0x84,
    0x5, 0x64, 0x0, 0x84, 0x5, 0x48, 0xa, 0x58,
    0x38, 0x37, 0xf3, 0xa8, 0xb, 0x76, 0xe7, 0x5e,

    /* U+FF42 "ｂ" */
    0xf8, 0x0, 0xff, 0xe7, 0x78, 0x7, 0xf2, 0x5e,
    0xe3, 0x80, 0x53, 0x2c, 0xb5, 0x8b, 0x0, 0x26,
    0xbb, 0x4c, 0x21, 0x81, 0x0, 0x67, 0x4, 0x0,
    0xfd, 0xc0, 0x1f, 0xb8, 0x3, 0xce, 0x8, 0xc,
    0xc1, 0x13, 0x42, 0x9a, 0x5e, 0xf7, 0x25, 0xa8,
    0x2d, 0x6f, 0xb7, 0xe4, 0x0,

    /* U+FF43 "ｃ" */
    0x0, 0x2d, 0xee, 0xa4, 0x40, 0x15, 0x41, 0xba,
    0x5c, 0x6, 0x5a, 0xa3, 0x3e, 0x60, 0x28, 0xd4,
    0x3, 0x8, 0x12, 0x80, 0x7c, 0x66, 0x0, 0xf9,
    0x14, 0x80, 0x3d, 0x3, 0xea, 0x22, 0x6d, 0x11,
    0x7b, 0xd7, 0x72, 0x2c, 0x40, 0x6b, 0xf7, 0xb8,
    0xc0,

    /* U+FF44 "ｄ" */
    0x0, 0xfa, 0x3c, 0x3, 0xff, 0xa2, 0x97, 0xda,
    0xe0, 0x13, 0xd8, 0x45, 0xe3, 0x81, 0x42, 0xdb,
    0x32, 0xdc, 0x14, 0x2c, 0x3, 0xdc, 0x22, 0x0,
    0xf0, 0x88, 0x3, 0xec, 0x5, 0x0, 0xf2, 0x1d,
    0x28, 0x94, 0x38, 0x3, 0x52, 0xbb, 0x4a, 0x90,
    0x6, 0xfb, 0x7a, 0x96, 0xc0,

    /* U+FF45 "ｅ" */
    0x0, 0xc, 0x66, 0xda, 0x80, 0x45, 0xe9, 0x52,
    0x74, 0xe0, 0xe, 0x2c, 0x64, 0x8a, 0x81, 0x23,
    0x90, 0xc, 0x80, 0x8c, 0x15, 0xff, 0xb8, 0xd,
    0x82, 0xff, 0xfc, 0xc4, 0x4e, 0x0, 0xfd, 0x2b,
    0x44, 0x2, 0x90, 0x0, 0x4c, 0x6d, 0xfe, 0xaf,
    0x0, 0x8f, 0x3b, 0x7b, 0x8e, 0x0,

    /* U+FF46 "ｆ" */
    0x0, 0xd1, 0xdf, 0xd2, 0x1, 0x43, 0xc6, 0x56,
    0x0, 0x4c, 0xec, 0x68, 0xa0, 0x10, 0xf0, 0x6,
    0x7e, 0xe0, 0x4f, 0x74, 0xb, 0x54, 0x6, 0xaa,
    0x80, 0x91, 0x1, 0xe8, 0x90, 0x7, 0xff, 0x94,
    0xcc, 0x1, 0x80,

    /* U+FF47 "ｇ" */
    0x0, 0xc2, 0x1, 0xf2, 0xef, 0x7f, 0x75, 0x60,
    0x95, 0x4f, 0xe5, 0x3d, 0x90, 0xe3, 0x70, 0x1a,
    0x20, 0x20, 0xf, 0xce, 0x0, 0xe3, 0x50, 0x5,
    0x8a, 0x0, 0x10, 0xef, 0xbd, 0xb4, 0x2, 0x87,
    0xef, 0xec, 0x30, 0x8, 0x98, 0xc0, 0x2, 0x1,
    0xa0, 0xb3, 0xba, 0xfb, 0x20, 0xe7, 0xfe, 0xdd,
    0x5a, 0xc1, 0x9a, 0x40, 0x48, 0x88, 0x40, 0x63,
    0x46, 0x20, 0x74, 0x50, 0x18, 0x5d, 0xcf, 0xe2,
    0xf2,

    /* U+FF48 "ｈ" */
    0xe8, 0x0, 0xff, 0xea, 0x15, 0x6e, 0x38, 0x1,
    0x30, 0xad, 0xa1, 0xc0, 0x1f, 0xd, 0x47, 0x60,
    0x82, 0x1, 0x29, 0x0, 0x78, 0x40, 0x3f, 0xf9,
    0xa9, 0xc0, 0x1b, 0x90,

    /* U+FF49 "ｉ" */
    0xbe, 0x17, 0x13, 0xce, 0x20, 0x10, 0x6a, 0xe,
    0x40, 0xf, 0xfe, 0x50,

    /* U+FF4B "ｋ" */
    0x6f, 0x10, 0xf, 0xfe, 0xdc, 0x48, 0x7, 0xa5,
    0xac, 0x3, 0xa5, 0xf0, 0x80, 0x34, 0xb6, 0x10,
    0x6, 0xb7, 0x5, 0x0, 0xe4, 0xc9, 0x83, 0x0,
    0xda, 0x4c, 0x9c, 0x1, 0x88, 0x1, 0x47, 0x20,
    0x48, 0x20, 0x1, 0xa6, 0x50,

    /* U+FF4C "ｌ" */
    0xf8, 0x0, 0xff, 0xf7, 0x8, 0x80, 0x32, 0x39,
    0x8a, 0x4, 0x1e, 0x75, 0x9, 0x6f, 0x74, 0x20,

    /* U+FF4D "ｍ" */
    0xa3, 0x35, 0xee, 0x20, 0x15, 0x6e, 0x20, 0x24,
    0x76, 0x50, 0xdc, 0x7e, 0xd8, 0xd8, 0x83, 0xeb,
    0xbb, 0xc1, 0x35, 0xdb, 0xc1, 0xc1, 0x0, 0x22,
    0x4, 0x0, 0x88, 0x38, 0x3, 0xc2, 0x1, 0xc2,
    0x1, 0xff, 0xed,

    /* U+FF4E "ｎ" */
    0xa3, 0x2a, 0xdc, 0x70, 0x48, 0xc2, 0xb7, 0x87,
    0x7, 0xf8, 0x6b, 0x2b, 0x4, 0x10, 0x9, 0x8,
    0x3, 0xff, 0xb8,

    /* U+FF4F "ｏ" */
    0x0, 0x1d, 0x6e, 0xa8, 0xc0, 0x25, 0xc6, 0xbb,
    0x36, 0x28, 0xd, 0x2e, 0x33, 0x31, 0x68, 0x5c,
    0x20, 0x3, 0x40, 0x3f, 0x1, 0x0, 0x62, 0xe,
    0xf0, 0x10, 0xc, 0x21, 0xe8, 0xc, 0x1, 0x98,
    0x10, 0xd6, 0x1c, 0x44, 0xf0, 0xc6, 0x15, 0x13,
    0xdc, 0x98, 0x90, 0x9, 0xfb, 0x75, 0xce, 0x0,

    /* U+FF50 "ｐ" */
    0x0, 0xc2, 0x1, 0xb9, 0x5f, 0xb9, 0xf6, 0x20,
    0x35, 0xbb, 0x52, 0xe8, 0x1, 0xe8, 0xc9, 0x6c,
    0xd0, 0x3c, 0x3, 0x28, 0x18, 0x7, 0xef, 0x0,
    0xf0, 0x87, 0x7, 0x80, 0x68, 0x4, 0x7, 0x95,
    0x4a, 0x68, 0x20, 0x71, 0xbb, 0x35, 0x38, 0x3,
    0xe3, 0xbf, 0x14, 0x3, 0xff, 0x91, 0x28, 0x1,
    0xf0,

    /* U+FF51 "ｑ" */
    0x0, 0xc2, 0x1, 0xe7, 0xee, 0x7d, 0x37, 0x4,
    0xc3, 0x6e, 0x6c, 0x9, 0x33, 0xc1, 0x1b, 0xb0,
    0x28, 0x48, 0x7, 0xbc, 0x4, 0x3, 0xde, 0x1,
    0xf9, 0x1, 0xc0, 0x30, 0x81, 0xac, 0x41, 0x16,
    0xd8, 0x1, 0x50, 0xb7, 0x19, 0x0, 0x13, 0xef,
    0xeb, 0x80, 0x7f, 0x78, 0x7, 0xff, 0x16, 0xe4,

    /* U+FF52 "ｒ" */
    0xa3, 0x7, 0xcd, 0xb0, 0x45, 0xca, 0x4a, 0x30,
    0x4, 0x2e, 0xc3, 0xc0, 0x0, 0xa4, 0x3, 0xc8,
    0x1, 0xff, 0xda,

    /* U+FF53 "ｓ" */
    0x0, 0x25, 0x6e, 0xad, 0x40, 0x24, 0xb3, 0x99,
    0x65, 0xa0, 0x3, 0x2, 0x51, 0xf, 0xc8, 0x0,
    0xb0, 0xc4, 0x0, 0xf1, 0xea, 0xd7, 0xda, 0x80,
    0x62, 0x9e, 0xc2, 0xa9, 0x0, 0xf1, 0xcb, 0xb0,
    0x3, 0x28, 0x80, 0x4, 0x86, 0x0, 0xf0, 0xdf,
    0xf6, 0xbe, 0x80, 0xe, 0xbf, 0x75, 0xf6, 0x20,

    /* U+FF54 "ｔ" */
    0x0, 0x89, 0x0, 0x3f, 0x54, 0x0, 0x7e, 0x10,
    0xf, 0xe, 0xf3, 0x1f, 0x76, 0x1, 0x9a, 0x32,
    0xaa, 0xc0, 0x4, 0x43, 0xa, 0x26, 0x0, 0xff,
    0xeb, 0x19, 0x0, 0x7e, 0xd1, 0x70, 0x1, 0x80,
    0x64, 0x78, 0xff, 0x69, 0x80, 0x68, 0xfd, 0xee,
    0x18,

    /* U+FF55 "ｕ" */
    0xa6, 0x0, 0xcd, 0x4b, 0xc0, 0x1b, 0x90, 0x3,
    0xff, 0x98, 0x20, 0x1f, 0x19, 0x0, 0x63, 0x4,
    0x55, 0x9, 0xda, 0x84, 0x1d, 0x76, 0xe5, 0x80,
    0xe7, 0x6f, 0x3a, 0xf0,

    /* U+FF56 "ｖ" */
    0x3b, 0x20, 0xc, 0x36, 0x66, 0x5a, 0x0, 0xcc,
    0xa6, 0xc, 0xc0, 0xd, 0x4c, 0x0, 0x91, 0x50,
    0x2, 0x15, 0x0, 0x5, 0x78, 0x1, 0xc8, 0x40,
    0x17, 0x21, 0xa, 0xf8, 0x6, 0x42, 0xa6, 0x14,
    0x0, 0xea, 0x6a, 0x90, 0xf, 0x30, 0x93, 0x0,
    0x40,

    /* U+FF57 "ｗ" */
    0x79, 0x0, 0xd3, 0x20, 0xd, 0xe, 0x2c, 0x20,
    0x1, 0x66, 0x10, 0x4, 0xe2, 0xe0, 0x80, 0x7,
    0x43, 0x50, 0x2, 0x3, 0x89, 0xf8, 0x3, 0x75,
    0x76, 0x0, 0x69, 0x88, 0x5a, 0x80, 0x11, 0xa,
    0x62, 0xf, 0x60, 0x6, 0x4, 0x52, 0x2c, 0xe4,
    0x2a, 0x0, 0x13, 0xdc, 0x50, 0x2, 0xea, 0x91,
    0x0, 0x2b, 0x47, 0xb0, 0x5, 0xa5, 0xa8, 0x6,
    0x52, 0x3, 0x0, 0x18, 0x9d, 0x80, 0x0,

    /* U+FF58 "ｘ" */
    0x7, 0xa0, 0xd, 0x2e, 0x0, 0x64, 0x80, 0x3,
    0xb3, 0x0, 0x3, 0x6e, 0x85, 0x14, 0x20, 0x12,
    0xb5, 0x72, 0xa8, 0x3, 0xa0, 0x4e, 0xc0, 0x3d,
    0x66, 0x32, 0x1, 0xca, 0xae, 0xa7, 0x40, 0x8,
    0xaa, 0x49, 0x1e, 0x84, 0x1, 0xc8, 0xc0, 0x8,
    0x2d, 0x0,

    /* U+FF59 "ｙ" */
    0x39, 0x20, 0xe, 0x93, 0x33, 0xd0, 0x6, 0x66,
    0x10, 0x33, 0x80, 0x6a, 0x51, 0x9, 0x6, 0x0,
    0x11, 0xc8, 0x0, 0x5a, 0xc0, 0x14, 0x46, 0x1,
    0x59, 0x20, 0x35, 0x80, 0x62, 0x5f, 0x41, 0x70,
    0xe, 0x94, 0x85, 0x10, 0xe, 0x33, 0xa4, 0x3,
    0xe5, 0x23, 0x0, 0xf1, 0x34, 0x0, 0x72, 0xb6,
    0x22, 0x80, 0x74, 0xd3, 0x58, 0x7, 0x0,

    /* U+FF5B "｛" */
    0x0, 0x57, 0x38, 0x12, 0xf3, 0x80, 0x88, 0x2,
    0x10, 0xc, 0x62, 0x1, 0x10, 0x80, 0x1f, 0x20,
    0x0, 0xcc, 0xa0, 0x0, 0xc1, 0x80, 0x46, 0x1,
    0x84, 0x40, 0x1f, 0x84, 0x60, 0x1, 0x37, 0xb8,

    /* U+FF5C "｜" */
    0x0, 0x14, 0x80, 0x7f, 0xf4, 0xc, 0x40,

    /* U+FF5D "｝" */
    0x7e, 0xa0, 0x3, 0xf2, 0x90, 0x4, 0x22, 0x0,
    0xc2, 0x1, 0x9, 0x80, 0x42, 0x40, 0x15, 0xe3,
    0x80, 0x25, 0x98, 0x0, 0x38, 0x10, 0x0, 0x98,
    0x6, 0x10, 0xf, 0xc2, 0x20, 0x7e, 0x62, 0x0,

    /* U+FF5E "～" */
    0x0, 0xc4, 0x40, 0xf, 0xfe, 0x3, 0xfe, 0xeb,
    0x94, 0x3, 0xc4, 0x0, 0x98, 0x9e, 0xd7, 0xa8,
    0x0, 0xcd, 0xa2, 0x27, 0xb6, 0x12, 0x9a, 0x7b,
    0x44, 0x4c, 0xc2, 0x2e, 0x40, 0xc, 0xb8, 0x17,
    0x64, 0xa6, 0x0, 0xfe, 0x3b, 0xff, 0x6a, 0x80,
    0x0
};


/*---------------------
 *  GLYPH DESCRIPTION
 *--------------------*/

static const lv_font_fmt_txt_glyph_dsc_t glyph_dsc[] = {
    {.bitmap_index = 0, .adv_w = 0, .box_w = 0, .box_h = 0, .ofs_x = 0, .ofs_y = 0} /* id = 0 reserved */,
    {.bitmap_index = 0, .adv_w = 57, .box_w = 0, .box_h = 0, .ofs_x = 0, .ofs_y = 0},
    {.bitmap_index = 0, .adv_w = 83, .box_w = 3, .box_h = 12, .ofs_x = 1, .ofs_y = 0},
    {.bitmap_index = 16, .adv_w = 121, .box_w = 6, .box_h = 5, .ofs_x = 1, .ofs_y = 8},
    {.bitmap_index = 31, .adv_w = 142, .box_w = 9, .box_h = 12, .ofs_x = 0, .ofs_y = 0},
    {.bitmap_index = 86, .adv_w = 142, .box_w = 8, .box_h = 16, .ofs_x = 0, .ofs_y = -2},
    {.bitmap_index = 140, .adv_w = 236, .box_w = 15, .box_h = 12, .ofs_x = 0, .ofs_y = 0},
    {.bitmap_index = 222, .adv_w = 174, .box_w = 11, .box_h = 12, .ofs_x = 0, .ofs_y = 0},
    {.bitmap_index = 283, .adv_w = 71, .box_w = 2, .box_h = 5, .ofs_x = 1, .ofs_y = 8},
    {.bitmap_index = 288, .adv_w = 87, .box_w = 4, .box_h = 18, .ofs_x = 1, .ofs_y = -4},
    {.bitmap_index = 324, .adv_w = 87, .box_w = 4, .box_h = 18, .ofs_x = 0, .ofs_y = -4},
    {.bitmap_index = 361, .adv_w = 120, .box_w = 6, .box_h = 6, .ofs_x = 1, .ofs_y = 7},
    {.bitmap_index = 380, .adv_w = 142, .box_w = 9, .box_h = 9, .ofs_x = 0, .ofs_y = 2},
    {.bitmap_index = 404, .adv_w = 71, .box_w = 4, .box_h = 7, .ofs_x = 0, .ofs_y = -4},
    {.bitmap_index = 417, .adv_w = 89, .box_w = 5, .box_h = 2, .ofs_x = 0, .ofs_y = 3},
    {.bitmap_index = 422, .adv_w = 71, .box_w = 3, .box_h = 3, .ofs_x = 1, .ofs_y = 0},
    {.bitmap_index = 427, .adv_w = 100, .box_w = 7, .box_h = 16, .ofs_x = 0, .ofs_y = -3},
    {.bitmap_index = 470, .adv_w = 142, .box_w = 9, .box_h = 12, .ofs_x = 0, .ofs_y = 0},
    {.bitmap_index = 522, .adv_w = 142, .box_w = 7, .box_h = 12, .ofs_x = 1, .ofs_y = 0},
    {.bitmap_index = 540, .adv_w = 142, .box_w = 9, .box_h = 12, .ofs_x = 0, .ofs_y = 0},
    {.bitmap_index = 586, .adv_w = 142, .box_w = 8, .box_h = 12, .ofs_x = 0, .ofs_y = 0},
    {.bitmap_index = 631, .adv_w = 142, .box_w = 9, .box_h = 12, .ofs_x = 0, .ofs_y = 0},
    {.bitmap_index = 672, .adv_w = 142, .box_w = 9, .box_h = 12, .ofs_x = 0, .ofs_y = 0},
    {.bitmap_index = 717, .adv_w = 142, .box_w = 9, .box_h = 12, .ofs_x = 0, .ofs_y = 0},
    {.bitmap_index = 768, .adv_w = 142, .box_w = 9, .box_h = 12, .ofs_x = 0, .ofs_y = 0},
    {.bitmap_index = 806, .adv_w = 142, .box_w = 9, .box_h = 12, .ofs_x = 0, .ofs_y = 0},
    {.bitmap_index = 859, .adv_w = 142, .box_w = 9, .box_h = 12, .ofs_x = 0, .ofs_y = 0},
    {.bitmap_index = 911, .adv_w = 71, .box_w = 3, .box_h = 9, .ofs_x = 1, .ofs_y = 0},
    {.bitmap_index = 923, .adv_w = 71, .box_w = 4, .box_h = 13, .ofs_x = 0, .ofs_y = -4},
    {.bitmap_index = 946, .adv_w = 142, .box_w = 9, .box_h = 8, .ofs_x = 0, .ofs_y = 2},
    {.bitmap_index = 976, .adv_w = 142, .box_w = 9, .box_h = 6, .ofs_x = 0, .ofs_y = 3},
    {.bitmap_index = 992, .adv_w = 142, .box_w = 9, .box_h = 8, .ofs_x = 0, .ofs_y = 2},
    {.bitmap_index = 1022, .adv_w = 121, .box_w = 7, .box_h = 12, .ofs_x = 0, .ofs_y = 0},
    {.bitmap_index = 1059, .adv_w = 242, .box_w = 15, .box_h = 14, .ofs_x = 0, .ofs_y = -2},
    {.bitmap_index = 1159, .adv_w = 156, .box_w = 10, .box_h = 12, .ofs_x = 0, .ofs_y = 0},
    {.bitmap_index = 1212, .adv_w = 168, .box_w = 9, .box_h = 12, .ofs_x = 1, .ofs_y = 0},
    {.bitmap_index = 1260, .adv_w = 163, .box_w = 10, .box_h = 12, .ofs_x = 0, .ofs_y = 0},
    {.bitmap_index = 1307, .adv_w = 176, .box_w = 10, .box_h = 12, .ofs_x = 1, .ofs_y = 0},
    {.bitmap_index = 1351, .adv_w = 151, .box_w = 8, .box_h = 12, .ofs_x = 1, .ofs_y = 0},
    {.bitmap_index = 1383, .adv_w = 141, .box_w = 8, .box_h = 12, .ofs_x = 1, .ofs_y = 0},
    {.bitmap_index = 1408, .adv_w = 176, .box_w = 10, .box_h = 12, .ofs_x = 0, .ofs_y = 0},
    {.bitmap_index = 1460, .adv_w = 186, .box_w = 10, .box_h = 12, .ofs_x = 1, .ofs_y = 0},
    {.bitmap_index = 1483, .adv_w = 75, .box_w = 3, .box_h = 12, .ofs_x = 1, .ofs_y = 0},
    {.bitmap_index = 1488, .adv_w = 137, .box_w = 8, .box_h = 12, .ofs_x = 0, .ofs_y = 0},
    {.bitmap_index = 1507, .adv_w = 165, .box_w = 10, .box_h = 12, .ofs_x = 1, .ofs_y = 0},
    {.bitmap_index = 1552, .adv_w = 139, .box_w = 8, .box_h = 12, .ofs_x = 1, .ofs_y = 0},
    {.bitmap_index = 1564, .adv_w = 208, .box_w = 11, .box_h = 12, .ofs_x = 1, .ofs_y = 0},
    {.bitmap_index = 1618, .adv_w = 185, .box_w = 9, .box_h = 12, .ofs_x = 1, .ofs_y = 0},
    {.bitmap_index = 1657, .adv_w = 190, .box_w = 11, .box_h = 12, .ofs_x = 0, .ofs_y = 0},
    {.bitmap_index = 1715, .adv_w = 162, .box_w = 9, .box_h = 12, .ofs_x = 1, .ofs_y = 0},
    {.bitmap_index = 1752, .adv_w = 190, .box_w = 12, .box_h = 16, .ofs_x = 0, .ofs_y = -4},
    {.bitmap_index = 1832, .adv_w = 163, .box_w = 9, .box_h = 12, .ofs_x = 1, .ofs_y = 0},
    {.bitmap_index = 1877, .adv_w = 153, .box_w = 9, .box_h = 12, .ofs_x = 0, .ofs_y = 0},
    {.bitmap_index = 1927, .adv_w = 153, .box_w = 10, .box_h = 12, .ofs_x = 0, .ofs_y = 0},
    {.bitmap_index = 1945, .adv_w = 185, .box_w = 9, .box_h = 12, .ofs_x = 1, .ofs_y = 0},
    {.bitmap_index = 1974, .adv_w = 147, .box_w = 10, .box_h = 12, .ofs_x = 0, .ofs_y = 0},
    {.bitmap_index = 2026, .adv_w = 225, .box_w = 14, .box_h = 12, .ofs_x = 0, .ofs_y = 0},
    {.bitmap_index = 2110, .adv_w = 147, .box_w = 9, .box_h = 12, .ofs_x = 0, .ofs_y = 0},
    {.bitmap_index = 2160, .adv_w = 136, .box_w = 10, .box_h = 12, .ofs_x = -1, .ofs_y = 0},
    {.bitmap_index = 2197, .adv_w = 154, .box_w = 9, .box_h = 12, .ofs_x = 0, .ofs_y = 0},
    {.bitmap_index = 2238, .adv_w = 87, .box_w = 4, .box_h = 16, .ofs_x = 1, .ofs_y = -3},
    {.bitmap_index = 2247, .adv_w = 100, .box_w = 7, .box_h = 16, .ofs_x = 0, .ofs_y = -3},
    {.bitmap_index = 2289, .adv_w = 87, .box_w = 4, .box_h = 16, .ofs_x = 0, .ofs_y = -3},
    {.bitmap_index = 2298, .adv_w = 142, .box_w = 7, .box_h = 7, .ofs_x = 1, .ofs_y = 5},
    {.bitmap_index = 2322, .adv_w = 143, .box_w = 9, .box_h = 1, .ofs_x = 0, .ofs_y = -2},
    {.bitmap_index = 2325, .adv_w = 155, .box_w = 4, .box_h = 5, .ofs_x = 2, .ofs_y = 10},
    {.bitmap_index = 2335, .adv_w = 144, .box_w = 8, .box_h = 9, .ofs_x = 0, .ofs_y = 0},
    {.bitmap_index = 2372, .adv_w = 158, .box_w = 9, .box_h = 13, .ofs_x = 1, .ofs_y = 0},
    {.bitmap_index = 2411, .adv_w = 131, .box_w = 8, .box_h = 9, .ofs_x = 0, .ofs_y = 0},
    {.bitmap_index = 2443, .adv_w = 159, .box_w = 9, .box_h = 13, .ofs_x = 0, .ofs_y = 0},
    {.bitmap_index = 2483, .adv_w = 142, .box_w = 9, .box_h = 9, .ofs_x = 0, .ofs_y = 0},
    {.bitmap_index = 2522, .adv_w = 83, .box_w = 6, .box_h = 13, .ofs_x = 0, .ofs_y = 0},
    {.bitmap_index = 2546, .adv_w = 144, .box_w = 9, .box_h = 13, .ofs_x = 0, .ofs_y = -4},
    {.bitmap_index = 2602, .adv_w = 155, .box_w = 8, .box_h = 13, .ofs_x = 1, .ofs_y = 0},
    {.bitmap_index = 2630, .adv_w = 70, .box_w = 3, .box_h = 13, .ofs_x = 1, .ofs_y = 0},
    {.bitmap_index = 2640, .adv_w = 70, .box_w = 5, .box_h = 17, .ofs_x = -1, .ofs_y = -4},
    {.bitmap_index = 2660, .adv_w = 141, .box_w = 8, .box_h = 13, .ofs_x = 1, .ofs_y = 0},
    {.bitmap_index = 2693, .adv_w = 73, .box_w = 3, .box_h = 13, .ofs_x = 1, .ofs_y = 0},
    {.bitmap_index = 2701, .adv_w = 237, .box_w = 13, .box_h = 9, .ofs_x = 1, .ofs_y = 0},
    {.bitmap_index = 2731, .adv_w = 156, .box_w = 8, .box_h = 9, .ofs_x = 1, .ofs_y = 0},
    {.bitmap_index = 2751, .adv_w = 155, .box_w = 9, .box_h = 9, .ofs_x = 0, .ofs_y = 0},
    {.bitmap_index = 2791, .adv_w = 159, .box_w = 9, .box_h = 13, .ofs_x = 1, .ofs_y = -4},
    {.bitmap_index = 2832, .adv_w = 159, .box_w = 9, .box_h = 13, .ofs_x = 0, .ofs_y = -4},
    {.bitmap_index = 2874, .adv_w = 99, .box_w = 6, .box_h = 10, .ofs_x = 1, .ofs_y = 0},
    {.bitmap_index = 2889, .adv_w = 120, .box_w = 7, .box_h = 9, .ofs_x = 0, .ofs_y = 0},
    {.bitmap_index = 2920, .adv_w = 97, .box_w = 6, .box_h = 12, .ofs_x = 0, .ofs_y = 0},
    {.bitmap_index = 2948, .adv_w = 155, .box_w = 8, .box_h = 9, .ofs_x = 1, .ofs_y = 0},
    {.bitmap_index = 2968, .adv_w = 133, .box_w = 9, .box_h = 9, .ofs_x = 0, .ofs_y = 0},
    {.bitmap_index = 3006, .adv_w = 205, .box_w = 13, .box_h = 9, .ofs_x = 0, .ofs_y = 0},
    {.bitmap_index = 3065, .adv_w = 127, .box_w = 8, .box_h = 9, .ofs_x = 0, .ofs_y = 0},
    {.bitmap_index = 3101, .adv_w = 133, .box_w = 9, .box_h = 13, .ofs_x = 0, .ofs_y = -4},
    {.bitmap_index = 3152, .adv_w = 122, .box_w = 8, .box_h = 9, .ofs_x = 0, .ofs_y = 0},
    {.bitmap_index = 3183, .adv_w = 87, .box_w = 5, .box_h = 16, .ofs_x = 0, .ofs_y = -3},
    {.bitmap_index = 3215, .adv_w = 69, .box_w = 2, .box_h = 18, .ofs_x = 1, .ofs_y = -5},
    {.bitmap_index = 3220, .adv_w = 87, .box_w = 5, .box_h = 16, .ofs_x = 0, .ofs_y = -3},
    {.bitmap_index = 3254, .adv_w = 142, .box_w = 9, .box_h = 4, .ofs_x = 0, .ofs_y = 4},
    {.bitmap_index = 3273, .adv_w = 95, .box_w = 6, .box_h = 5, .ofs_x = 0, .ofs_y = 8},
    {.bitmap_index = 3289, .adv_w = 256, .box_w = 12, .box_h = 12, .ofs_x = 2, .ofs_y = 0},
    {.bitmap_index = 3351, .adv_w = 229, .box_w = 14, .box_h = 1, .ofs_x = 0, .ofs_y = 4},
    {.bitmap_index = 3356, .adv_w = 256, .box_w = 4, .box_h = 5, .ofs_x = 12, .ofs_y = 9},
    {.bitmap_index = 3367, .adv_w = 256, .box_w = 4, .box_h = 6, .ofs_x = 0, .ofs_y = 9},
    {.bitmap_index = 3379, .adv_w = 256, .box_w = 7, .box_h = 5, .ofs_x = 9, .ofs_y = 9},
    {.bitmap_index = 3397, .adv_w = 256, .box_w = 7, .box_h = 6, .ofs_x = 0, .ofs_y = 9},
    {.bitmap_index = 3417, .adv_w = 256, .box_w = 6, .box_h = 5, .ofs_x = 0, .ofs_y = -1},
    {.bitmap_index = 3432, .adv_w = 256, .box_w = 6, .box_h = 5, .ofs_x = 0, .ofs_y = -1},
    {.bitmap_index = 3448, .adv_w = 256, .box_w = 16, .box_h = 2, .ofs_x = 0, .ofs_y = 5},
    {.bitmap_index = 3457, .adv_w = 256, .box_w = 16, .box_h = 15, .ofs_x = 0, .ofs_y = -2},
    {.bitmap_index = 3540, .adv_w = 256, .box_w = 14, .box_h = 13, .ofs_x = 1, .ofs_y = -1},
    {.bitmap_index = 3575, .adv_w = 256, .box_w = 16, .box_h = 14, .ofs_x = 0, .ofs_y = -1},
    {.bitmap_index = 3606, .adv_w = 256, .box_w = 16, .box_h = 14, .ofs_x = 0, .ofs_y = -1},
    {.bitmap_index = 3653, .adv_w = 256, .box_w = 16, .box_h = 14, .ofs_x = 0, .ofs_y = -1},
    {.bitmap_index = 3720, .adv_w = 256, .box_w = 15, .box_h = 16, .ofs_x = 0, .ofs_y = -2},
    {.bitmap_index = 3793, .adv_w = 256, .box_w = 15, .box_h = 16, .ofs_x = 0, .ofs_y = -2},
    {.bitmap_index = 3878, .adv_w = 256, .box_w = 16, .box_h = 14, .ofs_x = 0, .ofs_y = -1},
    {.bitmap_index = 3937, .adv_w = 256, .box_w = 15, .box_h = 14, .ofs_x = 1, .ofs_y = -1},
    {.bitmap_index = 4024, .adv_w = 256, .box_w = 16, .box_h = 15, .ofs_x = 0, .ofs_y = -1},
    {.bitmap_index = 4082, .adv_w = 256, .box_w = 14, .box_h = 14, .ofs_x = 1, .ofs_y = -1},
    {.bitmap_index = 4131, .adv_w = 256, .box_w = 15, .box_h = 14, .ofs_x = 0, .ofs_y = -1},
    {.bitmap_index = 4196, .adv_w = 256, .box_w = 14, .box_h = 14, .ofs_x = 1, .ofs_y = -1},
    {.bitmap_index = 4274, .adv_w = 256, .box_w = 14, .box_h = 15, .ofs_x = 1, .ofs_y = -2},
    {.bitmap_index = 4363, .adv_w = 256, .box_w = 15, .box_h = 15, .ofs_x = 0, .ofs_y = -1},
    {.bitmap_index = 4426, .adv_w = 256, .box_w = 16, .box_h = 15, .ofs_x = 0, .ofs_y = -1},
    {.bitmap_index = 4526, .adv_w = 256, .box_w = 16, .box_h = 16, .ofs_x = 0, .ofs_y = -2},
    {.bitmap_index = 4621, .adv_w = 256, .box_w = 16, .box_h = 16, .ofs_x = 0, .ofs_y = -2},
    {.bitmap_index = 4720, .adv_w = 256, .box_w = 16, .box_h = 16, .ofs_x = 0, .ofs_y = -2},
    {.bitmap_index = 4819, .adv_w = 256, .box_w = 16, .box_h = 16, .ofs_x = 0, .ofs_y = -2},
    {.bitmap_index = 4916, .adv_w = 256, .box_w = 16, .box_h = 15, .ofs_x = 0, .ofs_y = -2},
    {.bitmap_index = 4993, .adv_w = 256, .box_w = 16, .box_h = 14, .ofs_x = 0, .ofs_y = -1},
    {.bitmap_index = 5074, .adv_w = 256, .box_w = 14, .box_h = 15, .ofs_x = 1, .ofs_y = -2},
    {.bitmap_index = 5152, .adv_w = 256, .box_w = 16, .box_h = 14, .ofs_x = 0, .ofs_y = -1},
    {.bitmap_index = 5228, .adv_w = 256, .box_w = 16, .box_h = 15, .ofs_x = 0, .ofs_y = -2},
    {.bitmap_index = 5320, .adv_w = 256, .box_w = 16, .box_h = 12, .ofs_x = 0, .ofs_y = 0},
    {.bitmap_index = 5352, .adv_w = 256, .box_w = 15, .box_h = 15, .ofs_x = 1, .ofs_y = -2},
    {.bitmap_index = 5406, .adv_w = 256, .box_w = 16, .box_h = 15, .ofs_x = 0, .ofs_y = -2},
    {.bitmap_index = 5490, .adv_w = 256, .box_w = 16, .box_h = 14, .ofs_x = 0, .ofs_y = -1},
    {.bitmap_index = 5571, .adv_w = 256, .box_w = 16, .box_h = 14, .ofs_x = 0, .ofs_y = -1},
    {.bitmap_index = 5655, .adv_w = 256, .box_w = 15, .box_h = 16, .ofs_x = 0, .ofs_y = -2},
    {.bitmap_index = 5743, .adv_w = 256, .box_w = 16, .box_h = 16, .ofs_x = 0, .ofs_y = -2},
    {.bitmap_index = 5833, .adv_w = 256, .box_w = 16, .box_h = 15, .ofs_x = 0, .ofs_y = -2},
    {.bitmap_index = 5908, .adv_w = 256, .box_w = 16, .box_h = 16, .ofs_x = 0, .ofs_y = -2},
    {.bitmap_index = 5968, .adv_w = 256, .box_w = 16, .box_h = 16, .ofs_x = 0, .ofs_y = -2},
    {.bitmap_index = 6066, .adv_w = 256, .box_w = 16, .box_h = 16, .ofs_x = 0, .ofs_y = -2},
    {.bitmap_index = 6159, .adv_w = 256, .box_w = 16, .box_h = 16, .ofs_x = 0, .ofs_y = -2},
    {.bitmap_index = 6258, .adv_w = 256, .box_w = 16, .box_h = 15, .ofs_x = 0, .ofs_y = -1},
    {.bitmap_index = 6344, .adv_w = 256, .box_w = 16, .box_h = 16, .ofs_x = 0, .ofs_y = -2},
    {.bitmap_index = 6443, .adv_w = 256, .box_w = 16, .box_h = 16, .ofs_x = 0, .ofs_y = -2},
    {.bitmap_index = 6538, .adv_w = 256, .box_w = 15, .box_h = 16, .ofs_x = 1, .ofs_y = -2},
    {.bitmap_index = 6630, .adv_w = 256, .box_w = 16, .box_h = 15, .ofs_x = 0, .ofs_y = -1},
    {.bitmap_index = 6705, .adv_w = 256, .box_w = 16, .box_h = 16, .ofs_x = 0, .ofs_y = -2},
    {.bitmap_index = 6812, .adv_w = 256, .box_w = 16, .box_h = 15, .ofs_x = 0, .ofs_y = -1},
    {.bitmap_index = 6901, .adv_w = 256, .box_w = 16, .box_h = 16, .ofs_x = 0, .ofs_y = -2},
    {.bitmap_index = 7003, .adv_w = 256, .box_w = 16, .box_h = 16, .ofs_x = 0, .ofs_y = -2},
    {.bitmap_index = 7103, .adv_w = 256, .box_w = 16, .box_h = 15, .ofs_x = 0, .ofs_y = -2},
    {.bitmap_index = 7178, .adv_w = 256, .box_w = 16, .box_h = 15, .ofs_x = 0, .ofs_y = -1},
    {.bitmap_index = 7271, .adv_w = 256, .box_w = 16, .box_h = 15, .ofs_x = 0, .ofs_y = -1},
    {.bitmap_index = 7350, .adv_w = 256, .box_w = 16, .box_h = 15, .ofs_x = 0, .ofs_y = -1},
    {.bitmap_index = 7443, .adv_w = 256, .box_w = 16, .box_h = 16, .ofs_x = 0, .ofs_y = -2},
    {.bitmap_index = 7551, .adv_w = 256, .box_w = 16, .box_h = 15, .ofs_x = 0, .ofs_y = -1},
    {.bitmap_index = 7634, .adv_w = 256, .box_w = 16, .box_h = 15, .ofs_x = 0, .ofs_y = -1},
    {.bitmap_index = 7731, .adv_w = 256, .box_w = 16, .box_h = 15, .ofs_x = 0, .ofs_y = -1},
    {.bitmap_index = 7824, .adv_w = 256, .box_w = 15, .box_h = 16, .ofs_x = 0, .ofs_y = -2},
    {.bitmap_index = 7920, .adv_w = 256, .box_w = 16, .box_h = 16, .ofs_x = 0, .ofs_y = -2},
    {.bitmap_index = 8018, .adv_w = 256, .box_w = 16, .box_h = 16, .ofs_x = 0, .ofs_y = -2},
    {.bitmap_index = 8122, .adv_w = 256, .box_w = 15, .box_h = 16, .ofs_x = 0, .ofs_y = -2},
    {.bitmap_index = 8204, .adv_w = 256, .box_w = 16, .box_h = 16, .ofs_x = 0, .ofs_y = -2},
    {.bitmap_index = 8311, .adv_w = 256, .box_w = 16, .box_h = 15, .ofs_x = 0, .ofs_y = -1},
    {.bitmap_index = 8408, .adv_w = 256, .box_w = 16, .box_h = 16, .ofs_x = 0, .ofs_y = -2},
    {.bitmap_index = 8493, .adv_w = 256, .box_w = 15, .box_h = 16, .ofs_x = 0, .ofs_y = -2},
    {.bitmap_index = 8591, .adv_w = 256, .box_w = 16, .box_h = 15, .ofs_x = 0, .ofs_y = -1},
    {.bitmap_index = 8680, .adv_w = 256, .box_w = 16, .box_h = 15, .ofs_x = 0, .ofs_y = -1},
    {.bitmap_index = 8773, .adv_w = 256, .box_w = 16, .box_h = 16, .ofs_x = 0, .ofs_y = -2},
    {.bitmap_index = 8880, .adv_w = 256, .box_w = 16, .box_h = 16, .ofs_x = 0, .ofs_y = -2},
    {.bitmap_index = 8967, .adv_w = 256, .box_w = 16, .box_h = 16, .ofs_x = 0, .ofs_y = -2},
    {.bitmap_index = 9080, .adv_w = 256, .box_w = 16, .box_h = 16, .ofs_x = 0, .ofs_y = -2},
    {.bitmap_index = 9183, .adv_w = 256, .box_w = 16, .box_h = 15, .ofs_x = 0, .ofs_y = -1},
    {.bitmap_index = 9290, .adv_w = 256, .box_w = 16, .box_h = 16, .ofs_x = 0, .ofs_y = -2},
    {.bitmap_index = 9394, .adv_w = 256, .box_w = 16, .box_h = 15, .ofs_x = 0, .ofs_y = -2},
    {.bitmap_index = 9486, .adv_w = 256, .box_w = 16, .box_h = 15, .ofs_x = 0, .ofs_y = -2},
    {.bitmap_index = 9579, .adv_w = 256, .box_w = 16, .box_h = 15, .ofs_x = 0, .ofs_y = -2},
    {.bitmap_index = 9668, .adv_w = 256, .box_w = 16, .box_h = 16, .ofs_x = 0, .ofs_y = -2},
    {.bitmap_index = 9770, .adv_w = 256, .box_w = 16, .box_h = 16, .ofs_x = 0, .ofs_y = -2},
    {.bitmap_index = 9854, .adv_w = 256, .box_w = 16, .box_h = 15, .ofs_x = 0, .ofs_y = -1},
    {.bitmap_index = 9938, .adv_w = 256, .box_w = 16, .box_h = 15, .ofs_x = 0, .ofs_y = -1},
    {.bitmap_index = 10039, .adv_w = 256, .box_w = 16, .box_h = 16, .ofs_x = 0, .ofs_y = -2},
    {.bitmap_index = 10123, .adv_w = 256, .box_w = 16, .box_h = 15, .ofs_x = 0, .ofs_y = -2},
    {.bitmap_index = 10202, .adv_w = 256, .box_w = 16, .box_h = 16, .ofs_x = 0, .ofs_y = -2},
    {.bitmap_index = 10295, .adv_w = 256, .box_w = 16, .box_h = 15, .ofs_x = 0, .ofs_y = -2},
    {.bitmap_index = 10380, .adv_w = 256, .box_w = 16, .box_h = 15, .ofs_x = 0, .ofs_y = -2},
    {.bitmap_index = 10461, .adv_w = 256, .box_w = 16, .box_h = 16, .ofs_x = 0, .ofs_y = -2},
    {.bitmap_index = 10562, .adv_w = 256, .box_w = 14, .box_h = 14, .ofs_x = 1, .ofs_y = -1},
    {.bitmap_index = 10629, .adv_w = 256, .box_w = 16, .box_h = 15, .ofs_x = 0, .ofs_y = -2},
    {.bitmap_index = 10720, .adv_w = 256, .box_w = 14, .box_h = 15, .ofs_x = 1, .ofs_y = -2},
    {.bitmap_index = 10795, .adv_w = 256, .box_w = 16, .box_h = 15, .ofs_x = 0, .ofs_y = -2},
    {.bitmap_index = 10891, .adv_w = 256, .box_w = 16, .box_h = 15, .ofs_x = 0, .ofs_y = -2},
    {.bitmap_index = 10992, .adv_w = 256, .box_w = 16, .box_h = 16, .ofs_x = 0, .ofs_y = -2},
    {.bitmap_index = 11098, .adv_w = 256, .box_w = 16, .box_h = 15, .ofs_x = 0, .ofs_y = -1},
    {.bitmap_index = 11203, .adv_w = 256, .box_w = 16, .box_h = 16, .ofs_x = 0, .ofs_y = -2},
    {.bitmap_index = 11314, .adv_w = 256, .box_w = 16, .box_h = 15, .ofs_x = 0, .ofs_y = -2},
    {.bitmap_index = 11376, .adv_w = 256, .box_w = 14, .box_h = 14, .ofs_x = 1, .ofs_y = -1},
    {.bitmap_index = 11426, .adv_w = 256, .box_w = 15, .box_h = 14, .ofs_x = 0, .ofs_y = -1},
    {.bitmap_index = 11489, .adv_w = 256, .box_w = 16, .box_h = 16, .ofs_x = 0, .ofs_y = -2},
    {.bitmap_index = 11588, .adv_w = 256, .box_w = 16, .box_h = 15, .ofs_x = 0, .ofs_y = -2},
    {.bitmap_index = 11691, .adv_w = 256, .box_w = 15, .box_h = 15, .ofs_x = 0, .ofs_y = -2},
    {.bitmap_index = 11784, .adv_w = 256, .box_w = 15, .box_h = 15, .ofs_x = 0, .ofs_y = -2},
    {.bitmap_index = 11871, .adv_w = 256, .box_w = 15, .box_h = 15, .ofs_x = 0, .ofs_y = -2},
    {.bitmap_index = 11941, .adv_w = 256, .box_w = 15, .box_h = 15, .ofs_x = 0, .ofs_y = -2},
    {.bitmap_index = 12029, .adv_w = 256, .box_w = 15, .box_h = 14, .ofs_x = 0, .ofs_y = -1},
    {.bitmap_index = 12113, .adv_w = 256, .box_w = 15, .box_h = 16, .ofs_x = 0, .ofs_y = -2},
    {.bitmap_index = 12203, .adv_w = 256, .box_w = 15, .box_h = 14, .ofs_x = 0, .ofs_y = -1},
    {.bitmap_index = 12283, .adv_w = 256, .box_w = 15, .box_h = 16, .ofs_x = 0, .ofs_y = -2},
    {.bitmap_index = 12384, .adv_w = 256, .box_w = 16, .box_h = 16, .ofs_x = 0, .ofs_y = -2},
    {.bitmap_index = 12478, .adv_w = 256, .box_w = 15, .box_h = 16, .ofs_x = 0, .ofs_y = -2},
    {.bitmap_index = 12578, .adv_w = 256, .box_w = 15, .box_h = 14, .ofs_x = 0, .ofs_y = -1},
    {.bitmap_index = 12657, .adv_w = 256, .box_w = 15, .box_h = 15, .ofs_x = 0, .ofs_y = -2},
    {.bitmap_index = 12734, .adv_w = 256, .box_w = 15, .box_h = 15, .ofs_x = 0, .ofs_y = -2},
    {.bitmap_index = 12829, .adv_w = 256, .box_w = 15, .box_h = 15, .ofs_x = 0, .ofs_y = -2},
    {.bitmap_index = 12917, .adv_w = 256, .box_w = 16, .box_h = 16, .ofs_x = 0, .ofs_y = -2},
    {.bitmap_index = 13027, .adv_w = 256, .box_w = 16, .box_h = 15, .ofs_x = 0, .ofs_y = -2},
    {.bitmap_index = 13131, .adv_w = 256, .box_w = 15, .box_h = 15, .ofs_x = 0, .ofs_y = -2},
    {.bitmap_index = 13230, .adv_w = 256, .box_w = 16, .box_h = 15, .ofs_x = 0, .ofs_y = -2},
    {.bitmap_index = 13343, .adv_w = 256, .box_w = 15, .box_h = 16, .ofs_x = 0, .ofs_y = -2},
    {.bitmap_index = 13442, .adv_w = 256, .box_w = 15, .box_h = 16, .ofs_x = 0, .ofs_y = -2},
    {.bitmap_index = 13535, .adv_w = 256, .box_w = 16, .box_h = 15, .ofs_x = 0, .ofs_y = -1},
    {.bitmap_index = 13621, .adv_w = 256, .box_w = 16, .box_h = 15, .ofs_x = 0, .ofs_y = -1},
    {.bitmap_index = 13706, .adv_w = 256, .box_w = 16, .box_h = 15, .ofs_x = 0, .ofs_y = -1},
    {.bitmap_index = 13777, .adv_w = 256, .box_w = 15, .box_h = 14, .ofs_x = 1, .ofs_y = -1},
    {.bitmap_index = 13852, .adv_w = 256, .box_w = 15, .box_h = 14, .ofs_x = 1, .ofs_y = -1},
    {.bitmap_index = 13927, .adv_w = 256, .box_w = 15, .box_h = 14, .ofs_x = 1, .ofs_y = -1},
    {.bitmap_index = 13954, .adv_w = 256, .box_w = 15, .box_h = 14, .ofs_x = 0, .ofs_y = -1},
    {.bitmap_index = 14018, .adv_w = 256, .box_w = 16, .box_h = 15, .ofs_x = 0, .ofs_y = -2},
    {.bitmap_index = 14113, .adv_w = 256, .box_w = 15, .box_h = 15, .ofs_x = 0, .ofs_y = -1},
    {.bitmap_index = 14197, .adv_w = 256, .box_w = 13, .box_h = 15, .ofs_x = 2, .ofs_y = -2},
    {.bitmap_index = 14246, .adv_w = 256, .box_w = 16, .box_h = 14, .ofs_x = 0, .ofs_y = -1},
    {.bitmap_index = 14309, .adv_w = 256, .box_w = 14, .box_h = 14, .ofs_x = 1, .ofs_y = -1},
    {.bitmap_index = 14382, .adv_w = 256, .box_w = 16, .box_h = 16, .ofs_x = 0, .ofs_y = -1},
    {.bitmap_index = 14476, .adv_w = 256, .box_w = 16, .box_h = 15, .ofs_x = 0, .ofs_y = -2},
    {.bitmap_index = 14574, .adv_w = 256, .box_w = 16, .box_h = 15, .ofs_x = 0, .ofs_y = -2},
    {.bitmap_index = 14654, .adv_w = 256, .box_w = 16, .box_h = 15, .ofs_x = 0, .ofs_y = -2},
    {.bitmap_index = 14750, .adv_w = 256, .box_w = 15, .box_h = 15, .ofs_x = 0, .ofs_y = -2},
    {.bitmap_index = 14834, .adv_w = 256, .box_w = 16, .box_h = 16, .ofs_x = 0, .ofs_y = -2},
    {.bitmap_index = 14944, .adv_w = 256, .box_w = 16, .box_h = 15, .ofs_x = 0, .ofs_y = -2},
    {.bitmap_index = 15046, .adv_w = 256, .box_w = 16, .box_h = 15, .ofs_x = 0, .ofs_y = -2},
    {.bitmap_index = 15157, .adv_w = 256, .box_w = 16, .box_h = 16, .ofs_x = 0, .ofs_y = -2},
    {.bitmap_index = 15266, .adv_w = 256, .box_w = 16, .box_h = 15, .ofs_x = 0, .ofs_y = -2},
    {.bitmap_index = 15370, .adv_w = 256, .box_w = 15, .box_h = 16, .ofs_x = 1, .ofs_y = -2},
    {.bitmap_index = 15472, .adv_w = 256, .box_w = 15, .box_h = 15, .ofs_x = 0, .ofs_y = -1},
    {.bitmap_index = 15565, .adv_w = 256, .box_w = 13, .box_h = 14, .ofs_x = 1, .ofs_y = -2},
    {.bitmap_index = 15599, .adv_w = 256, .box_w = 15, .box_h = 15, .ofs_x = 0, .ofs_y = -2},
    {.bitmap_index = 15682, .adv_w = 256, .box_w = 16, .box_h = 15, .ofs_x = 0, .ofs_y = -2},
    {.bitmap_index = 15747, .adv_w = 256, .box_w = 15, .box_h = 15, .ofs_x = 1, .ofs_y = -2},
    {.bitmap_index = 15840, .adv_w = 256, .box_w = 16, .box_h = 15, .ofs_x = 0, .ofs_y = -2},
    {.bitmap_index = 15902, .adv_w = 256, .box_w = 16, .box_h = 15, .ofs_x = 0, .ofs_y = -2},
    {.bitmap_index = 15986, .adv_w = 256, .box_w = 16, .box_h = 16, .ofs_x = 0, .ofs_y = -2},
    {.bitmap_index = 16065, .adv_w = 256, .box_w = 14, .box_h = 15, .ofs_x = 1, .ofs_y = -2},
    {.bitmap_index = 16132, .adv_w = 256, .box_w = 15, .box_h = 15, .ofs_x = 1, .ofs_y = -1},
    {.bitmap_index = 16218, .adv_w = 256, .box_w = 16, .box_h = 16, .ofs_x = 0, .ofs_y = -2},
    {.bitmap_index = 16310, .adv_w = 256, .box_w = 16, .box_h = 16, .ofs_x = 0, .ofs_y = -2},
    {.bitmap_index = 16387, .adv_w = 256, .box_w = 14, .box_h = 14, .ofs_x = 1, .ofs_y = -1},
    {.bitmap_index = 16441, .adv_w = 256, .box_w = 14, .box_h = 15, .ofs_x = 0, .ofs_y = -1},
    {.bitmap_index = 16517, .adv_w = 256, .box_w = 16, .box_h = 16, .ofs_x = 0, .ofs_y = -2},
    {.bitmap_index = 16603, .adv_w = 256, .box_w = 14, .box_h = 15, .ofs_x = 1, .ofs_y = -1},
    {.bitmap_index = 16666, .adv_w = 256, .box_w = 15, .box_h = 16, .ofs_x = 1, .ofs_y = -2},
    {.bitmap_index = 16756, .adv_w = 256, .box_w = 16, .box_h = 15, .ofs_x = 0, .ofs_y = -2},
    {.bitmap_index = 16837, .adv_w = 256, .box_w = 16, .box_h = 16, .ofs_x = 0, .ofs_y = -2},
    {.bitmap_index = 16924, .adv_w = 256, .box_w = 15, .box_h = 15, .ofs_x = 1, .ofs_y = -1},
    {.bitmap_index = 16998, .adv_w = 256, .box_w = 15, .box_h = 16, .ofs_x = 0, .ofs_y = -2},
    {.bitmap_index = 17077, .adv_w = 256, .box_w = 15, .box_h = 15, .ofs_x = 1, .ofs_y = -2},
    {.bitmap_index = 17177, .adv_w = 256, .box_w = 15, .box_h = 15, .ofs_x = 0, .ofs_y = -2},
    {.bitmap_index = 17264, .adv_w = 256, .box_w = 15, .box_h = 16, .ofs_x = 1, .ofs_y = -2},
    {.bitmap_index = 17356, .adv_w = 256, .box_w = 16, .box_h = 15, .ofs_x = 0, .ofs_y = -1},
    {.bitmap_index = 17445, .adv_w = 256, .box_w = 15, .box_h = 15, .ofs_x = 0, .ofs_y = -1},
    {.bitmap_index = 17527, .adv_w = 256, .box_w = 14, .box_h = 15, .ofs_x = 1, .ofs_y = -1},
    {.bitmap_index = 17599, .adv_w = 256, .box_w = 15, .box_h = 16, .ofs_x = 1, .ofs_y = -2},
    {.bitmap_index = 17697, .adv_w = 256, .box_w = 16, .box_h = 15, .ofs_x = 0, .ofs_y = -1},
    {.bitmap_index = 17788, .adv_w = 256, .box_w = 14, .box_h = 14, .ofs_x = 1, .ofs_y = -1},
    {.bitmap_index = 17866, .adv_w = 256, .box_w = 16, .box_h = 15, .ofs_x = 0, .ofs_y = -2},
    {.bitmap_index = 17968, .adv_w = 256, .box_w = 15, .box_h = 14, .ofs_x = 1, .ofs_y = -1},
    {.bitmap_index = 18060, .adv_w = 256, .box_w = 16, .box_h = 15, .ofs_x = 0, .ofs_y = -2},
    {.bitmap_index = 18172, .adv_w = 256, .box_w = 14, .box_h = 14, .ofs_x = 1, .ofs_y = -1},
    {.bitmap_index = 18240, .adv_w = 256, .box_w = 14, .box_h = 14, .ofs_x = 1, .ofs_y = -1},
    {.bitmap_index = 18287, .adv_w = 256, .box_w = 14, .box_h = 14, .ofs_x = 1, .ofs_y = -1},
    {.bitmap_index = 18359, .adv_w = 256, .box_w = 14, .box_h = 14, .ofs_x = 1, .ofs_y = -1},
    {.bitmap_index = 18433, .adv_w = 256, .box_w = 14, .box_h = 14, .ofs_x = 1, .ofs_y = -1},
    {.bitmap_index = 18494, .adv_w = 256, .box_w = 14, .box_h = 14, .ofs_x = 1, .ofs_y = -1},
    {.bitmap_index = 18560, .adv_w = 256, .box_w = 14, .box_h = 14, .ofs_x = 1, .ofs_y = -1},
    {.bitmap_index = 18643, .adv_w = 256, .box_w = 14, .box_h = 14, .ofs_x = 1, .ofs_y = -1},
    {.bitmap_index = 18714, .adv_w = 256, .box_w = 16, .box_h = 15, .ofs_x = 0, .ofs_y = -1},
    {.bitmap_index = 18790, .adv_w = 256, .box_w = 16, .box_h = 14, .ofs_x = 0, .ofs_y = -1},
    {.bitmap_index = 18878, .adv_w = 256, .box_w = 16, .box_h = 14, .ofs_x = 0, .ofs_y = -1},
    {.bitmap_index = 18950, .adv_w = 256, .box_w = 15, .box_h = 16, .ofs_x = 0, .ofs_y = -2},
    {.bitmap_index = 19047, .adv_w = 256, .box_w = 15, .box_h = 14, .ofs_x = 0, .ofs_y = -1},
    {.bitmap_index = 19130, .adv_w = 256, .box_w = 16, .box_h = 15, .ofs_x = 0, .ofs_y = -2},
    {.bitmap_index = 19224, .adv_w = 256, .box_w = 16, .box_h = 15, .ofs_x = 0, .ofs_y = -1},
    {.bitmap_index = 19332, .adv_w = 256, .box_w = 16, .box_h = 14, .ofs_x = 0, .ofs_y = -1},
    {.bitmap_index = 19421, .adv_w = 256, .box_w = 16, .box_h = 15, .ofs_x = 0, .ofs_y = -2},
    {.bitmap_index = 19527, .adv_w = 256, .box_w = 16, .box_h = 14, .ofs_x = 0, .ofs_y = -1},
    {.bitmap_index = 19618, .adv_w = 256, .box_w = 16, .box_h = 15, .ofs_x = 0, .ofs_y = -1},
    {.bitmap_index = 19726, .adv_w = 256, .box_w = 16, .box_h = 16, .ofs_x = 0, .ofs_y = -2},
    {.bitmap_index = 19822, .adv_w = 256, .box_w = 16, .box_h = 16, .ofs_x = 0, .ofs_y = -2},
    {.bitmap_index = 19925, .adv_w = 256, .box_w = 15, .box_h = 15, .ofs_x = 0, .ofs_y = -1},
    {.bitmap_index = 20017, .adv_w = 256, .box_w = 16, .box_h = 15, .ofs_x = 0, .ofs_y = -1},
    {.bitmap_index = 20117, .adv_w = 256, .box_w = 15, .box_h = 15, .ofs_x = 0, .ofs_y = -2},
    {.bitmap_index = 20199, .adv_w = 256, .box_w = 16, .box_h = 16, .ofs_x = 0, .ofs_y = -2},
    {.bitmap_index = 20301, .adv_w = 256, .box_w = 16, .box_h = 16, .ofs_x = 0, .ofs_y = -2},
    {.bitmap_index = 20402, .adv_w = 256, .box_w = 16, .box_h = 16, .ofs_x = 0, .ofs_y = -2},
    {.bitmap_index = 20499, .adv_w = 256, .box_w = 16, .box_h = 15, .ofs_x = 0, .ofs_y = -1},
    {.bitmap_index = 20584, .adv_w = 256, .box_w = 14, .box_h = 16, .ofs_x = 1, .ofs_y = -2},
    {.bitmap_index = 20684, .adv_w = 256, .box_w = 16, .box_h = 16, .ofs_x = 0, .ofs_y = -2},
    {.bitmap_index = 20798, .adv_w = 256, .box_w = 16, .box_h = 15, .ofs_x = 0, .ofs_y = -2},
    {.bitmap_index = 20877, .adv_w = 256, .box_w = 16, .box_h = 15, .ofs_x = 0, .ofs_y = -2},
    {.bitmap_index = 20959, .adv_w = 256, .box_w = 16, .box_h = 15, .ofs_x = 0, .ofs_y = -2},
    {.bitmap_index = 21046, .adv_w = 256, .box_w = 16, .box_h = 15, .ofs_x = 0, .ofs_y = -2},
    {.bitmap_index = 21135, .adv_w = 256, .box_w = 16, .box_h = 15, .ofs_x = 0, .ofs_y = -2},
    {.bitmap_index = 21228, .adv_w = 256, .box_w = 16, .box_h = 15, .ofs_x = 0, .ofs_y = -2},
    {.bitmap_index = 21326, .adv_w = 256, .box_w = 16, .box_h = 16, .ofs_x = 0, .ofs_y = -2},
    {.bitmap_index = 21436, .adv_w = 256, .box_w = 16, .box_h = 16, .ofs_x = 0, .ofs_y = -2},
    {.bitmap_index = 21540, .adv_w = 256, .box_w = 15, .box_h = 16, .ofs_x = 0, .ofs_y = -2},
    {.bitmap_index = 21630, .adv_w = 256, .box_w = 16, .box_h = 16, .ofs_x = 0, .ofs_y = -2},
    {.bitmap_index = 21740, .adv_w = 256, .box_w = 15, .box_h = 16, .ofs_x = 1, .ofs_y = -2},
    {.bitmap_index = 21803, .adv_w = 256, .box_w = 15, .box_h = 16, .ofs_x = 0, .ofs_y = -2},
    {.bitmap_index = 21882, .adv_w = 256, .box_w = 16, .box_h = 16, .ofs_x = 0, .ofs_y = -2},
    {.bitmap_index = 21974, .adv_w = 256, .box_w = 15, .box_h = 16, .ofs_x = 0, .ofs_y = -2},
    {.bitmap_index = 22062, .adv_w = 256, .box_w = 16, .box_h = 16, .ofs_x = 0, .ofs_y = -2},
    {.bitmap_index = 22156, .adv_w = 256, .box_w = 14, .box_h = 15, .ofs_x = 1, .ofs_y = -1},
    {.bitmap_index = 22225, .adv_w = 256, .box_w = 15, .box_h = 16, .ofs_x = 0, .ofs_y = -2},
    {.bitmap_index = 22317, .adv_w = 256, .box_w = 14, .box_h = 16, .ofs_x = 1, .ofs_y = -2},
    {.bitmap_index = 22412, .adv_w = 256, .box_w = 14, .box_h = 16, .ofs_x = 1, .ofs_y = -2},
    {.bitmap_index = 22486, .adv_w = 256, .box_w = 16, .box_h = 16, .ofs_x = 0, .ofs_y = -2},
    {.bitmap_index = 22594, .adv_w = 256, .box_w = 15, .box_h = 16, .ofs_x = 0, .ofs_y = -2},
    {.bitmap_index = 22689, .adv_w = 256, .box_w = 16, .box_h = 16, .ofs_x = 0, .ofs_y = -2},
    {.bitmap_index = 22797, .adv_w = 256, .box_w = 15, .box_h = 16, .ofs_x = 1, .ofs_y = -2},
    {.bitmap_index = 22888, .adv_w = 256, .box_w = 14, .box_h = 16, .ofs_x = 1, .ofs_y = -2},
    {.bitmap_index = 22972, .adv_w = 256, .box_w = 16, .box_h = 15, .ofs_x = 0, .ofs_y = -2},
    {.bitmap_index = 23039, .adv_w = 256, .box_w = 16, .box_h = 15, .ofs_x = 0, .ofs_y = -2},
    {.bitmap_index = 23131, .adv_w = 256, .box_w = 15, .box_h = 15, .ofs_x = 1, .ofs_y = -2},
    {.bitmap_index = 23211, .adv_w = 256, .box_w = 16, .box_h = 14, .ofs_x = 0, .ofs_y = -1},
    {.bitmap_index = 23304, .adv_w = 256, .box_w = 16, .box_h = 16, .ofs_x = 0, .ofs_y = -2},
    {.bitmap_index = 23402, .adv_w = 256, .box_w = 16, .box_h = 16, .ofs_x = 0, .ofs_y = -2},
    {.bitmap_index = 23506, .adv_w = 256, .box_w = 16, .box_h = 15, .ofs_x = 0, .ofs_y = -2},
    {.bitmap_index = 23577, .adv_w = 256, .box_w = 16, .box_h = 15, .ofs_x = 0, .ofs_y = -2},
    {.bitmap_index = 23656, .adv_w = 256, .box_w = 16, .box_h = 16, .ofs_x = 0, .ofs_y = -2},
    {.bitmap_index = 23769, .adv_w = 256, .box_w = 16, .box_h = 15, .ofs_x = 0, .ofs_y = -2},
    {.bitmap_index = 23842, .adv_w = 256, .box_w = 15, .box_h = 14, .ofs_x = 0, .ofs_y = -1},
    {.bitmap_index = 23916, .adv_w = 256, .box_w = 16, .box_h = 15, .ofs_x = 0, .ofs_y = -2},
    {.bitmap_index = 24006, .adv_w = 256, .box_w = 16, .box_h = 15, .ofs_x = 0, .ofs_y = -2},
    {.bitmap_index = 24094, .adv_w = 256, .box_w = 16, .box_h = 15, .ofs_x = 0, .ofs_y = -2},
    {.bitmap_index = 24188, .adv_w = 256, .box_w = 16, .box_h = 15, .ofs_x = 0, .ofs_y = -2},
    {.bitmap_index = 24289, .adv_w = 256, .box_w = 15, .box_h = 14, .ofs_x = 0, .ofs_y = -1},
    {.bitmap_index = 24380, .adv_w = 256, .box_w = 14, .box_h = 14, .ofs_x = 1, .ofs_y = -1},
    {.bitmap_index = 24409, .adv_w = 256, .box_w = 15, .box_h = 15, .ofs_x = 1, .ofs_y = -1},
    {.bitmap_index = 24500, .adv_w = 256, .box_w = 16, .box_h = 15, .ofs_x = 0, .ofs_y = -2},
    {.bitmap_index = 24606, .adv_w = 256, .box_w = 15, .box_h = 13, .ofs_x = 0, .ofs_y = -1},
    {.bitmap_index = 24635, .adv_w = 256, .box_w = 16, .box_h = 15, .ofs_x = 0, .ofs_y = -1},
    {.bitmap_index = 24716, .adv_w = 256, .box_w = 15, .box_h = 14, .ofs_x = 1, .ofs_y = -1},
    {.bitmap_index = 24773, .adv_w = 256, .box_w = 14, .box_h = 14, .ofs_x = 1, .ofs_y = -1},
    {.bitmap_index = 24827, .adv_w = 256, .box_w = 15, .box_h = 15, .ofs_x = 0, .ofs_y = -1},
    {.bitmap_index = 24890, .adv_w = 256, .box_w = 16, .box_h = 15, .ofs_x = 0, .ofs_y = -1},
    {.bitmap_index = 24973, .adv_w = 256, .box_w = 15, .box_h = 14, .ofs_x = 0, .ofs_y = -1},
    {.bitmap_index = 25059, .adv_w = 256, .box_w = 15, .box_h = 16, .ofs_x = 1, .ofs_y = -2},
    {.bitmap_index = 25144, .adv_w = 256, .box_w = 16, .box_h = 15, .ofs_x = 0, .ofs_y = -1},
    {.bitmap_index = 25242, .adv_w = 256, .box_w = 14, .box_h = 14, .ofs_x = 1, .ofs_y = -1},
    {.bitmap_index = 25324, .adv_w = 256, .box_w = 15, .box_h = 14, .ofs_x = 1, .ofs_y = -1},
    {.bitmap_index = 25405, .adv_w = 256, .box_w = 16, .box_h = 14, .ofs_x = 0, .ofs_y = -1},
    {.bitmap_index = 25492, .adv_w = 256, .box_w = 15, .box_h = 14, .ofs_x = 0, .ofs_y = -1},
    {.bitmap_index = 25553, .adv_w = 256, .box_w = 16, .box_h = 15, .ofs_x = 0, .ofs_y = -1},
    {.bitmap_index = 25629, .adv_w = 256, .box_w = 16, .box_h = 16, .ofs_x = 0, .ofs_y = -2},
    {.bitmap_index = 25720, .adv_w = 256, .box_w = 16, .box_h = 16, .ofs_x = 0, .ofs_y = -2},
    {.bitmap_index = 25821, .adv_w = 256, .box_w = 16, .box_h = 16, .ofs_x = 0, .ofs_y = -2},
    {.bitmap_index = 25918, .adv_w = 256, .box_w = 16, .box_h = 16, .ofs_x = 0, .ofs_y = -2},
    {.bitmap_index = 26021, .adv_w = 256, .box_w = 16, .box_h = 16, .ofs_x = 0, .ofs_y = -2},
    {.bitmap_index = 26127, .adv_w = 256, .box_w = 15, .box_h = 16, .ofs_x = 0, .ofs_y = -2},
    {.bitmap_index = 26212, .adv_w = 256, .box_w = 16, .box_h = 16, .ofs_x = 0, .ofs_y = -2},
    {.bitmap_index = 26316, .adv_w = 256, .box_w = 16, .box_h = 16, .ofs_x = 0, .ofs_y = -2},
    {.bitmap_index = 26427, .adv_w = 256, .box_w = 16, .box_h = 15, .ofs_x = 0, .ofs_y = -2},
    {.bitmap_index = 26536, .adv_w = 256, .box_w = 16, .box_h = 15, .ofs_x = 0, .ofs_y = -2},
    {.bitmap_index = 26610, .adv_w = 256, .box_w = 16, .box_h = 14, .ofs_x = 0, .ofs_y = -1},
    {.bitmap_index = 26696, .adv_w = 256, .box_w = 13, .box_h = 15, .ofs_x = 1, .ofs_y = -2},
    {.bitmap_index = 26762, .adv_w = 256, .box_w = 15, .box_h = 15, .ofs_x = 1, .ofs_y = -2},
    {.bitmap_index = 26864, .adv_w = 256, .box_w = 16, .box_h = 15, .ofs_x = 0, .ofs_y = -2},
    {.bitmap_index = 26970, .adv_w = 256, .box_w = 13, .box_h = 14, .ofs_x = 1, .ofs_y = -1},
    {.bitmap_index = 27034, .adv_w = 256, .box_w = 16, .box_h = 16, .ofs_x = 0, .ofs_y = -2},
    {.bitmap_index = 27134, .adv_w = 256, .box_w = 16, .box_h = 16, .ofs_x = 0, .ofs_y = -2},
    {.bitmap_index = 27242, .adv_w = 256, .box_w = 16, .box_h = 16, .ofs_x = 0, .ofs_y = -2},
    {.bitmap_index = 27359, .adv_w = 256, .box_w = 16, .box_h = 16, .ofs_x = 0, .ofs_y = -2},
    {.bitmap_index = 27474, .adv_w = 256, .box_w = 16, .box_h = 15, .ofs_x = 0, .ofs_y = -1},
    {.bitmap_index = 27567, .adv_w = 256, .box_w = 16, .box_h = 16, .ofs_x = 0, .ofs_y = -2},
    {.bitmap_index = 27669, .adv_w = 256, .box_w = 16, .box_h = 16, .ofs_x = 0, .ofs_y = -2},
    {.bitmap_index = 27769, .adv_w = 256, .box_w = 16, .box_h = 16, .ofs_x = 0, .ofs_y = -2},
    {.bitmap_index = 27871, .adv_w = 256, .box_w = 16, .box_h = 16, .ofs_x = 0, .ofs_y = -2},
    {.bitmap_index = 27979, .adv_w = 256, .box_w = 16, .box_h = 16, .ofs_x = 0, .ofs_y = -2},
    {.bitmap_index = 28094, .adv_w = 256, .box_w = 16, .box_h = 15, .ofs_x = 0, .ofs_y = -1},
    {.bitmap_index = 28194, .adv_w = 256, .box_w = 16, .box_h = 14, .ofs_x = 0, .ofs_y = -1},
    {.bitmap_index = 28276, .adv_w = 256, .box_w = 16, .box_h = 15, .ofs_x = 0, .ofs_y = -1},
    {.bitmap_index = 28379, .adv_w = 256, .box_w = 16, .box_h = 15, .ofs_x = 0, .ofs_y = -2},
    {.bitmap_index = 28475, .adv_w = 256, .box_w = 16, .box_h = 14, .ofs_x = 0, .ofs_y = -1},
    {.bitmap_index = 28569, .adv_w = 256, .box_w = 16, .box_h = 15, .ofs_x = 0, .ofs_y = -1},
    {.bitmap_index = 28662, .adv_w = 256, .box_w = 15, .box_h = 14, .ofs_x = 0, .ofs_y = -1},
    {.bitmap_index = 28750, .adv_w = 256, .box_w = 16, .box_h = 14, .ofs_x = 0, .ofs_y = -1},
    {.bitmap_index = 28832, .adv_w = 256, .box_w = 16, .box_h = 15, .ofs_x = 0, .ofs_y = -1},
    {.bitmap_index = 28923, .adv_w = 256, .box_w = 16, .box_h = 15, .ofs_x = 0, .ofs_y = -1},
    {.bitmap_index = 29008, .adv_w = 256, .box_w = 16, .box_h = 14, .ofs_x = 0, .ofs_y = -1},
    {.bitmap_index = 29099, .adv_w = 256, .box_w = 15, .box_h = 14, .ofs_x = 0, .ofs_y = -1},
    {.bitmap_index = 29177, .adv_w = 256, .box_w = 15, .box_h = 14, .ofs_x = 0, .ofs_y = -1},
    {.bitmap_index = 29268, .adv_w = 256, .box_w = 16, .box_h = 15, .ofs_x = 0, .ofs_y = -2},
    {.bitmap_index = 29365, .adv_w = 256, .box_w = 16, .box_h = 14, .ofs_x = 0, .ofs_y = -1},
    {.bitmap_index = 29468, .adv_w = 256, .box_w = 15, .box_h = 15, .ofs_x = 0, .ofs_y = -1},
    {.bitmap_index = 29561, .adv_w = 256, .box_w = 16, .box_h = 15, .ofs_x = 0, .ofs_y = -1},
    {.bitmap_index = 29668, .adv_w = 256, .box_w = 16, .box_h = 15, .ofs_x = 0, .ofs_y = -2},
    {.bitmap_index = 29775, .adv_w = 256, .box_w = 16, .box_h = 16, .ofs_x = 0, .ofs_y = -2},
    {.bitmap_index = 29892, .adv_w = 256, .box_w = 16, .box_h = 14, .ofs_x = 0, .ofs_y = -1},
    {.bitmap_index = 29989, .adv_w = 256, .box_w = 16, .box_h = 14, .ofs_x = 0, .ofs_y = -1},
    {.bitmap_index = 30102, .adv_w = 256, .box_w = 14, .box_h = 16, .ofs_x = 0, .ofs_y = -2},
    {.bitmap_index = 30167, .adv_w = 256, .box_w = 16, .box_h = 16, .ofs_x = 0, .ofs_y = -2},
    {.bitmap_index = 30265, .adv_w = 256, .box_w = 15, .box_h = 16, .ofs_x = 1, .ofs_y = -2},
    {.bitmap_index = 30343, .adv_w = 256, .box_w = 16, .box_h = 15, .ofs_x = 0, .ofs_y = -2},
    {.bitmap_index = 30416, .adv_w = 256, .box_w = 16, .box_h = 14, .ofs_x = 0, .ofs_y = -1},
    {.bitmap_index = 30483, .adv_w = 256, .box_w = 16, .box_h = 16, .ofs_x = 0, .ofs_y = -2},
    {.bitmap_index = 30597, .adv_w = 256, .box_w = 16, .box_h = 15, .ofs_x = 0, .ofs_y = -1},
    {.bitmap_index = 30684, .adv_w = 256, .box_w = 16, .box_h = 14, .ofs_x = 0, .ofs_y = -1},
    {.bitmap_index = 30765, .adv_w = 256, .box_w = 16, .box_h = 16, .ofs_x = 0, .ofs_y = -2},
    {.bitmap_index = 30867, .adv_w = 256, .box_w = 16, .box_h = 16, .ofs_x = 0, .ofs_y = -2},
    {.bitmap_index = 30964, .adv_w = 256, .box_w = 16, .box_h = 15, .ofs_x = 0, .ofs_y = -2},
    {.bitmap_index = 31070, .adv_w = 256, .box_w = 16, .box_h = 15, .ofs_x = 0, .ofs_y = -1},
    {.bitmap_index = 31168, .adv_w = 256, .box_w = 16, .box_h = 15, .ofs_x = 0, .ofs_y = -1},
    {.bitmap_index = 31264, .adv_w = 256, .box_w = 16, .box_h = 15, .ofs_x = 0, .ofs_y = -1},
    {.bitmap_index = 31365, .adv_w = 256, .box_w = 16, .box_h = 16, .ofs_x = 0, .ofs_y = -2},
    {.bitmap_index = 31472, .adv_w = 256, .box_w = 16, .box_h = 15, .ofs_x = 0, .ofs_y = -2},
    {.bitmap_index = 31581, .adv_w = 256, .box_w = 16, .box_h = 15, .ofs_x = 0, .ofs_y = -2},
    {.bitmap_index = 31670, .adv_w = 256, .box_w = 16, .box_h = 16, .ofs_x = 0, .ofs_y = -2},
    {.bitmap_index = 31770, .adv_w = 256, .box_w = 16, .box_h = 14, .ofs_x = 0, .ofs_y = -1},
    {.bitmap_index = 31863, .adv_w = 256, .box_w = 16, .box_h = 16, .ofs_x = 0, .ofs_y = -2},
    {.bitmap_index = 31963, .adv_w = 256, .box_w = 16, .box_h = 16, .ofs_x = 0, .ofs_y = -2},
    {.bitmap_index = 32076, .adv_w = 256, .box_w = 16, .box_h = 16, .ofs_x = 0, .ofs_y = -2},
    {.bitmap_index = 32185, .adv_w = 256, .box_w = 16, .box_h = 15, .ofs_x = 0, .ofs_y = -2},
    {.bitmap_index = 32291, .adv_w = 256, .box_w = 16, .box_h = 14, .ofs_x = 0, .ofs_y = -1},
    {.bitmap_index = 32380, .adv_w = 256, .box_w = 16, .box_h = 15, .ofs_x = 0, .ofs_y = -2},
    {.bitmap_index = 32488, .adv_w = 256, .box_w = 16, .box_h = 14, .ofs_x = 0, .ofs_y = -1},
    {.bitmap_index = 32577, .adv_w = 256, .box_w = 16, .box_h = 15, .ofs_x = 0, .ofs_y = -2},
    {.bitmap_index = 32680, .adv_w = 256, .box_w = 16, .box_h = 15, .ofs_x = 0, .ofs_y = -2},
    {.bitmap_index = 32780, .adv_w = 256, .box_w = 16, .box_h = 15, .ofs_x = 0, .ofs_y = -2},
    {.bitmap_index = 32882, .adv_w = 256, .box_w = 16, .box_h = 16, .ofs_x = 0, .ofs_y = -2},
    {.bitmap_index = 32994, .adv_w = 256, .box_w = 16, .box_h = 15, .ofs_x = 0, .ofs_y = -2},
    {.bitmap_index = 33096, .adv_w = 256, .box_w = 16, .box_h = 16, .ofs_x = 0, .ofs_y = -2},
    {.bitmap_index = 33215, .adv_w = 256, .box_w = 16, .box_h = 14, .ofs_x = 0, .ofs_y = -1},
    {.bitmap_index = 33315, .adv_w = 256, .box_w = 16, .box_h = 16, .ofs_x = 0, .ofs_y = -2},
    {.bitmap_index = 33425, .adv_w = 256, .box_w = 16, .box_h = 15, .ofs_x = 0, .ofs_y = -2},
    {.bitmap_index = 33514, .adv_w = 256, .box_w = 15, .box_h = 15, .ofs_x = 1, .ofs_y = -1},
    {.bitmap_index = 33603, .adv_w = 256, .box_w = 15, .box_h = 16, .ofs_x = 1, .ofs_y = -2},
    {.bitmap_index = 33704, .adv_w = 256, .box_w = 16, .box_h = 16, .ofs_x = 0, .ofs_y = -2},
    {.bitmap_index = 33818, .adv_w = 256, .box_w = 16, .box_h = 16, .ofs_x = 0, .ofs_y = -2},
    {.bitmap_index = 33933, .adv_w = 256, .box_w = 16, .box_h = 15, .ofs_x = 0, .ofs_y = -2},
    {.bitmap_index = 34047, .adv_w = 256, .box_w = 16, .box_h = 15, .ofs_x = 0, .ofs_y = -1},
    {.bitmap_index = 34154, .adv_w = 256, .box_w = 16, .box_h = 16, .ofs_x = 0, .ofs_y = -2},
    {.bitmap_index = 34252, .adv_w = 256, .box_w = 16, .box_h = 15, .ofs_x = 0, .ofs_y = -1},
    {.bitmap_index = 34353, .adv_w = 256, .box_w = 15, .box_h = 16, .ofs_x = 0, .ofs_y = -2},
    {.bitmap_index = 34442, .adv_w = 256, .box_w = 16, .box_h = 15, .ofs_x = 0, .ofs_y = -2},
    {.bitmap_index = 34529, .adv_w = 256, .box_w = 12, .box_h = 15, .ofs_x = 2, .ofs_y = -2},
    {.bitmap_index = 34567, .adv_w = 256, .box_w = 15, .box_h = 15, .ofs_x = 1, .ofs_y = -2},
    {.bitmap_index = 34650, .adv_w = 256, .box_w = 14, .box_h = 15, .ofs_x = 1, .ofs_y = -2},
    {.bitmap_index = 34738, .adv_w = 256, .box_w = 15, .box_h = 15, .ofs_x = 0, .ofs_y = -2},
    {.bitmap_index = 34823, .adv_w = 256, .box_w = 15, .box_h = 14, .ofs_x = 1, .ofs_y = -1},
    {.bitmap_index = 34897, .adv_w = 256, .box_w = 15, .box_h = 15, .ofs_x = 1, .ofs_y = -2},
    {.bitmap_index = 34992, .adv_w = 256, .box_w = 16, .box_h = 15, .ofs_x = 0, .ofs_y = -2},
    {.bitmap_index = 35077, .adv_w = 256, .box_w = 16, .box_h = 14, .ofs_x = 0, .ofs_y = -1},
    {.bitmap_index = 35155, .adv_w = 256, .box_w = 16, .box_h = 16, .ofs_x = 0, .ofs_y = -2},
    {.bitmap_index = 35247, .adv_w = 256, .box_w = 16, .box_h = 15, .ofs_x = 0, .ofs_y = -2},
    {.bitmap_index = 35337, .adv_w = 256, .box_w = 15, .box_h = 14, .ofs_x = 1, .ofs_y = -1},
    {.bitmap_index = 35424, .adv_w = 256, .box_w = 15, .box_h = 14, .ofs_x = 1, .ofs_y = -1},
    {.bitmap_index = 35510, .adv_w = 256, .box_w = 15, .box_h = 16, .ofs_x = 0, .ofs_y = -2},
    {.bitmap_index = 35604, .adv_w = 256, .box_w = 16, .box_h = 17, .ofs_x = 0, .ofs_y = -2},
    {.bitmap_index = 35706, .adv_w = 256, .box_w = 14, .box_h = 15, .ofs_x = 1, .ofs_y = -2},
    {.bitmap_index = 35779, .adv_w = 256, .box_w = 16, .box_h = 15, .ofs_x = 0, .ofs_y = -2},
    {.bitmap_index = 35871, .adv_w = 256, .box_w = 16, .box_h = 15, .ofs_x = 0, .ofs_y = -2},
    {.bitmap_index = 35973, .adv_w = 256, .box_w = 16, .box_h = 14, .ofs_x = 0, .ofs_y = -1},
    {.bitmap_index = 36061, .adv_w = 256, .box_w = 14, .box_h = 15, .ofs_x = 0, .ofs_y = -2},
    {.bitmap_index = 36127, .adv_w = 256, .box_w = 16, .box_h = 15, .ofs_x = 0, .ofs_y = -1},
    {.bitmap_index = 36208, .adv_w = 256, .box_w = 16, .box_h = 15, .ofs_x = 0, .ofs_y = -2},
    {.bitmap_index = 36313, .adv_w = 256, .box_w = 15, .box_h = 15, .ofs_x = 0, .ofs_y = -2},
    {.bitmap_index = 36415, .adv_w = 256, .box_w = 16, .box_h = 14, .ofs_x = 0, .ofs_y = -1},
    {.bitmap_index = 36492, .adv_w = 256, .box_w = 16, .box_h = 14, .ofs_x = 0, .ofs_y = -1},
    {.bitmap_index = 36574, .adv_w = 256, .box_w = 16, .box_h = 14, .ofs_x = 0, .ofs_y = -1},
    {.bitmap_index = 36657, .adv_w = 256, .box_w = 16, .box_h = 15, .ofs_x = 0, .ofs_y = -2},
    {.bitmap_index = 36748, .adv_w = 256, .box_w = 16, .box_h = 15, .ofs_x = 0, .ofs_y = -2},
    {.bitmap_index = 36849, .adv_w = 256, .box_w = 16, .box_h = 14, .ofs_x = 0, .ofs_y = -1},
    {.bitmap_index = 36921, .adv_w = 256, .box_w = 16, .box_h = 16, .ofs_x = 0, .ofs_y = -2},
    {.bitmap_index = 37030, .adv_w = 256, .box_w = 16, .box_h = 14, .ofs_x = 0, .ofs_y = -1},
    {.bitmap_index = 37123, .adv_w = 256, .box_w = 16, .box_h = 16, .ofs_x = 0, .ofs_y = -2},
    {.bitmap_index = 37235, .adv_w = 256, .box_w = 15, .box_h = 16, .ofs_x = 0, .ofs_y = -2},
    {.bitmap_index = 37334, .adv_w = 256, .box_w = 16, .box_h = 15, .ofs_x = 0, .ofs_y = -1},
    {.bitmap_index = 37424, .adv_w = 256, .box_w = 16, .box_h = 16, .ofs_x = 0, .ofs_y = -2},
    {.bitmap_index = 37531, .adv_w = 256, .box_w = 16, .box_h = 14, .ofs_x = 0, .ofs_y = -1},
    {.bitmap_index = 37620, .adv_w = 256, .box_w = 16, .box_h = 14, .ofs_x = 0, .ofs_y = -1},
    {.bitmap_index = 37718, .adv_w = 256, .box_w = 16, .box_h = 15, .ofs_x = 0, .ofs_y = -1},
    {.bitmap_index = 37823, .adv_w = 256, .box_w = 16, .box_h = 14, .ofs_x = 0, .ofs_y = -1},
    {.bitmap_index = 37908, .adv_w = 256, .box_w = 16, .box_h = 14, .ofs_x = 0, .ofs_y = -1},
    {.bitmap_index = 37993, .adv_w = 256, .box_w = 16, .box_h = 15, .ofs_x = 0, .ofs_y = -2},
    {.bitmap_index = 38094, .adv_w = 256, .box_w = 16, .box_h = 15, .ofs_x = 0, .ofs_y = -1},
    {.bitmap_index = 38199, .adv_w = 256, .box_w = 16, .box_h = 14, .ofs_x = 0, .ofs_y = -1},
    {.bitmap_index = 38282, .adv_w = 256, .box_w = 16, .box_h = 15, .ofs_x = 0, .ofs_y = -1},
    {.bitmap_index = 38377, .adv_w = 256, .box_w = 16, .box_h = 16, .ofs_x = 0, .ofs_y = -2},
    {.bitmap_index = 38488, .adv_w = 256, .box_w = 16, .box_h = 15, .ofs_x = 0, .ofs_y = -2},
    {.bitmap_index = 38584, .adv_w = 256, .box_w = 16, .box_h = 16, .ofs_x = 0, .ofs_y = -2},
    {.bitmap_index = 38683, .adv_w = 256, .box_w = 16, .box_h = 14, .ofs_x = 0, .ofs_y = -1},
    {.bitmap_index = 38771, .adv_w = 256, .box_w = 16, .box_h = 15, .ofs_x = 0, .ofs_y = -1},
    {.bitmap_index = 38878, .adv_w = 256, .box_w = 15, .box_h = 14, .ofs_x = 0, .ofs_y = -1},
    {.bitmap_index = 38962, .adv_w = 256, .box_w = 16, .box_h = 15, .ofs_x = 0, .ofs_y = -1},
    {.bitmap_index = 39063, .adv_w = 256, .box_w = 16, .box_h = 16, .ofs_x = 0, .ofs_y = -2},
    {.bitmap_index = 39171, .adv_w = 256, .box_w = 16, .box_h = 15, .ofs_x = 0, .ofs_y = -2},
    {.bitmap_index = 39280, .adv_w = 256, .box_w = 16, .box_h = 15, .ofs_x = 0, .ofs_y = -2},
    {.bitmap_index = 39393, .adv_w = 256, .box_w = 16, .box_h = 15, .ofs_x = 0, .ofs_y = -1},
    {.bitmap_index = 39496, .adv_w = 256, .box_w = 16, .box_h = 16, .ofs_x = 0, .ofs_y = -2},
    {.bitmap_index = 39604, .adv_w = 256, .box_w = 16, .box_h = 16, .ofs_x = 0, .ofs_y = -2},
    {.bitmap_index = 39715, .adv_w = 256, .box_w = 16, .box_h = 14, .ofs_x = 0, .ofs_y = -1},
    {.bitmap_index = 39768, .adv_w = 256, .box_w = 15, .box_h = 15, .ofs_x = 0, .ofs_y = -2},
    {.bitmap_index = 39860, .adv_w = 256, .box_w = 16, .box_h = 16, .ofs_x = 0, .ofs_y = -2},
    {.bitmap_index = 39968, .adv_w = 256, .box_w = 16, .box_h = 16, .ofs_x = 0, .ofs_y = -2},
    {.bitmap_index = 40072, .adv_w = 256, .box_w = 15, .box_h = 15, .ofs_x = 1, .ofs_y = -2},
    {.bitmap_index = 40147, .adv_w = 256, .box_w = 16, .box_h = 15, .ofs_x = 0, .ofs_y = -1},
    {.bitmap_index = 40223, .adv_w = 256, .box_w = 16, .box_h = 14, .ofs_x = 0, .ofs_y = -1},
    {.bitmap_index = 40306, .adv_w = 256, .box_w = 16, .box_h = 15, .ofs_x = 0, .ofs_y = -2},
    {.bitmap_index = 40407, .adv_w = 256, .box_w = 16, .box_h = 15, .ofs_x = 0, .ofs_y = -1},
    {.bitmap_index = 40481, .adv_w = 256, .box_w = 16, .box_h = 16, .ofs_x = 0, .ofs_y = -2},
    {.bitmap_index = 40589, .adv_w = 256, .box_w = 16, .box_h = 14, .ofs_x = 0, .ofs_y = -1},
    {.bitmap_index = 40685, .adv_w = 256, .box_w = 16, .box_h = 15, .ofs_x = 0, .ofs_y = -2},
    {.bitmap_index = 40791, .adv_w = 256, .box_w = 16, .box_h = 15, .ofs_x = 0, .ofs_y = -1},
    {.bitmap_index = 40895, .adv_w = 256, .box_w = 16, .box_h = 15, .ofs_x = 0, .ofs_y = -2},
    {.bitmap_index = 41004, .adv_w = 256, .box_w = 16, .box_h = 16, .ofs_x = 0, .ofs_y = -2},
    {.bitmap_index = 41102, .adv_w = 256, .box_w = 16, .box_h = 16, .ofs_x = 0, .ofs_y = -2},
    {.bitmap_index = 41220, .adv_w = 256, .box_w = 16, .box_h = 16, .ofs_x = 0, .ofs_y = -2},
    {.bitmap_index = 41320, .adv_w = 256, .box_w = 16, .box_h = 16, .ofs_x = 0, .ofs_y = -2},
    {.bitmap_index = 41430, .adv_w = 256, .box_w = 15, .box_h = 16, .ofs_x = 0, .ofs_y = -2},
    {.bitmap_index = 41519, .adv_w = 256, .box_w = 16, .box_h = 16, .ofs_x = 0, .ofs_y = -2},
    {.bitmap_index = 41628, .adv_w = 256, .box_w = 16, .box_h = 16, .ofs_x = 0, .ofs_y = -2},
    {.bitmap_index = 41739, .adv_w = 256, .box_w = 16, .box_h = 15, .ofs_x = 0, .ofs_y = -2},
    {.bitmap_index = 41843, .adv_w = 256, .box_w = 16, .box_h = 15, .ofs_x = 0, .ofs_y = -2},
    {.bitmap_index = 41949, .adv_w = 256, .box_w = 15, .box_h = 15, .ofs_x = 0, .ofs_y = -1},
    {.bitmap_index = 42052, .adv_w = 256, .box_w = 16, .box_h = 14, .ofs_x = 0, .ofs_y = -1},
    {.bitmap_index = 42144, .adv_w = 256, .box_w = 16, .box_h = 16, .ofs_x = 0, .ofs_y = -2},
    {.bitmap_index = 42256, .adv_w = 256, .box_w = 16, .box_h = 16, .ofs_x = 0, .ofs_y = -2},
    {.bitmap_index = 42351, .adv_w = 256, .box_w = 16, .box_h = 16, .ofs_x = 0, .ofs_y = -2},
    {.bitmap_index = 42452, .adv_w = 256, .box_w = 16, .box_h = 16, .ofs_x = 0, .ofs_y = -2},
    {.bitmap_index = 42561, .adv_w = 256, .box_w = 16, .box_h = 16, .ofs_x = 0, .ofs_y = -2},
    {.bitmap_index = 42672, .adv_w = 256, .box_w = 16, .box_h = 16, .ofs_x = 0, .ofs_y = -2},
    {.bitmap_index = 42780, .adv_w = 256, .box_w = 16, .box_h = 16, .ofs_x = 0, .ofs_y = -2},
    {.bitmap_index = 42899, .adv_w = 256, .box_w = 16, .box_h = 14, .ofs_x = 0, .ofs_y = -1},
    {.bitmap_index = 43009, .adv_w = 256, .box_w = 16, .box_h = 15, .ofs_x = 0, .ofs_y = -2},
    {.bitmap_index = 43099, .adv_w = 256, .box_w = 16, .box_h = 15, .ofs_x = 0, .ofs_y = -2},
    {.bitmap_index = 43184, .adv_w = 256, .box_w = 16, .box_h = 16, .ofs_x = 0, .ofs_y = -2},
    {.bitmap_index = 43291, .adv_w = 256, .box_w = 16, .box_h = 15, .ofs_x = 0, .ofs_y = -2},
    {.bitmap_index = 43384, .adv_w = 256, .box_w = 16, .box_h = 15, .ofs_x = 0, .ofs_y = -2},
    {.bitmap_index = 43473, .adv_w = 256, .box_w = 16, .box_h = 16, .ofs_x = 0, .ofs_y = -2},
    {.bitmap_index = 43585, .adv_w = 256, .box_w = 15, .box_h = 16, .ofs_x = 0, .ofs_y = -2},
    {.bitmap_index = 43693, .adv_w = 256, .box_w = 15, .box_h = 15, .ofs_x = 0, .ofs_y = -2},
    {.bitmap_index = 43755, .adv_w = 256, .box_w = 16, .box_h = 16, .ofs_x = 0, .ofs_y = -2},
    {.bitmap_index = 43864, .adv_w = 256, .box_w = 15, .box_h = 14, .ofs_x = 0, .ofs_y = -1},
    {.bitmap_index = 43945, .adv_w = 256, .box_w = 16, .box_h = 15, .ofs_x = 0, .ofs_y = -1},
    {.bitmap_index = 44041, .adv_w = 256, .box_w = 16, .box_h = 14, .ofs_x = 0, .ofs_y = -1},
    {.bitmap_index = 44137, .adv_w = 256, .box_w = 16, .box_h = 15, .ofs_x = 0, .ofs_y = -1},
    {.bitmap_index = 44228, .adv_w = 256, .box_w = 16, .box_h = 14, .ofs_x = 0, .ofs_y = -1},
    {.bitmap_index = 44314, .adv_w = 256, .box_w = 16, .box_h = 15, .ofs_x = 0, .ofs_y = -2},
    {.bitmap_index = 44410, .adv_w = 256, .box_w = 16, .box_h = 14, .ofs_x = 0, .ofs_y = -1},
    {.bitmap_index = 44511, .adv_w = 256, .box_w = 16, .box_h = 14, .ofs_x = 0, .ofs_y = -1},
    {.bitmap_index = 44609, .adv_w = 256, .box_w = 15, .box_h = 14, .ofs_x = 1, .ofs_y = -1},
    {.bitmap_index = 44675, .adv_w = 256, .box_w = 15, .box_h = 15, .ofs_x = 0, .ofs_y = -2},
    {.bitmap_index = 44757, .adv_w = 256, .box_w = 14, .box_h = 14, .ofs_x = 2, .ofs_y = -1},
    {.bitmap_index = 44833, .adv_w = 256, .box_w = 14, .box_h = 14, .ofs_x = 1, .ofs_y = -1},
    {.bitmap_index = 44905, .adv_w = 256, .box_w = 16, .box_h = 15, .ofs_x = 0, .ofs_y = -2},
    {.bitmap_index = 44999, .adv_w = 256, .box_w = 14, .box_h = 16, .ofs_x = 1, .ofs_y = -2},
    {.bitmap_index = 45097, .adv_w = 256, .box_w = 15, .box_h = 16, .ofs_x = 1, .ofs_y = -2},
    {.bitmap_index = 45197, .adv_w = 256, .box_w = 16, .box_h = 16, .ofs_x = 0, .ofs_y = -2},
    {.bitmap_index = 45300, .adv_w = 256, .box_w = 12, .box_h = 16, .ofs_x = 2, .ofs_y = -2},
    {.bitmap_index = 45356, .adv_w = 256, .box_w = 14, .box_h = 14, .ofs_x = 1, .ofs_y = -1},
    {.bitmap_index = 45410, .adv_w = 256, .box_w = 14, .box_h = 16, .ofs_x = 1, .ofs_y = -2},
    {.bitmap_index = 45503, .adv_w = 256, .box_w = 16, .box_h = 15, .ofs_x = 0, .ofs_y = -1},
    {.bitmap_index = 45596, .adv_w = 256, .box_w = 16, .box_h = 15, .ofs_x = 0, .ofs_y = -1},
    {.bitmap_index = 45695, .adv_w = 256, .box_w = 12, .box_h = 14, .ofs_x = 2, .ofs_y = -1},
    {.bitmap_index = 45745, .adv_w = 256, .box_w = 16, .box_h = 15, .ofs_x = 0, .ofs_y = -1},
    {.bitmap_index = 45819, .adv_w = 256, .box_w = 16, .box_h = 15, .ofs_x = 0, .ofs_y = -2},
    {.bitmap_index = 45901, .adv_w = 256, .box_w = 16, .box_h = 15, .ofs_x = 0, .ofs_y = -2},
    {.bitmap_index = 45988, .adv_w = 256, .box_w = 16, .box_h = 15, .ofs_x = 0, .ofs_y = -1},
    {.bitmap_index = 46081, .adv_w = 256, .box_w = 16, .box_h = 16, .ofs_x = 0, .ofs_y = -2},
    {.bitmap_index = 46176, .adv_w = 256, .box_w = 15, .box_h = 15, .ofs_x = 1, .ofs_y = -2},
    {.bitmap_index = 46274, .adv_w = 256, .box_w = 16, .box_h = 16, .ofs_x = 0, .ofs_y = -2},
    {.bitmap_index = 46367, .adv_w = 256, .box_w = 15, .box_h = 16, .ofs_x = 0, .ofs_y = -2},
    {.bitmap_index = 46462, .adv_w = 256, .box_w = 16, .box_h = 16, .ofs_x = 0, .ofs_y = -2},
    {.bitmap_index = 46560, .adv_w = 256, .box_w = 16, .box_h = 16, .ofs_x = 0, .ofs_y = -2},
    {.bitmap_index = 46668, .adv_w = 256, .box_w = 15, .box_h = 14, .ofs_x = 0, .ofs_y = -1},
    {.bitmap_index = 46750, .adv_w = 256, .box_w = 16, .box_h = 15, .ofs_x = 0, .ofs_y = -2},
    {.bitmap_index = 46857, .adv_w = 256, .box_w = 15, .box_h = 16, .ofs_x = 0, .ofs_y = -2},
    {.bitmap_index = 46968, .adv_w = 256, .box_w = 16, .box_h = 15, .ofs_x = 0, .ofs_y = -2},
    {.bitmap_index = 47048, .adv_w = 256, .box_w = 15, .box_h = 16, .ofs_x = 1, .ofs_y = -2},
    {.bitmap_index = 47146, .adv_w = 256, .box_w = 16, .box_h = 15, .ofs_x = 0, .ofs_y = -1},
    {.bitmap_index = 47229, .adv_w = 256, .box_w = 16, .box_h = 15, .ofs_x = 0, .ofs_y = -1},
    {.bitmap_index = 47319, .adv_w = 256, .box_w = 16, .box_h = 15, .ofs_x = 0, .ofs_y = -1},
    {.bitmap_index = 47420, .adv_w = 256, .box_w = 16, .box_h = 15, .ofs_x = 0, .ofs_y = -1},
    {.bitmap_index = 47516, .adv_w = 256, .box_w = 16, .box_h = 15, .ofs_x = 0, .ofs_y = -1},
    {.bitmap_index = 47611, .adv_w = 256, .box_w = 14, .box_h = 15, .ofs_x = 1, .ofs_y = -1},
    {.bitmap_index = 47686, .adv_w = 256, .box_w = 14, .box_h = 16, .ofs_x = 1, .ofs_y = -2},
    {.bitmap_index = 47779, .adv_w = 256, .box_w = 16, .box_h = 15, .ofs_x = 0, .ofs_y = -1},
    {.bitmap_index = 47873, .adv_w = 256, .box_w = 16, .box_h = 15, .ofs_x = 0, .ofs_y = -2},
    {.bitmap_index = 47975, .adv_w = 256, .box_w = 16, .box_h = 16, .ofs_x = 0, .ofs_y = -2},
    {.bitmap_index = 48078, .adv_w = 256, .box_w = 16, .box_h = 16, .ofs_x = 0, .ofs_y = -2},
    {.bitmap_index = 48191, .adv_w = 256, .box_w = 16, .box_h = 16, .ofs_x = 0, .ofs_y = -2},
    {.bitmap_index = 48297, .adv_w = 256, .box_w = 16, .box_h = 15, .ofs_x = 0, .ofs_y = -1},
    {.bitmap_index = 48407, .adv_w = 256, .box_w = 15, .box_h = 16, .ofs_x = 0, .ofs_y = -2},
    {.bitmap_index = 48493, .adv_w = 256, .box_w = 16, .box_h = 16, .ofs_x = 0, .ofs_y = -2},
    {.bitmap_index = 48592, .adv_w = 256, .box_w = 16, .box_h = 16, .ofs_x = 0, .ofs_y = -2},
    {.bitmap_index = 48685, .adv_w = 256, .box_w = 16, .box_h = 16, .ofs_x = 0, .ofs_y = -2},
    {.bitmap_index = 48794, .adv_w = 256, .box_w = 16, .box_h = 15, .ofs_x = 0, .ofs_y = -2},
    {.bitmap_index = 48903, .adv_w = 256, .box_w = 16, .box_h = 15, .ofs_x = 0, .ofs_y = -2},
    {.bitmap_index = 49017, .adv_w = 256, .box_w = 15, .box_h = 14, .ofs_x = 0, .ofs_y = -1},
    {.bitmap_index = 49110, .adv_w = 256, .box_w = 16, .box_h = 16, .ofs_x = 0, .ofs_y = -2},
    {.bitmap_index = 49221, .adv_w = 256, .box_w = 15, .box_h = 16, .ofs_x = 1, .ofs_y = -2},
    {.bitmap_index = 49329, .adv_w = 256, .box_w = 15, .box_h = 15, .ofs_x = 0, .ofs_y = -2},
    {.bitmap_index = 49429, .adv_w = 256, .box_w = 16, .box_h = 15, .ofs_x = 0, .ofs_y = -2},
    {.bitmap_index = 49536, .adv_w = 256, .box_w = 15, .box_h = 16, .ofs_x = 1, .ofs_y = -2},
    {.bitmap_index = 49642, .adv_w = 256, .box_w = 16, .box_h = 15, .ofs_x = 0, .ofs_y = -2},
    {.bitmap_index = 49757, .adv_w = 256, .box_w = 16, .box_h = 16, .ofs_x = 0, .ofs_y = -2},
    {.bitmap_index = 49879, .adv_w = 256, .box_w = 16, .box_h = 15, .ofs_x = 0, .ofs_y = -1},
    {.bitmap_index = 49965, .adv_w = 256, .box_w = 15, .box_h = 16, .ofs_x = 0, .ofs_y = -2},
    {.bitmap_index = 50068, .adv_w = 256, .box_w = 16, .box_h = 17, .ofs_x = 0, .ofs_y = -2},
    {.bitmap_index = 50192, .adv_w = 256, .box_w = 16, .box_h = 14, .ofs_x = 0, .ofs_y = -1},
    {.bitmap_index = 50298, .adv_w = 256, .box_w = 16, .box_h = 15, .ofs_x = 0, .ofs_y = -1},
    {.bitmap_index = 50397, .adv_w = 256, .box_w = 15, .box_h = 16, .ofs_x = 0, .ofs_y = -2},
    {.bitmap_index = 50500, .adv_w = 256, .box_w = 16, .box_h = 16, .ofs_x = 0, .ofs_y = -2},
    {.bitmap_index = 50617, .adv_w = 256, .box_w = 16, .box_h = 16, .ofs_x = 0, .ofs_y = -2},
    {.bitmap_index = 50733, .adv_w = 256, .box_w = 16, .box_h = 14, .ofs_x = 0, .ofs_y = -1},
    {.bitmap_index = 50839, .adv_w = 256, .box_w = 16, .box_h = 15, .ofs_x = 0, .ofs_y = -1},
    {.bitmap_index = 50933, .adv_w = 256, .box_w = 15, .box_h = 15, .ofs_x = 0, .ofs_y = -1},
    {.bitmap_index = 51027, .adv_w = 256, .box_w = 16, .box_h = 15, .ofs_x = 0, .ofs_y = -1},
    {.bitmap_index = 51132, .adv_w = 256, .box_w = 15, .box_h = 15, .ofs_x = 0, .ofs_y = -2},
    {.bitmap_index = 51230, .adv_w = 256, .box_w = 16, .box_h = 16, .ofs_x = 0, .ofs_y = -2},
    {.bitmap_index = 51347, .adv_w = 256, .box_w = 16, .box_h = 16, .ofs_x = 0, .ofs_y = -2},
    {.bitmap_index = 51453, .adv_w = 256, .box_w = 16, .box_h = 16, .ofs_x = 0, .ofs_y = -2},
    {.bitmap_index = 51566, .adv_w = 256, .box_w = 16, .box_h = 16, .ofs_x = 0, .ofs_y = -2},
    {.bitmap_index = 51685, .adv_w = 256, .box_w = 16, .box_h = 15, .ofs_x = 0, .ofs_y = -2},
    {.bitmap_index = 51802, .adv_w = 256, .box_w = 16, .box_h = 15, .ofs_x = 0, .ofs_y = -1},
    {.bitmap_index = 51912, .adv_w = 256, .box_w = 16, .box_h = 16, .ofs_x = 0, .ofs_y = -2},
    {.bitmap_index = 52037, .adv_w = 256, .box_w = 16, .box_h = 16, .ofs_x = 0, .ofs_y = -2},
    {.bitmap_index = 52162, .adv_w = 256, .box_w = 15, .box_h = 15, .ofs_x = 0, .ofs_y = -1},
    {.bitmap_index = 52263, .adv_w = 256, .box_w = 16, .box_h = 16, .ofs_x = 0, .ofs_y = -2},
    {.bitmap_index = 52379, .adv_w = 256, .box_w = 16, .box_h = 16, .ofs_x = 0, .ofs_y = -2},
    {.bitmap_index = 52485, .adv_w = 256, .box_w = 15, .box_h = 14, .ofs_x = 1, .ofs_y = -1},
    {.bitmap_index = 52568, .adv_w = 256, .box_w = 16, .box_h = 14, .ofs_x = 0, .ofs_y = -1},
    {.bitmap_index = 52657, .adv_w = 256, .box_w = 16, .box_h = 15, .ofs_x = 0, .ofs_y = -2},
    {.bitmap_index = 52754, .adv_w = 256, .box_w = 16, .box_h = 15, .ofs_x = 0, .ofs_y = -2},
    {.bitmap_index = 52845, .adv_w = 256, .box_w = 16, .box_h = 15, .ofs_x = 0, .ofs_y = -2},
    {.bitmap_index = 52903, .adv_w = 256, .box_w = 16, .box_h = 15, .ofs_x = 0, .ofs_y = -1},
    {.bitmap_index = 53012, .adv_w = 256, .box_w = 16, .box_h = 15, .ofs_x = 0, .ofs_y = -1},
    {.bitmap_index = 53120, .adv_w = 256, .box_w = 16, .box_h = 16, .ofs_x = 0, .ofs_y = -2},
    {.bitmap_index = 53240, .adv_w = 256, .box_w = 16, .box_h = 15, .ofs_x = 0, .ofs_y = -2},
    {.bitmap_index = 53331, .adv_w = 256, .box_w = 16, .box_h = 16, .ofs_x = 0, .ofs_y = -2},
    {.bitmap_index = 53446, .adv_w = 256, .box_w = 16, .box_h = 15, .ofs_x = 0, .ofs_y = -1},
    {.bitmap_index = 53550, .adv_w = 256, .box_w = 16, .box_h = 16, .ofs_x = 0, .ofs_y = -2},
    {.bitmap_index = 53669, .adv_w = 256, .box_w = 16, .box_h = 16, .ofs_x = 0, .ofs_y = -2},
    {.bitmap_index = 53791, .adv_w = 256, .box_w = 12, .box_h = 16, .ofs_x = 2, .ofs_y = -2},
    {.bitmap_index = 53852, .adv_w = 256, .box_w = 16, .box_h = 14, .ofs_x = 0, .ofs_y = -1},
    {.bitmap_index = 53939, .adv_w = 256, .box_w = 16, .box_h = 17, .ofs_x = 0, .ofs_y = -2},
    {.bitmap_index = 54058, .adv_w = 256, .box_w = 16, .box_h = 16, .ofs_x = 0, .ofs_y = -2},
    {.bitmap_index = 54171, .adv_w = 256, .box_w = 16, .box_h = 16, .ofs_x = 0, .ofs_y = -2},
    {.bitmap_index = 54289, .adv_w = 256, .box_w = 16, .box_h = 15, .ofs_x = 0, .ofs_y = -1},
    {.bitmap_index = 54369, .adv_w = 256, .box_w = 15, .box_h = 14, .ofs_x = 0, .ofs_y = -1},
    {.bitmap_index = 54449, .adv_w = 256, .box_w = 16, .box_h = 14, .ofs_x = 0, .ofs_y = -1},
    {.bitmap_index = 54522, .adv_w = 256, .box_w = 16, .box_h = 15, .ofs_x = 0, .ofs_y = -2},
    {.bitmap_index = 54611, .adv_w = 256, .box_w = 16, .box_h = 15, .ofs_x = 0, .ofs_y = -2},
    {.bitmap_index = 54711, .adv_w = 256, .box_w = 15, .box_h = 15, .ofs_x = 1, .ofs_y = -2},
    {.bitmap_index = 54808, .adv_w = 256, .box_w = 16, .box_h = 15, .ofs_x = 0, .ofs_y = -2},
    {.bitmap_index = 54910, .adv_w = 256, .box_w = 16, .box_h = 16, .ofs_x = 0, .ofs_y = -2},
    {.bitmap_index = 55010, .adv_w = 256, .box_w = 16, .box_h = 15, .ofs_x = 0, .ofs_y = -2},
    {.bitmap_index = 55123, .adv_w = 256, .box_w = 16, .box_h = 14, .ofs_x = 0, .ofs_y = -1},
    {.bitmap_index = 55225, .adv_w = 256, .box_w = 16, .box_h = 14, .ofs_x = 0, .ofs_y = -1},
    {.bitmap_index = 55328, .adv_w = 256, .box_w = 16, .box_h = 14, .ofs_x = 0, .ofs_y = -1},
    {.bitmap_index = 55423, .adv_w = 256, .box_w = 16, .box_h = 16, .ofs_x = 0, .ofs_y = -2},
    {.bitmap_index = 55498, .adv_w = 256, .box_w = 16, .box_h = 15, .ofs_x = 0, .ofs_y = -2},
    {.bitmap_index = 55598, .adv_w = 256, .box_w = 16, .box_h = 14, .ofs_x = 0, .ofs_y = -1},
    {.bitmap_index = 55698, .adv_w = 256, .box_w = 16, .box_h = 15, .ofs_x = 0, .ofs_y = -2},
    {.bitmap_index = 55816, .adv_w = 256, .box_w = 16, .box_h = 17, .ofs_x = 0, .ofs_y = -2},
    {.bitmap_index = 55927, .adv_w = 256, .box_w = 16, .box_h = 15, .ofs_x = 0, .ofs_y = -2},
    {.bitmap_index = 56027, .adv_w = 256, .box_w = 16, .box_h = 15, .ofs_x = 0, .ofs_y = -2},
    {.bitmap_index = 56113, .adv_w = 256, .box_w = 16, .box_h = 15, .ofs_x = 0, .ofs_y = -2},
    {.bitmap_index = 56220, .adv_w = 256, .box_w = 14, .box_h = 16, .ofs_x = 1, .ofs_y = -2},
    {.bitmap_index = 56309, .adv_w = 256, .box_w = 14, .box_h = 17, .ofs_x = 0, .ofs_y = -2},
    {.bitmap_index = 56408, .adv_w = 256, .box_w = 16, .box_h = 16, .ofs_x = 0, .ofs_y = -2},
    {.bitmap_index = 56527, .adv_w = 256, .box_w = 16, .box_h = 16, .ofs_x = 0, .ofs_y = -2},
    {.bitmap_index = 56636, .adv_w = 256, .box_w = 16, .box_h = 16, .ofs_x = 0, .ofs_y = -2},
    {.bitmap_index = 56710, .adv_w = 256, .box_w = 16, .box_h = 14, .ofs_x = 0, .ofs_y = -1},
    {.bitmap_index = 56777, .adv_w = 256, .box_w = 16, .box_h = 15, .ofs_x = 0, .ofs_y = -2},
    {.bitmap_index = 56866, .adv_w = 256, .box_w = 16, .box_h = 15, .ofs_x = 0, .ofs_y = -2},
    {.bitmap_index = 56971, .adv_w = 256, .box_w = 16, .box_h = 16, .ofs_x = 0, .ofs_y = -2},
    {.bitmap_index = 57067, .adv_w = 256, .box_w = 16, .box_h = 14, .ofs_x = 0, .ofs_y = -1},
    {.bitmap_index = 57144, .adv_w = 256, .box_w = 16, .box_h = 16, .ofs_x = 0, .ofs_y = -2},
    {.bitmap_index = 57248, .adv_w = 256, .box_w = 16, .box_h = 16, .ofs_x = 0, .ofs_y = -2},
    {.bitmap_index = 57352, .adv_w = 256, .box_w = 16, .box_h = 15, .ofs_x = 0, .ofs_y = -1},
    {.bitmap_index = 57435, .adv_w = 256, .box_w = 16, .box_h = 15, .ofs_x = 0, .ofs_y = -2},
    {.bitmap_index = 57524, .adv_w = 256, .box_w = 16, .box_h = 15, .ofs_x = 0, .ofs_y = -1},
    {.bitmap_index = 57624, .adv_w = 256, .box_w = 16, .box_h = 16, .ofs_x = 0, .ofs_y = -2},
    {.bitmap_index = 57722, .adv_w = 256, .box_w = 16, .box_h = 16, .ofs_x = 0, .ofs_y = -2},
    {.bitmap_index = 57833, .adv_w = 256, .box_w = 16, .box_h = 15, .ofs_x = 0, .ofs_y = -1},
    {.bitmap_index = 57932, .adv_w = 256, .box_w = 16, .box_h = 16, .ofs_x = 0, .ofs_y = -2},
    {.bitmap_index = 58033, .adv_w = 256, .box_w = 16, .box_h = 16, .ofs_x = 0, .ofs_y = -2},
    {.bitmap_index = 58139, .adv_w = 256, .box_w = 16, .box_h = 14, .ofs_x = 0, .ofs_y = -1},
    {.bitmap_index = 58230, .adv_w = 256, .box_w = 16, .box_h = 15, .ofs_x = 0, .ofs_y = -2},
    {.bitmap_index = 58338, .adv_w = 256, .box_w = 15, .box_h = 16, .ofs_x = 0, .ofs_y = -2},
    {.bitmap_index = 58439, .adv_w = 256, .box_w = 16, .box_h = 15, .ofs_x = 0, .ofs_y = -2},
    {.bitmap_index = 58524, .adv_w = 256, .box_w = 16, .box_h = 15, .ofs_x = 0, .ofs_y = -2},
    {.bitmap_index = 58633, .adv_w = 256, .box_w = 16, .box_h = 16, .ofs_x = 0, .ofs_y = -2},
    {.bitmap_index = 58743, .adv_w = 256, .box_w = 16, .box_h = 16, .ofs_x = 0, .ofs_y = -2},
    {.bitmap_index = 58854, .adv_w = 256, .box_w = 16, .box_h = 15, .ofs_x = 0, .ofs_y = -2},
    {.bitmap_index = 58947, .adv_w = 256, .box_w = 16, .box_h = 15, .ofs_x = 0, .ofs_y = -2},
    {.bitmap_index = 59052, .adv_w = 256, .box_w = 16, .box_h = 15, .ofs_x = 0, .ofs_y = -2},
    {.bitmap_index = 59160, .adv_w = 256, .box_w = 16, .box_h = 15, .ofs_x = 0, .ofs_y = -1},
    {.bitmap_index = 59256, .adv_w = 256, .box_w = 16, .box_h = 14, .ofs_x = 0, .ofs_y = -1},
    {.bitmap_index = 59337, .adv_w = 256, .box_w = 16, .box_h = 16, .ofs_x = 0, .ofs_y = -2},
    {.bitmap_index = 59446, .adv_w = 256, .box_w = 16, .box_h = 15, .ofs_x = 0, .ofs_y = -2},
    {.bitmap_index = 59554, .adv_w = 256, .box_w = 16, .box_h = 16, .ofs_x = 0, .ofs_y = -2},
    {.bitmap_index = 59660, .adv_w = 256, .box_w = 16, .box_h = 16, .ofs_x = 0, .ofs_y = -2},
    {.bitmap_index = 59775, .adv_w = 256, .box_w = 16, .box_h = 15, .ofs_x = 0, .ofs_y = -1},
    {.bitmap_index = 59883, .adv_w = 256, .box_w = 16, .box_h = 16, .ofs_x = 0, .ofs_y = -2},
    {.bitmap_index = 59999, .adv_w = 256, .box_w = 16, .box_h = 15, .ofs_x = 0, .ofs_y = -1},
    {.bitmap_index = 60104, .adv_w = 256, .box_w = 16, .box_h = 15, .ofs_x = 0, .ofs_y = -2},
    {.bitmap_index = 60222, .adv_w = 256, .box_w = 16, .box_h = 14, .ofs_x = 0, .ofs_y = -1},
    {.bitmap_index = 60322, .adv_w = 256, .box_w = 16, .box_h = 16, .ofs_x = 0, .ofs_y = -2},
    {.bitmap_index = 60435, .adv_w = 256, .box_w = 16, .box_h = 16, .ofs_x = 0, .ofs_y = -2},
    {.bitmap_index = 60548, .adv_w = 256, .box_w = 16, .box_h = 16, .ofs_x = 0, .ofs_y = -2},
    {.bitmap_index = 60663, .adv_w = 256, .box_w = 16, .box_h = 15, .ofs_x = 0, .ofs_y = -2},
    {.bitmap_index = 60768, .adv_w = 256, .box_w = 16, .box_h = 15, .ofs_x = 0, .ofs_y = -2},
    {.bitmap_index = 60865, .adv_w = 256, .box_w = 16, .box_h = 16, .ofs_x = 0, .ofs_y = -2},
    {.bitmap_index = 60965, .adv_w = 256, .box_w = 16, .box_h = 16, .ofs_x = 0, .ofs_y = -2},
    {.bitmap_index = 61066, .adv_w = 256, .box_w = 16, .box_h = 16, .ofs_x = 0, .ofs_y = -2},
    {.bitmap_index = 61178, .adv_w = 256, .box_w = 16, .box_h = 16, .ofs_x = 0, .ofs_y = -2},
    {.bitmap_index = 61277, .adv_w = 256, .box_w = 16, .box_h = 16, .ofs_x = 0, .ofs_y = -2},
    {.bitmap_index = 61384, .adv_w = 256, .box_w = 16, .box_h = 15, .ofs_x = 0, .ofs_y = -2},
    {.bitmap_index = 61487, .adv_w = 256, .box_w = 16, .box_h = 16, .ofs_x = 0, .ofs_y = -2},
    {.bitmap_index = 61595, .adv_w = 256, .box_w = 16, .box_h = 15, .ofs_x = 0, .ofs_y = -2},
    {.bitmap_index = 61700, .adv_w = 256, .box_w = 16, .box_h = 16, .ofs_x = 0, .ofs_y = -2},
    {.bitmap_index = 61813, .adv_w = 256, .box_w = 16, .box_h = 16, .ofs_x = 0, .ofs_y = -2},
    {.bitmap_index = 61928, .adv_w = 256, .box_w = 16, .box_h = 16, .ofs_x = 0, .ofs_y = -2},
    {.bitmap_index = 62029, .adv_w = 256, .box_w = 16, .box_h = 16, .ofs_x = 0, .ofs_y = -2},
    {.bitmap_index = 62137, .adv_w = 256, .box_w = 16, .box_h = 15, .ofs_x = 0, .ofs_y = -2},
    {.bitmap_index = 62244, .adv_w = 256, .box_w = 16, .box_h = 16, .ofs_x = 0, .ofs_y = -2},
    {.bitmap_index = 62364, .adv_w = 256, .box_w = 16, .box_h = 16, .ofs_x = 0, .ofs_y = -2},
    {.bitmap_index = 62478, .adv_w = 256, .box_w = 16, .box_h = 16, .ofs_x = 0, .ofs_y = -2},
    {.bitmap_index = 62596, .adv_w = 256, .box_w = 16, .box_h = 16, .ofs_x = 0, .ofs_y = -2},
    {.bitmap_index = 62709, .adv_w = 256, .box_w = 16, .box_h = 16, .ofs_x = 0, .ofs_y = -2},
    {.bitmap_index = 62817, .adv_w = 256, .box_w = 16, .box_h = 15, .ofs_x = 0, .ofs_y = -2},
    {.bitmap_index = 62926, .adv_w = 256, .box_w = 16, .box_h = 15, .ofs_x = 0, .ofs_y = -2},
    {.bitmap_index = 63025, .adv_w = 256, .box_w = 16, .box_h = 16, .ofs_x = 0, .ofs_y = -2},
    {.bitmap_index = 63130, .adv_w = 256, .box_w = 16, .box_h = 16, .ofs_x = 0, .ofs_y = -2},
    {.bitmap_index = 63238, .adv_w = 256, .box_w = 16, .box_h = 16, .ofs_x = 0, .ofs_y = -2},
    {.bitmap_index = 63355, .adv_w = 256, .box_w = 16, .box_h = 16, .ofs_x = 0, .ofs_y = -2},
    {.bitmap_index = 63470, .adv_w = 256, .box_w = 16, .box_h = 15, .ofs_x = 0, .ofs_y = -1},
    {.bitmap_index = 63571, .adv_w = 256, .box_w = 16, .box_h = 16, .ofs_x = 0, .ofs_y = -2},
    {.bitmap_index = 63683, .adv_w = 256, .box_w = 16, .box_h = 16, .ofs_x = 0, .ofs_y = -2},
    {.bitmap_index = 63782, .adv_w = 256, .box_w = 16, .box_h = 15, .ofs_x = 0, .ofs_y = -1},
    {.bitmap_index = 63882, .adv_w = 256, .box_w = 16, .box_h = 15, .ofs_x = 0, .ofs_y = -1},
    {.bitmap_index = 63989, .adv_w = 256, .box_w = 15, .box_h = 14, .ofs_x = 1, .ofs_y = -1},
    {.bitmap_index = 64066, .adv_w = 256, .box_w = 15, .box_h = 15, .ofs_x = 1, .ofs_y = -1},
    {.bitmap_index = 64160, .adv_w = 256, .box_w = 16, .box_h = 14, .ofs_x = 0, .ofs_y = -1},
    {.bitmap_index = 64239, .adv_w = 256, .box_w = 15, .box_h = 16, .ofs_x = 0, .ofs_y = -2},
    {.bitmap_index = 64322, .adv_w = 256, .box_w = 15, .box_h = 15, .ofs_x = 0, .ofs_y = -1},
    {.bitmap_index = 64409, .adv_w = 256, .box_w = 16, .box_h = 16, .ofs_x = 0, .ofs_y = -2},
    {.bitmap_index = 64525, .adv_w = 256, .box_w = 15, .box_h = 14, .ofs_x = 0, .ofs_y = -1},
    {.bitmap_index = 64622, .adv_w = 256, .box_w = 16, .box_h = 16, .ofs_x = 0, .ofs_y = -2},
    {.bitmap_index = 64740, .adv_w = 256, .box_w = 16, .box_h = 16, .ofs_x = 0, .ofs_y = -2},
    {.bitmap_index = 64859, .adv_w = 256, .box_w = 16, .box_h = 16, .ofs_x = 0, .ofs_y = -2},
    {.bitmap_index = 64972, .adv_w = 256, .box_w = 16, .box_h = 15, .ofs_x = 0, .ofs_y = -2},
    {.bitmap_index = 65057, .adv_w = 256, .box_w = 14, .box_h = 16, .ofs_x = 1, .ofs_y = -2},
    {.bitmap_index = 65136, .adv_w = 256, .box_w = 14, .box_h = 16, .ofs_x = 1, .ofs_y = -2},
    {.bitmap_index = 65201, .adv_w = 256, .box_w = 14, .box_h = 16, .ofs_x = 1, .ofs_y = -2},
    {.bitmap_index = 65272, .adv_w = 256, .box_w = 14, .box_h = 16, .ofs_x = 1, .ofs_y = -2},
    {.bitmap_index = 65359, .adv_w = 256, .box_w = 14, .box_h = 16, .ofs_x = 1, .ofs_y = -2},
    {.bitmap_index = 65451, .adv_w = 256, .box_w = 14, .box_h = 16, .ofs_x = 1, .ofs_y = -2},
    {.bitmap_index = 65530, .adv_w = 256, .box_w = 14, .box_h = 16, .ofs_x = 1, .ofs_y = -2},
    {.bitmap_index = 65621, .adv_w = 256, .box_w = 15, .box_h = 15, .ofs_x = 1, .ofs_y = -1},
    {.bitmap_index = 65713, .adv_w = 256, .box_w = 15, .box_h = 16, .ofs_x = 1, .ofs_y = -2},
    {.bitmap_index = 65809, .adv_w = 256, .box_w = 15, .box_h = 16, .ofs_x = 1, .ofs_y = -2},
    {.bitmap_index = 65891, .adv_w = 256, .box_w = 15, .box_h = 16, .ofs_x = 1, .ofs_y = -2},
    {.bitmap_index = 65984, .adv_w = 256, .box_w = 15, .box_h = 15, .ofs_x = 1, .ofs_y = -1},
    {.bitmap_index = 66074, .adv_w = 256, .box_w = 15, .box_h = 15, .ofs_x = 1, .ofs_y = -1},
    {.bitmap_index = 66171, .adv_w = 256, .box_w = 15, .box_h = 16, .ofs_x = 1, .ofs_y = -2},
    {.bitmap_index = 66278, .adv_w = 256, .box_w = 15, .box_h = 16, .ofs_x = 1, .ofs_y = -2},
    {.bitmap_index = 66384, .adv_w = 256, .box_w = 15, .box_h = 16, .ofs_x = 1, .ofs_y = -2},
    {.bitmap_index = 66474, .adv_w = 256, .box_w = 16, .box_h = 15, .ofs_x = 0, .ofs_y = -1},
    {.bitmap_index = 66576, .adv_w = 256, .box_w = 15, .box_h = 15, .ofs_x = 1, .ofs_y = -2},
    {.bitmap_index = 66664, .adv_w = 256, .box_w = 14, .box_h = 14, .ofs_x = 1, .ofs_y = -1},
    {.bitmap_index = 66740, .adv_w = 256, .box_w = 14, .box_h = 14, .ofs_x = 1, .ofs_y = -1},
    {.bitmap_index = 66821, .adv_w = 256, .box_w = 16, .box_h = 15, .ofs_x = 0, .ofs_y = -2},
    {.bitmap_index = 66932, .adv_w = 256, .box_w = 15, .box_h = 15, .ofs_x = 1, .ofs_y = -2},
    {.bitmap_index = 67024, .adv_w = 256, .box_w = 15, .box_h = 14, .ofs_x = 0, .ofs_y = -1},
    {.bitmap_index = 67120, .adv_w = 256, .box_w = 15, .box_h = 14, .ofs_x = 1, .ofs_y = -1},
    {.bitmap_index = 67217, .adv_w = 256, .box_w = 15, .box_h = 14, .ofs_x = 0, .ofs_y = -1},
    {.bitmap_index = 67317, .adv_w = 256, .box_w = 16, .box_h = 15, .ofs_x = 0, .ofs_y = -1},
    {.bitmap_index = 67393, .adv_w = 256, .box_w = 15, .box_h = 15, .ofs_x = 1, .ofs_y = -1},
    {.bitmap_index = 67483, .adv_w = 256, .box_w = 16, .box_h = 14, .ofs_x = 0, .ofs_y = -1},
    {.bitmap_index = 67566, .adv_w = 256, .box_w = 16, .box_h = 15, .ofs_x = 0, .ofs_y = -1},
    {.bitmap_index = 67674, .adv_w = 256, .box_w = 16, .box_h = 16, .ofs_x = 0, .ofs_y = -2},
    {.bitmap_index = 67761, .adv_w = 256, .box_w = 15, .box_h = 15, .ofs_x = 0, .ofs_y = -2},
    {.bitmap_index = 67837, .adv_w = 256, .box_w = 16, .box_h = 15, .ofs_x = 0, .ofs_y = -2},
    {.bitmap_index = 67918, .adv_w = 256, .box_w = 16, .box_h = 15, .ofs_x = 0, .ofs_y = -2},
    {.bitmap_index = 68005, .adv_w = 256, .box_w = 15, .box_h = 15, .ofs_x = 0, .ofs_y = -2},
    {.bitmap_index = 68086, .adv_w = 256, .box_w = 16, .box_h = 16, .ofs_x = 0, .ofs_y = -2},
    {.bitmap_index = 68196, .adv_w = 256, .box_w = 16, .box_h = 16, .ofs_x = 0, .ofs_y = -2},
    {.bitmap_index = 68304, .adv_w = 256, .box_w = 16, .box_h = 15, .ofs_x = 0, .ofs_y = -2},
    {.bitmap_index = 68415, .adv_w = 256, .box_w = 16, .box_h = 15, .ofs_x = 0, .ofs_y = -2},
    {.bitmap_index = 68525, .adv_w = 256, .box_w = 16, .box_h = 17, .ofs_x = 0, .ofs_y = -2},
    {.bitmap_index = 68642, .adv_w = 256, .box_w = 16, .box_h = 16, .ofs_x = 0, .ofs_y = -2},
    {.bitmap_index = 68760, .adv_w = 256, .box_w = 16, .box_h = 15, .ofs_x = 0, .ofs_y = -2},
    {.bitmap_index = 68854, .adv_w = 256, .box_w = 15, .box_h = 14, .ofs_x = 1, .ofs_y = -1},
    {.bitmap_index = 68923, .adv_w = 256, .box_w = 16, .box_h = 15, .ofs_x = 0, .ofs_y = -1},
    {.bitmap_index = 69005, .adv_w = 256, .box_w = 16, .box_h = 16, .ofs_x = 0, .ofs_y = -2},
    {.bitmap_index = 69117, .adv_w = 256, .box_w = 16, .box_h = 16, .ofs_x = 0, .ofs_y = -2},
    {.bitmap_index = 69230, .adv_w = 256, .box_w = 16, .box_h = 16, .ofs_x = 0, .ofs_y = -2},
    {.bitmap_index = 69349, .adv_w = 256, .box_w = 16, .box_h = 15, .ofs_x = 0, .ofs_y = -1},
    {.bitmap_index = 69467, .adv_w = 256, .box_w = 15, .box_h = 16, .ofs_x = 0, .ofs_y = -2},
    {.bitmap_index = 69547, .adv_w = 256, .box_w = 16, .box_h = 16, .ofs_x = 0, .ofs_y = -2},
    {.bitmap_index = 69655, .adv_w = 256, .box_w = 16, .box_h = 15, .ofs_x = 0, .ofs_y = -2},
    {.bitmap_index = 69755, .adv_w = 256, .box_w = 16, .box_h = 15, .ofs_x = 0, .ofs_y = -2},
    {.bitmap_index = 69860, .adv_w = 256, .box_w = 16, .box_h = 15, .ofs_x = 0, .ofs_y = -2},
    {.bitmap_index = 69962, .adv_w = 256, .box_w = 16, .box_h = 15, .ofs_x = 0, .ofs_y = -2},
    {.bitmap_index = 70076, .adv_w = 256, .box_w = 16, .box_h = 15, .ofs_x = 0, .ofs_y = -1},
    {.bitmap_index = 70165, .adv_w = 256, .box_w = 16, .box_h = 14, .ofs_x = 0, .ofs_y = -1},
    {.bitmap_index = 70244, .adv_w = 256, .box_w = 3, .box_h = 13, .ofs_x = 2, .ofs_y = -1},
    {.bitmap_index = 70263, .adv_w = 256, .box_w = 6, .box_h = 7, .ofs_x = 5, .ofs_y = 8},
    {.bitmap_index = 70284, .adv_w = 256, .box_w = 12, .box_h = 13, .ofs_x = 2, .ofs_y = 0},
    {.bitmap_index = 70353, .adv_w = 256, .box_w = 10, .box_h = 16, .ofs_x = 3, .ofs_y = -2},
    {.bitmap_index = 70420, .adv_w = 256, .box_w = 14, .box_h = 14, .ofs_x = 1, .ofs_y = -1},
    {.bitmap_index = 70516, .adv_w = 256, .box_w = 11, .box_h = 13, .ofs_x = 3, .ofs_y = -1},
    {.bitmap_index = 70581, .adv_w = 256, .box_w = 2, .box_h = 7, .ofs_x = 7, .ofs_y = 8},
    {.bitmap_index = 70589, .adv_w = 256, .box_w = 5, .box_h = 16, .ofs_x = 11, .ofs_y = -2},
    {.bitmap_index = 70627, .adv_w = 256, .box_w = 5, .box_h = 16, .ofs_x = 0, .ofs_y = -2},
    {.bitmap_index = 70665, .adv_w = 256, .box_w = 12, .box_h = 14, .ofs_x = 2, .ofs_y = -1},
    {.bitmap_index = 70730, .adv_w = 256, .box_w = 12, .box_h = 12, .ofs_x = 2, .ofs_y = 0},
    {.bitmap_index = 70758, .adv_w = 256, .box_w = 4, .box_h = 6, .ofs_x = 2, .ofs_y = -2},
    {.bitmap_index = 70770, .adv_w = 256, .box_w = 12, .box_h = 2, .ofs_x = 2, .ofs_y = 5},
    {.bitmap_index = 70777, .adv_w = 256, .box_w = 4, .box_h = 3, .ofs_x = 2, .ofs_y = 0},
    {.bitmap_index = 70783, .adv_w = 256, .box_w = 16, .box_h = 16, .ofs_x = 0, .ofs_y = -2},
    {.bitmap_index = 70856, .adv_w = 256, .box_w = 10, .box_h = 13, .ofs_x = 3, .ofs_y = -1},
    {.bitmap_index = 70916, .adv_w = 256, .box_w = 10, .box_h = 12, .ofs_x = 3, .ofs_y = 0},
    {.bitmap_index = 70939, .adv_w = 256, .box_w = 10, .box_h = 12, .ofs_x = 3, .ofs_y = 0},
    {.bitmap_index = 70990, .adv_w = 256, .box_w = 9, .box_h = 13, .ofs_x = 3, .ofs_y = -1},
    {.bitmap_index = 71044, .adv_w = 256, .box_w = 10, .box_h = 13, .ofs_x = 3, .ofs_y = -1},
    {.bitmap_index = 71088, .adv_w = 256, .box_w = 10, .box_h = 13, .ofs_x = 3, .ofs_y = -1},
    {.bitmap_index = 71143, .adv_w = 256, .box_w = 10, .box_h = 13, .ofs_x = 3, .ofs_y = -1},
    {.bitmap_index = 71206, .adv_w = 256, .box_w = 10, .box_h = 12, .ofs_x = 3, .ofs_y = 0},
    {.bitmap_index = 71246, .adv_w = 256, .box_w = 10, .box_h = 13, .ofs_x = 3, .ofs_y = -1},
    {.bitmap_index = 71310, .adv_w = 256, .box_w = 10, .box_h = 13, .ofs_x = 3, .ofs_y = -1},
    {.bitmap_index = 71370, .adv_w = 256, .box_w = 4, .box_h = 12, .ofs_x = 2, .ofs_y = -1},
    {.bitmap_index = 71391, .adv_w = 256, .box_w = 4, .box_h = 14, .ofs_x = 2, .ofs_y = -3},
    {.bitmap_index = 71417, .adv_w = 256, .box_w = 14, .box_h = 14, .ofs_x = 1, .ofs_y = -1},
    {.bitmap_index = 71477, .adv_w = 256, .box_w = 12, .box_h = 6, .ofs_x = 2, .ofs_y = 3},
    {.bitmap_index = 71496, .adv_w = 256, .box_w = 14, .box_h = 14, .ofs_x = 1, .ofs_y = -1},
    {.bitmap_index = 71557, .adv_w = 256, .box_w = 8, .box_h = 14, .ofs_x = 0, .ofs_y = -1},
    {.bitmap_index = 71603, .adv_w = 256, .box_w = 14, .box_h = 14, .ofs_x = 1, .ofs_y = -1},
    {.bitmap_index = 71697, .adv_w = 256, .box_w = 12, .box_h = 12, .ofs_x = 2, .ofs_y = 0},
    {.bitmap_index = 71755, .adv_w = 256, .box_w = 11, .box_h = 12, .ofs_x = 3, .ofs_y = 0},
    {.bitmap_index = 71807, .adv_w = 256, .box_w = 11, .box_h = 13, .ofs_x = 3, .ofs_y = -1},
    {.bitmap_index = 71866, .adv_w = 256, .box_w = 11, .box_h = 12, .ofs_x = 3, .ofs_y = 0},
    {.bitmap_index = 71913, .adv_w = 256, .box_w = 9, .box_h = 12, .ofs_x = 4, .ofs_y = 0},
    {.bitmap_index = 71942, .adv_w = 256, .box_w = 9, .box_h = 12, .ofs_x = 4, .ofs_y = 0},
    {.bitmap_index = 71971, .adv_w = 256, .box_w = 11, .box_h = 13, .ofs_x = 2, .ofs_y = -1},
    {.bitmap_index = 72036, .adv_w = 256, .box_w = 10, .box_h = 12, .ofs_x = 3, .ofs_y = 0},
    {.bitmap_index = 72060, .adv_w = 256, .box_w = 10, .box_h = 12, .ofs_x = 3, .ofs_y = 0},
    {.bitmap_index = 72084, .adv_w = 256, .box_w = 9, .box_h = 13, .ofs_x = 3, .ofs_y = -1},
    {.bitmap_index = 72112, .adv_w = 256, .box_w = 11, .box_h = 12, .ofs_x = 3, .ofs_y = 0},
    {.bitmap_index = 72163, .adv_w = 256, .box_w = 9, .box_h = 12, .ofs_x = 4, .ofs_y = 0},
    {.bitmap_index = 72179, .adv_w = 256, .box_w = 12, .box_h = 12, .ofs_x = 2, .ofs_y = 0},
    {.bitmap_index = 72235, .adv_w = 256, .box_w = 10, .box_h = 12, .ofs_x = 3, .ofs_y = 0},
    {.bitmap_index = 72277, .adv_w = 256, .box_w = 12, .box_h = 13, .ofs_x = 2, .ofs_y = -1},
    {.bitmap_index = 72345, .adv_w = 256, .box_w = 9, .box_h = 12, .ofs_x = 4, .ofs_y = 0},
    {.bitmap_index = 72385, .adv_w = 256, .box_w = 13, .box_h = 15, .ofs_x = 2, .ofs_y = -3},
    {.bitmap_index = 72467, .adv_w = 256, .box_w = 10, .box_h = 12, .ofs_x = 4, .ofs_y = 0},
    {.bitmap_index = 72519, .adv_w = 256, .box_w = 10, .box_h = 13, .ofs_x = 3, .ofs_y = -1},
    {.bitmap_index = 72578, .adv_w = 256, .box_w = 10, .box_h = 12, .ofs_x = 3, .ofs_y = 0},
    {.bitmap_index = 72597, .adv_w = 256, .box_w = 10, .box_h = 13, .ofs_x = 3, .ofs_y = -1},
    {.bitmap_index = 72633, .adv_w = 256, .box_w = 12, .box_h = 12, .ofs_x = 2, .ofs_y = 0},
    {.bitmap_index = 72692, .adv_w = 256, .box_w = 16, .box_h = 12, .ofs_x = 0, .ofs_y = 0},
    {.bitmap_index = 72781, .adv_w = 256, .box_w = 10, .box_h = 12, .ofs_x = 3, .ofs_y = 0},
    {.bitmap_index = 72834, .adv_w = 256, .box_w = 10, .box_h = 12, .ofs_x = 3, .ofs_y = 0},
    {.bitmap_index = 72875, .adv_w = 256, .box_w = 10, .box_h = 12, .ofs_x = 3, .ofs_y = 0},
    {.bitmap_index = 72919, .adv_w = 256, .box_w = 5, .box_h = 14, .ofs_x = 11, .ofs_y = -1},
    {.bitmap_index = 72930, .adv_w = 256, .box_w = 16, .box_h = 16, .ofs_x = 0, .ofs_y = -2},
    {.bitmap_index = 73007, .adv_w = 256, .box_w = 5, .box_h = 14, .ofs_x = 0, .ofs_y = -1},
    {.bitmap_index = 73018, .adv_w = 256, .box_w = 6, .box_h = 4, .ofs_x = 5, .ofs_y = 12},
    {.bitmap_index = 73029, .adv_w = 256, .box_w = 16, .box_h = 1, .ofs_x = 0, .ofs_y = -2},
    {.bitmap_index = 73033, .adv_w = 256, .box_w = 4, .box_h = 4, .ofs_x = 5, .ofs_y = 12},
    {.bitmap_index = 73041, .adv_w = 256, .box_w = 8, .box_h = 10, .ofs_x = 4, .ofs_y = -1},
    {.bitmap_index = 73081, .adv_w = 256, .box_w = 9, .box_h = 14, .ofs_x = 4, .ofs_y = -1},
    {.bitmap_index = 73126, .adv_w = 256, .box_w = 9, .box_h = 10, .ofs_x = 4, .ofs_y = -1},
    {.bitmap_index = 73167, .adv_w = 256, .box_w = 9, .box_h = 14, .ofs_x = 3, .ofs_y = -1},
    {.bitmap_index = 73212, .adv_w = 256, .box_w = 10, .box_h = 10, .ofs_x = 3, .ofs_y = -1},
    {.bitmap_index = 73258, .adv_w = 256, .box_w = 9, .box_h = 13, .ofs_x = 4, .ofs_y = 0},
    {.bitmap_index = 73293, .adv_w = 256, .box_w = 10, .box_h = 14, .ofs_x = 3, .ofs_y = -4},
    {.bitmap_index = 73358, .adv_w = 256, .box_w = 8, .box_h = 13, .ofs_x = 4, .ofs_y = 0},
    {.bitmap_index = 73386, .adv_w = 256, .box_w = 3, .box_h = 13, .ofs_x = 7, .ofs_y = 0},
    {.bitmap_index = 73398, .adv_w = 256, .box_w = 9, .box_h = 13, .ofs_x = 4, .ofs_y = 0},
    {.bitmap_index = 73435, .adv_w = 256, .box_w = 6, .box_h = 14, .ofs_x = 7, .ofs_y = -1},
    {.bitmap_index = 73451, .adv_w = 256, .box_w = 14, .box_h = 9, .ofs_x = 1, .ofs_y = 0},
    {.bitmap_index = 73486, .adv_w = 256, .box_w = 8, .box_h = 9, .ofs_x = 4, .ofs_y = 0},
    {.bitmap_index = 73505, .adv_w = 256, .box_w = 10, .box_h = 10, .ofs_x = 3, .ofs_y = -1},
    {.bitmap_index = 73553, .adv_w = 256, .box_w = 9, .box_h = 14, .ofs_x = 4, .ofs_y = -4},
    {.bitmap_index = 73602, .adv_w = 256, .box_w = 9, .box_h = 14, .ofs_x = 3, .ofs_y = -4},
    {.bitmap_index = 73650, .adv_w = 256, .box_w = 8, .box_h = 9, .ofs_x = 5, .ofs_y = 0},
    {.bitmap_index = 73669, .adv_w = 256, .box_w = 10, .box_h = 10, .ofs_x = 3, .ofs_y = -1},
    {.bitmap_index = 73717, .adv_w = 256, .box_w = 10, .box_h = 13, .ofs_x = 3, .ofs_y = -1},
    {.bitmap_index = 73758, .adv_w = 256, .box_w = 8, .box_h = 10, .ofs_x = 4, .ofs_y = -1},
    {.bitmap_index = 73786, .adv_w = 256, .box_w = 10, .box_h = 9, .ofs_x = 3, .ofs_y = 0},
    {.bitmap_index = 73827, .adv_w = 256, .box_w = 14, .box_h = 9, .ofs_x = 1, .ofs_y = 0},
    {.bitmap_index = 73890, .adv_w = 256, .box_w = 10, .box_h = 9, .ofs_x = 3, .ofs_y = 0},
    {.bitmap_index = 73932, .adv_w = 256, .box_w = 10, .box_h = 13, .ofs_x = 3, .ofs_y = -4},
    {.bitmap_index = 73987, .adv_w = 256, .box_w = 5, .box_h = 14, .ofs_x = 11, .ofs_y = -1},
    {.bitmap_index = 74019, .adv_w = 256, .box_w = 2, .box_h = 17, .ofs_x = 7, .ofs_y = -2},
    {.bitmap_index = 74026, .adv_w = 256, .box_w = 5, .box_h = 14, .ofs_x = 0, .ofs_y = -1},
    {.bitmap_index = 74058, .adv_w = 256, .box_w = 16, .box_h = 6, .ofs_x = 0, .ofs_y = 3}
};

/*---------------------
 *  CHARACTER MAPPING
 *--------------------*/

static const uint16_t unicode_list_1[] = {
    0x0, 0x27, 0x1f64, 0x1f68, 0x1f69, 0x1f6c, 0x1f6d, 0x2f51,
    0x2f52, 0x4d50, 0x4d57, 0x4d59, 0x4d5a, 0x4d5b, 0x4d5d, 0x4d5e,
    0x4d63, 0x4d64, 0x4d74, 0x4d7a, 0x4d7d, 0x4d80, 0x4d82, 0x4d8a,
    0x4d8b, 0x4d8e, 0x4d95, 0x4d98, 0x4d99, 0x4da0, 0x4dad, 0x4daf,
    0x4db0, 0x4db6, 0x4ddb, 0x4ddc, 0x4dde, 0x4de1, 0x4de4, 0x4deb,
    0x4dfc, 0x4dfe, 0x4e0a, 0x4e10, 0x4e15, 0x4e1a, 0x4e1e, 0x4e23,
    0x4e33, 0x4e34, 0x4e35, 0x4e46, 0x4e4d, 0x4e68, 0x4e6a, 0x4e70,
    0x4e80, 0x4e9d, 0x4e9f, 0x4ea3, 0x4ea9, 0x4eac, 0x4eb0, 0x4ecf,
    0x4edb, 0x4eeb, 0x4eed, 0x4ef7, 0x4f0f, 0x4f2d, 0x4f31, 0x4f62,
    0x4f8c, 0x4f9f, 0x4faa, 0x4fac, 0x4fb5, 0x4ff8, 0x501f, 0x5095,
    0x5098, 0x5099, 0x509b, 0x509d, 0x50b5, 0x50b8, 0x50bc, 0x50bd,
    0x50c1, 0x50c3, 0x50c6, 0x50c7, 0x50c8, 0x50d5, 0x50dd, 0x50e9,
    0x50f0, 0x5103, 0x5107, 0x5116, 0x511f, 0x5130, 0x514a, 0x514b,
    0x5156, 0x5157, 0x5162, 0x5167, 0x5169, 0x517b, 0x5180, 0x5186,
    0x5187, 0x518b, 0x519d, 0x51b9, 0x51bf, 0x51eb, 0x51ef, 0x51f0,
    0x51f1, 0x51f8, 0x51f9, 0x520f, 0x524e, 0x5250, 0x5255, 0x5266,
    0x5267, 0x5289, 0x528a, 0x5291, 0x529a, 0x529f, 0x52a5, 0x52b0,
    0x52b1, 0x52c3, 0x52c8, 0x52d6, 0x52db, 0x52ef, 0x530b, 0x5312,
    0x531a, 0x531c, 0x5321, 0x5326, 0x5328, 0x5330, 0x5333, 0x5336,
    0x533a, 0x533d, 0x533f, 0x5342, 0x5343, 0x5347, 0x5353, 0x5354,
    0x5358, 0x535c, 0x535d, 0x535e, 0x5361, 0x5367, 0x5376, 0x537b,
    0x537c, 0x537f, 0x5388, 0x53b8, 0x53cc, 0x53cd, 0x53dc, 0x541d,
    0x5474, 0x5496, 0x54d7, 0x55b8, 0x55ba, 0x561a, 0x562b, 0x562e,
    0x5630, 0x5644, 0x564a, 0x564d, 0x564e, 0x5656, 0x5678, 0x5680,
    0x5690, 0x5697, 0x56a0, 0x56a7, 0x56d2, 0x56db, 0x571e, 0x574a,
    0x57ae, 0x57bb, 0x57d3, 0x57ee, 0x5811, 0x5840, 0x5854, 0x5857,
    0x585d, 0x5866, 0x586a, 0x586f, 0x5877, 0x5879, 0x587a, 0x587e,
    0x5884, 0x5889, 0x58a7, 0x58cd, 0x58d2, 0x591b, 0x5aa0, 0x5aa7,
    0x5aa8, 0x5ab6, 0x5adc, 0x5ae8, 0x5aea, 0x5aee, 0x5afb, 0x5b06,
    0x5b09, 0x5b0d, 0x5b14, 0x5b1c, 0x5b48, 0x5b49, 0x5b4c, 0x5b51,
    0x5b54, 0x5b56, 0x5b5f, 0x5b61, 0x5b81, 0x5b8a, 0x5b90, 0x5b92,
    0x5b95, 0x5b9f, 0x5ba5, 0x5bae, 0x5bc1, 0x5c40, 0x5c9c, 0x5d35,
    0x5d36, 0x5d42, 0x5d44, 0x5d52, 0x5d53, 0x5d76, 0x5d77, 0x5d7e,
    0x5d88, 0x5d95, 0x5da5, 0x5dc3, 0x5dc4, 0x5dc6, 0x5ddf, 0x5de3,
    0x5de4, 0x5de5, 0x5de7, 0x5df6, 0x5e07, 0x5e4a, 0x5e50, 0x5e5f,
    0x5e65, 0x5e70, 0x5e8a, 0x5ea3, 0x5ea5, 0x5eb2, 0x5eb9, 0x5ec1,
    0x5ed4, 0x5ed5, 0x5ed8, 0x5ee7, 0x5efa, 0x5efe, 0x5f07, 0x5f13,
    0x5f15, 0x5f3b, 0x5f51, 0x5f5e, 0x5f6d, 0x5f77, 0x5f8b, 0x5fbf,
    0x5ffc, 0x6015, 0x6030, 0x603f, 0x6043, 0x605f, 0x606f, 0x6160,
    0x6161, 0x6166, 0x6183, 0x6187, 0x6190, 0x619b, 0x61a3, 0x61ab,
    0x61bc, 0x61c9, 0x61da, 0x61e3, 0x61e7, 0x61f5, 0x6219, 0x6226,
    0x622f, 0x6239, 0x624d, 0x624e, 0x6251, 0x6252, 0x6257, 0x6259,
    0x62b2, 0x62be, 0x62e2, 0x62f5, 0x62f7, 0x62f8, 0x631f, 0x6320,
    0x636c, 0x637d, 0x63fd, 0x641d, 0x641e, 0x647f, 0x6486, 0x6489,
    0x648e, 0x6498, 0x64c0, 0x64c4, 0x64d7, 0x6500, 0x6509, 0x6530,
    0x6535, 0x6546, 0x655e, 0x6563, 0x656f, 0x6570, 0x657f, 0x658e,
    0x65be, 0x65bf, 0x65c0, 0x65c4, 0x65ca, 0x65d2, 0x6642, 0x6644,
    0x664f, 0x6650, 0x6658, 0x6659, 0x665d, 0x666f, 0x667a, 0x667c,
    0x667f, 0x668a, 0x6692, 0x66b0, 0x66b1, 0x66b5, 0x66cf, 0x66d4,
    0x66e0, 0x66ea, 0x66ec, 0x6706, 0x6723, 0x6735, 0x6741, 0x6757,
    0x6758, 0x675f, 0x6787, 0x6788, 0x6789, 0x678c, 0x6796, 0x6798,
    0x67b3, 0x6810, 0x68c7, 0x6971, 0x697a, 0x69a9, 0x6a71, 0x6a9c,
    0x6ab3, 0x6ab5, 0x6b05, 0x6b1f, 0x6b24, 0x6b64, 0x6b84, 0x6b92,
    0x6b97, 0x6b99, 0x6bb0, 0x6c25, 0x6c31, 0x6c32, 0x6c38, 0x6c4c,
    0x6c8b, 0x6c91, 0x6c9b, 0x6cbe, 0x6cc7, 0x6cd8, 0x6cd9, 0x6d41,
    0x6d55, 0x6d60, 0x6d79, 0x6d82, 0x6da6, 0x6de0, 0x6e21, 0x6e2a,
    0x6e31, 0x6fbb, 0x6fbf, 0x6fc0, 0x6fc5, 0x7009, 0x703d, 0x7080,
    0x7197, 0x7198, 0x71a9, 0x7206, 0x723c, 0x72d7, 0x72ff, 0x7300,
    0x7353, 0x7356, 0x746f, 0x7478, 0x7485, 0x748b, 0x749c, 0x74a9,
    0x74b5, 0x74ba, 0x75cd, 0x75ce, 0x75d4, 0x761a, 0x7628, 0x763e,
    0x7644, 0x7648, 0x7651, 0x765b, 0x766f, 0x768c, 0x7732, 0x7735,
    0x7739, 0x7751, 0x7790, 0x77bc, 0x77be, 0x788a, 0x790b, 0x791d,
    0x7921, 0x7922, 0x793f, 0x795b, 0x79ca, 0x79e7, 0x7a26, 0x7a3f,
    0x7a76, 0x7a7c, 0x7a99, 0x7ace, 0x7ad0, 0x7ae7, 0x7af1, 0x7afd,
    0x7bcb, 0x7bd9, 0x7be7, 0x7c0e, 0x7c4b, 0x7c70, 0x7c72, 0x7c77,
    0x7c7b, 0x7d91, 0x7df2, 0x7df6, 0x7df7, 0x7dfc, 0x7dff, 0x7e03,
    0x7e05, 0x7e08, 0x7e0f, 0x7e14, 0x7e16, 0x7e1f, 0x7e23, 0x7e28,
    0x7e29, 0x7e2c, 0x7e2f, 0x7e3d, 0x7e4f, 0x7e50, 0x7e63, 0x7e66,
    0x7e79, 0x7e8a, 0x7ea1, 0x7ebe, 0x7f53, 0x7f55, 0x7f5c, 0x7f67,
    0x7f96, 0x7fa4, 0x801c, 0x8046, 0x804d, 0x8059, 0x80ce, 0x813a,
    0x8143, 0x8144, 0x817a, 0x817c, 0x81c2, 0x81ca, 0x81d2, 0x8235,
    0x8241, 0x8253, 0x8254, 0x82a0, 0x8307, 0x832c, 0x838d, 0x842d,
    0x879c, 0x87b8, 0x87fb, 0x8811, 0x8849, 0x88d1, 0x8911, 0x8914,
    0x8918, 0x8922, 0x8933, 0x8936, 0x8950, 0x8af1, 0x8af4, 0x8afe,
    0x8aff, 0x8b00, 0x8b0e, 0x8b0f, 0x8b11, 0x8b16, 0x8b21, 0x8b2d,
    0x8b35, 0x8b36, 0x8b3d, 0x8b44, 0x8b47, 0x8b4b, 0x8b53, 0x8c84,
    0x8c89, 0x8c94, 0x8ca6, 0x8cc0, 0x8cc7, 0x8cdb, 0x8d21, 0x8d2d,
    0x8d3f, 0x8d43, 0x8eb8, 0x8ebc, 0x8ebe, 0x8ebf, 0x8ecb, 0x8ecd,
    0x8ed5, 0x8ee1, 0x8ee3, 0x8ef8, 0x8f09, 0x8f17, 0x8f20, 0x8f21,
    0x8f24, 0x8f28, 0x8f29, 0x8f2b, 0x8f2e, 0x8f40, 0x8f49, 0x8f51,
    0x8f52, 0x8f56, 0x8f59, 0x8f5f, 0x8f60, 0x8f62, 0x8f64, 0x8f6a,
    0x8f6f, 0x8f70, 0x8f8b, 0x8fa3, 0x8fb5, 0x8fcf, 0x9038, 0x904d,
    0x909d, 0x90e2, 0x9117, 0x911c, 0x911d, 0x911f, 0x93d8, 0x93ef,
    0x93fe, 0x944a, 0x944e, 0x947e, 0x947f, 0x94cf, 0x953a, 0x953e,
    0x9544, 0x9555, 0x9558, 0x9583, 0x9584, 0x9585, 0x9586, 0x958f,
    0x9594, 0x9595, 0x959d, 0x95b4, 0x95df, 0x95e4, 0x9616, 0x9638,
    0x963a, 0x9647, 0x964e, 0x9650, 0x966c, 0x966e, 0x968e, 0x96ae,
    0x96b0, 0x96b2, 0x96db, 0x9743, 0x97c5, 0x97c6, 0x97c9, 0x97ca,
    0x97cb, 0x97d4, 0x97e1, 0x97e8, 0x97ec, 0x97ed, 0x981e, 0x982e,
    0x98e6, 0x99c1, 0x99cc, 0x99dc, 0x99f4, 0x9a28, 0x9dac, 0x9df6,
    0x9e14, 0x9e21, 0x9e28, 0x9ea0, 0x9ecf
};

/*Collect the unicode lists and glyph_id offsets*/
static const lv_font_fmt_txt_cmap_t cmaps[] =
{
    {
        .range_start = 32, .range_length = 95, .glyph_id_start = 1,
        .unicode_list = NULL, .glyph_id_ofs_list = NULL, .list_length = 0, .type = LV_FONT_FMT_TXT_CMAP_FORMAT0_TINY
    },
    {
        .range_start = 176, .range_length = 40656, .glyph_id_start = 96,
        .unicode_list = unicode_list_1, .glyph_id_ofs_list = NULL, .list_length = 725, .type = LV_FONT_FMT_TXT_CMAP_SPARSE_TINY
    },
    {
        .range_start = 65281, .range_length = 73, .glyph_id_start = 821,
        .unicode_list = NULL, .glyph_id_ofs_list = NULL, .list_length = 0, .type = LV_FONT_FMT_TXT_CMAP_FORMAT0_TINY
    },
    {
        .range_start = 65355, .range_length = 15, .glyph_id_start = 894,
        .unicode_list = NULL, .glyph_id_ofs_list = NULL, .list_length = 0, .type = LV_FONT_FMT_TXT_CMAP_FORMAT0_TINY
    },
    {
        .range_start = 65371, .range_length = 4, .glyph_id_start = 909,
        .unicode_list = NULL, .glyph_id_ofs_list = NULL, .list_length = 0, .type = LV_FONT_FMT_TXT_CMAP_FORMAT0_TINY
    }
};

/*-----------------
 *    KERNING
 *----------------*/


/*Map glyph_ids to kern left classes*/
static const uint8_t kern_left_class_mapping[] =
{
    0, 0, 0, 1, 0, 0, 0, 0,
    1, 2, 0, 0, 0, 3, 4, 3,
    5, 0, 0, 0, 0, 0, 0, 0,
    0, 0, 0, 6, 6, 0, 0, 0,
    0, 0, 7, 8, 9, 10, 11, 12,
    13, 0, 0, 14, 15, 16, 0, 0,
    10, 17, 10, 18, 19, 20, 21, 22,
    23, 24, 25, 26, 2, 27, 0, 0,
    0, 0, 28, 29, 30, 0, 31, 32,
    33, 34, 0, 0, 35, 36, 34, 34,
    29, 29, 37, 38, 39, 40, 37, 41,
    42, 43, 44, 45, 2, 0, 0, 0,
    0, 0, 4, 0, 0, 0, 0, 0,
    0, 0, 0, 0, 0, 0, 0, 0,
    0, 0, 0, 0, 0, 0, 0, 0,
    0, 0, 0, 0, 0, 0, 0, 0,
    0, 0, 0, 0, 0, 0, 0, 0,
    0, 0, 0, 0, 0, 0, 0, 0,
    0, 0, 0, 0, 0, 0, 0, 0,
    0, 0, 0, 0, 0, 0, 0, 0,
    0, 0, 0, 0, 0, 0, 0, 0,
    0, 0, 0, 0, 0, 0, 0, 0,
    0, 0, 0, 0, 0, 0, 0, 0,
    0, 0, 0, 0, 0, 0, 0, 0,
    0, 0, 0, 0, 0, 0, 0, 0,
    0, 0, 0, 0, 0, 0, 0, 0,
    0, 0, 0, 0, 0, 0, 0, 0,
    0, 0, 0, 0, 0, 0, 0, 0,
    0, 0, 0, 0, 0, 0, 0, 0,
    0, 0, 0, 0, 0, 0, 0, 0,
    0, 0, 0, 0, 0, 0, 0, 0,
    0, 0, 0, 0, 0, 0, 0, 0,
    0, 0, 0, 0, 0, 0, 0, 0,
    0, 0, 0, 0, 0, 0, 0, 0,
    0, 0, 0, 0, 0, 0, 0, 0,
    0, 0, 0, 0, 0, 0, 0, 0,
    0, 0, 0, 0, 0, 0, 0, 0,
    0, 0, 0, 0, 0, 0, 0, 0,
    0, 0, 0, 0, 0, 0, 0, 0,
    0, 0, 0, 0, 0, 0, 0, 0,
    0, 0, 0, 0, 0, 0, 0, 0,
    0, 0, 0, 0, 0, 0, 0, 0,
    0, 0, 0, 0, 0, 0, 0, 0,
    0, 0, 0, 0, 0, 0, 0, 0,
    0, 0, 0, 0, 0, 0, 0, 0,
    0, 0, 0, 0, 0, 0, 0, 0,
    0, 0, 0, 0, 0, 0, 0, 0,
    0, 0, 0, 0, 0, 0, 0, 0,
    0, 0, 0, 0, 0, 0, 0, 0,
    0, 0, 0, 0, 0, 0, 0, 0,
    0, 0, 0, 0, 0, 0, 0, 0,
    0, 0, 0, 0, 0, 0, 0, 0,
    0, 0, 0, 0, 0, 0, 0, 0,
    0, 0, 0, 0, 0, 0, 0, 0,
    0, 0, 0, 0, 0, 0, 0, 0,
    0, 0, 0, 0, 0, 0, 0, 0,
    0, 0, 0, 0, 0, 0, 0, 0,
    0, 0, 0, 0, 0, 0, 0, 0,
    0, 0, 0, 0, 0, 0, 0, 0,
    0, 0, 0, 0, 0, 0, 0, 0,
    0, 0, 0, 0, 0, 0, 0, 0,
    0, 0, 0, 0, 0, 0, 0, 0,
    0, 0, 0, 0, 0, 0, 0, 0,
    0, 0, 0, 0, 0, 0, 0, 0,
    0, 0, 0, 0, 0, 0, 0, 0,
    0, 0, 0, 0, 0, 0, 0, 0,
    0, 0, 0, 0, 0, 0, 0, 0,
    0, 0, 0, 0, 0, 0, 0, 0,
    0, 0, 0, 0, 0, 0, 0, 0,
    0, 0, 0, 0, 0, 0, 0, 0,
    0, 0, 0, 0, 0, 0, 0, 0,
    0, 0, 0, 0, 0, 0, 0, 0,
    0, 0, 0, 0, 0, 0, 0, 0,
    0, 0, 0, 0, 0, 0, 0, 0,
    0, 0, 0, 0, 0, 0, 0, 0,
    0, 0, 0, 0, 0, 0, 0, 0,
    0, 0, 0, 0, 0, 0, 0, 0,
    0, 0, 0, 0, 0, 0, 0, 0,
    0, 0, 0, 0, 0, 0, 0, 0,
    0, 0, 0, 0, 0, 0, 0, 0,
    0, 0, 0, 0, 0, 0, 0, 0,
    0, 0, 0, 0, 0, 0, 0, 0,
    0, 0, 0, 0, 0, 0, 0, 0,
    0, 0, 0, 0, 0, 0, 0, 0,
    0, 0, 0, 0, 0, 0, 0, 0,
    0, 0, 0, 0, 0, 0, 0, 0,
    0, 0, 0, 0, 0, 0, 0, 0,
    0, 0, 0, 0, 0, 0, 0, 0,
    0, 0, 0, 0, 0, 0, 0, 0,
    0, 0, 0, 0, 0, 0, 0, 0,
    0, 0, 0, 0, 0, 0, 0, 0,
    0, 0, 0, 0, 0, 0, 0, 0,
    0, 0, 0, 0, 0, 0, 0, 0,
    0, 0, 0, 0, 0, 0, 0, 0,
    0, 0, 0, 0, 0, 0, 0, 0,
    0, 0, 0, 0, 0, 0, 0, 0,
    0, 0, 0, 0, 0, 0, 0, 0,
    0, 0, 0, 0, 0, 0, 0, 0,
    0, 0, 0, 0, 0, 0, 0, 0,
    0, 0, 0, 0, 0, 0, 0, 0,
    0, 0, 0, 0, 0, 0, 0, 0,
    0, 0, 0, 0, 0, 0, 0, 0,
    0, 0, 0, 0, 0, 0, 0, 0,
    0, 0, 0, 0, 0, 0, 0, 0,
    0, 0, 0, 0, 0, 0, 0, 0,
    0, 0, 0, 0, 0, 0, 0, 0,
    0, 0, 0, 0, 0, 0, 0, 0,
    0, 0, 0, 0, 0, 0, 0, 0,
    0, 0, 0, 0, 0, 0, 0, 0,
    0, 0, 0, 0, 0, 0, 0, 0,
    0, 0, 0, 0, 0, 0, 0, 0,
    0, 0, 0, 0, 0, 0, 0, 0,
    0, 0, 0, 0, 0, 0, 0, 0,
    0, 0, 0, 0, 0, 0, 0, 0,
    0
};

/*Map glyph_ids to kern right classes*/
static const uint8_t kern_right_class_mapping[] =
{
    0, 0, 1, 2, 0, 0, 0, 0,
    2, 0, 3, 4, 0, 5, 6, 7,
    8, 0, 0, 0, 0, 0, 0, 0,
    0, 0, 0, 9, 10, 0, 0, 0,
    11, 0, 12, 0, 13, 0, 0, 0,
    13, 0, 0, 14, 0, 0, 0, 0,
    13, 0, 13, 0, 15, 16, 17, 18,
    19, 20, 21, 22, 0, 23, 3, 0,
    0, 0, 24, 0, 25, 25, 25, 26,
    27, 0, 28, 29, 0, 0, 30, 30,
    25, 30, 25, 30, 31, 32, 33, 34,
    35, 36, 37, 38, 0, 0, 3, 0,
    0, 0, 6, 0, 0, 0, 0, 0,
    0, 0, 0, 0, 0, 0, 0, 0,
    0, 0, 0, 0, 0, 0, 0, 0,
    0, 0, 0, 0, 0, 0, 0, 0,
    0, 0, 0, 0, 0, 0, 0, 0,
    0, 0, 0, 0, 0, 0, 0, 0,
    0, 0, 0, 0, 0, 0, 0, 0,
    0, 0, 0, 0, 0, 0, 0, 0,
    0, 0, 0, 0, 0, 0, 0, 0,
    0, 0, 0, 0, 0, 0, 0, 0,
    0, 0, 0, 0, 0, 0, 0, 0,
    0, 0, 0, 0, 0, 0, 0, 0,
    0, 0, 0, 0, 0, 0, 0, 0,
    0, 0, 0, 0, 0, 0, 0, 0,
    0, 0, 0, 0, 0, 0, 0, 0,
    0, 0, 0, 0, 0, 0, 0, 0,
    0, 0, 0, 0, 0, 0, 0, 0,
    0, 0, 0, 0, 0, 0, 0, 0,
    0, 0, 0, 0, 0, 0, 0, 0,
    0, 0, 0, 0, 0, 0, 0, 0,
    0, 0, 0, 0, 0, 0, 0, 0,
    0, 0, 0, 0, 0, 0, 0, 0,
    0, 0, 0, 0, 0, 0, 0, 0,
    0, 0, 0, 0, 0, 0, 0, 0,
    0, 0, 0, 0, 0, 0, 0, 0,
    0, 0, 0, 0, 0, 0, 0, 0,
    0, 0, 0, 0, 0, 0, 0, 0,
    0, 0, 0, 0, 0, 0, 0, 0,
    0, 0, 0, 0, 0, 0, 0, 0,
    0, 0, 0, 0, 0, 0, 0, 0,
    0, 0, 0, 0, 0, 0, 0, 0,
    0, 0, 0, 0, 0, 0, 0, 0,
    0, 0, 0, 0, 0, 0, 0, 0,
    0, 0, 0, 0, 0, 0, 0, 0,
    0, 0, 0, 0, 0, 0, 0, 0,
    0, 0, 0, 0, 0, 0, 0, 0,
    0, 0, 0, 0, 0, 0, 0, 0,
    0, 0, 0, 0, 0, 0, 0, 0,
    0, 0, 0, 0, 0, 0, 0, 0,
    0, 0, 0, 0, 0, 0, 0, 0,
    0, 0, 0, 0, 0, 0, 0, 0,
    0, 0, 0, 0, 0, 0, 0, 0,
    0, 0, 0, 0, 0, 0, 0, 0,
    0, 0, 0, 0, 0, 0, 0, 0,
    0, 0, 0, 0, 0, 0, 0, 0,
    0, 0, 0, 0, 0, 0, 0, 0,
    0, 0, 0, 0, 0, 0, 0, 0,
    0, 0, 0, 0, 0, 0, 0, 0,
    0, 0, 0, 0, 0, 0, 0, 0,
    0, 0, 0, 0, 0, 0, 0, 0,
    0, 0, 0, 0, 0, 0, 0, 0,
    0, 0, 0, 0, 0, 0, 0, 0,
    0, 0, 0, 0, 0, 0, 0, 0,
    0, 0, 0, 0, 0, 0, 0, 0,
    0, 0, 0, 0, 0, 0, 0, 0,
    0, 0, 0, 0, 0, 0, 0, 0,
    0, 0, 0, 0, 0, 0, 0, 0,
    0, 0, 0, 0, 0, 0, 0, 0,
    0, 0, 0, 0, 0, 0, 0, 0,
    0, 0, 0, 0, 0, 0, 0, 0,
    0, 0, 0, 0, 0, 0, 0, 0,
    0, 0, 0, 0, 0, 0, 0, 0,
    0, 0, 0, 0, 0, 0, 0, 0,
    0, 0, 0, 0, 0, 0, 0, 0,
    0, 0, 0, 0, 0, 0, 0, 0,
    0, 0, 0, 0, 0, 0, 0, 0,
    0, 0, 0, 0, 0, 0, 0, 0,
    0, 0, 0, 0, 0, 0, 0, 0,
    0, 0, 0, 0, 0, 0, 0, 0,
    0, 0, 0, 0, 0, 0, 0, 0,
    0, 0, 0, 0, 0, 0, 0, 0,
    0, 0, 0, 0, 0, 0, 0, 0,
    0, 0, 0, 0, 0, 0, 0, 0,
    0, 0, 0, 0, 0, 0, 0, 0,
    0, 0, 0, 0, 0, 0, 0, 0,
    0, 0, 0, 0, 0, 0, 0, 0,
    0, 0, 0, 0, 0, 0, 0, 0,
    0, 0, 0, 0, 0, 0, 0, 0,
    0, 0, 0, 0, 0, 0, 0, 0,
    0, 0, 0, 0, 0, 0, 0, 0,
    0, 0, 0, 0, 0, 0, 0, 0,
    0, 0, 0, 0, 0, 0, 0, 0,
    0, 0, 0, 0, 0, 0, 0, 0,
    0, 0, 0, 0, 0, 0, 0, 0,
    0, 0, 0, 0, 0, 0, 0, 0,
    0, 0, 0, 0, 0, 0, 0, 0,
    0, 0, 0, 0, 0, 0, 0, 0,
    0, 0, 0, 0, 0, 0, 0, 0,
    0, 0, 0, 0, 0, 0, 0, 0,
    0, 0, 0, 0, 0, 0, 0, 0,
    0, 0, 0, 0, 0, 0, 0, 0,
    0, 0, 0, 0, 0, 0, 0, 0,
    0, 0, 0, 0, 0, 0, 0, 0,
    0, 0, 0, 0, 0, 0, 0, 0,
    0, 0, 0, 0, 0, 0, 0, 0,
    0, 0, 0, 0, 0, 0, 0, 0,
    0, 0, 0, 0, 0, 0, 0, 0,
    0, 0, 0, 0, 0, 0, 0, 0,
    0, 0, 0, 0, 0, 0, 0, 0,
    0, 0, 0, 0, 0, 0, 0, 0,
    0, 0, 0, 0, 0, 0, 0, 0,
    0, 0, 0, 0, 0, 0, 0, 0,
    0
};

/*Kern values between classes*/
static const int8_t kern_class_values[] =
{
    0, 0, 0, 0, -34, 0, -34, 0,
    0, 0, 0, -16, 0, -28, -4, 0,
    0, 0, 0, -4, 0, 0, 0, 0,
    -9, 0, 0, 0, 0, 0, -6, 0,
    0, 0, 0, 0, 0, 0, 0, 0,
    0, 0, 0, 0, 0, 0, 0, 0,
    0, 0, 0, -6, 0, 0, 0, 0,
    0, 0, 0, 0, 0, 0, 0, 0,
    0, 0, 22, 0, 0, 0, 0, 0,
    0, 0, 0, 0, 0, -28, 0, -40,
    0, 0, 0, 0, 0, 0, 0, 0,
    0, 0, 0, -29, -6, -19, -10, 0,
    -27, 0, 0, 0, -4, 0, 0, 0,
    7, 0, 0, -14, 0, -10, -7, 0,
    -6, 0, 0, 0, 0, 0, 0, 0,
    0, 0, 0, 0, 0, 0, 0, -6,
    -6, -14, 0, -6, -4, -8, -19, -6,
    0, 0, 0, 0, 0, 0, 0, 0,
    0, -8, 0, -3, 0, -5, 0, 0,
    0, 0, 0, 0, 0, 0, 0, 0,
    0, 0, 0, -12, -4, -24, 0, 0,
    0, 0, 0, 0, 0, 0, 0, -7,
    -10, 0, -4, 7, 7, 0, 0, 2,
    -6, 0, 0, 0, 0, 0, 0, 0,
    0, -15, 0, 0, 0, 0, 0, 0,
    0, 0, 0, 0, 0, 0, 0, 0,
    0, 0, -8, 0, 0, 0, 0, 0,
    0, 0, 0, 0, 0, 0, 0, 0,
    0, 0, 0, 0, 0, -16, 0, -28,
    0, 0, 0, 0, 0, 0, -8, -2,
    -4, 0, 0, -16, -5, -5, 0, 1,
    -5, -3, -12, 6, 0, -4, 0, 0,
    0, 0, 6, -5, -2, -3, -2, -2,
    -3, 0, 0, 0, 0, -9, 0, 0,
    0, 0, 0, 0, 0, 0, 0, -5,
    -5, -7, 0, -2, -2, -2, -5, -2,
    0, 0, 0, 0, 0, 0, 0, 0,
    0, -4, 0, -5, -4, -4, -5, 0,
    0, 0, 0, 0, 0, -8, 0, 0,
    0, 0, 0, 0, -9, -4, -7, -6,
    -5, -2, -2, -2, -3, -4, 0, 0,
    0, 0, -6, 0, 0, 0, 0, -8,
    -4, -5, -4, 0, -5, 0, 0, 0,
    0, -10, 0, 0, 0, -6, 0, 0,
    0, -4, 0, -12, 0, -7, 0, -4,
    -2, -6, -6, -6, 0, 0, 0, 0,
    0, 0, 0, 0, 0, 0, 0, 0,
    0, -5, 0, -3, 0, 0, 0, 0,
    0, 0, 0, 0, 0, 0, 0, 0,
    0, 0, 0, 0, 0, 0, 0, 0,
    0, 0, 0, 0, -4, 0, 0, 0,
    0, 0, 0, -7, 0, -4, 0, -9,
    -4, 0, 0, 0, 0, 0, -21, 0,
    -21, -21, 0, 0, 0, -12, -4, -40,
    -6, 0, 0, 1, 1, -7, 0, -9,
    0, -10, -5, 0, -7, 0, 0, -6,
    -6, -4, -5, -6, -5, -8, -5, -9,
    0, 0, 0, -8, 0, 0, 0, 0,
    0, 0, 0, -2, 0, 0, 0, -6,
    0, -5, -2, 0, 0, 0, 0, 0,
    0, 0, 0, 0, 0, 0, 0, 0,
    0, 0, 0, 0, 0, 0, 0, 0,
    0, 0, -7, 0, -7, 0, 0, 0,
    0, 0, 0, -12, 0, 0, 0, 0,
    0, 0, 0, 0, 0, 0, 0, 0,
    0, 0, 0, 0, 0, 0, 0, 0,
    0, 0, 0, 0, 0, -7, 0, -12,
    0, -9, 0, 0, 0, 0, -3, -4,
    -6, 0, -3, -6, -5, -4, -4, 0,
    -5, 0, 0, 0, -3, 0, 0, 0,
    -4, 0, 0, -10, -5, -6, -5, -5,
    -6, -5, 0, -25, 0, -44, 0, -16,
    0, 0, 0, 0, -10, 0, -8, 0,
    -7, -35, -9, -23, -17, 0, -22, 0,
    -24, 0, -4, -5, -2, 0, 0, 0,
    0, -6, -4, -11, -10, 0, -11, 0,
    0, 0, 0, 0, -33, -10, -33, -23,
    0, 0, 0, -15, 0, -43, -4, -8,
    0, 0, 0, -7, -4, -24, 0, -13,
    -8, 0, -9, 0, 0, 0, -4, 0,
    0, 0, 0, -5, 0, -6, 0, 0,
    0, -4, 0, -9, 0, 0, 0, 0,
    0, -2, 0, -6, -5, -5, 0, 1,
    1, -2, -1, -4, 0, -2, -4, 0,
    -2, 0, 0, 0, 0, 0, 0, 0,
    0, -3, 0, -3, 0, 0, 0, -5,
    0, 3, 0, 0, 0, 0, 0, 0,
    0, -5, -5, -6, 0, 0, 0, 0,
    -5, 0, 0, 0, 0, 0, 0, 0,
    0, 0, 0, -7, 0, 0, 0, 0,
    0, -1, 0, 0, 0, 0, -31, -22,
    -31, -27, -6, -6, 0, -12, -7, -37,
    -12, 0, 0, 0, 0, -6, -5, -16,
    0, -22, -19, -6, -22, 0, 0, -14,
    -17, -6, -14, -10, -10, -12, -10, -22,
    0, 0, 0, 0, -5, 0, -5, -10,
    0, 0, 0, -5, 0, -14, -4, 0,
    0, -2, 0, -4, -5, 0, 0, -2,
    0, 0, -4, 0, 0, 0, -2, 0,
    0, 0, 0, -3, 0, 0, 0, 0,
    0, 0, -19, -6, -19, -14, 0, 0,
    0, -5, -4, -22, -4, 0, -4, 2,
    0, 0, 0, -6, 0, -7, -5, 0,
    -7, 0, 0, -6, -4, 0, -9, -3,
    -3, -5, -3, -8, 0, 0, 0, 0,
    -10, -4, -10, -9, 0, 0, 0, 0,
    -2, -20, -2, 0, 0, 0, 0, 0,
    0, -2, 0, -5, 0, 0, -4, 0,
    0, 0, 0, 0, 0, 0, 0, 0,
    0, -4, 0, -4, 0, -4, 0, -8,
    0, 0, 0, 0, 0, 0, -6, -1,
    -5, -6, -4, 0, 0, 0, 0, 0,
    0, -4, -3, -5, 0, 0, 0, 0,
    0, -5, -4, -5, -5, -4, -5, -5,
    0, 0, 0, 0, -26, -19, -26, -20,
    -8, -8, -3, -5, -5, -29, -5, -5,
    -4, 0, 0, 0, 0, -8, 0, -20,
    -13, 0, -18, 0, 0, -12, -13, -9,
    -10, -5, -7, -10, -5, -14, 0, 0,
    0, 0, 0, -10, 0, 0, 0, 0,
    0, -2, -6, -10, -9, 0, -4, -2,
    -2, 0, -5, -5, 0, -5, -7, -6,
    -5, 0, 0, 0, 0, -5, -7, -5,
    -5, -7, -5, 0, 0, 0, 0, 0,
    0, 0, 0, 0, 0, 0, 0, 0,
    0, 0, 0, -25, -9, -16, -9, 0,
    -22, 0, 0, 0, 0, 0, 9, 0,
    20, 0, 0, 0, 0, -6, -4, 0,
    3, 0, 0, 0, 0, -16, 0, 0,
    0, 0, 0, 0, -4, 0, 0, 0,
    0, -7, 0, -5, -2, 0, -7, 0,
    0, 0, 0, 0, 0, 0, 0, 0,
    0, -5, 0, 0, 0, 0, 0, 0,
    0, -9, 0, -8, -4, 1, -4, 0,
    0, 0, -4, 0, 0, 0, 0, -17,
    0, -6, 0, -2, -14, 0, -8, -5,
    0, -1, 0, 0, 0, 0, -1, -6,
    0, -2, -2, -6, -2, -2, 0, 0,
    0, 0, 0, -6, 0, 0, 0, 0,
    0, 0, 0, 0, 0, -6, 0, -5,
    0, 0, -7, 0, 0, -4, -7, 0,
    -4, 0, 0, 0, 0, -4, 0, 1,
    1, 2, 1, 0, 0, 0, 0, -10,
    0, 2, 0, 0, 0, 0, -3, 0,
    0, -6, -6, -7, 0, -5, -4, 0,
    -8, 0, -6, -5, 0, -1, -4, 0,
    0, 0, 0, -4, 0, 1, 1, -3,
    1, -1, 3, 11, 14, 0, -15, -5,
    -15, -5, 0, 0, 7, 0, 0, 0,
    0, 13, 0, 18, 13, 9, 16, 0,
    17, -6, -4, 0, -5, 0, -4, 0,
    -2, 0, 0, 3, 0, -2, 0, -5,
    0, 0, 3, -10, 0, 0, 0, 13,
    0, 0, -11, 0, 0, 0, 0, -8,
    0, 0, 0, 0, -5, 0, 0, -5,
    -5, 0, 0, 0, 10, 0, 0, 0,
    0, -2, -2, 0, 4, -5, 0, 0,
    0, -10, 0, 0, 0, 0, 0, 0,
    -3, 0, 0, 0, 0, -7, 0, -4,
    0, 0, -5, 0, 0, 0, 0, 0,
    0, 0, 0, 0, 0, 0, 0, 0,
    0, 0, 0, 0, 0, 0, 0, -7,
    3, -13, 3, 0, 3, 3, -4, 0,
    0, 0, 0, -10, 0, 0, 0, 0,
    -4, 0, 0, -4, -6, 0, -4, 0,
    -4, 0, 0, -7, -5, 0, 0, -3,
    0, -3, 0, 0, 0, 0, 0, 0,
    0, 0, 0, 0, 0, 0, 0, 0,
    0, 0, 0, 0, 0, 0, 0, 0,
    0, 0, 0, 0, 0, 0, 2, 0,
    0, 0, 0, 0, 0, 0, 0, 0,
    0, 0, 0, -8, 0, 0, 0, 0,
    0, 0, 0, 0, 0, 0, 0, -6,
    0, -5, 0, 0, -9, 0, 0, 0,
    0, 0, 0, 0, 0, 0, 0, 0,
    0, 0, 0, 0, 0, 0, 0, 0,
    0, 0, -16, -7, -16, -10, 7, 7,
    0, -5, 0, -16, 0, 0, 0, 0,
    0, 0, 0, -4, 3, -7, -4, 0,
    -4, 0, 0, 0, -2, 0, 0, 7,
    5, 0, 7, -2, 0, 0, 0, -15,
    0, 2, 0, 0, 0, 0, -4, 0,
    0, 0, 0, -7, 0, -4, 0, 0,
    -6, 0, 0, 0, 0, 0, 0, 0,
    0, 0, 0, -6, 0, 0, 0, 0,
    0, 0, 0, 0, 0, 0, 1, -8,
    1, 2, 3, 3, -8, 0, 0, 0,
    0, -5, 0, 0, 0, 0, -2, 0,
    0, -7, -5, 0, -4, 0, 0, 0,
    -4, -6, 0, 0, 0, -5, 0, 0,
    0, 0, 0, -4, -10, -3, -10, -6,
    0, 0, 0, -4, 0, -12, 0, -6,
    0, -3, 0, 0, -5, -4, 0, -6,
    -2, 0, 0, 0, -4, 0, 0, 0,
    0, 0, 0, 0, 0, -7, 0, 0,
    0, -4, -12, 0, -12, -3, 0, 0,
    0, -2, 0, -9, 0, -7, 0, -3,
    0, -5, -7, 0, 0, -4, -2, 0,
    0, 0, -4, 0, 0, 0, 0, 0,
    0, 0, 0, -6, -5, 0, 0, -7,
    1, -5, -3, 0, 0, 1, 0, 0,
    -4, 0, -2, -10, 0, -5, 0, -4,
    -10, 0, 0, -4, -6, 0, 0, 0,
    0, 0, 0, -7, 0, 0, 0, 0,
    -1, 0, 0, 0, 0, 0, -10, 0,
    -10, -5, 0, 0, 0, 0, 0, -12,
    0, -6, 0, -2, 0, -2, -3, 0,
    0, -6, -2, 0, 0, 0, -4, 0,
    0, 0, 0, 0, 0, -5, 0, -7,
    0, 0, 0, 0, 0, -5, 0, 0,
    0, 0, 0, 0, 0, 0, 0, -8,
    0, 0, 0, 0, -9, 0, 0, -7,
    -4, 0, -2, 0, 0, 0, 0, 0,
    -4, -2, 0, 0, -2, 0
};


/*Collect the kern class' data in one place*/
static const lv_font_fmt_txt_kern_classes_t kern_classes =
{
    .class_pair_values   = kern_class_values,
    .left_class_mapping  = kern_left_class_mapping,
    .right_class_mapping = kern_right_class_mapping,
    .left_class_cnt      = 45,
    .right_class_cnt     = 38,
};

/*--------------------
 *  ALL CUSTOM DATA
 *--------------------*/

#if LVGL_VERSION_MAJOR == 8
/*Store all the custom data of the font*/
static  lv_font_fmt_txt_glyph_cache_t cache;
#endif

#if LVGL_VERSION_MAJOR >= 8
static const lv_font_fmt_txt_dsc_t font_dsc = {
#else
static lv_font_fmt_txt_dsc_t font_dsc = {
#endif
    .glyph_bitmap = glyph_bitmap,
    .glyph_dsc = glyph_dsc,
    .cmaps = cmaps,
    .kern_dsc = &kern_classes,
    .kern_scale = 16,
    .cmap_num = 5,
    .bpp = 4,
    .kern_classes = 1,
    .bitmap_format = 1,
#if LVGL_VERSION_MAJOR == 8
    .cache = &cache
#endif
};



/*-----------------
 *  PUBLIC FONT
 *----------------*/

/*Initialize a public general font descriptor*/
#if LVGL_VERSION_MAJOR >= 8
const lv_font_t font_body_16 = {
#else
lv_font_t font_body_16 = {
#endif
    .get_glyph_dsc = lv_font_get_glyph_dsc_fmt_txt,    /*Function pointer to get glyph's data*/
    .get_glyph_bitmap = lv_font_get_bitmap_fmt_txt,    /*Function pointer to get glyph's bitmap*/
    .line_height = 21,          /*The maximum line height required by the font*/
    .base_line = 5,             /*Baseline measured from the bottom of the line*/
#if !(LVGL_VERSION_MAJOR == 6 && LVGL_VERSION_MINOR == 0)
    .subpx = LV_FONT_SUBPX_NONE,
#endif
#if LV_VERSION_CHECK(7, 4, 0) || LVGL_VERSION_MAJOR >= 8
    .underline_position = -2,
    .underline_thickness = 1,
#endif
    .dsc = &font_dsc,          /*The custom font data. Will be accessed by `get_glyph_bitmap/dsc` */
#if LV_VERSION_CHECK(8, 2, 0) || LVGL_VERSION_MAJOR >= 9
    .fallback = NULL,
#endif
    .user_data = NULL,
};



#endif /*#if FONT_BODY_16*/

