/*******************************************************************************
 * Size: 20 px
 * Bpp: 4
 * Opts: --font assets/fonts/noto-sans-sc-v40-chinese-simplified-500.ttf --bpp 4 --size 20 --range 0x20-0x7E,0x00B0,0x2014,0x2018-0x2019,0x201C-0x201D,0x2026,0x3001,0x3002,0x300A-0x300B,0xFF01-0xFF49,0xFF4B-0xFF59,0xFF5B-0xFF5E --symbols  #%()*+,-./0123456789:<=>ABCDEFGHILMNOPRSTUVWY\_`abcdefghiklmnopqrstuvwxy|°×–、。三不两个中为主么乐事二于云互交亮人什仅今以件任位低体何余作你侧值健元克全关内击分切列则刻剪副动化区单卡印参反变叠只可右各周四回图圆在块域声复多大天头好子字安容宽寸对小尺局层居屏山左已布帧帮幕序应底度康开弹强形径循心必态怎总息或所手拟指按换据接控收放效数文无日旧时星显景晴最月有本机标样格档模次正步每气水汇池波活消深渐温滑滴灰点照片版牙率环用电画白的盘目直眠睡示种秒第签箭粉系素紫红级统绿网置考聊背脚自色落蓝行表裁装规视觉角触计设调贴起超跑距身轴边返进连逐部金针钟钮链键闭间阴阵附集雨雪雷雾青静音页顶项顺须题风饰馈高麦黄黑齐！（），：；？ --no-compress --no-prefilter --format lvgl --lv-font-name ui_font_Title20 -o assets/fonts/ui_font_Title20.c
 ******************************************************************************/

#ifdef LV_LVGL_H_INCLUDE_SIMPLE
#include "lvgl.h"
#else
#include "lvgl/lvgl.h"
#endif

#ifndef UI_FONT_TITLE20
#define UI_FONT_TITLE20 1
#endif

#if UI_FONT_TITLE20

/*-----------------
 *    BITMAPS
 *----------------*/

/*Store the image of the glyphs*/
static LV_ATTRIBUTE_LARGE_CONST const uint8_t glyph_bitmap[] = {
    /* U+0020 " " */

    /* U+0021 "!" */
    0xb, 0xf9, 0xa, 0xf8, 0xa, 0xf8, 0x9, 0xf7,
    0x9, 0xf7, 0x8, 0xf6, 0x7, 0xf5, 0x7, 0xf5,
    0x6, 0xf4, 0x5, 0xf3, 0x0, 0x30, 0xc, 0xfa,
    0xf, 0xfe, 0x9, 0xf7,

    /* U+0022 "\"" */
    0x3f, 0xf2, 0xd, 0xf8, 0x2f, 0xf1, 0xc, 0xf8,
    0x2f, 0xf1, 0xb, 0xf7, 0xf, 0xf0, 0x9, 0xf5,
    0xe, 0xd0, 0x8, 0xf3, 0xc, 0xb0, 0x6, 0xf2,
    0x1, 0x10, 0x0, 0x20,

    /* U+0023 "#" */
    0x0, 0x4, 0xf2, 0x1, 0xf5, 0x0, 0x0, 0x7f,
    0x0, 0x4f, 0x20, 0x0, 0x9, 0xc0, 0x6, 0xf0,
    0x0, 0xcf, 0xff, 0xff, 0xff, 0xfb, 0x6, 0x8f,
    0xc8, 0x8d, 0xd8, 0x60, 0x0, 0xf6, 0x0, 0xca,
    0x0, 0x0, 0x1f, 0x40, 0xe, 0x80, 0x0, 0x3,
    0xf3, 0x0, 0xf6, 0x0, 0x3f, 0xff, 0xff, 0xff,
    0xff, 0x41, 0x8b, 0xf8, 0x8a, 0xf9, 0x82, 0x0,
    0x9d, 0x0, 0x6f, 0x10, 0x0, 0xb, 0xb0, 0x8,
    0xf0, 0x0, 0x0, 0xd9, 0x0, 0x9d, 0x0, 0x0,
    0xf, 0x70, 0xb, 0xb0, 0x0,

    /* U+0024 "$" */
    0x0, 0x0, 0x84, 0x0, 0x0, 0x0, 0x0, 0xf9,
    0x0, 0x0, 0x0, 0x0, 0xf9, 0x0, 0x0, 0x0,
    0x6d, 0xff, 0xb4, 0x0, 0x9, 0xff, 0xee, 0xff,
    0x70, 0x2f, 0xf5, 0x0, 0x3c, 0x20, 0x5f, 0xe0,
    0x0, 0x0, 0x0, 0x3f, 0xf2, 0x0, 0x0, 0x0,
    0xb, 0xff, 0x60, 0x0, 0x0, 0x0, 0x9f, 0xfe,
    0x60, 0x0, 0x0, 0x3, 0xbf, 0xfc, 0x0, 0x0,
    0x0, 0x4, 0xff, 0xa0, 0x0, 0x0, 0x0, 0x5f,
    0xf0, 0x0, 0x0, 0x0, 0x3f, 0xf0, 0x5e, 0x60,
    0x0, 0xbf, 0xc0, 0x8f, 0xff, 0xef, 0xff, 0x30,
    0x3, 0x9e, 0xff, 0xa2, 0x0, 0x0, 0x0, 0xf9,
    0x0, 0x0, 0x0, 0x0, 0xf9, 0x0, 0x0,

    /* U+0025 "%" */
    0x0, 0x8e, 0xfb, 0x20, 0x0, 0x0, 0x9d, 0x0,
    0x0, 0x0, 0x9f, 0x86, 0xee, 0x0, 0x0, 0x2f,
    0x40, 0x0, 0x0, 0x1f, 0xb0, 0x5, 0xf6, 0x0,
    0xc, 0xb0, 0x0, 0x0, 0x3, 0xf7, 0x0, 0x2f,
    0x90, 0x5, 0xf2, 0x0, 0x0, 0x0, 0x3f, 0x70,
    0x1, 0xf9, 0x0, 0xd8, 0x0, 0x0, 0x0, 0x1,
    0xf9, 0x0, 0x4f, 0x70, 0x7e, 0x3, 0xdf, 0xe6,
    0x0, 0xb, 0xf4, 0x2c, 0xf1, 0x1f, 0x61, 0xfc,
    0x5a, 0xf5, 0x0, 0x1c, 0xff, 0xe4, 0xa, 0xc0,
    0x8f, 0x20, 0xe, 0xc0, 0x0, 0x2, 0x30, 0x3,
    0xf3, 0xb, 0xf0, 0x0, 0xaf, 0x0, 0x0, 0x0,
    0x0, 0xca, 0x0, 0xce, 0x0, 0x9, 0xf0, 0x0,
    0x0, 0x0, 0x5f, 0x20, 0xb, 0xf0, 0x0, 0xbf,
    0x0, 0x0, 0x0, 0xe, 0x80, 0x0, 0x8f, 0x30,
    0xe, 0xb0, 0x0, 0x0, 0x8, 0xe0, 0x0, 0x1,
    0xfd, 0x6b, 0xf4, 0x0, 0x0, 0x1, 0xf5, 0x0,
    0x0, 0x3, 0xcf, 0xd5, 0x0,

    /* U+0026 "&" */
    0x0, 0x1, 0x9e, 0xfb, 0x20, 0x0, 0x0, 0x0,
    0xd, 0xfb, 0xaf, 0xe0, 0x0, 0x0, 0x0, 0x4f,
    0xb0, 0xa, 0xf3, 0x0, 0x0, 0x0, 0x6f, 0x80,
    0xb, 0xf2, 0x0, 0x0, 0x0, 0x4f, 0xb0, 0x7f,
    0x90, 0x0, 0x0, 0x0, 0xe, 0xff, 0xfa, 0x0,
    0x0, 0x0, 0x0, 0xf, 0xff, 0x60, 0x0, 0x6,
    0xa4, 0x2, 0xdf, 0xff, 0xa0, 0x0, 0xe, 0xf2,
    0xc, 0xf9, 0x1d, 0xf9, 0x0, 0x7f, 0xb0, 0x3f,
    0xf0, 0x1, 0xef, 0xa4, 0xff, 0x30, 0x4f, 0xf0,
    0x0, 0x2d, 0xff, 0xf8, 0x0, 0x1f, 0xf9, 0x0,
    0x6, 0xff, 0xfa, 0x20, 0x7, 0xff, 0xec, 0xef,
    0xff, 0xef, 0xf9, 0x0, 0x4b, 0xef, 0xea, 0x30,
    0x6, 0xc5,

    /* U+0027 "'" */
    0x3f, 0xf2, 0x2f, 0xf1, 0x2f, 0xf1, 0xf, 0xf0,
    0xe, 0xd0, 0xc, 0xb0, 0x1, 0x10,

    /* U+0028 "(" */
    0x0, 0x0, 0x0, 0x0, 0x9, 0xc0, 0x0, 0x2f,
    0xb0, 0x0, 0x9f, 0x30, 0x0, 0xfc, 0x0, 0x6,
    0xf7, 0x0, 0xa, 0xf3, 0x0, 0xe, 0xf0, 0x0,
    0xf, 0xd0, 0x0, 0x1f, 0xc0, 0x0, 0x3f, 0xb0,
    0x0, 0x2f, 0xb0, 0x0, 0x1f, 0xc0, 0x0, 0xf,
    0xe0, 0x0, 0xd, 0xf0, 0x0, 0x9, 0xf4, 0x0,
    0x5, 0xf8, 0x0, 0x0, 0xee, 0x0, 0x0, 0x8f,
    0x40, 0x0, 0x1f, 0xc0, 0x0, 0x6, 0x80,

    /* U+0029 ")" */
    0x0, 0x0, 0x0, 0xb, 0xa0, 0x0, 0x9, 0xf3,
    0x0, 0x1, 0xfb, 0x0, 0x0, 0xbf, 0x20, 0x0,
    0x5f, 0x80, 0x0, 0x1f, 0xc0, 0x0, 0xe, 0xf0,
    0x0, 0xb, 0xf2, 0x0, 0xa, 0xf3, 0x0, 0x9,
    0xf5, 0x0, 0x9, 0xf4, 0x0, 0xa, 0xf3, 0x0,
    0xc, 0xf2, 0x0, 0xf, 0xf0, 0x0, 0x2f, 0xb0,
    0x0, 0x7f, 0x70, 0x0, 0xcf, 0x10, 0x2, 0xfa,
    0x0, 0xb, 0xf2, 0x0, 0x8, 0x70, 0x0,

    /* U+002A "*" */
    0x0, 0xd, 0x80, 0x0, 0x0, 0xf, 0x90, 0x0,
    0xae, 0xaf, 0xdb, 0xf4, 0x3a, 0xff, 0xfe, 0x81,
    0x0, 0xdf, 0xf8, 0x0, 0x7, 0xf6, 0xbf, 0x20,
    0x6, 0x80, 0xa, 0x20,

    /* U+002B "+" */
    0x0, 0x0, 0x1, 0x0, 0x0, 0x0, 0x0, 0x3,
    0xf9, 0x0, 0x0, 0x0, 0x0, 0x3f, 0x90, 0x0,
    0x0, 0x0, 0x3, 0xf9, 0x0, 0x0, 0x0, 0x0,
    0x3f, 0x90, 0x0, 0x3, 0xff, 0xff, 0xff, 0xff,
    0xfa, 0x2a, 0xaa, 0xbf, 0xda, 0xaa, 0x60, 0x0,
    0x3, 0xf9, 0x0, 0x0, 0x0, 0x0, 0x3f, 0x90,
    0x0, 0x0, 0x0, 0x3, 0xf9, 0x0, 0x0, 0x0,
    0x0, 0x3f, 0x90, 0x0, 0x0,

    /* U+002C "," */
    0x1c, 0xc2, 0x7f, 0xfb, 0x2d, 0xfd, 0x0, 0xdb,
    0x6, 0xf5, 0x8f, 0xa0, 0x87, 0x0,

    /* U+002D "-" */
    0xa, 0xaa, 0xaa, 0x21, 0xff, 0xff, 0xf3,

    /* U+002E "." */
    0x1, 0x10, 0x4f, 0xf3, 0x8f, 0xf7, 0x2d, 0xd2,

    /* U+002F "/" */
    0x0, 0x0, 0x5, 0xf3, 0x0, 0x0, 0xa, 0xe0,
    0x0, 0x0, 0xe, 0xa0, 0x0, 0x0, 0x3f, 0x50,
    0x0, 0x0, 0x8f, 0x10, 0x0, 0x0, 0xdc, 0x0,
    0x0, 0x1, 0xf7, 0x0, 0x0, 0x6, 0xf3, 0x0,
    0x0, 0xb, 0xe0, 0x0, 0x0, 0xf, 0x90, 0x0,
    0x0, 0x4f, 0x50, 0x0, 0x0, 0x9f, 0x0, 0x0,
    0x0, 0xdb, 0x0, 0x0, 0x2, 0xf7, 0x0, 0x0,
    0x7, 0xf2, 0x0, 0x0, 0xb, 0xd0, 0x0, 0x0,
    0xf, 0x90, 0x0, 0x0, 0x5f, 0x40, 0x0, 0x0,
    0x9f, 0x0, 0x0, 0x0,

    /* U+0030 "0" */
    0x0, 0x5, 0xcf, 0xe9, 0x10, 0x0, 0x8, 0xff,
    0xdf, 0xfd, 0x10, 0x2, 0xff, 0x40, 0xc, 0xf8,
    0x0, 0x9f, 0xa0, 0x0, 0x3f, 0xf0, 0xd, 0xf6,
    0x0, 0x0, 0xff, 0x30, 0xff, 0x30, 0x0, 0xc,
    0xf5, 0xf, 0xf2, 0x0, 0x0, 0xcf, 0x60, 0xff,
    0x20, 0x0, 0xc, 0xf6, 0xf, 0xf3, 0x0, 0x0,
    0xdf, 0x50, 0xdf, 0x60, 0x0, 0xf, 0xf3, 0x8,
    0xfa, 0x0, 0x3, 0xfe, 0x0, 0x2f, 0xf4, 0x0,
    0xcf, 0x80, 0x0, 0x7f, 0xfd, 0xff, 0xd1, 0x0,
    0x0, 0x5c, 0xfe, 0x91, 0x0,

    /* U+0031 "1" */
    0x0, 0x28, 0xff, 0x40, 0x0, 0xb, 0xff, 0xff,
    0x40, 0x0, 0x5, 0x77, 0xff, 0x40, 0x0, 0x0,
    0x1, 0xff, 0x40, 0x0, 0x0, 0x1, 0xff, 0x40,
    0x0, 0x0, 0x1, 0xff, 0x40, 0x0, 0x0, 0x1,
    0xff, 0x40, 0x0, 0x0, 0x1, 0xff, 0x40, 0x0,
    0x0, 0x1, 0xff, 0x40, 0x0, 0x0, 0x1, 0xff,
    0x40, 0x0, 0x0, 0x1, 0xff, 0x40, 0x0, 0x0,
    0x1, 0xff, 0x40, 0x0, 0x4d, 0xdd, 0xff, 0xed,
    0xd1, 0x4f, 0xff, 0xff, 0xff, 0xf2,

    /* U+0032 "2" */
    0x0, 0x4b, 0xef, 0xd7, 0x0, 0x0, 0x8f, 0xfe,
    0xef, 0xfb, 0x0, 0xc, 0xd3, 0x0, 0x4f, 0xf5,
    0x0, 0x1, 0x0, 0x0, 0xaf, 0xa0, 0x0, 0x0,
    0x0, 0x9, 0xfa, 0x0, 0x0, 0x0, 0x0, 0xcf,
    0x70, 0x0, 0x0, 0x0, 0x3f, 0xf1, 0x0, 0x0,
    0x0, 0xd, 0xf8, 0x0, 0x0, 0x0, 0xa, 0xfc,
    0x0, 0x0, 0x0, 0x9, 0xfe, 0x20, 0x0, 0x0,
    0x9, 0xfe, 0x20, 0x0, 0x0, 0xb, 0xfe, 0x20,
    0x0, 0x0, 0xc, 0xff, 0xed, 0xef, 0xff, 0x62,
    0xff, 0xff, 0xff, 0xff, 0xf6,

    /* U+0033 "3" */
    0x0, 0x4b, 0xef, 0xea, 0x20, 0x0, 0x8f, 0xfe,
    0xdf, 0xff, 0x30, 0x3, 0xa2, 0x0, 0x1d, 0xfa,
    0x0, 0x0, 0x0, 0x0, 0x9f, 0xb0, 0x0, 0x0,
    0x0, 0x3e, 0xf6, 0x0, 0x0, 0x4b, 0xdf, 0xe6,
    0x0, 0x0, 0x6, 0xff, 0xfd, 0x50, 0x0, 0x0,
    0x0, 0x27, 0xff, 0x70, 0x0, 0x0, 0x0, 0x5,
    0xff, 0x10, 0x0, 0x0, 0x0, 0x1f, 0xf3, 0x3,
    0x0, 0x0, 0x3, 0xff, 0x21, 0xed, 0x30, 0x2,
    0xcf, 0xd0, 0x1c, 0xff, 0xee, 0xff, 0xf3, 0x0,
    0x5, 0xcf, 0xfe, 0x92, 0x0,

    /* U+0034 "4" */
    0x0, 0x0, 0x2, 0xff, 0xf0, 0x0, 0x0, 0x0,
    0xcf, 0xff, 0x0, 0x0, 0x0, 0x7f, 0xbf, 0xf0,
    0x0, 0x0, 0x2f, 0xf4, 0xff, 0x0, 0x0, 0xd,
    0xf6, 0x3f, 0xf0, 0x0, 0x8, 0xfb, 0x3, 0xff,
    0x0, 0x3, 0xfe, 0x10, 0x3f, 0xf0, 0x0, 0xdf,
    0x40, 0x3, 0xff, 0x0, 0x8f, 0xfc, 0xcc, 0xff,
    0xfc, 0x99, 0xff, 0xff, 0xff, 0xff, 0xfc, 0x0,
    0x0, 0x0, 0x3f, 0xf0, 0x0, 0x0, 0x0, 0x3,
    0xff, 0x0, 0x0, 0x0, 0x0, 0x3f, 0xf0, 0x0,
    0x0, 0x0, 0x3, 0xff, 0x0,

    /* U+0035 "5" */
    0x0, 0xef, 0xff, 0xff, 0xfa, 0x0, 0xf, 0xfe,
    0xee, 0xee, 0x90, 0x0, 0xff, 0x10, 0x0, 0x0,
    0x0, 0x1f, 0xf0, 0x0, 0x0, 0x0, 0x2, 0xfe,
    0x69, 0x95, 0x0, 0x0, 0x3f, 0xff, 0xff, 0xfd,
    0x10, 0x0, 0x97, 0x10, 0x5e, 0xfc, 0x0, 0x0,
    0x0, 0x0, 0x5f, 0xf2, 0x0, 0x0, 0x0, 0x1,
    0xff, 0x40, 0x0, 0x0, 0x0, 0xf, 0xf3, 0x2,
    0x0, 0x0, 0x5, 0xff, 0x11, 0xeb, 0x20, 0x3,
    0xef, 0xa0, 0x1c, 0xff, 0xfe, 0xff, 0xd1, 0x0,
    0x5, 0xcf, 0xfd, 0x80, 0x0,

    /* U+0036 "6" */
    0x0, 0x18, 0xdf, 0xea, 0x20, 0x2, 0xdf, 0xfd,
    0xff, 0xf1, 0xc, 0xfb, 0x10, 0x6, 0x40, 0x4f,
    0xe0, 0x0, 0x0, 0x0, 0x9f, 0x80, 0x0, 0x0,
    0x0, 0xcf, 0x56, 0xdf, 0xd8, 0x0, 0xef, 0xdf,
    0xbb, 0xff, 0xb0, 0xef, 0xf2, 0x0, 0x2f, 0xf3,
    0xdf, 0x50, 0x0, 0xb, 0xf7, 0xbf, 0x70, 0x0,
    0x9, 0xf8, 0x7f, 0xc0, 0x0, 0xc, 0xf6, 0x1e,
    0xf6, 0x0, 0x5f, 0xf1, 0x4, 0xff, 0xdc, 0xff,
    0x60, 0x0, 0x3b, 0xef, 0xc4, 0x0,

    /* U+0037 "7" */
    0xff, 0xff, 0xff, 0xff, 0xf7, 0xee, 0xee, 0xee,
    0xef, 0xf4, 0x0, 0x0, 0x0, 0x8f, 0x90, 0x0,
    0x0, 0x3, 0xfd, 0x0, 0x0, 0x0, 0xc, 0xf4,
    0x0, 0x0, 0x0, 0x4f, 0xc0, 0x0, 0x0, 0x0,
    0xbf, 0x60, 0x0, 0x0, 0x1, 0xff, 0x10, 0x0,
    0x0, 0x5, 0xfd, 0x0, 0x0, 0x0, 0x9, 0xfa,
    0x0, 0x0, 0x0, 0xc, 0xf7, 0x0, 0x0, 0x0,
    0xe, 0xf6, 0x0, 0x0, 0x0, 0xf, 0xf4, 0x0,
    0x0, 0x0, 0x1f, 0xf3, 0x0, 0x0,

    /* U+0038 "8" */
    0x0, 0x7, 0xdf, 0xeb, 0x30, 0x0, 0xb, 0xfe,
    0xac, 0xff, 0x30, 0x3, 0xfe, 0x10, 0x7, 0xfb,
    0x0, 0x6f, 0xb0, 0x0, 0xf, 0xe0, 0x3, 0xfd,
    0x0, 0x1, 0xfc, 0x0, 0xa, 0xf9, 0x0, 0x7f,
    0x30, 0x0, 0xb, 0xfe, 0x8f, 0x50, 0x0, 0x8,
    0xf9, 0xaf, 0xfc, 0x20, 0x7, 0xf8, 0x0, 0x2b,
    0xfd, 0x0, 0xef, 0x10, 0x0, 0xe, 0xf5, 0xf,
    0xf0, 0x0, 0x0, 0xbf, 0x70, 0xdf, 0x80, 0x0,
    0x3f, 0xf4, 0x3, 0xff, 0xda, 0xcf, 0xfa, 0x0,
    0x2, 0x9e, 0xfe, 0xc5, 0x0,

    /* U+0039 "9" */
    0x0, 0x19, 0xef, 0xd6, 0x0, 0x0, 0x2e, 0xfe,
    0xcf, 0xfb, 0x0, 0xb, 0xfa, 0x0, 0x1d, 0xf6,
    0x0, 0xff, 0x20, 0x0, 0x5f, 0xd0, 0x2f, 0xf0,
    0x0, 0x0, 0xff, 0x20, 0xff, 0x20, 0x0, 0x1f,
    0xf4, 0xb, 0xfc, 0x20, 0x4d, 0xff, 0x50, 0x1d,
    0xff, 0xff, 0x9d, 0xf4, 0x0, 0x6, 0x98, 0x30,
    0xff, 0x30, 0x0, 0x0, 0x0, 0x2f, 0xf0, 0x0,
    0x0, 0x0, 0x9, 0xfa, 0x0, 0x1a, 0x20, 0x6,
    0xff, 0x30, 0xa, 0xff, 0xef, 0xff, 0x60, 0x0,
    0x7, 0xdf, 0xeb, 0x30, 0x0,

    /* U+003A ":" */
    0x2d, 0xd2, 0x8f, 0xf7, 0x3f, 0xf3, 0x1, 0x0,
    0x0, 0x0, 0x0, 0x0, 0x0, 0x0, 0x1, 0x10,
    0x4f, 0xf3, 0x8f, 0xf7, 0x2d, 0xd2,

    /* U+003B ";" */
    0x2d, 0xd2, 0x8f, 0xf7, 0x3f, 0xf3, 0x1, 0x0,
    0x0, 0x0, 0x0, 0x0, 0x0, 0x0, 0x0, 0x0,
    0x1c, 0xc2, 0x7f, 0xfb, 0x2d, 0xfd, 0x0, 0xdb,
    0x6, 0xf5, 0x8f, 0xa0, 0x87, 0x0,

    /* U+003C "<" */
    0x0, 0x0, 0x0, 0x0, 0x17, 0x70, 0x0, 0x0,
    0x4, 0xaf, 0xfa, 0x0, 0x2, 0x8e, 0xff, 0xc6,
    0x10, 0x6c, 0xff, 0xd7, 0x10, 0x0, 0x3f, 0xfa,
    0x30, 0x0, 0x0, 0x2, 0xdf, 0xfb, 0x60, 0x0,
    0x0, 0x0, 0x39, 0xff, 0xfa, 0x50, 0x0, 0x0,
    0x0, 0x5c, 0xff, 0xf7, 0x0, 0x0, 0x0, 0x2,
    0x8e, 0xa0, 0x0, 0x0, 0x0, 0x0, 0x2,

    /* U+003D "=" */
    0x3f, 0xff, 0xff, 0xff, 0xff, 0xa2, 0x99, 0x99,
    0x99, 0x99, 0x96, 0x0, 0x0, 0x0, 0x0, 0x0,
    0x0, 0x0, 0x0, 0x0, 0x0, 0x0, 0x0, 0x0,
    0x0, 0x0, 0x0, 0x3, 0xff, 0xff, 0xff, 0xff,
    0xfa, 0x2a, 0xaa, 0xaa, 0xaa, 0xaa, 0x60,

    /* U+003E ">" */
    0x39, 0x30, 0x0, 0x0, 0x0, 0x3, 0xff, 0xd7,
    0x10, 0x0, 0x0, 0x4, 0xaf, 0xff, 0xb5, 0x0,
    0x0, 0x0, 0x5, 0xaf, 0xfe, 0x82, 0x0, 0x0,
    0x0, 0x16, 0xff, 0xa0, 0x0, 0x0, 0x39, 0xef,
    0xf7, 0x0, 0x28, 0xef, 0xfc, 0x60, 0x2, 0xdf,
    0xfe, 0x82, 0x0, 0x0, 0x3f, 0xa4, 0x0, 0x0,
    0x0, 0x1, 0x10, 0x0, 0x0, 0x0, 0x0,

    /* U+003F "?" */
    0x0, 0x6c, 0xff, 0xb4, 0x0, 0xbf, 0xfd, 0xff,
    0xf4, 0x5, 0xa1, 0x1, 0xdf, 0xb0, 0x0, 0x0,
    0x7, 0xfc, 0x0, 0x0, 0x0, 0xcf, 0x70, 0x0,
    0x0, 0x9f, 0xb0, 0x0, 0x0, 0x7f, 0xc0, 0x0,
    0x0, 0x2f, 0xf2, 0x0, 0x0, 0x7, 0xfa, 0x0,
    0x0, 0x0, 0x25, 0x30, 0x0, 0x0, 0x0, 0x10,
    0x0, 0x0, 0x0, 0x9f, 0xc0, 0x0, 0x0, 0xe,
    0xff, 0x10, 0x0, 0x0, 0x7f, 0xa0, 0x0,

    /* U+0040 "@" */
    0x0, 0x0, 0x0, 0x6b, 0xef, 0xec, 0x82, 0x0,
    0x0, 0x0, 0x0, 0x6e, 0xfc, 0x87, 0x8a, 0xff,
    0x70, 0x0, 0x0, 0xa, 0xfb, 0x20, 0x0, 0x0,
    0x19, 0xf9, 0x0, 0x0, 0x9f, 0x80, 0x0, 0x0,
    0x0, 0x0, 0x8f, 0x40, 0x5, 0xf9, 0x0, 0x0,
    0x0, 0x0, 0x0, 0xe, 0xb0, 0xd, 0xe0, 0x0,
    0x1a, 0xee, 0x5f, 0x80, 0x8, 0xf1, 0x4f, 0x60,
    0x1, 0xdf, 0xaa, 0xff, 0x40, 0x4, 0xf3, 0x8f,
    0x10, 0x9, 0xf5, 0x0, 0xaf, 0x10, 0x3, 0xf4,
    0xbd, 0x0, 0x1f, 0xc0, 0x0, 0xce, 0x0, 0x4,
    0xf3, 0xdc, 0x0, 0x4f, 0x80, 0x0, 0xfb, 0x0,
    0x8, 0xf0, 0xdc, 0x0, 0x4f, 0x70, 0x3, 0xf9,
    0x0, 0x1f, 0xa0, 0xcd, 0x0, 0x1f, 0xe3, 0x4d,
    0xed, 0x34, 0xde, 0x10, 0x9f, 0x10, 0x7, 0xff,
    0xf5, 0x5f, 0xff, 0xc2, 0x0, 0x4f, 0x80, 0x0,
    0x24, 0x10, 0x1, 0x43, 0x0, 0x0, 0xc, 0xf3,
    0x0, 0x0, 0x0, 0x0, 0x0, 0x0, 0x0, 0x2,
    0xfe, 0x40, 0x0, 0x0, 0x0, 0x0, 0x0, 0x0,
    0x0, 0x3e, 0xfb, 0x63, 0x24, 0x8e, 0x40, 0x0,
    0x0, 0x0, 0x1, 0x8e, 0xff, 0xff, 0xfb, 0x30,
    0x0, 0x0, 0x0, 0x0, 0x0, 0x24, 0x43, 0x0,
    0x0, 0x0, 0x0,

    /* U+0041 "A" */
    0x0, 0x0, 0x4f, 0xfb, 0x0, 0x0, 0x0, 0x0,
    0xa, 0xff, 0xf1, 0x0, 0x0, 0x0, 0x0, 0xfe,
    0x9f, 0x60, 0x0, 0x0, 0x0, 0x5f, 0xa4, 0xfc,
    0x0, 0x0, 0x0, 0xb, 0xf5, 0xf, 0xf2, 0x0,
    0x0, 0x1, 0xff, 0x0, 0xaf, 0x70, 0x0, 0x0,
    0x6f, 0xb0, 0x5, 0xfd, 0x0, 0x0, 0xb, 0xf6,
    0x0, 0x1f, 0xf2, 0x0, 0x1, 0xff, 0xec, 0xcc,
    0xff, 0x80, 0x0, 0x6f, 0xff, 0xff, 0xff, 0xfd,
    0x0, 0xc, 0xf7, 0x0, 0x0, 0x1f, 0xf3, 0x2,
    0xff, 0x20, 0x0, 0x0, 0xcf, 0x90, 0x7f, 0xd0,
    0x0, 0x0, 0x7, 0xfe, 0xd, 0xf8, 0x0, 0x0,
    0x0, 0x2f, 0xf4,

    /* U+0042 "B" */
    0x1f, 0xff, 0xff, 0xfd, 0x82, 0x0, 0x1f, 0xfd,
    0xcc, 0xef, 0xff, 0x20, 0x1f, 0xf4, 0x0, 0x2,
    0xef, 0x90, 0x1f, 0xf4, 0x0, 0x0, 0xaf, 0xa0,
    0x1f, 0xf4, 0x0, 0x2, 0xef, 0x40, 0x1f, 0xfc,
    0xbb, 0xdf, 0xe6, 0x0, 0x1f, 0xff, 0xff, 0xff,
    0xf9, 0x10, 0x1f, 0xf4, 0x0, 0x14, 0xcf, 0xd0,
    0x1f, 0xf4, 0x0, 0x0, 0x1f, 0xf5, 0x1f, 0xf4,
    0x0, 0x0, 0xd, 0xf7, 0x1f, 0xf4, 0x0, 0x0,
    0xf, 0xf6, 0x1f, 0xf4, 0x0, 0x1, 0xbf, 0xf1,
    0x1f, 0xfd, 0xcc, 0xef, 0xff, 0x50, 0x1f, 0xff,
    0xff, 0xfd, 0x92, 0x0,

    /* U+0043 "C" */
    0x0, 0x2, 0x9d, 0xfe, 0xb4, 0x0, 0x0, 0x8f,
    0xff, 0xff, 0xff, 0x80, 0x7, 0xff, 0xa3, 0x0,
    0x6e, 0x50, 0x1f, 0xf9, 0x0, 0x0, 0x0, 0x0,
    0x7f, 0xf0, 0x0, 0x0, 0x0, 0x0, 0xbf, 0xa0,
    0x0, 0x0, 0x0, 0x0, 0xdf, 0x80, 0x0, 0x0,
    0x0, 0x0, 0xdf, 0x80, 0x0, 0x0, 0x0, 0x0,
    0xbf, 0xa0, 0x0, 0x0, 0x0, 0x0, 0x8f, 0xf0,
    0x0, 0x0, 0x0, 0x0, 0x2f, 0xf9, 0x0, 0x0,
    0x1, 0x10, 0x8, 0xff, 0xa3, 0x1, 0x6e, 0xc0,
    0x0, 0x9f, 0xff, 0xff, 0xff, 0xa0, 0x0, 0x3,
    0xae, 0xfe, 0xb4, 0x0,

    /* U+0044 "D" */
    0x1f, 0xff, 0xfe, 0xd9, 0x30, 0x0, 0x1f, 0xfe,
    0xdf, 0xff, 0xf9, 0x0, 0x1f, 0xf4, 0x0, 0x29,
    0xff, 0x90, 0x1f, 0xf4, 0x0, 0x0, 0x8f, 0xf2,
    0x1f, 0xf4, 0x0, 0x0, 0xf, 0xf8, 0x1f, 0xf4,
    0x0, 0x0, 0xb, 0xfb, 0x1f, 0xf4, 0x0, 0x0,
    0x9, 0xfd, 0x1f, 0xf4, 0x0, 0x0, 0x9, 0xfc,
    0x1f, 0xf4, 0x0, 0x0, 0xb, 0xfb, 0x1f, 0xf4,
    0x0, 0x0, 0xf, 0xf7, 0x1f, 0xf4, 0x0, 0x0,
    0x8f, 0xf2, 0x1f, 0xf4, 0x0, 0x2a, 0xff, 0x80,
    0x1f, 0xfe, 0xdf, 0xff, 0xf9, 0x0, 0x1f, 0xff,
    0xff, 0xd9, 0x30, 0x0,

    /* U+0045 "E" */
    0x1f, 0xff, 0xff, 0xff, 0xfa, 0x1f, 0xfe, 0xee,
    0xee, 0xe9, 0x1f, 0xf4, 0x0, 0x0, 0x0, 0x1f,
    0xf4, 0x0, 0x0, 0x0, 0x1f, 0xf4, 0x0, 0x0,
    0x0, 0x1f, 0xff, 0xee, 0xee, 0x90, 0x1f, 0xff,
    0xff, 0xff, 0xa0, 0x1f, 0xf4, 0x0, 0x0, 0x0,
    0x1f, 0xf4, 0x0, 0x0, 0x0, 0x1f, 0xf4, 0x0,
    0x0, 0x0, 0x1f, 0xf4, 0x0, 0x0, 0x0, 0x1f,
    0xf4, 0x0, 0x0, 0x0, 0x1f, 0xff, 0xff, 0xff,
    0xfc, 0x1f, 0xff, 0xff, 0xff, 0xfd,

    /* U+0046 "F" */
    0x1f, 0xff, 0xff, 0xff, 0xfa, 0x1f, 0xfe, 0xee,
    0xee, 0xe9, 0x1f, 0xf4, 0x0, 0x0, 0x0, 0x1f,
    0xf4, 0x0, 0x0, 0x0, 0x1f, 0xf4, 0x0, 0x0,
    0x0, 0x1f, 0xf4, 0x0, 0x0, 0x0, 0x1f, 0xff,
    0xff, 0xff, 0xb0, 0x1f, 0xfe, 0xee, 0xee, 0xa0,
    0x1f, 0xf4, 0x0, 0x0, 0x0, 0x1f, 0xf4, 0x0,
    0x0, 0x0, 0x1f, 0xf4, 0x0, 0x0, 0x0, 0x1f,
    0xf4, 0x0, 0x0, 0x0, 0x1f, 0xf4, 0x0, 0x0,
    0x0, 0x1f, 0xf4, 0x0, 0x0, 0x0,

    /* U+0047 "G" */
    0x0, 0x2, 0x8d, 0xff, 0xd7, 0x0, 0x0, 0x7f,
    0xff, 0xff, 0xff, 0xd1, 0x6, 0xff, 0xb4, 0x0,
    0x3a, 0xa0, 0x1f, 0xfa, 0x0, 0x0, 0x0, 0x0,
    0x7f, 0xf1, 0x0, 0x0, 0x0, 0x0, 0xbf, 0xb0,
    0x0, 0x0, 0x0, 0x0, 0xdf, 0x80, 0x0, 0x5e,
    0xee, 0xe8, 0xdf, 0x90, 0x0, 0x6f, 0xff, 0xf9,
    0xbf, 0xb0, 0x0, 0x0, 0x8, 0xf9, 0x7f, 0xf0,
    0x0, 0x0, 0x8, 0xf9, 0x1f, 0xfa, 0x0, 0x0,
    0x8, 0xf9, 0x7, 0xff, 0xb4, 0x0, 0x3c, 0xf9,
    0x0, 0x7f, 0xff, 0xff, 0xff, 0xf5, 0x0, 0x2,
    0x9d, 0xff, 0xd8, 0x10,

    /* U+0048 "H" */
    0x1f, 0xf4, 0x0, 0x0, 0x7, 0xfe, 0x1f, 0xf4,
    0x0, 0x0, 0x7, 0xfe, 0x1f, 0xf4, 0x0, 0x0,
    0x7, 0xfe, 0x1f, 0xf4, 0x0, 0x0, 0x7, 0xfe,
    0x1f, 0xf4, 0x0, 0x0, 0x7, 0xfe, 0x1f, 0xff,
    0xff, 0xff, 0xff, 0xfe, 0x1f, 0xff, 0xff, 0xff,
    0xff, 0xfe, 0x1f, 0xf4, 0x0, 0x0, 0x7, 0xfe,
    0x1f, 0xf4, 0x0, 0x0, 0x7, 0xfe, 0x1f, 0xf4,
    0x0, 0x0, 0x7, 0xfe, 0x1f, 0xf4, 0x0, 0x0,
    0x7, 0xfe, 0x1f, 0xf4, 0x0, 0x0, 0x7, 0xfe,
    0x1f, 0xf4, 0x0, 0x0, 0x7, 0xfe, 0x1f, 0xf4,
    0x0, 0x0, 0x7, 0xfe,

    /* U+0049 "I" */
    0x1f, 0xf4, 0x1f, 0xf4, 0x1f, 0xf4, 0x1f, 0xf4,
    0x1f, 0xf4, 0x1f, 0xf4, 0x1f, 0xf4, 0x1f, 0xf4,
    0x1f, 0xf4, 0x1f, 0xf4, 0x1f, 0xf4, 0x1f, 0xf4,
    0x1f, 0xf4, 0x1f, 0xf4,

    /* U+004A "J" */
    0x0, 0x0, 0x0, 0x3f, 0xf2, 0x0, 0x0, 0x0,
    0x3f, 0xf2, 0x0, 0x0, 0x0, 0x3f, 0xf2, 0x0,
    0x0, 0x0, 0x3f, 0xf2, 0x0, 0x0, 0x0, 0x3f,
    0xf2, 0x0, 0x0, 0x0, 0x3f, 0xf2, 0x0, 0x0,
    0x0, 0x3f, 0xf2, 0x0, 0x0, 0x0, 0x3f, 0xf2,
    0x0, 0x0, 0x0, 0x3f, 0xf2, 0x0, 0x0, 0x0,
    0x3f, 0xf2, 0x1, 0x20, 0x0, 0x5f, 0xf0, 0x2e,
    0xe4, 0x2, 0xdf, 0xc0, 0xb, 0xff, 0xff, 0xff,
    0x40, 0x0, 0x7d, 0xfe, 0xb3, 0x0,

    /* U+004B "K" */
    0x1f, 0xf4, 0x0, 0x0, 0x8f, 0xe2, 0x1, 0xff,
    0x40, 0x0, 0x5f, 0xf4, 0x0, 0x1f, 0xf4, 0x0,
    0x3f, 0xf6, 0x0, 0x1, 0xff, 0x40, 0x2e, 0xf8,
    0x0, 0x0, 0x1f, 0xf4, 0xd, 0xfb, 0x0, 0x0,
    0x1, 0xff, 0x4b, 0xff, 0x10, 0x0, 0x0, 0x1f,
    0xfc, 0xff, 0xf9, 0x0, 0x0, 0x1, 0xff, 0xff,
    0x7f, 0xf3, 0x0, 0x0, 0x1f, 0xff, 0x60, 0xaf,
    0xd0, 0x0, 0x1, 0xff, 0x80, 0x1, 0xff, 0x70,
    0x0, 0x1f, 0xf4, 0x0, 0x6, 0xff, 0x20, 0x1,
    0xff, 0x40, 0x0, 0xc, 0xfb, 0x0, 0x1f, 0xf4,
    0x0, 0x0, 0x3f, 0xf5, 0x1, 0xff, 0x40, 0x0,
    0x0, 0x9f, 0xe0,

    /* U+004C "L" */
    0x1f, 0xf4, 0x0, 0x0, 0x0, 0x1f, 0xf4, 0x0,
    0x0, 0x0, 0x1f, 0xf4, 0x0, 0x0, 0x0, 0x1f,
    0xf4, 0x0, 0x0, 0x0, 0x1f, 0xf4, 0x0, 0x0,
    0x0, 0x1f, 0xf4, 0x0, 0x0, 0x0, 0x1f, 0xf4,
    0x0, 0x0, 0x0, 0x1f, 0xf4, 0x0, 0x0, 0x0,
    0x1f, 0xf4, 0x0, 0x0, 0x0, 0x1f, 0xf4, 0x0,
    0x0, 0x0, 0x1f, 0xf4, 0x0, 0x0, 0x0, 0x1f,
    0xf4, 0x0, 0x0, 0x0, 0x1f, 0xff, 0xff, 0xff,
    0xf7, 0x1f, 0xff, 0xff, 0xff, 0xf8,

    /* U+004D "M" */
    0x1f, 0xfc, 0x0, 0x0, 0x0, 0x3f, 0xfb, 0x1f,
    0xff, 0x30, 0x0, 0x0, 0x9f, 0xfb, 0x1f, 0xff,
    0x90, 0x0, 0x0, 0xef, 0xfb, 0x1f, 0xce, 0xe0,
    0x0, 0x5, 0xfb, 0xfb, 0x1f, 0xe8, 0xf5, 0x0,
    0xb, 0xf7, 0xfb, 0x1f, 0xf3, 0xfb, 0x0, 0x1f,
    0xb6, 0xfb, 0x1f, 0xf0, 0xcf, 0x10, 0x7f, 0x57,
    0xfb, 0x1f, 0xf0, 0x6f, 0x70, 0xcf, 0x7, 0xfb,
    0x1f, 0xf0, 0x1f, 0xc2, 0xf9, 0x7, 0xfb, 0x1f,
    0xf0, 0xa, 0xfa, 0xf3, 0x7, 0xfb, 0x1f, 0xf0,
    0x4, 0xff, 0xd0, 0x7, 0xfb, 0x1f, 0xf0, 0x0,
    0xdf, 0x60, 0x7, 0xfb, 0x1f, 0xf0, 0x0, 0x5a,
    0x10, 0x7, 0xfb, 0x1f, 0xf0, 0x0, 0x0, 0x0,
    0x7, 0xfb,

    /* U+004E "N" */
    0x1f, 0xf9, 0x0, 0x0, 0x7, 0xfb, 0x1f, 0xff,
    0x30, 0x0, 0x7, 0xfb, 0x1f, 0xff, 0xc0, 0x0,
    0x7, 0xfb, 0x1f, 0xeb, 0xf6, 0x0, 0x7, 0xfb,
    0x1f, 0xf3, 0xfe, 0x10, 0x7, 0xfb, 0x1f, 0xf0,
    0xaf, 0x90, 0x7, 0xfb, 0x1f, 0xf1, 0x1f, 0xf2,
    0x7, 0xfb, 0x1f, 0xf2, 0x7, 0xfc, 0x7, 0xfb,
    0x1f, 0xf2, 0x0, 0xdf, 0x56, 0xfb, 0x1f, 0xf2,
    0x0, 0x4f, 0xd5, 0xfb, 0x1f, 0xf2, 0x0, 0xb,
    0xf9, 0xfb, 0x1f, 0xf2, 0x0, 0x2, 0xff, 0xfb,
    0x1f, 0xf2, 0x0, 0x0, 0x8f, 0xfb, 0x1f, 0xf2,
    0x0, 0x0, 0xe, 0xfb,

    /* U+004F "O" */
    0x0, 0x4, 0xae, 0xfe, 0xb4, 0x0, 0x0, 0x9,
    0xff, 0xff, 0xff, 0xfa, 0x0, 0x8, 0xff, 0x92,
    0x1, 0x8f, 0xf9, 0x2, 0xff, 0x80, 0x0, 0x0,
    0x6f, 0xf3, 0x8f, 0xe0, 0x0, 0x0, 0x0, 0xdf,
    0x9b, 0xfa, 0x0, 0x0, 0x0, 0x9, 0xfc, 0xdf,
    0x80, 0x0, 0x0, 0x0, 0x7f, 0xed, 0xf8, 0x0,
    0x0, 0x0, 0x7, 0xfe, 0xbf, 0xa0, 0x0, 0x0,
    0x0, 0x9f, 0xc7, 0xff, 0x0, 0x0, 0x0, 0xe,
    0xf8, 0x2f, 0xf8, 0x0, 0x0, 0x7, 0xff, 0x20,
    0x8f, 0xf9, 0x20, 0x28, 0xff, 0x90, 0x0, 0x9f,
    0xff, 0xff, 0xff, 0xa0, 0x0, 0x0, 0x4a, 0xef,
    0xeb, 0x40, 0x0,

    /* U+0050 "P" */
    0x1f, 0xff, 0xff, 0xec, 0x71, 0x0, 0x1f, 0xfd,
    0xdd, 0xff, 0xfe, 0x20, 0x1f, 0xf4, 0x0, 0x4,
    0xef, 0xa0, 0x1f, 0xf4, 0x0, 0x0, 0x6f, 0xf0,
    0x1f, 0xf4, 0x0, 0x0, 0x5f, 0xf0, 0x1f, 0xf4,
    0x0, 0x0, 0x8f, 0xe0, 0x1f, 0xf4, 0x0, 0x27,
    0xff, 0x70, 0x1f, 0xff, 0xff, 0xff, 0xfa, 0x0,
    0x1f, 0xfe, 0xdd, 0xc9, 0x40, 0x0, 0x1f, 0xf4,
    0x0, 0x0, 0x0, 0x0, 0x1f, 0xf4, 0x0, 0x0,
    0x0, 0x0, 0x1f, 0xf4, 0x0, 0x0, 0x0, 0x0,
    0x1f, 0xf4, 0x0, 0x0, 0x0, 0x0, 0x1f, 0xf4,
    0x0, 0x0, 0x0, 0x0,

    /* U+0051 "Q" */
    0x0, 0x4, 0xae, 0xfe, 0xb4, 0x0, 0x0, 0x0,
    0x9f, 0xff, 0xff, 0xff, 0xa0, 0x0, 0x8, 0xff,
    0x92, 0x1, 0x8f, 0xf9, 0x0, 0x2f, 0xf8, 0x0,
    0x0, 0x6, 0xff, 0x30, 0x8f, 0xe0, 0x0, 0x0,
    0x0, 0xdf, 0x90, 0xbf, 0xa0, 0x0, 0x0, 0x0,
    0x9f, 0xc0, 0xdf, 0x80, 0x0, 0x0, 0x0, 0x7f,
    0xe0, 0xdf, 0x80, 0x0, 0x0, 0x0, 0x7f, 0xe0,
    0xbf, 0xa0, 0x0, 0x0, 0x0, 0x9f, 0xc0, 0x7f,
    0xe0, 0x0, 0x0, 0x0, 0xdf, 0x80, 0x2f, 0xf7,
    0x0, 0x0, 0x6, 0xff, 0x20, 0x8, 0xff, 0x70,
    0x0, 0x7f, 0xf9, 0x0, 0x0, 0x9f, 0xff, 0xef,
    0xff, 0xa0, 0x0, 0x0, 0x4, 0xaf, 0xff, 0xb4,
    0x0, 0x0, 0x0, 0x0, 0x4, 0xff, 0x40, 0x0,
    0x0, 0x0, 0x0, 0x0, 0xaf, 0xf7, 0x10, 0x20,
    0x0, 0x0, 0x0, 0xa, 0xff, 0xff, 0xf3, 0x0,
    0x0, 0x0, 0x0, 0x4a, 0xdd, 0xb3,

    /* U+0052 "R" */
    0x1f, 0xff, 0xff, 0xfd, 0x92, 0x0, 0x1f, 0xfd,
    0xdd, 0xef, 0xff, 0x40, 0x1f, 0xf4, 0x0, 0x2,
    0xcf, 0xd0, 0x1f, 0xf4, 0x0, 0x0, 0x4f, 0xf0,
    0x1f, 0xf4, 0x0, 0x0, 0x5f, 0xf0, 0x1f, 0xf4,
    0x0, 0x3, 0xdf, 0xb0, 0x1f, 0xfd, 0xdd, 0xff,
    0xfe, 0x20, 0x1f, 0xff, 0xff, 0xff, 0x81, 0x0,
    0x1f, 0xf4, 0x1, 0xff, 0x60, 0x0, 0x1f, 0xf4,
    0x0, 0x8f, 0xe1, 0x0, 0x1f, 0xf4, 0x0, 0xe,
    0xf9, 0x0, 0x1f, 0xf4, 0x0, 0x6, 0xff, 0x20,
    0x1f, 0xf4, 0x0, 0x0, 0xdf, 0xb0, 0x1f, 0xf4,
    0x0, 0x0, 0x4f, 0xf4,

    /* U+0053 "S" */
    0x0, 0x4, 0xbe, 0xfe, 0x92, 0x0, 0x0, 0x8f,
    0xff, 0xff, 0xff, 0x60, 0x2, 0xff, 0x91, 0x1,
    0x7e, 0x40, 0x6, 0xff, 0x0, 0x0, 0x0, 0x0,
    0x5, 0xff, 0x40, 0x0, 0x0, 0x0, 0x0, 0xcf,
    0xf9, 0x30, 0x0, 0x0, 0x0, 0xa, 0xff, 0xfd,
    0x60, 0x0, 0x0, 0x0, 0x28, 0xef, 0xfd, 0x30,
    0x0, 0x0, 0x0, 0x6, 0xef, 0xe0, 0x0, 0x0,
    0x0, 0x0, 0x3f, 0xf3, 0x0, 0x50, 0x0, 0x0,
    0x2f, 0xf3, 0xb, 0xfc, 0x40, 0x3, 0xcf, 0xe0,
    0x6, 0xff, 0xff, 0xff, 0xff, 0x40, 0x0, 0x18,
    0xcf, 0xfd, 0x92, 0x0,

    /* U+0054 "T" */
    0x6f, 0xff, 0xff, 0xff, 0xff, 0xf9, 0x5e, 0xee,
    0xef, 0xfe, 0xee, 0xe8, 0x0, 0x0, 0x1f, 0xf4,
    0x0, 0x0, 0x0, 0x0, 0x1f, 0xf4, 0x0, 0x0,
    0x0, 0x0, 0x1f, 0xf4, 0x0, 0x0, 0x0, 0x0,
    0x1f, 0xf4, 0x0, 0x0, 0x0, 0x0, 0x1f, 0xf4,
    0x0, 0x0, 0x0, 0x0, 0x1f, 0xf4, 0x0, 0x0,
    0x0, 0x0, 0x1f, 0xf4, 0x0, 0x0, 0x0, 0x0,
    0x1f, 0xf4, 0x0, 0x0, 0x0, 0x0, 0x1f, 0xf4,
    0x0, 0x0, 0x0, 0x0, 0x1f, 0xf4, 0x0, 0x0,
    0x0, 0x0, 0x1f, 0xf4, 0x0, 0x0, 0x0, 0x0,
    0x1f, 0xf4, 0x0, 0x0,

    /* U+0055 "U" */
    0x2f, 0xf3, 0x0, 0x0, 0x7, 0xfc, 0x2f, 0xf3,
    0x0, 0x0, 0x7, 0xfc, 0x2f, 0xf3, 0x0, 0x0,
    0x7, 0xfc, 0x2f, 0xf3, 0x0, 0x0, 0x7, 0xfc,
    0x2f, 0xf3, 0x0, 0x0, 0x7, 0xfc, 0x2f, 0xf3,
    0x0, 0x0, 0x7, 0xfc, 0x2f, 0xf3, 0x0, 0x0,
    0x7, 0xfc, 0x2f, 0xf3, 0x0, 0x0, 0x7, 0xfc,
    0x1f, 0xf3, 0x0, 0x0, 0x7, 0xfc, 0xf, 0xf5,
    0x0, 0x0, 0x9, 0xfa, 0xc, 0xfb, 0x0, 0x0,
    0xe, 0xf7, 0x6, 0xff, 0x81, 0x2, 0xbf, 0xf1,
    0x0, 0xaf, 0xff, 0xff, 0xff, 0x50, 0x0, 0x6,
    0xcf, 0xfe, 0xa3, 0x0,

    /* U+0056 "V" */
    0xe, 0xf9, 0x0, 0x0, 0x0, 0x9f, 0xc0, 0x8f,
    0xd0, 0x0, 0x0, 0xe, 0xf7, 0x3, 0xff, 0x20,
    0x0, 0x2, 0xff, 0x10, 0xe, 0xf7, 0x0, 0x0,
    0x7f, 0xc0, 0x0, 0x9f, 0xc0, 0x0, 0xc, 0xf7,
    0x0, 0x3, 0xff, 0x10, 0x1, 0xff, 0x10, 0x0,
    0xe, 0xf5, 0x0, 0x5f, 0xc0, 0x0, 0x0, 0x9f,
    0xa0, 0xa, 0xf7, 0x0, 0x0, 0x3, 0xff, 0x0,
    0xff, 0x20, 0x0, 0x0, 0xe, 0xf4, 0x4f, 0xc0,
    0x0, 0x0, 0x0, 0x9f, 0x89, 0xf7, 0x0, 0x0,
    0x0, 0x4, 0xfd, 0xdf, 0x20, 0x0, 0x0, 0x0,
    0xe, 0xff, 0xc0, 0x0, 0x0, 0x0, 0x0, 0x9f,
    0xf7, 0x0, 0x0,

    /* U+0057 "W" */
    0x7f, 0xe0, 0x0, 0x2, 0xff, 0x20, 0x0, 0xe,
    0xf4, 0x3f, 0xf2, 0x0, 0x6, 0xff, 0x60, 0x0,
    0x1f, 0xf1, 0xf, 0xf5, 0x0, 0xa, 0xff, 0xb0,
    0x0, 0x4f, 0xe0, 0xc, 0xf8, 0x0, 0xe, 0xce,
    0xf0, 0x0, 0x7f, 0xa0, 0x9, 0xfb, 0x0, 0x2f,
    0x9b, 0xf3, 0x0, 0xaf, 0x70, 0x6, 0xfe, 0x0,
    0x7f, 0x58, 0xf7, 0x0, 0xef, 0x40, 0x2, 0xff,
    0x10, 0xbf, 0x24, 0xfb, 0x1, 0xff, 0x0, 0x0,
    0xff, 0x40, 0xfe, 0x0, 0xff, 0x4, 0xfd, 0x0,
    0x0, 0xbf, 0x62, 0xfa, 0x0, 0xcf, 0x36, 0xfa,
    0x0, 0x0, 0x8f, 0x96, 0xf6, 0x0, 0x8f, 0x69,
    0xf6, 0x0, 0x0, 0x4f, 0xc9, 0xf2, 0x0, 0x4f,
    0xac, 0xf3, 0x0, 0x0, 0x1f, 0xfd, 0xe0, 0x0,
    0xf, 0xee, 0xf0, 0x0, 0x0, 0xe, 0xff, 0xa0,
    0x0, 0xb, 0xff, 0xc0, 0x0, 0x0, 0xa, 0xff,
    0x60, 0x0, 0x7, 0xff, 0x90, 0x0,

    /* U+0058 "X" */
    0x2f, 0xf6, 0x0, 0x0, 0x5f, 0xf1, 0x8, 0xfe,
    0x0, 0x0, 0xdf, 0x70, 0x0, 0xef, 0x80, 0x6,
    0xfe, 0x0, 0x0, 0x6f, 0xf1, 0xe, 0xf5, 0x0,
    0x0, 0xc, 0xf9, 0x6f, 0xc0, 0x0, 0x0, 0x3,
    0xff, 0xef, 0x30, 0x0, 0x0, 0x0, 0xaf, 0xfa,
    0x0, 0x0, 0x0, 0x0, 0xdf, 0xfc, 0x0, 0x0,
    0x0, 0x7, 0xfb, 0xef, 0x50, 0x0, 0x0, 0x1f,
    0xf3, 0x7f, 0xe0, 0x0, 0x0, 0xaf, 0xa0, 0xe,
    0xf8, 0x0, 0x3, 0xff, 0x20, 0x5, 0xff, 0x20,
    0xc, 0xf9, 0x0, 0x0, 0xcf, 0xb0, 0x6f, 0xf1,
    0x0, 0x0, 0x3f, 0xf5,

    /* U+0059 "Y" */
    0xc, 0xfa, 0x0, 0x0, 0x8, 0xfd, 0x0, 0x4f,
    0xf1, 0x0, 0x0, 0xff, 0x50, 0x0, 0xcf, 0x90,
    0x0, 0x7f, 0xd0, 0x0, 0x4, 0xff, 0x10, 0xe,
    0xf5, 0x0, 0x0, 0xc, 0xf7, 0x6, 0xfd, 0x0,
    0x0, 0x0, 0x4f, 0xe0, 0xdf, 0x50, 0x0, 0x0,
    0x0, 0xcf, 0xaf, 0xc0, 0x0, 0x0, 0x0, 0x4,
    0xff, 0xf4, 0x0, 0x0, 0x0, 0x0, 0xc, 0xfd,
    0x0, 0x0, 0x0, 0x0, 0x0, 0xaf, 0xb0, 0x0,
    0x0, 0x0, 0x0, 0xa, 0xfb, 0x0, 0x0, 0x0,
    0x0, 0x0, 0xaf, 0xb0, 0x0, 0x0, 0x0, 0x0,
    0xa, 0xfb, 0x0, 0x0, 0x0, 0x0, 0x0, 0xaf,
    0xb0, 0x0, 0x0,

    /* U+005A "Z" */
    0x6, 0xff, 0xff, 0xff, 0xff, 0xf3, 0x5, 0xee,
    0xee, 0xee, 0xff, 0xf1, 0x0, 0x0, 0x0, 0x2,
    0xff, 0x60, 0x0, 0x0, 0x0, 0xc, 0xfb, 0x0,
    0x0, 0x0, 0x0, 0x7f, 0xe1, 0x0, 0x0, 0x0,
    0x3, 0xff, 0x50, 0x0, 0x0, 0x0, 0xd, 0xfa,
    0x0, 0x0, 0x0, 0x0, 0x8f, 0xe1, 0x0, 0x0,
    0x0, 0x3, 0xff, 0x40, 0x0, 0x0, 0x0, 0xd,
    0xf9, 0x0, 0x0, 0x0, 0x0, 0x9f, 0xd0, 0x0,
    0x0, 0x0, 0x4, 0xff, 0x30, 0x0, 0x0, 0x0,
    0xe, 0xff, 0xff, 0xff, 0xff, 0xf3, 0x1f, 0xff,
    0xff, 0xff, 0xff, 0xf4,

    /* U+005B "[" */
    0xef, 0xff, 0x5e, 0xd4, 0x41, 0xec, 0x0, 0xe,
    0xc0, 0x0, 0xec, 0x0, 0xe, 0xc0, 0x0, 0xec,
    0x0, 0xe, 0xc0, 0x0, 0xec, 0x0, 0xe, 0xc0,
    0x0, 0xec, 0x0, 0xe, 0xc0, 0x0, 0xec, 0x0,
    0xe, 0xc0, 0x0, 0xec, 0x0, 0xe, 0xc0, 0x0,
    0xec, 0x0, 0xe, 0xc0, 0x0, 0xef, 0xff, 0x52,
    0x33, 0x31,

    /* U+005C "\\" */
    0x6f, 0x20, 0x0, 0x0, 0x2f, 0x60, 0x0, 0x0,
    0xd, 0xb0, 0x0, 0x0, 0x8, 0xf0, 0x0, 0x0,
    0x4, 0xf4, 0x0, 0x0, 0x0, 0xf9, 0x0, 0x0,
    0x0, 0xbe, 0x0, 0x0, 0x0, 0x6f, 0x30, 0x0,
    0x0, 0x1f, 0x70, 0x0, 0x0, 0xd, 0xc0, 0x0,
    0x0, 0x8, 0xf1, 0x0, 0x0, 0x3, 0xf5, 0x0,
    0x0, 0x0, 0xea, 0x0, 0x0, 0x0, 0xae, 0x0,
    0x0, 0x0, 0x5f, 0x30, 0x0, 0x0, 0x1f, 0x80,
    0x0, 0x0, 0xc, 0xd0, 0x0, 0x0, 0x7, 0xf1,
    0x0, 0x0, 0x3, 0xf6,

    /* U+005D "]" */
    0x3f, 0xff, 0xf0, 0x4, 0x4c, 0xf0, 0x0, 0xb,
    0xf0, 0x0, 0xb, 0xf0, 0x0, 0xb, 0xf0, 0x0,
    0xb, 0xf0, 0x0, 0xb, 0xf0, 0x0, 0xb, 0xf0,
    0x0, 0xb, 0xf0, 0x0, 0xb, 0xf0, 0x0, 0xb,
    0xf0, 0x0, 0xb, 0xf0, 0x0, 0xb, 0xf0, 0x0,
    0xb, 0xf0, 0x0, 0xb, 0xf0, 0x0, 0xb, 0xf0,
    0x0, 0xb, 0xf0, 0x0, 0xb, 0xf0, 0x3f, 0xff,
    0xf0, 0x3, 0x33, 0x30,

    /* U+005E "^" */
    0x0, 0x3, 0x86, 0x0, 0x0, 0x0, 0xb, 0xff,
    0x10, 0x0, 0x0, 0x1f, 0xef, 0x70, 0x0, 0x0,
    0x7f, 0x5e, 0xe0, 0x0, 0x0, 0xee, 0x8, 0xf4,
    0x0, 0x4, 0xf9, 0x2, 0xfb, 0x0, 0xb, 0xf3,
    0x0, 0xcf, 0x10, 0x1f, 0xc0, 0x0, 0x6f, 0x80,
    0x8f, 0x60, 0x0, 0x1f, 0xe0,

    /* U+005F "_" */
    0x11, 0x11, 0x11, 0x11, 0x11, 0x1b, 0xff, 0xff,
    0xff, 0xff, 0xff, 0x34, 0x44, 0x44, 0x44, 0x44,
    0x40,

    /* U+0060 "`" */
    0x0, 0x20, 0x0, 0xc, 0xe1, 0x0, 0x1d, 0xfd,
    0x0, 0x0, 0xcf, 0xb0, 0x0, 0xb, 0xf3, 0x0,
    0x0, 0x30,

    /* U+0061 "a" */
    0x1, 0x8c, 0xff, 0xb3, 0x3, 0xff, 0xfd, 0xff,
    0xf3, 0xa, 0x50, 0x1, 0xcf, 0xa0, 0x0, 0x0,
    0x6, 0xfe, 0x0, 0x15, 0x9c, 0xef, 0xf0, 0x8f,
    0xfe, 0xaa, 0xff, 0x7f, 0xe3, 0x0, 0x5f, 0xfd,
    0xf6, 0x0, 0x5, 0xff, 0xdf, 0x80, 0x2, 0xdf,
    0xf7, 0xff, 0xdd, 0xfc, 0xff, 0x7, 0xef, 0xd6,
    0xf, 0xf0,

    /* U+0062 "b" */
    0x4f, 0xf0, 0x0, 0x0, 0x0, 0x4, 0xff, 0x0,
    0x0, 0x0, 0x0, 0x4f, 0xf0, 0x0, 0x0, 0x0,
    0x4, 0xff, 0x0, 0x0, 0x0, 0x0, 0x4f, 0xf1,
    0x8e, 0xfc, 0x50, 0x4, 0xff, 0xef, 0xef, 0xff,
    0x70, 0x4f, 0xfb, 0x20, 0xa, 0xff, 0x14, 0xff,
    0x0, 0x0, 0x1f, 0xf5, 0x4f, 0xf0, 0x0, 0x0,
    0xdf, 0x84, 0xff, 0x0, 0x0, 0xc, 0xf9, 0x4f,
    0xf0, 0x0, 0x0, 0xef, 0x74, 0xff, 0x0, 0x0,
    0x3f, 0xf3, 0x4f, 0xf8, 0x10, 0x2d, 0xfd, 0x4,
    0xfe, 0xff, 0xef, 0xfe, 0x20, 0x4f, 0xa3, 0xbf,
    0xea, 0x20, 0x0,

    /* U+0063 "c" */
    0x0, 0x3, 0xae, 0xfd, 0x70, 0x0, 0x6f, 0xff,
    0xef, 0xf5, 0x3, 0xff, 0xa1, 0x1, 0x60, 0xb,
    0xfd, 0x0, 0x0, 0x0, 0xe, 0xf7, 0x0, 0x0,
    0x0, 0xf, 0xf5, 0x0, 0x0, 0x0, 0xf, 0xf7,
    0x0, 0x0, 0x0, 0xb, 0xfc, 0x0, 0x0, 0x0,
    0x4, 0xff, 0x91, 0x1, 0x81, 0x0, 0x8f, 0xff,
    0xef, 0xf9, 0x0, 0x4, 0xbe, 0xfd, 0x70,

    /* U+0064 "d" */
    0x0, 0x0, 0x0, 0x6, 0xfe, 0x0, 0x0, 0x0,
    0x6, 0xfe, 0x0, 0x0, 0x0, 0x6, 0xfe, 0x0,
    0x0, 0x0, 0x6, 0xfe, 0x0, 0x5c, 0xfe, 0x86,
    0xfe, 0x8, 0xff, 0xff, 0xff, 0xfe, 0x3f, 0xf9,
    0x0, 0x2c, 0xfe, 0xaf, 0xc0, 0x0, 0x6, 0xfe,
    0xef, 0x70, 0x0, 0x6, 0xfe, 0xff, 0x60, 0x0,
    0x6, 0xfe, 0xef, 0x70, 0x0, 0x6, 0xfe, 0xbf,
    0xb0, 0x0, 0x6, 0xfe, 0x6f, 0xf7, 0x0, 0x4e,
    0xfe, 0xb, 0xff, 0xff, 0xfd, 0xfe, 0x0, 0x8d,
    0xfd, 0x71, 0xfe,

    /* U+0065 "e" */
    0x0, 0x4, 0xbf, 0xfc, 0x40, 0x0, 0x7, 0xff,
    0xdd, 0xff, 0x60, 0x3, 0xff, 0x40, 0x4, 0xff,
    0x0, 0xbf, 0x70, 0x0, 0xa, 0xf5, 0xf, 0xfa,
    0x99, 0x99, 0xcf, 0x70, 0xff, 0xff, 0xff, 0xff,
    0xf6, 0xf, 0xf5, 0x0, 0x0, 0x0, 0x0, 0xbf,
    0xa0, 0x0, 0x0, 0x0, 0x4, 0xff, 0x80, 0x0,
    0x33, 0x0, 0x7, 0xff, 0xec, 0xef, 0xc0, 0x0,
    0x3, 0xae, 0xfe, 0x92, 0x0,

    /* U+0066 "f" */
    0x0, 0x6, 0xdf, 0xe5, 0x0, 0x6f, 0xfe, 0xe3,
    0x0, 0xbf, 0xb0, 0x0, 0x0, 0xdf, 0x70, 0x0,
    0x5e, 0xff, 0xff, 0xa0, 0x4d, 0xff, 0xfd, 0x80,
    0x0, 0xef, 0x60, 0x0, 0x0, 0xef, 0x60, 0x0,
    0x0, 0xef, 0x60, 0x0, 0x0, 0xef, 0x60, 0x0,
    0x0, 0xef, 0x60, 0x0, 0x0, 0xef, 0x60, 0x0,
    0x0, 0xef, 0x60, 0x0, 0x0, 0xef, 0x60, 0x0,
    0x0, 0xef, 0x60, 0x0,

    /* U+0067 "g" */
    0x0, 0x29, 0xef, 0xff, 0xff, 0xf1, 0x2, 0xef,
    0xda, 0xcf, 0xfb, 0xb0, 0x9, 0xfb, 0x0, 0x9,
    0xf7, 0x0, 0x9, 0xf9, 0x0, 0x6, 0xfa, 0x0,
    0x3, 0xff, 0x62, 0x5e, 0xf6, 0x0, 0x0, 0x7f,
    0xff, 0xff, 0x70, 0x0, 0x1, 0xec, 0x24, 0x30,
    0x0, 0x0, 0x6, 0xf7, 0x0, 0x0, 0x0, 0x0,
    0x6, 0xfb, 0x0, 0x0, 0x0, 0x0, 0x1, 0xff,
    0xec, 0xcc, 0xb7, 0x10, 0x0, 0xbf, 0xff, 0xff,
    0xff, 0xe0, 0xb, 0xf3, 0x0, 0x0, 0x4f, 0xf3,
    0xf, 0xf1, 0x0, 0x0, 0x4f, 0xf1, 0xb, 0xfe,
    0x98, 0x8b, 0xff, 0x50, 0x0, 0x7c, 0xff, 0xec,
    0x81, 0x0,

    /* U+0068 "h" */
    0x4f, 0xf0, 0x0, 0x0, 0x0, 0x4f, 0xf0, 0x0,
    0x0, 0x0, 0x4f, 0xf0, 0x0, 0x0, 0x0, 0x4f,
    0xf0, 0x0, 0x0, 0x0, 0x4f, 0xf0, 0x7d, 0xfd,
    0x60, 0x4f, 0xfb, 0xff, 0xff, 0xf3, 0x4f, 0xfe,
    0x40, 0x2e, 0xfa, 0x4f, 0xf2, 0x0, 0x8, 0xfc,
    0x4f, 0xf0, 0x0, 0x6, 0xfd, 0x4f, 0xf0, 0x0,
    0x6, 0xfe, 0x4f, 0xf0, 0x0, 0x6, 0xfe, 0x4f,
    0xf0, 0x0, 0x6, 0xfe, 0x4f, 0xf0, 0x0, 0x6,
    0xfe, 0x4f, 0xf0, 0x0, 0x6, 0xfe, 0x4f, 0xf0,
    0x0, 0x6, 0xfe,

    /* U+0069 "i" */
    0x3e, 0xd1, 0x7f, 0xf4, 0x19, 0x80, 0x0, 0x0,
    0x4f, 0xf0, 0x4f, 0xf0, 0x4f, 0xf0, 0x4f, 0xf0,
    0x4f, 0xf0, 0x4f, 0xf0, 0x4f, 0xf0, 0x4f, 0xf0,
    0x4f, 0xf0, 0x4f, 0xf0, 0x4f, 0xf0,

    /* U+006A "j" */
    0x0, 0x3e, 0xd1, 0x0, 0x7f, 0xf4, 0x0, 0x19,
    0x80, 0x0, 0x0, 0x0, 0x0, 0x4f, 0xf1, 0x0,
    0x4f, 0xf1, 0x0, 0x4f, 0xf1, 0x0, 0x4f, 0xf1,
    0x0, 0x4f, 0xf1, 0x0, 0x4f, 0xf1, 0x0, 0x4f,
    0xf1, 0x0, 0x4f, 0xf1, 0x0, 0x4f, 0xf1, 0x0,
    0x4f, 0xf1, 0x0, 0x4f, 0xf1, 0x0, 0x4f, 0xf0,
    0x0, 0x7f, 0xe0, 0x9d, 0xff, 0x80, 0xbf, 0xe9,
    0x0,

    /* U+006B "k" */
    0x4f, 0xf0, 0x0, 0x0, 0x0, 0x4, 0xff, 0x0,
    0x0, 0x0, 0x0, 0x4f, 0xf0, 0x0, 0x0, 0x0,
    0x4, 0xff, 0x0, 0x0, 0x0, 0x0, 0x4f, 0xf0,
    0x0, 0x2e, 0xf7, 0x4, 0xff, 0x0, 0xd, 0xfa,
    0x0, 0x4f, 0xf0, 0xa, 0xfc, 0x0, 0x4, 0xff,
    0x7, 0xfe, 0x10, 0x0, 0x4f, 0xf4, 0xff, 0x50,
    0x0, 0x4, 0xff, 0xef, 0xfc, 0x0, 0x0, 0x4f,
    0xff, 0x7d, 0xf7, 0x0, 0x4, 0xff, 0x80, 0x4f,
    0xf2, 0x0, 0x4f, 0xf0, 0x0, 0xaf, 0xb0, 0x4,
    0xff, 0x0, 0x1, 0xff, 0x50, 0x4f, 0xf0, 0x0,
    0x7, 0xfe, 0x10,

    /* U+006C "l" */
    0x4f, 0xf0, 0x4, 0xff, 0x0, 0x4f, 0xf0, 0x4,
    0xff, 0x0, 0x4f, 0xf0, 0x4, 0xff, 0x0, 0x4f,
    0xf0, 0x4, 0xff, 0x0, 0x4f, 0xf0, 0x4, 0xff,
    0x0, 0x4f, 0xf0, 0x4, 0xff, 0x0, 0x3f, 0xf1,
    0x1, 0xff, 0xe0, 0x7, 0xef, 0x20,

    /* U+006D "m" */
    0x4f, 0xa0, 0x7e, 0xfc, 0x30, 0x2a, 0xfe, 0x90,
    0x4, 0xfd, 0xbf, 0xff, 0xff, 0x5f, 0xff, 0xff,
    0x90, 0x4f, 0xfd, 0x40, 0x4f, 0xff, 0xa1, 0xa,
    0xff, 0x4, 0xff, 0x20, 0x0, 0xcf, 0xb0, 0x0,
    0x2f, 0xf2, 0x4f, 0xf0, 0x0, 0xa, 0xfa, 0x0,
    0x1, 0xff, 0x44, 0xff, 0x0, 0x0, 0xaf, 0xa0,
    0x0, 0x1f, 0xf4, 0x4f, 0xf0, 0x0, 0xa, 0xfa,
    0x0, 0x1, 0xff, 0x44, 0xff, 0x0, 0x0, 0xaf,
    0xa0, 0x0, 0x1f, 0xf4, 0x4f, 0xf0, 0x0, 0xa,
    0xfa, 0x0, 0x1, 0xff, 0x44, 0xff, 0x0, 0x0,
    0xaf, 0xa0, 0x0, 0x1f, 0xf4, 0x4f, 0xf0, 0x0,
    0xa, 0xfa, 0x0, 0x1, 0xff, 0x40,

    /* U+006E "n" */
    0x4f, 0xa0, 0x7d, 0xfd, 0x60, 0x4f, 0xdb, 0xff,
    0xff, 0xf3, 0x4f, 0xfe, 0x40, 0x2e, 0xfa, 0x4f,
    0xf2, 0x0, 0x8, 0xfc, 0x4f, 0xf0, 0x0, 0x6,
    0xfd, 0x4f, 0xf0, 0x0, 0x6, 0xfe, 0x4f, 0xf0,
    0x0, 0x6, 0xfe, 0x4f, 0xf0, 0x0, 0x6, 0xfe,
    0x4f, 0xf0, 0x0, 0x6, 0xfe, 0x4f, 0xf0, 0x0,
    0x6, 0xfe, 0x4f, 0xf0, 0x0, 0x6, 0xfe,

    /* U+006F "o" */
    0x0, 0x3, 0xbe, 0xfc, 0x60, 0x0, 0x0, 0x7f,
    0xff, 0xef, 0xfb, 0x0, 0x4, 0xff, 0x70, 0x4,
    0xff, 0x80, 0xb, 0xfc, 0x0, 0x0, 0x7f, 0xf0,
    0xe, 0xf7, 0x0, 0x0, 0x2f, 0xf3, 0xf, 0xf5,
    0x0, 0x0, 0x1f, 0xf4, 0xe, 0xf7, 0x0, 0x0,
    0x2f, 0xf3, 0xb, 0xfb, 0x0, 0x0, 0x7f, 0xe0,
    0x4, 0xff, 0x70, 0x4, 0xff, 0x80, 0x0, 0x7f,
    0xff, 0xef, 0xfb, 0x0, 0x0, 0x3, 0xbe, 0xfc,
    0x60, 0x0,

    /* U+0070 "p" */
    0x4f, 0xb1, 0x9e, 0xfc, 0x50, 0x4, 0xfe, 0xef,
    0xef, 0xff, 0x70, 0x4f, 0xfc, 0x20, 0xa, 0xff,
    0x14, 0xff, 0x0, 0x0, 0x1f, 0xf5, 0x4f, 0xf0,
    0x0, 0x0, 0xdf, 0x84, 0xff, 0x0, 0x0, 0xc,
    0xf9, 0x4f, 0xf0, 0x0, 0x0, 0xef, 0x74, 0xff,
    0x0, 0x0, 0x3f, 0xf3, 0x4f, 0xf8, 0x10, 0x2d,
    0xfd, 0x4, 0xff, 0xff, 0xef, 0xfe, 0x20, 0x4f,
    0xf2, 0xaf, 0xea, 0x20, 0x4, 0xff, 0x0, 0x0,
    0x0, 0x0, 0x4f, 0xf0, 0x0, 0x0, 0x0, 0x4,
    0xff, 0x0, 0x0, 0x0, 0x0, 0x4f, 0xf0, 0x0,
    0x0, 0x0, 0x0,

    /* U+0071 "q" */
    0x0, 0x5c, 0xfe, 0x92, 0xfe, 0x8, 0xff, 0xff,
    0xff, 0xfe, 0x3f, 0xf9, 0x0, 0x2c, 0xfe, 0xaf,
    0xc0, 0x0, 0x6, 0xfe, 0xef, 0x70, 0x0, 0x6,
    0xfe, 0xff, 0x60, 0x0, 0x6, 0xfe, 0xef, 0x70,
    0x0, 0x6, 0xfe, 0xbf, 0xb0, 0x0, 0x6, 0xfe,
    0x6f, 0xf7, 0x0, 0x4e, 0xfe, 0xb, 0xff, 0xff,
    0xfe, 0xfe, 0x0, 0x8d, 0xfd, 0x66, 0xfe, 0x0,
    0x0, 0x0, 0x6, 0xfe, 0x0, 0x0, 0x0, 0x6,
    0xfe, 0x0, 0x0, 0x0, 0x6, 0xfe, 0x0, 0x0,
    0x0, 0x6, 0xfe,

    /* U+0072 "r" */
    0x4f, 0xa0, 0x8e, 0xf1, 0x4f, 0xca, 0xff, 0xe0,
    0x4f, 0xff, 0x71, 0x10, 0x4f, 0xf7, 0x0, 0x0,
    0x4f, 0xf1, 0x0, 0x0, 0x4f, 0xf0, 0x0, 0x0,
    0x4f, 0xf0, 0x0, 0x0, 0x4f, 0xf0, 0x0, 0x0,
    0x4f, 0xf0, 0x0, 0x0, 0x4f, 0xf0, 0x0, 0x0,
    0x4f, 0xf0, 0x0, 0x0,

    /* U+0073 "s" */
    0x0, 0x4b, 0xff, 0xc7, 0x0, 0x4f, 0xfd, 0xcf,
    0xf6, 0xb, 0xf9, 0x0, 0x16, 0x0, 0xbf, 0x90,
    0x0, 0x0, 0x4, 0xff, 0xd6, 0x0, 0x0, 0x3,
    0xcf, 0xff, 0x70, 0x0, 0x0, 0x29, 0xff, 0x80,
    0x0, 0x0, 0x7, 0xfd, 0x9, 0x60, 0x0, 0x8f,
    0xc2, 0xff, 0xeb, 0xdf, 0xf5, 0x2, 0x9d, 0xfe,
    0xb4, 0x0,

    /* U+0074 "t" */
    0x0, 0x9f, 0x60, 0x0, 0x0, 0xaf, 0x60, 0x0,
    0x0, 0xbf, 0x60, 0x0, 0x7f, 0xff, 0xff, 0xf4,
    0x6d, 0xff, 0xed, 0xd3, 0x0, 0xef, 0x60, 0x0,
    0x0, 0xef, 0x60, 0x0, 0x0, 0xef, 0x60, 0x0,
    0x0, 0xef, 0x60, 0x0, 0x0, 0xef, 0x60, 0x0,
    0x0, 0xef, 0x60, 0x0, 0x0, 0xcf, 0xb0, 0x0,
    0x0, 0x6f, 0xfe, 0xe5, 0x0, 0x7, 0xef, 0xd5,

    /* U+0075 "u" */
    0x6f, 0xe0, 0x0, 0xa, 0xfb, 0x6f, 0xe0, 0x0,
    0xa, 0xfb, 0x6f, 0xe0, 0x0, 0xa, 0xfb, 0x6f,
    0xe0, 0x0, 0xa, 0xfb, 0x6f, 0xe0, 0x0, 0xa,
    0xfb, 0x6f, 0xe0, 0x0, 0xa, 0xfb, 0x6f, 0xe0,
    0x0, 0xa, 0xfb, 0x5f, 0xf0, 0x0, 0xb, 0xfb,
    0x3f, 0xf7, 0x1, 0xaf, 0xfb, 0xc, 0xff, 0xff,
    0xf9, 0xfb, 0x2, 0xbf, 0xfa, 0x24, 0xfb,

    /* U+0076 "v" */
    0x8f, 0xc0, 0x0, 0x0, 0xcf, 0x73, 0xff, 0x10,
    0x0, 0x1f, 0xf1, 0xd, 0xf6, 0x0, 0x6, 0xfc,
    0x0, 0x7f, 0xb0, 0x0, 0xbf, 0x60, 0x2, 0xff,
    0x10, 0x1f, 0xf1, 0x0, 0xc, 0xf5, 0x5, 0xfb,
    0x0, 0x0, 0x7f, 0xa0, 0xaf, 0x60, 0x0, 0x1,
    0xfe, 0xe, 0xf1, 0x0, 0x0, 0xb, 0xf7, 0xfb,
    0x0, 0x0, 0x0, 0x6f, 0xff, 0x50, 0x0, 0x0,
    0x1, 0xff, 0xf0, 0x0, 0x0,

    /* U+0077 "w" */
    0x5f, 0xf0, 0x0, 0xd, 0xf8, 0x0, 0x4, 0xfe,
    0x1, 0xff, 0x30, 0x1, 0xff, 0xc0, 0x0, 0x8f,
    0xa0, 0xc, 0xf7, 0x0, 0x6f, 0xdf, 0x10, 0xb,
    0xf6, 0x0, 0x8f, 0xb0, 0xa, 0xf7, 0xf5, 0x0,
    0xff, 0x20, 0x3, 0xff, 0x0, 0xec, 0x3f, 0x90,
    0x3f, 0xe0, 0x0, 0xf, 0xf3, 0x2f, 0x90, 0xfd,
    0x7, 0xf9, 0x0, 0x0, 0xbf, 0x66, 0xf5, 0xb,
    0xf1, 0xaf, 0x50, 0x0, 0x7, 0xf9, 0xaf, 0x10,
    0x7f, 0x5d, 0xf1, 0x0, 0x0, 0x2f, 0xcd, 0xd0,
    0x3, 0xfa, 0xfd, 0x0, 0x0, 0x0, 0xef, 0xf9,
    0x0, 0xf, 0xff, 0x90, 0x0, 0x0, 0xa, 0xff,
    0x50, 0x0, 0xbf, 0xf5, 0x0, 0x0,

    /* U+0078 "x" */
    0x2f, 0xf5, 0x0, 0xb, 0xfa, 0x0, 0x8f, 0xe0,
    0x3, 0xff, 0x10, 0x0, 0xdf, 0x80, 0xbf, 0x70,
    0x0, 0x4, 0xff, 0x5f, 0xd0, 0x0, 0x0, 0x9,
    0xff, 0xf4, 0x0, 0x0, 0x0, 0x5f, 0xfc, 0x0,
    0x0, 0x0, 0xd, 0xff, 0xf4, 0x0, 0x0, 0x8,
    0xf9, 0x6f, 0xe0, 0x0, 0x2, 0xff, 0x10, 0xdf,
    0x90, 0x0, 0xcf, 0x80, 0x3, 0xff, 0x30, 0x6f,
    0xe1, 0x0, 0x9, 0xfd, 0x0,

    /* U+0079 "y" */
    0x8f, 0xc0, 0x0, 0x0, 0xcf, 0x71, 0xff, 0x20,
    0x0, 0x1f, 0xf1, 0xa, 0xf8, 0x0, 0x6, 0xfb,
    0x0, 0x4f, 0xe0, 0x0, 0xbf, 0x50, 0x0, 0xdf,
    0x40, 0x1f, 0xf0, 0x0, 0x6, 0xfa, 0x6, 0xfa,
    0x0, 0x0, 0xf, 0xf0, 0xbf, 0x40, 0x0, 0x0,
    0x9f, 0x5f, 0xe0, 0x0, 0x0, 0x2, 0xfe, 0xf8,
    0x0, 0x0, 0x0, 0xc, 0xff, 0x30, 0x0, 0x0,
    0x0, 0x7f, 0xd0, 0x0, 0x0, 0x0, 0xb, 0xf7,
    0x0, 0x0, 0x0, 0x6, 0xfe, 0x10, 0x0, 0x0,
    0xbe, 0xff, 0x50, 0x0, 0x0, 0xe, 0xfc, 0x40,
    0x0, 0x0, 0x0,

    /* U+007A "z" */
    0xa, 0xff, 0xff, 0xff, 0xf1, 0x8, 0xdd, 0xdd,
    0xff, 0xd0, 0x0, 0x0, 0x4, 0xff, 0x30, 0x0,
    0x0, 0x1e, 0xf8, 0x0, 0x0, 0x0, 0xaf, 0xc0,
    0x0, 0x0, 0x5, 0xff, 0x20, 0x0, 0x0, 0x1e,
    0xf7, 0x0, 0x0, 0x0, 0xbf, 0xc0, 0x0, 0x0,
    0x6, 0xff, 0x20, 0x0, 0x0, 0x1f, 0xff, 0xcc,
    0xcc, 0xc3, 0x4f, 0xff, 0xff, 0xff, 0xf4,

    /* U+007B "{" */
    0x0, 0x8, 0xef, 0x50, 0x5, 0xfd, 0x41, 0x0,
    0x8f, 0x60, 0x0, 0x8, 0xf5, 0x0, 0x0, 0x7f,
    0x60, 0x0, 0x6, 0xf6, 0x0, 0x0, 0x5f, 0x70,
    0x0, 0x6, 0xf6, 0x0, 0x3, 0xdf, 0x30, 0x3,
    0xff, 0x70, 0x0, 0x16, 0xef, 0x20, 0x0, 0x7,
    0xf6, 0x0, 0x0, 0x5f, 0x70, 0x0, 0x6, 0xf6,
    0x0, 0x0, 0x7f, 0x60, 0x0, 0x8, 0xf5, 0x0,
    0x0, 0x8f, 0x60, 0x0, 0x6, 0xfb, 0x0, 0x0,
    0xc, 0xff, 0x50, 0x0, 0x2, 0x31,

    /* U+007C "|" */
    0xf9, 0xf9, 0xf9, 0xf9, 0xf9, 0xf9, 0xf9, 0xf9,
    0xf9, 0xf9, 0xf9, 0xf9, 0xf9, 0xf9, 0xf9, 0xf9,
    0xf9, 0xf9, 0xf9, 0xf9, 0xf9, 0xf9,

    /* U+007D "}" */
    0x3f, 0xe9, 0x0, 0x0, 0x4c, 0xf6, 0x0, 0x0,
    0x4f, 0x90, 0x0, 0x3, 0xfa, 0x0, 0x0, 0x4f,
    0x90, 0x0, 0x4, 0xf8, 0x0, 0x0, 0x5f, 0x70,
    0x0, 0x4, 0xf8, 0x0, 0x0, 0x1f, 0xe4, 0x0,
    0x0, 0x5f, 0xf5, 0x0, 0x1e, 0xf7, 0x10, 0x4,
    0xf8, 0x0, 0x0, 0x5f, 0x70, 0x0, 0x5, 0xf7,
    0x0, 0x0, 0x4f, 0x90, 0x0, 0x4, 0xf9, 0x0,
    0x0, 0x4f, 0x90, 0x0, 0x9, 0xf7, 0x0, 0x3f,
    0xfd, 0x10, 0x0, 0x32, 0x0, 0x0,

    /* U+007E "~" */
    0x0, 0x49, 0x81, 0x0, 0x0, 0x0, 0x6f, 0xff,
    0xe3, 0x1, 0xd4, 0xf, 0xb1, 0x4e, 0xfb, 0xef,
    0x20, 0x21, 0x0, 0x1a, 0xfc, 0x30,

    /* U+00B0 "°" */
    0x0, 0x9e, 0xe7, 0x0, 0xad, 0x45, 0xf5, 0xf,
    0x50, 0x9, 0xb0, 0xf4, 0x0, 0x9b, 0xc, 0xb1,
    0x3e, 0x70, 0x2d, 0xff, 0xa0, 0x0, 0x1, 0x10,
    0x0,

    /* U+00D7 "×" */
    0x6, 0x10, 0x0, 0x0, 0x0, 0x1, 0x60, 0x3f,
    0xd1, 0x0, 0x0, 0x0, 0x1c, 0xf4, 0x6, 0xfd,
    0x10, 0x0, 0x1, 0xdf, 0x60, 0x0, 0x6f, 0xd1,
    0x0, 0x1d, 0xf6, 0x0, 0x0, 0x5, 0xfd, 0x11,
    0xdf, 0x60, 0x0, 0x0, 0x0, 0x5f, 0xed, 0xf5,
    0x0, 0x0, 0x0, 0x0, 0x6, 0xff, 0x70, 0x0,
    0x0, 0x0, 0x0, 0x2e, 0xff, 0xe2, 0x0, 0x0,
    0x0, 0x2, 0xef, 0x44, 0xfe, 0x20, 0x0, 0x0,
    0x3e, 0xf4, 0x0, 0x4f, 0xe3, 0x0, 0x3, 0xef,
    0x40, 0x0, 0x3, 0xfe, 0x30, 0x3f, 0xf3, 0x0,
    0x0, 0x0, 0x3f, 0xf3, 0xb, 0x30, 0x0, 0x0,
    0x0, 0x3, 0xb0,

    /* U+2013 "–" */
    0x8, 0x88, 0x88, 0x88, 0x86, 0x1f, 0xff, 0xff,
    0xff, 0xfd,

    /* U+2014 "—" */
    0x8, 0x88, 0x88, 0x88, 0x88, 0x88, 0x88, 0x88,
    0x80, 0x1f, 0xff, 0xff, 0xff, 0xff, 0xff, 0xff,
    0xff, 0xf0,

    /* U+2018 "‘" */
    0x1, 0x80, 0xd, 0x90, 0x9b, 0x0, 0xec, 0x70,
    0xdf, 0xf1, 0x5e, 0xb0,

    /* U+2019 "’" */
    0x6, 0x92, 0x1f, 0xfc, 0xc, 0xfe, 0x0, 0x8b,
    0x4, 0xf2, 0xc, 0x40, 0x0, 0x0,

    /* U+201C "“" */
    0x0, 0x71, 0x0, 0x81, 0xa, 0xc1, 0xb, 0xb1,
    0x5e, 0x0, 0x6d, 0x0, 0xad, 0x90, 0xad, 0x80,
    0x9f, 0xf5, 0xaf, 0xf4, 0x2d, 0xd2, 0x3e, 0xd1,

    /* U+201D "”" */
    0x8, 0x80, 0x8, 0x80, 0x4f, 0xf8, 0x5f, 0xf8,
    0x1d, 0xfb, 0x2e, 0xfa, 0x0, 0xb8, 0x0, 0xc7,
    0x7, 0xd1, 0x8, 0xd0, 0x2c, 0x20, 0x3c, 0x20,
    0x0, 0x0, 0x0, 0x0,

    /* U+2026 "…" */
    0x7, 0xc3, 0x0, 0x1, 0xaa, 0x10, 0x0, 0x3c,
    0x70, 0xf, 0xfb, 0x0, 0x6, 0xff, 0x60, 0x0,
    0xbf, 0xf0, 0xa, 0xf5, 0x0, 0x2, 0xdd, 0x20,
    0x0, 0x5f, 0xa0,

    /* U+3001 "、" */
    0x0, 0x60, 0x0, 0x0, 0xaf, 0xc1, 0x0, 0x5,
    0xff, 0xc1, 0x0, 0x4, 0xff, 0xc0, 0x0, 0x4,
    0xff, 0xb0, 0x0, 0x5, 0xe3, 0x0, 0x0, 0x0,
    0x0,

    /* U+3002 "。" */
    0x0, 0x8d, 0xd5, 0x0, 0x9e, 0x67, 0xf5, 0x1f,
    0x30, 0x7, 0xd3, 0xf0, 0x0, 0x4f, 0x1f, 0x20,
    0x6, 0xd0, 0xad, 0x46, 0xf6, 0x0, 0x9f, 0xe7,
    0x0,

    /* U+300A "《" */
    0x0, 0x0, 0x7a, 0x3, 0xc2, 0x0, 0x0, 0xe9,
    0xa, 0xd0, 0x0, 0x6, 0xf2, 0x1f, 0x60, 0x0,
    0xd, 0xa0, 0x8e, 0x0, 0x0, 0x4f, 0x30, 0xf7,
    0x0, 0x0, 0xcc, 0x7, 0xf1, 0x0, 0x3, 0xf4,
    0xe, 0x90, 0x0, 0xa, 0xd0, 0x5f, 0x20, 0x0,
    0x1f, 0x60, 0xca, 0x0, 0x0, 0x6f, 0x11, 0xf6,
    0x0, 0x0, 0x1f, 0x70, 0xbc, 0x0, 0x0, 0x9,
    0xe0, 0x4f, 0x30, 0x0, 0x2, 0xf6, 0xd, 0xa0,
    0x0, 0x0, 0xad, 0x6, 0xf2, 0x0, 0x0, 0x3f,
    0x40, 0xe9, 0x0, 0x0, 0xc, 0xc0, 0x7f, 0x10,
    0x0, 0x4, 0xf3, 0x1f, 0x80, 0x0, 0x0, 0xda,
    0x9, 0xe0, 0x0, 0x0, 0x58, 0x2, 0x91,

    /* U+300B "》" */
    0x2c, 0x30, 0xb7, 0x0, 0x0, 0xd, 0xa0, 0x9e,
    0x0, 0x0, 0x6, 0xf1, 0x2f, 0x60, 0x0, 0x0,
    0xe8, 0xb, 0xd0, 0x0, 0x0, 0x8f, 0x3, 0xf4,
    0x0, 0x0, 0x1f, 0x70, 0xcb, 0x0, 0x0, 0x9,
    0xe0, 0x5f, 0x20, 0x0, 0x2, 0xf5, 0xd, 0xa0,
    0x0, 0x0, 0xbc, 0x6, 0xf1, 0x0, 0x0, 0x6f,
    0x11, 0xf6, 0x0, 0x0, 0xcb, 0x8, 0xf0, 0x0,
    0x3, 0xf4, 0xe, 0x80, 0x0, 0xb, 0xd0, 0x6f,
    0x10, 0x0, 0x2f, 0x50, 0xda, 0x0, 0x0, 0x9e,
    0x5, 0xf3, 0x0, 0x1, 0xf7, 0xc, 0xb0, 0x0,
    0x8, 0xf0, 0x3f, 0x40, 0x0, 0xe, 0x80, 0xbd,
    0x0, 0x0, 0x19, 0x10, 0x85, 0x0, 0x0,

    /* U+4E09 "三" */
    0xb, 0xff, 0xff, 0xff, 0xff, 0xff, 0xff, 0xff,
    0x60, 0xc, 0xff, 0xff, 0xff, 0xff, 0xff, 0xff,
    0xff, 0x60, 0x0, 0x0, 0x0, 0x0, 0x0, 0x0,
    0x0, 0x0, 0x0, 0x0, 0x0, 0x0, 0x0, 0x0,
    0x0, 0x0, 0x0, 0x0, 0x0, 0x0, 0x0, 0x0,
    0x0, 0x0, 0x0, 0x0, 0x0, 0x0, 0x0, 0x0,
    0x0, 0x0, 0x0, 0x0, 0x0, 0x0, 0x0, 0x4a,
    0xaa, 0xaa, 0xaa, 0xaa, 0xaa, 0x80, 0x0, 0x0,
    0x7f, 0xff, 0xff, 0xff, 0xff, 0xff, 0xd0, 0x0,
    0x0, 0x13, 0x33, 0x33, 0x33, 0x33, 0x33, 0x30,
    0x0, 0x0, 0x0, 0x0, 0x0, 0x0, 0x0, 0x0,
    0x0, 0x0, 0x0, 0x0, 0x0, 0x0, 0x0, 0x0,
    0x0, 0x0, 0x0, 0x0, 0x0, 0x0, 0x0, 0x0,
    0x0, 0x0, 0x0, 0x0, 0x0, 0x0, 0x0, 0x0,
    0x0, 0x0, 0x0, 0x0, 0x0, 0xbc, 0xcc, 0xcc,
    0xcc, 0xcc, 0xcc, 0xcc, 0xcc, 0xc6, 0xef, 0xff,
    0xff, 0xff, 0xff, 0xff, 0xff, 0xff, 0xf7, 0x12,
    0x22, 0x22, 0x22, 0x22, 0x22, 0x22, 0x22, 0x20,

    /* U+4E0D "不" */
    0xa, 0xbb, 0xbb, 0xbb, 0xbb, 0xbb, 0xbb, 0xbb,
    0xbb, 0x50, 0xe, 0xff, 0xff, 0xff, 0xff, 0xff,
    0xff, 0xff, 0xff, 0x70, 0x2, 0x33, 0x33, 0x33,
    0x3b, 0xff, 0x33, 0x33, 0x33, 0x10, 0x0, 0x0,
    0x0, 0x0, 0x3f, 0xf5, 0x0, 0x0, 0x0, 0x0,
    0x0, 0x0, 0x0, 0x0, 0xdf, 0xf0, 0x0, 0x0,
    0x0, 0x0, 0x0, 0x0, 0x0, 0xa, 0xff, 0xd1,
    0x60, 0x0, 0x0, 0x0, 0x0, 0x0, 0x0, 0x9f,
    0xff, 0xdc, 0xfb, 0x10, 0x0, 0x0, 0x0, 0x0,
    0xa, 0xff, 0x9f, 0xc2, 0xdf, 0xe3, 0x0, 0x0,
    0x0, 0x0, 0xbf, 0xf5, 0x4f, 0xc0, 0xb, 0xff,
    0x60, 0x0, 0x0, 0x3d, 0xff, 0x50, 0x4f, 0xc0,
    0x0, 0x9f, 0xf9, 0x0, 0x19, 0xff, 0xe3, 0x0,
    0x4f, 0xc0, 0x0, 0x7, 0xff, 0xa0, 0x1e, 0xfa,
    0x10, 0x0, 0x4f, 0xc0, 0x0, 0x0, 0x6f, 0x80,
    0x3, 0x40, 0x0, 0x0, 0x4f, 0xc0, 0x0, 0x0,
    0x3, 0x0, 0x0, 0x0, 0x0, 0x0, 0x4f, 0xc0,
    0x0, 0x0, 0x0, 0x0, 0x0, 0x0, 0x0, 0x0,
    0x4f, 0xc0, 0x0, 0x0, 0x0, 0x0, 0x0, 0x0,
    0x0, 0x0, 0x4f, 0xc0, 0x0, 0x0, 0x0, 0x0,
    0x0, 0x0, 0x0, 0x0, 0x4f, 0xc0, 0x0, 0x0,
    0x0, 0x0, 0x0, 0x0, 0x0, 0x0, 0x4f, 0xc0,
    0x0, 0x0, 0x0, 0x0,

    /* U+4E24 "两" */
    0xc, 0xcc, 0xcc, 0xcc, 0xcc, 0xcc, 0xcc, 0xcc,
    0xcc, 0x80, 0xff, 0xff, 0xff, 0xff, 0xff, 0xff,
    0xff, 0xff, 0xfa, 0x1, 0x11, 0x11, 0xcf, 0x31,
    0x1b, 0xf4, 0x11, 0x11, 0x0, 0x0, 0x0, 0xb,
    0xf2, 0x0, 0xaf, 0x30, 0x0, 0x0, 0x0, 0x0,
    0x0, 0xcf, 0x30, 0xb, 0xf4, 0x0, 0x10, 0x0,
    0x1f, 0xff, 0xff, 0xff, 0xff, 0xff, 0xff, 0xff,
    0xf0, 0x1, 0xff, 0xbb, 0xff, 0xcb, 0xbf, 0xfd,
    0xbb, 0xff, 0x0, 0x1f, 0xd0, 0xd, 0xf0, 0x0,
    0xcf, 0x10, 0xe, 0xf0, 0x1, 0xfd, 0x0, 0xff,
    0x0, 0xe, 0xf1, 0x0, 0xef, 0x0, 0x1f, 0xd0,
    0x1f, 0xf9, 0x0, 0xff, 0xc0, 0xe, 0xf0, 0x1,
    0xfd, 0x4, 0xff, 0xf6, 0x4f, 0xff, 0xa0, 0xef,
    0x0, 0x1f, 0xd0, 0xaf, 0x5e, 0xba, 0xf4, 0xcf,
    0x6e, 0xf0, 0x1, 0xfd, 0x2f, 0xd0, 0x55, 0xfd,
    0x1, 0xef, 0xff, 0x0, 0x1f, 0xdc, 0xf5, 0x1,
    0xdf, 0x50, 0x5, 0x6e, 0xf0, 0x1, 0xfd, 0xab,
    0x0, 0xb, 0xa0, 0x0, 0x0, 0xef, 0x0, 0x1f,
    0xd0, 0x0, 0x0, 0x0, 0x0, 0x0, 0xe, 0xf0,
    0x1, 0xfd, 0x0, 0x0, 0x0, 0x0, 0x5d, 0xdd,
    0xfd, 0x0, 0x1f, 0xd0, 0x0, 0x0, 0x0, 0x1,
    0xff, 0xec, 0x40,

    /* U+4E2A "个" */
    0x0, 0x0, 0x0, 0x0, 0x1, 0x50, 0x0, 0x0,
    0x0, 0x0, 0x0, 0x0, 0x0, 0x0, 0xa, 0xf7,
    0x0, 0x0, 0x0, 0x0, 0x0, 0x0, 0x0, 0x0,
    0x7f, 0xf8, 0x0, 0x0, 0x0, 0x0, 0x0, 0x0,
    0x0, 0x6, 0xff, 0xff, 0x80, 0x0, 0x0, 0x0,
    0x0, 0x0, 0x0, 0x7f, 0xf4, 0x3f, 0xf9, 0x0,
    0x0, 0x0, 0x0, 0x0, 0x1b, 0xff, 0x50, 0x3,
    0xef, 0xc2, 0x0, 0x0, 0x0, 0x6, 0xef, 0xe4,
    0x6, 0x50, 0x2d, 0xff, 0x70, 0x0, 0x5, 0xdf,
    0xfc, 0x20, 0xf, 0xf0, 0x1, 0xaf, 0xfe, 0x60,
    0x1e, 0xff, 0x70, 0x0, 0xf, 0xf0, 0x0, 0x5,
    0xef, 0xf2, 0x4, 0x91, 0x0, 0x0, 0xf, 0xf0,
    0x0, 0x0, 0x8, 0x50, 0x0, 0x0, 0x0, 0x0,
    0xf, 0xf0, 0x0, 0x0, 0x0, 0x0, 0x0, 0x0,
    0x0, 0x0, 0xf, 0xf0, 0x0, 0x0, 0x0, 0x0,
    0x0, 0x0, 0x0, 0x0, 0xf, 0xf0, 0x0, 0x0,
    0x0, 0x0, 0x0, 0x0, 0x0, 0x0, 0xf, 0xf0,
    0x0, 0x0, 0x0, 0x0, 0x0, 0x0, 0x0, 0x0,
    0xf, 0xf0, 0x0, 0x0, 0x0, 0x0, 0x0, 0x0,
    0x0, 0x0, 0xf, 0xf0, 0x0, 0x0, 0x0, 0x0,
    0x0, 0x0, 0x0, 0x0, 0xf, 0xf0, 0x0, 0x0,
    0x0, 0x0, 0x0, 0x0, 0x0, 0x0, 0xf, 0xf0,
    0x0, 0x0, 0x0, 0x0, 0x0, 0x0, 0x0, 0x0,
    0xf, 0xf0, 0x0, 0x0, 0x0, 0x0,

    /* U+4E2D "中" */
    0x0, 0x0, 0x0, 0x9, 0xa0, 0x0, 0x0, 0x0,
    0x0, 0x0, 0x0, 0x0, 0xef, 0x10, 0x0, 0x0,
    0x0, 0x0, 0x0, 0x0, 0xe, 0xf1, 0x0, 0x0,
    0x0, 0x2, 0x22, 0x22, 0x22, 0xff, 0x32, 0x22,
    0x22, 0x20, 0xff, 0xff, 0xff, 0xff, 0xff, 0xff,
    0xff, 0xff, 0x1f, 0xfb, 0xbb, 0xbb, 0xff, 0xcb,
    0xbb, 0xbf, 0xf1, 0xfe, 0x0, 0x0, 0xe, 0xf1,
    0x0, 0x0, 0xef, 0x1f, 0xe0, 0x0, 0x0, 0xef,
    0x10, 0x0, 0xe, 0xf1, 0xfe, 0x0, 0x0, 0xe,
    0xf1, 0x0, 0x0, 0xef, 0x1f, 0xe0, 0x0, 0x0,
    0xef, 0x10, 0x0, 0xe, 0xf1, 0xff, 0xdd, 0xdd,
    0xdf, 0xfe, 0xdd, 0xdd, 0xff, 0x1f, 0xff, 0xff,
    0xff, 0xff, 0xff, 0xff, 0xff, 0xf1, 0xff, 0x0,
    0x0, 0xf, 0xf2, 0x0, 0x0, 0xef, 0x13, 0x30,
    0x0, 0x0, 0xef, 0x10, 0x0, 0x2, 0x20, 0x0,
    0x0, 0x0, 0xe, 0xf1, 0x0, 0x0, 0x0, 0x0,
    0x0, 0x0, 0x0, 0xef, 0x10, 0x0, 0x0, 0x0,
    0x0, 0x0, 0x0, 0xe, 0xf1, 0x0, 0x0, 0x0,
    0x0, 0x0, 0x0, 0x0, 0xef, 0x10, 0x0, 0x0,
    0x0, 0x0, 0x0, 0x0, 0xe, 0xf1, 0x0, 0x0,
    0x0, 0x0,

    /* U+4E3A "为" */
    0x0, 0x1, 0x0, 0xc, 0xb0, 0x0, 0x0, 0x0,
    0x0, 0x0, 0xaf, 0x40, 0xf, 0xe0, 0x0, 0x0,
    0x0, 0x0, 0x0, 0x3f, 0xe1, 0xf, 0xe0, 0x0,
    0x0, 0x0, 0x0, 0x0, 0x8, 0xf8, 0xf, 0xe0,
    0x0, 0x0, 0x0, 0x0, 0x0, 0x1, 0x50, 0x2f,
    0xe0, 0x0, 0x0, 0x1, 0x0, 0x7f, 0xff, 0xff,
    0xff, 0xff, 0xff, 0xff, 0xff, 0xf1, 0x6e, 0xee,
    0xee, 0xff, 0xfe, 0xee, 0xee, 0xef, 0xf1, 0x0,
    0x0, 0x0, 0x6f, 0x90, 0x0, 0x0, 0xe, 0xf0,
    0x0, 0x0, 0x0, 0x9f, 0x60, 0x0, 0x0, 0xf,
    0xf0, 0x0, 0x0, 0x0, 0xdf, 0x36, 0x80, 0x0,
    0xf, 0xf0, 0x0, 0x0, 0x3, 0xfe, 0xc, 0xf6,
    0x0, 0xf, 0xe0, 0x0, 0x0, 0xa, 0xf8, 0x1,
    0xff, 0x20, 0x1f, 0xd0, 0x0, 0x0, 0x2f, 0xf1,
    0x0, 0x6f, 0xb0, 0x2f, 0xc0, 0x0, 0x0, 0xcf,
    0x90, 0x0, 0xc, 0x60, 0x4f, 0xb0, 0x0, 0x9,
    0xfe, 0x10, 0x0, 0x0, 0x0, 0x6f, 0xa0, 0x0,
    0x8f, 0xf3, 0x0, 0x0, 0x0, 0x0, 0x8f, 0x80,
    0x9, 0xff, 0x50, 0x0, 0x0, 0x0, 0x0, 0xdf,
    0x50, 0xaf, 0xf5, 0x0, 0x0, 0x0, 0xae, 0xef,
    0xff, 0x0, 0xa, 0x20, 0x0, 0x0, 0x0, 0x5f,
    0xff, 0xd4, 0x0, 0x0, 0x0, 0x0, 0x0, 0x0,
    0x0, 0x0, 0x0, 0x0,

    /* U+4E3B "主" */
    0x0, 0x0, 0x0, 0x1a, 0x50, 0x0, 0x0, 0x0,
    0x0, 0x0, 0x0, 0x0, 0x6f, 0xf8, 0x0, 0x0,
    0x0, 0x0, 0x0, 0x0, 0x0, 0x4, 0xef, 0xb0,
    0x0, 0x0, 0x0, 0x0, 0x0, 0x0, 0x0, 0x2e,
    0xf3, 0x0, 0x0, 0x0, 0xf, 0xff, 0xff, 0xff,
    0xff, 0xff, 0xff, 0xff, 0xf0, 0xe, 0xee, 0xee,
    0xee, 0xff, 0xee, 0xee, 0xee, 0xd0, 0x0, 0x0,
    0x0, 0x0, 0xff, 0x0, 0x0, 0x0, 0x0, 0x0,
    0x0, 0x0, 0x0, 0xff, 0x0, 0x0, 0x0, 0x0,
    0x0, 0x0, 0x0, 0x0, 0xff, 0x0, 0x0, 0x0,
    0x0, 0x0, 0x0, 0x0, 0x1, 0xff, 0x10, 0x0,
    0x0, 0x0, 0x0, 0xff, 0xff, 0xff, 0xff, 0xff,
    0xff, 0xff, 0x10, 0x0, 0xcc, 0xcc, 0xcd, 0xff,
    0xdc, 0xcc, 0xcc, 0x10, 0x0, 0x0, 0x0, 0x0,
    0xff, 0x0, 0x0, 0x0, 0x0, 0x0, 0x0, 0x0,
    0x0, 0xff, 0x0, 0x0, 0x0, 0x0, 0x0, 0x0,
    0x0, 0x0, 0xff, 0x0, 0x0, 0x0, 0x0, 0x0,
    0x0, 0x0, 0x0, 0xff, 0x0, 0x0, 0x0, 0x0,
    0xef, 0xff, 0xff, 0xff, 0xff, 0xff, 0xff, 0xff,
    0xff, 0xce, 0xee, 0xee, 0xee, 0xee, 0xee, 0xee,
    0xee, 0xee,

    /* U+4E48 "么" */
    0x0, 0x0, 0x0, 0x6, 0x61, 0x0, 0x0, 0x0,
    0x0, 0x0, 0x0, 0x0, 0x2, 0xff, 0x40, 0x0,
    0x0, 0x0, 0x0, 0x0, 0x0, 0x0, 0xcf, 0x90,
    0x0, 0x0, 0x0, 0x0, 0x0, 0x0, 0x0, 0xaf,
    0xd0, 0x0, 0x0, 0x0, 0x0, 0x0, 0x0, 0x0,
    0x7f, 0xe2, 0x0, 0x2, 0xc4, 0x0, 0x0, 0x0,
    0x0, 0x6f, 0xf3, 0x0, 0x0, 0xdf, 0xc0, 0x0,
    0x0, 0x0, 0x6f, 0xf4, 0x0, 0x0, 0x9f, 0xe2,
    0x0, 0x0, 0x0, 0x9f, 0xf5, 0x0, 0x0, 0x5f,
    0xf4, 0x0, 0x0, 0x0, 0x9f, 0xf4, 0x0, 0x0,
    0x3f, 0xf7, 0x0, 0x0, 0x0, 0x1, 0xb3, 0x0,
    0x0, 0x2e, 0xf9, 0x0, 0x0, 0x0, 0x0, 0x0,
    0x0, 0x0, 0x1d, 0xfb, 0x0, 0x58, 0x0, 0x0,
    0x0, 0x0, 0x0, 0x1c, 0xfc, 0x0, 0x1e, 0xf5,
    0x0, 0x0, 0x0, 0x0, 0xc, 0xfc, 0x0, 0x0,
    0x4f, 0xf2, 0x0, 0x0, 0x0, 0x1c, 0xfc, 0x0,
    0x0, 0x0, 0x9f, 0xc0, 0x0, 0x0, 0x3e, 0xfb,
    0x0, 0x0, 0x12, 0x46, 0xff, 0x60, 0x0, 0x7f,
    0xff, 0xbc, 0xef, 0xff, 0xff, 0xff, 0xff, 0x10,
    0xe, 0xff, 0xff, 0xff, 0xfd, 0xcb, 0x98, 0x7f,
    0xf9, 0x0, 0x59, 0x64, 0x31, 0x0, 0x0, 0x0,
    0x0, 0x2f, 0xb0, 0x0, 0x0, 0x0, 0x0, 0x0,
    0x0, 0x0, 0x0, 0x30, 0x0,

    /* U+4E50 "乐" */
    0x0, 0x0, 0x0, 0x0, 0x0, 0x0, 0x13, 0x58,
    0x60, 0x0, 0x0, 0x9, 0xc9, 0x9a, 0xbc, 0xdf,
    0xff, 0xff, 0xf2, 0x0, 0x0, 0xf, 0xff, 0xff,
    0xff, 0xed, 0xb9, 0x75, 0x20, 0x0, 0x0, 0xe,
    0xf4, 0x21, 0x10, 0x0, 0x0, 0x0, 0x0, 0x0,
    0x0, 0xf, 0xf0, 0x0, 0x9, 0xc1, 0x0, 0x0,
    0x0, 0x0, 0x0, 0x2f, 0xc0, 0x0, 0xc, 0xf2,
    0x0, 0x0, 0x0, 0x0, 0x0, 0x5f, 0x90, 0x0,
    0xc, 0xf2, 0x0, 0x0, 0x0, 0x0, 0x0, 0xaf,
    0x50, 0x0, 0xc, 0xf2, 0x0, 0x0, 0x0, 0x0,
    0x2, 0xff, 0xff, 0xff, 0xff, 0xff, 0xff, 0xff,
    0xff, 0x40, 0x0, 0xff, 0xee, 0xee, 0xef, 0xff,
    0xee, 0xee, 0xee, 0x40, 0x0, 0x10, 0x0, 0x0,
    0xc, 0xf2, 0x0, 0x0, 0x0, 0x0, 0x0, 0x0,
    0x42, 0x0, 0xc, 0xf2, 0x0, 0x32, 0x0, 0x0,
    0x0, 0x3, 0xff, 0x10, 0xc, 0xf2, 0x3, 0xfe,
    0x10, 0x0, 0x0, 0xd, 0xf7, 0x0, 0xc, 0xf2,
    0x0, 0x8f, 0xb0, 0x0, 0x0, 0xaf, 0xc0, 0x0,
    0xc, 0xf2, 0x0, 0xc, 0xf7, 0x0, 0x7, 0xfe,
    0x10, 0x0, 0xc, 0xf2, 0x0, 0x2, 0xff, 0x30,
    0x3f, 0xf3, 0x0, 0x0, 0xc, 0xf2, 0x0, 0x0,
    0x7f, 0xc0, 0x5, 0x50, 0x0, 0x9e, 0xef, 0xf1,
    0x0, 0x0, 0x9, 0x20, 0x0, 0x0, 0x0, 0x5f,
    0xfd, 0x60, 0x0, 0x0, 0x0, 0x0,

    /* U+4E8B "事" */
    0x0, 0x0, 0x0, 0x0, 0x1e, 0xb0, 0x0, 0x0,
    0x0, 0x0, 0x5, 0x77, 0x77, 0x77, 0x8f, 0xf7,
    0x77, 0x77, 0x77, 0x50, 0xc, 0xff, 0xff, 0xff,
    0xff, 0xff, 0xff, 0xff, 0xff, 0xb0, 0x0, 0x0,
    0x0, 0x0, 0x1f, 0xe0, 0x0, 0x0, 0x0, 0x0,
    0x0, 0xb, 0xff, 0xff, 0xff, 0xff, 0xff, 0xff,
    0xc0, 0x0, 0x0, 0xc, 0xf5, 0x44, 0x5f, 0xf4,
    0x44, 0x5f, 0xd0, 0x0, 0x0, 0xc, 0xf5, 0x55,
    0x6f, 0xf5, 0x55, 0x5f, 0xd0, 0x0, 0x0, 0xb,
    0xff, 0xff, 0xff, 0xff, 0xff, 0xff, 0xc0, 0x0,
    0x0, 0x0, 0x0, 0x0, 0x1f, 0xd0, 0x0, 0x0,
    0x0, 0x0, 0x0, 0x3f, 0xff, 0xff, 0xff, 0xff,
    0xff, 0xff, 0xf2, 0x0, 0x0, 0x15, 0x55, 0x55,
    0x7f, 0xf5, 0x55, 0x5d, 0xf2, 0x0, 0x17, 0x77,
    0x77, 0x77, 0x8f, 0xf7, 0x77, 0x7f, 0xf9, 0x71,
    0x2f, 0xff, 0xff, 0xff, 0xff, 0xff, 0xff, 0xff,
    0xff, 0xf2, 0x0, 0x0, 0x0, 0x0, 0x1f, 0xd0,
    0x0, 0xc, 0xf2, 0x0, 0x0, 0x5f, 0xff, 0xff,
    0xff, 0xff, 0xff, 0xff, 0xf2, 0x0, 0x0, 0x27,
    0x77, 0x77, 0x8f, 0xf7, 0x77, 0x7f, 0xf2, 0x0,
    0x0, 0x0, 0x0, 0x0, 0x1f, 0xd0, 0x0, 0x4,
    0x50, 0x0, 0x0, 0x0, 0x0, 0x77, 0x9f, 0xc0,
    0x0, 0x0, 0x0, 0x0, 0x0, 0x0, 0x0, 0xcf,
    0xfd, 0x40, 0x0, 0x0, 0x0, 0x0, 0x0, 0x0,
    0x0, 0x0, 0x0, 0x0, 0x0, 0x0, 0x0, 0x0,

    /* U+4E8C "二" */
    0x0, 0x11, 0x11, 0x11, 0x11, 0x11, 0x11, 0x11,
    0x0, 0x3, 0xff, 0xff, 0xff, 0xff, 0xff, 0xff,
    0xff, 0x30, 0x3, 0xff, 0xff, 0xff, 0xff, 0xff,
    0xff, 0xff, 0x30, 0x0, 0x0, 0x0, 0x0, 0x0,
    0x0, 0x0, 0x0, 0x0, 0x0, 0x0, 0x0, 0x0,
    0x0, 0x0, 0x0, 0x0, 0x0, 0x0, 0x0, 0x0,
    0x0, 0x0, 0x0, 0x0, 0x0, 0x0, 0x0, 0x0,
    0x0, 0x0, 0x0, 0x0, 0x0, 0x0, 0x0, 0x0,
    0x0, 0x0, 0x0, 0x0, 0x0, 0x0, 0x0, 0x0,
    0x0, 0x0, 0x0, 0x0, 0x0, 0x0, 0x0, 0x0,
    0x0, 0x0, 0x0, 0x0, 0x0, 0x0, 0x0, 0x0,
    0x0, 0x0, 0x0, 0x0, 0x0, 0x0, 0x0, 0x0,
    0x0, 0x0, 0x0, 0x0, 0x0, 0x0, 0x0, 0x0,
    0x0, 0x0, 0x0, 0x0, 0x23, 0x33, 0x33, 0x33,
    0x33, 0x33, 0x33, 0x33, 0x32, 0xef, 0xff, 0xff,
    0xff, 0xff, 0xff, 0xff, 0xff, 0xfe, 0xdf, 0xff,
    0xff, 0xff, 0xff, 0xff, 0xff, 0xff, 0xfe,

    /* U+4E8E "于" */
    0x0, 0x69, 0x99, 0x99, 0x99, 0x99, 0x99, 0x99,
    0x94, 0x0, 0xb, 0xff, 0xff, 0xff, 0xff, 0xff,
    0xff, 0xff, 0x70, 0x0, 0x24, 0x44, 0x44, 0x4f,
    0xf5, 0x44, 0x44, 0x41, 0x0, 0x0, 0x0, 0x0,
    0x0, 0xef, 0x10, 0x0, 0x0, 0x0, 0x0, 0x0,
    0x0, 0x0, 0xe, 0xf1, 0x0, 0x0, 0x0, 0x0,
    0x0, 0x0, 0x0, 0x0, 0xef, 0x10, 0x0, 0x0,
    0x0, 0x0, 0x0, 0x0, 0x0, 0xe, 0xf1, 0x0,
    0x0, 0x0, 0x1, 0xff, 0xff, 0xff, 0xff, 0xff,
    0xff, 0xff, 0xff, 0xfd, 0xe, 0xee, 0xee, 0xee,
    0xef, 0xff, 0xee, 0xee, 0xee, 0xb0, 0x0, 0x0,
    0x0, 0x0, 0xef, 0x10, 0x0, 0x0, 0x0, 0x0,
    0x0, 0x0, 0x0, 0xe, 0xf1, 0x0, 0x0, 0x0,
    0x0, 0x0, 0x0, 0x0, 0x0, 0xef, 0x10, 0x0,
    0x0, 0x0, 0x0, 0x0, 0x0, 0x0, 0xe, 0xf1,
    0x0, 0x0, 0x0, 0x0, 0x0, 0x0, 0x0, 0x0,
    0xef, 0x10, 0x0, 0x0, 0x0, 0x0, 0x0, 0x0,
    0x0, 0xe, 0xf1, 0x0, 0x0, 0x0, 0x0, 0x0,
    0x0, 0x0, 0x0, 0xff, 0x10, 0x0, 0x0, 0x0,
    0x0, 0x0, 0xd, 0xee, 0xff, 0xe0, 0x0, 0x0,
    0x0, 0x0, 0x0, 0x0, 0x7f, 0xff, 0xc4, 0x0,
    0x0, 0x0, 0x0, 0x0, 0x0, 0x0, 0x0, 0x0,
    0x0, 0x0, 0x0, 0x0, 0x0,

    /* U+4E91 "云" */
    0x0, 0x23, 0x33, 0x33, 0x33, 0x33, 0x33, 0x32,
    0x0, 0x0, 0xbf, 0xff, 0xff, 0xff, 0xff, 0xff,
    0xfe, 0x0, 0x0, 0x8c, 0xcc, 0xcc, 0xcc, 0xcc,
    0xcc, 0xcb, 0x0, 0x0, 0x0, 0x0, 0x0, 0x0,
    0x0, 0x0, 0x0, 0x0, 0x0, 0x0, 0x0, 0x0,
    0x0, 0x0, 0x0, 0x0, 0x0, 0x0, 0x0, 0x0,
    0x0, 0x0, 0x0, 0x0, 0x0, 0x0, 0xde, 0xee,
    0xee, 0xff, 0xee, 0xee, 0xee, 0xee, 0xee, 0xff,
    0xff, 0xff, 0xff, 0xff, 0xff, 0xff, 0xff, 0xff,
    0x0, 0x0, 0x5, 0xff, 0x50, 0x0, 0x0, 0x0,
    0x0, 0x0, 0x0, 0xd, 0xfb, 0x0, 0x0, 0x30,
    0x0, 0x0, 0x0, 0x0, 0x6f, 0xf2, 0x0, 0x7,
    0xfa, 0x0, 0x0, 0x0, 0x1, 0xff, 0x70, 0x0,
    0x1, 0xef, 0x50, 0x0, 0x0, 0xb, 0xfb, 0x0,
    0x0, 0x0, 0x5f, 0xf1, 0x0, 0x0, 0x8f, 0xe1,
    0x0, 0x0, 0x1, 0x2f, 0xfb, 0x0, 0x7, 0xff,
    0xdb, 0xcd, 0xef, 0xff, 0xff, 0xff, 0x60, 0xe,
    0xff, 0xff, 0xff, 0xff, 0xdc, 0xba, 0xff, 0xe1,
    0x7, 0xd8, 0x65, 0x32, 0x0, 0x0, 0x0, 0xd,
    0xf5, 0x0, 0x0, 0x0, 0x0, 0x0, 0x0, 0x0,
    0x4, 0x30,

    /* U+4E92 "互" */
    0x5e, 0xee, 0xee, 0xee, 0xee, 0xee, 0xee, 0xee,
    0xe7, 0x5, 0xff, 0xff, 0xff, 0xff, 0xff, 0xff,
    0xff, 0xff, 0x70, 0x0, 0x0, 0x2f, 0xe0, 0x0,
    0x0, 0x0, 0x0, 0x0, 0x0, 0x0, 0x5, 0xfb,
    0x0, 0x0, 0x0, 0x0, 0x0, 0x0, 0x0, 0x0,
    0x8f, 0x80, 0x0, 0x0, 0x11, 0x0, 0x0, 0x0,
    0x0, 0xb, 0xff, 0xff, 0xff, 0xff, 0xf9, 0x0,
    0x0, 0x0, 0x0, 0xff, 0xdb, 0xbb, 0xbb, 0xff,
    0x70, 0x0, 0x0, 0x0, 0x2f, 0xe0, 0x0, 0x0,
    0x9, 0xf5, 0x0, 0x0, 0x0, 0x6, 0xfa, 0x0,
    0x0, 0x0, 0xbf, 0x30, 0x0, 0x0, 0x0, 0x9f,
    0x70, 0x0, 0x0, 0xd, 0xf1, 0x0, 0x0, 0x0,
    0xd, 0xff, 0xbb, 0xbb, 0xbb, 0xff, 0x0, 0x0,
    0x0, 0x1, 0xff, 0xff, 0xff, 0xff, 0xff, 0xd0,
    0x0, 0x0, 0x0, 0x0, 0x10, 0x0, 0x0, 0x5,
    0xfb, 0x0, 0x0, 0x0, 0x0, 0x0, 0x0, 0x0,
    0x0, 0x6f, 0x90, 0x0, 0x0, 0x0, 0x0, 0x0,
    0x0, 0x0, 0x9, 0xf6, 0x0, 0x0, 0xc, 0xcc,
    0xcc, 0xcc, 0xcc, 0xcc, 0xff, 0xfc, 0xcc, 0xc1,
    0xff, 0xff, 0xff, 0xff, 0xff, 0xff, 0xff, 0xff,
    0xff, 0x10, 0x0, 0x0, 0x0, 0x0, 0x0, 0x0,
    0x0, 0x0, 0x0,

    /* U+4EA4 "交" */
    0x0, 0x0, 0x0, 0x0, 0x7c, 0x10, 0x0, 0x0,
    0x0, 0x0, 0x0, 0x0, 0x0, 0x8, 0xfa, 0x0,
    0x0, 0x0, 0x0, 0x0, 0x0, 0x0, 0x0, 0x1f,
    0xf2, 0x0, 0x0, 0x0, 0x0, 0xef, 0xff, 0xff,
    0xff, 0xff, 0xff, 0xff, 0xff, 0xf8, 0xb, 0xcc,
    0xcc, 0xcc, 0xcc, 0xcc, 0xcc, 0xcc, 0xcc, 0x60,
    0x0, 0x0, 0x49, 0x20, 0x0, 0x2, 0xa2, 0x0,
    0x0, 0x0, 0x0, 0x4f, 0xf5, 0x0, 0x0, 0x9f,
    0xf5, 0x0, 0x0, 0x0, 0x6f, 0xf6, 0x0, 0x0,
    0x0, 0x6f, 0xf8, 0x0, 0x1, 0xaf, 0xf5, 0x10,
    0x0, 0x0, 0x21, 0x4e, 0xfa, 0x0, 0x8f, 0xd3,
    0x6f, 0x60, 0x0, 0xb, 0xf5, 0x2e, 0xf5, 0x0,
    0x60, 0x1, 0xfe, 0x0, 0x3, 0xfe, 0x0, 0x25,
    0x0, 0x0, 0x0, 0x7, 0xfa, 0x0, 0xdf, 0x60,
    0x0, 0x0, 0x0, 0x0, 0x0, 0xc, 0xf7, 0xbf,
    0xa0, 0x0, 0x0, 0x0, 0x0, 0x0, 0x0, 0x1f,
    0xff, 0xd0, 0x0, 0x0, 0x0, 0x0, 0x0, 0x0,
    0x4, 0xff, 0xfd, 0x20, 0x0, 0x0, 0x0, 0x0,
    0x0, 0x4b, 0xff, 0xbd, 0xff, 0x92, 0x0, 0x0,
    0x0, 0x48, 0xef, 0xfc, 0x30, 0x6, 0xff, 0xfd,
    0x84, 0x10, 0xef, 0xff, 0xb4, 0x0, 0x0, 0x0,
    0x6d, 0xff, 0xf9, 0x5, 0xb6, 0x10, 0x0, 0x0,
    0x0, 0x0, 0x2, 0x69, 0x0,

    /* U+4EAE "亮" */
    0x0, 0x0, 0x0, 0x3, 0xb9, 0x0, 0x0, 0x0,
    0x0, 0x0, 0x0, 0x0, 0x1, 0xff, 0x30, 0x0,
    0x0, 0x0, 0xef, 0xff, 0xff, 0xff, 0xff, 0xff,
    0xff, 0xff, 0xfd, 0x88, 0x88, 0x88, 0x88, 0x88,
    0x88, 0x88, 0x88, 0x87, 0x0, 0x5, 0x55, 0x55,
    0x55, 0x55, 0x55, 0x50, 0x0, 0x0, 0x1f, 0xff,
    0xff, 0xff, 0xff, 0xff, 0xf2, 0x0, 0x0, 0x1f,
    0xc0, 0x0, 0x0, 0x0, 0xd, 0xf2, 0x0, 0x0,
    0x1f, 0xff, 0xff, 0xff, 0xff, 0xff, 0xf2, 0x0,
    0x0, 0x5, 0x55, 0x55, 0x55, 0x55, 0x55, 0x50,
    0x0, 0x47, 0x77, 0x77, 0x77, 0x77, 0x77, 0x77,
    0x77, 0x73, 0xaf, 0xff, 0xff, 0xff, 0xff, 0xff,
    0xff, 0xff, 0xf9, 0xaf, 0x20, 0x0, 0x0, 0x0,
    0x0, 0x0, 0x5, 0xf9, 0xaf, 0x20, 0x2f, 0xff,
    0xff, 0xff, 0xf1, 0x5, 0xf9, 0x12, 0x0, 0x4f,
    0xfa, 0xaa, 0xaf, 0xf1, 0x0, 0x10, 0x0, 0x0,
    0x7f, 0x80, 0x0, 0xe, 0xf1, 0x0, 0x10, 0x0,
    0x0, 0xdf, 0x40, 0x0, 0xe, 0xf1, 0x0, 0xc8,
    0x0, 0x1a, 0xfd, 0x0, 0x0, 0xe, 0xf1, 0x0,
    0xec, 0x5a, 0xff, 0xe2, 0x0, 0x0, 0xd, 0xfb,
    0xab, 0xf9, 0x6f, 0xe8, 0x0, 0x0, 0x0, 0x5,
    0xef, 0xff, 0xd2, 0x3, 0x0, 0x0, 0x0, 0x0,
    0x0, 0x0, 0x0, 0x0,

    /* U+4EBA "人" */
    0x0, 0x0, 0x0, 0x0, 0x2d, 0xc0, 0x0, 0x0,
    0x0, 0x0, 0x0, 0x0, 0x0, 0x0, 0x3f, 0xe0,
    0x0, 0x0, 0x0, 0x0, 0x0, 0x0, 0x0, 0x0,
    0x4f, 0xf0, 0x0, 0x0, 0x0, 0x0, 0x0, 0x0,
    0x0, 0x0, 0x5f, 0xf0, 0x0, 0x0, 0x0, 0x0,
    0x0, 0x0, 0x0, 0x0, 0x6f, 0xf0, 0x0, 0x0,
    0x0, 0x0, 0x0, 0x0, 0x0, 0x0, 0x9f, 0xf3,
    0x0, 0x0, 0x0, 0x0, 0x0, 0x0, 0x0, 0x0,
    0xbf, 0xf7, 0x0, 0x0, 0x0, 0x0, 0x0, 0x0,
    0x0, 0x0, 0xff, 0xfb, 0x0, 0x0, 0x0, 0x0,
    0x0, 0x0, 0x0, 0x4, 0xfe, 0xdf, 0x10, 0x0,
    0x0, 0x0, 0x0, 0x0, 0x0, 0x9, 0xf9, 0x8f,
    0x70, 0x0, 0x0, 0x0, 0x0, 0x0, 0x0, 0x1f,
    0xf3, 0x2f, 0xe0, 0x0, 0x0, 0x0, 0x0, 0x0,
    0x0, 0x8f, 0xc0, 0xb, 0xf7, 0x0, 0x0, 0x0,
    0x0, 0x0, 0x2, 0xff, 0x40, 0x3, 0xff, 0x20,
    0x0, 0x0, 0x0, 0x0, 0xd, 0xfb, 0x0, 0x0,
    0x9f, 0xd1, 0x0, 0x0, 0x0, 0x0, 0xbf, 0xe1,
    0x0, 0x0, 0xd, 0xfc, 0x10, 0x0, 0x0, 0x1c,
    0xff, 0x30, 0x0, 0x0, 0x2, 0xef, 0xd3, 0x0,
    0x5, 0xef, 0xf4, 0x0, 0x0, 0x0, 0x0, 0x2d,
    0xff, 0x91, 0xb, 0xfd, 0x20, 0x0, 0x0, 0x0,
    0x0, 0x1, 0xaf, 0xc0, 0x0, 0x60, 0x0, 0x0,
    0x0, 0x0, 0x0, 0x0, 0x3, 0x10,

    /* U+4EC0 "什" */
    0x0, 0x0, 0x8, 0x60, 0x0, 0x0, 0x98, 0x0,
    0x0, 0x0, 0x0, 0x0, 0x2f, 0xe0, 0x0, 0x1,
    0xfe, 0x0, 0x0, 0x0, 0x0, 0x0, 0xaf, 0x60,
    0x0, 0x1, 0xfe, 0x0, 0x0, 0x0, 0x0, 0x2,
    0xff, 0x0, 0x0, 0x1, 0xfe, 0x0, 0x0, 0x0,
    0x0, 0xc, 0xfa, 0x0, 0x0, 0x1, 0xfe, 0x0,
    0x0, 0x0, 0x0, 0x6f, 0xf3, 0x0, 0x0, 0x1,
    0xfe, 0x0, 0x0, 0x0, 0x2, 0xff, 0xf3, 0x0,
    0x0, 0x2, 0xff, 0x0, 0x0, 0x0, 0x1e, 0xff,
    0xf3, 0x7f, 0xff, 0xff, 0xff, 0xff, 0xff, 0xf1,
    0x5f, 0xca, 0xf3, 0x6d, 0xdd, 0xde, 0xff, 0xdd,
    0xdd, 0xd1, 0xb, 0x1a, 0xf3, 0x0, 0x0, 0x1,
    0xfe, 0x0, 0x0, 0x0, 0x0, 0xa, 0xf3, 0x0,
    0x0, 0x1, 0xfe, 0x0, 0x0, 0x0, 0x0, 0xa,
    0xf3, 0x0, 0x0, 0x1, 0xfe, 0x0, 0x0, 0x0,
    0x0, 0xa, 0xf3, 0x0, 0x0, 0x1, 0xfe, 0x0,
    0x0, 0x0, 0x0, 0xa, 0xf3, 0x0, 0x0, 0x1,
    0xfe, 0x0, 0x0, 0x0, 0x0, 0xa, 0xf3, 0x0,
    0x0, 0x1, 0xfe, 0x0, 0x0, 0x0, 0x0, 0xa,
    0xf3, 0x0, 0x0, 0x1, 0xfe, 0x0, 0x0, 0x0,
    0x0, 0xa, 0xf3, 0x0, 0x0, 0x1, 0xfe, 0x0,
    0x0, 0x0, 0x0, 0xa, 0xf3, 0x0, 0x0, 0x1,
    0xfe, 0x0, 0x0, 0x0, 0x0, 0xa, 0xf3, 0x0,
    0x0, 0x1, 0xfe, 0x0, 0x0, 0x0, 0x0, 0x0,
    0x0, 0x0, 0x0, 0x0, 0x0, 0x0, 0x0, 0x0,

    /* U+4EC5 "仅" */
    0x0, 0x0, 0x8, 0x60, 0x0, 0x0, 0x0, 0x0,
    0x0, 0x0, 0x0, 0x0, 0x2f, 0xe0, 0x0, 0x0,
    0x0, 0x0, 0x0, 0x0, 0x0, 0x0, 0xaf, 0x7a,
    0xbb, 0xbb, 0xbb, 0xbb, 0xfa, 0x10, 0x0, 0x2,
    0xff, 0x1e, 0xff, 0xff, 0xff, 0xff, 0xff, 0x0,
    0x0, 0xc, 0xfb, 0x3, 0xfa, 0x0, 0x0, 0x1,
    0xfc, 0x0, 0x0, 0x6f, 0xf3, 0x0, 0xfe, 0x0,
    0x0, 0x4, 0xf9, 0x0, 0x3, 0xff, 0xf3, 0x0,
    0xaf, 0x20, 0x0, 0x9, 0xf5, 0x0, 0x1e, 0xff,
    0xf3, 0x0, 0x6f, 0x80, 0x0, 0xe, 0xf0, 0x0,
    0x9f, 0xdb, 0xf3, 0x0, 0x1f, 0xe0, 0x0, 0x5f,
    0xa0, 0x0, 0x2e, 0x2a, 0xf3, 0x0, 0xa, 0xf4,
    0x0, 0xcf, 0x40, 0x0, 0x1, 0xa, 0xf3, 0x0,
    0x3, 0xfc, 0x4, 0xfc, 0x0, 0x0, 0x0, 0xa,
    0xf3, 0x0, 0x0, 0xbf, 0x7e, 0xf4, 0x0, 0x0,
    0x0, 0xa, 0xf3, 0x0, 0x0, 0x2f, 0xff, 0xa0,
    0x0, 0x0, 0x0, 0xa, 0xf3, 0x0, 0x0, 0xf,
    0xff, 0x20, 0x0, 0x0, 0x0, 0xa, 0xf3, 0x0,
    0x0, 0x7f, 0xff, 0xb1, 0x0, 0x0, 0x0, 0xa,
    0xf3, 0x0, 0x1a, 0xff, 0x5d, 0xfd, 0x20, 0x0,
    0x0, 0xa, 0xf3, 0x5, 0xef, 0xe3, 0x1, 0xbf,
    0xf9, 0x10, 0x0, 0xa, 0xf3, 0xdf, 0xfa, 0x10,
    0x0, 0x8, 0xff, 0xe1, 0x0, 0xa, 0xf3, 0x6b,
    0x30, 0x0, 0x0, 0x0, 0x19, 0x50, 0x0, 0x0,
    0x0, 0x0, 0x0, 0x0, 0x0, 0x0, 0x0, 0x0,

    /* U+4ECA "今" */
    0x0, 0x0, 0x0, 0x0, 0x0, 0x0, 0x0, 0x0,
    0x0, 0x0, 0x0, 0x0, 0x0, 0x0, 0x9, 0xa2,
    0x0, 0x0, 0x0, 0x0, 0x0, 0x0, 0x0, 0x0,
    0x6f, 0xf7, 0x0, 0x0, 0x0, 0x0, 0x0, 0x0,
    0x0, 0x5, 0xff, 0xff, 0x50, 0x0, 0x0, 0x0,
    0x0, 0x0, 0x0, 0x6f, 0xf7, 0x4f, 0xf7, 0x0,
    0x0, 0x0, 0x0, 0x0, 0x9, 0xff, 0x80, 0x4,
    0xff, 0xb1, 0x0, 0x0, 0x0, 0x3, 0xdf, 0xf6,
    0x23, 0x0, 0x2e, 0xfe, 0x60, 0x0, 0x2, 0xaf,
    0xfe, 0x31, 0xef, 0x70, 0x1, 0xbf, 0xfc, 0x40,
    0x1f, 0xff, 0xa1, 0x0, 0x3e, 0xfa, 0x0, 0x6,
    0xff, 0xe1, 0x5, 0xc3, 0x0, 0x0, 0x2, 0xdf,
    0xa0, 0x0, 0x1a, 0x30, 0x0, 0x0, 0x0, 0x0,
    0x0, 0x1b, 0x20, 0x1, 0x0, 0x0, 0x0, 0xd,
    0xff, 0xff, 0xff, 0xff, 0xff, 0xff, 0xd2, 0x0,
    0x0, 0xb, 0xdd, 0xdd, 0xdd, 0xdd, 0xdd, 0xff,
    0xb0, 0x0, 0x0, 0x0, 0x0, 0x0, 0x0, 0x0,
    0x8, 0xfe, 0x10, 0x0, 0x0, 0x0, 0x0, 0x0,
    0x0, 0x0, 0x5f, 0xf3, 0x0, 0x0, 0x0, 0x0,
    0x0, 0x0, 0x0, 0x2, 0xff, 0x60, 0x0, 0x0,
    0x0, 0x0, 0x0, 0x0, 0x0, 0x1d, 0xfa, 0x0,
    0x0, 0x0, 0x0, 0x0, 0x0, 0x0, 0x0, 0xbf,
    0xd0, 0x0, 0x0, 0x0, 0x0, 0x0, 0x0, 0x0,
    0x9, 0xfe, 0x20, 0x0, 0x0, 0x0, 0x0, 0x0,
    0x0, 0x0, 0x2, 0x94, 0x0, 0x0, 0x0, 0x0,

    /* U+4EE5 "以" */
    0x0, 0x0, 0x0, 0x0, 0x0, 0x0, 0x0, 0x0,
    0x0, 0x0, 0x6, 0x60, 0x0, 0x0, 0x0, 0x0,
    0xf, 0xf0, 0x0, 0x0, 0xff, 0x10, 0x2a, 0x40,
    0x0, 0x0, 0xff, 0x0, 0x0, 0xf, 0xf1, 0x4,
    0xfe, 0x10, 0x0, 0x1f, 0xd0, 0x0, 0x0, 0xff,
    0x10, 0x8, 0xfb, 0x0, 0x3, 0xfc, 0x0, 0x0,
    0xf, 0xf1, 0x0, 0xe, 0xf5, 0x0, 0x5f, 0xa0,
    0x0, 0x0, 0xff, 0x10, 0x0, 0x5f, 0xc0, 0x7,
    0xf8, 0x0, 0x0, 0xf, 0xf1, 0x0, 0x0, 0x71,
    0x0, 0xaf, 0x50, 0x0, 0x0, 0xff, 0x10, 0x0,
    0x0, 0x0, 0xd, 0xf2, 0x0, 0x0, 0xf, 0xf1,
    0x0, 0x0, 0x0, 0x2, 0xfe, 0x0, 0x0, 0x0,
    0xff, 0x10, 0x0, 0x0, 0x0, 0x7f, 0x90, 0x0,
    0x0, 0xf, 0xf1, 0x0, 0x66, 0x0, 0xd, 0xf4,
    0x0, 0x0, 0x0, 0xff, 0x27, 0xef, 0xb0, 0x6,
    0xff, 0x20, 0x0, 0x0, 0xf, 0xff, 0xff, 0xa2,
    0x2, 0xef, 0xfe, 0x20, 0x0, 0xb, 0xff, 0xfa,
    0x20, 0x1, 0xdf, 0xb9, 0xfe, 0x20, 0x1, 0xff,
    0xc2, 0x0, 0x3, 0xef, 0xd0, 0xa, 0xfd, 0x10,
    0x9, 0x50, 0x0, 0x29, 0xff, 0xc1, 0x0, 0xc,
    0xfc, 0x0, 0x0, 0x0, 0xa, 0xff, 0x90, 0x0,
    0x0, 0x1e, 0xf3, 0x0, 0x0, 0x0, 0x9, 0x30,
    0x0, 0x0, 0x0, 0x42, 0x0,

    /* U+4EF6 "件" */
    0x0, 0x0, 0xa, 0x50, 0x0, 0x0, 0xa8, 0x0,
    0x0, 0x0, 0x0, 0x0, 0x7f, 0x90, 0x7a, 0x21,
    0xfd, 0x0, 0x0, 0x0, 0x0, 0x0, 0xdf, 0x20,
    0xcf, 0x11, 0xfd, 0x0, 0x0, 0x0, 0x0, 0x5,
    0xfb, 0x0, 0xfd, 0x1, 0xfd, 0x0, 0x0, 0x0,
    0x0, 0xf, 0xf3, 0x5, 0xff, 0xef, 0xff, 0xee,
    0xee, 0x30, 0x0, 0x9f, 0xf0, 0xb, 0xff, 0xff,
    0xff, 0xff, 0xff, 0x40, 0x4, 0xff, 0xf0, 0x2f,
    0xd0, 0x1, 0xfd, 0x0, 0x0, 0x0, 0x2e, 0xff,
    0xf0, 0xbf, 0x60, 0x1, 0xfd, 0x0, 0x0, 0x0,
    0x2f, 0xbe, 0xf0, 0x29, 0x0, 0x1, 0xfd, 0x0,
    0x0, 0x0, 0x7, 0xe, 0xf0, 0x0, 0x0, 0x1,
    0xfe, 0x0, 0x0, 0x0, 0x0, 0xe, 0xf0, 0xbf,
    0xff, 0xff, 0xff, 0xff, 0xff, 0xf3, 0x0, 0xe,
    0xf0, 0x8d, 0xdd, 0xde, 0xff, 0xdd, 0xdd, 0xd2,
    0x0, 0xe, 0xf0, 0x0, 0x0, 0x1, 0xfd, 0x0,
    0x0, 0x0, 0x0, 0xe, 0xf0, 0x0, 0x0, 0x1,
    0xfd, 0x0, 0x0, 0x0, 0x0, 0xe, 0xf0, 0x0,
    0x0, 0x1, 0xfd, 0x0, 0x0, 0x0, 0x0, 0xe,
    0xf0, 0x0, 0x0, 0x1, 0xfd, 0x0, 0x0, 0x0,
    0x0, 0xe, 0xf0, 0x0, 0x0, 0x1, 0xfd, 0x0,
    0x0, 0x0, 0x0, 0xe, 0xf0, 0x0, 0x0, 0x1,
    0xfd, 0x0, 0x0, 0x0, 0x0, 0xd, 0xe0, 0x0,
    0x0, 0x1, 0xfd, 0x0, 0x0, 0x0,

    /* U+4EFB "任" */
    0x0, 0x0, 0x0, 0x0, 0x0, 0x0, 0x0, 0x0,
    0x0, 0x0, 0x0, 0x0, 0xa, 0xc3, 0x0, 0x0,
    0x0, 0x3, 0x75, 0x0, 0x0, 0x0, 0x2f, 0xf1,
    0x0, 0x14, 0x7b, 0xef, 0xff, 0x30, 0x0, 0x0,
    0xaf, 0x9a, 0xce, 0xff, 0xff, 0xeb, 0x73, 0x0,
    0x0, 0x4, 0xff, 0x1c, 0xec, 0xa9, 0xff, 0x0,
    0x0, 0x0, 0x0, 0x1e, 0xf9, 0x0, 0x0, 0x1,
    0xfd, 0x0, 0x0, 0x0, 0x0, 0xaf, 0xf3, 0x0,
    0x0, 0x1, 0xfd, 0x0, 0x0, 0x0, 0x7, 0xff,
    0xf3, 0x0, 0x0, 0x1, 0xfd, 0x0, 0x0, 0x0,
    0x6f, 0xff, 0xf3, 0x0, 0x0, 0x1, 0xfd, 0x0,
    0x0, 0x0, 0x7f, 0x9a, 0xf3, 0x8a, 0xaa, 0xab,
    0xff, 0xaa, 0xaa, 0xa2, 0x8, 0xa, 0xf3, 0xdf,
    0xff, 0xff, 0xff, 0xff, 0xff, 0xf3, 0x0, 0xa,
    0xf3, 0x23, 0x33, 0x34, 0xff, 0x33, 0x33, 0x30,
    0x0, 0xa, 0xf3, 0x0, 0x0, 0x1, 0xfd, 0x0,
    0x0, 0x0, 0x0, 0xa, 0xf3, 0x0, 0x0, 0x1,
    0xfd, 0x0, 0x0, 0x0, 0x0, 0xa, 0xf3, 0x0,
    0x0, 0x1, 0xfd, 0x0, 0x0, 0x0, 0x0, 0xa,
    0xf3, 0x0, 0x0, 0x1, 0xfd, 0x0, 0x0, 0x0,
    0x0, 0xa, 0xf3, 0x0, 0x0, 0x1, 0xfd, 0x0,
    0x0, 0x0, 0x0, 0xa, 0xf3, 0xd, 0xdd, 0xde,
    0xff, 0xdd, 0xdd, 0xc0, 0x0, 0xa, 0xf3, 0xf,
    0xff, 0xff, 0xff, 0xff, 0xff, 0xe0, 0x0, 0xa,
    0xf3, 0x0, 0x0, 0x0, 0x0, 0x0, 0x0, 0x0,

    /* U+4F4D "位" */
    0x0, 0x0, 0x6, 0x30, 0x0, 0x7, 0xc0, 0x0,
    0x0, 0x0, 0x0, 0x3, 0xfd, 0x0, 0x0, 0xaf,
    0x50, 0x0, 0x0, 0x0, 0x0, 0xaf, 0x50, 0x0,
    0x5, 0xfa, 0x0, 0x0, 0x0, 0x0, 0x2f, 0xe0,
    0x12, 0x22, 0x3c, 0x72, 0x22, 0x20, 0x0, 0xc,
    0xf8, 0xd, 0xff, 0xff, 0xff, 0xff, 0xff, 0x20,
    0x6, 0xff, 0x10, 0x9b, 0xbb, 0xbb, 0xbb, 0xbb,
    0xb1, 0x2, 0xff, 0xf1, 0x0, 0x3, 0x0, 0x0,
    0x5, 0x40, 0x1, 0xef, 0xff, 0x10, 0x8, 0xf5,
    0x0, 0x0, 0xff, 0x0, 0x4f, 0xcd, 0xf1, 0x0,
    0x5f, 0x80, 0x0, 0x1f, 0xd0, 0x0, 0xa1, 0xdf,
    0x10, 0x2, 0xfb, 0x0, 0x4, 0xfa, 0x0, 0x0,
    0xd, 0xf1, 0x0, 0xf, 0xe0, 0x0, 0x7f, 0x60,
    0x0, 0x0, 0xdf, 0x10, 0x0, 0xcf, 0x10, 0x9,
    0xf3, 0x0, 0x0, 0xd, 0xf1, 0x0, 0xa, 0xf3,
    0x0, 0xdf, 0x0, 0x0, 0x0, 0xdf, 0x10, 0x0,
    0x8f, 0x60, 0xf, 0xc0, 0x0, 0x0, 0xd, 0xf1,
    0x0, 0x6, 0xf7, 0x4, 0xf8, 0x0, 0x0, 0x0,
    0xdf, 0x10, 0x0, 0x11, 0x0, 0x8f, 0x40, 0x0,
    0x0, 0xd, 0xf1, 0xaf, 0xff, 0xff, 0xff, 0xff,
    0xff, 0xe0, 0x0, 0xdf, 0x19, 0xdd, 0xdd, 0xdd,
    0xdd, 0xdd, 0xdc, 0x0, 0xd, 0xf1, 0x0, 0x0,
    0x0, 0x0, 0x0, 0x0, 0x0,

    /* U+4F4E "低" */
    0x0, 0x0, 0x7, 0x20, 0x0, 0x0, 0x0, 0x2,
    0x74, 0x0, 0x0, 0x0, 0x6f, 0x90, 0x0, 0x2,
    0x69, 0xdf, 0xff, 0x40, 0x0, 0x0, 0xcf, 0x34,
    0xed, 0xff, 0xff, 0xfc, 0x83, 0x0, 0x0, 0x3,
    0xfc, 0x5, 0xff, 0xb9, 0x6f, 0xe0, 0x0, 0x0,
    0x0, 0xc, 0xf6, 0x5, 0xf7, 0x0, 0xe, 0xe0,
    0x0, 0x0, 0x0, 0x5f, 0xf1, 0x5, 0xf7, 0x0,
    0xd, 0xf0, 0x0, 0x0, 0x1, 0xef, 0xf1, 0x5,
    0xf7, 0x0, 0xc, 0xf0, 0x0, 0x0, 0xb, 0xff,
    0xf1, 0x5, 0xf8, 0x11, 0x1c, 0xf2, 0x11, 0x10,
    0x6f, 0xed, 0xf1, 0x5, 0xff, 0xff, 0xff, 0xff,
    0xff, 0xf4, 0x1e, 0x4c, 0xf1, 0x5, 0xff, 0xaa,
    0xaf, 0xff, 0xaa, 0xa3, 0x2, 0xc, 0xf1, 0x5,
    0xf7, 0x0, 0x6, 0xf6, 0x0, 0x0, 0x0, 0xc,
    0xf1, 0x5, 0xf7, 0x0, 0x4, 0xf9, 0x0, 0x0,
    0x0, 0xc, 0xf1, 0x5, 0xf7, 0x0, 0x1, 0xfb,
    0x0, 0x0, 0x0, 0xc, 0xf1, 0x5, 0xf7, 0x0,
    0x0, 0xef, 0x0, 0x0, 0x0, 0xc, 0xf1, 0x5,
    0xf7, 0x3, 0xa0, 0xaf, 0x30, 0xa3, 0x0, 0xc,
    0xf1, 0x5, 0xf7, 0x1, 0xf7, 0x6f, 0x90, 0xe9,
    0x0, 0xc, 0xf1, 0x6, 0xfd, 0xac, 0xae, 0x1f,
    0xf9, 0xf5, 0x0, 0xc, 0xf1, 0x2f, 0xff, 0xfc,
    0x3f, 0x57, 0xff, 0xf1, 0x0, 0xc, 0xf1, 0xf,
    0xc5, 0x0, 0x8, 0x30, 0x7c, 0x50, 0x0, 0x0,
    0x0, 0x0, 0x0, 0x0, 0x0, 0x0, 0x0, 0x0,

    /* U+4F53 "体" */
    0x0, 0x0, 0x68, 0x10, 0x0, 0x9, 0xc1, 0x0,
    0x0, 0x0, 0x0, 0x0, 0xef, 0x10, 0x0, 0xb,
    0xf2, 0x0, 0x0, 0x0, 0x0, 0x4, 0xfa, 0x0,
    0x0, 0xb, 0xf2, 0x0, 0x0, 0x0, 0x0, 0xb,
    0xf3, 0x0, 0x0, 0xc, 0xf2, 0x0, 0x0, 0x0,
    0x0, 0x4f, 0xf2, 0xff, 0xff, 0xff, 0xff, 0xff,
    0xff, 0xe0, 0x0, 0xcf, 0xf1, 0xcc, 0xcc, 0xff,
    0xff, 0xec, 0xcc, 0xb0, 0x6, 0xff, 0xd0, 0x0,
    0x0, 0xff, 0xff, 0x70, 0x0, 0x0, 0x3f, 0xff,
    0xd0, 0x0, 0x6, 0xfe, 0xfe, 0xe0, 0x0, 0x0,
    0x3f, 0x8f, 0xd0, 0x0, 0xd, 0xcb, 0xf7, 0xf5,
    0x0, 0x0, 0x7, 0xf, 0xd0, 0x0, 0x6f, 0x5b,
    0xf2, 0xed, 0x0, 0x0, 0x0, 0xf, 0xd0, 0x1,
    0xed, 0xb, 0xf2, 0x7f, 0x70, 0x0, 0x0, 0xf,
    0xd0, 0xa, 0xf5, 0xb, 0xf2, 0xe, 0xf2, 0x0,
    0x0, 0xf, 0xd0, 0x6f, 0xb0, 0xb, 0xf2, 0x5,
    0xfd, 0x10, 0x0, 0xf, 0xd5, 0xfe, 0x9a, 0xaf,
    0xfc, 0xaa, 0xcf, 0xc1, 0x0, 0xf, 0xd7, 0xf4,
    0xbf, 0xff, 0xff, 0xff, 0x2d, 0xc0, 0x0, 0xf,
    0xd0, 0x40, 0x0, 0xc, 0xf2, 0x0, 0x2, 0x10,
    0x0, 0xf, 0xd0, 0x0, 0x0, 0xb, 0xf2, 0x0,
    0x0, 0x0, 0x0, 0xf, 0xd0, 0x0, 0x0, 0xb,
    0xf2, 0x0, 0x0, 0x0, 0x0, 0xf, 0xd0, 0x0,
    0x0, 0xa, 0xe1, 0x0, 0x0, 0x0,

    /* U+4F55 "何" */
    0x0, 0x0, 0x19, 0x30, 0x0, 0x0, 0x0, 0x0,
    0x0, 0x0, 0x0, 0x0, 0x7f, 0x80, 0x0, 0x0,
    0x0, 0x0, 0x0, 0x0, 0x0, 0x0, 0xef, 0x5e,
    0xee, 0xee, 0xee, 0xee, 0xff, 0xe2, 0x0, 0x6,
    0xfb, 0x3f, 0xff, 0xff, 0xff, 0xff, 0xff, 0xf2,
    0x0, 0x1f, 0xf4, 0x0, 0x0, 0x0, 0x0, 0x0,
    0xfd, 0x0, 0x0, 0xaf, 0xf1, 0x0, 0x0, 0x0,
    0x0, 0x0, 0xfd, 0x0, 0x5, 0xff, 0xf1, 0x8,
    0xfb, 0xbb, 0xb7, 0x0, 0xfd, 0x0, 0x3f, 0xff,
    0xf1, 0xc, 0xff, 0xff, 0xfb, 0x0, 0xfd, 0x0,
    0x1f, 0xad, 0xf1, 0xc, 0xf0, 0x1, 0xfb, 0x0,
    0xfd, 0x0, 0x6, 0xd, 0xf1, 0xc, 0xf0, 0x1,
    0xfb, 0x0, 0xfd, 0x0, 0x0, 0xd, 0xf1, 0xc,
    0xf0, 0x1, 0xfb, 0x0, 0xfd, 0x0, 0x0, 0xd,
    0xf1, 0xc, 0xf0, 0x1, 0xfb, 0x0, 0xfd, 0x0,
    0x0, 0xd, 0xf1, 0xc, 0xff, 0xff, 0xfb, 0x0,
    0xfd, 0x0, 0x0, 0xd, 0xf1, 0xc, 0xfa, 0xaa,
    0xa7, 0x0, 0xfd, 0x0, 0x0, 0xd, 0xf1, 0xb,
    0xf0, 0x0, 0x0, 0x0, 0xfd, 0x0, 0x0, 0xd,
    0xf1, 0x0, 0x0, 0x0, 0x0, 0x0, 0xfd, 0x0,
    0x0, 0xd, 0xf1, 0x0, 0x0, 0x0, 0x0, 0x1,
    0xfd, 0x0, 0x0, 0xd, 0xf1, 0x0, 0x0, 0x0,
    0x9d, 0xde, 0xfb, 0x0, 0x0, 0xd, 0xf1, 0x0,
    0x0, 0x0, 0x6f, 0xff, 0xc3, 0x0, 0x0, 0x0,
    0x0, 0x0, 0x0, 0x0, 0x0, 0x0, 0x0, 0x0,

    /* U+4F59 "余" */
    0x0, 0x0, 0x0, 0x0, 0x0, 0x0, 0x0, 0x0,
    0x0, 0x0, 0x0, 0x0, 0x0, 0x0, 0x7, 0xc2,
    0x0, 0x0, 0x0, 0x0, 0x0, 0x0, 0x0, 0x0,
    0x6f, 0xf8, 0x0, 0x0, 0x0, 0x0, 0x0, 0x0,
    0x0, 0x8, 0xff, 0xff, 0x80, 0x0, 0x0, 0x0,
    0x0, 0x0, 0x1, 0xcf, 0xd1, 0x1d, 0xfb, 0x10,
    0x0, 0x0, 0x0, 0x0, 0x5f, 0xfa, 0x0, 0x0,
    0xbf, 0xf6, 0x0, 0x0, 0x0, 0x2b, 0xff, 0x60,
    0x0, 0x0, 0x7, 0xff, 0xd6, 0x0, 0x2a, 0xff,
    0xff, 0xcc, 0xcc, 0xdc, 0xcc, 0xed, 0xff, 0xe4,
    0x1e, 0xe6, 0x3f, 0xff, 0xff, 0xff, 0xff, 0xf2,
    0x3c, 0xc0, 0x2, 0x0, 0x0, 0x0, 0xf, 0xf1,
    0x0, 0x0, 0x0, 0x0, 0x0, 0x0, 0x0, 0x0,
    0xf, 0xf1, 0x0, 0x0, 0x0, 0x0, 0x0, 0xdd,
    0xdd, 0xdd, 0xdf, 0xfe, 0xdd, 0xdd, 0xdd, 0x20,
    0x0, 0xff, 0xff, 0xff, 0xff, 0xff, 0xff, 0xff,
    0xff, 0x30, 0x0, 0x0, 0x0, 0x0, 0xf, 0xf1,
    0x0, 0x0, 0x0, 0x0, 0x0, 0x0, 0x3d, 0x70,
    0xf, 0xf1, 0x8, 0xc1, 0x0, 0x0, 0x0, 0x2,
    0xef, 0x50, 0xf, 0xf1, 0x9, 0xfe, 0x20, 0x0,
    0x0, 0x2e, 0xf8, 0x0, 0xf, 0xf1, 0x0, 0x8f,
    0xe2, 0x0, 0x5, 0xff, 0x80, 0x0, 0xf, 0xf0,
    0x0, 0x9, 0xfe, 0x20, 0x6, 0xf7, 0x0, 0x9c,
    0xdf, 0xf0, 0x0, 0x0, 0xad, 0x30, 0x0, 0x10,
    0x0, 0x5f, 0xfd, 0x50, 0x0, 0x0, 0x0, 0x0,

    /* U+4F5C "作" */
    0x0, 0x0, 0xa, 0x60, 0x0, 0x85, 0x0, 0x0,
    0x0, 0x0, 0x0, 0x0, 0x5f, 0xb0, 0x4, 0xfb,
    0x0, 0x0, 0x0, 0x0, 0x0, 0x0, 0xcf, 0x40,
    0xa, 0xf5, 0x0, 0x0, 0x0, 0x0, 0x0, 0x4,
    0xfd, 0x0, 0x1f, 0xf9, 0x99, 0x99, 0x99, 0x90,
    0x0, 0xe, 0xf7, 0x0, 0xaf, 0xff, 0xff, 0xff,
    0xff, 0xf0, 0x0, 0x7f, 0xf1, 0x2, 0xff, 0x4f,
    0xf5, 0x33, 0x33, 0x30, 0x2, 0xff, 0xf1, 0xc,
    0xf6, 0xd, 0xf1, 0x0, 0x0, 0x0, 0x1d, 0xff,
    0xf1, 0x8f, 0xc0, 0xd, 0xf2, 0x0, 0x0, 0x0,
    0x4f, 0xdd, 0xf1, 0xaf, 0x20, 0xd, 0xff, 0xff,
    0xff, 0x90, 0xa, 0x1d, 0xf1, 0x2, 0x0, 0xd,
    0xfc, 0xbb, 0xbb, 0x60, 0x0, 0xd, 0xf1, 0x0,
    0x0, 0xd, 0xf1, 0x0, 0x0, 0x0, 0x0, 0xd,
    0xf1, 0x0, 0x0, 0xd, 0xf1, 0x0, 0x0, 0x0,
    0x0, 0xd, 0xf1, 0x0, 0x0, 0xd, 0xfe, 0xcc,
    0xcc, 0xa0, 0x0, 0xd, 0xf1, 0x0, 0x0, 0xd,
    0xff, 0xff, 0xff, 0xd0, 0x0, 0xd, 0xf1, 0x0,
    0x0, 0xd, 0xf1, 0x0, 0x0, 0x0, 0x0, 0xd,
    0xf1, 0x0, 0x0, 0xd, 0xf1, 0x0, 0x0, 0x0,
    0x0, 0xd, 0xf1, 0x0, 0x0, 0xd, 0xf1, 0x0,
    0x0, 0x0, 0x0, 0xd, 0xf1, 0x0, 0x0, 0xd,
    0xf1, 0x0, 0x0, 0x0, 0x0, 0xc, 0xf1, 0x0,
    0x0, 0xd, 0xf1, 0x0, 0x0, 0x0,

    /* U+4F60 "你" */
    0x0, 0x0, 0x6, 0x20, 0x7, 0x40, 0x0, 0x0,
    0x0, 0x0, 0x0, 0x0, 0x7f, 0x90, 0x2f, 0xd0,
    0x0, 0x0, 0x0, 0x0, 0x0, 0x0, 0xdf, 0x20,
    0x6f, 0x80, 0x0, 0x0, 0x0, 0x0, 0x0, 0x5,
    0xfa, 0x0, 0xcf, 0x30, 0x0, 0x0, 0x0, 0x0,
    0x0, 0xe, 0xf3, 0x3, 0xff, 0xee, 0xff, 0xee,
    0xef, 0xd2, 0x0, 0x9f, 0xf0, 0xa, 0xff, 0xdd,
    0xff, 0xdd, 0xdf, 0xf1, 0x4, 0xff, 0xe0, 0x3f,
    0xe0, 0x0, 0xfe, 0x0, 0xe, 0xe0, 0x2e, 0xff,
    0xd0, 0xdf, 0x60, 0x0, 0xfe, 0x0, 0xf, 0xb0,
    0x8f, 0xaf, 0xd0, 0x6c, 0x0, 0x0, 0xfe, 0x0,
    0x19, 0x50, 0x1c, 0xf, 0xd0, 0x0, 0x5b, 0x40,
    0xfe, 0x9, 0xe0, 0x0, 0x0, 0xf, 0xd0, 0x0,
    0x9f, 0x40, 0xfe, 0x8, 0xf7, 0x0, 0x0, 0xf,
    0xd0, 0x0, 0xef, 0x0, 0xfe, 0x1, 0xfd, 0x0,
    0x0, 0xf, 0xd0, 0x5, 0xfa, 0x0, 0xfe, 0x0,
    0xbf, 0x30, 0x0, 0xf, 0xd0, 0xc, 0xf3, 0x0,
    0xfe, 0x0, 0x6f, 0x80, 0x0, 0xf, 0xd0, 0x5f,
    0xc0, 0x0, 0xfe, 0x0, 0x1f, 0xd0, 0x0, 0xf,
    0xd0, 0x6f, 0x40, 0x0, 0xfe, 0x0, 0xd, 0xc0,
    0x0, 0xf, 0xd0, 0x1, 0x0, 0x0, 0xfe, 0x0,
    0x1, 0x0, 0x0, 0xf, 0xd0, 0x0, 0x2, 0xee,
    0xfd, 0x0, 0x0, 0x0, 0x0, 0xe, 0xc0, 0x0,
    0x0, 0xdf, 0xc4, 0x0, 0x0, 0x0,

    /* U+4FA7 "侧" */
    0x0, 0x7, 0xa1, 0x0, 0x0, 0x0, 0x0, 0x0,
    0xb, 0x50, 0x0, 0xce, 0x3a, 0xaa, 0xaa, 0xa6,
    0x0, 0x1, 0xf8, 0x0, 0x1f, 0xa5, 0xfc, 0xbb,
    0xbf, 0xa0, 0xf8, 0x1f, 0x80, 0x6, 0xf5, 0x5f,
    0x20, 0x10, 0xea, 0xf, 0x81, 0xf8, 0x0, 0xcf,
    0x25, 0xf2, 0x7e, 0xe, 0xa0, 0xf8, 0x1f, 0x80,
    0x2f, 0xf1, 0x5f, 0x27, 0xe0, 0xea, 0xf, 0x81,
    0xf8, 0xa, 0xff, 0x15, 0xf2, 0x7e, 0xe, 0xa0,
    0xf8, 0x1f, 0x83, 0xff, 0xf1, 0x5f, 0x27, 0xe0,
    0xea, 0xf, 0x81, 0xf8, 0x5f, 0xaf, 0x15, 0xf2,
    0x7e, 0xe, 0xa0, 0xf8, 0x1f, 0x80, 0x77, 0xf1,
    0x5f, 0x27, 0xe0, 0xea, 0xf, 0x81, 0xf8, 0x0,
    0x7f, 0x15, 0xf2, 0x7e, 0xe, 0xa0, 0xf8, 0x1f,
    0x80, 0x7, 0xf1, 0x5f, 0x27, 0xe0, 0xea, 0xf,
    0x81, 0xf8, 0x0, 0x7f, 0x15, 0xf2, 0x8d, 0xe,
    0xa0, 0xf8, 0x1f, 0x80, 0x7, 0xf1, 0x5f, 0x2b,
    0xc0, 0xea, 0xf, 0x81, 0xf8, 0x0, 0x7f, 0x10,
    0x10, 0xf9, 0x40, 0x0, 0x21, 0x1f, 0x80, 0x7,
    0xf1, 0x0, 0x6f, 0x8f, 0x60, 0x0, 0x1, 0xf8,
    0x0, 0x7f, 0x10, 0x2f, 0xb0, 0x9f, 0x20, 0x0,
    0x1f, 0x80, 0x7, 0xf1, 0x4e, 0xd1, 0x0, 0xdc,
    0x2, 0x9a, 0xf7, 0x0, 0x7f, 0x16, 0xc1, 0x0,
    0x5, 0x70, 0xf, 0xfb, 0x10, 0x0, 0x0, 0x0,
    0x0, 0x0, 0x0, 0x0, 0x0, 0x0,

    /* U+503C "值" */
    0x0, 0x0, 0xb, 0x60, 0x0, 0x2, 0xda, 0x0,
    0x0, 0x0, 0x0, 0x0, 0x6f, 0x90, 0x0, 0x4,
    0xfa, 0x0, 0x0, 0x0, 0x0, 0x0, 0xdf, 0x4f,
    0xff, 0xff, 0xff, 0xff, 0xff, 0xe0, 0x0, 0x6,
    0xfa, 0x1b, 0xbb, 0xbf, 0xfe, 0xbb, 0xbb, 0xa0,
    0x0, 0x1f, 0xf2, 0x0, 0x0, 0xc, 0xf0, 0x0,
    0x0, 0x0, 0x0, 0x9f, 0xf0, 0x3, 0x77, 0x7f,
    0xf7, 0x77, 0x74, 0x0, 0x5, 0xff, 0xd0, 0x6,
    0xff, 0xff, 0xff, 0xff, 0xf9, 0x0, 0x2f, 0xff,
    0xc0, 0x6, 0xf4, 0x0, 0x0, 0x3, 0xf9, 0x0,
    0x1f, 0x9f, 0xc0, 0x6, 0xff, 0xff, 0xff, 0xff,
    0xf9, 0x0, 0x5, 0xf, 0xc0, 0x6, 0xfb, 0x66,
    0x66, 0x69, 0xf9, 0x0, 0x0, 0xf, 0xc0, 0x6,
    0xf4, 0x0, 0x0, 0x3, 0xf9, 0x0, 0x0, 0xf,
    0xc0, 0x6, 0xff, 0xff, 0xff, 0xff, 0xf9, 0x0,
    0x0, 0xf, 0xc0, 0x6, 0xfa, 0x55, 0x55, 0x58,
    0xf9, 0x0, 0x0, 0xf, 0xc0, 0x6, 0xf8, 0x33,
    0x33, 0x36, 0xf9, 0x0, 0x0, 0xf, 0xc0, 0x6,
    0xff, 0xff, 0xff, 0xff, 0xf9, 0x0, 0x0, 0xf,
    0xc0, 0x6, 0xf7, 0x22, 0x22, 0x25, 0xf9, 0x0,
    0x0, 0xf, 0xc1, 0x6c, 0xfb, 0x66, 0x66, 0x69,
    0xff, 0x61, 0x0, 0xf, 0xc3, 0xff, 0xff, 0xff,
    0xff, 0xff, 0xff, 0xf3, 0x0, 0xf, 0xc3, 0xff,
    0xff, 0xff, 0xff, 0xff, 0xff, 0xf3,

    /* U+5065 "健" */
    0x0, 0x0, 0xc7, 0x0, 0x0, 0x0, 0x8, 0xd0,
    0x0, 0x0, 0x0, 0x3, 0xfa, 0x99, 0xcb, 0x26,
    0x6f, 0xf6, 0x66, 0x10, 0x0, 0x9, 0xf6, 0xff,
    0xff, 0x3f, 0xff, 0xff, 0xff, 0x30, 0x0, 0xe,
    0xe0, 0x1, 0xfc, 0x0, 0xa, 0xf0, 0x4f, 0x30,
    0x0, 0x6f, 0xe0, 0x6, 0xf5, 0x67, 0x7f, 0xf7,
    0xbf, 0xa3, 0x0, 0xef, 0xa0, 0xd, 0xd0, 0xdf,
    0xff, 0xff, 0xff, 0xf8, 0x7, 0xff, 0x90, 0x6f,
    0x50, 0x0, 0xa, 0xf0, 0x4f, 0x30, 0x1f, 0xff,
    0x93, 0xff, 0xfc, 0x3f, 0xff, 0xff, 0xff, 0x30,
    0xd, 0x9f, 0x96, 0xfe, 0xff, 0x36, 0x6f, 0xf6,
    0x66, 0x10, 0x4, 0x1f, 0x90, 0x0, 0x7f, 0x23,
    0x3d, 0xf3, 0x33, 0x10, 0x0, 0x1f, 0x91, 0x50,
    0x9f, 0x3f, 0xff, 0xff, 0xff, 0x60, 0x0, 0x1f,
    0x97, 0xf0, 0xcc, 0x3, 0x3d, 0xf3, 0x33, 0x10,
    0x0, 0x1f, 0x92, 0xf6, 0xf8, 0x57, 0x7f, 0xf7,
    0x77, 0x70, 0x0, 0x1f, 0x90, 0xcf, 0xf4, 0xbf,
    0xff, 0xff, 0xff, 0xf0, 0x0, 0x1f, 0x90, 0x4f,
    0xf0, 0x0, 0xa, 0xf0, 0x0, 0x0, 0x0, 0x1f,
    0x90, 0x3f, 0xf5, 0x0, 0xa, 0xf0, 0x0, 0x0,
    0x0, 0x1f, 0x90, 0xcf, 0xef, 0xa3, 0x2, 0x30,
    0x0, 0x0, 0x0, 0x1f, 0x9a, 0xf5, 0xa, 0xff,
    0xec, 0xb9, 0x99, 0x94, 0x0, 0x1f, 0xab, 0x70,
    0x0, 0x28, 0xbe, 0xff, 0xff, 0xf1, 0x0, 0x0,
    0x0, 0x0, 0x0, 0x0, 0x0, 0x0, 0x0, 0x0,

    /* U+5143 "元" */
    0x0, 0x3, 0x33, 0x33, 0x33, 0x33, 0x33, 0x33,
    0x30, 0x0, 0x0, 0x1f, 0xff, 0xff, 0xff, 0xff,
    0xff, 0xff, 0xf2, 0x0, 0x0, 0xa, 0xaa, 0xaa,
    0xaa, 0xaa, 0xaa, 0xaa, 0xa1, 0x0, 0x0, 0x0,
    0x0, 0x0, 0x0, 0x0, 0x0, 0x0, 0x0, 0x0,
    0x0, 0x0, 0x0, 0x0, 0x0, 0x0, 0x0, 0x0,
    0x0, 0x0, 0x0, 0x0, 0x0, 0x0, 0x0, 0x0,
    0x0, 0x0, 0x0, 0x0, 0xc, 0xdd, 0xdd, 0xdd,
    0xdd, 0xdd, 0xdd, 0xdd, 0xdd, 0xc0, 0xd, 0xff,
    0xff, 0xff, 0xff, 0xff, 0xff, 0xff, 0xff, 0xe0,
    0x0, 0x0, 0x1, 0xfe, 0x0, 0x8, 0xf6, 0x0,
    0x0, 0x0, 0x0, 0x0, 0x3, 0xfc, 0x0, 0x8,
    0xf6, 0x0, 0x0, 0x0, 0x0, 0x0, 0x5, 0xfa,
    0x0, 0x8, 0xf6, 0x0, 0x0, 0x0, 0x0, 0x0,
    0x8, 0xf7, 0x0, 0x8, 0xf6, 0x0, 0x0, 0x0,
    0x0, 0x0, 0xd, 0xf3, 0x0, 0x8, 0xf6, 0x0,
    0x3, 0x10, 0x0, 0x0, 0x5f, 0xd0, 0x0, 0x8,
    0xf6, 0x0, 0x8, 0xf2, 0x0, 0x1, 0xef, 0x50,
    0x0, 0x8, 0xf6, 0x0, 0x9, 0xf2, 0x0, 0x2d,
    0xfb, 0x0, 0x0, 0x8, 0xf6, 0x0, 0xc, 0xf0,
    0x9, 0xff, 0xb0, 0x0, 0x0, 0x6, 0xff, 0xcc,
    0xdf, 0xc0, 0x9, 0xf7, 0x0, 0x0, 0x0, 0x0,
    0xbf, 0xff, 0xfd, 0x30, 0x0, 0x10, 0x0, 0x0,
    0x0, 0x0, 0x0, 0x0, 0x0, 0x0,

    /* U+514B "克" */
    0x0, 0x0, 0x0, 0x0, 0x1e, 0xc0, 0x0, 0x0,
    0x0, 0x0, 0x0, 0x0, 0x0, 0x0, 0x1f, 0xd0,
    0x0, 0x0, 0x0, 0x0, 0xb, 0xff, 0xff, 0xff,
    0xff, 0xff, 0xff, 0xff, 0xff, 0xa0, 0x8, 0xbb,
    0xbb, 0xbb, 0xcf, 0xfb, 0xbb, 0xbb, 0xbb, 0x70,
    0x0, 0x0, 0x0, 0x0, 0x1f, 0xd0, 0x0, 0x0,
    0x0, 0x0, 0x0, 0x1, 0x11, 0x11, 0x2f, 0xf1,
    0x11, 0x11, 0x0, 0x0, 0x0, 0xb, 0xff, 0xff,
    0xff, 0xff, 0xff, 0xff, 0x30, 0x0, 0x0, 0xb,
    0xfa, 0x99, 0x99, 0x99, 0x99, 0xef, 0x30, 0x0,
    0x0, 0xb, 0xf2, 0x0, 0x0, 0x0, 0x0, 0xcf,
    0x30, 0x0, 0x0, 0xb, 0xf2, 0x0, 0x0, 0x0,
    0x0, 0xcf, 0x30, 0x0, 0x0, 0xb, 0xfe, 0xee,
    0xee, 0xef, 0xfe, 0xff, 0x30, 0x0, 0x0, 0x8,
    0xcc, 0xff, 0xfc, 0xcf, 0xfc, 0xcc, 0x20, 0x0,
    0x0, 0x0, 0x0, 0xdf, 0x30, 0xe, 0xd0, 0x0,
    0x0, 0x0, 0x0, 0x0, 0x1, 0xff, 0x10, 0xe,
    0xd0, 0x0, 0x0, 0x0, 0x0, 0x0, 0x7, 0xfc,
    0x0, 0xe, 0xd0, 0x0, 0x8, 0x40, 0x0, 0x0,
    0x3f, 0xf5, 0x0, 0xe, 0xd0, 0x0, 0xc, 0xf0,
    0x0, 0x17, 0xff, 0xa0, 0x0, 0xe, 0xd0, 0x0,
    0xe, 0xd0, 0x1b, 0xff, 0xf9, 0x0, 0x0, 0xc,
    0xfd, 0xcc, 0xef, 0xa0, 0xa, 0xfa, 0x30, 0x0,
    0x0, 0x4, 0xdf, 0xff, 0xfd, 0x20, 0x1, 0x0,
    0x0, 0x0, 0x0, 0x0, 0x0, 0x0, 0x0, 0x0,

    /* U+5168 "全" */
    0x0, 0x0, 0x0, 0x0, 0x0, 0x0, 0x0, 0x0,
    0x0, 0x0, 0x0, 0x0, 0x0, 0x0, 0xc, 0xf2,
    0x0, 0x0, 0x0, 0x0, 0x0, 0x0, 0x0, 0x0,
    0x8f, 0xf7, 0x0, 0x0, 0x0, 0x0, 0x0, 0x0,
    0x0, 0x6, 0xff, 0xff, 0x60, 0x0, 0x0, 0x0,
    0x0, 0x0, 0x0, 0x8f, 0xe2, 0x2e, 0xf8, 0x0,
    0x0, 0x0, 0x0, 0x0, 0xa, 0xfe, 0x20, 0x2,
    0xef, 0xb1, 0x0, 0x0, 0x0, 0x4, 0xdf, 0xd2,
    0x0, 0x0, 0x1c, 0xfe, 0x50, 0x0, 0x2, 0xaf,
    0xfa, 0x0, 0x0, 0x0, 0x0, 0x9f, 0xfb, 0x30,
    0x4f, 0xff, 0xfa, 0xaa, 0xaa, 0xaa, 0xaa, 0xae,
    0xff, 0xf4, 0x8, 0x82, 0xff, 0xff, 0xff, 0xff,
    0xff, 0xff, 0x38, 0xa0, 0x0, 0x0, 0x0, 0x0,
    0xf, 0xf0, 0x0, 0x0, 0x0, 0x0, 0x0, 0x0,
    0x0, 0x0, 0xf, 0xf0, 0x0, 0x0, 0x0, 0x0,
    0x0, 0x0, 0x0, 0x0, 0xf, 0xf0, 0x0, 0x0,
    0x0, 0x0, 0x0, 0x0, 0xef, 0xff, 0xff, 0xff,
    0xff, 0xff, 0x20, 0x0, 0x0, 0x0, 0x9a, 0xaa,
    0xaf, 0xfa, 0xaa, 0xaa, 0x10, 0x0, 0x0, 0x0,
    0x0, 0x0, 0xf, 0xf0, 0x0, 0x0, 0x0, 0x0,
    0x0, 0x0, 0x0, 0x0, 0xf, 0xf0, 0x0, 0x0,
    0x0, 0x0, 0x5, 0xcc, 0xcc, 0xcc, 0xcf, 0xfc,
    0xcc, 0xcc, 0xcc, 0x70, 0x7, 0xff, 0xff, 0xff,
    0xff, 0xff, 0xff, 0xff, 0xff, 0x90, 0x7, 0xff,
    0xff, 0xff, 0xff, 0xff, 0xff, 0xff, 0xff, 0x90,

    /* U+5173 "关" */
    0x0, 0x0, 0x18, 0x20, 0x0, 0x0, 0x1, 0xb5,
    0x0, 0x0, 0x0, 0x0, 0x6f, 0xc0, 0x0, 0x0,
    0x8, 0xfb, 0x0, 0x0, 0x0, 0x0, 0xb, 0xf7,
    0x0, 0x0, 0x1f, 0xf2, 0x0, 0x0, 0x0, 0x0,
    0x2, 0xfc, 0x0, 0x0, 0x9f, 0x80, 0x0, 0x0,
    0x0, 0x5b, 0xbb, 0xfb, 0xbc, 0xcd, 0xff, 0xcb,
    0xb8, 0x0, 0x0, 0x7f, 0xff, 0xff, 0xff, 0xff,
    0xff, 0xff, 0xfb, 0x0, 0x0, 0x12, 0x22, 0x22,
    0x2f, 0xf5, 0x22, 0x22, 0x21, 0x0, 0x0, 0x0,
    0x0, 0x0, 0xf, 0xf3, 0x0, 0x0, 0x0, 0x0,
    0x0, 0x0, 0x0, 0x0, 0xf, 0xf3, 0x0, 0x0,
    0x0, 0x0, 0x9, 0xdd, 0xdd, 0xdd, 0xef, 0xff,
    0xdd, 0xdd, 0xdd, 0xa0, 0xb, 0xff, 0xff, 0xff,
    0xff, 0xff, 0xff, 0xff, 0xff, 0xc0, 0x0, 0x0,
    0x0, 0x0, 0x9f, 0xfe, 0x10, 0x0, 0x0, 0x0,
    0x0, 0x0, 0x0, 0x2, 0xff, 0xff, 0xa0, 0x0,
    0x0, 0x0, 0x0, 0x0, 0x0, 0x1d, 0xfd, 0x1e,
    0xf9, 0x0, 0x0, 0x0, 0x0, 0x0, 0x4, 0xef,
    0xe2, 0x3, 0xff, 0xb1, 0x0, 0x0, 0x0, 0x3,
    0xaf, 0xfd, 0x20, 0x0, 0x4e, 0xfe, 0x81, 0x0,
    0x7, 0xcf, 0xff, 0x90, 0x0, 0x0, 0x2, 0xcf,
    0xff, 0xb1, 0x8, 0xff, 0x92, 0x0, 0x0, 0x0,
    0x0, 0x5, 0xdf, 0x90, 0x0, 0x50, 0x0, 0x0,
    0x0, 0x0, 0x0, 0x0, 0x3, 0x0,

    /* U+5185 "内" */
    0x0, 0x0, 0x0, 0x0, 0x11, 0x0, 0x0, 0x0,
    0x0, 0x0, 0x0, 0x0, 0x0, 0xef, 0x0, 0x0,
    0x0, 0x0, 0x0, 0x0, 0x0, 0x0, 0xef, 0x0,
    0x0, 0x0, 0x0, 0x0, 0x0, 0x0, 0x0, 0xef,
    0x0, 0x0, 0x0, 0x0, 0xb, 0xbb, 0xbb, 0xbb,
    0xff, 0xcb, 0xbb, 0xbf, 0xb0, 0x1f, 0xff, 0xff,
    0xff, 0xff, 0xff, 0xff, 0xff, 0xf0, 0x1f, 0xd2,
    0x22, 0x22, 0xff, 0x22, 0x22, 0x2f, 0xf0, 0x1f,
    0xd0, 0x0, 0x0, 0xfe, 0x0, 0x0, 0xd, 0xf0,
    0x1f, 0xd0, 0x0, 0x3, 0xff, 0x0, 0x0, 0xd,
    0xf0, 0x1f, 0xd0, 0x0, 0x7, 0xff, 0x70, 0x0,
    0xd, 0xf0, 0x1f, 0xd0, 0x0, 0xe, 0xff, 0xf7,
    0x0, 0xd, 0xf0, 0x1f, 0xd0, 0x0, 0x8f, 0xb2,
    0xef, 0x70, 0xd, 0xf0, 0x1f, 0xd0, 0x5, 0xff,
    0x20, 0x3f, 0xf5, 0xd, 0xf0, 0x1f, 0xd0, 0x7f,
    0xf5, 0x0, 0x4, 0xff, 0x3d, 0xf0, 0x1f, 0xd9,
    0xff, 0x50, 0x0, 0x0, 0x7f, 0x8d, 0xf0, 0x1f,
    0xd0, 0xa3, 0x0, 0x0, 0x0, 0x4, 0xd, 0xf0,
    0x1f, 0xd0, 0x0, 0x0, 0x0, 0x0, 0x0, 0xd,
    0xf0, 0x1f, 0xd0, 0x0, 0x0, 0x0, 0x0, 0x0,
    0xd, 0xf0, 0x1f, 0xd0, 0x0, 0x0, 0x0, 0x1,
    0xee, 0xef, 0xe0, 0x1f, 0xd0, 0x0, 0x0, 0x0,
    0x0, 0xcf, 0xec, 0x40,

    /* U+51FB "击" */
    0x0, 0x0, 0x0, 0x0, 0xcd, 0x10, 0x0, 0x0,
    0x0, 0x0, 0x0, 0x0, 0x0, 0xef, 0x10, 0x0,
    0x0, 0x0, 0x0, 0x0, 0x0, 0x0, 0xef, 0x10,
    0x0, 0x0, 0x0, 0x5, 0xee, 0xee, 0xee, 0xff,
    0xfe, 0xee, 0xee, 0x70, 0x5, 0xff, 0xff, 0xff,
    0xff, 0xff, 0xff, 0xff, 0x70, 0x0, 0x0, 0x0,
    0x0, 0xef, 0x10, 0x0, 0x0, 0x0, 0x0, 0x0,
    0x0, 0x0, 0xef, 0x10, 0x0, 0x0, 0x0, 0x0,
    0x0, 0x0, 0x0, 0xff, 0x20, 0x0, 0x0, 0x0,
    0xdf, 0xff, 0xff, 0xff, 0xff, 0xff, 0xff, 0xff,
    0xfe, 0xad, 0xdd, 0xdd, 0xdd, 0xff, 0xed, 0xdd,
    0xdd, 0xdb, 0x0, 0x0, 0x0, 0x0, 0xef, 0x10,
    0x0, 0x0, 0x0, 0x1, 0xfe, 0x0, 0x0, 0xef,
    0x10, 0x0, 0xef, 0x0, 0x1, 0xfe, 0x0, 0x0,
    0xef, 0x10, 0x0, 0xef, 0x0, 0x1, 0xfe, 0x0,
    0x0, 0xef, 0x10, 0x0, 0xef, 0x0, 0x1, 0xfe,
    0x0, 0x0, 0xef, 0x10, 0x0, 0xef, 0x0, 0x1,
    0xff, 0x33, 0x33, 0xff, 0x43, 0x33, 0xff, 0x0,
    0x1, 0xff, 0xff, 0xff, 0xff, 0xff, 0xff, 0xff,
    0x0, 0x1, 0xaa, 0xaa, 0xaa, 0xaa, 0xaa, 0xaa,
    0xff, 0x0, 0x0, 0x0, 0x0, 0x0, 0x0, 0x0,
    0x0, 0xef, 0x0,

    /* U+5206 "分" */
    0x0, 0x0, 0x0, 0x64, 0x0, 0x0, 0x37, 0x0,
    0x0, 0x0, 0x0, 0x0, 0x2, 0xff, 0x10, 0x0,
    0xdf, 0x30, 0x0, 0x0, 0x0, 0x0, 0xa, 0xfa,
    0x0, 0x0, 0x5f, 0xc0, 0x0, 0x0, 0x0, 0x0,
    0x3f, 0xf2, 0x0, 0x0, 0xc, 0xf8, 0x0, 0x0,
    0x0, 0x1, 0xef, 0x80, 0x0, 0x0, 0x2, 0xff,
    0x40, 0x0, 0x0, 0xb, 0xfc, 0x0, 0x0, 0x0,
    0x0, 0x7f, 0xf2, 0x0, 0x0, 0x9f, 0xf2, 0x0,
    0x0, 0x0, 0x0, 0xa, 0xfe, 0x20, 0xa, 0xff,
    0xd8, 0x88, 0x88, 0x88, 0x88, 0xd8, 0xff, 0xe1,
    0x8, 0xf8, 0xff, 0xff, 0xff, 0xff, 0xff, 0xff,
    0x6d, 0x60, 0x0, 0x21, 0x66, 0x6f, 0xfb, 0x66,
    0x66, 0xff, 0x30, 0x0, 0x0, 0x0, 0x0, 0xd,
    0xf2, 0x0, 0x0, 0xcf, 0x30, 0x0, 0x0, 0x0,
    0x0, 0xf, 0xf0, 0x0, 0x0, 0xdf, 0x20, 0x0,
    0x0, 0x0, 0x0, 0x5f, 0xb0, 0x0, 0x0, 0xdf,
    0x10, 0x0, 0x0, 0x0, 0x0, 0xcf, 0x60, 0x0,
    0x0, 0xff, 0x0, 0x0, 0x0, 0x0, 0x5, 0xfe,
    0x0, 0x0, 0x0, 0xfe, 0x0, 0x0, 0x0, 0x0,
    0x3f, 0xf5, 0x0, 0x0, 0x2, 0xfd, 0x0, 0x0,
    0x0, 0x7, 0xff, 0x90, 0x0, 0x0, 0x7, 0xfa,
    0x0, 0x0, 0x5, 0xef, 0xf8, 0x0, 0x1, 0xdd,
    0xdf, 0xf6, 0x0, 0x0, 0x2, 0xfc, 0x40, 0x0,
    0x0, 0xcf, 0xff, 0x90, 0x0, 0x0, 0x0, 0x10,
    0x0, 0x0, 0x0, 0x0, 0x0, 0x0, 0x0, 0x0,

    /* U+5207 "切" */
    0x0, 0xd, 0xb0, 0x0, 0x0, 0x0, 0x0, 0x0,
    0x0, 0x0, 0x0, 0xfd, 0x0, 0xb, 0xff, 0xff,
    0xff, 0xff, 0xff, 0x0, 0xf, 0xd0, 0x0, 0x8c,
    0xcf, 0xff, 0xcc, 0xcf, 0xf0, 0x0, 0xfd, 0x0,
    0x0, 0x0, 0xaf, 0x30, 0x0, 0xfe, 0x0, 0xf,
    0xf6, 0xad, 0x70, 0xb, 0xf3, 0x0, 0xf, 0xe3,
    0x9c, 0xff, 0xff, 0xf8, 0x0, 0xbf, 0x20, 0x0,
    0xfd, 0x5f, 0xff, 0xf6, 0x30, 0x0, 0xd, 0xf1,
    0x0, 0x1f, 0xd1, 0x41, 0xfd, 0x0, 0x0, 0x0,
    0xef, 0x0, 0x1, 0xfc, 0x0, 0xf, 0xd0, 0x0,
    0x0, 0xf, 0xd0, 0x0, 0x2f, 0xc0, 0x0, 0xfd,
    0x0, 0x0, 0x2, 0xfb, 0x0, 0x3, 0xfb, 0x0,
    0xf, 0xd0, 0x0, 0x10, 0x5f, 0x80, 0x0, 0x3f,
    0xa0, 0x0, 0xfd, 0x7, 0xd9, 0xa, 0xf5, 0x0,
    0x4, 0xf9, 0x0, 0x1f, 0xff, 0xff, 0x71, 0xff,
    0x0, 0x0, 0x6f, 0x80, 0xd, 0xff, 0xe7, 0x0,
    0x9f, 0x90, 0x0, 0x7, 0xf7, 0x0, 0xbf, 0x70,
    0x0, 0x4f, 0xf2, 0x0, 0x0, 0xaf, 0x50, 0x1,
    0x10, 0x0, 0x3f, 0xf7, 0x0, 0x0, 0x1e, 0xf2,
    0x0, 0x0, 0x0, 0x6f, 0xfa, 0x0, 0x5e, 0xde,
    0xfd, 0x0, 0x0, 0x0, 0x2, 0xe8, 0x0, 0x0,
    0xff, 0xfc, 0x30, 0x0, 0x0, 0x0, 0x1, 0x0,
    0x0, 0x0, 0x0, 0x0, 0x0,

    /* U+5217 "列" */
    0x0, 0x0, 0x0, 0x0, 0x0, 0x0, 0x0, 0x0,
    0x8, 0x60, 0x9a, 0xaa, 0xaa, 0xaa, 0xaa, 0x30,
    0x0, 0x1, 0xfd, 0xe, 0xff, 0xff, 0xff, 0xff,
    0xf6, 0x16, 0x40, 0x1f, 0xd0, 0x22, 0x3f, 0xf2,
    0x22, 0x22, 0x3, 0xfa, 0x1, 0xfd, 0x0, 0x5,
    0xf9, 0x0, 0x0, 0x0, 0x3f, 0xa0, 0x1f, 0xd0,
    0x0, 0x9f, 0x83, 0x33, 0x40, 0x3, 0xfa, 0x1,
    0xfd, 0x0, 0xf, 0xff, 0xff, 0xff, 0xc0, 0x3f,
    0xa0, 0x1f, 0xd0, 0x6, 0xff, 0x88, 0x8c, 0xf9,
    0x3, 0xfa, 0x1, 0xfd, 0x0, 0xdf, 0x20, 0x0,
    0x6f, 0x60, 0x3f, 0xa0, 0x1f, 0xd0, 0x7f, 0xb0,
    0x0, 0xb, 0xf2, 0x3, 0xfa, 0x1, 0xfd, 0xe,
    0xf3, 0xc6, 0x1, 0xfd, 0x0, 0x3f, 0xa0, 0x1f,
    0xd0, 0x26, 0x3f, 0xfa, 0x7f, 0x70, 0x3, 0xfa,
    0x1, 0xfd, 0x0, 0x0, 0x2e, 0xff, 0xf1, 0x0,
    0x3f, 0xa0, 0x1f, 0xd0, 0x0, 0x0, 0x1f, 0xf8,
    0x0, 0x2, 0xe9, 0x1, 0xfd, 0x0, 0x0, 0x6,
    0xfe, 0x10, 0x0, 0x0, 0x0, 0x1f, 0xd0, 0x0,
    0x6, 0xff, 0x30, 0x0, 0x0, 0x0, 0x1, 0xfd,
    0x0, 0x9, 0xff, 0x50, 0x0, 0x0, 0x0, 0x0,
    0x1f, 0xd0, 0x4e, 0xff, 0x40, 0x0, 0x0, 0x0,
    0xa, 0xcd, 0xfb, 0x0, 0xea, 0x10, 0x0, 0x0,
    0x0, 0x0, 0x7f, 0xfc, 0x30, 0x0, 0x0, 0x0,
    0x0, 0x0, 0x0, 0x0, 0x0, 0x0,

    /* U+5219 "则" */
    0x0, 0x0, 0x0, 0x0, 0x0, 0x0, 0x0, 0x0,
    0x2b, 0x70, 0x1e, 0xee, 0xee, 0xee, 0xec, 0x0,
    0x10, 0x3, 0xfa, 0x1, 0xff, 0xdd, 0xdd, 0xdf,
    0xe0, 0x1f, 0xb0, 0x3f, 0xa0, 0x1f, 0xb0, 0x0,
    0x0, 0xfe, 0x1, 0xfb, 0x3, 0xfa, 0x1, 0xfb,
    0xa, 0xe1, 0xf, 0xe0, 0x1f, 0xb0, 0x3f, 0xa0,
    0x1f, 0xb0, 0xbf, 0x10, 0xfe, 0x1, 0xfb, 0x3,
    0xfa, 0x1, 0xfb, 0xb, 0xf1, 0xf, 0xe0, 0x1f,
    0xb0, 0x3f, 0xa0, 0x1f, 0xb0, 0xbf, 0x10, 0xfe,
    0x1, 0xfb, 0x3, 0xfa, 0x1, 0xfb, 0xb, 0xf1,
    0xf, 0xe0, 0x1f, 0xb0, 0x3f, 0xa0, 0x1f, 0xb0,
    0xbf, 0x10, 0xfe, 0x1, 0xfb, 0x3, 0xfa, 0x1,
    0xfb, 0xc, 0xf0, 0xf, 0xe0, 0x1f, 0xb0, 0x3f,
    0xa0, 0x1f, 0xb0, 0xdf, 0x0, 0xfe, 0x1, 0xfb,
    0x3, 0xfa, 0x1, 0xfb, 0xf, 0xd0, 0xf, 0xe0,
    0x1f, 0xb0, 0x3f, 0xa0, 0x5, 0x33, 0xfa, 0x20,
    0x44, 0x1, 0xfb, 0x3, 0xfa, 0x0, 0x0, 0xaf,
    0xaf, 0x70, 0x0, 0x1, 0x0, 0x3f, 0xa0, 0x0,
    0x5f, 0xd2, 0xef, 0x80, 0x0, 0x0, 0x3, 0xfa,
    0x0, 0x5f, 0xf4, 0x1, 0xdf, 0x90, 0x0, 0x0,
    0x4f, 0xa0, 0xaf, 0xf5, 0x0, 0x1, 0xdf, 0x10,
    0xae, 0xef, 0xf8, 0x7, 0xd3, 0x0, 0x0, 0x1,
    0x40, 0x6, 0xff, 0xea, 0x10, 0x0, 0x0, 0x0,
    0x0, 0x0, 0x0, 0x0, 0x0, 0x0,

    /* U+523B "刻" */
    0x0, 0x0, 0x4, 0x70, 0x0, 0x0, 0x0, 0x0,
    0x3, 0x20, 0x0, 0x0, 0x8f, 0x80, 0x0, 0x0,
    0x0, 0x1, 0xfc, 0xb, 0xbb, 0xbd, 0xff, 0xbb,
    0xbb, 0xa, 0xd0, 0x1f, 0xc0, 0xff, 0xff, 0xff,
    0xff, 0xff, 0xf0, 0xcf, 0x1, 0xfc, 0x1, 0x11,
    0xbf, 0x81, 0x11, 0x11, 0xc, 0xf0, 0x1f, 0xc0,
    0x0, 0x7f, 0xa0, 0x3, 0xb4, 0x0, 0xcf, 0x1,
    0xfc, 0x0, 0x5f, 0xc0, 0x0, 0xdf, 0x40, 0xc,
    0xf0, 0x1f, 0xc0, 0x5f, 0xfe, 0xde, 0xff, 0xa0,
    0x0, 0xcf, 0x1, 0xfc, 0x3, 0xfe, 0xcb, 0xff,
    0xf0, 0x0, 0xc, 0xf0, 0x1f, 0xc0, 0x0, 0x0,
    0x5f, 0xf2, 0x1e, 0x90, 0xcf, 0x1, 0xfc, 0x0,
    0x0, 0x9f, 0xf4, 0xa, 0xf7, 0xc, 0xf0, 0x1f,
    0xc0, 0x3, 0xcf, 0xe3, 0x6, 0xfd, 0x0, 0xcf,
    0x1, 0xfc, 0x8, 0xff, 0xc2, 0x4, 0xff, 0x20,
    0xc, 0xf0, 0x1f, 0xc0, 0x2e, 0x80, 0x3, 0xff,
    0x80, 0x0, 0x45, 0x1, 0xfc, 0x0, 0x0, 0x5,
    0xff, 0xfe, 0x20, 0x0, 0x0, 0x1f, 0xc0, 0x0,
    0x8, 0xff, 0x57, 0xfe, 0x10, 0x0, 0x1, 0xfc,
    0x0, 0x4d, 0xfe, 0x30, 0x8, 0xfd, 0x0, 0x0,
    0x1f, 0xc0, 0xaf, 0xfb, 0x10, 0x0, 0xa, 0xc1,
    0x3b, 0xbc, 0xfb, 0x4, 0xe5, 0x0, 0x0, 0x0,
    0x0, 0x0, 0xef, 0xfd, 0x30, 0x0, 0x0, 0x0,
    0x0, 0x0, 0x0, 0x0, 0x0, 0x0,

    /* U+526A "剪" */
    0x0, 0x1, 0xcb, 0x0, 0x0, 0x0, 0xbc, 0x20,
    0x0, 0x0, 0x0, 0xbf, 0x30, 0x0, 0x5, 0xfa,
    0x0, 0x0, 0x9f, 0xff, 0xff, 0xff, 0xff, 0xff,
    0xff, 0xff, 0xfe, 0x58, 0x88, 0x88, 0x88, 0x88,
    0x88, 0x88, 0x88, 0x87, 0x2, 0x55, 0x55, 0x58,
    0x40, 0x1, 0x0, 0x49, 0x20, 0x6, 0xfd, 0xdd,
    0xdf, 0xb0, 0x4f, 0x50, 0x6f, 0x40, 0x6, 0xf6,
    0x33, 0x3f, 0xb0, 0x4f, 0x50, 0x6f, 0x40, 0x6,
    0xff, 0xee, 0xef, 0xb0, 0x4f, 0x50, 0x6f, 0x40,
    0x6, 0xf5, 0x22, 0x2f, 0xb0, 0x4f, 0x50, 0x6f,
    0x40, 0x6, 0xff, 0xff, 0xff, 0xb0, 0x4f, 0x50,
    0x6f, 0x40, 0x6, 0xf3, 0x1, 0x3e, 0xb0, 0x0,
    0x14, 0x9f, 0x40, 0x5, 0xe2, 0x2, 0xdc, 0x40,
    0x0, 0x2f, 0xfc, 0x10, 0x29, 0x99, 0x99, 0x99,
    0xa9, 0x99, 0x99, 0xad, 0x60, 0x3f, 0xff, 0xff,
    0xff, 0xff, 0xff, 0xff, 0xff, 0xa0, 0x0, 0x0,
    0x0, 0x6f, 0xa0, 0x0, 0x0, 0x5f, 0x80, 0x0,
    0x0, 0x2, 0xef, 0x30, 0x0, 0x0, 0x7f, 0x60,
    0x0, 0x1, 0x7f, 0xf7, 0x0, 0x0, 0x0, 0xbf,
    0x30, 0x6a, 0xdf, 0xfe, 0x50, 0x0, 0x59, 0x89,
    0xfe, 0x0, 0x6f, 0xea, 0x50, 0x0, 0x0, 0x3f,
    0xff, 0xd4, 0x0, 0x1, 0x0, 0x0, 0x0, 0x0,
    0x0, 0x0, 0x0, 0x0,

    /* U+526F "副" */
    0x0, 0x0, 0x0, 0x0, 0x0, 0x0, 0x0, 0x0,
    0x86, 0xff, 0xff, 0xff, 0xff, 0xff, 0xf2, 0x0,
    0x1, 0xfc, 0x9a, 0xaa, 0xaa, 0xaa, 0xaa, 0xa1,
    0x56, 0x1, 0xfc, 0x1, 0x22, 0x22, 0x22, 0x22,
    0x0, 0xce, 0x1, 0xfc, 0xc, 0xff, 0xff, 0xff,
    0xff, 0x20, 0xce, 0x1, 0xfc, 0xc, 0xf5, 0x55,
    0x55, 0xcf, 0x20, 0xce, 0x1, 0xfc, 0xc, 0xf0,
    0x0, 0x0, 0xaf, 0x20, 0xce, 0x1, 0xfc, 0xc,
    0xff, 0xff, 0xff, 0xff, 0x20, 0xce, 0x1, 0xfc,
    0x6, 0x88, 0x88, 0x88, 0x88, 0x10, 0xce, 0x1,
    0xfc, 0x0, 0x0, 0x0, 0x0, 0x0, 0x0, 0xce,
    0x1, 0xfc, 0x6d, 0xdd, 0xdd, 0xdd, 0xdd, 0xc0,
    0xce, 0x1, 0xfc, 0x7f, 0xba, 0xcf, 0xfa, 0xaf,
    0xe0, 0xce, 0x1, 0xfc, 0x7f, 0x40, 0x2f, 0x80,
    0xe, 0xe0, 0xce, 0x1, 0xfc, 0x7f, 0xff, 0xff,
    0xff, 0xff, 0xe0, 0x8a, 0x1, 0xfc, 0x7f, 0xb7,
    0xaf, 0xf7, 0x7f, 0xe0, 0x0, 0x1, 0xfc, 0x7f,
    0x40, 0x2f, 0x80, 0xe, 0xe0, 0x0, 0x1, 0xfc,
    0x7f, 0xfc, 0xff, 0xfc, 0xcf, 0xe0, 0x0, 0x1,
    0xfc, 0x7f, 0xfb, 0xbb, 0xbb, 0xbf, 0xe0, 0x4e,
    0xee, 0xfa, 0x6f, 0x40, 0x0, 0x0, 0xe, 0xe0,
    0xf, 0xfe, 0xb2,

    /* U+52A8 "动" */
    0x0, 0x0, 0x0, 0x0, 0x0, 0x1, 0x85, 0x0,
    0x0, 0x1, 0x11, 0x11, 0x11, 0x0, 0x3, 0xfa,
    0x0, 0x0, 0x4f, 0xff, 0xff, 0xff, 0x80, 0x3,
    0xfa, 0x0, 0x0, 0x2a, 0xaa, 0xaa, 0xaa, 0x50,
    0x3, 0xfa, 0x0, 0x0, 0x0, 0x0, 0x0, 0x0,
    0x3, 0x48, 0xfe, 0x44, 0x84, 0x0, 0x0, 0x0,
    0x0, 0xd, 0xff, 0xff, 0xff, 0xff, 0xab, 0xbb,
    0xbb, 0xbb, 0x94, 0x5a, 0xfd, 0x55, 0xff, 0xff,
    0xff, 0xff, 0xff, 0xd0, 0x6, 0xf7, 0x0, 0xfe,
    0x0, 0x7f, 0x80, 0x0, 0x0, 0x7, 0xf6, 0x0,
    0xfd, 0x0, 0xbf, 0x30, 0x11, 0x0, 0x9, 0xf4,
    0x0, 0xfd, 0x0, 0xfe, 0x0, 0xfb, 0x0, 0xb,
    0xf2, 0x1, 0xfc, 0x4, 0xf8, 0x0, 0xaf, 0x10,
    0xe, 0xf0, 0x1, 0xfb, 0x9, 0xf3, 0x0, 0x5f,
    0x70, 0x1f, 0xd0, 0x2, 0xfa, 0x1f, 0xc0, 0x37,
    0xbf, 0xe0, 0x6f, 0x90, 0x3, 0xf9, 0x9f, 0xff,
    0xff, 0xff, 0xf1, 0xcf, 0x40, 0x5, 0xf8, 0xbf,
    0xfe, 0xa6, 0x17, 0xe7, 0xfe, 0x0, 0x7, 0xf7,
    0x39, 0x30, 0x0, 0x0, 0xd, 0xf7, 0x0, 0xb,
    0xf4, 0x0, 0x0, 0x0, 0x0, 0xaf, 0xd0, 0xbd,
    0xdf, 0xf1, 0x0, 0x0, 0x0, 0x0, 0x3e, 0x30,
    0x7f, 0xfd, 0x50, 0x0, 0x0, 0x0, 0x0, 0x0,
    0x0, 0x0, 0x0, 0x0,

    /* U+5316 "化" */
    0x0, 0x0, 0x0, 0x10, 0x0, 0x0, 0x0, 0x0,
    0x0, 0x0, 0x0, 0x0, 0x6, 0xf8, 0x0, 0xce,
    0x10, 0x0, 0x0, 0x0, 0x0, 0x0, 0xd, 0xf4,
    0x0, 0xef, 0x10, 0x0, 0x0, 0x0, 0x0, 0x0,
    0x6f, 0xc0, 0x0, 0xef, 0x10, 0x0, 0x2, 0x0,
    0x0, 0x1, 0xef, 0x40, 0x0, 0xef, 0x10, 0x0,
    0x9f, 0x70, 0x0, 0xa, 0xff, 0x0, 0x0, 0xef,
    0x10, 0x5, 0xff, 0x60, 0x0, 0x6f, 0xff, 0x0,
    0x0, 0xef, 0x10, 0x3f, 0xf9, 0x0, 0x4, 0xff,
    0xfe, 0x0, 0x0, 0xef, 0x13, 0xef, 0xa0, 0x0,
    0x1f, 0xfb, 0xfe, 0x0, 0x0, 0xef, 0x6f, 0xfb,
    0x0, 0x0, 0x9, 0xc1, 0xfe, 0x0, 0x0, 0xef,
    0xff, 0xa0, 0x0, 0x0, 0x1, 0x11, 0xfe, 0x0,
    0x1, 0xff, 0xf7, 0x0, 0x0, 0x0, 0x0, 0x1,
    0xfe, 0x0, 0x5e, 0xff, 0x50, 0x0, 0x0, 0x0,
    0x0, 0x1, 0xfe, 0x3c, 0xff, 0xff, 0x10, 0x0,
    0x0, 0x0, 0x0, 0x1, 0xfe, 0x3f, 0xd4, 0xef,
    0x10, 0x0, 0x8, 0x70, 0x0, 0x1, 0xfe, 0x2,
    0x0, 0xef, 0x10, 0x0, 0xa, 0xf3, 0x0, 0x1,
    0xfe, 0x0, 0x0, 0xef, 0x10, 0x0, 0xc, 0xf1,
    0x0, 0x1, 0xfe, 0x0, 0x0, 0xef, 0x20, 0x0,
    0x1f, 0xf0, 0x0, 0x1, 0xfe, 0x0, 0x0, 0xbf,
    0xfe, 0xee, 0xff, 0xa0, 0x0, 0x1, 0xfe, 0x0,
    0x0, 0x2c, 0xff, 0xff, 0xfb, 0x10,

    /* U+533A "区" */
    0x1e, 0xee, 0xee, 0xee, 0xee, 0xee, 0xee, 0xee,
    0xe9, 0x1, 0xff, 0xff, 0xff, 0xff, 0xff, 0xff,
    0xff, 0xff, 0xa0, 0x1f, 0xc0, 0x0, 0x0, 0x0,
    0x0, 0x1, 0x0, 0x0, 0x1, 0xfc, 0x0, 0x50,
    0x0, 0x0, 0x0, 0xdd, 0x20, 0x0, 0x1f, 0xc0,
    0x5f, 0xd2, 0x0, 0x0, 0x8f, 0xb0, 0x0, 0x1,
    0xfc, 0x0, 0x8f, 0xf4, 0x0, 0x4f, 0xf1, 0x0,
    0x0, 0x1f, 0xc0, 0x0, 0x5f, 0xf6, 0x2e, 0xf4,
    0x0, 0x0, 0x1, 0xfc, 0x0, 0x0, 0x3e, 0xff,
    0xf7, 0x0, 0x0, 0x0, 0x1f, 0xc0, 0x0, 0x0,
    0x4f, 0xff, 0x0, 0x0, 0x0, 0x1, 0xfc, 0x0,
    0x0, 0x2e, 0xff, 0xfc, 0x0, 0x0, 0x0, 0x1f,
    0xc0, 0x0, 0x5f, 0xf9, 0x1d, 0xfc, 0x10, 0x0,
    0x1, 0xfc, 0x0, 0x9f, 0xf8, 0x0, 0x1c, 0xfd,
    0x10, 0x0, 0x1f, 0xc2, 0xef, 0xf5, 0x0, 0x0,
    0x1c, 0xfc, 0x0, 0x1, 0xfc, 0x7, 0xc2, 0x0,
    0x0, 0x0, 0x1c, 0x30, 0x0, 0x1f, 0xc0, 0x0,
    0x0, 0x0, 0x0, 0x0, 0x0, 0x0, 0x1, 0xff,
    0xcc, 0xcc, 0xcc, 0xcc, 0xcc, 0xcc, 0xcc, 0xc2,
    0x1f, 0xff, 0xff, 0xff, 0xff, 0xff, 0xff, 0xff,
    0xff, 0x30, 0x0, 0x0, 0x0, 0x0, 0x0, 0x0,
    0x0, 0x0, 0x0,

    /* U+5355 "单" */
    0x0, 0x1, 0x98, 0x0, 0x0, 0x0, 0x4b, 0x50,
    0x0, 0x0, 0x0, 0xd, 0xf5, 0x0, 0x0, 0xc,
    0xf6, 0x0, 0x0, 0x0, 0x0, 0x2f, 0xf1, 0x0,
    0x5, 0xfb, 0x0, 0x0, 0x0, 0x9, 0x99, 0xff,
    0x99, 0x99, 0xff, 0xa9, 0x91, 0x0, 0x1, 0xff,
    0xff, 0xff, 0xff, 0xff, 0xff, 0xff, 0x30, 0x0,
    0x1f, 0xc0, 0x0, 0xf, 0xf0, 0x0, 0xc, 0xf3,
    0x0, 0x1, 0xfc, 0x11, 0x11, 0xff, 0x11, 0x11,
    0xcf, 0x30, 0x0, 0x1f, 0xff, 0xff, 0xff, 0xff,
    0xff, 0xff, 0xf3, 0x0, 0x1, 0xfd, 0x66, 0x66,
    0xff, 0x66, 0x66, 0xdf, 0x30, 0x0, 0x1f, 0xc0,
    0x0, 0xf, 0xf0, 0x0, 0xc, 0xf3, 0x0, 0x1,
    0xff, 0xff, 0xff, 0xff, 0xff, 0xff, 0xff, 0x30,
    0x0, 0xa, 0xaa, 0xaa, 0xaf, 0xfa, 0xaa, 0xaa,
    0xa1, 0x0, 0x0, 0x0, 0x0, 0x0, 0xff, 0x0,
    0x0, 0x0, 0x0, 0xa, 0xbb, 0xbb, 0xbb, 0xbf,
    0xfb, 0xbb, 0xbb, 0xbb, 0xb0, 0xef, 0xff, 0xff,
    0xff, 0xff, 0xff, 0xff, 0xff, 0xff, 0x10, 0x0,
    0x0, 0x0, 0xf, 0xf0, 0x0, 0x0, 0x0, 0x0,
    0x0, 0x0, 0x0, 0x0, 0xff, 0x0, 0x0, 0x0,
    0x0, 0x0, 0x0, 0x0, 0x0, 0xf, 0xf0, 0x0,
    0x0, 0x0, 0x0, 0x0, 0x0, 0x0, 0x0, 0xff,
    0x0, 0x0, 0x0, 0x0, 0x0,

    /* U+5361 "卡" */
    0x0, 0x0, 0x0, 0x2, 0xa7, 0x0, 0x0, 0x0,
    0x0, 0x0, 0x0, 0x0, 0x0, 0x4f, 0xb0, 0x0,
    0x0, 0x0, 0x0, 0x0, 0x0, 0x0, 0x4, 0xfc,
    0x0, 0x0, 0x0, 0x0, 0x0, 0x0, 0x0, 0x0,
    0x4f, 0xff, 0xff, 0xff, 0xf4, 0x0, 0x0, 0x0,
    0x0, 0x4, 0xff, 0xcc, 0xcc, 0xcc, 0x30, 0x0,
    0x0, 0x0, 0x0, 0x4f, 0xb0, 0x0, 0x0, 0x0,
    0x0, 0x0, 0x0, 0x0, 0x4, 0xfb, 0x0, 0x0,
    0x0, 0x0, 0x9, 0xbb, 0xbb, 0xbb, 0xff, 0xfb,
    0xbb, 0xbb, 0xbb, 0xb3, 0xcf, 0xff, 0xff, 0xff,
    0xff, 0xff, 0xff, 0xff, 0xff, 0x40, 0x0, 0x0,
    0x0, 0x3f, 0xc0, 0x0, 0x0, 0x0, 0x0, 0x0,
    0x0, 0x0, 0x3, 0xfc, 0x0, 0x0, 0x0, 0x0,
    0x0, 0x0, 0x0, 0x0, 0x3f, 0xc8, 0xa4, 0x0,
    0x0, 0x0, 0x0, 0x0, 0x0, 0x3, 0xfd, 0xdf,
    0xfd, 0x60, 0x0, 0x0, 0x0, 0x0, 0x0, 0x3f,
    0xc0, 0x5c, 0xff, 0xe8, 0x10, 0x0, 0x0, 0x0,
    0x3, 0xfc, 0x0, 0x4, 0xcf, 0xf2, 0x0, 0x0,
    0x0, 0x0, 0x3f, 0xc0, 0x0, 0x0, 0x46, 0x0,
    0x0, 0x0, 0x0, 0x3, 0xfc, 0x0, 0x0, 0x0,
    0x0, 0x0, 0x0, 0x0, 0x0, 0x3f, 0xc0, 0x0,
    0x0, 0x0, 0x0, 0x0, 0x0, 0x0, 0x3, 0xfc,
    0x0, 0x0, 0x0, 0x0, 0x0,

    /* U+5370 "印" */
    0x0, 0x0, 0x0, 0x60, 0x0, 0x0, 0x0, 0x0,
    0x0, 0x0, 0x4, 0xaf, 0xfc, 0x7, 0xbb, 0xbb,
    0xbe, 0xf7, 0xf, 0xff, 0xfd, 0x93, 0xb, 0xff,
    0xff, 0xff, 0xfa, 0xf, 0xf6, 0x20, 0x0, 0xb,
    0xf5, 0x22, 0x27, 0xfa, 0xf, 0xe0, 0x0, 0x0,
    0xb, 0xf3, 0x0, 0x4, 0xfa, 0xf, 0xe0, 0x0,
    0x0, 0xb, 0xf3, 0x0, 0x4, 0xfa, 0xf, 0xe0,
    0x0, 0x0, 0xb, 0xf3, 0x0, 0x4, 0xfa, 0xf,
    0xff, 0xff, 0xff, 0x2b, 0xf3, 0x0, 0x4, 0xfa,
    0xf, 0xfe, 0xee, 0xee, 0x2b, 0xf3, 0x0, 0x4,
    0xfa, 0xf, 0xe0, 0x0, 0x0, 0xb, 0xf3, 0x0,
    0x4, 0xfa, 0xf, 0xe0, 0x0, 0x0, 0xb, 0xf3,
    0x0, 0x4, 0xfa, 0xf, 0xe0, 0x0, 0x0, 0xb,
    0xf3, 0x0, 0x4, 0xfa, 0xf, 0xe0, 0x0, 0x2,
    0xb, 0xf3, 0x0, 0x4, 0xfa, 0x1f, 0xf3, 0x7a,
    0xef, 0x2b, 0xf3, 0x0, 0x5, 0xfa, 0xbf, 0xff,
    0xff, 0xfb, 0x1b, 0xf3, 0x2f, 0xff, 0xf8, 0xcf,
    0xfc, 0x73, 0x0, 0xb, 0xf3, 0xb, 0xed, 0x91,
    0x48, 0x0, 0x0, 0x0, 0xb, 0xf3, 0x0, 0x0,
    0x0, 0x0, 0x0, 0x0, 0x0, 0xb, 0xf3, 0x0,
    0x0, 0x0, 0x0, 0x0, 0x0, 0x0, 0xb, 0xf3,
    0x0, 0x0, 0x0,

    /* U+53C2 "参" */
    0x0, 0x0, 0x0, 0x2, 0xc6, 0x0, 0x10, 0x0,
    0x0, 0x0, 0x0, 0x0, 0x0, 0x5f, 0xf7, 0x3,
    0xed, 0x20, 0x0, 0x0, 0x0, 0x0, 0x19, 0xfe,
    0x30, 0x0, 0x7f, 0xf6, 0x0, 0x0, 0x0, 0x8,
    0xff, 0xfa, 0x9a, 0xab, 0xbf, 0xff, 0x90, 0x0,
    0x0, 0xf, 0xff, 0xff, 0xff, 0xed, 0xdc, 0xdf,
    0xfb, 0x0, 0x0, 0x3, 0x32, 0x1a, 0xf8, 0x0,
    0x0, 0x0, 0x92, 0x0, 0xa, 0xaa, 0xaa, 0xcf,
    0xfb, 0xaa, 0xaa, 0xaa, 0xaa, 0xa0, 0xf, 0xff,
    0xff, 0xff, 0xff, 0xff, 0xff, 0xff, 0xff, 0xf1,
    0x0, 0x0, 0xb, 0xfc, 0x10, 0x10, 0xaf, 0xb1,
    0x0, 0x0, 0x0, 0x1, 0xbf, 0xe1, 0x17, 0xec,
    0x1b, 0xfc, 0x10, 0x0, 0x0, 0x4d, 0xff, 0x8b,
    0xff, 0xb3, 0x0, 0xaf, 0xe5, 0x0, 0x1c, 0xff,
    0xb8, 0xfd, 0x82, 0x3, 0xb5, 0x7, 0xff, 0xd2,
    0x8, 0xe5, 0x0, 0x20, 0x16, 0xcf, 0xe5, 0x0,
    0x3c, 0x90, 0x0, 0x0, 0x5, 0x9c, 0xff, 0xd7,
    0x0, 0x67, 0x0, 0x0, 0x0, 0x0, 0xc, 0xfc,
    0x83, 0x0, 0x3b, 0xfe, 0x40, 0x0, 0x0, 0x0,
    0x1, 0x10, 0x2, 0x6c, 0xff, 0xa2, 0x0, 0x0,
    0x0, 0x1, 0x46, 0x8b, 0xef, 0xff, 0xa3, 0x0,
    0x0, 0x0, 0x0, 0x4, 0xff, 0xff, 0xd9, 0x50,
    0x0, 0x0, 0x0, 0x0, 0x0, 0x0, 0x65, 0x20,
    0x0, 0x0, 0x0, 0x0, 0x0, 0x0,

    /* U+53CD "反" */
    0x0, 0x0, 0x0, 0x0, 0x0, 0x0, 0x2, 0x48,
    0x40, 0x0, 0x0, 0x45, 0x45, 0x68, 0x9b, 0xdf,
    0xff, 0xff, 0x30, 0x0, 0xf, 0xff, 0xff, 0xff,
    0xff, 0xdb, 0x85, 0x10, 0x0, 0x0, 0xff, 0x86,
    0x54, 0x21, 0x0, 0x0, 0x0, 0x0, 0x0, 0xd,
    0xf1, 0x0, 0x0, 0x0, 0x0, 0x0, 0x0, 0x0,
    0x0, 0xdf, 0x10, 0x0, 0x0, 0x0, 0x0, 0x0,
    0x0, 0x0, 0xd, 0xff, 0xff, 0xff, 0xff, 0xff,
    0xff, 0xd2, 0x0, 0x0, 0xdf, 0xff, 0xfe, 0xee,
    0xee, 0xef, 0xff, 0x0, 0x0, 0xe, 0xf1, 0x7f,
    0x60, 0x0, 0x0, 0x6f, 0xa0, 0x0, 0x0, 0xef,
    0x1, 0xfd, 0x0, 0x0, 0xe, 0xf3, 0x0, 0x0,
    0xf, 0xe0, 0x9, 0xf7, 0x0, 0x7, 0xfc, 0x0,
    0x0, 0x1, 0xfd, 0x0, 0x1e, 0xf2, 0x3, 0xff,
    0x30, 0x0, 0x0, 0x3f, 0xb0, 0x0, 0x6f, 0xd4,
    0xef, 0x80, 0x0, 0x0, 0x7, 0xf8, 0x0, 0x0,
    0x9f, 0xff, 0xa0, 0x0, 0x0, 0x0, 0xbf, 0x40,
    0x0, 0x7, 0xff, 0xf6, 0x0, 0x0, 0x0, 0x1f,
    0xf0, 0x0, 0x5d, 0xff, 0xff, 0xfc, 0x40, 0x0,
    0x7, 0xfb, 0x28, 0xef, 0xfd, 0x30, 0x3c, 0xff,
    0xe9, 0x40, 0xdf, 0x32, 0xff, 0xc5, 0x0, 0x0,
    0x5, 0xbf, 0xf4, 0x0, 0x60, 0x5, 0x20, 0x0,
    0x0, 0x0, 0x0, 0x14, 0x0,

    /* U+53D8 "变" */
    0x0, 0x0, 0x0, 0x0, 0x0, 0x0, 0x0, 0x0,
    0x0, 0x0, 0x0, 0x0, 0x0, 0xc, 0xe1, 0x0,
    0x0, 0x0, 0x0, 0x0, 0x0, 0x0, 0x0, 0x9f,
    0xa0, 0x0, 0x0, 0x0, 0x6, 0xee, 0xee, 0xee,
    0xef, 0xff, 0xee, 0xee, 0xee, 0xe1, 0x5c, 0xcc,
    0xcd, 0xff, 0xcc, 0xff, 0xfc, 0xcc, 0xcc, 0x0,
    0x0, 0x53, 0x1f, 0xd0, 0x3, 0xfb, 0x3, 0x0,
    0x0, 0x0, 0x2f, 0xc1, 0xfd, 0x0, 0x3f, 0xbc,
    0xf7, 0x0, 0x0, 0xc, 0xf4, 0x1f, 0xd0, 0x3,
    0xfb, 0x1d, 0xf8, 0x0, 0xa, 0xf9, 0x1, 0xfd,
    0x0, 0x3f, 0xb0, 0x1d, 0xf7, 0x0, 0x9b, 0x0,
    0x1f, 0xd0, 0x3, 0xfb, 0x0, 0x2d, 0x60, 0x0,
    0x0, 0x0, 0xa8, 0x0, 0x2a, 0x70, 0x0, 0x0,
    0x0, 0x2f, 0xff, 0xff, 0xff, 0xff, 0xff, 0xff,
    0x80, 0x0, 0x2, 0xbf, 0xff, 0xbb, 0xbb, 0xbb,
    0xbf, 0xf8, 0x0, 0x0, 0x0, 0x1d, 0xf5, 0x0,
    0x0, 0xb, 0xfc, 0x0, 0x0, 0x0, 0x0, 0x2e,
    0xf9, 0x0, 0x2c, 0xfc, 0x0, 0x0, 0x0, 0x0,
    0x0, 0x1c, 0xff, 0xff, 0xf9, 0x0, 0x0, 0x0,
    0x0, 0x0, 0x1, 0x6f, 0xff, 0xfc, 0x30, 0x0,
    0x0, 0x1, 0x47, 0x9c, 0xff, 0xfc, 0xce, 0xff,
    0xeb, 0x75, 0x20, 0x8f, 0xff, 0xfb, 0x61, 0x0,
    0x4, 0x9d, 0xff, 0xff, 0x30, 0x85, 0x20, 0x0,
    0x0, 0x0, 0x0, 0x1, 0x47, 0x60,

    /* U+53E0 "叠" */
    0x0, 0x0, 0x23, 0x33, 0x33, 0x33, 0x33, 0x50,
    0x0, 0x0, 0x0, 0xa, 0xff, 0xff, 0xff, 0xff,
    0xff, 0x40, 0x0, 0x0, 0x0, 0x2d, 0xfc, 0xa6,
    0x58, 0xed, 0x30, 0x0, 0x0, 0x0, 0x1, 0x36,
    0xbf, 0xff, 0xff, 0x72, 0x0, 0x0, 0x0, 0x4,
    0xfe, 0xca, 0x63, 0x2, 0x7c, 0xe2, 0x0, 0x0,
    0x2f, 0xff, 0xff, 0xff, 0x2c, 0xff, 0xff, 0xff,
    0x90, 0x0, 0x8c, 0x84, 0x9f, 0x80, 0x6d, 0x95,
    0x6f, 0xe1, 0x0, 0x2, 0xaf, 0xff, 0xa0, 0x1,
    0x8f, 0xff, 0xf3, 0x0, 0x9, 0xfe, 0xa6, 0x7e,
    0xd2, 0xee, 0xa5, 0x5b, 0xf8, 0x0, 0x9f, 0xdd,
    0xdd, 0xde, 0xde, 0xdd, 0xdd, 0xdf, 0xd1, 0xa,
    0xf6, 0x66, 0x66, 0x66, 0x66, 0x66, 0x66, 0xdf,
    0x10, 0xaf, 0x1a, 0xdd, 0xdd, 0xdd, 0xdd, 0xdd,
    0xc, 0xf1, 0x0, 0x0, 0xcf, 0x44, 0x44, 0x44,
    0x4e, 0xf0, 0x0, 0x0, 0x0, 0xc, 0xfe, 0xee,
    0xee, 0xee, 0xff, 0x0, 0x0, 0x0, 0x0, 0xcf,
    0x22, 0x22, 0x22, 0x2f, 0xf0, 0x0, 0x0, 0x0,
    0xc, 0xff, 0xff, 0xff, 0xff, 0xff, 0x0, 0x0,
    0x0, 0x0, 0xcf, 0x11, 0x11, 0x11, 0x1e, 0xf0,
    0x0, 0x1, 0xff, 0xff, 0xff, 0xff, 0xff, 0xff,
    0xff, 0xff, 0xf7, 0x1f, 0xff, 0xff, 0xff, 0xff,
    0xff, 0xff, 0xff, 0xff, 0x70,

    /* U+53EA "只" */
    0x0, 0x9, 0xaa, 0xaa, 0xaa, 0xaa, 0xaa, 0xaa,
    0x90, 0x0, 0x0, 0xef, 0xff, 0xff, 0xff, 0xff,
    0xff, 0xff, 0x0, 0x0, 0xe, 0xf3, 0x33, 0x33,
    0x33, 0x33, 0x3f, 0xf0, 0x0, 0x0, 0xef, 0x0,
    0x0, 0x0, 0x0, 0x0, 0xff, 0x0, 0x0, 0xe,
    0xf0, 0x0, 0x0, 0x0, 0x0, 0xf, 0xf0, 0x0,
    0x0, 0xef, 0x0, 0x0, 0x0, 0x0, 0x0, 0xff,
    0x0, 0x0, 0xe, 0xf0, 0x0, 0x0, 0x0, 0x0,
    0xf, 0xf0, 0x0, 0x0, 0xef, 0x0, 0x0, 0x0,
    0x0, 0x0, 0xff, 0x0, 0x0, 0xe, 0xfe, 0xee,
    0xee, 0xee, 0xee, 0xef, 0xf0, 0x0, 0x0, 0xef,
    0xff, 0xff, 0xff, 0xff, 0xff, 0xff, 0x0, 0x0,
    0x0, 0x0, 0x0, 0x0, 0x0, 0x0, 0x0, 0x0,
    0x0, 0x0, 0x0, 0x3, 0x10, 0x0, 0x0, 0x30,
    0x0, 0x0, 0x0, 0x0, 0x3, 0xff, 0x30, 0x1,
    0xdf, 0x70, 0x0, 0x0, 0x0, 0x3, 0xef, 0x90,
    0x0, 0x3, 0xef, 0xa0, 0x0, 0x0, 0x5, 0xff,
    0x90, 0x0, 0x0, 0x2, 0xdf, 0xc1, 0x0, 0x9,
    0xff, 0x80, 0x0, 0x0, 0x0, 0x1, 0xdf, 0xd1,
    0xb, 0xff, 0x50, 0x0, 0x0, 0x0, 0x0, 0x1,
    0xcf, 0xa0, 0x8, 0x10, 0x0, 0x0, 0x0, 0x0,
    0x0, 0x1, 0x70,

    /* U+53EF "可" */
    0x58, 0x88, 0x88, 0x88, 0x88, 0x88, 0x88, 0x88,
    0x88, 0x2a, 0xff, 0xff, 0xff, 0xff, 0xff, 0xff,
    0xff, 0xff, 0xf4, 0x46, 0x66, 0x66, 0x66, 0x66,
    0x66, 0x67, 0xff, 0x66, 0x10, 0x0, 0x0, 0x0,
    0x0, 0x0, 0x0, 0x1f, 0xe0, 0x0, 0x0, 0x0,
    0x0, 0x0, 0x0, 0x0, 0x1, 0xfe, 0x0, 0x0,
    0xf, 0xff, 0xff, 0xff, 0xf3, 0x0, 0x1f, 0xe0,
    0x0, 0x0, 0xff, 0xdd, 0xdd, 0xff, 0x30, 0x1,
    0xfe, 0x0, 0x0, 0xe, 0xe0, 0x0, 0xa, 0xf3,
    0x0, 0x1f, 0xe0, 0x0, 0x0, 0xee, 0x0, 0x0,
    0xaf, 0x30, 0x1, 0xfe, 0x0, 0x0, 0xe, 0xe0,
    0x0, 0xa, 0xf3, 0x0, 0x1f, 0xe0, 0x0, 0x0,
    0xef, 0x0, 0x0, 0xaf, 0x30, 0x1, 0xfe, 0x0,
    0x0, 0xf, 0xff, 0xff, 0xff, 0xf3, 0x0, 0x1f,
    0xe0, 0x0, 0x0, 0xff, 0xcc, 0xcc, 0xcc, 0x20,
    0x1, 0xfe, 0x0, 0x0, 0xe, 0xe0, 0x0, 0x0,
    0x0, 0x0, 0x1f, 0xe0, 0x0, 0x0, 0x44, 0x0,
    0x0, 0x0, 0x0, 0x1, 0xfe, 0x0, 0x0, 0x0,
    0x0, 0x0, 0x0, 0x0, 0x0, 0x2f, 0xe0, 0x0,
    0x0, 0x0, 0x0, 0x0, 0x9, 0xff, 0xff, 0xfb,
    0x0, 0x0, 0x0, 0x0, 0x0, 0x0, 0x2f, 0xff,
    0xeb, 0x20, 0x0, 0x0, 0x0, 0x0, 0x0, 0x0,
    0x0, 0x0, 0x0, 0x0, 0x0,

    /* U+53F3 "右" */
    0x0, 0x0, 0x0, 0x0, 0x95, 0x0, 0x0, 0x0,
    0x0, 0x0, 0x0, 0x0, 0x0, 0x4f, 0xb0, 0x0,
    0x0, 0x0, 0x0, 0x0, 0x0, 0x0, 0x9, 0xf7,
    0x0, 0x0, 0x0, 0x0, 0x0, 0x1, 0x11, 0x11,
    0xef, 0x31, 0x11, 0x11, 0x11, 0x10, 0xa, 0xff,
    0xff, 0xff, 0xff, 0xff, 0xff, 0xff, 0xff, 0xe0,
    0x8c, 0xcc, 0xcf, 0xff, 0xcc, 0xcc, 0xcc, 0xcc,
    0xcb, 0x0, 0x0, 0x0, 0xef, 0x20, 0x0, 0x0,
    0x0, 0x0, 0x0, 0x0, 0x0, 0x6f, 0xb0, 0x0,
    0x0, 0x0, 0x0, 0x0, 0x0, 0x0, 0xe, 0xf3,
    0x0, 0x0, 0x0, 0x0, 0x0, 0x0, 0x0, 0x8,
    0xff, 0xdd, 0xdd, 0xdd, 0xdd, 0xdd, 0x50, 0x0,
    0x4, 0xff, 0xff, 0xff, 0xff, 0xff, 0xff, 0xf6,
    0x0, 0x3, 0xff, 0xff, 0x20, 0x0, 0x0, 0x0,
    0x9f, 0x60, 0x4, 0xef, 0x9b, 0xf2, 0x0, 0x0,
    0x0, 0x9, 0xf6, 0x1, 0xff, 0x90, 0xbf, 0x20,
    0x0, 0x0, 0x0, 0x9f, 0x60, 0x6, 0x70, 0xb,
    0xf2, 0x0, 0x0, 0x0, 0x9, 0xf6, 0x0, 0x0,
    0x0, 0xbf, 0x30, 0x0, 0x0, 0x0, 0xaf, 0x60,
    0x0, 0x0, 0xb, 0xff, 0xff, 0xff, 0xff, 0xff,
    0xf6, 0x0, 0x0, 0x0, 0xbf, 0xfc, 0xcc, 0xcc,
    0xcc, 0xff, 0x60, 0x0, 0x0, 0xb, 0xf2, 0x0,
    0x0, 0x0, 0x9, 0xf6, 0x0, 0x0, 0x0, 0x11,
    0x0, 0x0, 0x0, 0x0, 0x0, 0x0,

    /* U+5404 "各" */
    0x0, 0x0, 0x0, 0x0, 0x0, 0x0, 0x0, 0x0,
    0x0, 0x0, 0x0, 0x0, 0x0, 0x1e, 0xc0, 0x0,
    0x0, 0x0, 0x0, 0x0, 0x0, 0x0, 0x0, 0xbf,
    0x80, 0x0, 0x0, 0x0, 0x0, 0x0, 0x0, 0x0,
    0x9, 0xff, 0xff, 0xff, 0xff, 0xff, 0x40, 0x0,
    0x0, 0x0, 0xcf, 0xfc, 0xbb, 0xbb, 0xbe, 0xff,
    0x40, 0x0, 0x0, 0x1b, 0xff, 0xf6, 0x0, 0x0,
    0x3e, 0xf7, 0x0, 0x0, 0x6, 0xff, 0xc3, 0xef,
    0x90, 0x5, 0xff, 0x80, 0x0, 0x0, 0x5, 0xf9,
    0x0, 0x1d, 0xff, 0xef, 0xf6, 0x0, 0x0, 0x0,
    0x0, 0x10, 0x0, 0x2, 0xff, 0xff, 0x60, 0x0,
    0x0, 0x0, 0x0, 0x0, 0x3, 0x9f, 0xff, 0xff,
    0xfc, 0x50, 0x0, 0x0, 0x0, 0x48, 0xdf, 0xfe,
    0x81, 0x6, 0xef, 0xfe, 0xa5, 0x20, 0x2f, 0xff,
    0xfc, 0x60, 0x0, 0x0, 0x5, 0xbf, 0xff, 0xf2,
    0xa, 0xa6, 0xcb, 0xbb, 0xbb, 0xbb, 0xbb, 0xbc,
    0x6a, 0x60, 0x0, 0x0, 0xff, 0xff, 0xff, 0xff,
    0xff, 0xff, 0x0, 0x0, 0x0, 0x0, 0xfe, 0x0,
    0x0, 0x0, 0x0, 0xff, 0x0, 0x0, 0x0, 0x0,
    0xfe, 0x0, 0x0, 0x0, 0x0, 0xff, 0x0, 0x0,
    0x0, 0x0, 0xfe, 0x0, 0x0, 0x0, 0x0, 0xff,
    0x0, 0x0, 0x0, 0x0, 0xff, 0xbb, 0xbb, 0xbb,
    0xbb, 0xff, 0x0, 0x0, 0x0, 0x0, 0xff, 0xff,
    0xff, 0xff, 0xff, 0xff, 0x0, 0x0, 0x0, 0x0,
    0xfe, 0x0, 0x0, 0x0, 0x0, 0xff, 0x0, 0x0,
    0x0, 0x0, 0x0, 0x0, 0x0, 0x0, 0x0, 0x0,
    0x0, 0x0,

    /* U+5468 "周" */
    0x0, 0x1f, 0xff, 0xff, 0xff, 0xff, 0xff, 0xff,
    0xfd, 0x0, 0x2f, 0xfd, 0xdd, 0xdd, 0xdd, 0xdd,
    0xdd, 0xfe, 0x0, 0x2f, 0xb0, 0x0, 0x9, 0xc0,
    0x0, 0x0, 0xfe, 0x0, 0x2f, 0xb0, 0x44, 0x4f,
    0xf5, 0x44, 0x20, 0xfe, 0x0, 0x2f, 0xb0, 0xff,
    0xff, 0xff, 0xff, 0x90, 0xfe, 0x0, 0x2f, 0xb0,
    0x33, 0x3f, 0xf4, 0x33, 0x20, 0xfe, 0x0, 0x2f,
    0xb0, 0x0, 0xb, 0xf1, 0x0, 0x0, 0xfe, 0x0,
    0x2f, 0xb8, 0xff, 0xff, 0xff, 0xff, 0xf0, 0xfe,
    0x0, 0x2f, 0xa4, 0x88, 0x88, 0x88, 0x88, 0x80,
    0xfe, 0x0, 0x3f, 0xa0, 0x13, 0x22, 0x22, 0x22,
    0x0, 0xfe, 0x0, 0x5f, 0x80, 0xbf, 0xff, 0xff,
    0xff, 0x10, 0xfe, 0x0, 0x7f, 0x60, 0xbf, 0x55,
    0x55, 0xcf, 0x10, 0xfe, 0x0, 0xaf, 0x40, 0xbf,
    0x0, 0x0, 0xbf, 0x10, 0xfe, 0x0, 0xef, 0x10,
    0xbf, 0x44, 0x44, 0xcf, 0x10, 0xfe, 0x3, 0xfd,
    0x0, 0xbf, 0xff, 0xff, 0xff, 0x10, 0xfe, 0xa,
    0xf8, 0x0, 0xbf, 0x33, 0x33, 0x33, 0x0, 0xfe,
    0x2f, 0xf2, 0x0, 0x34, 0x0, 0x0, 0x1b, 0xbc,
    0xfc, 0x6, 0x90, 0x0, 0x0, 0x0, 0x0, 0xd,
    0xff, 0xd4, 0x0, 0x0, 0x0, 0x0, 0x0, 0x0,
    0x0, 0x0, 0x0,

    /* U+56DB "四" */
    0x2, 0x22, 0x22, 0x22, 0x22, 0x22, 0x22, 0x22,
    0x21, 0x2f, 0xff, 0xff, 0xff, 0xff, 0xff, 0xff,
    0xff, 0xfb, 0x2f, 0xea, 0xaa, 0xff, 0xaa, 0xff,
    0xba, 0xab, 0xfb, 0x2f, 0xc0, 0x0, 0xfd, 0x0,
    0xbf, 0x10, 0x4, 0xfb, 0x2f, 0xc0, 0x0, 0xfd,
    0x0, 0xbf, 0x10, 0x4, 0xfb, 0x2f, 0xc0, 0x1,
    0xfc, 0x0, 0xbf, 0x10, 0x4, 0xfb, 0x2f, 0xc0,
    0x2, 0xfa, 0x0, 0xbf, 0x10, 0x4, 0xfb, 0x2f,
    0xc0, 0x5, 0xf8, 0x0, 0xbf, 0x10, 0x4, 0xfb,
    0x2f, 0xc0, 0xb, 0xf4, 0x0, 0xbf, 0x10, 0x4,
    0xfb, 0x2f, 0xc0, 0x4f, 0xe0, 0x0, 0x9f, 0xa8,
    0x8a, 0xfb, 0x2f, 0xc5, 0xff, 0x60, 0x0, 0x3e,
    0xff, 0xff, 0xfb, 0x2f, 0xcb, 0xf9, 0x0, 0x0,
    0x0, 0x0, 0x4, 0xfb, 0x2f, 0xc1, 0x50, 0x0,
    0x0, 0x0, 0x0, 0x4, 0xfb, 0x2f, 0xd0, 0x0,
    0x0, 0x0, 0x0, 0x0, 0x4, 0xfb, 0x2f, 0xff,
    0xff, 0xff, 0xff, 0xff, 0xff, 0xff, 0xfb, 0x2f,
    0xfc, 0xcc, 0xcc, 0xcc, 0xcc, 0xcc, 0xcf, 0xfb,
    0x2f, 0xc0, 0x0, 0x0, 0x0, 0x0, 0x0, 0x4,
    0xfb, 0x3, 0x20, 0x0, 0x0, 0x0, 0x0, 0x0,
    0x0, 0x0,

    /* U+56DE "回" */
    0x0, 0x0, 0x0, 0x0, 0x0, 0x0, 0x0, 0x0,
    0x0, 0x3f, 0xff, 0xff, 0xff, 0xff, 0xff, 0xff,
    0xff, 0xfd, 0x3f, 0xfe, 0xee, 0xee, 0xee, 0xee,
    0xee, 0xee, 0xfd, 0x3f, 0xb0, 0x0, 0x0, 0x0,
    0x0, 0x0, 0x4, 0xfd, 0x3f, 0xb0, 0x0, 0x0,
    0x0, 0x0, 0x0, 0x4, 0xfd, 0x3f, 0xb0, 0x8,
    0xaa, 0xaa, 0xaa, 0xa0, 0x4, 0xfd, 0x3f, 0xb0,
    0xd, 0xff, 0xff, 0xff, 0xf1, 0x4, 0xfd, 0x3f,
    0xb0, 0xd, 0xf0, 0x0, 0xc, 0xf1, 0x4, 0xfd,
    0x3f, 0xb0, 0xd, 0xf0, 0x0, 0xc, 0xf1, 0x4,
    0xfd, 0x3f, 0xb0, 0xd, 0xf0, 0x0, 0xc, 0xf1,
    0x4, 0xfd, 0x3f, 0xb0, 0xd, 0xf0, 0x0, 0xc,
    0xf1, 0x4, 0xfd, 0x3f, 0xb0, 0xd, 0xfa, 0xaa,
    0xae, 0xf1, 0x4, 0xfd, 0x3f, 0xb0, 0xd, 0xff,
    0xff, 0xff, 0xf1, 0x4, 0xfd, 0x3f, 0xb0, 0x0,
    0x0, 0x0, 0x0, 0x0, 0x4, 0xfd, 0x3f, 0xb0,
    0x0, 0x0, 0x0, 0x0, 0x0, 0x4, 0xfd, 0x3f,
    0xc0, 0x0, 0x0, 0x0, 0x0, 0x0, 0x4, 0xfd,
    0x3f, 0xff, 0xff, 0xff, 0xff, 0xff, 0xff, 0xff,
    0xfd, 0x3f, 0xfb, 0xbb, 0xbb, 0xbb, 0xbb, 0xbb,
    0xbf, 0xfd, 0x3f, 0xb0, 0x0, 0x0, 0x0, 0x0,
    0x0, 0x4, 0xfd,

    /* U+56FE "图" */
    0x0, 0x0, 0x0, 0x0, 0x0, 0x0, 0x0, 0x0,
    0x0, 0x3f, 0xff, 0xff, 0xff, 0xff, 0xff, 0xff,
    0xff, 0xfc, 0x3f, 0xea, 0xaa, 0xab, 0xaa, 0xaa,
    0xaa, 0xab, 0xfc, 0x3f, 0xa0, 0x0, 0xd, 0xb0,
    0x0, 0x0, 0x1, 0xfc, 0x3f, 0xa0, 0x0, 0xbf,
    0xc7, 0x77, 0x8b, 0x11, 0xfc, 0x3f, 0xa0, 0x1c,
    0xff, 0xff, 0xff, 0xff, 0x41, 0xfc, 0x3f, 0xa4,
    0xef, 0xfa, 0x0, 0x1a, 0xf6, 0x1, 0xfc, 0x3f,
    0xa5, 0xe4, 0x6f, 0xda, 0xef, 0x50, 0x1, 0xfc,
    0x3f, 0xa0, 0x0, 0x1a, 0xff, 0xf8, 0x0, 0x1,
    0xfc, 0x3f, 0xa3, 0x7b, 0xff, 0xcb, 0xdf, 0xfa,
    0x64, 0xfc, 0x3f, 0xad, 0xfe, 0xa9, 0x40, 0x4,
    0xae, 0xf6, 0xfc, 0x3f, 0xa3, 0x40, 0x1c, 0xff,
    0xb5, 0x0, 0x21, 0xfc, 0x3f, 0xa0, 0x0, 0x0,
    0x16, 0xbe, 0x10, 0x1, 0xfc, 0x3f, 0xa0, 0xd,
    0xfd, 0xa7, 0x41, 0x0, 0x1, 0xfc, 0x3f, 0xa0,
    0x4, 0x69, 0xcf, 0xff, 0xc6, 0x1, 0xfc, 0x3f,
    0xa0, 0x0, 0x0, 0x0, 0x37, 0xc4, 0x1, 0xfc,
    0x3f, 0xfb, 0xbb, 0xbb, 0xbb, 0xbb, 0xbb, 0xbd,
    0xfc, 0x3f, 0xff, 0xff, 0xff, 0xff, 0xff, 0xff,
    0xff, 0xfc, 0x3f, 0xa0, 0x0, 0x0, 0x0, 0x0,
    0x0, 0x1, 0xfc,

    /* U+5706 "圆" */
    0x15, 0x55, 0x55, 0x55, 0x55, 0x55, 0x55, 0x55,
    0x54, 0x3f, 0xff, 0xff, 0xff, 0xff, 0xff, 0xff,
    0xff, 0xfd, 0x3f, 0xa3, 0x33, 0x33, 0x33, 0x33,
    0x33, 0x34, 0xfd, 0x3f, 0x90, 0x6e, 0xee, 0xee,
    0xee, 0xeb, 0x1, 0xfd, 0x3f, 0x90, 0x7f, 0x86,
    0x66, 0x66, 0xfd, 0x1, 0xfd, 0x3f, 0x90, 0x7f,
    0x65, 0x55, 0x55, 0xfd, 0x1, 0xfd, 0x3f, 0x90,
    0x7f, 0xff, 0xff, 0xff, 0xfd, 0x1, 0xfd, 0x3f,
    0x90, 0x0, 0x0, 0x0, 0x0, 0x0, 0x1, 0xfd,
    0x3f, 0x90, 0xef, 0xff, 0xff, 0xff, 0xff, 0x41,
    0xfd, 0x3f, 0x90, 0xee, 0x88, 0x88, 0x88, 0xcf,
    0x41, 0xfd, 0x3f, 0x90, 0xec, 0x0, 0x7d, 0x10,
    0x8f, 0x41, 0xfd, 0x3f, 0x90, 0xec, 0x0, 0x9f,
    0x10, 0x8f, 0x41, 0xfd, 0x3f, 0x90, 0xec, 0x1,
    0xee, 0x20, 0x8f, 0x41, 0xfd, 0x3f, 0x90, 0x11,
    0x5e, 0xf6, 0xfe, 0x81, 0x1, 0xfd, 0x3f, 0x97,
    0xbf, 0xfd, 0x40, 0x4b, 0xff, 0xa1, 0xfd, 0x3f,
    0x96, 0xea, 0x40, 0x0, 0x0, 0x2a, 0xa1, 0xfd,
    0x3f, 0xf9, 0x99, 0x99, 0x99, 0x99, 0x99, 0x9a,
    0xfd, 0x3f, 0xff, 0xff, 0xff, 0xff, 0xff, 0xff,
    0xff, 0xfd, 0x3f, 0x90, 0x0, 0x0, 0x0, 0x0,
    0x0, 0x1, 0xfd,

    /* U+5728 "在" */
    0x0, 0x0, 0x0, 0x7, 0xb4, 0x0, 0x0, 0x0,
    0x0, 0x0, 0x0, 0x0, 0x0, 0xdf, 0x40, 0x0,
    0x0, 0x0, 0x0, 0x0, 0x0, 0x0, 0x2f, 0xe0,
    0x0, 0x0, 0x0, 0x0, 0x0, 0xbf, 0xff, 0xff,
    0xff, 0xff, 0xff, 0xff, 0xff, 0xfe, 0xa, 0xee,
    0xef, 0xff, 0xfe, 0xee, 0xee, 0xee, 0xee, 0xc0,
    0x0, 0x0, 0x9f, 0x90, 0x0, 0x5, 0x40, 0x0,
    0x0, 0x0, 0x0, 0x2f, 0xf1, 0x0, 0x2, 0xfc,
    0x0, 0x0, 0x0, 0x0, 0xd, 0xf7, 0x0, 0x0,
    0x2f, 0xc0, 0x0, 0x0, 0x0, 0xa, 0xfe, 0x0,
    0x0, 0x2, 0xfc, 0x0, 0x0, 0x0, 0x8, 0xff,
    0xb0, 0x5b, 0xbb, 0xdf, 0xfb, 0xbb, 0xb0, 0xa,
    0xff, 0xf9, 0x7, 0xff, 0xff, 0xff, 0xff, 0xff,
    0x0, 0xee, 0x8f, 0x90, 0x0, 0x0, 0x3f, 0xd0,
    0x0, 0x0, 0x5, 0x14, 0xf9, 0x0, 0x0, 0x2,
    0xfc, 0x0, 0x0, 0x0, 0x0, 0x4f, 0x90, 0x0,
    0x0, 0x2f, 0xc0, 0x0, 0x0, 0x0, 0x4, 0xf9,
    0x0, 0x0, 0x2, 0xfc, 0x0, 0x0, 0x0, 0x0,
    0x4f, 0x90, 0x0, 0x0, 0x2f, 0xc0, 0x0, 0x0,
    0x0, 0x4, 0xf9, 0x3c, 0xcc, 0xce, 0xff, 0xcc,
    0xcc, 0xb0, 0x0, 0x4f, 0x94, 0xff, 0xff, 0xff,
    0xff, 0xff, 0xfe, 0x0, 0x4, 0xf9, 0x4f, 0xff,
    0xff, 0xff, 0xff, 0xff, 0xe0,

    /* U+5757 "块" */
    0x0, 0x7, 0xa0, 0x0, 0x0, 0x7, 0xa0, 0x0,
    0x0, 0x0, 0x0, 0xb, 0xf0, 0x0, 0x0, 0xc,
    0xf1, 0x0, 0x0, 0x0, 0x0, 0xb, 0xf0, 0x0,
    0x0, 0xc, 0xf1, 0x0, 0x0, 0x0, 0x0, 0xb,
    0xf0, 0x0, 0x88, 0x8f, 0xf9, 0x88, 0x85, 0x0,
    0x0, 0xc, 0xf1, 0x1, 0xff, 0xff, 0xff, 0xff,
    0xfa, 0x0, 0xf, 0xff, 0xff, 0xf2, 0x44, 0x4f,
    0xf5, 0x45, 0xfa, 0x0, 0xb, 0xbf, 0xfc, 0xb1,
    0x0, 0xc, 0xf1, 0x1, 0xfa, 0x0, 0x0, 0xb,
    0xf0, 0x0, 0x0, 0xc, 0xf0, 0x1, 0xfa, 0x0,
    0x0, 0xb, 0xf0, 0x0, 0x0, 0xd, 0xf0, 0x1,
    0xfa, 0x0, 0x0, 0xb, 0xf0, 0x7, 0xff, 0xff,
    0xff, 0xff, 0xff, 0xf0, 0x0, 0xb, 0xf0, 0x17,
    0xdd, 0xef, 0xff, 0xed, 0xdd, 0xd0, 0x0, 0xb,
    0xfa, 0xf4, 0x0, 0x3f, 0xff, 0x60, 0x0, 0x0,
    0x0, 0x4f, 0xff, 0xf5, 0x0, 0x8f, 0x8f, 0xd0,
    0x0, 0x0, 0x2d, 0xff, 0xf9, 0x10, 0x1, 0xff,
    0x1a, 0xf6, 0x0, 0x0, 0xf, 0xe8, 0x10, 0x0,
    0xa, 0xf9, 0x2, 0xfe, 0x10, 0x0, 0x4, 0x0,
    0x0, 0x0, 0x9f, 0xe1, 0x0, 0x9f, 0xd1, 0x0,
    0x0, 0x0, 0x0, 0x2b, 0xfe, 0x30, 0x0, 0xc,
    0xfe, 0x50, 0x0, 0x0, 0x1, 0xff, 0xd2, 0x0,
    0x0, 0x1, 0xcf, 0xe1, 0x0, 0x0, 0x0, 0x57,
    0x0, 0x0, 0x0, 0x0, 0x7, 0x40,

    /* U+57DF "域" */
    0x0, 0xa, 0x70, 0x0, 0x0, 0x0, 0x9, 0xd1,
    0x93, 0x0, 0x0, 0x1f, 0xb0, 0x0, 0x0, 0x0,
    0xb, 0xf2, 0xcf, 0x50, 0x0, 0x1f, 0xb0, 0x0,
    0x0, 0x0, 0xa, 0xf1, 0xc, 0x90, 0x0, 0x1f,
    0xb0, 0x7f, 0xff, 0xff, 0xff, 0xff, 0xff, 0xf1,
    0x0, 0x1f, 0xb0, 0x5b, 0xbb, 0xbb, 0xbf, 0xfd,
    0xbb, 0xb0, 0x1f, 0xff, 0xff, 0x60, 0x0, 0x0,
    0x9, 0xf2, 0x0, 0x0, 0xd, 0xef, 0xfd, 0x54,
    0x88, 0x88, 0x38, 0xf3, 0x7, 0x30, 0x0, 0x1f,
    0xb0, 0x8, 0xff, 0xff, 0x67, 0xf4, 0x3f, 0x80,
    0x0, 0x1f, 0xb0, 0x8, 0xe0, 0x1f, 0x66, 0xf5,
    0x8f, 0x30, 0x0, 0x1f, 0xb0, 0x8, 0xe0, 0x1f,
    0x65, 0xf6, 0xce, 0x0, 0x0, 0x1f, 0xb0, 0x8,
    0xe0, 0x1f, 0x63, 0xfb, 0xf9, 0x0, 0x0, 0x1f,
    0xb0, 0x18, 0xff, 0xff, 0x61, 0xff, 0xf2, 0x0,
    0x0, 0x1f, 0xfd, 0x93, 0x77, 0x77, 0x30, 0xff,
    0xa0, 0x0, 0x0, 0x6f, 0xff, 0x60, 0x0, 0x37,
    0xb2, 0xff, 0x30, 0x0, 0x1e, 0xff, 0xa1, 0x37,
    0xbf, 0xff, 0xe9, 0xff, 0x20, 0x50, 0xd, 0xc3,
    0x0, 0xdf, 0xfd, 0x83, 0x4f, 0xff, 0x60, 0xf4,
    0x2, 0x0, 0x0, 0x67, 0x20, 0x4, 0xff, 0x4f,
    0xd1, 0xf3, 0x0, 0x0, 0x0, 0x0, 0x0, 0x5f,
    0xf3, 0x9, 0xfe, 0xf0, 0x0, 0x0, 0x0, 0x0,
    0x0, 0x9, 0x30, 0x0, 0xbf, 0x70,

    /* U+58F0 "声" */
    0x0, 0x0, 0x0, 0x0, 0xb, 0xa0, 0x0, 0x0,
    0x0, 0x0, 0x1, 0x11, 0x11, 0x11, 0xff, 0x11,
    0x11, 0x11, 0x10, 0xb, 0xff, 0xff, 0xff, 0xff,
    0xff, 0xff, 0xff, 0xff, 0xa0, 0x69, 0x99, 0x99,
    0x99, 0xff, 0x99, 0x99, 0x99, 0x95, 0x0, 0x0,
    0x0, 0x0, 0xf, 0xe0, 0x0, 0x0, 0x0, 0x0,
    0x7, 0xff, 0xff, 0xff, 0xff, 0xff, 0xff, 0xff,
    0xc0, 0x0, 0x49, 0x99, 0x99, 0x99, 0x99, 0x99,
    0x99, 0x97, 0x0, 0x0, 0x0, 0x0, 0x0, 0x0,
    0x0, 0x0, 0x0, 0x0, 0x0, 0xd, 0xfd, 0xdd,
    0xdf, 0xfd, 0xdd, 0xdd, 0xd3, 0x0, 0x0, 0xff,
    0xbb, 0xbb, 0xff, 0xbb, 0xbb, 0xef, 0x40, 0x0,
    0xf, 0xc0, 0x0, 0xf, 0xe0, 0x0, 0xa, 0xf4,
    0x0, 0x1, 0xfc, 0x0, 0x0, 0xfe, 0x0, 0x0,
    0xaf, 0x40, 0x0, 0x2f, 0xfe, 0xee, 0xef, 0xfe,
    0xee, 0xef, 0xf4, 0x0, 0x5, 0xff, 0xbb, 0xbb,
    0xbb, 0xbb, 0xbb, 0xff, 0x40, 0x0, 0xaf, 0x50,
    0x0, 0x0, 0x0, 0x0, 0x7, 0xb3, 0x0, 0x1f,
    0xf0, 0x0, 0x0, 0x0, 0x0, 0x0, 0x0, 0x0,
    0xb, 0xf9, 0x0, 0x0, 0x0, 0x0, 0x0, 0x0,
    0x0, 0x3, 0xfe, 0x10, 0x0, 0x0, 0x0, 0x0,
    0x0, 0x0, 0x0, 0x3, 0x20, 0x0, 0x0, 0x0,
    0x0, 0x0, 0x0, 0x0, 0x0,

    /* U+590D "复" */
    0x0, 0x0, 0x1b, 0x60, 0x0, 0x0, 0x0, 0x0,
    0x0, 0x0, 0x0, 0x0, 0xaf, 0x60, 0x0, 0x0,
    0x0, 0x0, 0x0, 0x0, 0x0, 0x6, 0xff, 0xff,
    0xff, 0xff, 0xff, 0xff, 0xff, 0x70, 0x0, 0x5f,
    0xfa, 0x88, 0x88, 0x88, 0x88, 0x88, 0x88, 0x30,
    0x7, 0xff, 0x85, 0x55, 0x55, 0x55, 0x55, 0x55,
    0x50, 0x0, 0xa, 0xe3, 0xdf, 0xff, 0xff, 0xff,
    0xff, 0xff, 0xf1, 0x0, 0x0, 0x20, 0xdf, 0x0,
    0x0, 0x0, 0x0, 0xe, 0xf1, 0x0, 0x0, 0x0,
    0xdf, 0xff, 0xff, 0xff, 0xff, 0xff, 0xf1, 0x0,
    0x0, 0x0, 0xdf, 0x44, 0x44, 0x44, 0x44, 0x4f,
    0xf1, 0x0, 0x0, 0x0, 0xdf, 0x66, 0x66, 0x66,
    0x66, 0x6f, 0xf1, 0x0, 0x0, 0x0, 0xcf, 0xff,
    0xff, 0xff, 0xff, 0xff, 0xf0, 0x0, 0x0, 0x0,
    0x4, 0xff, 0x43, 0x33, 0x33, 0x34, 0x0, 0x0,
    0x0, 0x0, 0x6f, 0xff, 0xff, 0xff, 0xff, 0xff,
    0x80, 0x0, 0x0, 0x2b, 0xff, 0xf6, 0x33, 0x33,
    0x3c, 0xff, 0x10, 0x0, 0x0, 0xdf, 0x82, 0xcf,
    0x91, 0x5, 0xdf, 0xb1, 0x0, 0x0, 0x0, 0x13,
    0x0, 0x9, 0xff, 0xff, 0xf6, 0x0, 0x0, 0x0,
    0x1, 0x35, 0x69, 0xdf, 0xff, 0xff, 0xfd, 0xa8,
    0x65, 0x31, 0x2f, 0xff, 0xff, 0xea, 0x62, 0x3,
    0x7c, 0xff, 0xff, 0xf2, 0x8, 0x86, 0x31, 0x0,
    0x0, 0x0, 0x0, 0x2, 0x46, 0x50,

    /* U+591A "多" */
    0x0, 0x0, 0x0, 0x4, 0xa6, 0x0, 0x0, 0x0,
    0x0, 0x0, 0x0, 0x0, 0x5, 0xff, 0x50, 0x0,
    0x10, 0x0, 0x0, 0x0, 0x0, 0x8, 0xff, 0xff,
    0xff, 0xff, 0xc0, 0x0, 0x0, 0x0, 0x3d, 0xff,
    0xca, 0xaa, 0xaf, 0xf9, 0x0, 0x0, 0x4, 0xbf,
    0xf8, 0x10, 0x0, 0xb, 0xfc, 0x0, 0x0, 0x0,
    0x5f, 0xa2, 0xbe, 0x50, 0x3d, 0xfc, 0x0, 0x0,
    0x0, 0x0, 0x10, 0x3, 0xdf, 0xff, 0xf8, 0x0,
    0x0, 0x0, 0x0, 0x0, 0x0, 0x4b, 0xff, 0xd5,
    0xb8, 0x10, 0x0, 0x0, 0x3, 0x6a, 0xef, 0xfd,
    0x52, 0xdf, 0x80, 0x0, 0x0, 0x4, 0xff, 0xfe,
    0x93, 0x4, 0xff, 0xff, 0xff, 0xff, 0x90, 0x8,
    0x63, 0x0, 0x19, 0xff, 0xfb, 0xbb, 0xbf, 0xf9,
    0x0, 0x0, 0x1, 0x8f, 0xfc, 0x30, 0x0, 0x7,
    0xfe, 0x10, 0x0, 0xa, 0xff, 0xe6, 0x67, 0x0,
    0x7, 0xff, 0x30, 0x0, 0x0, 0x5d, 0x60, 0x2d,
    0xfa, 0x2b, 0xff, 0x40, 0x0, 0x0, 0x0, 0x0,
    0x0, 0x1d, 0xff, 0xfd, 0x20, 0x0, 0x0, 0x0,
    0x0, 0x1, 0x6b, 0xff, 0xf7, 0x0, 0x0, 0x0,
    0x13, 0x57, 0xad, 0xff, 0xfd, 0x71, 0x0, 0x0,
    0x0, 0x6, 0xff, 0xff, 0xfc, 0x83, 0x0, 0x0,
    0x0, 0x0, 0x0, 0xa, 0x86, 0x30, 0x0, 0x0,
    0x0, 0x0, 0x0, 0x0, 0x0,

    /* U+5927 "大" */
    0x0, 0x0, 0x0, 0x0, 0xa, 0xa0, 0x0, 0x0,
    0x0, 0x0, 0x0, 0x0, 0x0, 0x0, 0xf, 0xf0,
    0x0, 0x0, 0x0, 0x0, 0x0, 0x0, 0x0, 0x0,
    0xf, 0xf0, 0x0, 0x0, 0x0, 0x0, 0x0, 0x0,
    0x0, 0x0, 0x1f, 0xf0, 0x0, 0x0, 0x0, 0x0,
    0x0, 0x0, 0x0, 0x0, 0x2f, 0xe0, 0x0, 0x0,
    0x0, 0x0, 0x0, 0x11, 0x11, 0x11, 0x4f, 0xd1,
    0x11, 0x11, 0x11, 0x10, 0xc, 0xff, 0xff, 0xff,
    0xff, 0xff, 0xff, 0xff, 0xff, 0xe0, 0xa, 0xee,
    0xee, 0xee, 0xff, 0xff, 0xee, 0xee, 0xee, 0xc0,
    0x0, 0x0, 0x0, 0x0, 0xbf, 0xfc, 0x0, 0x0,
    0x0, 0x0, 0x0, 0x0, 0x0, 0x0, 0xff, 0xff,
    0x30, 0x0, 0x0, 0x0, 0x0, 0x0, 0x0, 0x6,
    0xfc, 0x7f, 0xa0, 0x0, 0x0, 0x0, 0x0, 0x0,
    0x0, 0xd, 0xf6, 0x1f, 0xf3, 0x0, 0x0, 0x0,
    0x0, 0x0, 0x0, 0x6f, 0xe0, 0x8, 0xfc, 0x0,
    0x0, 0x0, 0x0, 0x0, 0x2, 0xff, 0x60, 0x0,
    0xef, 0x90, 0x0, 0x0, 0x0, 0x0, 0x2e, 0xfb,
    0x0, 0x0, 0x4f, 0xf7, 0x0, 0x0, 0x0, 0x4,
    0xef, 0xc1, 0x0, 0x0, 0x7, 0xff, 0x90, 0x0,
    0x1, 0x9f, 0xfc, 0x10, 0x0, 0x0, 0x0, 0x8f,
    0xfd, 0x50, 0xc, 0xff, 0x90, 0x0, 0x0, 0x0,
    0x0, 0x6, 0xff, 0xd1, 0x1, 0xa3, 0x0, 0x0,
    0x0, 0x0, 0x0, 0x0, 0x19, 0x20,

    /* U+5929 "天" */
    0x0, 0x99, 0x99, 0x99, 0x99, 0x99, 0x99, 0x99,
    0x98, 0x0, 0x0, 0xff, 0xff, 0xff, 0xff, 0xff,
    0xff, 0xff, 0xfe, 0x0, 0x0, 0x55, 0x55, 0x55,
    0x7f, 0xf5, 0x55, 0x55, 0x54, 0x0, 0x0, 0x0,
    0x0, 0x0, 0x2f, 0xd0, 0x0, 0x0, 0x0, 0x0,
    0x0, 0x0, 0x0, 0x0, 0x2f, 0xd0, 0x0, 0x0,
    0x0, 0x0, 0x0, 0x0, 0x0, 0x0, 0x3f, 0xc0,
    0x0, 0x0, 0x0, 0x0, 0x1, 0x22, 0x22, 0x22,
    0x6f, 0xd2, 0x22, 0x22, 0x22, 0x10, 0x8, 0xff,
    0xff, 0xff, 0xff, 0xff, 0xff, 0xff, 0xff, 0xe0,
    0x6, 0xdd, 0xdd, 0xdd, 0xff, 0xff, 0xdd, 0xdd,
    0xdd, 0xb0, 0x0, 0x0, 0x0, 0x0, 0xef, 0xfb,
    0x0, 0x0, 0x0, 0x0, 0x0, 0x0, 0x0, 0x5,
    0xfe, 0xdf, 0x30, 0x0, 0x0, 0x0, 0x0, 0x0,
    0x0, 0xd, 0xf7, 0x5f, 0xd0, 0x0, 0x0, 0x0,
    0x0, 0x0, 0x0, 0xaf, 0xd0, 0xc, 0xfb, 0x0,
    0x0, 0x0, 0x0, 0x0, 0x9, 0xff, 0x30, 0x1,
    0xef, 0xa0, 0x0, 0x0, 0x0, 0x2, 0xbf, 0xf4,
    0x0, 0x0, 0x3f, 0xfd, 0x30, 0x0, 0x1, 0x8f,
    0xfe, 0x30, 0x0, 0x0, 0x3, 0xef, 0xfb, 0x40,
    0xc, 0xff, 0x90, 0x0, 0x0, 0x0, 0x0, 0x9,
    0xff, 0xf3, 0x3, 0x92, 0x0, 0x0, 0x0, 0x0,
    0x0, 0x0, 0x18, 0x50,

    /* U+5934 "头" */
    0x0, 0x0, 0x0, 0x0, 0x0, 0x6b, 0x40, 0x0,
    0x0, 0x0, 0x0, 0x0, 0xcc, 0x50, 0x0, 0x9f,
    0x50, 0x0, 0x0, 0x0, 0x0, 0x1, 0x9f, 0xfd,
    0x50, 0x9f, 0x50, 0x0, 0x0, 0x0, 0x0, 0x0,
    0x1, 0x9f, 0xf1, 0x9f, 0x50, 0x0, 0x0, 0x0,
    0x0, 0x12, 0x0, 0x3, 0x50, 0xaf, 0x50, 0x0,
    0x0, 0x0, 0x0, 0xcf, 0xb3, 0x0, 0x0, 0xaf,
    0x40, 0x0, 0x0, 0x0, 0x0, 0x4b, 0xff, 0xa1,
    0x0, 0xbf, 0x20, 0x0, 0x0, 0x0, 0x0, 0x0,
    0x4d, 0xf4, 0x0, 0xdf, 0x10, 0x0, 0x0, 0x0,
    0x0, 0x0, 0x0, 0x40, 0x0, 0xff, 0x0, 0x0,
    0x0, 0x0, 0xc, 0xdd, 0xdd, 0xdd, 0xdf, 0xff,
    0xdd, 0xdd, 0xdd, 0xd0, 0xe, 0xff, 0xff, 0xff,
    0xff, 0xff, 0xff, 0xff, 0xff, 0xf0, 0x0, 0x0,
    0x0, 0x0, 0xd, 0xf3, 0x0, 0x0, 0x0, 0x0,
    0x0, 0x0, 0x0, 0x0, 0x6f, 0xc1, 0x0, 0x0,
    0x0, 0x0, 0x0, 0x0, 0x0, 0x3, 0xff, 0x4d,
    0xe8, 0x10, 0x0, 0x0, 0x0, 0x0, 0x0, 0x5f,
    0xf8, 0x5, 0xdf, 0xe6, 0x0, 0x0, 0x0, 0x0,
    0x2a, 0xff, 0x80, 0x0, 0x6, 0xff, 0xc3, 0x0,
    0x1, 0x6b, 0xff, 0xe4, 0x0, 0x0, 0x0, 0x1b,
    0xff, 0x70, 0xa, 0xff, 0xd6, 0x0, 0x0, 0x0,
    0x0, 0x0, 0x6f, 0x80, 0x1, 0x72, 0x0, 0x0,
    0x0, 0x0, 0x0, 0x0, 0x2, 0x0,

    /* U+597D "好" */
    0x0, 0x7, 0xc3, 0x0, 0x0, 0x0, 0x0, 0x0,
    0x0, 0x0, 0x0, 0xb, 0xf2, 0x0, 0x1, 0x77,
    0x77, 0x77, 0x8d, 0x10, 0x0, 0xd, 0xf0, 0x0,
    0x3, 0xff, 0xff, 0xff, 0xff, 0xa0, 0x0, 0xf,
    0xd0, 0x0, 0x0, 0x33, 0x33, 0x37, 0xff, 0x10,
    0x1d, 0xff, 0xfd, 0xdf, 0x80, 0x0, 0x0, 0x2e,
    0xf3, 0x0, 0x1f, 0xff, 0xff, 0xff, 0xa0, 0x0,
    0x3, 0xef, 0x30, 0x0, 0x0, 0x9f, 0x30, 0x4f,
    0x80, 0x0, 0xf, 0xf4, 0x0, 0x0, 0x0, 0xdf,
    0x0, 0x6f, 0x60, 0x0, 0xe, 0xf1, 0x0, 0x0,
    0x1, 0xfc, 0x0, 0x9f, 0x7b, 0xbb, 0xbf, 0xfc,
    0xbb, 0xb3, 0x5, 0xf8, 0x0, 0xdf, 0x6f, 0xff,
    0xff, 0xff, 0xff, 0xf5, 0xf, 0xfe, 0x2, 0xfb,
    0x1, 0x11, 0x1f, 0xf2, 0x11, 0x10, 0x4, 0xff,
    0xda, 0xf6, 0x0, 0x0, 0xe, 0xf1, 0x0, 0x0,
    0x0, 0x1c, 0xff, 0xf0, 0x0, 0x0, 0xe, 0xf1,
    0x0, 0x0, 0x0, 0x0, 0xff, 0xf3, 0x0, 0x0,
    0xe, 0xf1, 0x0, 0x0, 0x0, 0x2, 0xff, 0xff,
    0x30, 0x0, 0xe, 0xf1, 0x0, 0x0, 0x0, 0x1d,
    0xf7, 0xbf, 0xe0, 0x0, 0xe, 0xf1, 0x0, 0x0,
    0x2, 0xdf, 0xa0, 0xd, 0x60, 0x0, 0xe, 0xf1,
    0x0, 0x0, 0x2f, 0xfb, 0x0, 0x1, 0x0, 0x5b,
    0xbf, 0xf0, 0x0, 0x0, 0x9, 0x70, 0x0, 0x0,
    0x0, 0x2f, 0xfe, 0x60, 0x0, 0x0, 0x0, 0x0,
    0x0, 0x0, 0x0, 0x0, 0x0, 0x0, 0x0, 0x0,

    /* U+5B50 "子" */
    0x0, 0xd, 0xdd, 0xdd, 0xdd, 0xdd, 0xdd, 0xdf,
    0xa0, 0x0, 0x0, 0xf, 0xff, 0xff, 0xff, 0xff,
    0xff, 0xff, 0xf4, 0x0, 0x0, 0x0, 0x0, 0x0,
    0x0, 0x0, 0x2c, 0xff, 0x30, 0x0, 0x0, 0x0,
    0x0, 0x0, 0x0, 0x5, 0xef, 0xc2, 0x0, 0x0,
    0x0, 0x0, 0x0, 0x0, 0x2, 0xbf, 0xf8, 0x0,
    0x0, 0x0, 0x0, 0x0, 0x0, 0x0, 0xf, 0xfd,
    0x30, 0x0, 0x0, 0x0, 0x0, 0x0, 0x0, 0x0,
    0xe, 0xf1, 0x0, 0x0, 0x0, 0x0, 0x0, 0x0,
    0x0, 0x0, 0xf, 0xf2, 0x0, 0x0, 0x0, 0x0,
    0xf, 0xff, 0xff, 0xff, 0xff, 0xff, 0xff, 0xff,
    0xff, 0xf1, 0xd, 0xdd, 0xdd, 0xdd, 0xdf, 0xfe,
    0xdd, 0xdd, 0xdd, 0xd1, 0x0, 0x0, 0x0, 0x0,
    0xe, 0xf1, 0x0, 0x0, 0x0, 0x0, 0x0, 0x0,
    0x0, 0x0, 0xe, 0xf1, 0x0, 0x0, 0x0, 0x0,
    0x0, 0x0, 0x0, 0x0, 0xe, 0xf1, 0x0, 0x0,
    0x0, 0x0, 0x0, 0x0, 0x0, 0x0, 0xe, 0xf1,
    0x0, 0x0, 0x0, 0x0, 0x0, 0x0, 0x0, 0x0,
    0xe, 0xf1, 0x0, 0x0, 0x0, 0x0, 0x0, 0x0,
    0x0, 0x0, 0xe, 0xf1, 0x0, 0x0, 0x0, 0x0,
    0x0, 0x0, 0xa, 0xdd, 0xef, 0xf0, 0x0, 0x0,
    0x0, 0x0, 0x0, 0x0, 0x4, 0xff, 0xfc, 0x50,
    0x0, 0x0, 0x0, 0x0, 0x0, 0x0, 0x0, 0x0,
    0x0, 0x0, 0x0, 0x0, 0x0, 0x0,

    /* U+5B57 "字" */
    0x0, 0x0, 0x0, 0x0, 0x0, 0x0, 0x0, 0x0,
    0x0, 0x0, 0x0, 0x0, 0x5, 0xd6, 0x0, 0x0,
    0x0, 0x0, 0x0, 0x0, 0x0, 0x3, 0xff, 0x10,
    0x0, 0x0, 0x0, 0x9d, 0xdd, 0xdd, 0xdd, 0xff,
    0xfd, 0xdd, 0xdd, 0xd1, 0xbf, 0xff, 0xff, 0xff,
    0xff, 0xff, 0xff, 0xff, 0xf1, 0xbf, 0x20, 0x0,
    0x0, 0x0, 0x0, 0x0, 0xe, 0xf1, 0xbf, 0x20,
    0x0, 0x0, 0x0, 0x0, 0x10, 0xe, 0xf1, 0x57,
    0x18, 0xff, 0xff, 0xff, 0xff, 0xfc, 0x16, 0x70,
    0x0, 0x5, 0xbb, 0xbb, 0xbb, 0xdf, 0xf9, 0x0,
    0x0, 0x0, 0x0, 0x0, 0x0, 0x3, 0xef, 0x70,
    0x0, 0x0, 0x0, 0x0, 0x0, 0x0, 0xdf, 0xe4,
    0x0, 0x0, 0x0, 0x0, 0x0, 0x0, 0x2, 0xff,
    0x10, 0x0, 0x0, 0x0, 0xcf, 0xff, 0xff, 0xff,
    0xff, 0xff, 0xff, 0xff, 0xf9, 0x9c, 0xcc, 0xcc,
    0xcd, 0xff, 0xcc, 0xcc, 0xcc, 0xc6, 0x0, 0x0,
    0x0, 0x1, 0xfe, 0x0, 0x0, 0x0, 0x0, 0x0,
    0x0, 0x0, 0x1, 0xfe, 0x0, 0x0, 0x0, 0x0,
    0x0, 0x0, 0x0, 0x1, 0xfe, 0x0, 0x0, 0x0,
    0x0, 0x0, 0x0, 0x0, 0x1, 0xfe, 0x0, 0x0,
    0x0, 0x0, 0x0, 0x0, 0x6d, 0xde, 0xfd, 0x0,
    0x0, 0x0, 0x0, 0x0, 0x0, 0x1f, 0xff, 0xc3,
    0x0, 0x0, 0x0, 0x0, 0x0, 0x0, 0x0, 0x0,
    0x0, 0x0, 0x0, 0x0, 0x0,

    /* U+5B89 "安" */
    0x0, 0x0, 0x0, 0x0, 0x0, 0x0, 0x0, 0x0,
    0x0, 0x0, 0x0, 0x0, 0x7, 0xd6, 0x0, 0x0,
    0x0, 0x0, 0x0, 0x0, 0x0, 0x4, 0xfe, 0x0,
    0x0, 0x0, 0x0, 0x1b, 0xbb, 0xbb, 0xbb, 0xff,
    0xfb, 0xbb, 0xbb, 0xb5, 0x2f, 0xff, 0xff, 0xff,
    0xff, 0xff, 0xff, 0xff, 0xf7, 0x2f, 0xc0, 0x0,
    0x3, 0x10, 0x0, 0x0, 0x9, 0xf7, 0x2f, 0xc0,
    0x0, 0xe, 0xf3, 0x0, 0x0, 0x9, 0xf7, 0x18,
    0x60, 0x0, 0x6f, 0xd0, 0x0, 0x0, 0x4, 0x83,
    0x0, 0x0, 0x1, 0xff, 0x60, 0x0, 0x0, 0x0,
    0x0, 0x9f, 0xff, 0xff, 0xff, 0xff, 0xff, 0xff,
    0xff, 0xfe, 0x6b, 0xbb, 0xdf, 0xff, 0xbb, 0xbc,
    0xff, 0xdb, 0xba, 0x0, 0x0, 0xaf, 0xa0, 0x0,
    0x6, 0xfc, 0x0, 0x0, 0x0, 0x7, 0xff, 0x10,
    0x0, 0x1e, 0xf5, 0x0, 0x0, 0x0, 0xf, 0xff,
    0xd8, 0x20, 0xbf, 0xb0, 0x0, 0x0, 0x0, 0x0,
    0x4a, 0xff, 0xff, 0xfe, 0x10, 0x0, 0x0, 0x0,
    0x0, 0x0, 0x1b, 0xff, 0xff, 0x81, 0x0, 0x0,
    0x0, 0x0, 0x5, 0xcf, 0xff, 0xcf, 0xff, 0xa2,
    0x0, 0x4, 0x7a, 0xff, 0xfd, 0x40, 0x2, 0xaf,
    0xff, 0xa1, 0x1e, 0xff, 0xfa, 0x30, 0x0, 0x0,
    0x2, 0xbf, 0xf3, 0x4, 0x73, 0x0, 0x0, 0x0,
    0x0, 0x0, 0x4, 0x40,

    /* U+5BB9 "容" */
    0x0, 0x0, 0x0, 0x0, 0x5c, 0x90, 0x0, 0x0,
    0x0, 0x0, 0x0, 0x0, 0x0, 0x3, 0xff, 0x20,
    0x0, 0x0, 0x0, 0xa, 0xff, 0xff, 0xff, 0xff,
    0xff, 0xff, 0xff, 0xff, 0x10, 0xaf, 0xba, 0xaa,
    0xaa, 0xaa, 0xaa, 0xaa, 0xaf, 0xf1, 0xa, 0xf3,
    0x0, 0x73, 0x0, 0x0, 0x52, 0x0, 0xdf, 0x10,
    0x9e, 0x20, 0xbf, 0xa0, 0x0, 0x3f, 0xf6, 0xc,
    0xe1, 0x0, 0x2, 0xcf, 0xb0, 0x8, 0x70, 0x3d,
    0xfa, 0x0, 0x0, 0x7, 0xff, 0x90, 0x5, 0xff,
    0x20, 0x1b, 0xfc, 0x10, 0x1, 0xdf, 0x60, 0x4,
    0xff, 0xfd, 0x10, 0xa, 0xf3, 0x0, 0x1, 0x10,
    0x7, 0xff, 0x35, 0xfe, 0x40, 0x2, 0x0, 0x0,
    0x0, 0x1b, 0xfe, 0x30, 0x4, 0xef, 0x91, 0x0,
    0x0, 0x0, 0x7f, 0xfc, 0x20, 0x0, 0x3, 0xdf,
    0xf8, 0x10, 0x28, 0xef, 0xff, 0xff, 0xff, 0xff,
    0xff, 0xff, 0xff, 0x71, 0xef, 0x8f, 0xfa, 0xaa,
    0xaa, 0xaa, 0xbf, 0xc8, 0xe2, 0x2, 0x0, 0xef,
    0x0, 0x0, 0x0, 0x3, 0xfb, 0x0, 0x0, 0x0,
    0xe, 0xf0, 0x0, 0x0, 0x0, 0x3f, 0xb0, 0x0,
    0x0, 0x0, 0xef, 0xaa, 0xaa, 0xaa, 0xad, 0xfb,
    0x0, 0x0, 0x0, 0xe, 0xff, 0xff, 0xff, 0xff,
    0xff, 0xb0, 0x0, 0x0, 0x0, 0xef, 0x0, 0x0,
    0x0, 0x4, 0xfb, 0x0, 0x0, 0x0, 0x0, 0x0,
    0x0, 0x0, 0x0, 0x0, 0x0, 0x0,

    /* U+5BBD "宽" */
    0x0, 0x0, 0x0, 0x0, 0x5b, 0x80, 0x0, 0x0,
    0x0, 0x0, 0x0, 0x0, 0x0, 0x0, 0x6f, 0xf1,
    0x0, 0x0, 0x0, 0x0, 0xb, 0xff, 0xff, 0xff,
    0xff, 0xff, 0xff, 0xff, 0xff, 0x70, 0xb, 0xf9,
    0x99, 0xaa, 0x99, 0x99, 0xa9, 0x99, 0xbf, 0x70,
    0xb, 0xf1, 0x0, 0xef, 0x10, 0x7, 0xf8, 0x0,
    0x4f, 0x70, 0x9, 0xec, 0xff, 0xff, 0xff, 0xff,
    0xff, 0xff, 0xce, 0x60, 0x0, 0x6, 0x88, 0xff,
    0xa8, 0x8f, 0xff, 0x88, 0x40, 0x0, 0x0, 0x0,
    0x0, 0xbd, 0x10, 0x5, 0xd6, 0x0, 0x0, 0x0,
    0x0, 0x3, 0x99, 0x99, 0x99, 0x99, 0x99, 0x98,
    0x0, 0x0, 0x0, 0x6, 0xff, 0xff, 0xff, 0xff,
    0xff, 0xff, 0x0, 0x0, 0x0, 0x6, 0xf8, 0x0,
    0x22, 0x10, 0x0, 0xff, 0x0, 0x0, 0x0, 0x6,
    0xf7, 0x0, 0xbf, 0x70, 0x0, 0xff, 0x0, 0x0,
    0x0, 0x6, 0xf7, 0x0, 0xbf, 0x70, 0x0, 0xff,
    0x0, 0x0, 0x0, 0x6, 0xf7, 0x0, 0xdf, 0x94,
    0x0, 0xff, 0x0, 0x0, 0x0, 0x5, 0xc5, 0x3,
    0xff, 0xef, 0x10, 0x99, 0x6, 0x80, 0x0, 0x0,
    0x0, 0x3e, 0xf9, 0xdf, 0x10, 0x0, 0x9, 0xf0,
    0x0, 0x0, 0x3a, 0xff, 0xa0, 0xcf, 0x10, 0x0,
    0xb, 0xe0, 0x4, 0x8d, 0xff, 0xe5, 0x0, 0xbf,
    0xba, 0xaa, 0xbf, 0xb0, 0xc, 0xff, 0xb6, 0x0,
    0x0, 0x4d, 0xff, 0xff, 0xfd, 0x20, 0x2, 0x51,
    0x0, 0x0, 0x0, 0x0, 0x0, 0x0, 0x0, 0x0,

    /* U+5BF8 "寸" */
    0x0, 0x0, 0x0, 0x0, 0x0, 0x0, 0xdf, 0x20,
    0x0, 0x0, 0x0, 0x0, 0x0, 0x0, 0x0, 0xd,
    0xf3, 0x0, 0x0, 0x0, 0x0, 0x0, 0x0, 0x0,
    0x0, 0xdf, 0x30, 0x0, 0x0, 0x0, 0x0, 0x0,
    0x0, 0x0, 0xd, 0xf3, 0x0, 0x0, 0x3d, 0xdd,
    0xdd, 0xdd, 0xdd, 0xdd, 0xff, 0xfd, 0xdd, 0xb3,
    0xff, 0xff, 0xff, 0xff, 0xff, 0xff, 0xff, 0xff,
    0xfd, 0x0, 0x0, 0x0, 0x0, 0x0, 0x0, 0xef,
    0x30, 0x0, 0x0, 0x0, 0x0, 0x0, 0x0, 0x0,
    0xd, 0xf3, 0x0, 0x0, 0x0, 0x8, 0xe2, 0x0,
    0x0, 0x0, 0xdf, 0x30, 0x0, 0x0, 0x0, 0x9f,
    0xd0, 0x0, 0x0, 0xd, 0xf3, 0x0, 0x0, 0x0,
    0x0, 0xcf, 0xa0, 0x0, 0x0, 0xdf, 0x30, 0x0,
    0x0, 0x0, 0x2, 0xff, 0x50, 0x0, 0xd, 0xf3,
    0x0, 0x0, 0x0, 0x0, 0x6, 0xfe, 0x0, 0x0,
    0xdf, 0x30, 0x0, 0x0, 0x0, 0x0, 0xd, 0x70,
    0x0, 0xd, 0xf3, 0x0, 0x0, 0x0, 0x0, 0x0,
    0x0, 0x0, 0x0, 0xdf, 0x30, 0x0, 0x0, 0x0,
    0x0, 0x0, 0x0, 0x0, 0xd, 0xf3, 0x0, 0x0,
    0x0, 0x0, 0x0, 0x0, 0x0, 0x0, 0xef, 0x20,
    0x0, 0x0, 0x0, 0x0, 0x0, 0x4f, 0xff, 0xff,
    0xf0, 0x0, 0x0, 0x0, 0x0, 0x0, 0x0, 0xdf,
    0xff, 0xc5, 0x0, 0x0, 0x0, 0x0, 0x0, 0x0,
    0x0, 0x0, 0x0, 0x0, 0x0, 0x0,

    /* U+5BF9 "对" */
    0x0, 0x0, 0x0, 0x0, 0x0, 0x0, 0x0, 0xa,
    0xa0, 0x0, 0x0, 0x0, 0x0, 0x0, 0x0, 0x0,
    0x0, 0xf, 0xe0, 0x0, 0x1, 0x22, 0x22, 0x24,
    0x10, 0x0, 0x0, 0xf, 0xe0, 0x0, 0xb, 0xff,
    0xff, 0xff, 0xf3, 0x0, 0x0, 0xf, 0xe0, 0x0,
    0x7, 0xaa, 0xaa, 0xaf, 0xf1, 0x0, 0x0, 0xf,
    0xf0, 0x0, 0x0, 0x0, 0x0, 0xf, 0xe5, 0xff,
    0xff, 0xff, 0xff, 0xf3, 0x0, 0x0, 0x0, 0x2f,
    0xc4, 0xcc, 0xcc, 0xcf, 0xfc, 0xc2, 0x0, 0xa6,
    0x0, 0x6f, 0x90, 0x0, 0x0, 0xf, 0xe0, 0x0,
    0x2, 0xff, 0x70, 0xaf, 0x50, 0x1, 0x0, 0xf,
    0xe0, 0x0, 0x0, 0x3e, 0xf7, 0xef, 0x10, 0xed,
    0x0, 0xf, 0xe0, 0x0, 0x0, 0x3, 0xff, 0xfc,
    0x0, 0x9f, 0x60, 0xf, 0xe0, 0x0, 0x0, 0x0,
    0x4f, 0xfb, 0x0, 0x1f, 0xe0, 0xf, 0xe0, 0x0,
    0x0, 0x0, 0x3f, 0xff, 0x30, 0x9, 0xf5, 0xf,
    0xe0, 0x0, 0x0, 0x0, 0xbf, 0xff, 0xe1, 0x3,
    0xa2, 0xf, 0xe0, 0x0, 0x0, 0x6, 0xfe, 0xb,
    0xfa, 0x0, 0x0, 0xf, 0xe0, 0x0, 0x0, 0x3f,
    0xf5, 0x1, 0xf8, 0x0, 0x0, 0xf, 0xe0, 0x0,
    0x3, 0xef, 0x80, 0x0, 0x30, 0x0, 0x0, 0xf,
    0xe0, 0x0, 0x1e, 0xfa, 0x0, 0x0, 0x0, 0x0,
    0xdf, 0xff, 0xc0, 0x0, 0x4, 0x90, 0x0, 0x0,
    0x0, 0x0, 0x9f, 0xfc, 0x30, 0x0,

    /* U+5C0F "小" */
    0x0, 0x0, 0x0, 0x0, 0x3, 0x30, 0x0, 0x0,
    0x0, 0x0, 0x0, 0x0, 0x0, 0x0, 0xf, 0xf1,
    0x0, 0x0, 0x0, 0x0, 0x0, 0x0, 0x0, 0x0,
    0xf, 0xf1, 0x0, 0x0, 0x0, 0x0, 0x0, 0x0,
    0x0, 0x0, 0xf, 0xf1, 0x0, 0x0, 0x0, 0x0,
    0x0, 0x0, 0x0, 0x0, 0xf, 0xf1, 0x0, 0x0,
    0x0, 0x0, 0x0, 0x2, 0x74, 0x0, 0xf, 0xf1,
    0x0, 0x48, 0x0, 0x0, 0x0, 0x7, 0xfb, 0x0,
    0xf, 0xf1, 0x0, 0xdf, 0x50, 0x0, 0x0, 0xb,
    0xf7, 0x0, 0xf, 0xf1, 0x0, 0x5f, 0xe0, 0x0,
    0x0, 0xe, 0xf3, 0x0, 0xf, 0xf1, 0x0, 0xd,
    0xf6, 0x0, 0x0, 0x5f, 0xe0, 0x0, 0xf, 0xf1,
    0x0, 0x5, 0xfd, 0x0, 0x0, 0xbf, 0x80, 0x0,
    0xf, 0xf1, 0x0, 0x0, 0xef, 0x50, 0x2, 0xff,
    0x20, 0x0, 0xf, 0xf1, 0x0, 0x0, 0x8f, 0xc0,
    0xa, 0xfa, 0x0, 0x0, 0xf, 0xf1, 0x0, 0x0,
    0x2f, 0xf2, 0x2f, 0xf2, 0x0, 0x0, 0xf, 0xf1,
    0x0, 0x0, 0xd, 0xf6, 0x1, 0x50, 0x0, 0x0,
    0xf, 0xf1, 0x0, 0x0, 0x8, 0x92, 0x0, 0x0,
    0x0, 0x0, 0xf, 0xf1, 0x0, 0x0, 0x0, 0x0,
    0x0, 0x0, 0x0, 0x0, 0xf, 0xf1, 0x0, 0x0,
    0x0, 0x0, 0x0, 0x0, 0x8, 0xee, 0xef, 0xf0,
    0x0, 0x0, 0x0, 0x0, 0x0, 0x0, 0x3, 0xff,
    0xfd, 0x50, 0x0, 0x0, 0x0, 0x0, 0x0, 0x0,
    0x0, 0x0, 0x0, 0x0, 0x0, 0x0, 0x0, 0x0,

    /* U+5C3A "尺" */
    0x0, 0x0, 0x10, 0x0, 0x0, 0x0, 0x0, 0x0,
    0x0, 0x0, 0x0, 0xcf, 0xff, 0xff, 0xff, 0xff,
    0xff, 0xff, 0x10, 0x0, 0xc, 0xff, 0xcc, 0xcc,
    0xcc, 0xcc, 0xcf, 0xf1, 0x0, 0x0, 0xcf, 0x30,
    0x0, 0x0, 0x0, 0x0, 0xef, 0x10, 0x0, 0xc,
    0xf3, 0x0, 0x0, 0x0, 0x0, 0xe, 0xf1, 0x0,
    0x0, 0xcf, 0x30, 0x0, 0x0, 0x0, 0x0, 0xef,
    0x10, 0x0, 0xc, 0xf3, 0x0, 0x0, 0x0, 0x0,
    0xe, 0xf1, 0x0, 0x0, 0xdf, 0xfc, 0xcc, 0xcc,
    0xcc, 0xcc, 0xff, 0x10, 0x0, 0xd, 0xff, 0xff,
    0xff, 0xff, 0xff, 0xff, 0xf1, 0x0, 0x0, 0xef,
    0x20, 0x0, 0x1f, 0xf1, 0x0, 0x0, 0x0, 0x0,
    0xf, 0xf0, 0x0, 0x0, 0xaf, 0x60, 0x0, 0x0,
    0x0, 0x2, 0xfd, 0x0, 0x0, 0x4, 0xfd, 0x0,
    0x0, 0x0, 0x0, 0x5f, 0xa0, 0x0, 0x0, 0xc,
    0xf7, 0x0, 0x0, 0x0, 0x9, 0xf7, 0x0, 0x0,
    0x0, 0x4f, 0xf2, 0x0, 0x0, 0x0, 0xef, 0x20,
    0x0, 0x0, 0x0, 0xaf, 0xd2, 0x0, 0x0, 0x6f,
    0xd0, 0x0, 0x0, 0x0, 0x0, 0xcf, 0xe5, 0x0,
    0x1e, 0xf5, 0x0, 0x0, 0x0, 0x0, 0x1, 0xcf,
    0xfc, 0x55, 0xfc, 0x0, 0x0, 0x0, 0x0, 0x0,
    0x0, 0x7f, 0xf5, 0x4, 0x20, 0x0, 0x0, 0x0,
    0x0, 0x0, 0x0, 0x15, 0x0,

    /* U+5C40 "局" */
    0x0, 0xf, 0xff, 0xff, 0xff, 0xff, 0xff, 0xff,
    0xe0, 0x0, 0x1, 0xff, 0xaa, 0xaa, 0xaa, 0xaa,
    0xaa, 0xff, 0x0, 0x0, 0x1f, 0xd0, 0x0, 0x0,
    0x0, 0x0, 0xe, 0xf0, 0x0, 0x1, 0xfd, 0x0,
    0x0, 0x0, 0x0, 0x0, 0xef, 0x0, 0x0, 0x1f,
    0xff, 0xff, 0xff, 0xff, 0xff, 0xff, 0xf0, 0x0,
    0x1, 0xff, 0x88, 0x88, 0x88, 0x88, 0x88, 0x88,
    0x0, 0x0, 0x1f, 0xc0, 0x0, 0x0, 0x0, 0x0,
    0x0, 0x0, 0x0, 0x2, 0xff, 0xff, 0xff, 0xff,
    0xff, 0xff, 0xff, 0xf5, 0x0, 0x3f, 0xfb, 0xbb,
    0xbb, 0xbb, 0xbb, 0xbb, 0xff, 0x50, 0x5, 0xf8,
    0x0, 0x0, 0x0, 0x0, 0x0, 0x9, 0xf4, 0x0,
    0x7f, 0x60, 0xdf, 0xff, 0xff, 0xfd, 0x0, 0xaf,
    0x40, 0xa, 0xf4, 0xe, 0xf9, 0x99, 0x9f, 0xd0,
    0xa, 0xf3, 0x0, 0xef, 0x0, 0xed, 0x0, 0x0,
    0xed, 0x0, 0xbf, 0x20, 0x2f, 0xc0, 0xe, 0xe0,
    0x0, 0xe, 0xd0, 0xd, 0xf1, 0x8, 0xf7, 0x0,
    0xef, 0xff, 0xff, 0xfd, 0x0, 0xff, 0x1, 0xff,
    0x10, 0xe, 0xf7, 0x77, 0x77, 0x60, 0x2f, 0xd0,
    0x3d, 0x80, 0x0, 0x99, 0x0, 0x0, 0x1c, 0xbe,
    0xf9, 0x0, 0x0, 0x0, 0x0, 0x0, 0x0, 0x0,
    0xcf, 0xfb, 0x10,

    /* U+5C42 "层" */
    0x0, 0x5f, 0xff, 0xff, 0xff, 0xff, 0xff, 0xff,
    0xfc, 0x0, 0x5, 0xff, 0xaa, 0xaa, 0xaa, 0xaa,
    0xaa, 0xaf, 0xd0, 0x0, 0x5f, 0x80, 0x0, 0x0,
    0x0, 0x0, 0x1, 0xfd, 0x0, 0x5, 0xf9, 0x0,
    0x0, 0x0, 0x0, 0x0, 0x2f, 0xd0, 0x0, 0x5f,
    0xff, 0xff, 0xff, 0xff, 0xff, 0xff, 0xfd, 0x0,
    0x5, 0xff, 0x99, 0x99, 0x99, 0x99, 0x99, 0x99,
    0x70, 0x0, 0x6f, 0x80, 0x0, 0x0, 0x0, 0x0,
    0x0, 0x0, 0x0, 0x6, 0xf8, 0xe, 0xff, 0xff,
    0xff, 0xff, 0xff, 0x70, 0x0, 0x6f, 0x70, 0x89,
    0x99, 0x99, 0x99, 0x99, 0x94, 0x0, 0x8, 0xf6,
    0x0, 0x0, 0x0, 0x0, 0x0, 0x0, 0x0, 0x0,
    0x9f, 0x4b, 0xbb, 0xbb, 0xbb, 0xbb, 0xbb, 0xbb,
    0x90, 0xb, 0xf3, 0xff, 0xff, 0xff, 0xff, 0xff,
    0xff, 0xfd, 0x0, 0xef, 0x0, 0x0, 0xef, 0x50,
    0x0, 0x55, 0x0, 0x0, 0x2f, 0xc0, 0x0, 0x8f,
    0xb0, 0x0, 0x1f, 0xf2, 0x0, 0x6, 0xf9, 0x0,
    0x4f, 0xd1, 0x0, 0x0, 0x6f, 0xb0, 0x0, 0xcf,
    0x40, 0x4f, 0xfb, 0x9a, 0xbc, 0xef, 0xff, 0x60,
    0x2f, 0xe0, 0x7, 0xff, 0xff, 0xed, 0xcb, 0xac,
    0xfe, 0x0, 0x14, 0x0, 0x16, 0x31, 0x0, 0x0,
    0x0, 0x9, 0x60,

    /* U+5C45 "居" */
    0x0, 0x2f, 0xff, 0xff, 0xff, 0xff, 0xff, 0xff,
    0xfe, 0x0, 0x0, 0x3f, 0xfb, 0xbb, 0xbb, 0xbb,
    0xbb, 0xbb, 0xff, 0x0, 0x0, 0x3f, 0xb0, 0x0,
    0x0, 0x0, 0x0, 0x0, 0xff, 0x0, 0x0, 0x3f,
    0xf5, 0x55, 0x55, 0x55, 0x55, 0x55, 0xff, 0x0,
    0x0, 0x3f, 0xff, 0xff, 0xff, 0xff, 0xff, 0xff,
    0xff, 0x0, 0x0, 0x3f, 0xf5, 0x55, 0x55, 0x6f,
    0xf5, 0x55, 0x55, 0x0, 0x0, 0x3f, 0xb0, 0x0,
    0x0, 0x1f, 0xc0, 0x0, 0x0, 0x0, 0x0, 0x3f,
    0xfb, 0xbb, 0xbb, 0xcf, 0xfb, 0xbb, 0xbb, 0xb0,
    0x0, 0x4f, 0xff, 0xff, 0xff, 0xff, 0xff, 0xff,
    0xff, 0xf0, 0x0, 0x5f, 0x90, 0x0, 0x0, 0x2f,
    0xd0, 0x0, 0x0, 0x0, 0x0, 0x7f, 0x70, 0x0,
    0x0, 0x1f, 0xc0, 0x0, 0x0, 0x0, 0x0, 0x9f,
    0x50, 0xde, 0xee, 0xff, 0xfe, 0xee, 0xe9, 0x0,
    0x0, 0xdf, 0x30, 0xff, 0xbb, 0xbb, 0xbb, 0xbc,
    0xfa, 0x0, 0x0, 0xff, 0x0, 0xfe, 0x0, 0x0,
    0x0, 0x3, 0xfa, 0x0, 0x5, 0xfb, 0x0, 0xfe,
    0x0, 0x0, 0x0, 0x3, 0xfa, 0x0, 0xc, 0xf7,
    0x0, 0xff, 0xaa, 0xaa, 0xaa, 0xae, 0xfa, 0x0,
    0x3f, 0xf1, 0x0, 0xff, 0xff, 0xff, 0xff, 0xff,
    0xfa, 0x0, 0x6, 0x80, 0x0, 0xfe, 0x0, 0x0,
    0x0, 0x4, 0xfa, 0x0, 0x0, 0x0, 0x0, 0x0,
    0x0, 0x0, 0x0, 0x0, 0x0, 0x0,

    /* U+5C4F "屏" */
    0x0, 0x4f, 0xff, 0xff, 0xff, 0xff, 0xff, 0xff,
    0xff, 0x60, 0x0, 0x4f, 0xfa, 0xaa, 0xaa, 0xaa,
    0xaa, 0xaa, 0xdf, 0x70, 0x0, 0x4f, 0xa0, 0x0,
    0x0, 0x0, 0x0, 0x0, 0x9f, 0x70, 0x0, 0x4f,
    0xfa, 0xaa, 0xaa, 0xaa, 0xaa, 0xaa, 0xdf, 0x70,
    0x0, 0x4f, 0xff, 0xff, 0xff, 0xff, 0xff, 0xff,
    0xff, 0x70, 0x0, 0x4f, 0xa0, 0x6, 0xc2, 0x0,
    0x0, 0x4c, 0x60, 0x0, 0x0, 0x4f, 0xa0, 0x5,
    0xfb, 0x0, 0x0, 0xcf, 0x40, 0x0, 0x0, 0x4f,
    0x95, 0x88, 0xd9, 0x88, 0x8d, 0xff, 0x88, 0x70,
    0x0, 0x5f, 0x9a, 0xff, 0xff, 0xff, 0xff, 0xff,
    0xff, 0xd0, 0x0, 0x5f, 0x80, 0x0, 0xdf, 0x20,
    0x3, 0xfc, 0x0, 0x0, 0x0, 0x7f, 0x70, 0x0,
    0xcf, 0x10, 0x2, 0xfb, 0x0, 0x0, 0x0, 0x8f,
    0x69, 0x99, 0xff, 0x99, 0x9b, 0xff, 0x99, 0x93,
    0x0, 0xbf, 0x6f, 0xff, 0xff, 0xff, 0xff, 0xff,
    0xff, 0xf6, 0x0, 0xef, 0x0, 0x3, 0xfd, 0x0,
    0x3, 0xfc, 0x0, 0x0, 0x3, 0xfc, 0x0, 0xb,
    0xf8, 0x0, 0x2, 0xfb, 0x0, 0x0, 0x9, 0xf8,
    0x0, 0xaf, 0xe1, 0x0, 0x2, 0xfb, 0x0, 0x0,
    0x1f, 0xf2, 0x1e, 0xfe, 0x30, 0x0, 0x2, 0xfb,
    0x0, 0x0, 0x6, 0xa0, 0x8, 0xa1, 0x0, 0x0,
    0x2, 0xfb, 0x0, 0x0, 0x0, 0x0, 0x0, 0x0,
    0x0, 0x0, 0x0, 0x0, 0x0, 0x0,

    /* U+5C71 "山" */
    0x0, 0x0, 0x0, 0xd, 0xc0, 0x0, 0x0, 0x0,
    0x0, 0x0, 0x0, 0x0, 0xff, 0x0, 0x0, 0x0,
    0x0, 0x0, 0x0, 0x0, 0xf, 0xf0, 0x0, 0x0,
    0x0, 0x0, 0x0, 0x0, 0x0, 0xff, 0x0, 0x0,
    0x0, 0x0, 0xbc, 0x0, 0x0, 0xf, 0xf0, 0x0,
    0x0, 0xcd, 0xf, 0xf0, 0x0, 0x0, 0xff, 0x0,
    0x0, 0xf, 0xf0, 0xff, 0x0, 0x0, 0xf, 0xf0,
    0x0, 0x0, 0xff, 0xf, 0xf0, 0x0, 0x0, 0xff,
    0x0, 0x0, 0xf, 0xf0, 0xff, 0x0, 0x0, 0xf,
    0xf0, 0x0, 0x0, 0xff, 0xf, 0xf0, 0x0, 0x0,
    0xff, 0x0, 0x0, 0xf, 0xf0, 0xff, 0x0, 0x0,
    0xf, 0xf0, 0x0, 0x0, 0xff, 0xf, 0xf0, 0x0,
    0x0, 0xff, 0x0, 0x0, 0xf, 0xf0, 0xff, 0x0,
    0x0, 0xf, 0xf0, 0x0, 0x0, 0xff, 0xf, 0xf0,
    0x0, 0x0, 0xff, 0x0, 0x0, 0xf, 0xf0, 0xff,
    0x0, 0x0, 0xf, 0xf0, 0x0, 0x0, 0xff, 0xf,
    0xfe, 0xee, 0xee, 0xff, 0xee, 0xee, 0xef, 0xf0,
    0xff, 0xff, 0xff, 0xff, 0xff, 0xff, 0xff, 0xff,
    0x0, 0x0, 0x0, 0x0, 0x0, 0x0, 0x0, 0xf,
    0xf0, 0x0, 0x0, 0x0, 0x0, 0x0, 0x0, 0x0,
    0xff, 0x0,

    /* U+5DE6 "左" */
    0x0, 0x0, 0x0, 0x8, 0x70, 0x0, 0x0, 0x0,
    0x0, 0x0, 0x0, 0x0, 0x0, 0xf, 0xf0, 0x0,
    0x0, 0x0, 0x0, 0x0, 0x0, 0x0, 0x0, 0x3f,
    0xc0, 0x0, 0x0, 0x0, 0x0, 0x0, 0x2, 0x22,
    0x22, 0x9f, 0xb2, 0x22, 0x22, 0x22, 0x22, 0x10,
    0xe, 0xff, 0xff, 0xff, 0xff, 0xff, 0xff, 0xff,
    0xff, 0x80, 0x9, 0xaa, 0xaa, 0xff, 0xca, 0xaa,
    0xaa, 0xaa, 0xaa, 0x50, 0x0, 0x0, 0x2, 0xfd,
    0x0, 0x0, 0x0, 0x0, 0x0, 0x0, 0x0, 0x0,
    0x7, 0xf8, 0x0, 0x0, 0x0, 0x0, 0x0, 0x0,
    0x0, 0x0, 0xd, 0xf3, 0x0, 0x0, 0x0, 0x0,
    0x0, 0x0, 0x0, 0x0, 0x3f, 0xfe, 0xee, 0xee,
    0xfe, 0xee, 0xee, 0x30, 0x0, 0x0, 0xaf, 0x8f,
    0xff, 0xff, 0xff, 0xff, 0xff, 0x30, 0x0, 0x2,
    0xff, 0x0, 0x0, 0xe, 0xf0, 0x0, 0x0, 0x0,
    0x0, 0xb, 0xf7, 0x0, 0x0, 0xe, 0xf0, 0x0,
    0x0, 0x0, 0x0, 0x6f, 0xe0, 0x0, 0x0, 0xe,
    0xf0, 0x0, 0x0, 0x0, 0x2, 0xff, 0x40, 0x0,
    0x0, 0xe, 0xf0, 0x0, 0x0, 0x0, 0x2e, 0xf8,
    0x0, 0x0, 0x0, 0xe, 0xf0, 0x0, 0x0, 0x0,
    0x5f, 0xa0, 0x3e, 0xee, 0xee, 0xef, 0xfe, 0xee,
    0xee, 0xe0, 0x4, 0x0, 0x3f, 0xff, 0xff, 0xff,
    0xff, 0xff, 0xff, 0xf1, 0x0, 0x0, 0x3f, 0xff,
    0xff, 0xff, 0xff, 0xff, 0xff, 0xf1,

    /* U+5DF2 "已" */
    0xd, 0xdd, 0xdd, 0xdd, 0xdd, 0xdd, 0xdd, 0xdc,
    0x0, 0x0, 0xff, 0xff, 0xff, 0xff, 0xff, 0xff,
    0xff, 0xf0, 0x0, 0x0, 0x0, 0x0, 0x0, 0x0,
    0x0, 0x1, 0xff, 0x0, 0x0, 0x0, 0x0, 0x0,
    0x0, 0x0, 0x0, 0xf, 0xf0, 0x0, 0x1, 0xfd,
    0x0, 0x0, 0x0, 0x0, 0x0, 0xff, 0x0, 0x0,
    0x1f, 0xd0, 0x0, 0x0, 0x0, 0x0, 0xf, 0xf0,
    0x0, 0x1, 0xfd, 0x0, 0x0, 0x0, 0x0, 0x0,
    0xff, 0x0, 0x0, 0x1f, 0xff, 0xff, 0xff, 0xff,
    0xff, 0xff, 0xf0, 0x0, 0x1, 0xff, 0xee, 0xee,
    0xee, 0xee, 0xee, 0xff, 0x0, 0x0, 0x1f, 0xd0,
    0x0, 0x0, 0x0, 0x0, 0xd, 0xc0, 0x0, 0x1,
    0xfd, 0x0, 0x0, 0x0, 0x0, 0x0, 0x0, 0x0,
    0x0, 0x1f, 0xd0, 0x0, 0x0, 0x0, 0x0, 0x0,
    0x0, 0x0, 0x1, 0xfd, 0x0, 0x0, 0x0, 0x0,
    0x0, 0x0, 0x7b, 0x30, 0x1f, 0xd0, 0x0, 0x0,
    0x0, 0x0, 0x0, 0x9, 0xf6, 0x1, 0xfd, 0x0,
    0x0, 0x0, 0x0, 0x0, 0x0, 0xcf, 0x30, 0xf,
    0xf2, 0x0, 0x0, 0x0, 0x0, 0x0, 0x5f, 0xf0,
    0x0, 0xaf, 0xfe, 0xee, 0xee, 0xee, 0xee, 0xff,
    0xf8, 0x0, 0x0, 0x8d, 0xff, 0xff, 0xff, 0xff,
    0xff, 0xd7, 0x0,

    /* U+5E03 "布" */
    0x0, 0x0, 0x0, 0x5, 0xc6, 0x0, 0x0, 0x0,
    0x0, 0x0, 0x0, 0x0, 0x0, 0xbf, 0x60, 0x0,
    0x0, 0x0, 0x0, 0x0, 0x0, 0x0, 0x1f, 0xf1,
    0x0, 0x0, 0x0, 0x0, 0x0, 0xcf, 0xff, 0xff,
    0xff, 0xff, 0xff, 0xff, 0xff, 0xfe, 0xb, 0xee,
    0xee, 0xff, 0xfe, 0xee, 0xee, 0xee, 0xee, 0xc0,
    0x0, 0x0, 0x6f, 0xc0, 0x3, 0x30, 0x0, 0x0,
    0x0, 0x0, 0x0, 0x1e, 0xf3, 0x0, 0xff, 0x0,
    0x0, 0x0, 0x0, 0x0, 0xb, 0xfa, 0x0, 0xf,
    0xf0, 0x0, 0x0, 0x0, 0x0, 0x6, 0xff, 0xdb,
    0xbb, 0xff, 0xbb, 0xbc, 0xfa, 0x0, 0x4, 0xff,
    0xff, 0xff, 0xff, 0xff, 0xff, 0xff, 0xd0, 0x5,
    0xff, 0xff, 0x40, 0x0, 0xff, 0x0, 0x1, 0xfd,
    0x3, 0xff, 0x7a, 0xf4, 0x0, 0xf, 0xf0, 0x0,
    0x1f, 0xd0, 0xa, 0x40, 0xaf, 0x40, 0x0, 0xff,
    0x0, 0x1, 0xfd, 0x0, 0x0, 0xa, 0xf4, 0x0,
    0xf, 0xf0, 0x0, 0x1f, 0xd0, 0x0, 0x0, 0xaf,
    0x40, 0x0, 0xff, 0x0, 0x1, 0xfd, 0x0, 0x0,
    0xa, 0xf4, 0x0, 0xf, 0xf0, 0xcf, 0xff, 0xb0,
    0x0, 0x0, 0x8d, 0x30, 0x0, 0xff, 0x5, 0xaa,
    0x81, 0x0, 0x0, 0x0, 0x0, 0x0, 0xf, 0xf0,
    0x0, 0x0, 0x0, 0x0, 0x0, 0x0, 0x0, 0x0,
    0xff, 0x0, 0x0, 0x0, 0x0,

    /* U+5E27 "帧" */
    0x0, 0xa, 0x70, 0x0, 0x0, 0x0, 0xa7, 0x0,
    0x0, 0x0, 0x0, 0xeb, 0x0, 0x0, 0x0, 0x1f,
    0xc0, 0x0, 0x0, 0x0, 0xe, 0xb0, 0x0, 0x0,
    0x1, 0xff, 0xff, 0xff, 0x0, 0x0, 0xeb, 0x0,
    0x0, 0x0, 0x1f, 0xfa, 0xaa, 0xa0, 0x7f, 0xff,
    0xff, 0xf8, 0x0, 0x1, 0xfb, 0x0, 0x0, 0x8,
    0xf8, 0xff, 0x8f, 0x81, 0xff, 0xff, 0xff, 0xff,
    0x10, 0x8e, 0xe, 0xb0, 0xe8, 0x1f, 0xdb, 0xbb,
    0xbe, 0xf1, 0x8, 0xe0, 0xeb, 0xe, 0x81, 0xf8,
    0x0, 0x0, 0xaf, 0x10, 0x8e, 0xe, 0xb0, 0xe8,
    0x1f, 0x80, 0xfd, 0xa, 0xf1, 0x8, 0xe0, 0xeb,
    0xe, 0x81, 0xf8, 0xf, 0xd0, 0xaf, 0x10, 0x8e,
    0xe, 0xb0, 0xe8, 0x1f, 0x80, 0xfd, 0xa, 0xf1,
    0x8, 0xe0, 0xeb, 0xe, 0x81, 0xf8, 0xf, 0xd0,
    0xaf, 0x10, 0x8e, 0xe, 0xb0, 0xe8, 0x1f, 0x80,
    0xfc, 0xa, 0xf1, 0x8, 0xe0, 0xeb, 0xaf, 0x61,
    0xf8, 0x3f, 0x90, 0xaf, 0x10, 0x6b, 0xe, 0xb3,
    0x80, 0xc, 0x6a, 0xf5, 0x7, 0xb0, 0x0, 0x0,
    0xeb, 0x0, 0x0, 0x7, 0xfd, 0x5c, 0x30, 0x0,
    0x0, 0xe, 0xb0, 0x0, 0x2b, 0xfe, 0x26, 0xef,
    0x91, 0x0, 0x0, 0xeb, 0x0, 0xbf, 0xfc, 0x10,
    0x1, 0xbf, 0xe1, 0x0, 0xe, 0xb0, 0x5, 0xc5,
    0x0, 0x0, 0x0, 0x69, 0x0, 0x0, 0x0, 0x0,
    0x0, 0x0, 0x0, 0x0, 0x0, 0x0,

    /* U+5E2E "帮" */
    0x0, 0x0, 0xa, 0xe2, 0x0, 0x0, 0x11, 0x11,
    0x21, 0x0, 0x57, 0x77, 0xff, 0xa7, 0x74, 0x6f,
    0xff, 0xff, 0xf7, 0xc, 0xff, 0xff, 0xff, 0xff,
    0xb6, 0xfa, 0x78, 0xff, 0x30, 0x0, 0x0, 0xcf,
    0x40, 0x0, 0x6f, 0x50, 0x6f, 0x80, 0x2, 0x88,
    0x8f, 0xfb, 0x88, 0x16, 0xf5, 0x1e, 0xc0, 0x0,
    0x5f, 0xff, 0xff, 0xff, 0xf3, 0x6f, 0x53, 0xde,
    0x30, 0x0, 0x0, 0xb, 0xf2, 0x0, 0x6, 0xf5,
    0x1, 0xcf, 0x21, 0xdd, 0xdd, 0xff, 0xed, 0xda,
    0x6f, 0x50, 0x5, 0xf9, 0x8, 0x88, 0xff, 0xf8,
    0x88, 0x66, 0xf7, 0x88, 0xdf, 0x70, 0x0, 0x6f,
    0xf4, 0x0, 0x0, 0x6f, 0x5e, 0xff, 0xa1, 0x4,
    0xcf, 0xf6, 0x0, 0xa, 0xa5, 0xe4, 0x0, 0x0,
    0x0, 0x1e, 0xd5, 0x11, 0x11, 0xff, 0x11, 0x11,
    0x21, 0x0, 0x0, 0x2f, 0xff, 0xff, 0xff, 0xff,
    0xff, 0xff, 0xf4, 0x0, 0x1, 0xff, 0xaa, 0xaa,
    0xff, 0xaa, 0xaa, 0xff, 0x40, 0x0, 0x1f, 0xd0,
    0x0, 0xf, 0xf0, 0x0, 0xa, 0xf4, 0x0, 0x1,
    0xfd, 0x0, 0x0, 0xff, 0x0, 0x0, 0xaf, 0x40,
    0x0, 0x1f, 0xd0, 0x0, 0xf, 0xf0, 0x5f, 0xff,
    0xf2, 0x0, 0x0, 0x97, 0x0, 0x0, 0xff, 0x0,
    0x99, 0x83, 0x0, 0x0, 0x0, 0x0, 0x0, 0xf,
    0xf0, 0x0, 0x0, 0x0, 0x0,

    /* U+5E55 "幕" */
    0x0, 0x0, 0x3, 0xb6, 0x0, 0x0, 0x8b, 0x0,
    0x0, 0x0, 0x6, 0x99, 0x9d, 0xff, 0x99, 0x99,
    0xff, 0xa9, 0x99, 0x50, 0xa, 0xff, 0xff, 0xff,
    0xff, 0xff, 0xff, 0xff, 0xff, 0x90, 0x0, 0x0,
    0x3, 0xc7, 0x0, 0x0, 0x9c, 0x0, 0x0, 0x0,
    0x0, 0xb, 0xee, 0xee, 0xee, 0xee, 0xee, 0xee,
    0xd0, 0x0, 0x0, 0xc, 0xf2, 0x22, 0x22, 0x22,
    0x22, 0x2f, 0xe0, 0x0, 0x0, 0xc, 0xff, 0xff,
    0xff, 0xff, 0xff, 0xff, 0xe0, 0x0, 0x0, 0xc,
    0xf3, 0x33, 0x33, 0x33, 0x33, 0x3f, 0xe0, 0x0,
    0x0, 0xc, 0xf6, 0x55, 0x55, 0x55, 0x55, 0x5f,
    0xe0, 0x0, 0x0, 0xa, 0xdd, 0xff, 0xfd, 0xdd,
    0xdd, 0xdd, 0xc0, 0x0, 0x7, 0x88, 0x88, 0xff,
    0xe8, 0x88, 0x88, 0x88, 0x88, 0x70, 0xf, 0xff,
    0xff, 0xff, 0xff, 0xff, 0xff, 0xff, 0xff, 0xf0,
    0x0, 0x0, 0x9f, 0xc0, 0xf, 0xd0, 0xa, 0xf9,
    0x0, 0x0, 0x0, 0x4d, 0xff, 0x98, 0x8f, 0xf8,
    0x89, 0xff, 0xe6, 0x0, 0x2d, 0xfe, 0xff, 0xff,
    0xff, 0xff, 0xff, 0xff, 0xff, 0xf2, 0x8, 0x70,
    0xdf, 0x0, 0xf, 0xd0, 0x0, 0xef, 0x15, 0x50,
    0x0, 0x0, 0xdf, 0x0, 0xf, 0xd0, 0x56, 0xff,
    0x0, 0x0, 0x0, 0x0, 0xdf, 0x0, 0xf, 0xd0,
    0x7e, 0xe9, 0x0, 0x0, 0x0, 0x0, 0x0, 0x0,
    0xf, 0xd0, 0x0, 0x0, 0x0, 0x0,

    /* U+5E8F "序" */
    0x0, 0x0, 0x0, 0x0, 0x4, 0xc8, 0x0, 0x0,
    0x0, 0x0, 0x0, 0x0, 0x0, 0x0, 0x1f, 0xf1,
    0x0, 0x0, 0x0, 0x0, 0x8f, 0xcb, 0xbb, 0xbb,
    0xff, 0xfb, 0xbb, 0xbb, 0xb0, 0xc, 0xff, 0xff,
    0xff, 0xff, 0xff, 0xff, 0xff, 0xff, 0x0, 0xcf,
    0x20, 0x0, 0x0, 0x0, 0x0, 0x0, 0x0, 0x0,
    0xc, 0xf1, 0x29, 0x99, 0x99, 0x99, 0x99, 0xf5,
    0x0, 0x0, 0xcf, 0x13, 0xff, 0xff, 0xff, 0xff,
    0xff, 0xd1, 0x0, 0xc, 0xf1, 0x0, 0x3, 0x10,
    0x0, 0xaf, 0xc1, 0x0, 0x0, 0xcf, 0x0, 0x3,
    0xff, 0x96, 0xdf, 0x80, 0x0, 0x0, 0xd, 0xf0,
    0x0, 0x1, 0x8f, 0xff, 0x60, 0x0, 0x0, 0x0,
    0xdf, 0xb, 0xbb, 0xbb, 0xcf, 0xff, 0xbb, 0xbf,
    0x60, 0xe, 0xe0, 0xee, 0xee, 0xef, 0xff, 0xfe,
    0xef, 0xf7, 0x0, 0xfc, 0x0, 0x0, 0x0, 0x2f,
    0xb0, 0x2, 0xfd, 0x0, 0x2f, 0xb0, 0x0, 0x0,
    0x2, 0xfb, 0x0, 0xcf, 0x30, 0x5, 0xf7, 0x0,
    0x0, 0x0, 0x2f, 0xb0, 0x2c, 0x70, 0x0, 0x9f,
    0x40, 0x0, 0x0, 0x2, 0xfb, 0x0, 0x0, 0x0,
    0xd, 0xf1, 0x0, 0x0, 0x0, 0x2f, 0xb0, 0x0,
    0x0, 0x5, 0xfb, 0x0, 0x0, 0x9b, 0xbc, 0xfa,
    0x0, 0x0, 0x0, 0x1a, 0x40, 0x0, 0x7, 0xff,
    0xfc, 0x30, 0x0, 0x0, 0x0, 0x0, 0x0, 0x0,
    0x0, 0x0, 0x0, 0x0, 0x0, 0x0,

    /* U+5E94 "应" */
    0x0, 0x0, 0x0, 0x0, 0x0, 0x20, 0x0, 0x0,
    0x0, 0x0, 0x0, 0x0, 0x0, 0x0, 0xb, 0xf5,
    0x0, 0x0, 0x0, 0x0, 0x0, 0x0, 0x0, 0x0,
    0x5, 0xfc, 0x0, 0x0, 0x0, 0x0, 0x0, 0x8f,
    0xba, 0xaa, 0xaa, 0xff, 0xba, 0xaa, 0xaa, 0x80,
    0x0, 0xdf, 0xff, 0xff, 0xff, 0xff, 0xff, 0xff,
    0xff, 0xc0, 0x0, 0xdf, 0x32, 0x22, 0x22, 0x22,
    0x22, 0x22, 0x22, 0x10, 0x0, 0xdf, 0x10, 0x0,
    0x2, 0x80, 0x0, 0x0, 0x93, 0x0, 0x0, 0xdf,
    0x12, 0x60, 0x9, 0xf4, 0x0, 0x5, 0xfd, 0x0,
    0x0, 0xdf, 0x1c, 0xf2, 0x4, 0xf9, 0x0, 0x9,
    0xf8, 0x0, 0x0, 0xdf, 0x6, 0xf8, 0x0, 0xfd,
    0x0, 0xd, 0xf2, 0x0, 0x0, 0xef, 0x1, 0xfd,
    0x0, 0xcf, 0x10, 0x3f, 0xd0, 0x0, 0x0, 0xef,
    0x0, 0xbf, 0x30, 0x9f, 0x50, 0x9f, 0x60, 0x0,
    0x0, 0xfe, 0x0, 0x7f, 0x80, 0x5f, 0x90, 0xef,
    0x0, 0x0, 0x1, 0xfd, 0x0, 0x2f, 0xc0, 0x2a,
    0x45, 0xf8, 0x0, 0x0, 0x3, 0xfb, 0x0, 0xd,
    0x80, 0x0, 0xc, 0xf1, 0x0, 0x0, 0x6, 0xf8,
    0x0, 0x0, 0x0, 0x0, 0x4f, 0x90, 0x0, 0x0,
    0xa, 0xf5, 0x0, 0x0, 0x0, 0x0, 0xde, 0x10,
    0x0, 0x0, 0xf, 0xf1, 0xef, 0xff, 0xff, 0xff,
    0xff, 0xff, 0xff, 0xf0, 0x5f, 0xb0, 0xbd, 0xdd,
    0xdd, 0xdd, 0xfd, 0xdd, 0xdd, 0xd0, 0x5, 0x40,
    0x0, 0x0, 0x0, 0x0, 0x0, 0x0, 0x0, 0x0,

    /* U+5E95 "底" */
    0x0, 0x0, 0x0, 0x0, 0x0, 0x0, 0x0, 0x0,
    0x0, 0x0, 0x0, 0x0, 0x0, 0x0, 0x3, 0xc7,
    0x0, 0x0, 0x0, 0x0, 0x0, 0x0, 0x0, 0x0,
    0x1, 0xfe, 0x0, 0x0, 0x0, 0x0, 0x0, 0xbf,
    0xff, 0xff, 0xff, 0xff, 0xff, 0xff, 0xff, 0xf0,
    0x0, 0xcf, 0xdc, 0xcc, 0xcc, 0xcc, 0xcc, 0xcc,
    0xcc, 0xc0, 0x0, 0xcf, 0x10, 0x0, 0x0, 0x0,
    0x0, 0x13, 0x40, 0x0, 0x0, 0xcf, 0x10, 0xa8,
    0x89, 0xac, 0xff, 0xff, 0xf7, 0x0, 0x0, 0xcf,
    0x10, 0xff, 0xff, 0xef, 0xff, 0x96, 0x41, 0x0,
    0x0, 0xcf, 0x10, 0xff, 0x0, 0x2, 0xfa, 0x0,
    0x0, 0x0, 0x0, 0xcf, 0x10, 0xed, 0x0, 0x1,
    0xfb, 0x0, 0x0, 0x0, 0x0, 0xdf, 0x0, 0xee,
    0x0, 0x0, 0xfe, 0x0, 0x0, 0x0, 0x0, 0xdf,
    0x0, 0xef, 0xff, 0xff, 0xff, 0xff, 0xff, 0x90,
    0x0, 0xee, 0x0, 0xef, 0x99, 0x99, 0xff, 0xc9,
    0x99, 0x50, 0x0, 0xfd, 0x0, 0xed, 0x0, 0x0,
    0x7f, 0x60, 0x0, 0x0, 0x2, 0xfb, 0x0, 0xed,
    0x0, 0x35, 0x3f, 0xa0, 0x0, 0x0, 0x5, 0xf8,
    0x0, 0xed, 0x0, 0xbe, 0xe, 0xf0, 0x2, 0x30,
    0x8, 0xf5, 0x0, 0xed, 0x2, 0x7f, 0x59, 0xf7,
    0x3, 0xf1, 0xd, 0xf1, 0x0, 0xff, 0xdf, 0x8e,
    0xc2, 0xff, 0x26, 0xf0, 0x4f, 0xb0, 0xc, 0xff,
    0xe9, 0x28, 0xf2, 0x7f, 0xff, 0xb0, 0x2d, 0x50,
    0x8, 0xf4, 0x0, 0x3, 0x91, 0x7, 0xee, 0x30,
    0x0, 0x0, 0x0, 0x0, 0x0, 0x0, 0x0, 0x0,
    0x0, 0x0,

    /* U+5EA6 "度" */
    0x0, 0x0, 0x0, 0x0, 0x9, 0xe4, 0x0, 0x0,
    0x0, 0x0, 0x0, 0x0, 0x0, 0x0, 0x8, 0xfc,
    0x0, 0x0, 0x0, 0x0, 0x0, 0xcf, 0xff, 0xff,
    0xff, 0xff, 0xff, 0xff, 0xff, 0xd0, 0x0, 0xcf,
    0xdc, 0xcc, 0xcc, 0xcc, 0xcc, 0xcc, 0xcc, 0x90,
    0x0, 0xcf, 0x10, 0x6, 0x90, 0x0, 0x1, 0x96,
    0x0, 0x0, 0x0, 0xcf, 0x10, 0xc, 0xf2, 0x0,
    0x2, 0xfc, 0x0, 0x0, 0x0, 0xcf, 0xcf, 0xff,
    0xff, 0xff, 0xff, 0xff, 0xff, 0xd0, 0x0, 0xcf,
    0x67, 0x7f, 0xf9, 0x77, 0x79, 0xff, 0x77, 0x60,
    0x0, 0xdf, 0x0, 0xb, 0xf1, 0x0, 0x2, 0xfb,
    0x0, 0x0, 0x0, 0xdf, 0x0, 0xb, 0xfd, 0xdd,
    0xdd, 0xfb, 0x0, 0x0, 0x0, 0xef, 0x0, 0x5,
    0x88, 0x88, 0x88, 0x86, 0x0, 0x0, 0x0, 0xfd,
    0x7, 0x77, 0x77, 0x77, 0x77, 0x79, 0x80, 0x0,
    0x1, 0xfc, 0x1f, 0xff, 0xff, 0xff, 0xff, 0xff,
    0xf4, 0x0, 0x4, 0xfa, 0x0, 0x5f, 0xc1, 0x0,
    0x1, 0xcf, 0x90, 0x0, 0x7, 0xf6, 0x0, 0x8,
    0xfe, 0x40, 0x5e, 0xf9, 0x0, 0x0, 0xb, 0xf3,
    0x0, 0x0, 0x5f, 0xff, 0xff, 0x50, 0x0, 0x0,
    0x1f, 0xf0, 0x36, 0x8a, 0xdf, 0xff, 0xff, 0xc9,
    0x64, 0x20, 0x5f, 0x90, 0xef, 0xfe, 0xc8, 0x30,
    0x5a, 0xef, 0xff, 0xc0, 0x3, 0x20, 0x44, 0x10,
    0x0, 0x0, 0x0, 0x2, 0x57, 0x30,

    /* U+5EB7 "康" */
    0x0, 0x0, 0x0, 0x0, 0x0, 0x0, 0x0, 0x0,
    0x0, 0x0, 0x0, 0x0, 0x0, 0x0, 0x8, 0xe5,
    0x0, 0x0, 0x0, 0x0, 0x0, 0x26, 0x33, 0x33,
    0x37, 0xff, 0x43, 0x33, 0x33, 0x30, 0x0, 0xbf,
    0xff, 0xff, 0xff, 0xff, 0xff, 0xff, 0xff, 0xe0,
    0x0, 0xbf, 0x87, 0x77, 0x77, 0xff, 0x87, 0x77,
    0x77, 0x60, 0x0, 0xbf, 0x12, 0x33, 0x33, 0xff,
    0x43, 0x33, 0x31, 0x0, 0x0, 0xbf, 0x1b, 0xff,
    0xff, 0xff, 0xff, 0xff, 0xf5, 0x0, 0x0, 0xbf,
    0x11, 0x22, 0x22, 0xff, 0x32, 0x28, 0xf5, 0x0,
    0x0, 0xbf, 0x57, 0x77, 0x77, 0xff, 0x87, 0x7e,
    0xff, 0x92, 0x0, 0xbf, 0x9e, 0xee, 0xee, 0xff,
    0xfe, 0xef, 0xff, 0xf4, 0x0, 0xcf, 0x0, 0x0,
    0x0, 0xdf, 0x10, 0x7, 0xf6, 0x0, 0x0, 0xcf,
    0xe, 0xff, 0xff, 0xff, 0xff, 0xff, 0xf5, 0x0,
    0x0, 0xde, 0xa, 0x75, 0x55, 0xff, 0x75, 0x55,
    0x82, 0x0, 0x0, 0xfd, 0x1e, 0xf7, 0x0, 0xef,
    0xb0, 0x7, 0xfc, 0x0, 0x1, 0xfb, 0x1, 0xbf,
    0x62, 0xff, 0xfb, 0xcf, 0xc2, 0x0, 0x4, 0xf8,
    0x0, 0xb, 0xbf, 0xff, 0xbf, 0xf7, 0x0, 0x0,
    0x8, 0xf4, 0x17, 0xef, 0xe7, 0xef, 0x19, 0xfe,
    0x60, 0x0, 0xd, 0xf2, 0xff, 0xd6, 0x0, 0xdf,
    0x10, 0x6f, 0xfe, 0xa1, 0x3f, 0xb0, 0x85, 0x7,
    0x88, 0xff, 0x0, 0x1, 0x8e, 0x90, 0x8, 0x40,
    0x0, 0x9, 0xff, 0xe7, 0x0, 0x0, 0x0, 0x0,
    0x0, 0x0, 0x0, 0x0, 0x0, 0x0, 0x0, 0x0,
    0x0, 0x0,

    /* U+5F00 "开" */
    0xc, 0xcc, 0xcc, 0xcc, 0xcc, 0xcc, 0xcc, 0xcc,
    0xc8, 0x1, 0xff, 0xff, 0xff, 0xff, 0xff, 0xff,
    0xff, 0xff, 0xa0, 0x0, 0x0, 0x1f, 0xd0, 0x0,
    0x0, 0xff, 0x0, 0x0, 0x0, 0x0, 0x1, 0xfd,
    0x0, 0x0, 0xf, 0xf0, 0x0, 0x0, 0x0, 0x0,
    0x1f, 0xd0, 0x0, 0x0, 0xff, 0x0, 0x0, 0x0,
    0x0, 0x1, 0xfd, 0x0, 0x0, 0xf, 0xf0, 0x0,
    0x0, 0x0, 0x0, 0x1f, 0xd0, 0x0, 0x0, 0xff,
    0x0, 0x0, 0x8, 0xbb, 0xbd, 0xff, 0xbb, 0xbb,
    0xbf, 0xfb, 0xbb, 0xb3, 0xcf, 0xff, 0xff, 0xff,
    0xff, 0xff, 0xff, 0xff, 0xff, 0x41, 0x11, 0x16,
    0xfc, 0x11, 0x11, 0x1f, 0xf1, 0x11, 0x10, 0x0,
    0x0, 0x7f, 0x80, 0x0, 0x0, 0xff, 0x0, 0x0,
    0x0, 0x0, 0xb, 0xf5, 0x0, 0x0, 0xf, 0xf0,
    0x0, 0x0, 0x0, 0x2, 0xff, 0x10, 0x0, 0x0,
    0xff, 0x0, 0x0, 0x0, 0x0, 0xaf, 0xb0, 0x0,
    0x0, 0xf, 0xf0, 0x0, 0x0, 0x0, 0x6f, 0xf3,
    0x0, 0x0, 0x0, 0xff, 0x0, 0x0, 0x0, 0x6f,
    0xf8, 0x0, 0x0, 0x0, 0xf, 0xf0, 0x0, 0x0,
    0x7f, 0xfa, 0x0, 0x0, 0x0, 0x0, 0xff, 0x0,
    0x0, 0x0, 0xb7, 0x0, 0x0, 0x0, 0x0, 0xf,
    0xf0, 0x0, 0x0, 0x0, 0x0, 0x0, 0x0, 0x0,
    0x0, 0x0, 0x0, 0x0, 0x0,

    /* U+5F39 "弹" */
    0x0, 0x0, 0x0, 0x0, 0x57, 0x0, 0x0, 0x3b,
    0x60, 0xd, 0xff, 0xff, 0xd0, 0xa, 0xf4, 0x0,
    0xb, 0xf8, 0x0, 0x9b, 0xbb, 0xfe, 0x0, 0x1f,
    0xd0, 0x4, 0xfe, 0x0, 0x0, 0x0, 0xe, 0xe0,
    0x0, 0x7b, 0x10, 0xdf, 0x40, 0x0, 0x0, 0x0,
    0xee, 0x7, 0xaa, 0xaa, 0xef, 0xfa, 0xa7, 0x6,
    0xf9, 0x9f, 0xe0, 0xcf, 0xee, 0xff, 0xfe, 0xef,
    0xb0, 0xbf, 0xff, 0xfe, 0xc, 0xe0, 0xd, 0xf1,
    0x1, 0xfb, 0x9, 0xf2, 0x22, 0x20, 0xcf, 0x77,
    0xff, 0x87, 0x8f, 0xb0, 0xaf, 0x0, 0x0, 0xc,
    0xff, 0xff, 0xff, 0xff, 0xfb, 0xa, 0xf0, 0x0,
    0x0, 0xce, 0x0, 0xdf, 0x10, 0x1f, 0xb0, 0xef,
    0xff, 0xfd, 0xc, 0xf8, 0x8f, 0xf9, 0x88, 0xfb,
    0xa, 0xf9, 0x9f, 0xd0, 0xcf, 0xff, 0xff, 0xff,
    0xff, 0xb0, 0x0, 0x0, 0xfc, 0x0, 0x0, 0xd,
    0xf1, 0x0, 0x0, 0x0, 0x0, 0xf, 0xca, 0xaa,
    0xaa, 0xff, 0xba, 0xaa, 0xa1, 0x0, 0x2, 0xfb,
    0xff, 0xff, 0xff, 0xff, 0xff, 0xff, 0x20, 0x0,
    0x3f, 0x80, 0x0, 0x0, 0xef, 0x20, 0x0, 0x0,
    0x0, 0x7, 0xf6, 0x0, 0x0, 0xd, 0xf1, 0x0,
    0x0, 0x5, 0xcc, 0xff, 0x20, 0x0, 0x0, 0xdf,
    0x10, 0x0, 0x0, 0x1f, 0xff, 0x80, 0x0, 0x0,
    0xd, 0xf1, 0x0, 0x0, 0x0, 0x0, 0x0, 0x0,
    0x0, 0x0, 0x12, 0x0, 0x0, 0x0,

    /* U+5F3A "强" */
    0xd, 0xff, 0xff, 0xf3, 0x3f, 0xff, 0xff, 0xff,
    0xfa, 0x0, 0xa, 0xbb, 0xbd, 0xf4, 0x3f, 0xc9,
    0x99, 0x9a, 0xfb, 0x0, 0x0, 0x0, 0x8, 0xf4,
    0x3f, 0x80, 0x0, 0x1, 0xfb, 0x0, 0x0, 0x0,
    0x8, 0xf4, 0x3f, 0x93, 0x33, 0x34, 0xfb, 0x0,
    0x4, 0xd6, 0x6b, 0xf4, 0x3f, 0xff, 0xff, 0xff,
    0xfb, 0x0, 0xc, 0xff, 0xff, 0xf4, 0x16, 0x66,
    0xff, 0x66, 0x64, 0x0, 0xa, 0xf5, 0x55, 0x51,
    0x0, 0x0, 0xdf, 0x10, 0x0, 0x0, 0xb, 0xc0,
    0x0, 0x0, 0xaf, 0xff, 0xff, 0xff, 0xff, 0x0,
    0xd, 0xa0, 0x0, 0x0, 0xaf, 0x88, 0xff, 0x88,
    0xbf, 0x0, 0xf, 0xfc, 0xcf, 0xc2, 0xaf, 0x0,
    0xcf, 0x0, 0x7f, 0x0, 0x1f, 0xfe, 0xef, 0xf2,
    0xaf, 0x0, 0xcf, 0x0, 0x7f, 0x0, 0x0, 0x0,
    0xb, 0xf1, 0xaf, 0xff, 0xff, 0xff, 0xff, 0x0,
    0x0, 0x0, 0xc, 0xf0, 0x58, 0x88, 0xff, 0x98,
    0xa9, 0x0, 0x0, 0x0, 0xe, 0xe0, 0x0, 0x0,
    0xcf, 0x3, 0xf7, 0x0, 0x0, 0x0, 0xf, 0xd0,
    0x0, 0x0, 0xcf, 0x1, 0xff, 0x0, 0x0, 0x0,
    0x3f, 0xa5, 0xab, 0xcd, 0xff, 0xff, 0xff, 0x70,
    0x1, 0xca, 0xef, 0x66, 0xff, 0xff, 0xff, 0xff,
    0xff, 0xd0, 0x0, 0xcf, 0xfa, 0x3, 0x98, 0x75,
    0x43, 0x21, 0x8, 0xe1, 0x0, 0x0, 0x0, 0x0,
    0x0, 0x0, 0x0, 0x0, 0x1, 0x0,

    /* U+5F62 "形" */
    0x0, 0x0, 0x0, 0x0, 0x0, 0x0, 0x0, 0x0,
    0x34, 0x0, 0xa, 0xbd, 0xeb, 0xbb, 0xed, 0xb6,
    0x0, 0x3, 0xef, 0x40, 0xe, 0xff, 0xff, 0xff,
    0xff, 0xf9, 0x0, 0x5f, 0xf6, 0x0, 0x1, 0x1d,
    0xf1, 0x12, 0xfe, 0x10, 0x8, 0xff, 0x50, 0x0,
    0x0, 0xc, 0xf0, 0x1, 0xfc, 0x2, 0xef, 0xe3,
    0x0, 0x0, 0x0, 0xc, 0xf0, 0x1, 0xfc, 0x0,
    0x99, 0x0, 0x0, 0x0, 0x0, 0xc, 0xf0, 0x1,
    0xfc, 0x0, 0x0, 0x0, 0x2d, 0x70, 0x0, 0xd,
    0xf1, 0x2, 0xfd, 0x0, 0x0, 0x2, 0xef, 0x50,
    0x4f, 0xff, 0xff, 0xff, 0xff, 0xfd, 0x0, 0x4e,
    0xf6, 0x0, 0x2b, 0xbf, 0xfb, 0xbc, 0xff, 0xb9,
    0x8, 0xff, 0x50, 0x0, 0x0, 0xd, 0xe0, 0x1,
    0xfc, 0x0, 0xdf, 0xe3, 0x0, 0x0, 0x0, 0xe,
    0xd0, 0x1, 0xfc, 0x0, 0x49, 0x0, 0x3, 0x40,
    0x0, 0xf, 0xc0, 0x1, 0xfc, 0x0, 0x0, 0x0,
    0x1e, 0xf4, 0x0, 0x3f, 0xa0, 0x1, 0xfc, 0x0,
    0x0, 0x0, 0xcf, 0x90, 0x0, 0x8f, 0x60, 0x1,
    0xfc, 0x0, 0x0, 0x1c, 0xfc, 0x0, 0x0, 0xef,
    0x10, 0x1, 0xfc, 0x0, 0x2, 0xef, 0xc0, 0x0,
    0x7, 0xfb, 0x0, 0x1, 0xfc, 0x0, 0x8f, 0xfa,
    0x0, 0x0, 0x2f, 0xf3, 0x0, 0x1, 0xfc, 0x1e,
    0xff, 0x70, 0x0, 0x0, 0x9, 0x70, 0x0, 0x1,
    0xfc, 0x5, 0xb2, 0x0, 0x0, 0x0, 0x0, 0x0,
    0x0, 0x0, 0x0, 0x0, 0x0, 0x0, 0x0, 0x0,

    /* U+5F84 "径" */
    0x0, 0x0, 0x48, 0x20, 0x0, 0x0, 0x0, 0x0,
    0x0, 0x0, 0x0, 0x3, 0xff, 0x44, 0xcc, 0xcc,
    0xcc, 0xcd, 0xf5, 0x0, 0x0, 0x3f, 0xf6, 0x5,
    0xff, 0xff, 0xff, 0xff, 0xf9, 0x0, 0x6, 0xff,
    0x60, 0x0, 0x0, 0x0, 0x0, 0x8f, 0xd0, 0x0,
    0x3f, 0xf5, 0x3, 0x0, 0x0, 0x0, 0x9, 0xfd,
    0x10, 0x0, 0x7, 0x20, 0x5f, 0xb0, 0x0, 0x2,
    0xdf, 0xe1, 0x0, 0x0, 0x0, 0x2, 0xff, 0x20,
    0x1, 0x9f, 0xff, 0xfa, 0x20, 0x0, 0x0, 0x2e,
    0xf8, 0x3, 0x9f, 0xfd, 0x44, 0xcf, 0xfa, 0x20,
    0x2, 0xef, 0xf2, 0x9f, 0xfe, 0x70, 0x0, 0x4,
    0xcf, 0xe0, 0x4f, 0xff, 0xf2, 0x1b, 0x50, 0x0,
    0x0, 0x0, 0x5, 0x40, 0x4f, 0x9c, 0xf2, 0x3,
    0xcc, 0xcc, 0xcc, 0xcc, 0xcb, 0x0, 0x6, 0xc,
    0xf2, 0x4, 0xff, 0xff, 0xff, 0xff, 0xff, 0x0,
    0x0, 0xc, 0xf2, 0x0, 0x0, 0x1, 0xfd, 0x0,
    0x0, 0x0, 0x0, 0xc, 0xf2, 0x0, 0x0, 0x1,
    0xfd, 0x0, 0x0, 0x0, 0x0, 0xc, 0xf2, 0x0,
    0x0, 0x1, 0xfd, 0x0, 0x0, 0x0, 0x0, 0xc,
    0xf2, 0x0, 0x0, 0x1, 0xfd, 0x0, 0x0, 0x0,
    0x0, 0xc, 0xf2, 0x49, 0x99, 0x9a, 0xff, 0x99,
    0x99, 0x91, 0x0, 0xc, 0xf2, 0x7f, 0xff, 0xff,
    0xff, 0xff, 0xff, 0xf2, 0x0, 0xc, 0xf2, 0x7f,
    0xff, 0xff, 0xff, 0xff, 0xff, 0xf2,

    /* U+5FAA "循" */
    0x0, 0x2, 0xc5, 0x0, 0x0, 0x0, 0x1, 0x36,
    0x80, 0x0, 0x0, 0xb, 0xf5, 0x19, 0x98, 0xac,
    0xef, 0xff, 0xf8, 0x0, 0x0, 0x8f, 0xa0, 0x3f,
    0xff, 0xec, 0xbf, 0xe3, 0x0, 0x0, 0x6, 0xfd,
    0x0, 0x3f, 0xa0, 0x0, 0x1f, 0xc0, 0x0, 0x0,
    0x1f, 0xe2, 0x21, 0x3f, 0x90, 0x0, 0x3f, 0xb0,
    0x0, 0x0, 0x7, 0x20, 0xdf, 0x4f, 0xff, 0xff,
    0xff, 0xff, 0xff, 0xf2, 0x0, 0x9, 0xf7, 0x3f,
    0xf8, 0x88, 0xcf, 0xf8, 0x88, 0x81, 0x0, 0x6f,
    0xf0, 0x3f, 0x90, 0x0, 0x5f, 0x70, 0x0, 0x0,
    0x5, 0xff, 0xe0, 0x3f, 0x87, 0xbb, 0xff, 0xfb,
    0xba, 0x0, 0x4f, 0xff, 0xc0, 0x3f, 0x8a, 0xfd,
    0xcc, 0xcc, 0xfe, 0x0, 0xd, 0x4f, 0xc0, 0x3f,
    0x8a, 0xf1, 0x0, 0x0, 0xde, 0x0, 0x1, 0xf,
    0xc0, 0x4f, 0x7a, 0xff, 0xff, 0xff, 0xfe, 0x0,
    0x0, 0xf, 0xc0, 0x5f, 0x6a, 0xf6, 0x55, 0x55,
    0xfe, 0x0, 0x0, 0xf, 0xc0, 0x6f, 0x5a, 0xf6,
    0x55, 0x55, 0xfe, 0x0, 0x0, 0xf, 0xc0, 0x8f,
    0x4a, 0xff, 0xff, 0xff, 0xfe, 0x0, 0x0, 0xf,
    0xc0, 0xaf, 0x1a, 0xf1, 0x0, 0x0, 0xde, 0x0,
    0x0, 0xf, 0xc0, 0xdf, 0xa, 0xf9, 0x88, 0x88,
    0xfe, 0x0, 0x0, 0xf, 0xc1, 0xfb, 0xa, 0xff,
    0xff, 0xff, 0xfe, 0x0, 0x0, 0xf, 0xc1, 0xa6,
    0xa, 0xf1, 0x0, 0x0, 0xde, 0x0, 0x0, 0x0,
    0x0, 0x0, 0x0, 0x0, 0x0, 0x0, 0x0, 0x0,

    /* U+5FC3 "心" */
    0x0, 0x0, 0x0, 0x3, 0x50, 0x0, 0x0, 0x0,
    0x0, 0x0, 0x0, 0x0, 0x0, 0xe, 0xf9, 0x0,
    0x0, 0x0, 0x0, 0x0, 0x0, 0x0, 0x0, 0x3,
    0xdf, 0xd2, 0x0, 0x0, 0x0, 0x0, 0x0, 0x0,
    0x0, 0x0, 0xb, 0xff, 0x40, 0x0, 0x0, 0x0,
    0x0, 0x0, 0x0, 0x0, 0x0, 0x8f, 0xf4, 0x0,
    0x0, 0x0, 0x0, 0x0, 0x0, 0x87, 0x0, 0x7,
    0xb0, 0x0, 0x0, 0x0, 0x0, 0x0, 0x1, 0xfe,
    0x0, 0x0, 0x0, 0x3, 0x90, 0x0, 0x0, 0x9f,
    0x41, 0xfe, 0x0, 0x0, 0x0, 0xb, 0xf5, 0x0,
    0x0, 0xbf, 0x21, 0xfe, 0x0, 0x0, 0x0, 0x5,
    0xfc, 0x0, 0x0, 0xef, 0x1, 0xfe, 0x0, 0x0,
    0x0, 0x0, 0xef, 0x20, 0x1, 0xfd, 0x1, 0xfe,
    0x0, 0x0, 0x0, 0x0, 0x9f, 0x70, 0x4, 0xfa,
    0x1, 0xfe, 0x0, 0x0, 0x0, 0x0, 0x4f, 0xd0,
    0x8, 0xf7, 0x1, 0xfe, 0x0, 0x0, 0x0, 0x71,
    0xe, 0xf1, 0xd, 0xf3, 0x1, 0xfe, 0x0, 0x0,
    0x0, 0xfc, 0xa, 0xf4, 0xc, 0xf0, 0x1, 0xfe,
    0x0, 0x0, 0x2, 0xfa, 0x3, 0x20, 0x0, 0x10,
    0x0, 0xfe, 0x0, 0x0, 0x6, 0xf8, 0x0, 0x0,
    0x0, 0x0, 0x0, 0xef, 0xdc, 0xcc, 0xcf, 0xf3,
    0x0, 0x0, 0x0, 0x0, 0x0, 0x4d, 0xff, 0xff,
    0xfe, 0x70, 0x0, 0x0,

    /* U+5FC5 "必" */
    0x0, 0x0, 0x0, 0x2, 0x0, 0x0, 0x0, 0x0,
    0x0, 0x0, 0x0, 0x0, 0x0, 0x6f, 0x80, 0x0,
    0x0, 0x0, 0x0, 0x0, 0x0, 0x0, 0x0, 0x4e,
    0xfd, 0x20, 0x0, 0xc, 0xd3, 0x0, 0x0, 0x0,
    0x0, 0x1, 0xbf, 0xf6, 0x0, 0x5f, 0xe0, 0x0,
    0x0, 0x0, 0x0, 0x0, 0x7, 0xfe, 0x10, 0xdf,
    0x60, 0x0, 0x0, 0x0, 0x0, 0xaa, 0x0, 0x54,
    0x9, 0xfc, 0x0, 0x0, 0x0, 0x26, 0x20, 0xff,
    0x0, 0x0, 0x4f, 0xf2, 0x0, 0x0, 0x0, 0x7f,
    0x60, 0xff, 0x0, 0x1, 0xef, 0x64, 0x40, 0x0,
    0x0, 0xbf, 0x30, 0xff, 0x0, 0xc, 0xf9, 0x3f,
    0xe1, 0x0, 0x0, 0xff, 0x0, 0xff, 0x0, 0xbf,
    0xc0, 0xa, 0xf9, 0x0, 0x4, 0xfa, 0x0, 0xff,
    0xb, 0xfd, 0x10, 0x1, 0xff, 0x20, 0xa, 0xf5,
    0x0, 0xff, 0xbf, 0xd1, 0x0, 0x0, 0x9f, 0x90,
    0x2f, 0xf0, 0x0, 0xff, 0xfd, 0x10, 0x0, 0x0,
    0x1f, 0xf1, 0x6, 0x60, 0x4, 0xff, 0xb1, 0x0,
    0x0, 0x40, 0xb, 0xf4, 0x0, 0x1, 0x9f, 0xff,
    0x0, 0x0, 0x0, 0xde, 0x2, 0x10, 0x0, 0x6e,
    0xfe, 0xff, 0x0, 0x0, 0x0, 0xfe, 0x0, 0x0,
    0x2d, 0xff, 0xa1, 0xff, 0x10, 0x0, 0x4, 0xfc,
    0x0, 0x0, 0xa, 0xb3, 0x0, 0xdf, 0xfe, 0xee,
    0xef, 0xf7, 0x0, 0x0, 0x0, 0x0, 0x0, 0x3c,
    0xff, 0xff, 0xff, 0xa0, 0x0, 0x0,

    /* U+6001 "态" */
    0x0, 0x0, 0x0, 0x0, 0xd, 0xd0, 0x0, 0x0,
    0x0, 0x0, 0x0, 0x0, 0x0, 0x0, 0x1f, 0xe0,
    0x0, 0x0, 0x0, 0x0, 0x0, 0x0, 0x0, 0x0,
    0x3f, 0xc0, 0x0, 0x0, 0x0, 0x0, 0xf, 0xff,
    0xff, 0xff, 0xff, 0xff, 0xff, 0xff, 0xff, 0xf0,
    0xa, 0xbb, 0xbb, 0xbb, 0xff, 0xff, 0xcb, 0xbb,
    0xbb, 0xb0, 0x0, 0x0, 0x0, 0x1, 0xff, 0x8f,
    0x80, 0x0, 0x0, 0x0, 0x0, 0x0, 0x0, 0xa,
    0xf8, 0x1e, 0xf4, 0x0, 0x0, 0x0, 0x0, 0x0,
    0x0, 0x7f, 0xe1, 0x5, 0xff, 0x30, 0x0, 0x0,
    0x0, 0x0, 0x9, 0xff, 0x88, 0x0, 0x9f, 0xf7,
    0x0, 0x0, 0x0, 0x6, 0xef, 0xe6, 0xdf, 0xd3,
    0x8, 0xff, 0xd6, 0x10, 0xa, 0xff, 0xfb, 0x10,
    0xa, 0xff, 0x30, 0x5e, 0xff, 0xe1, 0x7, 0xf9,
    0x30, 0x0, 0x6, 0x87, 0x0, 0x0, 0x6c, 0x50,
    0x0, 0x12, 0x3, 0x51, 0x8f, 0xb0, 0x0, 0x5,
    0x70, 0x0, 0x0, 0x5f, 0x6a, 0xf3, 0xb, 0xfa,
    0x0, 0xc, 0xf3, 0x0, 0x0, 0xaf, 0x3a, 0xf3,
    0x0, 0xdf, 0x60, 0x4, 0xfb, 0x0, 0x0, 0xfe,
    0xa, 0xf3, 0x0, 0x2a, 0x10, 0xd5, 0xdf, 0x20,
    0x6, 0xf9, 0xa, 0xf3, 0x0, 0x0, 0x3, 0xf9,
    0x6f, 0x80, 0xd, 0xf3, 0x8, 0xfd, 0xbb, 0xbb,
    0xbe, 0xf5, 0x1f, 0xd0, 0x1, 0x70, 0x1, 0xbf,
    0xff, 0xff, 0xff, 0xa0, 0x5, 0x10,

    /* U+600E "怎" */
    0x0, 0x0, 0xc, 0x90, 0x0, 0x0, 0x0, 0x0,
    0x0, 0x0, 0x0, 0x0, 0x5f, 0xb0, 0x0, 0x0,
    0x0, 0x0, 0x0, 0x0, 0x0, 0x0, 0xdf, 0xfb,
    0xcc, 0xbb, 0xbb, 0xbb, 0xbb, 0x40, 0x0, 0x4,
    0xff, 0xef, 0xff, 0xee, 0xee, 0xee, 0xee, 0x60,
    0x0, 0xd, 0xf4, 0x2, 0xfc, 0x0, 0x0, 0x0,
    0x0, 0x0, 0x0, 0xaf, 0xb0, 0x2, 0xff, 0x99,
    0x99, 0x99, 0x93, 0x0, 0x9, 0xfe, 0x10, 0x2,
    0xff, 0xff, 0xff, 0xff, 0xf5, 0x0, 0x6, 0xf3,
    0x0, 0x2, 0xfc, 0x0, 0x0, 0x0, 0x0, 0x0,
    0x0, 0x10, 0x0, 0x2, 0xff, 0x99, 0x99, 0x99,
    0x97, 0x0, 0x0, 0x0, 0x0, 0x2, 0xff, 0xff,
    0xff, 0xff, 0xfd, 0x0, 0x0, 0x0, 0x0, 0x2,
    0xfc, 0x0, 0x0, 0x0, 0x0, 0x0, 0x0, 0x0,
    0x0, 0x1, 0xdf, 0x0, 0x0, 0x0, 0x0, 0x0,
    0x0, 0x11, 0x3, 0x40, 0xbf, 0xc1, 0x0, 0x6,
    0x90, 0x0, 0x0, 0x9f, 0x3c, 0xf1, 0xb, 0xfd,
    0x20, 0xd, 0xf3, 0x0, 0x0, 0xdf, 0xc, 0xf1,
    0x0, 0xaf, 0x60, 0x6, 0xfb, 0x0, 0x3, 0xfb,
    0xc, 0xf1, 0x0, 0x5, 0x1, 0xb4, 0xff, 0x20,
    0x9, 0xf6, 0xc, 0xf1, 0x0, 0x0, 0x3, 0xf9,
    0x9f, 0x90, 0xe, 0xf1, 0xa, 0xfd, 0xbb, 0xbb,
    0xbe, 0xf5, 0x3f, 0xe0, 0x1, 0x40, 0x2, 0xcf,
    0xff, 0xff, 0xff, 0xa0, 0x5, 0x10,

    /* U+603B "总" */
    0x0, 0x0, 0x3, 0xa2, 0x0, 0x0, 0x6, 0x93,
    0x0, 0x0, 0x0, 0x0, 0x6, 0xfc, 0x0, 0x0,
    0xd, 0xf6, 0x0, 0x0, 0x0, 0x0, 0x0, 0xbf,
    0x70, 0x0, 0x5f, 0xc0, 0x0, 0x0, 0x0, 0x0,
    0x0, 0x3f, 0xa0, 0x0, 0xef, 0x30, 0x0, 0x0,
    0x0, 0x3, 0xff, 0xff, 0xff, 0xff, 0xff, 0xff,
    0xe0, 0x0, 0x0, 0x3, 0xff, 0xdd, 0xdd, 0xdd,
    0xed, 0xdf, 0xe0, 0x0, 0x0, 0x3, 0xfc, 0x0,
    0x0, 0x0, 0x0, 0x3f, 0xe0, 0x0, 0x0, 0x3,
    0xfc, 0x0, 0x0, 0x0, 0x0, 0x3f, 0xe0, 0x0,
    0x0, 0x3, 0xfc, 0x0, 0x0, 0x0, 0x0, 0x4f,
    0xe0, 0x0, 0x0, 0x3, 0xff, 0xff, 0xff, 0xff,
    0xff, 0xff, 0xe0, 0x0, 0x0, 0x2, 0xcc, 0xcc,
    0xcc, 0xcc, 0xcc, 0xcc, 0xb0, 0x0, 0x0, 0x0,
    0x0, 0x0, 0x1d, 0xc1, 0x0, 0x0, 0x0, 0x0,
    0x0, 0x14, 0x13, 0xc9, 0xa, 0xfe, 0x20, 0x2,
    0xc3, 0x0, 0x0, 0x7f, 0x64, 0xfc, 0x0, 0x9f,
    0xe1, 0x3, 0xfe, 0x0, 0x0, 0xcf, 0x24, 0xfc,
    0x0, 0xa, 0xd2, 0x0, 0x8f, 0x80, 0x1, 0xfe,
    0x4, 0xfc, 0x0, 0x0, 0x10, 0x65, 0x1e, 0xf2,
    0x9, 0xf8, 0x4, 0xfc, 0x0, 0x0, 0x0, 0xbf,
    0x26, 0xf8, 0x8, 0xe1, 0x2, 0xff, 0xcb, 0xbb,
    0xbc, 0xfe, 0x0, 0x80, 0x0, 0x0, 0x0, 0x7d,
    0xff, 0xff, 0xff, 0xd4, 0x0, 0x0,

    /* U+606F "息" */
    0x0, 0x0, 0x0, 0x0, 0x0, 0x0, 0x0, 0x0,
    0x0, 0x0, 0x0, 0x0, 0x0, 0x0, 0xfe, 0x10,
    0x0, 0x0, 0x0, 0x0, 0x0, 0x11, 0x11, 0x6f,
    0xb1, 0x11, 0x11, 0x0, 0x0, 0x0, 0x1f, 0xff,
    0xff, 0xff, 0xff, 0xff, 0xf2, 0x0, 0x0, 0x1,
    0xfd, 0x66, 0x66, 0x66, 0x66, 0xdf, 0x20, 0x0,
    0x0, 0x1f, 0xd4, 0x44, 0x44, 0x44, 0x4d, 0xf2,
    0x0, 0x0, 0x1, 0xff, 0xff, 0xff, 0xff, 0xff,
    0xff, 0x20, 0x0, 0x0, 0x1f, 0xc1, 0x11, 0x11,
    0x11, 0x1c, 0xf2, 0x0, 0x0, 0x1, 0xfd, 0x66,
    0x66, 0x66, 0x66, 0xdf, 0x20, 0x0, 0x0, 0x1f,
    0xff, 0xff, 0xff, 0xff, 0xff, 0xf2, 0x0, 0x0,
    0x1, 0xfb, 0x0, 0x0, 0x0, 0x0, 0xcf, 0x20,
    0x0, 0x0, 0x1f, 0xff, 0xff, 0xff, 0xff, 0xff,
    0xf2, 0x0, 0x0, 0x0, 0x88, 0x88, 0x8f, 0x98,
    0x88, 0x88, 0x10, 0x0, 0x0, 0x0, 0x0, 0x5,
    0xfd, 0x0, 0x0, 0x5, 0x0, 0x0, 0x4c, 0x4a,
    0xf2, 0x9, 0xf9, 0x0, 0xc, 0xf5, 0x0, 0xa,
    0xf4, 0xbf, 0x20, 0xd, 0xf3, 0x10, 0x4f, 0xd0,
    0x1, 0xfe, 0xb, 0xf2, 0x0, 0x47, 0x5, 0xd4,
    0xcf, 0x50, 0x8f, 0x80, 0xaf, 0x30, 0x0, 0x0,
    0x8f, 0x55, 0xfb, 0xc, 0xf1, 0x8, 0xfe, 0xcc,
    0xcc, 0xcf, 0xf1, 0xc, 0x50, 0x2, 0x0, 0x1b,
    0xff, 0xff, 0xff, 0xe7, 0x0, 0x0,

    /* U+6216 "或" */
    0x0, 0x0, 0x0, 0x0, 0x2, 0xdb, 0x5, 0xa2,
    0x0, 0x0, 0x0, 0x0, 0x0, 0x0, 0x2f, 0xe0,
    0x9f, 0xf8, 0x0, 0x0, 0x0, 0x0, 0x0, 0x1,
    0xfe, 0x0, 0x3d, 0xd1, 0x9, 0xdd, 0xdd, 0xdd,
    0xdd, 0xdf, 0xfd, 0xdd, 0xde, 0xa0, 0xcf, 0xff,
    0xff, 0xff, 0xff, 0xff, 0xff, 0xff, 0xfd, 0x0,
    0x0, 0x0, 0x0, 0x0, 0xf, 0xf2, 0x0, 0x0,
    0x0, 0x6, 0x99, 0x99, 0x99, 0x60, 0xdf, 0x20,
    0xb, 0x90, 0x0, 0xbf, 0xff, 0xff, 0xfb, 0xb,
    0xf4, 0x3, 0xfc, 0x0, 0xb, 0xf1, 0x0, 0x2f,
    0xb0, 0x9f, 0x60, 0x9f, 0x60, 0x0, 0xbf, 0x0,
    0x2, 0xfb, 0x7, 0xf8, 0xe, 0xf1, 0x0, 0xb,
    0xf0, 0x0, 0x2f, 0xb0, 0x4f, 0xb7, 0xfa, 0x0,
    0x0, 0xbf, 0xaa, 0xab, 0xfb, 0x1, 0xff, 0xff,
    0x20, 0x0, 0xa, 0xff, 0xff, 0xff, 0xa0, 0xe,
    0xff, 0x80, 0x0, 0x0, 0x0, 0x0, 0x0, 0x0,
    0x0, 0xff, 0xf0, 0x3, 0x20, 0x0, 0x0, 0x25,
    0x8b, 0xf3, 0x2f, 0xff, 0x0, 0x6f, 0x34, 0x8b,
    0xef, 0xff, 0xff, 0x6e, 0xff, 0xf3, 0x8, 0xf2,
    0xbf, 0xff, 0xda, 0x63, 0x5f, 0xfa, 0x7f, 0xd1,
    0xcf, 0x6, 0x84, 0x10, 0x0, 0x7f, 0xf9, 0x0,
    0xcf, 0xff, 0xb0, 0x0, 0x0, 0x0, 0x0, 0xc6,
    0x0, 0x1, 0xaf, 0xd2, 0x0, 0x0, 0x0, 0x0,
    0x0, 0x0, 0x0, 0x0, 0x0, 0x0,

    /* U+6240 "所" */
    0x0, 0x0, 0x0, 0x2, 0x61, 0x0, 0x0, 0x0,
    0x49, 0x0, 0x0, 0x35, 0x7a, 0xef, 0xfb, 0x2,
    0x58, 0xbf, 0xff, 0x90, 0x0, 0xff, 0xff, 0xeb,
    0x73, 0xf, 0xff, 0xfd, 0xa5, 0x0, 0x0, 0xff,
    0x31, 0x0, 0x0, 0xf, 0xf3, 0x10, 0x0, 0x0,
    0x0, 0xfd, 0x0, 0x0, 0x0, 0xf, 0xe0, 0x0,
    0x0, 0x0, 0x0, 0xff, 0xff, 0xff, 0xf1, 0xf,
    0xe0, 0x0, 0x0, 0x0, 0x0, 0xff, 0xcc, 0xcf,
    0xf1, 0xf, 0xf2, 0x22, 0x22, 0x20, 0x0, 0xfd,
    0x0, 0xc, 0xf1, 0xf, 0xff, 0xff, 0xff, 0xf3,
    0x0, 0xfd, 0x0, 0xc, 0xf1, 0xf, 0xfb, 0xbf,
    0xfc, 0xb2, 0x0, 0xfd, 0x11, 0x1c, 0xf1, 0x1f,
    0xd0, 0xc, 0xf1, 0x0, 0x1, 0xff, 0xff, 0xff,
    0xf1, 0x1f, 0xd0, 0xc, 0xf1, 0x0, 0x1, 0xff,
    0xaa, 0xaa, 0xa0, 0x3f, 0xb0, 0xc, 0xf1, 0x0,
    0x2, 0xfa, 0x0, 0x0, 0x0, 0x5f, 0x90, 0xc,
    0xf1, 0x0, 0x4, 0xf9, 0x0, 0x0, 0x0, 0x8f,
    0x60, 0xc, 0xf1, 0x0, 0x6, 0xf7, 0x0, 0x0,
    0x0, 0xdf, 0x20, 0xc, 0xf1, 0x0, 0x9, 0xf4,
    0x0, 0x0, 0x4, 0xfd, 0x0, 0xc, 0xf1, 0x0,
    0xd, 0xf1, 0x0, 0x0, 0xd, 0xf6, 0x0, 0xc,
    0xf1, 0x0, 0x4f, 0xc0, 0x0, 0x0, 0xbf, 0xc0,
    0x0, 0xc, 0xf1, 0x0, 0x9, 0x50, 0x0, 0x0,
    0x4d, 0x20, 0x0, 0xc, 0xf1, 0x0, 0x0, 0x0,
    0x0, 0x0, 0x0, 0x0, 0x0, 0x0, 0x0, 0x0,

    /* U+624B "手" */
    0x0, 0x0, 0x0, 0x0, 0x0, 0x0, 0x13, 0x6a,
    0x20, 0x0, 0x0, 0x12, 0x34, 0x57, 0x8a, 0xce,
    0xff, 0xff, 0xc0, 0x0, 0x0, 0x9f, 0xff, 0xff,
    0xff, 0xfd, 0xb9, 0x63, 0x0, 0x0, 0x0, 0x38,
    0x76, 0x54, 0x2f, 0xf0, 0x0, 0x0, 0x0, 0x0,
    0x0, 0x0, 0x0, 0x0, 0xf, 0xf0, 0x0, 0x0,
    0x0, 0x0, 0x0, 0x0, 0x0, 0x0, 0xf, 0xf1,
    0x0, 0x0, 0x0, 0x0, 0x0, 0xbf, 0xff, 0xff,
    0xff, 0xff, 0xff, 0xff, 0xff, 0x0, 0x0, 0x8c,
    0xcc, 0xcc, 0xcf, 0xfc, 0xcc, 0xcc, 0xcb, 0x0,
    0x0, 0x0, 0x0, 0x0, 0xf, 0xf0, 0x0, 0x0,
    0x0, 0x0, 0x0, 0x0, 0x0, 0x0, 0xf, 0xf0,
    0x0, 0x0, 0x0, 0x0, 0xc, 0xcc, 0xcc, 0xcc,
    0xcf, 0xfc, 0xcc, 0xcc, 0xcc, 0xc1, 0x1f, 0xff,
    0xff, 0xff, 0xff, 0xff, 0xff, 0xff, 0xff, 0xf2,
    0x1, 0x11, 0x11, 0x11, 0x1f, 0xf1, 0x11, 0x11,
    0x11, 0x10, 0x0, 0x0, 0x0, 0x0, 0xf, 0xf0,
    0x0, 0x0, 0x0, 0x0, 0x0, 0x0, 0x0, 0x0,
    0xf, 0xf0, 0x0, 0x0, 0x0, 0x0, 0x0, 0x0,
    0x0, 0x0, 0xf, 0xf0, 0x0, 0x0, 0x0, 0x0,
    0x0, 0x0, 0x0, 0x0, 0xf, 0xf0, 0x0, 0x0,
    0x0, 0x0, 0x0, 0x0, 0xc, 0xcc, 0xdf, 0xe0,
    0x0, 0x0, 0x0, 0x0, 0x0, 0x0, 0xa, 0xff,
    0xfc, 0x40, 0x0, 0x0, 0x0, 0x0, 0x0, 0x0,
    0x0, 0x0, 0x0, 0x0, 0x0, 0x0, 0x0, 0x0,

    /* U+62DF "拟" */
    0x0, 0xc, 0xb0, 0x0, 0x0, 0x0, 0x0, 0x0,
    0x54, 0x0, 0x0, 0xe, 0xd0, 0x0, 0xfc, 0x0,
    0x0, 0x2, 0xfc, 0x0, 0x0, 0xe, 0xd0, 0x0,
    0xfc, 0x6c, 0x10, 0x2, 0xfb, 0x0, 0x0, 0xe,
    0xd0, 0x0, 0xfc, 0x6f, 0x80, 0x3, 0xfa, 0x0,
    0x3f, 0xff, 0xff, 0x80, 0xfc, 0xe, 0xf0, 0x4,
    0xf9, 0x0, 0x3c, 0xcf, 0xfc, 0x70, 0xfc, 0x7,
    0xf6, 0x5, 0xf8, 0x0, 0x0, 0xe, 0xd0, 0x0,
    0xfc, 0x1, 0xfc, 0x7, 0xf6, 0x0, 0x0, 0xe,
    0xd0, 0x0, 0xfc, 0x0, 0xcf, 0x29, 0xf4, 0x0,
    0x0, 0xe, 0xd0, 0x0, 0xfc, 0x0, 0x56, 0xb,
    0xf2, 0x0, 0x0, 0xf, 0xfc, 0xa0, 0xfc, 0x0,
    0x0, 0xe, 0xf0, 0x0, 0x39, 0xef, 0xff, 0x90,
    0xfc, 0x0, 0x0, 0x1f, 0xf0, 0x0, 0x5f, 0xff,
    0xf1, 0x0, 0xfc, 0x0, 0x70, 0x6f, 0xf2, 0x0,
    0x16, 0x1e, 0xd0, 0x0, 0xfc, 0x2c, 0xf4, 0xbf,
    0xfa, 0x0, 0x0, 0xe, 0xd0, 0x0, 0xff, 0xff,
    0x92, 0xff, 0xef, 0x10, 0x0, 0xe, 0xd0, 0x2,
    0xff, 0xf5, 0xa, 0xf8, 0x8f, 0x70, 0x0, 0xe,
    0xd0, 0xf, 0xff, 0x20, 0x4f, 0xf1, 0x2f, 0xe0,
    0x0, 0xe, 0xc0, 0xd, 0xf1, 0x3, 0xef, 0x60,
    0xc, 0xf3, 0xa, 0xbf, 0xb0, 0x1, 0x0, 0x1e,
    0xfa, 0x0, 0x7, 0xf6, 0xa, 0xfc, 0x30, 0x0,
    0x0, 0x3, 0xa0, 0x0, 0x1, 0x20,

    /* U+6307 "指" */
    0x0, 0xa, 0xe1, 0x0, 0x9d, 0x20, 0x0, 0x0,
    0x0, 0x0, 0x0, 0xbf, 0x20, 0xb, 0xf3, 0x0,
    0x3, 0x9b, 0x0, 0x0, 0xb, 0xf2, 0x0, 0xbf,
    0x66, 0xaf, 0xff, 0xd5, 0x0, 0x11, 0xdf, 0x31,
    0xb, 0xff, 0xff, 0xb7, 0x30, 0x0, 0x6f, 0xff,
    0xff, 0xf5, 0xbf, 0x82, 0x0, 0x0, 0xa, 0x73,
    0x99, 0xff, 0xb9, 0x3b, 0xf3, 0x0, 0x0, 0x0,
    0xee, 0x0, 0xb, 0xf2, 0x0, 0x9f, 0xda, 0xaa,
    0xaa, 0xcf, 0xa0, 0x0, 0xbf, 0x20, 0x2, 0xcf,
    0xff, 0xff, 0xff, 0xd2, 0x0, 0xb, 0xf2, 0x22,
    0x0, 0x0, 0x11, 0x11, 0x0, 0x0, 0x0, 0xff,
    0xff, 0x70, 0x11, 0x11, 0x11, 0x11, 0x10, 0x5c,
    0xff, 0xff, 0xe6, 0xbf, 0xff, 0xff, 0xff, 0xff,
    0x17, 0xff, 0xff, 0x50, 0xb, 0xf8, 0x88, 0x88,
    0x8e, 0xf1, 0x14, 0xb, 0xf2, 0x0, 0xbf, 0x10,
    0x0, 0x0, 0xcf, 0x10, 0x0, 0xbf, 0x20, 0xb,
    0xff, 0xff, 0xff, 0xff, 0xf1, 0x0, 0xb, 0xf2,
    0x0, 0xbf, 0x97, 0x77, 0x77, 0xff, 0x10, 0x0,
    0xbf, 0x20, 0xb, 0xf1, 0x0, 0x0, 0xc, 0xf1,
    0x0, 0xb, 0xf1, 0x0, 0xbf, 0xa9, 0x99, 0x99,
    0xff, 0x10, 0x9a, 0xef, 0x10, 0xb, 0xff, 0xff,
    0xff, 0xff, 0xf1, 0xa, 0xff, 0x80, 0x0, 0xbf,
    0x10, 0x0, 0x0, 0xcf, 0x10, 0x0, 0x0, 0x0,
    0x1, 0x10, 0x0, 0x0, 0x0, 0x0,

    /* U+6309 "按" */
    0x0, 0xa, 0xe1, 0x0, 0x0, 0x3, 0xda, 0x0,
    0x0, 0x0, 0x0, 0xc, 0xf1, 0x0, 0x0, 0x0,
    0xff, 0x0, 0x0, 0x0, 0x0, 0xc, 0xf1, 0x2,
    0x66, 0x66, 0xff, 0xa6, 0x66, 0x50, 0x0, 0xc,
    0xf1, 0x7, 0xff, 0xff, 0xff, 0xff, 0xff, 0xe0,
    0x5f, 0xff, 0xff, 0xf8, 0xf7, 0x44, 0x44, 0x44,
    0x4f, 0xe0, 0x4c, 0xcf, 0xfe, 0xc8, 0xf5, 0xb,
    0xe3, 0x0, 0xf, 0xe0, 0x0, 0xc, 0xf1, 0x4,
    0xa3, 0x1f, 0xe0, 0x0, 0x9, 0x80, 0x0, 0xc,
    0xf1, 0x1, 0x11, 0x7f, 0xa1, 0x11, 0x11, 0x10,
    0x0, 0xc, 0xf1, 0xf, 0xff, 0xff, 0xff, 0xff,
    0xff, 0xf2, 0x0, 0xc, 0xf3, 0x7c, 0xad, 0xff,
    0xaa, 0xaf, 0xfc, 0xa1, 0x0, 0x3f, 0xff, 0xf5,
    0x9, 0xf7, 0x0, 0x1f, 0xf0, 0x0, 0x6f, 0xff,
    0xfc, 0x61, 0x1f, 0xf1, 0x0, 0x5f, 0xb0, 0x0,
    0x5f, 0xbf, 0xf1, 0x0, 0xff, 0xf2, 0x0, 0xcf,
    0x40, 0x0, 0x0, 0xc, 0xf1, 0x0, 0x7f, 0xff,
    0x96, 0xfd, 0x0, 0x0, 0x0, 0xc, 0xf1, 0x0,
    0x0, 0x5d, 0xff, 0xf4, 0x0, 0x0, 0x0, 0xc,
    0xf1, 0x0, 0x0, 0x6, 0xff, 0xfd, 0x30, 0x0,
    0x0, 0xc, 0xf1, 0x0, 0x5, 0xcf, 0xf8, 0xbf,
    0xf8, 0x0, 0xa, 0xbf, 0xf0, 0xa, 0xff, 0xfb,
    0x20, 0x6, 0xff, 0xc0, 0xa, 0xfd, 0x60, 0x5,
    0xd8, 0x20, 0x0, 0x0, 0x2c, 0x40, 0x0, 0x0,
    0x0, 0x0, 0x0, 0x0, 0x0, 0x0, 0x0, 0x0,

    /* U+6362 "换" */
    0x0, 0xc, 0xc0, 0x0, 0x0, 0x7b, 0x30, 0x0,
    0x0, 0x0, 0x0, 0xf, 0xe0, 0x0, 0x1, 0xff,
    0x10, 0x1, 0x0, 0x0, 0x0, 0xf, 0xe0, 0x0,
    0xb, 0xff, 0xff, 0xff, 0xd2, 0x0, 0x0, 0xf,
    0xe0, 0x0, 0x7f, 0xf8, 0x88, 0xdf, 0xd0, 0x0,
    0x2e, 0xef, 0xfe, 0xa6, 0xfe, 0x10, 0x1, 0xee,
    0x20, 0x0, 0x1c, 0xcf, 0xfc, 0xae, 0xff, 0xcc,
    0xdf, 0xff, 0xca, 0x0, 0x0, 0xf, 0xe0, 0x3,
    0xff, 0xaa, 0xff, 0xea, 0xfd, 0x0, 0x0, 0xf,
    0xe0, 0x0, 0xfe, 0x0, 0xef, 0x1, 0xfd, 0x0,
    0x0, 0xf, 0xe0, 0x0, 0xfe, 0x0, 0xee, 0x1,
    0xfd, 0x0, 0x0, 0xf, 0xfc, 0xd0, 0xfe, 0x0,
    0xfe, 0x1, 0xfd, 0x0, 0x2a, 0xef, 0xff, 0xa0,
    0xfe, 0x0, 0xfd, 0x1, 0xfd, 0x0, 0x2f, 0xef,
    0xf0, 0x4e, 0xff, 0xef, 0xff, 0xee, 0xff, 0xe1,
    0x3, 0xf, 0xe0, 0x3c, 0xcc, 0xcf, 0xff, 0xcc,
    0xcc, 0xc1, 0x0, 0xf, 0xe0, 0x0, 0x0, 0x1e,
    0xff, 0x70, 0x0, 0x0, 0x0, 0xf, 0xe0, 0x0,
    0x0, 0xbf, 0x7d, 0xf4, 0x0, 0x0, 0x0, 0xf,
    0xe0, 0x0, 0xa, 0xfb, 0x2, 0xff, 0x40, 0x0,
    0x0, 0xf, 0xe0, 0x3, 0xdf, 0xb0, 0x0, 0x4f,
    0xf7, 0x0, 0x9, 0xdf, 0xd1, 0xaf, 0xf8, 0x0,
    0x0, 0x4, 0xef, 0xe3, 0x7, 0xfd, 0x40, 0xac,
    0x30, 0x0, 0x0, 0x0, 0x19, 0xa0, 0x0, 0x0,
    0x0, 0x0, 0x0, 0x0, 0x0, 0x0, 0x0, 0x0,

    /* U+636E "据" */
    0x0, 0xc, 0xb0, 0x0, 0x1, 0x0, 0x0, 0x0,
    0x0, 0x0, 0x0, 0xe, 0xd0, 0x0, 0xff, 0xff,
    0xff, 0xff, 0xff, 0xb0, 0x0, 0xe, 0xd0, 0x0,
    0xff, 0x99, 0x99, 0x99, 0xaf, 0xb0, 0x0, 0xe,
    0xd0, 0x0, 0xfc, 0x0, 0x0, 0x0, 0x1f, 0xb0,
    0x3f, 0xff, 0xff, 0xf0, 0xff, 0x33, 0x33, 0x33,
    0x4f, 0xb0, 0x3c, 0xcf, 0xfc, 0xc0, 0xff, 0xff,
    0xff, 0xff, 0xff, 0xb0, 0x0, 0xe, 0xd0, 0x0,
    0xff, 0x66, 0x6f, 0xf6, 0x66, 0x40, 0x0, 0xe,
    0xd0, 0x0, 0xfc, 0x0, 0xf, 0xd0, 0x0, 0x0,
    0x0, 0xe, 0xd0, 0x11, 0xff, 0x99, 0x9f, 0xf9,
    0x99, 0x91, 0x0, 0xf, 0xfd, 0xd1, 0xff, 0xff,
    0xff, 0xff, 0xff, 0xf2, 0x3b, 0xff, 0xfe, 0xa3,
    0xfb, 0x0, 0xf, 0xe0, 0x0, 0x0, 0x4f, 0xdf,
    0xf0, 0x5, 0xf8, 0x0, 0xf, 0xd0, 0x0, 0x0,
    0x2, 0xe, 0xd0, 0x7, 0xfa, 0xbb, 0xbf, 0xfb,
    0xbb, 0x90, 0x0, 0xe, 0xd0, 0xb, 0xf9, 0xfe,
    0xdd, 0xdd, 0xdf, 0xc0, 0x0, 0xe, 0xd0, 0xf,
    0xf5, 0xf5, 0x0, 0x0, 0xe, 0xc0, 0x0, 0xe,
    0xd0, 0x4f, 0xc5, 0xf5, 0x0, 0x0, 0xe, 0xc0,
    0x0, 0xe, 0xc0, 0xbf, 0x65, 0xfe, 0x99, 0x99,
    0x9f, 0xc0, 0xc, 0xef, 0xb4, 0xff, 0x5, 0xff,
    0xff, 0xff, 0xff, 0xc0, 0x7, 0xda, 0x30, 0x76,
    0x5, 0xf5, 0x0, 0x0, 0xe, 0xc0, 0x0, 0x0,
    0x0, 0x0, 0x0, 0x0, 0x0, 0x0, 0x0, 0x0,

    /* U+63A5 "接" */
    0x0, 0xd, 0xa0, 0x0, 0x0, 0x3, 0x95, 0x0,
    0x0, 0x0, 0x0, 0xf, 0xc0, 0x0, 0x0, 0x1,
    0xee, 0x0, 0x0, 0x0, 0x0, 0xf, 0xc0, 0x2,
    0xee, 0xee, 0xff, 0xfe, 0xee, 0xb0, 0x0, 0xf,
    0xc0, 0x1, 0xbb, 0xcb, 0xbb, 0xbc, 0xbb, 0x90,
    0x3f, 0xff, 0xff, 0x90, 0x7, 0xf3, 0x0, 0xe,
    0xd0, 0x0, 0x2c, 0xcf, 0xfc, 0x70, 0x2, 0xfb,
    0x0, 0x6f, 0x70, 0x0, 0x0, 0xf, 0xc0, 0x0,
    0x11, 0xba, 0x11, 0xff, 0x11, 0x10, 0x0, 0xf,
    0xc0, 0xc, 0xff, 0xff, 0xff, 0xff, 0xff, 0xf4,
    0x0, 0xf, 0xc0, 0x7, 0x99, 0x9c, 0xda, 0x99,
    0x99, 0x92, 0x0, 0xf, 0xfb, 0x70, 0x0, 0xd,
    0xf1, 0x0, 0x0, 0x0, 0x39, 0xdf, 0xff, 0x8a,
    0xaa, 0xff, 0xfa, 0xaa, 0xaa, 0xa5, 0x4f, 0xef,
    0xf0, 0x1f, 0xff, 0xff, 0xff, 0xff, 0xff, 0xf7,
    0x3, 0xf, 0xc0, 0x0, 0x8, 0xf7, 0x0, 0xf,
    0xf0, 0x0, 0x0, 0xf, 0xc0, 0x0, 0x5f, 0xf1,
    0x0, 0x7f, 0xa0, 0x0, 0x0, 0xf, 0xc0, 0x0,
    0xff, 0xff, 0x95, 0xff, 0x20, 0x0, 0x0, 0xf,
    0xc0, 0x0, 0x0, 0x6c, 0xff, 0xfb, 0x0, 0x0,
    0x0, 0xf, 0xc0, 0x0, 0x1, 0x6c, 0xff, 0xff,
    0xc4, 0x0, 0xa, 0xcf, 0xb0, 0x3b, 0xef, 0xff,
    0xa2, 0x3b, 0xff, 0x90, 0x9, 0xfc, 0x20, 0xd,
    0xc9, 0x51, 0x0, 0x0, 0x4d, 0x40, 0x0, 0x0,
    0x0, 0x0, 0x0, 0x0, 0x0, 0x0, 0x0, 0x0,

    /* U+63A7 "控" */
    0x0, 0xb, 0xa0, 0x0, 0x0, 0x2, 0xa6, 0x0,
    0x0, 0x0, 0x0, 0xe, 0xd0, 0x0, 0x0, 0x1,
    0xfe, 0x0, 0x0, 0x0, 0x0, 0xe, 0xd0, 0x4,
    0x66, 0x66, 0xff, 0xa6, 0x66, 0x60, 0x0, 0xf,
    0xd0, 0xb, 0xff, 0xff, 0xff, 0xff, 0xff, 0xf1,
    0x3f, 0xff, 0xff, 0xbb, 0xf3, 0x33, 0x33, 0x33,
    0x3c, 0xf1, 0x2b, 0xbf, 0xfb, 0x8b, 0xf0, 0x49,
    0x20, 0x74, 0xa, 0xe1, 0x0, 0xe, 0xd0, 0x0,
    0x3, 0xee, 0x21, 0xdf, 0x60, 0x0, 0x0, 0xe,
    0xd0, 0x0, 0x6f, 0xf3, 0x0, 0x1c, 0xf9, 0x0,
    0x0, 0xe, 0xd0, 0x6, 0xff, 0x30, 0x0, 0x0,
    0xbf, 0x70, 0x0, 0xf, 0xfa, 0xa0, 0xa2, 0x0,
    0x0, 0x0, 0x7, 0x0, 0x16, 0xbf, 0xff, 0xb0,
    0xbe, 0xee, 0xee, 0xee, 0xec, 0x0, 0x4f, 0xff,
    0xf2, 0x0, 0xac, 0xcc, 0xff, 0xcc, 0xcb, 0x0,
    0x18, 0x2e, 0xd0, 0x0, 0x0, 0x0, 0xff, 0x0,
    0x0, 0x0, 0x0, 0xe, 0xd0, 0x0, 0x0, 0x0,
    0xff, 0x0, 0x0, 0x0, 0x0, 0xe, 0xd0, 0x0,
    0x0, 0x0, 0xff, 0x0, 0x0, 0x0, 0x0, 0xe,
    0xd0, 0x0, 0x0, 0x0, 0xff, 0x0, 0x0, 0x0,
    0x0, 0xe, 0xc0, 0x5d, 0xdd, 0xdd, 0xff, 0xdd,
    0xdd, 0xd4, 0xa, 0xbf, 0xb0, 0x5d, 0xdd, 0xdd,
    0xdd, 0xdd, 0xdd, 0xd4, 0xa, 0xfc, 0x30, 0x0,
    0x0, 0x0, 0x0, 0x0, 0x0, 0x0,

    /* U+6536 "收" */
    0x0, 0x0, 0x3, 0x40, 0x0, 0x57, 0x20, 0x0,
    0x0, 0x0, 0x0, 0x0, 0xcf, 0x10, 0xb, 0xf4,
    0x0, 0x0, 0x0, 0x8, 0x60, 0xc, 0xf1, 0x0,
    0xff, 0x10, 0x0, 0x0, 0x1, 0xfc, 0x0, 0xcf,
    0x10, 0x3f, 0xe0, 0x0, 0x0, 0x0, 0x1f, 0xc0,
    0xc, 0xf1, 0x8, 0xff, 0xff, 0xff, 0xff, 0x31,
    0xfc, 0x0, 0xcf, 0x10, 0xff, 0xeb, 0xbc, 0xff,
    0xb2, 0x1f, 0xc0, 0xc, 0xf1, 0x5f, 0xf1, 0x0,
    0x2f, 0xb0, 0x1, 0xfc, 0x0, 0xcf, 0x2d, 0xff,
    0x50, 0x5, 0xf8, 0x0, 0x1f, 0xc0, 0xc, 0xfa,
    0xfe, 0xfa, 0x0, 0xaf, 0x40, 0x1, 0xfc, 0x0,
    0xcf, 0x6f, 0x4b, 0xf1, 0xe, 0xf0, 0x0, 0x1f,
    0xc0, 0xc, 0xf1, 0x30, 0x5f, 0x74, 0xfa, 0x0,
    0x1, 0xfc, 0x1, 0xff, 0x10, 0x0, 0xee, 0xcf,
    0x40, 0x0, 0x1f, 0xfc, 0xff, 0xf1, 0x0, 0x7,
    0xff, 0xd0, 0x0, 0xa, 0xff, 0xfc, 0xff, 0x10,
    0x0, 0x1f, 0xf8, 0x0, 0x0, 0x8f, 0xa3, 0xc,
    0xf1, 0x0, 0x9, 0xff, 0xd1, 0x0, 0x1, 0x20,
    0x0, 0xcf, 0x10, 0x9, 0xfe, 0xbf, 0xd1, 0x0,
    0x0, 0x0, 0xc, 0xf1, 0x2b, 0xfe, 0x20, 0xcf,
    0xd4, 0x0, 0x0, 0x0, 0xcf, 0x3f, 0xfd, 0x20,
    0x0, 0xbf, 0xf2, 0x0, 0x0, 0xc, 0xf1, 0x89,
    0x0, 0x0, 0x0, 0x75, 0x0, 0x0, 0x0, 0x0,
    0x0, 0x0, 0x0, 0x0, 0x0, 0x0,

    /* U+653E "放" */
    0x0, 0x0, 0x79, 0x0, 0x0, 0x0, 0x98, 0x10,
    0x0, 0x0, 0x0, 0x0, 0xaf, 0x30, 0x0, 0x1,
    0xff, 0x0, 0x0, 0x0, 0x0, 0x0, 0x5f, 0x80,
    0x0, 0x5, 0xfb, 0x0, 0x0, 0x0, 0x19, 0x99,
    0x9d, 0x99, 0x96, 0x9, 0xf8, 0x0, 0x0, 0x0,
    0x2f, 0xff, 0xff, 0xff, 0xfb, 0xf, 0xff, 0xff,
    0xff, 0xf8, 0x3, 0x3f, 0xf3, 0x33, 0x32, 0x4f,
    0xfb, 0xbb, 0xff, 0xc5, 0x0, 0xf, 0xd0, 0x0,
    0x0, 0xbf, 0xf0, 0x1, 0xfd, 0x0, 0x0, 0xf,
    0xfa, 0xaf, 0xa3, 0xff, 0xf2, 0x3, 0xfa, 0x0,
    0x0, 0xf, 0xff, 0xff, 0xfd, 0xfe, 0xf6, 0x7,
    0xf7, 0x0, 0x0, 0xf, 0xd0, 0xe, 0xea, 0xe2,
    0xfb, 0xc, 0xf2, 0x0, 0x0, 0xf, 0xb0, 0xe,
    0xd0, 0x30, 0xdf, 0x2f, 0xd0, 0x0, 0x0, 0x1f,
    0xa0, 0xf, 0xd0, 0x0, 0x8f, 0xef, 0x80, 0x0,
    0x0, 0x3f, 0x90, 0xf, 0xd0, 0x0, 0x1f, 0xff,
    0x10, 0x0, 0x0, 0x6f, 0x70, 0xf, 0xc0, 0x0,
    0xf, 0xff, 0x0, 0x0, 0x0, 0xaf, 0x40, 0xf,
    0xb0, 0x0, 0x5f, 0xff, 0x20, 0x0, 0x1, 0xfe,
    0x0, 0x2f, 0xa0, 0x5, 0xff, 0xcf, 0xe2, 0x0,
    0x9, 0xf8, 0x0, 0x4f, 0x90, 0x8f, 0xf6, 0xb,
    0xfe, 0x40, 0x4f, 0xe1, 0x7a, 0xdf, 0x8e, 0xff,
    0x50, 0x0, 0xbf, 0xf6, 0x1c, 0x40, 0x5f, 0xfb,
    0xa, 0xb2, 0x0, 0x0, 0x7, 0xc0, 0x0, 0x0,
    0x0, 0x0, 0x0, 0x0, 0x0, 0x0, 0x0, 0x0,

    /* U+6548 "效" */
    0x0, 0x0, 0x57, 0x0, 0x0, 0x0, 0x39, 0x30,
    0x0, 0x0, 0x0, 0x0, 0xaf, 0x50, 0x0, 0x0,
    0x7f, 0x40, 0x0, 0x0, 0x0, 0x0, 0x2f, 0xb0,
    0x0, 0x0, 0xbf, 0x10, 0x0, 0x0, 0xc, 0xdd,
    0xdf, 0xdd, 0xdd, 0x40, 0xff, 0x11, 0x11, 0x10,
    0xd, 0xee, 0xee, 0xee, 0xee, 0x52, 0xff, 0xff,
    0xff, 0xf1, 0x0, 0xa, 0x50, 0x1a, 0x40, 0x8,
    0xff, 0xaa, 0xff, 0xb0, 0x0, 0x7f, 0x70, 0x1e,
    0xe1, 0xd, 0xf1, 0x0, 0xfd, 0x0, 0x0, 0xee,
    0x0, 0x4, 0xfa, 0x3f, 0xf0, 0x2, 0xfa, 0x0,
    0x9, 0xf6, 0x0, 0x46, 0xdf, 0xdf, 0xf4, 0x5,
    0xf7, 0x0, 0x3f, 0xc7, 0x60, 0xcf, 0x46, 0xfe,
    0xf9, 0xa, 0xf2, 0x0, 0x6, 0x3e, 0xf7, 0xfb,
    0x0, 0x72, 0xde, 0xe, 0xe0, 0x0, 0x0, 0x2,
    0xef, 0xf6, 0x0, 0x0, 0x7f, 0xbf, 0x80, 0x0,
    0x0, 0x0, 0x5f, 0xf3, 0x0, 0x0, 0x1f, 0xff,
    0x10, 0x0, 0x0, 0x0, 0xaf, 0xfe, 0x10, 0x0,
    0xf, 0xff, 0x0, 0x0, 0x0, 0x7, 0xfc, 0x9f,
    0xb0, 0x0, 0x3f, 0xff, 0x20, 0x0, 0x0, 0x5f,
    0xe1, 0xd, 0xf4, 0x3, 0xef, 0xaf, 0xe2, 0x0,
    0x9, 0xff, 0x30, 0x3, 0x70, 0x7f, 0xf5, 0x9,
    0xfe, 0x30, 0x1d, 0xe3, 0x0, 0x0, 0x1d, 0xfe,
    0x50, 0x0, 0xaf, 0xf2, 0x1, 0x10, 0x0, 0x0,
    0x6, 0xa1, 0x0, 0x0, 0x7, 0x50,

    /* U+6570 "数" */
    0x0, 0x40, 0x1e, 0x90, 0x33, 0x0, 0x79, 0x0,
    0x0, 0x0, 0x3, 0xf8, 0x1f, 0xb0, 0xde, 0x10,
    0xcf, 0x0, 0x0, 0x0, 0x0, 0xbe, 0x1f, 0xb5,
    0xf5, 0x0, 0xfc, 0x0, 0x0, 0x0, 0x3, 0x79,
    0x4f, 0xe6, 0x93, 0x22, 0xf9, 0x0, 0x0, 0x0,
    0x1f, 0xff, 0xff, 0xff, 0xff, 0xa7, 0xff, 0xff,
    0xff, 0xf1, 0x5, 0x55, 0xff, 0xfd, 0x55, 0x3e,
    0xfd, 0xbb, 0xff, 0xb0, 0x0, 0x1c, 0xff, 0xff,
    0xe4, 0x1f, 0xf6, 0x2, 0xf9, 0x0, 0x6, 0xef,
    0x5f, 0xb2, 0xdb, 0x8f, 0xf9, 0x5, 0xf6, 0x0,
    0x1e, 0xd3, 0x1f, 0xa0, 0x12, 0xee, 0xdd, 0x8,
    0xf3, 0x0, 0x3, 0x0, 0x89, 0x0, 0x3, 0xe7,
    0x8f, 0x2d, 0xe0, 0x0, 0x6, 0x9a, 0xff, 0x99,
    0xe6, 0x20, 0x3f, 0x9f, 0xa0, 0x0, 0xb, 0xff,
    0xff, 0xff, 0xfb, 0x0, 0xe, 0xff, 0x50, 0x0,
    0x0, 0x2f, 0xb0, 0x6, 0xf5, 0x0, 0x8, 0xff,
    0x0, 0x0, 0x0, 0xff, 0xa1, 0x2f, 0xc0, 0x0,
    0xb, 0xff, 0x0, 0x0, 0x0, 0x5e, 0xff, 0xff,
    0x20, 0x0, 0x5f, 0xff, 0xa0, 0x0, 0x0, 0x0,
    0x9f, 0xff, 0x60, 0x6, 0xfe, 0x2d, 0xf8, 0x0,
    0x1, 0x6d, 0xfd, 0x6d, 0xc2, 0xaf, 0xe2, 0x2,
    0xef, 0xb1, 0x1e, 0xfd, 0x60, 0x0, 0x1b, 0xfc,
    0x20, 0x0, 0x2d, 0xe2, 0x4, 0x30, 0x0, 0x0,
    0x2, 0x70, 0x0, 0x0, 0x0, 0x30,

    /* U+6587 "文" */
    0x0, 0x0, 0x0, 0x0, 0x0, 0x10, 0x0, 0x0,
    0x0, 0x0, 0x0, 0x0, 0x0, 0x0, 0x6f, 0xc0,
    0x0, 0x0, 0x0, 0x0, 0x0, 0x0, 0x0, 0x0,
    0x1f, 0xf4, 0x0, 0x0, 0x0, 0x0, 0x0, 0x0,
    0x0, 0x0, 0xa, 0xfa, 0x0, 0x0, 0x0, 0x0,
    0xa, 0xaa, 0xaa, 0xaa, 0xac, 0xda, 0xaa, 0xaa,
    0xaa, 0xa1, 0xf, 0xff, 0xff, 0xff, 0xff, 0xff,
    0xff, 0xff, 0xff, 0xf2, 0x3, 0x33, 0xff, 0x63,
    0x33, 0x33, 0x38, 0xff, 0x33, 0x30, 0x0, 0x0,
    0x5f, 0xa0, 0x0, 0x0, 0xb, 0xf7, 0x0, 0x0,
    0x0, 0x0, 0xd, 0xf3, 0x0, 0x0, 0x2f, 0xf1,
    0x0, 0x0, 0x0, 0x0, 0x5, 0xfc, 0x0, 0x0,
    0xcf, 0x80, 0x0, 0x0, 0x0, 0x0, 0x0, 0xbf,
    0x70, 0x6, 0xfe, 0x10, 0x0, 0x0, 0x0, 0x0,
    0x0, 0x2f, 0xf5, 0x3f, 0xf5, 0x0, 0x0, 0x0,
    0x0, 0x0, 0x0, 0x6, 0xff, 0xff, 0x80, 0x0,
    0x0, 0x0, 0x0, 0x0, 0x0, 0x0, 0xbf, 0xff,
    0x0, 0x0, 0x0, 0x0, 0x0, 0x0, 0x0, 0x6,
    0xff, 0xff, 0x90, 0x0, 0x0, 0x0, 0x0, 0x0,
    0x4, 0xcf, 0xf8, 0x6f, 0xfd, 0x50, 0x0, 0x0,
    0x0, 0x5, 0xcf, 0xfd, 0x40, 0x3, 0xdf, 0xfd,
    0x61, 0x0, 0x1a, 0xff, 0xfe, 0x60, 0x0, 0x0,
    0x6, 0xef, 0xff, 0xb2, 0xb, 0xfc, 0x60, 0x0,
    0x0, 0x0, 0x0, 0x6, 0xbf, 0xb0, 0x2, 0x20,
    0x0, 0x0, 0x0, 0x0, 0x0, 0x0, 0x1, 0x10,

    /* U+65E0 "无" */
    0x0, 0x7b, 0xbb, 0xbb, 0xbb, 0xbb, 0xbb, 0xbb,
    0xbb, 0x10, 0x0, 0xaf, 0xff, 0xff, 0xff, 0xff,
    0xff, 0xff, 0xff, 0x20, 0x0, 0x12, 0x22, 0x22,
    0x5f, 0xe2, 0x22, 0x22, 0x22, 0x0, 0x0, 0x0,
    0x0, 0x0, 0x3f, 0xa0, 0x0, 0x0, 0x0, 0x0,
    0x0, 0x0, 0x0, 0x0, 0x4f, 0x90, 0x0, 0x0,
    0x0, 0x0, 0x0, 0x0, 0x0, 0x0, 0x6f, 0x80,
    0x0, 0x0, 0x0, 0x0, 0xd, 0xdd, 0xdd, 0xdd,
    0xff, 0xfd, 0xdd, 0xdd, 0xdd, 0xd1, 0xf, 0xff,
    0xff, 0xff, 0xff, 0xff, 0xff, 0xff, 0xff, 0xf1,
    0x0, 0x0, 0x0, 0x0, 0xdf, 0xcf, 0x40, 0x0,
    0x0, 0x0, 0x0, 0x0, 0x0, 0x2, 0xfd, 0xbf,
    0x40, 0x0, 0x0, 0x0, 0x0, 0x0, 0x0, 0x8,
    0xf8, 0xbf, 0x40, 0x0, 0x0, 0x0, 0x0, 0x0,
    0x0, 0xe, 0xf2, 0xbf, 0x40, 0x0, 0x0, 0x0,
    0x0, 0x0, 0x0, 0x9f, 0xb0, 0xbf, 0x40, 0x0,
    0x1, 0x0, 0x0, 0x0, 0x5, 0xff, 0x20, 0xbf,
    0x40, 0x0, 0x7, 0xc2, 0x0, 0x0, 0x5f, 0xf6,
    0x0, 0xbf, 0x40, 0x0, 0x8, 0xf2, 0x0, 0x9,
    0xff, 0x80, 0x0, 0xaf, 0x50, 0x0, 0xb, 0xf0,
    0x7, 0xef, 0xf7, 0x0, 0x0, 0x8f, 0xfd, 0xdd,
    0xef, 0xc0, 0xa, 0xfc, 0x30, 0x0, 0x0, 0x1b,
    0xff, 0xff, 0xfd, 0x30, 0x0, 0x40, 0x0, 0x0,
    0x0, 0x0, 0x0, 0x0, 0x0, 0x0,

    /* U+65E5 "日" */
    0xbd, 0xdd, 0xdd, 0xdd, 0xdd, 0xdd, 0xd4, 0xef,
    0xff, 0xff, 0xff, 0xff, 0xff, 0xf6, 0xef, 0x21,
    0x11, 0x11, 0x11, 0x1b, 0xf6, 0xef, 0x10, 0x0,
    0x0, 0x0, 0xa, 0xf6, 0xef, 0x10, 0x0, 0x0,
    0x0, 0xa, 0xf6, 0xef, 0x10, 0x0, 0x0, 0x0,
    0xa, 0xf6, 0xef, 0x10, 0x0, 0x0, 0x0, 0xa,
    0xf6, 0xef, 0xed, 0xdd, 0xdd, 0xdd, 0xdf, 0xf6,
    0xef, 0xff, 0xff, 0xff, 0xff, 0xff, 0xf6, 0xef,
    0x10, 0x0, 0x0, 0x0, 0xb, 0xf6, 0xef, 0x10,
    0x0, 0x0, 0x0, 0xa, 0xf6, 0xef, 0x10, 0x0,
    0x0, 0x0, 0xa, 0xf6, 0xef, 0x10, 0x0, 0x0,
    0x0, 0xa, 0xf6, 0xef, 0x10, 0x0, 0x0, 0x0,
    0xa, 0xf6, 0xef, 0xed, 0xdd, 0xdd, 0xdd, 0xdf,
    0xf6, 0xef, 0xff, 0xff, 0xff, 0xff, 0xff, 0xf6,
    0xef, 0x10, 0x0, 0x0, 0x0, 0xb, 0xf6, 0xef,
    0x10, 0x0, 0x0, 0x0, 0xa, 0xf6, 0x11, 0x0,
    0x0, 0x0, 0x0, 0x0, 0x0,

    /* U+65E7 "旧" */
    0xcd, 0x10, 0xb, 0xbb, 0xbb, 0xbb, 0xbb, 0xbb,
    0xef, 0x10, 0x1f, 0xff, 0xff, 0xff, 0xff, 0xff,
    0xef, 0x10, 0x1f, 0xd0, 0x0, 0x0, 0x0, 0xff,
    0xef, 0x10, 0x1f, 0xd0, 0x0, 0x0, 0x0, 0xff,
    0xef, 0x10, 0x1f, 0xd0, 0x0, 0x0, 0x0, 0xff,
    0xef, 0x10, 0x1f, 0xd0, 0x0, 0x0, 0x0, 0xff,
    0xef, 0x10, 0x1f, 0xd0, 0x0, 0x0, 0x0, 0xff,
    0xef, 0x10, 0x1f, 0xfb, 0xbb, 0xbb, 0xbb, 0xff,
    0xef, 0x10, 0x1f, 0xff, 0xff, 0xff, 0xff, 0xff,
    0xef, 0x10, 0x1f, 0xd0, 0x0, 0x0, 0x0, 0xff,
    0xef, 0x10, 0x1f, 0xd0, 0x0, 0x0, 0x0, 0xff,
    0xef, 0x10, 0x1f, 0xd0, 0x0, 0x0, 0x0, 0xff,
    0xef, 0x10, 0x1f, 0xd0, 0x0, 0x0, 0x0, 0xff,
    0xef, 0x10, 0x1f, 0xd0, 0x0, 0x0, 0x0, 0xff,
    0xef, 0x10, 0x1f, 0xfb, 0xbb, 0xbb, 0xbb, 0xff,
    0xef, 0x10, 0x1f, 0xff, 0xff, 0xff, 0xff, 0xff,
    0xef, 0x10, 0x1f, 0xe0, 0x0, 0x0, 0x0, 0xff,
    0xef, 0x10, 0x1f, 0xd0, 0x0, 0x0, 0x0, 0xff,
    0x0, 0x0, 0x2, 0x20, 0x0, 0x0, 0x0, 0x0,

    /* U+65F6 "时" */
    0x0, 0x0, 0x0, 0x0, 0x0, 0x0, 0x0, 0xca,
    0x0, 0x3, 0x74, 0x44, 0x43, 0x0, 0x0, 0x0,
    0x1f, 0xd0, 0x0, 0xbf, 0xff, 0xff, 0xd0, 0x0,
    0x0, 0x1, 0xfd, 0x0, 0xb, 0xf8, 0x77, 0xfd,
    0x0, 0x0, 0x0, 0x1f, 0xd0, 0x0, 0xbf, 0x10,
    0xf, 0xd5, 0xff, 0xff, 0xff, 0xff, 0xff, 0x1b,
    0xf1, 0x0, 0xfd, 0x4d, 0xdd, 0xdd, 0xff, 0xfd,
    0xd1, 0xbf, 0x10, 0xf, 0xd0, 0x0, 0x0, 0x1,
    0xfd, 0x0, 0xb, 0xfa, 0x99, 0xfd, 0x1, 0x80,
    0x0, 0x1f, 0xd0, 0x0, 0xbf, 0xff, 0xff, 0xd0,
    0x9f, 0x80, 0x1, 0xfd, 0x0, 0xb, 0xf1, 0x0,
    0xfd, 0x1, 0xef, 0x30, 0x1f, 0xd0, 0x0, 0xbf,
    0x10, 0xf, 0xd0, 0x5, 0xfd, 0x1, 0xfd, 0x0,
    0xb, 0xf1, 0x0, 0xfd, 0x0, 0xb, 0xf7, 0x1f,
    0xd0, 0x0, 0xbf, 0x10, 0xf, 0xd0, 0x0, 0x2a,
    0x21, 0xfd, 0x0, 0xb, 0xfc, 0xbb, 0xfd, 0x0,
    0x0, 0x0, 0x1f, 0xd0, 0x0, 0xbf, 0xff, 0xff,
    0xd0, 0x0, 0x0, 0x1, 0xfd, 0x0, 0xb, 0xf1,
    0x0, 0x0, 0x0, 0x0, 0x0, 0x1f, 0xd0, 0x0,
    0x69, 0x0, 0x0, 0x0, 0x0, 0x0, 0x1, 0xfd,
    0x0, 0x0, 0x0, 0x0, 0x0, 0x0, 0xb, 0xdd,
    0xef, 0xb0, 0x0, 0x0, 0x0, 0x0, 0x0, 0x0,
    0x8f, 0xff, 0xc3, 0x0, 0x0, 0x0, 0x0, 0x0,
    0x0, 0x0, 0x0, 0x0, 0x0, 0x0,

    /* U+661F "星" */
    0x0, 0x1, 0x22, 0x22, 0x22, 0x22, 0x22, 0x22,
    0x10, 0x0, 0x0, 0xcf, 0xff, 0xff, 0xff, 0xff,
    0xff, 0xfe, 0x0, 0x0, 0xc, 0xf6, 0x55, 0x55,
    0x55, 0x55, 0x6f, 0xe0, 0x0, 0x0, 0xcf, 0x43,
    0x33, 0x33, 0x33, 0x34, 0xfe, 0x0, 0x0, 0xc,
    0xff, 0xff, 0xff, 0xff, 0xff, 0xff, 0xe0, 0x0,
    0x0, 0xcf, 0x43, 0x33, 0x33, 0x33, 0x34, 0xfe,
    0x0, 0x0, 0xc, 0xf5, 0x55, 0x55, 0x55, 0x55,
    0x5f, 0xe0, 0x0, 0x0, 0xcf, 0xff, 0xff, 0xff,
    0xff, 0xff, 0xfe, 0x0, 0x0, 0x1, 0xdb, 0x32,
    0x29, 0x92, 0x22, 0x22, 0x10, 0x0, 0x0, 0x6f,
    0xb0, 0x0, 0xff, 0x0, 0x0, 0x0, 0x0, 0x0,
    0x3f, 0xff, 0xff, 0xff, 0xff, 0xff, 0xff, 0xf8,
    0x0, 0x2e, 0xfe, 0x99, 0x99, 0xff, 0x99, 0x99,
    0x99, 0x40, 0xc, 0xf8, 0x0, 0x0, 0xf, 0xf0,
    0x0, 0x0, 0x0, 0x0, 0x5, 0x5f, 0xff, 0xff,
    0xff, 0xff, 0xff, 0xfb, 0x0, 0x0, 0x3, 0x88,
    0x88, 0x8f, 0xf8, 0x88, 0x88, 0x60, 0x0, 0x0,
    0x0, 0x0, 0x0, 0xff, 0x0, 0x0, 0x0, 0x0,
    0x3, 0x44, 0x44, 0x44, 0x4f, 0xf4, 0x44, 0x44,
    0x44, 0x30, 0xdf, 0xff, 0xff, 0xff, 0xff, 0xff,
    0xff, 0xff, 0xfc, 0xd, 0xff, 0xff, 0xff, 0xff,
    0xff, 0xff, 0xff, 0xff, 0xc0,

    /* U+663E "显" */
    0x0, 0xc, 0xff, 0xff, 0xff, 0xff, 0xff, 0xff,
    0xc0, 0x0, 0x0, 0xc, 0xf9, 0x88, 0x88, 0x88,
    0x88, 0x9f, 0xd0, 0x0, 0x0, 0xc, 0xf1, 0x0,
    0x0, 0x0, 0x0, 0x1f, 0xd0, 0x0, 0x0, 0xc,
    0xff, 0xff, 0xff, 0xff, 0xff, 0xff, 0xd0, 0x0,
    0x0, 0xc, 0xf8, 0x77, 0x77, 0x77, 0x77, 0x8f,
    0xd0, 0x0, 0x0, 0xc, 0xf1, 0x0, 0x0, 0x0,
    0x0, 0x1f, 0xd0, 0x0, 0x0, 0xc, 0xf9, 0x88,
    0x88, 0x88, 0x88, 0x9f, 0xd0, 0x0, 0x0, 0xc,
    0xff, 0xff, 0xff, 0xff, 0xff, 0xff, 0xc0, 0x0,
    0x0, 0x0, 0x0, 0x5, 0x30, 0x4, 0x50, 0x0,
    0x0, 0x0, 0x0, 0x26, 0x0, 0x1f, 0xb0, 0xd,
    0xf0, 0x0, 0x93, 0x0, 0x0, 0x8f, 0x50, 0x1f,
    0xb0, 0xd, 0xf0, 0x7, 0xf8, 0x0, 0x0, 0xe,
    0xe0, 0x1f, 0xb0, 0xd, 0xf0, 0x2f, 0xe0, 0x0,
    0x0, 0x7, 0xf7, 0x1f, 0xb0, 0xd, 0xf0, 0xcf,
    0x40, 0x0, 0x0, 0x0, 0xd6, 0x1f, 0xb0, 0xd,
    0xf1, 0x98, 0x0, 0x0, 0x0, 0x0, 0x0, 0x2f,
    0xc0, 0xe, 0xf0, 0x0, 0x0, 0x0, 0x2f, 0xff,
    0xff, 0xff, 0xff, 0xff, 0xff, 0xff, 0xff, 0xf2,
    0x2c, 0xcc, 0xcc, 0xcc, 0xcc, 0xcc, 0xcc, 0xcc,
    0xcc, 0xc2,

    /* U+666F "景" */
    0x0, 0x2, 0x33, 0x33, 0x33, 0x33, 0x33, 0x33,
    0x20, 0x0, 0x0, 0xbf, 0xff, 0xff, 0xff, 0xff,
    0xff, 0xfa, 0x0, 0x0, 0xb, 0xf1, 0x0, 0x0,
    0x0, 0x0, 0x3f, 0xa0, 0x0, 0x0, 0xbf, 0xff,
    0xff, 0xff, 0xff, 0xff, 0xfa, 0x0, 0x0, 0xb,
    0xf2, 0x11, 0x11, 0x11, 0x11, 0x5f, 0xa0, 0x0,
    0x0, 0xbf, 0xee, 0xee, 0xee, 0xee, 0xee, 0xfa,
    0x0, 0x0, 0x4, 0x55, 0x55, 0x8f, 0xb5, 0x55,
    0x55, 0x30, 0x0, 0x78, 0x88, 0x88, 0x89, 0xff,
    0x98, 0x88, 0x88, 0x86, 0xe, 0xff, 0xff, 0xff,
    0xff, 0xff, 0xff, 0xff, 0xff, 0xc0, 0x11, 0x11,
    0x11, 0x11, 0x11, 0x11, 0x11, 0x11, 0x10, 0x0,
    0x4, 0xff, 0xff, 0xff, 0xff, 0xff, 0xff, 0x50,
    0x0, 0x0, 0x4f, 0xb6, 0x66, 0x66, 0x66, 0x6b,
    0xf5, 0x0, 0x0, 0x4, 0xfa, 0x33, 0x33, 0x33,
    0x33, 0xaf, 0x50, 0x0, 0x0, 0x4f, 0xff, 0xff,
    0xff, 0xff, 0xff, 0xf5, 0x0, 0x0, 0x0, 0x24,
    0x22, 0x2f, 0xf2, 0x24, 0x22, 0x0, 0x0, 0x0,
    0x8, 0xfd, 0x10, 0xff, 0x5, 0xfd, 0x60, 0x0,
    0x0, 0x6e, 0xfd, 0x20, 0xf, 0xf0, 0x7, 0xef,
    0xd4, 0x0, 0xdf, 0xf7, 0x3, 0x67, 0xfe, 0x0,
    0x0, 0x8f, 0xf7, 0x2, 0x81, 0x0, 0x2f, 0xfe,
    0x70, 0x0, 0x0, 0x29, 0x0, 0x0, 0x0, 0x0,
    0x0, 0x0, 0x0, 0x0, 0x0, 0x0,

    /* U+6674 "晴" */
    0x0, 0x0, 0x0, 0x0, 0x0, 0x0, 0x0, 0x0,
    0x0, 0x0, 0x0, 0x0, 0x0, 0x0, 0x0, 0xbf,
    0x20, 0x0, 0x0, 0x5d, 0xaa, 0xa7, 0x7, 0x77,
    0x7f, 0xf9, 0x77, 0x74, 0x9, 0xff, 0xff, 0xb1,
    0xee, 0xee, 0xff, 0xfe, 0xee, 0x80, 0x9f, 0x0,
    0xeb, 0x0, 0x0, 0xc, 0xf2, 0x0, 0x0, 0x9,
    0xf0, 0xe, 0xb0, 0x9f, 0xff, 0xff, 0xff, 0xff,
    0x30, 0x9f, 0x0, 0xeb, 0x2, 0x44, 0x4f, 0xf6,
    0x44, 0x40, 0x9, 0xf0, 0xe, 0xb6, 0xaa, 0xaa,
    0xff, 0xca, 0xaa, 0xa0, 0x9f, 0xee, 0xfb, 0x7c,
    0xcc, 0xcd, 0xec, 0xcc, 0xcc, 0x9, 0xff, 0xff,
    0xb0, 0x0, 0x0, 0x0, 0x0, 0x0, 0x0, 0x9f,
    0x0, 0xeb, 0x0, 0xff, 0xff, 0xff, 0xff, 0xf1,
    0x9, 0xf0, 0xe, 0xb0, 0xf, 0xd6, 0x66, 0x66,
    0xff, 0x20, 0x9f, 0x0, 0xeb, 0x0, 0xff, 0x55,
    0x55, 0x5f, 0xf2, 0x9, 0xf0, 0xe, 0xb0, 0xf,
    0xff, 0xff, 0xff, 0xff, 0x20, 0x9f, 0xee, 0xfb,
    0x0, 0xfc, 0x0, 0x0, 0xa, 0xf2, 0x9, 0xfa,
    0xaa, 0x70, 0xf, 0xff, 0xff, 0xff, 0xff, 0x20,
    0x9f, 0x0, 0x0, 0x0, 0xff, 0x55, 0x55, 0x5f,
    0xf2, 0x4, 0x70, 0x0, 0x0, 0xf, 0xc0, 0x0,
    0x0, 0xaf, 0x20, 0x0, 0x0, 0x0, 0x0, 0xfc,
    0x0, 0x8, 0x8d, 0xf1, 0x0, 0x0, 0x0, 0x0,
    0xf, 0xc0, 0x0, 0xaf, 0xe8, 0x0,

    /* U+6700 "最" */
    0x0, 0x2, 0x33, 0x33, 0x33, 0x33, 0x33, 0x33,
    0x0, 0x0, 0x0, 0xc, 0xff, 0xff, 0xff, 0xff,
    0xff, 0xff, 0x30, 0x0, 0x0, 0xc, 0xf1, 0x0,
    0x0, 0x0, 0x0, 0xbf, 0x30, 0x0, 0x0, 0xc,
    0xff, 0xff, 0xff, 0xff, 0xff, 0xff, 0x30, 0x0,
    0x0, 0xc, 0xf5, 0x44, 0x44, 0x44, 0x44, 0xcf,
    0x30, 0x0, 0x0, 0xc, 0xf5, 0x44, 0x44, 0x44,
    0x44, 0xcf, 0x30, 0x0, 0x0, 0xb, 0xff, 0xff,
    0xff, 0xff, 0xff, 0xff, 0x20, 0x0, 0x16, 0x66,
    0x66, 0x66, 0x66, 0x66, 0x66, 0x66, 0x66, 0x60,
    0x4f, 0xff, 0xff, 0xff, 0xff, 0xff, 0xff, 0xff,
    0xff, 0xf1, 0x1, 0x8f, 0x61, 0x15, 0xfa, 0x11,
    0x11, 0x11, 0x11, 0x10, 0x0, 0x6f, 0xc7, 0x7b,
    0xf8, 0x68, 0x88, 0x88, 0xb7, 0x20, 0x0, 0x6f,
    0xfe, 0xef, 0xf8, 0xbf, 0xff, 0xff, 0xff, 0x40,
    0x0, 0x6f, 0x61, 0x15, 0xf8, 0xd, 0xe0, 0x3,
    0xfe, 0x0, 0x0, 0x6f, 0xff, 0xff, 0xf8, 0x6,
    0xf8, 0xc, 0xf5, 0x0, 0x0, 0x6f, 0x94, 0x48,
    0xf8, 0x0, 0xcf, 0xff, 0xb0, 0x0, 0x1, 0x9f,
    0xb7, 0x9f, 0xff, 0x80, 0x2f, 0xff, 0x20, 0x0,
    0x3f, 0xff, 0xff, 0xff, 0xff, 0x54, 0xdf, 0xff,
    0xe7, 0x10, 0x2b, 0x97, 0x53, 0x14, 0xf8, 0xbf,
    0xf9, 0x1a, 0xff, 0xf2, 0x0, 0x0, 0x0, 0x4,
    0xf8, 0x5a, 0x30, 0x0, 0x3a, 0x60,

    /* U+6708 "月" */
    0x0, 0x0, 0xef, 0xee, 0xee, 0xee, 0xee, 0xff,
    0xb0, 0x0, 0xf, 0xff, 0xff, 0xff, 0xff, 0xff,
    0xfd, 0x0, 0x0, 0xfe, 0x0, 0x0, 0x0, 0x0,
    0x3f, 0xd0, 0x0, 0xf, 0xe0, 0x0, 0x0, 0x0,
    0x3, 0xfd, 0x0, 0x0, 0xff, 0x0, 0x0, 0x0,
    0x0, 0x3f, 0xd0, 0x0, 0xf, 0xff, 0xff, 0xff,
    0xff, 0xff, 0xfd, 0x0, 0x0, 0xff, 0xcc, 0xcc,
    0xcc, 0xcc, 0xff, 0xd0, 0x0, 0x1f, 0xd0, 0x0,
    0x0, 0x0, 0x3, 0xfd, 0x0, 0x1, 0xfd, 0x0,
    0x0, 0x0, 0x0, 0x3f, 0xd0, 0x0, 0x3f, 0xd1,
    0x11, 0x11, 0x11, 0x14, 0xfd, 0x0, 0x5, 0xff,
    0xff, 0xff, 0xff, 0xff, 0xff, 0xd0, 0x0, 0x8f,
    0xfc, 0xcc, 0xcc, 0xcc, 0xcf, 0xfd, 0x0, 0xc,
    0xf3, 0x0, 0x0, 0x0, 0x0, 0x3f, 0xd0, 0x2,
    0xfe, 0x0, 0x0, 0x0, 0x0, 0x3, 0xfd, 0x0,
    0xaf, 0x80, 0x0, 0x0, 0x0, 0x0, 0x3f, 0xd0,
    0x5f, 0xf1, 0x0, 0x0, 0x0, 0x0, 0x3, 0xfc,
    0x3f, 0xf6, 0x0, 0x0, 0x0, 0x4e, 0xee, 0xff,
    0xa0, 0x99, 0x0, 0x0, 0x0, 0x0, 0xef, 0xfe,
    0xb2, 0x0, 0x0, 0x0, 0x0, 0x0, 0x0, 0x0,
    0x0, 0x0,

    /* U+6709 "有" */
    0x0, 0x0, 0x0, 0x5, 0x72, 0x0, 0x0, 0x0,
    0x0, 0x0, 0x0, 0x0, 0x0, 0xcf, 0x40, 0x0,
    0x0, 0x0, 0x0, 0x1, 0x22, 0x22, 0x4f, 0xf2,
    0x22, 0x22, 0x22, 0x22, 0x20, 0xbf, 0xff, 0xff,
    0xff, 0xff, 0xff, 0xff, 0xff, 0xfe, 0x7, 0xaa,
    0xab, 0xff, 0xba, 0xaa, 0xaa, 0xaa, 0xaa, 0x90,
    0x0, 0x0, 0x8f, 0x90, 0x0, 0x0, 0x0, 0x0,
    0x0, 0x0, 0x0, 0x3f, 0xfb, 0xaa, 0xaa, 0xaa,
    0xda, 0x50, 0x0, 0x0, 0xe, 0xff, 0xff, 0xff,
    0xff, 0xff, 0xf8, 0x0, 0x0, 0xa, 0xff, 0xc0,
    0x0, 0x0, 0x0, 0x5f, 0x80, 0x0, 0x9, 0xfe,
    0xfd, 0x0, 0x0, 0x0, 0x5, 0xf8, 0x0, 0xa,
    0xfe, 0x2f, 0xff, 0xff, 0xff, 0xff, 0xff, 0x80,
    0x0, 0xac, 0x11, 0xff, 0x99, 0x99, 0x99, 0x9e,
    0xf8, 0x0, 0x0, 0x0, 0x1f, 0xc0, 0x0, 0x0,
    0x0, 0x5f, 0x80, 0x0, 0x0, 0x1, 0xff, 0xff,
    0xff, 0xff, 0xff, 0xf8, 0x0, 0x0, 0x0, 0x1f,
    0xfa, 0xaa, 0xaa, 0xaa, 0xff, 0x80, 0x0, 0x0,
    0x1, 0xfc, 0x0, 0x0, 0x0, 0x5, 0xf8, 0x0,
    0x0, 0x0, 0x1f, 0xc0, 0x0, 0x0, 0x0, 0x5f,
    0x80, 0x0, 0x0, 0x1, 0xfc, 0x0, 0x0, 0x4c,
    0xce, 0xf7, 0x0, 0x0, 0x0, 0x1f, 0xc0, 0x0,
    0x0, 0xff, 0xeb, 0x10, 0x0,

    /* U+672C "本" */
    0x0, 0x0, 0x0, 0x0, 0xf, 0xf0, 0x0, 0x0,
    0x0, 0x0, 0x0, 0x0, 0x0, 0x0, 0xf, 0xf0,
    0x0, 0x0, 0x0, 0x0, 0x0, 0x0, 0x0, 0x0,
    0xf, 0xf0, 0x0, 0x0, 0x0, 0x0, 0x0, 0x0,
    0x0, 0x0, 0xf, 0xf0, 0x0, 0x0, 0x0, 0x0,
    0xa, 0xee, 0xee, 0xef, 0xef, 0xfe, 0xfe, 0xee,
    0xee, 0xb0, 0xc, 0xff, 0xff, 0xff, 0xff, 0xff,
    0xff, 0xff, 0xff, 0xc0, 0x0, 0x0, 0x0, 0x7f,
    0x9f, 0xfa, 0xf5, 0x0, 0x0, 0x0, 0x0, 0x0,
    0x0, 0xdf, 0x2f, 0xf3, 0xfd, 0x0, 0x0, 0x0,
    0x0, 0x0, 0x7, 0xfa, 0xf, 0xf0, 0xbf, 0x50,
    0x0, 0x0, 0x0, 0x0, 0x1f, 0xf2, 0xf, 0xf0,
    0x3f, 0xe1, 0x0, 0x0, 0x0, 0x0, 0xcf, 0x80,
    0xf, 0xf0, 0x9, 0xfc, 0x0, 0x0, 0x0, 0x9,
    0xfd, 0x0, 0xf, 0xf0, 0x1, 0xef, 0xa0, 0x0,
    0x0, 0x8f, 0xf2, 0x0, 0xf, 0xf0, 0x0, 0x3f,
    0xfa, 0x0, 0xa, 0xff, 0xbd, 0xdd, 0xef, 0xfd,
    0xdd, 0xdb, 0xff, 0xc1, 0x1d, 0xf5, 0x7f, 0xff,
    0xff, 0xff, 0xff, 0xf7, 0x6f, 0xa0, 0x1, 0x30,
    0x0, 0x0, 0x1f, 0xf0, 0x0, 0x0, 0x3, 0x0,
    0x0, 0x0, 0x0, 0x0, 0xf, 0xf0, 0x0, 0x0,
    0x0, 0x0, 0x0, 0x0, 0x0, 0x0, 0xf, 0xf0,
    0x0, 0x0, 0x0, 0x0, 0x0, 0x0, 0x0, 0x0,
    0xf, 0xf0, 0x0, 0x0, 0x0, 0x0,

    /* U+673A "机" */
    0x0, 0x0, 0xde, 0x0, 0x0, 0x0, 0x0, 0x0,
    0x0, 0x0, 0x0, 0x0, 0xdf, 0x0, 0x1, 0xcf,
    0xcc, 0xcf, 0xa0, 0x0, 0x0, 0x0, 0xdf, 0x0,
    0x2, 0xff, 0xff, 0xff, 0xe0, 0x0, 0x0, 0x0,
    0xdf, 0x0, 0x2, 0xfc, 0x0, 0xf, 0xe0, 0x0,
    0xc, 0xcc, 0xff, 0xcc, 0x92, 0xfb, 0x0, 0xf,
    0xe0, 0x0, 0xf, 0xff, 0xff, 0xff, 0xc2, 0xfb,
    0x0, 0xf, 0xe0, 0x0, 0x0, 0x4, 0xff, 0x0,
    0x2, 0xfb, 0x0, 0xf, 0xe0, 0x0, 0x0, 0x8,
    0xff, 0x0, 0x2, 0xfb, 0x0, 0xf, 0xe0, 0x0,
    0x0, 0xe, 0xff, 0xa0, 0x2, 0xfa, 0x0, 0xf,
    0xe0, 0x0, 0x0, 0x4f, 0xff, 0xf8, 0x3, 0xfa,
    0x0, 0xf, 0xe0, 0x0, 0x0, 0xbe, 0xdf, 0xaf,
    0x53, 0xf9, 0x0, 0xf, 0xe0, 0x0, 0x2, 0xf8,
    0xdf, 0x1e, 0xb6, 0xf6, 0x0, 0xf, 0xe0, 0x0,
    0xb, 0xf1, 0xdf, 0x5, 0x18, 0xf4, 0x0, 0xf,
    0xe0, 0x0, 0x5f, 0x90, 0xdf, 0x0, 0xb, 0xf1,
    0x0, 0xf, 0xe0, 0x30, 0x1e, 0x10, 0xdf, 0x0,
    0xf, 0xd0, 0x0, 0xf, 0xe0, 0xc9, 0x2, 0x0,
    0xdf, 0x0, 0x6f, 0x80, 0x0, 0xf, 0xe0, 0xc9,
    0x0, 0x0, 0xdf, 0x0, 0xef, 0x10, 0x0, 0xf,
    0xe0, 0xd8, 0x0, 0x0, 0xdf, 0xb, 0xf8, 0x0,
    0x0, 0xe, 0xfc, 0xf7, 0x0, 0x0, 0xdf, 0x5,
    0xb0, 0x0, 0x0, 0x7, 0xff, 0xd1,

    /* U+6807 "标" */
    0x0, 0x1, 0xea, 0x0, 0x0, 0x0, 0x0, 0x0,
    0x0, 0x0, 0x0, 0x1, 0xfc, 0x0, 0x5, 0x77,
    0x77, 0x77, 0x77, 0x0, 0x0, 0x1, 0xfc, 0x0,
    0xb, 0xff, 0xff, 0xff, 0xff, 0x10, 0x0, 0x1,
    0xfc, 0x0, 0x3, 0x44, 0x44, 0x44, 0x44, 0x0,
    0xc, 0xcd, 0xff, 0xcc, 0x30, 0x0, 0x0, 0x0,
    0x0, 0x0, 0xf, 0xff, 0xff, 0xff, 0x40, 0x0,
    0x0, 0x0, 0x0, 0x0, 0x0, 0xb, 0xff, 0x0,
    0x6c, 0xcc, 0xcc, 0xcc, 0xcc, 0xc2, 0x0, 0xf,
    0xff, 0x90, 0x9f, 0xff, 0xff, 0xff, 0xff, 0xf3,
    0x0, 0x4f, 0xff, 0xf6, 0x0, 0x0, 0x7f, 0x70,
    0x0, 0x0, 0x0, 0xbf, 0xfc, 0xaf, 0x20, 0x0,
    0x7f, 0x70, 0x0, 0x0, 0x1, 0xfa, 0xfc, 0x2d,
    0x5, 0x91, 0x7f, 0x73, 0xa3, 0x0, 0x9, 0xf3,
    0xfc, 0x1, 0xc, 0xf0, 0x7f, 0x73, 0xfa, 0x0,
    0x3f, 0xc1, 0xfc, 0x0, 0x1f, 0xb0, 0x7f, 0x70,
    0xcf, 0x10, 0x1f, 0x41, 0xfc, 0x0, 0x5f, 0x60,
    0x7f, 0x70, 0x7f, 0x60, 0x4, 0x1, 0xfc, 0x0,
    0xcf, 0x0, 0x7f, 0x70, 0x2f, 0xb0, 0x0, 0x1,
    0xfc, 0x5, 0xf9, 0x0, 0x7f, 0x70, 0xd, 0xf0,
    0x0, 0x1, 0xfc, 0x5, 0xe1, 0x0, 0x7f, 0x70,
    0x9, 0xe2, 0x0, 0x1, 0xfc, 0x0, 0x0, 0xae,
    0xff, 0x60, 0x1, 0x0, 0x0, 0x1, 0xfc, 0x0,
    0x0, 0x7f, 0xfa, 0x0, 0x0, 0x0, 0x0, 0x0,
    0x11, 0x0, 0x0, 0x0, 0x0, 0x0, 0x0, 0x0,

    /* U+6837 "样" */
    0x0, 0x9, 0xd1, 0x0, 0x18, 0x50, 0x0, 0x2,
    0xb5, 0x0, 0x0, 0xbf, 0x10, 0x2, 0xfe, 0x10,
    0x0, 0x8f, 0x80, 0x0, 0xb, 0xf1, 0x0, 0x8,
    0xf8, 0x0, 0xe, 0xf1, 0x0, 0x0, 0xcf, 0x10,
    0x0, 0x2f, 0x80, 0x8, 0xf9, 0x0, 0x2f, 0xff,
    0xff, 0xf5, 0xff, 0xff, 0xff, 0xff, 0xff, 0x81,
    0xbb, 0xff, 0xdb, 0x3b, 0xbb, 0xbf, 0xfc, 0xbb,
    0xb5, 0x0, 0xf, 0xf3, 0x0, 0x0, 0x0, 0xdf,
    0x10, 0x0, 0x0, 0x2, 0xff, 0xd0, 0x0, 0x0,
    0xd, 0xf1, 0x0, 0x0, 0x0, 0x7f, 0xff, 0x60,
    0x9f, 0xff, 0xff, 0xff, 0xfd, 0x0, 0xd, 0xff,
    0xaf, 0x27, 0xcc, 0xcf, 0xfd, 0xcc, 0xa0, 0x4,
    0xff, 0xf2, 0xe2, 0x0, 0x0, 0xdf, 0x10, 0x0,
    0x0, 0xbe, 0xbf, 0x11, 0x0, 0x0, 0xd, 0xf1,
    0x0, 0x0, 0x5f, 0x8b, 0xf1, 0xb, 0xcc, 0xcc,
    0xff, 0xdc, 0xcc, 0xa4, 0xf2, 0xbf, 0x10, 0xef,
    0xff, 0xff, 0xff, 0xff, 0xfd, 0x6, 0xb, 0xf1,
    0x0, 0x0, 0x0, 0xdf, 0x10, 0x0, 0x0, 0x0,
    0xbf, 0x10, 0x0, 0x0, 0xd, 0xf1, 0x0, 0x0,
    0x0, 0xb, 0xf1, 0x0, 0x0, 0x0, 0xdf, 0x10,
    0x0, 0x0, 0x0, 0xbf, 0x10, 0x0, 0x0, 0xd,
    0xf1, 0x0, 0x0, 0x0, 0xb, 0xf1, 0x0, 0x0,
    0x0, 0xdf, 0x10, 0x0, 0x0,

    /* U+683C "格" */
    0x0, 0x1, 0xea, 0x0, 0x0, 0x8, 0xb3, 0x0,
    0x0, 0x0, 0x0, 0x1, 0xfb, 0x0, 0x0, 0xf,
    0xe0, 0x0, 0x0, 0x0, 0x0, 0x1, 0xfb, 0x0,
    0x0, 0x9f, 0xfc, 0xcc, 0xf8, 0x0, 0x0, 0x1,
    0xfb, 0x0, 0x3, 0xff, 0xed, 0xdf, 0xfb, 0x0,
    0xa, 0xbc, 0xff, 0xbb, 0x3f, 0xff, 0x0, 0xa,
    0xf5, 0x0, 0xe, 0xff, 0xff, 0xff, 0xff, 0xff,
    0x70, 0x4f, 0xc0, 0x0, 0x0, 0x8, 0xfd, 0x5,
    0xfb, 0xc, 0xf7, 0xef, 0x20, 0x0, 0x0, 0xb,
    0xff, 0x50, 0x20, 0x2, 0xff, 0xf6, 0x0, 0x0,
    0x0, 0xf, 0xff, 0xf3, 0x0, 0x4, 0xff, 0xf8,
    0x0, 0x0, 0x0, 0x5f, 0xfc, 0xee, 0x1, 0x9f,
    0xf9, 0xef, 0xd4, 0x0, 0x0, 0xcc, 0xfb, 0x4d,
    0x8f, 0xfd, 0x30, 0x1a, 0xff, 0xd4, 0x3, 0xf6,
    0xfb, 0xc, 0xff, 0xfa, 0xaa, 0xaa, 0xef, 0xe1,
    0xc, 0xe1, 0xfb, 0x2, 0x6b, 0xff, 0xff, 0xff,
    0xfe, 0x0, 0x3f, 0x71, 0xfb, 0x0, 0xb, 0xf1,
    0x0, 0x0, 0xfe, 0x0, 0x9, 0x1, 0xfb, 0x0,
    0xb, 0xf1, 0x0, 0x0, 0xfe, 0x0, 0x0, 0x1,
    0xfb, 0x0, 0xb, 0xf1, 0x0, 0x0, 0xfe, 0x0,
    0x0, 0x1, 0xfb, 0x0, 0xb, 0xfc, 0xbb, 0xbb,
    0xfe, 0x0, 0x0, 0x1, 0xfb, 0x0, 0xb, 0xff,
    0xff, 0xff, 0xfe, 0x0, 0x0, 0x1, 0xfb, 0x0,
    0xb, 0xf1, 0x0, 0x0, 0xfe, 0x0, 0x0, 0x0,
    0x0, 0x0, 0x0, 0x10, 0x0, 0x0, 0x0, 0x0,

    /* U+6863 "档" */
    0x0, 0x1, 0xe9, 0x0, 0x0, 0x0, 0xad, 0x10,
    0x0, 0x0, 0x0, 0x2, 0xfa, 0x0, 0x45, 0x0,
    0xbf, 0x10, 0x7, 0x40, 0x0, 0x2, 0xfa, 0x0,
    0xcf, 0x0, 0xbf, 0x10, 0x3f, 0xd0, 0x0, 0x2,
    0xfa, 0x0, 0x5f, 0x60, 0xbf, 0x10, 0x9f, 0x60,
    0x9, 0xbd, 0xff, 0xbb, 0x1e, 0xc0, 0xbf, 0x10,
    0xfe, 0x0, 0xe, 0xff, 0xff, 0xff, 0x19, 0xf1,
    0xbf, 0x18, 0xf7, 0x0, 0x0, 0xb, 0xff, 0x0,
    0x2, 0x20, 0xbf, 0x13, 0x70, 0x0, 0x0, 0xe,
    0xff, 0x52, 0xbb, 0xbb, 0xff, 0xcb, 0xbb, 0x90,
    0x0, 0x2f, 0xff, 0xe4, 0xff, 0xff, 0xff, 0xff,
    0xff, 0xd0, 0x0, 0x7f, 0xfc, 0xfc, 0x11, 0x11,
    0x11, 0x11, 0x1f, 0xd0, 0x0, 0xeb, 0xfa, 0x9e,
    0x10, 0x0, 0x0, 0x0, 0xf, 0xd0, 0x5, 0xf5,
    0xfa, 0x12, 0x7a, 0xaa, 0xaa, 0xaa, 0xaf, 0xd0,
    0xe, 0xd2, 0xfa, 0x0, 0xbf, 0xff, 0xff, 0xff,
    0xff, 0xd0, 0x2f, 0x62, 0xfa, 0x0, 0x0, 0x0,
    0x0, 0x0, 0xf, 0xd0, 0x6, 0x2, 0xfa, 0x0,
    0x0, 0x0, 0x0, 0x0, 0xf, 0xd0, 0x0, 0x2,
    0xfa, 0x6, 0xaa, 0xaa, 0xaa, 0xaa, 0xaf, 0xd0,
    0x0, 0x2, 0xfa, 0x9, 0xff, 0xff, 0xff, 0xff,
    0xff, 0xd0, 0x0, 0x2, 0xfa, 0x1, 0x33, 0x33,
    0x33, 0x33, 0x3f, 0xd0, 0x0, 0x2, 0xfa, 0x0,
    0x0, 0x0, 0x0, 0x0, 0xf, 0xd0,

    /* U+6A21 "模" */
    0x0, 0x0, 0x0, 0x0, 0x0, 0x0, 0x0, 0x0,
    0x0, 0x0, 0x0, 0xb, 0xf1, 0x0, 0x0, 0xfc,
    0x0, 0x7f, 0x50, 0x0, 0x0, 0xb, 0xf1, 0x5,
    0x88, 0xff, 0x88, 0xff, 0xe8, 0x70, 0x0, 0xb,
    0xf1, 0xb, 0xff, 0xff, 0xff, 0xff, 0xff, 0xf0,
    0x4, 0x4f, 0xf5, 0x40, 0x0, 0xfd, 0x0, 0x8f,
    0x60, 0x0, 0x1f, 0xff, 0xff, 0xf0, 0x1, 0x76,
    0x11, 0x47, 0x30, 0x0, 0xa, 0xaf, 0xfc, 0xa0,
    0xff, 0xff, 0xff, 0xff, 0xff, 0x0, 0x0, 0xf,
    0xf3, 0x0, 0xfd, 0x44, 0x44, 0x44, 0xef, 0x0,
    0x0, 0x2f, 0xfc, 0x0, 0xfd, 0x55, 0x55, 0x55,
    0xef, 0x0, 0x0, 0x7f, 0xff, 0x60, 0xff, 0xff,
    0xff, 0xff, 0xff, 0x0, 0x0, 0xcf, 0xfb, 0xe1,
    0xfc, 0x0, 0x0, 0x0, 0xef, 0x0, 0x2, 0xff,
    0xf3, 0xf4, 0xff, 0xff, 0xff, 0xff, 0xff, 0x0,
    0x9, 0xfc, 0xf1, 0x30, 0x45, 0x55, 0xff, 0x55,
    0x54, 0x0, 0x2f, 0xab, 0xf1, 0x0, 0x0, 0x4,
    0xfb, 0x0, 0x0, 0x0, 0x3f, 0x4b, 0xf1, 0x1f,
    0xff, 0xff, 0xff, 0xff, 0xff, 0xf0, 0x8, 0xb,
    0xf1, 0x8, 0x88, 0x8f, 0xff, 0xf8, 0x88, 0x70,
    0x0, 0xb, 0xf1, 0x0, 0x0, 0x9f, 0xb7, 0xfb,
    0x0, 0x0, 0x0, 0xb, 0xf1, 0x0, 0x3b, 0xfe,
    0x10, 0xbf, 0xd4, 0x0, 0x0, 0xb, 0xf1, 0x5d,
    0xff, 0xc1, 0x0, 0x9, 0xff, 0xe2, 0x0, 0xb,
    0xf1, 0x1e, 0xa4, 0x0, 0x0, 0x0, 0x4b, 0x90,
    0x0, 0x0, 0x0, 0x0, 0x0, 0x0, 0x0, 0x0,
    0x0, 0x0,

    /* U+6B21 "次" */
    0x0, 0x0, 0x0, 0x0, 0x0, 0x0, 0x0, 0x0,
    0x0, 0x0, 0x0, 0x0, 0x0, 0x0, 0x3f, 0xb0,
    0x0, 0x0, 0x0, 0x0, 0x2, 0x80, 0x0, 0x0,
    0x7f, 0x90, 0x0, 0x0, 0x0, 0x0, 0xb, 0xfe,
    0x40, 0x0, 0xbf, 0x50, 0x0, 0x0, 0x0, 0x0,
    0x0, 0x9f, 0xf9, 0x1, 0xff, 0xed, 0xdd, 0xdd,
    0xdf, 0x70, 0x0, 0x4, 0xfa, 0x7, 0xff, 0xff,
    0xff, 0xff, 0xff, 0xd0, 0x0, 0x0, 0x20, 0xd,
    0xf6, 0x12, 0x31, 0x11, 0x9f, 0x80, 0x0, 0x0,
    0x0, 0x5f, 0xe0, 0xc, 0xf3, 0x0, 0xdf, 0x30,
    0x0, 0x0, 0x0, 0xef, 0x70, 0xe, 0xf3, 0x3,
    0xfc, 0x0, 0x0, 0x0, 0x2, 0xbd, 0x0, 0xf,
    0xf6, 0x9, 0xf6, 0x0, 0x0, 0x0, 0x75, 0x1,
    0x0, 0xf, 0xf9, 0x0, 0x40, 0x0, 0x0, 0x1,
    0xff, 0x10, 0x0, 0x3f, 0xfd, 0x0, 0x0, 0x0,
    0x0, 0xb, 0xf9, 0x0, 0x0, 0x8f, 0xff, 0x40,
    0x0, 0x0, 0x0, 0x5f, 0xe1, 0x0, 0x1, 0xff,
    0x8f, 0xc0, 0x0, 0x0, 0x1, 0xef, 0x60, 0x0,
    0xa, 0xfc, 0xc, 0xf6, 0x0, 0x0, 0xb, 0xfc,
    0x0, 0x0, 0x8f, 0xf3, 0x3, 0xff, 0x40, 0x0,
    0x1c, 0xf2, 0x0, 0x9, 0xff, 0x60, 0x0, 0x7f,
    0xf7, 0x0, 0x0, 0x40, 0x4, 0xdf, 0xf6, 0x0,
    0x0, 0x8, 0xff, 0xd3, 0x0, 0x0, 0xa, 0xfd,
    0x30, 0x0, 0x0, 0x0, 0x5d, 0xd0, 0x0, 0x0,
    0x0, 0x60, 0x0, 0x0, 0x0, 0x0, 0x0, 0x10,

    /* U+6B63 "正" */
    0xa, 0xaa, 0xaa, 0xaa, 0xaa, 0xaa, 0xaa, 0xaa,
    0xa8, 0x0, 0xff, 0xff, 0xff, 0xff, 0xff, 0xff,
    0xff, 0xff, 0xd0, 0x2, 0x33, 0x33, 0x33, 0x4f,
    0xf3, 0x33, 0x33, 0x32, 0x0, 0x0, 0x0, 0x0,
    0x1, 0xfe, 0x0, 0x0, 0x0, 0x0, 0x0, 0x0,
    0x0, 0x0, 0x1f, 0xe0, 0x0, 0x0, 0x0, 0x0,
    0x1, 0x54, 0x0, 0x1, 0xfe, 0x0, 0x0, 0x0,
    0x0, 0x0, 0x3f, 0xc0, 0x0, 0x1f, 0xe0, 0x0,
    0x0, 0x0, 0x0, 0x3, 0xfc, 0x0, 0x1, 0xff,
    0xcc, 0xcc, 0xcb, 0x0, 0x0, 0x3f, 0xc0, 0x0,
    0x1f, 0xff, 0xff, 0xff, 0xe0, 0x0, 0x3, 0xfc,
    0x0, 0x1, 0xff, 0x0, 0x0, 0x0, 0x0, 0x0,
    0x3f, 0xc0, 0x0, 0x1f, 0xe0, 0x0, 0x0, 0x0,
    0x0, 0x3, 0xfc, 0x0, 0x1, 0xfe, 0x0, 0x0,
    0x0, 0x0, 0x0, 0x3f, 0xc0, 0x0, 0x1f, 0xe0,
    0x0, 0x0, 0x0, 0x0, 0x3, 0xfc, 0x0, 0x1,
    0xfe, 0x0, 0x0, 0x0, 0x0, 0x0, 0x3f, 0xc0,
    0x0, 0x1f, 0xe0, 0x0, 0x0, 0x0, 0xd, 0xff,
    0xff, 0xff, 0xff, 0xff, 0xff, 0xff, 0xff, 0xf7,
    0xbd, 0xdd, 0xdd, 0xdd, 0xdd, 0xdd, 0xdd, 0xdd,
    0xdd, 0x60,

    /* U+6B65 "步" */
    0x0, 0x0, 0x0, 0x0, 0x9, 0xe4, 0x0, 0x0,
    0x0, 0x0, 0x0, 0x7, 0x60, 0x0, 0xbf, 0x40,
    0x0, 0x0, 0x0, 0x0, 0x0, 0xfe, 0x0, 0xb,
    0xff, 0xff, 0xff, 0xf2, 0x0, 0x0, 0xf, 0xe0,
    0x0, 0xbf, 0xfc, 0xcc, 0xcc, 0x20, 0x0, 0x0,
    0xfe, 0x0, 0xb, 0xf4, 0x0, 0x0, 0x0, 0x0,
    0x0, 0xf, 0xe0, 0x0, 0xbf, 0x40, 0x0, 0x0,
    0x0, 0xc, 0xee, 0xff, 0xee, 0xef, 0xff, 0xee,
    0xee, 0xee, 0xc0, 0xce, 0xee, 0xee, 0xee, 0xff,
    0xfe, 0xee, 0xee, 0xeb, 0x0, 0x0, 0x3, 0x10,
    0xe, 0xf1, 0x0, 0x1, 0x0, 0x0, 0x0, 0x1,
    0xef, 0x20, 0xef, 0x10, 0x0, 0xcd, 0x30, 0x0,
    0x0, 0xcf, 0x80, 0xe, 0xf1, 0x0, 0x6f, 0xe1,
    0x0, 0x1, 0xcf, 0xb0, 0x0, 0xef, 0x10, 0x4f,
    0xf5, 0x0, 0x2, 0xef, 0xc0, 0x0, 0xe, 0xf1,
    0x4f, 0xf8, 0x0, 0x0, 0x9, 0xa0, 0x0, 0x0,
    0xef, 0xbf, 0xf8, 0x0, 0x0, 0x0, 0x0, 0x0,
    0x0, 0x17, 0xef, 0xf6, 0x0, 0x0, 0x0, 0x0,
    0x0, 0x15, 0xaf, 0xff, 0xb2, 0x0, 0x0, 0x0,
    0x4, 0x79, 0xcf, 0xff, 0xfa, 0x30, 0x0, 0x0,
    0x0, 0x0, 0x9f, 0xff, 0xea, 0x50, 0x0, 0x0,
    0x0, 0x0, 0x0, 0x2, 0x85, 0x20, 0x0, 0x0,
    0x0, 0x0, 0x0, 0x0, 0x0,

    /* U+6BCF "每" */
    0x0, 0x0, 0xd, 0xa0, 0x0, 0x0, 0x0, 0x0,
    0x0, 0x0, 0x0, 0x0, 0x6f, 0xb0, 0x0, 0x0,
    0x0, 0x0, 0x0, 0x0, 0x0, 0x1, 0xff, 0xff,
    0xff, 0xff, 0xff, 0xff, 0xff, 0x90, 0x0, 0xa,
    0xff, 0xbb, 0xbb, 0xbb, 0xbb, 0xbb, 0xbb, 0x70,
    0x0, 0x5f, 0xd0, 0x0, 0x0, 0x0, 0x0, 0x0,
    0x0, 0x0, 0x4, 0xff, 0xaf, 0xca, 0xaa, 0xaa,
    0xaa, 0xde, 0x50, 0x0, 0xd, 0xf6, 0xbf, 0xff,
    0xff, 0xff, 0xff, 0xff, 0x80, 0x0, 0x0, 0x50,
    0xdf, 0x11, 0xcd, 0x40, 0x0, 0x6f, 0x70, 0x0,
    0x0, 0x0, 0xfe, 0x0, 0x5e, 0xf9, 0x0, 0x6f,
    0x70, 0x0, 0x1, 0x12, 0xfc, 0x0, 0x1, 0xbe,
    0x10, 0x7f, 0x71, 0x10, 0x2f, 0xff, 0xff, 0xff,
    0xff, 0xff, 0xff, 0xff, 0xff, 0xf4, 0x1a, 0xaf,
    0xff, 0x99, 0xfb, 0x99, 0x99, 0xff, 0xfa, 0xa2,
    0x0, 0x7, 0xf5, 0x3, 0xef, 0x80, 0x0, 0x9f,
    0x40, 0x0, 0x0, 0xa, 0xf3, 0x0, 0xa, 0xfc,
    0x0, 0xaf, 0x30, 0x0, 0x0, 0xd, 0xfa, 0xaa,
    0xaa, 0xfe, 0xaa, 0xff, 0xca, 0x50, 0x0, 0xf,
    0xff, 0xff, 0xff, 0xff, 0xff, 0xff, 0xff, 0x80,
    0x0, 0x0, 0x10, 0x0, 0x0, 0x0, 0x1, 0xff,
    0x0, 0x0, 0x0, 0x0, 0x0, 0x0, 0x0, 0x17,
    0x6a, 0xfa, 0x0, 0x0, 0x0, 0x0, 0x0, 0x0,
    0x0, 0xd, 0xff, 0xb1, 0x0, 0x0, 0x0, 0x0,
    0x0, 0x0, 0x0, 0x0, 0x0, 0x0, 0x0, 0x0,

    /* U+6C14 "气" */
    0x0, 0x0, 0x2b, 0x60, 0x0, 0x0, 0x0, 0x0,
    0x0, 0x0, 0x0, 0x0, 0x8f, 0x80, 0x0, 0x0,
    0x0, 0x0, 0x0, 0x0, 0x0, 0x0, 0xff, 0xca,
    0xaa, 0xaa, 0xaa, 0xaa, 0xaa, 0x60, 0x0, 0x8,
    0xff, 0xff, 0xff, 0xff, 0xff, 0xff, 0xff, 0x90,
    0x0, 0x2f, 0xf1, 0x0, 0x0, 0x0, 0x0, 0x0,
    0x0, 0x0, 0x0, 0xdf, 0x6c, 0xff, 0xff, 0xff,
    0xff, 0xff, 0xf0, 0x0, 0xb, 0xfc, 0x8, 0x99,
    0x99, 0x99, 0x99, 0x99, 0x90, 0x0, 0x4f, 0xe1,
    0x0, 0x0, 0x0, 0x0, 0x0, 0x0, 0x0, 0x0,
    0x2, 0x2f, 0xff, 0xff, 0xff, 0xff, 0xff, 0xf8,
    0x0, 0x0, 0x0, 0x9, 0xaa, 0xaa, 0xaa, 0xaa,
    0xaf, 0xf9, 0x0, 0x0, 0x0, 0x0, 0x0, 0x0,
    0x0, 0x0, 0x4, 0xfa, 0x0, 0x0, 0x0, 0x0,
    0x0, 0x0, 0x0, 0x0, 0x3, 0xfb, 0x0, 0x0,
    0x0, 0x0, 0x0, 0x0, 0x0, 0x0, 0x2, 0xfc,
    0x0, 0x0, 0x0, 0x0, 0x0, 0x0, 0x0, 0x0,
    0x0, 0xfe, 0x0, 0x0, 0x0, 0x0, 0x0, 0x0,
    0x0, 0x0, 0x0, 0xdf, 0x10, 0x30, 0x0, 0x0,
    0x0, 0x0, 0x0, 0x0, 0x0, 0xaf, 0x50, 0xf3,
    0x0, 0x0, 0x0, 0x0, 0x0, 0x0, 0x0, 0x5f,
    0xb2, 0xf4, 0x0, 0x0, 0x0, 0x0, 0x0, 0x0,
    0x0, 0xd, 0xff, 0xf1, 0x0, 0x0, 0x0, 0x0,
    0x0, 0x0, 0x0, 0x2, 0xcf, 0x80,

    /* U+6C34 "水" */
    0x0, 0x0, 0x0, 0x0, 0xd, 0xe0, 0x0, 0x0,
    0x0, 0x0, 0x0, 0x0, 0x0, 0x0, 0xf, 0xf1,
    0x0, 0x0, 0x0, 0x0, 0x0, 0x0, 0x0, 0x0,
    0xf, 0xf1, 0x0, 0x0, 0x0, 0x0, 0x0, 0x0,
    0x0, 0x0, 0xf, 0xf1, 0x0, 0x0, 0x0, 0x0,
    0x0, 0x0, 0x0, 0x0, 0xf, 0xf1, 0x0, 0x6,
    0xe5, 0x0, 0x9, 0xee, 0xee, 0xfb, 0x1f, 0xf5,
    0x0, 0x3f, 0xf7, 0x0, 0xb, 0xff, 0xff, 0xff,
    0xf, 0xfc, 0x2, 0xef, 0x80, 0x0, 0x0, 0x0,
    0x4, 0xfc, 0xf, 0xff, 0x5e, 0xf8, 0x0, 0x0,
    0x0, 0x0, 0x8, 0xf8, 0xf, 0xff, 0xff, 0x70,
    0x0, 0x0, 0x0, 0x0, 0xd, 0xf2, 0xf, 0xfa,
    0xfc, 0x0, 0x0, 0x0, 0x0, 0x0, 0x4f, 0xd0,
    0xf, 0xf2, 0xff, 0x20, 0x0, 0x0, 0x0, 0x0,
    0xcf, 0x60, 0xf, 0xf1, 0x7f, 0xc0, 0x0, 0x0,
    0x0, 0x6, 0xfe, 0x0, 0xf, 0xf1, 0xc, 0xfb,
    0x0, 0x0, 0x0, 0x3f, 0xf5, 0x0, 0xf, 0xf1,
    0x1, 0xef, 0xc1, 0x0, 0x2, 0xef, 0xa0, 0x0,
    0xf, 0xf1, 0x0, 0x2e, 0xfe, 0x60, 0x1f, 0xfc,
    0x0, 0x0, 0xf, 0xf1, 0x0, 0x2, 0xdf, 0xf4,
    0x6, 0xc1, 0x0, 0x10, 0x1f, 0xf0, 0x0, 0x0,
    0x9, 0x70, 0x0, 0x0, 0x0, 0xaf, 0xff, 0xe0,
    0x0, 0x0, 0x0, 0x0, 0x0, 0x0, 0x0, 0x5f,
    0xfc, 0x40, 0x0, 0x0, 0x0, 0x0,

    /* U+6C47 "汇" */
    0x0, 0x22, 0x0, 0x0, 0x0, 0x0, 0x0, 0x0,
    0x0, 0x0, 0x0, 0xdf, 0x80, 0x1d, 0xdd, 0xdd,
    0xdd, 0xdd, 0xdd, 0xa0, 0x0, 0x4e, 0xfc, 0x2f,
    0xff, 0xff, 0xff, 0xff, 0xff, 0xd0, 0x0, 0x1,
    0xbd, 0x2f, 0xe0, 0x0, 0x0, 0x0, 0x0, 0x0,
    0x0, 0x0, 0x1, 0x1f, 0xe0, 0x0, 0x0, 0x0,
    0x0, 0x0, 0x0, 0x0, 0x0, 0x1f, 0xe0, 0x0,
    0x0, 0x0, 0x0, 0x0, 0x8, 0xa2, 0x0, 0x1f,
    0xe0, 0x0, 0x0, 0x0, 0x0, 0x0, 0xb, 0xff,
    0x70, 0x1f, 0xe0, 0x0, 0x0, 0x0, 0x0, 0x0,
    0x0, 0x5f, 0xf3, 0x1f, 0xe0, 0x0, 0x0, 0x0,
    0x0, 0x0, 0x0, 0x2, 0x60, 0x1f, 0xe0, 0x0,
    0x0, 0x0, 0x0, 0x0, 0x0, 0x0, 0x0, 0x1f,
    0xe0, 0x0, 0x0, 0x0, 0x0, 0x0, 0x0, 0x0,
    0x87, 0x1f, 0xe0, 0x0, 0x0, 0x0, 0x0, 0x0,
    0x0, 0x1, 0xff, 0x2f, 0xe0, 0x0, 0x0, 0x0,
    0x0, 0x0, 0x0, 0x9, 0xf8, 0x1f, 0xe0, 0x0,
    0x0, 0x0, 0x0, 0x0, 0x0, 0x3f, 0xf1, 0x1f,
    0xe0, 0x0, 0x0, 0x0, 0x0, 0x0, 0x0, 0xcf,
    0x70, 0x1f, 0xe0, 0x0, 0x0, 0x0, 0x0, 0x0,
    0x6, 0xfe, 0x0, 0x1f, 0xff, 0xff, 0xff, 0xff,
    0xff, 0xf3, 0x5, 0xf5, 0x0, 0x1d, 0xdd, 0xdd,
    0xdd, 0xdd, 0xdd, 0xd3, 0x0, 0x20, 0x0, 0x0,
    0x0, 0x0, 0x0, 0x0, 0x0, 0x0,

    /* U+6C60 "池" */
    0x0, 0x37, 0x10, 0x0, 0x0, 0x0, 0xad, 0x10,
    0x0, 0x0, 0x0, 0xcf, 0xe7, 0x0, 0x0, 0x0,
    0xcf, 0x10, 0x0, 0x0, 0x0, 0x7, 0xff, 0x61,
    0xeb, 0x0, 0xcf, 0x10, 0x0, 0x0, 0x0, 0x0,
    0x29, 0x1, 0xfc, 0x0, 0xcf, 0x10, 0x18, 0x20,
    0x0, 0x0, 0x0, 0x1, 0xfc, 0x0, 0xcf, 0x5a,
    0xff, 0xa0, 0x0, 0x0, 0x0, 0x1, 0xfc, 0x1,
    0xff, 0xff, 0xff, 0xa0, 0xa, 0xe6, 0x0, 0x1,
    0xff, 0xbf, 0xff, 0xc4, 0x3f, 0x90, 0x8, 0xff,
    0xd2, 0x29, 0xff, 0xfd, 0xff, 0x10, 0x3f, 0x90,
    0x0, 0x1a, 0xd3, 0xff, 0xff, 0x40, 0xcf, 0x10,
    0x3f, 0x90, 0x0, 0x0, 0x10, 0x98, 0xfc, 0x0,
    0xcf, 0x10, 0x3f, 0x80, 0x0, 0x0, 0x0, 0x1,
    0xfc, 0x0, 0xcf, 0x10, 0x4f, 0x80, 0x0, 0x0,
    0x4d, 0x21, 0xfc, 0x0, 0xcf, 0x48, 0xcf, 0x60,
    0x0, 0x0, 0xcf, 0x31, 0xfc, 0x0, 0xcf, 0x2f,
    0xfd, 0x10, 0x0, 0x4, 0xfc, 0x1, 0xfc, 0x0,
    0xcf, 0x13, 0x20, 0x0, 0x0, 0xc, 0xf5, 0x1,
    0xfc, 0x0, 0x0, 0x0, 0x5, 0xb2, 0x0, 0x4f,
    0xd0, 0x1, 0xfc, 0x0, 0x0, 0x0, 0x7, 0xf5,
    0x0, 0xdf, 0x60, 0x0, 0xfe, 0x0, 0x0, 0x0,
    0xa, 0xf3, 0x4, 0xfd, 0x0, 0x0, 0xdf, 0xdb,
    0xbb, 0xbb, 0xcf, 0xe0, 0x0, 0x65, 0x0, 0x0,
    0x3c, 0xff, 0xff, 0xff, 0xfc, 0x30,

    /* U+6CE2 "波" */
    0x0, 0x45, 0x0, 0x0, 0x0, 0x1, 0xda, 0x0,
    0x0, 0x0, 0x0, 0xef, 0xc3, 0x0, 0x0, 0x1,
    0xfc, 0x0, 0x0, 0x0, 0x0, 0x2b, 0xff, 0x20,
    0x10, 0x2, 0xfd, 0x0, 0x1, 0x0, 0x0, 0x0,
    0x68, 0xf, 0xff, 0xff, 0xff, 0xff, 0xff, 0xf1,
    0x0, 0x0, 0x0, 0xf, 0xfb, 0xbc, 0xff, 0xbb,
    0xdf, 0xc0, 0x1, 0x0, 0x0, 0xf, 0xd0, 0x1,
    0xfc, 0x0, 0x7f, 0x70, 0xd, 0xd5, 0x0, 0xf,
    0xd0, 0x1, 0xfc, 0x0, 0xdf, 0x10, 0x1a, 0xff,
    0xc1, 0xf, 0xd0, 0x1, 0xfc, 0x0, 0x24, 0x0,
    0x0, 0x3c, 0xc0, 0xf, 0xff, 0xff, 0xff, 0xff,
    0xf9, 0x0, 0x0, 0x0, 0x10, 0xf, 0xff, 0xfb,
    0xbb, 0xbf, 0xf8, 0x0, 0x0, 0x0, 0x0, 0xf,
    0xc9, 0xf3, 0x0, 0xb, 0xf3, 0x0, 0x0, 0x0,
    0xa2, 0x2f, 0xa2, 0xfc, 0x0, 0x3f, 0xc0, 0x0,
    0x0, 0x4, 0xfb, 0x4f, 0x80, 0x9f, 0x70, 0xcf,
    0x40, 0x0, 0x0, 0xc, 0xf4, 0x7f, 0x60, 0x1e,
    0xfe, 0xfa, 0x0, 0x0, 0x0, 0x4f, 0xd0, 0xbf,
    0x20, 0x4, 0xff, 0xf0, 0x0, 0x0, 0x0, 0xcf,
    0x50, 0xfe, 0x0, 0x2b, 0xff, 0xf9, 0x10, 0x0,
    0x5, 0xfd, 0x7, 0xf9, 0x18, 0xff, 0xc6, 0xef,
    0xe7, 0x20, 0x9, 0xf5, 0x1f, 0xf4, 0xff, 0xf7,
    0x0, 0x1a, 0xff, 0xf1, 0x0, 0x50, 0x4, 0x60,
    0x68, 0x10, 0x0, 0x0, 0x29, 0x50,

    /* U+6D3B "活" */
    0x0, 0x44, 0x0, 0x0, 0x0, 0x0, 0x0, 0x26,
    0xb4, 0x0, 0x1, 0xef, 0xc3, 0x0, 0x24, 0x69,
    0xbe, 0xff, 0xfe, 0x10, 0x0, 0x2b, 0xff, 0x47,
    0xff, 0xff, 0xff, 0xa7, 0x30, 0x0, 0x0, 0x0,
    0x5a, 0x1, 0x86, 0x42, 0xfe, 0x0, 0x0, 0x0,
    0x0, 0x0, 0x0, 0x0, 0x0, 0x0, 0xee, 0x0,
    0x0, 0x0, 0x0, 0x0, 0x0, 0x0, 0x0, 0x0,
    0xfe, 0x0, 0x0, 0x0, 0xa, 0xc4, 0x0, 0x8f,
    0xff, 0xff, 0xff, 0xff, 0xff, 0xf3, 0xb, 0xff,
    0xc2, 0x6c, 0xcc, 0xcc, 0xff, 0xcc, 0xcc, 0xc2,
    0x0, 0x4d, 0xf2, 0x0, 0x0, 0x0, 0xee, 0x0,
    0x0, 0x0, 0x0, 0x0, 0x40, 0x0, 0x0, 0x0,
    0xee, 0x0, 0x0, 0x0, 0x0, 0x0, 0x0, 0x0,
    0x0, 0x0, 0xfe, 0x0, 0x0, 0x0, 0x0, 0x0,
    0x49, 0x2, 0xff, 0xff, 0xff, 0xff, 0xff, 0x0,
    0x0, 0x0, 0xdf, 0x22, 0xfd, 0xaa, 0xaa, 0xaa,
    0xef, 0x0, 0x0, 0x6, 0xfb, 0x2, 0xf9, 0x0,
    0x0, 0x0, 0xcf, 0x0, 0x0, 0xe, 0xf3, 0x2,
    0xf9, 0x0, 0x0, 0x0, 0xcf, 0x0, 0x0, 0x8f,
    0xa0, 0x2, 0xf9, 0x0, 0x0, 0x0, 0xcf, 0x0,
    0x3, 0xff, 0x20, 0x2, 0xff, 0xff, 0xff, 0xff,
    0xff, 0x0, 0x9, 0xf8, 0x0, 0x2, 0xff, 0xcc,
    0xcc, 0xcc, 0xff, 0x0, 0x0, 0x70, 0x0, 0x2,
    0xf9, 0x0, 0x0, 0x0, 0xcf, 0x0, 0x0, 0x0,
    0x0, 0x0, 0x10, 0x0, 0x0, 0x0, 0x0, 0x0,

    /* U+6D88 "消" */
    0x0, 0x35, 0x0, 0x0, 0x10, 0x0, 0xce, 0x0,
    0x2, 0x0, 0xd, 0xfc, 0x20, 0x7f, 0x40, 0xd,
    0xf1, 0x3, 0xfa, 0x0, 0x1a, 0xff, 0x33, 0xfd,
    0x0, 0xdf, 0x10, 0xbf, 0x40, 0x0, 0x6, 0xc0,
    0xa, 0xf6, 0xd, 0xf1, 0x3f, 0xb0, 0x0, 0x0,
    0x0, 0x0, 0x3f, 0x70, 0xdf, 0x17, 0xe2, 0x0,
    0x1, 0x0, 0x0, 0x3, 0x43, 0x3f, 0xf4, 0x35,
    0x30, 0xb, 0xf8, 0x0, 0x3, 0xff, 0xff, 0xff,
    0xff, 0xff, 0x10, 0x5e, 0xfd, 0x20, 0x3f, 0xd9,
    0x99, 0x99, 0x9f, 0xf1, 0x0, 0x9, 0xf2, 0x3,
    0xfa, 0x0, 0x0, 0x0, 0xcf, 0x10, 0x0, 0x2,
    0x0, 0x3f, 0xfa, 0xaa, 0xaa, 0xaf, 0xf1, 0x0,
    0x0, 0x0, 0x3, 0xff, 0xff, 0xff, 0xff, 0xff,
    0x10, 0x0, 0x6, 0xa0, 0x3f, 0xa0, 0x0, 0x0,
    0xc, 0xf1, 0x0, 0x0, 0xdf, 0x13, 0xfa, 0x0,
    0x0, 0x0, 0xdf, 0x10, 0x0, 0x5f, 0xa0, 0x3f,
    0xff, 0xff, 0xff, 0xff, 0xf1, 0x0, 0xd, 0xf4,
    0x3, 0xff, 0x99, 0x99, 0x99, 0xff, 0x10, 0x5,
    0xfc, 0x0, 0x3f, 0xa0, 0x0, 0x0, 0xc, 0xf1,
    0x0, 0xdf, 0x50, 0x3, 0xfa, 0x0, 0x0, 0x0,
    0xcf, 0x0, 0x4f, 0xd0, 0x0, 0x3f, 0xa0, 0x0,
    0x2d, 0xcf, 0xf0, 0x0, 0x54, 0x0, 0x3, 0xfa,
    0x0, 0x0, 0xde, 0xd6, 0x0,

    /* U+6DF1 "深" */
    0x0, 0x93, 0x0, 0x0, 0x0, 0x0, 0x0, 0x0,
    0x0, 0x0, 0x5, 0xff, 0xa1, 0x9f, 0xff, 0xff,
    0xff, 0xff, 0xff, 0x90, 0x0, 0x4d, 0xf7, 0x9f,
    0xba, 0xaa, 0xaa, 0xaa, 0xbf, 0xa0, 0x0, 0x0,
    0x70, 0x9f, 0x11, 0x0, 0x0, 0x20, 0x2f, 0xa0,
    0x0, 0x0, 0x0, 0x8d, 0x1b, 0xe2, 0xb, 0xf4,
    0x1c, 0x70, 0x1, 0x0, 0x0, 0x0, 0x7f, 0xa0,
    0x3, 0xef, 0x40, 0x0, 0x1e, 0xb2, 0x0, 0x6,
    0xfd, 0x10, 0x0, 0x3f, 0xf3, 0x0, 0x2c, 0xff,
    0x70, 0x7f, 0xf2, 0x1, 0x20, 0x4, 0xfe, 0x20,
    0x0, 0x6e, 0xb0, 0x2d, 0x30, 0xd, 0xf1, 0x0,
    0x6a, 0x10, 0x0, 0x2, 0x20, 0x0, 0x0, 0xe,
    0xf2, 0x0, 0x0, 0x0, 0x0, 0x0, 0x0, 0xaf,
    0xff, 0xff, 0xff, 0xff, 0xff, 0xa0, 0x0, 0x1,
    0xb0, 0x7a, 0xaa, 0xff, 0xff, 0xda, 0xaa, 0x70,
    0x0, 0x8, 0xf4, 0x0, 0x5, 0xff, 0xff, 0xd0,
    0x0, 0x0, 0x0, 0xe, 0xd0, 0x0, 0x3f, 0xdd,
    0xf9, 0xfa, 0x0, 0x0, 0x0, 0x7f, 0x60, 0x2,
    0xef, 0x3d, 0xf1, 0xbf, 0xa0, 0x0, 0x0, 0xee,
    0x0, 0x3e, 0xf6, 0xd, 0xf1, 0xd, 0xfb, 0x10,
    0x8, 0xf8, 0x7, 0xff, 0x70, 0xd, 0xf1, 0x1,
    0xdf, 0xe1, 0xd, 0xf1, 0x1, 0xd5, 0x0, 0xd,
    0xf1, 0x0, 0x1b, 0x50, 0x1, 0x60, 0x0, 0x0,
    0x0, 0xd, 0xf1, 0x0, 0x0, 0x0,

    /* U+6E10 "渐" */
    0x0, 0x54, 0x0, 0x4, 0xb3, 0x0, 0x0, 0x0,
    0x6, 0x10, 0x1, 0xff, 0xc2, 0x7, 0xf3, 0x0,
    0x3, 0x7b, 0xff, 0xc0, 0x0, 0x2c, 0xfe, 0xaf,
    0xfb, 0xaa, 0x3f, 0xff, 0xc7, 0x20, 0x0, 0x0,
    0x74, 0xff, 0xff, 0xff, 0x4f, 0xf0, 0x0, 0x0,
    0x0, 0x0, 0x0, 0xf, 0xb0, 0x0, 0xe, 0xc0,
    0x0, 0x0, 0x2, 0x30, 0x0, 0x1f, 0x78, 0x40,
    0xe, 0xc0, 0x0, 0x0, 0xd, 0xfa, 0x20, 0x5f,
    0x4f, 0x90, 0xe, 0xf9, 0x99, 0x93, 0x3, 0xcf,
    0xe1, 0x9e, 0x1f, 0x90, 0xe, 0xfe, 0xff, 0xe5,
    0x0, 0x6, 0x60, 0xff, 0xbf, 0xfa, 0x2e, 0xc0,
    0xaf, 0x0, 0x0, 0x0, 0x4, 0xff, 0xff, 0xff,
    0x3e, 0xb0, 0xaf, 0x0, 0x0, 0x0, 0x0, 0x61,
    0x2f, 0xa1, 0xe, 0xb0, 0xaf, 0x0, 0x0, 0x5,
    0xb1, 0x0, 0x1f, 0x90, 0xf, 0xa0, 0xaf, 0x0,
    0x0, 0xa, 0xf3, 0x0, 0x4f, 0xff, 0x8f, 0x90,
    0xaf, 0x0, 0x0, 0x1f, 0xe4, 0xcf, 0xff, 0xfc,
    0x7f, 0x80, 0xaf, 0x0, 0x0, 0x6f, 0x84, 0xfe,
    0xbf, 0xa0, 0x5f, 0x50, 0xaf, 0x0, 0x0, 0xdf,
    0x20, 0x30, 0x1f, 0x90, 0x9f, 0x20, 0xaf, 0x0,
    0x3, 0xfc, 0x0, 0x0, 0x1f, 0x90, 0xee, 0x0,
    0xaf, 0x0, 0xa, 0xf6, 0x0, 0x0, 0x1f, 0x95,
    0xf8, 0x0, 0xaf, 0x0, 0x0, 0x81, 0x0, 0x0,
    0x1f, 0x91, 0xc1, 0x0, 0xaf, 0x0, 0x0, 0x0,
    0x0, 0x0, 0x0, 0x0, 0x0, 0x0, 0x0, 0x0,

    /* U+6E29 "温" */
    0x0, 0x26, 0x0, 0x0, 0x0, 0x0, 0x0, 0x0,
    0x0, 0x0, 0x0, 0xcf, 0xe6, 0x6, 0xff, 0xff,
    0xff, 0xff, 0xf6, 0x0, 0x0, 0x7, 0xff, 0x66,
    0xfb, 0x88, 0x88, 0x8c, 0xf6, 0x0, 0x0, 0x0,
    0x19, 0x6, 0xf5, 0x0, 0x0, 0x8, 0xf6, 0x0,
    0x0, 0x0, 0x0, 0x6, 0xff, 0xff, 0xff, 0xff,
    0xf6, 0x0, 0x1, 0x0, 0x0, 0x6, 0xfa, 0x88,
    0x88, 0x8c, 0xf6, 0x0, 0xc, 0xd5, 0x0, 0x6,
    0xf5, 0x0, 0x0, 0x8, 0xf6, 0x0, 0x9, 0xff,
    0xb1, 0x6, 0xfb, 0xaa, 0xaa, 0xad, 0xf6, 0x0,
    0x0, 0x2c, 0xf2, 0x6, 0xff, 0xff, 0xff, 0xff,
    0xf6, 0x0, 0x0, 0x0, 0x30, 0x0, 0x0, 0x0,
    0x0, 0x0, 0x0, 0x0, 0x0, 0x0, 0x0, 0xa,
    0xaa, 0xaa, 0xaa, 0xaa, 0xaa, 0x0, 0x0, 0x0,
    0xa8, 0x1f, 0xff, 0xff, 0xff, 0xff, 0xff, 0x10,
    0x0, 0x3, 0xfc, 0x1f, 0xa0, 0xe8, 0xe, 0x80,
    0xbf, 0x10, 0x0, 0xb, 0xf5, 0x1f, 0xa0, 0xe8,
    0xe, 0x80, 0xbf, 0x10, 0x0, 0x4f, 0xc0, 0x1f,
    0xa0, 0xe8, 0xe, 0x80, 0xbf, 0x10, 0x0, 0xdf,
    0x40, 0x1f, 0xa0, 0xe8, 0xe, 0x80, 0xbf, 0x10,
    0x8, 0xfb, 0x8, 0xdf, 0xfc, 0xff, 0xcf, 0xfc,
    0xff, 0xd4, 0x3, 0xd2, 0xa, 0xef, 0xee, 0xfe,
    0xef, 0xee, 0xff, 0xe4, 0x0, 0x0, 0x0, 0x0,
    0x0, 0x0, 0x0, 0x0, 0x0, 0x0,

    /* U+6ED1 "滑" */
    0x0, 0x15, 0x0, 0x0, 0x22, 0x22, 0x22, 0x22,
    0x20, 0x0, 0x0, 0xcf, 0xa0, 0x0, 0xdf, 0xff,
    0xff, 0xff, 0xf0, 0x0, 0x0, 0x2d, 0xfd, 0x20,
    0xde, 0x55, 0x55, 0x5d, 0xf0, 0x0, 0x0, 0x0,
    0xaf, 0x30, 0xef, 0x44, 0x42, 0xc, 0xf0, 0x0,
    0x0, 0x0, 0x3, 0x0, 0xff, 0xee, 0xf8, 0xc,
    0xf0, 0x0, 0x0, 0x0, 0x0, 0x0, 0xdd, 0x0,
    0xf8, 0xc, 0xf0, 0x0, 0x7, 0xb3, 0x0, 0xcc,
    0xff, 0xcc, 0xff, 0xcf, 0xfc, 0xc0, 0x9, 0xff,
    0x92, 0xfe, 0xbb, 0xbb, 0xcc, 0xbb, 0xbe, 0xf1,
    0x0, 0x4d, 0xe3, 0xfa, 0x11, 0x11, 0x11, 0x11,
    0x1c, 0xf1, 0x0, 0x0, 0x30, 0xc8, 0xff, 0xff,
    0xff, 0xff, 0xfa, 0xc0, 0x0, 0x0, 0x0, 0x0,
    0xfd, 0x66, 0x66, 0x6f, 0xf1, 0x0, 0x0, 0x0,
    0x77, 0x0, 0xff, 0x66, 0x66, 0x6f, 0xf1, 0x0,
    0x0, 0x0, 0xef, 0x10, 0xff, 0xff, 0xff, 0xff,
    0xf1, 0x0, 0x0, 0x6, 0xfa, 0x0, 0xfc, 0x0,
    0x0, 0xb, 0xf1, 0x0, 0x0, 0xd, 0xf3, 0x0,
    0xff, 0xff, 0xff, 0xff, 0xf1, 0x0, 0x0, 0x6f,
    0xb0, 0x0, 0xff, 0x66, 0x66, 0x6f, 0xf1, 0x0,
    0x0, 0xef, 0x40, 0x0, 0xfc, 0x0, 0x0, 0xb,
    0xf1, 0x0, 0x3, 0xfc, 0x0, 0x0, 0xfc, 0x0,
    0x7, 0x7d, 0xf0, 0x0, 0x0, 0x23, 0x0, 0x0,
    0xfc, 0x0, 0xa, 0xfe, 0x90, 0x0, 0x0, 0x0,
    0x0, 0x0, 0x0, 0x0, 0x0, 0x0, 0x0, 0x0,

    /* U+6EF4 "滴" */
    0x0, 0x0, 0x0, 0x0, 0x0, 0x0, 0x10, 0x0,
    0x0, 0x0, 0x6, 0x30, 0x0, 0x0, 0x1, 0xfc,
    0x0, 0x0, 0x0, 0x1, 0xff, 0x91, 0x88, 0x88,
    0x8f, 0xfa, 0x88, 0x88, 0x60, 0x3, 0xdf, 0x9f,
    0xff, 0xff, 0xff, 0xff, 0xff, 0xfc, 0x0, 0x0,
    0xb1, 0x0, 0x8f, 0x20, 0x1, 0xfb, 0x0, 0x0,
    0x0, 0x0, 0x0, 0x6, 0xf7, 0x0, 0x4f, 0x70,
    0x0, 0x0, 0x0, 0x0, 0x34, 0x7f, 0x94, 0x4e,
    0xf6, 0x64, 0x0, 0xbb, 0x20, 0xb, 0xff, 0xff,
    0xff, 0xff, 0xff, 0xf0, 0xa, 0xff, 0x60, 0xbf,
    0x44, 0x4f, 0xf4, 0x44, 0xff, 0x0, 0x4, 0xe9,
    0xb, 0xf1, 0x44, 0xff, 0x44, 0x1d, 0xf0, 0x0,
    0x1, 0x10, 0xbf, 0x4f, 0xff, 0xff, 0xf5, 0xdf,
    0x0, 0x0, 0x1, 0xb, 0xf0, 0x11, 0xce, 0x11,
    0xd, 0xf0, 0x0, 0x1, 0xf5, 0xbf, 0x6, 0xcf,
    0xf9, 0x70, 0xdf, 0x0, 0x0, 0x7f, 0x6b, 0xf0,
    0xbf, 0xcc, 0xdd, 0xd, 0xf0, 0x0, 0xe, 0xf0,
    0xbf, 0xb, 0x90, 0x8, 0xd0, 0xdf, 0x0, 0x5,
    0xf9, 0xb, 0xf0, 0xbd, 0x55, 0xad, 0xd, 0xf0,
    0x0, 0xdf, 0x20, 0xbf, 0xb, 0xff, 0xff, 0xd0,
    0xdf, 0x0, 0x5f, 0xb0, 0xb, 0xf0, 0x87, 0x0,
    0x0, 0xd, 0xf0, 0x7, 0xf4, 0x0, 0xbf, 0x0,
    0x0, 0x0, 0x9a, 0xfe, 0x0, 0x6, 0x0, 0xb,
    0xf0, 0x0, 0x0, 0x9, 0xfd, 0x60,

    /* U+7070 "灰" */
    0x0, 0x0, 0x0, 0x10, 0x0, 0x0, 0x0, 0x0,
    0x0, 0x0, 0x0, 0x0, 0x7f, 0x80, 0x0, 0x0,
    0x0, 0x0, 0x0, 0x0, 0x0, 0x9, 0xf6, 0x0,
    0x0, 0x0, 0x0, 0x0, 0x0, 0xbc, 0xcc, 0xff,
    0xfc, 0xcc, 0xcc, 0xcc, 0xcc, 0xc4, 0xe, 0xff,
    0xff, 0xff, 0xff, 0xff, 0xff, 0xff, 0xff, 0x50,
    0x1, 0x11, 0xff, 0x11, 0x11, 0x11, 0x11, 0x11,
    0x10, 0x0, 0x0, 0x1f, 0xe0, 0x0, 0xb, 0xf3,
    0x0, 0x0, 0x0, 0x0, 0x4, 0xfb, 0x0, 0x0,
    0xcf, 0x20, 0x0, 0x0, 0x0, 0x0, 0x8f, 0x70,
    0x93, 0xd, 0xf1, 0x3, 0xb2, 0x0, 0x0, 0xc,
    0xf3, 0x2f, 0x80, 0xef, 0x0, 0xbf, 0x30, 0x0,
    0x1, 0xff, 0x7, 0xf4, 0x1f, 0xf0, 0x3f, 0xb0,
    0x0, 0x0, 0x7f, 0xa0, 0xdf, 0x3, 0xff, 0xb,
    0xf2, 0x0, 0x0, 0xd, 0xf4, 0xa, 0x90, 0x7f,
    0xf7, 0x14, 0x0, 0x0, 0x7, 0xfd, 0x0, 0x0,
    0xc, 0xff, 0xf1, 0x0, 0x0, 0x2, 0xff, 0x50,
    0x0, 0x5, 0xfd, 0x5f, 0xb0, 0x0, 0x1, 0xef,
    0xb0, 0x0, 0x2, 0xef, 0x50, 0xaf, 0x90, 0x0,
    0x2d, 0xe1, 0x0, 0x3, 0xef, 0xa0, 0x0, 0xdf,
    0xa0, 0x0, 0x12, 0x0, 0x2a, 0xff, 0xa0, 0x0,
    0x1, 0xdf, 0xd4, 0x0, 0x0, 0x5, 0xfe, 0x60,
    0x0, 0x0, 0x0, 0xaf, 0x30, 0x0, 0x0, 0x4,
    0x0, 0x0, 0x0, 0x0, 0x0, 0x20,

    /* U+70B9 "点" */
    0x0, 0x0, 0x0, 0x0, 0x1e, 0xc0, 0x0, 0x0,
    0x0, 0x0, 0x0, 0x0, 0x0, 0x0, 0x1f, 0xd0,
    0x0, 0x0, 0x0, 0x0, 0x0, 0x0, 0x0, 0x0,
    0x1f, 0xff, 0xff, 0xff, 0xff, 0x40, 0x0, 0x0,
    0x0, 0x0, 0x1f, 0xfd, 0xdd, 0xdd, 0xdd, 0x30,
    0x0, 0x0, 0x0, 0x0, 0x1f, 0xd0, 0x0, 0x0,
    0x0, 0x0, 0x0, 0x0, 0x0, 0x0, 0x1f, 0xd0,
    0x0, 0x0, 0x0, 0x0, 0x0, 0xb, 0xee, 0xee,
    0xff, 0xfe, 0xee, 0xee, 0xb0, 0x0, 0x0, 0xc,
    0xfe, 0xee, 0xee, 0xee, 0xee, 0xef, 0xd0, 0x0,
    0x0, 0xc, 0xf0, 0x0, 0x0, 0x0, 0x0, 0x1f,
    0xd0, 0x0, 0x0, 0xc, 0xf0, 0x0, 0x0, 0x0,
    0x0, 0x1f, 0xd0, 0x0, 0x0, 0xc, 0xf0, 0x0,
    0x0, 0x0, 0x0, 0x1f, 0xd0, 0x0, 0x0, 0xc,
    0xff, 0xff, 0xff, 0xff, 0xff, 0xff, 0xd0, 0x0,
    0x0, 0x9, 0xcc, 0xcc, 0xcc, 0xcc, 0xcc, 0xcc,
    0xa0, 0x0, 0x0, 0x1, 0x0, 0x0, 0x0, 0x0,
    0x0, 0x0, 0x20, 0x0, 0x0, 0x1e, 0xd0, 0x3a,
    0x50, 0x1b, 0x90, 0xd, 0xf2, 0x0, 0x0, 0x8f,
    0x90, 0x3f, 0xa0, 0xd, 0xf1, 0x5, 0xfc, 0x0,
    0x2, 0xff, 0x10, 0x1f, 0xc0, 0x7, 0xf8, 0x0,
    0xbf, 0x70, 0xd, 0xf6, 0x0, 0xf, 0xe0, 0x1,
    0xfd, 0x0, 0x2f, 0xe0, 0x2, 0x60, 0x0, 0x7,
    0x50, 0x0, 0x51, 0x0, 0x5, 0x10,

    /* U+7167 "照" */
    0x0, 0x10, 0x0, 0x0, 0x11, 0x11, 0x11, 0x11,
    0x10, 0x1, 0xff, 0xff, 0xfd, 0x5f, 0xff, 0xff,
    0xff, 0xff, 0xa0, 0x1f, 0xfa, 0xaf, 0xd3, 0x99,
    0xdf, 0xf9, 0x9c, 0xf9, 0x1, 0xfb, 0x0, 0xed,
    0x0, 0x9, 0xf5, 0x0, 0x4f, 0x70, 0x1f, 0xb0,
    0xe, 0xd0, 0x3, 0xfe, 0x0, 0x7, 0xf5, 0x1,
    0xff, 0x44, 0xfd, 0x28, 0xff, 0x40, 0xbc, 0xff,
    0x20, 0x1f, 0xff, 0xff, 0xda, 0xfd, 0x30, 0x7,
    0xba, 0x40, 0x1, 0xff, 0x66, 0xfd, 0x9, 0x88,
    0x88, 0x88, 0x88, 0x0, 0x1f, 0xb0, 0xe, 0xd0,
    0xbf, 0xff, 0xff, 0xff, 0xf1, 0x1, 0xfb, 0x0,
    0xed, 0xb, 0xf1, 0x0, 0x0, 0xcf, 0x10, 0x1f,
    0xf4, 0x4e, 0xd0, 0xbf, 0x10, 0x0, 0xc, 0xf1,
    0x1, 0xff, 0xff, 0xfd, 0xb, 0xf8, 0x88, 0x88,
    0xef, 0x10, 0x1f, 0xf6, 0x66, 0x50, 0xbf, 0xff,
    0xff, 0xff, 0xf1, 0x0, 0x86, 0x0, 0x0, 0x0,
    0x0, 0x0, 0x0, 0x20, 0x0, 0x0, 0xdd, 0x12,
    0x95, 0x0, 0x8c, 0x0, 0xaf, 0x40, 0x0, 0x5f,
    0xb0, 0x2f, 0xb0, 0x9, 0xf4, 0x3, 0xfe, 0x0,
    0xe, 0xf3, 0x0, 0xfd, 0x0, 0x4f, 0x90, 0xa,
    0xf8, 0xa, 0xfa, 0x0, 0xf, 0xf0, 0x0, 0xfd,
    0x0, 0x2f, 0xf1, 0x39, 0x10, 0x0, 0x86, 0x0,
    0x6, 0x40, 0x0, 0x73, 0x0,

    /* U+7247 "片" */
    0x0, 0x5, 0x71, 0x0, 0x0, 0x3e, 0xb0, 0x0,
    0x0, 0x0, 0x0, 0xcf, 0x30, 0x0, 0x3, 0xfc,
    0x0, 0x0, 0x0, 0x0, 0xc, 0xf3, 0x0, 0x0,
    0x3f, 0xc0, 0x0, 0x0, 0x0, 0x0, 0xcf, 0x30,
    0x0, 0x3, 0xfc, 0x0, 0x0, 0x0, 0x0, 0xc,
    0xf3, 0x0, 0x0, 0x3f, 0xc0, 0x0, 0x0, 0x0,
    0x0, 0xcf, 0xfd, 0xdd, 0xdf, 0xff, 0xdd, 0xdd,
    0xd0, 0x0, 0xc, 0xff, 0xff, 0xff, 0xff, 0xff,
    0xff, 0xff, 0x0, 0x0, 0xcf, 0x41, 0x11, 0x11,
    0x11, 0x11, 0x11, 0x10, 0x0, 0xd, 0xf2, 0x0,
    0x0, 0x0, 0x0, 0x0, 0x0, 0x0, 0x0, 0xef,
    0x20, 0x0, 0x0, 0x0, 0x0, 0x0, 0x0, 0x0,
    0xf, 0xff, 0xee, 0xee, 0xee, 0xee, 0xe3, 0x0,
    0x0, 0x0, 0xff, 0xff, 0xff, 0xff, 0xff, 0xff,
    0x40, 0x0, 0x0, 0x3f, 0xd0, 0x0, 0x0, 0x0,
    0xc, 0xf4, 0x0, 0x0, 0x7, 0xfa, 0x0, 0x0,
    0x0, 0x0, 0xcf, 0x40, 0x0, 0x0, 0xcf, 0x60,
    0x0, 0x0, 0x0, 0xc, 0xf4, 0x0, 0x0, 0x3f,
    0xf1, 0x0, 0x0, 0x0, 0x0, 0xcf, 0x40, 0x0,
    0xd, 0xf9, 0x0, 0x0, 0x0, 0x0, 0xc, 0xf4,
    0x0, 0x5, 0xff, 0x10, 0x0, 0x0, 0x0, 0x0,
    0xcf, 0x40, 0x0, 0x8, 0x50, 0x0, 0x0, 0x0,
    0x0, 0xc, 0xf4, 0x0, 0x0, 0x0, 0x0, 0x0,
    0x0, 0x0, 0x0, 0x0, 0x0, 0x0,

    /* U+7248 "版" */
    0x0, 0x56, 0x1, 0xe9, 0x0, 0x0, 0x0, 0x13,
    0x69, 0x50, 0x0, 0xde, 0x1, 0xfa, 0x0, 0xff,
    0xdf, 0xff, 0xff, 0xe1, 0x0, 0xde, 0x1, 0xfa,
    0x0, 0xff, 0xdc, 0xa8, 0x63, 0x0, 0x0, 0xde,
    0x1, 0xfa, 0x0, 0xfd, 0x0, 0x0, 0x0, 0x0,
    0x0, 0xde, 0x1, 0xfa, 0x0, 0xfd, 0x0, 0x0,
    0x0, 0x0, 0x0, 0xdf, 0x56, 0xff, 0x51, 0xfe,
    0x0, 0x0, 0x1, 0x0, 0x0, 0xef, 0xff, 0xff,
    0xf4, 0xff, 0xff, 0xff, 0xff, 0xe0, 0x0, 0xdf,
    0x33, 0x33, 0x30, 0xff, 0xff, 0xbb, 0xbf, 0xc0,
    0x0, 0xde, 0x0, 0x0, 0x0, 0xfd, 0xda, 0x0,
    0x2f, 0x90, 0x0, 0xdf, 0x0, 0x0, 0x0, 0xfc,
    0x9e, 0x0, 0x7f, 0x60, 0x0, 0xdf, 0xff, 0xff,
    0x20, 0xfc, 0x4f, 0x40, 0xcf, 0x10, 0x0, 0xef,
    0xaa, 0xdf, 0x21, 0xfb, 0xf, 0x91, 0xfc, 0x0,
    0x0, 0xfc, 0x0, 0xaf, 0x22, 0xfa, 0xa, 0xfb,
    0xf6, 0x0, 0x1, 0xfa, 0x0, 0xaf, 0x24, 0xf8,
    0x3, 0xff, 0xe0, 0x0, 0x4, 0xf8, 0x0, 0xaf,
    0x27, 0xf6, 0x0, 0xff, 0xb0, 0x0, 0x6, 0xf5,
    0x0, 0xaf, 0x2b, 0xf2, 0x9, 0xff, 0xe2, 0x0,
    0xb, 0xf2, 0x0, 0xaf, 0x3f, 0xe0, 0x9f, 0xea,
    0xfe, 0x30, 0x1f, 0xc0, 0x0, 0xaf, 0x8f, 0xad,
    0xfe, 0x20, 0xaf, 0xf4, 0x8, 0x60, 0x0, 0xaf,
    0x5d, 0x37, 0xb1, 0x0, 0x7, 0xb0, 0x0, 0x0,
    0x0, 0x0, 0x0, 0x0, 0x0, 0x0, 0x0, 0x0,

    /* U+7259 "牙" */
    0x0, 0x5e, 0xee, 0xee, 0xee, 0xee, 0xef, 0xfe,
    0xee, 0x10, 0x0, 0x6f, 0xff, 0xff, 0xff, 0xff,
    0xff, 0xff, 0xff, 0x10, 0x0, 0x0, 0x22, 0x0,
    0x0, 0x0, 0x3f, 0xb0, 0x0, 0x0, 0x0, 0x0,
    0xdf, 0x10, 0x0, 0x0, 0x3f, 0xb0, 0x0, 0x0,
    0x0, 0x0, 0xfd, 0x0, 0x0, 0x0, 0x3f, 0xb0,
    0x0, 0x0, 0x0, 0x4, 0xf9, 0x0, 0x0, 0x0,
    0x3f, 0xb0, 0x0, 0x0, 0x0, 0x9, 0xf5, 0x0,
    0x0, 0x0, 0x3f, 0xb0, 0x0, 0x0, 0x0, 0xd,
    0xff, 0xff, 0xff, 0xff, 0xff, 0xff, 0xff, 0xf0,
    0x0, 0x1d, 0xfd, 0xdd, 0xdd, 0xff, 0xff, 0xfd,
    0xdd, 0xd0, 0x0, 0x0, 0x0, 0x0, 0x2, 0xef,
    0xaf, 0xb0, 0x0, 0x0, 0x0, 0x0, 0x0, 0x0,
    0x3e, 0xf8, 0x3f, 0xb0, 0x0, 0x0, 0x0, 0x0,
    0x0, 0x6, 0xff, 0x80, 0x3f, 0xb0, 0x0, 0x0,
    0x0, 0x0, 0x1, 0xaf, 0xf6, 0x0, 0x3f, 0xb0,
    0x0, 0x0, 0x0, 0x0, 0x7f, 0xfe, 0x40, 0x0,
    0x3f, 0xb0, 0x0, 0x0, 0x0, 0x6d, 0xff, 0xa1,
    0x0, 0x0, 0x3f, 0xb0, 0x0, 0x0, 0xb, 0xff,
    0xd4, 0x0, 0x0, 0x0, 0x4f, 0xb0, 0x0, 0x0,
    0x1, 0xb5, 0x0, 0x0, 0x5, 0xee, 0xff, 0x90,
    0x0, 0x0, 0x0, 0x0, 0x0, 0x0, 0x0, 0xff,
    0xeb, 0x10, 0x0, 0x0,

    /* U+7387 "率" */
    0x0, 0x0, 0x0, 0x0, 0x3a, 0x90, 0x0, 0x0,
    0x0, 0x0, 0x0, 0x0, 0x0, 0x0, 0x1f, 0xf5,
    0x0, 0x0, 0x0, 0x0, 0x8, 0xff, 0xff, 0xff,
    0xff, 0xff, 0xff, 0xff, 0xff, 0xe0, 0x5, 0xbb,
    0xbb, 0xbb, 0xff, 0xfb, 0xbb, 0xbb, 0xbb, 0xa0,
    0x0, 0x65, 0x0, 0x2, 0xfc, 0x1, 0xb4, 0x0,
    0x94, 0x0, 0x1, 0xdf, 0xa0, 0x2f, 0xf7, 0x6f,
    0xf4, 0xb, 0xfa, 0x0, 0x0, 0x9, 0xf9, 0xaf,
    0xff, 0xff, 0x40, 0xcf, 0x80, 0x0, 0x0, 0x0,
    0x50, 0x26, 0x4e, 0xf6, 0x20, 0x24, 0x0, 0x0,
    0x0, 0x0, 0x6d, 0x11, 0xcf, 0x5a, 0xe3, 0xc9,
    0x10, 0x0, 0x1, 0x7e, 0xfc, 0x6f, 0xfa, 0x8b,
    0xff, 0xaf, 0xe5, 0x0, 0xa, 0xfd, 0x50, 0xff,
    0xff, 0xfd, 0xff, 0x54, 0xef, 0x80, 0x2, 0x60,
    0x0, 0x64, 0x29, 0x80, 0x9, 0x30, 0x19, 0x10,
    0x0, 0x0, 0x0, 0x0, 0xf, 0xf1, 0x0, 0x0,
    0x0, 0x0, 0xf, 0xff, 0xff, 0xff, 0xff, 0xff,
    0xff, 0xff, 0xff, 0xf1, 0xb, 0xbb, 0xbb, 0xbb,
    0xbf, 0xfc, 0xbb, 0xbb, 0xbb, 0xb0, 0x0, 0x0,
    0x0, 0x0, 0xf, 0xf0, 0x0, 0x0, 0x0, 0x0,
    0x0, 0x0, 0x0, 0x0, 0xf, 0xf0, 0x0, 0x0,
    0x0, 0x0, 0x0, 0x0, 0x0, 0x0, 0xf, 0xf0,
    0x0, 0x0, 0x0, 0x0, 0x0, 0x0, 0x0, 0x0,
    0xf, 0xf0, 0x0, 0x0, 0x0, 0x0,

    /* U+73AF "环" */
    0x2b, 0xbb, 0xbb, 0xa2, 0xdd, 0xdd, 0xdd, 0xdd,
    0xdd, 0xd0, 0x3f, 0xff, 0xff, 0xe3, 0xff, 0xff,
    0xff, 0xff, 0xff, 0xf0, 0x0, 0xf, 0xc0, 0x0,
    0x0, 0x0, 0x8f, 0x80, 0x0, 0x0, 0x0, 0xf,
    0xc0, 0x0, 0x0, 0x0, 0xef, 0x20, 0x0, 0x0,
    0x0, 0xf, 0xc0, 0x0, 0x0, 0x6, 0xff, 0x0,
    0x0, 0x0, 0x0, 0xf, 0xc0, 0x0, 0x0, 0xf,
    0xff, 0x52, 0x0, 0x0, 0xc, 0xcf, 0xfc, 0x50,
    0x0, 0x7f, 0xff, 0xfd, 0x10, 0x0, 0xe, 0xff,
    0xff, 0x60, 0x2, 0xff, 0xfc, 0x8f, 0xb0, 0x0,
    0x0, 0xf, 0xc0, 0x0, 0xd, 0xfa, 0xfc, 0xc,
    0xf8, 0x0, 0x0, 0xf, 0xc0, 0x0, 0xbf, 0xd2,
    0xfc, 0x2, 0xff, 0x40, 0x0, 0xf, 0xc0, 0xa,
    0xff, 0x21, 0xfc, 0x0, 0x6f, 0xd0, 0x0, 0xf,
    0xc0, 0x3, 0xe3, 0x1, 0xfc, 0x0, 0x9, 0x30,
    0x0, 0xf, 0xfa, 0xb0, 0x0, 0x1, 0xfc, 0x0,
    0x0, 0x0, 0x4, 0x9f, 0xff, 0xc0, 0x0, 0x1,
    0xfc, 0x0, 0x0, 0x0, 0x4f, 0xfe, 0x93, 0x0,
    0x0, 0x1, 0xfc, 0x0, 0x0, 0x0, 0xa, 0x40,
    0x0, 0x0, 0x0, 0x1, 0xfc, 0x0, 0x0, 0x0,
    0x0, 0x0, 0x0, 0x0, 0x0, 0x1, 0xfc, 0x0,
    0x0, 0x0, 0x0, 0x0, 0x0, 0x0, 0x0, 0x1,
    0xfc, 0x0, 0x0, 0x0,

    /* U+7528 "用" */
    0x0, 0xa, 0xfa, 0xaa, 0xaa, 0xaa, 0xaa, 0xaa,
    0xf9, 0x0, 0xf, 0xff, 0xff, 0xff, 0xff, 0xff,
    0xff, 0xfe, 0x0, 0xf, 0xf2, 0x22, 0x2f, 0xf3,
    0x22, 0x22, 0xfe, 0x0, 0xf, 0xd0, 0x0, 0xd,
    0xf1, 0x0, 0x0, 0xfe, 0x0, 0xf, 0xd0, 0x0,
    0xd, 0xf1, 0x0, 0x0, 0xfe, 0x0, 0xf, 0xfd,
    0xdd, 0xdf, 0xfe, 0xdd, 0xdd, 0xfe, 0x0, 0xf,
    0xff, 0xff, 0xff, 0xff, 0xff, 0xff, 0xfe, 0x0,
    0xf, 0xd0, 0x0, 0xd, 0xf1, 0x0, 0x0, 0xfe,
    0x0, 0x1f, 0xd0, 0x0, 0xd, 0xf1, 0x0, 0x0,
    0xfe, 0x0, 0x1f, 0xd0, 0x0, 0xd, 0xf2, 0x0,
    0x0, 0xfe, 0x0, 0x2f, 0xff, 0xff, 0xff, 0xff,
    0xff, 0xff, 0xfe, 0x0, 0x4f, 0xfc, 0xcc, 0xcf,
    0xfd, 0xcc, 0xcc, 0xfe, 0x0, 0x6f, 0x70, 0x0,
    0xd, 0xf1, 0x0, 0x0, 0xfe, 0x0, 0xaf, 0x40,
    0x0, 0xd, 0xf1, 0x0, 0x0, 0xfe, 0x0, 0xff,
    0x0, 0x0, 0xd, 0xf1, 0x0, 0x0, 0xfe, 0x6,
    0xfa, 0x0, 0x0, 0xd, 0xf1, 0x0, 0x0, 0xfd,
    0x1e, 0xf3, 0x0, 0x0, 0xd, 0xf1, 0x4c, 0xcc,
    0xfc, 0x1b, 0x90, 0x0, 0x0, 0xc, 0xf1, 0x1f,
    0xff, 0xc3, 0x0, 0x0, 0x0, 0x0, 0x0, 0x0,
    0x0, 0x0, 0x0,

    /* U+7535 "电" */
    0x0, 0x0, 0x0, 0x2d, 0xb0, 0x0, 0x0, 0x0,
    0x0, 0x0, 0x0, 0x2, 0xfd, 0x0, 0x0, 0x0,
    0x0, 0x0, 0x0, 0x0, 0x2f, 0xd0, 0x0, 0x0,
    0x0, 0xd, 0xff, 0xff, 0xff, 0xff, 0xff, 0xff,
    0xff, 0x0, 0xdf, 0xfd, 0xdd, 0xff, 0xfd, 0xdd,
    0xdf, 0xf0, 0xd, 0xf2, 0x0, 0x2, 0xfd, 0x0,
    0x0, 0xef, 0x0, 0xdf, 0x20, 0x0, 0x2f, 0xd0,
    0x0, 0xe, 0xf0, 0xd, 0xfd, 0xbb, 0xbe, 0xff,
    0xbb, 0xbb, 0xff, 0x0, 0xdf, 0xff, 0xff, 0xff,
    0xff, 0xff, 0xff, 0xf0, 0xd, 0xf2, 0x0, 0x3,
    0xfe, 0x0, 0x0, 0xff, 0x0, 0xdf, 0x20, 0x0,
    0x2f, 0xd0, 0x0, 0xe, 0xf0, 0xd, 0xfd, 0xbb,
    0xbd, 0xff, 0xbb, 0xbb, 0xff, 0x0, 0xdf, 0xff,
    0xff, 0xff, 0xff, 0xff, 0xff, 0xf0, 0xd, 0xf4,
    0x22, 0x24, 0xff, 0x22, 0x22, 0x22, 0x92, 0x45,
    0x0, 0x0, 0x2f, 0xd0, 0x0, 0x0, 0xf, 0xe0,
    0x0, 0x0, 0x2, 0xfd, 0x0, 0x0, 0x1, 0xfc,
    0x0, 0x0, 0x0, 0x1f, 0xf0, 0x0, 0x0, 0x6f,
    0xa0, 0x0, 0x0, 0x0, 0xef, 0xfe, 0xee, 0xef,
    0xf5, 0x0, 0x0, 0x0, 0x4, 0xdf, 0xff, 0xff,
    0xe8, 0x0,

    /* U+753B "画" */
    0x2b, 0xbb, 0xbb, 0xbb, 0xbb, 0xbb, 0xbb, 0xbb,
    0xb8, 0x3f, 0xff, 0xff, 0xff, 0xff, 0xff, 0xff,
    0xff, 0xfc, 0x0, 0x0, 0x0, 0x0, 0x0, 0x0,
    0x0, 0x0, 0x0, 0x0, 0x0, 0x0, 0x0, 0x0,
    0x0, 0x0, 0x0, 0x0, 0x0, 0x0, 0x7b, 0xbb,
    0xbb, 0xbb, 0xb9, 0x0, 0x0, 0x18, 0x60, 0xaf,
    0xee, 0xff, 0xee, 0xfe, 0x4, 0xa6, 0x2f, 0xc0,
    0xae, 0x0, 0xce, 0x0, 0xce, 0x7, 0xfa, 0x2f,
    0xc0, 0xae, 0x22, 0xef, 0x22, 0xce, 0x7, 0xfa,
    0x2f, 0xc0, 0xaf, 0xff, 0xff, 0xff, 0xfe, 0x7,
    0xfa, 0x2f, 0xc0, 0xaf, 0x55, 0xff, 0x55, 0xde,
    0x7, 0xfa, 0x2f, 0xc0, 0xae, 0x0, 0xce, 0x0,
    0xce, 0x7, 0xfa, 0x2f, 0xc0, 0xae, 0x33, 0xff,
    0x33, 0xce, 0x7, 0xfa, 0x2f, 0xc0, 0xaf, 0xff,
    0xff, 0xff, 0xfe, 0x7, 0xfa, 0x2f, 0xc0, 0x36,
    0x66, 0x66, 0x66, 0x65, 0x7, 0xfa, 0x2f, 0xc0,
    0x0, 0x0, 0x0, 0x0, 0x0, 0x8, 0xfa, 0x2f,
    0xff, 0xff, 0xff, 0xff, 0xff, 0xff, 0xff, 0xfa,
    0x1b, 0xbb, 0xbb, 0xbb, 0xbb, 0xbb, 0xbb, 0xbf,
    0xfa, 0x0, 0x0, 0x0, 0x0, 0x0, 0x0, 0x0,
    0x7, 0xfa,

    /* U+767D "白" */
    0x0, 0x0, 0x0, 0x2e, 0xc2, 0x0, 0x0, 0x0,
    0x0, 0x0, 0x0, 0x7f, 0xe0, 0x0, 0x0, 0x0,
    0x0, 0x0, 0x0, 0xcf, 0x70, 0x0, 0x0, 0x0,
    0x1d, 0xdd, 0xdf, 0xff, 0xed, 0xdd, 0xdd, 0xda,
    0x1f, 0xff, 0xff, 0xff, 0xff, 0xff, 0xff, 0xfc,
    0x1f, 0xd0, 0x0, 0x0, 0x0, 0x0, 0x3, 0xfc,
    0x1f, 0xd0, 0x0, 0x0, 0x0, 0x0, 0x3, 0xfc,
    0x1f, 0xd0, 0x0, 0x0, 0x0, 0x0, 0x3, 0xfc,
    0x1f, 0xd0, 0x0, 0x0, 0x0, 0x0, 0x3, 0xfc,
    0x1f, 0xfd, 0xdd, 0xdd, 0xdd, 0xdd, 0xdf, 0xfc,
    0x1f, 0xff, 0xff, 0xff, 0xff, 0xff, 0xff, 0xfc,
    0x1f, 0xd0, 0x0, 0x0, 0x0, 0x0, 0x4, 0xfc,
    0x1f, 0xd0, 0x0, 0x0, 0x0, 0x0, 0x3, 0xfc,
    0x1f, 0xd0, 0x0, 0x0, 0x0, 0x0, 0x3, 0xfc,
    0x1f, 0xd0, 0x0, 0x0, 0x0, 0x0, 0x3, 0xfc,
    0x1f, 0xfd, 0xdd, 0xdd, 0xdd, 0xdd, 0xdf, 0xfc,
    0x1f, 0xff, 0xff, 0xff, 0xff, 0xff, 0xff, 0xfc,
    0x1f, 0xe1, 0x11, 0x11, 0x11, 0x11, 0x14, 0xfc,
    0x1f, 0xd0, 0x0, 0x0, 0x0, 0x0, 0x3, 0xfc,
    0x1, 0x0, 0x0, 0x0, 0x0, 0x0, 0x0, 0x0,

    /* U+7684 "的" */
    0x0, 0x4, 0xc5, 0x0, 0x0, 0x2c, 0x70, 0x0,
    0x0, 0x0, 0x8, 0xf4, 0x0, 0x0, 0x7f, 0x90,
    0x0, 0x0, 0x0, 0xb, 0xe0, 0x0, 0x0, 0xbf,
    0x30, 0x0, 0x0, 0x1b, 0xff, 0xfa, 0xa9, 0x2,
    0xff, 0xcc, 0xcc, 0xfb, 0x2f, 0xff, 0xff, 0xfd,
    0x9, 0xff, 0xff, 0xff, 0xfe, 0x2f, 0x90, 0x0,
    0xed, 0x1f, 0xf1, 0x0, 0x0, 0xed, 0x2f, 0x90,
    0x0, 0xed, 0xaf, 0x90, 0x0, 0x0, 0xed, 0x2f,
    0x90, 0x0, 0xee, 0xcf, 0x10, 0x0, 0x0, 0xfc,
    0x2f, 0xa0, 0x0, 0xfd, 0x3, 0x6d, 0x10, 0x0,
    0xfc, 0x2f, 0xff, 0xff, 0xfd, 0x0, 0x6f, 0xb0,
    0x0, 0xfb, 0x2f, 0xf9, 0x99, 0xfd, 0x0, 0xb,
    0xf6, 0x1, 0xfa, 0x2f, 0x90, 0x0, 0xed, 0x0,
    0x1, 0xff, 0x12, 0xf9, 0x2f, 0x90, 0x0, 0xed,
    0x0, 0x0, 0x7f, 0x53, 0xf8, 0x2f, 0x90, 0x0,
    0xed, 0x0, 0x0, 0x2, 0x4, 0xf7, 0x2f, 0xa0,
    0x0, 0xed, 0x0, 0x0, 0x0, 0x6, 0xf6, 0x2f,
    0xff, 0xff, 0xfd, 0x0, 0x0, 0x0, 0x9, 0xf4,
    0x2f, 0xfa, 0xaa, 0xa8, 0x0, 0x2, 0x0, 0xd,
    0xf1, 0x2f, 0x90, 0x0, 0x0, 0x0, 0x8, 0xdc,
    0xdf, 0xc0, 0x2f, 0x90, 0x0, 0x0, 0x0, 0x4,
    0xff, 0xfb, 0x20, 0x0, 0x0, 0x0, 0x0, 0x0,
    0x0, 0x0, 0x0, 0x0,

    /* U+76D8 "盘" */
    0x0, 0x0, 0x0, 0x0, 0x1, 0x0, 0x0, 0x0,
    0x0, 0x0, 0x0, 0x0, 0x0, 0x0, 0x2f, 0xd0,
    0x0, 0x0, 0x0, 0x0, 0x0, 0x0, 0x7e, 0x77,
    0xff, 0xf7, 0x77, 0x9d, 0x50, 0x0, 0x0, 0x0,
    0xff, 0xff, 0xff, 0xff, 0xff, 0xff, 0xb0, 0x0,
    0x0, 0x0, 0xef, 0x0, 0x88, 0x10, 0x0, 0x3f,
    0xb0, 0x0, 0x0, 0x0, 0xee, 0x0, 0xaf, 0xe4,
    0x0, 0x3f, 0xb0, 0x0, 0x0, 0x0, 0xfe, 0x0,
    0x4, 0xe9, 0x0, 0x3f, 0xc0, 0x0, 0xf, 0xff,
    0xff, 0xff, 0xff, 0xff, 0xff, 0xff, 0xff, 0xf2,
    0x9, 0x9e, 0xff, 0x99, 0xb9, 0x99, 0x99, 0xcf,
    0xf9, 0x91, 0x0, 0xb, 0xf5, 0x1, 0xed, 0x50,
    0x0, 0x3f, 0xb0, 0x0, 0x0, 0x8f, 0xd0, 0x0,
    0x2a, 0xf9, 0x45, 0x8f, 0xa0, 0x0, 0x4, 0xff,
    0x30, 0x0, 0x0, 0x41, 0x7f, 0xfe, 0x50, 0x0,
    0x0, 0x59, 0x77, 0x77, 0x77, 0x77, 0x79, 0x87,
    0x71, 0x0, 0x0, 0xe, 0xff, 0xff, 0xff, 0xff,
    0xff, 0xff, 0xf2, 0x0, 0x0, 0xe, 0xd0, 0xe,
    0xd0, 0xe, 0xd0, 0xa, 0xf2, 0x0, 0x0, 0xe,
    0xd0, 0xe, 0xd0, 0xe, 0xd0, 0xa, 0xf2, 0x0,
    0x0, 0xe, 0xd0, 0xe, 0xd0, 0xe, 0xd0, 0xa,
    0xf2, 0x0, 0x1b, 0xbf, 0xfb, 0xbf, 0xfb, 0xbf,
    0xfb, 0xbf, 0xfe, 0xb1, 0x2f, 0xff, 0xff, 0xff,
    0xff, 0xff, 0xff, 0xff, 0xff, 0xf2, 0x2f, 0xff,
    0xff, 0xff, 0xff, 0xff, 0xff, 0xff, 0xff, 0xf2,

    /* U+76EE "目" */
    0xdd, 0xdd, 0xdd, 0xdd, 0xdd, 0xdd, 0xdc, 0xff,
    0xff, 0xff, 0xff, 0xff, 0xff, 0xff, 0xfe, 0x0,
    0x0, 0x0, 0x0, 0x0, 0xff, 0xfe, 0x0, 0x0,
    0x0, 0x0, 0x0, 0xff, 0xfe, 0x0, 0x0, 0x0,
    0x0, 0x0, 0xff, 0xff, 0xff, 0xff, 0xff, 0xff,
    0xff, 0xff, 0xff, 0xcc, 0xcc, 0xcc, 0xcc, 0xcc,
    0xff, 0xfe, 0x0, 0x0, 0x0, 0x0, 0x0, 0xff,
    0xfe, 0x0, 0x0, 0x0, 0x0, 0x0, 0xff, 0xff,
    0x22, 0x22, 0x22, 0x22, 0x22, 0xff, 0xff, 0xff,
    0xff, 0xff, 0xff, 0xff, 0xff, 0xff, 0xaa, 0xaa,
    0xaa, 0xaa, 0xaa, 0xff, 0xfe, 0x0, 0x0, 0x0,
    0x0, 0x0, 0xff, 0xfe, 0x0, 0x0, 0x0, 0x0,
    0x0, 0xff, 0xff, 0xdd, 0xdd, 0xdd, 0xdd, 0xdd,
    0xff, 0xff, 0xff, 0xff, 0xff, 0xff, 0xff, 0xff,
    0xfe, 0x0, 0x0, 0x0, 0x0, 0x0, 0xff, 0xfe,
    0x0, 0x0, 0x0, 0x0, 0x0, 0xff,

    /* U+76F4 "直" */
    0x0, 0x0, 0x0, 0x0, 0x1a, 0x80, 0x0, 0x0,
    0x0, 0x0, 0x0, 0x11, 0x11, 0x11, 0x3f, 0xe1,
    0x11, 0x11, 0x11, 0x0, 0x5, 0xff, 0xff, 0xff,
    0xff, 0xff, 0xff, 0xff, 0xff, 0xc0, 0x3, 0xaa,
    0xaa, 0xaa, 0xff, 0xfa, 0xaa, 0xaa, 0xaa, 0x70,
    0x0, 0x0, 0x0, 0x0, 0xaf, 0x50, 0x0, 0x0,
    0x0, 0x0, 0x0, 0x5, 0xff, 0xff, 0xff, 0xff,
    0xff, 0xff, 0x70, 0x0, 0x0, 0x5, 0xfc, 0x88,
    0x88, 0x88, 0x88, 0xbf, 0x70, 0x0, 0x0, 0x5,
    0xfb, 0x44, 0x44, 0x44, 0x44, 0xbf, 0x70, 0x0,
    0x0, 0x5, 0xff, 0xff, 0xff, 0xff, 0xff, 0xff,
    0x70, 0x0, 0x0, 0x5, 0xfa, 0x22, 0x22, 0x22,
    0x22, 0x9f, 0x70, 0x0, 0x0, 0x5, 0xff, 0x77,
    0x77, 0x77, 0x77, 0xef, 0x70, 0x0, 0x0, 0x5,
    0xff, 0xff, 0xff, 0xff, 0xff, 0xff, 0x70, 0x0,
    0x0, 0x5, 0xf7, 0x0, 0x0, 0x0, 0x0, 0x7f,
    0x70, 0x0, 0x0, 0x5, 0xff, 0x77, 0x77, 0x77,
    0x77, 0xef, 0x70, 0x0, 0x0, 0x5, 0xff, 0xff,
    0xff, 0xff, 0xff, 0xff, 0x70, 0x0, 0x0, 0x5,
    0xf7, 0x0, 0x0, 0x0, 0x0, 0x7f, 0x70, 0x0,
    0x1c, 0xcf, 0xff, 0xcc, 0xcc, 0xcc, 0xcc, 0xff,
    0xfc, 0xc1, 0x1f, 0xff, 0xff, 0xff, 0xff, 0xff,
    0xff, 0xff, 0xff, 0xf2,

    /* U+7720 "眠" */
    0x0, 0x0, 0x0, 0x0, 0x0, 0x0, 0x0, 0x0,
    0x0, 0x8, 0xfb, 0xbb, 0x90, 0xbf, 0xff, 0xff,
    0xff, 0xff, 0x10, 0xcf, 0xff, 0xfd, 0xb, 0xfc,
    0xbb, 0xbb, 0xbf, 0xf1, 0xc, 0xf0, 0xe, 0xd0,
    0xbf, 0x10, 0x0, 0x0, 0xcf, 0x10, 0xcf, 0x0,
    0xed, 0xb, 0xf1, 0x0, 0x0, 0xc, 0xf1, 0xc,
    0xf9, 0x9f, 0xf0, 0xbf, 0xed, 0xdf, 0xfd, 0xff,
    0x10, 0xcf, 0xff, 0xff, 0xb, 0xff, 0xef, 0xff,
    0xee, 0xe1, 0xc, 0xf0, 0xf, 0xd0, 0xbf, 0x10,
    0xf, 0xd0, 0x0, 0x0, 0xcf, 0x0, 0xed, 0xb,
    0xf1, 0x0, 0xfd, 0x0, 0x0, 0xc, 0xf9, 0x9f,
    0xf0, 0xbf, 0xa8, 0x8f, 0xf8, 0x88, 0x80, 0xcf,
    0xff, 0xff, 0xb, 0xff, 0xff, 0xff, 0xff, 0xff,
    0xc, 0xf0, 0xf, 0xd0, 0xbf, 0x43, 0x3e, 0xf4,
    0x33, 0x30, 0xcf, 0x0, 0xed, 0xb, 0xf1, 0x0,
    0x9f, 0x30, 0x0, 0xc, 0xf0, 0xe, 0xd0, 0xbf,
    0x10, 0x6, 0xf6, 0x0, 0x0, 0xcf, 0xff, 0xfd,
    0xb, 0xf1, 0x0, 0x3f, 0x90, 0x24, 0xc, 0xfa,
    0xaa, 0x80, 0xbf, 0x10, 0x22, 0xee, 0x5, 0xf3,
    0xcf, 0x0, 0x0, 0xf, 0xfc, 0xef, 0x69, 0xf5,
    0x7f, 0x14, 0x50, 0x0, 0xc, 0xff, 0xff, 0xc4,
    0x1f, 0xff, 0xe0, 0x0, 0x0, 0x0, 0x6f, 0xa5,
    0x10, 0x0, 0x4d, 0xe5, 0x0, 0x0, 0x0, 0x0,
    0x10, 0x0, 0x0, 0x0, 0x0, 0x0,

    /* U+7761 "睡" */
    0x0, 0x0, 0x0, 0x0, 0x0, 0x0, 0x13, 0x69,
    0x30, 0x6, 0xfb, 0xbb, 0x50, 0xac, 0xde, 0xff,
    0xff, 0xfb, 0x0, 0x9f, 0xff, 0xf8, 0x9, 0xcc,
    0xbf, 0xf8, 0x52, 0x0, 0x9, 0xf0, 0xf, 0x80,
    0x0, 0x0, 0xbf, 0x10, 0x0, 0x0, 0x9f, 0x0,
    0xf8, 0x25, 0x55, 0x5f, 0xf6, 0x55, 0x54, 0x9,
    0xf9, 0x9f, 0x88, 0xff, 0xff, 0xff, 0xff, 0xff,
    0xe0, 0x9f, 0xff, 0xf8, 0x49, 0xff, 0x7f, 0xf9,
    0x9f, 0xf6, 0x9, 0xf0, 0xf, 0x80, 0x1f, 0x80,
    0xbf, 0x11, 0xf8, 0x0, 0x9f, 0x0, 0xf8, 0x68,
    0xff, 0x7f, 0xf8, 0x8f, 0xf7, 0x29, 0xf9, 0x9f,
    0x8d, 0xff, 0xff, 0xff, 0xff, 0xff, 0xf5, 0x9f,
    0xff, 0xf8, 0x46, 0xfc, 0x4f, 0xf6, 0x6f, 0xd4,
    0x19, 0xf0, 0xf, 0x80, 0x1f, 0x80, 0xbf, 0x11,
    0xf8, 0x0, 0x9f, 0x0, 0xf8, 0x7c, 0xff, 0xbf,
    0xfc, 0xcf, 0xfa, 0x9, 0xf7, 0x7f, 0x8a, 0xff,
    0xff, 0xff, 0xff, 0xff, 0xe0, 0x9f, 0xff, 0xf8,
    0x1, 0x11, 0x1d, 0xf2, 0x11, 0x11, 0x9, 0xf3,
    0x33, 0x10, 0x0, 0x0, 0xbf, 0x10, 0x0, 0x0,
    0x9f, 0x0, 0x0, 0xb, 0xbb, 0xbf, 0xfd, 0xbb,
    0xb1, 0x1, 0x10, 0x0, 0x0, 0xff, 0xff, 0xff,
    0xff, 0xff, 0x20, 0x0, 0x0, 0x0, 0xf, 0xff,
    0xff, 0xff, 0xff, 0xf2, 0x0,

    /* U+793A "示" */
    0x0, 0xb, 0xbb, 0xbb, 0xbb, 0xbb, 0xbb, 0xbb,
    0xb0, 0x0, 0x1, 0xff, 0xff, 0xff, 0xff, 0xff,
    0xff, 0xff, 0x10, 0x0, 0x2, 0x22, 0x22, 0x22,
    0x22, 0x22, 0x22, 0x20, 0x0, 0x0, 0x0, 0x0,
    0x0, 0x0, 0x0, 0x0, 0x0, 0x0, 0x0, 0x0,
    0x0, 0x0, 0x0, 0x0, 0x0, 0x0, 0x0, 0x0,
    0xbd, 0xdd, 0xdd, 0xdd, 0xdd, 0xdd, 0xdd, 0xdd,
    0xdc, 0xd, 0xff, 0xff, 0xff, 0xff, 0xff, 0xff,
    0xff, 0xff, 0xe0, 0x0, 0x0, 0x0, 0x0, 0xff,
    0x10, 0x0, 0x0, 0x0, 0x0, 0x0, 0x0, 0x0,
    0xf, 0xf1, 0x0, 0x0, 0x0, 0x0, 0x0, 0xd,
    0xc2, 0x0, 0xff, 0x10, 0x2c, 0xb0, 0x0, 0x0,
    0x4, 0xfd, 0x0, 0xf, 0xf1, 0x0, 0xdf, 0x60,
    0x0, 0x0, 0xdf, 0x60, 0x0, 0xff, 0x10, 0x4,
    0xfe, 0x10, 0x0, 0x6f, 0xd0, 0x0, 0xf, 0xf1,
    0x0, 0xc, 0xf8, 0x0, 0x2f, 0xf4, 0x0, 0x0,
    0xff, 0x10, 0x0, 0x4f, 0xf1, 0x1d, 0xfa, 0x0,
    0x0, 0xf, 0xf1, 0x0, 0x0, 0xcf, 0x71, 0x9d,
    0x0, 0x0, 0x0, 0xff, 0x10, 0x0, 0x5, 0xe6,
    0x0, 0x0, 0x4, 0xee, 0xef, 0xf0, 0x0, 0x0,
    0x0, 0x0, 0x0, 0x0, 0xe, 0xff, 0xd5, 0x0,
    0x0, 0x0, 0x0, 0x0, 0x0, 0x0, 0x0, 0x0,
    0x0, 0x0, 0x0, 0x0, 0x0,

    /* U+79CD "种" */
    0x0, 0x0, 0x0, 0x22, 0x0, 0x0, 0x1d, 0xa0,
    0x0, 0x0, 0x1, 0x59, 0xdf, 0xd0, 0x0, 0x1,
    0xfd, 0x0, 0x0, 0xe, 0xff, 0xff, 0xa5, 0x0,
    0x0, 0x1f, 0xd0, 0x0, 0x0, 0x77, 0x6f, 0xc0,
    0x0, 0x0, 0x1, 0xfd, 0x0, 0x0, 0x0, 0x1,
    0xfc, 0x0, 0x48, 0x88, 0xaf, 0xf8, 0x88, 0x70,
    0x0, 0x2f, 0xd0, 0x8, 0xff, 0xff, 0xff, 0xff,
    0xfe, 0x3f, 0xff, 0xff, 0xff, 0xbf, 0x74, 0x5f,
    0xf4, 0x4f, 0xe2, 0xbb, 0xff, 0xfb, 0xba, 0xf4,
    0x1, 0xfd, 0x0, 0xfe, 0x0, 0xc, 0xff, 0x30,
    0x8f, 0x40, 0x1f, 0xd0, 0xf, 0xe0, 0x2, 0xff,
    0xfe, 0x28, 0xf4, 0x1, 0xfd, 0x0, 0xfe, 0x0,
    0xaf, 0xfc, 0xde, 0x9f, 0xfc, 0xef, 0xfc, 0xcf,
    0xf0, 0x4f, 0x9f, 0xc3, 0xd8, 0xff, 0xff, 0xff,
    0xff, 0xff, 0x1e, 0xf2, 0xfc, 0x0, 0x8f, 0x50,
    0x2f, 0xe0, 0xf, 0xe6, 0xf7, 0x1f, 0xc0, 0x2,
    0x41, 0x1, 0xfd, 0x0, 0x11, 0xc, 0x1, 0xfc,
    0x0, 0x0, 0x0, 0x1f, 0xd0, 0x0, 0x0, 0x0,
    0x1f, 0xc0, 0x0, 0x0, 0x1, 0xfd, 0x0, 0x0,
    0x0, 0x1, 0xfc, 0x0, 0x0, 0x0, 0x1f, 0xd0,
    0x0, 0x0, 0x0, 0x1f, 0xc0, 0x0, 0x0, 0x1,
    0xfd, 0x0, 0x0, 0x0, 0x1, 0xfc, 0x0, 0x0,
    0x0, 0x1f, 0xd0, 0x0, 0x0, 0x0, 0x0, 0x0,
    0x0, 0x0, 0x0, 0x0, 0x0, 0x0,

    /* U+79D2 "秒" */
    0x0, 0x0, 0x0, 0x55, 0x0, 0x0, 0xaf, 0x20,
    0x0, 0x0, 0x1, 0x48, 0xef, 0xff, 0x20, 0x0,
    0xaf, 0x20, 0x0, 0x0, 0xd, 0xff, 0xff, 0x72,
    0x0, 0x0, 0xaf, 0x20, 0x0, 0x0, 0x3, 0x42,
    0xfd, 0x0, 0x2, 0x50, 0xaf, 0x25, 0xa0, 0x0,
    0x0, 0x0, 0xfd, 0x0, 0x8, 0xf2, 0xaf, 0x27,
    0xf7, 0x0, 0x4, 0x44, 0xff, 0x44, 0x2a, 0xf0,
    0xaf, 0x20, 0xfe, 0x0, 0x3f, 0xff, 0xff, 0xff,
    0x8e, 0xd0, 0xaf, 0x20, 0x9f, 0x50, 0x17, 0x7c,
    0xff, 0x77, 0x5f, 0x90, 0xaf, 0x20, 0x3f, 0xa0,
    0x0, 0xb, 0xff, 0x60, 0x6f, 0x50, 0xaf, 0x20,
    0xe, 0xb0, 0x0, 0x2f, 0xff, 0xf4, 0x6e, 0x0,
    0xaf, 0x20, 0x1, 0x0, 0x0, 0x9f, 0xfd, 0xcf,
    0x20, 0x0, 0xaf, 0x20, 0xcc, 0x10, 0x2, 0xf9,
    0xfd, 0x3e, 0x10, 0x0, 0xaf, 0x23, 0xfc, 0x0,
    0xc, 0xf2, 0xfd, 0x1, 0x0, 0x0, 0x46, 0x1d,
    0xf5, 0x0, 0x5f, 0x90, 0xfd, 0x0, 0x0, 0x0,
    0x0, 0xaf, 0xb0, 0x0, 0xd, 0x10, 0xfd, 0x0,
    0x0, 0x0, 0xa, 0xfe, 0x10, 0x0, 0x0, 0x0,
    0xfd, 0x0, 0x0, 0x5, 0xef, 0xe2, 0x0, 0x0,
    0x0, 0x0, 0xfd, 0x0, 0x38, 0xef, 0xfa, 0x10,
    0x0, 0x0, 0x0, 0x0, 0xfd, 0x8, 0xff, 0xfc,
    0x40, 0x0, 0x0, 0x0, 0x0, 0x0, 0xfd, 0x1,
    0xd8, 0x30, 0x0, 0x0, 0x0, 0x0,

    /* U+7B2C "第" */
    0x0, 0x2, 0xe7, 0x0, 0x0, 0x3, 0xe7, 0x0,
    0x0, 0x0, 0x0, 0x9, 0xf9, 0x33, 0x33, 0xa,
    0xfa, 0x33, 0x33, 0x30, 0x0, 0x3f, 0xff, 0xff,
    0xff, 0x5f, 0xff, 0xff, 0xff, 0xf1, 0x0, 0xdf,
    0x6b, 0xf9, 0x33, 0xcf, 0x93, 0xff, 0x42, 0x20,
    0xc, 0xf7, 0x1, 0xfd, 0x6, 0xfc, 0x0, 0x4f,
    0xa0, 0x0, 0x2, 0x95, 0x55, 0x96, 0x55, 0xa6,
    0x55, 0x5a, 0x61, 0x0, 0x0, 0x6f, 0xff, 0xff,
    0xff, 0xff, 0xff, 0xff, 0xf5, 0x0, 0x0, 0x14,
    0x44, 0x44, 0x5f, 0xf4, 0x44, 0x4a, 0xf5, 0x0,
    0x0, 0x0, 0x10, 0x0, 0x2f, 0xd0, 0x0, 0x8,
    0xf5, 0x0, 0x0, 0xc, 0xff, 0xff, 0xff, 0xff,
    0xff, 0xff, 0xf5, 0x0, 0x0, 0xe, 0xf8, 0x88,
    0xaf, 0xf8, 0x88, 0x88, 0x83, 0x0, 0x0, 0xf,
    0xc0, 0x0, 0x1f, 0xc0, 0x0, 0x0, 0x0, 0x0,
    0x0, 0x3f, 0xff, 0xff, 0xff, 0xff, 0xff, 0xff,
    0xff, 0x20, 0x0, 0x3f, 0xe9, 0x9f, 0xff, 0xf9,
    0x99, 0x99, 0xff, 0x0, 0x0, 0x0, 0x0, 0x9f,
    0xef, 0xc0, 0x0, 0x0, 0xfe, 0x0, 0x0, 0x0,
    0x4e, 0xfc, 0x2f, 0xc0, 0x0, 0x3, 0xfc, 0x0,
    0x0, 0x4b, 0xff, 0x80, 0x1f, 0xc0, 0x2d, 0xce,
    0xf7, 0x0, 0x7, 0xff, 0xe4, 0x0, 0x1f, 0xc0,
    0xc, 0xdd, 0x90, 0x0, 0x0, 0xb7, 0x0, 0x0,
    0x1f, 0xc0, 0x0, 0x0, 0x0, 0x0,

    /* U+7B7E "签" */
    0x0, 0x9, 0x90, 0x0, 0x0, 0xa, 0x80, 0x0,
    0x0, 0x0, 0x0, 0x1f, 0xd0, 0x0, 0x0, 0x5f,
    0xc0, 0x0, 0x0, 0x0, 0x0, 0x9f, 0xff, 0xff,
    0xf6, 0xdf, 0xff, 0xff, 0xff, 0x90, 0x2, 0xff,
    0xef, 0xe8, 0x8e, 0xff, 0x8f, 0xfa, 0x88, 0x40,
    0xd, 0xf4, 0xe, 0xe0, 0xb, 0xf0, 0x3, 0xfc,
    0x0, 0x0, 0x3e, 0x90, 0x8, 0xb2, 0x8f, 0xf2,
    0x0, 0xac, 0x20, 0x0, 0x1, 0x0, 0x0, 0x2c,
    0xfe, 0xfe, 0x50, 0x0, 0x0, 0x0, 0x0, 0x0,
    0x18, 0xff, 0x80, 0x1b, 0xfc, 0x40, 0x0, 0x0,
    0x0, 0x39, 0xff, 0xc3, 0x0, 0x0, 0x7f, 0xfe,
    0x72, 0x0, 0x3d, 0xff, 0xdb, 0xff, 0xff, 0xff,
    0xfe, 0x7e, 0xff, 0xc0, 0xc, 0xa3, 0x3, 0x88,
    0x88, 0x88, 0x87, 0x0, 0x5b, 0x30, 0x0, 0x0,
    0x30, 0x0, 0x5a, 0x0, 0x0, 0x47, 0x10, 0x0,
    0x0, 0x8, 0xf4, 0x0, 0x7f, 0x40, 0x0, 0xbf,
    0x20, 0x0, 0x0, 0x2, 0xfd, 0x0, 0x1f, 0xb0,
    0x2, 0xfc, 0x0, 0x0, 0x0, 0x0, 0x9f, 0x50,
    0xa, 0xf2, 0x9, 0xf5, 0x0, 0x0, 0x0, 0x0,
    0x2f, 0xa0, 0x5, 0xe3, 0x1f, 0xd0, 0x0, 0x0,
    0x0, 0x0, 0x4, 0x0, 0x0, 0x0, 0xaf, 0x50,
    0x0, 0x0, 0xa, 0xbb, 0xbb, 0xbb, 0xbb, 0xbe,
    0xff, 0xbb, 0xbb, 0x50, 0xe, 0xff, 0xff, 0xff,
    0xff, 0xff, 0xff, 0xff, 0xff, 0x80,

    /* U+7BAD "箭" */
    0x0, 0x0, 0x0, 0x0, 0x0, 0x0, 0x0, 0x0,
    0x0, 0x0, 0x0, 0x6, 0xf7, 0x0, 0x0, 0x6,
    0xf6, 0x0, 0x0, 0x0, 0x0, 0xf, 0xfc, 0x99,
    0x98, 0xf, 0xfb, 0x98, 0x88, 0x80, 0x0, 0x9f,
    0xff, 0xff, 0xfe, 0x8f, 0xff, 0xff, 0xff, 0xf0,
    0x6, 0xfe, 0x17, 0xf8, 0x5, 0xff, 0x21, 0xef,
    0x30, 0x0, 0xb, 0xf2, 0x3, 0xf6, 0x4, 0xd5,
    0x3, 0x6e, 0x40, 0x0, 0x0, 0x20, 0x3f, 0xd0,
    0x0, 0x0, 0x2f, 0xe1, 0x0, 0x0, 0x8, 0x88,
    0x8f, 0xfe, 0x88, 0x88, 0xff, 0xd8, 0x88, 0x80,
    0x1f, 0xff, 0xff, 0xff, 0xff, 0xff, 0xff, 0xff,
    0xff, 0xf1, 0x0, 0x0, 0x0, 0x0, 0x0, 0x0,
    0x0, 0x0, 0x0, 0x0, 0x0, 0x9f, 0xff, 0xff,
    0xfb, 0x1, 0x84, 0x1, 0xda, 0x0, 0x0, 0x9f,
    0x65, 0x56, 0xfb, 0x3, 0xf8, 0x1, 0xfc, 0x0,
    0x0, 0x9f, 0x86, 0x67, 0xfb, 0x3, 0xf8, 0x1,
    0xfc, 0x0, 0x0, 0x9f, 0xff, 0xff, 0xfb, 0x3,
    0xf8, 0x1, 0xfc, 0x0, 0x0, 0x9f, 0x20, 0x1,
    0xfb, 0x3, 0xf8, 0x1, 0xfc, 0x0, 0x0, 0x9f,
    0xff, 0xff, 0xfb, 0x3, 0xf8, 0x1, 0xfc, 0x0,
    0x0, 0x9f, 0x96, 0x68, 0xfb, 0x1, 0x53, 0x1,
    0xfc, 0x0, 0x0, 0x9f, 0x20, 0x1, 0xfb, 0x0,
    0x0, 0x1, 0xfc, 0x0, 0x0, 0x9f, 0x20, 0x9b,
    0xfa, 0x0, 0x9, 0xcc, 0xfb, 0x0, 0x0, 0x9f,
    0x20, 0x8d, 0xb3, 0x0, 0x6, 0xee, 0xb3, 0x0,

    /* U+7C89 "粉" */
    0x0, 0x1, 0xe9, 0x0, 0x0, 0x4, 0x40, 0x27,
    0x10, 0x0, 0x4, 0x31, 0xfa, 0x8, 0x30, 0xe,
    0xe0, 0x6f, 0x50, 0x0, 0xc, 0xa1, 0xfa, 0x2f,
    0x80, 0x2f, 0xa0, 0x2f, 0xa0, 0x0, 0x8, 0xe1,
    0xfa, 0x6f, 0x20, 0x7f, 0x60, 0xd, 0xf0, 0x0,
    0x5, 0xf4, 0xfa, 0xbc, 0x0, 0xdf, 0x10, 0x8,
    0xf7, 0x0, 0x2, 0xf6, 0xfb, 0xf6, 0x7, 0xfa,
    0x0, 0x2, 0xfe, 0x10, 0x0, 0x21, 0xfa, 0x10,
    0x4f, 0xf2, 0x0, 0x0, 0x9f, 0xb0, 0xf, 0xff,
    0xff, 0xff, 0xff, 0x60, 0x0, 0x0, 0xd, 0xf6,
    0xd, 0xdf, 0xff, 0xdd, 0x9f, 0xff, 0xff, 0xff,
    0xff, 0x90, 0x0, 0xc, 0xff, 0x0, 0x6, 0xcf,
    0xff, 0xcc, 0xfd, 0x0, 0x0, 0x1f, 0xff, 0x80,
    0x0, 0x9, 0xf4, 0x0, 0xfc, 0x0, 0x0, 0x8f,
    0xff, 0xf6, 0x0, 0xb, 0xf1, 0x1, 0xfc, 0x0,
    0x1, 0xfb, 0xfb, 0xdf, 0x30, 0xe, 0xe0, 0x2,
    0xfb, 0x0, 0x9, 0xf5, 0xfa, 0x3e, 0x10, 0x3f,
    0xa0, 0x3, 0xfa, 0x0, 0x2f, 0xd1, 0xfa, 0x1,
    0x0, 0x9f, 0x40, 0x4, 0xf9, 0x0, 0xd, 0x51,
    0xfa, 0x0, 0x2, 0xfd, 0x0, 0x6, 0xf7, 0x0,
    0x3, 0x1, 0xfa, 0x0, 0x1d, 0xf4, 0x0, 0xa,
    0xf5, 0x0, 0x0, 0x1, 0xfa, 0x2, 0xdf, 0x80,
    0x1b, 0xbf, 0xf1, 0x0, 0x0, 0x1, 0xfa, 0x0,
    0x97, 0x0, 0xe, 0xfe, 0x60, 0x0, 0x0, 0x0,
    0x0, 0x0, 0x0, 0x0, 0x0, 0x0, 0x0, 0x0,

    /* U+7CFB "系" */
    0x0, 0x0, 0x0, 0x0, 0x0, 0x24, 0x69, 0xd4,
    0x0, 0x5, 0x78, 0x9a, 0xbe, 0xef, 0xff, 0xff,
    0xfc, 0x0, 0xb, 0xff, 0xff, 0xff, 0xfc, 0x97,
    0x53, 0x0, 0x0, 0x2, 0x33, 0x23, 0xdf, 0x60,
    0x0, 0x20, 0x0, 0x0, 0x0, 0x0, 0x2e, 0xf5,
    0x0, 0x5, 0xfc, 0x0, 0x0, 0x0, 0x6, 0xfe,
    0x30, 0x1, 0x9f, 0xf7, 0x0, 0x0, 0x0, 0xcf,
    0xff, 0xff, 0xff, 0xfe, 0x30, 0x0, 0x0, 0x0,
    0xcf, 0xba, 0x8d, 0xff, 0xd1, 0x16, 0x0, 0x0,
    0x0, 0x0, 0x1, 0xbf, 0xe5, 0x0, 0x9f, 0x80,
    0x0, 0x0, 0x0, 0x7f, 0xf9, 0x10, 0x0, 0xc,
    0xf6, 0x0, 0x1, 0x8f, 0xff, 0x98, 0x9a, 0xbc,
    0xdf, 0xff, 0x30, 0xf, 0xff, 0xff, 0xff, 0xff,
    0xec, 0xa9, 0xbf, 0xd0, 0x9, 0xb6, 0x53, 0x21,
    0xdf, 0x10, 0x0, 0x7, 0xf3, 0x0, 0x1, 0xb7,
    0x0, 0xdf, 0x10, 0x9a, 0x0, 0x10, 0x0, 0x1d,
    0xf9, 0x0, 0xdf, 0x11, 0xbf, 0xd2, 0x0, 0x2,
    0xdf, 0xb0, 0x0, 0xdf, 0x10, 0x9, 0xff, 0x40,
    0x6f, 0xfa, 0x0, 0x0, 0xdf, 0x10, 0x0, 0x7f,
    0xf5, 0x2c, 0x80, 0x8, 0xcc, 0xff, 0x0, 0x0,
    0x6, 0xd2, 0x0, 0x0, 0x4, 0xff, 0xd7, 0x0,
    0x0, 0x0, 0x0, 0x0, 0x0, 0x0, 0x0, 0x0,
    0x0, 0x0, 0x0, 0x0,

    /* U+7D20 "素" */
    0x0, 0x0, 0x0, 0x0, 0xc, 0xb0, 0x0, 0x0,
    0x0, 0x0, 0x0, 0x77, 0x77, 0x77, 0x7f, 0xf7,
    0x77, 0x77, 0x77, 0x0, 0x0, 0xff, 0xff, 0xff,
    0xff, 0xff, 0xff, 0xff, 0xff, 0x20, 0x0, 0x1,
    0x11, 0x11, 0x1f, 0xf1, 0x11, 0x11, 0x10, 0x0,
    0x0, 0xf, 0xff, 0xff, 0xff, 0xff, 0xff, 0xff,
    0xf0, 0x0, 0x0, 0x2, 0x22, 0x22, 0x2f, 0xf2,
    0x22, 0x22, 0x20, 0x0, 0xe, 0xee, 0xee, 0xee,
    0xef, 0xfe, 0xee, 0xee, 0xee, 0xe1, 0x9, 0x99,
    0x99, 0x9c, 0xff, 0x99, 0x99, 0x99, 0x99, 0x90,
    0x0, 0x0, 0x1, 0x9f, 0xe6, 0x0, 0x7, 0x40,
    0x0, 0x0, 0x0, 0x2, 0x9f, 0xfc, 0x55, 0x6d,
    0xef, 0xd1, 0x0, 0x0, 0x0, 0xb, 0xff, 0xff,
    0xff, 0xff, 0xc5, 0x0, 0x0, 0x0, 0x0, 0x2,
    0x32, 0x6b, 0xff, 0x93, 0x2, 0xec, 0x20, 0x0,
    0x0, 0x17, 0xcf, 0xff, 0xb6, 0x67, 0x89, 0xff,
    0xf4, 0x0, 0x0, 0xff, 0xff, 0xff, 0xff, 0xff,
    0xcb, 0xbe, 0xff, 0x60, 0x0, 0xa6, 0x45, 0x21,
    0x9, 0xf4, 0x1, 0x20, 0x2b, 0x20, 0x0, 0x0,
    0x7f, 0xd1, 0x9, 0xf4, 0x1e, 0xf9, 0x10, 0x0,
    0x0, 0x4c, 0xfd, 0x20, 0x9, 0xf4, 0x2, 0xbf,
    0xe5, 0x0, 0xc, 0xff, 0x80, 0x4a, 0xae, 0xf3,
    0x0, 0x6, 0xff, 0x80, 0x3, 0xa2, 0x0, 0x1f,
    0xfe, 0x90, 0x0, 0x0, 0x2a, 0x10, 0x0, 0x0,
    0x0, 0x0, 0x0, 0x0, 0x0, 0x0, 0x0, 0x0,

    /* U+7D2B "紫" */
    0x0, 0x0, 0x9, 0xf3, 0x0, 0x3f, 0x90, 0x0,
    0x0, 0x0, 0x0, 0x76, 0x9, 0xf3, 0x0, 0x3f,
    0xa0, 0x2, 0x97, 0x0, 0x0, 0xec, 0x9, 0xff,
    0xff, 0x4f, 0xd8, 0xdf, 0xfe, 0x30, 0x0, 0xec,
    0x9, 0xfc, 0x99, 0x4f, 0xff, 0xd9, 0x40, 0x0,
    0x0, 0xec, 0x9, 0xf3, 0x0, 0x3f, 0xf2, 0x0,
    0x6, 0x50, 0x0, 0xec, 0xb, 0xf8, 0x79, 0x4f,
    0xb0, 0x0, 0x1c, 0xf0, 0x19, 0xff, 0xff, 0xff,
    0xfe, 0x2f, 0xff, 0xff, 0xff, 0xb0, 0x2f, 0xfe,
    0xa8, 0x54, 0xbe, 0x32, 0x78, 0x88, 0x87, 0x10,
    0x2, 0x0, 0x0, 0x7f, 0xf9, 0x10, 0x6c, 0x10,
    0x0, 0x0, 0x0, 0x1, 0x8f, 0xff, 0x87, 0xbf,
    0xfe, 0x40, 0x0, 0x0, 0x0, 0xf, 0xff, 0xff,
    0xff, 0xff, 0x91, 0x50, 0x0, 0x0, 0x0, 0x5,
    0x64, 0x4a, 0xff, 0xa2, 0x8, 0xfb, 0x0, 0x0,
    0x0, 0x0, 0x4a, 0xff, 0xc6, 0x45, 0x67, 0xff,
    0xf1, 0x0, 0x0, 0x8f, 0xff, 0xff, 0xff, 0xff,
    0xff, 0xef, 0xfd, 0x10, 0x0, 0xbf, 0xd9, 0x86,
    0x5f, 0xf2, 0x1, 0x0, 0x8f, 0xa0, 0x0, 0x0,
    0x5e, 0x90, 0xd, 0xf1, 0x3e, 0xe6, 0x4, 0x0,
    0x0, 0x3b, 0xfd, 0x20, 0xd, 0xf1, 0x3, 0xdf,
    0xc3, 0x0, 0x9, 0xff, 0x80, 0x49, 0x9f, 0xf0,
    0x0, 0x7, 0xff, 0x40, 0x1, 0x82, 0x0, 0x2f,
    0xfe, 0x80, 0x0, 0x0, 0x36, 0x0, 0x0, 0x0,
    0x0, 0x0, 0x0, 0x0, 0x0, 0x0, 0x0, 0x0,

    /* U+7EA2 "红" */
    0x0, 0x0, 0x66, 0x0, 0x0, 0x0, 0x0, 0x0,
    0x0, 0x0, 0x0, 0x0, 0xef, 0x40, 0x0, 0x0,
    0x0, 0x0, 0x0, 0x0, 0x0, 0x6, 0xfb, 0x0,
    0x5f, 0xff, 0xff, 0xff, 0xff, 0xe0, 0x0, 0xe,
    0xf3, 0x0, 0x5f, 0xff, 0xff, 0xff, 0xff, 0xe0,
    0x0, 0x8f, 0x90, 0x33, 0x0, 0x0, 0x3f, 0xd0,
    0x0, 0x0, 0x2, 0xfe, 0x0, 0xdf, 0x60, 0x0,
    0x3f, 0xd0, 0x0, 0x0, 0x1e, 0xf9, 0x6f, 0xfd,
    0x0, 0x0, 0x3f, 0xd0, 0x0, 0x0, 0x4f, 0xff,
    0xff, 0xf2, 0x0, 0x0, 0x3f, 0xd0, 0x0, 0x0,
    0xe, 0x76, 0xff, 0x50, 0x0, 0x0, 0x3f, 0xd0,
    0x0, 0x0, 0x0, 0xb, 0xf8, 0x0, 0x0, 0x0,
    0x3f, 0xd0, 0x0, 0x0, 0x0, 0x9f, 0xa0, 0x13,
    0x0, 0x0, 0x3f, 0xd0, 0x0, 0x0, 0xd, 0xff,
    0xdf, 0xff, 0x20, 0x0, 0x3f, 0xd0, 0x0, 0x0,
    0xf, 0xff, 0xec, 0x97, 0x10, 0x0, 0x3f, 0xd0,
    0x0, 0x0, 0x9, 0x41, 0x0, 0x0, 0x0, 0x0,
    0x3f, 0xd0, 0x0, 0x0, 0x0, 0x0, 0x0, 0x25,
    0x0, 0x0, 0x3f, 0xd0, 0x0, 0x0, 0x3, 0x69,
    0xcf, 0xff, 0x34, 0x44, 0x7f, 0xf4, 0x44, 0x41,
    0x4f, 0xff, 0xfe, 0xb7, 0xbf, 0xff, 0xff, 0xff,
    0xff, 0xf6, 0x1d, 0x96, 0x20, 0x0, 0x7a, 0xaa,
    0xaa, 0xaa, 0xaa, 0xa3,

    /* U+7EA7 "级" */
    0x0, 0x0, 0x0, 0x0, 0x0, 0x0, 0x0, 0x0,
    0x0, 0x0, 0x0, 0x0, 0xa8, 0x0, 0x0, 0x0,
    0x0, 0x0, 0x0, 0x0, 0x0, 0x1, 0xfd, 0x0,
    0xbb, 0xbb, 0xbb, 0xbf, 0xb0, 0x0, 0x0, 0x8,
    0xf6, 0x0, 0xff, 0xff, 0xff, 0xff, 0xd0, 0x0,
    0x0, 0x1f, 0xd0, 0x0, 0x11, 0xff, 0x11, 0x7f,
    0x80, 0x0, 0x0, 0x9f, 0x40, 0x71, 0x0, 0xfe,
    0x0, 0xaf, 0x40, 0x0, 0x3, 0xfb, 0x3, 0xfc,
    0x0, 0xfd, 0x0, 0xef, 0x0, 0x0, 0x2d, 0xf5,
    0x5f, 0xf3, 0x1, 0xfb, 0x3, 0xfc, 0x12, 0x0,
    0x2f, 0xff, 0xff, 0x90, 0x3, 0xff, 0x7, 0xff,
    0xff, 0xa0, 0xb, 0x88, 0xfe, 0x0, 0x4, 0xff,
    0x16, 0xfa, 0xef, 0x80, 0x0, 0xc, 0xf3, 0x0,
    0x7, 0xff, 0x70, 0x0, 0x9f, 0x40, 0x0, 0x9f,
    0x85, 0xa8, 0x9, 0xff, 0xe0, 0x0, 0xfe, 0x0,
    0x9, 0xff, 0xff, 0xf8, 0xc, 0xf8, 0xf7, 0x7,
    0xf8, 0x0, 0x2f, 0xff, 0xa5, 0x0, 0xf, 0xd0,
    0xef, 0x4e, 0xf1, 0x0, 0xb, 0x40, 0x0, 0x14,
    0x5f, 0x90, 0x5f, 0xff, 0x70, 0x0, 0x0, 0x0,
    0x5b, 0xfd, 0xbf, 0x40, 0xf, 0xff, 0x0, 0x0,
    0x4, 0x9e, 0xff, 0xb6, 0xfe, 0x0, 0x7f, 0xff,
    0xb1, 0x0, 0xe, 0xfe, 0x82, 0xa, 0xf8, 0x1b,
    0xfe, 0x5c, 0xfd, 0x40, 0x7, 0x50, 0x0, 0x4f,
    0xe3, 0xff, 0xd2, 0x0, 0xbf, 0xf4, 0x0, 0x0,
    0x0, 0x8, 0x50, 0x78, 0x0, 0x0, 0x5, 0x70,

    /* U+7EDF "统" */
    0x0, 0x0, 0x93, 0x0, 0x0, 0x1, 0x76, 0x0,
    0x0, 0x0, 0x0, 0x3, 0xfe, 0x0, 0x0, 0x0,
    0xff, 0x10, 0x0, 0x0, 0x0, 0xa, 0xf8, 0x0,
    0x0, 0x0, 0x9f, 0x50, 0x0, 0x0, 0x0, 0x2f,
    0xe1, 0x0, 0xee, 0xee, 0xff, 0xee, 0xee, 0xc0,
    0x0, 0xaf, 0x60, 0x50, 0xdd, 0xdf, 0xff, 0xdd,
    0xdd, 0xb0, 0x4, 0xfd, 0x6, 0xf9, 0x0, 0x3f,
    0xf2, 0x2, 0x10, 0x0, 0x2e, 0xf4, 0x4f, 0xf4,
    0x1, 0xdf, 0x50, 0x2f, 0xb0, 0x0, 0x5f, 0xff,
    0xff, 0xa0, 0xb, 0xf9, 0x0, 0xa, 0xf6, 0x0,
    0xf, 0xde, 0xff, 0x13, 0xdf, 0xf7, 0x8a, 0xbe,
    0xfe, 0x10, 0x0, 0x1e, 0xf4, 0x2, 0xff, 0xff,
    0xff, 0xfd, 0xff, 0x90, 0x0, 0xbf, 0x70, 0x0,
    0xc9, 0xb8, 0x32, 0x42, 0xe, 0xa0, 0xa, 0xff,
    0x9c, 0xf4, 0x1, 0xfc, 0x4, 0xf9, 0x1, 0x0,
    0x3f, 0xff, 0xff, 0xb2, 0x2, 0xfb, 0x4, 0xf9,
    0x0, 0x0, 0xf, 0xb6, 0x20, 0x0, 0x5, 0xf9,
    0x4, 0xf9, 0x0, 0x0, 0x0, 0x0, 0x0, 0x52,
    0x9, 0xf6, 0x4, 0xf9, 0x2, 0x0, 0x0, 0x15,
    0xaf, 0xf7, 0xe, 0xf2, 0x4, 0xf9, 0x7, 0xf1,
    0x2c, 0xff, 0xfc, 0x71, 0xaf, 0xb0, 0x4, 0xf9,
    0x8, 0xf1, 0x1f, 0xd8, 0x20, 0x3c, 0xfe, 0x10,
    0x3, 0xfd, 0x9e, 0xe0, 0x3, 0x0, 0x0, 0x3f,
    0xc2, 0x0, 0x0, 0xbf, 0xff, 0x60, 0x0, 0x0,
    0x0, 0x2, 0x0, 0x0, 0x0, 0x0, 0x0, 0x0,

    /* U+7EFF "绿" */
    0x0, 0x2, 0x70, 0x0, 0x0, 0x0, 0x0, 0x0,
    0x10, 0x0, 0x0, 0x8, 0xf7, 0x0, 0x4f, 0xff,
    0xff, 0xff, 0xfd, 0x0, 0x0, 0xe, 0xf1, 0x0,
    0x29, 0x99, 0x99, 0x99, 0xfc, 0x0, 0x0, 0x5f,
    0x90, 0x0, 0x1, 0x11, 0x11, 0x11, 0xfc, 0x0,
    0x0, 0xdf, 0x13, 0x30, 0xf, 0xff, 0xff, 0xff,
    0xfb, 0x0, 0x5, 0xf8, 0xc, 0xf1, 0x5, 0x66,
    0x66, 0x68, 0xfa, 0x0, 0x2f, 0xf7, 0xdf, 0x90,
    0x0, 0x0, 0x0, 0x3, 0xf9, 0x0, 0x6f, 0xff,
    0xff, 0x12, 0xff, 0xff, 0xff, 0xff, 0xff, 0xf0,
    0x1c, 0x5c, 0xf5, 0x1, 0xbb, 0xbb, 0xff, 0xcb,
    0xbb, 0xa0, 0x0, 0x4f, 0xb0, 0x0, 0x5, 0x0,
    0xaf, 0x10, 0x4, 0x0, 0x1, 0xee, 0x12, 0x40,
    0x9f, 0x70, 0xaf, 0x10, 0xaf, 0x70, 0x2f, 0xff,
    0xff, 0xc0, 0xb, 0xf4, 0xcf, 0x6b, 0xf9, 0x0,
    0x2f, 0xff, 0xc8, 0x40, 0x0, 0xb4, 0xff, 0xff,
    0x60, 0x0, 0x8, 0x30, 0x0, 0x0, 0x0, 0x6f,
    0xff, 0xfd, 0x0, 0x0, 0x0, 0x0, 0x16, 0x80,
    0x1b, 0xfc, 0xcf, 0x7f, 0xb0, 0x0, 0x2, 0x7c,
    0xff, 0xd6, 0xff, 0x90, 0xaf, 0x17, 0xfe, 0x50,
    0x4f, 0xff, 0xb5, 0x4, 0xe4, 0x0, 0xaf, 0x10,
    0x6f, 0xc0, 0x1c, 0x71, 0x0, 0x0, 0x10, 0x5a,
    0xef, 0x0, 0x1, 0x20, 0x0, 0x0, 0x0, 0x0,
    0x0, 0x3f, 0xe8, 0x0, 0x0, 0x0,

    /* U+7F51 "网" */
    0x1c, 0xcc, 0xcc, 0xcc, 0xcc, 0xcc, 0xcc, 0xce,
    0xf8, 0x2f, 0xff, 0xff, 0xff, 0xff, 0xff, 0xff,
    0xff, 0xfa, 0x2f, 0xc0, 0x0, 0x0, 0x0, 0x0,
    0x0, 0x4, 0xfa, 0x2f, 0xc0, 0x0, 0xb, 0x70,
    0x0, 0x3a, 0x33, 0xfa, 0x2f, 0xc0, 0x20, 0x2f,
    0x91, 0x0, 0x7f, 0x33, 0xfa, 0x2f, 0xca, 0xd1,
    0x4f, 0x6d, 0xa0, 0xaf, 0x3, 0xfa, 0x2f, 0xc4,
    0xfb, 0x8f, 0x39, 0xf7, 0xdd, 0x3, 0xfa, 0x2f,
    0xc0, 0x8f, 0xff, 0x0, 0xcf, 0xfa, 0x3, 0xfa,
    0x2f, 0xc0, 0xc, 0xff, 0x0, 0x2f, 0xf6, 0x3,
    0xfa, 0x2f, 0xc0, 0x6, 0xff, 0x10, 0xf, 0xfa,
    0x3, 0xfa, 0x2f, 0xc0, 0xb, 0xff, 0xb0, 0x1f,
    0xff, 0x33, 0xfa, 0x2f, 0xc0, 0x2f, 0xaa, 0xf4,
    0x8f, 0x8f, 0xc3, 0xfa, 0x2f, 0xc0, 0xbf, 0x31,
    0xc3, 0xfd, 0x9, 0xf5, 0xfa, 0x2f, 0xc6, 0xfa,
    0x0, 0xb, 0xf5, 0x1, 0x43, 0xfa, 0x2f, 0xde,
    0xe1, 0x0, 0x8f, 0xa0, 0x0, 0x3, 0xfa, 0x2f,
    0xc2, 0x30, 0x0, 0x8, 0x0, 0x0, 0x4, 0xfa,
    0x2f, 0xc0, 0x0, 0x0, 0x0, 0x0, 0x9d, 0xde,
    0xf8, 0x2f, 0xc0, 0x0, 0x0, 0x0, 0x0, 0x4f,
    0xfe, 0xa1,

    /* U+7F6E "置" */
    0x2, 0x22, 0x22, 0x22, 0x22, 0x22, 0x22, 0x22,
    0x10, 0xe, 0xff, 0xff, 0xff, 0xff, 0xff, 0xff,
    0xff, 0xc0, 0xe, 0xf3, 0x24, 0xfa, 0x22, 0xaf,
    0x42, 0x2f, 0xc0, 0xe, 0xf5, 0x56, 0xfb, 0x55,
    0xbf, 0x65, 0x5f, 0xc0, 0xe, 0xff, 0xff, 0xff,
    0xff, 0xff, 0xff, 0xff, 0xc0, 0x0, 0x0, 0x0,
    0x2, 0xfc, 0x0, 0x0, 0x0, 0x0, 0xdf, 0xff,
    0xff, 0xff, 0xff, 0xff, 0xff, 0xff, 0xf3, 0x67,
    0x77, 0x77, 0x7e, 0xfd, 0x77, 0x77, 0x77, 0x71,
    0x0, 0x38, 0x88, 0x8f, 0xfb, 0x88, 0x88, 0x83,
    0x0, 0x0, 0x6f, 0xca, 0xaa, 0xaa, 0xaa, 0xad,
    0xf5, 0x0, 0x0, 0x6f, 0x92, 0x22, 0x22, 0x22,
    0x2a, 0xf5, 0x0, 0x0, 0x6f, 0xfe, 0xee, 0xee,
    0xee, 0xef, 0xf5, 0x0, 0x0, 0x6f, 0x82, 0x22,
    0x22, 0x22, 0x2a, 0xf5, 0x0, 0x0, 0x6f, 0xfe,
    0xee, 0xee, 0xee, 0xef, 0xf5, 0x0, 0x0, 0x6f,
    0x81, 0x11, 0x11, 0x11, 0x19, 0xf5, 0x0, 0x0,
    0x6f, 0xff, 0xff, 0xff, 0xff, 0xff, 0xf5, 0x0,
    0x1, 0x7f, 0x71, 0x11, 0x11, 0x11, 0x19, 0xf6,
    0x10, 0xef, 0xff, 0xff, 0xff, 0xff, 0xff, 0xff,
    0xff, 0xff, 0xef, 0xff, 0xff, 0xff, 0xff, 0xff,
    0xff, 0xff, 0xff,

    /* U+8003 "考" */
    0x0, 0x0, 0x0, 0x0, 0xcc, 0x0, 0x0, 0x0,
    0x0, 0x0, 0x0, 0x0, 0x0, 0xe, 0xf0, 0x0,
    0x0, 0xb, 0x60, 0x0, 0x8, 0x99, 0x99, 0xff,
    0x99, 0x99, 0x2b, 0xf7, 0x0, 0x0, 0xdf, 0xff,
    0xff, 0xff, 0xff, 0xfe, 0xf9, 0x0, 0x0, 0x0,
    0x0, 0x0, 0xef, 0x0, 0x1c, 0xf9, 0x0, 0x0,
    0x0, 0x0, 0x0, 0xe, 0xf0, 0x2d, 0xf8, 0x0,
    0x0, 0xa, 0xff, 0xff, 0xff, 0xff, 0xff, 0xff,
    0xff, 0xff, 0xd0, 0x69, 0x99, 0x99, 0x9c, 0xff,
    0xfc, 0x99, 0x99, 0x98, 0x0, 0x0, 0x0, 0x19,
    0xff, 0x90, 0x0, 0x0, 0x0, 0x0, 0x0, 0x0,
    0x7e, 0xff, 0xeb, 0xbb, 0xbb, 0xba, 0x0, 0x0,
    0x18, 0xef, 0xff, 0xfc, 0xcc, 0xcc, 0xcc, 0xb0,
    0x0, 0xbf, 0xfe, 0x7a, 0xf5, 0x0, 0x0, 0x0,
    0x0, 0x0, 0xc, 0xd6, 0x1, 0xff, 0x88, 0x88,
    0x88, 0xc8, 0x0, 0x0, 0x10, 0x0, 0x8f, 0xff,
    0xff, 0xff, 0xff, 0xf0, 0x0, 0x0, 0x0, 0x0,
    0x10, 0x0, 0x0, 0x2, 0xfd, 0x0, 0x0, 0x0,
    0x0, 0x0, 0x0, 0x0, 0x0, 0x5f, 0xa0, 0x0,
    0x0, 0x0, 0x0, 0x0, 0x0, 0x0, 0xa, 0xf6,
    0x0, 0x0, 0x0, 0x0, 0x0, 0x5, 0xbb, 0xab,
    0xff, 0x0, 0x0, 0x0, 0x0, 0x0, 0x0, 0x1f,
    0xff, 0xfd, 0x40, 0x0, 0x0, 0x0, 0x0, 0x0,
    0x0, 0x0, 0x0, 0x0, 0x0, 0x0,

    /* U+804A "聊" */
    0x0, 0x11, 0x11, 0x10, 0x0, 0x4, 0x90, 0x0,
    0x0, 0x0, 0xef, 0xff, 0xff, 0xd0, 0x9, 0xfe,
    0x30, 0x0, 0x0, 0x9, 0xff, 0xaf, 0xf8, 0x5f,
    0xf9, 0x10, 0xff, 0xff, 0xe0, 0xf, 0x80, 0x9e,
    0x7, 0xf3, 0x26, 0xf, 0xd9, 0xfd, 0x0, 0xf8,
    0x9, 0xe0, 0x7f, 0x17, 0xf1, 0xf9, 0xc, 0xb0,
    0xf, 0xff, 0xfe, 0x7, 0xf1, 0x7f, 0x1f, 0x90,
    0xcb, 0x0, 0xff, 0x9f, 0xe0, 0x7f, 0x17, 0xf1,
    0xf9, 0xc, 0xb0, 0xf, 0x80, 0x9e, 0x7, 0xf1,
    0x7f, 0x1f, 0x90, 0xcb, 0x0, 0xf8, 0x9, 0xe0,
    0x7f, 0x17, 0xf1, 0xf9, 0xc, 0xb0, 0xf, 0xfa,
    0xfe, 0x7, 0xf1, 0x7f, 0x1f, 0x90, 0xcb, 0x0,
    0xff, 0xff, 0xe0, 0x7f, 0x18, 0xf0, 0xf9, 0xc,
    0xb0, 0xf, 0x80, 0x9e, 0x7, 0xf1, 0x9f, 0xf,
    0x90, 0xcb, 0x0, 0xf8, 0x9, 0xe0, 0x8f, 0x9f,
    0xf0, 0xf9, 0xc, 0xb0, 0xf, 0xc6, 0xff, 0xaf,
    0xff, 0xfd, 0xf, 0xb7, 0xea, 0x1e, 0xff, 0xff,
    0xf8, 0xc5, 0x5f, 0x60, 0xfa, 0xfd, 0x40, 0xb9,
    0x63, 0xae, 0x0, 0xd, 0xf0, 0xf, 0x90, 0x0,
    0x0, 0x0, 0x9, 0xe0, 0xa, 0xf6, 0x0, 0xf9,
    0x0, 0x0, 0x0, 0x0, 0x9e, 0xb, 0xfa, 0x0,
    0xf, 0x90, 0x0, 0x0, 0x0, 0x9, 0xe0, 0xa9,
    0x0, 0x0, 0xf9, 0x0, 0x0, 0x0, 0x0, 0x0,
    0x0, 0x0, 0x0, 0x0, 0x0, 0x0,

    /* U+80CC "背" */
    0x0, 0x0, 0x9, 0xe4, 0x1, 0xeb, 0x0, 0x0,
    0x0, 0x13, 0x33, 0x3d, 0xf4, 0x1, 0xfd, 0x1,
    0x6d, 0x80, 0x7f, 0xff, 0xff, 0xf4, 0x1, 0xff,
    0xcf, 0xfe, 0x80, 0x13, 0x33, 0x3d, 0xf4, 0x1,
    0xff, 0xb7, 0x30, 0x0, 0x0, 0x0, 0x1e, 0xf4,
    0x1, 0xfd, 0x0, 0x0, 0x74, 0x7a, 0xdf, 0xff,
    0xf4, 0x0, 0xfe, 0x33, 0x33, 0xed, 0xbd, 0xa7,
    0x4c, 0xf4, 0x0, 0xcf, 0xff, 0xff, 0xf8, 0x0,
    0x0, 0x5, 0x82, 0x0, 0x4, 0x55, 0x55, 0x30,
    0x0, 0x4f, 0xff, 0xff, 0xff, 0xff, 0xff, 0xf5,
    0x0, 0x0, 0x4f, 0xd7, 0x77, 0x77, 0x77, 0x7f,
    0xf6, 0x0, 0x0, 0x4f, 0xa0, 0x0, 0x0, 0x0,
    0x9, 0xf6, 0x0, 0x0, 0x4f, 0xff, 0xff, 0xff,
    0xff, 0xff, 0xf6, 0x0, 0x0, 0x4f, 0xf6, 0x66,
    0x66, 0x66, 0x6f, 0xf6, 0x0, 0x0, 0x4f, 0xb1,
    0x11, 0x11, 0x11, 0x1a, 0xf6, 0x0, 0x0, 0x4f,
    0xff, 0xff, 0xff, 0xff, 0xff, 0xf6, 0x0, 0x0,
    0x4f, 0xe4, 0x44, 0x44, 0x44, 0x4d, 0xf6, 0x0,
    0x0, 0x4f, 0xa0, 0x0, 0x0, 0x0, 0x9, 0xf5,
    0x0, 0x0, 0x4f, 0xa0, 0x0, 0x0, 0x4a, 0xae,
    0xf4, 0x0, 0x0, 0x4f, 0xa0, 0x0, 0x0, 0x1f,
    0xfe, 0x90, 0x0,

    /* U+811A "脚" */
    0x1, 0x43, 0x34, 0x10, 0x7, 0xa0, 0x0, 0x0,
    0x0, 0x0, 0x7f, 0xff, 0xf8, 0x0, 0x9e, 0x0,
    0xb, 0xbb, 0xf9, 0x7, 0xf9, 0x8f, 0x80, 0x9,
    0xe0, 0x1, 0xff, 0xff, 0xd0, 0x7f, 0x0, 0xf8,
    0x7c, 0xff, 0xca, 0x1f, 0x91, 0xec, 0x7, 0xf0,
    0xf, 0x89, 0xff, 0xff, 0xd1, 0xf9, 0xd, 0xc0,
    0x7f, 0x98, 0xf8, 0x0, 0xaf, 0x0, 0x1f, 0x90,
    0xdc, 0x7, 0xff, 0xff, 0x80, 0x9, 0xe0, 0x1,
    0xf9, 0xd, 0xc0, 0x7f, 0x33, 0xf8, 0x22, 0xcf,
    0x22, 0x1f, 0x90, 0xdc, 0x7, 0xf0, 0xf, 0x8f,
    0xff, 0xff, 0xf4, 0xf9, 0xd, 0xc0, 0x7f, 0x0,
    0xf8, 0xac, 0xff, 0xaa, 0x3f, 0x90, 0xdc, 0x7,
    0xfc, 0xcf, 0x80, 0x4f, 0x50, 0x1, 0xf9, 0xd,
    0xc0, 0x8f, 0xff, 0xf8, 0x8, 0xf4, 0xd1, 0x1f,
    0x90, 0xdc, 0x9, 0xe0, 0xf, 0x80, 0xcb, 0xf,
    0x61, 0xf9, 0xd, 0xc0, 0xad, 0x0, 0xf8, 0x1f,
    0x60, 0xbc, 0x1f, 0xa9, 0xfb, 0xb, 0xb0, 0xf,
    0x8a, 0xfb, 0xdf, 0xf1, 0xf9, 0xef, 0x60, 0xd9,
    0x0, 0xf8, 0xff, 0xfe, 0xef, 0x4f, 0x91, 0x0,
    0xf, 0x70, 0xf, 0x8a, 0x83, 0x1, 0xe4, 0xf9,
    0x0, 0x4, 0xf3, 0x4a, 0xf7, 0x0, 0x0, 0x0,
    0x1f, 0x90, 0x0, 0x4d, 0x3, 0xfd, 0x20, 0x0,
    0x0, 0x1, 0xf9, 0x0, 0x0, 0x0, 0x0, 0x0,
    0x0, 0x0, 0x0, 0x2, 0x10, 0x0,

    /* U+81EA "自" */
    0x0, 0x0, 0x2, 0xa8, 0x0, 0x0, 0x0, 0x0,
    0x0, 0x0, 0x6f, 0xb0, 0x0, 0x0, 0x0, 0x0,
    0x0, 0xb, 0xf5, 0x0, 0x0, 0x0, 0xe, 0xff,
    0xff, 0xff, 0xff, 0xff, 0xff, 0xf3, 0xef, 0xcc,
    0xcc, 0xcc, 0xcc, 0xcc, 0xff, 0x3e, 0xf0, 0x0,
    0x0, 0x0, 0x0, 0xc, 0xf3, 0xef, 0x0, 0x0,
    0x0, 0x0, 0x0, 0xcf, 0x3e, 0xfd, 0xdd, 0xdd,
    0xdd, 0xdd, 0xdf, 0xf3, 0xef, 0xff, 0xff, 0xff,
    0xff, 0xff, 0xff, 0x3e, 0xf0, 0x0, 0x0, 0x0,
    0x0, 0xc, 0xf3, 0xef, 0x0, 0x0, 0x0, 0x0,
    0x0, 0xcf, 0x3e, 0xfb, 0xbb, 0xbb, 0xbb, 0xbb,
    0xbf, 0xf3, 0xef, 0xff, 0xff, 0xff, 0xff, 0xff,
    0xff, 0x3e, 0xf0, 0x0, 0x0, 0x0, 0x0, 0xd,
    0xf3, 0xef, 0x0, 0x0, 0x0, 0x0, 0x0, 0xcf,
    0x3e, 0xf0, 0x0, 0x0, 0x0, 0x0, 0xd, 0xf3,
    0xef, 0xff, 0xff, 0xff, 0xff, 0xff, 0xff, 0x3e,
    0xfb, 0xbb, 0xbb, 0xbb, 0xbb, 0xbf, 0xf3, 0xef,
    0x0, 0x0, 0x0, 0x0, 0x0, 0xcf, 0x30, 0x10,
    0x0, 0x0, 0x0, 0x0, 0x0, 0x0,

    /* U+8272 "色" */
    0x0, 0x0, 0x0, 0x59, 0x20, 0x0, 0x0, 0x0,
    0x0, 0x0, 0x0, 0x0, 0x1, 0xef, 0x30, 0x0,
    0x10, 0x0, 0x0, 0x0, 0x0, 0x0, 0xc, 0xff,
    0xff, 0xff, 0xfd, 0x20, 0x0, 0x0, 0x0, 0x0,
    0xcf, 0xfa, 0xaa, 0xaf, 0xfc, 0x0, 0x0, 0x0,
    0x0, 0x1c, 0xfc, 0x0, 0x0, 0x4f, 0xd1, 0x0,
    0x0, 0x0, 0x5, 0xef, 0xf9, 0x88, 0x8d, 0xff,
    0xa8, 0x88, 0x80, 0x0, 0x2f, 0xff, 0xff, 0xff,
    0xff, 0xff, 0xff, 0xff, 0xf0, 0x0, 0xa, 0x8d,
    0xf3, 0x33, 0x3f, 0xf4, 0x33, 0x3e, 0xf0, 0x0,
    0x0, 0xd, 0xf0, 0x0, 0xc, 0xf1, 0x0, 0xd,
    0xf0, 0x0, 0x0, 0xd, 0xf0, 0x0, 0xc, 0xf1,
    0x0, 0xd, 0xf0, 0x0, 0x0, 0xd, 0xf5, 0x55,
    0x5f, 0xf6, 0x55, 0x5f, 0xf0, 0x0, 0x0, 0xd,
    0xff, 0xff, 0xff, 0xff, 0xff, 0xff, 0xf0, 0x0,
    0x0, 0xd, 0xf7, 0x77, 0x77, 0x77, 0x77, 0x7f,
    0xf0, 0x0, 0x0, 0xd, 0xf0, 0x0, 0x0, 0x0,
    0x0, 0x3, 0x30, 0x0, 0x0, 0xd, 0xf0, 0x0,
    0x0, 0x0, 0x0, 0x0, 0xc, 0x90, 0x0, 0xd,
    0xf0, 0x0, 0x0, 0x0, 0x0, 0x0, 0xf, 0xe0,
    0x0, 0xb, 0xf2, 0x0, 0x0, 0x0, 0x0, 0x0,
    0x5f, 0xb0, 0x0, 0x7, 0xff, 0xcc, 0xcc, 0xcc,
    0xcc, 0xcd, 0xff, 0x50, 0x0, 0x0, 0x8d, 0xff,
    0xff, 0xff, 0xff, 0xff, 0xd6, 0x0,

    /* U+843D "落" */
    0x0, 0x0, 0x9, 0xe2, 0x0, 0x0, 0xae, 0x10,
    0x0, 0x0, 0xa, 0xaa, 0xaf, 0xfd, 0xaa, 0xaa,
    0xff, 0xba, 0xaa, 0x60, 0xf, 0xff, 0xff, 0xff,
    0xff, 0xff, 0xff, 0xff, 0xff, 0xa0, 0x0, 0x0,
    0xb, 0xf3, 0x0, 0x0, 0xcf, 0x20, 0x0, 0x0,
    0x0, 0x46, 0x6, 0x91, 0x5, 0xe7, 0x69, 0x0,
    0x0, 0x0, 0x0, 0xdf, 0xc3, 0x0, 0x2e, 0xf9,
    0x77, 0x78, 0x91, 0x0, 0x0, 0x19, 0xff, 0x11,
    0xdf, 0xff, 0xff, 0xff, 0xf8, 0x0, 0x0, 0x0,
    0x46, 0x1d, 0xff, 0xb0, 0x0, 0x8f, 0xc0, 0x0,
    0x7, 0x40, 0x3, 0xef, 0x68, 0xfd, 0x6b, 0xfc,
    0x0, 0x0, 0x3f, 0xfc, 0x20, 0x84, 0x0, 0x6f,
    0xff, 0xd0, 0x0, 0x0, 0x1, 0xaf, 0xc0, 0x0,
    0x39, 0xff, 0xff, 0xfd, 0x72, 0x0, 0x0, 0x5,
    0x22, 0x9e, 0xff, 0xc4, 0x1, 0x9f, 0xff, 0xd1,
    0x0, 0x0, 0x32, 0xdf, 0xfa, 0x77, 0x77, 0x78,
    0xdc, 0x70, 0x0, 0x0, 0xdc, 0x4, 0xff, 0xff,
    0xff, 0xff, 0xf2, 0x0, 0x0, 0xa, 0xf8, 0x4,
    0xf8, 0x0, 0x0, 0xb, 0xf2, 0x0, 0x0, 0x7f,
    0xc0, 0x4, 0xf8, 0x0, 0x0, 0xb, 0xf2, 0x0,
    0x4, 0xff, 0x20, 0x4, 0xff, 0x88, 0x88, 0x8f,
    0xf2, 0x0, 0xd, 0xf6, 0x0, 0x4, 0xff, 0xff,
    0xff, 0xff, 0xf2, 0x0, 0x3, 0x90, 0x0, 0x4,
    0xf8, 0x0, 0x0, 0xb, 0xf2, 0x0,

    /* U+84DD "蓝" */
    0x0, 0x0, 0xb, 0xe1, 0x0, 0x0, 0x8e, 0x30,
    0x0, 0x2, 0x99, 0x99, 0xff, 0xa9, 0x99, 0x9f,
    0xfe, 0x99, 0x97, 0x4f, 0xff, 0xff, 0xff, 0xff,
    0xff, 0xff, 0xff, 0xff, 0xc0, 0x0, 0x0, 0xcf,
    0x10, 0x0, 0x9, 0xf4, 0x0, 0x0, 0x0, 0x0,
    0x2, 0x84, 0x0, 0x9, 0x92, 0x0, 0x0, 0x0,
    0x8, 0xb0, 0x2f, 0xb0, 0x1, 0xfd, 0x0, 0x0,
    0x0, 0x0, 0xbf, 0x12, 0xfb, 0x0, 0x8f, 0xff,
    0xff, 0xff, 0x0, 0xb, 0xf1, 0x2f, 0xb0, 0xe,
    0xf9, 0x9a, 0x88, 0x80, 0x0, 0xbf, 0x12, 0xfb,
    0x8, 0xf8, 0xd, 0xd1, 0x0, 0x0, 0xb, 0xf1,
    0x2f, 0xb2, 0xfe, 0x10, 0x5f, 0xa0, 0x0, 0x0,
    0xbf, 0x12, 0xfb, 0x4, 0x40, 0x0, 0xaf, 0x30,
    0x0, 0x0, 0x0, 0x17, 0x50, 0x0, 0x0, 0x2,
    0x70, 0x0, 0x0, 0x1f, 0xff, 0xff, 0xff, 0xff,
    0xff, 0xff, 0xd0, 0x0, 0x2, 0xfc, 0x89, 0xfc,
    0x88, 0xfd, 0x88, 0xfe, 0x0, 0x0, 0x2f, 0x90,
    0x2f, 0x80, 0xf, 0xa0, 0xf, 0xe0, 0x0, 0x2,
    0xf9, 0x2, 0xf8, 0x0, 0xfa, 0x0, 0xfe, 0x0,
    0x7, 0x9f, 0xf7, 0xaf, 0xf7, 0x7f, 0xf7, 0x7f,
    0xf7, 0x72, 0xff, 0xff, 0xff, 0xff, 0xff, 0xff,
    0xff, 0xff, 0xff, 0x2f, 0xff, 0xff, 0xff, 0xff,
    0xff, 0xff, 0xff, 0xff, 0xf0,

    /* U+884C "行" */
    0x0, 0x0, 0x1c, 0x70, 0x0, 0x0, 0x0, 0x0,
    0x0, 0x0, 0x0, 0x0, 0xcf, 0x90, 0xc, 0xcc,
    0xcc, 0xcc, 0xcc, 0x90, 0x0, 0xc, 0xfb, 0x0,
    0xf, 0xff, 0xff, 0xff, 0xff, 0xc0, 0x2, 0xcf,
    0xc0, 0x0, 0x0, 0x0, 0x0, 0x0, 0x0, 0x0,
    0xe, 0xfb, 0x0, 0x50, 0x0, 0x0, 0x0, 0x0,
    0x0, 0x0, 0x7, 0x90, 0x9, 0xf8, 0x0, 0x0,
    0x0, 0x0, 0x0, 0x0, 0x0, 0x0, 0x4f, 0xe1,
    0x0, 0x0, 0x0, 0x0, 0x0, 0x0, 0x0, 0x2,
    0xef, 0x50, 0xff, 0xff, 0xff, 0xff, 0xff, 0xf2,
    0x0, 0x1d, 0xff, 0x0, 0xdd, 0xdd, 0xdd, 0xff,
    0xfd, 0xd2, 0x1, 0xdf, 0xfd, 0x0, 0x0, 0x0,
    0x0, 0x7f, 0x70, 0x0, 0x1e, 0xfe, 0xfd, 0x0,
    0x0, 0x0, 0x0, 0x7f, 0x70, 0x0, 0xb, 0xd2,
    0xfd, 0x0, 0x0, 0x0, 0x0, 0x7f, 0x70, 0x0,
    0x1, 0x1, 0xfd, 0x0, 0x0, 0x0, 0x0, 0x7f,
    0x70, 0x0, 0x0, 0x1, 0xfd, 0x0, 0x0, 0x0,
    0x0, 0x7f, 0x70, 0x0, 0x0, 0x1, 0xfd, 0x0,
    0x0, 0x0, 0x0, 0x7f, 0x70, 0x0, 0x0, 0x1,
    0xfd, 0x0, 0x0, 0x0, 0x0, 0x7f, 0x70, 0x0,
    0x0, 0x1, 0xfd, 0x0, 0x0, 0x0, 0x0, 0x7f,
    0x60, 0x0, 0x0, 0x1, 0xfd, 0x0, 0x0, 0xb,
    0xcc, 0xff, 0x50, 0x0, 0x0, 0x1, 0xfd, 0x0,
    0x0, 0x8, 0xff, 0xfa, 0x0, 0x0, 0x0, 0x0,
    0x21, 0x0, 0x0, 0x0, 0x0, 0x0, 0x0, 0x0,

    /* U+8868 "表" */
    0x0, 0x0, 0x0, 0x0, 0xa, 0x90, 0x0, 0x0,
    0x0, 0x0, 0x0, 0x0, 0x0, 0x0, 0xf, 0xf0,
    0x0, 0x0, 0x0, 0x0, 0x0, 0xff, 0xff, 0xff,
    0xff, 0xff, 0xff, 0xff, 0xff, 0x10, 0x0, 0x89,
    0x99, 0x99, 0x9f, 0xf9, 0x99, 0x99, 0x99, 0x0,
    0x0, 0x0, 0x0, 0x0, 0xf, 0xf0, 0x0, 0x0,
    0x0, 0x0, 0x0, 0xf, 0xff, 0xff, 0xff, 0xff,
    0xff, 0xff, 0xf4, 0x0, 0x0, 0x7, 0x77, 0x77,
    0x7f, 0xf7, 0x77, 0x77, 0x72, 0x0, 0x2, 0x33,
    0x33, 0x33, 0x3f, 0xf3, 0x33, 0x33, 0x33, 0x20,
    0xc, 0xff, 0xff, 0xff, 0xff, 0xff, 0xff, 0xff,
    0xff, 0xb0, 0x5, 0x77, 0x77, 0x7f, 0xff, 0xff,
    0x77, 0x77, 0x77, 0x50, 0x0, 0x0, 0x3, 0xdf,
    0xc0, 0xcf, 0x20, 0x0, 0xa6, 0x0, 0x0, 0x1,
    0x9f, 0xf8, 0x0, 0x4f, 0xc0, 0x2c, 0xfc, 0x10,
    0x3, 0x9f, 0xff, 0xf0, 0x0, 0xb, 0xfd, 0xef,
    0x80, 0x0, 0x1e, 0xfe, 0x8f, 0xe0, 0x0, 0x2,
    0xff, 0xf2, 0x0, 0x0, 0x4, 0x60, 0xf, 0xe0,
    0x0, 0x12, 0x4f, 0xf8, 0x0, 0x0, 0x0, 0x0,
    0xf, 0xe3, 0x7c, 0xfb, 0x4, 0xff, 0xd4, 0x0,
    0x0, 0x0, 0x7f, 0xff, 0xff, 0xc6, 0x0, 0x3c,
    0xff, 0xe2, 0x0, 0x0, 0xdf, 0xfb, 0x61, 0x0,
    0x0, 0x0, 0x6c, 0x80, 0x0, 0x0, 0x37, 0x0,
    0x0, 0x0, 0x0, 0x0, 0x0, 0x0,

    /* U+88C1 "裁" */
    0x0, 0x0, 0x8, 0xd2, 0x0, 0x4, 0xd8, 0x2,
    0x0, 0x0, 0x0, 0x0, 0xa, 0xf3, 0x0, 0x5,
    0xf9, 0x4f, 0xb0, 0x0, 0x1, 0xff, 0xff, 0xff,
    0xff, 0xa4, 0xf9, 0x8, 0xfb, 0x0, 0x0, 0xaa,
    0xaf, 0xfd, 0xaa, 0x64, 0xfa, 0x0, 0x9f, 0x50,
    0x0, 0x0, 0xa, 0xf3, 0x0, 0x4, 0xfa, 0x0,
    0x3, 0x0, 0xc, 0xcc, 0xcf, 0xff, 0xcc, 0xcf,
    0xff, 0xcc, 0xcc, 0xc0, 0xd, 0xdd, 0xdf, 0xfe,
    0xdd, 0xdf, 0xff, 0xdd, 0xdd, 0xd0, 0x0, 0x0,
    0x5, 0xc2, 0x0, 0x0, 0xfc, 0x0, 0x0, 0x0,
    0x0, 0x0, 0x4, 0xfb, 0x0, 0x0, 0xfe, 0x0,
    0x9c, 0x20, 0xc, 0xff, 0xff, 0xff, 0xff, 0xf2,
    0xef, 0x1, 0xfe, 0x0, 0x8, 0xaa, 0xdf, 0xfa,
    0xaa, 0xa1, 0xbf, 0x27, 0xf8, 0x0, 0x0, 0x2,
    0xef, 0x40, 0x7, 0x20, 0x9f, 0x5f, 0xf1, 0x0,
    0x0, 0x4f, 0xfa, 0xdb, 0x7f, 0xa0, 0x6f, 0xff,
    0x70, 0x0, 0xa, 0xff, 0xf4, 0x8f, 0xfe, 0x0,
    0x3f, 0xfd, 0x0, 0x0, 0xb, 0xda, 0xf4, 0x4,
    0xff, 0x30, 0x2f, 0xf4, 0x4, 0xb1, 0x1, 0x7,
    0xf4, 0x26, 0x3e, 0xc1, 0xdf, 0xf6, 0x5, 0xf3,
    0x0, 0xa, 0xff, 0xfe, 0x3, 0x4d, 0xfd, 0xfe,
    0x18, 0xf1, 0x0, 0xf, 0xfe, 0x93, 0x4, 0xff,
    0xa0, 0x9f, 0xff, 0xc0, 0x0, 0x6, 0x30, 0x0,
    0x1, 0xc7, 0x0, 0x9, 0xfe, 0x30, 0x0, 0x0,
    0x0, 0x0, 0x0, 0x0, 0x0, 0x0, 0x0, 0x0,

    /* U+88C5 "装" */
    0x0, 0x0, 0x1, 0x10, 0x0, 0x0, 0x11, 0x0,
    0x0, 0x0, 0x0, 0x0, 0xc, 0xf0, 0x0, 0x0,
    0xaf, 0x30, 0x0, 0x0, 0x5, 0xd3, 0xc, 0xf0,
    0x0, 0x0, 0xaf, 0x30, 0x0, 0x0, 0x4, 0xef,
    0x5c, 0xf1, 0x88, 0x88, 0xff, 0xc8, 0x88, 0x60,
    0x0, 0x2d, 0x4c, 0xf3, 0xff, 0xff, 0xff, 0xff,
    0xff, 0xc0, 0x0, 0x0, 0xd, 0xf0, 0x11, 0x11,
    0xcf, 0x51, 0x11, 0x10, 0x0, 0x3, 0xbf, 0xf0,
    0x0, 0x0, 0xaf, 0x30, 0x0, 0x0, 0x6, 0xdf,
    0xff, 0xf0, 0x0, 0x0, 0xaf, 0x30, 0x0, 0x0,
    0x2f, 0xf8, 0x1c, 0xf0, 0x9f, 0xff, 0xff, 0xff,
    0xff, 0x60, 0x5, 0x10, 0xc, 0xf0, 0x7b, 0xbb,
    0xcd, 0xbb, 0xbb, 0x40, 0x0, 0x0, 0x6, 0x80,
    0x2d, 0xc0, 0x0, 0x0, 0x0, 0x0, 0x7, 0x77,
    0x77, 0x77, 0x7f, 0xfb, 0x77, 0x77, 0x77, 0x70,
    0xf, 0xff, 0xff, 0xff, 0xff, 0xff, 0xff, 0xff,
    0xff, 0xf0, 0x0, 0x0, 0x1, 0x7f, 0xf6, 0xef,
    0x20, 0x2, 0xa4, 0x0, 0x0, 0x2, 0x7f, 0xfb,
    0x20, 0x4f, 0xc0, 0x6e, 0xf8, 0x0, 0x19, 0xdf,
    0xff, 0xf0, 0x0, 0x8, 0xff, 0xfa, 0x20, 0x0,
    0x9, 0xc7, 0x2f, 0xe0, 0x2, 0x54, 0x8f, 0xf7,
    0x0, 0x0, 0x0, 0x0, 0x3f, 0xfb, 0xef, 0xf7,
    0x5, 0xef, 0xfa, 0x50, 0x0, 0x0, 0xff, 0xfd,
    0x95, 0x20, 0x0, 0x17, 0xdf, 0xc0, 0x0, 0x0,
    0x74, 0x0, 0x0, 0x0, 0x0, 0x0, 0x2, 0x20,

    /* U+89C4 "规" */
    0x0, 0x0, 0xb9, 0x0, 0x0, 0x0, 0x0, 0x0,
    0x0, 0x0, 0x0, 0x0, 0xfc, 0x0, 0xb, 0xff,
    0xff, 0xff, 0xff, 0x10, 0x0, 0x0, 0xfc, 0x0,
    0xb, 0xfb, 0xaa, 0xaa, 0xef, 0x10, 0x7, 0xbb,
    0xff, 0xbb, 0x4b, 0xf1, 0x0, 0x0, 0xcf, 0x10,
    0xb, 0xff, 0xff, 0xff, 0x6b, 0xf1, 0x0, 0x0,
    0xcf, 0x10, 0x0, 0x0, 0xfd, 0x0, 0xb, 0xf1,
    0xf, 0xc0, 0xcf, 0x10, 0x0, 0x0, 0xfc, 0x0,
    0xb, 0xf1, 0xf, 0xc0, 0xcf, 0x10, 0x0, 0x0,
    0xfd, 0x0, 0xb, 0xf1, 0xf, 0xc0, 0xcf, 0x10,
    0x2f, 0xff, 0xff, 0xff, 0xab, 0xf1, 0xf, 0xb0,
    0xcf, 0x10, 0x1c, 0xcd, 0xff, 0xcc, 0x7b, 0xf1,
    0x1f, 0xa0, 0xcf, 0x10, 0x0, 0x3, 0xfa, 0x0,
    0xb, 0xf1, 0x2f, 0x90, 0xcf, 0x10, 0x0, 0x5,
    0xff, 0x10, 0x8, 0xb0, 0x5f, 0x90, 0x8b, 0x0,
    0x0, 0x7, 0xff, 0xd0, 0x0, 0x0, 0x9f, 0xf3,
    0x0, 0x0, 0x0, 0xb, 0xf8, 0xfb, 0x0, 0x0,
    0xef, 0xf3, 0x0, 0x0, 0x0, 0x1f, 0xd0, 0xaf,
    0x90, 0x8, 0xfd, 0xf3, 0x5, 0x90, 0x0, 0x7f,
    0x70, 0x1e, 0x30, 0x5f, 0xd6, 0xf3, 0x6, 0xf1,
    0x1, 0xff, 0x10, 0x1, 0x6, 0xff, 0x36, 0xf3,
    0x7, 0xf0, 0x1d, 0xf7, 0x0, 0x1, 0xaf, 0xf4,
    0x5, 0xfa, 0x7d, 0xd0, 0xa, 0xb0, 0x0, 0x4,
    0xfc, 0x20, 0x1, 0xcf, 0xfe, 0x50, 0x0, 0x0,
    0x0, 0x0, 0x30, 0x0, 0x0, 0x0, 0x0, 0x0,

    /* U+89C6 "视" */
    0x0, 0x0, 0x0, 0x0, 0x0, 0x0, 0x0, 0x0,
    0x0, 0x0, 0x0, 0x1a, 0x90, 0x0, 0x2, 0x22,
    0x22, 0x22, 0x22, 0x0, 0x0, 0xd, 0xf5, 0x0,
    0x2f, 0xff, 0xff, 0xff, 0xff, 0x10, 0x0, 0x2,
    0xfc, 0x0, 0x2f, 0xd8, 0x88, 0x88, 0xef, 0x10,
    0xa, 0xaa, 0xfb, 0xf1, 0x2f, 0xb0, 0x0, 0x0,
    0xdf, 0x10, 0xf, 0xff, 0xff, 0xfb, 0x2f, 0xb0,
    0x35, 0x0, 0xdf, 0x10, 0x0, 0x0, 0x8, 0xf9,
    0x2f, 0xb0, 0xcf, 0x10, 0xdf, 0x10, 0x0, 0x0,
    0x1e, 0xf2, 0x2f, 0xb0, 0xcf, 0x10, 0xdf, 0x10,
    0x0, 0x0, 0xaf, 0x80, 0x2f, 0xb0, 0xcf, 0x10,
    0xdf, 0x10, 0x0, 0x6, 0xff, 0x0, 0x2f, 0xb0,
    0xcf, 0x0, 0xdf, 0x10, 0x0, 0x3f, 0xff, 0x40,
    0x2f, 0xb0, 0xdf, 0x0, 0xdf, 0x10, 0x4, 0xff,
    0xff, 0xe2, 0x2f, 0xb0, 0xee, 0x0, 0xdf, 0x10,
    0x4f, 0xff, 0xf5, 0xfd, 0x2b, 0x71, 0xfb, 0x0,
    0x9b, 0x0, 0x1f, 0x6a, 0xf2, 0x77, 0x0, 0x6,
    0xff, 0xb0, 0x0, 0x0, 0x2, 0xa, 0xf2, 0x0,
    0x0, 0xc, 0xff, 0xc0, 0x0, 0x0, 0x0, 0xa,
    0xf2, 0x0, 0x0, 0x5f, 0xaf, 0xc0, 0x6, 0x80,
    0x0, 0xa, 0xf2, 0x0, 0x2, 0xfe, 0x2f, 0xc0,
    0x7, 0xf0, 0x0, 0xa, 0xf2, 0x0, 0x4e, 0xf4,
    0xf, 0xc0, 0x8, 0xf0, 0x0, 0xa, 0xf2, 0x9,
    0xff, 0x40, 0xf, 0xe6, 0x6d, 0xc0, 0x0, 0xa,
    0xf2, 0x7, 0xc2, 0x0, 0x7, 0xef, 0xfe, 0x40,
    0x0, 0x0, 0x0, 0x0, 0x0, 0x0, 0x0, 0x0,
    0x0, 0x0,

    /* U+89C9 "觉" */
    0x0, 0x0, 0x0, 0x0, 0x0, 0x0, 0x0, 0x0,
    0x0, 0x0, 0x47, 0x0, 0x8, 0xe2, 0x0, 0x2,
    0xc7, 0x0, 0x0, 0xcf, 0x70, 0x5, 0xfb, 0x0,
    0xb, 0xf7, 0x0, 0x0, 0x1e, 0xf3, 0x0, 0xcf,
    0x30, 0x5f, 0xc0, 0x0, 0x69, 0x9f, 0xfa, 0x99,
    0xcc, 0x99, 0xff, 0xb9, 0x94, 0xaf, 0xff, 0xff,
    0xff, 0xff, 0xff, 0xff, 0xff, 0xf7, 0xaf, 0x41,
    0x11, 0x11, 0x11, 0x11, 0x11, 0x19, 0xf7, 0xaf,
    0x30, 0x0, 0x0, 0x0, 0x0, 0x0, 0x8, 0xf7,
    0x69, 0x5f, 0xff, 0xff, 0xff, 0xff, 0xff, 0xe5,
    0x94, 0x0, 0x3f, 0xea, 0xaa, 0xaa, 0xaa, 0xaf,
    0xe0, 0x0, 0x0, 0x3f, 0xc0, 0x0, 0x65, 0x0,
    0x1f, 0xe0, 0x0, 0x0, 0x3f, 0xc0, 0x1, 0xfe,
    0x0, 0x1f, 0xe0, 0x0, 0x0, 0x3f, 0xc0, 0x1,
    0xfe, 0x0, 0x1f, 0xe0, 0x0, 0x0, 0x3f, 0xc0,
    0x2, 0xfd, 0x0, 0x1f, 0xe0, 0x0, 0x0, 0x3f,
    0xc0, 0x5, 0xfa, 0x21, 0x1f, 0xe0, 0x0, 0x0,
    0x3, 0x20, 0x1d, 0xf7, 0xfa, 0x4, 0x40, 0x0,
    0x0, 0x0, 0x2, 0xdf, 0xa2, 0xfa, 0x0, 0x0,
    0x96, 0x0, 0x1, 0x8f, 0xfa, 0x2, 0xfa, 0x0,
    0x0, 0xdd, 0x26, 0xbf, 0xfd, 0x50, 0x1, 0xfe,
    0x99, 0x9a, 0xfa, 0x6f, 0xfc, 0x50, 0x0, 0x0,
    0x9e, 0xff, 0xff, 0xd3, 0x4, 0x10, 0x0, 0x0,
    0x0, 0x0, 0x0, 0x0, 0x0,

    /* U+89D2 "角" */
    0x0, 0x0, 0x8, 0xc6, 0x0, 0x0, 0x0, 0x0,
    0x0, 0x0, 0x3, 0xff, 0xca, 0xaa, 0xaf, 0x60,
    0x0, 0x0, 0x1, 0xdf, 0xff, 0xff, 0xff, 0xff,
    0x10, 0x0, 0x0, 0xcf, 0xb0, 0x0, 0x1, 0xdf,
    0x50, 0x0, 0x1, 0xdf, 0xf8, 0x77, 0x78, 0xff,
    0xe7, 0x7f, 0x73, 0xef, 0xff, 0xff, 0xff, 0xff,
    0xff, 0xff, 0xff, 0x3f, 0xcf, 0xf3, 0x33, 0x4f,
    0xf3, 0x33, 0x3f, 0xf0, 0x21, 0xfd, 0x0, 0x1,
    0xfd, 0x0, 0x0, 0xff, 0x0, 0x1f, 0xf9, 0x99,
    0xaf, 0xf9, 0x99, 0x9f, 0xf0, 0x1, 0xff, 0xff,
    0xff, 0xff, 0xff, 0xff, 0xff, 0x0, 0x2f, 0xd0,
    0x0, 0x2f, 0xe0, 0x0, 0xf, 0xf0, 0x3, 0xfc,
    0x0, 0x1, 0xfd, 0x0, 0x0, 0xff, 0x0, 0x3f,
    0xfa, 0xaa, 0xbf, 0xfa, 0xaa, 0xaf, 0xf0, 0x6,
    0xff, 0xff, 0xff, 0xff, 0xff, 0xff, 0xff, 0x0,
    0x9f, 0x50, 0x0, 0x2f, 0xe0, 0x0, 0xf, 0xf0,
    0xe, 0xf1, 0x0, 0x1, 0xfd, 0x0, 0x0, 0xff,
    0x6, 0xfa, 0x0, 0x0, 0x1f, 0xd0, 0x0, 0xf,
    0xe2, 0xff, 0x30, 0x0, 0x1, 0xfd, 0xc, 0xdd,
    0xfd, 0x1c, 0x80, 0x0, 0x0, 0x1f, 0xd0, 0xaf,
    0xec, 0x40, 0x0, 0x0, 0x0, 0x0, 0x0, 0x0,
    0x0, 0x0,

    /* U+89E6 "触" */
    0x0, 0x5, 0xb3, 0x0, 0x0, 0x0, 0x9, 0xc2,
    0x0, 0x0, 0x0, 0xa, 0xf2, 0x1, 0x0, 0x0,
    0xc, 0xf3, 0x0, 0x0, 0x0, 0xf, 0xff, 0xff,
    0x70, 0x0, 0xc, 0xf3, 0x0, 0x0, 0x0, 0x6f,
    0xe7, 0xef, 0x50, 0x12, 0x2f, 0xf5, 0x22, 0x10,
    0x0, 0xef, 0x0, 0xde, 0x0, 0x9f, 0xff, 0xff,
    0xff, 0xa0, 0x8, 0xff, 0xbe, 0xff, 0xf5, 0x9f,
    0x6f, 0xf6, 0x6f, 0xa0, 0x1e, 0xff, 0xbf, 0xfb,
    0xf8, 0x9e, 0x9, 0xf0, 0xf, 0xa0, 0x1, 0xfc,
    0xe, 0x70, 0xf8, 0x9e, 0x9, 0xf0, 0xf, 0xa0,
    0x0, 0xcf, 0x3f, 0xb3, 0xf8, 0x9e, 0x9, 0xf0,
    0xf, 0xa0, 0x0, 0xcf, 0xff, 0xff, 0xf8, 0x9e,
    0x9, 0xf0, 0xf, 0xa0, 0x0, 0xce, 0x2f, 0x92,
    0xf8, 0x9f, 0xff, 0xff, 0xff, 0xa0, 0x0, 0xdb,
    0xe, 0x70, 0xf8, 0x7b, 0xbf, 0xfe, 0xbb, 0x70,
    0x0, 0xdf, 0x7f, 0xf7, 0xf8, 0x0, 0xb, 0xf2,
    0x1, 0x0, 0x0, 0xef, 0xff, 0xff, 0xf8, 0x0,
    0xb, 0xf2, 0xbe, 0x0, 0x0, 0xf8, 0xe, 0x70,
    0xf8, 0x0, 0xb, 0xf2, 0x6f, 0x60, 0x3, 0xf6,
    0xe, 0x70, 0xf8, 0x1, 0x3f, 0xfb, 0xbf, 0xe0,
    0x7, 0xf3, 0xe, 0x70, 0xfa, 0xff, 0xff, 0xff,
    0xff, 0xf2, 0xd, 0xf0, 0xe, 0x88, 0xf8, 0xfd,
    0xb8, 0x64, 0x15, 0xf7, 0x9, 0x90, 0x3, 0x1e,
    0xd2, 0x0, 0x0, 0x0, 0x2, 0xc3, 0x0, 0x0,
    0x0, 0x0, 0x0, 0x0, 0x0, 0x0, 0x0, 0x0,

    /* U+8BA1 "计" */
    0x0, 0x2, 0x0, 0x0, 0x0, 0x0, 0x89, 0x10,
    0x0, 0x0, 0x0, 0x2e, 0xb0, 0x0, 0x0, 0x0,
    0xdf, 0x20, 0x0, 0x0, 0x0, 0xa, 0xfc, 0x0,
    0x0, 0x0, 0xdf, 0x20, 0x0, 0x0, 0x0, 0x0,
    0x9f, 0xa0, 0x0, 0x0, 0xdf, 0x20, 0x0, 0x0,
    0x0, 0x0, 0x9, 0x30, 0x0, 0x0, 0xdf, 0x20,
    0x0, 0x0, 0x0, 0x0, 0x0, 0x0, 0x0, 0x0,
    0xdf, 0x20, 0x0, 0x0, 0x17, 0x77, 0xe7, 0x2,
    0x33, 0x33, 0xff, 0x53, 0x33, 0x30, 0x2f, 0xff,
    0xff, 0xd, 0xff, 0xff, 0xff, 0xff, 0xff, 0xf0,
    0x7, 0x78, 0xfe, 0xa, 0xcc, 0xcc, 0xff, 0xec,
    0xcc, 0xc0, 0x0, 0x1, 0xfd, 0x0, 0x0, 0x0,
    0xdf, 0x20, 0x0, 0x0, 0x0, 0x1, 0xfd, 0x0,
    0x0, 0x0, 0xdf, 0x20, 0x0, 0x0, 0x0, 0x1,
    0xfd, 0x0, 0x0, 0x0, 0xdf, 0x20, 0x0, 0x0,
    0x0, 0x1, 0xfd, 0x0, 0x0, 0x0, 0xdf, 0x20,
    0x0, 0x0, 0x0, 0x1, 0xfd, 0x6, 0x0, 0x0,
    0xdf, 0x20, 0x0, 0x0, 0x0, 0x1, 0xfe, 0xbf,
    0x50, 0x0, 0xdf, 0x20, 0x0, 0x0, 0x0, 0x2,
    0xff, 0xfb, 0x10, 0x0, 0xdf, 0x20, 0x0, 0x0,
    0x0, 0xf, 0xff, 0x70, 0x0, 0x0, 0xdf, 0x20,
    0x0, 0x0, 0x0, 0xf, 0xf5, 0x0, 0x0, 0x0,
    0xdf, 0x20, 0x0, 0x0, 0x0, 0x5, 0x30, 0x0,
    0x0, 0x0, 0xdf, 0x20, 0x0, 0x0,

    /* U+8BBE "设" */
    0x0, 0x2, 0x0, 0x0, 0x0, 0x10, 0x0, 0x10,
    0x0, 0x0, 0x0, 0xaf, 0x50, 0x0, 0xa, 0xff,
    0xff, 0xfe, 0x0, 0x0, 0x0, 0x3e, 0xf6, 0x0,
    0xa, 0xfe, 0xbb, 0xfe, 0x0, 0x0, 0x0, 0x2,
    0xef, 0x20, 0xa, 0xf2, 0x0, 0xee, 0x0, 0x0,
    0x0, 0x0, 0x36, 0x0, 0xd, 0xf0, 0x0, 0xee,
    0x0, 0x0, 0x0, 0x0, 0x0, 0x0, 0x5f, 0xb0,
    0x0, 0xdf, 0x0, 0x0, 0x4b, 0xbf, 0xd0, 0x7,
    0xff, 0x30, 0x0, 0xbf, 0xff, 0xc0, 0x6f, 0xff,
    0xf0, 0x3f, 0xf5, 0x0, 0x0, 0x28, 0xaa, 0x80,
    0x2, 0x2f, 0xf0, 0x4, 0x20, 0x0, 0x0, 0x0,
    0x10, 0x0, 0x0, 0xc, 0xf0, 0x9, 0xff, 0xff,
    0xff, 0xff, 0xfa, 0x0, 0x0, 0xc, 0xf0, 0x6,
    0xef, 0xbb, 0xbb, 0xbf, 0xf7, 0x0, 0x0, 0xc,
    0xf0, 0x0, 0x9f, 0x50, 0x0, 0xe, 0xf1, 0x0,
    0x0, 0xc, 0xf0, 0x0, 0x1e, 0xe2, 0x0, 0x9f,
    0x80, 0x0, 0x0, 0xc, 0xf0, 0x83, 0x5, 0xfd,
    0x17, 0xfc, 0x0, 0x0, 0x0, 0xc, 0xfc, 0xf8,
    0x0, 0x7f, 0xff, 0xe1, 0x0, 0x0, 0x0, 0xf,
    0xff, 0x90, 0x0, 0x5f, 0xff, 0xb1, 0x0, 0x0,
    0x0, 0x8f, 0xf6, 0x3, 0x7d, 0xff, 0xdf, 0xff,
    0xa4, 0x0, 0x0, 0x5f, 0x40, 0x5f, 0xff, 0xa2,
    0x0, 0x8e, 0xff, 0xc0, 0x0, 0x2, 0x0, 0x9,
    0x61, 0x0, 0x0, 0x0, 0x5a, 0x20,

    /* U+8C03 "调" */
    0x0, 0x21, 0x0, 0x0, 0x10, 0x0, 0x0, 0x0,
    0x1, 0x0, 0x1e, 0xd2, 0x0, 0xaf, 0xff, 0xff,
    0xff, 0xff, 0xf9, 0x0, 0x6f, 0xe2, 0xa, 0xfa,
    0x99, 0x99, 0x99, 0xbf, 0x90, 0x0, 0x6f, 0xc0,
    0xaf, 0x0, 0xb, 0x80, 0x2, 0xf9, 0x0, 0x0,
    0x72, 0xa, 0xf0, 0x45, 0xff, 0x53, 0x2f, 0x90,
    0x0, 0x0, 0x0, 0xaf, 0xb, 0xff, 0xff, 0x82,
    0xf9, 0x4a, 0xaf, 0xb0, 0xa, 0xf0, 0x0, 0xd9,
    0x0, 0x2f, 0x96, 0xff, 0xff, 0x0, 0xaf, 0x0,
    0xe, 0xa0, 0x2, 0xf9, 0x25, 0x5f, 0xf0, 0xa,
    0xf1, 0xff, 0xff, 0xff, 0x5f, 0x90, 0x0, 0xcf,
    0x0, 0xaf, 0x5, 0x55, 0x55, 0x53, 0xf9, 0x0,
    0xc, 0xf0, 0xb, 0xf0, 0x5a, 0x66, 0x62, 0x2f,
    0x90, 0x0, 0xcf, 0x0, 0xce, 0xd, 0xff, 0xff,
    0x62, 0xf9, 0x0, 0xc, 0xf0, 0xd, 0xc0, 0xd9,
    0x0, 0xf6, 0x2f, 0x90, 0x0, 0xcf, 0x24, 0xfa,
    0xd, 0x90, 0xf, 0x62, 0xf9, 0x0, 0xc, 0xfe,
    0xff, 0x80, 0xdf, 0xff, 0xf6, 0x2f, 0x90, 0x0,
    0xff, 0xfc, 0xf4, 0xd, 0xf6, 0x66, 0x22, 0xf9,
    0x0, 0x7f, 0xf4, 0xcf, 0x0, 0x32, 0x0, 0x0,
    0x2f, 0x80, 0xb, 0xf3, 0x4f, 0x90, 0x0, 0x0,
    0x8, 0xbc, 0xf7, 0x0, 0x4, 0x1, 0xb2, 0x0,
    0x0, 0x0, 0x6f, 0xeb, 0x10, 0x0, 0x0, 0x0,
    0x0, 0x0, 0x0, 0x0, 0x0, 0x0,

    /* U+8D34 "贴" */
    0x0, 0x0, 0x0, 0x0, 0x0, 0x0, 0xe, 0xa0,
    0x0, 0x0, 0x5, 0xcc, 0xcc, 0xcc, 0x80, 0x0,
    0xf, 0xc0, 0x0, 0x0, 0x7, 0xff, 0xff, 0xff,
    0xb0, 0x0, 0xf, 0xc0, 0x0, 0x0, 0x7, 0xf1,
    0x0, 0xe, 0xb0, 0x0, 0xf, 0xc0, 0x0, 0x0,
    0x7, 0xf1, 0xad, 0xe, 0xb0, 0x0, 0xf, 0xff,
    0xff, 0xf8, 0x7, 0xf1, 0xbe, 0xe, 0xb0, 0x0,
    0xf, 0xfb, 0xbb, 0xb6, 0x7, 0xf1, 0xbe, 0xe,
    0xb0, 0x0, 0xf, 0xc0, 0x0, 0x0, 0x7, 0xf1,
    0xbe, 0xe, 0xb0, 0x0, 0xf, 0xc0, 0x0, 0x0,
    0x7, 0xf1, 0xbe, 0xe, 0xb0, 0x0, 0xf, 0xc0,
    0x0, 0x0, 0x7, 0xf1, 0xbe, 0xe, 0xb1, 0x22,
    0x2f, 0xe2, 0x22, 0x10, 0x7, 0xf1, 0xce, 0xe,
    0xb9, 0xff, 0xff, 0xff, 0xff, 0xb0, 0x7, 0xf1,
    0xdd, 0xe, 0xb9, 0xfa, 0x99, 0x99, 0x9f, 0xb0,
    0x7, 0xf1, 0xfb, 0xe, 0xb9, 0xf1, 0x0, 0x0,
    0xf, 0xb0, 0x3, 0x84, 0xf8, 0x6, 0x59, 0xf1,
    0x0, 0x0, 0xf, 0xb0, 0x0, 0x9, 0xfa, 0xe2,
    0x9, 0xf1, 0x0, 0x0, 0xf, 0xb0, 0x0, 0x2f,
    0xd2, 0xfc, 0x9, 0xf2, 0x0, 0x0, 0xf, 0xb0,
    0x2, 0xef, 0x50, 0x8f, 0x69, 0xff, 0xff, 0xff,
    0xff, 0xb0, 0x2f, 0xf9, 0x0, 0xe, 0x69, 0xfd,
    0xbb, 0xbb, 0xbf, 0xb0, 0x9, 0x90, 0x0, 0x1,
    0x9, 0xf1, 0x0, 0x0, 0xf, 0xb0, 0x0, 0x0,
    0x0, 0x0, 0x0, 0x10, 0x0, 0x0, 0x0, 0x0,

    /* U+8D77 "起" */
    0x0, 0x0, 0x1d, 0x80, 0x0, 0x0, 0x0, 0x0,
    0x0, 0x0, 0x0, 0x0, 0x2f, 0xa0, 0x0, 0x1f,
    0xff, 0xff, 0xff, 0x0, 0x3, 0xbb, 0xdf, 0xfb,
    0xb8, 0xb, 0xbb, 0xbb, 0xff, 0x0, 0x5, 0xff,
    0xff, 0xff, 0xfb, 0x0, 0x0, 0x0, 0xdf, 0x0,
    0x0, 0x0, 0x2f, 0xa0, 0x0, 0x0, 0x0, 0x0,
    0xdf, 0x0, 0x0, 0x0, 0x2f, 0xa0, 0x0, 0x0,
    0x0, 0x0, 0xdf, 0x0, 0xb, 0xdd, 0xff, 0xfd,
    0xdd, 0x3a, 0xfa, 0xaa, 0xff, 0x0, 0xb, 0xdd,
    0xdf, 0xfd, 0xdd, 0x3f, 0xff, 0xff, 0xff, 0x0,
    0x0, 0x0, 0xf, 0xf0, 0x0, 0xe, 0xf0, 0x0,
    0x78, 0x0, 0x2, 0xb5, 0xf, 0xf0, 0x0, 0xe,
    0xe0, 0x0, 0x0, 0x0, 0x3, 0xf7, 0xf, 0xfa,
    0xa8, 0xe, 0xe0, 0x0, 0x0, 0x0, 0x4, 0xfa,
    0xf, 0xff, 0xfd, 0xe, 0xe0, 0x0, 0x9, 0xb0,
    0x5, 0xfe, 0xf, 0xf0, 0x0, 0xe, 0xe0, 0x0,
    0xb, 0xf0, 0x6, 0xff, 0xf, 0xf0, 0x0, 0xc,
    0xfb, 0xaa, 0xaf, 0xc0, 0x7, 0xff, 0x6f, 0xf0,
    0x0, 0x5, 0xef, 0xff, 0xfe, 0x40, 0x9, 0xff,
    0xff, 0xf0, 0x0, 0x0, 0x0, 0x0, 0x0, 0x0,
    0xb, 0xf3, 0xff, 0xc2, 0x0, 0x0, 0x0, 0x0,
    0x0, 0x0, 0xe, 0xb0, 0x4e, 0xff, 0xfe, 0xdd,
    0xdd, 0xdd, 0xdd, 0xd1, 0x3f, 0x70, 0x1, 0x7b,
    0xdf, 0xff, 0xff, 0xff, 0xff, 0xa0, 0x5, 0x10,
    0x0, 0x0, 0x0, 0x0, 0x0, 0x0, 0x0, 0x0,

    /* U+8D85 "超" */
    0x0, 0x0, 0x9e, 0x10, 0x0, 0x11, 0x11, 0x11,
    0x12, 0x0, 0x0, 0x0, 0xaf, 0x10, 0x4, 0xff,
    0xff, 0xff, 0xff, 0x80, 0x7, 0xaa, 0xff, 0xba,
    0xa3, 0x88, 0xff, 0x88, 0xdf, 0x70, 0xb, 0xff,
    0xff, 0xff, 0xf2, 0x0, 0xfc, 0x0, 0x6f, 0x60,
    0x0, 0x0, 0xaf, 0x10, 0x0, 0x6, 0xf7, 0x0,
    0x7f, 0x50, 0x0, 0x0, 0xaf, 0x10, 0x0, 0x1e,
    0xf1, 0x0, 0xaf, 0x30, 0x1c, 0xcc, 0xff, 0xdc,
    0xc8, 0xcf, 0x60, 0xdd, 0xff, 0x0, 0x2e, 0xee,
    0xff, 0xfe, 0xef, 0xf7, 0x0, 0x8b, 0x93, 0x0,
    0x0, 0x0, 0x3f, 0x50, 0x0, 0x66, 0x66, 0x66,
    0x66, 0x0, 0x4, 0xd4, 0x3f, 0x50, 0x0, 0xbf,
    0xff, 0xff, 0xff, 0x10, 0x5, 0xf5, 0x3f, 0xfa,
    0xa4, 0xbf, 0x21, 0x11, 0xdf, 0x10, 0x7, 0xf6,
    0x3f, 0xff, 0xf6, 0xbf, 0x10, 0x0, 0xcf, 0x10,
    0x8, 0xfa, 0x3f, 0x60, 0x0, 0xbf, 0x10, 0x0,
    0xcf, 0x10, 0x7, 0xff, 0x3f, 0x50, 0x0, 0xbf,
    0x99, 0x99, 0xef, 0x10, 0x9, 0xff, 0x7f, 0x50,
    0x0, 0xaf, 0xff, 0xff, 0xff, 0x10, 0xb, 0xfe,
    0xff, 0x50, 0x0, 0x0, 0x0, 0x0, 0x0, 0x0,
    0xe, 0xc5, 0xff, 0x92, 0x0, 0x0, 0x0, 0x0,
    0x0, 0x0, 0x3f, 0x90, 0x6f, 0xff, 0xfe, 0xdd,
    0xdd, 0xdd, 0xdd, 0xd1, 0x7f, 0x40, 0x1, 0x7b,
    0xdf, 0xff, 0xff, 0xff, 0xff, 0xb0, 0x3, 0x0,
    0x0, 0x0, 0x0, 0x0, 0x0, 0x0, 0x0, 0x0,

    /* U+8DD1 "跑" */
    0x0, 0x11, 0x11, 0x11, 0x0, 0x69, 0x10, 0x0,
    0x0, 0x0, 0x9, 0xff, 0xff, 0xff, 0x0, 0xde,
    0x0, 0x0, 0x0, 0x0, 0x9, 0xf9, 0x99, 0xdf,
    0x3, 0xff, 0xaa, 0xaa, 0xfa, 0x0, 0x9, 0xf1,
    0x0, 0xbf, 0xb, 0xff, 0xff, 0xff, 0xff, 0x10,
    0x9, 0xf1, 0x0, 0xbf, 0x5f, 0x90, 0x0, 0x0,
    0xbf, 0x10, 0x9, 0xf6, 0x55, 0xcf, 0xff, 0x30,
    0x0, 0x0, 0xbf, 0x0, 0x9, 0xff, 0xff, 0xff,
    0x7f, 0xff, 0xff, 0xb0, 0xbf, 0x0, 0x2, 0x44,
    0xff, 0x44, 0xe, 0xf8, 0x8f, 0xb0, 0xbf, 0x0,
    0x0, 0x0, 0xce, 0x0, 0xc, 0xe0, 0xe, 0xb0,
    0xbf, 0x0, 0x9, 0xf0, 0xcf, 0x33, 0xc, 0xe0,
    0xe, 0xb0, 0xcf, 0x0, 0x9, 0xf0, 0xcf, 0xff,
    0xd, 0xf5, 0x5f, 0xb0, 0xcf, 0x0, 0x9, 0xf0,
    0xcf, 0x76, 0xf, 0xff, 0xff, 0xb0, 0xee, 0x0,
    0x9, 0xf0, 0xce, 0x0, 0xc, 0xf2, 0x28, 0xfe,
    0xfb, 0x0, 0x9, 0xf0, 0xce, 0x0, 0xc, 0xe0,
    0x2, 0xcc, 0xa2, 0x0, 0x9, 0xf0, 0xcf, 0x5a,
    0x3c, 0xe0, 0x0, 0x0, 0x2, 0x10, 0x9, 0xf7,
    0xff, 0xff, 0x5c, 0xe0, 0x0, 0x0, 0x6, 0xf2,
    0x5f, 0xff, 0xfc, 0x71, 0xb, 0xf0, 0x0, 0x0,
    0x9, 0xf1, 0x5f, 0xd8, 0x20, 0x0, 0x9, 0xfb,
    0x99, 0x99, 0xaf, 0xc0, 0x13, 0x0, 0x0, 0x0,
    0x2, 0xcf, 0xff, 0xff, 0xfd, 0x30,

    /* U+8DDD "距" */
    0x0, 0x0, 0x0, 0x0, 0x0, 0x0, 0x0, 0x0,
    0x0, 0x0, 0x9, 0xff, 0xff, 0xff, 0x4b, 0xee,
    0xee, 0xee, 0xee, 0x90, 0x9, 0xfa, 0x99, 0xcf,
    0x4c, 0xff, 0xff, 0xff, 0xff, 0xa0, 0x9, 0xf1,
    0x0, 0x7f, 0x4c, 0xf1, 0x0, 0x0, 0x0, 0x0,
    0x9, 0xf1, 0x0, 0x7f, 0x4c, 0xf1, 0x0, 0x0,
    0x0, 0x0, 0x9, 0xf3, 0x22, 0x8f, 0x4c, 0xf3,
    0x11, 0x11, 0x10, 0x0, 0x9, 0xff, 0xff, 0xff,
    0x4c, 0xff, 0xff, 0xff, 0xfb, 0x0, 0x4, 0x88,
    0xff, 0x88, 0x2c, 0xfc, 0xaa, 0xaa, 0xfb, 0x0,
    0x0, 0x0, 0xbf, 0x0, 0xc, 0xf1, 0x0, 0x0,
    0xfb, 0x0, 0x6, 0xb0, 0xbf, 0x0, 0xc, 0xf1,
    0x0, 0x0, 0xfb, 0x0, 0x9, 0xf0, 0xbf, 0xff,
    0x7c, 0xf1, 0x0, 0x0, 0xfb, 0x0, 0x9, 0xf0,
    0xbf, 0x99, 0x4c, 0xfe, 0xdd, 0xdd, 0xfb, 0x0,
    0x9, 0xf0, 0xbf, 0x0, 0xc, 0xff, 0xff, 0xff,
    0xfb, 0x0, 0x9, 0xf0, 0xbf, 0x0, 0xc, 0xf1,
    0x0, 0x0, 0x0, 0x0, 0x9, 0xf0, 0xbf, 0x6a,
    0x7c, 0xf1, 0x0, 0x0, 0x0, 0x0, 0xb, 0xfa,
    0xff, 0xff, 0x7c, 0xf1, 0x0, 0x0, 0x0, 0x0,
    0x6f, 0xff, 0xd9, 0x40, 0xc, 0xff, 0xff, 0xff,
    0xff, 0xf0, 0x2b, 0x62, 0x0, 0x0, 0xb, 0xee,
    0xee, 0xee, 0xee, 0xe0,

    /* U+8EAB "身" */
    0x0, 0x0, 0x0, 0x0, 0x1e, 0xc1, 0x0, 0x0,
    0x0, 0x0, 0x0, 0x0, 0x0, 0x0, 0x7f, 0xb0,
    0x0, 0x0, 0x0, 0x0, 0x0, 0x0, 0xdf, 0xff,
    0xff, 0xff, 0xff, 0xfc, 0x0, 0x0, 0x0, 0x0,
    0xef, 0xbb, 0xce, 0xbb, 0xbb, 0xfd, 0x0, 0x0,
    0x0, 0x0, 0xef, 0x0, 0x0, 0x0, 0x0, 0xfd,
    0x0, 0x0, 0x0, 0x0, 0xef, 0xff, 0xff, 0xff,
    0xff, 0xfd, 0x0, 0x0, 0x0, 0x0, 0xef, 0x77,
    0x77, 0x77, 0x77, 0xfd, 0x1, 0x0, 0x0, 0x0,
    0xef, 0x0, 0x0, 0x0, 0x0, 0xfd, 0x2f, 0xc0,
    0x0, 0x0, 0xef, 0xff, 0xff, 0xff, 0xff, 0xfd,
    0xdf, 0x60, 0x0, 0x0, 0xef, 0x77, 0x77, 0x77,
    0x77, 0xff, 0xfa, 0x0, 0x0, 0x0, 0xef, 0x0,
    0x0, 0x0, 0x0, 0xff, 0xc0, 0x0, 0x7, 0xff,
    0xff, 0xff, 0xff, 0xff, 0xff, 0xff, 0x0, 0x0,
    0x5, 0xbb, 0xbb, 0xbb, 0xbb, 0xbe, 0xff, 0xfe,
    0x0, 0x0, 0x0, 0x0, 0x0, 0x0, 0x0, 0x7f,
    0xf8, 0xfd, 0x0, 0x0, 0x0, 0x0, 0x0, 0x0,
    0x4d, 0xfe, 0x40, 0xfd, 0x0, 0x0, 0x0, 0x0,
    0x0, 0x5c, 0xff, 0x80, 0x0, 0xfd, 0x0, 0x0,
    0x0, 0x1, 0x7e, 0xff, 0xa2, 0x0, 0x0, 0xfc,
    0x0, 0x0, 0x7, 0xcf, 0xff, 0x92, 0x0, 0xac,
    0xcd, 0xfb, 0x0, 0x0, 0x8, 0xfb, 0x61, 0x0,
    0x0, 0x7f, 0xff, 0xc3, 0x0, 0x0, 0x0, 0x10,
    0x0, 0x0, 0x0, 0x0, 0x0, 0x0, 0x0, 0x0,

    /* U+8F74 "轴" */
    0x0, 0x4, 0xd6, 0x0, 0x0, 0x0, 0xf, 0xd0,
    0x0, 0x0, 0x0, 0x7f, 0x60, 0x0, 0x0, 0x0,
    0xfe, 0x0, 0x0, 0xb, 0xbf, 0xfe, 0xbb, 0x40,
    0x0, 0xf, 0xe0, 0x0, 0x1, 0xff, 0xff, 0xff,
    0xf5, 0x0, 0x0, 0xfe, 0x0, 0x0, 0x0, 0x2f,
    0xa0, 0x0, 0x8, 0xaa, 0xaf, 0xfa, 0xaa, 0x80,
    0x6, 0xf5, 0x74, 0x0, 0xdf, 0xff, 0xff, 0xff,
    0xfc, 0x0, 0xbf, 0x1f, 0x90, 0xd, 0xe0, 0xf,
    0xd0, 0xf, 0xc0, 0x1f, 0x91, 0xf9, 0x0, 0xde,
    0x0, 0xfc, 0x0, 0xfc, 0xa, 0xfa, 0x8f, 0xf7,
    0x2d, 0xe0, 0xf, 0xc0, 0xf, 0xc0, 0xff, 0xff,
    0xff, 0xf5, 0xde, 0x0, 0xfd, 0x0, 0xfc, 0x4,
    0x44, 0x5f, 0xd4, 0x1e, 0xff, 0xff, 0xff, 0xff,
    0xc0, 0x0, 0x1, 0xf9, 0x0, 0xdf, 0xaa, 0xff,
    0xaa, 0xfc, 0x0, 0x0, 0x2f, 0xf9, 0x5d, 0xe0,
    0xf, 0xc0, 0xf, 0xc1, 0x9b, 0xef, 0xff, 0xf7,
    0xde, 0x0, 0xfc, 0x0, 0xfc, 0x1f, 0xff, 0xdf,
    0xf2, 0xd, 0xe0, 0xf, 0xc0, 0xf, 0xc0, 0x42,
    0x1, 0xf9, 0x0, 0xdf, 0x11, 0xfd, 0x11, 0xfc,
    0x0, 0x0, 0x1f, 0x90, 0xe, 0xff, 0xff, 0xff,
    0xff, 0xc0, 0x0, 0x1, 0xf9, 0x0, 0xdf, 0xaa,
    0xaa, 0xaa, 0xfc, 0x0, 0x0, 0x1f, 0x90, 0xd,
    0xe0, 0x0, 0x0, 0xf, 0xc0, 0x0, 0x0, 0x0,
    0x0, 0x11, 0x0, 0x0, 0x0, 0x0,

    /* U+8FB9 "边" */
    0x0, 0x95, 0x0, 0x0, 0x0, 0x2d, 0xb0, 0x0,
    0x0, 0x0, 0x3, 0xff, 0x50, 0x0, 0x0, 0x3f,
    0xc0, 0x0, 0x0, 0x0, 0x0, 0x4f, 0xf3, 0x0,
    0x0, 0x4f, 0xb0, 0x0, 0x0, 0x0, 0x0, 0x6,
    0xfa, 0x4a, 0xaa, 0xff, 0xfa, 0xaa, 0xfb, 0x20,
    0x0, 0x0, 0x50, 0x7f, 0xff, 0xff, 0xff, 0xff,
    0xff, 0x40, 0x0, 0x0, 0x0, 0x13, 0x33, 0xaf,
    0xb3, 0x33, 0xef, 0x30, 0x0, 0x0, 0x0, 0x0,
    0x0, 0x9f, 0x50, 0x0, 0xcf, 0x20, 0x4f, 0xff,
    0xf1, 0x0, 0x0, 0xcf, 0x20, 0x0, 0xdf, 0x10,
    0x3d, 0xdf, 0xf1, 0x0, 0x0, 0xff, 0x0, 0x0,
    0xef, 0x10, 0x0, 0xd, 0xf1, 0x0, 0x6, 0xfa,
    0x0, 0x0, 0xff, 0x0, 0x0, 0xd, 0xf1, 0x0,
    0xd, 0xf4, 0x0, 0x0, 0xfe, 0x0, 0x0, 0xd,
    0xf1, 0x0, 0x7f, 0xc0, 0x0, 0x2, 0xfd, 0x0,
    0x0, 0xd, 0xf1, 0x6, 0xff, 0x20, 0x0, 0x5,
    0xfa, 0x0, 0x0, 0xd, 0xf1, 0x9f, 0xf5, 0x0,
    0x9c, 0xcf, 0xf6, 0x0, 0x0, 0x2f, 0xf2, 0x3e,
    0x40, 0x0, 0x6f, 0xff, 0xa0, 0x0, 0x2, 0xef,
    0xfd, 0x20, 0x0, 0x0, 0x1, 0x10, 0x0, 0x0,
    0x1e, 0xf5, 0x3e, 0xf7, 0x10, 0x0, 0x0, 0x0,
    0x5, 0xb2, 0x8f, 0xa0, 0x2, 0xdf, 0xff, 0xdd,
    0xdd, 0xde, 0xff, 0xe0, 0x1d, 0x20, 0x0, 0x6,
    0xce, 0xff, 0xff, 0xff, 0xfe, 0xa0, 0x1, 0x0,
    0x0, 0x0, 0x0, 0x1, 0x10, 0x0, 0x0, 0x0,

    /* U+8FD4 "返" */
    0x0, 0x10, 0x0, 0x0, 0x0, 0x0, 0x0, 0x14,
    0x74, 0x0, 0x6, 0xf6, 0x0, 0xa, 0xfb, 0xac,
    0xdf, 0xff, 0xff, 0x40, 0x2, 0xef, 0x50, 0xf,
    0xff, 0xff, 0xdc, 0xa8, 0x52, 0x0, 0x0, 0x3f,
    0xf3, 0xc, 0xf3, 0x0, 0x0, 0x0, 0x0, 0x0,
    0x0, 0x6, 0x80, 0xb, 0xf2, 0x0, 0x0, 0x0,
    0x0, 0x0, 0x0, 0x0, 0x0, 0xb, 0xff, 0xff,
    0xff, 0xff, 0xfc, 0x0, 0x0, 0x0, 0x0, 0xb,
    0xfc, 0xaa, 0xaa, 0xad, 0xfa, 0x0, 0x2b, 0xbb,
    0xb0, 0xc, 0xf1, 0x30, 0x0, 0xa, 0xf4, 0x0,
    0x4f, 0xff, 0xf1, 0xd, 0xf4, 0xfc, 0x10, 0x3f,
    0xd0, 0x0, 0x0, 0xd, 0xf1, 0xf, 0xd0, 0x9f,
    0xe4, 0xdf, 0x40, 0x0, 0x0, 0xd, 0xf1, 0x2f,
    0xb0, 0x6, 0xff, 0xf9, 0x0, 0x0, 0x0, 0xd,
    0xf1, 0x7f, 0x60, 0x1, 0xff, 0xf9, 0x0, 0x0,
    0x0, 0xd, 0xf1, 0xdf, 0x20, 0x6e, 0xfd, 0xef,
    0xb0, 0x0, 0x0, 0xd, 0xf7, 0xfb, 0x4d, 0xff,
    0x70, 0x1d, 0xfc, 0x0, 0x0, 0x1f, 0xf2, 0x82,
    0x1e, 0xa2, 0x0, 0x1, 0xc7, 0x0, 0x1, 0xef,
    0xfb, 0x10, 0x0, 0x0, 0x0, 0x0, 0x0, 0x0,
    0xd, 0xf4, 0x3e, 0xe5, 0x0, 0x0, 0x0, 0x0,
    0x0, 0x80, 0x6f, 0xa0, 0x2, 0xdf, 0xfd, 0xcb,
    0xbb, 0xcd, 0xef, 0xd0, 0xd, 0x20, 0x0, 0x6,
    0xbe, 0xff, 0xff, 0xff, 0xfe, 0x90, 0x1, 0x0,
    0x0, 0x0, 0x0, 0x1, 0x10, 0x0, 0x0, 0x0,

    /* U+8FDB "进" */
    0x0, 0x10, 0x0, 0x0, 0x2, 0x30, 0x0, 0x32,
    0x0, 0x0, 0x6, 0xf6, 0x0, 0x0, 0xc, 0xf1,
    0x0, 0xfd, 0x0, 0x0, 0x2, 0xef, 0x60, 0x0,
    0xc, 0xf1, 0x0, 0xfd, 0x0, 0x0, 0x0, 0x2e,
    0xf5, 0x2, 0x2e, 0xf3, 0x22, 0xff, 0x22, 0x0,
    0x0, 0x4, 0xd3, 0x7f, 0xff, 0xff, 0xff, 0xff,
    0xff, 0x50, 0x0, 0x0, 0x0, 0x5b, 0xbf, 0xfc,
    0xbb, 0xff, 0xbb, 0x30, 0x0, 0x0, 0x0, 0x0,
    0xc, 0xf1, 0x0, 0xfd, 0x0, 0x0, 0x16, 0x66,
    0x60, 0x0, 0xc, 0xf1, 0x0, 0xfd, 0x0, 0x0,
    0x4f, 0xff, 0xf2, 0x1, 0x1e, 0xf1, 0x11, 0xfe,
    0x11, 0x0, 0x15, 0x5c, 0xf2, 0x9f, 0xff, 0xff,
    0xff, 0xff, 0xff, 0xb0, 0x0, 0xb, 0xf2, 0x7c,
    0xef, 0xfc, 0xcc, 0xff, 0xcc, 0x80, 0x0, 0xb,
    0xf2, 0x0, 0x6f, 0x90, 0x0, 0xfd, 0x0, 0x0,
    0x0, 0xb, 0xf2, 0x0, 0xef, 0x40, 0x0, 0xfd,
    0x0, 0x0, 0x0, 0xb, 0xf2, 0xb, 0xfd, 0x0,
    0x0, 0xfd, 0x0, 0x0, 0x0, 0x1f, 0xf4, 0x1c,
    0xf3, 0x0, 0x0, 0xfd, 0x0, 0x0, 0x1, 0xdf,
    0xee, 0x21, 0x40, 0x0, 0x0, 0x98, 0x0, 0x0,
    0xc, 0xf4, 0x1c, 0xe6, 0x0, 0x0, 0x0, 0x0,
    0x3, 0xa0, 0x6f, 0xa0, 0x1, 0xbf, 0xfd, 0xbb,
    0xbb, 0xbc, 0xef, 0xc0, 0xd, 0x20, 0x0, 0x5,
    0xbe, 0xff, 0xff, 0xff, 0xfe, 0x80, 0x1, 0x0,
    0x0, 0x0, 0x0, 0x1, 0x10, 0x0, 0x0, 0x0,

    /* U+8FDE "连" */
    0x0, 0x0, 0x0, 0x0, 0x0, 0x0, 0x0, 0x0,
    0x0, 0x0, 0x0, 0x73, 0x0, 0x0, 0x0, 0xda,
    0x10, 0x0, 0x0, 0x0, 0x3, 0xfe, 0x20, 0x0,
    0x3, 0xfd, 0x0, 0x0, 0x0, 0x0, 0x0, 0x7f,
    0xd0, 0xbf, 0xff, 0xff, 0xff, 0xff, 0xff, 0x40,
    0x0, 0xb, 0xf9, 0x8b, 0xbf, 0xfc, 0xbb, 0xbb,
    0xbb, 0x30, 0x0, 0x2, 0xc1, 0x0, 0x5f, 0x90,
    0x23, 0x0, 0x0, 0x0, 0x0, 0x0, 0x0, 0x0,
    0xdf, 0x20, 0xaf, 0x40, 0x0, 0x0, 0x0, 0x0,
    0x0, 0x7, 0xf9, 0x0, 0xaf, 0x40, 0x0, 0x0,
    0x3f, 0xff, 0xf1, 0xf, 0xff, 0xff, 0xff, 0xff,
    0xfe, 0x0, 0x2b, 0xbe, 0xf1, 0xe, 0xfd, 0xdd,
    0xff, 0xfd, 0xdc, 0x0, 0x0, 0xc, 0xf1, 0x0,
    0x0, 0x0, 0xaf, 0x40, 0x0, 0x0, 0x0, 0xc,
    0xf1, 0x0, 0x0, 0x0, 0xaf, 0x40, 0x0, 0x0,
    0x0, 0xc, 0xf1, 0xaf, 0xff, 0xff, 0xff, 0xff,
    0xff, 0xd0, 0x0, 0xc, 0xf1, 0x8c, 0xcc, 0xcc,
    0xff, 0xfc, 0xcc, 0xb0, 0x0, 0xc, 0xf1, 0x0,
    0x0, 0x0, 0xaf, 0x40, 0x0, 0x0, 0x0, 0x2f,
    0xf3, 0x0, 0x0, 0x0, 0xaf, 0x40, 0x0, 0x0,
    0x2, 0xef, 0xfe, 0x20, 0x0, 0x0, 0x9e, 0x30,
    0x0, 0x0, 0xd, 0xf5, 0x2e, 0xf7, 0x20, 0x0,
    0x0, 0x0, 0x3, 0x95, 0x7f, 0xb0, 0x2, 0xdf,
    0xff, 0xdd, 0xdd, 0xde, 0xff, 0xf3, 0xd, 0x30,
    0x0, 0x6, 0xbe, 0xff, 0xff, 0xff, 0xff, 0xe0,
    0x1, 0x0, 0x0, 0x0, 0x0, 0x0, 0x11, 0x0,
    0x0, 0x0,

    /* U+9010 "逐" */
    0x0, 0x10, 0x0, 0x0, 0x0, 0x0, 0x0, 0x0,
    0x0, 0x0, 0x8, 0xf4, 0x0, 0xef, 0xff, 0xff,
    0xff, 0xff, 0xff, 0xa0, 0x4, 0xff, 0x40, 0x89,
    0x99, 0xbf, 0xfe, 0x99, 0x99, 0x60, 0x0, 0x5f,
    0xf2, 0x0, 0x4, 0xff, 0x60, 0x0, 0x0, 0x0,
    0x0, 0x8, 0xb1, 0x1, 0xaf, 0xff, 0x30, 0x0,
    0x99, 0x10, 0x0, 0x0, 0x2, 0xaf, 0xfb, 0x2f,
    0xe1, 0x7, 0xfd, 0x10, 0x0, 0x0, 0x0, 0xdc,
    0x40, 0x2f, 0xfa, 0x8f, 0xc1, 0x0, 0x1b, 0xbb,
    0xb0, 0x0, 0x7, 0xfd, 0xcf, 0xfa, 0x0, 0x0,
    0x2f, 0xff, 0xf1, 0x6, 0xdf, 0x90, 0x8f, 0xf9,
    0x0, 0x0, 0x0, 0xc, 0xf1, 0x9f, 0xc4, 0x3,
    0xff, 0xff, 0xb0, 0x0, 0x0, 0xc, 0xf1, 0x5,
    0x0, 0x7f, 0xdf, 0xea, 0xfc, 0x0, 0x0, 0xc,
    0xf1, 0x0, 0x4d, 0xfa, 0xe, 0xf0, 0x9f, 0xb0,
    0x0, 0xc, 0xf2, 0x6d, 0xfe, 0x40, 0xf, 0xd0,
    0xb, 0x60, 0x0, 0xc, 0xf2, 0xde, 0x70, 0x0,
    0x7f, 0xa0, 0x0, 0x0, 0x0, 0xf, 0xf3, 0x10,
    0x1, 0xff, 0xff, 0x20, 0x0, 0x0, 0x1, 0xbf,
    0xff, 0x81, 0x0, 0x8a, 0x82, 0x0, 0x0, 0x0,
    0x2e, 0xfa, 0x39, 0xff, 0xca, 0x88, 0x88, 0x99,
    0xab, 0xd2, 0xd, 0x90, 0x0, 0x39, 0xdf, 0xff,
    0xff, 0xff, 0xff, 0xd0, 0x2, 0x0, 0x0, 0x0,
    0x0, 0x12, 0x22, 0x21, 0x10, 0x0,

    /* U+90E8 "部" */
    0x0, 0x0, 0x0, 0x0, 0x0, 0x0, 0x0, 0x0,
    0x0, 0x0, 0x0, 0x0, 0x1c, 0xb0, 0x0, 0x0,
    0x0, 0x0, 0x0, 0x0, 0x0, 0x0, 0xc, 0xf2,
    0x0, 0x0, 0x9f, 0xff, 0xff, 0x90, 0x5, 0xaa,
    0xaf, 0xff, 0xaa, 0xa0, 0xaf, 0xcc, 0xdf, 0xe0,
    0x8, 0xff, 0xff, 0xff, 0xff, 0xf0, 0xaf, 0x10,
    0x6f, 0x80, 0x0, 0x2b, 0x70, 0x0, 0xbb, 0x10,
    0xaf, 0x10, 0xbf, 0x20, 0x0, 0xf, 0xd0, 0x1,
    0xfd, 0x0, 0xaf, 0x11, 0xfc, 0x0, 0x0, 0x9,
    0xf3, 0x6, 0xf7, 0x0, 0xaf, 0x16, 0xf5, 0x0,
    0x0, 0x6, 0xe5, 0xd, 0xf1, 0x0, 0xaf, 0x1c,
    0xe0, 0x0, 0x1f, 0xff, 0xff, 0xff, 0xff, 0xf7,
    0xaf, 0x1c, 0xf2, 0x0, 0xa, 0xaa, 0xaa, 0xaa,
    0xaa, 0xa5, 0xaf, 0x11, 0xed, 0x0, 0x0, 0x0,
    0x0, 0x0, 0x0, 0x0, 0xaf, 0x10, 0x6f, 0x60,
    0x0, 0xbb, 0xbb, 0xbb, 0xbb, 0x70, 0xaf, 0x10,
    0x1f, 0xa0, 0x0, 0xff, 0xff, 0xff, 0xff, 0xa0,
    0xaf, 0x10, 0xe, 0xd0, 0x0, 0xfc, 0x0, 0x0,
    0x3f, 0xa0, 0xaf, 0x10, 0x1f, 0xb0, 0x0, 0xfc,
    0x0, 0x0, 0x3f, 0xa0, 0xaf, 0x5c, 0xff, 0x80,
    0x0, 0xfc, 0x0, 0x0, 0x3f, 0xa0, 0xaf, 0x2e,
    0xd9, 0x0, 0x0, 0xff, 0xff, 0xff, 0xff, 0xa0,
    0xaf, 0x10, 0x0, 0x0, 0x0, 0xff, 0xaa, 0xaa,
    0xef, 0xa0, 0xaf, 0x10, 0x0, 0x0, 0x0, 0xfc,
    0x0, 0x0, 0x3d, 0x80, 0xaf, 0x10, 0x0, 0x0,

    /* U+91D1 "金" */
    0x0, 0x0, 0x0, 0x0, 0x7, 0xa2, 0x0, 0x0,
    0x0, 0x0, 0x0, 0x0, 0x0, 0x0, 0x4f, 0xf5,
    0x0, 0x0, 0x0, 0x0, 0x0, 0x0, 0x0, 0x4,
    0xff, 0xfe, 0x30, 0x0, 0x0, 0x0, 0x0, 0x0,
    0x0, 0x8f, 0xf6, 0x5f, 0xf8, 0x0, 0x0, 0x0,
    0x0, 0x0, 0x4d, 0xff, 0x50, 0x3, 0xef, 0xd5,
    0x0, 0x0, 0x0, 0x5c, 0xff, 0xc2, 0x0, 0x0,
    0x1a, 0xff, 0xc5, 0x0, 0x2e, 0xff, 0xff, 0xdd,
    0xde, 0xed, 0xdd, 0xff, 0xff, 0xf3, 0x9, 0xd6,
    0x4e, 0xee, 0xff, 0xfe, 0xee, 0xe3, 0x4b, 0x90,
    0x0, 0x0, 0x0, 0x0, 0x1f, 0xf0, 0x0, 0x0,
    0x0, 0x0, 0x0, 0x0, 0x0, 0x0, 0x1f, 0xf0,
    0x0, 0x0, 0x0, 0x0, 0x0, 0x8c, 0xcc, 0xcc,
    0xdf, 0xfc, 0xcc, 0xcc, 0xc8, 0x0, 0x0, 0xaf,
    0xff, 0xff, 0xff, 0xff, 0xff, 0xff, 0xfa, 0x0,
    0x0, 0x0, 0x88, 0x0, 0x1f, 0xf0, 0x0, 0x98,
    0x0, 0x0, 0x0, 0x0, 0xbf, 0x40, 0x1f, 0xf0,
    0x3, 0xfc, 0x0, 0x0, 0x0, 0x0, 0x2f, 0xc0,
    0x1f, 0xf0, 0xc, 0xf2, 0x0, 0x0, 0x0, 0x0,
    0xa, 0xb1, 0x1f, 0xf0, 0x3e, 0x60, 0x0, 0x0,
    0x8, 0xcc, 0xcd, 0xcc, 0xdf, 0xfc, 0xcd, 0xcc,
    0xcc, 0x80, 0xa, 0xff, 0xff, 0xff, 0xff, 0xff,
    0xff, 0xff, 0xff, 0xb0, 0xa, 0xff, 0xff, 0xff,
    0xff, 0xff, 0xff, 0xff, 0xff, 0xb0,

    /* U+9488 "针" */
    0x0, 0x5, 0x60, 0x0, 0x0, 0x0, 0x8, 0x70,
    0x0, 0x0, 0x0, 0xe, 0xe0, 0x0, 0x0, 0x0,
    0xf, 0xf0, 0x0, 0x0, 0x0, 0x8f, 0xfb, 0xbb,
    0x50, 0x0, 0xf, 0xf0, 0x0, 0x0, 0x4, 0xff,
    0xff, 0xff, 0x70, 0x0, 0xf, 0xf0, 0x0, 0x0,
    0x3e, 0xf6, 0x0, 0x0, 0x0, 0x0, 0xf, 0xf0,
    0x0, 0x0, 0x2f, 0xb1, 0x11, 0x11, 0x0, 0x0,
    0xf, 0xf0, 0x0, 0x0, 0x8, 0xef, 0xff, 0xfe,
    0x12, 0x22, 0x2f, 0xf2, 0x22, 0x20, 0x0, 0xbd,
    0xff, 0xdb, 0x8f, 0xff, 0xff, 0xff, 0xff, 0xf2,
    0x0, 0x0, 0xfd, 0x0, 0x6b, 0xbb, 0xbf, 0xfb,
    0xbb, 0xb1, 0x0, 0x0, 0xfd, 0x0, 0x0, 0x0,
    0xf, 0xf0, 0x0, 0x0, 0xd, 0xff, 0xff, 0xff,
    0x50, 0x0, 0xf, 0xf0, 0x0, 0x0, 0x8, 0xbb,
    0xff, 0xbb, 0x30, 0x0, 0xf, 0xf0, 0x0, 0x0,
    0x0, 0x0, 0xfd, 0x0, 0x0, 0x0, 0xf, 0xf0,
    0x0, 0x0, 0x0, 0x0, 0xfd, 0x0, 0x0, 0x0,
    0xf, 0xf0, 0x0, 0x0, 0x0, 0x0, 0xfd, 0x1,
    0x40, 0x0, 0xf, 0xf0, 0x0, 0x0, 0x0, 0x0,
    0xfe, 0x8f, 0xb0, 0x0, 0xf, 0xf0, 0x0, 0x0,
    0x0, 0x4, 0xff, 0xfd, 0x40, 0x0, 0xf, 0xf0,
    0x0, 0x0, 0x0, 0xf, 0xff, 0x60, 0x0, 0x0,
    0xf, 0xf0, 0x0, 0x0, 0x0, 0x6, 0xc0, 0x0,
    0x0, 0x0, 0xf, 0xf0, 0x0, 0x0,

    /* U+949F "钟" */
    0x0, 0x8, 0x80, 0x0, 0x0, 0x0, 0x1d, 0xa0,
    0x0, 0x0, 0x1, 0xfc, 0x0, 0x0, 0x0, 0x1,
    0xfc, 0x0, 0x0, 0x0, 0xaf, 0xfb, 0xbb, 0x30,
    0x0, 0x1f, 0xc0, 0x0, 0x0, 0x4f, 0xff, 0xff,
    0xf5, 0x0, 0x1, 0xfc, 0x0, 0x0, 0x2f, 0xf3,
    0x0, 0x0, 0xc, 0xcc, 0xdf, 0xfc, 0xcc, 0xa0,
    0xe9, 0x55, 0x55, 0x40, 0xff, 0xde, 0xff, 0xdd,
    0xfe, 0x2, 0xbf, 0xff, 0xff, 0xf, 0xb0, 0x1f,
    0xc0, 0xe, 0xe0, 0x4, 0x7f, 0xf6, 0x50, 0xfb,
    0x1, 0xfc, 0x0, 0xee, 0x0, 0x1, 0xfb, 0x0,
    0xf, 0xb0, 0x1f, 0xc0, 0xe, 0xe0, 0x23, 0x4f,
    0xe3, 0x31, 0xfb, 0x1, 0xfc, 0x0, 0xee, 0xd,
    0xff, 0xff, 0xff, 0x5f, 0xfc, 0xef, 0xfc, 0xcf,
    0xe0, 0x68, 0x9f, 0xf8, 0x82, 0xff, 0xff, 0xff,
    0xff, 0xfe, 0x0, 0x1, 0xfb, 0x0, 0xf, 0xc0,
    0x2f, 0xd0, 0xf, 0xe0, 0x0, 0x1f, 0xb0, 0x0,
    0x43, 0x1, 0xfc, 0x0, 0x11, 0x0, 0x1, 0xfb,
    0x6, 0x40, 0x0, 0x1f, 0xc0, 0x0, 0x0, 0x0,
    0x1f, 0xfd, 0xf8, 0x0, 0x1, 0xfc, 0x0, 0x0,
    0x0, 0x8, 0xff, 0xf9, 0x10, 0x0, 0x1f, 0xc0,
    0x0, 0x0, 0x0, 0xff, 0xb2, 0x0, 0x0, 0x1,
    0xfc, 0x0, 0x0, 0x0, 0x9, 0x50, 0x0, 0x0,
    0x0, 0x1f, 0xc0, 0x0, 0x0,

    /* U+94AE "钮" */
    0x0, 0xb, 0x60, 0x0, 0x0, 0x0, 0x0, 0x0,
    0x0, 0x0, 0x0, 0x5f, 0x80, 0x0, 0x3f, 0xff,
    0xff, 0xff, 0xff, 0x60, 0x0, 0xcf, 0xec, 0xcc,
    0x6b, 0xbd, 0xff, 0xbb, 0xff, 0x60, 0x5, 0xff,
    0xff, 0xff, 0x50, 0x3, 0xfa, 0x0, 0x8f, 0x50,
    0x1e, 0xf2, 0x0, 0x0, 0x0, 0x4, 0xf9, 0x0,
    0x9f, 0x40, 0x2f, 0xb5, 0x55, 0x54, 0x0, 0x6,
    0xf7, 0x0, 0xaf, 0x20, 0x5, 0xdf, 0xff, 0xfd,
    0x0, 0x7, 0xf5, 0x0, 0xbf, 0x10, 0x0, 0x47,
    0xff, 0x54, 0x3, 0x3d, 0xf7, 0x33, 0xff, 0x0,
    0x0, 0x1, 0xf9, 0x0, 0x1f, 0xff, 0xff, 0xff,
    0xff, 0x0, 0x0, 0x1, 0xfa, 0x0, 0x1c, 0xcf,
    0xfc, 0xcc, 0xfd, 0x0, 0xe, 0xff, 0xff, 0xff,
    0x50, 0xf, 0xd0, 0x1, 0xfc, 0x0, 0xa, 0xbc,
    0xff, 0xbb, 0x30, 0xf, 0xb0, 0x2, 0xfb, 0x0,
    0x0, 0x1, 0xf9, 0x0, 0x0, 0x3f, 0x90, 0x4,
    0xf9, 0x0, 0x0, 0x1, 0xf9, 0x0, 0x0, 0x5f,
    0x70, 0x5, 0xf8, 0x0, 0x0, 0x1, 0xf9, 0x6d,
    0x0, 0x7f, 0x50, 0x7, 0xf6, 0x0, 0x0, 0x2,
    0xff, 0xfe, 0x20, 0x9f, 0x30, 0x8, 0xf4, 0x0,
    0x0, 0xf, 0xff, 0xde, 0xff, 0xff, 0xff, 0xff,
    0xff, 0xf3, 0x0, 0xf, 0xfb, 0x1c, 0xff, 0xff,
    0xff, 0xff, 0xff, 0xf3, 0x0, 0xf, 0xc0, 0xc,
    0xff, 0xff, 0xff, 0xff, 0xff, 0xf3, 0x0, 0x2,
    0x0, 0x0, 0x0, 0x0, 0x0, 0x0, 0x0, 0x0,

    /* U+94FE "链" */
    0x0, 0x69, 0x10, 0x0, 0x10, 0x0, 0xc, 0x80,
    0x0, 0x0, 0x0, 0xde, 0x0, 0xc, 0xd0, 0x0,
    0x2f, 0xa0, 0x0, 0x0, 0x2, 0xff, 0xbb, 0x87,
    0xf4, 0x58, 0xef, 0xd8, 0x88, 0x81, 0xa, 0xff,
    0xff, 0xb1, 0xfa, 0xaf, 0xff, 0xff, 0xff, 0xf2,
    0x4f, 0xb0, 0x0, 0x0, 0xa8, 0x2, 0xfb, 0x45,
    0x11, 0x10, 0x3f, 0x20, 0x0, 0x0, 0x0, 0x5,
    0xf4, 0xbf, 0x0, 0x0, 0x8, 0xff, 0xff, 0x61,
    0x11, 0xc, 0xc0, 0xbf, 0x0, 0x0, 0x2, 0x8f,
    0xf8, 0xaf, 0xfe, 0x5f, 0xff, 0xff, 0xff, 0xa0,
    0x0, 0xf, 0xb0, 0x4a, 0xee, 0x3f, 0xaa, 0xff,
    0xaa, 0x60, 0x0, 0xf, 0xb0, 0x0, 0xce, 0x0,
    0x0, 0xbf, 0x0, 0x0, 0xe, 0xef, 0xfe, 0xc0,
    0xce, 0x0, 0x0, 0xbf, 0x0, 0x0, 0xc, 0xcf,
    0xfc, 0xa0, 0xce, 0x7f, 0xff, 0xff, 0xff, 0xf1,
    0x0, 0xf, 0xb0, 0x0, 0xce, 0x4a, 0xaa, 0xff,
    0xaa, 0xa0, 0x0, 0xf, 0xb0, 0x0, 0xce, 0x0,
    0x0, 0xbf, 0x0, 0x0, 0x0, 0xf, 0xb3, 0x60,
    0xcf, 0x0, 0x0, 0xbf, 0x0, 0x0, 0x0, 0xf,
    0xff, 0xb2, 0xff, 0x60, 0x0, 0xbe, 0x0, 0x0,
    0x0, 0x1f, 0xfc, 0x4e, 0xfb, 0xf9, 0x10, 0x0,
    0x0, 0x33, 0x0, 0xdf, 0xb0, 0xcf, 0x40, 0x6f,
    0xfe, 0xcc, 0xdf, 0xf4, 0x0, 0xad, 0x0, 0x5a,
    0x0, 0x2, 0xae, 0xff, 0xff, 0xe1, 0x0, 0x0,
    0x0, 0x0, 0x0, 0x0, 0x0, 0x0, 0x0, 0x0,

    /* U+952E "键" */
    0x0, 0x2c, 0x40, 0x0, 0x0, 0x0, 0x3, 0xc2,
    0x0, 0x0, 0x0, 0x8f, 0x30, 0xd, 0xdf, 0xd3,
    0x59, 0xf9, 0x55, 0x0, 0x0, 0xff, 0xcc, 0x8e,
    0xef, 0xe6, 0xff, 0xff, 0xff, 0x10, 0x6, 0xff,
    0xff, 0xa0, 0xf, 0x80, 0x4, 0xf3, 0x4f, 0x10,
    0x1e, 0xe1, 0x0, 0x0, 0x6f, 0x27, 0x7b, 0xfb,
    0xbf, 0x92, 0x6f, 0x62, 0x22, 0x10, 0xdb, 0xf,
    0xff, 0xff, 0xff, 0xf4, 0xa, 0xff, 0xff, 0x95,
    0xf4, 0x0, 0x4, 0xf3, 0x4f, 0x10, 0x2, 0x8f,
    0xf8, 0x7f, 0xff, 0xf7, 0xef, 0xff, 0xef, 0x10,
    0x0, 0xe, 0xa0, 0x1f, 0xbf, 0xf3, 0x7b, 0xfa,
    0x77, 0x0, 0x1, 0x1f, 0xb1, 0x10, 0x9, 0xe2,
    0x48, 0xf8, 0x44, 0x10, 0x1f, 0xff, 0xff, 0xc7,
    0x3b, 0xd7, 0xff, 0xff, 0xff, 0x60, 0x9, 0x9f,
    0xf9, 0x7d, 0x8e, 0xa1, 0x37, 0xf6, 0x33, 0x10,
    0x0, 0xe, 0xa0, 0x9, 0xef, 0x76, 0x7b, 0xfa,
    0x77, 0x50, 0x0, 0xe, 0xa0, 0x3, 0xff, 0x3f,
    0xff, 0xff, 0xff, 0xc0, 0x0, 0xe, 0xa3, 0x80,
    0xff, 0x0, 0x4, 0xf3, 0x0, 0x0, 0x0, 0xe,
    0xff, 0xc2, 0xff, 0x90, 0x4, 0xf3, 0x0, 0x0,
    0x0, 0x1f, 0xfa, 0xb, 0xf9, 0xfb, 0x30, 0x30,
    0x0, 0x0, 0x0, 0xef, 0xa0, 0x9f, 0x70, 0x7f,
    0xfd, 0xa9, 0x99, 0x92, 0x0, 0x7d, 0x1, 0xea,
    0x0, 0x1, 0x7c, 0xef, 0xff, 0xe0, 0x0, 0x0,
    0x0, 0x20, 0x0, 0x0, 0x0, 0x0, 0x0, 0x0,

    /* U+95ED "闭" */
    0x1, 0x80, 0x0, 0x0, 0x0, 0x0, 0x0, 0x0,
    0x0, 0x9, 0xfb, 0x0, 0x9d, 0xdd, 0xdd, 0xdd,
    0xdf, 0xf9, 0x0, 0xcf, 0x80, 0xbf, 0xff, 0xff,
    0xff, 0xff, 0xfb, 0x0, 0x2f, 0xb0, 0x0, 0x0,
    0x0, 0x0, 0x2, 0xfb, 0x0, 0x4, 0x0, 0x0,
    0x0, 0xab, 0x0, 0x2, 0xfb, 0x2e, 0xa0, 0x0,
    0x0, 0x0, 0xdf, 0x10, 0x2, 0xfb, 0x3f, 0xb0,
    0x11, 0x11, 0x11, 0xff, 0x21, 0x12, 0xfb, 0x3f,
    0xb2, 0xff, 0xff, 0xff, 0xff, 0xff, 0xb2, 0xfb,
    0x3f, 0xb1, 0xaa, 0xaa, 0xbf, 0xff, 0xca, 0x72,
    0xfb, 0x3f, 0xb0, 0x0, 0x0, 0x9f, 0xff, 0x10,
    0x2, 0xfb, 0x3f, 0xb0, 0x0, 0x8, 0xfc, 0xef,
    0x10, 0x2, 0xfb, 0x3f, 0xb0, 0x0, 0x9f, 0xd1,
    0xdf, 0x10, 0x2, 0xfb, 0x3f, 0xb0, 0x3c, 0xfc,
    0x10, 0xdf, 0x10, 0x2, 0xfb, 0x3f, 0xb8, 0xff,
    0x90, 0x0, 0xdf, 0x10, 0x2, 0xfb, 0x3f, 0xb3,
    0xd4, 0x0, 0x0, 0xdf, 0x10, 0x2, 0xfb, 0x3f,
    0xb0, 0x0, 0x8, 0xdd, 0xff, 0x0, 0x2, 0xfb,
    0x3f, 0xb0, 0x0, 0x4, 0xfe, 0xc6, 0x0, 0x2,
    0xfb, 0x3f, 0xb0, 0x0, 0x0, 0x0, 0x0, 0x7,
    0xac, 0xfa, 0x3f, 0xb0, 0x0, 0x0, 0x0, 0x0,
    0x6, 0xff, 0xd3, 0x0, 0x0, 0x0, 0x0, 0x0,
    0x0, 0x0, 0x0, 0x0,

    /* U+95F4 "间" */
    0x0, 0x70, 0x0, 0x0, 0x0, 0x0, 0x0, 0x0,
    0x0, 0x8, 0xfb, 0x0, 0x9d, 0xdd, 0xdd, 0xdd,
    0xde, 0xfa, 0x0, 0xcf, 0x90, 0xbf, 0xff, 0xff,
    0xff, 0xff, 0xfd, 0x0, 0x1f, 0xb0, 0x0, 0x0,
    0x0, 0x0, 0x2, 0xfd, 0x0, 0x3, 0x0, 0x0,
    0x0, 0x0, 0x0, 0x2, 0xfd, 0x2e, 0xb0, 0x0,
    0x0, 0x0, 0x0, 0x0, 0x2, 0xfd, 0x2f, 0xd0,
    0xb, 0xff, 0xff, 0xff, 0xf1, 0x2, 0xfd, 0x2f,
    0xd0, 0xb, 0xf8, 0x88, 0x8d, 0xf1, 0x2, 0xfd,
    0x2f, 0xd0, 0xb, 0xf0, 0x0, 0xa, 0xf1, 0x2,
    0xfd, 0x2f, 0xd0, 0xb, 0xf8, 0x88, 0x8d, 0xf1,
    0x2, 0xfd, 0x2f, 0xd0, 0xb, 0xff, 0xff, 0xff,
    0xf1, 0x2, 0xfd, 0x2f, 0xd0, 0xb, 0xf0, 0x0,
    0xa, 0xf1, 0x2, 0xfd, 0x2f, 0xd0, 0xb, 0xf0,
    0x0, 0xa, 0xf1, 0x2, 0xfd, 0x2f, 0xd0, 0xb,
    0xf8, 0x88, 0x8d, 0xf1, 0x2, 0xfd, 0x2f, 0xd0,
    0xb, 0xff, 0xff, 0xff, 0xf1, 0x2, 0xfd, 0x2f,
    0xd0, 0x0, 0x0, 0x0, 0x0, 0x0, 0x2, 0xfd,
    0x2f, 0xd0, 0x0, 0x0, 0x0, 0x0, 0x0, 0x2,
    0xfd, 0x2f, 0xd0, 0x0, 0x0, 0x0, 0x0, 0x3,
    0xbc, 0xfc, 0x2f, 0xd0, 0x0, 0x0, 0x0, 0x0,
    0x0, 0xef, 0xc4,

    /* U+9634 "阴" */
    0x1, 0x11, 0x11, 0x0, 0x0, 0x0, 0x0, 0x0,
    0xa, 0xff, 0xff, 0xfb, 0xb, 0xff, 0xff, 0xff,
    0xff, 0xaf, 0xaa, 0xcf, 0xc0, 0xbf, 0xec, 0xcc,
    0xcf, 0xfa, 0xf2, 0x6, 0xf7, 0xa, 0xf2, 0x0,
    0x0, 0xdf, 0xaf, 0x20, 0xbf, 0x10, 0xaf, 0x20,
    0x0, 0xd, 0xfa, 0xf2, 0xf, 0xb0, 0xa, 0xf3,
    0x11, 0x11, 0xef, 0xaf, 0x25, 0xf5, 0x0, 0xcf,
    0xff, 0xff, 0xff, 0xfa, 0xf2, 0x5f, 0x80, 0xb,
    0xfc, 0xaa, 0xaa, 0xff, 0xaf, 0x20, 0xaf, 0x20,
    0xaf, 0x20, 0x0, 0xd, 0xfa, 0xf2, 0x3, 0xf9,
    0xa, 0xf1, 0x0, 0x0, 0xdf, 0xaf, 0x20, 0xf,
    0xc0, 0xcf, 0x76, 0x66, 0x6f, 0xfa, 0xf2, 0x0,
    0xfc, 0xd, 0xff, 0xff, 0xff, 0xff, 0xaf, 0x29,
    0xdf, 0xa0, 0xef, 0x33, 0x33, 0x3f, 0xfa, 0xf2,
    0x9f, 0xc2, 0xf, 0xc0, 0x0, 0x0, 0xdf, 0xaf,
    0x20, 0x0, 0x4, 0xf9, 0x0, 0x0, 0xd, 0xfa,
    0xf2, 0x0, 0x0, 0x9f, 0x50, 0x0, 0x0, 0xdf,
    0xaf, 0x20, 0x0, 0x1f, 0xf0, 0x0, 0x0, 0xd,
    0xfa, 0xf2, 0x0, 0xa, 0xf8, 0x0, 0x2, 0xdd,
    0xfe, 0xaf, 0x20, 0x1, 0xdd, 0x0, 0x0, 0xe,
    0xfd, 0x51, 0x20, 0x0, 0x0, 0x10, 0x0, 0x0,
    0x0, 0x0,

    /* U+9635 "阵" */
    0x11, 0x11, 0x21, 0x0, 0x0, 0x8c, 0x40, 0x0,
    0x0, 0x9, 0xff, 0xff, 0xf3, 0x0, 0xc, 0xf3,
    0x0, 0x0, 0x0, 0x9f, 0xa9, 0xff, 0x5b, 0xbc,
    0xff, 0xbb, 0xbb, 0xb8, 0x9, 0xf2, 0xf, 0xc4,
    0xff, 0xff, 0xff, 0xff, 0xff, 0xc0, 0x9f, 0x25,
    0xf6, 0x0, 0xc, 0xf4, 0x0, 0x0, 0x0, 0x9,
    0xf2, 0xaf, 0x0, 0x2, 0xfd, 0x9, 0x80, 0x0,
    0x0, 0x9f, 0x2f, 0xb0, 0x0, 0x8f, 0x60, 0xfd,
    0x0, 0x0, 0x9, 0xf2, 0x9f, 0x20, 0xe, 0xe0,
    0xf, 0xd0, 0x0, 0x0, 0x9f, 0x21, 0xfa, 0xb,
    0xff, 0xbb, 0xff, 0xbb, 0xb6, 0x9, 0xf2, 0xb,
    0xf0, 0xff, 0xff, 0xff, 0xff, 0xff, 0x90, 0x9f,
    0x20, 0x8f, 0x23, 0x20, 0x0, 0xfe, 0x0, 0x0,
    0x9, 0xf2, 0x9, 0xf2, 0x0, 0x0, 0xf, 0xd0,
    0x0, 0x0, 0x9f, 0x5a, 0xff, 0x0, 0x0, 0x0,
    0xfd, 0x0, 0x0, 0x9, 0xf3, 0xff, 0x77, 0xdd,
    0xdd, 0xdf, 0xfd, 0xdd, 0xd1, 0x9f, 0x21, 0x0,
    0x8f, 0xff, 0xff, 0xff, 0xff, 0xff, 0x19, 0xf2,
    0x0, 0x0, 0x0, 0x0, 0xf, 0xd0, 0x0, 0x0,
    0x9f, 0x20, 0x0, 0x0, 0x0, 0x0, 0xfd, 0x0,
    0x0, 0x9, 0xf2, 0x0, 0x0, 0x0, 0x0, 0xf,
    0xd0, 0x0, 0x0, 0x9f, 0x20, 0x0, 0x0, 0x0,
    0x0, 0xfd, 0x0, 0x0, 0x0,

    /* U+9644 "附" */
    0x0, 0x0, 0x0, 0x0, 0xd, 0xa0, 0x0, 0xc,
    0x80, 0x9, 0xff, 0xff, 0xc0, 0x4, 0xf9, 0x0,
    0x1, 0xfb, 0x0, 0x9f, 0xbb, 0xfe, 0x0, 0xaf,
    0x30, 0x0, 0x1f, 0xb0, 0x9, 0xf1, 0x2f, 0x90,
    0x2f, 0xe0, 0x0, 0x1, 0xfb, 0x0, 0x9f, 0x17,
    0xf4, 0xe, 0xf6, 0x69, 0x99, 0xaf, 0xf9, 0x39,
    0xf1, 0xce, 0x4, 0xff, 0x1b, 0xff, 0xff, 0xff,
    0xf5, 0x9f, 0x3f, 0x91, 0xef, 0xf1, 0x12, 0x22,
    0x3f, 0xe2, 0x9, 0xf2, 0xed, 0x8f, 0xff, 0x10,
    0x0, 0x1, 0xfb, 0x0, 0x9f, 0x16, 0xf7, 0xca,
    0xf1, 0x3c, 0x30, 0x1f, 0xb0, 0x9, 0xf1, 0xf,
    0xb0, 0x9f, 0x12, 0xfb, 0x1, 0xfb, 0x0, 0x9f,
    0x10, 0xce, 0x9, 0xf1, 0xb, 0xf2, 0x1f, 0xb0,
    0x9, 0xf1, 0xb, 0xf0, 0x9f, 0x10, 0x4f, 0x81,
    0xfb, 0x0, 0x9f, 0x12, 0xee, 0x9, 0xf1, 0x0,
    0xec, 0x1f, 0xb0, 0x9, 0xf8, 0xff, 0x90, 0x9f,
    0x10, 0x3, 0x1, 0xfb, 0x0, 0x9f, 0x4a, 0x60,
    0x9, 0xf1, 0x0, 0x0, 0x1f, 0xb0, 0x9, 0xf1,
    0x0, 0x0, 0x9f, 0x10, 0x0, 0x1, 0xfb, 0x0,
    0x9f, 0x10, 0x0, 0x9, 0xf1, 0x0, 0x0, 0x1f,
    0xb0, 0x9, 0xf1, 0x0, 0x0, 0x9f, 0x10, 0x7,
    0xde, 0xf9, 0x0, 0x9f, 0x10, 0x0, 0x9, 0xf1,
    0x0, 0x3f, 0xfb, 0x20, 0x0, 0x0, 0x0, 0x0,
    0x0, 0x0, 0x0, 0x0, 0x0, 0x0,

    /* U+96C6 "集" */
    0x0, 0x0, 0x2d, 0x90, 0x6, 0xd3, 0x0, 0x0,
    0x0, 0x0, 0x0, 0x0, 0xcf, 0x50, 0x4, 0xfb,
    0x0, 0x0, 0x0, 0x0, 0x0, 0xb, 0xff, 0xdd,
    0xdd, 0xff, 0xdd, 0xdd, 0xdb, 0x0, 0x0, 0x4f,
    0xfb, 0xaa, 0xaf, 0xff, 0xaa, 0xaa, 0xa9, 0x0,
    0x5, 0xff, 0xf3, 0x33, 0x39, 0xfb, 0x33, 0x33,
    0x30, 0x0, 0x4f, 0xff, 0xff, 0xff, 0xff, 0xff,
    0xff, 0xff, 0xf0, 0x0, 0x7, 0x3d, 0xf1, 0x11,
    0x17, 0xf8, 0x11, 0x11, 0x10, 0x0, 0x0, 0xd,
    0xfe, 0xee, 0xef, 0xff, 0xee, 0xee, 0xe0, 0x0,
    0x0, 0xd, 0xf4, 0x44, 0x4a, 0xfc, 0x44, 0x44,
    0x40, 0x0, 0x0, 0xf, 0xfa, 0xaa, 0xaf, 0xff,
    0xaa, 0xaa, 0xaa, 0x40, 0x0, 0xf, 0xfd, 0xdd,
    0xde, 0xee, 0xdd, 0xdd, 0xdd, 0x60, 0x0, 0x6,
    0x70, 0x0, 0xb, 0x90, 0x0, 0x0, 0x0, 0x0,
    0x8, 0x88, 0x88, 0x88, 0x9f, 0xf8, 0x88, 0x88,
    0x88, 0x70, 0x1f, 0xff, 0xff, 0xff, 0xff, 0xff,
    0xff, 0xff, 0xff, 0xe0, 0x0, 0x0, 0x0, 0x7f,
    0xff, 0xff, 0xe5, 0x0, 0x0, 0x0, 0x0, 0x0,
    0x5d, 0xfd, 0x4f, 0xd4, 0xef, 0xc4, 0x0, 0x0,
    0x3, 0x8e, 0xff, 0x80, 0x1f, 0xd0, 0x19, 0xff,
    0xe8, 0x30, 0x5f, 0xff, 0x91, 0x0, 0x1f, 0xd0,
    0x0, 0x2a, 0xff, 0xe1, 0x8, 0x71, 0x0, 0x0,
    0x1f, 0xd0, 0x0, 0x0, 0x17, 0x40,

    /* U+96E8 "雨" */
    0xee, 0xee, 0xee, 0xee, 0xee, 0xee, 0xee, 0xee,
    0xee, 0xf, 0xff, 0xff, 0xff, 0xff, 0xff, 0xff,
    0xff, 0xff, 0xf0, 0x0, 0x0, 0x0, 0x0, 0xfd,
    0x0, 0x0, 0x0, 0x0, 0x0, 0x0, 0x0, 0x0,
    0xf, 0xd0, 0x0, 0x0, 0x0, 0x0, 0xb, 0xbb,
    0xbb, 0xbb, 0xff, 0xbb, 0xbb, 0xbf, 0xb1, 0x1,
    0xff, 0xff, 0xff, 0xff, 0xff, 0xff, 0xff, 0xff,
    0x10, 0x1f, 0xb0, 0x0, 0x0, 0xfe, 0x0, 0x0,
    0xd, 0xf1, 0x1, 0xfb, 0x2b, 0x20, 0xf, 0xd2,
    0xc3, 0x0, 0xcf, 0x10, 0x1f, 0xb5, 0xff, 0x70,
    0xfd, 0x4e, 0xf9, 0xc, 0xf1, 0x1, 0xfb, 0x2,
    0xcf, 0x6f, 0xd0, 0x1b, 0xf9, 0xcf, 0x10, 0x1f,
    0xb0, 0x0, 0x60, 0xfd, 0x0, 0x6, 0x1c, 0xf1,
    0x1, 0xfb, 0x27, 0x0, 0xf, 0xd3, 0x80, 0x0,
    0xcf, 0x10, 0x1f, 0xba, 0xfc, 0x10, 0xfd, 0x9f,
    0xd3, 0xc, 0xf1, 0x1, 0xfb, 0x8, 0xfe, 0x3f,
    0xd0, 0x6f, 0xf5, 0xcf, 0x10, 0x1f, 0xb0, 0x5,
    0xe2, 0xfd, 0x0, 0x3d, 0x2c, 0xf1, 0x1, 0xfb,
    0x0, 0x0, 0xf, 0xd0, 0x0, 0x0, 0xcf, 0x10,
    0x1f, 0xb0, 0x0, 0x0, 0xfd, 0x0, 0x68, 0x8e,
    0xf0, 0x1, 0xfb, 0x0, 0x0, 0xf, 0xd0, 0x6,
    0xff, 0xf8, 0x0, 0x0, 0x0, 0x0, 0x0, 0x0,
    0x0, 0x1, 0x10, 0x0, 0x0,

    /* U+96EA "雪" */
    0x2, 0x55, 0x55, 0x55, 0x55, 0x55, 0x55, 0x55,
    0x10, 0x6, 0xff, 0xff, 0xff, 0xff, 0xff, 0xff,
    0xff, 0x50, 0x0, 0x22, 0x22, 0x22, 0xff, 0x22,
    0x22, 0x22, 0x0, 0x58, 0x88, 0x88, 0x88, 0xff,
    0x88, 0x88, 0x88, 0x85, 0xaf, 0xff, 0xff, 0xff,
    0xff, 0xff, 0xff, 0xff, 0xfb, 0xaf, 0x10, 0x0,
    0x0, 0xfd, 0x0, 0x0, 0x1, 0xfb, 0xaf, 0x2f,
    0xff, 0xf2, 0xfd, 0x3f, 0xff, 0xf4, 0xfb, 0x9f,
    0x14, 0x44, 0x40, 0xfd, 0x14, 0x44, 0x42, 0xfa,
    0x0, 0x7e, 0xee, 0xe2, 0xfd, 0x3e, 0xee, 0xe8,
    0x0, 0x0, 0x36, 0x66, 0x61, 0xfd, 0x16, 0x66,
    0x64, 0x0, 0x0, 0x0, 0x0, 0x0, 0x0, 0x0,
    0x0, 0x0, 0x0, 0x0, 0xdf, 0xff, 0xff, 0xff,
    0xff, 0xff, 0xfc, 0x0, 0x0, 0x67, 0x77, 0x77,
    0x77, 0x77, 0x77, 0xfc, 0x0, 0x0, 0x26, 0x66,
    0x66, 0x66, 0x66, 0x66, 0xfc, 0x0, 0x0, 0x6f,
    0xff, 0xff, 0xff, 0xff, 0xff, 0xfc, 0x0, 0x0,
    0x1, 0x11, 0x11, 0x11, 0x11, 0x11, 0xfc, 0x0,
    0x1, 0x99, 0x99, 0x99, 0x99, 0x99, 0x99, 0xfc,
    0x0, 0x2, 0xff, 0xff, 0xff, 0xff, 0xff, 0xff,
    0xfc, 0x0, 0x0, 0x0, 0x0, 0x0, 0x0, 0x0,
    0x0, 0xfc, 0x0,

    /* U+96F7 "雷" */
    0x2, 0x55, 0x55, 0x55, 0x55, 0x55, 0x55, 0x55,
    0x10, 0x6, 0xff, 0xff, 0xff, 0xff, 0xff, 0xff,
    0xff, 0x50, 0x0, 0x22, 0x22, 0x22, 0xff, 0x22,
    0x22, 0x22, 0x0, 0x58, 0x88, 0x88, 0x88, 0xff,
    0x88, 0x88, 0x88, 0x85, 0xaf, 0xff, 0xff, 0xff,
    0xff, 0xff, 0xff, 0xff, 0xfa, 0xaf, 0x10, 0x0,
    0x0, 0xfd, 0x0, 0x0, 0x1, 0xfa, 0xaf, 0x2f,
    0xff, 0xf2, 0xfd, 0x4f, 0xff, 0xf2, 0xfa, 0x9e,
    0x14, 0x44, 0x40, 0xfd, 0x14, 0x44, 0x41, 0xe9,
    0x0, 0x7f, 0xff, 0xf3, 0xfd, 0x4f, 0xff, 0xf8,
    0x0, 0x0, 0x25, 0x55, 0x51, 0xfd, 0x15, 0x55,
    0x53, 0x0, 0x0, 0x67, 0x77, 0x77, 0x99, 0x77,
    0x77, 0x76, 0x0, 0x0, 0xef, 0xff, 0xff, 0xff,
    0xff, 0xff, 0xfe, 0x0, 0x0, 0xef, 0x0, 0x0,
    0xfd, 0x0, 0x0, 0xfe, 0x0, 0x0, 0xef, 0x66,
    0x66, 0xff, 0x66, 0x66, 0xfe, 0x0, 0x0, 0xef,
    0xff, 0xff, 0xff, 0xff, 0xff, 0xfe, 0x0, 0x0,
    0xef, 0x0, 0x0, 0xfe, 0x0, 0x0, 0xfe, 0x0,
    0x0, 0xef, 0xaa, 0xaa, 0xff, 0xaa, 0xaa, 0xfe,
    0x0, 0x0, 0xef, 0xcc, 0xcc, 0xee, 0xcc, 0xcc,
    0xfe, 0x0, 0x0, 0xef, 0x0, 0x0, 0x0, 0x0,
    0x0, 0xfe, 0x0, 0x0, 0x22, 0x0, 0x0, 0x0,
    0x0, 0x0, 0x0, 0x0,

    /* U+96FE "雾" */
    0x0, 0x24, 0x44, 0x44, 0x44, 0x44, 0x44, 0x44,
    0x42, 0x0, 0x0, 0x8f, 0xff, 0xff, 0xff, 0xff,
    0xff, 0xff, 0xf8, 0x0, 0x1, 0x33, 0x33, 0x33,
    0x3f, 0xf3, 0x33, 0x33, 0x33, 0x20, 0xa, 0xff,
    0xff, 0xff, 0xff, 0xff, 0xff, 0xff, 0xff, 0xb0,
    0xa, 0xf1, 0x77, 0x77, 0xf, 0xe1, 0x66, 0x66,
    0x1f, 0xb0, 0xa, 0xf1, 0x66, 0x66, 0xf, 0xe1,
    0x77, 0x77, 0x1f, 0xb0, 0x6, 0xa2, 0xff, 0xff,
    0xf, 0xe3, 0xee, 0xee, 0x2b, 0x70, 0x0, 0x0,
    0x0, 0x42, 0xd, 0xd0, 0x22, 0x22, 0x0, 0x0,
    0x0, 0x0, 0xb, 0xfd, 0x55, 0x55, 0x55, 0x56,
    0x40, 0x0, 0x0, 0x17, 0xef, 0xfe, 0xee, 0xee,
    0xee, 0xff, 0xf1, 0x0, 0x1, 0xee, 0xbe, 0xd8,
    0x30, 0x15, 0x9e, 0xe7, 0x0, 0x0, 0x0, 0x32,
    0x35, 0xcf, 0xff, 0xff, 0xfd, 0x76, 0x55, 0x42,
    0x1f, 0xff, 0xff, 0xfc, 0xaa, 0xa8, 0xac, 0xde,
    0xff, 0xf1, 0x5, 0x54, 0x31, 0x0, 0x6f, 0x80,
    0x0, 0x0, 0x0, 0x0, 0x0, 0x5f, 0xff, 0xff,
    0xff, 0xff, 0xff, 0xff, 0xc0, 0x0, 0x0, 0x26,
    0x66, 0x6b, 0xff, 0x66, 0x66, 0x8f, 0xb0, 0x0,
    0x0, 0x0, 0x0, 0x7f, 0xe1, 0x0, 0x0, 0x4f,
    0x80, 0x0, 0x0, 0x36, 0xae, 0xfa, 0x10, 0x3,
    0x76, 0xbf, 0x50, 0x0, 0x0, 0xaf, 0xd8, 0x20,
    0x0, 0x2, 0xff, 0xfa, 0x0, 0x0, 0x0, 0x1,
    0x0, 0x0, 0x0, 0x0, 0x0, 0x0, 0x0, 0x0,

    /* U+9752 "青" */
    0x0, 0x0, 0x0, 0x0, 0xb9, 0x0, 0x0, 0x0,
    0x0, 0x4, 0x88, 0x88, 0x88, 0xff, 0x88, 0x88,
    0x88, 0x60, 0x8, 0xff, 0xff, 0xff, 0xff, 0xff,
    0xff, 0xff, 0xc0, 0x0, 0x11, 0x11, 0x11, 0xff,
    0x11, 0x11, 0x11, 0x0, 0x0, 0xdf, 0xff, 0xff,
    0xff, 0xff, 0xff, 0xff, 0x0, 0x0, 0x44, 0x44,
    0x45, 0xff, 0x44, 0x44, 0x44, 0x0, 0x33, 0x33,
    0x33, 0x34, 0xff, 0x33, 0x33, 0x33, 0x33, 0xdf,
    0xff, 0xff, 0xff, 0xff, 0xff, 0xff, 0xff, 0xfd,
    0x23, 0x33, 0x33, 0x33, 0x33, 0x33, 0x33, 0x33,
    0x32, 0x0, 0x2f, 0xff, 0xff, 0xff, 0xff, 0xff,
    0xf4, 0x0, 0x0, 0x2f, 0xd7, 0x77, 0x77, 0x77,
    0x7f, 0xf4, 0x0, 0x0, 0x2f, 0xf5, 0x55, 0x55,
    0x55, 0x5e, 0xf4, 0x0, 0x0, 0x2f, 0xff, 0xff,
    0xff, 0xff, 0xff, 0xf4, 0x0, 0x0, 0x2f, 0xb0,
    0x0, 0x0, 0x0, 0xa, 0xf4, 0x0, 0x0, 0x2f,
    0xff, 0xff, 0xff, 0xff, 0xff, 0xf4, 0x0, 0x0,
    0x2f, 0xf5, 0x55, 0x55, 0x55, 0x5f, 0xf4, 0x0,
    0x0, 0x2f, 0xb0, 0x0, 0x0, 0x0, 0xa, 0xf4,
    0x0, 0x0, 0x2f, 0xb0, 0x0, 0x0, 0x59, 0x9e,
    0xf3, 0x0, 0x0, 0x2f, 0xb0, 0x0, 0x0, 0x4e,
    0xed, 0x80, 0x0,

    /* U+9759 "静" */
    0x0, 0x0, 0x5e, 0x40, 0x0, 0x0, 0xb9, 0x0,
    0x0, 0x0, 0x2, 0x22, 0x9f, 0x72, 0x21, 0x5,
    0xf9, 0x0, 0x0, 0x0, 0xe, 0xff, 0xff, 0xff,
    0xf7, 0xe, 0xff, 0xff, 0xc0, 0x0, 0x2, 0x33,
    0xaf, 0x83, 0x31, 0x8f, 0xf7, 0x9f, 0xb0, 0x0,
    0x6, 0xcc, 0xff, 0xfc, 0xc6, 0xfd, 0x0, 0xaf,
    0x20, 0x0, 0x4, 0x88, 0xef, 0xd8, 0x87, 0xfb,
    0x9e, 0xff, 0x99, 0x10, 0x2a, 0xaa, 0xff, 0xfa,
    0xa7, 0x6c, 0xdf, 0xfc, 0xef, 0x30, 0x3c, 0xcc,
    0xde, 0xdc, 0xc8, 0x0, 0x1f, 0xb0, 0x7f, 0x30,
    0x0, 0x0, 0x0, 0x0, 0x0, 0x0, 0x1f, 0xc0,
    0x8f, 0x40, 0x0, 0xef, 0xff, 0xff, 0xe6, 0xff,
    0xff, 0xff, 0xff, 0xf6, 0x0, 0xfd, 0x77, 0x7f,
    0xe3, 0x88, 0x9f, 0xf8, 0xff, 0xc3, 0x0, 0xff,
    0x55, 0x5f, 0xe0, 0x0, 0x1f, 0xb0, 0x7f, 0x30,
    0x0, 0xff, 0xff, 0xff, 0xe0, 0x47, 0x8f, 0xf7,
    0xff, 0x30, 0x0, 0xfb, 0x0, 0xc, 0xe0, 0x8f,
    0xff, 0xff, 0xff, 0x30, 0x0, 0xff, 0xff, 0xff,
    0xe0, 0x0, 0x1f, 0xb0, 0x5b, 0x20, 0x0, 0xff,
    0x44, 0x4f, 0xe0, 0x0, 0x1f, 0xb0, 0x0, 0x0,
    0x0, 0xfb, 0x0, 0xc, 0xe0, 0x0, 0x1f, 0xb0,
    0x0, 0x0, 0x0, 0xfb, 0x5, 0x8e, 0xd0, 0x4b,
    0xcf, 0xa0, 0x0, 0x0, 0x0, 0xfb, 0x5, 0xfe,
    0x60, 0x1f, 0xfb, 0x30, 0x0, 0x0,

    /* U+97F3 "音" */
    0x0, 0x0, 0x0, 0x3, 0xca, 0x0, 0x0, 0x0,
    0x0, 0x0, 0x0, 0x0, 0x1, 0xff, 0x30, 0x0,
    0x0, 0x0, 0xd, 0xff, 0xff, 0xff, 0xff, 0xff,
    0xff, 0xff, 0xf0, 0x8, 0xaa, 0xcd, 0xaa, 0xaa,
    0xaa, 0xed, 0xaa, 0xa0, 0x0, 0x0, 0xef, 0x20,
    0x0, 0x0, 0xef, 0x40, 0x0, 0x0, 0x0, 0x8f,
    0x90, 0x0, 0x5, 0xfc, 0x0, 0x0, 0x9a, 0xaa,
    0xdf, 0xfa, 0xaa, 0xaf, 0xfd, 0xaa, 0xaa, 0xff,
    0xff, 0xff, 0xff, 0xff, 0xff, 0xff, 0xff, 0xff,
    0x0, 0x0, 0x0, 0x0, 0x0, 0x0, 0x0, 0x0,
    0x0, 0x0, 0x1, 0x11, 0x11, 0x11, 0x11, 0x11,
    0x10, 0x0, 0x0, 0x4f, 0xff, 0xff, 0xff, 0xff,
    0xff, 0xf8, 0x0, 0x0, 0x4f, 0xc8, 0x88, 0x88,
    0x88, 0x8b, 0xf8, 0x0, 0x0, 0x4f, 0x90, 0x0,
    0x0, 0x0, 0x7, 0xf8, 0x0, 0x0, 0x4f, 0xff,
    0xff, 0xff, 0xff, 0xff, 0xf8, 0x0, 0x0, 0x4f,
    0xf8, 0x88, 0x88, 0x88, 0x8f, 0xf8, 0x0, 0x0,
    0x4f, 0x90, 0x0, 0x0, 0x0, 0x7, 0xf8, 0x0,
    0x0, 0x4f, 0xf9, 0x99, 0x99, 0x99, 0x9f, 0xf8,
    0x0, 0x0, 0x4f, 0xff, 0xff, 0xff, 0xff, 0xff,
    0xf8, 0x0, 0x0, 0x4f, 0x90, 0x0, 0x0, 0x0,
    0x7, 0xf8, 0x0, 0x0, 0x0, 0x0, 0x0, 0x0,
    0x0, 0x0, 0x0, 0x0,

    /* U+9875 "页" */
    0x5d, 0xdd, 0xdd, 0xdd, 0xdd, 0xdd, 0xdd, 0xdd,
    0xdb, 0x6f, 0xff, 0xff, 0xff, 0xff, 0xff, 0xff,
    0xff, 0xfe, 0x0, 0x0, 0x0, 0x6, 0xfb, 0x0,
    0x0, 0x0, 0x0, 0x0, 0x0, 0x0, 0xb, 0xf3,
    0x0, 0x0, 0x0, 0x0, 0x0, 0x9f, 0xff, 0xff,
    0xff, 0xff, 0xff, 0xff, 0x20, 0x0, 0x9f, 0xdc,
    0xcc, 0xcc, 0xcc, 0xcc, 0xff, 0x30, 0x0, 0x9f,
    0x50, 0x0, 0x12, 0x0, 0x0, 0xdf, 0x30, 0x0,
    0x9f, 0x50, 0x0, 0xcf, 0x30, 0x0, 0xdf, 0x30,
    0x0, 0x9f, 0x50, 0x0, 0xcf, 0x30, 0x0, 0xdf,
    0x30, 0x0, 0x9f, 0x50, 0x0, 0xcf, 0x30, 0x0,
    0xdf, 0x30, 0x0, 0x9f, 0x50, 0x0, 0xcf, 0x20,
    0x0, 0xdf, 0x30, 0x0, 0x9f, 0x50, 0x0, 0xef,
    0x10, 0x0, 0xdf, 0x30, 0x0, 0x9f, 0x50, 0x4,
    0xfd, 0x2, 0x0, 0xdf, 0x30, 0x0, 0x35, 0x10,
    0x3e, 0xf6, 0xaf, 0xb3, 0x45, 0x0, 0x0, 0x0,
    0x19, 0xff, 0x90, 0x2a, 0xff, 0xc3, 0x0, 0x2,
    0x6b, 0xff, 0xe6, 0x0, 0x0, 0x2b, 0xff, 0xb1,
    0x8f, 0xff, 0xc6, 0x0, 0x0, 0x0, 0x0, 0x4d,
    0xfb, 0x9, 0x61, 0x0, 0x0, 0x0, 0x0, 0x0,
    0x0, 0x71,

    /* U+9876 "顶" */
    0x0, 0x0, 0x0, 0x0, 0x24, 0x44, 0x44, 0x44,
    0x44, 0x40, 0x2c, 0xcc, 0xcc, 0xcc, 0xcf, 0xff,
    0xff, 0xff, 0xff, 0xf1, 0x3f, 0xff, 0xff, 0xff,
    0x76, 0x66, 0xef, 0xd6, 0x66, 0x60, 0x0, 0x1,
    0xfc, 0x0, 0x0, 0x0, 0xcf, 0x20, 0x0, 0x0,
    0x0, 0x1, 0xfc, 0x0, 0x9, 0xbc, 0xff, 0xbb,
    0xbb, 0x30, 0x0, 0x1, 0xfc, 0x0, 0xd, 0xff,
    0xff, 0xff, 0xff, 0x50, 0x0, 0x1, 0xfc, 0x0,
    0xd, 0xf0, 0x0, 0x0, 0x8f, 0x50, 0x0, 0x1,
    0xfc, 0x0, 0xd, 0xf0, 0x2d, 0x80, 0x8f, 0x50,
    0x0, 0x1, 0xfc, 0x0, 0xd, 0xf0, 0x3f, 0xa0,
    0x8f, 0x50, 0x0, 0x1, 0xfc, 0x0, 0xd, 0xf0,
    0x3f, 0xa0, 0x8f, 0x50, 0x0, 0x1, 0xfc, 0x0,
    0xd, 0xf0, 0x3f, 0xa0, 0x8f, 0x50, 0x0, 0x1,
    0xfc, 0x0, 0xd, 0xf0, 0x3f, 0x90, 0x8f, 0x50,
    0x0, 0x1, 0xfc, 0x0, 0xd, 0xf0, 0x5f, 0x80,
    0x8f, 0x50, 0x0, 0x1, 0xfc, 0x0, 0xa, 0xc0,
    0x9f, 0x40, 0x6c, 0x30, 0x0, 0x1, 0xfc, 0x0,
    0x0, 0x2, 0xfd, 0x6a, 0x10, 0x0, 0x0, 0x1,
    0xfc, 0x0, 0x0, 0x2d, 0xf4, 0xbf, 0xe3, 0x0,
    0xb, 0xde, 0xfb, 0x0, 0x28, 0xff, 0x50, 0x8,
    0xff, 0x50, 0x8, 0xff, 0xc3, 0x0, 0xdf, 0xc3,
    0x0, 0x0, 0x5f, 0xe0, 0x0, 0x0, 0x0, 0x0,
    0x45, 0x0, 0x0, 0x0, 0x4, 0x20,

    /* U+9879 "项" */
    0x0, 0x0, 0x0, 0x0, 0x0, 0x0, 0x0, 0x0,
    0x0, 0x0, 0x0, 0x0, 0x0, 0x7, 0xff, 0xff,
    0xff, 0xff, 0xff, 0xf1, 0x2a, 0xaa, 0xaa, 0xa7,
    0xaa, 0xac, 0xff, 0xca, 0xaa, 0xa0, 0x3f, 0xff,
    0xff, 0xf4, 0x0, 0x7, 0xfa, 0x0, 0x0, 0x0,
    0x1, 0x1d, 0xf2, 0x10, 0x8a, 0xaf, 0xfc, 0xaa,
    0xa9, 0x0, 0x0, 0xc, 0xf1, 0x0, 0xdf, 0xff,
    0xff, 0xff, 0xfe, 0x0, 0x0, 0xc, 0xf1, 0x0,
    0xdf, 0x0, 0x0, 0x0, 0xfe, 0x0, 0x0, 0xc,
    0xf1, 0x0, 0xdf, 0x0, 0xef, 0x0, 0xfe, 0x0,
    0x0, 0xc, 0xf1, 0x0, 0xdf, 0x0, 0xef, 0x0,
    0xfe, 0x0, 0x0, 0xc, 0xf1, 0x0, 0xdf, 0x0,
    0xef, 0x0, 0xfe, 0x0, 0x0, 0xc, 0xf1, 0x0,
    0xdf, 0x0, 0xef, 0x0, 0xfe, 0x0, 0x0, 0xc,
    0xf8, 0xb5, 0xdf, 0x0, 0xff, 0x0, 0xfe, 0x0,
    0x15, 0x9f, 0xff, 0xf5, 0xdf, 0x1, 0xfd, 0x0,
    0xfe, 0x0, 0x6f, 0xff, 0xb5, 0x0, 0xac, 0x6,
    0xf9, 0x0, 0xba, 0x0, 0x2b, 0x61, 0x0, 0x0,
    0x0, 0x2e, 0xf3, 0x98, 0x0, 0x0, 0x0, 0x0,
    0x0, 0x0, 0x4, 0xef, 0x71, 0xcf, 0xd3, 0x0,
    0x0, 0x0, 0x0, 0x5, 0xcf, 0xf6, 0x0, 0x7,
    0xff, 0x60, 0x0, 0x0, 0x0, 0x7f, 0xfa, 0x20,
    0x0, 0x0, 0x3e, 0xd0, 0x0, 0x0, 0x0, 0x6,
    0x10, 0x0, 0x0, 0x0, 0x2, 0x10,

    /* U+987A "顺" */
    0x0, 0x20, 0x0, 0x3, 0x20, 0x0, 0x0, 0x0,
    0x0, 0x0, 0x6, 0xf2, 0x0, 0xe, 0xb6, 0xff,
    0xff, 0xff, 0xff, 0xf5, 0x6, 0xf2, 0x5a, 0xe,
    0xb3, 0x99, 0x9f, 0xfc, 0x99, 0x93, 0x6, 0xf2,
    0x8e, 0xe, 0xb0, 0x0, 0xf, 0xd0, 0x0, 0x0,
    0x6, 0xf2, 0x8e, 0xe, 0xb0, 0x9a, 0xff, 0xfa,
    0xaa, 0x60, 0x6, 0xf2, 0x8e, 0xe, 0xb0, 0xef,
    0xff, 0xff, 0xff, 0xa0, 0x6, 0xf2, 0x8e, 0xe,
    0xb0, 0xec, 0x11, 0x11, 0x2f, 0xa0, 0x6, 0xf2,
    0x8e, 0xe, 0xb0, 0xec, 0x6, 0x90, 0x1f, 0xa0,
    0x6, 0xf2, 0x8e, 0xe, 0xb0, 0xec, 0xa, 0xf1,
    0x1f, 0xa0, 0x6, 0xf2, 0x8e, 0xe, 0xb0, 0xec,
    0xa, 0xf1, 0x1f, 0xa0, 0x7, 0xf2, 0x8e, 0xe,
    0xb0, 0xec, 0xa, 0xf1, 0x1f, 0xa0, 0x8, 0xf1,
    0x8e, 0xe, 0xb0, 0xec, 0xa, 0xf0, 0x1f, 0xa0,
    0x9, 0xf1, 0x8e, 0xe, 0xb0, 0xec, 0xc, 0xf0,
    0x1f, 0xa0, 0x9, 0xf0, 0x8e, 0xe, 0xb0, 0xec,
    0xf, 0xd0, 0x1f, 0xa0, 0xc, 0xd0, 0x8e, 0xe,
    0xb0, 0x0, 0x6f, 0xfd, 0x20, 0x0, 0xe, 0xb0,
    0x7c, 0xe, 0xb0, 0x2, 0xff, 0x7f, 0xf4, 0x0,
    0x3f, 0x80, 0x0, 0xe, 0xb0, 0x5e, 0xf5, 0x4,
    0xff, 0x50, 0x6f, 0x30, 0x0, 0xe, 0xbb, 0xfe,
    0x50, 0x0, 0x3e, 0xf1, 0x5, 0x0, 0x0, 0x1,
    0x13, 0x81, 0x0, 0x0, 0x3, 0x30,

    /* U+987B "须" */
    0x0, 0x0, 0x6, 0x10, 0x0, 0x0, 0x0, 0x0,
    0x0, 0x0, 0x0, 0x0, 0x8f, 0xb6, 0xff, 0xff,
    0xff, 0xff, 0xff, 0xe0, 0x0, 0x9, 0xfd, 0x14,
    0xbb, 0xbb, 0xff, 0xeb, 0xbb, 0xa0, 0x2, 0xcf,
    0xd1, 0x0, 0x0, 0x3, 0xfd, 0x0, 0x0, 0x0,
    0x8, 0xfb, 0x10, 0x0, 0x5b, 0xbf, 0xff, 0xbb,
    0xbb, 0x0, 0x0, 0x40, 0x1, 0x0, 0x7f, 0xff,
    0xff, 0xff, 0xff, 0x10, 0x0, 0x0, 0xc, 0xe3,
    0x7f, 0x70, 0x0, 0x0, 0xef, 0x10, 0x0, 0x1,
    0xcf, 0x90, 0x7f, 0x60, 0x6b, 0x30, 0xef, 0x10,
    0x0, 0x2d, 0xfa, 0x0, 0x7f, 0x60, 0xaf, 0x40,
    0xef, 0x10, 0x7, 0xff, 0x80, 0x0, 0x7f, 0x60,
    0xaf, 0x40, 0xef, 0x10, 0x4, 0xe5, 0x0, 0x0,
    0x7f, 0x60, 0xaf, 0x40, 0xef, 0x10, 0x0, 0x0,
    0x1, 0x93, 0x7f, 0x60, 0xaf, 0x30, 0xef, 0x10,
    0x0, 0x0, 0xa, 0xf8, 0x7f, 0x60, 0xcf, 0x10,
    0xef, 0x10, 0x0, 0x0, 0x7f, 0xd0, 0x7e, 0x61,
    0xfe, 0x0, 0xcd, 0x0, 0x0, 0x8, 0xfe, 0x20,
    0x0, 0x9, 0xf7, 0xa9, 0x0, 0x0, 0x1, 0xaf,
    0xe3, 0x0, 0x0, 0x8f, 0xc1, 0xcf, 0xe4, 0x0,
    0x1e, 0xfd, 0x30, 0x0, 0x5d, 0xfc, 0x10, 0x6,
    0xff, 0x90, 0x4, 0x90, 0x0, 0xb, 0xff, 0x70,
    0x0, 0x0, 0x2d, 0xf2, 0x0, 0x0, 0x0, 0x1,
    0x71, 0x0, 0x0, 0x0, 0x0, 0x50,

    /* U+9898 "题" */
    0x0, 0x11, 0x11, 0x11, 0x10, 0x0, 0x0, 0x0,
    0x0, 0x0, 0x0, 0xff, 0xff, 0xff, 0xf5, 0xff,
    0xff, 0xff, 0xff, 0xf3, 0x0, 0xfc, 0x33, 0x3a,
    0xf4, 0x88, 0x8e, 0xff, 0x88, 0x81, 0x0, 0xfc,
    0x55, 0x5a, 0xf4, 0x0, 0xa, 0xf1, 0x0, 0x0,
    0x0, 0xff, 0xff, 0xff, 0xf4, 0x19, 0x9f, 0xf9,
    0x99, 0x30, 0x0, 0xfb, 0x0, 0x8, 0xf4, 0x1f,
    0xca, 0xaa, 0xcf, 0x50, 0x0, 0xff, 0xff, 0xff,
    0xf4, 0x1f, 0x60, 0x0, 0x4f, 0x50, 0x0, 0x55,
    0x55, 0x55, 0x51, 0x1f, 0x61, 0xc5, 0x4f, 0x50,
    0x5, 0x66, 0x66, 0x66, 0x66, 0x3f, 0x62, 0xf6,
    0x4f, 0x50, 0xd, 0xff, 0xff, 0xff, 0xff, 0x5f,
    0x63, 0xf5, 0x4f, 0x50, 0x0, 0x0, 0xe, 0xa0,
    0x0, 0x1f, 0x65, 0xf4, 0x4f, 0x50, 0x0, 0xdc,
    0xe, 0xa0, 0x0, 0x1f, 0x67, 0xf1, 0x4f, 0x50,
    0x0, 0xdb, 0xf, 0xff, 0xfc, 0x1a, 0x4c, 0xe4,
    0x38, 0x30, 0x0, 0xff, 0xf, 0xf7, 0x75, 0x0,
    0x5f, 0xaf, 0xd2, 0x0, 0x0, 0xff, 0x2e, 0xa0,
    0x0, 0x6, 0xfe, 0x15, 0xfe, 0x20, 0x3, 0xff,
    0xcf, 0xa0, 0x4, 0xdf, 0xe3, 0x0, 0x4f, 0xe0,
    0x6, 0xf4, 0xff, 0xf0, 0x1, 0xe9, 0x10, 0x0,
    0x5, 0x80, 0xc, 0xc0, 0x3e, 0xfe, 0xba, 0x98,
    0x88, 0x88, 0x88, 0x82, 0x1e, 0x50, 0x0, 0x5a,
    0xde, 0xff, 0xff, 0xff, 0xff, 0xe0, 0x1, 0x0,
    0x0, 0x0, 0x0, 0x0, 0x0, 0x0, 0x0, 0x0,

    /* U+98CE "风" */
    0x0, 0x0, 0x10, 0x0, 0x0, 0x0, 0x0, 0x1,
    0x0, 0x0, 0x0, 0xf, 0xff, 0xff, 0xff, 0xff,
    0xff, 0xff, 0xd0, 0x0, 0x0, 0xf, 0xfc, 0xcc,
    0xcc, 0xcc, 0xcc, 0xdf, 0xd0, 0x0, 0x0, 0xf,
    0xf0, 0x0, 0x0, 0x0, 0x0, 0xf, 0xd0, 0x0,
    0x0, 0xf, 0xf0, 0x0, 0x0, 0x1, 0xb5, 0xf,
    0xd0, 0x0, 0x0, 0xf, 0xf1, 0xba, 0x0, 0x7,
    0xf5, 0xf, 0xd0, 0x0, 0x0, 0xf, 0xf0, 0xcf,
    0x70, 0xd, 0xf0, 0xf, 0xd0, 0x0, 0x0, 0xf,
    0xf0, 0x1e, 0xf4, 0x4f, 0x90, 0xf, 0xd0, 0x0,
    0x0, 0xf, 0xf0, 0x4, 0xfe, 0xef, 0x30, 0xf,
    0xd0, 0x0, 0x0, 0xf, 0xe0, 0x0, 0x8f, 0xfb,
    0x0, 0xf, 0xd0, 0x0, 0x0, 0x1f, 0xd0, 0x0,
    0x1f, 0xfa, 0x0, 0xf, 0xd0, 0x0, 0x0, 0x3f,
    0xb0, 0x0, 0x9f, 0xff, 0x30, 0xe, 0xe0, 0x0,
    0x0, 0x5f, 0x90, 0x5, 0xfe, 0x8f, 0xd0, 0xd,
    0xe0, 0x0, 0x0, 0x8f, 0x70, 0x3f, 0xf4, 0xc,
    0xf8, 0xc, 0xf0, 0x0, 0x0, 0xcf, 0x33, 0xef,
    0x90, 0x3, 0xff, 0x2b, 0xf1, 0x60, 0x1, 0xff,
    0xd, 0xfb, 0x0, 0x0, 0x9f, 0x69, 0xf3, 0xa8,
    0x7, 0xfa, 0x2, 0x90, 0x0, 0x0, 0x13, 0x5,
    0xf8, 0xc8, 0x1e, 0xf3, 0x0, 0x0, 0x0, 0x0,
    0x0, 0x1, 0xff, 0xf5, 0x9, 0xb0, 0x0, 0x0,
    0x0, 0x0, 0x0, 0x0, 0x5e, 0xc0, 0x0, 0x0,
    0x0, 0x0, 0x0, 0x0, 0x0, 0x0, 0x0, 0x0,

    /* U+9970 "饰" */
    0x0, 0x3c, 0x50, 0x0, 0x0, 0xab, 0x10, 0x0,
    0x0, 0x0, 0x0, 0x7f, 0x40, 0x0, 0x0, 0xfe,
    0x0, 0x0, 0x0, 0x0, 0x0, 0xaf, 0x10, 0x0,
    0x6, 0xff, 0x77, 0x77, 0x77, 0x71, 0x0, 0xff,
    0xff, 0xfe, 0x1d, 0xff, 0xff, 0xff, 0xff, 0xf3,
    0x2, 0xff, 0xaa, 0xfc, 0x6f, 0xd5, 0x8f, 0xf5,
    0x55, 0x51, 0x7, 0xf4, 0x1, 0xf9, 0xff, 0x20,
    0x3f, 0xb0, 0x0, 0x0, 0xe, 0xe0, 0x7, 0xf2,
    0x45, 0x0, 0x3f, 0xb0, 0x0, 0x0, 0x5f, 0x7a,
    0xd1, 0x50, 0x6a, 0xaa, 0xdf, 0xfa, 0xaf, 0x80,
    0x6, 0xc, 0xf0, 0x0, 0xaf, 0xff, 0xff, 0xff,
    0xff, 0xc0, 0x0, 0xc, 0xf0, 0x0, 0xaf, 0x20,
    0x3f, 0xc0, 0xf, 0xc0, 0x0, 0xc, 0xf0, 0x0,
    0xaf, 0x20, 0x3f, 0xb0, 0xf, 0xc0, 0x0, 0xc,
    0xf0, 0x0, 0xaf, 0x20, 0x3f, 0xb0, 0xf, 0xc0,
    0x0, 0xc, 0xf0, 0x0, 0xaf, 0x20, 0x3f, 0xb0,
    0xf, 0xc0, 0x0, 0xc, 0xf0, 0x21, 0xaf, 0x20,
    0x3f, 0xb0, 0xf, 0xc0, 0x0, 0xc, 0xf6, 0xf7,
    0xaf, 0x20, 0x3f, 0xb7, 0xcf, 0xb0, 0x0, 0xd,
    0xff, 0xe2, 0xaf, 0x20, 0x3f, 0xb5, 0xfd, 0x40,
    0x0, 0xf, 0xfc, 0x10, 0x0, 0x0, 0x3f, 0xb0,
    0x0, 0x0, 0x0, 0x6f, 0xd0, 0x0, 0x0, 0x0,
    0x3f, 0xb0, 0x0, 0x0, 0x0, 0xc, 0x0, 0x0,
    0x0, 0x0, 0x3f, 0xb0, 0x0, 0x0,

    /* U+9988 "馈" */
    0x0, 0x38, 0x20, 0x0, 0x0, 0x0, 0x89, 0x0,
    0x0, 0x0, 0x0, 0x7f, 0x40, 0x0, 0x35, 0x55,
    0xff, 0x55, 0x55, 0x0, 0x0, 0xaf, 0x10, 0x0,
    0xaf, 0xee, 0xff, 0xee, 0xfe, 0x0, 0x0, 0xff,
    0xcc, 0xf8, 0xae, 0x0, 0xce, 0x0, 0xce, 0x0,
    0x3, 0xff, 0xae, 0xf7, 0xaf, 0xff, 0xff, 0xff,
    0xfe, 0x0, 0x8, 0xf3, 0x9, 0xf2, 0x35, 0x55,
    0xff, 0x55, 0x54, 0x0, 0xe, 0xe0, 0xe, 0xb5,
    0x88, 0x88, 0xff, 0x88, 0x88, 0x81, 0x7f, 0x79,
    0x86, 0x2a, 0xff, 0xff, 0xff, 0xff, 0xff, 0xf3,
    0xa, 0x1e, 0xc0, 0x0, 0x0, 0x0, 0x0, 0x0,
    0x0, 0x0, 0x0, 0xe, 0xc0, 0x0, 0xcf, 0xff,
    0xff, 0xff, 0xfc, 0x0, 0x0, 0xe, 0xc0, 0x0,
    0xcf, 0x77, 0x77, 0x77, 0xfc, 0x0, 0x0, 0xe,
    0xc0, 0x0, 0xcf, 0x0, 0xa9, 0x0, 0xfc, 0x0,
    0x0, 0xe, 0xc0, 0x0, 0xcf, 0x0, 0xed, 0x0,
    0xfc, 0x0, 0x0, 0xe, 0xc0, 0x20, 0xcf, 0x0,
    0xfc, 0x0, 0xfc, 0x0, 0x0, 0xe, 0xc8, 0xf0,
    0xcf, 0x3, 0xfa, 0x0, 0xfc, 0x0, 0x0, 0xf,
    0xff, 0xa0, 0x33, 0x1d, 0xf5, 0xa5, 0x43, 0x0,
    0x0, 0x7f, 0xf6, 0x0, 0x18, 0xef, 0x83, 0xdf,
    0xd5, 0x0, 0x0, 0xff, 0x30, 0xb, 0xff, 0xd5,
    0x0, 0x5, 0xdf, 0x80, 0x0, 0x52, 0x0, 0x4,
    0x94, 0x0, 0x0, 0x0, 0x7, 0x10,

    /* U+9AD8 "高" */
    0x0, 0x0, 0x0, 0x3, 0xca, 0x0, 0x0, 0x0,
    0x0, 0x0, 0x0, 0x0, 0x1, 0xff, 0x10, 0x0,
    0x0, 0x0, 0xde, 0xee, 0xee, 0xee, 0xff, 0xfe,
    0xee, 0xee, 0xea, 0xab, 0xbb, 0xbb, 0xbb, 0xcb,
    0xbb, 0xbb, 0xbb, 0xb8, 0x0, 0x4, 0x44, 0x44,
    0x44, 0x44, 0x44, 0x40, 0x0, 0x0, 0xf, 0xff,
    0xff, 0xff, 0xff, 0xff, 0xf2, 0x0, 0x0, 0xf,
    0xe0, 0x0, 0x0, 0x0, 0xd, 0xf2, 0x0, 0x0,
    0xf, 0xf6, 0x66, 0x66, 0x66, 0x6e, 0xf2, 0x0,
    0x0, 0xf, 0xff, 0xff, 0xff, 0xff, 0xff, 0xf2,
    0x0, 0x0, 0x0, 0x0, 0x0, 0x0, 0x0, 0x0,
    0x1, 0x10, 0x4f, 0xff, 0xff, 0xff, 0xff, 0xff,
    0xff, 0xff, 0xf3, 0x4f, 0xc8, 0x88, 0x88, 0x88,
    0x88, 0x88, 0x8f, 0xf3, 0x4f, 0x90, 0x29, 0x86,
    0x66, 0x66, 0x61, 0xb, 0xf3, 0x4f, 0x90, 0x7f,
    0xff, 0xff, 0xff, 0xf3, 0xb, 0xf3, 0x4f, 0x90,
    0x7f, 0x50, 0x0, 0x8, 0xf3, 0xb, 0xf3, 0x4f,
    0x90, 0x7f, 0xfe, 0xee, 0xef, 0xf3, 0xb, 0xf3,
    0x4f, 0x90, 0x7f, 0xc6, 0x66, 0x66, 0x61, 0xb,
    0xf3, 0x4f, 0x90, 0x25, 0x10, 0x0, 0x0, 0x5,
    0x5d, 0xf3, 0x4f, 0x90, 0x0, 0x0, 0x0, 0x0,
    0xb, 0xff, 0xa0, 0x0, 0x0, 0x0, 0x0, 0x0,
    0x0, 0x0, 0x0, 0x0,

    /* U+9EA6 "麦" */
    0x0, 0x0, 0x0, 0x0, 0x0, 0x0, 0x0, 0x0,
    0x0, 0x0, 0x0, 0x0, 0x0, 0x0, 0xf, 0xe0,
    0x0, 0x0, 0x0, 0x0, 0x0, 0x88, 0x88, 0x88,
    0x8f, 0xf8, 0x88, 0x88, 0x88, 0x0, 0x0, 0xff,
    0xff, 0xff, 0xff, 0xff, 0xff, 0xff, 0xff, 0x10,
    0x0, 0x0, 0x0, 0x0, 0xf, 0xe0, 0x0, 0x0,
    0x0, 0x0, 0x0, 0x6, 0x77, 0x77, 0x7f, 0xf7,
    0x77, 0x77, 0x70, 0x0, 0x0, 0xd, 0xff, 0xff,
    0xff, 0xff, 0xff, 0xff, 0xf0, 0x0, 0x0, 0x0,
    0x0, 0x0, 0xf, 0xe0, 0x0, 0x0, 0x0, 0x0,
    0xc, 0xcc, 0xcc, 0xcc, 0xcf, 0xfc, 0xcc, 0xcc,
    0xcc, 0xc0, 0xc, 0xcc, 0xcc, 0xdf, 0xff, 0xfc,
    0xcc, 0xcc, 0xcc, 0xc0, 0x0, 0x0, 0x0, 0xbf,
    0xa0, 0x0, 0x0, 0x0, 0x0, 0x0, 0x0, 0x0,
    0x1c, 0xff, 0x99, 0x99, 0x99, 0xd6, 0x0, 0x0,
    0x0, 0x5, 0xef, 0xff, 0xff, 0xff, 0xff, 0xfe,
    0x10, 0x0, 0x3, 0xbf, 0xff, 0xf7, 0x0, 0x0,
    0x3e, 0xf4, 0x0, 0x0, 0x7, 0xfb, 0x20, 0xdf,
    0x90, 0x6, 0xff, 0x60, 0x0, 0x0, 0x0, 0x20,
    0x0, 0x1c, 0xff, 0xff, 0xe4, 0x0, 0x0, 0x0,
    0x0, 0x0, 0x0, 0x17, 0xff, 0xff, 0x92, 0x0,
    0x0, 0x0, 0x0, 0x35, 0x9d, 0xff, 0xfc, 0xdf,
    0xff, 0xea, 0x75, 0x30, 0xb, 0xff, 0xff, 0xb6,
    0x10, 0x1, 0x6b, 0xff, 0xff, 0xe1, 0x3, 0x95,
    0x20, 0x0, 0x0, 0x0, 0x0, 0x3, 0x58, 0x40,

    /* U+9EC4 "黄" */
    0x0, 0x0, 0xb, 0x90, 0x0, 0x9, 0xb0, 0x0,
    0x0, 0x0, 0x0, 0x2f, 0xe0, 0x0, 0xe, 0xf2,
    0x0, 0x0, 0x8, 0xff, 0xff, 0xff, 0xff, 0xff,
    0xff, 0xff, 0x90, 0x5, 0xaa, 0xbf, 0xfa, 0xaa,
    0xaf, 0xfb, 0xaa, 0x50, 0x0, 0x0, 0x1f, 0xd0,
    0x0, 0xd, 0xf1, 0x0, 0x0, 0xde, 0xee, 0xff,
    0xfe, 0xee, 0xef, 0xff, 0xee, 0xed, 0xbc, 0xcc,
    0xcc, 0xcc, 0xff, 0xcc, 0xcc, 0xcc, 0xcb, 0x0,
    0x0, 0x0, 0x0, 0xff, 0x0, 0x0, 0x0, 0x0,
    0x0, 0xdf, 0xff, 0xff, 0xff, 0xff, 0xff, 0xff,
    0x0, 0x0, 0xdf, 0x66, 0x66, 0xff, 0x66, 0x66,
    0xef, 0x0, 0x0, 0xdf, 0x22, 0x22, 0xff, 0x22,
    0x22, 0xef, 0x0, 0x0, 0xdf, 0xff, 0xff, 0xff,
    0xff, 0xff, 0xff, 0x0, 0x0, 0xdf, 0x22, 0x22,
    0xff, 0x22, 0x22, 0xef, 0x0, 0x0, 0xdf, 0x99,
    0x99, 0xff, 0x99, 0x99, 0xff, 0x0, 0x0, 0xac,
    0xcc, 0xcc, 0xdd, 0xcd, 0xcc, 0xcc, 0x0, 0x0,
    0x0, 0x5d, 0xb1, 0x0, 0x1d, 0xd7, 0x20, 0x0,
    0x3, 0x9e, 0xff, 0x91, 0x0, 0x6, 0xcf, 0xfc,
    0x50, 0x8f, 0xfd, 0x71, 0x0, 0x0, 0x0, 0x2,
    0x9f, 0xf6, 0x6, 0x20, 0x0, 0x0, 0x0, 0x0,
    0x0, 0x1, 0x40,

    /* U+9ED1 "黑" */
    0x0, 0x56, 0x66, 0x66, 0x66, 0x66, 0x66, 0x65,
    0x0, 0x0, 0xf, 0xff, 0xff, 0xff, 0xff, 0xff,
    0xff, 0xf0, 0x0, 0x0, 0xfd, 0x36, 0x33, 0xff,
    0x33, 0x63, 0xff, 0x0, 0x0, 0xf, 0xd2, 0xf4,
    0xf, 0xe0, 0x5f, 0x3f, 0xf0, 0x0, 0x0, 0xfd,
    0xb, 0xc0, 0xfe, 0xc, 0xb0, 0xff, 0x0, 0x0,
    0xf, 0xd0, 0x6c, 0xf, 0xe2, 0xf3, 0xf, 0xf0,
    0x0, 0x0, 0xfe, 0x88, 0x88, 0xff, 0x8a, 0x88,
    0xff, 0x0, 0x0, 0xf, 0xff, 0xff, 0xff, 0xff,
    0xff, 0xff, 0xf0, 0x0, 0x0, 0x0, 0x0, 0x0,
    0xff, 0x0, 0x0, 0x0, 0x0, 0x0, 0x29, 0x99,
    0x99, 0x9f, 0xf9, 0x99, 0x99, 0x92, 0x0, 0x4,
    0xff, 0xff, 0xff, 0xff, 0xff, 0xff, 0xff, 0x40,
    0x0, 0x0, 0x0, 0x0, 0xf, 0xe0, 0x0, 0x0,
    0x0, 0x0, 0xbd, 0xdd, 0xdd, 0xdd, 0xff, 0xdd,
    0xdd, 0xdd, 0xdc, 0xc, 0xdd, 0xdd, 0xdd, 0xdd,
    0xdd, 0xdd, 0xdd, 0xdd, 0xc0, 0x0, 0x84, 0x0,
    0x0, 0x0, 0x12, 0x0, 0x47, 0x0, 0x0, 0x5f,
    0xb0, 0x4f, 0x80, 0x1f, 0xd0, 0xc, 0xf7, 0x0,
    0xd, 0xf4, 0x2, 0xfb, 0x0, 0xcf, 0x30, 0x1e,
    0xf3, 0xa, 0xfa, 0x0, 0xf, 0xd0, 0x7, 0xf8,
    0x0, 0x5f, 0xd0, 0x6, 0x0, 0x0, 0x42, 0x0,
    0x12, 0x0, 0x0, 0x51, 0x0,

    /* U+9F50 "齐" */
    0x0, 0x0, 0x0, 0x0, 0x0, 0x0, 0x0, 0x0,
    0x0, 0x0, 0x0, 0x0, 0x0, 0x0, 0x4d, 0x90,
    0x0, 0x0, 0x0, 0x0, 0x0, 0x0, 0x0, 0x0,
    0xe, 0xf3, 0x0, 0x0, 0x0, 0x0, 0xe, 0xff,
    0xff, 0xff, 0xff, 0xff, 0xff, 0xff, 0xff, 0x90,
    0x9, 0xaa, 0xff, 0xfa, 0xaa, 0xaa, 0xbf, 0xfe,
    0xaa, 0x60, 0x0, 0x0, 0xd, 0xf4, 0x0, 0x0,
    0xaf, 0xb0, 0x0, 0x0, 0x0, 0x0, 0x2, 0xef,
    0x60, 0xa, 0xfd, 0x10, 0x0, 0x0, 0x0, 0x0,
    0x0, 0x2e, 0xff, 0xff, 0xd2, 0x0, 0x0, 0x0,
    0x0, 0x0, 0x0, 0x7, 0xff, 0xff, 0x71, 0x0,
    0x0, 0x0, 0x0, 0x3, 0x7b, 0xff, 0xff, 0xff,
    0xff, 0xc9, 0x53, 0x10, 0x1d, 0xff, 0xff, 0xe9,
    0x30, 0x3, 0x9e, 0xff, 0xff, 0xe0, 0x9, 0xea,
    0x79, 0x50, 0x0, 0x0, 0x5, 0x76, 0x9b, 0x50,
    0x0, 0x0, 0xf, 0xe0, 0x0, 0x0, 0x2f, 0xc0,
    0x0, 0x0, 0x0, 0x0, 0xf, 0xd0, 0x0, 0x0,
    0x2f, 0xc0, 0x0, 0x0, 0x0, 0x0, 0x1f, 0xd0,
    0x0, 0x0, 0x2f, 0xc0, 0x0, 0x0, 0x0, 0x0,
    0x3f, 0xb0, 0x0, 0x0, 0x2f, 0xc0, 0x0, 0x0,
    0x0, 0x0, 0x9f, 0x70, 0x0, 0x0, 0x2f, 0xc0,
    0x0, 0x0, 0x0, 0x5, 0xff, 0x20, 0x0, 0x0,
    0x2f, 0xc0, 0x0, 0x0, 0x0, 0x7f, 0xf7, 0x0,
    0x0, 0x0, 0x2f, 0xc0, 0x0, 0x0, 0x0, 0x1c,
    0x60, 0x0, 0x0, 0x0, 0x2f, 0xc0, 0x0, 0x0,
    0x0, 0x0, 0x0, 0x0, 0x0, 0x0, 0x0, 0x0,
    0x0, 0x0,

    /* U+FF01 "！" */
    0x5f, 0xf5, 0x5f, 0xf4, 0x4f, 0xf4, 0x3f, 0xf3,
    0x2f, 0xf2, 0x1f, 0xf1, 0xf, 0xf0, 0xf, 0xf0,
    0xe, 0xe0, 0xd, 0xd0, 0x0, 0x0, 0x0, 0x0,
    0x1c, 0xc1, 0x7f, 0xf7, 0x3f, 0xf3, 0x0, 0x0,

    /* U+FF02 "＂" */
    0x7d, 0xc0, 0x7, 0xdc, 0x9f, 0xe0, 0x9, 0xfe,
    0x8f, 0xe0, 0x9, 0xfe, 0x7f, 0xc0, 0x7, 0xfc,
    0x5f, 0xa0, 0x5, 0xfa, 0x3f, 0x80, 0x3, 0xf8,
    0x1f, 0x60, 0x1, 0xf6, 0x2, 0x10, 0x0, 0x31,

    /* U+FF03 "＃" */
    0x0, 0x0, 0x24, 0x0, 0x2, 0x40, 0x0, 0x0,
    0x0, 0x8d, 0x0, 0x8, 0xe0, 0x0, 0x0, 0x0,
    0xab, 0x0, 0xa, 0xc0, 0x0, 0x0, 0x0, 0xd9,
    0x0, 0xc, 0x90, 0x0, 0x38, 0x88, 0xfc, 0x88,
    0x8f, 0xc8, 0x85, 0x6f, 0xff, 0xff, 0xff, 0xff,
    0xff, 0xfb, 0x0, 0x3, 0xf4, 0x0, 0x3f, 0x50,
    0x0, 0x0, 0x4, 0xf2, 0x0, 0x4f, 0x20, 0x0,
    0x0, 0x6, 0xf0, 0x0, 0x6f, 0x0, 0x0, 0x0,
    0x8, 0xe0, 0x0, 0x8f, 0x0, 0x0, 0xef, 0xff,
    0xff, 0xff, 0xff, 0xff, 0xf2, 0x89, 0x9e, 0xd9,
    0x99, 0xed, 0x99, 0x91, 0x0, 0xd, 0x80, 0x0,
    0xd9, 0x0, 0x0, 0x0, 0xf, 0x60, 0x0, 0xf7,
    0x0, 0x0, 0x0, 0x1f, 0x40, 0x1, 0xf5, 0x0,
    0x0, 0x0, 0x3e, 0x20, 0x3, 0xe3, 0x0, 0x0,

    /* U+FF04 "＄" */
    0x0, 0x0, 0x4, 0x50, 0x0, 0x0, 0x0, 0x0,
    0xb, 0xe0, 0x0, 0x0, 0x0, 0x0, 0xb, 0xe0,
    0x0, 0x0, 0x0, 0x6, 0xbf, 0xfc, 0x71, 0x0,
    0x1, 0xdf, 0xff, 0xff, 0xff, 0x50, 0x9, 0xfe,
    0x40, 0x3, 0x9f, 0xd0, 0xe, 0xf5, 0x0, 0x0,
    0x3, 0x20, 0xf, 0xf6, 0x0, 0x0, 0x0, 0x0,
    0xa, 0xff, 0x71, 0x0, 0x0, 0x0, 0x1, 0xdf,
    0xff, 0xa4, 0x0, 0x0, 0x0, 0x6, 0xef, 0xff,
    0xd5, 0x0, 0x0, 0x0, 0x4, 0xaf, 0xff, 0x80,
    0x0, 0x0, 0x0, 0x1, 0xbf, 0xf2, 0x0, 0x0,
    0x0, 0x0, 0xe, 0xf6, 0x5, 0x0, 0x0, 0x0,
    0xe, 0xf5, 0x5f, 0xd6, 0x10, 0x2, 0xaf, 0xf0,
    0x2c, 0xff, 0xff, 0xff, 0xff, 0x40, 0x0, 0x39,
    0xdf, 0xfd, 0x92, 0x0, 0x0, 0x0, 0xb, 0xe0,
    0x0, 0x0, 0x0, 0x0, 0xb, 0xe0, 0x0, 0x0,
    0x0, 0x0, 0x5, 0x60, 0x0, 0x0,

    /* U+FF05 "％" */
    0x0, 0x3, 0x20, 0x0, 0x0, 0x0, 0x33, 0x0,
    0x0, 0x4, 0xef, 0xfb, 0x0, 0x0, 0x1, 0xf6,
    0x0, 0x0, 0x1f, 0xc2, 0x6f, 0x90, 0x0, 0x9,
    0xd0, 0x0, 0x0, 0x7f, 0x40, 0xb, 0xf0, 0x0,
    0x2f, 0x50, 0x0, 0x0, 0xaf, 0x10, 0x8, 0xf2,
    0x0, 0xac, 0x0, 0x0, 0x0, 0xaf, 0x0, 0x7,
    0xf3, 0x3, 0xf4, 0x0, 0x0, 0x0, 0x9f, 0x10,
    0x8, 0xf1, 0xb, 0xb0, 0x2, 0x30, 0x0, 0x6f,
    0x50, 0xd, 0xe0, 0x4f, 0x30, 0xbf, 0xff, 0x50,
    0xe, 0xe6, 0x9f, 0x70, 0xca, 0x9, 0xf6, 0x2c,
    0xf1, 0x2, 0xcf, 0xf8, 0x4, 0xf2, 0xf, 0xc0,
    0x3, 0xf7, 0x0, 0x0, 0x0, 0xd, 0x90, 0x2f,
    0x80, 0x0, 0xfa, 0x0, 0x0, 0x0, 0x5f, 0x10,
    0x3f, 0x80, 0x0, 0xfb, 0x0, 0x0, 0x0, 0xd9,
    0x0, 0x1f, 0x90, 0x0, 0xf9, 0x0, 0x0, 0x6,
    0xf1, 0x0, 0xe, 0xd0, 0x5, 0xf6, 0x0, 0x0,
    0xe, 0x80, 0x0, 0x6, 0xfa, 0x6e, 0xe0, 0x0,
    0x0, 0x7e, 0x0, 0x0, 0x0, 0x7e, 0xfc, 0x20,
    0x0, 0x0, 0x0, 0x0, 0x0, 0x0, 0x0, 0x0,
    0x0,

    /* U+FF06 "＆" */
    0x0, 0x1, 0xae, 0xfc, 0x30, 0x0, 0x0, 0x0,
    0xd, 0xfc, 0xaf, 0xf2, 0x0, 0x0, 0x0, 0x5f,
    0xa0, 0x6, 0xf7, 0x0, 0x0, 0x0, 0x7f, 0x60,
    0x4, 0xf8, 0x0, 0x0, 0x0, 0x6f, 0x90, 0xb,
    0xf3, 0x0, 0x0, 0x0, 0x1f, 0xf3, 0xbf, 0x90,
    0x0, 0x0, 0x0, 0x8, 0xff, 0xf7, 0x0, 0x1,
    0x10, 0x0, 0x2d, 0xff, 0xe0, 0x0, 0xb, 0xf4,
    0x3, 0xff, 0xae, 0xfb, 0x0, 0xf, 0xf0, 0xe,
    0xf6, 0x2, 0xef, 0xc1, 0x7f, 0xa0, 0x3f, 0xe0,
    0x0, 0x2d, 0xff, 0xff, 0x20, 0x3f, 0xe0, 0x0,
    0x1, 0xdf, 0xfe, 0x0, 0x1f, 0xf7, 0x0, 0x2,
    0xdf, 0xff, 0x90, 0x7, 0xff, 0xdb, 0xcf, 0xfd,
    0xaf, 0xfb, 0x0, 0x5c, 0xff, 0xfd, 0x70, 0x4,
    0xe4, 0x0, 0x0, 0x1, 0x0, 0x0, 0x0, 0x0,

    /* U+FF07 "＇" */
    0x5d, 0xd1, 0x6f, 0xf1, 0x6f, 0xf0, 0x4f, 0xf0,
    0x2f, 0xd0, 0xf, 0xb0, 0xe, 0x90, 0x2, 0x10,

    /* U+FF08 "（" */
    0x0, 0x0, 0x0, 0x0, 0x0, 0xc, 0xc0, 0x0,
    0xa, 0xf6, 0x0, 0x5, 0xfb, 0x0, 0x0, 0xdf,
    0x10, 0x0, 0x5f, 0x90, 0x0, 0xa, 0xf3, 0x0,
    0x0, 0xee, 0x0, 0x0, 0x1f, 0xb0, 0x0, 0x2,
    0xf9, 0x0, 0x0, 0x3f, 0x90, 0x0, 0x2, 0xfa,
    0x0, 0x0, 0x1f, 0xb0, 0x0, 0x0, 0xef, 0x0,
    0x0, 0x9, 0xf4, 0x0, 0x0, 0x3f, 0xa0, 0x0,
    0x0, 0xcf, 0x30, 0x0, 0x3, 0xfc, 0x0, 0x0,
    0x8, 0xf9, 0x0, 0x0, 0xa, 0x90,

    /* U+FF09 "）" */
    0x0, 0x0, 0x0, 0x0, 0xcc, 0x0, 0x0, 0x7,
    0xfa, 0x0, 0x0, 0xb, 0xf5, 0x0, 0x0, 0x1f,
    0xd0, 0x0, 0x0, 0x9f, 0x50, 0x0, 0x3, 0xfa,
    0x0, 0x0, 0xe, 0xe0, 0x0, 0x0, 0xbf, 0x10,
    0x0, 0x9, 0xf2, 0x0, 0x0, 0x9f, 0x30, 0x0,
    0xa, 0xf2, 0x0, 0x0, 0xcf, 0x10, 0x0, 0xf,
    0xd0, 0x0, 0x4, 0xf9, 0x0, 0x0, 0xaf, 0x30,
    0x0, 0x3f, 0xc0, 0x0, 0xd, 0xf3, 0x0, 0x9,
    0xf8, 0x0, 0x0, 0x9a, 0x0, 0x0,

    /* U+FF0A "＊" */
    0x0, 0x0, 0x0, 0x13, 0x0, 0x0, 0x0, 0x0,
    0x0, 0x0, 0x7, 0xd0, 0x0, 0x0, 0x0, 0x0,
    0x0, 0x0, 0x7e, 0x0, 0x0, 0x0, 0x0, 0x0,
    0x0, 0x8, 0xe0, 0x0, 0x0, 0x0, 0x6a, 0x20,
    0x0, 0x8f, 0x0, 0x0, 0x6b, 0x4, 0xdf, 0x91,
    0x8, 0xf0, 0x5, 0xdf, 0x80, 0x0, 0x7f, 0xf7,
    0xaf, 0x4c, 0xfb, 0x20, 0x0, 0x0, 0x2b, 0xff,
    0xff, 0xe5, 0x0, 0x0, 0x0, 0x0, 0xc, 0xff,
    0xf4, 0x0, 0x0, 0x0, 0x0, 0x5e, 0xff, 0xff,
    0xf9, 0x10, 0x0, 0x2, 0xbf, 0xd4, 0x9f, 0x19,
    0xfe, 0x50, 0x6, 0xfe, 0x50, 0x8, 0xf0, 0x2,
    0xaf, 0xb0, 0x47, 0x0, 0x0, 0x8f, 0x0, 0x0,
    0x38, 0x0, 0x0, 0x0, 0x8, 0xe0, 0x0, 0x0,
    0x0, 0x0, 0x0, 0x0, 0x7e, 0x0, 0x0, 0x0,
    0x0, 0x0, 0x0, 0x7, 0xd0, 0x0, 0x0, 0x0,
    0x0, 0x0, 0x0, 0x1, 0x0, 0x0, 0x0, 0x0,

    /* U+FF0B "＋" */
    0x0, 0x0, 0x0, 0xc, 0xc0, 0x0, 0x0, 0x0,
    0x0, 0x0, 0x0, 0xd, 0xd0, 0x0, 0x0, 0x0,
    0x0, 0x0, 0x0, 0xd, 0xd0, 0x0, 0x0, 0x0,
    0x0, 0x0, 0x0, 0xd, 0xd0, 0x0, 0x0, 0x0,
    0x0, 0x0, 0x0, 0xd, 0xd0, 0x0, 0x0, 0x0,
    0x0, 0x0, 0x0, 0xd, 0xd0, 0x0, 0x0, 0x0,
    0x19, 0x99, 0x99, 0x9e, 0xe9, 0x99, 0x99, 0x91,
    0x3f, 0xff, 0xff, 0xff, 0xff, 0xff, 0xff, 0xf3,
    0x1, 0x11, 0x11, 0x1d, 0xd1, 0x11, 0x11, 0x10,
    0x0, 0x0, 0x0, 0xd, 0xd0, 0x0, 0x0, 0x0,
    0x0, 0x0, 0x0, 0xd, 0xd0, 0x0, 0x0, 0x0,
    0x0, 0x0, 0x0, 0xd, 0xd0, 0x0, 0x0, 0x0,
    0x0, 0x0, 0x0, 0xd, 0xd0, 0x0, 0x0, 0x0,
    0x0, 0x0, 0x0, 0xd, 0xd0, 0x0, 0x0, 0x0,
    0x0, 0x0, 0x0, 0x5, 0x50, 0x0, 0x0, 0x0,

    /* U+FF0C "，" */
    0x0, 0xac, 0x40, 0x6, 0xff, 0xe0, 0x4, 0xff,
    0xf1, 0x0, 0x2d, 0xf0, 0x0, 0x1e, 0xb0, 0x4,
    0xde, 0x20, 0xd, 0xd2, 0x0, 0x1, 0x0, 0x0,

    /* U+FF0D "－" */
    0x19, 0x99, 0x99, 0x99, 0x99, 0x99, 0x99, 0x91,
    0x3f, 0xff, 0xff, 0xff, 0xff, 0xff, 0xff, 0xf3,
    0x1, 0x11, 0x11, 0x11, 0x11, 0x11, 0x11, 0x10,

    /* U+FF0E "．" */
    0x8, 0x91, 0x8f, 0xfc, 0x9f, 0xfd, 0x1b, 0xc3,

    /* U+FF0F "／" */
    0x0, 0x0, 0x0, 0x0, 0x0, 0x0, 0x0, 0x0,
    0x0, 0xa2, 0x0, 0x0, 0x0, 0x0, 0x0, 0x0,
    0x0, 0x0, 0xb, 0x80, 0x0, 0x0, 0x0, 0x0,
    0x0, 0x0, 0x0, 0x0, 0xb8, 0x0, 0x0, 0x0,
    0x0, 0x0, 0x0, 0x0, 0x0, 0xb, 0x80, 0x0,
    0x0, 0x0, 0x0, 0x0, 0x0, 0x0, 0x0, 0xb8,
    0x0, 0x0, 0x0, 0x0, 0x0, 0x0, 0x0, 0x0,
    0xb, 0x80, 0x0, 0x0, 0x0, 0x0, 0x0, 0x0,
    0x0, 0x0, 0xb8, 0x0, 0x0, 0x0, 0x0, 0x0,
    0x0, 0x0, 0x0, 0xb, 0x80, 0x0, 0x0, 0x0,
    0x0, 0x0, 0x0, 0x0, 0x0, 0xb8, 0x0, 0x0,
    0x0, 0x0, 0x0, 0x0, 0x0, 0x0, 0xb, 0x80,
    0x0, 0x0, 0x0, 0x0, 0x0, 0x0, 0x0, 0x0,
    0xb8, 0x0, 0x0, 0x0, 0x0, 0x0, 0x0, 0x0,
    0x0, 0xb, 0x80, 0x0, 0x0, 0x0, 0x0, 0x0,
    0x0, 0x0, 0x0, 0xb8, 0x0, 0x0, 0x0, 0x0,
    0x0, 0x0, 0x0, 0x0, 0xb, 0x80, 0x0, 0x0,
    0x0, 0x0, 0x0, 0x0, 0x0, 0x0, 0xb8, 0x0,
    0x0, 0x0, 0x0, 0x0, 0x0, 0x0, 0x0, 0xb,
    0x80, 0x0, 0x0, 0x0, 0x0, 0x0, 0x0, 0x0,
    0x0, 0xb8, 0x0, 0x0, 0x0, 0x0, 0x0, 0x0,
    0x0, 0x0, 0xb, 0x80, 0x0, 0x0, 0x0, 0x0,
    0x0, 0x0, 0x0, 0x0, 0x17, 0x0, 0x0, 0x0,
    0x0, 0x0, 0x0, 0x0, 0x0, 0x0,

    /* U+FF10 "０" */
    0x0, 0x4, 0xbe, 0xec, 0x60, 0x0, 0x0, 0x7f,
    0xff, 0xef, 0xfb, 0x0, 0x4, 0xff, 0x60, 0x3,
    0xef, 0x90, 0xc, 0xf8, 0x0, 0x0, 0x3f, 0xf1,
    0x1f, 0xf2, 0x0, 0x0, 0xd, 0xf6, 0x4f, 0xe0,
    0x0, 0x0, 0x9, 0xf9, 0x6f, 0xd0, 0x0, 0x0,
    0x8, 0xfb, 0x7f, 0xc0, 0x0, 0x0, 0x7, 0xfb,
    0x6f, 0xd0, 0x0, 0x0, 0x8, 0xfb, 0x5f, 0xe0,
    0x0, 0x0, 0x9, 0xf9, 0x1f, 0xf2, 0x0, 0x0,
    0xd, 0xf6, 0xc, 0xf8, 0x0, 0x0, 0x3f, 0xf1,
    0x5, 0xff, 0x40, 0x1, 0xdf, 0x90, 0x0, 0x9f,
    0xfd, 0xcf, 0xfc, 0x10, 0x0, 0x6, 0xdf, 0xfe,
    0x80, 0x0, 0x0, 0x0, 0x0, 0x10, 0x0, 0x0,

    /* U+FF11 "１" */
    0x0, 0x0, 0x39, 0xc7, 0x0, 0x0, 0x2, 0xcf,
    0xff, 0xf9, 0x0, 0x0, 0x3, 0xdd, 0xdf, 0xf9,
    0x0, 0x0, 0x0, 0x0, 0xc, 0xf9, 0x0, 0x0,
    0x0, 0x0, 0xc, 0xf9, 0x0, 0x0, 0x0, 0x0,
    0xc, 0xf9, 0x0, 0x0, 0x0, 0x0, 0xc, 0xf9,
    0x0, 0x0, 0x0, 0x0, 0xc, 0xf9, 0x0, 0x0,
    0x0, 0x0, 0xc, 0xf9, 0x0, 0x0, 0x0, 0x0,
    0xc, 0xf9, 0x0, 0x0, 0x0, 0x0, 0xc, 0xf9,
    0x0, 0x0, 0x0, 0x0, 0xc, 0xf9, 0x0, 0x0,
    0x0, 0x0, 0xc, 0xf9, 0x0, 0x0, 0x1e, 0xee,
    0xef, 0xff, 0xee, 0xeb, 0x1f, 0xff, 0xff, 0xff,
    0xff, 0xfc,

    /* U+FF12 "２" */
    0x0, 0x7, 0xcf, 0xfc, 0x70, 0x0, 0x3, 0xdf,
    0xfe, 0xff, 0xfc, 0x0, 0x1f, 0xfb, 0x20, 0x5,
    0xff, 0x80, 0x6, 0x80, 0x0, 0x0, 0x8f, 0xd0,
    0x0, 0x0, 0x0, 0x0, 0x5f, 0xf0, 0x0, 0x0,
    0x0, 0x0, 0x7f, 0xd0, 0x0, 0x0, 0x0, 0x0,
    0xdf, 0x80, 0x0, 0x0, 0x0, 0x8, 0xff, 0x10,
    0x0, 0x0, 0x0, 0x5f, 0xf6, 0x0, 0x0, 0x0,
    0x4, 0xff, 0x90, 0x0, 0x0, 0x0, 0x5f, 0xf9,
    0x0, 0x0, 0x0, 0x7, 0xff, 0x80, 0x0, 0x0,
    0x0, 0xaf, 0xf6, 0x0, 0x0, 0x0, 0xc, 0xff,
    0xfe, 0xef, 0xff, 0xf9, 0x1f, 0xff, 0xff, 0xff,
    0xff, 0xfa,

    /* U+FF13 "３" */
    0x0, 0x29, 0xdf, 0xfc, 0x70, 0x0, 0x7, 0xff,
    0xfe, 0xff, 0xfd, 0x10, 0x3f, 0xe6, 0x10, 0x4,
    0xff, 0x80, 0x5, 0x20, 0x0, 0x0, 0x8f, 0xb0,
    0x0, 0x0, 0x0, 0x0, 0x9f, 0xa0, 0x0, 0x0,
    0x0, 0x5, 0xff, 0x30, 0x0, 0x0, 0x9b, 0xef,
    0xe5, 0x0, 0x0, 0x0, 0xff, 0xff, 0xa3, 0x0,
    0x0, 0x0, 0x23, 0x6b, 0xff, 0x40, 0x0, 0x0,
    0x0, 0x0, 0x8f, 0xd0, 0x0, 0x0, 0x0, 0x0,
    0x2f, 0xf1, 0x19, 0x0, 0x0, 0x0, 0x3f, 0xf0,
    0x9f, 0xd4, 0x0, 0x2, 0xdf, 0xc0, 0xb, 0xff,
    0xed, 0xdf, 0xfe, 0x20, 0x0, 0x6c, 0xff, 0xfe,
    0x91, 0x0, 0x0, 0x0, 0x1, 0x10, 0x0, 0x0,

    /* U+FF14 "４" */
    0x0, 0x0, 0x0, 0x3c, 0xcb, 0x0, 0x0, 0x0,
    0x0, 0xd, 0xff, 0xe0, 0x0, 0x0, 0x0, 0x9,
    0xfb, 0xfe, 0x0, 0x0, 0x0, 0x4, 0xfe, 0x3f,
    0xe0, 0x0, 0x0, 0x1, 0xef, 0x53, 0xfe, 0x0,
    0x0, 0x0, 0xbf, 0xa0, 0x3f, 0xe0, 0x0, 0x0,
    0x7f, 0xe1, 0x3, 0xfe, 0x0, 0x0, 0x2f, 0xf3,
    0x0, 0x3f, 0xe0, 0x0, 0xd, 0xf8, 0x0, 0x3,
    0xfe, 0x0, 0x7, 0xff, 0xcc, 0xcc, 0xff, 0xfc,
    0xc1, 0x8f, 0xff, 0xff, 0xff, 0xff, 0xff, 0x10,
    0x0, 0x0, 0x0, 0x4f, 0xf0, 0x0, 0x0, 0x0,
    0x0, 0x3, 0xfe, 0x0, 0x0, 0x0, 0x0, 0x0,
    0x3f, 0xe0, 0x0, 0x0, 0x0, 0x0, 0x3, 0xfe,
    0x0, 0x0,

    /* U+FF15 "５" */
    0x0, 0xee, 0xee, 0xee, 0xee, 0xb0, 0x1, 0xff,
    0xff, 0xff, 0xff, 0xd0, 0x2, 0xfe, 0x0, 0x0,
    0x0, 0x0, 0x3, 0xfd, 0x0, 0x0, 0x0, 0x0,
    0x4, 0xfc, 0x0, 0x0, 0x0, 0x0, 0x5, 0xfb,
    0x48, 0x97, 0x30, 0x0, 0x6, 0xff, 0xff, 0xff,
    0xfb, 0x0, 0x3, 0xd9, 0x42, 0x38, 0xff, 0xb0,
    0x0, 0x0, 0x0, 0x0, 0x6f, 0xf2, 0x0, 0x0,
    0x0, 0x0, 0xf, 0xf5, 0x0, 0x0, 0x0, 0x0,
    0xf, 0xf6, 0x3, 0x0, 0x0, 0x0, 0x3f, 0xf3,
    0x2f, 0xc3, 0x0, 0x3, 0xef, 0xc0, 0xb, 0xff,
    0xec, 0xef, 0xfe, 0x20, 0x0, 0x4c, 0xff, 0xfe,
    0x91, 0x0, 0x0, 0x0, 0x1, 0x10, 0x0, 0x0,

    /* U+FF16 "６" */
    0x0, 0x0, 0x7d, 0xfe, 0xc5, 0x0, 0x0, 0x1d,
    0xff, 0xff, 0xff, 0xb0, 0x0, 0xdf, 0xd3, 0x0,
    0x3d, 0x80, 0x6, 0xfe, 0x10, 0x0, 0x0, 0x0,
    0xd, 0xf6, 0x0, 0x0, 0x0, 0x0, 0x1f, 0xf1,
    0x0, 0x11, 0x0, 0x0, 0x3f, 0xf1, 0x9f, 0xff,
    0xd5, 0x0, 0x4f, 0xfd, 0xfb, 0xad, 0xff, 0x70,
    0x4f, 0xfd, 0x20, 0x0, 0x7f, 0xf1, 0x3f, 0xf1,
    0x0, 0x0, 0xe, 0xf4, 0x1f, 0xf2, 0x0, 0x0,
    0xd, 0xf5, 0xc, 0xf9, 0x0, 0x0, 0xf, 0xf3,
    0x4, 0xff, 0x50, 0x0, 0x9f, 0xd0, 0x0, 0x8f,
    0xfd, 0xbe, 0xff, 0x40, 0x0, 0x5, 0xcf, 0xff,
    0xb3, 0x0, 0x0, 0x0, 0x0, 0x10, 0x0, 0x0,

    /* U+FF17 "７" */
    0x1e, 0xee, 0xee, 0xee, 0xee, 0xe7, 0x1f, 0xff,
    0xff, 0xff, 0xff, 0xf7, 0x0, 0x0, 0x0, 0x0,
    0x6f, 0xc0, 0x0, 0x0, 0x0, 0x2, 0xff, 0x10,
    0x0, 0x0, 0x0, 0xb, 0xf6, 0x0, 0x0, 0x0,
    0x0, 0x5f, 0xc0, 0x0, 0x0, 0x0, 0x0, 0xdf,
    0x40, 0x0, 0x0, 0x0, 0x4, 0xfd, 0x0, 0x0,
    0x0, 0x0, 0xa, 0xf8, 0x0, 0x0, 0x0, 0x0,
    0xf, 0xf3, 0x0, 0x0, 0x0, 0x0, 0x3f, 0xf0,
    0x0, 0x0, 0x0, 0x0, 0x7f, 0xe0, 0x0, 0x0,
    0x0, 0x0, 0x9f, 0xc0, 0x0, 0x0, 0x0, 0x0,
    0xbf, 0xb0, 0x0, 0x0, 0x0, 0x0, 0xad, 0x90,
    0x0, 0x0,

    /* U+FF18 "８" */
    0x0, 0x7, 0xcf, 0xfd, 0x81, 0x0, 0x0, 0xcf,
    0xfb, 0xbe, 0xfe, 0x10, 0x7, 0xfd, 0x10, 0x0,
    0xbf, 0xa0, 0xb, 0xf6, 0x0, 0x0, 0x2f, 0xe0,
    0xa, 0xf7, 0x0, 0x0, 0x1f, 0xe0, 0x5, 0xfe,
    0x30, 0x0, 0x6f, 0x80, 0x0, 0x8f, 0xfb, 0x64,
    0xfc, 0x0, 0x0, 0x3e, 0xff, 0xff, 0xf2, 0x0,
    0x5, 0xfe, 0x33, 0x8e, 0xff, 0x50, 0xe, 0xf3,
    0x0, 0x0, 0x9f, 0xf1, 0x3f, 0xd0, 0x0, 0x0,
    0xd, 0xf7, 0x4f, 0xe0, 0x0, 0x0, 0xc, 0xf7,
    0x1f, 0xf8, 0x0, 0x0, 0x5f, 0xf3, 0x5, 0xff,
    0xd9, 0x8b, 0xff, 0x90, 0x0, 0x3b, 0xff, 0xff,
    0xc5, 0x0, 0x0, 0x0, 0x1, 0x10, 0x0, 0x0,

    /* U+FF19 "９" */
    0x0, 0x18, 0xdf, 0xea, 0x30, 0x0, 0x2, 0xef,
    0xfd, 0xff, 0xf6, 0x0, 0xc, 0xfb, 0x10, 0x8,
    0xff, 0x30, 0x2f, 0xf1, 0x0, 0x0, 0xaf, 0xb0,
    0x5f, 0xd0, 0x0, 0x0, 0x3f, 0xf1, 0x5f, 0xd0,
    0x0, 0x0, 0xf, 0xf3, 0x2f, 0xf2, 0x0, 0x0,
    0x8f, 0xf4, 0xc, 0xfe, 0x52, 0x4b, 0xff, 0xf4,
    0x1, 0xdf, 0xff, 0xff, 0x5e, 0xf3, 0x0, 0x5,
    0x89, 0x71, 0x1f, 0xf1, 0x0, 0x0, 0x0, 0x0,
    0x6f, 0xd0, 0x0, 0x0, 0x0, 0x0, 0xdf, 0x70,
    0x6, 0xb1, 0x0, 0x1b, 0xfd, 0x0, 0xd, 0xff,
    0xdd, 0xff, 0xe3, 0x0, 0x0, 0x8e, 0xff, 0xf9,
    0x10, 0x0, 0x0, 0x0, 0x11, 0x0, 0x0, 0x0,

    /* U+FF1A "：" */
    0x3c, 0xc1, 0xbf, 0xf8, 0x8f, 0xf6, 0x5, 0x40,
    0x0, 0x0, 0x0, 0x0, 0x0, 0x0, 0x0, 0x0,
    0x0, 0x0, 0x2, 0x10, 0x6f, 0xf4, 0xbf, 0xf8,
    0x5f, 0xf3, 0x0, 0x0,

    /* U+FF1B "；" */
    0x1, 0xcc, 0x30, 0x8, 0xff, 0xb0, 0x6, 0xff,
    0x80, 0x0, 0x45, 0x0, 0x0, 0x0, 0x0, 0x0,
    0x0, 0x0, 0x0, 0x0, 0x0, 0x0, 0x0, 0x0,
    0x0, 0x23, 0x0, 0x4, 0xff, 0x90, 0x7, 0xff,
    0xf0, 0x1, 0xbf, 0xf0, 0x0, 0xa, 0xe0, 0x0,
    0x2f, 0x90, 0x4, 0xee, 0x10, 0xe, 0xc2, 0x0,
    0x2, 0x0, 0x0,

    /* U+FF1C "＜" */
    0x0, 0x0, 0x0, 0x0, 0x0, 0x0, 0x0, 0x10,
    0x0, 0x0, 0x0, 0x0, 0x0, 0x0, 0x18, 0xf5,
    0x0, 0x0, 0x0, 0x0, 0x0, 0x8, 0xff, 0xc3,
    0x0, 0x0, 0x0, 0x0, 0x7, 0xef, 0xc4, 0x0,
    0x0, 0x0, 0x0, 0x6, 0xef, 0xd5, 0x0, 0x0,
    0x0, 0x0, 0x6, 0xef, 0xd5, 0x0, 0x0, 0x0,
    0x0, 0x5, 0xdf, 0xe6, 0x0, 0x0, 0x0, 0x0,
    0x5, 0xdf, 0xe6, 0x0, 0x0, 0x0, 0x0, 0x0,
    0x8f, 0xfd, 0x10, 0x0, 0x0, 0x0, 0x0, 0x0,
    0x3, 0xcf, 0xf8, 0x0, 0x0, 0x0, 0x0, 0x0,
    0x0, 0x4, 0xcf, 0xe7, 0x0, 0x0, 0x0, 0x0,
    0x0, 0x0, 0x5, 0xdf, 0xe7, 0x0, 0x0, 0x0,
    0x0, 0x0, 0x0, 0x5, 0xdf, 0xe6, 0x0, 0x0,
    0x0, 0x0, 0x0, 0x0, 0x6, 0xef, 0xd6, 0x0,
    0x0, 0x0, 0x0, 0x0, 0x0, 0x6, 0xef, 0xd4,
    0x0, 0x0, 0x0, 0x0, 0x0, 0x0, 0x7, 0xe5,
    0x0, 0x0, 0x0, 0x0, 0x0, 0x0, 0x0, 0x0,

    /* U+FF1D "＝" */
    0x3f, 0xff, 0xff, 0xff, 0xff, 0xff, 0xff, 0xf3,
    0x2b, 0xbb, 0xbb, 0xbb, 0xbb, 0xbb, 0xbb, 0xb2,
    0x0, 0x0, 0x0, 0x0, 0x0, 0x0, 0x0, 0x0,
    0x0, 0x0, 0x0, 0x0, 0x0, 0x0, 0x0, 0x0,
    0x0, 0x0, 0x0, 0x0, 0x0, 0x0, 0x0, 0x0,
    0x3f, 0xff, 0xff, 0xff, 0xff, 0xff, 0xff, 0xf3,
    0x19, 0x99, 0x99, 0x99, 0x99, 0x99, 0x99, 0x91,

    /* U+FF1E "＞" */
    0x1, 0x0, 0x0, 0x0, 0x0, 0x0, 0x0, 0x0,
    0x6f, 0x81, 0x0, 0x0, 0x0, 0x0, 0x0, 0x0,
    0x3c, 0xff, 0x80, 0x0, 0x0, 0x0, 0x0, 0x0,
    0x0, 0x4c, 0xfe, 0x70, 0x0, 0x0, 0x0, 0x0,
    0x0, 0x0, 0x5d, 0xfe, 0x60, 0x0, 0x0, 0x0,
    0x0, 0x0, 0x0, 0x5d, 0xfe, 0x60, 0x0, 0x0,
    0x0, 0x0, 0x0, 0x0, 0x6e, 0xfd, 0x50, 0x0,
    0x0, 0x0, 0x0, 0x0, 0x0, 0x6e, 0xfd, 0x50,
    0x0, 0x0, 0x0, 0x0, 0x0, 0x1, 0xdf, 0xf8,
    0x0, 0x0, 0x0, 0x0, 0x0, 0x8f, 0xfc, 0x30,
    0x0, 0x0, 0x0, 0x0, 0x7e, 0xfc, 0x40, 0x0,
    0x0, 0x0, 0x0, 0x7e, 0xfd, 0x50, 0x0, 0x0,
    0x0, 0x0, 0x6e, 0xfd, 0x50, 0x0, 0x0, 0x0,
    0x0, 0x6d, 0xfe, 0x60, 0x0, 0x0, 0x0, 0x0,
    0x4d, 0xfe, 0x60, 0x0, 0x0, 0x0, 0x0, 0x0,
    0x5e, 0x70, 0x0, 0x0, 0x0, 0x0, 0x0, 0x0,
    0x0, 0x0, 0x0, 0x0, 0x0, 0x0, 0x0, 0x0,

    /* U+FF1F "？" */
    0x0, 0x0, 0x11, 0x0, 0x0, 0x0, 0x6e, 0xff,
    0xe8, 0x0, 0xb, 0xff, 0xcd, 0xff, 0xa0, 0x1c,
    0xb1, 0x0, 0x7f, 0xf1, 0x0, 0x0, 0x0, 0xf,
    0xf3, 0x0, 0x0, 0x0, 0x2f, 0xf2, 0x0, 0x0,
    0x0, 0xcf, 0x90, 0x0, 0x0, 0xc, 0xfb, 0x0,
    0x0, 0x0, 0xaf, 0xb0, 0x0, 0x0, 0x2, 0xff,
    0x10, 0x0, 0x0, 0x5, 0xfb, 0x0, 0x0, 0x0,
    0x0, 0x21, 0x0, 0x0, 0x0, 0x0, 0x0, 0x0,
    0x0, 0x0, 0x4, 0xda, 0x0, 0x0, 0x0, 0xb,
    0xff, 0x20, 0x0, 0x0, 0x6, 0xfd, 0x0, 0x0,
    0x0, 0x0, 0x10, 0x0, 0x0,

    /* U+FF20 "＠" */
    0x0, 0x0, 0x0, 0x27, 0xbc, 0xcb, 0x71, 0x0,
    0x0, 0x0, 0x0, 0x1a, 0xff, 0xca, 0xac, 0xff,
    0x80, 0x0, 0x0, 0x3, 0xef, 0x81, 0x0, 0x0,
    0x19, 0xfb, 0x0, 0x0, 0x3f, 0xe2, 0x0, 0x0,
    0x0, 0x0, 0x7f, 0x70, 0x0, 0xdf, 0x20, 0x0,
    0x0, 0x0, 0x0, 0xb, 0xe0, 0x7, 0xf5, 0x0,
    0x5, 0xbd, 0x67, 0x80, 0x5, 0xf4, 0xe, 0xd0,
    0x0, 0x8f, 0xec, 0xff, 0xb0, 0x1, 0xf7, 0x3f,
    0x70, 0x2, 0xfc, 0x0, 0x7f, 0x70, 0x0, 0xf9,
    0x7f, 0x30, 0xa, 0xf2, 0x0, 0x7f, 0x40, 0x0,
    0xf9, 0x8f, 0x10, 0xf, 0xd0, 0x0, 0xaf, 0x10,
    0x1, 0xf7, 0x9f, 0x0, 0xf, 0xc0, 0x0, 0xde,
    0x0, 0x7, 0xf2, 0x8f, 0x10, 0xe, 0xe1, 0x6,
    0xfe, 0x0, 0x3f, 0xb0, 0x7f, 0x40, 0x7, 0xff,
    0xde, 0x9f, 0xca, 0xfd, 0x10, 0x3f, 0x80, 0x0,
    0x6a, 0x91, 0x8, 0xdd, 0x80, 0x0, 0xd, 0xf1,
    0x0, 0x0, 0x0, 0x0, 0x0, 0x0, 0x0, 0x4,
    0xfc, 0x0, 0x0, 0x0, 0x0, 0x0, 0x0, 0x0,
    0x0, 0x8f, 0xd3, 0x0, 0x0, 0x3, 0x30, 0x0,
    0x0, 0x0, 0x6, 0xff, 0xd9, 0x88, 0xcf, 0xb0,
    0x0, 0x0, 0x0, 0x0, 0x17, 0xce, 0xfe, 0xc7,
    0x10, 0x0, 0x0,

    /* U+FF21 "Ａ" */
    0x0, 0x0, 0x0, 0x8c, 0xc6, 0x0, 0x0, 0x0,
    0x0, 0x0, 0xf, 0xff, 0xd0, 0x0, 0x0, 0x0,
    0x0, 0x6, 0xfb, 0xef, 0x30, 0x0, 0x0, 0x0,
    0x0, 0xcf, 0x59, 0xf9, 0x0, 0x0, 0x0, 0x0,
    0x2f, 0xf0, 0x3f, 0xe0, 0x0, 0x0, 0x0, 0x8,
    0xfa, 0x0, 0xef, 0x50, 0x0, 0x0, 0x0, 0xdf,
    0x50, 0x8, 0xfb, 0x0, 0x0, 0x0, 0x3f, 0xf0,
    0x0, 0x3f, 0xf1, 0x0, 0x0, 0x9, 0xf9, 0x0,
    0x0, 0xdf, 0x70, 0x0, 0x0, 0xff, 0xff, 0xff,
    0xff, 0xfd, 0x0, 0x0, 0x5f, 0xfd, 0xdd, 0xdd,
    0xdf, 0xf3, 0x0, 0xb, 0xfa, 0x0, 0x0, 0x0,
    0xef, 0x90, 0x1, 0xff, 0x50, 0x0, 0x0, 0x8,
    0xfe, 0x0, 0x7f, 0xe0, 0x0, 0x0, 0x0, 0x3f,
    0xf5, 0xd, 0xf9, 0x0, 0x0, 0x0, 0x0, 0xdf,
    0xb0,

    /* U+FF22 "Ｂ" */
    0x4c, 0xcc, 0xcc, 0xba, 0x72, 0x0, 0x5, 0xff,
    0xff, 0xff, 0xff, 0xf8, 0x0, 0x5f, 0xf0, 0x0,
    0x13, 0xbf, 0xf4, 0x5, 0xff, 0x0, 0x0, 0x0,
    0xef, 0x70, 0x5f, 0xf0, 0x0, 0x0, 0xe, 0xf7,
    0x5, 0xff, 0x0, 0x0, 0x7, 0xfe, 0x10, 0x5f,
    0xfb, 0xbb, 0xce, 0xfd, 0x30, 0x5, 0xff, 0xff,
    0xff, 0xff, 0xe8, 0x0, 0x5f, 0xf0, 0x0, 0x12,
    0x5d, 0xfb, 0x5, 0xff, 0x0, 0x0, 0x0, 0x2f,
    0xf3, 0x5f, 0xf0, 0x0, 0x0, 0x0, 0xef, 0x65,
    0xff, 0x0, 0x0, 0x0, 0x1f, 0xf5, 0x5f, 0xf0,
    0x0, 0x0, 0x2b, 0xff, 0x15, 0xff, 0xdd, 0xdd,
    0xef, 0xff, 0x50, 0x5f, 0xff, 0xff, 0xfe, 0xc8,
    0x20, 0x0,

    /* U+FF23 "Ｃ" */
    0x0, 0x1, 0x7c, 0xef, 0xea, 0x40, 0x0, 0x4,
    0xef, 0xff, 0xff, 0xff, 0xa0, 0x4, 0xff, 0xd6,
    0x10, 0x28, 0xf9, 0x0, 0xef, 0xc1, 0x0, 0x0,
    0x2, 0x0, 0x6f, 0xf2, 0x0, 0x0, 0x0, 0x0,
    0xb, 0xfb, 0x0, 0x0, 0x0, 0x0, 0x0, 0xef,
    0x80, 0x0, 0x0, 0x0, 0x0, 0xf, 0xf6, 0x0,
    0x0, 0x0, 0x0, 0x0, 0xef, 0x70, 0x0, 0x0,
    0x0, 0x0, 0xc, 0xfa, 0x0, 0x0, 0x0, 0x0,
    0x0, 0x8f, 0xf1, 0x0, 0x0, 0x0, 0x0, 0x2,
    0xff, 0xb0, 0x0, 0x0, 0x0, 0x30, 0x7, 0xff,
    0xc3, 0x0, 0x4, 0xdf, 0x20, 0x7, 0xff, 0xff,
    0xef, 0xff, 0xd2, 0x0, 0x3, 0xaf, 0xff, 0xfd,
    0x80, 0x0, 0x0, 0x0, 0x1, 0x21, 0x0, 0x0,

    /* U+FF24 "Ｄ" */
    0xcd, 0xdd, 0xdb, 0xa5, 0x10, 0x0, 0xe, 0xff,
    0xff, 0xff, 0xff, 0x70, 0x0, 0xef, 0x60, 0x12,
    0x6c, 0xff, 0x90, 0xe, 0xf5, 0x0, 0x0, 0x8,
    0xff, 0x50, 0xef, 0x50, 0x0, 0x0, 0xc, 0xfc,
    0xe, 0xf5, 0x0, 0x0, 0x0, 0x6f, 0xf1, 0xef,
    0x50, 0x0, 0x0, 0x3, 0xff, 0x3e, 0xf5, 0x0,
    0x0, 0x0, 0x1f, 0xf4, 0xef, 0x50, 0x0, 0x0,
    0x3, 0xff, 0x3e, 0xf5, 0x0, 0x0, 0x0, 0x5f,
    0xf1, 0xef, 0x50, 0x0, 0x0, 0xb, 0xfc, 0xe,
    0xf5, 0x0, 0x0, 0x7, 0xff, 0x50, 0xef, 0x50,
    0x0, 0x4b, 0xff, 0xa0, 0xe, 0xff, 0xef, 0xff,
    0xff, 0x90, 0x0, 0xef, 0xff, 0xfe, 0xc8, 0x20,
    0x0, 0x0,

    /* U+FF25 "Ｅ" */
    0x5e, 0xee, 0xee, 0xee, 0xee, 0x66, 0xff, 0xff,
    0xff, 0xff, 0xf7, 0x6f, 0xe0, 0x0, 0x0, 0x0,
    0x6, 0xfe, 0x0, 0x0, 0x0, 0x0, 0x6f, 0xe0,
    0x0, 0x0, 0x0, 0x6, 0xfe, 0x0, 0x0, 0x0,
    0x0, 0x6f, 0xfe, 0xee, 0xee, 0xc0, 0x6, 0xff,
    0xff, 0xff, 0xfe, 0x0, 0x6f, 0xe1, 0x11, 0x11,
    0x10, 0x6, 0xfe, 0x0, 0x0, 0x0, 0x0, 0x6f,
    0xe0, 0x0, 0x0, 0x0, 0x6, 0xfe, 0x0, 0x0,
    0x0, 0x0, 0x6f, 0xe0, 0x0, 0x0, 0x0, 0x6,
    0xff, 0xff, 0xff, 0xff, 0xfb, 0x6f, 0xff, 0xff,
    0xff, 0xff, 0xb0,

    /* U+FF26 "Ｆ" */
    0x3e, 0xee, 0xee, 0xee, 0xee, 0x93, 0xff, 0xff,
    0xff, 0xff, 0xfa, 0x3f, 0xf1, 0x0, 0x0, 0x0,
    0x3, 0xff, 0x10, 0x0, 0x0, 0x0, 0x3f, 0xf1,
    0x0, 0x0, 0x0, 0x3, 0xff, 0x10, 0x0, 0x0,
    0x0, 0x3f, 0xf2, 0x11, 0x11, 0x10, 0x3, 0xff,
    0xff, 0xff, 0xff, 0x10, 0x3f, 0xfe, 0xee, 0xee,
    0xe1, 0x3, 0xff, 0x10, 0x0, 0x0, 0x0, 0x3f,
    0xf1, 0x0, 0x0, 0x0, 0x3, 0xff, 0x10, 0x0,
    0x0, 0x0, 0x3f, 0xf1, 0x0, 0x0, 0x0, 0x3,
    0xff, 0x10, 0x0, 0x0, 0x0, 0x3d, 0xd1, 0x0,
    0x0, 0x0, 0x0,

    /* U+FF27 "Ｇ" */
    0x0, 0x0, 0x0, 0x0, 0x0, 0x0, 0x0, 0x0,
    0x0, 0x39, 0xdf, 0xfe, 0x92, 0x0, 0x0, 0xa,
    0xff, 0xff, 0xff, 0xff, 0x80, 0x0, 0xbf, 0xfa,
    0x41, 0x2, 0x9f, 0x60, 0x7, 0xff, 0x60, 0x0,
    0x0, 0x2, 0x0, 0xf, 0xf9, 0x0, 0x0, 0x0,
    0x0, 0x0, 0x4f, 0xf2, 0x0, 0x0, 0x0, 0x0,
    0x0, 0x7f, 0xe0, 0x0, 0x0, 0x0, 0x0, 0x0,
    0x8f, 0xd0, 0x0, 0x5, 0xee, 0xee, 0xe2, 0x7f,
    0xe0, 0x0, 0x6, 0xff, 0xff, 0xf3, 0x5f, 0xf1,
    0x0, 0x0, 0x0, 0xe, 0xf3, 0x1f, 0xf7, 0x0,
    0x0, 0x0, 0xe, 0xf3, 0xa, 0xff, 0x30, 0x0,
    0x0, 0xe, 0xf3, 0x1, 0xef, 0xf8, 0x10, 0x0,
    0x4f, 0xf3, 0x0, 0x2d, 0xff, 0xff, 0xef, 0xff,
    0xd1, 0x0, 0x0, 0x6c, 0xff, 0xff, 0xd7, 0x0,
    0x0, 0x0, 0x0, 0x1, 0x10, 0x0, 0x0,

    /* U+FF28 "Ｈ" */
    0x1c, 0xc2, 0x0, 0x0, 0x0, 0x2c, 0xc1, 0x2f,
    0xf3, 0x0, 0x0, 0x0, 0x3f, 0xf2, 0x2f, 0xf3,
    0x0, 0x0, 0x0, 0x3f, 0xf2, 0x2f, 0xf3, 0x0,
    0x0, 0x0, 0x3f, 0xf2, 0x2f, 0xf3, 0x0, 0x0,
    0x0, 0x3f, 0xf2, 0x2f, 0xf3, 0x0, 0x0, 0x0,
    0x3f, 0xf2, 0x2f, 0xfc, 0xbb, 0xbb, 0xbb, 0xcf,
    0xf2, 0x2f, 0xff, 0xff, 0xff, 0xff, 0xff, 0xf2,
    0x2f, 0xf7, 0x44, 0x44, 0x44, 0x6f, 0xf2, 0x2f,
    0xf3, 0x0, 0x0, 0x0, 0x3f, 0xf2, 0x2f, 0xf3,
    0x0, 0x0, 0x0, 0x3f, 0xf2, 0x2f, 0xf3, 0x0,
    0x0, 0x0, 0x3f, 0xf2, 0x2f, 0xf3, 0x0, 0x0,
    0x0, 0x3f, 0xf2, 0x2f, 0xf3, 0x0, 0x0, 0x0,
    0x3f, 0xf2, 0x2f, 0xf3, 0x0, 0x0, 0x0, 0x3f,
    0xf2,

    /* U+FF29 "Ｉ" */
    0x1f, 0xff, 0xff, 0xff, 0xff, 0xf6, 0x1f, 0xff,
    0xff, 0xff, 0xff, 0xf7, 0x0, 0x0, 0xf, 0xf5,
    0x0, 0x0, 0x0, 0x0, 0xf, 0xf5, 0x0, 0x0,
    0x0, 0x0, 0xf, 0xf5, 0x0, 0x0, 0x0, 0x0,
    0xf, 0xf5, 0x0, 0x0, 0x0, 0x0, 0xf, 0xf5,
    0x0, 0x0, 0x0, 0x0, 0xf, 0xf5, 0x0, 0x0,
    0x0, 0x0, 0xf, 0xf5, 0x0, 0x0, 0x0, 0x0,
    0xf, 0xf5, 0x0, 0x0, 0x0, 0x0, 0xf, 0xf5,
    0x0, 0x0, 0x0, 0x0, 0xf, 0xf5, 0x0, 0x0,
    0x0, 0x0, 0xf, 0xf5, 0x0, 0x0, 0x1f, 0xff,
    0xff, 0xff, 0xff, 0xf6, 0x1f, 0xff, 0xff, 0xff,
    0xff, 0xf7,

    /* U+FF2A "Ｊ" */
    0x0, 0x0, 0x0, 0x3, 0xdd, 0x10, 0x0, 0x0,
    0x0, 0x3f, 0xf1, 0x0, 0x0, 0x0, 0x3, 0xff,
    0x10, 0x0, 0x0, 0x0, 0x3f, 0xf1, 0x0, 0x0,
    0x0, 0x3, 0xff, 0x10, 0x0, 0x0, 0x0, 0x3f,
    0xf1, 0x0, 0x0, 0x0, 0x3, 0xff, 0x10, 0x0,
    0x0, 0x0, 0x3f, 0xf1, 0x0, 0x0, 0x0, 0x3,
    0xff, 0x10, 0x0, 0x0, 0x0, 0x3f, 0xf1, 0x0,
    0x0, 0x0, 0x4, 0xff, 0x10, 0x13, 0x0, 0x0,
    0x7f, 0xf0, 0x2e, 0xf5, 0x0, 0x3e, 0xfb, 0x0,
    0xaf, 0xff, 0xef, 0xff, 0x20, 0x0, 0x6d, 0xff,
    0xfb, 0x30, 0x0, 0x0, 0x1, 0x20, 0x0, 0x0,

    /* U+FF2B "Ｋ" */
    0x4c, 0xb0, 0x0, 0x0, 0x7, 0xcb, 0x10, 0x5f,
    0xf0, 0x0, 0x0, 0x6f, 0xf4, 0x0, 0x5f, 0xf0,
    0x0, 0x5, 0xff, 0x50, 0x0, 0x5f, 0xf0, 0x0,
    0x5f, 0xf6, 0x0, 0x0, 0x5f, 0xf0, 0x4, 0xff,
    0x70, 0x0, 0x0, 0x5f, 0xf0, 0x3f, 0xf9, 0x0,
    0x0, 0x0, 0x5f, 0xf3, 0xff, 0xf8, 0x0, 0x0,
    0x0, 0x5f, 0xfe, 0xfe, 0xff, 0x30, 0x0, 0x0,
    0x5f, 0xff, 0xd1, 0xaf, 0xd0, 0x0, 0x0, 0x5f,
    0xfe, 0x10, 0x1e, 0xf8, 0x0, 0x0, 0x5f, 0xf2,
    0x0, 0x5, 0xff, 0x30, 0x0, 0x5f, 0xf0, 0x0,
    0x0, 0xaf, 0xd0, 0x0, 0x5f, 0xf0, 0x0, 0x0,
    0x1e, 0xf9, 0x0, 0x5f, 0xf0, 0x0, 0x0, 0x5,
    0xff, 0x40, 0x5f, 0xf0, 0x0, 0x0, 0x0, 0xbf,
    0xe0,

    /* U+FF2C "Ｌ" */
    0x1c, 0xc2, 0x0, 0x0, 0x0, 0x2, 0xff, 0x30,
    0x0, 0x0, 0x0, 0x2f, 0xf3, 0x0, 0x0, 0x0,
    0x2, 0xff, 0x30, 0x0, 0x0, 0x0, 0x2f, 0xf3,
    0x0, 0x0, 0x0, 0x2, 0xff, 0x30, 0x0, 0x0,
    0x0, 0x2f, 0xf3, 0x0, 0x0, 0x0, 0x2, 0xff,
    0x30, 0x0, 0x0, 0x0, 0x2f, 0xf3, 0x0, 0x0,
    0x0, 0x2, 0xff, 0x30, 0x0, 0x0, 0x0, 0x2f,
    0xf3, 0x0, 0x0, 0x0, 0x2, 0xff, 0x30, 0x0,
    0x0, 0x0, 0x2f, 0xf3, 0x0, 0x0, 0x0, 0x2,
    0xff, 0xff, 0xff, 0xff, 0xf8, 0x2f, 0xff, 0xff,
    0xff, 0xff, 0x80,

    /* U+FF2D "Ｍ" */
    0xc, 0xc9, 0x0, 0x0, 0x0, 0x0, 0x8c, 0xc2,
    0x1f, 0xff, 0x20, 0x0, 0x0, 0x1, 0xff, 0xf3,
    0x1f, 0xff, 0x90, 0x0, 0x0, 0x7, 0xff, 0xf3,
    0x1f, 0xdf, 0xf1, 0x0, 0x0, 0xd, 0xfc, 0xf3,
    0x1f, 0xe9, 0xf7, 0x0, 0x0, 0x4f, 0xac, 0xf3,
    0x1f, 0xe2, 0xfe, 0x0, 0x0, 0xbf, 0x4d, 0xf3,
    0x1f, 0xf0, 0xcf, 0x50, 0x2, 0xfd, 0xe, 0xf3,
    0x1f, 0xf0, 0x5f, 0xc0, 0x9, 0xf6, 0xf, 0xf3,
    0x1f, 0xf0, 0xd, 0xf2, 0xf, 0xe0, 0xf, 0xf3,
    0x1f, 0xf0, 0x7, 0xf8, 0x6f, 0x80, 0xf, 0xf3,
    0x1f, 0xf0, 0x0, 0xfe, 0xcf, 0x10, 0xf, 0xf3,
    0x1f, 0xf0, 0x0, 0x9f, 0xfa, 0x0, 0xf, 0xf3,
    0x1f, 0xf0, 0x0, 0x2f, 0xf3, 0x0, 0xf, 0xf3,
    0x1f, 0xf0, 0x0, 0x7, 0x80, 0x0, 0xf, 0xf3,
    0x1f, 0xf0, 0x0, 0x0, 0x0, 0x0, 0xf, 0xf3,

    /* U+FF2E "Ｎ" */
    0xc, 0xc7, 0x0, 0x0, 0x0, 0x2c, 0xc0, 0xf,
    0xff, 0x30, 0x0, 0x0, 0x3f, 0xf0, 0xf, 0xff,
    0xd0, 0x0, 0x0, 0x3f, 0xf0, 0xf, 0xfc, 0xf8,
    0x0, 0x0, 0x3f, 0xf0, 0xf, 0xf3, 0xff, 0x30,
    0x0, 0x3f, 0xf0, 0xf, 0xf1, 0x9f, 0xd0, 0x0,
    0x3f, 0xf0, 0xf, 0xf2, 0xe, 0xf8, 0x0, 0x3f,
    0xf0, 0xf, 0xf2, 0x4, 0xff, 0x20, 0x2f, 0xf0,
    0xf, 0xf2, 0x0, 0xaf, 0xc0, 0x2f, 0xf0, 0xf,
    0xf3, 0x0, 0x1e, 0xf7, 0x1f, 0xf0, 0xf, 0xf3,
    0x0, 0x4, 0xff, 0x2f, 0xf0, 0xf, 0xf3, 0x0,
    0x0, 0xaf, 0xbe, 0xf0, 0xf, 0xf3, 0x0, 0x0,
    0x1e, 0xff, 0xf0, 0xf, 0xf3, 0x0, 0x0, 0x5,
    0xff, 0xf0, 0xf, 0xf3, 0x0, 0x0, 0x0, 0xaf,
    0xf0,

    /* U+FF2F "Ｏ" */
    0x0, 0x0, 0x39, 0xdf, 0xfd, 0x93, 0x0, 0x0,
    0x0, 0x8, 0xff, 0xff, 0xff, 0xff, 0x80, 0x0,
    0x0, 0x9f, 0xfb, 0x40, 0x13, 0xbf, 0xf9, 0x0,
    0x4, 0xff, 0x80, 0x0, 0x0, 0x8, 0xff, 0x40,
    0xa, 0xfd, 0x0, 0x0, 0x0, 0x0, 0xdf, 0xa0,
    0xf, 0xf7, 0x0, 0x0, 0x0, 0x0, 0x7f, 0xf0,
    0x1f, 0xf4, 0x0, 0x0, 0x0, 0x0, 0x4f, 0xf1,
    0x2f, 0xf3, 0x0, 0x0, 0x0, 0x0, 0x3f, 0xf2,
    0x1f, 0xf4, 0x0, 0x0, 0x0, 0x0, 0x4f, 0xf1,
    0xf, 0xf7, 0x0, 0x0, 0x0, 0x0, 0x7f, 0xf0,
    0xb, 0xfd, 0x0, 0x0, 0x0, 0x0, 0xdf, 0xb0,
    0x4, 0xff, 0x70, 0x0, 0x0, 0x7, 0xff, 0x50,
    0x0, 0xaf, 0xf9, 0x10, 0x1, 0x9f, 0xfa, 0x0,
    0x0, 0xa, 0xff, 0xfe, 0xef, 0xff, 0xa0, 0x0,
    0x0, 0x0, 0x5b, 0xff, 0xff, 0xb5, 0x0, 0x0,
    0x0, 0x0, 0x0, 0x1, 0x10, 0x0, 0x0, 0x0,

    /* U+FF30 "Ｐ" */
    0x1d, 0xdd, 0xdc, 0xcb, 0x83, 0x0, 0x2, 0xff,
    0xff, 0xff, 0xff, 0xfb, 0x0, 0x2f, 0xf3, 0x0,
    0x13, 0x8f, 0xf9, 0x2, 0xff, 0x30, 0x0, 0x0,
    0x7f, 0xf0, 0x2f, 0xf3, 0x0, 0x0, 0x3, 0xff,
    0x12, 0xff, 0x30, 0x0, 0x0, 0x5f, 0xf0, 0x2f,
    0xf3, 0x0, 0x0, 0x3e, 0xfa, 0x2, 0xff, 0xba,
    0xab, 0xdf, 0xfd, 0x10, 0x2f, 0xff, 0xff, 0xff,
    0xd8, 0x10, 0x2, 0xff, 0x53, 0x32, 0x10, 0x0,
    0x0, 0x2f, 0xf3, 0x0, 0x0, 0x0, 0x0, 0x2,
    0xff, 0x30, 0x0, 0x0, 0x0, 0x0, 0x2f, 0xf3,
    0x0, 0x0, 0x0, 0x0, 0x2, 0xff, 0x30, 0x0,
    0x0, 0x0, 0x0, 0x2f, 0xf2, 0x0, 0x0, 0x0,
    0x0, 0x0,

    /* U+FF31 "Ｑ" */
    0x0, 0x0, 0x0, 0x0, 0x0, 0x0, 0x0, 0x0,
    0x0, 0x0, 0x39, 0xdf, 0xfd, 0x92, 0x0, 0x0,
    0x0, 0x8, 0xff, 0xff, 0xff, 0xff, 0x70, 0x0,
    0x0, 0x9f, 0xfb, 0x30, 0x14, 0xbf, 0xf8, 0x0,
    0x4, 0xff, 0x80, 0x0, 0x0, 0x9, 0xff, 0x30,
    0xa, 0xfd, 0x0, 0x0, 0x0, 0x0, 0xdf, 0xa0,
    0xf, 0xf7, 0x0, 0x0, 0x0, 0x0, 0x8f, 0xf0,
    0x1f, 0xf4, 0x0, 0x0, 0x0, 0x0, 0x4f, 0xf1,
    0x3f, 0xf2, 0x0, 0x0, 0x0, 0x0, 0x3f, 0xf2,
    0x2f, 0xf3, 0x0, 0x0, 0x0, 0x0, 0x4f, 0xf1,
    0xf, 0xf6, 0x0, 0x0, 0x0, 0x0, 0x7f, 0xf0,
    0xb, 0xfb, 0x0, 0x0, 0x0, 0x0, 0xcf, 0xb0,
    0x5, 0xff, 0x50, 0x0, 0x0, 0x6, 0xff, 0x40,
    0x0, 0xbf, 0xf6, 0x0, 0x0, 0x6f, 0xfa, 0x0,
    0x0, 0xb, 0xff, 0xeb, 0xbe, 0xff, 0xa0, 0x0,
    0x0, 0x0, 0x5d, 0xff, 0xff, 0xc5, 0x0, 0x0,
    0x0, 0x0, 0x0, 0x1d, 0xfc, 0x0, 0x0, 0x0,
    0x0, 0x0, 0x0, 0x3, 0xff, 0xd7, 0x31, 0x32,
    0x0, 0x0, 0x0, 0x0, 0x3e, 0xff, 0xff, 0xf9,
    0x0, 0x0, 0x0, 0x0, 0x0, 0x6a, 0xcc, 0xb6,

    /* U+FF32 "Ｒ" */
    0x2d, 0xdd, 0xdd, 0xcb, 0x84, 0x0, 0x2, 0xff,
    0xff, 0xff, 0xff, 0xfb, 0x0, 0x2f, 0xf1, 0x0,
    0x13, 0x8f, 0xf9, 0x2, 0xff, 0x10, 0x0, 0x0,
    0x7f, 0xf0, 0x2f, 0xf1, 0x0, 0x0, 0x4, 0xff,
    0x2, 0xff, 0x10, 0x0, 0x0, 0x7f, 0xe0, 0x2f,
    0xf1, 0x0, 0x0, 0x6f, 0xf8, 0x2, 0xff, 0xdd,
    0xde, 0xff, 0xfa, 0x0, 0x2f, 0xff, 0xff, 0xff,
    0xc4, 0x0, 0x2, 0xff, 0x10, 0x9, 0xfe, 0x10,
    0x0, 0x2f, 0xf1, 0x0, 0xd, 0xfa, 0x0, 0x2,
    0xff, 0x10, 0x0, 0x4f, 0xf5, 0x0, 0x2f, 0xf1,
    0x0, 0x0, 0x9f, 0xe1, 0x2, 0xff, 0x10, 0x0,
    0x0, 0xdf, 0xb0, 0x2f, 0xf0, 0x0, 0x0, 0x4,
    0xff, 0x50,

    /* U+FF33 "Ｓ" */
    0x0, 0x0, 0x0, 0x0, 0x0, 0x0, 0x0, 0x7,
    0xcf, 0xfe, 0xa5, 0x0, 0x1, 0xdf, 0xff, 0xff,
    0xff, 0xc2, 0xb, 0xfe, 0x61, 0x2, 0x7e, 0xe1,
    0xf, 0xf5, 0x0, 0x0, 0x0, 0x20, 0x1f, 0xf6,
    0x0, 0x0, 0x0, 0x0, 0xc, 0xff, 0x81, 0x0,
    0x0, 0x0, 0x1, 0xdf, 0xff, 0xc6, 0x10, 0x0,
    0x0, 0x8, 0xef, 0xff, 0xf8, 0x10, 0x0, 0x0,
    0x5, 0xaf, 0xff, 0xd1, 0x0, 0x0, 0x0, 0x1,
    0x8f, 0xfa, 0x0, 0x0, 0x0, 0x0, 0x9, 0xfe,
    0x6, 0x0, 0x0, 0x0, 0x8, 0xfd, 0x7f, 0xe7,
    0x10, 0x0, 0x5f, 0xf8, 0x4e, 0xff, 0xfe, 0xef,
    0xff, 0xc0, 0x0, 0x6c, 0xff, 0xff, 0xd7, 0x0,
    0x0, 0x0, 0x1, 0x20, 0x0, 0x0,

    /* U+FF34 "Ｔ" */
    0x7e, 0xee, 0xee, 0xee, 0xee, 0xee, 0xe1, 0x8f,
    0xff, 0xff, 0xff, 0xff, 0xff, 0xf1, 0x0, 0x0,
    0x6, 0xff, 0x0, 0x0, 0x0, 0x0, 0x0, 0x6,
    0xff, 0x0, 0x0, 0x0, 0x0, 0x0, 0x6, 0xff,
    0x0, 0x0, 0x0, 0x0, 0x0, 0x6, 0xff, 0x0,
    0x0, 0x0, 0x0, 0x0, 0x6, 0xff, 0x0, 0x0,
    0x0, 0x0, 0x0, 0x6, 0xff, 0x0, 0x0, 0x0,
    0x0, 0x0, 0x6, 0xff, 0x0, 0x0, 0x0, 0x0,
    0x0, 0x6, 0xff, 0x0, 0x0, 0x0, 0x0, 0x0,
    0x6, 0xff, 0x0, 0x0, 0x0, 0x0, 0x0, 0x6,
    0xff, 0x0, 0x0, 0x0, 0x0, 0x0, 0x6, 0xff,
    0x0, 0x0, 0x0, 0x0, 0x0, 0x6, 0xff, 0x0,
    0x0, 0x0, 0x0, 0x0, 0x5, 0xdc, 0x0, 0x0,
    0x0,

    /* U+FF35 "Ｕ" */
    0x1d, 0xd2, 0x0, 0x0, 0x0, 0x1d, 0xd2, 0x1f,
    0xf3, 0x0, 0x0, 0x0, 0x2f, 0xf3, 0x1f, 0xf3,
    0x0, 0x0, 0x0, 0x2f, 0xf3, 0x1f, 0xf3, 0x0,
    0x0, 0x0, 0x2f, 0xf3, 0x1f, 0xf3, 0x0, 0x0,
    0x0, 0x2f, 0xf3, 0x1f, 0xf3, 0x0, 0x0, 0x0,
    0x2f, 0xf3, 0x1f, 0xf3, 0x0, 0x0, 0x0, 0x2f,
    0xf3, 0x1f, 0xf3, 0x0, 0x0, 0x0, 0x2f, 0xf3,
    0x1f, 0xf3, 0x0, 0x0, 0x0, 0x2f, 0xf3, 0xf,
    0xf4, 0x0, 0x0, 0x0, 0x2f, 0xf2, 0xe, 0xf6,
    0x0, 0x0, 0x0, 0x5f, 0xf0, 0xa, 0xfc, 0x0,
    0x0, 0x0, 0xcf, 0xc0, 0x3, 0xff, 0xa2, 0x0,
    0x1a, 0xff, 0x40, 0x0, 0x7f, 0xff, 0xee, 0xff,
    0xf9, 0x0, 0x0, 0x4, 0xcf, 0xff, 0xfc, 0x50,
    0x0, 0x0, 0x0, 0x0, 0x11, 0x0, 0x0, 0x0,

    /* U+FF36 "Ｖ" */
    0x6c, 0xa0, 0x0, 0x0, 0x0, 0xa, 0xc6, 0x3f,
    0xf3, 0x0, 0x0, 0x0, 0x1f, 0xf3, 0xe, 0xf8,
    0x0, 0x0, 0x0, 0x7f, 0xe0, 0x8, 0xfe, 0x0,
    0x0, 0x0, 0xcf, 0x80, 0x2, 0xff, 0x30, 0x0,
    0x2, 0xff, 0x20, 0x0, 0xcf, 0x90, 0x0, 0x7,
    0xfc, 0x0, 0x0, 0x7f, 0xe0, 0x0, 0xc, 0xf6,
    0x0, 0x0, 0x1f, 0xf4, 0x0, 0x2f, 0xf1, 0x0,
    0x0, 0xb, 0xf9, 0x0, 0x7f, 0xb0, 0x0, 0x0,
    0x5, 0xfe, 0x0, 0xdf, 0x50, 0x0, 0x0, 0x0,
    0xff, 0x32, 0xff, 0x0, 0x0, 0x0, 0x0, 0xaf,
    0x97, 0xf9, 0x0, 0x0, 0x0, 0x0, 0x4f, 0xed,
    0xf4, 0x0, 0x0, 0x0, 0x0, 0xe, 0xff, 0xe0,
    0x0, 0x0, 0x0, 0x0, 0x8, 0xff, 0x80, 0x0,
    0x0,

    /* U+FF37 "Ｗ" */
    0x5c, 0xa0, 0x0, 0x0, 0xc, 0xc2, 0x0, 0x0,
    0x9, 0xc5, 0x4f, 0xf1, 0x0, 0x0, 0x5f, 0xf7,
    0x0, 0x0, 0xf, 0xf3, 0xf, 0xf4, 0x0, 0x0,
    0x9f, 0xfb, 0x0, 0x0, 0x3f, 0xf0, 0xc, 0xf8,
    0x0, 0x0, 0xee, 0xef, 0x0, 0x0, 0x6f, 0xc0,
    0x8, 0xfc, 0x0, 0x3, 0xfb, 0xbf, 0x50, 0x0,
    0xaf, 0x80, 0x4, 0xff, 0x0, 0x7, 0xf7, 0x7f,
    0x90, 0x0, 0xef, 0x40, 0x1, 0xff, 0x30, 0xc,
    0xf3, 0x3f, 0xe0, 0x1, 0xff, 0x10, 0x0, 0xdf,
    0x60, 0x1f, 0xe0, 0xe, 0xf2, 0x5, 0xfd, 0x0,
    0x0, 0x9f, 0xa0, 0x5f, 0xa0, 0xa, 0xf7, 0x8,
    0xf9, 0x0, 0x0, 0x5f, 0xd0, 0x9f, 0x50, 0x6,
    0xfb, 0xc, 0xf5, 0x0, 0x0, 0x1f, 0xf1, 0xdf,
    0x10, 0x1, 0xff, 0xf, 0xf2, 0x0, 0x0, 0xd,
    0xf6, 0xfd, 0x0, 0x0, 0xcf, 0x6f, 0xe0, 0x0,
    0x0, 0x9, 0xfe, 0xf8, 0x0, 0x0, 0x8f, 0xdf,
    0xa0, 0x0, 0x0, 0x5, 0xff, 0xf4, 0x0, 0x0,
    0x3f, 0xff, 0x60, 0x0, 0x0, 0x1, 0xff, 0xf0,
    0x0, 0x0, 0xf, 0xff, 0x30, 0x0,

    /* U+FF38 "Ｘ" */
    0x9, 0xca, 0x0, 0x0, 0x0, 0x8c, 0x80, 0x3,
    0xff, 0x50, 0x0, 0x4, 0xff, 0x20, 0x0, 0x8f,
    0xe1, 0x0, 0xd, 0xf8, 0x0, 0x0, 0xd, 0xf9,
    0x0, 0x7f, 0xd0, 0x0, 0x0, 0x4, 0xff, 0x31,
    0xff, 0x40, 0x0, 0x0, 0x0, 0xaf, 0xc9, 0xfa,
    0x0, 0x0, 0x0, 0x0, 0x1e, 0xff, 0xe1, 0x0,
    0x0, 0x0, 0x0, 0x9, 0xff, 0x90, 0x0, 0x0,
    0x0, 0x0, 0x2f, 0xff, 0xf1, 0x0, 0x0, 0x0,
    0x0, 0xbf, 0x8b, 0xfb, 0x0, 0x0, 0x0, 0x6,
    0xfe, 0x2, 0xff, 0x50, 0x0, 0x0, 0x1f, 0xf5,
    0x0, 0x8f, 0xe1, 0x0, 0x0, 0xaf, 0xb0, 0x0,
    0xd, 0xfa, 0x0, 0x5, 0xff, 0x20, 0x0, 0x4,
    0xff, 0x50, 0x1e, 0xf8, 0x0, 0x0, 0x0, 0xaf,
    0xe1,

    /* U+FF39 "Ｙ" */
    0x1b, 0xc5, 0x0, 0x0, 0x0, 0x4c, 0xb1, 0x8,
    0xfd, 0x0, 0x0, 0x0, 0xdf, 0x80, 0x1, 0xef,
    0x60, 0x0, 0x6, 0xfe, 0x10, 0x0, 0x7f, 0xe0,
    0x0, 0xe, 0xf7, 0x0, 0x0, 0xd, 0xf7, 0x0,
    0x7f, 0xd0, 0x0, 0x0, 0x5, 0xfe, 0x10, 0xef,
    0x50, 0x0, 0x0, 0x0, 0xcf, 0x87, 0xfc, 0x0,
    0x0, 0x0, 0x0, 0x3f, 0xff, 0xf3, 0x0, 0x0,
    0x0, 0x0, 0xa, 0xff, 0xa0, 0x0, 0x0, 0x0,
    0x0, 0x3, 0xff, 0x30, 0x0, 0x0, 0x0, 0x0,
    0x2, 0xff, 0x20, 0x0, 0x0, 0x0, 0x0, 0x2,
    0xff, 0x20, 0x0, 0x0, 0x0, 0x0, 0x2, 0xff,
    0x20, 0x0, 0x0, 0x0, 0x0, 0x2, 0xff, 0x20,
    0x0, 0x0, 0x0, 0x0, 0x2, 0xff, 0x20, 0x0,
    0x0,

    /* U+FF3A "Ｚ" */
    0x1e, 0xee, 0xee, 0xee, 0xee, 0xea, 0x1f, 0xff,
    0xff, 0xff, 0xff, 0xf9, 0x0, 0x0, 0x0, 0x0,
    0xaf, 0xe1, 0x0, 0x0, 0x0, 0x5, 0xff, 0x30,
    0x0, 0x0, 0x0, 0x2f, 0xf7, 0x0, 0x0, 0x0,
    0x0, 0xcf, 0xb0, 0x0, 0x0, 0x0, 0x8, 0xfe,
    0x10, 0x0, 0x0, 0x0, 0x4f, 0xf4, 0x0, 0x0,
    0x0, 0x1, 0xef, 0x80, 0x0, 0x0, 0x0, 0xb,
    0xfc, 0x0, 0x0, 0x0, 0x0, 0x7f, 0xf2, 0x0,
    0x0, 0x0, 0x3, 0xff, 0x50, 0x0, 0x0, 0x0,
    0xd, 0xf9, 0x0, 0x0, 0x0, 0x0, 0x9f, 0xff,
    0xff, 0xff, 0xff, 0xfe, 0xbf, 0xff, 0xff, 0xff,
    0xff, 0xfe,

    /* U+FF3B "［" */
    0xbf, 0xff, 0xf5, 0xcf, 0x55, 0x51, 0xcf, 0x0,
    0x0, 0xcf, 0x0, 0x0, 0xcf, 0x0, 0x0, 0xcf,
    0x0, 0x0, 0xcf, 0x0, 0x0, 0xcf, 0x0, 0x0,
    0xcf, 0x0, 0x0, 0xcf, 0x0, 0x0, 0xcf, 0x0,
    0x0, 0xcf, 0x0, 0x0, 0xcf, 0x0, 0x0, 0xcf,
    0x0, 0x0, 0xcf, 0x0, 0x0, 0xcf, 0x0, 0x0,
    0xcf, 0x0, 0x0, 0xcf, 0x44, 0x41, 0xcf, 0xff,
    0xf5,

    /* U+FF3C "＼" */
    0x2a, 0x0, 0x0, 0x0, 0x0, 0x0, 0x0, 0x0,
    0x0, 0x0, 0x8, 0xb0, 0x0, 0x0, 0x0, 0x0,
    0x0, 0x0, 0x0, 0x0, 0x0, 0x8b, 0x0, 0x0,
    0x0, 0x0, 0x0, 0x0, 0x0, 0x0, 0x0, 0x8,
    0xb0, 0x0, 0x0, 0x0, 0x0, 0x0, 0x0, 0x0,
    0x0, 0x0, 0x8b, 0x0, 0x0, 0x0, 0x0, 0x0,
    0x0, 0x0, 0x0, 0x0, 0x8, 0xb0, 0x0, 0x0,
    0x0, 0x0, 0x0, 0x0, 0x0, 0x0, 0x0, 0x8b,
    0x0, 0x0, 0x0, 0x0, 0x0, 0x0, 0x0, 0x0,
    0x0, 0x8, 0xb0, 0x0, 0x0, 0x0, 0x0, 0x0,
    0x0, 0x0, 0x0, 0x0, 0x8b, 0x0, 0x0, 0x0,
    0x0, 0x0, 0x0, 0x0, 0x0, 0x0, 0x8, 0xb0,
    0x0, 0x0, 0x0, 0x0, 0x0, 0x0, 0x0, 0x0,
    0x0, 0x8b, 0x0, 0x0, 0x0, 0x0, 0x0, 0x0,
    0x0, 0x0, 0x0, 0x8, 0xb0, 0x0, 0x0, 0x0,
    0x0, 0x0, 0x0, 0x0, 0x0, 0x0, 0x8b, 0x0,
    0x0, 0x0, 0x0, 0x0, 0x0, 0x0, 0x0, 0x0,
    0x8, 0xb0, 0x0, 0x0, 0x0, 0x0, 0x0, 0x0,
    0x0, 0x0, 0x0, 0x8b, 0x0, 0x0, 0x0, 0x0,
    0x0, 0x0, 0x0, 0x0, 0x0, 0x8, 0xb0, 0x0,
    0x0, 0x0, 0x0, 0x0, 0x0, 0x0, 0x0, 0x0,
    0x8b, 0x0, 0x0, 0x0, 0x0, 0x0, 0x0, 0x0,
    0x0, 0x0, 0x8, 0xb0, 0x0, 0x0, 0x0, 0x0,
    0x0, 0x0, 0x0, 0x0, 0x0, 0x71,

    /* U+FF3D "］" */
    0x5f, 0xff, 0xfb, 0x14, 0x44, 0xfc, 0x0, 0x0,
    0xfc, 0x0, 0x0, 0xfc, 0x0, 0x0, 0xfc, 0x0,
    0x0, 0xfc, 0x0, 0x0, 0xfc, 0x0, 0x0, 0xfc,
    0x0, 0x0, 0xfc, 0x0, 0x0, 0xfc, 0x0, 0x0,
    0xfc, 0x0, 0x0, 0xfc, 0x0, 0x0, 0xfc, 0x0,
    0x0, 0xfc, 0x0, 0x0, 0xfc, 0x0, 0x0, 0xfc,
    0x0, 0x0, 0xfc, 0x14, 0x44, 0xfc, 0x5f, 0xff,
    0xfc,

    /* U+FF3E "＾" */
    0x0, 0x2d, 0xe6, 0x0, 0x1, 0xdd, 0x9f, 0x40,
    0x9, 0xd1, 0xa, 0xd2,

    /* U+FF3F "＿" */
    0xbb, 0xbb, 0xbb, 0xbb, 0xbb, 0xbb, 0xbb, 0xbb,
    0xbb, 0xbb, 0x22, 0x22, 0x22, 0x22, 0x22, 0x22,
    0x22, 0x22, 0x22, 0x22,

    /* U+FF40 "｀" */
    0x1c, 0xe9, 0x0, 0x1, 0xdf, 0x50, 0x0, 0x1b,
    0xc1,

    /* U+FF41 "ａ" */
    0x0, 0x0, 0x0, 0x10, 0x0, 0x0, 0x3, 0x9e,
    0xff, 0xfb, 0x30, 0x6, 0xff, 0xfc, 0xcf, 0xff,
    0x20, 0x1b, 0x50, 0x0, 0x1e, 0xfa, 0x0, 0x0,
    0x0, 0x0, 0x6f, 0xe0, 0x0, 0x4, 0x7a, 0xce,
    0xff, 0x0, 0x7e, 0xff, 0xdb, 0xbf, 0xf0, 0x8f,
    0xe5, 0x0, 0x5, 0xff, 0xf, 0xf4, 0x0, 0x0,
    0x5f, 0xf0, 0xff, 0x50, 0x0, 0x4d, 0xff, 0xa,
    0xff, 0xca, 0xdf, 0xbf, 0xf0, 0x9, 0xff, 0xfc,
    0x40, 0xde, 0x0, 0x0, 0x10, 0x0, 0x0, 0x0,

    /* U+FF42 "ｂ" */
    0x1c, 0xc2, 0x0, 0x0, 0x0, 0x0, 0x2f, 0xf3,
    0x0, 0x0, 0x0, 0x0, 0x2f, 0xf3, 0x0, 0x0,
    0x0, 0x0, 0x2f, 0xf3, 0x0, 0x0, 0x0, 0x0,
    0x2f, 0xf2, 0x0, 0x11, 0x0, 0x0, 0x2f, 0xf2,
    0x7e, 0xff, 0xe7, 0x0, 0x2f, 0xfe, 0xfe, 0xdf,
    0xff, 0xa0, 0x2f, 0xfd, 0x30, 0x0, 0x9f, 0xf4,
    0x2f, 0xf3, 0x0, 0x0, 0xe, 0xf9, 0x2f, 0xf3,
    0x0, 0x0, 0x9, 0xfc, 0x2f, 0xf3, 0x0, 0x0,
    0x8, 0xfd, 0x2f, 0xf3, 0x0, 0x0, 0xa, 0xfb,
    0x2f, 0xf3, 0x0, 0x0, 0x1f, 0xf8, 0x2f, 0xf9,
    0x10, 0x2, 0xcf, 0xf2, 0x2f, 0xff, 0xfe, 0xdf,
    0xff, 0x60, 0x2e, 0xb2, 0xbf, 0xff, 0xc4, 0x0,
    0x0, 0x0, 0x0, 0x10, 0x0, 0x0,

    /* U+FF43 "ｃ" */
    0x0, 0x0, 0x0, 0x11, 0x0, 0x0, 0x0, 0x2,
    0x9e, 0xff, 0xfa, 0x20, 0x0, 0x5f, 0xff, 0xdc,
    0xff, 0xe0, 0x3, 0xff, 0xc2, 0x0, 0x7, 0x50,
    0xb, 0xfd, 0x0, 0x0, 0x0, 0x0, 0xf, 0xf7,
    0x0, 0x0, 0x0, 0x0, 0xf, 0xf5, 0x0, 0x0,
    0x0, 0x0, 0xf, 0xf7, 0x0, 0x0, 0x0, 0x0,
    0xb, 0xfd, 0x0, 0x0, 0x0, 0x0, 0x4, 0xff,
    0xb2, 0x0, 0x6, 0xb0, 0x0, 0x6f, 0xff, 0xdc,
    0xff, 0xf3, 0x0, 0x3, 0xbf, 0xff, 0xe9, 0x20,
    0x0, 0x0, 0x0, 0x11, 0x0, 0x0,

    /* U+FF44 "ｄ" */
    0x0, 0x0, 0x0, 0x0, 0x2c, 0xc1, 0x0, 0x0,
    0x0, 0x0, 0x3f, 0xf2, 0x0, 0x0, 0x0, 0x0,
    0x3f, 0xf2, 0x0, 0x0, 0x0, 0x0, 0x3f, 0xf2,
    0x0, 0x0, 0x1, 0x0, 0x2f, 0xf2, 0x0, 0x3c,
    0xff, 0xfa, 0x4f, 0xf2, 0x5, 0xff, 0xfd, 0xef,
    0xff, 0xf2, 0x1f, 0xfc, 0x20, 0x1, 0x9f, 0xf2,
    0x8f, 0xf1, 0x0, 0x0, 0x3f, 0xf2, 0xcf, 0xa0,
    0x0, 0x0, 0x3f, 0xf2, 0xdf, 0x80, 0x0, 0x0,
    0x3f, 0xf2, 0xcf, 0x90, 0x0, 0x0, 0x3f, 0xf2,
    0x9f, 0xe0, 0x0, 0x0, 0x3f, 0xf2, 0x3f, 0xfb,
    0x10, 0x2, 0xcf, 0xf2, 0x8, 0xff, 0xfd, 0xdf,
    0xff, 0xf2, 0x0, 0x6d, 0xff, 0xfa, 0x2b, 0xe2,
    0x0, 0x0, 0x11, 0x0, 0x0, 0x0,

    /* U+FF45 "ｅ" */
    0x0, 0x0, 0x0, 0x10, 0x0, 0x0, 0x0, 0x5,
    0xcf, 0xff, 0xc5, 0x0, 0x0, 0xaf, 0xfc, 0xac,
    0xff, 0x80, 0x7, 0xfe, 0x30, 0x0, 0x3f, 0xf3,
    0xf, 0xf5, 0x0, 0x0, 0x8, 0xf9, 0x4f, 0xf9,
    0x88, 0x88, 0x8b, 0xfb, 0x5f, 0xff, 0xff, 0xff,
    0xff, 0xfb, 0x3f, 0xf2, 0x0, 0x0, 0x0, 0x0,
    0xf, 0xf7, 0x0, 0x0, 0x0, 0x0, 0x8, 0xff,
    0x60, 0x0, 0x2, 0x50, 0x0, 0xaf, 0xfe, 0xbb,
    0xdf, 0xf1, 0x0, 0x5, 0xbf, 0xff, 0xfb, 0x50,
    0x0, 0x0, 0x0, 0x11, 0x0, 0x0,

    /* U+FF46 "ｆ" */
    0x0, 0x0, 0x0, 0x1, 0x10, 0x0, 0x0, 0x0,
    0x9, 0xff, 0xff, 0xb1, 0x0, 0x0, 0xcf, 0xfd,
    0xbd, 0xe0, 0x0, 0x4, 0xff, 0x50, 0x0, 0x0,
    0x0, 0x7, 0xfd, 0x0, 0x0, 0x0, 0x0, 0x9,
    0xfb, 0x0, 0x0, 0x0, 0x9f, 0xff, 0xff, 0xff,
    0xff, 0x10, 0x8d, 0xde, 0xff, 0xdd, 0xdd, 0x10,
    0x0, 0x9, 0xfb, 0x0, 0x0, 0x0, 0x0, 0x9,
    0xfb, 0x0, 0x0, 0x0, 0x0, 0x9, 0xfb, 0x0,
    0x0, 0x0, 0x0, 0x9, 0xfb, 0x0, 0x0, 0x0,
    0x0, 0x9, 0xfb, 0x0, 0x0, 0x0, 0x0, 0x9,
    0xfb, 0x0, 0x0, 0x0, 0x0, 0x9, 0xfb, 0x0,
    0x0, 0x0, 0x0, 0x9, 0xfb, 0x0, 0x0, 0x0,
    0x0, 0x9, 0xfb, 0x0, 0x0, 0x0,

    /* U+FF47 "ｇ" */
    0x0, 0x0, 0x24, 0x30, 0x0, 0x0, 0x0, 0x5e,
    0xff, 0xff, 0xff, 0xfd, 0x6, 0xff, 0x95, 0x8f,
    0xfc, 0xb9, 0xe, 0xf7, 0x0, 0x6, 0xfb, 0x0,
    0x1f, 0xf2, 0x0, 0x0, 0xff, 0x0, 0xf, 0xf4,
    0x0, 0x2, 0xff, 0x0, 0x8, 0xfe, 0x30, 0x2d,
    0xf9, 0x0, 0x0, 0xef, 0xff, 0xff, 0xa0, 0x0,
    0x9, 0xf5, 0x67, 0x62, 0x0, 0x0, 0xf, 0xe1,
    0x0, 0x0, 0x0, 0x0, 0xc, 0xff, 0xdc, 0xcc,
    0xb9, 0x40, 0x4, 0xff, 0xff, 0xff, 0xff, 0xf6,
    0x3f, 0xa0, 0x0, 0x1, 0x2c, 0xfc, 0xaf, 0x40,
    0x0, 0x0, 0x7, 0xfb, 0x9f, 0xb0, 0x0, 0x0,
    0x3e, 0xf4, 0x2e, 0xff, 0xb9, 0xad, 0xff, 0x60,
    0x1, 0x7b, 0xde, 0xdb, 0x71, 0x0,

    /* U+FF48 "ｈ" */
    0xff, 0x40, 0x0, 0x0, 0x0, 0xf, 0xf4, 0x0,
    0x0, 0x0, 0x0, 0xff, 0x40, 0x0, 0x0, 0x0,
    0xf, 0xf4, 0x0, 0x0, 0x0, 0x0, 0xff, 0x40,
    0x3, 0x42, 0x0, 0xf, 0xf3, 0x6e, 0xff, 0xfb,
    0x10, 0xff, 0xdf, 0xec, 0xef, 0xfa, 0xf, 0xfe,
    0x50, 0x0, 0xaf, 0xf0, 0xff, 0x50, 0x0, 0x3,
    0xff, 0x2f, 0xf4, 0x0, 0x0, 0x2f, 0xf2, 0xff,
    0x40, 0x0, 0x2, 0xff, 0x3f, 0xf4, 0x0, 0x0,
    0x2f, 0xf3, 0xff, 0x40, 0x0, 0x2, 0xff, 0x3f,
    0xf4, 0x0, 0x0, 0x2f, 0xf3, 0xff, 0x40, 0x0,
    0x2, 0xff, 0x3f, 0xf4, 0x0, 0x0, 0x2f, 0xf3,

    /* U+FF49 "ｉ" */
    0x0, 0x0, 0x4f, 0xf4, 0x9f, 0xf9, 0x2c, 0xc2,
    0x0, 0x0, 0x0, 0x0, 0x2f, 0xf3, 0x2f, 0xf3,
    0x2f, 0xf3, 0x2f, 0xf3, 0x2f, 0xf3, 0x2f, 0xf3,
    0x2f, 0xf3, 0x2f, 0xf3, 0x2f, 0xf3, 0x2f, 0xf3,
    0x2f, 0xf3,

    /* U+FF4B "ｋ" */
    0x5f, 0xd0, 0x0, 0x0, 0x0, 0x0, 0x5f, 0xe0,
    0x0, 0x0, 0x0, 0x0, 0x5f, 0xe0, 0x0, 0x0,
    0x0, 0x0, 0x5f, 0xe0, 0x0, 0x0, 0x0, 0x0,
    0x5f, 0xe0, 0x0, 0x0, 0x0, 0x0, 0x5f, 0xe0,
    0x0, 0x5, 0xff, 0x40, 0x5f, 0xe0, 0x0, 0x4f,
    0xf5, 0x0, 0x5f, 0xe0, 0x4, 0xff, 0x50, 0x0,
    0x5f, 0xe0, 0x3f, 0xf6, 0x0, 0x0, 0x5f, 0xe3,
    0xff, 0xb0, 0x0, 0x0, 0x5f, 0xfe, 0xff, 0xf4,
    0x0, 0x0, 0x5f, 0xff, 0x88, 0xfe, 0x10, 0x0,
    0x5f, 0xf8, 0x0, 0xcf, 0xb0, 0x0, 0x5f, 0xe0,
    0x0, 0x2f, 0xf7, 0x0, 0x5f, 0xe0, 0x0, 0x5,
    0xff, 0x30, 0x5f, 0xe0, 0x0, 0x0, 0x9f, 0xd0,

    /* U+FF4C "ｌ" */
    0x0, 0x0, 0x0, 0x0, 0x6f, 0xe0, 0x0, 0x0,
    0x6f, 0xe0, 0x0, 0x0, 0x6f, 0xe0, 0x0, 0x0,
    0x6f, 0xe0, 0x0, 0x0, 0x6f, 0xe0, 0x0, 0x0,
    0x6f, 0xe0, 0x0, 0x0, 0x6f, 0xe0, 0x0, 0x0,
    0x6f, 0xe0, 0x0, 0x0, 0x6f, 0xe0, 0x0, 0x0,
    0x6f, 0xe0, 0x0, 0x0, 0x6f, 0xe0, 0x0, 0x0,
    0x6f, 0xe0, 0x0, 0x0, 0x5f, 0xf0, 0x0, 0x0,
    0x2f, 0xf5, 0x0, 0x10, 0xb, 0xff, 0xdd, 0xf2,
    0x1, 0xbf, 0xff, 0xd4, 0x0, 0x0, 0x20, 0x0,

    /* U+FF4D "ｍ" */
    0x0, 0x0, 0x3, 0x31, 0x0, 0x0, 0x13, 0x30,
    0x0, 0xef, 0x5, 0xef, 0xff, 0xa0, 0x9, 0xff,
    0xfe, 0x40, 0xef, 0xcf, 0xec, 0xef, 0xfa, 0xdf,
    0xcc, 0xff, 0xe0, 0xef, 0xf5, 0x0, 0x1d, 0xff,
    0xc2, 0x0, 0x5f, 0xf5, 0xef, 0x60, 0x0, 0x7,
    0xff, 0x0, 0x0, 0xe, 0xf7, 0xef, 0x60, 0x0,
    0x5, 0xff, 0x0, 0x0, 0xc, 0xf8, 0xef, 0x60,
    0x0, 0x5, 0xff, 0x0, 0x0, 0xc, 0xf8, 0xef,
    0x60, 0x0, 0x5, 0xff, 0x0, 0x0, 0xc, 0xf8,
    0xef, 0x60, 0x0, 0x5, 0xff, 0x0, 0x0, 0xc,
    0xf8, 0xef, 0x60, 0x0, 0x5, 0xff, 0x0, 0x0,
    0xc, 0xf8, 0xef, 0x60, 0x0, 0x5, 0xff, 0x0,
    0x0, 0xc, 0xf8, 0xef, 0x60, 0x0, 0x5, 0xff,
    0x0, 0x0, 0xc, 0xf8,

    /* U+FF4E "ｎ" */
    0x0, 0x0, 0x0, 0x34, 0x20, 0x0, 0xf, 0xe0,
    0x6e, 0xff, 0xfc, 0x10, 0xf, 0xfc, 0xfd, 0xce,
    0xff, 0x90, 0xf, 0xfe, 0x40, 0x0, 0xbf, 0xf0,
    0xf, 0xf4, 0x0, 0x0, 0x4f, 0xf2, 0xf, 0xf4,
    0x0, 0x0, 0x3f, 0xf3, 0xf, 0xf4, 0x0, 0x0,
    0x3f, 0xf3, 0xf, 0xf4, 0x0, 0x0, 0x3f, 0xf3,
    0xf, 0xf4, 0x0, 0x0, 0x3f, 0xf3, 0xf, 0xf4,
    0x0, 0x0, 0x3f, 0xf3, 0xf, 0xf4, 0x0, 0x0,
    0x3f, 0xf3, 0xf, 0xf4, 0x0, 0x0, 0x3f, 0xf3,

    /* U+FF4F "ｏ" */
    0x0, 0x0, 0x1, 0x10, 0x0, 0x0, 0x0, 0x19,
    0xef, 0xfe, 0x91, 0x0, 0x3, 0xef, 0xfd, 0xdf,
    0xfe, 0x30, 0x1e, 0xfc, 0x20, 0x2, 0xdf, 0xe0,
    0x7f, 0xf2, 0x0, 0x0, 0x2f, 0xf7, 0xbf, 0xc0,
    0x0, 0x0, 0xc, 0xfb, 0xcf, 0xa0, 0x0, 0x0,
    0xa, 0xfc, 0xbf, 0xb0, 0x0, 0x0, 0xb, 0xfb,
    0x7f, 0xf1, 0x0, 0x0, 0x1f, 0xf7, 0xe, 0xfc,
    0x20, 0x2, 0xcf, 0xe0, 0x3, 0xef, 0xfd, 0xdf,
    0xfe, 0x30, 0x0, 0x19, 0xef, 0xfe, 0x91, 0x0,
    0x0, 0x0, 0x1, 0x10, 0x0, 0x0,

    /* U+FF50 "ｐ" */
    0x0, 0x0, 0x1, 0x34, 0x10, 0x0, 0x2f, 0xd1,
    0xaf, 0xff, 0xfa, 0x0, 0x2f, 0xff, 0xfc, 0xad,
    0xff, 0xc0, 0x2f, 0xfb, 0x20, 0x0, 0x7f, 0xf5,
    0x2f, 0xf2, 0x0, 0x0, 0xd, 0xfa, 0x2f, 0xf2,
    0x0, 0x0, 0x9, 0xfc, 0x2f, 0xf2, 0x0, 0x0,
    0x9, 0xfd, 0x2f, 0xf2, 0x0, 0x0, 0xa, 0xfb,
    0x2f, 0xf2, 0x0, 0x0, 0x1f, 0xf8, 0x2f, 0xf8,
    0x0, 0x0, 0xbf, 0xf2, 0x2f, 0xff, 0xfc, 0xbf,
    0xff, 0x60, 0x2f, 0xf6, 0xcf, 0xff, 0xd5, 0x0,
    0x2f, 0xf2, 0x1, 0x31, 0x0, 0x0, 0x2f, 0xf2,
    0x0, 0x0, 0x0, 0x0, 0x2f, 0xf2, 0x0, 0x0,
    0x0, 0x0, 0x2f, 0xf2, 0x0, 0x0, 0x0, 0x0,
    0x17, 0x71, 0x0, 0x0, 0x0, 0x0,

    /* U+FF51 "ｑ" */
    0x0, 0x0, 0x24, 0x20, 0x0, 0x0, 0x0, 0x4d,
    0xff, 0xfd, 0x4c, 0xf2, 0x6, 0xff, 0xeb, 0xbe,
    0xff, 0xf2, 0x2f, 0xfb, 0x0, 0x0, 0x7f, 0xf2,
    0x8f, 0xe0, 0x0, 0x0, 0x3f, 0xf2, 0xbf, 0xa0,
    0x0, 0x0, 0x3f, 0xf2, 0xdf, 0x80, 0x0, 0x0,
    0x3f, 0xf2, 0xcf, 0x90, 0x0, 0x0, 0x3f, 0xf2,
    0x9f, 0xe0, 0x0, 0x0, 0x3f, 0xf2, 0x3f, 0xfa,
    0x0, 0x1, 0xbf, 0xf2, 0x9, 0xff, 0xeb, 0xcf,
    0xff, 0xf2, 0x0, 0x7e, 0xff, 0xfb, 0x3f, 0xf2,
    0x0, 0x0, 0x23, 0x10, 0x2f, 0xf2, 0x0, 0x0,
    0x0, 0x0, 0x3f, 0xf2, 0x0, 0x0, 0x0, 0x0,
    0x3f, 0xf2, 0x0, 0x0, 0x0, 0x0, 0x3f, 0xf2,
    0x0, 0x0, 0x0, 0x0, 0x17, 0x71,

    /* U+FF52 "ｒ" */
    0x0, 0x0, 0x0, 0x33, 0x10, 0xef, 0x0, 0x9f,
    0xff, 0xf2, 0xef, 0x3d, 0xfe, 0xcd, 0xd0, 0xef,
    0xdf, 0x60, 0x0, 0x0, 0xef, 0xf4, 0x0, 0x0,
    0x0, 0xef, 0x90, 0x0, 0x0, 0x0, 0xef, 0x60,
    0x0, 0x0, 0x0, 0xef, 0x60, 0x0, 0x0, 0x0,
    0xef, 0x60, 0x0, 0x0, 0x0, 0xef, 0x60, 0x0,
    0x0, 0x0, 0xef, 0x60, 0x0, 0x0, 0x0, 0xef,
    0x60, 0x0, 0x0, 0x0,

    /* U+FF53 "ｓ" */
    0x0, 0x0, 0x1, 0x10, 0x0, 0x0, 0x0, 0x2a,
    0xff, 0xff, 0xc6, 0x0, 0x1, 0xef, 0xea, 0x9c,
    0xff, 0x70, 0x7, 0xfe, 0x0, 0x0, 0x28, 0x0,
    0x7, 0xff, 0x30, 0x0, 0x0, 0x0, 0x0, 0xcf,
    0xfc, 0x73, 0x0, 0x0, 0x0, 0x5, 0xbf, 0xff,
    0xd7, 0x0, 0x0, 0x0, 0x1, 0x5a, 0xff, 0xb0,
    0x0, 0x0, 0x0, 0x0, 0x4f, 0xf2, 0x7, 0xa2,
    0x0, 0x0, 0x4f, 0xf2, 0xd, 0xff, 0xca, 0x9b,
    0xff, 0x90, 0x0, 0x5b, 0xff, 0xff, 0xd6, 0x0,
    0x0, 0x0, 0x1, 0x10, 0x0, 0x0,

    /* U+FF54 "ｔ" */
    0x0, 0x0, 0x11, 0x0, 0x0, 0x0, 0x0, 0x1,
    0xfe, 0x0, 0x0, 0x0, 0x0, 0x2, 0xfe, 0x0,
    0x0, 0x0, 0x0, 0x4, 0xfe, 0x0, 0x0, 0x0,
    0x6f, 0xff, 0xff, 0xff, 0xff, 0xf1, 0x5d, 0xde,
    0xff, 0xdd, 0xdd, 0xd1, 0x0, 0x6, 0xfe, 0x0,
    0x0, 0x0, 0x0, 0x6, 0xfe, 0x0, 0x0, 0x0,
    0x0, 0x6, 0xfe, 0x0, 0x0, 0x0, 0x0, 0x6,
    0xfe, 0x0, 0x0, 0x0, 0x0, 0x6, 0xfe, 0x0,
    0x0, 0x0, 0x0, 0x5, 0xff, 0x0, 0x0, 0x0,
    0x0, 0x1, 0xff, 0x70, 0x0, 0x0, 0x0, 0x0,
    0xaf, 0xfd, 0xbc, 0xf3, 0x0, 0x0, 0x9, 0xff,
    0xff, 0xc4, 0x0, 0x0, 0x0, 0x1, 0x10, 0x0,

    /* U+FF55 "ｕ" */
    0x2, 0x20, 0x0, 0x0, 0x2, 0x22, 0xff, 0x30,
    0x0, 0x5, 0xff, 0x2f, 0xf3, 0x0, 0x0, 0x5f,
    0xf2, 0xff, 0x30, 0x0, 0x5, 0xff, 0x2f, 0xf3,
    0x0, 0x0, 0x5f, 0xf2, 0xff, 0x30, 0x0, 0x5,
    0xff, 0x2f, 0xf3, 0x0, 0x0, 0x5f, 0xf1, 0xff,
    0x30, 0x0, 0x5, 0xff, 0xf, 0xf5, 0x0, 0x0,
    0x7f, 0xf0, 0xef, 0xc1, 0x0, 0x8f, 0xff, 0x7,
    0xff, 0xfe, 0xff, 0x8f, 0xf0, 0x9, 0xff, 0xfc,
    0x40, 0xde, 0x0, 0x0, 0x10, 0x0, 0x0, 0x0,

    /* U+FF56 "ｖ" */
    0x0, 0x0, 0x0, 0x0, 0x0, 0x0, 0x8f, 0xd0,
    0x0, 0x0, 0xb, 0xf8, 0x1f, 0xf3, 0x0, 0x0,
    0x1f, 0xf2, 0xb, 0xf9, 0x0, 0x0, 0x7f, 0xb0,
    0x4, 0xfe, 0x0, 0x0, 0xdf, 0x50, 0x0, 0xef,
    0x50, 0x3, 0xfe, 0x0, 0x0, 0x8f, 0xb0, 0x9,
    0xf8, 0x0, 0x0, 0x1f, 0xf1, 0xf, 0xf2, 0x0,
    0x0, 0xb, 0xf6, 0x5f, 0xc0, 0x0, 0x0, 0x4,
    0xfc, 0xaf, 0x50, 0x0, 0x0, 0x0, 0xef, 0xfe,
    0x0, 0x0, 0x0, 0x0, 0x7f, 0xf9, 0x0, 0x0,

    /* U+FF57 "ｗ" */
    0x0, 0x0, 0x0, 0x0, 0x0, 0x0, 0x0, 0x0,
    0x0, 0x9f, 0xb0, 0x0, 0x3, 0xff, 0x40, 0x0,
    0xa, 0xf8, 0x3f, 0xf0, 0x0, 0x8, 0xff, 0x90,
    0x0, 0xe, 0xf3, 0xe, 0xf5, 0x0, 0xc, 0xee,
    0xe0, 0x0, 0x3f, 0xe0, 0x9, 0xfa, 0x0, 0x1f,
    0x9a, 0xf3, 0x0, 0x8f, 0x90, 0x4, 0xfe, 0x0,
    0x6f, 0x55, 0xf8, 0x0, 0xcf, 0x50, 0x0, 0xff,
    0x30, 0xbf, 0x1, 0xfd, 0x1, 0xff, 0x0, 0x0,
    0xaf, 0x70, 0xfb, 0x0, 0xcf, 0x25, 0xfb, 0x0,
    0x0, 0x5f, 0xb4, 0xf6, 0x0, 0x7f, 0x69, 0xf6,
    0x0, 0x0, 0xf, 0xf9, 0xf2, 0x0, 0x2f, 0xbd,
    0xf1, 0x0, 0x0, 0xb, 0xff, 0xd0, 0x0, 0xd,
    0xff, 0xc0, 0x0, 0x0, 0x6, 0xff, 0x80, 0x0,
    0x8, 0xff, 0x80, 0x0,

    /* U+FF58 "ｘ" */
    0x0, 0x0, 0x0, 0x0, 0x0, 0x0, 0xc, 0xfb,
    0x0, 0x0, 0x9f, 0xc0, 0x1, 0xff, 0x60, 0x4,
    0xff, 0x20, 0x0, 0x5f, 0xf2, 0xd, 0xf6, 0x0,
    0x0, 0xa, 0xfc, 0x7f, 0xc0, 0x0, 0x0, 0x0,
    0xef, 0xff, 0x20, 0x0, 0x0, 0x0, 0xaf, 0xf9,
    0x0, 0x0, 0x0, 0x5, 0xfe, 0xff, 0x20, 0x0,
    0x0, 0x1e, 0xf4, 0x9f, 0xd0, 0x0, 0x0, 0xbf,
    0xa0, 0xd, 0xf9, 0x0, 0x6, 0xfe, 0x10, 0x2,
    0xff, 0x50, 0x2f, 0xf4, 0x0, 0x0, 0x6f, 0xf2,

    /* U+FF59 "ｙ" */
    0x8e, 0xb0, 0x0, 0x0, 0x9, 0xe8, 0x2f, 0xf3,
    0x0, 0x0, 0xf, 0xf3, 0xa, 0xf9, 0x0, 0x0,
    0x5f, 0xc0, 0x3, 0xff, 0x10, 0x0, 0xbf, 0x60,
    0x0, 0xcf, 0x70, 0x1, 0xff, 0x0, 0x0, 0x5f,
    0xe0, 0x7, 0xfa, 0x0, 0x0, 0xd, 0xf4, 0xd,
    0xf3, 0x0, 0x0, 0x6, 0xfb, 0x2f, 0xd0, 0x0,
    0x0, 0x0, 0xef, 0xaf, 0x70, 0x0, 0x0, 0x0,
    0x8f, 0xff, 0x10, 0x0, 0x0, 0x0, 0x1f, 0xfa,
    0x0, 0x0, 0x0, 0x0, 0xe, 0xf4, 0x0, 0x0,
    0x0, 0x0, 0x7f, 0xd0, 0x0, 0x0, 0x2, 0x27,
    0xff, 0x40, 0x0, 0x0, 0xe, 0xff, 0xf7, 0x0,
    0x0, 0x0, 0x19, 0xb9, 0x30, 0x0, 0x0, 0x0,

    /* U+FF5B "｛" */
    0x0, 0x0, 0x1, 0x0, 0x1, 0xcf, 0xf2, 0x0,
    0x7f, 0x82, 0x0, 0x9, 0xf2, 0x0, 0x0, 0x9f,
    0x10, 0x0, 0x8, 0xf2, 0x0, 0x0, 0x7f, 0x20,
    0x0, 0x7, 0xf3, 0x0, 0x0, 0x8f, 0x20, 0x1,
    0x7f, 0xd0, 0x0, 0x5f, 0xf4, 0x0, 0x0, 0x3e,
    0xe0, 0x0, 0x0, 0x7f, 0x20, 0x0, 0x7, 0xf2,
    0x0, 0x0, 0x7f, 0x20, 0x0, 0x9, 0xf2, 0x0,
    0x0, 0x9f, 0x10, 0x0, 0x9, 0xf2, 0x0, 0x0,
    0x6f, 0xa4, 0x0, 0x0, 0xae, 0xf2,

    /* U+FF5C "｜" */
    0x28, 0x3a, 0x3a, 0x3a, 0x3a, 0x3a, 0x3a, 0x3a,
    0x3a, 0x3a, 0x3a, 0x3a, 0x3a, 0x3a, 0x3a, 0x3a,
    0x3a, 0x3a, 0x3a, 0x3a, 0x1,

    /* U+FF5D "｝" */
    0x1, 0x0, 0x0, 0x2, 0xff, 0xc1, 0x0, 0x2,
    0x8f, 0x70, 0x0, 0x2, 0xf9, 0x0, 0x0, 0x1f,
    0x90, 0x0, 0x2, 0xf8, 0x0, 0x0, 0x2f, 0x70,
    0x0, 0x3, 0xf6, 0x0, 0x0, 0x2f, 0x80, 0x0,
    0x0, 0xdf, 0x71, 0x0, 0x4, 0xff, 0x40, 0x0,
    0xee, 0x30, 0x0, 0x2f, 0x70, 0x0, 0x3, 0xf7,
    0x0, 0x0, 0x2f, 0x70, 0x0, 0x2, 0xf8, 0x0,
    0x0, 0x1f, 0x90, 0x0, 0x2, 0xf9, 0x0, 0x4,
    0xaf, 0x60, 0x2, 0xfe, 0xa0, 0x0,

    /* U+FF5E "～" */
    0x0, 0x0, 0x2, 0x31, 0x0, 0x0, 0x0, 0x0,
    0x0, 0x0, 0x0, 0x8, 0xff, 0xff, 0xb3, 0x0,
    0x0, 0x0, 0x0, 0x0, 0x1, 0xdf, 0xfd, 0xcf,
    0xff, 0x70, 0x0, 0x0, 0x1d, 0x70, 0xc, 0xfc,
    0x20, 0x0, 0x8f, 0xfa, 0x10, 0x4, 0xdf, 0xb0,
    0x6, 0xb0, 0x0, 0x0, 0x5, 0xff, 0xfe, 0xff,
    0xfc, 0x10, 0x0, 0x0, 0x0, 0x0, 0x0, 0x2a,
    0xff, 0xfd, 0x70, 0x0, 0x0, 0x0, 0x0, 0x0,
    0x0, 0x0, 0x1, 0x0, 0x0, 0x0
};


/*---------------------
 *  GLYPH DESCRIPTION
 *--------------------*/

static const lv_font_fmt_txt_glyph_dsc_t glyph_dsc[] = {
    {.bitmap_index = 0, .adv_w = 0, .box_w = 0, .box_h = 0, .ofs_x = 0, .ofs_y = 0} /* id = 0 reserved */,
    {.bitmap_index = 0, .adv_w = 72, .box_w = 0, .box_h = 0, .ofs_x = 0, .ofs_y = 0},
    {.bitmap_index = 0, .adv_w = 110, .box_w = 4, .box_h = 14, .ofs_x = 1, .ofs_y = 0},
    {.bitmap_index = 28, .adv_w = 166, .box_w = 8, .box_h = 7, .ofs_x = 1, .ofs_y = 8},
    {.bitmap_index = 56, .adv_w = 182, .box_w = 11, .box_h = 14, .ofs_x = 0, .ofs_y = 0},
    {.bitmap_index = 133, .adv_w = 182, .box_w = 10, .box_h = 19, .ofs_x = 1, .ofs_y = -2},
    {.bitmap_index = 228, .adv_w = 300, .box_w = 19, .box_h = 14, .ofs_x = 0, .ofs_y = 0},
    {.bitmap_index = 361, .adv_w = 226, .box_w = 14, .box_h = 14, .ofs_x = 0, .ofs_y = 0},
    {.bitmap_index = 459, .adv_w = 95, .box_w = 4, .box_h = 7, .ofs_x = 1, .ofs_y = 8},
    {.bitmap_index = 473, .adv_w = 114, .box_w = 6, .box_h = 21, .ofs_x = 1, .ofs_y = -4},
    {.bitmap_index = 536, .adv_w = 114, .box_w = 6, .box_h = 21, .ofs_x = 0, .ofs_y = -4},
    {.bitmap_index = 599, .adv_w = 155, .box_w = 8, .box_h = 7, .ofs_x = 1, .ofs_y = 8},
    {.bitmap_index = 627, .adv_w = 182, .box_w = 11, .box_h = 11, .ofs_x = 0, .ofs_y = 2},
    {.bitmap_index = 688, .adv_w = 95, .box_w = 4, .box_h = 7, .ofs_x = 1, .ofs_y = -4},
    {.bitmap_index = 702, .adv_w = 114, .box_w = 7, .box_h = 2, .ofs_x = 0, .ofs_y = 5},
    {.bitmap_index = 709, .adv_w = 95, .box_w = 4, .box_h = 4, .ofs_x = 1, .ofs_y = 0},
    {.bitmap_index = 717, .adv_w = 125, .box_w = 8, .box_h = 19, .ofs_x = 0, .ofs_y = -4},
    {.bitmap_index = 793, .adv_w = 182, .box_w = 11, .box_h = 14, .ofs_x = 0, .ofs_y = 0},
    {.bitmap_index = 870, .adv_w = 182, .box_w = 10, .box_h = 14, .ofs_x = 1, .ofs_y = 0},
    {.bitmap_index = 940, .adv_w = 182, .box_w = 11, .box_h = 14, .ofs_x = 0, .ofs_y = 0},
    {.bitmap_index = 1017, .adv_w = 182, .box_w = 11, .box_h = 14, .ofs_x = 0, .ofs_y = 0},
    {.bitmap_index = 1094, .adv_w = 182, .box_w = 11, .box_h = 14, .ofs_x = 0, .ofs_y = 0},
    {.bitmap_index = 1171, .adv_w = 182, .box_w = 11, .box_h = 14, .ofs_x = 0, .ofs_y = 0},
    {.bitmap_index = 1248, .adv_w = 182, .box_w = 10, .box_h = 14, .ofs_x = 1, .ofs_y = 0},
    {.bitmap_index = 1318, .adv_w = 182, .box_w = 10, .box_h = 14, .ofs_x = 1, .ofs_y = 0},
    {.bitmap_index = 1388, .adv_w = 182, .box_w = 11, .box_h = 14, .ofs_x = 0, .ofs_y = 0},
    {.bitmap_index = 1465, .adv_w = 182, .box_w = 11, .box_h = 14, .ofs_x = 0, .ofs_y = 0},
    {.bitmap_index = 1542, .adv_w = 95, .box_w = 4, .box_h = 11, .ofs_x = 1, .ofs_y = 0},
    {.bitmap_index = 1564, .adv_w = 95, .box_w = 4, .box_h = 15, .ofs_x = 1, .ofs_y = -4},
    {.bitmap_index = 1594, .adv_w = 182, .box_w = 11, .box_h = 10, .ofs_x = 0, .ofs_y = 2},
    {.bitmap_index = 1649, .adv_w = 182, .box_w = 11, .box_h = 7, .ofs_x = 0, .ofs_y = 4},
    {.bitmap_index = 1688, .adv_w = 182, .box_w = 11, .box_h = 10, .ofs_x = 0, .ofs_y = 2},
    {.bitmap_index = 1743, .adv_w = 157, .box_w = 9, .box_h = 14, .ofs_x = 0, .ofs_y = 0},
    {.bitmap_index = 1806, .adv_w = 311, .box_w = 18, .box_h = 19, .ofs_x = 1, .ofs_y = -5},
    {.bitmap_index = 1977, .adv_w = 199, .box_w = 13, .box_h = 14, .ofs_x = 0, .ofs_y = 0},
    {.bitmap_index = 2068, .adv_w = 213, .box_w = 12, .box_h = 14, .ofs_x = 1, .ofs_y = 0},
    {.bitmap_index = 2152, .adv_w = 207, .box_w = 12, .box_h = 14, .ofs_x = 1, .ofs_y = 0},
    {.bitmap_index = 2236, .adv_w = 224, .box_w = 12, .box_h = 14, .ofs_x = 1, .ofs_y = 0},
    {.bitmap_index = 2320, .adv_w = 192, .box_w = 10, .box_h = 14, .ofs_x = 1, .ofs_y = 0},
    {.bitmap_index = 2390, .adv_w = 181, .box_w = 10, .box_h = 14, .ofs_x = 1, .ofs_y = 0},
    {.bitmap_index = 2460, .adv_w = 224, .box_w = 12, .box_h = 14, .ofs_x = 1, .ofs_y = 0},
    {.bitmap_index = 2544, .adv_w = 237, .box_w = 12, .box_h = 14, .ofs_x = 1, .ofs_y = 0},
    {.bitmap_index = 2628, .adv_w = 99, .box_w = 4, .box_h = 14, .ofs_x = 1, .ofs_y = 0},
    {.bitmap_index = 2656, .adv_w = 176, .box_w = 10, .box_h = 14, .ofs_x = 0, .ofs_y = 0},
    {.bitmap_index = 2726, .adv_w = 212, .box_w = 13, .box_h = 14, .ofs_x = 1, .ofs_y = 0},
    {.bitmap_index = 2817, .adv_w = 179, .box_w = 10, .box_h = 14, .ofs_x = 1, .ofs_y = 0},
    {.bitmap_index = 2887, .adv_w = 266, .box_w = 14, .box_h = 14, .ofs_x = 1, .ofs_y = 0},
    {.bitmap_index = 2985, .adv_w = 235, .box_w = 12, .box_h = 14, .ofs_x = 1, .ofs_y = 0},
    {.bitmap_index = 3069, .adv_w = 241, .box_w = 13, .box_h = 14, .ofs_x = 1, .ofs_y = 0},
    {.bitmap_index = 3160, .adv_w = 207, .box_w = 12, .box_h = 14, .ofs_x = 1, .ofs_y = 0},
    {.bitmap_index = 3244, .adv_w = 241, .box_w = 14, .box_h = 18, .ofs_x = 1, .ofs_y = -4},
    {.bitmap_index = 3370, .adv_w = 210, .box_w = 12, .box_h = 14, .ofs_x = 1, .ofs_y = 0},
    {.bitmap_index = 3454, .adv_w = 195, .box_w = 12, .box_h = 14, .ofs_x = 0, .ofs_y = 0},
    {.bitmap_index = 3538, .adv_w = 196, .box_w = 12, .box_h = 14, .ofs_x = 0, .ofs_y = 0},
    {.bitmap_index = 3622, .adv_w = 235, .box_w = 12, .box_h = 14, .ofs_x = 1, .ofs_y = 0},
    {.bitmap_index = 3706, .adv_w = 190, .box_w = 13, .box_h = 14, .ofs_x = -1, .ofs_y = 0},
    {.bitmap_index = 3797, .adv_w = 286, .box_w = 18, .box_h = 14, .ofs_x = 0, .ofs_y = 0},
    {.bitmap_index = 3923, .adv_w = 191, .box_w = 12, .box_h = 14, .ofs_x = 0, .ofs_y = 0},
    {.bitmap_index = 4007, .adv_w = 177, .box_w = 13, .box_h = 14, .ofs_x = -1, .ofs_y = 0},
    {.bitmap_index = 4098, .adv_w = 194, .box_w = 12, .box_h = 14, .ofs_x = 0, .ofs_y = 0},
    {.bitmap_index = 4182, .adv_w = 114, .box_w = 5, .box_h = 20, .ofs_x = 2, .ofs_y = -5},
    {.bitmap_index = 4232, .adv_w = 125, .box_w = 8, .box_h = 19, .ofs_x = 0, .ofs_y = -4},
    {.bitmap_index = 4308, .adv_w = 114, .box_w = 6, .box_h = 20, .ofs_x = 0, .ofs_y = -5},
    {.bitmap_index = 4368, .adv_w = 182, .box_w = 10, .box_h = 9, .ofs_x = 1, .ofs_y = 6},
    {.bitmap_index = 4413, .adv_w = 180, .box_w = 11, .box_h = 3, .ofs_x = 0, .ofs_y = -4},
    {.bitmap_index = 4430, .adv_w = 197, .box_w = 6, .box_h = 6, .ofs_x = 2, .ofs_y = 12},
    {.bitmap_index = 4448, .adv_w = 184, .box_w = 9, .box_h = 11, .ofs_x = 1, .ofs_y = 0},
    {.bitmap_index = 4498, .adv_w = 201, .box_w = 11, .box_h = 15, .ofs_x = 1, .ofs_y = 0},
    {.bitmap_index = 4581, .adv_w = 165, .box_w = 10, .box_h = 11, .ofs_x = 0, .ofs_y = 0},
    {.bitmap_index = 4636, .adv_w = 202, .box_w = 10, .box_h = 15, .ofs_x = 1, .ofs_y = 0},
    {.bitmap_index = 4711, .adv_w = 181, .box_w = 11, .box_h = 11, .ofs_x = 0, .ofs_y = 0},
    {.bitmap_index = 4772, .adv_w = 111, .box_w = 8, .box_h = 15, .ofs_x = 0, .ofs_y = 0},
    {.bitmap_index = 4832, .adv_w = 185, .box_w = 12, .box_h = 15, .ofs_x = 0, .ofs_y = -4},
    {.bitmap_index = 4922, .adv_w = 199, .box_w = 10, .box_h = 15, .ofs_x = 1, .ofs_y = 0},
    {.bitmap_index = 4997, .adv_w = 92, .box_w = 4, .box_h = 15, .ofs_x = 1, .ofs_y = 0},
    {.bitmap_index = 5027, .adv_w = 92, .box_w = 6, .box_h = 19, .ofs_x = -1, .ofs_y = -4},
    {.bitmap_index = 5084, .adv_w = 184, .box_w = 11, .box_h = 15, .ofs_x = 1, .ofs_y = 0},
    {.bitmap_index = 5167, .adv_w = 95, .box_w = 5, .box_h = 15, .ofs_x = 1, .ofs_y = 0},
    {.bitmap_index = 5205, .adv_w = 302, .box_w = 17, .box_h = 11, .ofs_x = 1, .ofs_y = 0},
    {.bitmap_index = 5299, .adv_w = 200, .box_w = 10, .box_h = 11, .ofs_x = 1, .ofs_y = 0},
    {.bitmap_index = 5354, .adv_w = 197, .box_w = 12, .box_h = 11, .ofs_x = 0, .ofs_y = 0},
    {.bitmap_index = 5420, .adv_w = 202, .box_w = 11, .box_h = 15, .ofs_x = 1, .ofs_y = -4},
    {.bitmap_index = 5503, .adv_w = 202, .box_w = 10, .box_h = 15, .ofs_x = 1, .ofs_y = -4},
    {.bitmap_index = 5578, .adv_w = 131, .box_w = 8, .box_h = 11, .ofs_x = 1, .ofs_y = 0},
    {.bitmap_index = 5622, .adv_w = 154, .box_w = 9, .box_h = 11, .ofs_x = 0, .ofs_y = 0},
    {.bitmap_index = 5672, .adv_w = 127, .box_w = 8, .box_h = 14, .ofs_x = 0, .ofs_y = 0},
    {.bitmap_index = 5728, .adv_w = 198, .box_w = 10, .box_h = 11, .ofs_x = 1, .ofs_y = 0},
    {.bitmap_index = 5783, .adv_w = 174, .box_w = 11, .box_h = 11, .ofs_x = 0, .ofs_y = 0},
    {.bitmap_index = 5844, .adv_w = 265, .box_w = 17, .box_h = 11, .ofs_x = 0, .ofs_y = 0},
    {.bitmap_index = 5938, .adv_w = 168, .box_w = 11, .box_h = 11, .ofs_x = 0, .ofs_y = 0},
    {.bitmap_index = 5999, .adv_w = 174, .box_w = 11, .box_h = 15, .ofs_x = 0, .ofs_y = -4},
    {.bitmap_index = 6082, .adv_w = 157, .box_w = 10, .box_h = 11, .ofs_x = 0, .ofs_y = 0},
    {.bitmap_index = 6137, .adv_w = 114, .box_w = 7, .box_h = 20, .ofs_x = 0, .ofs_y = -5},
    {.bitmap_index = 6207, .adv_w = 90, .box_w = 2, .box_h = 22, .ofs_x = 2, .ofs_y = -5},
    {.bitmap_index = 6229, .adv_w = 114, .box_w = 7, .box_h = 20, .ofs_x = 0, .ofs_y = -5},
    {.bitmap_index = 6299, .adv_w = 182, .box_w = 11, .box_h = 4, .ofs_x = 0, .ofs_y = 6},
    {.bitmap_index = 6321, .adv_w = 123, .box_w = 7, .box_h = 7, .ofs_x = 0, .ofs_y = 8},
    {.bitmap_index = 6346, .adv_w = 320, .box_w = 14, .box_h = 13, .ofs_x = 3, .ofs_y = 1},
    {.bitmap_index = 6437, .adv_w = 173, .box_w = 10, .box_h = 2, .ofs_x = 0, .ofs_y = 5},
    {.bitmap_index = 6447, .adv_w = 288, .box_w = 18, .box_h = 2, .ofs_x = 0, .ofs_y = 5},
    {.bitmap_index = 6465, .adv_w = 320, .box_w = 4, .box_h = 6, .ofs_x = 16, .ofs_y = 11},
    {.bitmap_index = 6477, .adv_w = 320, .box_w = 4, .box_h = 7, .ofs_x = 0, .ofs_y = 10},
    {.bitmap_index = 6491, .adv_w = 320, .box_w = 8, .box_h = 6, .ofs_x = 12, .ofs_y = 11},
    {.bitmap_index = 6515, .adv_w = 320, .box_w = 8, .box_h = 7, .ofs_x = 0, .ofs_y = 10},
    {.bitmap_index = 6543, .adv_w = 320, .box_w = 18, .box_h = 3, .ofs_x = 1, .ofs_y = 6},
    {.bitmap_index = 6570, .adv_w = 320, .box_w = 7, .box_h = 7, .ofs_x = 0, .ofs_y = -2},
    {.bitmap_index = 6595, .adv_w = 320, .box_w = 7, .box_h = 7, .ofs_x = 0, .ofs_y = -2},
    {.bitmap_index = 6620, .adv_w = 320, .box_w = 10, .box_h = 19, .ofs_x = 10, .ofs_y = -2},
    {.bitmap_index = 6715, .adv_w = 320, .box_w = 10, .box_h = 19, .ofs_x = 0, .ofs_y = -2},
    {.bitmap_index = 6810, .adv_w = 320, .box_w = 18, .box_h = 16, .ofs_x = 1, .ofs_y = -1},
    {.bitmap_index = 6954, .adv_w = 320, .box_w = 20, .box_h = 18, .ofs_x = 0, .ofs_y = -2},
    {.bitmap_index = 7134, .adv_w = 320, .box_w = 19, .box_h = 18, .ofs_x = 0, .ofs_y = -2},
    {.bitmap_index = 7305, .adv_w = 320, .box_w = 20, .box_h = 19, .ofs_x = 0, .ofs_y = -2},
    {.bitmap_index = 7495, .adv_w = 320, .box_w = 17, .box_h = 19, .ofs_x = 2, .ofs_y = -2},
    {.bitmap_index = 7657, .adv_w = 320, .box_w = 18, .box_h = 20, .ofs_x = 1, .ofs_y = -3},
    {.bitmap_index = 7837, .adv_w = 320, .box_w = 18, .box_h = 18, .ofs_x = 1, .ofs_y = -1},
    {.bitmap_index = 7999, .adv_w = 320, .box_w = 19, .box_h = 19, .ofs_x = 1, .ofs_y = -2},
    {.bitmap_index = 8180, .adv_w = 320, .box_w = 20, .box_h = 19, .ofs_x = 0, .ofs_y = -2},
    {.bitmap_index = 8370, .adv_w = 320, .box_w = 20, .box_h = 20, .ofs_x = 0, .ofs_y = -3},
    {.bitmap_index = 8570, .adv_w = 320, .box_w = 18, .box_h = 15, .ofs_x = 1, .ofs_y = 0},
    {.bitmap_index = 8705, .adv_w = 320, .box_w = 19, .box_h = 19, .ofs_x = 0, .ofs_y = -3},
    {.bitmap_index = 8886, .adv_w = 320, .box_w = 18, .box_h = 18, .ofs_x = 1, .ofs_y = -2},
    {.bitmap_index = 9048, .adv_w = 320, .box_w = 19, .box_h = 18, .ofs_x = 1, .ofs_y = -2},
    {.bitmap_index = 9219, .adv_w = 320, .box_w = 19, .box_h = 19, .ofs_x = 0, .ofs_y = -2},
    {.bitmap_index = 9400, .adv_w = 320, .box_w = 18, .box_h = 20, .ofs_x = 1, .ofs_y = -3},
    {.bitmap_index = 9580, .adv_w = 320, .box_w = 20, .box_h = 19, .ofs_x = 0, .ofs_y = -2},
    {.bitmap_index = 9770, .adv_w = 320, .box_w = 20, .box_h = 20, .ofs_x = 0, .ofs_y = -3},
    {.bitmap_index = 9970, .adv_w = 320, .box_w = 20, .box_h = 20, .ofs_x = 0, .ofs_y = -3},
    {.bitmap_index = 10170, .adv_w = 320, .box_w = 20, .box_h = 20, .ofs_x = 0, .ofs_y = -2},
    {.bitmap_index = 10370, .adv_w = 320, .box_w = 19, .box_h = 19, .ofs_x = 1, .ofs_y = -2},
    {.bitmap_index = 10551, .adv_w = 320, .box_w = 20, .box_h = 19, .ofs_x = 0, .ofs_y = -2},
    {.bitmap_index = 10741, .adv_w = 320, .box_w = 20, .box_h = 20, .ofs_x = 0, .ofs_y = -2},
    {.bitmap_index = 10941, .adv_w = 320, .box_w = 19, .box_h = 19, .ofs_x = 0, .ofs_y = -2},
    {.bitmap_index = 11122, .adv_w = 320, .box_w = 20, .box_h = 20, .ofs_x = 0, .ofs_y = -3},
    {.bitmap_index = 11322, .adv_w = 320, .box_w = 20, .box_h = 19, .ofs_x = 0, .ofs_y = -2},
    {.bitmap_index = 11512, .adv_w = 320, .box_w = 20, .box_h = 20, .ofs_x = 0, .ofs_y = -3},
    {.bitmap_index = 11712, .adv_w = 320, .box_w = 20, .box_h = 20, .ofs_x = 0, .ofs_y = -2},
    {.bitmap_index = 11912, .adv_w = 320, .box_w = 20, .box_h = 19, .ofs_x = 0, .ofs_y = -2},
    {.bitmap_index = 12102, .adv_w = 320, .box_w = 20, .box_h = 19, .ofs_x = 0, .ofs_y = -2},
    {.bitmap_index = 12292, .adv_w = 320, .box_w = 19, .box_h = 20, .ofs_x = 0, .ofs_y = -3},
    {.bitmap_index = 12482, .adv_w = 320, .box_w = 20, .box_h = 19, .ofs_x = 0, .ofs_y = -2},
    {.bitmap_index = 12672, .adv_w = 320, .box_w = 20, .box_h = 20, .ofs_x = 0, .ofs_y = -3},
    {.bitmap_index = 12872, .adv_w = 320, .box_w = 20, .box_h = 19, .ofs_x = 0, .ofs_y = -3},
    {.bitmap_index = 13062, .adv_w = 320, .box_w = 20, .box_h = 20, .ofs_x = 0, .ofs_y = -3},
    {.bitmap_index = 13262, .adv_w = 320, .box_w = 20, .box_h = 20, .ofs_x = 0, .ofs_y = -2},
    {.bitmap_index = 13462, .adv_w = 320, .box_w = 20, .box_h = 19, .ofs_x = 0, .ofs_y = -2},
    {.bitmap_index = 13652, .adv_w = 320, .box_w = 18, .box_h = 20, .ofs_x = 1, .ofs_y = -2},
    {.bitmap_index = 13832, .adv_w = 320, .box_w = 18, .box_h = 19, .ofs_x = 1, .ofs_y = -2},
    {.bitmap_index = 14003, .adv_w = 320, .box_w = 20, .box_h = 20, .ofs_x = 0, .ofs_y = -3},
    {.bitmap_index = 14203, .adv_w = 320, .box_w = 19, .box_h = 19, .ofs_x = 0, .ofs_y = -3},
    {.bitmap_index = 14384, .adv_w = 320, .box_w = 19, .box_h = 20, .ofs_x = 0, .ofs_y = -3},
    {.bitmap_index = 14574, .adv_w = 320, .box_w = 19, .box_h = 20, .ofs_x = 0, .ofs_y = -3},
    {.bitmap_index = 14764, .adv_w = 320, .box_w = 19, .box_h = 20, .ofs_x = 0, .ofs_y = -3},
    {.bitmap_index = 14954, .adv_w = 320, .box_w = 18, .box_h = 20, .ofs_x = 1, .ofs_y = -3},
    {.bitmap_index = 15134, .adv_w = 320, .box_w = 18, .box_h = 19, .ofs_x = 1, .ofs_y = -2},
    {.bitmap_index = 15305, .adv_w = 320, .box_w = 18, .box_h = 20, .ofs_x = 1, .ofs_y = -3},
    {.bitmap_index = 15485, .adv_w = 320, .box_w = 20, .box_h = 19, .ofs_x = 0, .ofs_y = -2},
    {.bitmap_index = 15675, .adv_w = 320, .box_w = 19, .box_h = 18, .ofs_x = 1, .ofs_y = -2},
    {.bitmap_index = 15846, .adv_w = 320, .box_w = 19, .box_h = 19, .ofs_x = 1, .ofs_y = -2},
    {.bitmap_index = 16027, .adv_w = 320, .box_w = 19, .box_h = 19, .ofs_x = 1, .ofs_y = -2},
    {.bitmap_index = 16208, .adv_w = 320, .box_w = 18, .box_h = 19, .ofs_x = 1, .ofs_y = -2},
    {.bitmap_index = 16379, .adv_w = 320, .box_w = 20, .box_h = 19, .ofs_x = 0, .ofs_y = -2},
    {.bitmap_index = 16569, .adv_w = 320, .box_w = 19, .box_h = 19, .ofs_x = 0, .ofs_y = -2},
    {.bitmap_index = 16750, .adv_w = 320, .box_w = 19, .box_h = 20, .ofs_x = 1, .ofs_y = -2},
    {.bitmap_index = 16940, .adv_w = 320, .box_w = 19, .box_h = 19, .ofs_x = 0, .ofs_y = -2},
    {.bitmap_index = 17121, .adv_w = 320, .box_w = 19, .box_h = 18, .ofs_x = 0, .ofs_y = -2},
    {.bitmap_index = 17292, .adv_w = 320, .box_w = 19, .box_h = 19, .ofs_x = 1, .ofs_y = -3},
    {.bitmap_index = 17473, .adv_w = 320, .box_w = 19, .box_h = 20, .ofs_x = 0, .ofs_y = -3},
    {.bitmap_index = 17663, .adv_w = 320, .box_w = 20, .box_h = 21, .ofs_x = 0, .ofs_y = -3},
    {.bitmap_index = 17873, .adv_w = 320, .box_w = 18, .box_h = 19, .ofs_x = 0, .ofs_y = -3},
    {.bitmap_index = 18044, .adv_w = 320, .box_w = 18, .box_h = 18, .ofs_x = 1, .ofs_y = -2},
    {.bitmap_index = 18206, .adv_w = 320, .box_w = 18, .box_h = 19, .ofs_x = 1, .ofs_y = -2},
    {.bitmap_index = 18377, .adv_w = 320, .box_w = 18, .box_h = 19, .ofs_x = 1, .ofs_y = -2},
    {.bitmap_index = 18548, .adv_w = 320, .box_w = 18, .box_h = 19, .ofs_x = 1, .ofs_y = -2},
    {.bitmap_index = 18719, .adv_w = 320, .box_w = 19, .box_h = 19, .ofs_x = 0, .ofs_y = -2},
    {.bitmap_index = 18900, .adv_w = 320, .box_w = 20, .box_h = 19, .ofs_x = 0, .ofs_y = -2},
    {.bitmap_index = 19090, .adv_w = 320, .box_w = 20, .box_h = 19, .ofs_x = 0, .ofs_y = -2},
    {.bitmap_index = 19280, .adv_w = 320, .box_w = 19, .box_h = 19, .ofs_x = 0, .ofs_y = -2},
    {.bitmap_index = 19461, .adv_w = 320, .box_w = 20, .box_h = 19, .ofs_x = 0, .ofs_y = -2},
    {.bitmap_index = 19651, .adv_w = 320, .box_w = 19, .box_h = 19, .ofs_x = 1, .ofs_y = -2},
    {.bitmap_index = 19832, .adv_w = 320, .box_w = 20, .box_h = 19, .ofs_x = 0, .ofs_y = -2},
    {.bitmap_index = 20022, .adv_w = 320, .box_w = 20, .box_h = 18, .ofs_x = 0, .ofs_y = -2},
    {.bitmap_index = 20202, .adv_w = 320, .box_w = 20, .box_h = 19, .ofs_x = 0, .ofs_y = -2},
    {.bitmap_index = 20392, .adv_w = 320, .box_w = 20, .box_h = 20, .ofs_x = 0, .ofs_y = -3},
    {.bitmap_index = 20592, .adv_w = 320, .box_w = 20, .box_h = 19, .ofs_x = 0, .ofs_y = -3},
    {.bitmap_index = 20782, .adv_w = 320, .box_w = 18, .box_h = 21, .ofs_x = 1, .ofs_y = -3},
    {.bitmap_index = 20971, .adv_w = 320, .box_w = 18, .box_h = 20, .ofs_x = 1, .ofs_y = -2},
    {.bitmap_index = 21151, .adv_w = 320, .box_w = 19, .box_h = 20, .ofs_x = 0, .ofs_y = -3},
    {.bitmap_index = 21341, .adv_w = 320, .box_w = 20, .box_h = 20, .ofs_x = 0, .ofs_y = -3},
    {.bitmap_index = 21541, .adv_w = 320, .box_w = 19, .box_h = 20, .ofs_x = 0, .ofs_y = -3},
    {.bitmap_index = 21731, .adv_w = 320, .box_w = 20, .box_h = 19, .ofs_x = 0, .ofs_y = -2},
    {.bitmap_index = 21921, .adv_w = 320, .box_w = 20, .box_h = 20, .ofs_x = 0, .ofs_y = -3},
    {.bitmap_index = 22121, .adv_w = 320, .box_w = 19, .box_h = 19, .ofs_x = 0, .ofs_y = -2},
    {.bitmap_index = 22302, .adv_w = 320, .box_w = 19, .box_h = 18, .ofs_x = 0, .ofs_y = -2},
    {.bitmap_index = 22473, .adv_w = 320, .box_w = 19, .box_h = 18, .ofs_x = 0, .ofs_y = -2},
    {.bitmap_index = 22644, .adv_w = 320, .box_w = 20, .box_h = 19, .ofs_x = 0, .ofs_y = -3},
    {.bitmap_index = 22834, .adv_w = 320, .box_w = 20, .box_h = 19, .ofs_x = 0, .ofs_y = -3},
    {.bitmap_index = 23024, .adv_w = 320, .box_w = 17, .box_h = 19, .ofs_x = 2, .ofs_y = -2},
    {.bitmap_index = 23186, .adv_w = 320, .box_w = 20, .box_h = 19, .ofs_x = 0, .ofs_y = -2},
    {.bitmap_index = 23376, .adv_w = 320, .box_w = 19, .box_h = 18, .ofs_x = 1, .ofs_y = -2},
    {.bitmap_index = 23547, .adv_w = 320, .box_w = 19, .box_h = 19, .ofs_x = 0, .ofs_y = -2},
    {.bitmap_index = 23728, .adv_w = 320, .box_w = 19, .box_h = 20, .ofs_x = 1, .ofs_y = -3},
    {.bitmap_index = 23918, .adv_w = 320, .box_w = 19, .box_h = 19, .ofs_x = 0, .ofs_y = -2},
    {.bitmap_index = 24099, .adv_w = 320, .box_w = 20, .box_h = 19, .ofs_x = 0, .ofs_y = -2},
    {.bitmap_index = 24289, .adv_w = 320, .box_w = 19, .box_h = 20, .ofs_x = 0, .ofs_y = -3},
    {.bitmap_index = 24479, .adv_w = 320, .box_w = 20, .box_h = 20, .ofs_x = 0, .ofs_y = -2},
    {.bitmap_index = 24679, .adv_w = 320, .box_w = 20, .box_h = 21, .ofs_x = 0, .ofs_y = -3},
    {.bitmap_index = 24889, .adv_w = 320, .box_w = 20, .box_h = 19, .ofs_x = 0, .ofs_y = -2},
    {.bitmap_index = 25079, .adv_w = 320, .box_w = 20, .box_h = 21, .ofs_x = 0, .ofs_y = -3},
    {.bitmap_index = 25289, .adv_w = 320, .box_w = 19, .box_h = 19, .ofs_x = 1, .ofs_y = -3},
    {.bitmap_index = 25470, .adv_w = 320, .box_w = 19, .box_h = 20, .ofs_x = 1, .ofs_y = -3},
    {.bitmap_index = 25660, .adv_w = 320, .box_w = 20, .box_h = 19, .ofs_x = 0, .ofs_y = -3},
    {.bitmap_index = 25850, .adv_w = 320, .box_w = 20, .box_h = 20, .ofs_x = 0, .ofs_y = -3},
    {.bitmap_index = 26050, .adv_w = 320, .box_w = 20, .box_h = 19, .ofs_x = 0, .ofs_y = -2},
    {.bitmap_index = 26240, .adv_w = 320, .box_w = 20, .box_h = 20, .ofs_x = 0, .ofs_y = -3},
    {.bitmap_index = 26440, .adv_w = 320, .box_w = 20, .box_h = 18, .ofs_x = 0, .ofs_y = -2},
    {.bitmap_index = 26620, .adv_w = 320, .box_w = 20, .box_h = 19, .ofs_x = 0, .ofs_y = -2},
    {.bitmap_index = 26810, .adv_w = 320, .box_w = 20, .box_h = 19, .ofs_x = 0, .ofs_y = -2},
    {.bitmap_index = 27000, .adv_w = 320, .box_w = 20, .box_h = 19, .ofs_x = 0, .ofs_y = -2},
    {.bitmap_index = 27190, .adv_w = 320, .box_w = 20, .box_h = 19, .ofs_x = 0, .ofs_y = -2},
    {.bitmap_index = 27380, .adv_w = 320, .box_w = 19, .box_h = 20, .ofs_x = 0, .ofs_y = -2},
    {.bitmap_index = 27570, .adv_w = 320, .box_w = 19, .box_h = 20, .ofs_x = 1, .ofs_y = -3},
    {.bitmap_index = 27760, .adv_w = 320, .box_w = 20, .box_h = 20, .ofs_x = 0, .ofs_y = -3},
    {.bitmap_index = 27960, .adv_w = 320, .box_w = 20, .box_h = 20, .ofs_x = 0, .ofs_y = -3},
    {.bitmap_index = 28160, .adv_w = 320, .box_w = 20, .box_h = 19, .ofs_x = 0, .ofs_y = -2},
    {.bitmap_index = 28350, .adv_w = 320, .box_w = 19, .box_h = 20, .ofs_x = 0, .ofs_y = -3},
    {.bitmap_index = 28540, .adv_w = 320, .box_w = 20, .box_h = 20, .ofs_x = 0, .ofs_y = -3},
    {.bitmap_index = 28740, .adv_w = 320, .box_w = 20, .box_h = 20, .ofs_x = 0, .ofs_y = -3},
    {.bitmap_index = 28940, .adv_w = 320, .box_w = 20, .box_h = 20, .ofs_x = 0, .ofs_y = -3},
    {.bitmap_index = 29140, .adv_w = 320, .box_w = 20, .box_h = 20, .ofs_x = 0, .ofs_y = -3},
    {.bitmap_index = 29340, .adv_w = 320, .box_w = 20, .box_h = 19, .ofs_x = 0, .ofs_y = -2},
    {.bitmap_index = 29530, .adv_w = 320, .box_w = 19, .box_h = 20, .ofs_x = 1, .ofs_y = -3},
    {.bitmap_index = 29720, .adv_w = 320, .box_w = 20, .box_h = 20, .ofs_x = 0, .ofs_y = -3},
    {.bitmap_index = 29920, .adv_w = 320, .box_w = 20, .box_h = 19, .ofs_x = 0, .ofs_y = -2},
    {.bitmap_index = 30110, .adv_w = 320, .box_w = 20, .box_h = 19, .ofs_x = 0, .ofs_y = -2},
    {.bitmap_index = 30300, .adv_w = 320, .box_w = 20, .box_h = 20, .ofs_x = 0, .ofs_y = -2},
    {.bitmap_index = 30500, .adv_w = 320, .box_w = 20, .box_h = 19, .ofs_x = 0, .ofs_y = -3},
    {.bitmap_index = 30690, .adv_w = 320, .box_w = 14, .box_h = 19, .ofs_x = 3, .ofs_y = -3},
    {.bitmap_index = 30823, .adv_w = 320, .box_w = 16, .box_h = 19, .ofs_x = 2, .ofs_y = -3},
    {.bitmap_index = 30975, .adv_w = 320, .box_w = 19, .box_h = 20, .ofs_x = 1, .ofs_y = -3},
    {.bitmap_index = 31165, .adv_w = 320, .box_w = 19, .box_h = 19, .ofs_x = 0, .ofs_y = -2},
    {.bitmap_index = 31346, .adv_w = 320, .box_w = 20, .box_h = 17, .ofs_x = 0, .ofs_y = -1},
    {.bitmap_index = 31516, .adv_w = 320, .box_w = 19, .box_h = 20, .ofs_x = 0, .ofs_y = -3},
    {.bitmap_index = 31706, .adv_w = 320, .box_w = 19, .box_h = 20, .ofs_x = 1, .ofs_y = -2},
    {.bitmap_index = 31896, .adv_w = 320, .box_w = 20, .box_h = 19, .ofs_x = 0, .ofs_y = -2},
    {.bitmap_index = 32086, .adv_w = 320, .box_w = 17, .box_h = 19, .ofs_x = 0, .ofs_y = -3},
    {.bitmap_index = 32248, .adv_w = 320, .box_w = 19, .box_h = 19, .ofs_x = 0, .ofs_y = -2},
    {.bitmap_index = 32429, .adv_w = 320, .box_w = 20, .box_h = 19, .ofs_x = 0, .ofs_y = -2},
    {.bitmap_index = 32619, .adv_w = 320, .box_w = 20, .box_h = 19, .ofs_x = 0, .ofs_y = -2},
    {.bitmap_index = 32809, .adv_w = 320, .box_w = 20, .box_h = 20, .ofs_x = 0, .ofs_y = -3},
    {.bitmap_index = 33009, .adv_w = 320, .box_w = 19, .box_h = 19, .ofs_x = 0, .ofs_y = -2},
    {.bitmap_index = 33190, .adv_w = 320, .box_w = 20, .box_h = 20, .ofs_x = 0, .ofs_y = -3},
    {.bitmap_index = 33390, .adv_w = 320, .box_w = 20, .box_h = 19, .ofs_x = 0, .ofs_y = -2},
    {.bitmap_index = 33580, .adv_w = 320, .box_w = 20, .box_h = 21, .ofs_x = 0, .ofs_y = -3},
    {.bitmap_index = 33790, .adv_w = 320, .box_w = 20, .box_h = 20, .ofs_x = 0, .ofs_y = -2},
    {.bitmap_index = 33990, .adv_w = 320, .box_w = 19, .box_h = 17, .ofs_x = 1, .ofs_y = -1},
    {.bitmap_index = 34152, .adv_w = 320, .box_w = 19, .box_h = 19, .ofs_x = 0, .ofs_y = -2},
    {.bitmap_index = 34333, .adv_w = 320, .box_w = 20, .box_h = 20, .ofs_x = 0, .ofs_y = -3},
    {.bitmap_index = 34533, .adv_w = 320, .box_w = 20, .box_h = 19, .ofs_x = 0, .ofs_y = -2},
    {.bitmap_index = 34723, .adv_w = 320, .box_w = 20, .box_h = 19, .ofs_x = 0, .ofs_y = -2},
    {.bitmap_index = 34913, .adv_w = 320, .box_w = 20, .box_h = 19, .ofs_x = 0, .ofs_y = -2},
    {.bitmap_index = 35103, .adv_w = 320, .box_w = 20, .box_h = 19, .ofs_x = 0, .ofs_y = -2},
    {.bitmap_index = 35293, .adv_w = 320, .box_w = 20, .box_h = 19, .ofs_x = 0, .ofs_y = -2},
    {.bitmap_index = 35483, .adv_w = 320, .box_w = 20, .box_h = 20, .ofs_x = 0, .ofs_y = -3},
    {.bitmap_index = 35683, .adv_w = 320, .box_w = 19, .box_h = 19, .ofs_x = 0, .ofs_y = -2},
    {.bitmap_index = 35864, .adv_w = 320, .box_w = 20, .box_h = 19, .ofs_x = 0, .ofs_y = -2},
    {.bitmap_index = 36054, .adv_w = 320, .box_w = 20, .box_h = 20, .ofs_x = 0, .ofs_y = -3},
    {.bitmap_index = 36254, .adv_w = 320, .box_w = 20, .box_h = 19, .ofs_x = 0, .ofs_y = -2},
    {.bitmap_index = 36444, .adv_w = 320, .box_w = 20, .box_h = 20, .ofs_x = 0, .ofs_y = -3},
    {.bitmap_index = 36644, .adv_w = 320, .box_w = 19, .box_h = 20, .ofs_x = 0, .ofs_y = -2},
    {.bitmap_index = 36834, .adv_w = 320, .box_w = 19, .box_h = 20, .ofs_x = 0, .ofs_y = -2},
    {.bitmap_index = 37024, .adv_w = 320, .box_w = 20, .box_h = 19, .ofs_x = 0, .ofs_y = -2},
    {.bitmap_index = 37214, .adv_w = 320, .box_w = 19, .box_h = 19, .ofs_x = 1, .ofs_y = -2},
    {.bitmap_index = 37395, .adv_w = 320, .box_w = 19, .box_h = 20, .ofs_x = 0, .ofs_y = -3},
    {.bitmap_index = 37585, .adv_w = 320, .box_w = 20, .box_h = 20, .ofs_x = 0, .ofs_y = -3},
    {.bitmap_index = 37785, .adv_w = 320, .box_w = 20, .box_h = 18, .ofs_x = 0, .ofs_y = -2},
    {.bitmap_index = 37965, .adv_w = 320, .box_w = 20, .box_h = 19, .ofs_x = 0, .ofs_y = -2},
    {.bitmap_index = 38155, .adv_w = 320, .box_w = 20, .box_h = 18, .ofs_x = 0, .ofs_y = -2},
    {.bitmap_index = 38335, .adv_w = 320, .box_w = 18, .box_h = 19, .ofs_x = 0, .ofs_y = -3},
    {.bitmap_index = 38506, .adv_w = 320, .box_w = 17, .box_h = 19, .ofs_x = 2, .ofs_y = -2},
    {.bitmap_index = 38668, .adv_w = 320, .box_w = 18, .box_h = 18, .ofs_x = 1, .ofs_y = -2},
    {.bitmap_index = 38830, .adv_w = 320, .box_w = 16, .box_h = 20, .ofs_x = 2, .ofs_y = -3},
    {.bitmap_index = 38990, .adv_w = 320, .box_w = 18, .box_h = 20, .ofs_x = 1, .ofs_y = -3},
    {.bitmap_index = 39170, .adv_w = 320, .box_w = 20, .box_h = 20, .ofs_x = 0, .ofs_y = -2},
    {.bitmap_index = 39370, .adv_w = 320, .box_w = 14, .box_h = 18, .ofs_x = 3, .ofs_y = -2},
    {.bitmap_index = 39496, .adv_w = 320, .box_w = 20, .box_h = 18, .ofs_x = 0, .ofs_y = -1},
    {.bitmap_index = 39676, .adv_w = 320, .box_w = 19, .box_h = 20, .ofs_x = 1, .ofs_y = -3},
    {.bitmap_index = 39866, .adv_w = 320, .box_w = 19, .box_h = 19, .ofs_x = 1, .ofs_y = -2},
    {.bitmap_index = 40047, .adv_w = 320, .box_w = 19, .box_h = 19, .ofs_x = 0, .ofs_y = -3},
    {.bitmap_index = 40228, .adv_w = 320, .box_w = 19, .box_h = 20, .ofs_x = 0, .ofs_y = -3},
    {.bitmap_index = 40418, .adv_w = 320, .box_w = 20, .box_h = 19, .ofs_x = 0, .ofs_y = -2},
    {.bitmap_index = 40608, .adv_w = 320, .box_w = 20, .box_h = 19, .ofs_x = 0, .ofs_y = -2},
    {.bitmap_index = 40798, .adv_w = 320, .box_w = 20, .box_h = 19, .ofs_x = 0, .ofs_y = -2},
    {.bitmap_index = 40988, .adv_w = 320, .box_w = 20, .box_h = 20, .ofs_x = 0, .ofs_y = -2},
    {.bitmap_index = 41188, .adv_w = 320, .box_w = 20, .box_h = 20, .ofs_x = 0, .ofs_y = -3},
    {.bitmap_index = 41388, .adv_w = 320, .box_w = 18, .box_h = 20, .ofs_x = 1, .ofs_y = -3},
    {.bitmap_index = 41568, .adv_w = 320, .box_w = 20, .box_h = 20, .ofs_x = 0, .ofs_y = -3},
    {.bitmap_index = 41768, .adv_w = 320, .box_w = 20, .box_h = 20, .ofs_x = 0, .ofs_y = -3},
    {.bitmap_index = 41968, .adv_w = 320, .box_w = 20, .box_h = 18, .ofs_x = 0, .ofs_y = -1},
    {.bitmap_index = 42148, .adv_w = 320, .box_w = 20, .box_h = 20, .ofs_x = 0, .ofs_y = -2},
    {.bitmap_index = 42348, .adv_w = 320, .box_w = 20, .box_h = 20, .ofs_x = 0, .ofs_y = -3},
    {.bitmap_index = 42548, .adv_w = 320, .box_w = 20, .box_h = 19, .ofs_x = 0, .ofs_y = -2},
    {.bitmap_index = 42738, .adv_w = 320, .box_w = 18, .box_h = 18, .ofs_x = 1, .ofs_y = -2},
    {.bitmap_index = 42900, .adv_w = 320, .box_w = 18, .box_h = 19, .ofs_x = 1, .ofs_y = -2},
    {.bitmap_index = 43071, .adv_w = 320, .box_w = 19, .box_h = 20, .ofs_x = 0, .ofs_y = -3},
    {.bitmap_index = 43261, .adv_w = 320, .box_w = 19, .box_h = 20, .ofs_x = 0, .ofs_y = -3},
    {.bitmap_index = 43451, .adv_w = 320, .box_w = 18, .box_h = 19, .ofs_x = 1, .ofs_y = -2},
    {.bitmap_index = 43622, .adv_w = 320, .box_w = 19, .box_h = 20, .ofs_x = 0, .ofs_y = -3},
    {.bitmap_index = 43812, .adv_w = 320, .box_w = 15, .box_h = 20, .ofs_x = 3, .ofs_y = -3},
    {.bitmap_index = 43962, .adv_w = 320, .box_w = 20, .box_h = 19, .ofs_x = 0, .ofs_y = -2},
    {.bitmap_index = 44152, .adv_w = 320, .box_w = 20, .box_h = 19, .ofs_x = 0, .ofs_y = -2},
    {.bitmap_index = 44342, .adv_w = 320, .box_w = 19, .box_h = 19, .ofs_x = 0, .ofs_y = -2},
    {.bitmap_index = 44523, .adv_w = 320, .box_w = 20, .box_h = 20, .ofs_x = 0, .ofs_y = -3},
    {.bitmap_index = 44723, .adv_w = 320, .box_w = 20, .box_h = 19, .ofs_x = 0, .ofs_y = -2},
    {.bitmap_index = 44913, .adv_w = 320, .box_w = 20, .box_h = 20, .ofs_x = 0, .ofs_y = -3},
    {.bitmap_index = 45113, .adv_w = 320, .box_w = 20, .box_h = 20, .ofs_x = 0, .ofs_y = -2},
    {.bitmap_index = 45313, .adv_w = 320, .box_w = 20, .box_h = 20, .ofs_x = 0, .ofs_y = -3},
    {.bitmap_index = 45513, .adv_w = 320, .box_w = 20, .box_h = 21, .ofs_x = 0, .ofs_y = -3},
    {.bitmap_index = 45723, .adv_w = 320, .box_w = 18, .box_h = 21, .ofs_x = 1, .ofs_y = -3},
    {.bitmap_index = 45912, .adv_w = 320, .box_w = 17, .box_h = 20, .ofs_x = 1, .ofs_y = -3},
    {.bitmap_index = 46082, .adv_w = 320, .box_w = 20, .box_h = 20, .ofs_x = 0, .ofs_y = -3},
    {.bitmap_index = 46282, .adv_w = 320, .box_w = 20, .box_h = 19, .ofs_x = 0, .ofs_y = -2},
    {.bitmap_index = 46472, .adv_w = 320, .box_w = 20, .box_h = 19, .ofs_x = 0, .ofs_y = -2},
    {.bitmap_index = 46662, .adv_w = 320, .box_w = 19, .box_h = 20, .ofs_x = 0, .ofs_y = -3},
    {.bitmap_index = 46852, .adv_w = 320, .box_w = 20, .box_h = 20, .ofs_x = 0, .ofs_y = -3},
    {.bitmap_index = 47052, .adv_w = 320, .box_w = 20, .box_h = 20, .ofs_x = 0, .ofs_y = -3},
    {.bitmap_index = 47252, .adv_w = 320, .box_w = 20, .box_h = 20, .ofs_x = 0, .ofs_y = -3},
    {.bitmap_index = 47452, .adv_w = 320, .box_w = 20, .box_h = 19, .ofs_x = 0, .ofs_y = -2},
    {.bitmap_index = 47642, .adv_w = 320, .box_w = 20, .box_h = 18, .ofs_x = 0, .ofs_y = -1},
    {.bitmap_index = 47822, .adv_w = 320, .box_w = 20, .box_h = 20, .ofs_x = 0, .ofs_y = -3},
    {.bitmap_index = 48022, .adv_w = 320, .box_w = 19, .box_h = 20, .ofs_x = 0, .ofs_y = -3},
    {.bitmap_index = 48212, .adv_w = 320, .box_w = 20, .box_h = 20, .ofs_x = 0, .ofs_y = -3},
    {.bitmap_index = 48412, .adv_w = 320, .box_w = 20, .box_h = 20, .ofs_x = 0, .ofs_y = -3},
    {.bitmap_index = 48612, .adv_w = 320, .box_w = 20, .box_h = 20, .ofs_x = 0, .ofs_y = -3},
    {.bitmap_index = 48812, .adv_w = 320, .box_w = 20, .box_h = 21, .ofs_x = 0, .ofs_y = -3},
    {.bitmap_index = 49022, .adv_w = 320, .box_w = 20, .box_h = 19, .ofs_x = 0, .ofs_y = -2},
    {.bitmap_index = 49212, .adv_w = 320, .box_w = 20, .box_h = 20, .ofs_x = 0, .ofs_y = -2},
    {.bitmap_index = 49412, .adv_w = 320, .box_w = 20, .box_h = 19, .ofs_x = 0, .ofs_y = -2},
    {.bitmap_index = 49602, .adv_w = 320, .box_w = 20, .box_h = 19, .ofs_x = 0, .ofs_y = -2},
    {.bitmap_index = 49792, .adv_w = 320, .box_w = 19, .box_h = 19, .ofs_x = 0, .ofs_y = -2},
    {.bitmap_index = 49973, .adv_w = 320, .box_w = 20, .box_h = 20, .ofs_x = 0, .ofs_y = -3},
    {.bitmap_index = 50173, .adv_w = 320, .box_w = 20, .box_h = 20, .ofs_x = 0, .ofs_y = -3},
    {.bitmap_index = 50373, .adv_w = 320, .box_w = 20, .box_h = 20, .ofs_x = 0, .ofs_y = -3},
    {.bitmap_index = 50573, .adv_w = 320, .box_w = 18, .box_h = 20, .ofs_x = 1, .ofs_y = -3},
    {.bitmap_index = 50753, .adv_w = 320, .box_w = 18, .box_h = 19, .ofs_x = 1, .ofs_y = -2},
    {.bitmap_index = 50924, .adv_w = 320, .box_w = 17, .box_h = 20, .ofs_x = 1, .ofs_y = -3},
    {.bitmap_index = 51094, .adv_w = 320, .box_w = 19, .box_h = 19, .ofs_x = 1, .ofs_y = -2},
    {.bitmap_index = 51275, .adv_w = 320, .box_w = 19, .box_h = 20, .ofs_x = 1, .ofs_y = -3},
    {.bitmap_index = 51465, .adv_w = 320, .box_w = 20, .box_h = 19, .ofs_x = 0, .ofs_y = -2},
    {.bitmap_index = 51655, .adv_w = 320, .box_w = 19, .box_h = 19, .ofs_x = 1, .ofs_y = -3},
    {.bitmap_index = 51836, .adv_w = 320, .box_w = 18, .box_h = 19, .ofs_x = 1, .ofs_y = -2},
    {.bitmap_index = 52007, .adv_w = 320, .box_w = 18, .box_h = 20, .ofs_x = 1, .ofs_y = -3},
    {.bitmap_index = 52187, .adv_w = 320, .box_w = 20, .box_h = 20, .ofs_x = 0, .ofs_y = -3},
    {.bitmap_index = 52387, .adv_w = 320, .box_w = 18, .box_h = 19, .ofs_x = 1, .ofs_y = -2},
    {.bitmap_index = 52558, .adv_w = 320, .box_w = 20, .box_h = 19, .ofs_x = 0, .ofs_y = -2},
    {.bitmap_index = 52748, .adv_w = 320, .box_w = 18, .box_h = 20, .ofs_x = 1, .ofs_y = -3},
    {.bitmap_index = 52928, .adv_w = 320, .box_w = 18, .box_h = 18, .ofs_x = 1, .ofs_y = -2},
    {.bitmap_index = 53090, .adv_w = 320, .box_w = 20, .box_h = 19, .ofs_x = 0, .ofs_y = -2},
    {.bitmap_index = 53280, .adv_w = 320, .box_w = 20, .box_h = 19, .ofs_x = 0, .ofs_y = -2},
    {.bitmap_index = 53470, .adv_w = 320, .box_w = 20, .box_h = 19, .ofs_x = 0, .ofs_y = -2},
    {.bitmap_index = 53660, .adv_w = 320, .box_w = 20, .box_h = 19, .ofs_x = 0, .ofs_y = -2},
    {.bitmap_index = 53850, .adv_w = 320, .box_w = 20, .box_h = 20, .ofs_x = 0, .ofs_y = -3},
    {.bitmap_index = 54050, .adv_w = 320, .box_w = 20, .box_h = 20, .ofs_x = 0, .ofs_y = -3},
    {.bitmap_index = 54250, .adv_w = 320, .box_w = 20, .box_h = 19, .ofs_x = 0, .ofs_y = -2},
    {.bitmap_index = 54440, .adv_w = 320, .box_w = 20, .box_h = 19, .ofs_x = 0, .ofs_y = -2},
    {.bitmap_index = 54630, .adv_w = 320, .box_w = 18, .box_h = 20, .ofs_x = 1, .ofs_y = -3},
    {.bitmap_index = 54810, .adv_w = 320, .box_w = 20, .box_h = 20, .ofs_x = 0, .ofs_y = -2},
    {.bitmap_index = 55010, .adv_w = 320, .box_w = 18, .box_h = 19, .ofs_x = 1, .ofs_y = -2},
    {.bitmap_index = 55181, .adv_w = 320, .box_w = 19, .box_h = 19, .ofs_x = 1, .ofs_y = -2},
    {.bitmap_index = 55362, .adv_w = 320, .box_w = 20, .box_h = 21, .ofs_x = 0, .ofs_y = -3},
    {.bitmap_index = 55572, .adv_w = 320, .box_w = 4, .box_h = 16, .ofs_x = 3, .ofs_y = -1},
    {.bitmap_index = 55604, .adv_w = 320, .box_w = 8, .box_h = 8, .ofs_x = 6, .ofs_y = 10},
    {.bitmap_index = 55636, .adv_w = 320, .box_w = 14, .box_h = 16, .ofs_x = 3, .ofs_y = 0},
    {.bitmap_index = 55748, .adv_w = 320, .box_w = 12, .box_h = 21, .ofs_x = 4, .ofs_y = -3},
    {.bitmap_index = 55874, .adv_w = 320, .box_w = 18, .box_h = 17, .ofs_x = 1, .ofs_y = -1},
    {.bitmap_index = 56027, .adv_w = 320, .box_w = 14, .box_h = 16, .ofs_x = 3, .ofs_y = -1},
    {.bitmap_index = 56139, .adv_w = 320, .box_w = 4, .box_h = 8, .ofs_x = 8, .ofs_y = 10},
    {.bitmap_index = 56155, .adv_w = 320, .box_w = 7, .box_h = 20, .ofs_x = 13, .ofs_y = -2},
    {.bitmap_index = 56225, .adv_w = 320, .box_w = 7, .box_h = 20, .ofs_x = 0, .ofs_y = -2},
    {.bitmap_index = 56295, .adv_w = 320, .box_w = 15, .box_h = 17, .ofs_x = 3, .ofs_y = -1},
    {.bitmap_index = 56423, .adv_w = 320, .box_w = 16, .box_h = 15, .ofs_x = 2, .ofs_y = 0},
    {.bitmap_index = 56543, .adv_w = 320, .box_w = 6, .box_h = 8, .ofs_x = 2, .ofs_y = -3},
    {.bitmap_index = 56567, .adv_w = 320, .box_w = 16, .box_h = 3, .ofs_x = 2, .ofs_y = 6},
    {.bitmap_index = 56591, .adv_w = 320, .box_w = 4, .box_h = 4, .ofs_x = 3, .ofs_y = 0},
    {.bitmap_index = 56599, .adv_w = 320, .box_w = 20, .box_h = 19, .ofs_x = 0, .ofs_y = -2},
    {.bitmap_index = 56789, .adv_w = 320, .box_w = 12, .box_h = 16, .ofs_x = 4, .ofs_y = -1},
    {.bitmap_index = 56885, .adv_w = 320, .box_w = 12, .box_h = 15, .ofs_x = 4, .ofs_y = 0},
    {.bitmap_index = 56975, .adv_w = 320, .box_w = 12, .box_h = 15, .ofs_x = 4, .ofs_y = 0},
    {.bitmap_index = 57065, .adv_w = 320, .box_w = 12, .box_h = 16, .ofs_x = 4, .ofs_y = -1},
    {.bitmap_index = 57161, .adv_w = 320, .box_w = 13, .box_h = 15, .ofs_x = 4, .ofs_y = 0},
    {.bitmap_index = 57259, .adv_w = 320, .box_w = 12, .box_h = 16, .ofs_x = 4, .ofs_y = -1},
    {.bitmap_index = 57355, .adv_w = 320, .box_w = 12, .box_h = 16, .ofs_x = 4, .ofs_y = -1},
    {.bitmap_index = 57451, .adv_w = 320, .box_w = 12, .box_h = 15, .ofs_x = 4, .ofs_y = 0},
    {.bitmap_index = 57541, .adv_w = 320, .box_w = 12, .box_h = 16, .ofs_x = 4, .ofs_y = -1},
    {.bitmap_index = 57637, .adv_w = 320, .box_w = 12, .box_h = 16, .ofs_x = 4, .ofs_y = -1},
    {.bitmap_index = 57733, .adv_w = 320, .box_w = 4, .box_h = 14, .ofs_x = 3, .ofs_y = -1},
    {.bitmap_index = 57761, .adv_w = 320, .box_w = 6, .box_h = 17, .ofs_x = 2, .ofs_y = -4},
    {.bitmap_index = 57812, .adv_w = 320, .box_w = 16, .box_h = 17, .ofs_x = 2, .ofs_y = -1},
    {.bitmap_index = 57948, .adv_w = 320, .box_w = 16, .box_h = 7, .ofs_x = 2, .ofs_y = 4},
    {.bitmap_index = 58004, .adv_w = 320, .box_w = 16, .box_h = 17, .ofs_x = 2, .ofs_y = -1},
    {.bitmap_index = 58140, .adv_w = 320, .box_w = 10, .box_h = 17, .ofs_x = 0, .ofs_y = -1},
    {.bitmap_index = 58225, .adv_w = 320, .box_w = 18, .box_h = 19, .ofs_x = 1, .ofs_y = -2},
    {.bitmap_index = 58396, .adv_w = 320, .box_w = 15, .box_h = 15, .ofs_x = 2, .ofs_y = 0},
    {.bitmap_index = 58509, .adv_w = 320, .box_w = 13, .box_h = 15, .ofs_x = 4, .ofs_y = 0},
    {.bitmap_index = 58607, .adv_w = 320, .box_w = 13, .box_h = 16, .ofs_x = 4, .ofs_y = -1},
    {.bitmap_index = 58711, .adv_w = 320, .box_w = 13, .box_h = 15, .ofs_x = 4, .ofs_y = 0},
    {.bitmap_index = 58809, .adv_w = 320, .box_w = 11, .box_h = 15, .ofs_x = 5, .ofs_y = 0},
    {.bitmap_index = 58892, .adv_w = 320, .box_w = 11, .box_h = 15, .ofs_x = 5, .ofs_y = 0},
    {.bitmap_index = 58975, .adv_w = 320, .box_w = 14, .box_h = 17, .ofs_x = 3, .ofs_y = -1},
    {.bitmap_index = 59094, .adv_w = 320, .box_w = 14, .box_h = 15, .ofs_x = 3, .ofs_y = 0},
    {.bitmap_index = 59199, .adv_w = 320, .box_w = 12, .box_h = 15, .ofs_x = 4, .ofs_y = 0},
    {.bitmap_index = 59289, .adv_w = 320, .box_w = 11, .box_h = 16, .ofs_x = 4, .ofs_y = -1},
    {.bitmap_index = 59377, .adv_w = 320, .box_w = 14, .box_h = 15, .ofs_x = 4, .ofs_y = 0},
    {.bitmap_index = 59482, .adv_w = 320, .box_w = 11, .box_h = 15, .ofs_x = 5, .ofs_y = 0},
    {.bitmap_index = 59565, .adv_w = 320, .box_w = 16, .box_h = 15, .ofs_x = 2, .ofs_y = 0},
    {.bitmap_index = 59685, .adv_w = 320, .box_w = 14, .box_h = 15, .ofs_x = 3, .ofs_y = 0},
    {.bitmap_index = 59790, .adv_w = 320, .box_w = 16, .box_h = 16, .ofs_x = 2, .ofs_y = -1},
    {.bitmap_index = 59918, .adv_w = 320, .box_w = 13, .box_h = 15, .ofs_x = 4, .ofs_y = 0},
    {.bitmap_index = 60016, .adv_w = 320, .box_w = 16, .box_h = 20, .ofs_x = 2, .ofs_y = -4},
    {.bitmap_index = 60176, .adv_w = 320, .box_w = 13, .box_h = 15, .ofs_x = 4, .ofs_y = 0},
    {.bitmap_index = 60274, .adv_w = 320, .box_w = 12, .box_h = 17, .ofs_x = 4, .ofs_y = -1},
    {.bitmap_index = 60376, .adv_w = 320, .box_w = 14, .box_h = 15, .ofs_x = 3, .ofs_y = 0},
    {.bitmap_index = 60481, .adv_w = 320, .box_w = 14, .box_h = 16, .ofs_x = 3, .ofs_y = -1},
    {.bitmap_index = 60593, .adv_w = 320, .box_w = 14, .box_h = 15, .ofs_x = 3, .ofs_y = 0},
    {.bitmap_index = 60698, .adv_w = 320, .box_w = 20, .box_h = 15, .ofs_x = 0, .ofs_y = 0},
    {.bitmap_index = 60848, .adv_w = 320, .box_w = 14, .box_h = 15, .ofs_x = 3, .ofs_y = 0},
    {.bitmap_index = 60953, .adv_w = 320, .box_w = 14, .box_h = 15, .ofs_x = 3, .ofs_y = 0},
    {.bitmap_index = 61058, .adv_w = 320, .box_w = 12, .box_h = 15, .ofs_x = 4, .ofs_y = 0},
    {.bitmap_index = 61148, .adv_w = 320, .box_w = 6, .box_h = 19, .ofs_x = 14, .ofs_y = -2},
    {.bitmap_index = 61205, .adv_w = 320, .box_w = 20, .box_h = 19, .ofs_x = 0, .ofs_y = -2},
    {.bitmap_index = 61395, .adv_w = 320, .box_w = 6, .box_h = 19, .ofs_x = 0, .ofs_y = -2},
    {.bitmap_index = 61452, .adv_w = 320, .box_w = 8, .box_h = 3, .ofs_x = 6, .ofs_y = 16},
    {.bitmap_index = 61464, .adv_w = 320, .box_w = 20, .box_h = 2, .ofs_x = 0, .ofs_y = -3},
    {.bitmap_index = 61484, .adv_w = 320, .box_w = 6, .box_h = 3, .ofs_x = 6, .ofs_y = 16},
    {.bitmap_index = 61493, .adv_w = 320, .box_w = 11, .box_h = 13, .ofs_x = 4, .ofs_y = -1},
    {.bitmap_index = 61565, .adv_w = 320, .box_w = 12, .box_h = 17, .ofs_x = 4, .ofs_y = -1},
    {.bitmap_index = 61667, .adv_w = 320, .box_w = 12, .box_h = 13, .ofs_x = 4, .ofs_y = -1},
    {.bitmap_index = 61745, .adv_w = 320, .box_w = 12, .box_h = 17, .ofs_x = 4, .ofs_y = -1},
    {.bitmap_index = 61847, .adv_w = 320, .box_w = 12, .box_h = 13, .ofs_x = 4, .ofs_y = -1},
    {.bitmap_index = 61925, .adv_w = 320, .box_w = 12, .box_h = 17, .ofs_x = 5, .ofs_y = 0},
    {.bitmap_index = 62027, .adv_w = 320, .box_w = 12, .box_h = 17, .ofs_x = 4, .ofs_y = -5},
    {.bitmap_index = 62129, .adv_w = 320, .box_w = 11, .box_h = 16, .ofs_x = 5, .ofs_y = 0},
    {.bitmap_index = 62217, .adv_w = 320, .box_w = 4, .box_h = 17, .ofs_x = 8, .ofs_y = 0},
    {.bitmap_index = 62251, .adv_w = 320, .box_w = 12, .box_h = 16, .ofs_x = 5, .ofs_y = 0},
    {.bitmap_index = 62347, .adv_w = 320, .box_w = 8, .box_h = 18, .ofs_x = 8, .ofs_y = -1},
    {.bitmap_index = 62419, .adv_w = 320, .box_w = 18, .box_h = 12, .ofs_x = 1, .ofs_y = 0},
    {.bitmap_index = 62527, .adv_w = 320, .box_w = 12, .box_h = 12, .ofs_x = 4, .ofs_y = 0},
    {.bitmap_index = 62599, .adv_w = 320, .box_w = 12, .box_h = 13, .ofs_x = 4, .ofs_y = -1},
    {.bitmap_index = 62677, .adv_w = 320, .box_w = 12, .box_h = 17, .ofs_x = 4, .ofs_y = -5},
    {.bitmap_index = 62779, .adv_w = 320, .box_w = 12, .box_h = 17, .ofs_x = 4, .ofs_y = -5},
    {.bitmap_index = 62881, .adv_w = 320, .box_w = 10, .box_h = 12, .ofs_x = 6, .ofs_y = 0},
    {.bitmap_index = 62941, .adv_w = 320, .box_w = 12, .box_h = 13, .ofs_x = 4, .ofs_y = -1},
    {.bitmap_index = 63019, .adv_w = 320, .box_w = 12, .box_h = 16, .ofs_x = 4, .ofs_y = -1},
    {.bitmap_index = 63115, .adv_w = 320, .box_w = 11, .box_h = 13, .ofs_x = 4, .ofs_y = -1},
    {.bitmap_index = 63187, .adv_w = 320, .box_w = 12, .box_h = 12, .ofs_x = 4, .ofs_y = 0},
    {.bitmap_index = 63259, .adv_w = 320, .box_w = 18, .box_h = 12, .ofs_x = 1, .ofs_y = 0},
    {.bitmap_index = 63367, .adv_w = 320, .box_w = 12, .box_h = 12, .ofs_x = 4, .ofs_y = 0},
    {.bitmap_index = 63439, .adv_w = 320, .box_w = 12, .box_h = 16, .ofs_x = 4, .ofs_y = -5},
    {.bitmap_index = 63535, .adv_w = 320, .box_w = 7, .box_h = 20, .ofs_x = 13, .ofs_y = -2},
    {.bitmap_index = 63605, .adv_w = 320, .box_w = 2, .box_h = 21, .ofs_x = 9, .ofs_y = -3},
    {.bitmap_index = 63626, .adv_w = 320, .box_w = 7, .box_h = 20, .ofs_x = 0, .ofs_y = -2},
    {.bitmap_index = 63696, .adv_w = 320, .box_w = 20, .box_h = 7, .ofs_x = 0, .ofs_y = 4}
};

/*---------------------
 *  CHARACTER MAPPING
 *--------------------*/

static const uint16_t unicode_list_1[] = {
    0x0, 0x27, 0x1f63, 0x1f64, 0x1f68, 0x1f69, 0x1f6c, 0x1f6d,
    0x1f76, 0x2f51, 0x2f52, 0x2f5a, 0x2f5b, 0x4d59, 0x4d5d, 0x4d74,
    0x4d7a, 0x4d7d, 0x4d8a, 0x4d8b, 0x4d98, 0x4da0, 0x4ddb, 0x4ddc,
    0x4dde, 0x4de1, 0x4de2, 0x4df4, 0x4dfe, 0x4e0a, 0x4e10, 0x4e15,
    0x4e1a, 0x4e35, 0x4e46, 0x4e4b, 0x4e9d, 0x4e9e, 0x4ea3, 0x4ea5,
    0x4ea9, 0x4eac, 0x4eb0, 0x4ef7, 0x4f8c, 0x4fb5, 0x5093, 0x509b,
    0x50b8, 0x50c3, 0x50d5, 0x514b, 0x5156, 0x5157, 0x5167, 0x5169,
    0x518b, 0x51ba, 0x51bf, 0x51f8, 0x5266, 0x528a, 0x52a5, 0x52b1,
    0x52c0, 0x5312, 0x531d, 0x5328, 0x5330, 0x533a, 0x533f, 0x5343,
    0x5354, 0x53b8, 0x562b, 0x562e, 0x564e, 0x5656, 0x5678, 0x56a7,
    0x572f, 0x5840, 0x585d, 0x586a, 0x5877, 0x5879, 0x5884, 0x58cd,
    0x5aa0, 0x5aa7, 0x5ad9, 0x5b09, 0x5b0d, 0x5b48, 0x5b49, 0x5b5f,
    0x5b8a, 0x5b90, 0x5b92, 0x5b95, 0x5b9f, 0x5bc1, 0x5d36, 0x5d42,
    0x5d53, 0x5d77, 0x5d7e, 0x5da5, 0x5ddf, 0x5de4, 0x5de5, 0x5df6,
    0x5e07, 0x5e50, 0x5e89, 0x5e8a, 0x5eb2, 0x5ed4, 0x5efa, 0x5f13,
    0x5f15, 0x5f51, 0x5f5e, 0x5f8b, 0x5fbf, 0x6166, 0x6190, 0x619b,
    0x622f, 0x6257, 0x6259, 0x62b2, 0x62be, 0x62f5, 0x62f7, 0x6486,
    0x648e, 0x6498, 0x64c0, 0x64d7, 0x6530, 0x6535, 0x6537, 0x6546,
    0x656f, 0x658e, 0x65bf, 0x65c4, 0x6650, 0x6658, 0x6659, 0x667c,
    0x668a, 0x6757, 0x6787, 0x678c, 0x67b3, 0x6971, 0x6a71, 0x6ab3,
    0x6ab5, 0x6b1f, 0x6b64, 0x6b84, 0x6b97, 0x6bb0, 0x6c32, 0x6c8b,
    0x6cd8, 0x6d41, 0x6d60, 0x6d79, 0x6e21, 0x6e44, 0x6fc0, 0x7009,
    0x70b7, 0x7197, 0x7198, 0x71a9, 0x72d7, 0x72ff, 0x7478, 0x7485,
    0x748b, 0x75cd, 0x75d4, 0x7628, 0x763e, 0x7644, 0x7670, 0x76b1,
    0x788a, 0x791d, 0x7922, 0x7a7c, 0x7ace, 0x7afd, 0x7bd9, 0x7c4b,
    0x7c70, 0x7c7b, 0x7df2, 0x7df7, 0x7e2f, 0x7e4f, 0x7ea1, 0x7ebe,
    0x7f53, 0x7f9a, 0x801c, 0x806a, 0x813a, 0x81c2, 0x838d, 0x842d,
    0x879c, 0x87b8, 0x8811, 0x8815, 0x8914, 0x8916, 0x8919, 0x8922,
    0x8936, 0x8af1, 0x8b0e, 0x8b53, 0x8c84, 0x8cc7, 0x8cd5, 0x8d21,
    0x8d2d, 0x8dfb, 0x8ec4, 0x8f09, 0x8f24, 0x8f2b, 0x8f2e, 0x8f60,
    0x9038, 0x9121, 0x93d8, 0x93ef, 0x93fe, 0x944e, 0x947e, 0x953d,
    0x9544, 0x9584, 0x9585, 0x9594, 0x9616, 0x9638, 0x963a, 0x9647,
    0x964e, 0x96a2, 0x96a9, 0x9743, 0x97c5, 0x97c6, 0x97c9, 0x97ca,
    0x97cb, 0x97e8, 0x981e, 0x98c0, 0x98d8, 0x9a28, 0x9df6, 0x9e14,
    0x9e21, 0x9ea0
};

/*Collect the unicode lists and glyph_id offsets*/
static const lv_font_fmt_txt_cmap_t cmaps[] =
{
    {
        .range_start = 32, .range_length = 95, .glyph_id_start = 1,
        .unicode_list = NULL, .glyph_id_ofs_list = NULL, .list_length = 0, .type = LV_FONT_FMT_TXT_CMAP_FORMAT0_TINY
    },
    {
        .range_start = 176, .range_length = 40609, .glyph_id_start = 96,
        .unicode_list = unicode_list_1, .glyph_id_ofs_list = NULL, .list_length = 274, .type = LV_FONT_FMT_TXT_CMAP_SPARSE_TINY
    },
    {
        .range_start = 65281, .range_length = 73, .glyph_id_start = 370,
        .unicode_list = NULL, .glyph_id_ofs_list = NULL, .list_length = 0, .type = LV_FONT_FMT_TXT_CMAP_FORMAT0_TINY
    },
    {
        .range_start = 65355, .range_length = 15, .glyph_id_start = 443,
        .unicode_list = NULL, .glyph_id_ofs_list = NULL, .list_length = 0, .type = LV_FONT_FMT_TXT_CMAP_FORMAT0_TINY
    },
    {
        .range_start = 65371, .range_length = 4, .glyph_id_start = 458,
        .unicode_list = NULL, .glyph_id_ofs_list = NULL, .list_length = 0, .type = LV_FONT_FMT_TXT_CMAP_FORMAT0_TINY
    }
};

/*-----------------
 *    KERNING
 *----------------*/


/*Map glyph_ids to kern left classes*/
static const uint8_t kern_left_class_mapping[] =
{
    0, 0, 0, 1, 0, 0, 0, 0,
    1, 2, 0, 0, 0, 3, 4, 3,
    5, 0, 0, 0, 0, 0, 0, 0,
    0, 0, 0, 6, 6, 0, 0, 0,
    0, 0, 7, 8, 9, 10, 11, 12,
    13, 0, 0, 14, 15, 16, 0, 0,
    10, 17, 10, 18, 19, 20, 21, 22,
    23, 24, 25, 26, 2, 27, 0, 0,
    0, 0, 28, 29, 30, 0, 31, 32,
    33, 34, 0, 0, 35, 36, 34, 34,
    29, 29, 37, 38, 39, 40, 37, 41,
    42, 43, 44, 45, 2, 0, 0, 0,
    0, 0, 4, 4, 0, 0, 0, 0,
    0, 0, 0, 0, 0, 0, 0, 0,
    0, 0, 0, 0, 0, 0, 0, 0,
    0, 0, 0, 0, 0, 0, 0, 0,
    0, 0, 0, 0, 0, 0, 0, 0,
    0, 0, 0, 0, 0, 0, 0, 0,
    0, 0, 0, 0, 0, 0, 0, 0,
    0, 0, 0, 0, 0, 0, 0, 0,
    0, 0, 0, 0, 0, 0, 0, 0,
    0, 0, 0, 0, 0, 0, 0, 0,
    0, 0, 0, 0, 0, 0, 0, 0,
    0, 0, 0, 0, 0, 0, 0, 0,
    0, 0, 0, 0, 0, 0, 0, 0,
    0, 0, 0, 0, 0, 0, 0, 0,
    0, 0, 0, 0, 0, 0, 0, 0,
    0, 0, 0, 0, 0, 0, 0, 0,
    0, 0, 0, 0, 0, 0, 0, 0,
    0, 0, 0, 0, 0, 0, 0, 0,
    0, 0, 0, 0, 0, 0, 0, 0,
    0, 0, 0, 0, 0, 0, 0, 0,
    0, 0, 0, 0, 0, 0, 0, 0,
    0, 0, 0, 0, 0, 0, 0, 0,
    0, 0, 0, 0, 0, 0, 0, 0,
    0, 0, 0, 0, 0, 0, 0, 0,
    0, 0, 0, 0, 0, 0, 0, 0,
    0, 0, 0, 0, 0, 0, 0, 0,
    0, 0, 0, 0, 0, 0, 0, 0,
    0, 0, 0, 0, 0, 0, 0, 0,
    0, 0, 0, 0, 0, 0, 0, 0,
    0, 0, 0, 0, 0, 0, 0, 0,
    0, 0, 0, 0, 0, 0, 0, 0,
    0, 0, 0, 0, 0, 0, 0, 0,
    0, 0, 0, 0, 0, 0, 0, 0,
    0, 0, 0, 0, 0, 0, 0, 0,
    0, 0, 0, 0, 0, 0, 0, 0,
    0, 0, 0, 0, 0, 0, 0, 0,
    0, 0, 0, 0, 0, 0, 0, 0,
    0, 0, 0, 0, 0, 0, 0, 0,
    0, 0, 0, 0, 0, 0, 0, 0,
    0, 0, 0, 0, 0, 0, 0, 0,
    0, 0, 0, 0, 0, 0, 0, 0,
    0, 0, 0, 0, 0, 0, 0, 0,
    0, 0, 0, 0, 0, 0, 0, 0,
    0, 0, 0, 0, 0, 0, 0, 0,
    0, 0, 0, 0, 0, 0, 0, 0,
    0, 0, 0, 0, 0, 0
};

/*Map glyph_ids to kern right classes*/
static const uint8_t kern_right_class_mapping[] =
{
    0, 0, 1, 2, 0, 0, 0, 0,
    2, 0, 3, 4, 0, 5, 6, 7,
    8, 0, 0, 0, 0, 0, 0, 0,
    0, 0, 0, 9, 10, 0, 0, 0,
    11, 0, 12, 0, 13, 0, 0, 0,
    13, 0, 0, 14, 0, 0, 0, 0,
    13, 0, 13, 0, 15, 16, 17, 18,
    19, 20, 21, 22, 0, 23, 3, 0,
    0, 0, 24, 0, 25, 25, 25, 26,
    27, 0, 28, 29, 0, 0, 30, 30,
    25, 30, 25, 30, 31, 32, 33, 34,
    35, 36, 37, 38, 0, 0, 3, 0,
    0, 0, 6, 6, 0, 0, 0, 0,
    0, 0, 0, 0, 0, 0, 0, 0,
    0, 0, 0, 0, 0, 0, 0, 0,
    0, 0, 0, 0, 0, 0, 0, 0,
    0, 0, 0, 0, 0, 0, 0, 0,
    0, 0, 0, 0, 0, 0, 0, 0,
    0, 0, 0, 0, 0, 0, 0, 0,
    0, 0, 0, 0, 0, 0, 0, 0,
    0, 0, 0, 0, 0, 0, 0, 0,
    0, 0, 0, 0, 0, 0, 0, 0,
    0, 0, 0, 0, 0, 0, 0, 0,
    0, 0, 0, 0, 0, 0, 0, 0,
    0, 0, 0, 0, 0, 0, 0, 0,
    0, 0, 0, 0, 0, 0, 0, 0,
    0, 0, 0, 0, 0, 0, 0, 0,
    0, 0, 0, 0, 0, 0, 0, 0,
    0, 0, 0, 0, 0, 0, 0, 0,
    0, 0, 0, 0, 0, 0, 0, 0,
    0, 0, 0, 0, 0, 0, 0, 0,
    0, 0, 0, 0, 0, 0, 0, 0,
    0, 0, 0, 0, 0, 0, 0, 0,
    0, 0, 0, 0, 0, 0, 0, 0,
    0, 0, 0, 0, 0, 0, 0, 0,
    0, 0, 0, 0, 0, 0, 0, 0,
    0, 0, 0, 0, 0, 0, 0, 0,
    0, 0, 0, 0, 0, 0, 0, 0,
    0, 0, 0, 0, 0, 0, 0, 0,
    0, 0, 0, 0, 0, 0, 0, 0,
    0, 0, 0, 0, 0, 0, 0, 0,
    0, 0, 0, 0, 0, 0, 0, 0,
    0, 0, 0, 0, 0, 0, 0, 0,
    0, 0, 0, 0, 0, 0, 0, 0,
    0, 0, 0, 0, 0, 0, 0, 0,
    0, 0, 0, 0, 0, 0, 0, 0,
    0, 0, 0, 0, 0, 0, 0, 0,
    0, 0, 0, 0, 0, 0, 0, 0,
    0, 0, 0, 0, 0, 0, 0, 0,
    0, 0, 0, 0, 0, 0, 0, 0,
    0, 0, 0, 0, 0, 0, 0, 0,
    0, 0, 0, 0, 0, 0, 0, 0,
    0, 0, 0, 0, 0, 0, 0, 0,
    0, 0, 0, 0, 0, 0, 0, 0,
    0, 0, 0, 0, 0, 0, 0, 0,
    0, 0, 0, 0, 0, 0, 0, 0,
    0, 0, 0, 0, 0, 0, 0, 0,
    0, 0, 0, 0, 0, 0
};

/*Kern values between classes*/
static const int8_t kern_class_values[] =
{
    0, 0, 0, 0, -44, 0, -44, 0,
    0, 0, 0, -23, 0, -37, -5, 0,
    0, 0, 0, -5, 0, 0, 0, 0,
    -11, 0, 0, 0, 0, 0, -8, 0,
    0, 0, 0, 0, 0, 0, 0, 0,
    0, 0, 0, 0, 0, 0, 0, 0,
    0, 0, 0, -8, 0, 0, 0, 0,
    0, 0, 0, 0, 0, 0, 0, 0,
    0, 0, 28, 0, 0, 0, 0, 0,
    0, 0, 0, 0, 0, -39, 0, -54,
    0, 0, 0, 0, 0, 0, 0, 0,
    0, 0, 0, -37, -9, -26, -14, 0,
    -37, 0, 0, 0, -5, 0, 0, 0,
    9, 0, 0, -20, 0, -16, -11, 0,
    -8, 0, 0, 0, 0, 0, 0, 0,
    0, 0, 0, 0, 0, 0, 0, -8,
    -9, -19, 0, -8, -5, -12, -26, -8,
    0, 0, 0, 0, 0, 0, 0, 0,
    0, -10, 0, -5, 0, -7, 0, 0,
    0, 0, 0, 0, 0, 0, 0, 0,
    0, 0, 0, -16, -5, -30, 0, 0,
    0, 0, 0, 0, 0, 0, 0, -10,
    -11, 0, -5, 6, 6, 0, 0, 0,
    -8, 0, 0, 0, 0, 0, 0, 0,
    0, -17, 0, 0, 0, 0, 0, 0,
    0, 0, 0, 0, 0, 0, 0, 0,
    0, 0, -12, 0, 0, 0, 0, 0,
    0, 0, 0, 0, 0, 0, 0, 0,
    0, 0, 0, 0, 0, -23, 0, -34,
    0, 0, 0, 0, 0, 0, -12, -3,
    -5, 0, 0, -23, -7, -7, 0, -1,
    -7, -3, -16, 6, 0, -5, 0, 0,
    0, 0, 6, -7, -3, -5, -3, -3,
    -5, 0, 0, 0, 0, -12, 0, 0,
    0, 0, 0, 0, 0, 0, 0, -7,
    -7, -10, 0, -4, -3, -3, -7, -3,
    0, 0, 0, 0, 0, 0, 0, 0,
    0, -5, 0, -7, -5, -5, -7, 0,
    0, 0, 0, 0, 0, -12, 0, 0,
    0, 0, 0, 0, -12, -5, -10, -7,
    -7, -3, -3, -3, -5, -5, 0, 0,
    0, 0, -8, 0, 0, 0, 0, -12,
    -5, -7, -5, 0, -7, 0, 0, 0,
    0, -12, 0, 0, 0, -7, 0, 0,
    0, -5, 0, -17, 0, -10, 0, -5,
    -3, -9, -8, -8, 0, 0, 0, 0,
    0, 0, 0, 0, 0, 0, 0, 0,
    0, -7, 0, -5, 0, 0, 0, 0,
    0, 0, 0, 0, 0, 0, 0, 0,
    0, 0, 0, 0, 0, 0, 0, 0,
    0, 0, 0, 0, -5, 0, 0, 0,
    0, 0, 0, -10, 0, -5, 0, -14,
    -5, 0, 0, 0, 0, 0, -29, 0,
    -29, -24, 0, 0, 0, -15, -5, -51,
    -9, 0, 0, -1, -1, -10, -3, -12,
    0, -14, -7, 0, -10, 0, 0, -8,
    -9, -5, -7, -10, -8, -12, -8, -14,
    0, 0, 0, -11, 0, 0, 0, 0,
    0, 0, 0, -3, 0, 0, 0, -8,
    0, -7, -3, 0, 0, 0, 0, 0,
    0, 0, 0, 0, 0, 0, 0, 0,
    0, 0, 0, 0, 0, 0, 0, 0,
    0, 0, -10, 0, -10, 0, 0, 0,
    0, 0, 0, -16, 0, 0, 0, 0,
    0, 0, 0, 0, 0, 0, 0, 0,
    0, 0, 0, 0, 0, 0, 0, 0,
    0, 0, 0, 0, 0, -11, 0, -16,
    0, -14, 0, 0, 0, 0, -5, -5,
    -9, 0, -6, -9, -7, -6, -5, 0,
    -8, 0, 0, 0, -5, 0, 0, 0,
    -5, 0, 0, -15, -6, -10, -8, -8,
    -10, -7, 0, -38, 0, -58, 0, -20,
    0, 0, 0, 0, -15, -1, -12, 0,
    -10, -44, -12, -29, -22, 0, -30, 0,
    -30, 0, -6, -7, -3, 0, 0, 0,
    0, -9, -5, -16, -14, 0, -16, 0,
    0, 0, 0, 0, -44, -12, -44, -27,
    0, 0, 0, -19, 0, -53, -5, -9,
    0, 0, 0, -10, -5, -28, 0, -16,
    -10, 0, -11, 0, 0, 0, -5, 0,
    0, 0, 0, -7, 0, -8, 0, 0,
    0, -5, 0, -11, 0, 0, 0, 0,
    0, -3, 0, -7, -6, -7, 0, -1,
    0, -3, -3, -5, 0, -3, -5, 0,
    -3, 0, 0, 0, 0, 0, 0, 0,
    0, -5, 0, -5, 0, 0, 0, -7,
    0, 4, 0, 0, 0, 0, 0, 0,
    0, -7, -7, -8, 0, 0, 0, 0,
    -7, 0, 0, 0, 0, 0, 0, 0,
    0, 0, 0, -10, 0, 0, 0, 0,
    0, -3, 0, 0, 0, 0, -40, -26,
    -40, -32, -8, -8, 0, -16, -10, -46,
    -14, 0, 0, 0, 0, -8, -7, -20,
    0, -26, -26, -7, -26, 0, 0, -17,
    -22, -7, -17, -12, -12, -14, -12, -27,
    0, 0, 0, 0, -8, 0, -8, -11,
    0, 0, 0, -7, 0, -19, -5, 0,
    0, -3, 0, -5, -7, 0, 0, -3,
    0, 0, -5, 0, 0, 0, -3, 0,
    0, 0, 0, -5, 0, 0, 0, 0,
    0, 0, -26, -8, -26, -16, 0, 0,
    0, -7, -5, -26, -5, 0, -5, 2,
    0, 0, 0, -8, 0, -11, -7, 0,
    -9, 0, 0, -8, -6, 0, -12, -5,
    -5, -7, -5, -10, 0, 0, 0, 0,
    -14, -5, -14, -10, 0, 0, 0, 0,
    -3, -23, -3, 0, 0, 0, 0, 0,
    0, -3, 0, -7, 0, 0, -5, 0,
    0, 0, 0, 0, 0, 0, 0, 0,
    0, -5, 0, -5, 0, -5, 0, -12,
    0, 0, 0, 0, 0, -1, -9, -3,
    -7, -8, -5, 0, 0, 0, 0, 0,
    0, -5, -5, -8, 0, 0, 0, 0,
    0, -8, -5, -8, -7, -5, -8, -7,
    0, 0, 0, 0, -36, -26, -36, -23,
    -12, -12, -5, -7, -7, -37, -7, -7,
    -5, 0, 0, 0, 0, -10, 0, -27,
    -18, 0, -23, 0, 0, -16, -18, -14,
    -14, -7, -10, -14, -7, -19, 0, 0,
    0, 0, 0, -12, 0, 0, 0, 0,
    0, -3, -8, -12, -12, 0, -5, -3,
    -3, 0, -7, -7, 0, -7, -8, -8,
    -6, 0, 0, 0, 0, -7, -9, -7,
    -7, -10, -7, 0, 0, 0, 0, 0,
    0, 0, 0, 0, 0, 0, 0, 0,
    0, 0, 0, -30, -11, -19, -11, 0,
    -26, 0, 0, 0, 0, 0, 10, 0,
    24, 0, 0, 0, 0, -8, -5, 0,
    2, 0, 0, 0, 0, -20, 0, 0,
    0, 0, 0, 0, -8, 0, 0, 0,
    0, -10, 0, -8, -3, 0, -10, 0,
    0, 0, 0, 0, 0, 0, 0, 0,
    0, -7, 0, 0, 0, 0, 0, 0,
    0, -11, 0, -9, -5, 0, -5, 0,
    0, 0, -8, 0, 0, 0, 0, -22,
    0, -8, 0, -3, -19, 0, -12, -6,
    0, -2, 0, 0, 0, 0, -2, -9,
    0, -3, -3, -9, -3, -4, 0, 0,
    0, 0, 0, -10, 0, 0, 0, 0,
    0, 0, 0, 0, 0, -8, 0, -7,
    0, 0, -10, 0, 0, -5, -10, 0,
    -5, 0, 0, 0, 0, -5, 0, 0,
    0, 0, 0, 0, 0, 0, 0, -12,
    0, 2, 0, 0, 0, 0, -5, 0,
    0, -8, -8, -10, 0, -8, -5, 0,
    -12, 0, -10, -6, 0, -2, -5, 0,
    0, 0, 0, -5, 0, -1, -1, -5,
    -1, -2, 3, 13, 15, 0, -21, -7,
    -21, -5, 0, 0, 8, 0, 0, 0,
    0, 15, 0, 22, 15, 10, 19, 0,
    18, -8, -5, 0, -6, 0, -5, 0,
    -3, 0, 0, 2, 0, -3, 0, -7,
    0, 0, 3, -12, 0, 0, 0, 14,
    0, 0, -15, 0, 0, 0, 0, -12,
    0, 0, 0, 0, -7, 0, 0, -7,
    -7, 0, 0, 0, 13, 0, 0, 0,
    0, -3, -3, 0, 3, -7, 0, 0,
    0, -12, 0, 0, 0, 0, 0, 0,
    -5, 0, 0, 0, 0, -10, 0, -5,
    0, 0, -8, 0, 0, 0, 0, 0,
    0, 0, 0, 0, 0, 0, 0, 0,
    0, 0, 0, 0, 0, 0, 0, -9,
    2, -20, 2, 0, 2, 2, -8, 0,
    0, 0, 0, -16, 0, 0, 0, 0,
    -6, 0, 0, -5, -9, 0, -5, 0,
    -5, 0, 0, -11, -7, 0, 0, -5,
    0, -5, 0, 0, 0, 0, 0, 0,
    0, 0, 0, 0, 0, 0, 0, 0,
    0, 0, 0, 0, 0, 0, 0, 0,
    0, 0, 0, 0, 0, 0, 2, 0,
    0, 0, 0, 0, 0, 0, 0, 0,
    0, 0, 0, -9, 0, 0, 0, 0,
    0, 0, 0, 0, 0, 0, 0, -8,
    0, -7, 0, 0, -12, 0, 0, 0,
    0, 0, 0, 0, 0, 0, 0, 0,
    0, 0, 0, 0, 0, 0, 0, 0,
    0, 0, -25, -10, -25, -12, 6, 6,
    0, -7, 0, -23, 0, 0, 0, 0,
    0, 0, 0, -5, 2, -10, -5, 0,
    -5, 0, 0, 0, -3, 0, 0, 6,
    4, 0, 6, -3, 0, 0, 0, -17,
    0, 2, 0, 0, 0, 0, -7, 0,
    0, 0, 0, -10, 0, -5, 0, 0,
    -8, 0, 0, 0, 0, 0, 0, 0,
    0, 0, 0, -8, 0, 0, 0, 0,
    0, 0, 0, 0, 0, 0, -1, -12,
    -1, 1, 3, 3, -12, 0, 0, 0,
    0, -7, 0, 0, 0, 0, -3, 0,
    0, -9, -7, 0, -5, 0, 0, 0,
    -5, -8, 0, 0, 0, -7, 0, 0,
    0, 0, 0, -5, -16, -5, -16, -8,
    0, 0, 0, -5, 0, -16, 0, -8,
    0, -5, 0, 0, -7, -5, 0, -8,
    -3, 0, 0, 0, -5, 0, 0, 0,
    0, 0, 0, 0, 0, -10, 0, 0,
    0, -5, -20, 0, -20, -3, 0, 0,
    0, -3, 0, -12, 0, -10, 0, -5,
    0, -7, -10, 0, 0, -5, -3, 0,
    0, 0, -5, 0, 0, 0, 0, 0,
    0, 0, 0, -9, -7, 0, 0, -9,
    2, -7, -5, 0, 0, 2, 0, 0,
    -5, 0, -3, -12, 0, -7, 0, -5,
    -14, 0, 0, -5, -9, 0, 0, 0,
    0, 0, 0, -10, 0, 0, 0, 0,
    -3, 0, 0, 0, 0, 0, -16, 0,
    -16, -5, 0, 0, 0, 0, 0, -16,
    0, -8, 0, -3, 0, -3, -5, 0,
    0, -8, -3, 0, 0, 0, -5, 0,
    0, 0, 0, 0, 0, -7, 0, -10,
    0, 0, 0, 0, 0, -8, 0, 0,
    0, 0, 0, 0, 0, 0, 0, -10,
    0, 0, 0, 0, -11, 0, 0, -9,
    -5, 0, -3, 0, 0, 0, 0, 0,
    -5, -3, 0, 0, -3, 0
};


/*Collect the kern class' data in one place*/
static const lv_font_fmt_txt_kern_classes_t kern_classes =
{
    .class_pair_values   = kern_class_values,
    .left_class_mapping  = kern_left_class_mapping,
    .right_class_mapping = kern_right_class_mapping,
    .left_class_cnt      = 45,
    .right_class_cnt     = 38,
};

/*--------------------
 *  ALL CUSTOM DATA
 *--------------------*/

#if LVGL_VERSION_MAJOR == 8
/*Store all the custom data of the font*/
static  lv_font_fmt_txt_glyph_cache_t cache;
#endif

#if LVGL_VERSION_MAJOR >= 8
static const lv_font_fmt_txt_dsc_t font_dsc = {
#else
static lv_font_fmt_txt_dsc_t font_dsc = {
#endif
    .glyph_bitmap = glyph_bitmap,
    .glyph_dsc = glyph_dsc,
    .cmaps = cmaps,
    .kern_dsc = &kern_classes,
    .kern_scale = 16,
    .cmap_num = 5,
    .bpp = 4,
    .kern_classes = 1,
    .bitmap_format = 0,
#if LVGL_VERSION_MAJOR == 8
    .cache = &cache
#endif
};



/*-----------------
 *  PUBLIC FONT
 *----------------*/

/*Initialize a public general font descriptor*/
#if LVGL_VERSION_MAJOR >= 8
const lv_font_t ui_font_Title20 = {
#else
lv_font_t ui_font_Title20 = {
#endif
    .get_glyph_dsc = lv_font_get_glyph_dsc_fmt_txt,    /*Function pointer to get glyph's data*/
    .get_glyph_bitmap = lv_font_get_bitmap_fmt_txt,    /*Function pointer to get glyph's bitmap*/
    .line_height = 24,          /*The maximum line height required by the font*/
    .base_line = 5,             /*Baseline measured from the bottom of the line*/
#if !(LVGL_VERSION_MAJOR == 6 && LVGL_VERSION_MINOR == 0)
    .subpx = LV_FONT_SUBPX_NONE,
#endif
#if LV_VERSION_CHECK(7, 4, 0) || LVGL_VERSION_MAJOR >= 8
    .underline_position = -2,
    .underline_thickness = 1,
#endif
    .dsc = &font_dsc,          /*The custom font data. Will be accessed by `get_glyph_bitmap/dsc` */
#if LV_VERSION_CHECK(8, 2, 0) || LVGL_VERSION_MAJOR >= 9
    .fallback = NULL,
#endif
    .user_data = NULL,
};



#endif /*#if UI_FONT_TITLE20*/

